candidate_id,title_after_ingestion,source_group_title,source_page,evidence_type_label,actual_media_sha256,extracted_path,dedup_disposition,dedup_reason,matched_existing_asset_ids,quality,nearest_visual_match,ready_for_database_ingestion
technical-media-0005,泰昌电缆保护管MPP工艺流程知识资料第001项,电缆保护管MPP工艺流程,19,企业证明材料,99db87ea295d372313af2af157652c8408e15dcb2a0409f4d2bfbce008e3ae04,parsed_outputs/power_grid_customer_corpus/customer_taichang_historical_bid_20260713/p1_01_knowledge_assets/泰昌电缆保护管MPP工艺流程知识资料第001项.jpeg,quality_review_required,图片存在空白页、小图或低信息量风险，保留提取文件并转人工复核,[],"{""valid"": true, ""file_size"": 114660, ""width"": 1269, ""height"": 1795, ""gray_mean"": 252.5778, ""gray_stddev"": 12.9686, ""white_ratio"": 0.956436, ""entropy"": 0.7166, ""quality_flags"": [""blank_or_near_blank_page""]}",{},False
technical-media-0006,泰昌电缆保护管CPVC工艺流程知识资料第001项,电缆保护管CPVC工艺流程,22,企业证明材料,009c93d2fbf3f8ef5351b3a2d19ec13a429c99a0b08a7c6abd3725a86b1716b2,parsed_outputs/power_grid_customer_corpus/customer_taichang_historical_bid_20260713/p1_01_knowledge_assets/泰昌电缆保护管CPVC工艺流程知识资料第001项.jpeg,quality_review_required,图片存在空白页、小图或低信息量风险，保留提取文件并转人工复核,[],"{""valid"": true, ""file_size"": 136575, ""width"": 1654, ""height"": 2339, ""gray_mean"": 251.5094, ""gray_stddev"": 15.5473, ""white_ratio"": 0.936905, ""entropy"": 0.9809, ""quality_flags"": [""blank_or_near_blank_page""]}",{},False
technical-media-0007,泰昌各工序控制点工艺文件知识资料第001项,各工序控制点工艺文件,26,生产制造能力,659e82a90ddfc09181a2411f7481e1352f7676985524c37626de319c4038c71f,parsed_outputs/power_grid_customer_corpus/customer_taichang_historical_bid_20260713/p1_01_knowledge_assets/泰昌各工序控制点工艺文件知识资料第001项.jpeg,quality_review_required,图片存在空白页、小图或低信息量风险，保留提取文件并转人工复核,[],"{""valid"": true, ""file_size"": 18280, ""width"": 554, ""height"": 784, ""gray_mean"": 252.5136, ""gray_stddev"": 13.2789, ""white_ratio"": 0.966293, ""entropy"": 1.4839, ""quality_flags"": [""blank_or_near_blank_page"", ""image_file_too_small""]}",{},False
technical-media-0008,泰昌各工序控制点工艺文件知识资料第002项,各工序控制点工艺文件,26,生产制造能力,3f3577ad327c2d683e69ba7ed371fedab3f9fdef2b92868ff56d2883a57951f8,parsed_outputs/power_grid_customer_corpus/customer_taichang_historical_bid_20260713/p1_01_knowledge_assets/泰昌各工序控制点工艺文件知识资料第002项.jpeg,already_ingested,同一批次、同一候选已存在，幂等跳过,"[""8739c492-5a76-42b6-99a8-90ef52342962""]","{""valid"": true, ""file_size"": 33975, ""width"": 554, ""height"": 784, ""gray_mean"": 250.4129, ""gray_stddev"": 16.1428, ""white_ratio"": 0.915665, ""entropy"": 2.0652, ""quality_flags"": []}",{},False
technical-media-0009,泰昌各工序控制点工艺文件知识资料第003项,各工序控制点工艺文件,26,生产制造能力,255bb29290085204e51f7ebde27a64deb12d03a70239f5e64d934d85f4bc1d61,parsed_outputs/power_grid_customer_corpus/customer_taichang_historical_bid_20260713/p1_01_knowledge_assets/泰昌各工序控制点工艺文件知识资料第003项.jpeg,already_ingested,同一批次、同一候选已存在，幂等跳过,"[""53586063-8b53-41ae-ae8e-c2c436a06513""]","{""valid"": true, ""file_size"": 42796, ""width"": 554, ""height"": 784, ""gray_mean"": 249.1231, ""gray_stddev"": 18.3715, ""white_ratio"": 0.890671, ""entropy"": 2.3571, ""quality_flags"": []}",{},False
technical-media-0010,泰昌各工序控制点工艺文件知识资料第004项,各工序控制点工艺文件,26,生产制造能力,2da7e1fc594e3f785a3ca918877e437c3bae136cb3e9815fb3862b946c98b1ed,parsed_outputs/power_grid_customer_corpus/customer_taichang_historical_bid_20260713/p1_01_knowledge_assets/泰昌各工序控制点工艺文件知识资料第004项.jpeg,already_ingested,同一批次、同一候选已存在，幂等跳过,"[""d4ebe096-79d7-4bb3-887b-a67aa5f4a028""]","{""valid"": true, ""file_size"": 65653, ""width"": 554, ""height"": 784, ""gray_mean"": 244.5241, ""gray_stddev"": 24.7271, ""white_ratio"": 0.808609, ""entropy"": 3.0139, ""quality_flags"": []}",{},False
technical-media-0011,泰昌各工序控制点工艺文件知识资料第005项,各工序控制点工艺文件,26,生产制造能力,d0309ee31a5894123432884b38b5e7a0446009883bd3ab936a3d91384433456c,parsed_outputs/power_grid_customer_corpus/customer_taichang_historical_bid_20260713/p1_01_knowledge_assets/泰昌各工序控制点工艺文件知识资料第005项.jpeg,already_ingested,同一批次、同一候选已存在，幂等跳过,"[""707d539c-0722-4a2e-9394-e0f91d3f1fc1""]","{""valid"": true, ""file_size"": 44861, ""width"": 554, ""height"": 784, ""gray_mean"": 248.4739, ""gray_stddev"": 19.6984, ""white_ratio"": 0.882034, ""entropy"": 2.3634, ""quality_flags"": []}",{},False
technical-media-0012,泰昌各工序控制点工艺文件知识资料第006项,各工序控制点工艺文件,26,生产制造能力,2836a61a1f6ac9be97e8e8d19981f32f0878fc0e784524bb7a419aa78856b5ca,parsed_outputs/power_grid_customer_corpus/customer_taichang_historical_bid_20260713/p1_01_knowledge_assets/泰昌各工序控制点工艺文件知识资料第006项.jpeg,already_ingested,同一批次、同一候选已存在，幂等跳过,"[""dd9a59ac-7733-4324-88c6-08e54d25a19e""]","{""valid"": true, ""file_size"": 52260, ""width"": 554, ""height"": 784, ""gray_mean"": 247.3931, ""gray_stddev"": 21.0189, ""white_ratio"": 0.858398, ""entropy"": 2.6073, ""quality_flags"": []}",{},False
technical-media-0013,泰昌各工序控制点工艺文件知识资料第007项,各工序控制点工艺文件,26,生产制造能力,24cd2d27cfea760921ddaa87e11e81f48c3166b402886953abac8d858f2e9158,parsed_outputs/power_grid_customer_corpus/customer_taichang_historical_bid_20260713/p1_01_knowledge_assets/泰昌各工序控制点工艺文件知识资料第007项.jpeg,already_ingested,同一批次、同一候选已存在，幂等跳过,"[""d26b86f1-5fe4-400a-8bc4-bf9899c23d76""]","{""valid"": true, ""file_size"": 57058, ""width"": 554, ""height"": 784, ""gray_mean"": 246.5445, ""gray_stddev"": 21.8698, ""white_ratio"": 0.839005, ""entropy"": 2.7762, ""quality_flags"": []}",{},False
technical-media-0014,泰昌各工序控制点工艺文件知识资料第008项,各工序控制点工艺文件,26,生产制造能力,73187779e13a4342e3364af6b88b44121898f44ed6c0d3cd14f40b282a5158e3,parsed_outputs/power_grid_customer_corpus/customer_taichang_historical_bid_20260713/p1_01_knowledge_assets/泰昌各工序控制点工艺文件知识资料第008项.jpeg,already_ingested,同一批次、同一候选已存在，幂等跳过,"[""08a33561-73e0-479e-adea-5a2c8d188189""]","{""valid"": true, ""file_size"": 54380, ""width"": 554, ""height"": 784, ""gray_mean"": 247.2774, ""gray_stddev"": 20.7411, ""white_ratio"": 0.850571, ""entropy"": 2.684, ""quality_flags"": []}",{},False
technical-media-0015,泰昌各工序控制点工艺文件知识资料第009项,各工序控制点工艺文件,26,生产制造能力,dcb52085fc769b2f33177065efe62641ebfa13e844019ea4f24fcc1a7e082c8f,parsed_outputs/power_grid_customer_corpus/customer_taichang_historical_bid_20260713/p1_01_knowledge_assets/泰昌各工序控制点工艺文件知识资料第009项.jpeg,already_ingested,同一批次、同一候选已存在，幂等跳过,"[""0ace701d-7497-4747-9319-b105623cdc79""]","{""valid"": true, ""file_size"": 62452, ""width"": 554, ""height"": 784, ""gray_mean"": 245.4967, ""gray_stddev"": 23.4283, ""white_ratio"": 0.822784, ""entropy"": 2.8854, ""quality_flags"": []}",{},False
technical-media-0016,泰昌各工序控制点工艺文件知识资料第010项,各工序控制点工艺文件,26,生产制造能力,4bccc3ea0de2e60452c6d01beaca58bccd692f27e091b48973d6d0923322528a,parsed_outputs/power_grid_customer_corpus/customer_taichang_historical_bid_20260713/p1_01_knowledge_assets/泰昌各工序控制点工艺文件知识资料第010项.jpeg,same_evidence_existing,现有资产已包含同名完整原始报告/资料，Word 内嵌页只作历史载体追溯,"[""02fde5cb-213a-440c-b065-fd81b92fea4c"", ""08a33561-73e0-479e-adea-5a2c8d188189"", ""0ace701d-7497-4747-9319-b105623cdc79"", ""0c32b11d-3934-4aec-8a85-61f0960207ae"", ""22f44722-7058-44d2-aa14-934480a40f79"", ""363024ed-32e1-4299-85ab-fc0f3cbc7c93"", ""3bd43343-b95f-43cb-8c2e-26a8bad0077f"", ""53586063-8b53-41ae-ae8e-c2c436a06513"", ""707d539c-0722-4a2e-9394-e0f91d3f1fc1"", ""71864f43-e824-442c-9be5-36fd228385c6"", ""8739c492-5a76-42b6-99a8-90ef52342962"", ""d26b86f1-5fe4-400a-8bc4-bf9899c23d76"", ""d4ebe096-79d7-4bb3-887b-a67aa5f4a028"", ""dd9a59ac-7733-4324-88c6-08e54d25a19e"", ""e8bf50f3-7d7e-423e-9725-6e36ab884254""]","{""valid"": true, ""file_size"": 53930, ""width"": 554, ""height"": 784, ""gray_mean"": 247.1707, ""gray_stddev"": 21.0669, ""white_ratio"": 0.851135, ""entropy"": 2.6722, ""quality_flags"": []}",{},False
technical-media-0017,泰昌各工序控制点工艺文件知识资料第011项,各工序控制点工艺文件,26,生产制造能力,271a1543c59e6947480acf38aaf44c082a897645f5da7ad0d4662f26628d6395,parsed_outputs/power_grid_customer_corpus/customer_taichang_historical_bid_20260713/p1_01_knowledge_assets/泰昌各工序控制点工艺文件知识资料第011项.jpeg,same_evidence_existing,现有资产已包含同名完整原始报告/资料，Word 内嵌页只作历史载体追溯,"[""02fde5cb-213a-440c-b065-fd81b92fea4c"", ""08a33561-73e0-479e-adea-5a2c8d188189"", ""0ace701d-7497-4747-9319-b105623cdc79"", ""0c32b11d-3934-4aec-8a85-61f0960207ae"", ""22f44722-7058-44d2-aa14-934480a40f79"", ""363024ed-32e1-4299-85ab-fc0f3cbc7c93"", ""3bd43343-b95f-43cb-8c2e-26a8bad0077f"", ""53586063-8b53-41ae-ae8e-c2c436a06513"", ""707d539c-0722-4a2e-9394-e0f91d3f1fc1"", ""71864f43-e824-442c-9be5-36fd228385c6"", ""8739c492-5a76-42b6-99a8-90ef52342962"", ""d26b86f1-5fe4-400a-8bc4-bf9899c23d76"", ""d4ebe096-79d7-4bb3-887b-a67aa5f4a028"", ""dd9a59ac-7733-4324-88c6-08e54d25a19e"", ""e8bf50f3-7d7e-423e-9725-6e36ab884254""]","{""valid"": true, ""file_size"": 54235, ""width"": 554, ""height"": 784, ""gray_mean"": 246.9943, ""gray_stddev"": 21.2644, ""white_ratio"": 0.847275, ""entropy"": 2.7006, ""quality_flags"": []}",{},False
technical-media-0018,泰昌各工序控制点工艺文件知识资料第012项,各工序控制点工艺文件,26,生产制造能力,79a55f8823e590b51fcb7a6443ecc42b70175d82b25ad922c6c41421cf351ec3,parsed_outputs/power_grid_customer_corpus/customer_taichang_historical_bid_20260713/p1_01_knowledge_assets/泰昌各工序控制点工艺文件知识资料第012项.jpeg,already_ingested,同一批次、同一候选已存在，幂等跳过,"[""3bd43343-b95f-43cb-8c2e-26a8bad0077f""]","{""valid"": true, ""file_size"": 55083, ""width"": 554, ""height"": 784, ""gray_mean"": 247.2283, ""gray_stddev"": 20.8773, ""white_ratio"": 0.85173, ""entropy"": 2.6979, ""quality_flags"": []}",{},False
technical-media-0019,泰昌各工序控制点工艺文件知识资料第013项,各工序控制点工艺文件,26,生产制造能力,632678dfa88b2420d4f23396550057bf504f76bc507d9eec93fb8697aa45dbdf,parsed_outputs/power_grid_customer_corpus/customer_taichang_historical_bid_20260713/p1_01_knowledge_assets/泰昌各工序控制点工艺文件知识资料第013项.jpeg,quality_review_required,图片存在空白页、小图或低信息量风险，保留提取文件并转人工复核,[],"{""valid"": true, ""file_size"": 29461, ""width"": 554, ""height"": 784, ""gray_mean"": 251.0392, ""gray_stddev"": 13.8479, ""white_ratio"": 0.914383, ""entropy"": 1.9859, ""quality_flags"": [""image_file_too_small""]}",{},False
technical-media-0020,泰昌各工序控制点工艺文件知识资料第014项,各工序控制点工艺文件,26,生产制造能力,2edaf80994f0c3b49954be28df8287b880e684f861684618d0a78286efe4a639,parsed_outputs/power_grid_customer_corpus/customer_taichang_historical_bid_20260713/p1_01_knowledge_assets/泰昌各工序控制点工艺文件知识资料第014项.jpeg,same_evidence_existing,现有资产已包含同名完整原始报告/资料，Word 内嵌页只作历史载体追溯,"[""02fde5cb-213a-440c-b065-fd81b92fea4c"", ""08a33561-73e0-479e-adea-5a2c8d188189"", ""0ace701d-7497-4747-9319-b105623cdc79"", ""0c32b11d-3934-4aec-8a85-61f0960207ae"", ""22f44722-7058-44d2-aa14-934480a40f79"", ""363024ed-32e1-4299-85ab-fc0f3cbc7c93"", ""3bd43343-b95f-43cb-8c2e-26a8bad0077f"", ""53586063-8b53-41ae-ae8e-c2c436a06513"", ""707d539c-0722-4a2e-9394-e0f91d3f1fc1"", ""71864f43-e824-442c-9be5-36fd228385c6"", ""8739c492-5a76-42b6-99a8-90ef52342962"", ""d26b86f1-5fe4-400a-8bc4-bf9899c23d76"", ""d4ebe096-79d7-4bb3-887b-a67aa5f4a028"", ""dd9a59ac-7733-4324-88c6-08e54d25a19e"", ""e8bf50f3-7d7e-423e-9725-6e36ab884254""]","{""valid"": true, ""file_size"": 49401, ""width"": 554, ""height"": 784, ""gray_mean"": 247.9753, ""gray_stddev"": 19.8685, ""white_ratio"": 0.865601, ""entropy"": 2.5609, ""quality_flags"": []}",{},False
technical-media-0021,泰昌各工序控制点工艺文件知识资料第015项,各工序控制点工艺文件,26,生产制造能力,b7414915ffcba7f49300f2bde89540afb7ab896fab44a88f733c919abeba6e6c,parsed_outputs/power_grid_customer_corpus/customer_taichang_historical_bid_20260713/p1_01_knowledge_assets/泰昌各工序控制点工艺文件知识资料第015项.jpeg,already_ingested,同一批次、同一候选已存在，幂等跳过,"[""363024ed-32e1-4299-85ab-fc0f3cbc7c93""]","{""valid"": true, ""file_size"": 54649, ""width"": 554, ""height"": 784, ""gray_mean"": 247.459, ""gray_stddev"": 20.3421, ""white_ratio"": 0.856018, ""entropy"": 2.7008, ""quality_flags"": []}",{},False
technical-media-0022,泰昌各工序控制点工艺文件知识资料第016项,各工序控制点工艺文件,26,生产制造能力,ee9e45d6905b273d3e7bd62ecb9f8bd33df508c71142f5cb1379200d2a580d08,parsed_outputs/power_grid_customer_corpus/customer_taichang_historical_bid_20260713/p1_01_knowledge_assets/泰昌各工序控制点工艺文件知识资料第016项.jpeg,already_ingested,同一批次、同一候选已存在，幂等跳过,"[""71864f43-e824-442c-9be5-36fd228385c6""]","{""valid"": true, ""file_size"": 37266, ""width"": 554, ""height"": 784, ""gray_mean"": 250.1161, ""gray_stddev"": 15.9923, ""white_ratio"": 0.90535, ""entropy"": 2.1987, ""quality_flags"": []}",{},False
technical-media-0023,泰昌各工序控制点工艺文件知识资料第017项,各工序控制点工艺文件,26,生产制造能力,7534321db75d5c8cad4e6ad81196e008d5eca5898b4c56b436a8df643eea3786,parsed_outputs/power_grid_customer_corpus/customer_taichang_historical_bid_20260713/p1_01_knowledge_assets/泰昌各工序控制点工艺文件知识资料第017项.jpeg,already_ingested,同一批次、同一候选已存在，幂等跳过,"[""02fde5cb-213a-440c-b065-fd81b92fea4c""]","{""valid"": true, ""file_size"": 30750, ""width"": 554, ""height"": 784, ""gray_mean"": 250.8999, ""gray_stddev"": 15.2848, ""white_ratio"": 0.926407, ""entropy"": 1.9545, ""quality_flags"": []}",{},False
technical-media-0024,泰昌各工序控制点工艺文件知识资料第018项,各工序控制点工艺文件,26,生产制造能力,9e77c46984c6433666a74f9673273302936b033747ab29aff15ec5dedddfbdc3,parsed_outputs/power_grid_customer_corpus/customer_taichang_historical_bid_20260713/p1_01_knowledge_assets/泰昌各工序控制点工艺文件知识资料第018项.jpeg,quality_review_required,图片存在空白页、小图或低信息量风险，保留提取文件并转人工复核,[],"{""valid"": true, ""file_size"": 26762, ""width"": 554, ""height"": 784, ""gray_mean"": 251.5985, ""gray_stddev"": 13.8456, ""white_ratio"": 0.938202, ""entropy"": 1.8462, ""quality_flags"": [""blank_or_near_blank_page"", ""image_file_too_small""]}",{},False
technical-media-0025,泰昌各工序控制点工艺文件知识资料第019项,各工序控制点工艺文件,26,生产制造能力,507f034362d35ce7f1d1dc976caabc58899afbb1338bbdd565d5f9c9aed4c4e5,parsed_outputs/power_grid_customer_corpus/customer_taichang_historical_bid_20260713/p1_01_knowledge_assets/泰昌各工序控制点工艺文件知识资料第019项.jpeg,already_ingested,同一批次、同一候选已存在，幂等跳过,"[""e8bf50f3-7d7e-423e-9725-6e36ab884254""]","{""valid"": true, ""file_size"": 47164, ""width"": 554, ""height"": 784, ""gray_mean"": 248.2695, ""gray_stddev"": 20.4092, ""white_ratio"": 0.881393, ""entropy"": 2.4167, ""quality_flags"": []}",{},False
technical-media-0026,泰昌各工序控制点工艺文件知识资料第020项,各工序控制点工艺文件,26,生产制造能力,17a80d87339e8f767a99a564e3ff1a566bd5c788e0ad719cc21d5480ef9fe7e9,parsed_outputs/power_grid_customer_corpus/customer_taichang_historical_bid_20260713/p1_01_knowledge_assets/泰昌各工序控制点工艺文件知识资料第020项.jpeg,same_evidence_existing,现有资产已包含同名完整原始报告/资料，Word 内嵌页只作历史载体追溯,"[""02fde5cb-213a-440c-b065-fd81b92fea4c"", ""08a33561-73e0-479e-adea-5a2c8d188189"", ""0ace701d-7497-4747-9319-b105623cdc79"", ""0c32b11d-3934-4aec-8a85-61f0960207ae"", ""22f44722-7058-44d2-aa14-934480a40f79"", ""363024ed-32e1-4299-85ab-fc0f3cbc7c93"", ""3bd43343-b95f-43cb-8c2e-26a8bad0077f"", ""53586063-8b53-41ae-ae8e-c2c436a06513"", ""707d539c-0722-4a2e-9394-e0f91d3f1fc1"", ""71864f43-e824-442c-9be5-36fd228385c6"", ""8739c492-5a76-42b6-99a8-90ef52342962"", ""d26b86f1-5fe4-400a-8bc4-bf9899c23d76"", ""d4ebe096-79d7-4bb3-887b-a67aa5f4a028"", ""dd9a59ac-7733-4324-88c6-08e54d25a19e"", ""e8bf50f3-7d7e-423e-9725-6e36ab884254""]","{""valid"": true, ""file_size"": 37678, ""width"": 554, ""height"": 784, ""gray_mean"": 249.7435, ""gray_stddev"": 18.1022, ""white_ratio"": 0.90799, ""entropy"": 2.1033, ""quality_flags"": []}",{},False
technical-media-0027,泰昌各工序控制点工艺文件知识资料第021项,各工序控制点工艺文件,26,生产制造能力,d8827a51fd08930fa9b919cc5b8c0b28c97370e9d52bac02bba23705665df763,parsed_outputs/power_grid_customer_corpus/customer_taichang_historical_bid_20260713/p1_01_knowledge_assets/泰昌各工序控制点工艺文件知识资料第021项.jpeg,already_ingested,同一批次、同一候选已存在，幂等跳过,"[""0c32b11d-3934-4aec-8a85-61f0960207ae""]","{""valid"": true, ""file_size"": 54079, ""width"": 554, ""height"": 784, ""gray_mean"": 247.2487, ""gray_stddev"": 21.5616, ""white_ratio"": 0.858871, ""entropy"": 2.6225, ""quality_flags"": []}",{},False
technical-media-0028,泰昌各工序控制点工艺文件知识资料第022项,各工序控制点工艺文件,26,生产制造能力,a1f824dc61d707ed8b17872b50e09fef914ea5b5bbc476dfb1b9ad952821cd6d,parsed_outputs/power_grid_customer_corpus/customer_taichang_historical_bid_20260713/p1_01_knowledge_assets/泰昌各工序控制点工艺文件知识资料第022项.jpeg,already_ingested,同一批次、同一候选已存在，幂等跳过,"[""22f44722-7058-44d2-aa14-934480a40f79""]","{""valid"": true, ""file_size"": 47885, ""width"": 554, ""height"": 784, ""gray_mean"": 247.8869, ""gray_stddev"": 21.0002, ""white_ratio"": 0.874283, ""entropy"": 2.4259, ""quality_flags"": []}",{},False
technical-media-0029,泰昌生产制造环境知识资料第001项,生产制造环境,48,企业证明材料,8eb750b7219d324a07e86ecf9692ef2b45065976e88ff124306f172ab6b2f3d6,parsed_outputs/power_grid_customer_corpus/customer_taichang_historical_bid_20260713/p1_01_knowledge_assets/泰昌生产制造环境知识资料第001项.png,already_ingested,同一批次、同一候选已存在，幂等跳过,"[""eb2c540a-38df-41d8-a95b-dfefd8f1478f""]","{""valid"": true, ""file_size"": 527478, ""width"": 796, ""height"": 520, ""gray_mean"": 136.5909, ""gray_stddev"": 89.8266, ""white_ratio"": 0.347687, ""entropy"": 5.4264, ""quality_flags"": []}",{},False
technical-media-0030,泰昌试组装环境知识资料第001项,试组装环境,49,企业证明材料,4e9fd741055fd5dd1dff13529cea7583e3070a36a702397ab3c50d9de6b777ac,parsed_outputs/power_grid_customer_corpus/customer_taichang_historical_bid_20260713/p1_01_knowledge_assets/泰昌试组装环境知识资料第001项.png,already_ingested,同一批次、同一候选已存在，幂等跳过,"[""daf4a4c6-870f-442f-b592-71e86920948a""]","{""valid"": true, ""file_size"": 612542, ""width"": 812, ""height"": 509, ""gray_mean"": 171.572, ""gray_stddev"": 79.9388, ""white_ratio"": 0.379852, ""entropy"": 5.7686, ""quality_flags"": []}",{},False
technical-media-0039,泰昌ESG(环境、社会、公司治理)报告知识资料第001项,ESG(环境、社会、公司治理)报告,54,绿色低碳资料,b53ba493193200c68f5bd1e70bcac88fe17f08abfe67931db02f1d580754ec86,parsed_outputs/power_grid_customer_corpus/customer_taichang_historical_bid_20260713/p1_01_knowledge_assets/泰昌ESG(环境、社会、公司治理)报告知识资料第001项.jpeg,same_evidence_existing,现有资产已包含同名完整原始报告/资料，Word 内嵌页只作历史载体追溯,"[""01204750-6211-4aba-80a6-b8959260abae"", ""04fee70a-24de-4d1c-b24c-a41fa147a8bd"", ""06b3f434-203a-4cb9-80a3-86fb0e262b86"", ""0a0b3501-685f-4f94-afcb-a52a8a0dab40"", ""0d71fa45-e9eb-40dd-91da-5130950d1ece"", ""0ee9919d-f804-4449-a312-2a8ce5f5072e"", ""125d2583-5e5a-4997-9434-b27b3200e700"", ""13bf12a2-4a7d-42de-babd-9680fae3502c"", ""14eec353-cff1-4b45-881b-9486f2e83b9e"", ""1baab407-a010-43b3-96cc-641be080051b"", ""1fc9caf2-4d6a-4276-bc5e-166088483c68"", ""233be940-59d0-4e7b-a4cc-4b769c7d3983"", ""235ef865-9426-4e70-92bd-d0ca8c59f66a"", ""242aa3d6-d122-47af-9173-88df838e99c4"", ""2451250a-761b-4165-a29f-0cd981a408c2"", ""26ede6ce-c142-44fa-809b-0c8a92b15dd6"", ""2919ebfd-4ffc-49b9-af05-eabddc080247"", ""29f7debe-1c01-44f3-81a8-211dfb7c43b5"", ""2af47074-6e0b-43f0-b3ad-e6c980030caf"", ""2e44ca78-a44d-46e2-9e75-973de938e274"", ""30e1c078-4d8a-4f8c-bebc-1dfc5eabcc63"", ""34609586-812b-4494-8306-54cd8b4d366e"", ""354b1569-9fdf-43e5-a0a5-7de8b21e9822"", ""378fb388-6a12-4ce4-8cde-b780f334a2be"", ""3c043789-4ef8-4120-8fe2-96b10c9fb430"", ""44b64ee9-dd0b-4bb7-9b08-2a882c6478bd"", ""4b2ae438-c919-4ac0-996a-ec981b206a1a"", ""5715e991-3552-479c-b8d4-ac785bacff3f"", ""5a3f2f3d-92c3-4357-905c-760086cf577e"", ""5af50a3f-48c8-4618-acc8-3b9827819a85"", ""5c356061-c2e6-4e46-8585-04a615720612"", ""5ccedd8f-e36f-4621-a945-a920dd3d8cfc"", ""5f1c5dab-ca6a-4e18-958b-cefab067afdd"", ""5fc386e8-c8d0-413c-b2d4-a457ddfdcef1"", ""65d3bbcb-55cb-4bfa-b231-457c177a7075"", ""67221296-5b84-4403-bda5-af5c2d9647af"", ""686eb209-0085-4430-a544-3b3ea00207e8"", ""6a4fa846-1dba-4654-9484-544d872b99ed"", ""6c63b933-0267-433d-bd53-1200a97b2185"", ""6d2fb5c6-440f-4eea-a1b9-faf7a2fcde48"", ""6dec701b-5646-4bd4-878c-a9b48ce93c27"", ""6ee890a2-8a93-493b-9ddf-845f42f9c7b2"", ""73bd3dcd-eb58-405b-a1a5-5edb175dc7a2"", ""73d340c3-e812-41c2-93ff-79b7a9456d1a"", ""75479d87-b116-46b7-99fa-71c3b011a2a3"", ""7ffb77bc-f6be-44e2-8276-f46093c8afab"", ""843e724d-4000-4f30-aefc-8bbaa205c358"", ""85f993f3-3b7c-4642-84aa-5ee5b0e47353"", ""8c0536d0-0178-4754-83c0-e49f166139ec"", ""9083b415-3da5-4d6d-8027-a9945f3dbd08"", ""9401bbe3-b4d7-47b2-ab64-8088023f42fc"", ""95fe27f1-2206-4be3-b438-970f2f76c281"", ""97518e6f-1dcf-46e8-9ff9-6ce66843d53a"", ""a0e295ae-bdbd-482e-b6a1-01b533b0bdc8"", ""a36626e4-f4e9-4877-9473-10ffd74efb93"", ""a5fe4cb4-1de0-4e1c-9340-4a5732df0b5c"", ""b4335342-9f0e-4b7d-a045-56cbc90c4697"", ""b7e893bb-8f1a-496c-adf0-9b74b86c6fb4"", ""bb0e412b-92ce-40bf-8ecf-8d947c5ce5f5"", ""bc1994ab-56cc-4188-a2ab-f8ef6608982f"", ""c148d407-d627-46de-a090-38859656fc93"", ""c31bbe74-7060-45e4-a190-72f32f69e6c8"", ""c4a7a32b-4c23-4562-a795-9b01d2822c90"", ""cc683960-9b1a-4108-b365-7674f23405bf"", ""ccb2fd3d-c0a4-4aa0-8198-69f78ed7ab35"", ""ccf5ac44-e4f4-47d1-af45-9611e82080a5"", ""cda5e452-8b99-430a-a73d-b9e3520ec066"", ""ce51628f-149f-492e-b518-00426ea4e3e1"", ""ce52e7bb-4794-46f2-8944-365f9323d713"", ""d92e05f2-fa21-443f-ac34-e1bae3d1521c"", ""dbc931b2-479f-4ae5-bd23-724ef5291e1b"", ""dd863bbc-1df7-4b33-8aae-532e480b9b14"", ""ec1bab5a-e4a6-4037-9d81-7a668f28d20c"", ""efdccd6a-5515-401c-be5c-cca3db226593"", ""f007483c-5845-42ca-b942-6ee75ede5b4e"", ""f5ffa6b2-f670-4240-91c8-79db0adf8808"", ""fb24cddf-38f5-4b2e-9de5-caacd780bcef"", ""ffd8b53a-962c-47eb-9ca2-45fc695bd4ed""]","{""valid"": true, ""file_size"": 211324, ""width"": 1268, ""height"": 876, ""gray_mean"": 228.4595, ""gray_stddev"": 48.7657, ""white_ratio"": 0.688004, ""entropy"": 3.535, ""quality_flags"": []}",{},False
technical-media-0075,泰昌ESG(环境、社会、公司治理)报告知识资料第002项,ESG(环境、社会、公司治理)报告,54,绿色低碳资料,52560ad73352446c499e69d0ca8641b24b1898a1b933c79a07fbb5c40d89035b,parsed_outputs/power_grid_customer_corpus/customer_taichang_historical_bid_20260713/p1_01_knowledge_assets/泰昌ESG(环境、社会、公司治理)报告知识资料第002项.jpg,same_evidence_existing,现有资产已包含同名完整原始报告/资料，Word 内嵌页只作历史载体追溯,"[""01204750-6211-4aba-80a6-b8959260abae"", ""04fee70a-24de-4d1c-b24c-a41fa147a8bd"", ""06b3f434-203a-4cb9-80a3-86fb0e262b86"", ""0a0b3501-685f-4f94-afcb-a52a8a0dab40"", ""0d71fa45-e9eb-40dd-91da-5130950d1ece"", ""0ee9919d-f804-4449-a312-2a8ce5f5072e"", ""125d2583-5e5a-4997-9434-b27b3200e700"", ""13bf12a2-4a7d-42de-babd-9680fae3502c"", ""14eec353-cff1-4b45-881b-9486f2e83b9e"", ""1baab407-a010-43b3-96cc-641be080051b"", ""1fc9caf2-4d6a-4276-bc5e-166088483c68"", ""233be940-59d0-4e7b-a4cc-4b769c7d3983"", ""235ef865-9426-4e70-92bd-d0ca8c59f66a"", ""242aa3d6-d122-47af-9173-88df838e99c4"", ""2451250a-761b-4165-a29f-0cd981a408c2"", ""26ede6ce-c142-44fa-809b-0c8a92b15dd6"", ""2919ebfd-4ffc-49b9-af05-eabddc080247"", ""29f7debe-1c01-44f3-81a8-211dfb7c43b5"", ""2af47074-6e0b-43f0-b3ad-e6c980030caf"", ""2e44ca78-a44d-46e2-9e75-973de938e274"", ""30e1c078-4d8a-4f8c-bebc-1dfc5eabcc63"", ""34609586-812b-4494-8306-54cd8b4d366e"", ""354b1569-9fdf-43e5-a0a5-7de8b21e9822"", ""378fb388-6a12-4ce4-8cde-b780f334a2be"", ""3c043789-4ef8-4120-8fe2-96b10c9fb430"", ""44b64ee9-dd0b-4bb7-9b08-2a882c6478bd"", ""4b2ae438-c919-4ac0-996a-ec981b206a1a"", ""5715e991-3552-479c-b8d4-ac785bacff3f"", ""5a3f2f3d-92c3-4357-905c-760086cf577e"", ""5af50a3f-48c8-4618-acc8-3b9827819a85"", ""5c356061-c2e6-4e46-8585-04a615720612"", ""5ccedd8f-e36f-4621-a945-a920dd3d8cfc"", ""5f1c5dab-ca6a-4e18-958b-cefab067afdd"", ""5fc386e8-c8d0-413c-b2d4-a457ddfdcef1"", ""65d3bbcb-55cb-4bfa-b231-457c177a7075"", ""67221296-5b84-4403-bda5-af5c2d9647af"", ""686eb209-0085-4430-a544-3b3ea00207e8"", ""6a4fa846-1dba-4654-9484-544d872b99ed"", ""6c63b933-0267-433d-bd53-1200a97b2185"", ""6d2fb5c6-440f-4eea-a1b9-faf7a2fcde48"", ""6dec701b-5646-4bd4-878c-a9b48ce93c27"", ""6ee890a2-8a93-493b-9ddf-845f42f9c7b2"", ""73bd3dcd-eb58-405b-a1a5-5edb175dc7a2"", ""73d340c3-e812-41c2-93ff-79b7a9456d1a"", ""75479d87-b116-46b7-99fa-71c3b011a2a3"", ""7ffb77bc-f6be-44e2-8276-f46093c8afab"", ""843e724d-4000-4f30-aefc-8bbaa205c358"", ""85f993f3-3b7c-4642-84aa-5ee5b0e47353"", ""8c0536d0-0178-4754-83c0-e49f166139ec"", ""9083b415-3da5-4d6d-8027-a9945f3dbd08"", ""9401bbe3-b4d7-47b2-ab64-8088023f42fc"", ""95fe27f1-2206-4be3-b438-970f2f76c281"", ""97518e6f-1dcf-46e8-9ff9-6ce66843d53a"", ""a0e295ae-bdbd-482e-b6a1-01b533b0bdc8"", ""a36626e4-f4e9-4877-9473-10ffd74efb93"", ""a5fe4cb4-1de0-4e1c-9340-4a5732df0b5c"", ""b4335342-9f0e-4b7d-a045-56cbc90c4697"", ""b7e893bb-8f1a-496c-adf0-9b74b86c6fb4"", ""bb0e412b-92ce-40bf-8ecf-8d947c5ce5f5"", ""bc1994ab-56cc-4188-a2ab-f8ef6608982f"", ""c148d407-d627-46de-a090-38859656fc93"", ""c31bbe74-7060-45e4-a190-72f32f69e6c8"", ""c4a7a32b-4c23-4562-a795-9b01d2822c90"", ""cc683960-9b1a-4108-b365-7674f23405bf"", ""ccb2fd3d-c0a4-4aa0-8198-69f78ed7ab35"", ""ccf5ac44-e4f4-47d1-af45-9611e82080a5"", ""cda5e452-8b99-430a-a73d-b9e3520ec066"", ""ce51628f-149f-492e-b518-00426ea4e3e1"", ""ce52e7bb-4794-46f2-8944-365f9323d713"", ""d92e05f2-fa21-443f-ac34-e1bae3d1521c"", ""dbc931b2-479f-4ae5-bd23-724ef5291e1b"", ""dd863bbc-1df7-4b33-8aae-532e480b9b14"", ""ec1bab5a-e4a6-4037-9d81-7a668f28d20c"", ""efdccd6a-5515-401c-be5c-cca3db226593"", ""f007483c-5845-42ca-b942-6ee75ede5b4e"", ""f5ffa6b2-f670-4240-91c8-79db0adf8808"", ""fb24cddf-38f5-4b2e-9de5-caacd780bcef"", ""ffd8b53a-962c-47eb-9ca2-45fc695bd4ed""]","{""valid"": true, ""file_size"": 79539, ""width"": 1158, ""height"": 1544, ""gray_mean"": 245.3435, ""gray_stddev"": 28.6143, ""white_ratio"": 0.828262, ""entropy"": 3.0451, ""quality_flags"": []}",{},False
technical-media-0076,泰昌ESG(环境、社会、公司治理)报告知识资料第003项,ESG(环境、社会、公司治理)报告,54,绿色低碳资料,ba88677238ebc45d33ca257b24e05beebf6b72dc5bc2893b1ba1335b68fddf06,parsed_outputs/power_grid_customer_corpus/customer_taichang_historical_bid_20260713/p1_01_knowledge_assets/泰昌ESG(环境、社会、公司治理)报告知识资料第003项.jpg,same_evidence_existing,现有资产已包含同名完整原始报告/资料，Word 内嵌页只作历史载体追溯,"[""01204750-6211-4aba-80a6-b8959260abae"", ""04fee70a-24de-4d1c-b24c-a41fa147a8bd"", ""06b3f434-203a-4cb9-80a3-86fb0e262b86"", ""0a0b3501-685f-4f94-afcb-a52a8a0dab40"", ""0d71fa45-e9eb-40dd-91da-5130950d1ece"", ""0ee9919d-f804-4449-a312-2a8ce5f5072e"", ""125d2583-5e5a-4997-9434-b27b3200e700"", ""13bf12a2-4a7d-42de-babd-9680fae3502c"", ""14eec353-cff1-4b45-881b-9486f2e83b9e"", ""1baab407-a010-43b3-96cc-641be080051b"", ""1fc9caf2-4d6a-4276-bc5e-166088483c68"", ""233be940-59d0-4e7b-a4cc-4b769c7d3983"", ""235ef865-9426-4e70-92bd-d0ca8c59f66a"", ""242aa3d6-d122-47af-9173-88df838e99c4"", ""2451250a-761b-4165-a29f-0cd981a408c2"", ""26ede6ce-c142-44fa-809b-0c8a92b15dd6"", ""2919ebfd-4ffc-49b9-af05-eabddc080247"", ""29f7debe-1c01-44f3-81a8-211dfb7c43b5"", ""2af47074-6e0b-43f0-b3ad-e6c980030caf"", ""2e44ca78-a44d-46e2-9e75-973de938e274"", ""30e1c078-4d8a-4f8c-bebc-1dfc5eabcc63"", ""34609586-812b-4494-8306-54cd8b4d366e"", ""354b1569-9fdf-43e5-a0a5-7de8b21e9822"", ""378fb388-6a12-4ce4-8cde-b780f334a2be"", ""3c043789-4ef8-4120-8fe2-96b10c9fb430"", ""44b64ee9-dd0b-4bb7-9b08-2a882c6478bd"", ""4b2ae438-c919-4ac0-996a-ec981b206a1a"", ""5715e991-3552-479c-b8d4-ac785bacff3f"", ""5a3f2f3d-92c3-4357-905c-760086cf577e"", ""5af50a3f-48c8-4618-acc8-3b9827819a85"", ""5c356061-c2e6-4e46-8585-04a615720612"", ""5ccedd8f-e36f-4621-a945-a920dd3d8cfc"", ""5f1c5dab-ca6a-4e18-958b-cefab067afdd"", ""5fc386e8-c8d0-413c-b2d4-a457ddfdcef1"", ""65d3bbcb-55cb-4bfa-b231-457c177a7075"", ""67221296-5b84-4403-bda5-af5c2d9647af"", ""686eb209-0085-4430-a544-3b3ea00207e8"", ""6a4fa846-1dba-4654-9484-544d872b99ed"", ""6c63b933-0267-433d-bd53-1200a97b2185"", ""6d2fb5c6-440f-4eea-a1b9-faf7a2fcde48"", ""6dec701b-5646-4bd4-878c-a9b48ce93c27"", ""6ee890a2-8a93-493b-9ddf-845f42f9c7b2"", ""73bd3dcd-eb58-405b-a1a5-5edb175dc7a2"", ""73d340c3-e812-41c2-93ff-79b7a9456d1a"", ""75479d87-b116-46b7-99fa-71c3b011a2a3"", ""7ffb77bc-f6be-44e2-8276-f46093c8afab"", ""843e724d-4000-4f30-aefc-8bbaa205c358"", ""85f993f3-3b7c-4642-84aa-5ee5b0e47353"", ""8c0536d0-0178-4754-83c0-e49f166139ec"", ""9083b415-3da5-4d6d-8027-a9945f3dbd08"", ""9401bbe3-b4d7-47b2-ab64-8088023f42fc"", ""95fe27f1-2206-4be3-b438-970f2f76c281"", ""97518e6f-1dcf-46e8-9ff9-6ce66843d53a"", ""a0e295ae-bdbd-482e-b6a1-01b533b0bdc8"", ""a36626e4-f4e9-4877-9473-10ffd74efb93"", ""a5fe4cb4-1de0-4e1c-9340-4a5732df0b5c"", ""b4335342-9f0e-4b7d-a045-56cbc90c4697"", ""b7e893bb-8f1a-496c-adf0-9b74b86c6fb4"", ""bb0e412b-92ce-40bf-8ecf-8d947c5ce5f5"", ""bc1994ab-56cc-4188-a2ab-f8ef6608982f"", ""c148d407-d627-46de-a090-38859656fc93"", ""c31bbe74-7060-45e4-a190-72f32f69e6c8"", ""c4a7a32b-4c23-4562-a795-9b01d2822c90"", ""cc683960-9b1a-4108-b365-7674f23405bf"", ""ccb2fd3d-c0a4-4aa0-8198-69f78ed7ab35"", ""ccf5ac44-e4f4-47d1-af45-9611e82080a5"", ""cda5e452-8b99-430a-a73d-b9e3520ec066"", ""ce51628f-149f-492e-b518-00426ea4e3e1"", ""ce52e7bb-4794-46f2-8944-365f9323d713"", ""d92e05f2-fa21-443f-ac34-e1bae3d1521c"", ""dbc931b2-479f-4ae5-bd23-724ef5291e1b"", ""dd863bbc-1df7-4b33-8aae-532e480b9b14"", ""ec1bab5a-e4a6-4037-9d81-7a668f28d20c"", ""efdccd6a-5515-401c-be5c-cca3db226593"", ""f007483c-5845-42ca-b942-6ee75ede5b4e"", ""f5ffa6b2-f670-4240-91c8-79db0adf8808"", ""fb24cddf-38f5-4b2e-9de5-caacd780bcef"", ""ffd8b53a-962c-47eb-9ca2-45fc695bd4ed""]","{""valid"": true, ""file_size"": 94293, ""width"": 1026, ""height"": 1521, ""gray_mean"": 200.5157, ""gray_stddev"": 76.3402, ""white_ratio"": 0.601715, ""entropy"": 4.1672, ""quality_flags"": []}",{},False
technical-media-0090,泰昌废水、废气、废固报告知识资料第001项,废水、废气、废固报告,94,绿色低碳资料,1f3bb15d9656d616d3d11e7f4d78df842f1727604f599bbab650085cf0908c15,parsed_outputs/power_grid_customer_corpus/customer_taichang_historical_bid_20260713/p1_01_knowledge_assets/泰昌废水、废气、废固报告知识资料第001项.jpg,same_evidence_existing,现有资产已包含同名完整原始报告/资料，Word 内嵌页只作历史载体追溯,"[""05b7c2ea-c1ec-402f-b754-4ddd3bb44312"", ""0bc46329-f996-4cf4-8bca-a6e620d247c2"", ""0e22d32d-1908-4fac-8973-03996e821801"", ""1120692f-3386-4401-aac7-65f8ebe5b110"", ""1856d76a-56f4-47a4-b0e2-d41f59e4347d"", ""18f27c2c-f6bc-470a-a23b-fb42c4b32bcb"", ""1de14d23-e944-4470-b352-0ef72527a4f1"", ""1eada0c3-50ab-460e-a02b-18610ac36533"", ""212ab3dd-0803-47c9-9b8a-2eaa0bf9be06"", ""272cb87d-5518-4704-a3df-ba45583cc11c"", ""2866d09f-25d9-416c-a25e-7a3a6f56bb88"", ""2d0e2a1e-6f50-4174-964a-739454126423"", ""2fb51296-e1a3-4c43-9e66-9623ccfef381"", ""44aab31b-93c8-4d19-a8dc-e79faa7227ed"", ""44d42606-81f5-4342-8042-e6110ea4c14d"", ""48af9c19-097b-40d3-98ab-71fe58170843"", ""4dae1682-7180-4dad-ba14-ce0a95c51d4e"", ""547b4a09-ca54-4980-93cd-95c5c6630ecf"", ""59bad1fb-a8be-4b8e-a7fd-fab25556ae0e"", ""5a6fbcb0-1057-449a-874d-02c9108bb4bf"", ""5fe249ee-020a-4c7c-8443-c901f7504401"", ""667ee292-4a25-4a1e-af92-d994593b7f48"", ""6b798a95-6b1d-4d49-b559-02982cd67f6c"", ""6eefe20b-54cf-4707-86b0-32024ddaa758"", ""7043e238-2401-4680-b56a-cd76a1b83b00"", ""73d08e7a-2c3b-4baf-b132-4abf9bed79bf"", ""7671e067-32d5-40f7-b3ce-71186c7d485b"", ""79dacb4d-c9a6-49a7-8ab3-8d24ebbae63f"", ""7d6fa368-2738-4a1d-bebb-ed0eb1caa506"", ""87a9d4ae-3099-4d13-a7eb-8451fdeed4f0"", ""8aa8ec3f-7e9a-4816-9a25-e540691726f6"", ""8bbc6123-6381-482f-a879-da1d625568d7"", ""8eca5364-9461-4647-9557-37beafabcc08"", ""8eca584d-06f9-4ea0-95d8-a474d7ac9da5"", ""8f0d3fc2-4a47-45a0-a464-fd58d97230c2"", ""8f2e5b5c-4ae1-4f26-b286-10eaa9544873"", ""97925b21-e1af-4fe3-a0b9-66504032c4c2"", ""9bab8829-aada-4857-a0d2-b3e34d173ee3"", ""a02567cf-bf17-4b12-a8b0-9284ffc7847b"", ""a1185984-c86a-4f26-bb84-cbf8648cf472"", ""a7e9f037-cb4c-4192-91c7-41d711b3b04d"", ""ac0f2cfd-436a-4769-8817-2dce3fd905bf"", ""ad558f81-a0f9-43b3-a5e7-39ea6d6622d9"", ""b4024e16-1580-47c8-a2e1-60d0af8abbec"", ""b60ee521-770b-45f9-9c39-fdceb5c1fa57"", ""c322b7f2-18f0-4c9b-bc71-c66ea5857f4d"", ""c64b868b-d062-4056-bde2-aa9effd1aff9"", ""c679f957-3318-404f-b188-5ad8c48b7a00"", ""c8f18ac3-f976-4ae1-bd71-a4f81ea5e288"", ""ca7d1c2a-559d-425a-8143-71c348c75eca"", ""d02967fe-37f6-4589-91ac-5f6c0f3bf4c3"", ""d233edf0-88b3-4776-8d43-da32d9d8d870"", ""d2729d03-956e-407c-9c5d-43b8d8c55c69"", ""d3f5a14e-4845-4c06-996c-1801669cc513"", ""de2f9284-e830-437c-93fb-bf841ba4fbe5"", ""e00f47e3-07e7-4442-a3c7-81dd13627547"", ""e20c9d89-544c-4135-8f93-b17ea09fa3bc"", ""e942e1b7-b486-4d4b-8391-5f01fb6ffff7"", ""eb415262-023d-46e1-95be-04b5bd39f854"", ""ed023136-6d5f-4617-a3cb-adf74b99c611"", ""ed21f14c-57be-4c6d-8182-3474325436a2"", ""ee402349-4cfc-46a6-9941-a34b1dd5ef61"", ""f1ec7d8b-1fa9-455c-bd1b-29be592265d9"", ""f2187aa3-8815-4be1-90af-fd241632e228"", ""f381e172-0d35-4d8a-9ffb-f98a2e0c6765"", ""f83a3458-15dc-4145-94fa-63c911925796"", ""f919573c-76ec-4c5d-9918-2deba616d6e9"", ""fc31ea1e-486e-47be-b28e-f935d6497298"", ""fddeef24-f131-4795-aa44-c3566a6947e6"", ""fffaf575-88d3-4e97-849c-46c8a6da28c2""]","{""valid"": true, ""file_size"": 283002, ""width"": 1654, ""height"": 2339, ""gray_mean"": 245.4459, ""gray_stddev"": 27.8867, ""white_ratio"": 0.865891, ""entropy"": 1.9304, ""quality_flags"": []}",{},False
technical-media-0113,泰昌现状环境影响评估报告知识资料第001项,现状环境影响评估报告,128,绿色低碳资料,8e24f6a724ab97a277d1d2c86f891803db59984c28c196c5883f61389929cd77,parsed_outputs/power_grid_customer_corpus/customer_taichang_historical_bid_20260713/p1_01_knowledge_assets/泰昌现状环境影响评估报告知识资料第001项.jpeg,already_ingested,同一批次、同一候选已存在，幂等跳过,"[""09a73818-03d8-4986-9c7a-e0dc5e1890da""]","{""valid"": true, ""file_size"": 383947, ""width"": 2480, ""height"": 3507, ""gray_mean"": 221.5969, ""gray_stddev"": 32.453, ""white_ratio"": 0.306259, ""entropy"": 4.5746, ""quality_flags"": []}",{},False
technical-media-0114,泰昌现状环境影响评估报告知识资料第002项,现状环境影响评估报告,128,绿色低碳资料,7d1d24a2e7f12ae1c9d2e7ea02fe5edaec20cb1c540c8fae1abbcdfb2146f1ea,parsed_outputs/power_grid_customer_corpus/customer_taichang_historical_bid_20260713/p1_01_knowledge_assets/泰昌现状环境影响评估报告知识资料第002项.jpeg,already_ingested,同一批次、同一候选已存在，幂等跳过,"[""1d82318e-28d0-49db-a17a-93e4abb7a8b0""]","{""valid"": true, ""file_size"": 333763, ""width"": 1266, ""height"": 1794, ""gray_mean"": 243.194, ""gray_stddev"": 32.0052, ""white_ratio"": 0.812607, ""entropy"": 2.3177, ""quality_flags"": []}",{},False
technical-media-0115,泰昌现状环境影响评估报告知识资料第003项,现状环境影响评估报告,128,绿色低碳资料,bbe38d2c7dee30948389dc25fe42c074fce74c1c46189affee0900a8f77f7f96,parsed_outputs/power_grid_customer_corpus/customer_taichang_historical_bid_20260713/p1_01_knowledge_assets/泰昌现状环境影响评估报告知识资料第003项.jpeg,already_ingested,同一批次、同一候选已存在，幂等跳过,"[""1a134d5f-ffc1-47c5-9a18-1bdc408e335e""]","{""valid"": true, ""file_size"": 258058, ""width"": 1266, ""height"": 1794, ""gray_mean"": 246.7723, ""gray_stddev"": 26.9492, ""white_ratio"": 0.853439, ""entropy"": 2.0333, ""quality_flags"": []}",{},False
technical-media-0116,泰昌现状环境影响评估报告知识资料第004项,现状环境影响评估报告,128,绿色低碳资料,7dbc70784a36053d79fe5a601ad065eea400999a0660474e13993cd1c2f0d4bb,parsed_outputs/power_grid_customer_corpus/customer_taichang_historical_bid_20260713/p1_01_knowledge_assets/泰昌现状环境影响评估报告知识资料第004项.jpeg,already_ingested,同一批次、同一候选已存在，幂等跳过,"[""8eb39a45-fd25-4d8b-9578-dd3f0d534ab5""]","{""valid"": true, ""file_size"": 152388, ""width"": 1266, ""height"": 1794, ""gray_mean"": 249.7503, ""gray_stddev"": 23.3687, ""white_ratio"": 0.910675, ""entropy"": 1.2593, ""quality_flags"": []}",{},False
technical-media-0117,泰昌现状环境影响评估报告知识资料第005项,现状环境影响评估报告,128,绿色低碳资料,b2006428acf2873c9c774620c1721a97d2424928f4799409e86f08cc404af1d0,parsed_outputs/power_grid_customer_corpus/customer_taichang_historical_bid_20260713/p1_01_knowledge_assets/泰昌现状环境影响评估报告知识资料第005项.jpeg,already_ingested,同一批次、同一候选已存在，幂等跳过,"[""3887ebe4-e89a-4c06-aeb6-aa5d6751e534""]","{""valid"": true, ""file_size"": 443302, ""width"": 2480, ""height"": 3507, ""gray_mean"": 245.3061, ""gray_stddev"": 26.3298, ""white_ratio"": 0.755219, ""entropy"": 2.7637, ""quality_flags"": []}",{},False
technical-media-0118,泰昌现状环境影响评估报告知识资料第006项,现状环境影响评估报告,128,绿色低碳资料,993640090a656b25cdce4684e9464de4c040760296847853f703ad0c8c9b3d31,parsed_outputs/power_grid_customer_corpus/customer_taichang_historical_bid_20260713/p1_01_knowledge_assets/泰昌现状环境影响评估报告知识资料第006项.jpeg,already_ingested,同一批次、同一候选已存在，幂等跳过,"[""fd57d64e-57f8-4449-b7f6-8759b6ecd542""]","{""valid"": true, ""file_size"": 495844, ""width"": 2480, ""height"": 3507, ""gray_mean"": 242.677, ""gray_stddev"": 30.5685, ""white_ratio"": 0.735275, ""entropy"": 3.0004, ""quality_flags"": []}",{},False
technical-media-0119,泰昌现状环境影响评估报告知识资料第007项,现状环境影响评估报告,128,绿色低碳资料,47dfbd34a32b588e1bd59470918b25f7289664602e450bd4dd339ab559a8187f,parsed_outputs/power_grid_customer_corpus/customer_taichang_historical_bid_20260713/p1_01_knowledge_assets/泰昌现状环境影响评估报告知识资料第007项.jpeg,already_ingested,同一批次、同一候选已存在，幂等跳过,"[""b8e1d61c-057c-478d-980d-25c56c605133""]","{""valid"": true, ""file_size"": 193995, ""width"": 1266, ""height"": 1794, ""gray_mean"": 248.5015, ""gray_stddev"": 24.9961, ""white_ratio"": 0.88147, ""entropy"": 1.5776, ""quality_flags"": []}",{},False
technical-media-0120,泰昌现状环境影响评估报告知识资料第008项,现状环境影响评估报告,128,绿色低碳资料,15e045907d29a4fd81f083cf246a70d5248ae9a8d1bc55a2323e0dc4bbc56c46,parsed_outputs/power_grid_customer_corpus/customer_taichang_historical_bid_20260713/p1_01_knowledge_assets/泰昌现状环境影响评估报告知识资料第008项.jpeg,already_ingested,同一批次、同一候选已存在，幂等跳过,"[""8202c82a-5ee2-4f36-9b42-2dcc9a865737""]","{""valid"": true, ""file_size"": 438111, ""width"": 2480, ""height"": 3507, ""gray_mean"": 243.3444, ""gray_stddev"": 29.4071, ""white_ratio"": 0.761261, ""entropy"": 2.8695, ""quality_flags"": []}",{},False
technical-media-0121,泰昌现状环境影响评估报告知识资料第009项,现状环境影响评估报告,128,绿色低碳资料,bb7519dfc61be6ec193f527a77f0ec24c38205689472f95898e6b014f89d6215,parsed_outputs/power_grid_customer_corpus/customer_taichang_historical_bid_20260713/p1_01_knowledge_assets/泰昌现状环境影响评估报告知识资料第009项.jpeg,already_ingested,同一批次、同一候选已存在，幂等跳过,"[""cf52f585-5cb8-42ad-973c-099d440ed21c""]","{""valid"": true, ""file_size"": 405354, ""width"": 2480, ""height"": 3507, ""gray_mean"": 244.1088, ""gray_stddev"": 28.494, ""white_ratio"": 0.775192, ""entropy"": 2.7194, ""quality_flags"": []}",{},False
technical-media-0122,泰昌现状环境影响评估报告知识资料第010项,现状环境影响评估报告,128,绿色低碳资料,f3c5130a731320a4ffab7902dc3eba222c714806a4513c7a929684dc83d5e967,parsed_outputs/power_grid_customer_corpus/customer_taichang_historical_bid_20260713/p1_01_knowledge_assets/泰昌现状环境影响评估报告知识资料第010项.jpeg,already_ingested,同一批次、同一候选已存在，幂等跳过,"[""ce14ee8a-e30b-4a84-b183-8add8e8ff9e7""]","{""valid"": true, ""file_size"": 351375, ""width"": 1266, ""height"": 1794, ""gray_mean"": 246.0708, ""gray_stddev"": 27.313, ""white_ratio"": 0.823074, ""entropy"": 2.2555, ""quality_flags"": []}",{},False
technical-media-0123,泰昌现状环境影响评估报告知识资料第011项,现状环境影响评估报告,128,绿色低碳资料,94f33be3e1899ed94b2e5c206df57343762376b81c120427392ac0a2cb36152e,parsed_outputs/power_grid_customer_corpus/customer_taichang_historical_bid_20260713/p1_01_knowledge_assets/泰昌现状环境影响评估报告知识资料第011项.jpeg,already_ingested,同一批次、同一候选已存在，幂等跳过,"[""a498cf00-4192-4d23-a0a5-e32af6926daa""]","{""valid"": true, ""file_size"": 380077, ""width"": 2480, ""height"": 3507, ""gray_mean"": 245.3406, ""gray_stddev"": 27.333, ""white_ratio"": 0.798538, ""entropy"": 2.4869, ""quality_flags"": []}",{},False
technical-media-0124,泰昌现状环境影响评估报告知识资料第012项,现状环境影响评估报告,128,绿色低碳资料,643dd28150bce48492e553b7b7c74a5ca735a020e2888eff059df2a8522aae9a,parsed_outputs/power_grid_customer_corpus/customer_taichang_historical_bid_20260713/p1_01_knowledge_assets/泰昌现状环境影响评估报告知识资料第012项.jpeg,already_ingested,同一批次、同一候选已存在，幂等跳过,"[""9c8d6624-f18a-47c9-86d6-5a15bb505f7c""]","{""valid"": true, ""file_size"": 332275, ""width"": 1266, ""height"": 1794, ""gray_mean"": 245.9311, ""gray_stddev"": 28.3911, ""white_ratio"": 0.833023, ""entropy"": 2.1516, ""quality_flags"": []}",{},False
technical-media-0125,泰昌现状环境影响评估报告知识资料第013项,现状环境影响评估报告,128,绿色低碳资料,337bb43a0e8919924f3adf2f163ef5ffaa6eee59dfb0e9d9a2fc9b2589b1ad77,parsed_outputs/power_grid_customer_corpus/customer_taichang_historical_bid_20260713/p1_01_knowledge_assets/泰昌现状环境影响评估报告知识资料第013项.jpeg,already_ingested,同一批次、同一候选已存在，幂等跳过,"[""dd949743-2ebe-4677-9ed7-8102028716b4""]","{""valid"": true, ""file_size"": 406434, ""width"": 2480, ""height"": 3507, ""gray_mean"": 245.2575, ""gray_stddev"": 27.1943, ""white_ratio"": 0.794312, ""entropy"": 2.5505, ""quality_flags"": []}",{},False
technical-media-0126,泰昌现状环境影响评估报告知识资料第014项,现状环境影响评估报告,128,绿色低碳资料,5d95cd885079ef019a18453a0b9ec16a74e7078e1f9a91153cf5ce177412df7a,parsed_outputs/power_grid_customer_corpus/customer_taichang_historical_bid_20260713/p1_01_knowledge_assets/泰昌现状环境影响评估报告知识资料第014项.jpeg,already_ingested,同一批次、同一候选已存在，幂等跳过,"[""85829325-b22e-4c64-a6a0-3838357a5915""]","{""valid"": true, ""file_size"": 361702, ""width"": 1266, ""height"": 1794, ""gray_mean"": 244.4828, ""gray_stddev"": 28.6881, ""white_ratio"": 0.779144, ""entropy"": 2.6845, ""quality_flags"": []}",{},False
technical-media-0127,泰昌现状环境影响评估报告知识资料第015项,现状环境影响评估报告,128,绿色低碳资料,ab3353880325d22b5429960ecce976790704e263e9dcaae174eda29fdca3a8b8,parsed_outputs/power_grid_customer_corpus/customer_taichang_historical_bid_20260713/p1_01_knowledge_assets/泰昌现状环境影响评估报告知识资料第015项.jpeg,already_ingested,同一批次、同一候选已存在，幂等跳过,"[""e916c4c3-fd54-4f58-b871-39806325f108""]","{""valid"": true, ""file_size"": 402107, ""width"": 2480, ""height"": 3507, ""gray_mean"": 243.7723, ""gray_stddev"": 29.088, ""white_ratio"": 0.765839, ""entropy"": 2.8124, ""quality_flags"": []}",{},False
technical-media-0128,泰昌现状环境影响评估报告知识资料第016项,现状环境影响评估报告,128,绿色低碳资料,b2b9a951b94f1b3225135e52a2d8c223f6b73831b2c29cd6582dde1e4e2728fa,parsed_outputs/power_grid_customer_corpus/customer_taichang_historical_bid_20260713/p1_01_knowledge_assets/泰昌现状环境影响评估报告知识资料第016项.jpeg,already_ingested,同一批次、同一候选已存在，幂等跳过,"[""24cbb7d6-9003-4085-b24c-3849a596d875""]","{""valid"": true, ""file_size"": 404315, ""width"": 2480, ""height"": 3507, ""gray_mean"": 243.453, ""gray_stddev"": 29.8168, ""white_ratio"": 0.770477, ""entropy"": 2.7875, ""quality_flags"": []}",{},False
technical-media-0129,泰昌现状环境影响评估报告知识资料第017项,现状环境影响评估报告,128,绿色低碳资料,5ea7609d266696f2645b111297a8a8dfc1c44070fdddbc8fdb01c011148ec128,parsed_outputs/power_grid_customer_corpus/customer_taichang_historical_bid_20260713/p1_01_knowledge_assets/泰昌现状环境影响评估报告知识资料第017项.jpeg,already_ingested,同一批次、同一候选已存在，幂等跳过,"[""fc6922a1-b006-4aad-83a8-3fcabe2a3b30""]","{""valid"": true, ""file_size"": 394628, ""width"": 2480, ""height"": 3507, ""gray_mean"": 244.0106, ""gray_stddev"": 29.2163, ""white_ratio"": 0.778687, ""entropy"": 2.701, ""quality_flags"": []}",{},False
technical-media-0130,泰昌现状环境影响评估报告知识资料第018项,现状环境影响评估报告,128,绿色低碳资料,9f82795c7f45965df6390754dd848877022e96ad2efd54c8ec901a90eba09cbd,parsed_outputs/power_grid_customer_corpus/customer_taichang_historical_bid_20260713/p1_01_knowledge_assets/泰昌现状环境影响评估报告知识资料第018项.jpeg,already_ingested,同一批次、同一候选已存在，幂等跳过,"[""dc431793-1ab9-43ab-862e-060ef5165275""]","{""valid"": true, ""file_size"": 418923, ""width"": 2480, ""height"": 3507, ""gray_mean"": 245.1928, ""gray_stddev"": 25.0032, ""white_ratio"": 0.77449, ""entropy"": 2.7236, ""quality_flags"": []}",{},False
technical-media-0131,泰昌现状环境影响评估报告知识资料第019项,现状环境影响评估报告,128,绿色低碳资料,9101c0589ed2af680f3f5802b58af437004e37393b29e2aebd195ccc2dbb1727,parsed_outputs/power_grid_customer_corpus/customer_taichang_historical_bid_20260713/p1_01_knowledge_assets/泰昌现状环境影响评估报告知识资料第019项.jpeg,already_ingested,同一批次、同一候选已存在，幂等跳过,"[""8263c1aa-eb33-4011-ae4e-062924a2ea28""]","{""valid"": true, ""file_size"": 423828, ""width"": 2480, ""height"": 3507, ""gray_mean"": 243.6272, ""gray_stddev"": 29.7577, ""white_ratio"": 0.772141, ""entropy"": 2.7846, ""quality_flags"": []}",{},False
technical-media-0132,泰昌现状环境影响评估报告知识资料第020项,现状环境影响评估报告,128,绿色低碳资料,fde1f096c69e065fa4d3c87cc5d25a236f016387bb0dda50a3f649ad0c08120b,parsed_outputs/power_grid_customer_corpus/customer_taichang_historical_bid_20260713/p1_01_knowledge_assets/泰昌现状环境影响评估报告知识资料第020项.jpeg,already_ingested,同一批次、同一候选已存在，幂等跳过,"[""0855988a-79dd-4803-9f99-ad156fb8b8e1""]","{""valid"": true, ""file_size"": 433223, ""width"": 2480, ""height"": 3507, ""gray_mean"": 243.4471, ""gray_stddev"": 29.9425, ""white_ratio"": 0.770096, ""entropy"": 2.808, ""quality_flags"": []}",{},False
technical-media-0133,泰昌现状环境影响评估报告知识资料第021项,现状环境影响评估报告,128,绿色低碳资料,1cd65e41fc3658da45dc05011e34a75da83ebb6b4052950aa03944d8790d1d52,parsed_outputs/power_grid_customer_corpus/customer_taichang_historical_bid_20260713/p1_01_knowledge_assets/泰昌现状环境影响评估报告知识资料第021项.jpeg,already_ingested,同一批次、同一候选已存在，幂等跳过,"[""1d8275af-2587-4f95-aa8d-c9a0a8f5922d""]","{""valid"": true, ""file_size"": 429357, ""width"": 2480, ""height"": 3507, ""gray_mean"": 245.6522, ""gray_stddev"": 24.9185, ""white_ratio"": 0.779144, ""entropy"": 2.7018, ""quality_flags"": []}",{},False
technical-media-0134,泰昌现状环境影响评估报告知识资料第022项,现状环境影响评估报告,128,绿色低碳资料,9ef0a72b549a609ff1f0558d023bde09f694b3c13e4921e9b8d4e17c8ed444a4,parsed_outputs/power_grid_customer_corpus/customer_taichang_historical_bid_20260713/p1_01_knowledge_assets/泰昌现状环境影响评估报告知识资料第022项.jpeg,already_ingested,同一批次、同一候选已存在，幂等跳过,"[""25795628-7ee8-425b-85d2-089ff766c84b""]","{""valid"": true, ""file_size"": 358408, ""width"": 2480, ""height"": 3507, ""gray_mean"": 244.2661, ""gray_stddev"": 29.9112, ""white_ratio"": 0.796555, ""entropy"": 2.5271, ""quality_flags"": []}",{},False
technical-media-0135,泰昌现状环境影响评估报告知识资料第023项,现状环境影响评估报告,128,绿色低碳资料,effb6806b9ebdc8a5b5513850b40c367dd37d03cbde7661043049b8fc4e2586e,parsed_outputs/power_grid_customer_corpus/customer_taichang_historical_bid_20260713/p1_01_knowledge_assets/泰昌现状环境影响评估报告知识资料第023项.jpeg,already_ingested,同一批次、同一候选已存在，幂等跳过,"[""d8a83924-0cb2-46f2-9575-34b9158a364b""]","{""valid"": true, ""file_size"": 203769, ""width"": 1266, ""height"": 1794, ""gray_mean"": 242.6477, ""gray_stddev"": 36.9602, ""white_ratio"": 0.829666, ""entropy"": 2.162, ""quality_flags"": []}",{},False
technical-media-0136,泰昌现状环境影响评估报告知识资料第024项,现状环境影响评估报告,128,绿色低碳资料,ddc76de9a85a3849acdb1eb52e98e709b59b6567ac873daddf82fe35bd6d6437,parsed_outputs/power_grid_customer_corpus/customer_taichang_historical_bid_20260713/p1_01_knowledge_assets/泰昌现状环境影响评估报告知识资料第024项.jpeg,already_ingested,同一批次、同一候选已存在，幂等跳过,"[""7d0c6b63-c133-4ac4-b24e-4fdaacd70e10""]","{""valid"": true, ""file_size"": 466175, ""width"": 1266, ""height"": 1794, ""gray_mean"": 238.6513, ""gray_stddev"": 33.1161, ""white_ratio"": 0.700043, ""entropy"": 3.3618, ""quality_flags"": []}",{},False
technical-media-0137,泰昌现状环境影响评估报告知识资料第025项,现状环境影响评估报告,128,绿色低碳资料,9b9d318a5b35714f7c97340e8513925f924208545d8bfed4f3732cadf414bfc3,parsed_outputs/power_grid_customer_corpus/customer_taichang_historical_bid_20260713/p1_01_knowledge_assets/泰昌现状环境影响评估报告知识资料第025项.jpeg,already_ingested,同一批次、同一候选已存在，幂等跳过,"[""8e9a3c27-75aa-41f8-8de0-d4f5c0c722cd""]","{""valid"": true, ""file_size"": 489784, ""width"": 1266, ""height"": 1794, ""gray_mean"": 240.155, ""gray_stddev"": 29.1009, ""white_ratio"": 0.685242, ""entropy"": 3.3941, ""quality_flags"": []}",{},False
technical-media-0138,泰昌现状环境影响评估报告知识资料第026项,现状环境影响评估报告,128,绿色低碳资料,0e273dd622dc112d10f886b9e9cf0e9396bd3a9fb0d229ce2a36bbc3a4eee6de,parsed_outputs/power_grid_customer_corpus/customer_taichang_historical_bid_20260713/p1_01_knowledge_assets/泰昌现状环境影响评估报告知识资料第026项.jpeg,already_ingested,同一批次、同一候选已存在，幂等跳过,"[""9ffaf4dc-2164-4ef6-ba81-14d8c34c7d76""]","{""valid"": true, ""file_size"": 290189, ""width"": 1266, ""height"": 1794, ""gray_mean"": 243.6621, ""gray_stddev"": 27.0476, ""white_ratio"": 0.777573, ""entropy"": 2.5485, ""quality_flags"": []}",{},False
technical-media-0139,泰昌现状环境影响评估报告知识资料第027项,现状环境影响评估报告,128,绿色低碳资料,53f6d46711bf082d4ff78005278b662d65813d5db0ff022ac04c202ef78479cf,parsed_outputs/power_grid_customer_corpus/customer_taichang_historical_bid_20260713/p1_01_knowledge_assets/泰昌现状环境影响评估报告知识资料第027项.jpeg,already_ingested,同一批次、同一候选已存在，幂等跳过,"[""8e30d380-6595-43a9-91f4-aa3a841869fe""]","{""valid"": true, ""file_size"": 388715, ""width"": 2480, ""height"": 3507, ""gray_mean"": 244.0755, ""gray_stddev"": 29.212, ""white_ratio"": 0.769714, ""entropy"": 2.7608, ""quality_flags"": []}",{},False
technical-media-0140,泰昌现状环境影响评估报告知识资料第028项,现状环境影响评估报告,128,绿色低碳资料,b49f2c4536e09c3d482813a31cfb86512ef663a8256ab4f6c059b891254c8fce,parsed_outputs/power_grid_customer_corpus/customer_taichang_historical_bid_20260713/p1_01_knowledge_assets/泰昌现状环境影响评估报告知识资料第028项.jpeg,already_ingested,同一批次、同一候选已存在，幂等跳过,"[""b83a68cb-7ab1-46f2-ab2f-eb8f118ee042""]","{""valid"": true, ""file_size"": 399853, ""width"": 2480, ""height"": 3507, ""gray_mean"": 243.0672, ""gray_stddev"": 29.555, ""white_ratio"": 0.731155, ""entropy"": 3.1202, ""quality_flags"": []}",{},False
technical-media-0141,泰昌现状环境影响评估报告知识资料第029项,现状环境影响评估报告,128,绿色低碳资料,417d73c14cc0b1f060fe45a657b8b14feb353ec171c35b78bc52b6e31dde0d26,parsed_outputs/power_grid_customer_corpus/customer_taichang_historical_bid_20260713/p1_01_knowledge_assets/泰昌现状环境影响评估报告知识资料第029项.jpeg,already_ingested,同一批次、同一候选已存在，幂等跳过,"[""3322e837-a7fb-4350-9a15-e680b4cd7f79""]","{""valid"": true, ""file_size"": 206459, ""width"": 1266, ""height"": 896, ""gray_mean"": 188.7569, ""gray_stddev"": 84.6928, ""white_ratio"": 0.523117, ""entropy"": 4.6972, ""quality_flags"": []}",{},False
technical-media-0142,泰昌现状环境影响评估报告知识资料第030项,现状环境影响评估报告,128,绿色低碳资料,6b6bcf302f2a3973c57896d3392cbf1605e39946beb6b787d87fa01dd510982c,parsed_outputs/power_grid_customer_corpus/customer_taichang_historical_bid_20260713/p1_01_knowledge_assets/泰昌现状环境影响评估报告知识资料第030项.jpeg,already_ingested,同一批次、同一候选已存在，幂等跳过,"[""82ee005f-a634-4f25-b217-5be7b7d9b936""]","{""valid"": true, ""file_size"": 164415, ""width"": 1266, ""height"": 896, ""gray_mean"": 191.528, ""gray_stddev"": 81.7631, ""white_ratio"": 0.550766, ""entropy"": 4.3534, ""quality_flags"": []}",{},False
technical-media-0143,泰昌现状环境影响评估报告知识资料第031项,现状环境影响评估报告,128,绿色低碳资料,f212e0832ff0655ad235175054907ecb425c24ae146fcac6f985c1bc653d5454,parsed_outputs/power_grid_customer_corpus/customer_taichang_historical_bid_20260713/p1_01_knowledge_assets/泰昌现状环境影响评估报告知识资料第031项.jpeg,already_ingested,同一批次、同一候选已存在，幂等跳过,"[""743a4b4a-8890-486d-8da7-3acc1b2f7652""]","{""valid"": true, ""file_size"": 397247, ""width"": 2480, ""height"": 3507, ""gray_mean"": 245.8247, ""gray_stddev"": 28.0406, ""white_ratio"": 0.805328, ""entropy"": 2.4077, ""quality_flags"": []}",{},False
technical-media-0144,泰昌现状环境影响评估报告知识资料第032项,现状环境影响评估报告,128,绿色低碳资料,1e8ba91366960a93a8b9c2e40a6aaac7ee29c1e78829064315bd38a73604e69b,parsed_outputs/power_grid_customer_corpus/customer_taichang_historical_bid_20260713/p1_01_knowledge_assets/泰昌现状环境影响评估报告知识资料第032项.jpeg,already_ingested,同一批次、同一候选已存在，幂等跳过,"[""12e895c8-8074-469c-8338-9261640f2f15""]","{""valid"": true, ""file_size"": 437629, ""width"": 2480, ""height"": 3507, ""gray_mean"": 244.4487, ""gray_stddev"": 29.021, ""white_ratio"": 0.764999, ""entropy"": 2.7771, ""quality_flags"": []}",{},False
technical-media-0145,泰昌现状环境影响评估报告知识资料第033项,现状环境影响评估报告,128,绿色低碳资料,a739db0f454fd5b8b8d6c004aa76ac799a87e91c354fa1f1e68bd4770b8a9769,parsed_outputs/power_grid_customer_corpus/customer_taichang_historical_bid_20260713/p1_01_knowledge_assets/泰昌现状环境影响评估报告知识资料第033项.jpeg,already_ingested,同一批次、同一候选已存在，幂等跳过,"[""3d53dd26-e03e-4208-a2e4-7f6e64d4d6ca""]","{""valid"": true, ""file_size"": 369756, ""width"": 1266, ""height"": 1794, ""gray_mean"": 246.2288, ""gray_stddev"": 27.7005, ""white_ratio"": 0.79657, ""entropy"": 2.4817, ""quality_flags"": []}",{},False
technical-media-0146,泰昌现状环境影响评估报告知识资料第034项,现状环境影响评估报告,128,绿色低碳资料,41798c5585e51efa99ddb9c426d605290260772d3777ff07df3da9ee2ddce49d,parsed_outputs/power_grid_customer_corpus/customer_taichang_historical_bid_20260713/p1_01_knowledge_assets/泰昌现状环境影响评估报告知识资料第034项.jpeg,already_ingested,同一批次、同一候选已存在，幂等跳过,"[""6429b2be-acb0-4bb6-906d-ba59acae880b""]","{""valid"": true, ""file_size"": 330813, ""width"": 1266, ""height"": 1794, ""gray_mean"": 246.5181, ""gray_stddev"": 27.3773, ""white_ratio"": 0.787949, ""entropy"": 2.5582, ""quality_flags"": []}",{},False
technical-media-0147,泰昌现状环境影响评估报告知识资料第035项,现状环境影响评估报告,128,绿色低碳资料,2a956dd1af9c562e1d11cb772b1fed5372f2c909f657a8248ceaa0b9789bd4db,parsed_outputs/power_grid_customer_corpus/customer_taichang_historical_bid_20260713/p1_01_knowledge_assets/泰昌现状环境影响评估报告知识资料第035项.jpeg,already_ingested,同一批次、同一候选已存在，幂等跳过,"[""583520f5-1f3d-49ed-aee2-92d28b76b67c""]","{""valid"": true, ""file_size"": 374281, ""width"": 2480, ""height"": 3507, ""gray_mean"": 245.5972, ""gray_stddev"": 28.5624, ""white_ratio"": 0.78299, ""entropy"": 2.6361, ""quality_flags"": []}",{},False
technical-media-0148,泰昌现状环境影响评估报告知识资料第036项,现状环境影响评估报告,128,绿色低碳资料,871ffd8627f54298eecb96f601f44c1fa97c95ca987198599a376983ecd524fa,parsed_outputs/power_grid_customer_corpus/customer_taichang_historical_bid_20260713/p1_01_knowledge_assets/泰昌现状环境影响评估报告知识资料第036项.jpeg,already_ingested,同一批次、同一候选已存在，幂等跳过,"[""2b14de52-1ff2-4e2c-9318-f42401026e77""]","{""valid"": true, ""file_size"": 376258, ""width"": 2480, ""height"": 3507, ""gray_mean"": 245.4704, ""gray_stddev"": 28.9881, ""white_ratio"": 0.788162, ""entropy"": 2.5802, ""quality_flags"": []}",{},False
technical-media-0149,泰昌现状环境影响评估报告知识资料第037项,现状环境影响评估报告,128,绿色低碳资料,bf56d311bc5c6dbec05552d8a9e014d48927ac246bbf24d44c0e5d0552f2b70c,parsed_outputs/power_grid_customer_corpus/customer_taichang_historical_bid_20260713/p1_01_knowledge_assets/泰昌现状环境影响评估报告知识资料第037项.jpeg,already_ingested,同一批次、同一候选已存在，幂等跳过,"[""c306e8f4-435a-4a15-8760-55e4057f1e6e""]","{""valid"": true, ""file_size"": 322480, ""width"": 1266, ""height"": 1794, ""gray_mean"": 246.9527, ""gray_stddev"": 27.0857, ""white_ratio"": 0.841599, ""entropy"": 2.0502, ""quality_flags"": []}",{},False
technical-media-0150,泰昌现状环境影响评估报告知识资料第038项,现状环境影响评估报告,128,绿色低碳资料,1c7e013e3e83c60fa26505b89e460a79039dda45f9f77a1d670b663f0010de69,parsed_outputs/power_grid_customer_corpus/customer_taichang_historical_bid_20260713/p1_01_knowledge_assets/泰昌现状环境影响评估报告知识资料第038项.jpeg,already_ingested,同一批次、同一候选已存在，幂等跳过,"[""2d744016-5fc2-4f61-8f65-21842cad4392""]","{""valid"": true, ""file_size"": 376199, ""width"": 1266, ""height"": 1794, ""gray_mean"": 246.0511, ""gray_stddev"": 28.5076, ""white_ratio"": 0.81723, ""entropy"": 2.3059, ""quality_flags"": []}",{},False
technical-media-0151,泰昌现状环境影响评估报告知识资料第039项,现状环境影响评估报告,128,绿色低碳资料,bca34dbfdd132abbe5846da0514d7f96d60bab070d7cc1aba370f12223114617,parsed_outputs/power_grid_customer_corpus/customer_taichang_historical_bid_20260713/p1_01_knowledge_assets/泰昌现状环境影响评估报告知识资料第039项.jpeg,same_evidence_existing,现有资产已包含同名完整原始报告/资料，Word 内嵌页只作历史载体追溯,"[""052e8781-bcfc-4e74-8697-3617092ab8d9"", ""05c89e8e-c267-48dd-87fe-6e1380ac59ec"", ""06df5a2e-942e-4999-afdf-fdb790b95f5e"", ""0855988a-79dd-4803-9f99-ad156fb8b8e1"", ""088330b5-596d-4e76-8a53-9cc057a30fe8"", ""09a73818-03d8-4986-9c7a-e0dc5e1890da"", ""09c79ba6-164c-4819-a4d2-06e7100250da"", ""0acf4c7d-0140-446d-a15e-5490879f4451"", ""1043346d-60ad-42ed-9149-dbf3090022bf"", ""12e895c8-8074-469c-8338-9261640f2f15"", ""15a18f3a-c8a0-45bc-81ec-779e14002033"", ""178a880a-f43a-438a-856e-dc0fc8a73fcc"", ""1a134d5f-ffc1-47c5-9a18-1bdc408e335e"", ""1a1e051d-9614-4329-a9db-00ea11fa0034"", ""1d82318e-28d0-49db-a17a-93e4abb7a8b0"", ""1d8275af-2587-4f95-aa8d-c9a0a8f5922d"", ""21e380ec-7314-48d1-b783-e83855153d93"", ""24cbb7d6-9003-4085-b24c-3849a596d875"", ""25795628-7ee8-425b-85d2-089ff766c84b"", ""28326c9d-1c89-45d0-83a0-aceee9d770a9"", ""2aa9f9c3-a858-45c1-9873-c1470dd33bdf"", ""2b14de52-1ff2-4e2c-9318-f42401026e77"", ""2d02b58c-c0bc-488c-b1fd-81f938551b09"", ""2d25deeb-8907-42eb-9c39-97a70caeb165"", ""2d744016-5fc2-4f61-8f65-21842cad4392"", ""2f7cc7df-ffac-406a-9145-b362c6233e05"", ""30aa6435-a53b-4ae7-8769-6268ddd5b94e"", ""31d3a221-242f-4781-89bb-bbab202c9ac6"", ""324e7de1-1f77-4ffb-b37b-a53445d183fa"", ""3322e837-a7fb-4350-9a15-e680b4cd7f79"", ""35cc6b4d-7951-49ed-962b-a3f09a3b9969"", ""36b0bf90-891f-4f59-9c04-abe6e67bc088"", ""36d40965-db0f-4320-bab6-721017563b8f"", ""3887ebe4-e89a-4c06-aeb6-aa5d6751e534"", ""3a19f608-660c-4690-9808-09e9e38466bb"", ""3d33d0ec-19fa-4b4c-aa88-664594546ebc"", ""3d53dd26-e03e-4208-a2e4-7f6e64d4d6ca"", ""42b26dc2-44d9-4e55-9195-0ad40b0bff42"", ""442d9866-d02b-461e-888e-e1cbe0d606b3"", ""46eafef2-a20b-4f34-af73-ea0fa4045ff0"", ""46f6644c-1869-4c79-a1d1-650f9517b468"", ""47d867b4-4270-4fb9-ab6d-0aa5bebcf0dc"", ""4a1e9bae-9dcc-4d96-ba79-e1e6dcee5df3"", ""4aa64e7d-3f85-4377-acee-aeb8d05adf34"", ""50adfe77-a463-4b8c-b84a-a8062b29f3c5"", ""52b25796-984b-4a66-b57f-4e61fabbf66b"", ""583520f5-1f3d-49ed-aee2-92d28b76b67c"", ""58451b04-38f1-4eb6-abdc-e44a946c7c7f"", ""5eacd452-fa6d-4df5-91b0-3b45a6f4776a"", ""637876e1-f039-4f71-9b82-3fbb6230f8ae"", ""6429b2be-acb0-4bb6-906d-ba59acae880b"", ""6991767a-326c-404f-b4e8-4dd71fe1faf8"", ""6bd59f25-9bcc-407a-a000-c6b16b20cd91"", ""6e203a4f-e0e4-49b8-aae9-632f591c2b5e"", ""7056e771-7303-4e07-a7fc-5abedd6d1f2a"", ""73af8b40-199f-4991-847d-bc5353927035"", ""743a4b4a-8890-486d-8da7-3acc1b2f7652"", ""7d0c6b63-c133-4ac4-b24e-4fdaacd70e10"", ""8202c82a-5ee2-4f36-9b42-2dcc9a865737"", ""8263c1aa-eb33-4011-ae4e-062924a2ea28"", ""82ee005f-a634-4f25-b217-5be7b7d9b936"", ""85829325-b22e-4c64-a6a0-3838357a5915"", ""8e30d380-6595-43a9-91f4-aa3a841869fe"", ""8e9a3c27-75aa-41f8-8de0-d4f5c0c722cd"", ""8eb39a45-fd25-4d8b-9578-dd3f0d534ab5"", ""92eef02b-5f36-438b-82ea-345795e8e306"", ""93f20f36-630c-4312-b193-a9898ce6d58a"", ""9860741e-e8c6-4315-8ad6-aae3199201da"", ""98788221-54e7-473b-80b3-e5511f82edee"", ""9c8d6624-f18a-47c9-86d6-5a15bb505f7c"", ""9f172998-c2ab-411e-a666-7ffc8c3a866f"", ""9ffaf4dc-2164-4ef6-ba81-14d8c34c7d76"", ""a320c2fd-7028-4e7d-8b1b-ad97203d3c5c"", ""a498cf00-4192-4d23-a0a5-e32af6926daa"", ""ac9122dd-b22b-4f5c-9581-f7a056700d1d"", ""afee7274-2140-49b9-9a38-b6beacd36591"", ""b192549d-dca7-4eb9-a929-c4c278f80ee9"", ""b6e4f6e4-0530-4202-b924-d60fef3f265a"", ""b83a68cb-7ab1-46f2-ab2f-eb8f118ee042"", ""b888ade6-42bf-4f2e-b1f4-da9cdea7d0a2"", ""b8e1d61c-057c-478d-980d-25c56c605133"", ""bea26dbe-5972-42bb-9149-b9be0b405d7e"", ""c306e8f4-435a-4a15-8760-55e4057f1e6e"", ""c44f8e81-ab5a-42c5-8bc1-56716d6a902c"", ""c54a0fd3-295c-43ec-aab0-a663204edde8"", ""ca9e2fff-b1e7-4feb-bcdb-3f6ae5310577"", ""caa00e73-991c-4fb0-8b25-c69d04cf8e61"", ""ce14ee8a-e30b-4a84-b183-8add8e8ff9e7"", ""cf52f585-5cb8-42ad-973c-099d440ed21c"", ""d40b2f53-718d-4197-818d-2c20e78babaa"", ""d66b8aad-a5b9-4e9f-a890-ad3709fd9e47"", ""d8a83924-0cb2-46f2-9575-34b9158a364b"", ""d8bc9d25-c7fb-43c2-8edc-596b802d1a1c"", ""dc431793-1ab9-43ab-862e-060ef5165275"", ""dd949743-2ebe-4677-9ed7-8102028716b4"", ""e16e6951-ced5-4174-aadd-4d76841d8d8e"", ""e81b9816-9f74-4e6c-9621-79c1f6d2fbbb"", ""e916c4c3-fd54-4f58-b871-39806325f108"", ""eae23b8a-2572-41d2-9929-5a363c48fb3a"", ""eddaf285-ee1b-463c-a31e-35bfee5a9a8e"", ""efda18eb-40c9-4ddf-8bdc-92202b573398"", ""f4949e0d-3bff-40ea-bf50-8a1dcfc65fb4"", ""f5aa4e58-ad9f-443f-98ce-bb2d84296699"", ""f5c25554-622e-43e1-bd96-5bc1a4f25ba3"", ""fc6922a1-b006-4aad-83a8-3fcabe2a3b30"", ""fd57d64e-57f8-4449-b7f6-8759b6ecd542""]","{""valid"": true, ""file_size"": 97104, ""width"": 1266, ""height"": 1794, ""gray_mean"": 249.7289, ""gray_stddev"": 26.7672, ""white_ratio"": 0.92485, ""entropy"": 1.0597, ""quality_flags"": []}",{},False
technical-media-0152,泰昌现状环境影响评估报告知识资料第040项,现状环境影响评估报告,128,绿色低碳资料,18348308a8332af1996b520bb9dc3696f270bca917164b594fa7aa26fce3ab03,parsed_outputs/power_grid_customer_corpus/customer_taichang_historical_bid_20260713/p1_01_knowledge_assets/泰昌现状环境影响评估报告知识资料第040项.jpeg,already_ingested,同一批次、同一候选已存在，幂等跳过,"[""a320c2fd-7028-4e7d-8b1b-ad97203d3c5c""]","{""valid"": true, ""file_size"": 428214, ""width"": 2480, ""height"": 3507, ""gray_mean"": 244.3094, ""gray_stddev"": 28.9486, ""white_ratio"": 0.752975, ""entropy"": 2.8177, ""quality_flags"": []}",{},False
technical-media-0153,泰昌现状环境影响评估报告知识资料第041项,现状环境影响评估报告,128,绿色低碳资料,8aa3d95c2441e97a841b07a055ec1ece0fc01eb47b21b1cd1682559728380b17,parsed_outputs/power_grid_customer_corpus/customer_taichang_historical_bid_20260713/p1_01_knowledge_assets/泰昌现状环境影响评估报告知识资料第041项.jpeg,already_ingested,同一批次、同一候选已存在，幂等跳过,"[""35cc6b4d-7951-49ed-962b-a3f09a3b9969""]","{""valid"": true, ""file_size"": 370414, ""width"": 1266, ""height"": 1794, ""gray_mean"": 245.845, ""gray_stddev"": 28.6956, ""white_ratio"": 0.804871, ""entropy"": 2.3867, ""quality_flags"": []}",{},False
technical-media-0154,泰昌现状环境影响评估报告知识资料第042项,现状环境影响评估报告,128,绿色低碳资料,f2ef0fafdab33a4e5754499e6b278d394edc213af79a42cee4a65893202dcdfe,parsed_outputs/power_grid_customer_corpus/customer_taichang_historical_bid_20260713/p1_01_knowledge_assets/泰昌现状环境影响评估报告知识资料第042项.jpeg,already_ingested,同一批次、同一候选已存在，幂等跳过,"[""9860741e-e8c6-4315-8ad6-aae3199201da""]","{""valid"": true, ""file_size"": 251177, ""width"": 1266, ""height"": 1794, ""gray_mean"": 248.0698, ""gray_stddev"": 27.0251, ""white_ratio"": 0.878052, ""entropy"": 1.7003, ""quality_flags"": []}",{},False
technical-media-0155,泰昌现状环境影响评估报告知识资料第043项,现状环境影响评估报告,128,绿色低碳资料,6e0a38902e07eb3cf7b3c7129038072811972cc7f9d8ed628be4cd0b9c055686,parsed_outputs/power_grid_customer_corpus/customer_taichang_historical_bid_20260713/p1_01_knowledge_assets/泰昌现状环境影响评估报告知识资料第043项.jpeg,already_ingested,同一批次、同一候选已存在，幂等跳过,"[""46eafef2-a20b-4f34-af73-ea0fa4045ff0""]","{""valid"": true, ""file_size"": 321443, ""width"": 1266, ""height"": 1794, ""gray_mean"": 246.758, ""gray_stddev"": 28.2656, ""white_ratio"": 0.83963, ""entropy"": 2.0561, ""quality_flags"": []}",{},False
technical-media-0157,泰昌现状环境影响评估报告知识资料第044项,现状环境影响评估报告,128,绿色低碳资料,e1bbebc6d77785cff773f9c567c12d8ae18edf6b4e28a358aad71cebf3ca45ad,parsed_outputs/power_grid_customer_corpus/customer_taichang_historical_bid_20260713/p1_01_knowledge_assets/泰昌现状环境影响评估报告知识资料第044项.jpeg,already_ingested,同一批次、同一候选已存在，幂等跳过,"[""73af8b40-199f-4991-847d-bc5353927035""]","{""valid"": true, ""file_size"": 328598, ""width"": 2480, ""height"": 3507, ""gray_mean"": 237.1952, ""gray_stddev"": 44.6297, ""white_ratio"": 0.763077, ""entropy"": 2.888, ""quality_flags"": []}",{},False
technical-media-0158,泰昌现状环境影响评估报告知识资料第045项,现状环境影响评估报告,128,绿色低碳资料,269e306f8cf107e4ad1c07fbdbdfc1ed657665c35e371076750635f54aab7be2,parsed_outputs/power_grid_customer_corpus/customer_taichang_historical_bid_20260713/p1_01_knowledge_assets/泰昌现状环境影响评估报告知识资料第045项.jpeg,already_ingested,同一批次、同一候选已存在，幂等跳过,"[""50adfe77-a463-4b8c-b84a-a8062b29f3c5""]","{""valid"": true, ""file_size"": 319289, ""width"": 2480, ""height"": 3507, ""gray_mean"": 232.2175, ""gray_stddev"": 50.9732, ""white_ratio"": 0.74765, ""entropy"": 3.032, ""quality_flags"": []}",{},False
technical-media-0159,泰昌现状环境影响评估报告知识资料第046项,现状环境影响评估报告,128,绿色低碳资料,7d91cb870a134b93ad4e202c98e774675faef2396d0586c93052a77bed478d61,parsed_outputs/power_grid_customer_corpus/customer_taichang_historical_bid_20260713/p1_01_knowledge_assets/泰昌现状环境影响评估报告知识资料第046项.jpeg,already_ingested,同一批次、同一候选已存在，幂等跳过,"[""b192549d-dca7-4eb9-a929-c4c278f80ee9""]","{""valid"": true, ""file_size"": 476369, ""width"": 2480, ""height"": 3507, ""gray_mean"": 244.4422, ""gray_stddev"": 28.2765, ""white_ratio"": 0.767105, ""entropy"": 2.7864, ""quality_flags"": []}",{},False
technical-media-0160,泰昌现状环境影响评估报告知识资料第047项,现状环境影响评估报告,128,绿色低碳资料,44f89d0468be8babad49b3f2e36540d8493bf3b16b2c9b9ab06587ac075c99af,parsed_outputs/power_grid_customer_corpus/customer_taichang_historical_bid_20260713/p1_01_knowledge_assets/泰昌现状环境影响评估报告知识资料第047项.jpeg,already_ingested,同一批次、同一候选已存在，幂等跳过,"[""09c79ba6-164c-4819-a4d2-06e7100250da""]","{""valid"": true, ""file_size"": 397800, ""width"": 2480, ""height"": 3507, ""gray_mean"": 245.8062, ""gray_stddev"": 28.2156, ""white_ratio"": 0.807953, ""entropy"": 2.3865, ""quality_flags"": []}",{},False
technical-media-0161,泰昌现状环境影响评估报告知识资料第048项,现状环境影响评估报告,128,绿色低碳资料,18329592421b0465a8eae366d7b8ddb4dd2edb125563ec73e6ca35b8126ec0cc,parsed_outputs/power_grid_customer_corpus/customer_taichang_historical_bid_20260713/p1_01_knowledge_assets/泰昌现状环境影响评估报告知识资料第048项.jpeg,already_ingested,同一批次、同一候选已存在，幂等跳过,"[""9f172998-c2ab-411e-a666-7ffc8c3a866f""]","{""valid"": true, ""file_size"": 161928, ""width"": 1266, ""height"": 1794, ""gray_mean"": 249.2502, ""gray_stddev"": 26.2669, ""white_ratio"": 0.907684, ""entropy"": 1.3163, ""quality_flags"": []}",{},False
technical-media-0162,泰昌现状环境影响评估报告知识资料第049项,现状环境影响评估报告,128,绿色低碳资料,facc29f07481a92ebc54e2955cda7cd244514dbaf349a3bfe5f6b3a9faa73ebf,parsed_outputs/power_grid_customer_corpus/customer_taichang_historical_bid_20260713/p1_01_knowledge_assets/泰昌现状环境影响评估报告知识资料第049项.jpeg,already_ingested,同一批次、同一候选已存在，幂等跳过,"[""e81b9816-9f74-4e6c-9621-79c1f6d2fbbb""]","{""valid"": true, ""file_size"": 267329, ""width"": 1266, ""height"": 1794, ""gray_mean"": 248.0284, ""gray_stddev"": 26.0803, ""white_ratio"": 0.868439, ""entropy"": 1.7511, ""quality_flags"": []}",{},False
technical-media-0163,泰昌现状环境影响评估报告知识资料第050项,现状环境影响评估报告,128,绿色低碳资料,ebed20ff147f06734b2c3a5faa8d28a47ee6ad6a0cc13a7c9100ad7c303c138c,parsed_outputs/power_grid_customer_corpus/customer_taichang_historical_bid_20260713/p1_01_knowledge_assets/泰昌现状环境影响评估报告知识资料第050项.jpeg,already_ingested,同一批次、同一候选已存在，幂等跳过,"[""c44f8e81-ab5a-42c5-8bc1-56716d6a902c""]","{""valid"": true, ""file_size"": 273778, ""width"": 1266, ""height"": 1794, ""gray_mean"": 247.2931, ""gray_stddev"": 27.6538, ""white_ratio"": 0.853912, ""entropy"": 1.9256, ""quality_flags"": []}",{},False
technical-media-0164,泰昌现状环境影响评估报告知识资料第051项,现状环境影响评估报告,128,绿色低碳资料,847fe1a5345c69c02ea02954267b1969a982b0e88e0ac0df0e5cbcea262fe666,parsed_outputs/power_grid_customer_corpus/customer_taichang_historical_bid_20260713/p1_01_knowledge_assets/泰昌现状环境影响评估报告知识资料第051项.jpeg,already_ingested,同一批次、同一候选已存在，幂等跳过,"[""52b25796-984b-4a66-b57f-4e61fabbf66b""]","{""valid"": true, ""file_size"": 179546, ""width"": 1266, ""height"": 896, ""gray_mean"": 193.245, ""gray_stddev"": 79.4389, ""white_ratio"": 0.556656, ""entropy"": 4.3451, ""quality_flags"": []}",{},False
technical-media-0165,泰昌现状环境影响评估报告知识资料第052项,现状环境影响评估报告,128,绿色低碳资料,3fb9454388d631aefc554557d507b3e941463ad6f213e0625178484062938709,parsed_outputs/power_grid_customer_corpus/customer_taichang_historical_bid_20260713/p1_01_knowledge_assets/泰昌现状环境影响评估报告知识资料第052项.jpeg,already_ingested,同一批次、同一候选已存在，幂等跳过,"[""ac9122dd-b22b-4f5c-9581-f7a056700d1d""]","{""valid"": true, ""file_size"": 387792, ""width"": 1266, ""height"": 1794, ""gray_mean"": 246.2424, ""gray_stddev"": 27.0726, ""white_ratio"": 0.81546, ""entropy"": 2.3096, ""quality_flags"": []}",{},False
technical-media-0166,泰昌现状环境影响评估报告知识资料第053项,现状环境影响评估报告,128,绿色低碳资料,05f4b06d246a57b210272ed5903492eba4a2bd2ad491d2f3e13c8c49a9577a34,parsed_outputs/power_grid_customer_corpus/customer_taichang_historical_bid_20260713/p1_01_knowledge_assets/泰昌现状环境影响评估报告知识资料第053项.jpeg,already_ingested,同一批次、同一候选已存在，幂等跳过,"[""5eacd452-fa6d-4df5-91b0-3b45a6f4776a""]","{""valid"": true, ""file_size"": 304347, ""width"": 1266, ""height"": 1794, ""gray_mean"": 246.7769, ""gray_stddev"": 28.6872, ""white_ratio"": 0.845947, ""entropy"": 2.0416, ""quality_flags"": []}",{},False
technical-media-0167,泰昌现状环境影响评估报告知识资料第054项,现状环境影响评估报告,128,绿色低碳资料,cbd8af6f26ad8af3224556f11cde29734d793e4f9933ab615eb0b69b6839503e,parsed_outputs/power_grid_customer_corpus/customer_taichang_historical_bid_20260713/p1_01_knowledge_assets/泰昌现状环境影响评估报告知识资料第054项.jpeg,already_ingested,同一批次、同一候选已存在，幂等跳过,"[""42b26dc2-44d9-4e55-9195-0ad40b0bff42""]","{""valid"": true, ""file_size"": 232935, ""width"": 1266, ""height"": 1794, ""gray_mean"": 248.5135, ""gray_stddev"": 25.6269, ""white_ratio"": 0.878845, ""entropy"": 1.6207, ""quality_flags"": []}",{},False
technical-media-0168,泰昌现状环境影响评估报告知识资料第055项,现状环境影响评估报告,128,绿色低碳资料,f7278568c39d6478d664fa407a160c3ffe34868878f57e0349cd487a90ddebea,parsed_outputs/power_grid_customer_corpus/customer_taichang_historical_bid_20260713/p1_01_knowledge_assets/泰昌现状环境影响评估报告知识资料第055项.jpeg,already_ingested,同一批次、同一候选已存在，幂等跳过,"[""6bd59f25-9bcc-407a-a000-c6b16b20cd91""]","{""valid"": true, ""file_size"": 416970, ""width"": 2480, ""height"": 3507, ""gray_mean"": 244.9502, ""gray_stddev"": 29.105, ""white_ratio"": 0.795853, ""entropy"": 2.5387, ""quality_flags"": []}",{},False
technical-media-0169,泰昌现状环境影响评估报告知识资料第056项,现状环境影响评估报告,128,绿色低碳资料,dcd1e45b50b3de0e2e72ded6100dbae5273e076edcee57b0e5724d3ab2985c96,parsed_outputs/power_grid_customer_corpus/customer_taichang_historical_bid_20260713/p1_01_knowledge_assets/泰昌现状环境影响评估报告知识资料第056项.jpeg,already_ingested,同一批次、同一候选已存在，幂等跳过,"[""f5c25554-622e-43e1-bd96-5bc1a4f25ba3""]","{""valid"": true, ""file_size"": 197400, ""width"": 1266, ""height"": 896, ""gray_mean"": 191.1637, ""gray_stddev"": 82.0458, ""white_ratio"": 0.542953, ""entropy"": 4.5184, ""quality_flags"": []}",{},False
technical-media-0170,泰昌现状环境影响评估报告知识资料第057项,现状环境影响评估报告,128,绿色低碳资料,8c56379e9694a11d96eb0c6a50ec166ed7b9112cb6e68456541d273b9e032973,parsed_outputs/power_grid_customer_corpus/customer_taichang_historical_bid_20260713/p1_01_knowledge_assets/泰昌现状环境影响评估报告知识资料第057项.jpeg,already_ingested,同一批次、同一候选已存在，幂等跳过,"[""30aa6435-a53b-4ae7-8769-6268ddd5b94e""]","{""valid"": true, ""file_size"": 210879, ""width"": 1266, ""height"": 896, ""gray_mean"": 190.4025, ""gray_stddev"": 81.0141, ""white_ratio"": 0.516647, ""entropy"": 4.7156, ""quality_flags"": []}",{},False
technical-media-0171,泰昌现状环境影响评估报告知识资料第058项,现状环境影响评估报告,128,绿色低碳资料,2642135ea4252a275889b714cbd77d43daf2f7493cffa16c1da72e958492331f,parsed_outputs/power_grid_customer_corpus/customer_taichang_historical_bid_20260713/p1_01_knowledge_assets/泰昌现状环境影响评估报告知识资料第058项.jpeg,already_ingested,同一批次、同一候选已存在，幂等跳过,"[""46f6644c-1869-4c79-a1d1-650f9517b468""]","{""valid"": true, ""file_size"": 175099, ""width"": 1266, ""height"": 1794, ""gray_mean"": 249.9855, ""gray_stddev"": 23.1135, ""white_ratio"": 0.902634, ""entropy"": 1.3701, ""quality_flags"": []}",{},False
technical-media-0172,泰昌现状环境影响评估报告知识资料第059项,现状环境影响评估报告,128,绿色低碳资料,fc06fdde27589a33293da753a475ca4b0eab633d3b045bb1d5665ea099346689,parsed_outputs/power_grid_customer_corpus/customer_taichang_historical_bid_20260713/p1_01_knowledge_assets/泰昌现状环境影响评估报告知识资料第059项.jpeg,already_ingested,同一批次、同一候选已存在，幂等跳过,"[""1a1e051d-9614-4329-a9db-00ea11fa0034""]","{""valid"": true, ""file_size"": 84387, ""width"": 1266, ""height"": 896, ""gray_mean"": 193.2792, ""gray_stddev"": 84.8507, ""white_ratio"": 0.633774, ""entropy"": 3.3554, ""quality_flags"": []}",{},False
technical-media-0173,泰昌现状环境影响评估报告知识资料第060项,现状环境影响评估报告,128,绿色低碳资料,1f45ed5a92289b7d52916072c8c6765fdba68b466a715c6bcdd8880bc3cc4264,parsed_outputs/power_grid_customer_corpus/customer_taichang_historical_bid_20260713/p1_01_knowledge_assets/泰昌现状环境影响评估报告知识资料第060项.jpeg,already_ingested,同一批次、同一候选已存在，幂等跳过,"[""bea26dbe-5972-42bb-9149-b9be0b405d7e""]","{""valid"": true, ""file_size"": 137259, ""width"": 1266, ""height"": 896, ""gray_mean"": 194.89, ""gray_stddev"": 80.7445, ""white_ratio"": 0.583725, ""entropy"": 4.134, ""quality_flags"": []}",{},False
technical-media-0174,泰昌现状环境影响评估报告知识资料第061项,现状环境影响评估报告,128,绿色低碳资料,956246a8565a665e992559009d3e50fe72f82a3b5061f867434f6970bd662bf8,parsed_outputs/power_grid_customer_corpus/customer_taichang_historical_bid_20260713/p1_01_knowledge_assets/泰昌现状环境影响评估报告知识资料第061项.jpeg,already_ingested,同一批次、同一候选已存在，幂等跳过,"[""7056e771-7303-4e07-a7fc-5abedd6d1f2a""]","{""valid"": true, ""file_size"": 249633, ""width"": 1266, ""height"": 896, ""gray_mean"": 160.8886, ""gray_stddev"": 81.3504, ""white_ratio"": 0.369278, ""entropy"": 5.6791, ""quality_flags"": []}",{},False
technical-media-0175,泰昌现状环境影响评估报告知识资料第062项,现状环境影响评估报告,128,绿色低碳资料,d6f2b92d37e226bd9831d2cdd69d5831e349b5fa6e516ca82c7cb59f2c12ff44,parsed_outputs/power_grid_customer_corpus/customer_taichang_historical_bid_20260713/p1_01_knowledge_assets/泰昌现状环境影响评估报告知识资料第062项.jpeg,already_ingested,同一批次、同一候选已存在，幂等跳过,"[""d40b2f53-718d-4197-818d-2c20e78babaa""]","{""valid"": true, ""file_size"": 111652, ""width"": 1266, ""height"": 896, ""gray_mean"": 192.4208, ""gray_stddev"": 83.6981, ""white_ratio"": 0.602707, ""entropy"": 3.7951, ""quality_flags"": []}",{},False
technical-media-0176,泰昌现状环境影响评估报告知识资料第063项,现状环境影响评估报告,128,绿色低碳资料,6fa27dea07c981162df28142bfc4c1ce01fcaf783d97be985a27fde80b3ed6cc,parsed_outputs/power_grid_customer_corpus/customer_taichang_historical_bid_20260713/p1_01_knowledge_assets/泰昌现状环境影响评估报告知识资料第063项.jpeg,already_ingested,同一批次、同一候选已存在，幂等跳过,"[""28326c9d-1c89-45d0-83a0-aceee9d770a9""]","{""valid"": true, ""file_size"": 115822, ""width"": 1266, ""height"": 896, ""gray_mean"": 195.9511, ""gray_stddev"": 79.6618, ""white_ratio"": 0.605698, ""entropy"": 3.8173, ""quality_flags"": []}",{},False
technical-media-0177,泰昌现状环境影响评估报告知识资料第064项,现状环境影响评估报告,128,绿色低碳资料,9a1776a672141ffda9d63b7eaa4afb36725933fac1a0065ab1a310f9875d65e7,parsed_outputs/power_grid_customer_corpus/customer_taichang_historical_bid_20260713/p1_01_knowledge_assets/泰昌现状环境影响评估报告知识资料第064项.jpeg,already_ingested,同一批次、同一候选已存在，幂等跳过,"[""2d25deeb-8907-42eb-9c39-97a70caeb165""]","{""valid"": true, ""file_size"": 226173, ""width"": 1266, ""height"": 896, ""gray_mean"": 188.8826, ""gray_stddev"": 82.082, ""white_ratio"": 0.531036, ""entropy"": 4.7804, ""quality_flags"": []}",{},False
technical-media-0178,泰昌现状环境影响评估报告知识资料第065项,现状环境影响评估报告,128,绿色低碳资料,797052cc7e24168b5eb3eeb8634c6208769b4e3f766e6ad3b262b5d3738a9ef0,parsed_outputs/power_grid_customer_corpus/customer_taichang_historical_bid_20260713/p1_01_knowledge_assets/泰昌现状环境影响评估报告知识资料第065项.jpeg,already_ingested,同一批次、同一候选已存在，幂等跳过,"[""1043346d-60ad-42ed-9149-dbf3090022bf""]","{""valid"": true, ""file_size"": 104827, ""width"": 1266, ""height"": 896, ""gray_mean"": 192.4647, ""gray_stddev"": 85.3257, ""white_ratio"": 0.615982, ""entropy"": 3.6047, ""quality_flags"": []}",{},False
technical-media-0179,泰昌现状环境影响评估报告知识资料第066项,现状环境影响评估报告,128,绿色低碳资料,1d7699a120bdd2cff304c017d6b48f3a9853a3bd089393399ef749a5a0e1c81f,parsed_outputs/power_grid_customer_corpus/customer_taichang_historical_bid_20260713/p1_01_knowledge_assets/泰昌现状环境影响评估报告知识资料第066项.jpeg,already_ingested,同一批次、同一候选已存在，幂等跳过,"[""324e7de1-1f77-4ffb-b37b-a53445d183fa""]","{""valid"": true, ""file_size"": 106652, ""width"": 1266, ""height"": 896, ""gray_mean"": 193.9406, ""gray_stddev"": 83.5656, ""white_ratio"": 0.61528, ""entropy"": 3.7342, ""quality_flags"": []}",{},False
technical-media-0180,泰昌现状环境影响评估报告知识资料第067项,现状环境影响评估报告,128,绿色低碳资料,4d06d19fa6e8a901b8b884ca585698c4a397edf97723016fd740b60048cdd182,parsed_outputs/power_grid_customer_corpus/customer_taichang_historical_bid_20260713/p1_01_knowledge_assets/泰昌现状环境影响评估报告知识资料第067项.jpeg,already_ingested,同一批次、同一候选已存在，幂等跳过,"[""3a19f608-660c-4690-9808-09e9e38466bb""]","{""valid"": true, ""file_size"": 140607, ""width"": 1266, ""height"": 896, ""gray_mean"": 192.9055, ""gray_stddev"": 82.8742, ""white_ratio"": 0.590149, ""entropy"": 3.9394, ""quality_flags"": []}",{},False
technical-media-0181,泰昌现状环境影响评估报告知识资料第068项,现状环境影响评估报告,128,绿色低碳资料,45195f8bee4e47710ca597eb6c3c3ebceb3284c6db080bb71b2918601271b7a4,parsed_outputs/power_grid_customer_corpus/customer_taichang_historical_bid_20260713/p1_01_knowledge_assets/泰昌现状环境影响评估报告知识资料第068项.jpeg,already_ingested,同一批次、同一候选已存在，幂等跳过,"[""efda18eb-40c9-4ddf-8bdc-92202b573398""]","{""valid"": true, ""file_size"": 208542, ""width"": 1266, ""height"": 896, ""gray_mean"": 190.7289, ""gray_stddev"": 83.095, ""white_ratio"": 0.517136, ""entropy"": 4.6495, ""quality_flags"": []}",{},False
technical-media-0182,泰昌现状环境影响评估报告知识资料第069项,现状环境影响评估报告,128,绿色低碳资料,129a7e6af77b22cf1ef6b1b9045682366e629a2644581f2f60e15a8456b0ea65,parsed_outputs/power_grid_customer_corpus/customer_taichang_historical_bid_20260713/p1_01_knowledge_assets/泰昌现状环境影响评估报告知识资料第069项.jpeg,already_ingested,同一批次、同一候选已存在，幂等跳过,"[""3d33d0ec-19fa-4b4c-aa88-664594546ebc""]","{""valid"": true, ""file_size"": 202532, ""width"": 1266, ""height"": 896, ""gray_mean"": 189.2247, ""gray_stddev"": 84.8618, ""white_ratio"": 0.500519, ""entropy"": 4.6325, ""quality_flags"": []}",{},False
technical-media-0183,泰昌现状环境影响评估报告知识资料第070项,现状环境影响评估报告,128,绿色低碳资料,dbf025261d689648d4ab7cdd250880b270f8f7fee1256266f7a1cde87d8ffcb9,parsed_outputs/power_grid_customer_corpus/customer_taichang_historical_bid_20260713/p1_01_knowledge_assets/泰昌现状环境影响评估报告知识资料第070项.jpeg,already_ingested,同一批次、同一候选已存在，幂等跳过,"[""2d02b58c-c0bc-488c-b1fd-81f938551b09""]","{""valid"": true, ""file_size"": 203290, ""width"": 1266, ""height"": 896, ""gray_mean"": 188.6503, ""gray_stddev"": 85.2696, ""white_ratio"": 0.492844, ""entropy"": 4.6435, ""quality_flags"": []}",{},False
technical-media-0184,泰昌现状环境影响评估报告知识资料第071项,现状环境影响评估报告,128,绿色低碳资料,2a1c872b67a3a7db46b3313009322a8dcdff534a9700896b85c340d3f3805783,parsed_outputs/power_grid_customer_corpus/customer_taichang_historical_bid_20260713/p1_01_knowledge_assets/泰昌现状环境影响评估报告知识资料第071项.jpeg,already_ingested,同一批次、同一候选已存在，幂等跳过,"[""d8bc9d25-c7fb-43c2-8edc-596b802d1a1c""]","{""valid"": true, ""file_size"": 145662, ""width"": 1266, ""height"": 896, ""gray_mean"": 189.8349, ""gray_stddev"": 86.636, ""white_ratio"": 0.553604, ""entropy"": 4.2528, ""quality_flags"": []}",{},False
technical-media-0185,泰昌现状环境影响评估报告知识资料第072项,现状环境影响评估报告,128,绿色低碳资料,c12fe72eb8f3241c200f60ea786e626ca516be879117d3452258a60393b598da,parsed_outputs/power_grid_customer_corpus/customer_taichang_historical_bid_20260713/p1_01_knowledge_assets/泰昌现状环境影响评估报告知识资料第072项.jpeg,already_ingested,同一批次、同一候选已存在，幂等跳过,"[""eae23b8a-2572-41d2-9929-5a363c48fb3a""]","{""valid"": true, ""file_size"": 147883, ""width"": 1266, ""height"": 896, ""gray_mean"": 189.977, ""gray_stddev"": 86.18, ""white_ratio"": 0.554108, ""entropy"": 4.2309, ""quality_flags"": []}",{},False
technical-media-0186,泰昌现状环境影响评估报告知识资料第073项,现状环境影响评估报告,128,绿色低碳资料,09c1811bab2bfac3e34f6b24df4f92dd420825e0f479003e49e9e17f1ae16e0e,parsed_outputs/power_grid_customer_corpus/customer_taichang_historical_bid_20260713/p1_01_knowledge_assets/泰昌现状环境影响评估报告知识资料第073项.jpeg,already_ingested,同一批次、同一候选已存在，幂等跳过,"[""36d40965-db0f-4320-bab6-721017563b8f""]","{""valid"": true, ""file_size"": 213939, ""width"": 1266, ""height"": 896, ""gray_mean"": 177.9235, ""gray_stddev"": 83.057, ""white_ratio"": 0.344803, ""entropy"": 5.6747, ""quality_flags"": []}",{},False
technical-media-0187,泰昌现状环境影响评估报告知识资料第074项,现状环境影响评估报告,128,绿色低碳资料,907dc5d91f6a5d7206423b2cd24c72d282a4c87e329c724cbf432311fde012ff,parsed_outputs/power_grid_customer_corpus/customer_taichang_historical_bid_20260713/p1_01_knowledge_assets/泰昌现状环境影响评估报告知识资料第074项.jpeg,already_ingested,同一批次、同一候选已存在，幂等跳过,"[""06df5a2e-942e-4999-afdf-fdb790b95f5e""]","{""valid"": true, ""file_size"": 232496, ""width"": 1266, ""height"": 896, ""gray_mean"": 178.1685, ""gray_stddev"": 83.6595, ""white_ratio"": 0.352402, ""entropy"": 5.7731, ""quality_flags"": []}",{},False
technical-media-0188,泰昌现状环境影响评估报告知识资料第075项,现状环境影响评估报告,128,绿色低碳资料,a636c8f0462e7c80c281abdb00f25448f75f6a4dd946f2b1cc30c177a9a65dbe,parsed_outputs/power_grid_customer_corpus/customer_taichang_historical_bid_20260713/p1_01_knowledge_assets/泰昌现状环境影响评估报告知识资料第075项.jpeg,already_ingested,同一批次、同一候选已存在，幂等跳过,"[""05c89e8e-c267-48dd-87fe-6e1380ac59ec""]","{""valid"": true, ""file_size"": 247812, ""width"": 1266, ""height"": 896, ""gray_mean"": 176.4869, ""gray_stddev"": 84.3103, ""white_ratio"": 0.346817, ""entropy"": 5.645, ""quality_flags"": []}",{},False
technical-media-0189,泰昌现状环境影响评估报告知识资料第076项,现状环境影响评估报告,128,绿色低碳资料,460e556efd2fc6ce3ed0726d7fa480b971482a7901927d98594d3ac92c6186fd,parsed_outputs/power_grid_customer_corpus/customer_taichang_historical_bid_20260713/p1_01_knowledge_assets/泰昌现状环境影响评估报告知识资料第076项.jpeg,already_ingested,同一批次、同一候选已存在，幂等跳过,"[""f4949e0d-3bff-40ea-bf50-8a1dcfc65fb4""]","{""valid"": true, ""file_size"": 257666, ""width"": 1266, ""height"": 896, ""gray_mean"": 176.3269, ""gray_stddev"": 81.7396, ""white_ratio"": 0.349487, ""entropy"": 5.8268, ""quality_flags"": []}",{},False
technical-media-0190,泰昌现状环境影响评估报告知识资料第077项,现状环境影响评估报告,128,绿色低碳资料,18dfc0395d8edd86b06494f728321fe980e171c6ee99e0d1e390ea690ff7227b,parsed_outputs/power_grid_customer_corpus/customer_taichang_historical_bid_20260713/p1_01_knowledge_assets/泰昌现状环境影响评估报告知识资料第077项.jpeg,already_ingested,同一批次、同一候选已存在，幂等跳过,"[""6991767a-326c-404f-b4e8-4dd71fe1faf8""]","{""valid"": true, ""file_size"": 255325, ""width"": 1266, ""height"": 896, ""gray_mean"": 178.9365, ""gray_stddev"": 80.9036, ""white_ratio"": 0.349854, ""entropy"": 5.7557, ""quality_flags"": []}",{},False
technical-media-0191,泰昌现状环境影响评估报告知识资料第078项,现状环境影响评估报告,128,绿色低碳资料,bf3744267213a5b9332cd6638767488bfe5ea26709e08d6085fb95e0d9075d9f,parsed_outputs/power_grid_customer_corpus/customer_taichang_historical_bid_20260713/p1_01_knowledge_assets/泰昌现状环境影响评估报告知识资料第078项.jpeg,already_ingested,同一批次、同一候选已存在，幂等跳过,"[""58451b04-38f1-4eb6-abdc-e44a946c7c7f""]","{""valid"": true, ""file_size"": 232648, ""width"": 1266, ""height"": 896, ""gray_mean"": 182.9632, ""gray_stddev"": 83.1837, ""white_ratio"": 0.433426, ""entropy"": 5.5595, ""quality_flags"": []}",{},False
technical-media-0192,泰昌现状环境影响评估报告知识资料第079项,现状环境影响评估报告,128,绿色低碳资料,d618cc382e34bbc29e00aae8e09e2cefd90acd98d0d99f0868e774ee365e06e8,parsed_outputs/power_grid_customer_corpus/customer_taichang_historical_bid_20260713/p1_01_knowledge_assets/泰昌现状环境影响评估报告知识资料第079项.jpeg,already_ingested,同一批次、同一候选已存在，幂等跳过,"[""21e380ec-7314-48d1-b783-e83855153d93""]","{""valid"": true, ""file_size"": 242588, ""width"": 1266, ""height"": 896, ""gray_mean"": 179.5089, ""gray_stddev"": 82.6116, ""white_ratio"": 0.350876, ""entropy"": 5.7535, ""quality_flags"": []}",{},False
technical-media-0193,泰昌现状环境影响评估报告知识资料第080项,现状环境影响评估报告,128,绿色低碳资料,cbfa1adbe08d5c953bc60fe48eecdca525172b25d2be7ed764bcbc53e3355c57,parsed_outputs/power_grid_customer_corpus/customer_taichang_historical_bid_20260713/p1_01_knowledge_assets/泰昌现状环境影响评估报告知识资料第080项.jpeg,already_ingested,同一批次、同一候选已存在，幂等跳过,"[""088330b5-596d-4e76-8a53-9cc057a30fe8""]","{""valid"": true, ""file_size"": 247703, ""width"": 1266, ""height"": 896, ""gray_mean"": 178.636, ""gray_stddev"": 82.4039, ""white_ratio"": 0.368896, ""entropy"": 5.8491, ""quality_flags"": []}",{},False
technical-media-0194,泰昌现状环境影响评估报告知识资料第081项,现状环境影响评估报告,128,绿色低碳资料,93398ed9505c900f521a40a7250013d8037269466507d0ee11001b97503920ac,parsed_outputs/power_grid_customer_corpus/customer_taichang_historical_bid_20260713/p1_01_knowledge_assets/泰昌现状环境影响评估报告知识资料第081项.jpeg,already_ingested,同一批次、同一候选已存在，幂等跳过,"[""637876e1-f039-4f71-9b82-3fbb6230f8ae""]","{""valid"": true, ""file_size"": 243033, ""width"": 1266, ""height"": 896, ""gray_mean"": 179.0224, ""gray_stddev"": 82.0909, ""white_ratio"": 0.3535, ""entropy"": 5.7652, ""quality_flags"": []}",{},False
technical-media-0195,泰昌现状环境影响评估报告知识资料第082项,现状环境影响评估报告,128,绿色低碳资料,7d3bbfaeec6195463e91886c268f67b775a2ec8610132d321d6328e72fe4758b,parsed_outputs/power_grid_customer_corpus/customer_taichang_historical_bid_20260713/p1_01_knowledge_assets/泰昌现状环境影响评估报告知识资料第082项.jpeg,already_ingested,同一批次、同一候选已存在，幂等跳过,"[""e16e6951-ced5-4174-aadd-4d76841d8d8e""]","{""valid"": true, ""file_size"": 234190, ""width"": 1266, ""height"": 896, ""gray_mean"": 181.3831, ""gray_stddev"": 81.5196, ""white_ratio"": 0.356232, ""entropy"": 5.7446, ""quality_flags"": []}",{},False
technical-media-0196,泰昌现状环境影响评估报告知识资料第083项,现状环境影响评估报告,128,绿色低碳资料,ef642cc9bbd436c10e5adf4e4d5af9f4ba4617c8822cc5f049184c6885b7a94a,parsed_outputs/power_grid_customer_corpus/customer_taichang_historical_bid_20260713/p1_01_knowledge_assets/泰昌现状环境影响评估报告知识资料第083项.jpeg,already_ingested,同一批次、同一候选已存在，幂等跳过,"[""442d9866-d02b-461e-888e-e1cbe0d606b3""]","{""valid"": true, ""file_size"": 259611, ""width"": 1266, ""height"": 896, ""gray_mean"": 183.2467, ""gray_stddev"": 87.4866, ""white_ratio"": 0.48349, ""entropy"": 5.1565, ""quality_flags"": []}",{},False
technical-media-0197,泰昌现状环境影响评估报告知识资料第084项,现状环境影响评估报告,128,绿色低碳资料,0f2d0b4d3c24ad74f47b7c2887ac0fb7c4e05b95ca2454b57991bb336d6b6900,parsed_outputs/power_grid_customer_corpus/customer_taichang_historical_bid_20260713/p1_01_knowledge_assets/泰昌现状环境影响评估报告知识资料第084项.jpeg,already_ingested,同一批次、同一候选已存在，幂等跳过,"[""afee7274-2140-49b9-9a38-b6beacd36591""]","{""valid"": true, ""file_size"": 201527, ""width"": 1266, ""height"": 896, ""gray_mean"": 187.7398, ""gray_stddev"": 87.7276, ""white_ratio"": 0.546188, ""entropy"": 4.3094, ""quality_flags"": []}",{},False
technical-media-0198,泰昌现状环境影响评估报告知识资料第085项,现状环境影响评估报告,128,绿色低碳资料,e4937144f78c917cce35d891010431dfbad6bc063128a8841657d83a76122534,parsed_outputs/power_grid_customer_corpus/customer_taichang_historical_bid_20260713/p1_01_knowledge_assets/泰昌现状环境影响评估报告知识资料第085项.jpeg,already_ingested,同一批次、同一候选已存在，幂等跳过,"[""d66b8aad-a5b9-4e9f-a890-ad3709fd9e47""]","{""valid"": true, ""file_size"": 187374, ""width"": 1266, ""height"": 896, ""gray_mean"": 188.5468, ""gray_stddev"": 85.4434, ""white_ratio"": 0.537247, ""entropy"": 4.4195, ""quality_flags"": []}",{},False
technical-media-0199,泰昌现状环境影响评估报告知识资料第086项,现状环境影响评估报告,128,绿色低碳资料,87ad2a1ccddf2a192547bf53d1b08fa48c1d355c650cbdfd92a0f8b9b7e70cdb,parsed_outputs/power_grid_customer_corpus/customer_taichang_historical_bid_20260713/p1_01_knowledge_assets/泰昌现状环境影响评估报告知识资料第086项.jpeg,already_ingested,同一批次、同一候选已存在，幂等跳过,"[""4a1e9bae-9dcc-4d96-ba79-e1e6dcee5df3""]","{""valid"": true, ""file_size"": 222296, ""width"": 1266, ""height"": 896, ""gray_mean"": 185.5959, ""gray_stddev"": 89.3177, ""white_ratio"": 0.529755, ""entropy"": 4.4318, ""quality_flags"": []}",{},False
technical-media-0200,泰昌现状环境影响评估报告知识资料第087项,现状环境影响评估报告,128,绿色低碳资料,c4af23301f74fb31d8ef6fa7cd5e0d3ad860bbcdf345cc8418d24e8fd15356a9,parsed_outputs/power_grid_customer_corpus/customer_taichang_historical_bid_20260713/p1_01_knowledge_assets/泰昌现状环境影响评估报告知识资料第087项.jpeg,already_ingested,同一批次、同一候选已存在，幂等跳过,"[""052e8781-bcfc-4e74-8697-3617092ab8d9""]","{""valid"": true, ""file_size"": 128668, ""width"": 1266, ""height"": 896, ""gray_mean"": 188.8745, ""gray_stddev"": 89.6321, ""white_ratio"": 0.601288, ""entropy"": 3.7582, ""quality_flags"": []}",{},False
technical-media-0201,泰昌现状环境影响评估报告知识资料第088项,现状环境影响评估报告,128,绿色低碳资料,31c270ea5c69f62f477b3c53ee683b56228f689a9f21706547fe8d805d2bf11e,parsed_outputs/power_grid_customer_corpus/customer_taichang_historical_bid_20260713/p1_01_knowledge_assets/泰昌现状环境影响评估报告知识资料第088项.jpeg,already_ingested,同一批次、同一候选已存在，幂等跳过,"[""c54a0fd3-295c-43ec-aab0-a663204edde8""]","{""valid"": true, ""file_size"": 184768, ""width"": 1266, ""height"": 896, ""gray_mean"": 187.3513, ""gray_stddev"": 89.1228, ""white_ratio"": 0.570084, ""entropy"": 4.0929, ""quality_flags"": []}",{},False
technical-media-0202,泰昌现状环境影响评估报告知识资料第089项,现状环境影响评估报告,128,绿色低碳资料,b5f835eecad5da3df19dea7e70a6bee97f4a0fbfc73d93dafe2976a9f21fe245,parsed_outputs/power_grid_customer_corpus/customer_taichang_historical_bid_20260713/p1_01_knowledge_assets/泰昌现状环境影响评估报告知识资料第089项.jpeg,already_ingested,同一批次、同一候选已存在，幂等跳过,"[""4aa64e7d-3f85-4377-acee-aeb8d05adf34""]","{""valid"": true, ""file_size"": 141145, ""width"": 1266, ""height"": 896, ""gray_mean"": 188.4397, ""gray_stddev"": 90.4877, ""white_ratio"": 0.601944, ""entropy"": 3.7516, ""quality_flags"": []}",{},False
technical-media-0203,泰昌现状环境影响评估报告知识资料第090项,现状环境影响评估报告,128,绿色低碳资料,e97c06c633a17d44138476d0cb74a73a86c82067653dd007e5f7700e9f37cbe0,parsed_outputs/power_grid_customer_corpus/customer_taichang_historical_bid_20260713/p1_01_knowledge_assets/泰昌现状环境影响评估报告知识资料第090项.jpeg,already_ingested,同一批次、同一候选已存在，幂等跳过,"[""2f7cc7df-ffac-406a-9145-b362c6233e05""]","{""valid"": true, ""file_size"": 151513, ""width"": 1266, ""height"": 896, ""gray_mean"": 176.6782, ""gray_stddev"": 95.453, ""white_ratio"": 0.548309, ""entropy"": 4.1566, ""quality_flags"": []}",{},False
technical-media-0204,泰昌现状环境影响评估报告知识资料第091项,现状环境影响评估报告,128,绿色低碳资料,7167ca95781d13fffada8f95c0b68372ea26a3f512e0fc5e22dc1bf1e34d1687,parsed_outputs/power_grid_customer_corpus/customer_taichang_historical_bid_20260713/p1_01_knowledge_assets/泰昌现状环境影响评估报告知识资料第091项.jpeg,already_ingested,同一批次、同一候选已存在，幂等跳过,"[""eddaf285-ee1b-463c-a31e-35bfee5a9a8e""]","{""valid"": true, ""file_size"": 305736, ""width"": 1266, ""height"": 1794, ""gray_mean"": 235.3793, ""gray_stddev"": 47.1971, ""white_ratio"": 0.769104, ""entropy"": 2.7894, ""quality_flags"": []}",{},False
technical-media-0205,泰昌现状环境影响评估报告知识资料第092项,现状环境影响评估报告,128,绿色低碳资料,6f378f37f3d9726674ad92b526bffc943cc22f6ea1039b521c4d9f178d6572c2,parsed_outputs/power_grid_customer_corpus/customer_taichang_historical_bid_20260713/p1_01_knowledge_assets/泰昌现状环境影响评估报告知识资料第092项.jpeg,already_ingested,同一批次、同一候选已存在，幂等跳过,"[""93f20f36-630c-4312-b193-a9898ce6d58a""]","{""valid"": true, ""file_size"": 290152, ""width"": 1266, ""height"": 1794, ""gray_mean"": 234.9177, ""gray_stddev"": 48.1635, ""white_ratio"": 0.779282, ""entropy"": 2.7486, ""quality_flags"": []}",{},False
technical-media-0206,泰昌现状环境影响评估报告知识资料第093项,现状环境影响评估报告,128,绿色低碳资料,e532619bdb66aeb9b43064d73be15c4ab35452989fabbe3778fc3dcfc71e2e07,parsed_outputs/power_grid_customer_corpus/customer_taichang_historical_bid_20260713/p1_01_knowledge_assets/泰昌现状环境影响评估报告知识资料第093项.jpeg,already_ingested,同一批次、同一候选已存在，幂等跳过,"[""31d3a221-242f-4781-89bb-bbab202c9ac6""]","{""valid"": true, ""file_size"": 298837, ""width"": 1266, ""height"": 1794, ""gray_mean"": 237.0489, ""gray_stddev"": 44.0152, ""white_ratio"": 0.775238, ""entropy"": 2.6938, ""quality_flags"": []}",{},False
technical-media-0207,泰昌现状环境影响评估报告知识资料第094项,现状环境影响评估报告,128,绿色低碳资料,14eada201b5a1b1dfa5eb9e4133b7a98878707361abb8fc46c654ad51b51a5f6,parsed_outputs/power_grid_customer_corpus/customer_taichang_historical_bid_20260713/p1_01_knowledge_assets/泰昌现状环境影响评估报告知识资料第094项.jpeg,already_ingested,同一批次、同一候选已存在，幂等跳过,"[""36b0bf90-891f-4f59-9c04-abe6e67bc088""]","{""valid"": true, ""file_size"": 424482, ""width"": 2480, ""height"": 3507, ""gray_mean"": 236.4306, ""gray_stddev"": 40.7429, ""white_ratio"": 0.732895, ""entropy"": 3.1643, ""quality_flags"": []}",{},False
technical-media-0208,泰昌现状环境影响评估报告知识资料第095项,现状环境影响评估报告,128,绿色低碳资料,243a5e315cac2d81d05a72ea98e399e27106120b13fd404b949d484ef9f467e0,parsed_outputs/power_grid_customer_corpus/customer_taichang_historical_bid_20260713/p1_01_knowledge_assets/泰昌现状环境影响评估报告知识资料第095项.jpeg,already_ingested,同一批次、同一候选已存在，幂等跳过,"[""b6e4f6e4-0530-4202-b924-d60fef3f265a""]","{""valid"": true, ""file_size"": 389991, ""width"": 2480, ""height"": 3507, ""gray_mean"": 235.4021, ""gray_stddev"": 42.6182, ""white_ratio"": 0.725525, ""entropy"": 3.2941, ""quality_flags"": []}",{},False
technical-media-0209,泰昌现状环境影响评估报告知识资料第096项,现状环境影响评估报告,128,绿色低碳资料,fe03037ef1dede2608a9233124fc4dfaf42c2d5d6bbecfa192d382e705f6a716,parsed_outputs/power_grid_customer_corpus/customer_taichang_historical_bid_20260713/p1_01_knowledge_assets/泰昌现状环境影响评估报告知识资料第096项.jpeg,already_ingested,同一批次、同一候选已存在，幂等跳过,"[""ca9e2fff-b1e7-4feb-bcdb-3f6ae5310577""]","{""valid"": true, ""file_size"": 414468, ""width"": 2480, ""height"": 3507, ""gray_mean"": 236.834, ""gray_stddev"": 40.3785, ""white_ratio"": 0.733444, ""entropy"": 3.2507, ""quality_flags"": []}",{},False
technical-media-0210,泰昌现状环境影响评估报告知识资料第097项,现状环境影响评估报告,128,绿色低碳资料,0c9d3db2992fa6c0947e1037fbb2e0c0804ce3a9caa8b65b14815c9cde34e109,parsed_outputs/power_grid_customer_corpus/customer_taichang_historical_bid_20260713/p1_01_knowledge_assets/泰昌现状环境影响评估报告知识资料第097项.jpeg,already_ingested,同一批次、同一候选已存在，幂等跳过,"[""b888ade6-42bf-4f2e-b1f4-da9cdea7d0a2""]","{""valid"": true, ""file_size"": 427227, ""width"": 2480, ""height"": 3507, ""gray_mean"": 234.5667, ""gray_stddev"": 43.42, ""white_ratio"": 0.718796, ""entropy"": 3.4168, ""quality_flags"": []}",{},False
technical-media-0211,泰昌现状环境影响评估报告知识资料第098项,现状环境影响评估报告,128,绿色低碳资料,1393e09bba405f82a4af004e0e5fca422d64dd61fee4f928f3426bd64e38a0b2,parsed_outputs/power_grid_customer_corpus/customer_taichang_historical_bid_20260713/p1_01_knowledge_assets/泰昌现状环境影响评估报告知识资料第098项.jpeg,already_ingested,同一批次、同一候选已存在，幂等跳过,"[""178a880a-f43a-438a-856e-dc0fc8a73fcc""]","{""valid"": true, ""file_size"": 483934, ""width"": 2480, ""height"": 3507, ""gray_mean"": 233.8586, ""gray_stddev"": 42.9952, ""white_ratio"": 0.69017, ""entropy"": 3.6761, ""quality_flags"": []}",{},False
technical-media-0212,泰昌现状环境影响评估报告知识资料第099项,现状环境影响评估报告,128,绿色低碳资料,d0274ac9d196c08640ee7cad22a11cacab3c4a586616ead6097edb9233b13faa,parsed_outputs/power_grid_customer_corpus/customer_taichang_historical_bid_20260713/p1_01_knowledge_assets/泰昌现状环境影响评估报告知识资料第099项.jpeg,already_ingested,同一批次、同一候选已存在，幂等跳过,"[""92eef02b-5f36-438b-82ea-345795e8e306""]","{""valid"": true, ""file_size"": 458337, ""width"": 2480, ""height"": 3507, ""gray_mean"": 234.5295, ""gray_stddev"": 42.2151, ""white_ratio"": 0.705093, ""entropy"": 3.5225, ""quality_flags"": []}",{},False
technical-media-0213,泰昌现状环境影响评估报告知识资料第100项,现状环境影响评估报告,128,绿色低碳资料,c8c61095bf5479acc55310b11f49a1363fdf8dd43a02fc9360323ee72bae2ce3,parsed_outputs/power_grid_customer_corpus/customer_taichang_historical_bid_20260713/p1_01_knowledge_assets/泰昌现状环境影响评估报告知识资料第100项.jpeg,already_ingested,同一批次、同一候选已存在，幂等跳过,"[""6e203a4f-e0e4-49b8-aae9-632f591c2b5e""]","{""valid"": true, ""file_size"": 429149, ""width"": 2480, ""height"": 3507, ""gray_mean"": 231.5388, ""gray_stddev"": 48.2341, ""white_ratio"": 0.69809, ""entropy"": 3.6073, ""quality_flags"": []}",{},False
technical-media-0214,泰昌现状环境影响评估报告知识资料第101项,现状环境影响评估报告,128,绿色低碳资料,0bfda44641e2fd39b58e1dc50ac06dacf20f129be02e06bacfd46afbd96e0450,parsed_outputs/power_grid_customer_corpus/customer_taichang_historical_bid_20260713/p1_01_knowledge_assets/泰昌现状环境影响评估报告知识资料第101项.jpeg,already_ingested,同一批次、同一候选已存在，幂等跳过,"[""0acf4c7d-0140-446d-a15e-5490879f4451""]","{""valid"": true, ""file_size"": 300486, ""width"": 2480, ""height"": 3507, ""gray_mean"": 236.6765, ""gray_stddev"": 44.565, ""white_ratio"": 0.783997, ""entropy"": 2.7587, ""quality_flags"": []}",{},False
technical-media-0215,泰昌现状环境影响评估报告知识资料第102项,现状环境影响评估报告,128,绿色低碳资料,27d45bfaecca6b10b021a628715ab4397e9c65c9e2bc77dc5b5e99ee18cd26f9,parsed_outputs/power_grid_customer_corpus/customer_taichang_historical_bid_20260713/p1_01_knowledge_assets/泰昌现状环境影响评估报告知识资料第102项.jpeg,already_ingested,同一批次、同一候选已存在，幂等跳过,"[""2aa9f9c3-a858-45c1-9873-c1470dd33bdf""]","{""valid"": true, ""file_size"": 338512, ""width"": 2480, ""height"": 3507, ""gray_mean"": 233.1522, ""gray_stddev"": 47.7334, ""white_ratio"": 0.743256, ""entropy"": 3.3085, ""quality_flags"": []}",{},False
technical-media-0216,泰昌现状环境影响评估报告知识资料第103项,现状环境影响评估报告,128,绿色低碳资料,b630e6eac6d57dfab5e52a9bef9c22e814969094598d5ba3240e344861779059,parsed_outputs/power_grid_customer_corpus/customer_taichang_historical_bid_20260713/p1_01_knowledge_assets/泰昌现状环境影响评估报告知识资料第103项.jpeg,already_ingested,同一批次、同一候选已存在，幂等跳过,"[""15a18f3a-c8a0-45bc-81ec-779e14002033""]","{""valid"": true, ""file_size"": 349063, ""width"": 2480, ""height"": 3507, ""gray_mean"": 234.1913, ""gray_stddev"": 46.8981, ""white_ratio"": 0.749527, ""entropy"": 3.1644, ""quality_flags"": []}",{},False
technical-media-0217,泰昌现状环境影响评估报告知识资料第104项,现状环境影响评估报告,128,绿色低碳资料,b16e56f9cafc28e0fb0de1541d68a982432ba183f61c3260bececd7ccbff5140,parsed_outputs/power_grid_customer_corpus/customer_taichang_historical_bid_20260713/p1_01_knowledge_assets/泰昌现状环境影响评估报告知识资料第104项.jpeg,already_ingested,同一批次、同一候选已存在，幂等跳过,"[""47d867b4-4270-4fb9-ab6d-0aa5bebcf0dc""]","{""valid"": true, ""file_size"": 142856, ""width"": 1266, ""height"": 1794, ""gray_mean"": 237.3163, ""gray_stddev"": 47.4347, ""white_ratio"": 0.839935, ""entropy"": 2.0377, ""quality_flags"": []}",{},False
technical-media-0218,泰昌现状环境影响评估报告知识资料第105项,现状环境影响评估报告,128,绿色低碳资料,29da3b347c2441d62f0fd2263384829c04fa4442a293699e67478e85ff2cb50c,parsed_outputs/power_grid_customer_corpus/customer_taichang_historical_bid_20260713/p1_01_knowledge_assets/泰昌现状环境影响评估报告知识资料第105项.jpeg,already_ingested,同一批次、同一候选已存在，幂等跳过,"[""caa00e73-991c-4fb0-8b25-c69d04cf8e61""]","{""valid"": true, ""file_size"": 138275, ""width"": 1266, ""height"": 1794, ""gray_mean"": 238.9043, ""gray_stddev"": 45.3074, ""white_ratio"": 0.849213, ""entropy"": 1.9196, ""quality_flags"": []}",{},False
technical-media-0219,泰昌现状环境影响评估报告知识资料第106项,现状环境影响评估报告,128,绿色低碳资料,61bc444155ff62f00d4e6df72c28654c64f614de2c5d1f9d4790f61ce2e72637,parsed_outputs/power_grid_customer_corpus/customer_taichang_historical_bid_20260713/p1_01_knowledge_assets/泰昌现状环境影响评估报告知识资料第106项.jpeg,already_ingested,同一批次、同一候选已存在，幂等跳过,"[""f5aa4e58-ad9f-443f-98ce-bb2d84296699""]","{""valid"": true, ""file_size"": 263891, ""width"": 2480, ""height"": 3507, ""gray_mean"": 209.873, ""gray_stddev"": 63.1736, ""white_ratio"": 0.607651, ""entropy"": 4.0452, ""quality_flags"": []}",{},False
technical-media-0220,泰昌现状环境影响评估报告知识资料第107项,现状环境影响评估报告,128,绿色低碳资料,427d2c5357d95c28d19c59b964f33bea89e691d4e3b71598a295d6b245a84ab9,parsed_outputs/power_grid_customer_corpus/customer_taichang_historical_bid_20260713/p1_01_knowledge_assets/泰昌现状环境影响评估报告知识资料第107项.jpeg,already_ingested,同一批次、同一候选已存在，幂等跳过,"[""98788221-54e7-473b-80b3-e5511f82edee""]","{""valid"": true, ""file_size"": 520174, ""width"": 2480, ""height"": 3507, ""gray_mean"": 223.2107, ""gray_stddev"": 49.7831, ""white_ratio"": 0.500977, ""entropy"": 4.9902, ""quality_flags"": []}",{},False
technical-media-0227,泰昌绿色发展规划报告知识资料第001项,绿色发展规划报告,219,绿色低碳资料,a64ce01b4022ab7fde9002abb4b35352dc4e4927d3c2bc31732a61eb4c130c94,parsed_outputs/power_grid_customer_corpus/customer_taichang_historical_bid_20260713/p1_01_knowledge_assets/泰昌绿色发展规划报告知识资料第001项.jpg,same_evidence_existing,现有资产已包含同名完整原始报告/资料，Word 内嵌页只作历史载体追溯,"[""02f0da52-f5c6-422f-9834-fc4fb415e0f9"", ""04cc9646-61a5-4c33-aea6-a6b16ed6a27a"", ""0553df31-fe54-4ca3-bdf1-ec3fc220db77"", ""0de47b93-0ba5-402a-ace8-a293b1413fff"", ""1acf84aa-17d2-4460-a007-27f103994a62"", ""1f4dc22c-4424-414c-a388-02b8fc67c756"", ""2a55c5b1-b31e-4ea0-97a6-d3de1376c28d"", ""37b0389d-d778-4413-ada7-93f81295e109"", ""430ddc3b-a728-44be-b151-9ea3de59cd27"", ""444a1a93-935d-447b-8eff-55bd9a697ea6"", ""44868c77-37e9-45e7-85ce-ee6d7cf3da0d"", ""45762eaf-de3e-4ce7-bfe0-aedd90dbfa28"", ""4c8725b0-d3d9-4900-b863-d7cc1031b6d3"", ""5d826630-f671-45d6-b340-16726fe55dc4"", ""5de0a7ae-6e21-4673-8478-117ed3f03172"", ""6b586bb5-a330-4472-8c63-3a84b4a240a5"", ""728cb5fd-e163-44f4-adf6-b09fa4bf94d6"", ""79767ad8-478b-4019-826e-f505cbec7d95"", ""88767a15-b040-4c84-af3e-ea87a5829661"", ""8a27067f-0eec-4d6c-bc19-b75f55368137"", ""96dc11c9-857d-429f-b8ad-ec194bff5542"", ""96dffe93-5d4c-4b26-b025-2f9013e52658"", ""97b9360f-9c14-4e70-b981-6b3205d89979"", ""a485732e-27cc-4ffd-9e78-b24f70214c50"", ""a5088a35-9b3a-4c06-8eca-cffec13f1e80"", ""a7188e0d-d334-4ded-9a5a-e428f5fd4334"", ""ac753b6b-ff93-4a24-b5b7-7ef52f2a790e"", ""b3f5cbbc-ab58-41f9-8d5e-c92a5977d5ca"", ""b5d9b4dc-ba35-4bbe-b24a-728a00b3489f"", ""c12db59c-3da5-4d6e-b37e-11b87234d53e"", ""c1619246-846b-4ab6-83e6-e3e390e5fba1"", ""ce4d0d64-477f-42a9-9e49-7eaeb3a215a1"", ""d2282a28-42b6-42a2-8c29-9eb41295fb14"", ""d2d5fadc-1b8b-4d9a-8648-86999b660b5a"", ""d737d5f0-49cc-40db-88d1-1c498557bd6c"", ""e261aca2-6303-441e-9605-a29ccf3a1968""]","{""valid"": true, ""file_size"": 243946, ""width"": 1522, ""height"": 2152, ""gray_mean"": 247.3863, ""gray_stddev"": 21.6266, ""white_ratio"": 0.827011, ""entropy"": 2.1657, ""quality_flags"": []}",{},False
technical-media-0261,泰昌创新激励机制评价报告知识资料第001项,创新激励机制评价报告,259,企业证明材料,16605eb0d50b6037c95027d38a3f636325abe33fa58cc9df0f6841f15dd7e31f,parsed_outputs/power_grid_customer_corpus/customer_taichang_historical_bid_20260713/p1_01_knowledge_assets/泰昌创新激励机制评价报告知识资料第001项.jpg,already_ingested,同一批次、同一候选已存在，幂等跳过,"[""faceaf1a-22fc-4a7c-a2ec-c75bd27d8807""]","{""valid"": true, ""file_size"": 193990, ""width"": 1654, ""height"": 2339, ""gray_mean"": 225.1965, ""gray_stddev"": 39.1453, ""white_ratio"": 0.495346, ""entropy"": 4.7126, ""quality_flags"": []}",{},False
technical-media-0262,泰昌创新激励机制评价报告知识资料第002项,创新激励机制评价报告,259,企业证明材料,f3ba71090e791066e560da6bde407b1d78898786ab4d34177d97c5704cbc66d8,parsed_outputs/power_grid_customer_corpus/customer_taichang_historical_bid_20260713/p1_01_knowledge_assets/泰昌创新激励机制评价报告知识资料第002项.jpg,already_ingested,同一批次、同一候选已存在，幂等跳过,"[""25dbfdaf-160e-4255-9338-e19195787213""]","{""valid"": true, ""file_size"": 149275, ""width"": 1522, ""height"": 2152, ""gray_mean"": 250.7209, ""gray_stddev"": 15.7904, ""white_ratio"": 0.881302, ""entropy"": 1.5928, ""quality_flags"": []}",{},False
technical-media-0264,泰昌创新激励机制评价报告知识资料第003项,创新激励机制评价报告,259,企业证明材料,42c57dfc5205552f9f254c02ef9779564c62a64d6f082406b59fdd418bacd34a,parsed_outputs/power_grid_customer_corpus/customer_taichang_historical_bid_20260713/p1_01_knowledge_assets/泰昌创新激励机制评价报告知识资料第003项.jpg,same_evidence_existing,现有资产已包含同名完整原始报告/资料，Word 内嵌页只作历史载体追溯,"[""25dbfdaf-160e-4255-9338-e19195787213"", ""faceaf1a-22fc-4a7c-a2ec-c75bd27d8807""]","{""valid"": true, ""file_size"": 142272, ""width"": 1522, ""height"": 2152, ""gray_mean"": 250.1508, ""gray_stddev"": 15.6424, ""white_ratio"": 0.86525, ""entropy"": 1.7038, ""quality_flags"": []}",{},False
technical-media-0265,泰昌创新激励机制评价报告知识资料第004项,创新激励机制评价报告,259,企业证明材料,b3748c3bf0aed63ad7df37e33556ac4ce372a927ef00ef5f63059e116f05d467,parsed_outputs/power_grid_customer_corpus/customer_taichang_historical_bid_20260713/p1_01_knowledge_assets/泰昌创新激励机制评价报告知识资料第004项.jpg,same_evidence_existing,现有资产已包含同名完整原始报告/资料，Word 内嵌页只作历史载体追溯,"[""25dbfdaf-160e-4255-9338-e19195787213"", ""faceaf1a-22fc-4a7c-a2ec-c75bd27d8807""]","{""valid"": true, ""file_size"": 237006, ""width"": 1522, ""height"": 2152, ""gray_mean"": 247.5805, ""gray_stddev"": 21.6876, ""white_ratio"": 0.839523, ""entropy"": 2.0279, ""quality_flags"": []}",{},False
technical-media-0266,泰昌创新激励机制评价报告知识资料第005项,创新激励机制评价报告,259,企业证明材料,de7ef56a2968f641ac69669f9fca3abdc44eb8bc0155565b9405f0bb1d07565e,parsed_outputs/power_grid_customer_corpus/customer_taichang_historical_bid_20260713/p1_01_knowledge_assets/泰昌创新激励机制评价报告知识资料第005项.jpg,same_evidence_existing,现有资产已包含同名完整原始报告/资料，Word 内嵌页只作历史载体追溯,"[""25dbfdaf-160e-4255-9338-e19195787213"", ""faceaf1a-22fc-4a7c-a2ec-c75bd27d8807""]","{""valid"": true, ""file_size"": 265182, ""width"": 1522, ""height"": 2152, ""gray_mean"": 246.725, ""gray_stddev"": 22.3049, ""white_ratio"": 0.816544, ""entropy"": 2.268, ""quality_flags"": []}",{},False
technical-media-0267,泰昌创新激励机制评价报告知识资料第006项,创新激励机制评价报告,259,企业证明材料,3bd63813953c130818c0de3c6788cb4e118e092323f1e93e42d73563faffed4b,parsed_outputs/power_grid_customer_corpus/customer_taichang_historical_bid_20260713/p1_01_knowledge_assets/泰昌创新激励机制评价报告知识资料第006项.jpg,same_evidence_existing,现有资产已包含同名完整原始报告/资料，Word 内嵌页只作历史载体追溯,"[""25dbfdaf-160e-4255-9338-e19195787213"", ""faceaf1a-22fc-4a7c-a2ec-c75bd27d8807""]","{""valid"": true, ""file_size"": 289925, ""width"": 1522, ""height"": 2152, ""gray_mean"": 246.0474, ""gray_stddev"": 22.8519, ""white_ratio"": 0.803909, ""entropy"": 2.3816, ""quality_flags"": []}",{},False
technical-media-0269,泰昌创新激励机制评价报告知识资料第007项,创新激励机制评价报告,259,企业证明材料,027b1348a928c17d48bb49a7de5f2799e7bbe13025ee2e68a590afa235a2745f,parsed_outputs/power_grid_customer_corpus/customer_taichang_historical_bid_20260713/p1_01_knowledge_assets/泰昌创新激励机制评价报告知识资料第007项.jpg,same_evidence_existing,现有资产已包含同名完整原始报告/资料，Word 内嵌页只作历史载体追溯,"[""25dbfdaf-160e-4255-9338-e19195787213"", ""faceaf1a-22fc-4a7c-a2ec-c75bd27d8807""]","{""valid"": true, ""file_size"": 299709, ""width"": 1522, ""height"": 2152, ""gray_mean"": 245.6835, ""gray_stddev"": 23.4583, ""white_ratio"": 0.799286, ""entropy"": 2.4454, ""quality_flags"": []}",{},False
technical-media-0271,泰昌创新激励机制评价报告知识资料第008项,创新激励机制评价报告,259,企业证明材料,83614390806f61b66b096d8abd084dd805554cf0edc6f295f462d93f9ddd592f,parsed_outputs/power_grid_customer_corpus/customer_taichang_historical_bid_20260713/p1_01_knowledge_assets/泰昌创新激励机制评价报告知识资料第008项.jpg,same_evidence_existing,现有资产已包含同名完整原始报告/资料，Word 内嵌页只作历史载体追溯,"[""25dbfdaf-160e-4255-9338-e19195787213"", ""faceaf1a-22fc-4a7c-a2ec-c75bd27d8807""]","{""valid"": true, ""file_size"": 238343, ""width"": 1522, ""height"": 2152, ""gray_mean"": 247.6043, ""gray_stddev"": 21.0868, ""white_ratio"": 0.832779, ""entropy"": 2.0731, ""quality_flags"": []}",{},False
technical-media-0273,泰昌智能制造优秀场景报告知识资料第001项,智能制造优秀场景报告,271,企业证明材料,45d69a0fca274a18783b22ee4530640137f80a9666b6a35c59fb72268ee781e5,parsed_outputs/power_grid_customer_corpus/customer_taichang_historical_bid_20260713/p1_01_knowledge_assets/泰昌智能制造优秀场景报告知识资料第001项.jpg,already_ingested,同一批次、同一候选已存在，幂等跳过,"[""80ffb527-6e04-423a-affa-3f132bc6f2b8""]","{""valid"": true, ""file_size"": 194082, ""width"": 1654, ""height"": 2339, ""gray_mean"": 225.2143, ""gray_stddev"": 39.0656, ""white_ratio"": 0.495087, ""entropy"": 4.7105, ""quality_flags"": []}",{},False
technical-media-0274,泰昌智能制造优秀场景报告知识资料第002项,智能制造优秀场景报告,271,企业证明材料,69c9e9f12755debb7067d0355910b636decfe6325c0cab6569d4b50568b22086,parsed_outputs/power_grid_customer_corpus/customer_taichang_historical_bid_20260713/p1_01_knowledge_assets/泰昌智能制造优秀场景报告知识资料第002项.jpg,same_evidence_existing,现有资产已包含同名完整原始报告/资料，Word 内嵌页只作历史载体追溯,"[""41a22b77-bd4d-4eb3-8188-bede78b5771a"", ""80ffb527-6e04-423a-affa-3f132bc6f2b8"", ""8488c13f-70ad-412d-b06d-1004eb6e56a4"", ""fe0b52fb-b11e-46f7-8efd-1d0ba46a3ad2""]","{""valid"": true, ""file_size"": 137448, ""width"": 1522, ""height"": 2152, ""gray_mean"": 250.9856, ""gray_stddev"": 15.3532, ""white_ratio"": 0.88533, ""entropy"": 1.5237, ""quality_flags"": []}",{},False
technical-media-0275,泰昌智能制造优秀场景报告知识资料第003项,智能制造优秀场景报告,271,企业证明材料,aa93e2429696d353e2b625c7b518673964bd64384d5ea85071a4ea36de3df00b,parsed_outputs/power_grid_customer_corpus/customer_taichang_historical_bid_20260713/p1_01_knowledge_assets/泰昌智能制造优秀场景报告知识资料第003项.jpg,same_evidence_existing,现有资产已包含同名完整原始报告/资料，Word 内嵌页只作历史载体追溯,"[""41a22b77-bd4d-4eb3-8188-bede78b5771a"", ""80ffb527-6e04-423a-affa-3f132bc6f2b8"", ""8488c13f-70ad-412d-b06d-1004eb6e56a4"", ""fe0b52fb-b11e-46f7-8efd-1d0ba46a3ad2""]","{""valid"": true, ""file_size"": 134022, ""width"": 794, ""height"": 1146, ""gray_mean"": 244.5073, ""gray_stddev"": 26.4853, ""white_ratio"": 0.802094, ""entropy"": 2.5267, ""quality_flags"": []}",{},False
technical-media-0276,泰昌智能制造优秀场景报告知识资料第004项,智能制造优秀场景报告,271,企业证明材料,a1ad04130ea09e5b65802e94b2e889ff210e6a219a37b5aaaf89956d13df6e87,parsed_outputs/power_grid_customer_corpus/customer_taichang_historical_bid_20260713/p1_01_knowledge_assets/泰昌智能制造优秀场景报告知识资料第004项.jpg,already_ingested,同一批次、同一候选已存在，幂等跳过,"[""8488c13f-70ad-412d-b06d-1004eb6e56a4""]","{""valid"": true, ""file_size"": 107323, ""width"": 794, ""height"": 1146, ""gray_mean"": 246.5851, ""gray_stddev"": 24.3602, ""white_ratio"": 0.837494, ""entropy"": 2.1395, ""quality_flags"": []}",{},False
technical-media-0277,泰昌智能制造优秀场景报告知识资料第005项,智能制造优秀场景报告,271,企业证明材料,6574d6687b11f4617e2fc15ceeabd6e17340f15eab9a00062629c8af36cf6415,parsed_outputs/power_grid_customer_corpus/customer_taichang_historical_bid_20260713/p1_01_knowledge_assets/泰昌智能制造优秀场景报告知识资料第005项.jpg,already_ingested,同一批次、同一候选已存在，幂等跳过,"[""fe0b52fb-b11e-46f7-8efd-1d0ba46a3ad2""]","{""valid"": true, ""file_size"": 43806, ""width"": 827, ""height"": 1170, ""gray_mean"": 250.8828, ""gray_stddev"": 14.7613, ""white_ratio"": 0.884293, ""entropy"": 1.5142, ""quality_flags"": []}",{},False
technical-media-0278,泰昌智能制造优秀场景报告知识资料第006项,智能制造优秀场景报告,271,企业证明材料,224c9cfcd097b408c200b6fc11324b9131e4d0f71c8dd33cb29b3a53dc33c73c,parsed_outputs/power_grid_customer_corpus/customer_taichang_historical_bid_20260713/p1_01_knowledge_assets/泰昌智能制造优秀场景报告知识资料第006项.jpg,same_evidence_existing,现有资产已包含同名完整原始报告/资料，Word 内嵌页只作历史载体追溯,"[""41a22b77-bd4d-4eb3-8188-bede78b5771a"", ""80ffb527-6e04-423a-affa-3f132bc6f2b8"", ""8488c13f-70ad-412d-b06d-1004eb6e56a4"", ""fe0b52fb-b11e-46f7-8efd-1d0ba46a3ad2""]","{""valid"": true, ""file_size"": 124680, ""width"": 794, ""height"": 1146, ""gray_mean"": 244.5137, ""gray_stddev"": 28.6285, ""white_ratio"": 0.806595, ""entropy"": 2.4969, ""quality_flags"": []}",{},False
technical-media-0280,泰昌智能制造优秀场景报告知识资料第007项,智能制造优秀场景报告,271,企业证明材料,200942ad7ad93a53516143cf6968087474272c13373d10ed72a41c6477ad1969,parsed_outputs/power_grid_customer_corpus/customer_taichang_historical_bid_20260713/p1_01_knowledge_assets/泰昌智能制造优秀场景报告知识资料第007项.jpg,already_ingested,同一批次、同一候选已存在，幂等跳过,"[""41a22b77-bd4d-4eb3-8188-bede78b5771a""]","{""valid"": true, ""file_size"": 112649, ""width"": 794, ""height"": 1146, ""gray_mean"": 245.6009, ""gray_stddev"": 25.5294, ""white_ratio"": 0.81163, ""entropy"": 2.3988, ""quality_flags"": []}",{},False
technical-media-0281,泰昌智能制造优秀场景报告知识资料第008项,智能制造优秀场景报告,271,企业证明材料,c206767bb3a58cecedfeaee40e0b85001ee50ddb68a136552418a91b62272765,parsed_outputs/power_grid_customer_corpus/customer_taichang_historical_bid_20260713/p1_01_knowledge_assets/泰昌智能制造优秀场景报告知识资料第008项.jpg,same_evidence_existing,现有资产已包含同名完整原始报告/资料，Word 内嵌页只作历史载体追溯,"[""41a22b77-bd4d-4eb3-8188-bede78b5771a"", ""80ffb527-6e04-423a-affa-3f132bc6f2b8"", ""8488c13f-70ad-412d-b06d-1004eb6e56a4"", ""fe0b52fb-b11e-46f7-8efd-1d0ba46a3ad2""]","{""valid"": true, ""file_size"": 124380, ""width"": 794, ""height"": 1146, ""gray_mean"": 244.6073, ""gray_stddev"": 27.9833, ""white_ratio"": 0.812332, ""entropy"": 2.4278, ""quality_flags"": []}",{},False
technical-media-0282,泰昌智能制造优秀场景报告知识资料第009项,智能制造优秀场景报告,271,企业证明材料,2215f7c9fe7a79f83beb5fd5560e12de7de4d1db66927236e5a1044b5c837445,parsed_outputs/power_grid_customer_corpus/customer_taichang_historical_bid_20260713/p1_01_knowledge_assets/泰昌智能制造优秀场景报告知识资料第009项.jpg,same_evidence_existing,现有资产已包含同名完整原始报告/资料，Word 内嵌页只作历史载体追溯,"[""41a22b77-bd4d-4eb3-8188-bede78b5771a"", ""80ffb527-6e04-423a-affa-3f132bc6f2b8"", ""8488c13f-70ad-412d-b06d-1004eb6e56a4"", ""fe0b52fb-b11e-46f7-8efd-1d0ba46a3ad2""]","{""valid"": true, ""file_size"": 98170, ""width"": 794, ""height"": 1146, ""gray_mean"": 246.4058, ""gray_stddev"": 26.6576, ""white_ratio"": 0.839905, ""entropy"": 2.1256, ""quality_flags"": []}",{},False
technical-media-0285,泰昌数字领航企业评价报告知识资料第001项,数字领航企业评价报告,283,企业证明材料,c13222344128d19874e68c4ebe6d034b71c35e4902885765f570318e57f18a62,parsed_outputs/power_grid_customer_corpus/customer_taichang_historical_bid_20260713/p1_01_knowledge_assets/泰昌数字领航企业评价报告知识资料第001项.jpg,already_ingested,同一批次、同一候选已存在，幂等跳过,"[""3455c294-307e-42d0-83e5-2f032b4cfcb6""]","{""valid"": true, ""file_size"": 191833, ""width"": 1654, ""height"": 2339, ""gray_mean"": 225.3294, ""gray_stddev"": 38.9353, ""white_ratio"": 0.495529, ""entropy"": 4.7096, ""quality_flags"": []}",{},False
technical-media-0286,泰昌数字领航企业评价报告知识资料第002项,数字领航企业评价报告,283,企业证明材料,6b949f888e05fac1d735c8ddde858a63e7d88bbfab8dcc94629e363355b36166,parsed_outputs/power_grid_customer_corpus/customer_taichang_historical_bid_20260713/p1_01_knowledge_assets/泰昌数字领航企业评价报告知识资料第002项.jpg,already_ingested,同一批次、同一候选已存在，幂等跳过,"[""e09fa464-dcb5-4dd1-b2e9-e0ac71157906""]","{""valid"": true, ""file_size"": 196445, ""width"": 1522, ""height"": 2152, ""gray_mean"": 249.4462, ""gray_stddev"": 17.4228, ""white_ratio"": 0.85144, ""entropy"": 1.9612, ""quality_flags"": []}",{},False
technical-media-0287,泰昌数字领航企业评价报告知识资料第003项,数字领航企业评价报告,283,企业证明材料,9064f7fab63f61ae66667db9aee9e66e84916798a37d20b61b6f68678ddf3af6,parsed_outputs/power_grid_customer_corpus/customer_taichang_historical_bid_20260713/p1_01_knowledge_assets/泰昌数字领航企业评价报告知识资料第003项.jpg,already_ingested,同一批次、同一候选已存在，幂等跳过,"[""5c7bff73-a97d-444d-baae-4c3ac79ae06c""]","{""valid"": true, ""file_size"": 156434, ""width"": 1522, ""height"": 2152, ""gray_mean"": 250.6565, ""gray_stddev"": 15.5318, ""white_ratio"": 0.87999, ""entropy"": 1.6043, ""quality_flags"": []}",{},False
technical-media-0289,泰昌数字领航企业评价报告知识资料第004项,数字领航企业评价报告,283,企业证明材料,94d8cd3e5881b7f23ad99c3a62975adb3fae5a68e87b4d61a588ec14ece19e90,parsed_outputs/power_grid_customer_corpus/customer_taichang_historical_bid_20260713/p1_01_knowledge_assets/泰昌数字领航企业评价报告知识资料第004项.jpg,same_evidence_existing,现有资产已包含同名完整原始报告/资料，Word 内嵌页只作历史载体追溯,"[""3455c294-307e-42d0-83e5-2f032b4cfcb6"", ""5c7bff73-a97d-444d-baae-4c3ac79ae06c"", ""e09fa464-dcb5-4dd1-b2e9-e0ac71157906"", ""ebad47f4-818f-48a0-b6bc-9e501c4a1360""]","{""valid"": true, ""file_size"": 280319, ""width"": 1522, ""height"": 2152, ""gray_mean"": 246.3279, ""gray_stddev"": 22.1314, ""white_ratio"": 0.802719, ""entropy"": 2.3974, ""quality_flags"": []}",{},False
technical-media-0290,泰昌数字领航企业评价报告知识资料第005项,数字领航企业评价报告,283,企业证明材料,66854a7d8ec3e93333bb4494d56deb82a902f5f59f174f4546ec52c199f6aa63,parsed_outputs/power_grid_customer_corpus/customer_taichang_historical_bid_20260713/p1_01_knowledge_assets/泰昌数字领航企业评价报告知识资料第005项.jpg,same_evidence_existing,现有资产已包含同名完整原始报告/资料，Word 内嵌页只作历史载体追溯,"[""3455c294-307e-42d0-83e5-2f032b4cfcb6"", ""5c7bff73-a97d-444d-baae-4c3ac79ae06c"", ""e09fa464-dcb5-4dd1-b2e9-e0ac71157906"", ""ebad47f4-818f-48a0-b6bc-9e501c4a1360""]","{""valid"": true, ""file_size"": 264701, ""width"": 1522, ""height"": 2152, ""gray_mean"": 246.9487, ""gray_stddev"": 21.8945, ""white_ratio"": 0.823639, ""entropy"": 2.1823, ""quality_flags"": []}",{},False
technical-media-0291,泰昌数字领航企业评价报告知识资料第006项,数字领航企业评价报告,283,企业证明材料,d776f6d17df0424d80c24fb94288496c0624bdbd009924e0f298225d851b3e44,parsed_outputs/power_grid_customer_corpus/customer_taichang_historical_bid_20260713/p1_01_knowledge_assets/泰昌数字领航企业评价报告知识资料第006项.jpg,already_ingested,同一批次、同一候选已存在，幂等跳过,"[""ebad47f4-818f-48a0-b6bc-9e501c4a1360""]","{""valid"": true, ""file_size"": 102128, ""width"": 1522, ""height"": 2152, ""gray_mean"": 251.1508, ""gray_stddev"": 14.0934, ""white_ratio"": 0.889725, ""entropy"": 1.4271, ""quality_flags"": []}",{},False
technical-media-0292,泰昌数字领航企业评价报告知识资料第007项,数字领航企业评价报告,283,企业证明材料,0bc95e9deda2d5ba68fc980339e3e7736138c9f1ee92b8f222bbe9fdff1ebeee,parsed_outputs/power_grid_customer_corpus/customer_taichang_historical_bid_20260713/p1_01_knowledge_assets/泰昌数字领航企业评价报告知识资料第007项.jpg,same_evidence_existing,现有资产已包含同名完整原始报告/资料，Word 内嵌页只作历史载体追溯,"[""3455c294-307e-42d0-83e5-2f032b4cfcb6"", ""5c7bff73-a97d-444d-baae-4c3ac79ae06c"", ""e09fa464-dcb5-4dd1-b2e9-e0ac71157906"", ""ebad47f4-818f-48a0-b6bc-9e501c4a1360""]","{""valid"": true, ""file_size"": 296900, ""width"": 1654, ""height"": 2339, ""gray_mean"": 247.3328, ""gray_stddev"": 20.759, ""white_ratio"": 0.82695, ""entropy"": 2.1624, ""quality_flags"": []}",{},False
technical-media-0294,泰昌数字领航企业评价报告知识资料第008项,数字领航企业评价报告,283,企业证明材料,fa78dc6e39c1cbcc70a4f4d0e030f43ca32727edf4fa2581aa664ddce2ebbff9,parsed_outputs/power_grid_customer_corpus/customer_taichang_historical_bid_20260713/p1_01_knowledge_assets/泰昌数字领航企业评价报告知识资料第008项.jpg,same_evidence_existing,现有资产已包含同名完整原始报告/资料，Word 内嵌页只作历史载体追溯,"[""3455c294-307e-42d0-83e5-2f032b4cfcb6"", ""5c7bff73-a97d-444d-baae-4c3ac79ae06c"", ""e09fa464-dcb5-4dd1-b2e9-e0ac71157906"", ""ebad47f4-818f-48a0-b6bc-9e501c4a1360""]","{""valid"": true, ""file_size"": 293825, ""width"": 1522, ""height"": 2152, ""gray_mean"": 245.8433, ""gray_stddev"": 22.9279, ""white_ratio"": 0.797195, ""entropy"": 2.4642, ""quality_flags"": []}",{},False
technical-media-0295,泰昌数字领航企业评价报告知识资料第009项,数字领航企业评价报告,283,企业证明材料,12611128b30f87640853f57ea3db509f10c139064e5210620bb2d9f41edfab24,parsed_outputs/power_grid_customer_corpus/customer_taichang_historical_bid_20260713/p1_01_knowledge_assets/泰昌数字领航企业评价报告知识资料第009项.jpg,same_evidence_existing,现有资产已包含同名完整原始报告/资料，Word 内嵌页只作历史载体追溯,"[""3455c294-307e-42d0-83e5-2f032b4cfcb6"", ""5c7bff73-a97d-444d-baae-4c3ac79ae06c"", ""e09fa464-dcb5-4dd1-b2e9-e0ac71157906"", ""ebad47f4-818f-48a0-b6bc-9e501c4a1360""]","{""valid"": true, ""file_size"": 293810, ""width"": 1522, ""height"": 2152, ""gray_mean"": 245.6027, ""gray_stddev"": 23.8813, ""white_ratio"": 0.799911, ""entropy"": 2.4425, ""quality_flags"": []}",{},False
technical-media-0296,泰昌数字领航企业评价报告知识资料第010项,数字领航企业评价报告,283,企业证明材料,f4acd75ed1b6840537425474b83b3c856c42fb9a693eeb00adda3c32090db783,parsed_outputs/power_grid_customer_corpus/customer_taichang_historical_bid_20260713/p1_01_knowledge_assets/泰昌数字领航企业评价报告知识资料第010项.jpg,same_evidence_existing,现有资产已包含同名完整原始报告/资料，Word 内嵌页只作历史载体追溯,"[""3455c294-307e-42d0-83e5-2f032b4cfcb6"", ""5c7bff73-a97d-444d-baae-4c3ac79ae06c"", ""e09fa464-dcb5-4dd1-b2e9-e0ac71157906"", ""ebad47f4-818f-48a0-b6bc-9e501c4a1360""]","{""valid"": true, ""file_size"": 290655, ""width"": 1522, ""height"": 2152, ""gray_mean"": 245.873, ""gray_stddev"": 23.0857, ""white_ratio"": 0.799149, ""entropy"": 2.4372, ""quality_flags"": []}",{},False
technical-media-0297,泰昌数字领航企业评价报告知识资料第011项,数字领航企业评价报告,283,企业证明材料,d76a986a813e717fecf373d5862b881f74a5a2d2588c0237eed4f615b37c5149,parsed_outputs/power_grid_customer_corpus/customer_taichang_historical_bid_20260713/p1_01_knowledge_assets/泰昌数字领航企业评价报告知识资料第011项.jpg,same_evidence_existing,现有资产已包含同名完整原始报告/资料，Word 内嵌页只作历史载体追溯,"[""3455c294-307e-42d0-83e5-2f032b4cfcb6"", ""5c7bff73-a97d-444d-baae-4c3ac79ae06c"", ""e09fa464-dcb5-4dd1-b2e9-e0ac71157906"", ""ebad47f4-818f-48a0-b6bc-9e501c4a1360""]","{""valid"": true, ""file_size"": 209972, ""width"": 1522, ""height"": 2152, ""gray_mean"": 248.4456, ""gray_stddev"": 20.2612, ""white_ratio"": 0.849258, ""entropy"": 1.9202, ""quality_flags"": []}",{},False
technical-media-0298,泰昌数字领航企业评价报告知识资料第012项,数字领航企业评价报告,283,企业证明材料,90f1fcf6d60c0b5f3067243d95a27dafd31ba72b4b833b4944341e4d12a92aea,parsed_outputs/power_grid_customer_corpus/customer_taichang_historical_bid_20260713/p1_01_knowledge_assets/泰昌数字领航企业评价报告知识资料第012项.jpg,same_evidence_existing,现有资产已包含同名完整原始报告/资料，Word 内嵌页只作历史载体追溯,"[""3455c294-307e-42d0-83e5-2f032b4cfcb6"", ""5c7bff73-a97d-444d-baae-4c3ac79ae06c"", ""e09fa464-dcb5-4dd1-b2e9-e0ac71157906"", ""ebad47f4-818f-48a0-b6bc-9e501c4a1360""]","{""valid"": true, ""file_size"": 234057, ""width"": 1522, ""height"": 2152, ""gray_mean"": 247.7986, ""gray_stddev"": 20.7007, ""white_ratio"": 0.832428, ""entropy"": 2.0999, ""quality_flags"": []}",{},False
technical-media-0299,泰昌数字领航企业评价报告知识资料第013项,数字领航企业评价报告,283,企业证明材料,cae4573286f527a715c97f97cab3854e89d576c9ef27132042801aca5ac1abd2,parsed_outputs/power_grid_customer_corpus/customer_taichang_historical_bid_20260713/p1_01_knowledge_assets/泰昌数字领航企业评价报告知识资料第013项.jpg,same_evidence_existing,现有资产已包含同名完整原始报告/资料，Word 内嵌页只作历史载体追溯,"[""3455c294-307e-42d0-83e5-2f032b4cfcb6"", ""5c7bff73-a97d-444d-baae-4c3ac79ae06c"", ""e09fa464-dcb5-4dd1-b2e9-e0ac71157906"", ""ebad47f4-818f-48a0-b6bc-9e501c4a1360""]","{""valid"": true, ""file_size"": 233477, ""width"": 1522, ""height"": 2152, ""gray_mean"": 247.6988, ""gray_stddev"": 20.8811, ""white_ratio"": 0.831665, ""entropy"": 2.0834, ""quality_flags"": []}",{},False
technical-media-0300,泰昌数字领航企业评价报告知识资料第014项,数字领航企业评价报告,283,企业证明材料,862beec1c5f9e36633b81b23f1055e9316086d2bd733681371e71044038bd3ef,parsed_outputs/power_grid_customer_corpus/customer_taichang_historical_bid_20260713/p1_01_knowledge_assets/泰昌数字领航企业评价报告知识资料第014项.jpg,same_evidence_existing,现有资产已包含同名完整原始报告/资料，Word 内嵌页只作历史载体追溯,"[""3455c294-307e-42d0-83e5-2f032b4cfcb6"", ""5c7bff73-a97d-444d-baae-4c3ac79ae06c"", ""e09fa464-dcb5-4dd1-b2e9-e0ac71157906"", ""ebad47f4-818f-48a0-b6bc-9e501c4a1360""]","{""valid"": true, ""file_size"": 285573, ""width"": 1522, ""height"": 2152, ""gray_mean"": 246.2613, ""gray_stddev"": 22.6366, ""white_ratio"": 0.807358, ""entropy"": 2.3575, ""quality_flags"": []}",{},False
