candidate_id,bid_volume,record_type,source_page,dedup_status,dedup_status_label,enterprise,doc_owner,source_domain,target_library,target_library_label,evidence_type,evidence_type_label,product_families,material_category,applicable_volumes,applicable_sections,origin_type,validity_status,sensitivity,sensitivity_label,quality_tier,quality_tier_label,review_status,review_status_label,title,source_display_name,source_document_name,category_label,description,tags,caption_policy,formal_caption,evidence_bundle_id,manual_review_required,approved_candidate,ingestion_eligible,ingestion_action,ingestion_block_reason,classification_confidence,source_file,source_section,content_sha256,media_sha256
technical-fact-0001,technical,fact_candidate,1,fact_conflict,事实冲突,河北泰昌电力器材科技有限公司,河北泰昌电力器材科技有限公司,mixed_historical_bid,reference_template_library,历史参考资料,project_context,历史项目上下文,[],泰昌企业资料,"[""技术标""]","[""未归入章节""]",uncertain,project_conflict_check_required,internal,企业内部资料,restricted,受限资料,rejected_conflict,事实冲突，禁止复用,泰昌历史项目上下文历史候选第1页,泰昌技术补充文件,泰昌技术补充文件,历史项目上下文,来源于泰昌技术补充文件，历史位置为“未归入章节”。当前仅用于泰昌资料人工复核，未获准进入正式标书。,"[""泰昌"", ""历史项目上下文"", ""历史标书候选"", ""技术标""]",suppressed_document_page_caption,,,False,False,False,blocked,尚未通过P0-06人工批准,1.0,assets/template_words/技术补充文件.docx,未归入章节,1da507cb8ca761d8e60d300c90d82705f6b7d5fdcecbced2456de38fa79e2b3c,
technical-media-0001,technical,media,1,possible_visual_duplicate,视觉疑似重复,河北泰昌电力器材科技有限公司,河北泰昌电力器材科技有限公司,mixed_historical_bid,product_library,产品库资料,enterprise_evidence,企业证明材料,[],泰昌企业资料,"[""技术标""]","[""未归入章节""]",uncertain,needs_review,internal,企业内部资料,review_only,仅限人工复核,needs_manual_review,需要人工复核,泰昌企业证明材料历史候选第1页,泰昌技术补充文件,泰昌技术补充文件,企业证明材料,来源于泰昌技术补充文件，历史位置为“未归入章节”。当前仅用于泰昌资料人工复核，未获准进入正式标书。,"[""泰昌"", ""企业证明材料"", ""历史标书候选"", ""技术标""]",suppressed_document_page_caption,,taichang-visual-review-2137b36704aaafab504a,True,False,False,blocked,尚未通过P0-06人工批准,0.45,assets/template_words/技术补充文件.docx,未归入章节,da2418eb84c5b466c62f92b2c08defbee1aa3eb16f09ef3d414132378b0987b2,da2418eb84c5b466c62f92b2c08defbee1aa3eb16f09ef3d414132378b0987b2
technical-chapter-001,technical,chapter,4,new,未发现重复，仍需审核,河北泰昌电力器材科技有限公司,河北泰昌电力器材科技有限公司,mixed_historical_bid,reference_template_library,历史参考资料,historical_structure_reference,历史目录结构参考,[],泰昌企业资料,"[""技术标""]","[""技术偏差表""]",tender_mandated,needs_review,internal,企业内部资料,review_only,仅限人工复核,not_asset_reference,非资产结构参考,泰昌技术标历史目录参考：技术偏差表,泰昌技术补充文件,泰昌技术补充文件,历史目录结构参考,来源于泰昌技术补充文件，历史位置为“技术偏差表”。当前仅用于泰昌资料人工复核，未获准进入正式标书。,"[""泰昌"", ""历史目录结构参考"", ""历史标书候选"", ""技术标""]",suppressed_document_page_caption,,,False,False,False,blocked,尚未通过P0-06人工批准,1.0,assets/template_words/技术补充文件.docx,（一）技术偏差表,161966403baa284ec56931c415cfe5e681336f94316c32e4c3d02d90629d3960,
technical-chapter-002,technical,chapter,4,new,未发现重复，仍需审核,河北泰昌电力器材科技有限公司,河北泰昌电力器材科技有限公司,mixed_historical_bid,reference_template_library,历史参考资料,historical_structure_reference,历史目录结构参考,[],泰昌企业资料,"[""技术标""]","[""技术偏差表/1.技术偏差表""]",tender_mandated,needs_review,internal,企业内部资料,review_only,仅限人工复核,not_asset_reference,非资产结构参考,泰昌技术标历史目录参考：技术偏差表/1.技术偏差表,泰昌技术补充文件,泰昌技术补充文件,历史目录结构参考,来源于泰昌技术补充文件，历史位置为“技术偏差表/1.技术偏差表”。当前仅用于泰昌资料人工复核，未获准进入正式标书。,"[""泰昌"", ""历史目录结构参考"", ""历史标书候选"", ""技术标""]",suppressed_document_page_caption,,,False,False,False,blocked,尚未通过P0-06人工批准,1.0,assets/template_words/技术补充文件.docx,（一）技术偏差表/1.技术偏差表,32230dba9a14b3f20aacc1c9a9727fcc6160090923f1c304600ebc4ce09e6423,
technical-fact-0002,technical,fact_candidate,4,fact_conflict,事实冲突,河北泰昌电力器材科技有限公司,河北泰昌电力器材科技有限公司,mixed_historical_bid,reference_template_library,历史参考资料,project_context,历史项目上下文,[],泰昌企业资料,"[""技术标""]","[""技术偏差表/1.技术偏差表""]",tender_mandated,project_conflict_check_required,internal,企业内部资料,restricted,受限资料,rejected_conflict,事实冲突，禁止复用,泰昌历史项目上下文历史候选第4页,泰昌技术补充文件,泰昌技术补充文件,历史项目上下文,来源于泰昌技术补充文件，历史位置为“技术偏差表/1.技术偏差表”。当前仅用于泰昌资料人工复核，未获准进入正式标书。,"[""泰昌"", ""历史项目上下文"", ""历史标书候选"", ""技术标""]",suppressed_document_page_caption,,,False,False,False,blocked,尚未通过P0-06人工批准,1.0,assets/template_words/技术补充文件.docx,（一）技术偏差表/1.技术偏差表,738feab51fe7e166450efd6b11cc5871ec72e2ba8f1234721608c3582c2b4a70,
technical-fact-0003,technical,fact_candidate,4,fact_conflict,事实冲突,河北泰昌电力器材科技有限公司,河北泰昌电力器材科技有限公司,mixed_historical_bid,reference_template_library,历史参考资料,project_context,历史项目上下文,[],泰昌企业资料,"[""技术标""]","[""技术偏差表/1.技术偏差表""]",tender_mandated,project_conflict_check_required,internal,企业内部资料,restricted,受限资料,rejected_conflict,事实冲突，禁止复用,泰昌历史项目上下文历史候选第4页,泰昌技术补充文件,泰昌技术补充文件,历史项目上下文,来源于泰昌技术补充文件，历史位置为“技术偏差表/1.技术偏差表”。当前仅用于泰昌资料人工复核，未获准进入正式标书。,"[""泰昌"", ""历史项目上下文"", ""历史标书候选"", ""技术标""]",suppressed_document_page_caption,,,False,False,False,blocked,尚未通过P0-06人工批准,1.0,assets/template_words/技术补充文件.docx,（一）技术偏差表/1.技术偏差表,1da507cb8ca761d8e60d300c90d82705f6b7d5fdcecbced2456de38fa79e2b3c,
technical-fact-0004,technical,fact_candidate,4,new,未发现重复，仍需审核,河北泰昌电力器材科技有限公司,河北泰昌电力器材科技有限公司,mixed_historical_bid,product_library,产品库资料,product_parameter_table,产品参数表,"[""电缆保护管通用""]",电缆保护管,"[""技术标""]","[""技术偏差表/1.技术偏差表""]",tender_mandated,coverage_unconfirmed,internal,企业内部资料,review_only,仅限人工复核,needs_customer_confirmation,需要客户确认,泰昌产品参数表历史候选第4页,泰昌技术补充文件,泰昌技术补充文件,产品参数表,来源于泰昌技术补充文件，历史位置为“技术偏差表/1.技术偏差表”。当前仅用于泰昌资料人工复核，未获准进入正式标书。,"[""泰昌"", ""产品参数表"", ""历史标书候选"", ""技术标"", ""电缆保护管通用""]",suppressed_document_page_caption,,,True,False,False,blocked,尚未通过P0-06人工批准,0.85,assets/template_words/技术补充文件.docx,（一）技术偏差表/1.技术偏差表,1e0dbd60795ef883369a0e31cb3f16ad10beca7cfe04248e2b9c2bacdff0ddef,
technical-table-001,technical,table,4,new,未发现重复，仍需审核,河北泰昌电力器材科技有限公司,河北泰昌电力器材科技有限公司,mixed_historical_bid,product_library,产品库资料,product_parameter_table,产品参数表,"[""电缆保护管通用""]",电缆保护管,"[""技术标""]","[""技术偏差表/1.技术偏差表""]",tender_mandated,needs_review,internal,企业内部资料,review_only,仅限人工复核,not_asset_reference,非资产结构参考,泰昌技术标历史表单参考：技术偏差表/1.技术偏差表,泰昌技术补充文件,泰昌技术补充文件,产品参数表,来源于泰昌技术补充文件，历史位置为“技术偏差表/1.技术偏差表”。当前仅用于泰昌资料人工复核，未获准进入正式标书。,"[""泰昌"", ""产品参数表"", ""历史标书候选"", ""技术标"", ""电缆保护管通用""]",suppressed_document_page_caption,,,False,False,False,blocked,尚未通过P0-06人工批准,0.9,assets/template_words/技术补充文件.docx,（一）技术偏差表/1.技术偏差表,900f2c33ae86c7da7111bb86b3b13f4f0930bd34271afa904056c87159b9b531,
technical-chapter-003,technical,chapter,5,new,未发现重复，仍需审核,河北泰昌电力器材科技有限公司,河北泰昌电力器材科技有限公司,mixed_historical_bid,reference_template_library,历史参考资料,historical_structure_reference,历史目录结构参考,[],泰昌企业资料,"[""技术标""]","[""专项投标文件""]",tender_mandated,needs_review,internal,企业内部资料,review_only,仅限人工复核,not_asset_reference,非资产结构参考,泰昌技术标历史目录参考：专项投标文件,泰昌技术补充文件,泰昌技术补充文件,历史目录结构参考,来源于泰昌技术补充文件，历史位置为“专项投标文件”。当前仅用于泰昌资料人工复核，未获准进入正式标书。,"[""泰昌"", ""历史目录结构参考"", ""历史标书候选"", ""技术标""]",suppressed_document_page_caption,,,False,False,False,blocked,尚未通过P0-06人工批准,1.0,assets/template_words/技术补充文件.docx,（二）专项投标文件,59478a79ce1fa94919b44c147d813e5dbf02662dc9dbcef22807b3e2d5abbfe5,
technical-chapter-004,technical,chapter,5,new,未发现重复，仍需审核,河北泰昌电力器材科技有限公司,河北泰昌电力器材科技有限公司,mixed_historical_bid,reference_template_library,历史参考资料,historical_structure_reference,历史目录结构参考,[],泰昌企业资料,"[""技术标""]","[""专项投标文件/1.业绩文件""]",tender_mandated,needs_review,internal,企业内部资料,review_only,仅限人工复核,not_asset_reference,非资产结构参考,泰昌技术标历史目录参考：专项投标文件/1.业绩文件,泰昌技术补充文件,泰昌技术补充文件,历史目录结构参考,来源于泰昌技术补充文件，历史位置为“专项投标文件/1.业绩文件”。当前仅用于泰昌资料人工复核，未获准进入正式标书。,"[""泰昌"", ""历史目录结构参考"", ""历史标书候选"", ""技术标""]",suppressed_document_page_caption,,,False,False,False,blocked,尚未通过P0-06人工批准,1.0,assets/template_words/技术补充文件.docx,（二）专项投标文件/1.业绩文件,25cf18807d7ab589d998e7d739f1e8e9c41b5883b5a26859f758db8e2b13a33f,
technical-chapter-005,technical,chapter,5,new,未发现重复，仍需审核,河北泰昌电力器材科技有限公司,河北泰昌电力器材科技有限公司,mixed_historical_bid,reference_template_library,历史参考资料,historical_structure_reference,历史目录结构参考,[],泰昌企业资料,"[""技术标""]","[""专项投标文件/1.业绩文件/1.1.资格预审通知书""]",reference_layout_only,needs_review,internal,企业内部资料,review_only,仅限人工复核,not_asset_reference,非资产结构参考,泰昌技术标历史目录参考：专项投标文件/1.业绩文件/1.1.资格预审通知书,泰昌技术补充文件,泰昌技术补充文件,历史目录结构参考,来源于泰昌技术补充文件，历史位置为“专项投标文件/1.业绩文件/1.1.资格预审通知书”。当前仅用于泰昌资料人工复核，未获准进入正式标书。,"[""泰昌"", ""历史目录结构参考"", ""历史标书候选"", ""技术标""]",suppressed_document_page_caption,,,False,False,False,blocked,尚未通过P0-06人工批准,1.0,assets/template_words/技术补充文件.docx,（二）专项投标文件/1.业绩文件/1.1.资格预审通知书,6151f1fd4e2c13649af20c673d26127ad3caa25807a504028b77c323498d6b61,
technical-media-0002,technical,media,5,new,未发现重复，仍需审核,河北泰昌电力器材科技有限公司,河北泰昌电力器材科技有限公司,mixed_historical_bid,qualification_library,资信库资料,project_performance,项目业绩,[],泰昌企业资料,"[""技术标""]","[""专项投标文件/1.业绩文件/1.1.资格预审通知书""]",reference_layout_only,needs_review,internal,企业内部资料,review_only,仅限人工复核,needs_customer_confirmation,需要客户确认,泰昌项目业绩历史候选第5页,泰昌技术补充文件,泰昌技术补充文件,项目业绩,来源于泰昌技术补充文件，历史位置为“专项投标文件/1.业绩文件/1.1.资格预审通知书”。当前仅用于泰昌资料人工复核，未获准进入正式标书。,"[""泰昌"", ""项目业绩"", ""历史标书候选"", ""技术标""]",suppressed_document_page_caption,,,True,False,False,blocked,尚未通过P0-06人工批准,0.8,assets/template_words/技术补充文件.docx,（二）专项投标文件/1.业绩文件/1.1.资格预审通知书,024217890bffe91af9a61079590d6b6538f9b6d5713a1c4c4744cc6eb1eeac24,024217890bffe91af9a61079590d6b6538f9b6d5713a1c4c4744cc6eb1eeac24
technical-chapter-006,technical,chapter,6,new,未发现重复，仍需审核,河北泰昌电力器材科技有限公司,河北泰昌电力器材科技有限公司,mixed_historical_bid,reference_template_library,历史参考资料,historical_structure_reference,历史目录结构参考,[],泰昌企业资料,"[""技术标""]","[""专项投标文件/2.技术特性参数表""]",tender_mandated,needs_review,internal,企业内部资料,review_only,仅限人工复核,not_asset_reference,非资产结构参考,泰昌技术标历史目录参考：专项投标文件/2.技术特性参数表,泰昌技术补充文件,泰昌技术补充文件,历史目录结构参考,来源于泰昌技术补充文件，历史位置为“专项投标文件/2.技术特性参数表”。当前仅用于泰昌资料人工复核，未获准进入正式标书。,"[""泰昌"", ""历史目录结构参考"", ""历史标书候选"", ""技术标""]",suppressed_document_page_caption,,,False,False,False,blocked,尚未通过P0-06人工批准,1.0,assets/template_words/技术补充文件.docx,（二）专项投标文件/2.技术特性参数表,81242f4cc6f8f612b750d0c924a5800511f0e5b17b031b94c1e9cc038cfaedf8,
technical-table-002,technical,table,7,new,未发现重复，仍需审核,河北泰昌电力器材科技有限公司,河北泰昌电力器材科技有限公司,mixed_historical_bid,product_library,产品库资料,product_parameter_table,产品参数表,"[""电缆保护管通用""]",电缆保护管,"[""技术标""]","[""专项投标文件/2.技术特性参数表""]",tender_mandated,needs_review,internal,企业内部资料,review_only,仅限人工复核,not_asset_reference,非资产结构参考,泰昌技术标历史表单参考：专项投标文件/2.技术特性参数表,泰昌技术补充文件,泰昌技术补充文件,产品参数表,来源于泰昌技术补充文件，历史位置为“专项投标文件/2.技术特性参数表”。当前仅用于泰昌资料人工复核，未获准进入正式标书。,"[""泰昌"", ""产品参数表"", ""历史标书候选"", ""技术标"", ""电缆保护管通用""]",suppressed_document_page_caption,,,False,False,False,blocked,尚未通过P0-06人工批准,0.9,assets/template_words/技术补充文件.docx,（二）专项投标文件/2.技术特性参数表,f78b859a5060481f94322bc774a19d14b7f8b43291fa3ace909d13c2600a84aa,
technical-fact-0005,technical,fact_candidate,7,fact_conflict,事实冲突,河北泰昌电力器材科技有限公司,河北泰昌电力器材科技有限公司,mixed_historical_bid,reference_template_library,历史参考资料,project_context,历史项目上下文,[],泰昌企业资料,"[""技术标""]","[""专项投标文件/2.技术特性参数表""]",tender_mandated,project_conflict_check_required,internal,企业内部资料,restricted,受限资料,rejected_conflict,事实冲突，禁止复用,泰昌历史项目上下文历史候选第7页,泰昌技术补充文件,泰昌技术补充文件,历史项目上下文,来源于泰昌技术补充文件，历史位置为“专项投标文件/2.技术特性参数表”。当前仅用于泰昌资料人工复核，未获准进入正式标书。,"[""泰昌"", ""历史项目上下文"", ""历史标书候选"", ""技术标""]",suppressed_document_page_caption,,,False,False,False,blocked,尚未通过P0-06人工批准,1.0,assets/template_words/技术补充文件.docx,（二）专项投标文件/2.技术特性参数表,738feab51fe7e166450efd6b11cc5871ec72e2ba8f1234721608c3582c2b4a70,
technical-fact-0006,technical,fact_candidate,7,fact_conflict,事实冲突,河北泰昌电力器材科技有限公司,河北泰昌电力器材科技有限公司,mixed_historical_bid,reference_template_library,历史参考资料,project_context,历史项目上下文,[],泰昌企业资料,"[""技术标""]","[""专项投标文件/2.技术特性参数表""]",tender_mandated,project_conflict_check_required,internal,企业内部资料,restricted,受限资料,rejected_conflict,事实冲突，禁止复用,泰昌历史项目上下文历史候选第7页,泰昌技术补充文件,泰昌技术补充文件,历史项目上下文,来源于泰昌技术补充文件，历史位置为“专项投标文件/2.技术特性参数表”。当前仅用于泰昌资料人工复核，未获准进入正式标书。,"[""泰昌"", ""历史项目上下文"", ""历史标书候选"", ""技术标""]",suppressed_document_page_caption,,,False,False,False,blocked,尚未通过P0-06人工批准,1.0,assets/template_words/技术补充文件.docx,（二）专项投标文件/2.技术特性参数表,1da507cb8ca761d8e60d300c90d82705f6b7d5fdcecbced2456de38fa79e2b3c,
technical-fact-0007,technical,fact_candidate,7,duplicate_exact,精确重复，不新增,河北泰昌电力器材科技有限公司,河北泰昌电力器材科技有限公司,mixed_historical_bid,product_library,产品库资料,product_parameter_table,产品参数表,"[""电缆保护管通用""]",电缆保护管,"[""技术标""]","[""专项投标文件/2.技术特性参数表""]",tender_mandated,coverage_unconfirmed,internal,企业内部资料,review_only,仅限人工复核,rejected_duplicate,精确重复，不新增,泰昌产品参数表历史候选第7页,泰昌技术补充文件,泰昌技术补充文件,产品参数表,来源于泰昌技术补充文件，历史位置为“专项投标文件/2.技术特性参数表”。当前仅用于泰昌资料人工复核，未获准进入正式标书。,"[""泰昌"", ""产品参数表"", ""历史标书候选"", ""技术标"", ""电缆保护管通用""]",suppressed_document_page_caption,,taichang-exact-a52d25d31e556a2ae3c4,False,False,False,blocked,尚未通过P0-06人工批准,0.85,assets/template_words/技术补充文件.docx,（二）专项投标文件/2.技术特性参数表,1e0dbd60795ef883369a0e31cb3f16ad10beca7cfe04248e2b9c2bacdff0ddef,
technical-fact-0008,technical,fact_candidate,7,new,未发现重复，仍需审核,河北泰昌电力器材科技有限公司,河北泰昌电力器材科技有限公司,mixed_historical_bid,knowledge_library,知识库资料,technical_response,技术响应资料,[],泰昌企业资料,"[""技术标""]","[""专项投标文件/2.技术特性参数表""]",tender_mandated,not_parameter_evidence,internal,企业内部资料,review_only,仅限人工复核,needs_customer_confirmation,需要客户确认,泰昌技术响应资料历史候选第7页,泰昌技术补充文件,泰昌技术补充文件,技术响应资料,来源于泰昌技术补充文件，历史位置为“专项投标文件/2.技术特性参数表”。当前仅用于泰昌资料人工复核，未获准进入正式标书。,"[""泰昌"", ""技术响应资料"", ""历史标书候选"", ""技术标""]",suppressed_document_page_caption,,,True,False,False,blocked,尚未通过P0-06人工批准,1.0,assets/template_words/技术补充文件.docx,（二）专项投标文件/2.技术特性参数表,69c826016ac2d6ec22ad9ee3dabdad87233cf80e1f5b0bdf06493b7bfc8c9b5f,
technical-chapter-007,technical,chapter,6,new,未发现重复，仍需审核,河北泰昌电力器材科技有限公司,河北泰昌电力器材科技有限公司,mixed_historical_bid,reference_template_library,历史参考资料,historical_structure_reference,历史目录结构参考,[],泰昌企业资料,"[""技术标""]","[""专项投标文件/2.技术特性参数表/（G004-500013634-00006）""]",uncertain,needs_review,internal,企业内部资料,review_only,仅限人工复核,not_asset_reference,非资产结构参考,泰昌技术标历史目录参考：专项投标文件/2.技术特性参数表/（G004-500013634-00006）,泰昌技术补充文件,泰昌技术补充文件,历史目录结构参考,来源于泰昌技术补充文件，历史位置为“专项投标文件/2.技术特性参数表/（G004-500013634-00006）”。当前仅用于泰昌资料人工复核，未获准进入正式标书。,"[""泰昌"", ""历史目录结构参考"", ""历史标书候选"", ""技术标""]",suppressed_document_page_caption,,,False,False,False,blocked,尚未通过P0-06人工批准,1.0,assets/template_words/技术补充文件.docx,（二）专项投标文件/2.技术特性参数表/（G004-500013634-00006）,cc0b2ae23070d44c27bcb15e890f8ba13435415c55d5a20feafb3169636cbfc1,
technical-fact-0009,technical,fact_candidate,6,fact_conflict,事实冲突,河北泰昌电力器材科技有限公司,河北泰昌电力器材科技有限公司,mixed_historical_bid,reference_template_library,历史参考资料,project_context,历史项目上下文,[],泰昌企业资料,"[""技术标""]","[""专项投标文件/2.技术特性参数表/（G004-500013634-00006）""]",uncertain,applicability_needs_tender_confirmation,internal,企业内部资料,restricted,受限资料,rejected_conflict,事实冲突，禁止复用,泰昌历史项目上下文历史候选第6页,泰昌技术补充文件,泰昌技术补充文件,历史项目上下文,来源于泰昌技术补充文件，历史位置为“专项投标文件/2.技术特性参数表/（G004-500013634-00006）”。当前仅用于泰昌资料人工复核，未获准进入正式标书。,"[""泰昌"", ""历史项目上下文"", ""历史标书候选"", ""技术标""]",suppressed_document_page_caption,,,False,False,False,blocked,尚未通过P0-06人工批准,1.0,assets/template_words/技术补充文件.docx,（二）专项投标文件/2.技术特性参数表/（G004-500013634-00006）,a6d6fce1ba5ac529f14e53f212bbaae5caf418d22f0107f227f2f7bde19a96d0,
technical-table-003,technical,table,6,new,未发现重复，仍需审核,河北泰昌电力器材科技有限公司,河北泰昌电力器材科技有限公司,mixed_historical_bid,reference_template_library,历史参考资料,historical_form_reference,历史表单结构参考,[],泰昌企业资料,"[""技术标""]","[""专项投标文件/2.技术特性参数表/（G004-500013634-00006）""]",uncertain,needs_review,internal,企业内部资料,review_only,仅限人工复核,not_asset_reference,非资产结构参考,泰昌技术标历史表单参考：专项投标文件/2.技术特性参数表/（G004-500013634-00006）,泰昌技术补充文件,泰昌技术补充文件,历史表单结构参考,来源于泰昌技术补充文件，历史位置为“专项投标文件/2.技术特性参数表/（G004-500013634-00006）”。当前仅用于泰昌资料人工复核，未获准进入正式标书。,"[""泰昌"", ""历史表单结构参考"", ""历史标书候选"", ""技术标""]",suppressed_document_page_caption,,,False,False,False,blocked,尚未通过P0-06人工批准,0.85,assets/template_words/技术补充文件.docx,（二）专项投标文件/2.技术特性参数表/（G004-500013634-00006）,8820eda450fddddaca6d85a038ef4dac515e042c236b42f982824a2611381648,
technical-fact-0010,technical,fact_candidate,6,new,未发现重复，仍需审核,河北泰昌电力器材科技有限公司,河北泰昌电力器材科技有限公司,mixed_historical_bid,knowledge_library,知识库资料,technical_response,技术响应资料,[],泰昌企业资料,"[""技术标""]","[""专项投标文件/2.技术特性参数表/（G004-500013634-00006）""]",uncertain,not_parameter_evidence,internal,企业内部资料,review_only,仅限人工复核,needs_customer_confirmation,需要客户确认,泰昌技术响应资料历史候选第6页,泰昌技术补充文件,泰昌技术补充文件,技术响应资料,来源于泰昌技术补充文件，历史位置为“专项投标文件/2.技术特性参数表/（G004-500013634-00006）”。当前仅用于泰昌资料人工复核，未获准进入正式标书。,"[""泰昌"", ""技术响应资料"", ""历史标书候选"", ""技术标""]",suppressed_document_page_caption,,,True,False,False,blocked,尚未通过P0-06人工批准,1.0,assets/template_words/技术补充文件.docx,（二）专项投标文件/2.技术特性参数表/（G004-500013634-00006）,0b6d35c74b2ac0b0920bdab67695658fa0b8ea76b4545bbf5485503b46924ada,
technical-table-004,technical,table,9,new,未发现重复，仍需审核,河北泰昌电力器材科技有限公司,河北泰昌电力器材科技有限公司,mixed_historical_bid,reference_template_library,历史参考资料,historical_form_reference,历史表单结构参考,[],泰昌企业资料,"[""技术标""]","[""专项投标文件/2.技术特性参数表/（G004-500013634-00006）""]",uncertain,needs_review,internal,企业内部资料,review_only,仅限人工复核,not_asset_reference,非资产结构参考,泰昌技术标历史表单参考：专项投标文件/2.技术特性参数表/（G004-500013634-00006）,泰昌技术补充文件,泰昌技术补充文件,历史表单结构参考,来源于泰昌技术补充文件，历史位置为“专项投标文件/2.技术特性参数表/（G004-500013634-00006）”。当前仅用于泰昌资料人工复核，未获准进入正式标书。,"[""泰昌"", ""历史表单结构参考"", ""历史标书候选"", ""技术标""]",suppressed_document_page_caption,,,False,False,False,blocked,尚未通过P0-06人工批准,0.85,assets/template_words/技术补充文件.docx,（二）专项投标文件/2.技术特性参数表/（G004-500013634-00006）,804e8e92fd522a5f1e7d3707c4fcaa586b4e771fd9aa1f71071a9aee3a4f3856,
technical-chapter-008,technical,chapter,12,new,未发现重复，仍需审核,河北泰昌电力器材科技有限公司,河北泰昌电力器材科技有限公司,mixed_historical_bid,reference_template_library,历史参考资料,historical_structure_reference,历史目录结构参考,[],泰昌企业资料,"[""技术标""]","[""专项投标文件/3.货物组件材料配置表""]",tender_mandated,needs_review,internal,企业内部资料,review_only,仅限人工复核,not_asset_reference,非资产结构参考,泰昌技术标历史目录参考：专项投标文件/3.货物组件材料配置表,泰昌技术补充文件,泰昌技术补充文件,历史目录结构参考,来源于泰昌技术补充文件，历史位置为“专项投标文件/3.货物组件材料配置表”。当前仅用于泰昌资料人工复核，未获准进入正式标书。,"[""泰昌"", ""历史目录结构参考"", ""历史标书候选"", ""技术标""]",suppressed_document_page_caption,,,False,False,False,blocked,尚未通过P0-06人工批准,1.0,assets/template_words/技术补充文件.docx,（二）专项投标文件/3.货物组件材料配置表,df64bec620b4310f47e9003edb1a64b06eb87b4cd7c24d2faf49555b98c4f1b9,
technical-fact-0011,technical,fact_candidate,13,fact_conflict,事实冲突,河北泰昌电力器材科技有限公司,河北泰昌电力器材科技有限公司,mixed_historical_bid,reference_template_library,历史参考资料,project_context,历史项目上下文,[],泰昌企业资料,"[""技术标""]","[""专项投标文件/3.货物组件材料配置表""]",tender_mandated,project_conflict_check_required,internal,企业内部资料,restricted,受限资料,rejected_conflict,事实冲突，禁止复用,泰昌历史项目上下文历史候选第13页,泰昌技术补充文件,泰昌技术补充文件,历史项目上下文,来源于泰昌技术补充文件，历史位置为“专项投标文件/3.货物组件材料配置表”。当前仅用于泰昌资料人工复核，未获准进入正式标书。,"[""泰昌"", ""历史项目上下文"", ""历史标书候选"", ""技术标""]",suppressed_document_page_caption,,,False,False,False,blocked,尚未通过P0-06人工批准,1.0,assets/template_words/技术补充文件.docx,（二）专项投标文件/3.货物组件材料配置表,738feab51fe7e166450efd6b11cc5871ec72e2ba8f1234721608c3582c2b4a70,
technical-fact-0012,technical,fact_candidate,13,fact_conflict,事实冲突,河北泰昌电力器材科技有限公司,河北泰昌电力器材科技有限公司,mixed_historical_bid,reference_template_library,历史参考资料,project_context,历史项目上下文,[],泰昌企业资料,"[""技术标""]","[""专项投标文件/3.货物组件材料配置表""]",tender_mandated,project_conflict_check_required,internal,企业内部资料,restricted,受限资料,rejected_conflict,事实冲突，禁止复用,泰昌历史项目上下文历史候选第13页,泰昌技术补充文件,泰昌技术补充文件,历史项目上下文,来源于泰昌技术补充文件，历史位置为“专项投标文件/3.货物组件材料配置表”。当前仅用于泰昌资料人工复核，未获准进入正式标书。,"[""泰昌"", ""历史项目上下文"", ""历史标书候选"", ""技术标""]",suppressed_document_page_caption,,,False,False,False,blocked,尚未通过P0-06人工批准,1.0,assets/template_words/技术补充文件.docx,（二）专项投标文件/3.货物组件材料配置表,1da507cb8ca761d8e60d300c90d82705f6b7d5fdcecbced2456de38fa79e2b3c,
technical-fact-0013,technical,fact_candidate,13,duplicate_exact,精确重复，不新增,河北泰昌电力器材科技有限公司,河北泰昌电力器材科技有限公司,mixed_historical_bid,product_library,产品库资料,product_parameter_table,产品参数表,"[""电缆保护管通用""]",电缆保护管,"[""技术标""]","[""专项投标文件/3.货物组件材料配置表""]",tender_mandated,coverage_unconfirmed,internal,企业内部资料,review_only,仅限人工复核,rejected_duplicate,精确重复，不新增,泰昌产品参数表历史候选第13页,泰昌技术补充文件,泰昌技术补充文件,产品参数表,来源于泰昌技术补充文件，历史位置为“专项投标文件/3.货物组件材料配置表”。当前仅用于泰昌资料人工复核，未获准进入正式标书。,"[""泰昌"", ""产品参数表"", ""历史标书候选"", ""技术标"", ""电缆保护管通用""]",suppressed_document_page_caption,,taichang-exact-a52d25d31e556a2ae3c4,False,False,False,blocked,尚未通过P0-06人工批准,0.85,assets/template_words/技术补充文件.docx,（二）专项投标文件/3.货物组件材料配置表,1e0dbd60795ef883369a0e31cb3f16ad10beca7cfe04248e2b9c2bacdff0ddef,
technical-table-005,technical,table,13,new,未发现重复，仍需审核,河北泰昌电力器材科技有限公司,河北泰昌电力器材科技有限公司,mixed_historical_bid,product_library,产品库资料,product_parameter_table,产品参数表,"[""电缆保护管通用""]",电缆保护管,"[""技术标""]","[""专项投标文件/3.货物组件材料配置表""]",tender_mandated,needs_review,internal,企业内部资料,review_only,仅限人工复核,not_asset_reference,非资产结构参考,泰昌技术标历史表单参考：专项投标文件/3.货物组件材料配置表,泰昌技术补充文件,泰昌技术补充文件,产品参数表,来源于泰昌技术补充文件，历史位置为“专项投标文件/3.货物组件材料配置表”。当前仅用于泰昌资料人工复核，未获准进入正式标书。,"[""泰昌"", ""产品参数表"", ""历史标书候选"", ""技术标"", ""电缆保护管通用""]",suppressed_document_page_caption,,,False,False,False,blocked,尚未通过P0-06人工批准,0.9,assets/template_words/技术补充文件.docx,（二）专项投标文件/3.货物组件材料配置表,38c7c16efa242c2ace3927ef214607bd9f1cec91adc3743f46efee88135ec45f,
technical-chapter-009,technical,chapter,13,new,未发现重复，仍需审核,河北泰昌电力器材科技有限公司,河北泰昌电力器材科技有限公司,mixed_historical_bid,reference_template_library,历史参考资料,historical_structure_reference,历史目录结构参考,[],泰昌企业资料,"[""技术标""]","[""专项投标文件/4.符合招标文件投标人资格要求的证明文件""]",tender_mandated,needs_review,internal,企业内部资料,review_only,仅限人工复核,not_asset_reference,非资产结构参考,泰昌技术标历史目录参考：专项投标文件/4.符合招标文件投标人资格要求的证明文件,泰昌技术补充文件,泰昌技术补充文件,历史目录结构参考,来源于泰昌技术补充文件，历史位置为“专项投标文件/4.符合招标文件投标人资格要求的证明文件”。当前仅用于泰昌资料人工复核，未获准进入正式标书。,"[""泰昌"", ""历史目录结构参考"", ""历史标书候选"", ""技术标""]",suppressed_document_page_caption,,,False,False,False,blocked,尚未通过P0-06人工批准,1.0,assets/template_words/技术补充文件.docx,（二）专项投标文件/4.符合招标文件投标人资格要求的证明文件,bcf60f49dba1c2469cb55404e50394e6025a1f585c8479bf476e4f70a2a5273a,
technical-chapter-010,technical,chapter,13,new,未发现重复，仍需审核,河北泰昌电力器材科技有限公司,河北泰昌电力器材科技有限公司,mixed_historical_bid,reference_template_library,历史参考资料,historical_structure_reference,历史目录结构参考,[],泰昌企业资料,"[""技术标""]","[""专项投标文件/4.符合招标文件投标人资格要求的证明文件/4.1、资格预审通知书""]",reference_layout_only,needs_review,internal,企业内部资料,review_only,仅限人工复核,not_asset_reference,非资产结构参考,泰昌技术标历史目录参考：专项投标文件/4.符合招标文件投标人资格要求的证明文件/4.1、资格预审通知书,泰昌技术补充文件,泰昌技术补充文件,历史目录结构参考,来源于泰昌技术补充文件，历史位置为“专项投标文件/4.符合招标文件投标人资格要求的证明文件/4.1、资格预审通知书”。当前仅用于泰昌资料人工复核，未获准进入正式标书。,"[""泰昌"", ""历史目录结构参考"", ""历史标书候选"", ""技术标""]",suppressed_document_page_caption,,,False,False,False,blocked,尚未通过P0-06人工批准,1.0,assets/template_words/技术补充文件.docx,（二）专项投标文件/4.符合招标文件投标人资格要求的证明文件/4.1、资格预审通知书,c81de5754edc9db25f949f6102b2d0dfe3478a82f84db36a1cb16c7da426527e,
technical-media-0003,technical,media,13,duplicate_exact,精确重复，不新增,河北泰昌电力器材科技有限公司,河北泰昌电力器材科技有限公司,mixed_historical_bid,qualification_library,资信库资料,project_performance,项目业绩,[],泰昌企业资料,"[""技术标""]","[""专项投标文件/4.符合招标文件投标人资格要求的证明文件/4.1、资格预审通知书""]",reference_layout_only,needs_review,internal,企业内部资料,review_only,仅限人工复核,rejected_duplicate,精确重复，不新增,泰昌项目业绩历史候选第13页,泰昌技术补充文件,泰昌技术补充文件,项目业绩,来源于泰昌技术补充文件，历史位置为“专项投标文件/4.符合招标文件投标人资格要求的证明文件/4.1、资格预审通知书”。当前仅用于泰昌资料人工复核，未获准进入正式标书。,"[""泰昌"", ""项目业绩"", ""历史标书候选"", ""技术标""]",suppressed_document_page_caption,,taichang-exact-66066a3badcd4f274eb9,False,False,False,blocked,尚未通过P0-06人工批准,0.8,assets/template_words/技术补充文件.docx,（二）专项投标文件/4.符合招标文件投标人资格要求的证明文件/4.1、资格预审通知书,024217890bffe91af9a61079590d6b6538f9b6d5713a1c4c4744cc6eb1eeac24,024217890bffe91af9a61079590d6b6538f9b6d5713a1c4c4744cc6eb1eeac24
technical-chapter-011,technical,chapter,14,new,未发现重复，仍需审核,河北泰昌电力器材科技有限公司,河北泰昌电力器材科技有限公司,mixed_historical_bid,reference_template_library,历史参考资料,historical_structure_reference,历史目录结构参考,[],泰昌企业资料,"[""技术标""]","[""专项投标文件/4.符合招标文件投标人资格要求的证明文件/4.2、资质业绩凭证单""]",tender_mandated,needs_review,internal,企业内部资料,review_only,仅限人工复核,not_asset_reference,非资产结构参考,泰昌技术标历史目录参考：专项投标文件/4.符合招标文件投标人资格要求的证明文件/4.2、资质业绩凭证单,泰昌技术补充文件,泰昌技术补充文件,历史目录结构参考,来源于泰昌技术补充文件，历史位置为“专项投标文件/4.符合招标文件投标人资格要求的证明文件/4.2、资质业绩凭证单”。当前仅用于泰昌资料人工复核，未获准进入正式标书。,"[""泰昌"", ""历史目录结构参考"", ""历史标书候选"", ""技术标""]",suppressed_document_page_caption,,,False,False,False,blocked,尚未通过P0-06人工批准,1.0,assets/template_words/技术补充文件.docx,（二）专项投标文件/4.符合招标文件投标人资格要求的证明文件/4.2、资质业绩凭证单,2563f18e18a31a5e5a951f6049234840d8b47311820ecb12fd1150fef132fa31,
technical-media-0004,technical,media,15,new,未发现重复，仍需审核,河北泰昌电力器材科技有限公司,河北泰昌电力器材科技有限公司,mixed_historical_bid,qualification_library,资信库资料,project_performance,项目业绩,[],泰昌企业资料,"[""技术标""]","[""专项投标文件/4.符合招标文件投标人资格要求的证明文件/4.2、资质业绩凭证单""]",tender_mandated,needs_review,internal,企业内部资料,review_only,仅限人工复核,needs_customer_confirmation,需要客户确认,泰昌项目业绩历史候选第15页,泰昌技术补充文件,泰昌技术补充文件,项目业绩,来源于泰昌技术补充文件，历史位置为“专项投标文件/4.符合招标文件投标人资格要求的证明文件/4.2、资质业绩凭证单”。当前仅用于泰昌资料人工复核，未获准进入正式标书。,"[""泰昌"", ""项目业绩"", ""历史标书候选"", ""技术标""]",suppressed_document_page_caption,,,True,False,False,blocked,尚未通过P0-06人工批准,0.8,assets/template_words/技术补充文件.docx,（二）专项投标文件/4.符合招标文件投标人资格要求的证明文件/4.2、资质业绩凭证单,6a61670906d9370c90bf69ecddf730ca9d45851420aca6cf024bedbf601168d1,6a61670906d9370c90bf69ecddf730ca9d45851420aca6cf024bedbf601168d1
technical-chapter-012,technical,chapter,15,new,未发现重复，仍需审核,河北泰昌电力器材科技有限公司,河北泰昌电力器材科技有限公司,mixed_historical_bid,reference_template_library,历史参考资料,historical_structure_reference,历史目录结构参考,[],泰昌企业资料,"[""技术标""]","[""专项投标文件/5.针对评审要素，需要补充的其他文件""]",tender_mandated,needs_review,internal,企业内部资料,review_only,仅限人工复核,not_asset_reference,非资产结构参考,泰昌技术标历史目录参考：专项投标文件/5.针对评审要素，需要补充的其他文件,泰昌技术补充文件,泰昌技术补充文件,历史目录结构参考,来源于泰昌技术补充文件，历史位置为“专项投标文件/5.针对评审要素，需要补充的其他文件”。当前仅用于泰昌资料人工复核，未获准进入正式标书。,"[""泰昌"", ""历史目录结构参考"", ""历史标书候选"", ""技术标""]",suppressed_document_page_caption,,,False,False,False,blocked,尚未通过P0-06人工批准,1.0,assets/template_words/技术补充文件.docx,（二）专项投标文件/5.针对评审要素，需要补充的其他文件,3274f7c75b04fce7f35200b6b304e52036fc2655d97f76ea038150de5b99d164,
technical-chapter-013,technical,chapter,15,new,未发现重复，仍需审核,河北泰昌电力器材科技有限公司,河北泰昌电力器材科技有限公司,mixed_historical_bid,reference_template_library,历史参考资料,historical_structure_reference,历史目录结构参考,[],泰昌企业资料,"[""技术标""]","[""专项投标文件/5.针对评审要素，需要补充的其他文件/5.1.产品制造质量控制""]",tender_scoring_derived,needs_review,internal,企业内部资料,review_only,仅限人工复核,not_asset_reference,非资产结构参考,泰昌技术标历史目录参考：专项投标文件/5.针对评审要素，需要补充的其他文件/5.1.产品制造质量控制,泰昌技术补充文件,泰昌技术补充文件,历史目录结构参考,来源于泰昌技术补充文件，历史位置为“专项投标文件/5.针对评审要素，需要补充的其他文件/5.1.产品制造质量控制”。当前仅用于泰昌资料人工复核，未获准进入正式标书。,"[""泰昌"", ""历史目录结构参考"", ""历史标书候选"", ""技术标""]",suppressed_document_page_caption,,,False,False,False,blocked,尚未通过P0-06人工批准,1.0,assets/template_words/技术补充文件.docx,（二）专项投标文件/5.针对评审要素，需要补充的其他文件/5.1.产品制造质量控制,a14069930f004a60f00364af50efd4ba3fbdb42a15c318fa728ee9cbf03da8a8,
technical-chapter-014,technical,chapter,15,new,未发现重复，仍需审核,河北泰昌电力器材科技有限公司,河北泰昌电力器材科技有限公司,mixed_historical_bid,reference_template_library,历史参考资料,historical_structure_reference,历史目录结构参考,[],泰昌企业资料,"[""技术标""]","[""专项投标文件/5.针对评审要素，需要补充的其他文件/5.1.产品制造质量控制/5.1.1.原材料组部件进厂检验检测措施""]",tender_scoring_derived,needs_review,internal,企业内部资料,review_only,仅限人工复核,not_asset_reference,非资产结构参考,泰昌技术标历史目录参考：专项投标文件/5.针对评审要素，需要补充的其他文件/5.1.产品制造质量控制/5.1.1.原材料组部件进厂检验检测措施,泰昌技术补充文件,泰昌技术补充文件,历史目录结构参考,来源于泰昌技术补充文件，历史位置为“专项投标文件/5.针对评审要素，需要补充的其他文件/5.1.产品制造质量控制/5.1.1.原材料组部件进厂检验检测措施”。当前仅用于泰昌资料人工复核，未获准进入正式标书。,"[""泰昌"", ""历史目录结构参考"", ""历史标书候选"", ""技术标""]",suppressed_document_page_caption,,,False,False,False,blocked,尚未通过P0-06人工批准,1.0,assets/template_words/技术补充文件.docx,（二）专项投标文件/5.针对评审要素，需要补充的其他文件/5.1.产品制造质量控制/5.1.1.原材料组部件进厂检验检测措施,eff4dfcff2e584d891e3cc1a89fb5bbb061fd7e646e0fd84cebea56ffb426631,
technical-fact-0014,technical,fact_candidate,16,new,未发现重复，仍需审核,河北泰昌电力器材科技有限公司,河北泰昌电力器材科技有限公司,mixed_historical_bid,product_library,产品库资料,testing_capacity,试验检测能力,"[""电缆保护管通用""]",电缆保护管,"[""技术标""]","[""专项投标文件/5.针对评审要素，需要补充的其他文件/5.1.产品制造质量控制/5.1.1.原材料组部件进厂检验检测措施""]",tender_scoring_derived,needs_current_asset_match,internal,企业内部资料,review_only,仅限人工复核,needs_customer_confirmation,需要客户确认,泰昌试验检测能力历史候选第16页,泰昌技术补充文件,泰昌技术补充文件,试验检测能力,来源于泰昌技术补充文件，历史位置为“专项投标文件/5.针对评审要素，需要补充的其他文件/5.1.产品制造质量控制/5.1.1.原材料组部件进厂检验检测措施”。当前仅用于泰昌资料人工复核，未获准进入正式标书。,"[""泰昌"", ""试验检测能力"", ""历史标书候选"", ""技术标"", ""电缆保护管通用""]",formal_material_caption,资料：泰昌试验检测能力,,True,False,False,blocked,尚未通过P0-06人工批准,0.9,assets/template_words/技术补充文件.docx,（二）专项投标文件/5.针对评审要素，需要补充的其他文件/5.1.产品制造质量控制/5.1.1.原材料组部件进厂检验检测措施,ac26e084ccac8cc4317d365873ae9274422c34119d9f7835a26f014719f8bccf,
technical-fact-0015,technical,fact_candidate,17,new,未发现重复，仍需审核,河北泰昌电力器材科技有限公司,河北泰昌电力器材科技有限公司,mixed_historical_bid,product_library,产品库资料,product_parameter_table,产品参数表,"[""MPP电缆保护管"", ""UPVC电缆保护管""]",电缆保护管,"[""技术标""]","[""专项投标文件/5.针对评审要素，需要补充的其他文件/5.1.产品制造质量控制/5.1.1.原材料组部件进厂检验检测措施""]",tender_scoring_derived,needs_original_parameter_evidence,internal,企业内部资料,review_only,仅限人工复核,needs_customer_confirmation,需要客户确认,泰昌产品参数表历史候选第17页,泰昌技术补充文件,泰昌技术补充文件,产品参数表,来源于泰昌技术补充文件，历史位置为“专项投标文件/5.针对评审要素，需要补充的其他文件/5.1.产品制造质量控制/5.1.1.原材料组部件进厂检验检测措施”。当前仅用于泰昌资料人工复核，未获准进入正式标书。,"[""泰昌"", ""产品参数表"", ""历史标书候选"", ""技术标"", ""MPP电缆保护管"", ""UPVC电缆保护管""]",suppressed_document_page_caption,,,True,False,False,blocked,尚未通过P0-06人工批准,0.85,assets/template_words/技术补充文件.docx,（二）专项投标文件/5.针对评审要素，需要补充的其他文件/5.1.产品制造质量控制/5.1.1.原材料组部件进厂检验检测措施,0cb89c4fc37dc8408124bdbc239a93e6c32e047ca69cde6dcbbe9a82149532e0,
technical-fact-0016,technical,fact_candidate,17,new,未发现重复，仍需审核,河北泰昌电力器材科技有限公司,河北泰昌电力器材科技有限公司,mixed_historical_bid,product_library,产品库资料,product_parameter_table,产品参数表,"[""MPP电缆保护管""]",电缆保护管,"[""技术标""]","[""专项投标文件/5.针对评审要素，需要补充的其他文件/5.1.产品制造质量控制/5.1.1.原材料组部件进厂检验检测措施""]",tender_scoring_derived,coverage_unconfirmed,internal,企业内部资料,review_only,仅限人工复核,needs_customer_confirmation,需要客户确认,泰昌产品参数表历史候选第17页,泰昌技术补充文件,泰昌技术补充文件,产品参数表,来源于泰昌技术补充文件，历史位置为“专项投标文件/5.针对评审要素，需要补充的其他文件/5.1.产品制造质量控制/5.1.1.原材料组部件进厂检验检测措施”。当前仅用于泰昌资料人工复核，未获准进入正式标书。,"[""泰昌"", ""产品参数表"", ""历史标书候选"", ""技术标"", ""MPP电缆保护管""]",suppressed_document_page_caption,,,True,False,False,blocked,尚未通过P0-06人工批准,0.85,assets/template_words/技术补充文件.docx,（二）专项投标文件/5.针对评审要素，需要补充的其他文件/5.1.产品制造质量控制/5.1.1.原材料组部件进厂检验检测措施,ab7aedd0a3ca63f2a33abfd79f57ce90a813bf8c589cf61967fb5e9907862003,
technical-chapter-015,technical,chapter,19,new,未发现重复，仍需审核,河北泰昌电力器材科技有限公司,河北泰昌电力器材科技有限公司,mixed_historical_bid,reference_template_library,历史参考资料,historical_structure_reference,历史目录结构参考,[],泰昌企业资料,"[""技术标""]","[""专项投标文件/5.针对评审要素，需要补充的其他文件/5.1.产品制造质量控制/5.1.2.生产工艺/质量管控体系""]",tender_scoring_derived,needs_review,internal,企业内部资料,review_only,仅限人工复核,not_asset_reference,非资产结构参考,泰昌技术标历史目录参考：专项投标文件/5.针对评审要素，需要补充的其他文件/5.1.产品制造质量控制/5.1.2.生产工艺/质量管控体系,泰昌技术补充文件,泰昌技术补充文件,历史目录结构参考,来源于泰昌技术补充文件，历史位置为“专项投标文件/5.针对评审要素，需要补充的其他文件/5.1.产品制造质量控制/5.1.2.生产工艺/质量管控体系”。当前仅用于泰昌资料人工复核，未获准进入正式标书。,"[""泰昌"", ""历史目录结构参考"", ""历史标书候选"", ""技术标""]",suppressed_document_page_caption,,,False,False,False,blocked,尚未通过P0-06人工批准,1.0,assets/template_words/技术补充文件.docx,（二）专项投标文件/5.针对评审要素，需要补充的其他文件/5.1.产品制造质量控制/5.1.2.生产工艺/质量管控体系,dd9ba1f51a70c3b09b39f64700121a468c142fa431a23338c2b42bb0cb40de1f,
technical-chapter-016,technical,chapter,19,new,未发现重复，仍需审核,河北泰昌电力器材科技有限公司,河北泰昌电力器材科技有限公司,mixed_historical_bid,reference_template_library,历史参考资料,historical_structure_reference,历史目录结构参考,"[""MPP电缆保护管""]",电缆保护管,"[""技术标""]","[""专项投标文件/5.针对评审要素，需要补充的其他文件/5.1.产品制造质量控制/5.1.2.生产工艺/质量管控体系/5.1.2.1.电缆保护管MPP工艺流程""]",tender_scoring_derived,needs_review,internal,企业内部资料,review_only,仅限人工复核,not_asset_reference,非资产结构参考,泰昌技术标历史目录参考：专项投标文件/5.针对评审要素，需要补充的其他文件/5.1.产品制造质量控制/5.1.2.生产工艺/质量管控体系/5.1.2.1.电缆保护管MPP工艺流程,泰昌技术补充文件,泰昌技术补充文件,历史目录结构参考,来源于泰昌技术补充文件，历史位置为“专项投标文件/5.针对评审要素，需要补充的其他文件/5.1.产品制造质量控制/5.1.2.生产工艺/质量管控体系/5.1.2.1.电缆保护管MPP工艺流程”。当前仅用于泰昌资料人工复核，未获准进入正式标书。,"[""泰昌"", ""历史目录结构参考"", ""历史标书候选"", ""技术标"", ""MPP电缆保护管""]",suppressed_document_page_caption,,,False,False,False,blocked,尚未通过P0-06人工批准,1.0,assets/template_words/技术补充文件.docx,（二）专项投标文件/5.针对评审要素，需要补充的其他文件/5.1.产品制造质量控制/5.1.2.生产工艺/质量管控体系/5.1.2.1.电缆保护管MPP工艺流程,3dbb76e04c05e93009e0019cbc10eced54258325c1e4fd3cb9dc31568fc75477,
technical-media-0005,technical,media,19,new,未发现重复，仍需审核,河北泰昌电力器材科技有限公司,河北泰昌电力器材科技有限公司,mixed_historical_bid,product_library,产品库资料,enterprise_evidence,企业证明材料,"[""MPP电缆保护管""]",电缆保护管,"[""技术标""]","[""专项投标文件/5.针对评审要素，需要补充的其他文件/5.1.产品制造质量控制/5.1.2.生产工艺/质量管控体系/5.1.2.1.电缆保护管MPP工艺流程""]",tender_scoring_derived,needs_review,internal,企业内部资料,review_only,仅限人工复核,needs_customer_confirmation,需要客户确认,泰昌企业证明材料历史候选第19页,泰昌技术补充文件,泰昌技术补充文件,企业证明材料,来源于泰昌技术补充文件，历史位置为“专项投标文件/5.针对评审要素，需要补充的其他文件/5.1.产品制造质量控制/5.1.2.生产工艺/质量管控体系/5.1.2.1.电缆保护管MPP工艺流程”。当前仅用于泰昌资料人工复核，未获准进入正式标书。,"[""泰昌"", ""企业证明材料"", ""历史标书候选"", ""技术标"", ""MPP电缆保护管""]",suppressed_document_page_caption,,,True,False,False,blocked,尚未通过P0-06人工批准,0.45,assets/template_words/技术补充文件.docx,（二）专项投标文件/5.针对评审要素，需要补充的其他文件/5.1.产品制造质量控制/5.1.2.生产工艺/质量管控体系/5.1.2.1.电缆保护管MPP工艺流程,99db87ea295d372313af2af157652c8408e15dcb2a0409f4d2bfbce008e3ae04,99db87ea295d372313af2af157652c8408e15dcb2a0409f4d2bfbce008e3ae04
technical-chapter-017,technical,chapter,21,new,未发现重复，仍需审核,河北泰昌电力器材科技有限公司,河北泰昌电力器材科技有限公司,mixed_historical_bid,reference_template_library,历史参考资料,historical_structure_reference,历史目录结构参考,"[""CPVC电缆保护管""]",电缆保护管,"[""技术标""]","[""专项投标文件/5.针对评审要素，需要补充的其他文件/5.1.产品制造质量控制/5.1.2.生产工艺/质量管控体系/5.1.2.2.电缆保护管CPVC工艺流程""]",tender_scoring_derived,needs_review,internal,企业内部资料,review_only,仅限人工复核,not_asset_reference,非资产结构参考,泰昌技术标历史目录参考：专项投标文件/5.针对评审要素，需要补充的其他文件/5.1.产品制造质量控制/5.1.2.生产工艺/质量管控体系/5.1.2.2.电缆保护管CPVC工艺流程,泰昌技术补充文件,泰昌技术补充文件,历史目录结构参考,来源于泰昌技术补充文件，历史位置为“专项投标文件/5.针对评审要素，需要补充的其他文件/5.1.产品制造质量控制/5.1.2.生产工艺/质量管控体系/5.1.2.2.电缆保护管CPVC工艺流程”。当前仅用于泰昌资料人工复核，未获准进入正式标书。,"[""泰昌"", ""历史目录结构参考"", ""历史标书候选"", ""技术标"", ""CPVC电缆保护管""]",suppressed_document_page_caption,,,False,False,False,blocked,尚未通过P0-06人工批准,1.0,assets/template_words/技术补充文件.docx,（二）专项投标文件/5.针对评审要素，需要补充的其他文件/5.1.产品制造质量控制/5.1.2.生产工艺/质量管控体系/5.1.2.2.电缆保护管CPVC工艺流程,dabeb0cda337c286574c5949a4598b0b822e02a9660f01ebc44e11894535f9d3,
technical-media-0006,technical,media,22,new,未发现重复，仍需审核,河北泰昌电力器材科技有限公司,河北泰昌电力器材科技有限公司,mixed_historical_bid,product_library,产品库资料,enterprise_evidence,企业证明材料,"[""CPVC电缆保护管""]",电缆保护管,"[""技术标""]","[""专项投标文件/5.针对评审要素，需要补充的其他文件/5.1.产品制造质量控制/5.1.2.生产工艺/质量管控体系/5.1.2.2.电缆保护管CPVC工艺流程""]",tender_scoring_derived,needs_review,internal,企业内部资料,review_only,仅限人工复核,needs_customer_confirmation,需要客户确认,泰昌企业证明材料历史候选第22页,泰昌技术补充文件,泰昌技术补充文件,企业证明材料,来源于泰昌技术补充文件，历史位置为“专项投标文件/5.针对评审要素，需要补充的其他文件/5.1.产品制造质量控制/5.1.2.生产工艺/质量管控体系/5.1.2.2.电缆保护管CPVC工艺流程”。当前仅用于泰昌资料人工复核，未获准进入正式标书。,"[""泰昌"", ""企业证明材料"", ""历史标书候选"", ""技术标"", ""CPVC电缆保护管""]",suppressed_document_page_caption,,,True,False,False,blocked,尚未通过P0-06人工批准,0.45,assets/template_words/技术补充文件.docx,（二）专项投标文件/5.针对评审要素，需要补充的其他文件/5.1.产品制造质量控制/5.1.2.生产工艺/质量管控体系/5.1.2.2.电缆保护管CPVC工艺流程,009c93d2fbf3f8ef5351b3a2d19ec13a429c99a0b08a7c6abd3725a86b1716b2,009c93d2fbf3f8ef5351b3a2d19ec13a429c99a0b08a7c6abd3725a86b1716b2
technical-chapter-018,technical,chapter,23,new,未发现重复，仍需审核,河北泰昌电力器材科技有限公司,河北泰昌电力器材科技有限公司,mixed_historical_bid,reference_template_library,历史参考资料,historical_structure_reference,历史目录结构参考,"[""N-HAP电缆保护管""]",电缆保护管,"[""技术标""]","[""专项投标文件/5.针对评审要素，需要补充的其他文件/5.1.产品制造质量控制/5.1.2.生产工艺/质量管控体系/5.1.2.3.N-HAP电缆保护管工艺流程""]",tender_scoring_derived,needs_review,internal,企业内部资料,review_only,仅限人工复核,not_asset_reference,非资产结构参考,泰昌技术标历史目录参考：专项投标文件/5.针对评审要素，需要补充的其他文件/5.1.产品制造质量控制/5.1.2.生产工艺/质量管控体系/5.1.2.3.N-HAP电缆保护管工艺流程,泰昌技术补充文件,泰昌技术补充文件,历史目录结构参考,来源于泰昌技术补充文件，历史位置为“专项投标文件/5.针对评审要素，需要补充的其他文件/5.1.产品制造质量控制/5.1.2.生产工艺/质量管控体系/5.1.2.3.N-HAP电缆保护管工艺流程”。当前仅用于泰昌资料人工复核，未获准进入正式标书。,"[""泰昌"", ""历史目录结构参考"", ""历史标书候选"", ""技术标"", ""N-HAP电缆保护管""]",suppressed_document_page_caption,,,False,False,False,blocked,尚未通过P0-06人工批准,1.0,assets/template_words/技术补充文件.docx,（二）专项投标文件/5.针对评审要素，需要补充的其他文件/5.1.产品制造质量控制/5.1.2.生产工艺/质量管控体系/5.1.2.3.N-HAP电缆保护管工艺流程,e13e28c52e5b4a42b82ccf809d6cd39fc501d5e639931973f3ba10e3bad2e8cd,
technical-chapter-019,technical,chapter,24,new,未发现重复，仍需审核,河北泰昌电力器材科技有限公司,河北泰昌电力器材科技有限公司,mixed_historical_bid,reference_template_library,历史参考资料,historical_structure_reference,历史目录结构参考,"[""电缆保护管（材质待确认）""]",电缆保护管,"[""技术标""]","[""专项投标文件/5.针对评审要素，需要补充的其他文件/5.1.产品制造质量控制/5.1.2.生产工艺/质量管控体系/5.1.2.4.电缆保护管PE工艺流程""]",tender_scoring_derived,needs_review,internal,企业内部资料,review_only,仅限人工复核,not_asset_reference,非资产结构参考,泰昌技术标历史目录参考：专项投标文件/5.针对评审要素，需要补充的其他文件/5.1.产品制造质量控制/5.1.2.生产工艺/质量管控体系/5.1.2.4.电缆保护管PE工艺流程,泰昌技术补充文件,泰昌技术补充文件,历史目录结构参考,来源于泰昌技术补充文件，历史位置为“专项投标文件/5.针对评审要素，需要补充的其他文件/5.1.产品制造质量控制/5.1.2.生产工艺/质量管控体系/5.1.2.4.电缆保护管PE工艺流程”。当前仅用于泰昌资料人工复核，未获准进入正式标书。,"[""泰昌"", ""历史目录结构参考"", ""历史标书候选"", ""技术标"", ""电缆保护管（材质待确认）""]",suppressed_document_page_caption,,,False,False,False,blocked,尚未通过P0-06人工批准,1.0,assets/template_words/技术补充文件.docx,（二）专项投标文件/5.针对评审要素，需要补充的其他文件/5.1.产品制造质量控制/5.1.2.生产工艺/质量管控体系/5.1.2.4.电缆保护管PE工艺流程,73b3788939705204fe5b2eaef0c9eea7e10b08dbc7b7255b2d134dfa7a8e3559,
technical-chapter-020,technical,chapter,25,new,未发现重复，仍需审核,河北泰昌电力器材科技有限公司,河北泰昌电力器材科技有限公司,mixed_historical_bid,reference_template_library,历史参考资料,historical_structure_reference,历史目录结构参考,[],泰昌企业资料,"[""技术标""]","[""专项投标文件/5.针对评审要素，需要补充的其他文件/5.1.产品制造质量控制/5.1.2.生产工艺/质量管控体系/5.1.2.5.各工序控制点工艺文件""]",tender_scoring_derived,needs_review,internal,企业内部资料,review_only,仅限人工复核,not_asset_reference,非资产结构参考,泰昌技术标历史目录参考：专项投标文件/5.针对评审要素，需要补充的其他文件/5.1.产品制造质量控制/5.1.2.生产工艺/质量管控体系/5.1.2.5.各工序控制点工艺文件,泰昌技术补充文件,泰昌技术补充文件,历史目录结构参考,来源于泰昌技术补充文件，历史位置为“专项投标文件/5.针对评审要素，需要补充的其他文件/5.1.产品制造质量控制/5.1.2.生产工艺/质量管控体系/5.1.2.5.各工序控制点工艺文件”。当前仅用于泰昌资料人工复核，未获准进入正式标书。,"[""泰昌"", ""历史目录结构参考"", ""历史标书候选"", ""技术标""]",suppressed_document_page_caption,,,False,False,False,blocked,尚未通过P0-06人工批准,1.0,assets/template_words/技术补充文件.docx,（二）专项投标文件/5.针对评审要素，需要补充的其他文件/5.1.产品制造质量控制/5.1.2.生产工艺/质量管控体系/5.1.2.5.各工序控制点工艺文件,7f4e15ffbe97d54e18c2a4ff2c741b86a60eb691f735e6e923527f3a428865d7,
technical-media-0007,technical,media,26,new,未发现重复，仍需审核,河北泰昌电力器材科技有限公司,河北泰昌电力器材科技有限公司,mixed_historical_bid,product_library,产品库资料,production_capacity,生产制造能力,"[""电缆保护管通用""]",电缆保护管,"[""技术标""]","[""专项投标文件/5.针对评审要素，需要补充的其他文件/5.1.产品制造质量控制/5.1.2.生产工艺/质量管控体系/5.1.2.5.各工序控制点工艺文件""]",tender_scoring_derived,needs_review,internal,企业内部资料,review_only,仅限人工复核,needs_customer_confirmation,需要客户确认,泰昌生产制造能力历史候选第26页,泰昌技术补充文件,泰昌技术补充文件,生产制造能力,来源于泰昌技术补充文件，历史位置为“专项投标文件/5.针对评审要素，需要补充的其他文件/5.1.产品制造质量控制/5.1.2.生产工艺/质量管控体系/5.1.2.5.各工序控制点工艺文件”。当前仅用于泰昌资料人工复核，未获准进入正式标书。,"[""泰昌"", ""生产制造能力"", ""历史标书候选"", ""技术标"", ""电缆保护管通用""]",formal_material_caption,资料：泰昌生产制造能力,,True,False,False,blocked,尚未通过P0-06人工批准,0.85,assets/template_words/技术补充文件.docx,（二）专项投标文件/5.针对评审要素，需要补充的其他文件/5.1.产品制造质量控制/5.1.2.生产工艺/质量管控体系/5.1.2.5.各工序控制点工艺文件,659e82a90ddfc09181a2411f7481e1352f7676985524c37626de319c4038c71f,659e82a90ddfc09181a2411f7481e1352f7676985524c37626de319c4038c71f
technical-media-0008,technical,media,26,new,未发现重复，仍需审核,河北泰昌电力器材科技有限公司,河北泰昌电力器材科技有限公司,mixed_historical_bid,product_library,产品库资料,production_capacity,生产制造能力,"[""电缆保护管通用""]",电缆保护管,"[""技术标""]","[""专项投标文件/5.针对评审要素，需要补充的其他文件/5.1.产品制造质量控制/5.1.2.生产工艺/质量管控体系/5.1.2.5.各工序控制点工艺文件""]",tender_scoring_derived,needs_review,internal,企业内部资料,review_only,仅限人工复核,needs_customer_confirmation,需要客户确认,泰昌生产制造能力历史候选第26页,泰昌技术补充文件,泰昌技术补充文件,生产制造能力,来源于泰昌技术补充文件，历史位置为“专项投标文件/5.针对评审要素，需要补充的其他文件/5.1.产品制造质量控制/5.1.2.生产工艺/质量管控体系/5.1.2.5.各工序控制点工艺文件”。当前仅用于泰昌资料人工复核，未获准进入正式标书。,"[""泰昌"", ""生产制造能力"", ""历史标书候选"", ""技术标"", ""电缆保护管通用""]",formal_material_caption,资料：泰昌生产制造能力,,True,False,False,blocked,尚未通过P0-06人工批准,0.85,assets/template_words/技术补充文件.docx,（二）专项投标文件/5.针对评审要素，需要补充的其他文件/5.1.产品制造质量控制/5.1.2.生产工艺/质量管控体系/5.1.2.5.各工序控制点工艺文件,3f3577ad327c2d683e69ba7ed371fedab3f9fdef2b92868ff56d2883a57951f8,3f3577ad327c2d683e69ba7ed371fedab3f9fdef2b92868ff56d2883a57951f8
technical-media-0009,technical,media,26,new,未发现重复，仍需审核,河北泰昌电力器材科技有限公司,河北泰昌电力器材科技有限公司,mixed_historical_bid,product_library,产品库资料,production_capacity,生产制造能力,"[""电缆保护管通用""]",电缆保护管,"[""技术标""]","[""专项投标文件/5.针对评审要素，需要补充的其他文件/5.1.产品制造质量控制/5.1.2.生产工艺/质量管控体系/5.1.2.5.各工序控制点工艺文件""]",tender_scoring_derived,needs_review,internal,企业内部资料,review_only,仅限人工复核,needs_customer_confirmation,需要客户确认,泰昌生产制造能力历史候选第26页,泰昌技术补充文件,泰昌技术补充文件,生产制造能力,来源于泰昌技术补充文件，历史位置为“专项投标文件/5.针对评审要素，需要补充的其他文件/5.1.产品制造质量控制/5.1.2.生产工艺/质量管控体系/5.1.2.5.各工序控制点工艺文件”。当前仅用于泰昌资料人工复核，未获准进入正式标书。,"[""泰昌"", ""生产制造能力"", ""历史标书候选"", ""技术标"", ""电缆保护管通用""]",formal_material_caption,资料：泰昌生产制造能力,,True,False,False,blocked,尚未通过P0-06人工批准,0.85,assets/template_words/技术补充文件.docx,（二）专项投标文件/5.针对评审要素，需要补充的其他文件/5.1.产品制造质量控制/5.1.2.生产工艺/质量管控体系/5.1.2.5.各工序控制点工艺文件,255bb29290085204e51f7ebde27a64deb12d03a70239f5e64d934d85f4bc1d61,255bb29290085204e51f7ebde27a64deb12d03a70239f5e64d934d85f4bc1d61
technical-media-0010,technical,media,26,new,未发现重复，仍需审核,河北泰昌电力器材科技有限公司,河北泰昌电力器材科技有限公司,mixed_historical_bid,product_library,产品库资料,production_capacity,生产制造能力,"[""电缆保护管通用""]",电缆保护管,"[""技术标""]","[""专项投标文件/5.针对评审要素，需要补充的其他文件/5.1.产品制造质量控制/5.1.2.生产工艺/质量管控体系/5.1.2.5.各工序控制点工艺文件""]",tender_scoring_derived,needs_review,internal,企业内部资料,review_only,仅限人工复核,needs_customer_confirmation,需要客户确认,泰昌生产制造能力历史候选第26页,泰昌技术补充文件,泰昌技术补充文件,生产制造能力,来源于泰昌技术补充文件，历史位置为“专项投标文件/5.针对评审要素，需要补充的其他文件/5.1.产品制造质量控制/5.1.2.生产工艺/质量管控体系/5.1.2.5.各工序控制点工艺文件”。当前仅用于泰昌资料人工复核，未获准进入正式标书。,"[""泰昌"", ""生产制造能力"", ""历史标书候选"", ""技术标"", ""电缆保护管通用""]",formal_material_caption,资料：泰昌生产制造能力,,True,False,False,blocked,尚未通过P0-06人工批准,0.85,assets/template_words/技术补充文件.docx,（二）专项投标文件/5.针对评审要素，需要补充的其他文件/5.1.产品制造质量控制/5.1.2.生产工艺/质量管控体系/5.1.2.5.各工序控制点工艺文件,2da7e1fc594e3f785a3ca918877e437c3bae136cb3e9815fb3862b946c98b1ed,2da7e1fc594e3f785a3ca918877e437c3bae136cb3e9815fb3862b946c98b1ed
technical-media-0011,technical,media,26,new,未发现重复，仍需审核,河北泰昌电力器材科技有限公司,河北泰昌电力器材科技有限公司,mixed_historical_bid,product_library,产品库资料,production_capacity,生产制造能力,"[""电缆保护管通用""]",电缆保护管,"[""技术标""]","[""专项投标文件/5.针对评审要素，需要补充的其他文件/5.1.产品制造质量控制/5.1.2.生产工艺/质量管控体系/5.1.2.5.各工序控制点工艺文件""]",tender_scoring_derived,needs_review,internal,企业内部资料,review_only,仅限人工复核,needs_customer_confirmation,需要客户确认,泰昌生产制造能力历史候选第26页,泰昌技术补充文件,泰昌技术补充文件,生产制造能力,来源于泰昌技术补充文件，历史位置为“专项投标文件/5.针对评审要素，需要补充的其他文件/5.1.产品制造质量控制/5.1.2.生产工艺/质量管控体系/5.1.2.5.各工序控制点工艺文件”。当前仅用于泰昌资料人工复核，未获准进入正式标书。,"[""泰昌"", ""生产制造能力"", ""历史标书候选"", ""技术标"", ""电缆保护管通用""]",formal_material_caption,资料：泰昌生产制造能力,,True,False,False,blocked,尚未通过P0-06人工批准,0.85,assets/template_words/技术补充文件.docx,（二）专项投标文件/5.针对评审要素，需要补充的其他文件/5.1.产品制造质量控制/5.1.2.生产工艺/质量管控体系/5.1.2.5.各工序控制点工艺文件,d0309ee31a5894123432884b38b5e7a0446009883bd3ab936a3d91384433456c,d0309ee31a5894123432884b38b5e7a0446009883bd3ab936a3d91384433456c
technical-media-0012,technical,media,26,new,未发现重复，仍需审核,河北泰昌电力器材科技有限公司,河北泰昌电力器材科技有限公司,mixed_historical_bid,product_library,产品库资料,production_capacity,生产制造能力,"[""电缆保护管通用""]",电缆保护管,"[""技术标""]","[""专项投标文件/5.针对评审要素，需要补充的其他文件/5.1.产品制造质量控制/5.1.2.生产工艺/质量管控体系/5.1.2.5.各工序控制点工艺文件""]",tender_scoring_derived,needs_review,internal,企业内部资料,review_only,仅限人工复核,needs_customer_confirmation,需要客户确认,泰昌生产制造能力历史候选第26页,泰昌技术补充文件,泰昌技术补充文件,生产制造能力,来源于泰昌技术补充文件，历史位置为“专项投标文件/5.针对评审要素，需要补充的其他文件/5.1.产品制造质量控制/5.1.2.生产工艺/质量管控体系/5.1.2.5.各工序控制点工艺文件”。当前仅用于泰昌资料人工复核，未获准进入正式标书。,"[""泰昌"", ""生产制造能力"", ""历史标书候选"", ""技术标"", ""电缆保护管通用""]",formal_material_caption,资料：泰昌生产制造能力,,True,False,False,blocked,尚未通过P0-06人工批准,0.85,assets/template_words/技术补充文件.docx,（二）专项投标文件/5.针对评审要素，需要补充的其他文件/5.1.产品制造质量控制/5.1.2.生产工艺/质量管控体系/5.1.2.5.各工序控制点工艺文件,2836a61a1f6ac9be97e8e8d19981f32f0878fc0e784524bb7a419aa78856b5ca,2836a61a1f6ac9be97e8e8d19981f32f0878fc0e784524bb7a419aa78856b5ca
technical-media-0013,technical,media,26,new,未发现重复，仍需审核,河北泰昌电力器材科技有限公司,河北泰昌电力器材科技有限公司,mixed_historical_bid,product_library,产品库资料,production_capacity,生产制造能力,"[""电缆保护管通用""]",电缆保护管,"[""技术标""]","[""专项投标文件/5.针对评审要素，需要补充的其他文件/5.1.产品制造质量控制/5.1.2.生产工艺/质量管控体系/5.1.2.5.各工序控制点工艺文件""]",tender_scoring_derived,needs_review,internal,企业内部资料,review_only,仅限人工复核,needs_customer_confirmation,需要客户确认,泰昌生产制造能力历史候选第26页,泰昌技术补充文件,泰昌技术补充文件,生产制造能力,来源于泰昌技术补充文件，历史位置为“专项投标文件/5.针对评审要素，需要补充的其他文件/5.1.产品制造质量控制/5.1.2.生产工艺/质量管控体系/5.1.2.5.各工序控制点工艺文件”。当前仅用于泰昌资料人工复核，未获准进入正式标书。,"[""泰昌"", ""生产制造能力"", ""历史标书候选"", ""技术标"", ""电缆保护管通用""]",formal_material_caption,资料：泰昌生产制造能力,,True,False,False,blocked,尚未通过P0-06人工批准,0.85,assets/template_words/技术补充文件.docx,（二）专项投标文件/5.针对评审要素，需要补充的其他文件/5.1.产品制造质量控制/5.1.2.生产工艺/质量管控体系/5.1.2.5.各工序控制点工艺文件,24cd2d27cfea760921ddaa87e11e81f48c3166b402886953abac8d858f2e9158,24cd2d27cfea760921ddaa87e11e81f48c3166b402886953abac8d858f2e9158
technical-media-0014,technical,media,26,new,未发现重复，仍需审核,河北泰昌电力器材科技有限公司,河北泰昌电力器材科技有限公司,mixed_historical_bid,product_library,产品库资料,production_capacity,生产制造能力,"[""电缆保护管通用""]",电缆保护管,"[""技术标""]","[""专项投标文件/5.针对评审要素，需要补充的其他文件/5.1.产品制造质量控制/5.1.2.生产工艺/质量管控体系/5.1.2.5.各工序控制点工艺文件""]",tender_scoring_derived,needs_review,internal,企业内部资料,review_only,仅限人工复核,needs_customer_confirmation,需要客户确认,泰昌生产制造能力历史候选第26页,泰昌技术补充文件,泰昌技术补充文件,生产制造能力,来源于泰昌技术补充文件，历史位置为“专项投标文件/5.针对评审要素，需要补充的其他文件/5.1.产品制造质量控制/5.1.2.生产工艺/质量管控体系/5.1.2.5.各工序控制点工艺文件”。当前仅用于泰昌资料人工复核，未获准进入正式标书。,"[""泰昌"", ""生产制造能力"", ""历史标书候选"", ""技术标"", ""电缆保护管通用""]",formal_material_caption,资料：泰昌生产制造能力,,True,False,False,blocked,尚未通过P0-06人工批准,0.85,assets/template_words/技术补充文件.docx,（二）专项投标文件/5.针对评审要素，需要补充的其他文件/5.1.产品制造质量控制/5.1.2.生产工艺/质量管控体系/5.1.2.5.各工序控制点工艺文件,73187779e13a4342e3364af6b88b44121898f44ed6c0d3cd14f40b282a5158e3,73187779e13a4342e3364af6b88b44121898f44ed6c0d3cd14f40b282a5158e3
technical-media-0015,technical,media,26,new,未发现重复，仍需审核,河北泰昌电力器材科技有限公司,河北泰昌电力器材科技有限公司,mixed_historical_bid,product_library,产品库资料,production_capacity,生产制造能力,"[""电缆保护管通用""]",电缆保护管,"[""技术标""]","[""专项投标文件/5.针对评审要素，需要补充的其他文件/5.1.产品制造质量控制/5.1.2.生产工艺/质量管控体系/5.1.2.5.各工序控制点工艺文件""]",tender_scoring_derived,needs_review,internal,企业内部资料,review_only,仅限人工复核,needs_customer_confirmation,需要客户确认,泰昌生产制造能力历史候选第26页,泰昌技术补充文件,泰昌技术补充文件,生产制造能力,来源于泰昌技术补充文件，历史位置为“专项投标文件/5.针对评审要素，需要补充的其他文件/5.1.产品制造质量控制/5.1.2.生产工艺/质量管控体系/5.1.2.5.各工序控制点工艺文件”。当前仅用于泰昌资料人工复核，未获准进入正式标书。,"[""泰昌"", ""生产制造能力"", ""历史标书候选"", ""技术标"", ""电缆保护管通用""]",formal_material_caption,资料：泰昌生产制造能力,,True,False,False,blocked,尚未通过P0-06人工批准,0.85,assets/template_words/技术补充文件.docx,（二）专项投标文件/5.针对评审要素，需要补充的其他文件/5.1.产品制造质量控制/5.1.2.生产工艺/质量管控体系/5.1.2.5.各工序控制点工艺文件,dcb52085fc769b2f33177065efe62641ebfa13e844019ea4f24fcc1a7e082c8f,dcb52085fc769b2f33177065efe62641ebfa13e844019ea4f24fcc1a7e082c8f
technical-media-0016,technical,media,26,new,未发现重复，仍需审核,河北泰昌电力器材科技有限公司,河北泰昌电力器材科技有限公司,mixed_historical_bid,product_library,产品库资料,production_capacity,生产制造能力,"[""电缆保护管通用""]",电缆保护管,"[""技术标""]","[""专项投标文件/5.针对评审要素，需要补充的其他文件/5.1.产品制造质量控制/5.1.2.生产工艺/质量管控体系/5.1.2.5.各工序控制点工艺文件""]",tender_scoring_derived,needs_review,internal,企业内部资料,review_only,仅限人工复核,needs_customer_confirmation,需要客户确认,泰昌生产制造能力历史候选第26页,泰昌技术补充文件,泰昌技术补充文件,生产制造能力,来源于泰昌技术补充文件，历史位置为“专项投标文件/5.针对评审要素，需要补充的其他文件/5.1.产品制造质量控制/5.1.2.生产工艺/质量管控体系/5.1.2.5.各工序控制点工艺文件”。当前仅用于泰昌资料人工复核，未获准进入正式标书。,"[""泰昌"", ""生产制造能力"", ""历史标书候选"", ""技术标"", ""电缆保护管通用""]",formal_material_caption,资料：泰昌生产制造能力,,True,False,False,blocked,尚未通过P0-06人工批准,0.85,assets/template_words/技术补充文件.docx,（二）专项投标文件/5.针对评审要素，需要补充的其他文件/5.1.产品制造质量控制/5.1.2.生产工艺/质量管控体系/5.1.2.5.各工序控制点工艺文件,4bccc3ea0de2e60452c6d01beaca58bccd692f27e091b48973d6d0923322528a,4bccc3ea0de2e60452c6d01beaca58bccd692f27e091b48973d6d0923322528a
technical-media-0017,technical,media,26,new,未发现重复，仍需审核,河北泰昌电力器材科技有限公司,河北泰昌电力器材科技有限公司,mixed_historical_bid,product_library,产品库资料,production_capacity,生产制造能力,"[""电缆保护管通用""]",电缆保护管,"[""技术标""]","[""专项投标文件/5.针对评审要素，需要补充的其他文件/5.1.产品制造质量控制/5.1.2.生产工艺/质量管控体系/5.1.2.5.各工序控制点工艺文件""]",tender_scoring_derived,needs_review,internal,企业内部资料,review_only,仅限人工复核,needs_customer_confirmation,需要客户确认,泰昌生产制造能力历史候选第26页,泰昌技术补充文件,泰昌技术补充文件,生产制造能力,来源于泰昌技术补充文件，历史位置为“专项投标文件/5.针对评审要素，需要补充的其他文件/5.1.产品制造质量控制/5.1.2.生产工艺/质量管控体系/5.1.2.5.各工序控制点工艺文件”。当前仅用于泰昌资料人工复核，未获准进入正式标书。,"[""泰昌"", ""生产制造能力"", ""历史标书候选"", ""技术标"", ""电缆保护管通用""]",formal_material_caption,资料：泰昌生产制造能力,,True,False,False,blocked,尚未通过P0-06人工批准,0.85,assets/template_words/技术补充文件.docx,（二）专项投标文件/5.针对评审要素，需要补充的其他文件/5.1.产品制造质量控制/5.1.2.生产工艺/质量管控体系/5.1.2.5.各工序控制点工艺文件,271a1543c59e6947480acf38aaf44c082a897645f5da7ad0d4662f26628d6395,271a1543c59e6947480acf38aaf44c082a897645f5da7ad0d4662f26628d6395
technical-media-0018,technical,media,26,new,未发现重复，仍需审核,河北泰昌电力器材科技有限公司,河北泰昌电力器材科技有限公司,mixed_historical_bid,product_library,产品库资料,production_capacity,生产制造能力,"[""电缆保护管通用""]",电缆保护管,"[""技术标""]","[""专项投标文件/5.针对评审要素，需要补充的其他文件/5.1.产品制造质量控制/5.1.2.生产工艺/质量管控体系/5.1.2.5.各工序控制点工艺文件""]",tender_scoring_derived,needs_review,internal,企业内部资料,review_only,仅限人工复核,needs_customer_confirmation,需要客户确认,泰昌生产制造能力历史候选第26页,泰昌技术补充文件,泰昌技术补充文件,生产制造能力,来源于泰昌技术补充文件，历史位置为“专项投标文件/5.针对评审要素，需要补充的其他文件/5.1.产品制造质量控制/5.1.2.生产工艺/质量管控体系/5.1.2.5.各工序控制点工艺文件”。当前仅用于泰昌资料人工复核，未获准进入正式标书。,"[""泰昌"", ""生产制造能力"", ""历史标书候选"", ""技术标"", ""电缆保护管通用""]",formal_material_caption,资料：泰昌生产制造能力,,True,False,False,blocked,尚未通过P0-06人工批准,0.85,assets/template_words/技术补充文件.docx,（二）专项投标文件/5.针对评审要素，需要补充的其他文件/5.1.产品制造质量控制/5.1.2.生产工艺/质量管控体系/5.1.2.5.各工序控制点工艺文件,79a55f8823e590b51fcb7a6443ecc42b70175d82b25ad922c6c41421cf351ec3,79a55f8823e590b51fcb7a6443ecc42b70175d82b25ad922c6c41421cf351ec3
technical-media-0019,technical,media,26,new,未发现重复，仍需审核,河北泰昌电力器材科技有限公司,河北泰昌电力器材科技有限公司,mixed_historical_bid,product_library,产品库资料,production_capacity,生产制造能力,"[""电缆保护管通用""]",电缆保护管,"[""技术标""]","[""专项投标文件/5.针对评审要素，需要补充的其他文件/5.1.产品制造质量控制/5.1.2.生产工艺/质量管控体系/5.1.2.5.各工序控制点工艺文件""]",tender_scoring_derived,needs_review,internal,企业内部资料,review_only,仅限人工复核,needs_customer_confirmation,需要客户确认,泰昌生产制造能力历史候选第26页,泰昌技术补充文件,泰昌技术补充文件,生产制造能力,来源于泰昌技术补充文件，历史位置为“专项投标文件/5.针对评审要素，需要补充的其他文件/5.1.产品制造质量控制/5.1.2.生产工艺/质量管控体系/5.1.2.5.各工序控制点工艺文件”。当前仅用于泰昌资料人工复核，未获准进入正式标书。,"[""泰昌"", ""生产制造能力"", ""历史标书候选"", ""技术标"", ""电缆保护管通用""]",formal_material_caption,资料：泰昌生产制造能力,,True,False,False,blocked,尚未通过P0-06人工批准,0.85,assets/template_words/技术补充文件.docx,（二）专项投标文件/5.针对评审要素，需要补充的其他文件/5.1.产品制造质量控制/5.1.2.生产工艺/质量管控体系/5.1.2.5.各工序控制点工艺文件,632678dfa88b2420d4f23396550057bf504f76bc507d9eec93fb8697aa45dbdf,632678dfa88b2420d4f23396550057bf504f76bc507d9eec93fb8697aa45dbdf
technical-media-0020,technical,media,26,new,未发现重复，仍需审核,河北泰昌电力器材科技有限公司,河北泰昌电力器材科技有限公司,mixed_historical_bid,product_library,产品库资料,production_capacity,生产制造能力,"[""电缆保护管通用""]",电缆保护管,"[""技术标""]","[""专项投标文件/5.针对评审要素，需要补充的其他文件/5.1.产品制造质量控制/5.1.2.生产工艺/质量管控体系/5.1.2.5.各工序控制点工艺文件""]",tender_scoring_derived,needs_review,internal,企业内部资料,review_only,仅限人工复核,needs_customer_confirmation,需要客户确认,泰昌生产制造能力历史候选第26页,泰昌技术补充文件,泰昌技术补充文件,生产制造能力,来源于泰昌技术补充文件，历史位置为“专项投标文件/5.针对评审要素，需要补充的其他文件/5.1.产品制造质量控制/5.1.2.生产工艺/质量管控体系/5.1.2.5.各工序控制点工艺文件”。当前仅用于泰昌资料人工复核，未获准进入正式标书。,"[""泰昌"", ""生产制造能力"", ""历史标书候选"", ""技术标"", ""电缆保护管通用""]",formal_material_caption,资料：泰昌生产制造能力,,True,False,False,blocked,尚未通过P0-06人工批准,0.85,assets/template_words/技术补充文件.docx,（二）专项投标文件/5.针对评审要素，需要补充的其他文件/5.1.产品制造质量控制/5.1.2.生产工艺/质量管控体系/5.1.2.5.各工序控制点工艺文件,2edaf80994f0c3b49954be28df8287b880e684f861684618d0a78286efe4a639,2edaf80994f0c3b49954be28df8287b880e684f861684618d0a78286efe4a639
technical-media-0021,technical,media,26,new,未发现重复，仍需审核,河北泰昌电力器材科技有限公司,河北泰昌电力器材科技有限公司,mixed_historical_bid,product_library,产品库资料,production_capacity,生产制造能力,"[""电缆保护管通用""]",电缆保护管,"[""技术标""]","[""专项投标文件/5.针对评审要素，需要补充的其他文件/5.1.产品制造质量控制/5.1.2.生产工艺/质量管控体系/5.1.2.5.各工序控制点工艺文件""]",tender_scoring_derived,needs_review,internal,企业内部资料,review_only,仅限人工复核,needs_customer_confirmation,需要客户确认,泰昌生产制造能力历史候选第26页,泰昌技术补充文件,泰昌技术补充文件,生产制造能力,来源于泰昌技术补充文件，历史位置为“专项投标文件/5.针对评审要素，需要补充的其他文件/5.1.产品制造质量控制/5.1.2.生产工艺/质量管控体系/5.1.2.5.各工序控制点工艺文件”。当前仅用于泰昌资料人工复核，未获准进入正式标书。,"[""泰昌"", ""生产制造能力"", ""历史标书候选"", ""技术标"", ""电缆保护管通用""]",formal_material_caption,资料：泰昌生产制造能力,,True,False,False,blocked,尚未通过P0-06人工批准,0.85,assets/template_words/技术补充文件.docx,（二）专项投标文件/5.针对评审要素，需要补充的其他文件/5.1.产品制造质量控制/5.1.2.生产工艺/质量管控体系/5.1.2.5.各工序控制点工艺文件,b7414915ffcba7f49300f2bde89540afb7ab896fab44a88f733c919abeba6e6c,b7414915ffcba7f49300f2bde89540afb7ab896fab44a88f733c919abeba6e6c
technical-media-0022,technical,media,26,new,未发现重复，仍需审核,河北泰昌电力器材科技有限公司,河北泰昌电力器材科技有限公司,mixed_historical_bid,product_library,产品库资料,production_capacity,生产制造能力,"[""电缆保护管通用""]",电缆保护管,"[""技术标""]","[""专项投标文件/5.针对评审要素，需要补充的其他文件/5.1.产品制造质量控制/5.1.2.生产工艺/质量管控体系/5.1.2.5.各工序控制点工艺文件""]",tender_scoring_derived,needs_review,internal,企业内部资料,review_only,仅限人工复核,needs_customer_confirmation,需要客户确认,泰昌生产制造能力历史候选第26页,泰昌技术补充文件,泰昌技术补充文件,生产制造能力,来源于泰昌技术补充文件，历史位置为“专项投标文件/5.针对评审要素，需要补充的其他文件/5.1.产品制造质量控制/5.1.2.生产工艺/质量管控体系/5.1.2.5.各工序控制点工艺文件”。当前仅用于泰昌资料人工复核，未获准进入正式标书。,"[""泰昌"", ""生产制造能力"", ""历史标书候选"", ""技术标"", ""电缆保护管通用""]",formal_material_caption,资料：泰昌生产制造能力,,True,False,False,blocked,尚未通过P0-06人工批准,0.85,assets/template_words/技术补充文件.docx,（二）专项投标文件/5.针对评审要素，需要补充的其他文件/5.1.产品制造质量控制/5.1.2.生产工艺/质量管控体系/5.1.2.5.各工序控制点工艺文件,ee9e45d6905b273d3e7bd62ecb9f8bd33df508c71142f5cb1379200d2a580d08,ee9e45d6905b273d3e7bd62ecb9f8bd33df508c71142f5cb1379200d2a580d08
technical-media-0023,technical,media,26,new,未发现重复，仍需审核,河北泰昌电力器材科技有限公司,河北泰昌电力器材科技有限公司,mixed_historical_bid,product_library,产品库资料,production_capacity,生产制造能力,"[""电缆保护管通用""]",电缆保护管,"[""技术标""]","[""专项投标文件/5.针对评审要素，需要补充的其他文件/5.1.产品制造质量控制/5.1.2.生产工艺/质量管控体系/5.1.2.5.各工序控制点工艺文件""]",tender_scoring_derived,needs_review,internal,企业内部资料,review_only,仅限人工复核,needs_customer_confirmation,需要客户确认,泰昌生产制造能力历史候选第26页,泰昌技术补充文件,泰昌技术补充文件,生产制造能力,来源于泰昌技术补充文件，历史位置为“专项投标文件/5.针对评审要素，需要补充的其他文件/5.1.产品制造质量控制/5.1.2.生产工艺/质量管控体系/5.1.2.5.各工序控制点工艺文件”。当前仅用于泰昌资料人工复核，未获准进入正式标书。,"[""泰昌"", ""生产制造能力"", ""历史标书候选"", ""技术标"", ""电缆保护管通用""]",formal_material_caption,资料：泰昌生产制造能力,,True,False,False,blocked,尚未通过P0-06人工批准,0.85,assets/template_words/技术补充文件.docx,（二）专项投标文件/5.针对评审要素，需要补充的其他文件/5.1.产品制造质量控制/5.1.2.生产工艺/质量管控体系/5.1.2.5.各工序控制点工艺文件,7534321db75d5c8cad4e6ad81196e008d5eca5898b4c56b436a8df643eea3786,7534321db75d5c8cad4e6ad81196e008d5eca5898b4c56b436a8df643eea3786
technical-media-0024,technical,media,26,new,未发现重复，仍需审核,河北泰昌电力器材科技有限公司,河北泰昌电力器材科技有限公司,mixed_historical_bid,product_library,产品库资料,production_capacity,生产制造能力,"[""电缆保护管通用""]",电缆保护管,"[""技术标""]","[""专项投标文件/5.针对评审要素，需要补充的其他文件/5.1.产品制造质量控制/5.1.2.生产工艺/质量管控体系/5.1.2.5.各工序控制点工艺文件""]",tender_scoring_derived,needs_review,internal,企业内部资料,review_only,仅限人工复核,needs_customer_confirmation,需要客户确认,泰昌生产制造能力历史候选第26页,泰昌技术补充文件,泰昌技术补充文件,生产制造能力,来源于泰昌技术补充文件，历史位置为“专项投标文件/5.针对评审要素，需要补充的其他文件/5.1.产品制造质量控制/5.1.2.生产工艺/质量管控体系/5.1.2.5.各工序控制点工艺文件”。当前仅用于泰昌资料人工复核，未获准进入正式标书。,"[""泰昌"", ""生产制造能力"", ""历史标书候选"", ""技术标"", ""电缆保护管通用""]",formal_material_caption,资料：泰昌生产制造能力,,True,False,False,blocked,尚未通过P0-06人工批准,0.85,assets/template_words/技术补充文件.docx,（二）专项投标文件/5.针对评审要素，需要补充的其他文件/5.1.产品制造质量控制/5.1.2.生产工艺/质量管控体系/5.1.2.5.各工序控制点工艺文件,9e77c46984c6433666a74f9673273302936b033747ab29aff15ec5dedddfbdc3,9e77c46984c6433666a74f9673273302936b033747ab29aff15ec5dedddfbdc3
technical-media-0025,technical,media,26,new,未发现重复，仍需审核,河北泰昌电力器材科技有限公司,河北泰昌电力器材科技有限公司,mixed_historical_bid,product_library,产品库资料,production_capacity,生产制造能力,"[""电缆保护管通用""]",电缆保护管,"[""技术标""]","[""专项投标文件/5.针对评审要素，需要补充的其他文件/5.1.产品制造质量控制/5.1.2.生产工艺/质量管控体系/5.1.2.5.各工序控制点工艺文件""]",tender_scoring_derived,needs_review,internal,企业内部资料,review_only,仅限人工复核,needs_customer_confirmation,需要客户确认,泰昌生产制造能力历史候选第26页,泰昌技术补充文件,泰昌技术补充文件,生产制造能力,来源于泰昌技术补充文件，历史位置为“专项投标文件/5.针对评审要素，需要补充的其他文件/5.1.产品制造质量控制/5.1.2.生产工艺/质量管控体系/5.1.2.5.各工序控制点工艺文件”。当前仅用于泰昌资料人工复核，未获准进入正式标书。,"[""泰昌"", ""生产制造能力"", ""历史标书候选"", ""技术标"", ""电缆保护管通用""]",formal_material_caption,资料：泰昌生产制造能力,,True,False,False,blocked,尚未通过P0-06人工批准,0.85,assets/template_words/技术补充文件.docx,（二）专项投标文件/5.针对评审要素，需要补充的其他文件/5.1.产品制造质量控制/5.1.2.生产工艺/质量管控体系/5.1.2.5.各工序控制点工艺文件,507f034362d35ce7f1d1dc976caabc58899afbb1338bbdd565d5f9c9aed4c4e5,507f034362d35ce7f1d1dc976caabc58899afbb1338bbdd565d5f9c9aed4c4e5
technical-media-0026,technical,media,26,new,未发现重复，仍需审核,河北泰昌电力器材科技有限公司,河北泰昌电力器材科技有限公司,mixed_historical_bid,product_library,产品库资料,production_capacity,生产制造能力,"[""电缆保护管通用""]",电缆保护管,"[""技术标""]","[""专项投标文件/5.针对评审要素，需要补充的其他文件/5.1.产品制造质量控制/5.1.2.生产工艺/质量管控体系/5.1.2.5.各工序控制点工艺文件""]",tender_scoring_derived,needs_review,internal,企业内部资料,review_only,仅限人工复核,needs_customer_confirmation,需要客户确认,泰昌生产制造能力历史候选第26页,泰昌技术补充文件,泰昌技术补充文件,生产制造能力,来源于泰昌技术补充文件，历史位置为“专项投标文件/5.针对评审要素，需要补充的其他文件/5.1.产品制造质量控制/5.1.2.生产工艺/质量管控体系/5.1.2.5.各工序控制点工艺文件”。当前仅用于泰昌资料人工复核，未获准进入正式标书。,"[""泰昌"", ""生产制造能力"", ""历史标书候选"", ""技术标"", ""电缆保护管通用""]",formal_material_caption,资料：泰昌生产制造能力,,True,False,False,blocked,尚未通过P0-06人工批准,0.85,assets/template_words/技术补充文件.docx,（二）专项投标文件/5.针对评审要素，需要补充的其他文件/5.1.产品制造质量控制/5.1.2.生产工艺/质量管控体系/5.1.2.5.各工序控制点工艺文件,17a80d87339e8f767a99a564e3ff1a566bd5c788e0ad719cc21d5480ef9fe7e9,17a80d87339e8f767a99a564e3ff1a566bd5c788e0ad719cc21d5480ef9fe7e9
technical-media-0027,technical,media,26,new,未发现重复，仍需审核,河北泰昌电力器材科技有限公司,河北泰昌电力器材科技有限公司,mixed_historical_bid,product_library,产品库资料,production_capacity,生产制造能力,"[""电缆保护管通用""]",电缆保护管,"[""技术标""]","[""专项投标文件/5.针对评审要素，需要补充的其他文件/5.1.产品制造质量控制/5.1.2.生产工艺/质量管控体系/5.1.2.5.各工序控制点工艺文件""]",tender_scoring_derived,needs_review,internal,企业内部资料,review_only,仅限人工复核,needs_customer_confirmation,需要客户确认,泰昌生产制造能力历史候选第26页,泰昌技术补充文件,泰昌技术补充文件,生产制造能力,来源于泰昌技术补充文件，历史位置为“专项投标文件/5.针对评审要素，需要补充的其他文件/5.1.产品制造质量控制/5.1.2.生产工艺/质量管控体系/5.1.2.5.各工序控制点工艺文件”。当前仅用于泰昌资料人工复核，未获准进入正式标书。,"[""泰昌"", ""生产制造能力"", ""历史标书候选"", ""技术标"", ""电缆保护管通用""]",formal_material_caption,资料：泰昌生产制造能力,,True,False,False,blocked,尚未通过P0-06人工批准,0.85,assets/template_words/技术补充文件.docx,（二）专项投标文件/5.针对评审要素，需要补充的其他文件/5.1.产品制造质量控制/5.1.2.生产工艺/质量管控体系/5.1.2.5.各工序控制点工艺文件,d8827a51fd08930fa9b919cc5b8c0b28c97370e9d52bac02bba23705665df763,d8827a51fd08930fa9b919cc5b8c0b28c97370e9d52bac02bba23705665df763
technical-media-0028,technical,media,26,new,未发现重复，仍需审核,河北泰昌电力器材科技有限公司,河北泰昌电力器材科技有限公司,mixed_historical_bid,product_library,产品库资料,production_capacity,生产制造能力,"[""电缆保护管通用""]",电缆保护管,"[""技术标""]","[""专项投标文件/5.针对评审要素，需要补充的其他文件/5.1.产品制造质量控制/5.1.2.生产工艺/质量管控体系/5.1.2.5.各工序控制点工艺文件""]",tender_scoring_derived,needs_review,internal,企业内部资料,review_only,仅限人工复核,needs_customer_confirmation,需要客户确认,泰昌生产制造能力历史候选第26页,泰昌技术补充文件,泰昌技术补充文件,生产制造能力,来源于泰昌技术补充文件，历史位置为“专项投标文件/5.针对评审要素，需要补充的其他文件/5.1.产品制造质量控制/5.1.2.生产工艺/质量管控体系/5.1.2.5.各工序控制点工艺文件”。当前仅用于泰昌资料人工复核，未获准进入正式标书。,"[""泰昌"", ""生产制造能力"", ""历史标书候选"", ""技术标"", ""电缆保护管通用""]",formal_material_caption,资料：泰昌生产制造能力,,True,False,False,blocked,尚未通过P0-06人工批准,0.85,assets/template_words/技术补充文件.docx,（二）专项投标文件/5.针对评审要素，需要补充的其他文件/5.1.产品制造质量控制/5.1.2.生产工艺/质量管控体系/5.1.2.5.各工序控制点工艺文件,a1f824dc61d707ed8b17872b50e09fef914ea5b5bbc476dfb1b9ad952821cd6d,a1f824dc61d707ed8b17872b50e09fef914ea5b5bbc476dfb1b9ad952821cd6d
technical-chapter-021,technical,chapter,47,new,未发现重复，仍需审核,河北泰昌电力器材科技有限公司,河北泰昌电力器材科技有限公司,mixed_historical_bid,reference_template_library,历史参考资料,historical_structure_reference,历史目录结构参考,[],泰昌企业资料,"[""技术标""]","[""专项投标文件/5.针对评审要素，需要补充的其他文件/5.1.产品制造质量控制/5.1.3.生产制造环境""]",tender_scoring_derived,needs_review,internal,企业内部资料,review_only,仅限人工复核,not_asset_reference,非资产结构参考,泰昌技术标历史目录参考：专项投标文件/5.针对评审要素，需要补充的其他文件/5.1.产品制造质量控制/5.1.3.生产制造环境,泰昌技术补充文件,泰昌技术补充文件,历史目录结构参考,来源于泰昌技术补充文件，历史位置为“专项投标文件/5.针对评审要素，需要补充的其他文件/5.1.产品制造质量控制/5.1.3.生产制造环境”。当前仅用于泰昌资料人工复核，未获准进入正式标书。,"[""泰昌"", ""历史目录结构参考"", ""历史标书候选"", ""技术标""]",suppressed_document_page_caption,,,False,False,False,blocked,尚未通过P0-06人工批准,1.0,assets/template_words/技术补充文件.docx,（二）专项投标文件/5.针对评审要素，需要补充的其他文件/5.1.产品制造质量控制/5.1.3.生产制造环境,8eebd8be54a2b06bdcd52293833b28a83b1d780f72286a1cfd8533c26bca306a,
technical-media-0029,technical,media,48,new,未发现重复，仍需审核,河北泰昌电力器材科技有限公司,河北泰昌电力器材科技有限公司,mixed_historical_bid,product_library,产品库资料,enterprise_evidence,企业证明材料,[],泰昌企业资料,"[""技术标""]","[""专项投标文件/5.针对评审要素，需要补充的其他文件/5.1.产品制造质量控制/5.1.3.生产制造环境""]",tender_scoring_derived,needs_review,internal,企业内部资料,review_only,仅限人工复核,needs_customer_confirmation,需要客户确认,泰昌企业证明材料历史候选第48页,泰昌技术补充文件,泰昌技术补充文件,企业证明材料,来源于泰昌技术补充文件，历史位置为“专项投标文件/5.针对评审要素，需要补充的其他文件/5.1.产品制造质量控制/5.1.3.生产制造环境”。当前仅用于泰昌资料人工复核，未获准进入正式标书。,"[""泰昌"", ""企业证明材料"", ""历史标书候选"", ""技术标""]",suppressed_document_page_caption,,,True,False,False,blocked,尚未通过P0-06人工批准,0.45,assets/template_words/技术补充文件.docx,（二）专项投标文件/5.针对评审要素，需要补充的其他文件/5.1.产品制造质量控制/5.1.3.生产制造环境,8eb750b7219d324a07e86ecf9692ef2b45065976e88ff124306f172ab6b2f3d6,8eb750b7219d324a07e86ecf9692ef2b45065976e88ff124306f172ab6b2f3d6
technical-chapter-022,technical,chapter,48,new,未发现重复，仍需审核,河北泰昌电力器材科技有限公司,河北泰昌电力器材科技有限公司,mixed_historical_bid,reference_template_library,历史参考资料,historical_structure_reference,历史目录结构参考,[],泰昌企业资料,"[""技术标""]","[""专项投标文件/5.针对评审要素，需要补充的其他文件/5.1.产品制造质量控制/5.1.4.试组装环境""]",tender_scoring_derived,needs_review,internal,企业内部资料,review_only,仅限人工复核,not_asset_reference,非资产结构参考,泰昌技术标历史目录参考：专项投标文件/5.针对评审要素，需要补充的其他文件/5.1.产品制造质量控制/5.1.4.试组装环境,泰昌技术补充文件,泰昌技术补充文件,历史目录结构参考,来源于泰昌技术补充文件，历史位置为“专项投标文件/5.针对评审要素，需要补充的其他文件/5.1.产品制造质量控制/5.1.4.试组装环境”。当前仅用于泰昌资料人工复核，未获准进入正式标书。,"[""泰昌"", ""历史目录结构参考"", ""历史标书候选"", ""技术标""]",suppressed_document_page_caption,,,False,False,False,blocked,尚未通过P0-06人工批准,1.0,assets/template_words/技术补充文件.docx,（二）专项投标文件/5.针对评审要素，需要补充的其他文件/5.1.产品制造质量控制/5.1.4.试组装环境,2b9de49cfff69040184cac0a490da6cb9e113a9dd46483fa21d3b042e483581a,
technical-media-0030,technical,media,49,new,未发现重复，仍需审核,河北泰昌电力器材科技有限公司,河北泰昌电力器材科技有限公司,mixed_historical_bid,product_library,产品库资料,enterprise_evidence,企业证明材料,[],泰昌企业资料,"[""技术标""]","[""专项投标文件/5.针对评审要素，需要补充的其他文件/5.1.产品制造质量控制/5.1.4.试组装环境""]",tender_scoring_derived,needs_review,internal,企业内部资料,review_only,仅限人工复核,needs_customer_confirmation,需要客户确认,泰昌企业证明材料历史候选第49页,泰昌技术补充文件,泰昌技术补充文件,企业证明材料,来源于泰昌技术补充文件，历史位置为“专项投标文件/5.针对评审要素，需要补充的其他文件/5.1.产品制造质量控制/5.1.4.试组装环境”。当前仅用于泰昌资料人工复核，未获准进入正式标书。,"[""泰昌"", ""企业证明材料"", ""历史标书候选"", ""技术标""]",suppressed_document_page_caption,,,True,False,False,blocked,尚未通过P0-06人工批准,0.45,assets/template_words/技术补充文件.docx,（二）专项投标文件/5.针对评审要素，需要补充的其他文件/5.1.产品制造质量控制/5.1.4.试组装环境,4e9fd741055fd5dd1dff13529cea7583e3070a36a702397ab3c50d9de6b777ac,4e9fd741055fd5dd1dff13529cea7583e3070a36a702397ab3c50d9de6b777ac
technical-chapter-023,technical,chapter,49,new,未发现重复，仍需审核,河北泰昌电力器材科技有限公司,河北泰昌电力器材科技有限公司,mixed_historical_bid,reference_template_library,历史参考资料,historical_structure_reference,历史目录结构参考,[],泰昌企业资料,"[""技术标""]","[""专项投标文件/5.针对评审要素，需要补充的其他文件/5.1.产品制造质量控制/5.1.5.资质核实""]",tender_scoring_derived,needs_review,internal,企业内部资料,review_only,仅限人工复核,not_asset_reference,非资产结构参考,泰昌技术标历史目录参考：专项投标文件/5.针对评审要素，需要补充的其他文件/5.1.产品制造质量控制/5.1.5.资质核实,泰昌技术补充文件,泰昌技术补充文件,历史目录结构参考,来源于泰昌技术补充文件，历史位置为“专项投标文件/5.针对评审要素，需要补充的其他文件/5.1.产品制造质量控制/5.1.5.资质核实”。当前仅用于泰昌资料人工复核，未获准进入正式标书。,"[""泰昌"", ""历史目录结构参考"", ""历史标书候选"", ""技术标""]",suppressed_document_page_caption,,,False,False,False,blocked,尚未通过P0-06人工批准,1.0,assets/template_words/技术补充文件.docx,（二）专项投标文件/5.针对评审要素，需要补充的其他文件/5.1.产品制造质量控制/5.1.5.资质核实,31074d7df14be6af835644102e19ec6c1bc708d651f2881121edaa38695ce8ee,
technical-media-0031,technical,media,50,duplicate_exact,精确重复，不新增,河北泰昌电力器材科技有限公司,河北泰昌电力器材科技有限公司,mixed_historical_bid,product_library,产品库资料,enterprise_evidence,企业证明材料,[],泰昌企业资料,"[""技术标""]","[""专项投标文件/5.针对评审要素，需要补充的其他文件/5.1.产品制造质量控制/5.1.5.资质核实""]",tender_scoring_derived,needs_review,internal,企业内部资料,review_only,仅限人工复核,rejected_duplicate,精确重复，不新增,泰昌企业证明材料历史候选第50页,泰昌技术补充文件,泰昌技术补充文件,企业证明材料,来源于泰昌技术补充文件，历史位置为“专项投标文件/5.针对评审要素，需要补充的其他文件/5.1.产品制造质量控制/5.1.5.资质核实”。当前仅用于泰昌资料人工复核，未获准进入正式标书。,"[""泰昌"", ""企业证明材料"", ""历史标书候选"", ""技术标""]",suppressed_document_page_caption,,taichang-exact-845815c781c94aa02a58,False,False,False,blocked,尚未通过P0-06人工批准,0.45,assets/template_words/技术补充文件.docx,（二）专项投标文件/5.针对评审要素，需要补充的其他文件/5.1.产品制造质量控制/5.1.5.资质核实,6a61670906d9370c90bf69ecddf730ca9d45851420aca6cf024bedbf601168d1,6a61670906d9370c90bf69ecddf730ca9d45851420aca6cf024bedbf601168d1
technical-chapter-024,technical,chapter,50,new,未发现重复，仍需审核,河北泰昌电力器材科技有限公司,河北泰昌电力器材科技有限公司,mixed_historical_bid,reference_template_library,历史参考资料,historical_structure_reference,历史目录结构参考,[],泰昌企业资料,"[""技术标""]","[""专项投标文件/5.针对评审要素，需要补充的其他文件/5.2.履约风险""]",tender_scoring_derived,needs_review,internal,企业内部资料,review_only,仅限人工复核,not_asset_reference,非资产结构参考,泰昌技术标历史目录参考：专项投标文件/5.针对评审要素，需要补充的其他文件/5.2.履约风险,泰昌技术补充文件,泰昌技术补充文件,历史目录结构参考,来源于泰昌技术补充文件，历史位置为“专项投标文件/5.针对评审要素，需要补充的其他文件/5.2.履约风险”。当前仅用于泰昌资料人工复核，未获准进入正式标书。,"[""泰昌"", ""历史目录结构参考"", ""历史标书候选"", ""技术标""]",suppressed_document_page_caption,,,False,False,False,blocked,尚未通过P0-06人工批准,1.0,assets/template_words/技术补充文件.docx,（二）专项投标文件/5.针对评审要素，需要补充的其他文件/5.2.履约风险,9b99049a6ccad9f019f07b922bc5f6ec0896669adf01ad97ebf63086fd153d93,
technical-chapter-025,technical,chapter,50,new,未发现重复，仍需审核,河北泰昌电力器材科技有限公司,河北泰昌电力器材科技有限公司,mixed_historical_bid,reference_template_library,历史参考资料,historical_structure_reference,历史目录结构参考,[],泰昌企业资料,"[""技术标""]","[""专项投标文件/5.针对评审要素，需要补充的其他文件/5.2.履约风险/5.2.1.履约风险""]",tender_scoring_derived,needs_review,internal,企业内部资料,review_only,仅限人工复核,not_asset_reference,非资产结构参考,泰昌技术标历史目录参考：专项投标文件/5.针对评审要素，需要补充的其他文件/5.2.履约风险/5.2.1.履约风险,泰昌技术补充文件,泰昌技术补充文件,历史目录结构参考,来源于泰昌技术补充文件，历史位置为“专项投标文件/5.针对评审要素，需要补充的其他文件/5.2.履约风险/5.2.1.履约风险”。当前仅用于泰昌资料人工复核，未获准进入正式标书。,"[""泰昌"", ""历史目录结构参考"", ""历史标书候选"", ""技术标""]",suppressed_document_page_caption,,,False,False,False,blocked,尚未通过P0-06人工批准,1.0,assets/template_words/技术补充文件.docx,（二）专项投标文件/5.针对评审要素，需要补充的其他文件/5.2.履约风险/5.2.1.履约风险,e28a0e6a7a4e5687cf9f4bd54750d3b40b019fbd3e56314da73a7cab13653068,
technical-chapter-026,technical,chapter,52,new,未发现重复，仍需审核,河北泰昌电力器材科技有限公司,河北泰昌电力器材科技有限公司,mixed_historical_bid,reference_template_library,历史参考资料,historical_structure_reference,历史目录结构参考,[],泰昌企业资料,"[""技术标""]","[""专项投标文件/5.针对评审要素，需要补充的其他文件/5.2.履约风险/5.2.2.绩效评价""]",tender_scoring_derived,needs_review,internal,企业内部资料,review_only,仅限人工复核,not_asset_reference,非资产结构参考,泰昌技术标历史目录参考：专项投标文件/5.针对评审要素，需要补充的其他文件/5.2.履约风险/5.2.2.绩效评价,泰昌技术补充文件,泰昌技术补充文件,历史目录结构参考,来源于泰昌技术补充文件，历史位置为“专项投标文件/5.针对评审要素，需要补充的其他文件/5.2.履约风险/5.2.2.绩效评价”。当前仅用于泰昌资料人工复核，未获准进入正式标书。,"[""泰昌"", ""历史目录结构参考"", ""历史标书候选"", ""技术标""]",suppressed_document_page_caption,,,False,False,False,blocked,尚未通过P0-06人工批准,1.0,assets/template_words/技术补充文件.docx,（二）专项投标文件/5.针对评审要素，需要补充的其他文件/5.2.履约风险/5.2.2.绩效评价,f367fbe24f589d1df2237c8f355d559a759cdaaa25fe3bab9047cfe30a399d01,
technical-media-0032,technical,media,53,new,未发现重复，仍需审核,河北泰昌电力器材科技有限公司,河北泰昌电力器材科技有限公司,mixed_historical_bid,product_library,产品库资料,enterprise_evidence,企业证明材料,[],泰昌企业资料,"[""技术标""]","[""专项投标文件/5.针对评审要素，需要补充的其他文件/5.2.履约风险/5.2.2.绩效评价""]",tender_scoring_derived,needs_review,internal,企业内部资料,review_only,仅限人工复核,needs_customer_confirmation,需要客户确认,泰昌企业证明材料历史候选第53页,泰昌技术补充文件,泰昌技术补充文件,企业证明材料,来源于泰昌技术补充文件，历史位置为“专项投标文件/5.针对评审要素，需要补充的其他文件/5.2.履约风险/5.2.2.绩效评价”。当前仅用于泰昌资料人工复核，未获准进入正式标书。,"[""泰昌"", ""企业证明材料"", ""历史标书候选"", ""技术标""]",suppressed_document_page_caption,,,True,False,False,blocked,尚未通过P0-06人工批准,0.45,assets/template_words/技术补充文件.docx,（二）专项投标文件/5.针对评审要素，需要补充的其他文件/5.2.履约风险/5.2.2.绩效评价,f9ac91c249a4742daab1baf1dcced3b67f5cb15f8179025cb39e99bcdfd79d11,f9ac91c249a4742daab1baf1dcced3b67f5cb15f8179025cb39e99bcdfd79d11
technical-media-0033,technical,media,53,new,未发现重复，仍需审核,河北泰昌电力器材科技有限公司,河北泰昌电力器材科技有限公司,mixed_historical_bid,product_library,产品库资料,enterprise_evidence,企业证明材料,[],泰昌企业资料,"[""技术标""]","[""专项投标文件/5.针对评审要素，需要补充的其他文件/5.2.履约风险/5.2.2.绩效评价""]",tender_scoring_derived,needs_review,internal,企业内部资料,review_only,仅限人工复核,needs_customer_confirmation,需要客户确认,泰昌企业证明材料历史候选第53页,泰昌技术补充文件,泰昌技术补充文件,企业证明材料,来源于泰昌技术补充文件，历史位置为“专项投标文件/5.针对评审要素，需要补充的其他文件/5.2.履约风险/5.2.2.绩效评价”。当前仅用于泰昌资料人工复核，未获准进入正式标书。,"[""泰昌"", ""企业证明材料"", ""历史标书候选"", ""技术标""]",suppressed_document_page_caption,,,True,False,False,blocked,尚未通过P0-06人工批准,0.45,assets/template_words/技术补充文件.docx,（二）专项投标文件/5.针对评审要素，需要补充的其他文件/5.2.履约风险/5.2.2.绩效评价,7e46ef7d1729cf44eb0772d90292138a2ced46946d7ca227f090d615f93b796b,7e46ef7d1729cf44eb0772d90292138a2ced46946d7ca227f090d615f93b796b
technical-media-0034,technical,media,53,new,未发现重复，仍需审核,河北泰昌电力器材科技有限公司,河北泰昌电力器材科技有限公司,mixed_historical_bid,product_library,产品库资料,enterprise_evidence,企业证明材料,[],泰昌企业资料,"[""技术标""]","[""专项投标文件/5.针对评审要素，需要补充的其他文件/5.2.履约风险/5.2.2.绩效评价""]",tender_scoring_derived,needs_review,internal,企业内部资料,review_only,仅限人工复核,needs_customer_confirmation,需要客户确认,泰昌企业证明材料历史候选第53页,泰昌技术补充文件,泰昌技术补充文件,企业证明材料,来源于泰昌技术补充文件，历史位置为“专项投标文件/5.针对评审要素，需要补充的其他文件/5.2.履约风险/5.2.2.绩效评价”。当前仅用于泰昌资料人工复核，未获准进入正式标书。,"[""泰昌"", ""企业证明材料"", ""历史标书候选"", ""技术标""]",suppressed_document_page_caption,,,True,False,False,blocked,尚未通过P0-06人工批准,0.45,assets/template_words/技术补充文件.docx,（二）专项投标文件/5.针对评审要素，需要补充的其他文件/5.2.履约风险/5.2.2.绩效评价,74c9a81ea06eb7d6972995a7112ec73bf450d629264e027e7140419882495e04,74c9a81ea06eb7d6972995a7112ec73bf450d629264e027e7140419882495e04
technical-media-0035,technical,media,53,new,未发现重复，仍需审核,河北泰昌电力器材科技有限公司,河北泰昌电力器材科技有限公司,mixed_historical_bid,product_library,产品库资料,enterprise_evidence,企业证明材料,[],泰昌企业资料,"[""技术标""]","[""专项投标文件/5.针对评审要素，需要补充的其他文件/5.2.履约风险/5.2.2.绩效评价""]",tender_scoring_derived,needs_review,internal,企业内部资料,review_only,仅限人工复核,needs_customer_confirmation,需要客户确认,泰昌企业证明材料历史候选第53页,泰昌技术补充文件,泰昌技术补充文件,企业证明材料,来源于泰昌技术补充文件，历史位置为“专项投标文件/5.针对评审要素，需要补充的其他文件/5.2.履约风险/5.2.2.绩效评价”。当前仅用于泰昌资料人工复核，未获准进入正式标书。,"[""泰昌"", ""企业证明材料"", ""历史标书候选"", ""技术标""]",suppressed_document_page_caption,,,True,False,False,blocked,尚未通过P0-06人工批准,0.45,assets/template_words/技术补充文件.docx,（二）专项投标文件/5.针对评审要素，需要补充的其他文件/5.2.履约风险/5.2.2.绩效评价,8eff7d3390f141cc485a18e75ce1d4382244096970acf91e1d827ce87c92a671,8eff7d3390f141cc485a18e75ce1d4382244096970acf91e1d827ce87c92a671
technical-media-0036,technical,media,53,new,未发现重复，仍需审核,河北泰昌电力器材科技有限公司,河北泰昌电力器材科技有限公司,mixed_historical_bid,product_library,产品库资料,enterprise_evidence,企业证明材料,[],泰昌企业资料,"[""技术标""]","[""专项投标文件/5.针对评审要素，需要补充的其他文件/5.2.履约风险/5.2.2.绩效评价""]",tender_scoring_derived,needs_review,internal,企业内部资料,review_only,仅限人工复核,needs_customer_confirmation,需要客户确认,泰昌企业证明材料历史候选第53页,泰昌技术补充文件,泰昌技术补充文件,企业证明材料,来源于泰昌技术补充文件，历史位置为“专项投标文件/5.针对评审要素，需要补充的其他文件/5.2.履约风险/5.2.2.绩效评价”。当前仅用于泰昌资料人工复核，未获准进入正式标书。,"[""泰昌"", ""企业证明材料"", ""历史标书候选"", ""技术标""]",suppressed_document_page_caption,,,True,False,False,blocked,尚未通过P0-06人工批准,0.45,assets/template_words/技术补充文件.docx,（二）专项投标文件/5.针对评审要素，需要补充的其他文件/5.2.履约风险/5.2.2.绩效评价,e0e552131fc2b3b78b85bd30fd6cf6fdb259f223264381004f90f260279db431,e0e552131fc2b3b78b85bd30fd6cf6fdb259f223264381004f90f260279db431
technical-media-0037,technical,media,53,new,未发现重复，仍需审核,河北泰昌电力器材科技有限公司,河北泰昌电力器材科技有限公司,mixed_historical_bid,product_library,产品库资料,enterprise_evidence,企业证明材料,[],泰昌企业资料,"[""技术标""]","[""专项投标文件/5.针对评审要素，需要补充的其他文件/5.2.履约风险/5.2.2.绩效评价""]",tender_scoring_derived,needs_review,internal,企业内部资料,review_only,仅限人工复核,needs_customer_confirmation,需要客户确认,泰昌企业证明材料历史候选第53页,泰昌技术补充文件,泰昌技术补充文件,企业证明材料,来源于泰昌技术补充文件，历史位置为“专项投标文件/5.针对评审要素，需要补充的其他文件/5.2.履约风险/5.2.2.绩效评价”。当前仅用于泰昌资料人工复核，未获准进入正式标书。,"[""泰昌"", ""企业证明材料"", ""历史标书候选"", ""技术标""]",suppressed_document_page_caption,,,True,False,False,blocked,尚未通过P0-06人工批准,0.45,assets/template_words/技术补充文件.docx,（二）专项投标文件/5.针对评审要素，需要补充的其他文件/5.2.履约风险/5.2.2.绩效评价,c5c5834160292cdc376e8c7300e84a311a1cd3d2b6c052d3faf66d8afc996cc9,c5c5834160292cdc376e8c7300e84a311a1cd3d2b6c052d3faf66d8afc996cc9
technical-media-0038,technical,media,53,new,未发现重复，仍需审核,河北泰昌电力器材科技有限公司,河北泰昌电力器材科技有限公司,mixed_historical_bid,product_library,产品库资料,enterprise_evidence,企业证明材料,[],泰昌企业资料,"[""技术标""]","[""专项投标文件/5.针对评审要素，需要补充的其他文件/5.2.履约风险/5.2.2.绩效评价""]",tender_scoring_derived,needs_review,internal,企业内部资料,review_only,仅限人工复核,needs_customer_confirmation,需要客户确认,泰昌企业证明材料历史候选第53页,泰昌技术补充文件,泰昌技术补充文件,企业证明材料,来源于泰昌技术补充文件，历史位置为“专项投标文件/5.针对评审要素，需要补充的其他文件/5.2.履约风险/5.2.2.绩效评价”。当前仅用于泰昌资料人工复核，未获准进入正式标书。,"[""泰昌"", ""企业证明材料"", ""历史标书候选"", ""技术标""]",suppressed_document_page_caption,,,True,False,False,blocked,尚未通过P0-06人工批准,0.45,assets/template_words/技术补充文件.docx,（二）专项投标文件/5.针对评审要素，需要补充的其他文件/5.2.履约风险/5.2.2.绩效评价,7238d24775514d27941f55c7130f22822ef9369336d0315343d360d48c0a7e47,7238d24775514d27941f55c7130f22822ef9369336d0315343d360d48c0a7e47
technical-chapter-027,technical,chapter,54,new,未发现重复，仍需审核,河北泰昌电力器材科技有限公司,河北泰昌电力器材科技有限公司,mixed_historical_bid,reference_template_library,历史参考资料,historical_structure_reference,历史目录结构参考,[],泰昌企业资料,"[""技术标""]","[""专项投标文件/5.针对评审要素，需要补充的其他文件/5.3.绿色低碳生产及绿色回收""]",tender_scoring_derived,needs_review,internal,企业内部资料,review_only,仅限人工复核,not_asset_reference,非资产结构参考,泰昌技术标历史目录参考：专项投标文件/5.针对评审要素，需要补充的其他文件/5.3.绿色低碳生产及绿色回收,泰昌技术补充文件,泰昌技术补充文件,历史目录结构参考,来源于泰昌技术补充文件，历史位置为“专项投标文件/5.针对评审要素，需要补充的其他文件/5.3.绿色低碳生产及绿色回收”。当前仅用于泰昌资料人工复核，未获准进入正式标书。,"[""泰昌"", ""历史目录结构参考"", ""历史标书候选"", ""技术标""]",suppressed_document_page_caption,,,False,False,False,blocked,尚未通过P0-06人工批准,1.0,assets/template_words/技术补充文件.docx,（二）专项投标文件/5.针对评审要素，需要补充的其他文件/5.3.绿色低碳生产及绿色回收,a54280a5a2bfe3ac514237cca16635734f929fce205c199cc151308dbe05c3f6,
technical-chapter-028,technical,chapter,54,new,未发现重复，仍需审核,河北泰昌电力器材科技有限公司,河北泰昌电力器材科技有限公司,mixed_historical_bid,reference_template_library,历史参考资料,historical_structure_reference,历史目录结构参考,[],泰昌企业资料,"[""技术标""]","[""专项投标文件/5.针对评审要素，需要补充的其他文件/5.3.绿色低碳生产及绿色回收/5.3.1.建立了绿色生产""]",tender_scoring_derived,needs_review,internal,企业内部资料,review_only,仅限人工复核,not_asset_reference,非资产结构参考,泰昌技术标历史目录参考：专项投标文件/5.针对评审要素，需要补充的其他文件/5.3.绿色低碳生产及绿色回收/5.3.1.建立了绿色生产,泰昌技术补充文件,泰昌技术补充文件,历史目录结构参考,来源于泰昌技术补充文件，历史位置为“专项投标文件/5.针对评审要素，需要补充的其他文件/5.3.绿色低碳生产及绿色回收/5.3.1.建立了绿色生产”。当前仅用于泰昌资料人工复核，未获准进入正式标书。,"[""泰昌"", ""历史目录结构参考"", ""历史标书候选"", ""技术标""]",suppressed_document_page_caption,,,False,False,False,blocked,尚未通过P0-06人工批准,1.0,assets/template_words/技术补充文件.docx,（二）专项投标文件/5.针对评审要素，需要补充的其他文件/5.3.绿色低碳生产及绿色回收/5.3.1.建立了绿色生产,af24f82c4cff7e42b295069b0ed2fe89ed92b95f42e67da910d479f77b0baad9,
technical-chapter-029,technical,chapter,54,new,未发现重复，仍需审核,河北泰昌电力器材科技有限公司,河北泰昌电力器材科技有限公司,mixed_historical_bid,reference_template_library,历史参考资料,historical_structure_reference,历史目录结构参考,[],泰昌企业资料,"[""技术标""]","[""专项投标文件/5.针对评审要素，需要补充的其他文件/5.3.绿色低碳生产及绿色回收/5.3.1.建立了绿色生产/5.3.1.1.ESG(环境、社会、公司治理)报告""]",tender_scoring_derived,needs_review,internal,企业内部资料,review_only,仅限人工复核,not_asset_reference,非资产结构参考,泰昌技术标历史目录参考：专项投标文件/5.针对评审要素，需要补充的其他文件/5.3.绿色低碳生产及绿色回收/5.3.1.建立了绿色生产/5.3.1.1.ESG(环境、社会、公司治理)报告,泰昌技术补充文件,泰昌技术补充文件,历史目录结构参考,来源于泰昌技术补充文件，历史位置为“专项投标文件/5.针对评审要素，需要补充的其他文件/5.3.绿色低碳生产及绿色回收/5.3.1.建立了绿色生产/5.3.1.1.ESG(环境、社会、公司治理)报告”。当前仅用于泰昌资料人工复核，未获准进入正式标书。,"[""泰昌"", ""历史目录结构参考"", ""历史标书候选"", ""技术标""]",suppressed_document_page_caption,,,False,False,False,blocked,尚未通过P0-06人工批准,1.0,assets/template_words/技术补充文件.docx,（二）专项投标文件/5.针对评审要素，需要补充的其他文件/5.3.绿色低碳生产及绿色回收/5.3.1.建立了绿色生产/5.3.1.1.ESG(环境、社会、公司治理)报告,6d8a1bb5c1d843d293f18a59fbe429e99d11ca3a7608131386cbd3a43474b666,
technical-media-0039,technical,media,54,new,未发现重复，仍需审核,河北泰昌电力器材科技有限公司,河北泰昌电力器材科技有限公司,mixed_historical_bid,product_library,产品库资料,green_low_carbon,绿色低碳资料,[],泰昌企业资料,"[""技术标""]","[""专项投标文件/5.针对评审要素，需要补充的其他文件/5.3.绿色低碳生产及绿色回收/5.3.1.建立了绿色生产/5.3.1.1.ESG(环境、社会、公司治理)报告""]",tender_scoring_derived,needs_review,internal,企业内部资料,review_only,仅限人工复核,needs_customer_confirmation,需要客户确认,泰昌绿色低碳资料历史候选第54页,泰昌技术补充文件,泰昌技术补充文件,绿色低碳资料,来源于泰昌技术补充文件，历史位置为“专项投标文件/5.针对评审要素，需要补充的其他文件/5.3.绿色低碳生产及绿色回收/5.3.1.建立了绿色生产/5.3.1.1.ESG(环境、社会、公司治理)报告”。当前仅用于泰昌资料人工复核，未获准进入正式标书。,"[""泰昌"", ""绿色低碳资料"", ""历史标书候选"", ""技术标""]",formal_material_caption,资料：泰昌绿色低碳资料,,True,False,False,blocked,尚未通过P0-06人工批准,0.9,assets/template_words/技术补充文件.docx,（二）专项投标文件/5.针对评审要素，需要补充的其他文件/5.3.绿色低碳生产及绿色回收/5.3.1.建立了绿色生产/5.3.1.1.ESG(环境、社会、公司治理)报告,b53ba493193200c68f5bd1e70bcac88fe17f08abfe67931db02f1d580754ec86,b53ba493193200c68f5bd1e70bcac88fe17f08abfe67931db02f1d580754ec86
technical-media-0040,technical,media,54,possible_visual_duplicate,视觉疑似重复,河北泰昌电力器材科技有限公司,河北泰昌电力器材科技有限公司,mixed_historical_bid,product_library,产品库资料,green_low_carbon,绿色低碳资料,[],泰昌企业资料,"[""技术标""]","[""专项投标文件/5.针对评审要素，需要补充的其他文件/5.3.绿色低碳生产及绿色回收/5.3.1.建立了绿色生产/5.3.1.1.ESG(环境、社会、公司治理)报告""]",tender_scoring_derived,needs_review,internal,企业内部资料,review_only,仅限人工复核,needs_manual_review,需要人工复核,泰昌绿色低碳资料历史候选第54页,泰昌技术补充文件,泰昌技术补充文件,绿色低碳资料,来源于泰昌技术补充文件，历史位置为“专项投标文件/5.针对评审要素，需要补充的其他文件/5.3.绿色低碳生产及绿色回收/5.3.1.建立了绿色生产/5.3.1.1.ESG(环境、社会、公司治理)报告”。当前仅用于泰昌资料人工复核，未获准进入正式标书。,"[""泰昌"", ""绿色低碳资料"", ""历史标书候选"", ""技术标""]",formal_material_caption,资料：泰昌绿色低碳资料,taichang-visual-review-a4fbd2eda222cc20e9f4,True,False,False,blocked,尚未通过P0-06人工批准,0.9,assets/template_words/技术补充文件.docx,（二）专项投标文件/5.针对评审要素，需要补充的其他文件/5.3.绿色低碳生产及绿色回收/5.3.1.建立了绿色生产/5.3.1.1.ESG(环境、社会、公司治理)报告,027b9fe7e02841a1f1da4e6fb6dea49baf56ae9b55cb6583120f5778c931666f,027b9fe7e02841a1f1da4e6fb6dea49baf56ae9b55cb6583120f5778c931666f
technical-media-0041,technical,media,54,possible_visual_duplicate,视觉疑似重复,河北泰昌电力器材科技有限公司,河北泰昌电力器材科技有限公司,mixed_historical_bid,product_library,产品库资料,green_low_carbon,绿色低碳资料,[],泰昌企业资料,"[""技术标""]","[""专项投标文件/5.针对评审要素，需要补充的其他文件/5.3.绿色低碳生产及绿色回收/5.3.1.建立了绿色生产/5.3.1.1.ESG(环境、社会、公司治理)报告""]",tender_scoring_derived,needs_review,internal,企业内部资料,review_only,仅限人工复核,needs_manual_review,需要人工复核,泰昌绿色低碳资料历史候选第54页,泰昌技术补充文件,泰昌技术补充文件,绿色低碳资料,来源于泰昌技术补充文件，历史位置为“专项投标文件/5.针对评审要素，需要补充的其他文件/5.3.绿色低碳生产及绿色回收/5.3.1.建立了绿色生产/5.3.1.1.ESG(环境、社会、公司治理)报告”。当前仅用于泰昌资料人工复核，未获准进入正式标书。,"[""泰昌"", ""绿色低碳资料"", ""历史标书候选"", ""技术标""]",formal_material_caption,资料：泰昌绿色低碳资料,taichang-visual-review-d206438a771df7ba7ff5,True,False,False,blocked,尚未通过P0-06人工批准,0.9,assets/template_words/技术补充文件.docx,（二）专项投标文件/5.针对评审要素，需要补充的其他文件/5.3.绿色低碳生产及绿色回收/5.3.1.建立了绿色生产/5.3.1.1.ESG(环境、社会、公司治理)报告,54b32e1aef1777a16a51ed6bf82304ee9e161240d910cdda04c2639ecc754d55,54b32e1aef1777a16a51ed6bf82304ee9e161240d910cdda04c2639ecc754d55
technical-media-0042,technical,media,54,possible_visual_duplicate,视觉疑似重复,河北泰昌电力器材科技有限公司,河北泰昌电力器材科技有限公司,mixed_historical_bid,product_library,产品库资料,green_low_carbon,绿色低碳资料,[],泰昌企业资料,"[""技术标""]","[""专项投标文件/5.针对评审要素，需要补充的其他文件/5.3.绿色低碳生产及绿色回收/5.3.1.建立了绿色生产/5.3.1.1.ESG(环境、社会、公司治理)报告""]",tender_scoring_derived,needs_review,internal,企业内部资料,review_only,仅限人工复核,needs_manual_review,需要人工复核,泰昌绿色低碳资料历史候选第54页,泰昌技术补充文件,泰昌技术补充文件,绿色低碳资料,来源于泰昌技术补充文件，历史位置为“专项投标文件/5.针对评审要素，需要补充的其他文件/5.3.绿色低碳生产及绿色回收/5.3.1.建立了绿色生产/5.3.1.1.ESG(环境、社会、公司治理)报告”。当前仅用于泰昌资料人工复核，未获准进入正式标书。,"[""泰昌"", ""绿色低碳资料"", ""历史标书候选"", ""技术标""]",formal_material_caption,资料：泰昌绿色低碳资料,taichang-visual-review-41a228e1c2dc45ac87e9,True,False,False,blocked,尚未通过P0-06人工批准,0.9,assets/template_words/技术补充文件.docx,（二）专项投标文件/5.针对评审要素，需要补充的其他文件/5.3.绿色低碳生产及绿色回收/5.3.1.建立了绿色生产/5.3.1.1.ESG(环境、社会、公司治理)报告,53c1ea1e43c7f66fdb7fa67da802273918295004e46361c837a721c211939294,53c1ea1e43c7f66fdb7fa67da802273918295004e46361c837a721c211939294
technical-media-0043,technical,media,54,possible_visual_duplicate,视觉疑似重复,河北泰昌电力器材科技有限公司,河北泰昌电力器材科技有限公司,mixed_historical_bid,product_library,产品库资料,green_low_carbon,绿色低碳资料,[],泰昌企业资料,"[""技术标""]","[""专项投标文件/5.针对评审要素，需要补充的其他文件/5.3.绿色低碳生产及绿色回收/5.3.1.建立了绿色生产/5.3.1.1.ESG(环境、社会、公司治理)报告""]",tender_scoring_derived,needs_review,internal,企业内部资料,review_only,仅限人工复核,needs_manual_review,需要人工复核,泰昌绿色低碳资料历史候选第54页,泰昌技术补充文件,泰昌技术补充文件,绿色低碳资料,来源于泰昌技术补充文件，历史位置为“专项投标文件/5.针对评审要素，需要补充的其他文件/5.3.绿色低碳生产及绿色回收/5.3.1.建立了绿色生产/5.3.1.1.ESG(环境、社会、公司治理)报告”。当前仅用于泰昌资料人工复核，未获准进入正式标书。,"[""泰昌"", ""绿色低碳资料"", ""历史标书候选"", ""技术标""]",formal_material_caption,资料：泰昌绿色低碳资料,taichang-visual-review-3ce2855a69a79b558bf1,True,False,False,blocked,尚未通过P0-06人工批准,0.9,assets/template_words/技术补充文件.docx,（二）专项投标文件/5.针对评审要素，需要补充的其他文件/5.3.绿色低碳生产及绿色回收/5.3.1.建立了绿色生产/5.3.1.1.ESG(环境、社会、公司治理)报告,7676bfeb9066442e3b80ff6f21f0c4ec2e80d5c22d4a0c6c4a9d6fa0bd0605d6,7676bfeb9066442e3b80ff6f21f0c4ec2e80d5c22d4a0c6c4a9d6fa0bd0605d6
technical-media-0044,technical,media,54,possible_visual_duplicate,视觉疑似重复,河北泰昌电力器材科技有限公司,河北泰昌电力器材科技有限公司,mixed_historical_bid,product_library,产品库资料,green_low_carbon,绿色低碳资料,[],泰昌企业资料,"[""技术标""]","[""专项投标文件/5.针对评审要素，需要补充的其他文件/5.3.绿色低碳生产及绿色回收/5.3.1.建立了绿色生产/5.3.1.1.ESG(环境、社会、公司治理)报告""]",tender_scoring_derived,needs_review,internal,企业内部资料,review_only,仅限人工复核,needs_manual_review,需要人工复核,泰昌绿色低碳资料历史候选第54页,泰昌技术补充文件,泰昌技术补充文件,绿色低碳资料,来源于泰昌技术补充文件，历史位置为“专项投标文件/5.针对评审要素，需要补充的其他文件/5.3.绿色低碳生产及绿色回收/5.3.1.建立了绿色生产/5.3.1.1.ESG(环境、社会、公司治理)报告”。当前仅用于泰昌资料人工复核，未获准进入正式标书。,"[""泰昌"", ""绿色低碳资料"", ""历史标书候选"", ""技术标""]",formal_material_caption,资料：泰昌绿色低碳资料,taichang-visual-review-ae6c41ef7e21501fb827,True,False,False,blocked,尚未通过P0-06人工批准,0.9,assets/template_words/技术补充文件.docx,（二）专项投标文件/5.针对评审要素，需要补充的其他文件/5.3.绿色低碳生产及绿色回收/5.3.1.建立了绿色生产/5.3.1.1.ESG(环境、社会、公司治理)报告,188723a2fdb768419740a4712cfe0997efe269004187a30133c97ec5c255b818,188723a2fdb768419740a4712cfe0997efe269004187a30133c97ec5c255b818
technical-media-0045,technical,media,54,possible_visual_duplicate,视觉疑似重复,河北泰昌电力器材科技有限公司,河北泰昌电力器材科技有限公司,mixed_historical_bid,product_library,产品库资料,green_low_carbon,绿色低碳资料,[],泰昌企业资料,"[""技术标""]","[""专项投标文件/5.针对评审要素，需要补充的其他文件/5.3.绿色低碳生产及绿色回收/5.3.1.建立了绿色生产/5.3.1.1.ESG(环境、社会、公司治理)报告""]",tender_scoring_derived,needs_review,internal,企业内部资料,review_only,仅限人工复核,needs_manual_review,需要人工复核,泰昌绿色低碳资料历史候选第54页,泰昌技术补充文件,泰昌技术补充文件,绿色低碳资料,来源于泰昌技术补充文件，历史位置为“专项投标文件/5.针对评审要素，需要补充的其他文件/5.3.绿色低碳生产及绿色回收/5.3.1.建立了绿色生产/5.3.1.1.ESG(环境、社会、公司治理)报告”。当前仅用于泰昌资料人工复核，未获准进入正式标书。,"[""泰昌"", ""绿色低碳资料"", ""历史标书候选"", ""技术标""]",formal_material_caption,资料：泰昌绿色低碳资料,taichang-visual-review-94d6b48c16a4caf978ca,True,False,False,blocked,尚未通过P0-06人工批准,0.9,assets/template_words/技术补充文件.docx,（二）专项投标文件/5.针对评审要素，需要补充的其他文件/5.3.绿色低碳生产及绿色回收/5.3.1.建立了绿色生产/5.3.1.1.ESG(环境、社会、公司治理)报告,a0d028f62ad5d102213a2cfa528118bafd75815733c00c180a6039df16691ddb,a0d028f62ad5d102213a2cfa528118bafd75815733c00c180a6039df16691ddb
technical-media-0046,technical,media,54,possible_visual_duplicate,视觉疑似重复,河北泰昌电力器材科技有限公司,河北泰昌电力器材科技有限公司,mixed_historical_bid,product_library,产品库资料,green_low_carbon,绿色低碳资料,[],泰昌企业资料,"[""技术标""]","[""专项投标文件/5.针对评审要素，需要补充的其他文件/5.3.绿色低碳生产及绿色回收/5.3.1.建立了绿色生产/5.3.1.1.ESG(环境、社会、公司治理)报告""]",tender_scoring_derived,needs_review,internal,企业内部资料,review_only,仅限人工复核,needs_manual_review,需要人工复核,泰昌绿色低碳资料历史候选第54页,泰昌技术补充文件,泰昌技术补充文件,绿色低碳资料,来源于泰昌技术补充文件，历史位置为“专项投标文件/5.针对评审要素，需要补充的其他文件/5.3.绿色低碳生产及绿色回收/5.3.1.建立了绿色生产/5.3.1.1.ESG(环境、社会、公司治理)报告”。当前仅用于泰昌资料人工复核，未获准进入正式标书。,"[""泰昌"", ""绿色低碳资料"", ""历史标书候选"", ""技术标""]",formal_material_caption,资料：泰昌绿色低碳资料,taichang-visual-review-f1d8b503823a66d1cf68,True,False,False,blocked,尚未通过P0-06人工批准,0.9,assets/template_words/技术补充文件.docx,（二）专项投标文件/5.针对评审要素，需要补充的其他文件/5.3.绿色低碳生产及绿色回收/5.3.1.建立了绿色生产/5.3.1.1.ESG(环境、社会、公司治理)报告,22b77010820ac4f3b956e3fe20b782e1012b2057c371ddf9c54de82fbaab6c8d,22b77010820ac4f3b956e3fe20b782e1012b2057c371ddf9c54de82fbaab6c8d
technical-media-0047,technical,media,54,possible_visual_duplicate,视觉疑似重复,河北泰昌电力器材科技有限公司,河北泰昌电力器材科技有限公司,mixed_historical_bid,product_library,产品库资料,green_low_carbon,绿色低碳资料,[],泰昌企业资料,"[""技术标""]","[""专项投标文件/5.针对评审要素，需要补充的其他文件/5.3.绿色低碳生产及绿色回收/5.3.1.建立了绿色生产/5.3.1.1.ESG(环境、社会、公司治理)报告""]",tender_scoring_derived,needs_review,internal,企业内部资料,review_only,仅限人工复核,needs_manual_review,需要人工复核,泰昌绿色低碳资料历史候选第54页,泰昌技术补充文件,泰昌技术补充文件,绿色低碳资料,来源于泰昌技术补充文件，历史位置为“专项投标文件/5.针对评审要素，需要补充的其他文件/5.3.绿色低碳生产及绿色回收/5.3.1.建立了绿色生产/5.3.1.1.ESG(环境、社会、公司治理)报告”。当前仅用于泰昌资料人工复核，未获准进入正式标书。,"[""泰昌"", ""绿色低碳资料"", ""历史标书候选"", ""技术标""]",formal_material_caption,资料：泰昌绿色低碳资料,taichang-visual-review-7747ebb8f73e1a22fad3,True,False,False,blocked,尚未通过P0-06人工批准,0.9,assets/template_words/技术补充文件.docx,（二）专项投标文件/5.针对评审要素，需要补充的其他文件/5.3.绿色低碳生产及绿色回收/5.3.1.建立了绿色生产/5.3.1.1.ESG(环境、社会、公司治理)报告,a161ad2bd2111efa115aa9d0ea246a4555d024c75b7e28f2b16403e53b076873,a161ad2bd2111efa115aa9d0ea246a4555d024c75b7e28f2b16403e53b076873
technical-media-0048,technical,media,54,possible_visual_duplicate,视觉疑似重复,河北泰昌电力器材科技有限公司,河北泰昌电力器材科技有限公司,mixed_historical_bid,product_library,产品库资料,green_low_carbon,绿色低碳资料,[],泰昌企业资料,"[""技术标""]","[""专项投标文件/5.针对评审要素，需要补充的其他文件/5.3.绿色低碳生产及绿色回收/5.3.1.建立了绿色生产/5.3.1.1.ESG(环境、社会、公司治理)报告""]",tender_scoring_derived,needs_review,internal,企业内部资料,review_only,仅限人工复核,needs_manual_review,需要人工复核,泰昌绿色低碳资料历史候选第54页,泰昌技术补充文件,泰昌技术补充文件,绿色低碳资料,来源于泰昌技术补充文件，历史位置为“专项投标文件/5.针对评审要素，需要补充的其他文件/5.3.绿色低碳生产及绿色回收/5.3.1.建立了绿色生产/5.3.1.1.ESG(环境、社会、公司治理)报告”。当前仅用于泰昌资料人工复核，未获准进入正式标书。,"[""泰昌"", ""绿色低碳资料"", ""历史标书候选"", ""技术标""]",formal_material_caption,资料：泰昌绿色低碳资料,taichang-visual-review-24c1f013af37786a5355,True,False,False,blocked,尚未通过P0-06人工批准,0.9,assets/template_words/技术补充文件.docx,（二）专项投标文件/5.针对评审要素，需要补充的其他文件/5.3.绿色低碳生产及绿色回收/5.3.1.建立了绿色生产/5.3.1.1.ESG(环境、社会、公司治理)报告,19e03489f3654cc41a966e920b70b7b0fe494989ecbef6180cb841b494c3ae3f,19e03489f3654cc41a966e920b70b7b0fe494989ecbef6180cb841b494c3ae3f
technical-media-0049,technical,media,54,possible_visual_duplicate,视觉疑似重复,河北泰昌电力器材科技有限公司,河北泰昌电力器材科技有限公司,mixed_historical_bid,product_library,产品库资料,green_low_carbon,绿色低碳资料,[],泰昌企业资料,"[""技术标""]","[""专项投标文件/5.针对评审要素，需要补充的其他文件/5.3.绿色低碳生产及绿色回收/5.3.1.建立了绿色生产/5.3.1.1.ESG(环境、社会、公司治理)报告""]",tender_scoring_derived,needs_review,internal,企业内部资料,review_only,仅限人工复核,needs_manual_review,需要人工复核,泰昌绿色低碳资料历史候选第54页,泰昌技术补充文件,泰昌技术补充文件,绿色低碳资料,来源于泰昌技术补充文件，历史位置为“专项投标文件/5.针对评审要素，需要补充的其他文件/5.3.绿色低碳生产及绿色回收/5.3.1.建立了绿色生产/5.3.1.1.ESG(环境、社会、公司治理)报告”。当前仅用于泰昌资料人工复核，未获准进入正式标书。,"[""泰昌"", ""绿色低碳资料"", ""历史标书候选"", ""技术标""]",formal_material_caption,资料：泰昌绿色低碳资料,taichang-visual-review-b7301da4368606383f38,True,False,False,blocked,尚未通过P0-06人工批准,0.9,assets/template_words/技术补充文件.docx,（二）专项投标文件/5.针对评审要素，需要补充的其他文件/5.3.绿色低碳生产及绿色回收/5.3.1.建立了绿色生产/5.3.1.1.ESG(环境、社会、公司治理)报告,f8f8b3192055512b072824f6725f5a432a4cf775f11b22a20c269dbe9301ea24,f8f8b3192055512b072824f6725f5a432a4cf775f11b22a20c269dbe9301ea24
technical-media-0050,technical,media,54,possible_visual_duplicate,视觉疑似重复,河北泰昌电力器材科技有限公司,河北泰昌电力器材科技有限公司,mixed_historical_bid,product_library,产品库资料,green_low_carbon,绿色低碳资料,[],泰昌企业资料,"[""技术标""]","[""专项投标文件/5.针对评审要素，需要补充的其他文件/5.3.绿色低碳生产及绿色回收/5.3.1.建立了绿色生产/5.3.1.1.ESG(环境、社会、公司治理)报告""]",tender_scoring_derived,needs_review,internal,企业内部资料,review_only,仅限人工复核,needs_manual_review,需要人工复核,泰昌绿色低碳资料历史候选第54页,泰昌技术补充文件,泰昌技术补充文件,绿色低碳资料,来源于泰昌技术补充文件，历史位置为“专项投标文件/5.针对评审要素，需要补充的其他文件/5.3.绿色低碳生产及绿色回收/5.3.1.建立了绿色生产/5.3.1.1.ESG(环境、社会、公司治理)报告”。当前仅用于泰昌资料人工复核，未获准进入正式标书。,"[""泰昌"", ""绿色低碳资料"", ""历史标书候选"", ""技术标""]",formal_material_caption,资料：泰昌绿色低碳资料,taichang-visual-review-d664cd359266047f0068,True,False,False,blocked,尚未通过P0-06人工批准,0.9,assets/template_words/技术补充文件.docx,（二）专项投标文件/5.针对评审要素，需要补充的其他文件/5.3.绿色低碳生产及绿色回收/5.3.1.建立了绿色生产/5.3.1.1.ESG(环境、社会、公司治理)报告,3ec9384927aaaaeb9bd0bb09ec1fc8b8f32298359170e7f1cfb02970ea33352d,3ec9384927aaaaeb9bd0bb09ec1fc8b8f32298359170e7f1cfb02970ea33352d
technical-media-0051,technical,media,54,possible_visual_duplicate,视觉疑似重复,河北泰昌电力器材科技有限公司,河北泰昌电力器材科技有限公司,mixed_historical_bid,product_library,产品库资料,green_low_carbon,绿色低碳资料,[],泰昌企业资料,"[""技术标""]","[""专项投标文件/5.针对评审要素，需要补充的其他文件/5.3.绿色低碳生产及绿色回收/5.3.1.建立了绿色生产/5.3.1.1.ESG(环境、社会、公司治理)报告""]",tender_scoring_derived,needs_review,internal,企业内部资料,review_only,仅限人工复核,needs_manual_review,需要人工复核,泰昌绿色低碳资料历史候选第54页,泰昌技术补充文件,泰昌技术补充文件,绿色低碳资料,来源于泰昌技术补充文件，历史位置为“专项投标文件/5.针对评审要素，需要补充的其他文件/5.3.绿色低碳生产及绿色回收/5.3.1.建立了绿色生产/5.3.1.1.ESG(环境、社会、公司治理)报告”。当前仅用于泰昌资料人工复核，未获准进入正式标书。,"[""泰昌"", ""绿色低碳资料"", ""历史标书候选"", ""技术标""]",formal_material_caption,资料：泰昌绿色低碳资料,taichang-visual-review-6bedfe9e76d34e427693,True,False,False,blocked,尚未通过P0-06人工批准,0.9,assets/template_words/技术补充文件.docx,（二）专项投标文件/5.针对评审要素，需要补充的其他文件/5.3.绿色低碳生产及绿色回收/5.3.1.建立了绿色生产/5.3.1.1.ESG(环境、社会、公司治理)报告,519687962fae6d25ca600b70624b5c118791735ebddfbeb764ee733702b39efa,519687962fae6d25ca600b70624b5c118791735ebddfbeb764ee733702b39efa
technical-media-0052,technical,media,54,possible_visual_duplicate,视觉疑似重复,河北泰昌电力器材科技有限公司,河北泰昌电力器材科技有限公司,mixed_historical_bid,product_library,产品库资料,green_low_carbon,绿色低碳资料,[],泰昌企业资料,"[""技术标""]","[""专项投标文件/5.针对评审要素，需要补充的其他文件/5.3.绿色低碳生产及绿色回收/5.3.1.建立了绿色生产/5.3.1.1.ESG(环境、社会、公司治理)报告""]",tender_scoring_derived,needs_review,internal,企业内部资料,review_only,仅限人工复核,needs_manual_review,需要人工复核,泰昌绿色低碳资料历史候选第54页,泰昌技术补充文件,泰昌技术补充文件,绿色低碳资料,来源于泰昌技术补充文件，历史位置为“专项投标文件/5.针对评审要素，需要补充的其他文件/5.3.绿色低碳生产及绿色回收/5.3.1.建立了绿色生产/5.3.1.1.ESG(环境、社会、公司治理)报告”。当前仅用于泰昌资料人工复核，未获准进入正式标书。,"[""泰昌"", ""绿色低碳资料"", ""历史标书候选"", ""技术标""]",formal_material_caption,资料：泰昌绿色低碳资料,taichang-visual-review-98370399c94a151c4051,True,False,False,blocked,尚未通过P0-06人工批准,0.9,assets/template_words/技术补充文件.docx,（二）专项投标文件/5.针对评审要素，需要补充的其他文件/5.3.绿色低碳生产及绿色回收/5.3.1.建立了绿色生产/5.3.1.1.ESG(环境、社会、公司治理)报告,f5a8e578bba7788c34bc1ecd1fcc17c7f5dc8e0c1a29c2076076d000f3962a11,f5a8e578bba7788c34bc1ecd1fcc17c7f5dc8e0c1a29c2076076d000f3962a11
technical-media-0053,technical,media,54,possible_visual_duplicate,视觉疑似重复,河北泰昌电力器材科技有限公司,河北泰昌电力器材科技有限公司,mixed_historical_bid,product_library,产品库资料,green_low_carbon,绿色低碳资料,[],泰昌企业资料,"[""技术标""]","[""专项投标文件/5.针对评审要素，需要补充的其他文件/5.3.绿色低碳生产及绿色回收/5.3.1.建立了绿色生产/5.3.1.1.ESG(环境、社会、公司治理)报告""]",tender_scoring_derived,needs_review,internal,企业内部资料,review_only,仅限人工复核,needs_manual_review,需要人工复核,泰昌绿色低碳资料历史候选第54页,泰昌技术补充文件,泰昌技术补充文件,绿色低碳资料,来源于泰昌技术补充文件，历史位置为“专项投标文件/5.针对评审要素，需要补充的其他文件/5.3.绿色低碳生产及绿色回收/5.3.1.建立了绿色生产/5.3.1.1.ESG(环境、社会、公司治理)报告”。当前仅用于泰昌资料人工复核，未获准进入正式标书。,"[""泰昌"", ""绿色低碳资料"", ""历史标书候选"", ""技术标""]",formal_material_caption,资料：泰昌绿色低碳资料,taichang-visual-review-2c010db57f66f8b040ad,True,False,False,blocked,尚未通过P0-06人工批准,0.9,assets/template_words/技术补充文件.docx,（二）专项投标文件/5.针对评审要素，需要补充的其他文件/5.3.绿色低碳生产及绿色回收/5.3.1.建立了绿色生产/5.3.1.1.ESG(环境、社会、公司治理)报告,ac859622cf6b7736c7bbd183325153d71ffb7f2ed1648510f117e8f853e89ab5,ac859622cf6b7736c7bbd183325153d71ffb7f2ed1648510f117e8f853e89ab5
technical-media-0054,technical,media,54,possible_visual_duplicate,视觉疑似重复,河北泰昌电力器材科技有限公司,河北泰昌电力器材科技有限公司,mixed_historical_bid,product_library,产品库资料,green_low_carbon,绿色低碳资料,[],泰昌企业资料,"[""技术标""]","[""专项投标文件/5.针对评审要素，需要补充的其他文件/5.3.绿色低碳生产及绿色回收/5.3.1.建立了绿色生产/5.3.1.1.ESG(环境、社会、公司治理)报告""]",tender_scoring_derived,needs_review,internal,企业内部资料,review_only,仅限人工复核,needs_manual_review,需要人工复核,泰昌绿色低碳资料历史候选第54页,泰昌技术补充文件,泰昌技术补充文件,绿色低碳资料,来源于泰昌技术补充文件，历史位置为“专项投标文件/5.针对评审要素，需要补充的其他文件/5.3.绿色低碳生产及绿色回收/5.3.1.建立了绿色生产/5.3.1.1.ESG(环境、社会、公司治理)报告”。当前仅用于泰昌资料人工复核，未获准进入正式标书。,"[""泰昌"", ""绿色低碳资料"", ""历史标书候选"", ""技术标""]",formal_material_caption,资料：泰昌绿色低碳资料,taichang-visual-review-b6fe8cffdca499d928fd,True,False,False,blocked,尚未通过P0-06人工批准,0.9,assets/template_words/技术补充文件.docx,（二）专项投标文件/5.针对评审要素，需要补充的其他文件/5.3.绿色低碳生产及绿色回收/5.3.1.建立了绿色生产/5.3.1.1.ESG(环境、社会、公司治理)报告,50699f200416f6611a01445841d4b0772aec2166d6fa46551e4a482a6a797649,50699f200416f6611a01445841d4b0772aec2166d6fa46551e4a482a6a797649
technical-media-0055,technical,media,54,possible_visual_duplicate,视觉疑似重复,河北泰昌电力器材科技有限公司,河北泰昌电力器材科技有限公司,mixed_historical_bid,product_library,产品库资料,green_low_carbon,绿色低碳资料,[],泰昌企业资料,"[""技术标""]","[""专项投标文件/5.针对评审要素，需要补充的其他文件/5.3.绿色低碳生产及绿色回收/5.3.1.建立了绿色生产/5.3.1.1.ESG(环境、社会、公司治理)报告""]",tender_scoring_derived,needs_review,internal,企业内部资料,review_only,仅限人工复核,needs_manual_review,需要人工复核,泰昌绿色低碳资料历史候选第54页,泰昌技术补充文件,泰昌技术补充文件,绿色低碳资料,来源于泰昌技术补充文件，历史位置为“专项投标文件/5.针对评审要素，需要补充的其他文件/5.3.绿色低碳生产及绿色回收/5.3.1.建立了绿色生产/5.3.1.1.ESG(环境、社会、公司治理)报告”。当前仅用于泰昌资料人工复核，未获准进入正式标书。,"[""泰昌"", ""绿色低碳资料"", ""历史标书候选"", ""技术标""]",formal_material_caption,资料：泰昌绿色低碳资料,taichang-visual-review-a632ececed8f1b8c3397,True,False,False,blocked,尚未通过P0-06人工批准,0.9,assets/template_words/技术补充文件.docx,（二）专项投标文件/5.针对评审要素，需要补充的其他文件/5.3.绿色低碳生产及绿色回收/5.3.1.建立了绿色生产/5.3.1.1.ESG(环境、社会、公司治理)报告,47dc41d6bde97f536a191c7caf19a27781169bf9a2b5c3c64c7205b71c776d50,47dc41d6bde97f536a191c7caf19a27781169bf9a2b5c3c64c7205b71c776d50
technical-media-0056,technical,media,54,possible_visual_duplicate,视觉疑似重复,河北泰昌电力器材科技有限公司,河北泰昌电力器材科技有限公司,mixed_historical_bid,product_library,产品库资料,green_low_carbon,绿色低碳资料,[],泰昌企业资料,"[""技术标""]","[""专项投标文件/5.针对评审要素，需要补充的其他文件/5.3.绿色低碳生产及绿色回收/5.3.1.建立了绿色生产/5.3.1.1.ESG(环境、社会、公司治理)报告""]",tender_scoring_derived,needs_review,internal,企业内部资料,review_only,仅限人工复核,needs_manual_review,需要人工复核,泰昌绿色低碳资料历史候选第54页,泰昌技术补充文件,泰昌技术补充文件,绿色低碳资料,来源于泰昌技术补充文件，历史位置为“专项投标文件/5.针对评审要素，需要补充的其他文件/5.3.绿色低碳生产及绿色回收/5.3.1.建立了绿色生产/5.3.1.1.ESG(环境、社会、公司治理)报告”。当前仅用于泰昌资料人工复核，未获准进入正式标书。,"[""泰昌"", ""绿色低碳资料"", ""历史标书候选"", ""技术标""]",formal_material_caption,资料：泰昌绿色低碳资料,taichang-visual-review-82da468cd96e07de8e83,True,False,False,blocked,尚未通过P0-06人工批准,0.9,assets/template_words/技术补充文件.docx,（二）专项投标文件/5.针对评审要素，需要补充的其他文件/5.3.绿色低碳生产及绿色回收/5.3.1.建立了绿色生产/5.3.1.1.ESG(环境、社会、公司治理)报告,0aad16dc138f6d5c9bf7f8088fafd64f2ffc91ecbaaf014e1c4844c237154999,0aad16dc138f6d5c9bf7f8088fafd64f2ffc91ecbaaf014e1c4844c237154999
technical-media-0057,technical,media,54,possible_visual_duplicate,视觉疑似重复,河北泰昌电力器材科技有限公司,河北泰昌电力器材科技有限公司,mixed_historical_bid,product_library,产品库资料,green_low_carbon,绿色低碳资料,[],泰昌企业资料,"[""技术标""]","[""专项投标文件/5.针对评审要素，需要补充的其他文件/5.3.绿色低碳生产及绿色回收/5.3.1.建立了绿色生产/5.3.1.1.ESG(环境、社会、公司治理)报告""]",tender_scoring_derived,needs_review,internal,企业内部资料,review_only,仅限人工复核,needs_manual_review,需要人工复核,泰昌绿色低碳资料历史候选第54页,泰昌技术补充文件,泰昌技术补充文件,绿色低碳资料,来源于泰昌技术补充文件，历史位置为“专项投标文件/5.针对评审要素，需要补充的其他文件/5.3.绿色低碳生产及绿色回收/5.3.1.建立了绿色生产/5.3.1.1.ESG(环境、社会、公司治理)报告”。当前仅用于泰昌资料人工复核，未获准进入正式标书。,"[""泰昌"", ""绿色低碳资料"", ""历史标书候选"", ""技术标""]",formal_material_caption,资料：泰昌绿色低碳资料,taichang-visual-review-65149011aa6834991a7d,True,False,False,blocked,尚未通过P0-06人工批准,0.9,assets/template_words/技术补充文件.docx,（二）专项投标文件/5.针对评审要素，需要补充的其他文件/5.3.绿色低碳生产及绿色回收/5.3.1.建立了绿色生产/5.3.1.1.ESG(环境、社会、公司治理)报告,9fa23e38de83b035aaa99cd93cd8ae90a8e3c6370bf5e7da58f3fb91b2060bd8,9fa23e38de83b035aaa99cd93cd8ae90a8e3c6370bf5e7da58f3fb91b2060bd8
technical-media-0058,technical,media,54,possible_visual_duplicate,视觉疑似重复,河北泰昌电力器材科技有限公司,河北泰昌电力器材科技有限公司,mixed_historical_bid,product_library,产品库资料,green_low_carbon,绿色低碳资料,[],泰昌企业资料,"[""技术标""]","[""专项投标文件/5.针对评审要素，需要补充的其他文件/5.3.绿色低碳生产及绿色回收/5.3.1.建立了绿色生产/5.3.1.1.ESG(环境、社会、公司治理)报告""]",tender_scoring_derived,needs_review,internal,企业内部资料,review_only,仅限人工复核,needs_manual_review,需要人工复核,泰昌绿色低碳资料历史候选第54页,泰昌技术补充文件,泰昌技术补充文件,绿色低碳资料,来源于泰昌技术补充文件，历史位置为“专项投标文件/5.针对评审要素，需要补充的其他文件/5.3.绿色低碳生产及绿色回收/5.3.1.建立了绿色生产/5.3.1.1.ESG(环境、社会、公司治理)报告”。当前仅用于泰昌资料人工复核，未获准进入正式标书。,"[""泰昌"", ""绿色低碳资料"", ""历史标书候选"", ""技术标""]",formal_material_caption,资料：泰昌绿色低碳资料,taichang-visual-review-1cfa4fecda4eccac64c9,True,False,False,blocked,尚未通过P0-06人工批准,0.9,assets/template_words/技术补充文件.docx,（二）专项投标文件/5.针对评审要素，需要补充的其他文件/5.3.绿色低碳生产及绿色回收/5.3.1.建立了绿色生产/5.3.1.1.ESG(环境、社会、公司治理)报告,ecbe4af54d4146566dc24029f6fbea4c5480d0a6aa8946d838bd359faa6bdc87,ecbe4af54d4146566dc24029f6fbea4c5480d0a6aa8946d838bd359faa6bdc87
technical-media-0059,technical,media,54,possible_visual_duplicate,视觉疑似重复,河北泰昌电力器材科技有限公司,河北泰昌电力器材科技有限公司,mixed_historical_bid,product_library,产品库资料,green_low_carbon,绿色低碳资料,[],泰昌企业资料,"[""技术标""]","[""专项投标文件/5.针对评审要素，需要补充的其他文件/5.3.绿色低碳生产及绿色回收/5.3.1.建立了绿色生产/5.3.1.1.ESG(环境、社会、公司治理)报告""]",tender_scoring_derived,needs_review,internal,企业内部资料,review_only,仅限人工复核,needs_manual_review,需要人工复核,泰昌绿色低碳资料历史候选第54页,泰昌技术补充文件,泰昌技术补充文件,绿色低碳资料,来源于泰昌技术补充文件，历史位置为“专项投标文件/5.针对评审要素，需要补充的其他文件/5.3.绿色低碳生产及绿色回收/5.3.1.建立了绿色生产/5.3.1.1.ESG(环境、社会、公司治理)报告”。当前仅用于泰昌资料人工复核，未获准进入正式标书。,"[""泰昌"", ""绿色低碳资料"", ""历史标书候选"", ""技术标""]",formal_material_caption,资料：泰昌绿色低碳资料,taichang-visual-review-825b8573f07da5b648f0,True,False,False,blocked,尚未通过P0-06人工批准,0.9,assets/template_words/技术补充文件.docx,（二）专项投标文件/5.针对评审要素，需要补充的其他文件/5.3.绿色低碳生产及绿色回收/5.3.1.建立了绿色生产/5.3.1.1.ESG(环境、社会、公司治理)报告,c2bb7eabfb0800e7b1969a3f6722e001628ec8c746a1a5bfd804a5a049a9af97,c2bb7eabfb0800e7b1969a3f6722e001628ec8c746a1a5bfd804a5a049a9af97
technical-media-0060,technical,media,54,possible_visual_duplicate,视觉疑似重复,河北泰昌电力器材科技有限公司,河北泰昌电力器材科技有限公司,mixed_historical_bid,product_library,产品库资料,green_low_carbon,绿色低碳资料,[],泰昌企业资料,"[""技术标""]","[""专项投标文件/5.针对评审要素，需要补充的其他文件/5.3.绿色低碳生产及绿色回收/5.3.1.建立了绿色生产/5.3.1.1.ESG(环境、社会、公司治理)报告""]",tender_scoring_derived,needs_review,internal,企业内部资料,review_only,仅限人工复核,needs_manual_review,需要人工复核,泰昌绿色低碳资料历史候选第54页,泰昌技术补充文件,泰昌技术补充文件,绿色低碳资料,来源于泰昌技术补充文件，历史位置为“专项投标文件/5.针对评审要素，需要补充的其他文件/5.3.绿色低碳生产及绿色回收/5.3.1.建立了绿色生产/5.3.1.1.ESG(环境、社会、公司治理)报告”。当前仅用于泰昌资料人工复核，未获准进入正式标书。,"[""泰昌"", ""绿色低碳资料"", ""历史标书候选"", ""技术标""]",formal_material_caption,资料：泰昌绿色低碳资料,taichang-visual-review-867f3ab17804ca755741,True,False,False,blocked,尚未通过P0-06人工批准,0.9,assets/template_words/技术补充文件.docx,（二）专项投标文件/5.针对评审要素，需要补充的其他文件/5.3.绿色低碳生产及绿色回收/5.3.1.建立了绿色生产/5.3.1.1.ESG(环境、社会、公司治理)报告,4970ecb2a4e6bdf4cb5d6f28aa2bddf393a7e5ab2644343d099a8f902366afb1,4970ecb2a4e6bdf4cb5d6f28aa2bddf393a7e5ab2644343d099a8f902366afb1
technical-media-0061,technical,media,54,possible_visual_duplicate,视觉疑似重复,河北泰昌电力器材科技有限公司,河北泰昌电力器材科技有限公司,mixed_historical_bid,product_library,产品库资料,green_low_carbon,绿色低碳资料,[],泰昌企业资料,"[""技术标""]","[""专项投标文件/5.针对评审要素，需要补充的其他文件/5.3.绿色低碳生产及绿色回收/5.3.1.建立了绿色生产/5.3.1.1.ESG(环境、社会、公司治理)报告""]",tender_scoring_derived,needs_review,internal,企业内部资料,review_only,仅限人工复核,needs_manual_review,需要人工复核,泰昌绿色低碳资料历史候选第54页,泰昌技术补充文件,泰昌技术补充文件,绿色低碳资料,来源于泰昌技术补充文件，历史位置为“专项投标文件/5.针对评审要素，需要补充的其他文件/5.3.绿色低碳生产及绿色回收/5.3.1.建立了绿色生产/5.3.1.1.ESG(环境、社会、公司治理)报告”。当前仅用于泰昌资料人工复核，未获准进入正式标书。,"[""泰昌"", ""绿色低碳资料"", ""历史标书候选"", ""技术标""]",formal_material_caption,资料：泰昌绿色低碳资料,taichang-visual-review-fd7c970a1d51f33e2341,True,False,False,blocked,尚未通过P0-06人工批准,0.9,assets/template_words/技术补充文件.docx,（二）专项投标文件/5.针对评审要素，需要补充的其他文件/5.3.绿色低碳生产及绿色回收/5.3.1.建立了绿色生产/5.3.1.1.ESG(环境、社会、公司治理)报告,e30ef45e1f198d56d9981b076d0bdd4eddf465ba76b2e8d1abd6abf08787bb37,e30ef45e1f198d56d9981b076d0bdd4eddf465ba76b2e8d1abd6abf08787bb37
technical-media-0062,technical,media,54,possible_visual_duplicate,视觉疑似重复,河北泰昌电力器材科技有限公司,河北泰昌电力器材科技有限公司,mixed_historical_bid,product_library,产品库资料,green_low_carbon,绿色低碳资料,[],泰昌企业资料,"[""技术标""]","[""专项投标文件/5.针对评审要素，需要补充的其他文件/5.3.绿色低碳生产及绿色回收/5.3.1.建立了绿色生产/5.3.1.1.ESG(环境、社会、公司治理)报告""]",tender_scoring_derived,needs_review,internal,企业内部资料,review_only,仅限人工复核,needs_manual_review,需要人工复核,泰昌绿色低碳资料历史候选第54页,泰昌技术补充文件,泰昌技术补充文件,绿色低碳资料,来源于泰昌技术补充文件，历史位置为“专项投标文件/5.针对评审要素，需要补充的其他文件/5.3.绿色低碳生产及绿色回收/5.3.1.建立了绿色生产/5.3.1.1.ESG(环境、社会、公司治理)报告”。当前仅用于泰昌资料人工复核，未获准进入正式标书。,"[""泰昌"", ""绿色低碳资料"", ""历史标书候选"", ""技术标""]",formal_material_caption,资料：泰昌绿色低碳资料,taichang-visual-review-647b5ee124b9d02b5837,True,False,False,blocked,尚未通过P0-06人工批准,0.9,assets/template_words/技术补充文件.docx,（二）专项投标文件/5.针对评审要素，需要补充的其他文件/5.3.绿色低碳生产及绿色回收/5.3.1.建立了绿色生产/5.3.1.1.ESG(环境、社会、公司治理)报告,7d7df167353c4e64195a430db91b1a20af85dc4708d3a136fffff2dd42a1403d,7d7df167353c4e64195a430db91b1a20af85dc4708d3a136fffff2dd42a1403d
technical-media-0063,technical,media,54,possible_visual_duplicate,视觉疑似重复,河北泰昌电力器材科技有限公司,河北泰昌电力器材科技有限公司,mixed_historical_bid,product_library,产品库资料,green_low_carbon,绿色低碳资料,[],泰昌企业资料,"[""技术标""]","[""专项投标文件/5.针对评审要素，需要补充的其他文件/5.3.绿色低碳生产及绿色回收/5.3.1.建立了绿色生产/5.3.1.1.ESG(环境、社会、公司治理)报告""]",tender_scoring_derived,needs_review,internal,企业内部资料,review_only,仅限人工复核,needs_manual_review,需要人工复核,泰昌绿色低碳资料历史候选第54页,泰昌技术补充文件,泰昌技术补充文件,绿色低碳资料,来源于泰昌技术补充文件，历史位置为“专项投标文件/5.针对评审要素，需要补充的其他文件/5.3.绿色低碳生产及绿色回收/5.3.1.建立了绿色生产/5.3.1.1.ESG(环境、社会、公司治理)报告”。当前仅用于泰昌资料人工复核，未获准进入正式标书。,"[""泰昌"", ""绿色低碳资料"", ""历史标书候选"", ""技术标""]",formal_material_caption,资料：泰昌绿色低碳资料,taichang-visual-review-ed71691c5d0f839c03cd,True,False,False,blocked,尚未通过P0-06人工批准,0.9,assets/template_words/技术补充文件.docx,（二）专项投标文件/5.针对评审要素，需要补充的其他文件/5.3.绿色低碳生产及绿色回收/5.3.1.建立了绿色生产/5.3.1.1.ESG(环境、社会、公司治理)报告,d384368f58e664b0a0d2ab5b2fb1c95d3e39e7cc36561fd8a286fb75eb120f8f,d384368f58e664b0a0d2ab5b2fb1c95d3e39e7cc36561fd8a286fb75eb120f8f
technical-media-0064,technical,media,54,possible_visual_duplicate,视觉疑似重复,河北泰昌电力器材科技有限公司,河北泰昌电力器材科技有限公司,mixed_historical_bid,product_library,产品库资料,green_low_carbon,绿色低碳资料,[],泰昌企业资料,"[""技术标""]","[""专项投标文件/5.针对评审要素，需要补充的其他文件/5.3.绿色低碳生产及绿色回收/5.3.1.建立了绿色生产/5.3.1.1.ESG(环境、社会、公司治理)报告""]",tender_scoring_derived,needs_review,internal,企业内部资料,review_only,仅限人工复核,needs_manual_review,需要人工复核,泰昌绿色低碳资料历史候选第54页,泰昌技术补充文件,泰昌技术补充文件,绿色低碳资料,来源于泰昌技术补充文件，历史位置为“专项投标文件/5.针对评审要素，需要补充的其他文件/5.3.绿色低碳生产及绿色回收/5.3.1.建立了绿色生产/5.3.1.1.ESG(环境、社会、公司治理)报告”。当前仅用于泰昌资料人工复核，未获准进入正式标书。,"[""泰昌"", ""绿色低碳资料"", ""历史标书候选"", ""技术标""]",formal_material_caption,资料：泰昌绿色低碳资料,taichang-visual-review-8ea4fcec5f19b48bd82e,True,False,False,blocked,尚未通过P0-06人工批准,0.9,assets/template_words/技术补充文件.docx,（二）专项投标文件/5.针对评审要素，需要补充的其他文件/5.3.绿色低碳生产及绿色回收/5.3.1.建立了绿色生产/5.3.1.1.ESG(环境、社会、公司治理)报告,f5ffc8858fd65ede793997e978fc99d99e582fa951efca1d4d3afa922501c87e,f5ffc8858fd65ede793997e978fc99d99e582fa951efca1d4d3afa922501c87e
technical-media-0065,technical,media,54,possible_visual_duplicate,视觉疑似重复,河北泰昌电力器材科技有限公司,河北泰昌电力器材科技有限公司,mixed_historical_bid,product_library,产品库资料,green_low_carbon,绿色低碳资料,[],泰昌企业资料,"[""技术标""]","[""专项投标文件/5.针对评审要素，需要补充的其他文件/5.3.绿色低碳生产及绿色回收/5.3.1.建立了绿色生产/5.3.1.1.ESG(环境、社会、公司治理)报告""]",tender_scoring_derived,needs_review,internal,企业内部资料,review_only,仅限人工复核,needs_manual_review,需要人工复核,泰昌绿色低碳资料历史候选第54页,泰昌技术补充文件,泰昌技术补充文件,绿色低碳资料,来源于泰昌技术补充文件，历史位置为“专项投标文件/5.针对评审要素，需要补充的其他文件/5.3.绿色低碳生产及绿色回收/5.3.1.建立了绿色生产/5.3.1.1.ESG(环境、社会、公司治理)报告”。当前仅用于泰昌资料人工复核，未获准进入正式标书。,"[""泰昌"", ""绿色低碳资料"", ""历史标书候选"", ""技术标""]",formal_material_caption,资料：泰昌绿色低碳资料,taichang-visual-review-c15723c5ee09e1e7018f,True,False,False,blocked,尚未通过P0-06人工批准,0.9,assets/template_words/技术补充文件.docx,（二）专项投标文件/5.针对评审要素，需要补充的其他文件/5.3.绿色低碳生产及绿色回收/5.3.1.建立了绿色生产/5.3.1.1.ESG(环境、社会、公司治理)报告,501de4054c85aa8765ecc623897193c049c739f6d4af29ea79bd8a1ddd49d838,501de4054c85aa8765ecc623897193c049c739f6d4af29ea79bd8a1ddd49d838
technical-media-0066,technical,media,54,possible_visual_duplicate,视觉疑似重复,河北泰昌电力器材科技有限公司,河北泰昌电力器材科技有限公司,mixed_historical_bid,product_library,产品库资料,green_low_carbon,绿色低碳资料,[],泰昌企业资料,"[""技术标""]","[""专项投标文件/5.针对评审要素，需要补充的其他文件/5.3.绿色低碳生产及绿色回收/5.3.1.建立了绿色生产/5.3.1.1.ESG(环境、社会、公司治理)报告""]",tender_scoring_derived,needs_review,internal,企业内部资料,review_only,仅限人工复核,needs_manual_review,需要人工复核,泰昌绿色低碳资料历史候选第54页,泰昌技术补充文件,泰昌技术补充文件,绿色低碳资料,来源于泰昌技术补充文件，历史位置为“专项投标文件/5.针对评审要素，需要补充的其他文件/5.3.绿色低碳生产及绿色回收/5.3.1.建立了绿色生产/5.3.1.1.ESG(环境、社会、公司治理)报告”。当前仅用于泰昌资料人工复核，未获准进入正式标书。,"[""泰昌"", ""绿色低碳资料"", ""历史标书候选"", ""技术标""]",formal_material_caption,资料：泰昌绿色低碳资料,taichang-visual-review-9dfa2b7802ed510ed355,True,False,False,blocked,尚未通过P0-06人工批准,0.9,assets/template_words/技术补充文件.docx,（二）专项投标文件/5.针对评审要素，需要补充的其他文件/5.3.绿色低碳生产及绿色回收/5.3.1.建立了绿色生产/5.3.1.1.ESG(环境、社会、公司治理)报告,6fed6f1cf1bcc90042cf7fcd7ea30ab0ef17638b90d96092656c42d57851ece4,6fed6f1cf1bcc90042cf7fcd7ea30ab0ef17638b90d96092656c42d57851ece4
technical-media-0067,technical,media,54,possible_visual_duplicate,视觉疑似重复,河北泰昌电力器材科技有限公司,河北泰昌电力器材科技有限公司,mixed_historical_bid,product_library,产品库资料,green_low_carbon,绿色低碳资料,[],泰昌企业资料,"[""技术标""]","[""专项投标文件/5.针对评审要素，需要补充的其他文件/5.3.绿色低碳生产及绿色回收/5.3.1.建立了绿色生产/5.3.1.1.ESG(环境、社会、公司治理)报告""]",tender_scoring_derived,needs_review,internal,企业内部资料,review_only,仅限人工复核,needs_manual_review,需要人工复核,泰昌绿色低碳资料历史候选第54页,泰昌技术补充文件,泰昌技术补充文件,绿色低碳资料,来源于泰昌技术补充文件，历史位置为“专项投标文件/5.针对评审要素，需要补充的其他文件/5.3.绿色低碳生产及绿色回收/5.3.1.建立了绿色生产/5.3.1.1.ESG(环境、社会、公司治理)报告”。当前仅用于泰昌资料人工复核，未获准进入正式标书。,"[""泰昌"", ""绿色低碳资料"", ""历史标书候选"", ""技术标""]",formal_material_caption,资料：泰昌绿色低碳资料,taichang-visual-review-2e3938205eccdd61ae52,True,False,False,blocked,尚未通过P0-06人工批准,0.9,assets/template_words/技术补充文件.docx,（二）专项投标文件/5.针对评审要素，需要补充的其他文件/5.3.绿色低碳生产及绿色回收/5.3.1.建立了绿色生产/5.3.1.1.ESG(环境、社会、公司治理)报告,2f19ea5f9dd00119cd15f688e46131dfdb49362c2bd6b66f02f84c3ddbda4e54,2f19ea5f9dd00119cd15f688e46131dfdb49362c2bd6b66f02f84c3ddbda4e54
technical-media-0068,technical,media,54,possible_visual_duplicate,视觉疑似重复,河北泰昌电力器材科技有限公司,河北泰昌电力器材科技有限公司,mixed_historical_bid,product_library,产品库资料,green_low_carbon,绿色低碳资料,[],泰昌企业资料,"[""技术标""]","[""专项投标文件/5.针对评审要素，需要补充的其他文件/5.3.绿色低碳生产及绿色回收/5.3.1.建立了绿色生产/5.3.1.1.ESG(环境、社会、公司治理)报告""]",tender_scoring_derived,needs_review,internal,企业内部资料,review_only,仅限人工复核,needs_manual_review,需要人工复核,泰昌绿色低碳资料历史候选第54页,泰昌技术补充文件,泰昌技术补充文件,绿色低碳资料,来源于泰昌技术补充文件，历史位置为“专项投标文件/5.针对评审要素，需要补充的其他文件/5.3.绿色低碳生产及绿色回收/5.3.1.建立了绿色生产/5.3.1.1.ESG(环境、社会、公司治理)报告”。当前仅用于泰昌资料人工复核，未获准进入正式标书。,"[""泰昌"", ""绿色低碳资料"", ""历史标书候选"", ""技术标""]",formal_material_caption,资料：泰昌绿色低碳资料,taichang-visual-review-d7478b7ad3c9608bd73c,True,False,False,blocked,尚未通过P0-06人工批准,0.9,assets/template_words/技术补充文件.docx,（二）专项投标文件/5.针对评审要素，需要补充的其他文件/5.3.绿色低碳生产及绿色回收/5.3.1.建立了绿色生产/5.3.1.1.ESG(环境、社会、公司治理)报告,e8c46e6c5b395eb98fd62963a9243ee283e792223c2f98a26f28f35009f8c059,e8c46e6c5b395eb98fd62963a9243ee283e792223c2f98a26f28f35009f8c059
technical-media-0069,technical,media,54,possible_visual_duplicate,视觉疑似重复,河北泰昌电力器材科技有限公司,河北泰昌电力器材科技有限公司,mixed_historical_bid,product_library,产品库资料,green_low_carbon,绿色低碳资料,[],泰昌企业资料,"[""技术标""]","[""专项投标文件/5.针对评审要素，需要补充的其他文件/5.3.绿色低碳生产及绿色回收/5.3.1.建立了绿色生产/5.3.1.1.ESG(环境、社会、公司治理)报告""]",tender_scoring_derived,needs_review,internal,企业内部资料,review_only,仅限人工复核,needs_manual_review,需要人工复核,泰昌绿色低碳资料历史候选第54页,泰昌技术补充文件,泰昌技术补充文件,绿色低碳资料,来源于泰昌技术补充文件，历史位置为“专项投标文件/5.针对评审要素，需要补充的其他文件/5.3.绿色低碳生产及绿色回收/5.3.1.建立了绿色生产/5.3.1.1.ESG(环境、社会、公司治理)报告”。当前仅用于泰昌资料人工复核，未获准进入正式标书。,"[""泰昌"", ""绿色低碳资料"", ""历史标书候选"", ""技术标""]",formal_material_caption,资料：泰昌绿色低碳资料,taichang-visual-review-9012386529dfe2c38e29,True,False,False,blocked,尚未通过P0-06人工批准,0.9,assets/template_words/技术补充文件.docx,（二）专项投标文件/5.针对评审要素，需要补充的其他文件/5.3.绿色低碳生产及绿色回收/5.3.1.建立了绿色生产/5.3.1.1.ESG(环境、社会、公司治理)报告,5279f545baf18cb5e7c1843ca15a17be53bbc418c7b2df3910975c3a1df20c2f,5279f545baf18cb5e7c1843ca15a17be53bbc418c7b2df3910975c3a1df20c2f
technical-media-0070,technical,media,54,possible_visual_duplicate,视觉疑似重复,河北泰昌电力器材科技有限公司,河北泰昌电力器材科技有限公司,mixed_historical_bid,product_library,产品库资料,green_low_carbon,绿色低碳资料,[],泰昌企业资料,"[""技术标""]","[""专项投标文件/5.针对评审要素，需要补充的其他文件/5.3.绿色低碳生产及绿色回收/5.3.1.建立了绿色生产/5.3.1.1.ESG(环境、社会、公司治理)报告""]",tender_scoring_derived,needs_review,internal,企业内部资料,review_only,仅限人工复核,needs_manual_review,需要人工复核,泰昌绿色低碳资料历史候选第54页,泰昌技术补充文件,泰昌技术补充文件,绿色低碳资料,来源于泰昌技术补充文件，历史位置为“专项投标文件/5.针对评审要素，需要补充的其他文件/5.3.绿色低碳生产及绿色回收/5.3.1.建立了绿色生产/5.3.1.1.ESG(环境、社会、公司治理)报告”。当前仅用于泰昌资料人工复核，未获准进入正式标书。,"[""泰昌"", ""绿色低碳资料"", ""历史标书候选"", ""技术标""]",formal_material_caption,资料：泰昌绿色低碳资料,taichang-visual-review-d275cff73a9366410337,True,False,False,blocked,尚未通过P0-06人工批准,0.9,assets/template_words/技术补充文件.docx,（二）专项投标文件/5.针对评审要素，需要补充的其他文件/5.3.绿色低碳生产及绿色回收/5.3.1.建立了绿色生产/5.3.1.1.ESG(环境、社会、公司治理)报告,67f8934f7796f71de6de9cc258257cb6f5864bd1556edbf5c3cdf57e18af4a28,67f8934f7796f71de6de9cc258257cb6f5864bd1556edbf5c3cdf57e18af4a28
technical-media-0071,technical,media,54,possible_visual_duplicate,视觉疑似重复,河北泰昌电力器材科技有限公司,河北泰昌电力器材科技有限公司,mixed_historical_bid,product_library,产品库资料,green_low_carbon,绿色低碳资料,[],泰昌企业资料,"[""技术标""]","[""专项投标文件/5.针对评审要素，需要补充的其他文件/5.3.绿色低碳生产及绿色回收/5.3.1.建立了绿色生产/5.3.1.1.ESG(环境、社会、公司治理)报告""]",tender_scoring_derived,needs_review,internal,企业内部资料,review_only,仅限人工复核,needs_manual_review,需要人工复核,泰昌绿色低碳资料历史候选第54页,泰昌技术补充文件,泰昌技术补充文件,绿色低碳资料,来源于泰昌技术补充文件，历史位置为“专项投标文件/5.针对评审要素，需要补充的其他文件/5.3.绿色低碳生产及绿色回收/5.3.1.建立了绿色生产/5.3.1.1.ESG(环境、社会、公司治理)报告”。当前仅用于泰昌资料人工复核，未获准进入正式标书。,"[""泰昌"", ""绿色低碳资料"", ""历史标书候选"", ""技术标""]",formal_material_caption,资料：泰昌绿色低碳资料,taichang-visual-review-b5d940d4456a8f8f683c,True,False,False,blocked,尚未通过P0-06人工批准,0.9,assets/template_words/技术补充文件.docx,（二）专项投标文件/5.针对评审要素，需要补充的其他文件/5.3.绿色低碳生产及绿色回收/5.3.1.建立了绿色生产/5.3.1.1.ESG(环境、社会、公司治理)报告,84d0c4d9f0c0247b21976840f5ac53da5ec7e04f69cce52d43c1346e6ad9b3b6,84d0c4d9f0c0247b21976840f5ac53da5ec7e04f69cce52d43c1346e6ad9b3b6
technical-media-0072,technical,media,54,possible_visual_duplicate,视觉疑似重复,河北泰昌电力器材科技有限公司,河北泰昌电力器材科技有限公司,mixed_historical_bid,product_library,产品库资料,green_low_carbon,绿色低碳资料,[],泰昌企业资料,"[""技术标""]","[""专项投标文件/5.针对评审要素，需要补充的其他文件/5.3.绿色低碳生产及绿色回收/5.3.1.建立了绿色生产/5.3.1.1.ESG(环境、社会、公司治理)报告""]",tender_scoring_derived,needs_review,internal,企业内部资料,review_only,仅限人工复核,needs_manual_review,需要人工复核,泰昌绿色低碳资料历史候选第54页,泰昌技术补充文件,泰昌技术补充文件,绿色低碳资料,来源于泰昌技术补充文件，历史位置为“专项投标文件/5.针对评审要素，需要补充的其他文件/5.3.绿色低碳生产及绿色回收/5.3.1.建立了绿色生产/5.3.1.1.ESG(环境、社会、公司治理)报告”。当前仅用于泰昌资料人工复核，未获准进入正式标书。,"[""泰昌"", ""绿色低碳资料"", ""历史标书候选"", ""技术标""]",formal_material_caption,资料：泰昌绿色低碳资料,taichang-visual-review-53154b8e28b842812e4e,True,False,False,blocked,尚未通过P0-06人工批准,0.9,assets/template_words/技术补充文件.docx,（二）专项投标文件/5.针对评审要素，需要补充的其他文件/5.3.绿色低碳生产及绿色回收/5.3.1.建立了绿色生产/5.3.1.1.ESG(环境、社会、公司治理)报告,fcc454fa145d64bb716006242e3a5ee9f39514d71563dec238eb627057766c52,fcc454fa145d64bb716006242e3a5ee9f39514d71563dec238eb627057766c52
technical-media-0073,technical,media,54,possible_visual_duplicate,视觉疑似重复,河北泰昌电力器材科技有限公司,河北泰昌电力器材科技有限公司,mixed_historical_bid,product_library,产品库资料,green_low_carbon,绿色低碳资料,[],泰昌企业资料,"[""技术标""]","[""专项投标文件/5.针对评审要素，需要补充的其他文件/5.3.绿色低碳生产及绿色回收/5.3.1.建立了绿色生产/5.3.1.1.ESG(环境、社会、公司治理)报告""]",tender_scoring_derived,needs_review,internal,企业内部资料,review_only,仅限人工复核,needs_manual_review,需要人工复核,泰昌绿色低碳资料历史候选第54页,泰昌技术补充文件,泰昌技术补充文件,绿色低碳资料,来源于泰昌技术补充文件，历史位置为“专项投标文件/5.针对评审要素，需要补充的其他文件/5.3.绿色低碳生产及绿色回收/5.3.1.建立了绿色生产/5.3.1.1.ESG(环境、社会、公司治理)报告”。当前仅用于泰昌资料人工复核，未获准进入正式标书。,"[""泰昌"", ""绿色低碳资料"", ""历史标书候选"", ""技术标""]",formal_material_caption,资料：泰昌绿色低碳资料,taichang-visual-review-b1e9626dd9887d372129,True,False,False,blocked,尚未通过P0-06人工批准,0.9,assets/template_words/技术补充文件.docx,（二）专项投标文件/5.针对评审要素，需要补充的其他文件/5.3.绿色低碳生产及绿色回收/5.3.1.建立了绿色生产/5.3.1.1.ESG(环境、社会、公司治理)报告,d7f85b7c051cae9048e229d60841833f24b1a6fb662494c6d8cf25db217c86a0,d7f85b7c051cae9048e229d60841833f24b1a6fb662494c6d8cf25db217c86a0
technical-media-0074,technical,media,54,possible_visual_duplicate,视觉疑似重复,河北泰昌电力器材科技有限公司,河北泰昌电力器材科技有限公司,mixed_historical_bid,product_library,产品库资料,green_low_carbon,绿色低碳资料,[],泰昌企业资料,"[""技术标""]","[""专项投标文件/5.针对评审要素，需要补充的其他文件/5.3.绿色低碳生产及绿色回收/5.3.1.建立了绿色生产/5.3.1.1.ESG(环境、社会、公司治理)报告""]",tender_scoring_derived,needs_review,internal,企业内部资料,review_only,仅限人工复核,needs_manual_review,需要人工复核,泰昌绿色低碳资料历史候选第54页,泰昌技术补充文件,泰昌技术补充文件,绿色低碳资料,来源于泰昌技术补充文件，历史位置为“专项投标文件/5.针对评审要素，需要补充的其他文件/5.3.绿色低碳生产及绿色回收/5.3.1.建立了绿色生产/5.3.1.1.ESG(环境、社会、公司治理)报告”。当前仅用于泰昌资料人工复核，未获准进入正式标书。,"[""泰昌"", ""绿色低碳资料"", ""历史标书候选"", ""技术标""]",formal_material_caption,资料：泰昌绿色低碳资料,taichang-visual-review-ddbd67f48198571a2b5b,True,False,False,blocked,尚未通过P0-06人工批准,0.9,assets/template_words/技术补充文件.docx,（二）专项投标文件/5.针对评审要素，需要补充的其他文件/5.3.绿色低碳生产及绿色回收/5.3.1.建立了绿色生产/5.3.1.1.ESG(环境、社会、公司治理)报告,02cc8a3c0a5347efcebd1f8229a4383cdfa8bce4ef659b9b32b9aa1b977142c1,02cc8a3c0a5347efcebd1f8229a4383cdfa8bce4ef659b9b32b9aa1b977142c1
technical-media-0075,technical,media,54,new,未发现重复，仍需审核,河北泰昌电力器材科技有限公司,河北泰昌电力器材科技有限公司,mixed_historical_bid,product_library,产品库资料,green_low_carbon,绿色低碳资料,[],泰昌企业资料,"[""技术标""]","[""专项投标文件/5.针对评审要素，需要补充的其他文件/5.3.绿色低碳生产及绿色回收/5.3.1.建立了绿色生产/5.3.1.1.ESG(环境、社会、公司治理)报告""]",tender_scoring_derived,needs_review,internal,企业内部资料,review_only,仅限人工复核,needs_customer_confirmation,需要客户确认,泰昌绿色低碳资料历史候选第54页,泰昌技术补充文件,泰昌技术补充文件,绿色低碳资料,来源于泰昌技术补充文件，历史位置为“专项投标文件/5.针对评审要素，需要补充的其他文件/5.3.绿色低碳生产及绿色回收/5.3.1.建立了绿色生产/5.3.1.1.ESG(环境、社会、公司治理)报告”。当前仅用于泰昌资料人工复核，未获准进入正式标书。,"[""泰昌"", ""绿色低碳资料"", ""历史标书候选"", ""技术标""]",formal_material_caption,资料：泰昌绿色低碳资料,,True,False,False,blocked,尚未通过P0-06人工批准,0.9,assets/template_words/技术补充文件.docx,（二）专项投标文件/5.针对评审要素，需要补充的其他文件/5.3.绿色低碳生产及绿色回收/5.3.1.建立了绿色生产/5.3.1.1.ESG(环境、社会、公司治理)报告,52560ad73352446c499e69d0ca8641b24b1898a1b933c79a07fbb5c40d89035b,52560ad73352446c499e69d0ca8641b24b1898a1b933c79a07fbb5c40d89035b
technical-media-0076,technical,media,54,new,未发现重复，仍需审核,河北泰昌电力器材科技有限公司,河北泰昌电力器材科技有限公司,mixed_historical_bid,product_library,产品库资料,green_low_carbon,绿色低碳资料,[],泰昌企业资料,"[""技术标""]","[""专项投标文件/5.针对评审要素，需要补充的其他文件/5.3.绿色低碳生产及绿色回收/5.3.1.建立了绿色生产/5.3.1.1.ESG(环境、社会、公司治理)报告""]",tender_scoring_derived,needs_review,internal,企业内部资料,review_only,仅限人工复核,needs_customer_confirmation,需要客户确认,泰昌绿色低碳资料历史候选第54页,泰昌技术补充文件,泰昌技术补充文件,绿色低碳资料,来源于泰昌技术补充文件，历史位置为“专项投标文件/5.针对评审要素，需要补充的其他文件/5.3.绿色低碳生产及绿色回收/5.3.1.建立了绿色生产/5.3.1.1.ESG(环境、社会、公司治理)报告”。当前仅用于泰昌资料人工复核，未获准进入正式标书。,"[""泰昌"", ""绿色低碳资料"", ""历史标书候选"", ""技术标""]",formal_material_caption,资料：泰昌绿色低碳资料,,True,False,False,blocked,尚未通过P0-06人工批准,0.9,assets/template_words/技术补充文件.docx,（二）专项投标文件/5.针对评审要素，需要补充的其他文件/5.3.绿色低碳生产及绿色回收/5.3.1.建立了绿色生产/5.3.1.1.ESG(环境、社会、公司治理)报告,ba88677238ebc45d33ca257b24e05beebf6b72dc5bc2893b1ba1335b68fddf06,ba88677238ebc45d33ca257b24e05beebf6b72dc5bc2893b1ba1335b68fddf06
technical-media-0077,technical,media,54,possible_visual_duplicate,视觉疑似重复,河北泰昌电力器材科技有限公司,河北泰昌电力器材科技有限公司,mixed_historical_bid,product_library,产品库资料,green_low_carbon,绿色低碳资料,[],泰昌企业资料,"[""技术标""]","[""专项投标文件/5.针对评审要素，需要补充的其他文件/5.3.绿色低碳生产及绿色回收/5.3.1.建立了绿色生产/5.3.1.1.ESG(环境、社会、公司治理)报告""]",tender_scoring_derived,needs_review,internal,企业内部资料,review_only,仅限人工复核,needs_manual_review,需要人工复核,泰昌绿色低碳资料历史候选第54页,泰昌技术补充文件,泰昌技术补充文件,绿色低碳资料,来源于泰昌技术补充文件，历史位置为“专项投标文件/5.针对评审要素，需要补充的其他文件/5.3.绿色低碳生产及绿色回收/5.3.1.建立了绿色生产/5.3.1.1.ESG(环境、社会、公司治理)报告”。当前仅用于泰昌资料人工复核，未获准进入正式标书。,"[""泰昌"", ""绿色低碳资料"", ""历史标书候选"", ""技术标""]",formal_material_caption,资料：泰昌绿色低碳资料,taichang-visual-review-5356a247ca2ad3660c1e,True,False,False,blocked,尚未通过P0-06人工批准,0.9,assets/template_words/技术补充文件.docx,（二）专项投标文件/5.针对评审要素，需要补充的其他文件/5.3.绿色低碳生产及绿色回收/5.3.1.建立了绿色生产/5.3.1.1.ESG(环境、社会、公司治理)报告,72244390c9dcaea2105a21bb02786856c196a167f8deb4f4080acbe2939b0af9,72244390c9dcaea2105a21bb02786856c196a167f8deb4f4080acbe2939b0af9
technical-chapter-030,technical,chapter,93,new,未发现重复，仍需审核,河北泰昌电力器材科技有限公司,河北泰昌电力器材科技有限公司,mixed_historical_bid,reference_template_library,历史参考资料,historical_structure_reference,历史目录结构参考,[],泰昌企业资料,"[""技术标""]","[""专项投标文件/5.针对评审要素，需要补充的其他文件/5.3.绿色低碳生产及绿色回收/5.3.1.建立了绿色生产/5.3.1.2废水、废气、废固报告""]",tender_scoring_derived,needs_review,internal,企业内部资料,review_only,仅限人工复核,not_asset_reference,非资产结构参考,泰昌技术标历史目录参考：专项投标文件/5.针对评审要素，需要补充的其他文件/5.3.绿色低碳生产及绿色回收/5.3.1.建立了绿色生产/5.3.1.2废水、废气、废固报告,泰昌技术补充文件,泰昌技术补充文件,历史目录结构参考,来源于泰昌技术补充文件，历史位置为“专项投标文件/5.针对评审要素，需要补充的其他文件/5.3.绿色低碳生产及绿色回收/5.3.1.建立了绿色生产/5.3.1.2废水、废气、废固报告”。当前仅用于泰昌资料人工复核，未获准进入正式标书。,"[""泰昌"", ""历史目录结构参考"", ""历史标书候选"", ""技术标""]",suppressed_document_page_caption,,,False,False,False,blocked,尚未通过P0-06人工批准,1.0,assets/template_words/技术补充文件.docx,（二）专项投标文件/5.针对评审要素，需要补充的其他文件/5.3.绿色低碳生产及绿色回收/5.3.1.建立了绿色生产/5.3.1.2废水、废气、废固报告,173a802485d358d01375b4e5125103457307d9b8c554341e6a053fc4da2cebdb,
technical-media-0078,technical,media,94,possible_visual_duplicate,视觉疑似重复,河北泰昌电力器材科技有限公司,河北泰昌电力器材科技有限公司,mixed_historical_bid,product_library,产品库资料,green_low_carbon,绿色低碳资料,[],泰昌企业资料,"[""技术标""]","[""专项投标文件/5.针对评审要素，需要补充的其他文件/5.3.绿色低碳生产及绿色回收/5.3.1.建立了绿色生产/5.3.1.2废水、废气、废固报告""]",tender_scoring_derived,needs_review,internal,企业内部资料,review_only,仅限人工复核,needs_manual_review,需要人工复核,泰昌绿色低碳资料历史候选第94页,泰昌技术补充文件,泰昌技术补充文件,绿色低碳资料,来源于泰昌技术补充文件，历史位置为“专项投标文件/5.针对评审要素，需要补充的其他文件/5.3.绿色低碳生产及绿色回收/5.3.1.建立了绿色生产/5.3.1.2废水、废气、废固报告”。当前仅用于泰昌资料人工复核，未获准进入正式标书。,"[""泰昌"", ""绿色低碳资料"", ""历史标书候选"", ""技术标""]",formal_material_caption,资料：泰昌绿色低碳资料,taichang-visual-review-51f8c0b4f12d7d68a7f2,True,False,False,blocked,尚未通过P0-06人工批准,0.9,assets/template_words/技术补充文件.docx,（二）专项投标文件/5.针对评审要素，需要补充的其他文件/5.3.绿色低碳生产及绿色回收/5.3.1.建立了绿色生产/5.3.1.2废水、废气、废固报告,ae963dfcf71f9799cc19dd87f0391312b42e349ada9e3e9224770aca1556108e,ae963dfcf71f9799cc19dd87f0391312b42e349ada9e3e9224770aca1556108e
technical-media-0079,technical,media,94,possible_visual_duplicate,视觉疑似重复,河北泰昌电力器材科技有限公司,河北泰昌电力器材科技有限公司,mixed_historical_bid,product_library,产品库资料,green_low_carbon,绿色低碳资料,[],泰昌企业资料,"[""技术标""]","[""专项投标文件/5.针对评审要素，需要补充的其他文件/5.3.绿色低碳生产及绿色回收/5.3.1.建立了绿色生产/5.3.1.2废水、废气、废固报告""]",tender_scoring_derived,needs_review,internal,企业内部资料,review_only,仅限人工复核,needs_manual_review,需要人工复核,泰昌绿色低碳资料历史候选第94页,泰昌技术补充文件,泰昌技术补充文件,绿色低碳资料,来源于泰昌技术补充文件，历史位置为“专项投标文件/5.针对评审要素，需要补充的其他文件/5.3.绿色低碳生产及绿色回收/5.3.1.建立了绿色生产/5.3.1.2废水、废气、废固报告”。当前仅用于泰昌资料人工复核，未获准进入正式标书。,"[""泰昌"", ""绿色低碳资料"", ""历史标书候选"", ""技术标""]",formal_material_caption,资料：泰昌绿色低碳资料,taichang-visual-review-a4fbd2eda222cc20e9f4,True,False,False,blocked,尚未通过P0-06人工批准,0.9,assets/template_words/技术补充文件.docx,（二）专项投标文件/5.针对评审要素，需要补充的其他文件/5.3.绿色低碳生产及绿色回收/5.3.1.建立了绿色生产/5.3.1.2废水、废气、废固报告,008a622e3cadaed0086bf3b694f2b4aac67f5035dc9508e3716452cc8c07ba48,008a622e3cadaed0086bf3b694f2b4aac67f5035dc9508e3716452cc8c07ba48
technical-media-0080,technical,media,94,possible_visual_duplicate,视觉疑似重复,河北泰昌电力器材科技有限公司,河北泰昌电力器材科技有限公司,mixed_historical_bid,product_library,产品库资料,green_low_carbon,绿色低碳资料,[],泰昌企业资料,"[""技术标""]","[""专项投标文件/5.针对评审要素，需要补充的其他文件/5.3.绿色低碳生产及绿色回收/5.3.1.建立了绿色生产/5.3.1.2废水、废气、废固报告""]",tender_scoring_derived,needs_review,internal,企业内部资料,review_only,仅限人工复核,needs_manual_review,需要人工复核,泰昌绿色低碳资料历史候选第94页,泰昌技术补充文件,泰昌技术补充文件,绿色低碳资料,来源于泰昌技术补充文件，历史位置为“专项投标文件/5.针对评审要素，需要补充的其他文件/5.3.绿色低碳生产及绿色回收/5.3.1.建立了绿色生产/5.3.1.2废水、废气、废固报告”。当前仅用于泰昌资料人工复核，未获准进入正式标书。,"[""泰昌"", ""绿色低碳资料"", ""历史标书候选"", ""技术标""]",formal_material_caption,资料：泰昌绿色低碳资料,taichang-visual-review-54239ce8b771de3f5335,True,False,False,blocked,尚未通过P0-06人工批准,0.9,assets/template_words/技术补充文件.docx,（二）专项投标文件/5.针对评审要素，需要补充的其他文件/5.3.绿色低碳生产及绿色回收/5.3.1.建立了绿色生产/5.3.1.2废水、废气、废固报告,7676682119e67ac95c1aa46edef7c0246cd051acdc56254f041d06148e5b3d93,7676682119e67ac95c1aa46edef7c0246cd051acdc56254f041d06148e5b3d93
technical-media-0081,technical,media,94,possible_visual_duplicate,视觉疑似重复,河北泰昌电力器材科技有限公司,河北泰昌电力器材科技有限公司,mixed_historical_bid,product_library,产品库资料,green_low_carbon,绿色低碳资料,[],泰昌企业资料,"[""技术标""]","[""专项投标文件/5.针对评审要素，需要补充的其他文件/5.3.绿色低碳生产及绿色回收/5.3.1.建立了绿色生产/5.3.1.2废水、废气、废固报告""]",tender_scoring_derived,needs_review,internal,企业内部资料,review_only,仅限人工复核,needs_manual_review,需要人工复核,泰昌绿色低碳资料历史候选第94页,泰昌技术补充文件,泰昌技术补充文件,绿色低碳资料,来源于泰昌技术补充文件，历史位置为“专项投标文件/5.针对评审要素，需要补充的其他文件/5.3.绿色低碳生产及绿色回收/5.3.1.建立了绿色生产/5.3.1.2废水、废气、废固报告”。当前仅用于泰昌资料人工复核，未获准进入正式标书。,"[""泰昌"", ""绿色低碳资料"", ""历史标书候选"", ""技术标""]",formal_material_caption,资料：泰昌绿色低碳资料,taichang-visual-review-85ba39fee376ac3a710a,True,False,False,blocked,尚未通过P0-06人工批准,0.9,assets/template_words/技术补充文件.docx,（二）专项投标文件/5.针对评审要素，需要补充的其他文件/5.3.绿色低碳生产及绿色回收/5.3.1.建立了绿色生产/5.3.1.2废水、废气、废固报告,abc124dd59231e5210b800cc45e4fd0bb257c659497319bef94bdf35abf06bf8,abc124dd59231e5210b800cc45e4fd0bb257c659497319bef94bdf35abf06bf8
technical-media-0082,technical,media,94,possible_visual_duplicate,视觉疑似重复,河北泰昌电力器材科技有限公司,河北泰昌电力器材科技有限公司,mixed_historical_bid,product_library,产品库资料,green_low_carbon,绿色低碳资料,[],泰昌企业资料,"[""技术标""]","[""专项投标文件/5.针对评审要素，需要补充的其他文件/5.3.绿色低碳生产及绿色回收/5.3.1.建立了绿色生产/5.3.1.2废水、废气、废固报告""]",tender_scoring_derived,needs_review,internal,企业内部资料,review_only,仅限人工复核,needs_manual_review,需要人工复核,泰昌绿色低碳资料历史候选第94页,泰昌技术补充文件,泰昌技术补充文件,绿色低碳资料,来源于泰昌技术补充文件，历史位置为“专项投标文件/5.针对评审要素，需要补充的其他文件/5.3.绿色低碳生产及绿色回收/5.3.1.建立了绿色生产/5.3.1.2废水、废气、废固报告”。当前仅用于泰昌资料人工复核，未获准进入正式标书。,"[""泰昌"", ""绿色低碳资料"", ""历史标书候选"", ""技术标""]",formal_material_caption,资料：泰昌绿色低碳资料,taichang-visual-review-940b7a8e513a3712784c,True,False,False,blocked,尚未通过P0-06人工批准,0.9,assets/template_words/技术补充文件.docx,（二）专项投标文件/5.针对评审要素，需要补充的其他文件/5.3.绿色低碳生产及绿色回收/5.3.1.建立了绿色生产/5.3.1.2废水、废气、废固报告,75a55052413c4c3f3f59fe2d8db711cfe85b9d3ead02cc11b7518b634d56816d,75a55052413c4c3f3f59fe2d8db711cfe85b9d3ead02cc11b7518b634d56816d
technical-media-0083,technical,media,94,possible_visual_duplicate,视觉疑似重复,河北泰昌电力器材科技有限公司,河北泰昌电力器材科技有限公司,mixed_historical_bid,product_library,产品库资料,green_low_carbon,绿色低碳资料,[],泰昌企业资料,"[""技术标""]","[""专项投标文件/5.针对评审要素，需要补充的其他文件/5.3.绿色低碳生产及绿色回收/5.3.1.建立了绿色生产/5.3.1.2废水、废气、废固报告""]",tender_scoring_derived,needs_review,internal,企业内部资料,review_only,仅限人工复核,needs_manual_review,需要人工复核,泰昌绿色低碳资料历史候选第94页,泰昌技术补充文件,泰昌技术补充文件,绿色低碳资料,来源于泰昌技术补充文件，历史位置为“专项投标文件/5.针对评审要素，需要补充的其他文件/5.3.绿色低碳生产及绿色回收/5.3.1.建立了绿色生产/5.3.1.2废水、废气、废固报告”。当前仅用于泰昌资料人工复核，未获准进入正式标书。,"[""泰昌"", ""绿色低碳资料"", ""历史标书候选"", ""技术标""]",formal_material_caption,资料：泰昌绿色低碳资料,taichang-visual-review-4d75b6705b14d23c426c,True,False,False,blocked,尚未通过P0-06人工批准,0.9,assets/template_words/技术补充文件.docx,（二）专项投标文件/5.针对评审要素，需要补充的其他文件/5.3.绿色低碳生产及绿色回收/5.3.1.建立了绿色生产/5.3.1.2废水、废气、废固报告,505574f70c8373493a09b4b45a54a0f00dc677b25d88a503d0bb18a67578dcd3,505574f70c8373493a09b4b45a54a0f00dc677b25d88a503d0bb18a67578dcd3
technical-media-0084,technical,media,94,possible_visual_duplicate,视觉疑似重复,河北泰昌电力器材科技有限公司,河北泰昌电力器材科技有限公司,mixed_historical_bid,product_library,产品库资料,green_low_carbon,绿色低碳资料,[],泰昌企业资料,"[""技术标""]","[""专项投标文件/5.针对评审要素，需要补充的其他文件/5.3.绿色低碳生产及绿色回收/5.3.1.建立了绿色生产/5.3.1.2废水、废气、废固报告""]",tender_scoring_derived,needs_review,internal,企业内部资料,review_only,仅限人工复核,needs_manual_review,需要人工复核,泰昌绿色低碳资料历史候选第94页,泰昌技术补充文件,泰昌技术补充文件,绿色低碳资料,来源于泰昌技术补充文件，历史位置为“专项投标文件/5.针对评审要素，需要补充的其他文件/5.3.绿色低碳生产及绿色回收/5.3.1.建立了绿色生产/5.3.1.2废水、废气、废固报告”。当前仅用于泰昌资料人工复核，未获准进入正式标书。,"[""泰昌"", ""绿色低碳资料"", ""历史标书候选"", ""技术标""]",formal_material_caption,资料：泰昌绿色低碳资料,taichang-visual-review-af1a4b72a8ce5e79d6cf,True,False,False,blocked,尚未通过P0-06人工批准,0.9,assets/template_words/技术补充文件.docx,（二）专项投标文件/5.针对评审要素，需要补充的其他文件/5.3.绿色低碳生产及绿色回收/5.3.1.建立了绿色生产/5.3.1.2废水、废气、废固报告,b723af831e8c1da0377ee03de1f0eaccf5f042666af713c77b0cc0fec3521fad,b723af831e8c1da0377ee03de1f0eaccf5f042666af713c77b0cc0fec3521fad
technical-media-0085,technical,media,94,possible_visual_duplicate,视觉疑似重复,河北泰昌电力器材科技有限公司,河北泰昌电力器材科技有限公司,mixed_historical_bid,product_library,产品库资料,green_low_carbon,绿色低碳资料,[],泰昌企业资料,"[""技术标""]","[""专项投标文件/5.针对评审要素，需要补充的其他文件/5.3.绿色低碳生产及绿色回收/5.3.1.建立了绿色生产/5.3.1.2废水、废气、废固报告""]",tender_scoring_derived,needs_review,internal,企业内部资料,review_only,仅限人工复核,needs_manual_review,需要人工复核,泰昌绿色低碳资料历史候选第94页,泰昌技术补充文件,泰昌技术补充文件,绿色低碳资料,来源于泰昌技术补充文件，历史位置为“专项投标文件/5.针对评审要素，需要补充的其他文件/5.3.绿色低碳生产及绿色回收/5.3.1.建立了绿色生产/5.3.1.2废水、废气、废固报告”。当前仅用于泰昌资料人工复核，未获准进入正式标书。,"[""泰昌"", ""绿色低碳资料"", ""历史标书候选"", ""技术标""]",formal_material_caption,资料：泰昌绿色低碳资料,taichang-visual-review-061b504b27bd265037c1,True,False,False,blocked,尚未通过P0-06人工批准,0.9,assets/template_words/技术补充文件.docx,（二）专项投标文件/5.针对评审要素，需要补充的其他文件/5.3.绿色低碳生产及绿色回收/5.3.1.建立了绿色生产/5.3.1.2废水、废气、废固报告,2a4552c37c164a62a9f58310079a8ac63ea59d1c3fd99252d1957b7515398b29,2a4552c37c164a62a9f58310079a8ac63ea59d1c3fd99252d1957b7515398b29
technical-media-0086,technical,media,94,possible_visual_duplicate,视觉疑似重复,河北泰昌电力器材科技有限公司,河北泰昌电力器材科技有限公司,mixed_historical_bid,product_library,产品库资料,green_low_carbon,绿色低碳资料,[],泰昌企业资料,"[""技术标""]","[""专项投标文件/5.针对评审要素，需要补充的其他文件/5.3.绿色低碳生产及绿色回收/5.3.1.建立了绿色生产/5.3.1.2废水、废气、废固报告""]",tender_scoring_derived,needs_review,internal,企业内部资料,review_only,仅限人工复核,needs_manual_review,需要人工复核,泰昌绿色低碳资料历史候选第94页,泰昌技术补充文件,泰昌技术补充文件,绿色低碳资料,来源于泰昌技术补充文件，历史位置为“专项投标文件/5.针对评审要素，需要补充的其他文件/5.3.绿色低碳生产及绿色回收/5.3.1.建立了绿色生产/5.3.1.2废水、废气、废固报告”。当前仅用于泰昌资料人工复核，未获准进入正式标书。,"[""泰昌"", ""绿色低碳资料"", ""历史标书候选"", ""技术标""]",formal_material_caption,资料：泰昌绿色低碳资料,taichang-visual-review-de66d3d0aa8f5a9c6f5a,True,False,False,blocked,尚未通过P0-06人工批准,0.9,assets/template_words/技术补充文件.docx,（二）专项投标文件/5.针对评审要素，需要补充的其他文件/5.3.绿色低碳生产及绿色回收/5.3.1.建立了绿色生产/5.3.1.2废水、废气、废固报告,caf7494483ce39fa51d197e57f56f22b62cbedc84adfc0714eda87e8c813808a,caf7494483ce39fa51d197e57f56f22b62cbedc84adfc0714eda87e8c813808a
technical-media-0087,technical,media,94,possible_visual_duplicate,视觉疑似重复,河北泰昌电力器材科技有限公司,河北泰昌电力器材科技有限公司,mixed_historical_bid,product_library,产品库资料,green_low_carbon,绿色低碳资料,[],泰昌企业资料,"[""技术标""]","[""专项投标文件/5.针对评审要素，需要补充的其他文件/5.3.绿色低碳生产及绿色回收/5.3.1.建立了绿色生产/5.3.1.2废水、废气、废固报告""]",tender_scoring_derived,needs_review,internal,企业内部资料,review_only,仅限人工复核,needs_manual_review,需要人工复核,泰昌绿色低碳资料历史候选第94页,泰昌技术补充文件,泰昌技术补充文件,绿色低碳资料,来源于泰昌技术补充文件，历史位置为“专项投标文件/5.针对评审要素，需要补充的其他文件/5.3.绿色低碳生产及绿色回收/5.3.1.建立了绿色生产/5.3.1.2废水、废气、废固报告”。当前仅用于泰昌资料人工复核，未获准进入正式标书。,"[""泰昌"", ""绿色低碳资料"", ""历史标书候选"", ""技术标""]",formal_material_caption,资料：泰昌绿色低碳资料,taichang-visual-review-f7f785dd03e46aef82ee,True,False,False,blocked,尚未通过P0-06人工批准,0.9,assets/template_words/技术补充文件.docx,（二）专项投标文件/5.针对评审要素，需要补充的其他文件/5.3.绿色低碳生产及绿色回收/5.3.1.建立了绿色生产/5.3.1.2废水、废气、废固报告,c9a1552f4a371d820af41f7c4e3b74dde3cd0c3c41364213e265b24f3c559743,c9a1552f4a371d820af41f7c4e3b74dde3cd0c3c41364213e265b24f3c559743
technical-media-0088,technical,media,94,possible_visual_duplicate,视觉疑似重复,河北泰昌电力器材科技有限公司,河北泰昌电力器材科技有限公司,mixed_historical_bid,product_library,产品库资料,green_low_carbon,绿色低碳资料,[],泰昌企业资料,"[""技术标""]","[""专项投标文件/5.针对评审要素，需要补充的其他文件/5.3.绿色低碳生产及绿色回收/5.3.1.建立了绿色生产/5.3.1.2废水、废气、废固报告""]",tender_scoring_derived,needs_review,internal,企业内部资料,review_only,仅限人工复核,needs_manual_review,需要人工复核,泰昌绿色低碳资料历史候选第94页,泰昌技术补充文件,泰昌技术补充文件,绿色低碳资料,来源于泰昌技术补充文件，历史位置为“专项投标文件/5.针对评审要素，需要补充的其他文件/5.3.绿色低碳生产及绿色回收/5.3.1.建立了绿色生产/5.3.1.2废水、废气、废固报告”。当前仅用于泰昌资料人工复核，未获准进入正式标书。,"[""泰昌"", ""绿色低碳资料"", ""历史标书候选"", ""技术标""]",formal_material_caption,资料：泰昌绿色低碳资料,taichang-visual-review-7284d60d3f310b296942,True,False,False,blocked,尚未通过P0-06人工批准,0.9,assets/template_words/技术补充文件.docx,（二）专项投标文件/5.针对评审要素，需要补充的其他文件/5.3.绿色低碳生产及绿色回收/5.3.1.建立了绿色生产/5.3.1.2废水、废气、废固报告,f22069c0d4878944fe9efc9cb8d73a0b6a9cc65d92133577fbb5380bb9d5dc50,f22069c0d4878944fe9efc9cb8d73a0b6a9cc65d92133577fbb5380bb9d5dc50
technical-media-0089,technical,media,94,possible_visual_duplicate,视觉疑似重复,河北泰昌电力器材科技有限公司,河北泰昌电力器材科技有限公司,mixed_historical_bid,product_library,产品库资料,green_low_carbon,绿色低碳资料,[],泰昌企业资料,"[""技术标""]","[""专项投标文件/5.针对评审要素，需要补充的其他文件/5.3.绿色低碳生产及绿色回收/5.3.1.建立了绿色生产/5.3.1.2废水、废气、废固报告""]",tender_scoring_derived,needs_review,internal,企业内部资料,review_only,仅限人工复核,needs_manual_review,需要人工复核,泰昌绿色低碳资料历史候选第94页,泰昌技术补充文件,泰昌技术补充文件,绿色低碳资料,来源于泰昌技术补充文件，历史位置为“专项投标文件/5.针对评审要素，需要补充的其他文件/5.3.绿色低碳生产及绿色回收/5.3.1.建立了绿色生产/5.3.1.2废水、废气、废固报告”。当前仅用于泰昌资料人工复核，未获准进入正式标书。,"[""泰昌"", ""绿色低碳资料"", ""历史标书候选"", ""技术标""]",formal_material_caption,资料：泰昌绿色低碳资料,taichang-visual-review-eee10762aebfdab59ea7,True,False,False,blocked,尚未通过P0-06人工批准,0.9,assets/template_words/技术补充文件.docx,（二）专项投标文件/5.针对评审要素，需要补充的其他文件/5.3.绿色低碳生产及绿色回收/5.3.1.建立了绿色生产/5.3.1.2废水、废气、废固报告,fc1f69aa3a7ed1b3c4fe655227ec7e5f266400c2100e8744287c0b13f0c93a14,fc1f69aa3a7ed1b3c4fe655227ec7e5f266400c2100e8744287c0b13f0c93a14
technical-media-0090,technical,media,94,new,未发现重复，仍需审核,河北泰昌电力器材科技有限公司,河北泰昌电力器材科技有限公司,mixed_historical_bid,product_library,产品库资料,green_low_carbon,绿色低碳资料,[],泰昌企业资料,"[""技术标""]","[""专项投标文件/5.针对评审要素，需要补充的其他文件/5.3.绿色低碳生产及绿色回收/5.3.1.建立了绿色生产/5.3.1.2废水、废气、废固报告""]",tender_scoring_derived,needs_review,internal,企业内部资料,review_only,仅限人工复核,needs_customer_confirmation,需要客户确认,泰昌绿色低碳资料历史候选第94页,泰昌技术补充文件,泰昌技术补充文件,绿色低碳资料,来源于泰昌技术补充文件，历史位置为“专项投标文件/5.针对评审要素，需要补充的其他文件/5.3.绿色低碳生产及绿色回收/5.3.1.建立了绿色生产/5.3.1.2废水、废气、废固报告”。当前仅用于泰昌资料人工复核，未获准进入正式标书。,"[""泰昌"", ""绿色低碳资料"", ""历史标书候选"", ""技术标""]",formal_material_caption,资料：泰昌绿色低碳资料,,True,False,False,blocked,尚未通过P0-06人工批准,0.9,assets/template_words/技术补充文件.docx,（二）专项投标文件/5.针对评审要素，需要补充的其他文件/5.3.绿色低碳生产及绿色回收/5.3.1.建立了绿色生产/5.3.1.2废水、废气、废固报告,1f3bb15d9656d616d3d11e7f4d78df842f1727604f599bbab650085cf0908c15,1f3bb15d9656d616d3d11e7f4d78df842f1727604f599bbab650085cf0908c15
technical-media-0091,technical,media,94,possible_visual_duplicate,视觉疑似重复,河北泰昌电力器材科技有限公司,河北泰昌电力器材科技有限公司,mixed_historical_bid,product_library,产品库资料,green_low_carbon,绿色低碳资料,[],泰昌企业资料,"[""技术标""]","[""专项投标文件/5.针对评审要素，需要补充的其他文件/5.3.绿色低碳生产及绿色回收/5.3.1.建立了绿色生产/5.3.1.2废水、废气、废固报告""]",tender_scoring_derived,needs_review,internal,企业内部资料,review_only,仅限人工复核,needs_manual_review,需要人工复核,泰昌绿色低碳资料历史候选第94页,泰昌技术补充文件,泰昌技术补充文件,绿色低碳资料,来源于泰昌技术补充文件，历史位置为“专项投标文件/5.针对评审要素，需要补充的其他文件/5.3.绿色低碳生产及绿色回收/5.3.1.建立了绿色生产/5.3.1.2废水、废气、废固报告”。当前仅用于泰昌资料人工复核，未获准进入正式标书。,"[""泰昌"", ""绿色低碳资料"", ""历史标书候选"", ""技术标""]",formal_material_caption,资料：泰昌绿色低碳资料,taichang-visual-review-48785276dee125bf8e39,True,False,False,blocked,尚未通过P0-06人工批准,0.9,assets/template_words/技术补充文件.docx,（二）专项投标文件/5.针对评审要素，需要补充的其他文件/5.3.绿色低碳生产及绿色回收/5.3.1.建立了绿色生产/5.3.1.2废水、废气、废固报告,7f094295686f0fc0588f41eaf94aa648b0774d46e14a3d2088ec2ba7d2e45737,7f094295686f0fc0588f41eaf94aa648b0774d46e14a3d2088ec2ba7d2e45737
technical-media-0092,technical,media,94,possible_visual_duplicate,视觉疑似重复,河北泰昌电力器材科技有限公司,河北泰昌电力器材科技有限公司,mixed_historical_bid,product_library,产品库资料,green_low_carbon,绿色低碳资料,[],泰昌企业资料,"[""技术标""]","[""专项投标文件/5.针对评审要素，需要补充的其他文件/5.3.绿色低碳生产及绿色回收/5.3.1.建立了绿色生产/5.3.1.2废水、废气、废固报告""]",tender_scoring_derived,needs_review,internal,企业内部资料,review_only,仅限人工复核,needs_manual_review,需要人工复核,泰昌绿色低碳资料历史候选第94页,泰昌技术补充文件,泰昌技术补充文件,绿色低碳资料,来源于泰昌技术补充文件，历史位置为“专项投标文件/5.针对评审要素，需要补充的其他文件/5.3.绿色低碳生产及绿色回收/5.3.1.建立了绿色生产/5.3.1.2废水、废气、废固报告”。当前仅用于泰昌资料人工复核，未获准进入正式标书。,"[""泰昌"", ""绿色低碳资料"", ""历史标书候选"", ""技术标""]",formal_material_caption,资料：泰昌绿色低碳资料,taichang-visual-review-b6fe8cffdca499d928fd,True,False,False,blocked,尚未通过P0-06人工批准,0.9,assets/template_words/技术补充文件.docx,（二）专项投标文件/5.针对评审要素，需要补充的其他文件/5.3.绿色低碳生产及绿色回收/5.3.1.建立了绿色生产/5.3.1.2废水、废气、废固报告,6abba9199af5af441b2a7f340eba83e4ebe5e4b5a57c22f9917159360f7baeba,6abba9199af5af441b2a7f340eba83e4ebe5e4b5a57c22f9917159360f7baeba
technical-media-0093,technical,media,94,possible_visual_duplicate,视觉疑似重复,河北泰昌电力器材科技有限公司,河北泰昌电力器材科技有限公司,mixed_historical_bid,product_library,产品库资料,green_low_carbon,绿色低碳资料,[],泰昌企业资料,"[""技术标""]","[""专项投标文件/5.针对评审要素，需要补充的其他文件/5.3.绿色低碳生产及绿色回收/5.3.1.建立了绿色生产/5.3.1.2废水、废气、废固报告""]",tender_scoring_derived,needs_review,internal,企业内部资料,review_only,仅限人工复核,needs_manual_review,需要人工复核,泰昌绿色低碳资料历史候选第94页,泰昌技术补充文件,泰昌技术补充文件,绿色低碳资料,来源于泰昌技术补充文件，历史位置为“专项投标文件/5.针对评审要素，需要补充的其他文件/5.3.绿色低碳生产及绿色回收/5.3.1.建立了绿色生产/5.3.1.2废水、废气、废固报告”。当前仅用于泰昌资料人工复核，未获准进入正式标书。,"[""泰昌"", ""绿色低碳资料"", ""历史标书候选"", ""技术标""]",formal_material_caption,资料：泰昌绿色低碳资料,taichang-visual-review-53ccfcd700ee171ae7cb,True,False,False,blocked,尚未通过P0-06人工批准,0.9,assets/template_words/技术补充文件.docx,（二）专项投标文件/5.针对评审要素，需要补充的其他文件/5.3.绿色低碳生产及绿色回收/5.3.1.建立了绿色生产/5.3.1.2废水、废气、废固报告,5012ac9c036ac86b2231839d13c6946d0b96015c717b3837bfc7feff2c7b3755,5012ac9c036ac86b2231839d13c6946d0b96015c717b3837bfc7feff2c7b3755
technical-media-0094,technical,media,94,possible_visual_duplicate,视觉疑似重复,河北泰昌电力器材科技有限公司,河北泰昌电力器材科技有限公司,mixed_historical_bid,product_library,产品库资料,green_low_carbon,绿色低碳资料,[],泰昌企业资料,"[""技术标""]","[""专项投标文件/5.针对评审要素，需要补充的其他文件/5.3.绿色低碳生产及绿色回收/5.3.1.建立了绿色生产/5.3.1.2废水、废气、废固报告""]",tender_scoring_derived,needs_review,internal,企业内部资料,review_only,仅限人工复核,needs_manual_review,需要人工复核,泰昌绿色低碳资料历史候选第94页,泰昌技术补充文件,泰昌技术补充文件,绿色低碳资料,来源于泰昌技术补充文件，历史位置为“专项投标文件/5.针对评审要素，需要补充的其他文件/5.3.绿色低碳生产及绿色回收/5.3.1.建立了绿色生产/5.3.1.2废水、废气、废固报告”。当前仅用于泰昌资料人工复核，未获准进入正式标书。,"[""泰昌"", ""绿色低碳资料"", ""历史标书候选"", ""技术标""]",formal_material_caption,资料：泰昌绿色低碳资料,taichang-visual-review-82fcc7b55f699ab3a862,True,False,False,blocked,尚未通过P0-06人工批准,0.9,assets/template_words/技术补充文件.docx,（二）专项投标文件/5.针对评审要素，需要补充的其他文件/5.3.绿色低碳生产及绿色回收/5.3.1.建立了绿色生产/5.3.1.2废水、废气、废固报告,83d697a931a027d98f631d86204b2527475237f72ca4100959dc4b2ae4544fed,83d697a931a027d98f631d86204b2527475237f72ca4100959dc4b2ae4544fed
technical-media-0095,technical,media,94,possible_visual_duplicate,视觉疑似重复,河北泰昌电力器材科技有限公司,河北泰昌电力器材科技有限公司,mixed_historical_bid,product_library,产品库资料,green_low_carbon,绿色低碳资料,[],泰昌企业资料,"[""技术标""]","[""专项投标文件/5.针对评审要素，需要补充的其他文件/5.3.绿色低碳生产及绿色回收/5.3.1.建立了绿色生产/5.3.1.2废水、废气、废固报告""]",tender_scoring_derived,needs_review,internal,企业内部资料,review_only,仅限人工复核,needs_manual_review,需要人工复核,泰昌绿色低碳资料历史候选第94页,泰昌技术补充文件,泰昌技术补充文件,绿色低碳资料,来源于泰昌技术补充文件，历史位置为“专项投标文件/5.针对评审要素，需要补充的其他文件/5.3.绿色低碳生产及绿色回收/5.3.1.建立了绿色生产/5.3.1.2废水、废气、废固报告”。当前仅用于泰昌资料人工复核，未获准进入正式标书。,"[""泰昌"", ""绿色低碳资料"", ""历史标书候选"", ""技术标""]",formal_material_caption,资料：泰昌绿色低碳资料,taichang-visual-review-d22222f2e42ebcd19b82,True,False,False,blocked,尚未通过P0-06人工批准,0.9,assets/template_words/技术补充文件.docx,（二）专项投标文件/5.针对评审要素，需要补充的其他文件/5.3.绿色低碳生产及绿色回收/5.3.1.建立了绿色生产/5.3.1.2废水、废气、废固报告,7e276076b1bf3e5f5d38090c8bd2f9adadbda7d9d15d3b90027b5292c1770caf,7e276076b1bf3e5f5d38090c8bd2f9adadbda7d9d15d3b90027b5292c1770caf
technical-media-0096,technical,media,94,possible_visual_duplicate,视觉疑似重复,河北泰昌电力器材科技有限公司,河北泰昌电力器材科技有限公司,mixed_historical_bid,product_library,产品库资料,green_low_carbon,绿色低碳资料,[],泰昌企业资料,"[""技术标""]","[""专项投标文件/5.针对评审要素，需要补充的其他文件/5.3.绿色低碳生产及绿色回收/5.3.1.建立了绿色生产/5.3.1.2废水、废气、废固报告""]",tender_scoring_derived,needs_review,internal,企业内部资料,review_only,仅限人工复核,needs_manual_review,需要人工复核,泰昌绿色低碳资料历史候选第94页,泰昌技术补充文件,泰昌技术补充文件,绿色低碳资料,来源于泰昌技术补充文件，历史位置为“专项投标文件/5.针对评审要素，需要补充的其他文件/5.3.绿色低碳生产及绿色回收/5.3.1.建立了绿色生产/5.3.1.2废水、废气、废固报告”。当前仅用于泰昌资料人工复核，未获准进入正式标书。,"[""泰昌"", ""绿色低碳资料"", ""历史标书候选"", ""技术标""]",formal_material_caption,资料：泰昌绿色低碳资料,taichang-visual-review-84fab749a03c95ea0121,True,False,False,blocked,尚未通过P0-06人工批准,0.9,assets/template_words/技术补充文件.docx,（二）专项投标文件/5.针对评审要素，需要补充的其他文件/5.3.绿色低碳生产及绿色回收/5.3.1.建立了绿色生产/5.3.1.2废水、废气、废固报告,52c95a4974b1987552d0e0a41ed4d07b0d53cbd4babcad29413207e43954d3d2,52c95a4974b1987552d0e0a41ed4d07b0d53cbd4babcad29413207e43954d3d2
technical-media-0097,technical,media,94,possible_visual_duplicate,视觉疑似重复,河北泰昌电力器材科技有限公司,河北泰昌电力器材科技有限公司,mixed_historical_bid,product_library,产品库资料,green_low_carbon,绿色低碳资料,[],泰昌企业资料,"[""技术标""]","[""专项投标文件/5.针对评审要素，需要补充的其他文件/5.3.绿色低碳生产及绿色回收/5.3.1.建立了绿色生产/5.3.1.2废水、废气、废固报告""]",tender_scoring_derived,needs_review,internal,企业内部资料,review_only,仅限人工复核,needs_manual_review,需要人工复核,泰昌绿色低碳资料历史候选第94页,泰昌技术补充文件,泰昌技术补充文件,绿色低碳资料,来源于泰昌技术补充文件，历史位置为“专项投标文件/5.针对评审要素，需要补充的其他文件/5.3.绿色低碳生产及绿色回收/5.3.1.建立了绿色生产/5.3.1.2废水、废气、废固报告”。当前仅用于泰昌资料人工复核，未获准进入正式标书。,"[""泰昌"", ""绿色低碳资料"", ""历史标书候选"", ""技术标""]",formal_material_caption,资料：泰昌绿色低碳资料,taichang-visual-review-432665b09a49c00cfc77,True,False,False,blocked,尚未通过P0-06人工批准,0.9,assets/template_words/技术补充文件.docx,（二）专项投标文件/5.针对评审要素，需要补充的其他文件/5.3.绿色低碳生产及绿色回收/5.3.1.建立了绿色生产/5.3.1.2废水、废气、废固报告,c2c1ed62ff99e26e54cc55d895b693d405ab00fd02d5609667a27721e8169e0a,c2c1ed62ff99e26e54cc55d895b693d405ab00fd02d5609667a27721e8169e0a
technical-media-0098,technical,media,94,possible_visual_duplicate,视觉疑似重复,河北泰昌电力器材科技有限公司,河北泰昌电力器材科技有限公司,mixed_historical_bid,product_library,产品库资料,green_low_carbon,绿色低碳资料,[],泰昌企业资料,"[""技术标""]","[""专项投标文件/5.针对评审要素，需要补充的其他文件/5.3.绿色低碳生产及绿色回收/5.3.1.建立了绿色生产/5.3.1.2废水、废气、废固报告""]",tender_scoring_derived,needs_review,internal,企业内部资料,review_only,仅限人工复核,needs_manual_review,需要人工复核,泰昌绿色低碳资料历史候选第94页,泰昌技术补充文件,泰昌技术补充文件,绿色低碳资料,来源于泰昌技术补充文件，历史位置为“专项投标文件/5.针对评审要素，需要补充的其他文件/5.3.绿色低碳生产及绿色回收/5.3.1.建立了绿色生产/5.3.1.2废水、废气、废固报告”。当前仅用于泰昌资料人工复核，未获准进入正式标书。,"[""泰昌"", ""绿色低碳资料"", ""历史标书候选"", ""技术标""]",formal_material_caption,资料：泰昌绿色低碳资料,taichang-visual-review-1768b6e3c2dab35f1d93,True,False,False,blocked,尚未通过P0-06人工批准,0.9,assets/template_words/技术补充文件.docx,（二）专项投标文件/5.针对评审要素，需要补充的其他文件/5.3.绿色低碳生产及绿色回收/5.3.1.建立了绿色生产/5.3.1.2废水、废气、废固报告,896b6e54ad4881c2024096a98d272e83897dbe16bac74ee777765c605a86ab91,896b6e54ad4881c2024096a98d272e83897dbe16bac74ee777765c605a86ab91
technical-media-0099,technical,media,94,possible_visual_duplicate,视觉疑似重复,河北泰昌电力器材科技有限公司,河北泰昌电力器材科技有限公司,mixed_historical_bid,product_library,产品库资料,green_low_carbon,绿色低碳资料,[],泰昌企业资料,"[""技术标""]","[""专项投标文件/5.针对评审要素，需要补充的其他文件/5.3.绿色低碳生产及绿色回收/5.3.1.建立了绿色生产/5.3.1.2废水、废气、废固报告""]",tender_scoring_derived,needs_review,internal,企业内部资料,review_only,仅限人工复核,needs_manual_review,需要人工复核,泰昌绿色低碳资料历史候选第94页,泰昌技术补充文件,泰昌技术补充文件,绿色低碳资料,来源于泰昌技术补充文件，历史位置为“专项投标文件/5.针对评审要素，需要补充的其他文件/5.3.绿色低碳生产及绿色回收/5.3.1.建立了绿色生产/5.3.1.2废水、废气、废固报告”。当前仅用于泰昌资料人工复核，未获准进入正式标书。,"[""泰昌"", ""绿色低碳资料"", ""历史标书候选"", ""技术标""]",formal_material_caption,资料：泰昌绿色低碳资料,taichang-visual-review-290cb8e7311fa166bcc6,True,False,False,blocked,尚未通过P0-06人工批准,0.9,assets/template_words/技术补充文件.docx,（二）专项投标文件/5.针对评审要素，需要补充的其他文件/5.3.绿色低碳生产及绿色回收/5.3.1.建立了绿色生产/5.3.1.2废水、废气、废固报告,4ae368b5a75aa330492e3c6006120acf50d37b3cd550478ebff34e1157e030e6,4ae368b5a75aa330492e3c6006120acf50d37b3cd550478ebff34e1157e030e6
technical-media-0100,technical,media,94,possible_visual_duplicate,视觉疑似重复,河北泰昌电力器材科技有限公司,河北泰昌电力器材科技有限公司,mixed_historical_bid,product_library,产品库资料,green_low_carbon,绿色低碳资料,[],泰昌企业资料,"[""技术标""]","[""专项投标文件/5.针对评审要素，需要补充的其他文件/5.3.绿色低碳生产及绿色回收/5.3.1.建立了绿色生产/5.3.1.2废水、废气、废固报告""]",tender_scoring_derived,needs_review,internal,企业内部资料,review_only,仅限人工复核,needs_manual_review,需要人工复核,泰昌绿色低碳资料历史候选第94页,泰昌技术补充文件,泰昌技术补充文件,绿色低碳资料,来源于泰昌技术补充文件，历史位置为“专项投标文件/5.针对评审要素，需要补充的其他文件/5.3.绿色低碳生产及绿色回收/5.3.1.建立了绿色生产/5.3.1.2废水、废气、废固报告”。当前仅用于泰昌资料人工复核，未获准进入正式标书。,"[""泰昌"", ""绿色低碳资料"", ""历史标书候选"", ""技术标""]",formal_material_caption,资料：泰昌绿色低碳资料,taichang-visual-review-a314c62b62deda8b46d3,True,False,False,blocked,尚未通过P0-06人工批准,0.9,assets/template_words/技术补充文件.docx,（二）专项投标文件/5.针对评审要素，需要补充的其他文件/5.3.绿色低碳生产及绿色回收/5.3.1.建立了绿色生产/5.3.1.2废水、废气、废固报告,b8f2add01f97c112665ccf459a70c292055e1a079986518e53cc85d604f42d7d,b8f2add01f97c112665ccf459a70c292055e1a079986518e53cc85d604f42d7d
technical-media-0101,technical,media,94,possible_visual_duplicate,视觉疑似重复,河北泰昌电力器材科技有限公司,河北泰昌电力器材科技有限公司,mixed_historical_bid,product_library,产品库资料,green_low_carbon,绿色低碳资料,[],泰昌企业资料,"[""技术标""]","[""专项投标文件/5.针对评审要素，需要补充的其他文件/5.3.绿色低碳生产及绿色回收/5.3.1.建立了绿色生产/5.3.1.2废水、废气、废固报告""]",tender_scoring_derived,needs_review,internal,企业内部资料,review_only,仅限人工复核,needs_manual_review,需要人工复核,泰昌绿色低碳资料历史候选第94页,泰昌技术补充文件,泰昌技术补充文件,绿色低碳资料,来源于泰昌技术补充文件，历史位置为“专项投标文件/5.针对评审要素，需要补充的其他文件/5.3.绿色低碳生产及绿色回收/5.3.1.建立了绿色生产/5.3.1.2废水、废气、废固报告”。当前仅用于泰昌资料人工复核，未获准进入正式标书。,"[""泰昌"", ""绿色低碳资料"", ""历史标书候选"", ""技术标""]",formal_material_caption,资料：泰昌绿色低碳资料,taichang-visual-review-6696ef55ee6a371d5f01,True,False,False,blocked,尚未通过P0-06人工批准,0.9,assets/template_words/技术补充文件.docx,（二）专项投标文件/5.针对评审要素，需要补充的其他文件/5.3.绿色低碳生产及绿色回收/5.3.1.建立了绿色生产/5.3.1.2废水、废气、废固报告,16f8e4105db610ef9ad1f92d563fd7fa1788542d9e9cc7c3700a1d45314a2ec3,16f8e4105db610ef9ad1f92d563fd7fa1788542d9e9cc7c3700a1d45314a2ec3
technical-media-0102,technical,media,94,possible_visual_duplicate,视觉疑似重复,河北泰昌电力器材科技有限公司,河北泰昌电力器材科技有限公司,mixed_historical_bid,product_library,产品库资料,green_low_carbon,绿色低碳资料,[],泰昌企业资料,"[""技术标""]","[""专项投标文件/5.针对评审要素，需要补充的其他文件/5.3.绿色低碳生产及绿色回收/5.3.1.建立了绿色生产/5.3.1.2废水、废气、废固报告""]",tender_scoring_derived,needs_review,internal,企业内部资料,review_only,仅限人工复核,needs_manual_review,需要人工复核,泰昌绿色低碳资料历史候选第94页,泰昌技术补充文件,泰昌技术补充文件,绿色低碳资料,来源于泰昌技术补充文件，历史位置为“专项投标文件/5.针对评审要素，需要补充的其他文件/5.3.绿色低碳生产及绿色回收/5.3.1.建立了绿色生产/5.3.1.2废水、废气、废固报告”。当前仅用于泰昌资料人工复核，未获准进入正式标书。,"[""泰昌"", ""绿色低碳资料"", ""历史标书候选"", ""技术标""]",formal_material_caption,资料：泰昌绿色低碳资料,taichang-visual-review-82fcc7b55f699ab3a862,True,False,False,blocked,尚未通过P0-06人工批准,0.9,assets/template_words/技术补充文件.docx,（二）专项投标文件/5.针对评审要素，需要补充的其他文件/5.3.绿色低碳生产及绿色回收/5.3.1.建立了绿色生产/5.3.1.2废水、废气、废固报告,b5e7e6503b048ccb870d2ab8c567dcbf1da812e0cc8ddfc1af1ec11726369712,b5e7e6503b048ccb870d2ab8c567dcbf1da812e0cc8ddfc1af1ec11726369712
technical-media-0103,technical,media,94,possible_visual_duplicate,视觉疑似重复,河北泰昌电力器材科技有限公司,河北泰昌电力器材科技有限公司,mixed_historical_bid,product_library,产品库资料,green_low_carbon,绿色低碳资料,[],泰昌企业资料,"[""技术标""]","[""专项投标文件/5.针对评审要素，需要补充的其他文件/5.3.绿色低碳生产及绿色回收/5.3.1.建立了绿色生产/5.3.1.2废水、废气、废固报告""]",tender_scoring_derived,needs_review,internal,企业内部资料,review_only,仅限人工复核,needs_manual_review,需要人工复核,泰昌绿色低碳资料历史候选第94页,泰昌技术补充文件,泰昌技术补充文件,绿色低碳资料,来源于泰昌技术补充文件，历史位置为“专项投标文件/5.针对评审要素，需要补充的其他文件/5.3.绿色低碳生产及绿色回收/5.3.1.建立了绿色生产/5.3.1.2废水、废气、废固报告”。当前仅用于泰昌资料人工复核，未获准进入正式标书。,"[""泰昌"", ""绿色低碳资料"", ""历史标书候选"", ""技术标""]",formal_material_caption,资料：泰昌绿色低碳资料,taichang-visual-review-ed71691c5d0f839c03cd,True,False,False,blocked,尚未通过P0-06人工批准,0.9,assets/template_words/技术补充文件.docx,（二）专项投标文件/5.针对评审要素，需要补充的其他文件/5.3.绿色低碳生产及绿色回收/5.3.1.建立了绿色生产/5.3.1.2废水、废气、废固报告,479898c47c7870c1d96be4afab55ba9197ae55f0dbaf9894b048c7bdc32bc2e1,479898c47c7870c1d96be4afab55ba9197ae55f0dbaf9894b048c7bdc32bc2e1
technical-media-0104,technical,media,94,possible_visual_duplicate,视觉疑似重复,河北泰昌电力器材科技有限公司,河北泰昌电力器材科技有限公司,mixed_historical_bid,product_library,产品库资料,green_low_carbon,绿色低碳资料,[],泰昌企业资料,"[""技术标""]","[""专项投标文件/5.针对评审要素，需要补充的其他文件/5.3.绿色低碳生产及绿色回收/5.3.1.建立了绿色生产/5.3.1.2废水、废气、废固报告""]",tender_scoring_derived,needs_review,internal,企业内部资料,review_only,仅限人工复核,needs_manual_review,需要人工复核,泰昌绿色低碳资料历史候选第94页,泰昌技术补充文件,泰昌技术补充文件,绿色低碳资料,来源于泰昌技术补充文件，历史位置为“专项投标文件/5.针对评审要素，需要补充的其他文件/5.3.绿色低碳生产及绿色回收/5.3.1.建立了绿色生产/5.3.1.2废水、废气、废固报告”。当前仅用于泰昌资料人工复核，未获准进入正式标书。,"[""泰昌"", ""绿色低碳资料"", ""历史标书候选"", ""技术标""]",formal_material_caption,资料：泰昌绿色低碳资料,taichang-visual-review-237de03be082f7692b2f,True,False,False,blocked,尚未通过P0-06人工批准,0.9,assets/template_words/技术补充文件.docx,（二）专项投标文件/5.针对评审要素，需要补充的其他文件/5.3.绿色低碳生产及绿色回收/5.3.1.建立了绿色生产/5.3.1.2废水、废气、废固报告,f6f6a57e66448f67112dcf237c767f9b28e4b101b68a0167edf577521429f964,f6f6a57e66448f67112dcf237c767f9b28e4b101b68a0167edf577521429f964
technical-media-0105,technical,media,94,possible_visual_duplicate,视觉疑似重复,河北泰昌电力器材科技有限公司,河北泰昌电力器材科技有限公司,mixed_historical_bid,product_library,产品库资料,green_low_carbon,绿色低碳资料,[],泰昌企业资料,"[""技术标""]","[""专项投标文件/5.针对评审要素，需要补充的其他文件/5.3.绿色低碳生产及绿色回收/5.3.1.建立了绿色生产/5.3.1.2废水、废气、废固报告""]",tender_scoring_derived,needs_review,internal,企业内部资料,review_only,仅限人工复核,needs_manual_review,需要人工复核,泰昌绿色低碳资料历史候选第94页,泰昌技术补充文件,泰昌技术补充文件,绿色低碳资料,来源于泰昌技术补充文件，历史位置为“专项投标文件/5.针对评审要素，需要补充的其他文件/5.3.绿色低碳生产及绿色回收/5.3.1.建立了绿色生产/5.3.1.2废水、废气、废固报告”。当前仅用于泰昌资料人工复核，未获准进入正式标书。,"[""泰昌"", ""绿色低碳资料"", ""历史标书候选"", ""技术标""]",formal_material_caption,资料：泰昌绿色低碳资料,taichang-visual-review-1b55d486b2ffa623cee3,True,False,False,blocked,尚未通过P0-06人工批准,0.9,assets/template_words/技术补充文件.docx,（二）专项投标文件/5.针对评审要素，需要补充的其他文件/5.3.绿色低碳生产及绿色回收/5.3.1.建立了绿色生产/5.3.1.2废水、废气、废固报告,499873f6405540c10e11678f274279f9ecd017bb9f69eecc22a291668de10c58,499873f6405540c10e11678f274279f9ecd017bb9f69eecc22a291668de10c58
technical-media-0106,technical,media,94,possible_visual_duplicate,视觉疑似重复,河北泰昌电力器材科技有限公司,河北泰昌电力器材科技有限公司,mixed_historical_bid,product_library,产品库资料,green_low_carbon,绿色低碳资料,[],泰昌企业资料,"[""技术标""]","[""专项投标文件/5.针对评审要素，需要补充的其他文件/5.3.绿色低碳生产及绿色回收/5.3.1.建立了绿色生产/5.3.1.2废水、废气、废固报告""]",tender_scoring_derived,needs_review,internal,企业内部资料,review_only,仅限人工复核,needs_manual_review,需要人工复核,泰昌绿色低碳资料历史候选第94页,泰昌技术补充文件,泰昌技术补充文件,绿色低碳资料,来源于泰昌技术补充文件，历史位置为“专项投标文件/5.针对评审要素，需要补充的其他文件/5.3.绿色低碳生产及绿色回收/5.3.1.建立了绿色生产/5.3.1.2废水、废气、废固报告”。当前仅用于泰昌资料人工复核，未获准进入正式标书。,"[""泰昌"", ""绿色低碳资料"", ""历史标书候选"", ""技术标""]",formal_material_caption,资料：泰昌绿色低碳资料,taichang-visual-review-5201c85412fa4e649d2e,True,False,False,blocked,尚未通过P0-06人工批准,0.9,assets/template_words/技术补充文件.docx,（二）专项投标文件/5.针对评审要素，需要补充的其他文件/5.3.绿色低碳生产及绿色回收/5.3.1.建立了绿色生产/5.3.1.2废水、废气、废固报告,9986821bf3488d4ae04a8f9b21c06aa8f88a5eb44d39c8c9a6f6b4c6a09ddcea,9986821bf3488d4ae04a8f9b21c06aa8f88a5eb44d39c8c9a6f6b4c6a09ddcea
technical-media-0107,technical,media,94,possible_visual_duplicate,视觉疑似重复,河北泰昌电力器材科技有限公司,河北泰昌电力器材科技有限公司,mixed_historical_bid,product_library,产品库资料,green_low_carbon,绿色低碳资料,[],泰昌企业资料,"[""技术标""]","[""专项投标文件/5.针对评审要素，需要补充的其他文件/5.3.绿色低碳生产及绿色回收/5.3.1.建立了绿色生产/5.3.1.2废水、废气、废固报告""]",tender_scoring_derived,needs_review,internal,企业内部资料,review_only,仅限人工复核,needs_manual_review,需要人工复核,泰昌绿色低碳资料历史候选第94页,泰昌技术补充文件,泰昌技术补充文件,绿色低碳资料,来源于泰昌技术补充文件，历史位置为“专项投标文件/5.针对评审要素，需要补充的其他文件/5.3.绿色低碳生产及绿色回收/5.3.1.建立了绿色生产/5.3.1.2废水、废气、废固报告”。当前仅用于泰昌资料人工复核，未获准进入正式标书。,"[""泰昌"", ""绿色低碳资料"", ""历史标书候选"", ""技术标""]",formal_material_caption,资料：泰昌绿色低碳资料,taichang-visual-review-5c44ec2b7eff6b5a758b,True,False,False,blocked,尚未通过P0-06人工批准,0.9,assets/template_words/技术补充文件.docx,（二）专项投标文件/5.针对评审要素，需要补充的其他文件/5.3.绿色低碳生产及绿色回收/5.3.1.建立了绿色生产/5.3.1.2废水、废气、废固报告,588d8803f7b67b04a43e4a0013cb1ed5f987a44b15c9b00aaba9c132eaa928b3,588d8803f7b67b04a43e4a0013cb1ed5f987a44b15c9b00aaba9c132eaa928b3
technical-media-0108,technical,media,94,possible_visual_duplicate,视觉疑似重复,河北泰昌电力器材科技有限公司,河北泰昌电力器材科技有限公司,mixed_historical_bid,product_library,产品库资料,green_low_carbon,绿色低碳资料,[],泰昌企业资料,"[""技术标""]","[""专项投标文件/5.针对评审要素，需要补充的其他文件/5.3.绿色低碳生产及绿色回收/5.3.1.建立了绿色生产/5.3.1.2废水、废气、废固报告""]",tender_scoring_derived,needs_review,internal,企业内部资料,review_only,仅限人工复核,needs_manual_review,需要人工复核,泰昌绿色低碳资料历史候选第94页,泰昌技术补充文件,泰昌技术补充文件,绿色低碳资料,来源于泰昌技术补充文件，历史位置为“专项投标文件/5.针对评审要素，需要补充的其他文件/5.3.绿色低碳生产及绿色回收/5.3.1.建立了绿色生产/5.3.1.2废水、废气、废固报告”。当前仅用于泰昌资料人工复核，未获准进入正式标书。,"[""泰昌"", ""绿色低碳资料"", ""历史标书候选"", ""技术标""]",formal_material_caption,资料：泰昌绿色低碳资料,taichang-visual-review-563e861273189c0c7c28,True,False,False,blocked,尚未通过P0-06人工批准,0.9,assets/template_words/技术补充文件.docx,（二）专项投标文件/5.针对评审要素，需要补充的其他文件/5.3.绿色低碳生产及绿色回收/5.3.1.建立了绿色生产/5.3.1.2废水、废气、废固报告,9faab1147ebaafa065624fd2f9808e2ef15677050d630a71f5f42cfe1f5568fe,9faab1147ebaafa065624fd2f9808e2ef15677050d630a71f5f42cfe1f5568fe
technical-media-0109,technical,media,94,possible_visual_duplicate,视觉疑似重复,河北泰昌电力器材科技有限公司,河北泰昌电力器材科技有限公司,mixed_historical_bid,product_library,产品库资料,green_low_carbon,绿色低碳资料,[],泰昌企业资料,"[""技术标""]","[""专项投标文件/5.针对评审要素，需要补充的其他文件/5.3.绿色低碳生产及绿色回收/5.3.1.建立了绿色生产/5.3.1.2废水、废气、废固报告""]",tender_scoring_derived,needs_review,internal,企业内部资料,review_only,仅限人工复核,needs_manual_review,需要人工复核,泰昌绿色低碳资料历史候选第94页,泰昌技术补充文件,泰昌技术补充文件,绿色低碳资料,来源于泰昌技术补充文件，历史位置为“专项投标文件/5.针对评审要素，需要补充的其他文件/5.3.绿色低碳生产及绿色回收/5.3.1.建立了绿色生产/5.3.1.2废水、废气、废固报告”。当前仅用于泰昌资料人工复核，未获准进入正式标书。,"[""泰昌"", ""绿色低碳资料"", ""历史标书候选"", ""技术标""]",formal_material_caption,资料：泰昌绿色低碳资料,taichang-visual-review-87b5bcb05af280e21ef8,True,False,False,blocked,尚未通过P0-06人工批准,0.9,assets/template_words/技术补充文件.docx,（二）专项投标文件/5.针对评审要素，需要补充的其他文件/5.3.绿色低碳生产及绿色回收/5.3.1.建立了绿色生产/5.3.1.2废水、废气、废固报告,ba09806dd491589dff85535255125521d1a320f0e21a14b79a3c20f32352b35e,ba09806dd491589dff85535255125521d1a320f0e21a14b79a3c20f32352b35e
technical-media-0110,technical,media,94,possible_visual_duplicate,视觉疑似重复,河北泰昌电力器材科技有限公司,河北泰昌电力器材科技有限公司,mixed_historical_bid,product_library,产品库资料,green_low_carbon,绿色低碳资料,[],泰昌企业资料,"[""技术标""]","[""专项投标文件/5.针对评审要素，需要补充的其他文件/5.3.绿色低碳生产及绿色回收/5.3.1.建立了绿色生产/5.3.1.2废水、废气、废固报告""]",tender_scoring_derived,needs_review,internal,企业内部资料,review_only,仅限人工复核,needs_manual_review,需要人工复核,泰昌绿色低碳资料历史候选第94页,泰昌技术补充文件,泰昌技术补充文件,绿色低碳资料,来源于泰昌技术补充文件，历史位置为“专项投标文件/5.针对评审要素，需要补充的其他文件/5.3.绿色低碳生产及绿色回收/5.3.1.建立了绿色生产/5.3.1.2废水、废气、废固报告”。当前仅用于泰昌资料人工复核，未获准进入正式标书。,"[""泰昌"", ""绿色低碳资料"", ""历史标书候选"", ""技术标""]",formal_material_caption,资料：泰昌绿色低碳资料,taichang-visual-review-22d25ab9ecb81a60f30e,True,False,False,blocked,尚未通过P0-06人工批准,0.9,assets/template_words/技术补充文件.docx,（二）专项投标文件/5.针对评审要素，需要补充的其他文件/5.3.绿色低碳生产及绿色回收/5.3.1.建立了绿色生产/5.3.1.2废水、废气、废固报告,9fc2e200f1380cc03b9b37a78e7f94de68cd477d4d218839566a52232e962998,9fc2e200f1380cc03b9b37a78e7f94de68cd477d4d218839566a52232e962998
technical-media-0111,technical,media,94,possible_visual_duplicate,视觉疑似重复,河北泰昌电力器材科技有限公司,河北泰昌电力器材科技有限公司,mixed_historical_bid,product_library,产品库资料,green_low_carbon,绿色低碳资料,[],泰昌企业资料,"[""技术标""]","[""专项投标文件/5.针对评审要素，需要补充的其他文件/5.3.绿色低碳生产及绿色回收/5.3.1.建立了绿色生产/5.3.1.2废水、废气、废固报告""]",tender_scoring_derived,needs_review,internal,企业内部资料,review_only,仅限人工复核,needs_manual_review,需要人工复核,泰昌绿色低碳资料历史候选第94页,泰昌技术补充文件,泰昌技术补充文件,绿色低碳资料,来源于泰昌技术补充文件，历史位置为“专项投标文件/5.针对评审要素，需要补充的其他文件/5.3.绿色低碳生产及绿色回收/5.3.1.建立了绿色生产/5.3.1.2废水、废气、废固报告”。当前仅用于泰昌资料人工复核，未获准进入正式标书。,"[""泰昌"", ""绿色低碳资料"", ""历史标书候选"", ""技术标""]",formal_material_caption,资料：泰昌绿色低碳资料,taichang-visual-review-c0c450ff30e2c21edfd5,True,False,False,blocked,尚未通过P0-06人工批准,0.9,assets/template_words/技术补充文件.docx,（二）专项投标文件/5.针对评审要素，需要补充的其他文件/5.3.绿色低碳生产及绿色回收/5.3.1.建立了绿色生产/5.3.1.2废水、废气、废固报告,8f9d12a787446e50ee40a078e169fd53165c84873183815d3b977cd7179d6344,8f9d12a787446e50ee40a078e169fd53165c84873183815d3b977cd7179d6344
technical-media-0112,technical,media,94,possible_visual_duplicate,视觉疑似重复,河北泰昌电力器材科技有限公司,河北泰昌电力器材科技有限公司,mixed_historical_bid,product_library,产品库资料,green_low_carbon,绿色低碳资料,[],泰昌企业资料,"[""技术标""]","[""专项投标文件/5.针对评审要素，需要补充的其他文件/5.3.绿色低碳生产及绿色回收/5.3.1.建立了绿色生产/5.3.1.2废水、废气、废固报告""]",tender_scoring_derived,needs_review,internal,企业内部资料,review_only,仅限人工复核,needs_manual_review,需要人工复核,泰昌绿色低碳资料历史候选第94页,泰昌技术补充文件,泰昌技术补充文件,绿色低碳资料,来源于泰昌技术补充文件，历史位置为“专项投标文件/5.针对评审要素，需要补充的其他文件/5.3.绿色低碳生产及绿色回收/5.3.1.建立了绿色生产/5.3.1.2废水、废气、废固报告”。当前仅用于泰昌资料人工复核，未获准进入正式标书。,"[""泰昌"", ""绿色低碳资料"", ""历史标书候选"", ""技术标""]",formal_material_caption,资料：泰昌绿色低碳资料,taichang-visual-review-5356a247ca2ad3660c1e,True,False,False,blocked,尚未通过P0-06人工批准,0.9,assets/template_words/技术补充文件.docx,（二）专项投标文件/5.针对评审要素，需要补充的其他文件/5.3.绿色低碳生产及绿色回收/5.3.1.建立了绿色生产/5.3.1.2废水、废气、废固报告,685812d25e29b09f6c3f5b146fb53fd45614e461f55be101e3e7b8a7458207d2,685812d25e29b09f6c3f5b146fb53fd45614e461f55be101e3e7b8a7458207d2
technical-chapter-031,technical,chapter,128,new,未发现重复，仍需审核,河北泰昌电力器材科技有限公司,河北泰昌电力器材科技有限公司,mixed_historical_bid,reference_template_library,历史参考资料,historical_structure_reference,历史目录结构参考,[],泰昌企业资料,"[""技术标""]","[""专项投标文件/5.针对评审要素，需要补充的其他文件/5.3.绿色低碳生产及绿色回收/5.3.1.建立了绿色生产/5.3.1.3.现状环境影响评估报告""]",tender_scoring_derived,needs_review,internal,企业内部资料,review_only,仅限人工复核,not_asset_reference,非资产结构参考,泰昌技术标历史目录参考：专项投标文件/5.针对评审要素，需要补充的其他文件/5.3.绿色低碳生产及绿色回收/5.3.1.建立了绿色生产/5.3.1.3.现状环境影响评估报告,泰昌技术补充文件,泰昌技术补充文件,历史目录结构参考,来源于泰昌技术补充文件，历史位置为“专项投标文件/5.针对评审要素，需要补充的其他文件/5.3.绿色低碳生产及绿色回收/5.3.1.建立了绿色生产/5.3.1.3.现状环境影响评估报告”。当前仅用于泰昌资料人工复核，未获准进入正式标书。,"[""泰昌"", ""历史目录结构参考"", ""历史标书候选"", ""技术标""]",suppressed_document_page_caption,,,False,False,False,blocked,尚未通过P0-06人工批准,1.0,assets/template_words/技术补充文件.docx,（二）专项投标文件/5.针对评审要素，需要补充的其他文件/5.3.绿色低碳生产及绿色回收/5.3.1.建立了绿色生产/5.3.1.3.现状环境影响评估报告,2b2fd302d94bef8e90944a75fa373d8760e2bdd387cba8742cc6eafa560cabfc,
technical-media-0113,technical,media,128,new,未发现重复，仍需审核,河北泰昌电力器材科技有限公司,河北泰昌电力器材科技有限公司,mixed_historical_bid,product_library,产品库资料,green_low_carbon,绿色低碳资料,[],泰昌企业资料,"[""技术标""]","[""专项投标文件/5.针对评审要素，需要补充的其他文件/5.3.绿色低碳生产及绿色回收/5.3.1.建立了绿色生产/5.3.1.3.现状环境影响评估报告""]",tender_scoring_derived,needs_review,internal,企业内部资料,review_only,仅限人工复核,needs_customer_confirmation,需要客户确认,泰昌绿色低碳资料历史候选第128页,泰昌技术补充文件,泰昌技术补充文件,绿色低碳资料,来源于泰昌技术补充文件，历史位置为“专项投标文件/5.针对评审要素，需要补充的其他文件/5.3.绿色低碳生产及绿色回收/5.3.1.建立了绿色生产/5.3.1.3.现状环境影响评估报告”。当前仅用于泰昌资料人工复核，未获准进入正式标书。,"[""泰昌"", ""绿色低碳资料"", ""历史标书候选"", ""技术标""]",formal_material_caption,资料：泰昌绿色低碳资料,,True,False,False,blocked,尚未通过P0-06人工批准,0.9,assets/template_words/技术补充文件.docx,（二）专项投标文件/5.针对评审要素，需要补充的其他文件/5.3.绿色低碳生产及绿色回收/5.3.1.建立了绿色生产/5.3.1.3.现状环境影响评估报告,8e24f6a724ab97a277d1d2c86f891803db59984c28c196c5883f61389929cd77,8e24f6a724ab97a277d1d2c86f891803db59984c28c196c5883f61389929cd77
technical-media-0114,technical,media,128,new,未发现重复，仍需审核,河北泰昌电力器材科技有限公司,河北泰昌电力器材科技有限公司,mixed_historical_bid,product_library,产品库资料,green_low_carbon,绿色低碳资料,[],泰昌企业资料,"[""技术标""]","[""专项投标文件/5.针对评审要素，需要补充的其他文件/5.3.绿色低碳生产及绿色回收/5.3.1.建立了绿色生产/5.3.1.3.现状环境影响评估报告""]",tender_scoring_derived,needs_review,internal,企业内部资料,review_only,仅限人工复核,needs_customer_confirmation,需要客户确认,泰昌绿色低碳资料历史候选第128页,泰昌技术补充文件,泰昌技术补充文件,绿色低碳资料,来源于泰昌技术补充文件，历史位置为“专项投标文件/5.针对评审要素，需要补充的其他文件/5.3.绿色低碳生产及绿色回收/5.3.1.建立了绿色生产/5.3.1.3.现状环境影响评估报告”。当前仅用于泰昌资料人工复核，未获准进入正式标书。,"[""泰昌"", ""绿色低碳资料"", ""历史标书候选"", ""技术标""]",formal_material_caption,资料：泰昌绿色低碳资料,,True,False,False,blocked,尚未通过P0-06人工批准,0.9,assets/template_words/技术补充文件.docx,（二）专项投标文件/5.针对评审要素，需要补充的其他文件/5.3.绿色低碳生产及绿色回收/5.3.1.建立了绿色生产/5.3.1.3.现状环境影响评估报告,7d1d24a2e7f12ae1c9d2e7ea02fe5edaec20cb1c540c8fae1abbcdfb2146f1ea,7d1d24a2e7f12ae1c9d2e7ea02fe5edaec20cb1c540c8fae1abbcdfb2146f1ea
technical-media-0115,technical,media,128,new,未发现重复，仍需审核,河北泰昌电力器材科技有限公司,河北泰昌电力器材科技有限公司,mixed_historical_bid,product_library,产品库资料,green_low_carbon,绿色低碳资料,[],泰昌企业资料,"[""技术标""]","[""专项投标文件/5.针对评审要素，需要补充的其他文件/5.3.绿色低碳生产及绿色回收/5.3.1.建立了绿色生产/5.3.1.3.现状环境影响评估报告""]",tender_scoring_derived,needs_review,internal,企业内部资料,review_only,仅限人工复核,needs_customer_confirmation,需要客户确认,泰昌绿色低碳资料历史候选第128页,泰昌技术补充文件,泰昌技术补充文件,绿色低碳资料,来源于泰昌技术补充文件，历史位置为“专项投标文件/5.针对评审要素，需要补充的其他文件/5.3.绿色低碳生产及绿色回收/5.3.1.建立了绿色生产/5.3.1.3.现状环境影响评估报告”。当前仅用于泰昌资料人工复核，未获准进入正式标书。,"[""泰昌"", ""绿色低碳资料"", ""历史标书候选"", ""技术标""]",formal_material_caption,资料：泰昌绿色低碳资料,,True,False,False,blocked,尚未通过P0-06人工批准,0.9,assets/template_words/技术补充文件.docx,（二）专项投标文件/5.针对评审要素，需要补充的其他文件/5.3.绿色低碳生产及绿色回收/5.3.1.建立了绿色生产/5.3.1.3.现状环境影响评估报告,bbe38d2c7dee30948389dc25fe42c074fce74c1c46189affee0900a8f77f7f96,bbe38d2c7dee30948389dc25fe42c074fce74c1c46189affee0900a8f77f7f96
technical-media-0116,technical,media,128,new,未发现重复，仍需审核,河北泰昌电力器材科技有限公司,河北泰昌电力器材科技有限公司,mixed_historical_bid,product_library,产品库资料,green_low_carbon,绿色低碳资料,[],泰昌企业资料,"[""技术标""]","[""专项投标文件/5.针对评审要素，需要补充的其他文件/5.3.绿色低碳生产及绿色回收/5.3.1.建立了绿色生产/5.3.1.3.现状环境影响评估报告""]",tender_scoring_derived,needs_review,internal,企业内部资料,review_only,仅限人工复核,needs_customer_confirmation,需要客户确认,泰昌绿色低碳资料历史候选第128页,泰昌技术补充文件,泰昌技术补充文件,绿色低碳资料,来源于泰昌技术补充文件，历史位置为“专项投标文件/5.针对评审要素，需要补充的其他文件/5.3.绿色低碳生产及绿色回收/5.3.1.建立了绿色生产/5.3.1.3.现状环境影响评估报告”。当前仅用于泰昌资料人工复核，未获准进入正式标书。,"[""泰昌"", ""绿色低碳资料"", ""历史标书候选"", ""技术标""]",formal_material_caption,资料：泰昌绿色低碳资料,,True,False,False,blocked,尚未通过P0-06人工批准,0.9,assets/template_words/技术补充文件.docx,（二）专项投标文件/5.针对评审要素，需要补充的其他文件/5.3.绿色低碳生产及绿色回收/5.3.1.建立了绿色生产/5.3.1.3.现状环境影响评估报告,7dbc70784a36053d79fe5a601ad065eea400999a0660474e13993cd1c2f0d4bb,7dbc70784a36053d79fe5a601ad065eea400999a0660474e13993cd1c2f0d4bb
technical-media-0117,technical,media,128,new,未发现重复，仍需审核,河北泰昌电力器材科技有限公司,河北泰昌电力器材科技有限公司,mixed_historical_bid,product_library,产品库资料,green_low_carbon,绿色低碳资料,[],泰昌企业资料,"[""技术标""]","[""专项投标文件/5.针对评审要素，需要补充的其他文件/5.3.绿色低碳生产及绿色回收/5.3.1.建立了绿色生产/5.3.1.3.现状环境影响评估报告""]",tender_scoring_derived,needs_review,internal,企业内部资料,review_only,仅限人工复核,needs_customer_confirmation,需要客户确认,泰昌绿色低碳资料历史候选第128页,泰昌技术补充文件,泰昌技术补充文件,绿色低碳资料,来源于泰昌技术补充文件，历史位置为“专项投标文件/5.针对评审要素，需要补充的其他文件/5.3.绿色低碳生产及绿色回收/5.3.1.建立了绿色生产/5.3.1.3.现状环境影响评估报告”。当前仅用于泰昌资料人工复核，未获准进入正式标书。,"[""泰昌"", ""绿色低碳资料"", ""历史标书候选"", ""技术标""]",formal_material_caption,资料：泰昌绿色低碳资料,,True,False,False,blocked,尚未通过P0-06人工批准,0.9,assets/template_words/技术补充文件.docx,（二）专项投标文件/5.针对评审要素，需要补充的其他文件/5.3.绿色低碳生产及绿色回收/5.3.1.建立了绿色生产/5.3.1.3.现状环境影响评估报告,b2006428acf2873c9c774620c1721a97d2424928f4799409e86f08cc404af1d0,b2006428acf2873c9c774620c1721a97d2424928f4799409e86f08cc404af1d0
technical-media-0118,technical,media,128,new,未发现重复，仍需审核,河北泰昌电力器材科技有限公司,河北泰昌电力器材科技有限公司,mixed_historical_bid,product_library,产品库资料,green_low_carbon,绿色低碳资料,[],泰昌企业资料,"[""技术标""]","[""专项投标文件/5.针对评审要素，需要补充的其他文件/5.3.绿色低碳生产及绿色回收/5.3.1.建立了绿色生产/5.3.1.3.现状环境影响评估报告""]",tender_scoring_derived,needs_review,internal,企业内部资料,review_only,仅限人工复核,needs_customer_confirmation,需要客户确认,泰昌绿色低碳资料历史候选第128页,泰昌技术补充文件,泰昌技术补充文件,绿色低碳资料,来源于泰昌技术补充文件，历史位置为“专项投标文件/5.针对评审要素，需要补充的其他文件/5.3.绿色低碳生产及绿色回收/5.3.1.建立了绿色生产/5.3.1.3.现状环境影响评估报告”。当前仅用于泰昌资料人工复核，未获准进入正式标书。,"[""泰昌"", ""绿色低碳资料"", ""历史标书候选"", ""技术标""]",formal_material_caption,资料：泰昌绿色低碳资料,,True,False,False,blocked,尚未通过P0-06人工批准,0.9,assets/template_words/技术补充文件.docx,（二）专项投标文件/5.针对评审要素，需要补充的其他文件/5.3.绿色低碳生产及绿色回收/5.3.1.建立了绿色生产/5.3.1.3.现状环境影响评估报告,993640090a656b25cdce4684e9464de4c040760296847853f703ad0c8c9b3d31,993640090a656b25cdce4684e9464de4c040760296847853f703ad0c8c9b3d31
technical-media-0119,technical,media,128,new,未发现重复，仍需审核,河北泰昌电力器材科技有限公司,河北泰昌电力器材科技有限公司,mixed_historical_bid,product_library,产品库资料,green_low_carbon,绿色低碳资料,[],泰昌企业资料,"[""技术标""]","[""专项投标文件/5.针对评审要素，需要补充的其他文件/5.3.绿色低碳生产及绿色回收/5.3.1.建立了绿色生产/5.3.1.3.现状环境影响评估报告""]",tender_scoring_derived,needs_review,internal,企业内部资料,review_only,仅限人工复核,needs_customer_confirmation,需要客户确认,泰昌绿色低碳资料历史候选第128页,泰昌技术补充文件,泰昌技术补充文件,绿色低碳资料,来源于泰昌技术补充文件，历史位置为“专项投标文件/5.针对评审要素，需要补充的其他文件/5.3.绿色低碳生产及绿色回收/5.3.1.建立了绿色生产/5.3.1.3.现状环境影响评估报告”。当前仅用于泰昌资料人工复核，未获准进入正式标书。,"[""泰昌"", ""绿色低碳资料"", ""历史标书候选"", ""技术标""]",formal_material_caption,资料：泰昌绿色低碳资料,,True,False,False,blocked,尚未通过P0-06人工批准,0.9,assets/template_words/技术补充文件.docx,（二）专项投标文件/5.针对评审要素，需要补充的其他文件/5.3.绿色低碳生产及绿色回收/5.3.1.建立了绿色生产/5.3.1.3.现状环境影响评估报告,47dfbd34a32b588e1bd59470918b25f7289664602e450bd4dd339ab559a8187f,47dfbd34a32b588e1bd59470918b25f7289664602e450bd4dd339ab559a8187f
technical-media-0120,technical,media,128,new,未发现重复，仍需审核,河北泰昌电力器材科技有限公司,河北泰昌电力器材科技有限公司,mixed_historical_bid,product_library,产品库资料,green_low_carbon,绿色低碳资料,[],泰昌企业资料,"[""技术标""]","[""专项投标文件/5.针对评审要素，需要补充的其他文件/5.3.绿色低碳生产及绿色回收/5.3.1.建立了绿色生产/5.3.1.3.现状环境影响评估报告""]",tender_scoring_derived,needs_review,internal,企业内部资料,review_only,仅限人工复核,needs_customer_confirmation,需要客户确认,泰昌绿色低碳资料历史候选第128页,泰昌技术补充文件,泰昌技术补充文件,绿色低碳资料,来源于泰昌技术补充文件，历史位置为“专项投标文件/5.针对评审要素，需要补充的其他文件/5.3.绿色低碳生产及绿色回收/5.3.1.建立了绿色生产/5.3.1.3.现状环境影响评估报告”。当前仅用于泰昌资料人工复核，未获准进入正式标书。,"[""泰昌"", ""绿色低碳资料"", ""历史标书候选"", ""技术标""]",formal_material_caption,资料：泰昌绿色低碳资料,,True,False,False,blocked,尚未通过P0-06人工批准,0.9,assets/template_words/技术补充文件.docx,（二）专项投标文件/5.针对评审要素，需要补充的其他文件/5.3.绿色低碳生产及绿色回收/5.3.1.建立了绿色生产/5.3.1.3.现状环境影响评估报告,15e045907d29a4fd81f083cf246a70d5248ae9a8d1bc55a2323e0dc4bbc56c46,15e045907d29a4fd81f083cf246a70d5248ae9a8d1bc55a2323e0dc4bbc56c46
technical-media-0121,technical,media,128,new,未发现重复，仍需审核,河北泰昌电力器材科技有限公司,河北泰昌电力器材科技有限公司,mixed_historical_bid,product_library,产品库资料,green_low_carbon,绿色低碳资料,[],泰昌企业资料,"[""技术标""]","[""专项投标文件/5.针对评审要素，需要补充的其他文件/5.3.绿色低碳生产及绿色回收/5.3.1.建立了绿色生产/5.3.1.3.现状环境影响评估报告""]",tender_scoring_derived,needs_review,internal,企业内部资料,review_only,仅限人工复核,needs_customer_confirmation,需要客户确认,泰昌绿色低碳资料历史候选第128页,泰昌技术补充文件,泰昌技术补充文件,绿色低碳资料,来源于泰昌技术补充文件，历史位置为“专项投标文件/5.针对评审要素，需要补充的其他文件/5.3.绿色低碳生产及绿色回收/5.3.1.建立了绿色生产/5.3.1.3.现状环境影响评估报告”。当前仅用于泰昌资料人工复核，未获准进入正式标书。,"[""泰昌"", ""绿色低碳资料"", ""历史标书候选"", ""技术标""]",formal_material_caption,资料：泰昌绿色低碳资料,,True,False,False,blocked,尚未通过P0-06人工批准,0.9,assets/template_words/技术补充文件.docx,（二）专项投标文件/5.针对评审要素，需要补充的其他文件/5.3.绿色低碳生产及绿色回收/5.3.1.建立了绿色生产/5.3.1.3.现状环境影响评估报告,bb7519dfc61be6ec193f527a77f0ec24c38205689472f95898e6b014f89d6215,bb7519dfc61be6ec193f527a77f0ec24c38205689472f95898e6b014f89d6215
technical-media-0122,technical,media,128,new,未发现重复，仍需审核,河北泰昌电力器材科技有限公司,河北泰昌电力器材科技有限公司,mixed_historical_bid,product_library,产品库资料,green_low_carbon,绿色低碳资料,[],泰昌企业资料,"[""技术标""]","[""专项投标文件/5.针对评审要素，需要补充的其他文件/5.3.绿色低碳生产及绿色回收/5.3.1.建立了绿色生产/5.3.1.3.现状环境影响评估报告""]",tender_scoring_derived,needs_review,internal,企业内部资料,review_only,仅限人工复核,needs_customer_confirmation,需要客户确认,泰昌绿色低碳资料历史候选第128页,泰昌技术补充文件,泰昌技术补充文件,绿色低碳资料,来源于泰昌技术补充文件，历史位置为“专项投标文件/5.针对评审要素，需要补充的其他文件/5.3.绿色低碳生产及绿色回收/5.3.1.建立了绿色生产/5.3.1.3.现状环境影响评估报告”。当前仅用于泰昌资料人工复核，未获准进入正式标书。,"[""泰昌"", ""绿色低碳资料"", ""历史标书候选"", ""技术标""]",formal_material_caption,资料：泰昌绿色低碳资料,,True,False,False,blocked,尚未通过P0-06人工批准,0.9,assets/template_words/技术补充文件.docx,（二）专项投标文件/5.针对评审要素，需要补充的其他文件/5.3.绿色低碳生产及绿色回收/5.3.1.建立了绿色生产/5.3.1.3.现状环境影响评估报告,f3c5130a731320a4ffab7902dc3eba222c714806a4513c7a929684dc83d5e967,f3c5130a731320a4ffab7902dc3eba222c714806a4513c7a929684dc83d5e967
technical-media-0123,technical,media,128,new,未发现重复，仍需审核,河北泰昌电力器材科技有限公司,河北泰昌电力器材科技有限公司,mixed_historical_bid,product_library,产品库资料,green_low_carbon,绿色低碳资料,[],泰昌企业资料,"[""技术标""]","[""专项投标文件/5.针对评审要素，需要补充的其他文件/5.3.绿色低碳生产及绿色回收/5.3.1.建立了绿色生产/5.3.1.3.现状环境影响评估报告""]",tender_scoring_derived,needs_review,internal,企业内部资料,review_only,仅限人工复核,needs_customer_confirmation,需要客户确认,泰昌绿色低碳资料历史候选第128页,泰昌技术补充文件,泰昌技术补充文件,绿色低碳资料,来源于泰昌技术补充文件，历史位置为“专项投标文件/5.针对评审要素，需要补充的其他文件/5.3.绿色低碳生产及绿色回收/5.3.1.建立了绿色生产/5.3.1.3.现状环境影响评估报告”。当前仅用于泰昌资料人工复核，未获准进入正式标书。,"[""泰昌"", ""绿色低碳资料"", ""历史标书候选"", ""技术标""]",formal_material_caption,资料：泰昌绿色低碳资料,,True,False,False,blocked,尚未通过P0-06人工批准,0.9,assets/template_words/技术补充文件.docx,（二）专项投标文件/5.针对评审要素，需要补充的其他文件/5.3.绿色低碳生产及绿色回收/5.3.1.建立了绿色生产/5.3.1.3.现状环境影响评估报告,94f33be3e1899ed94b2e5c206df57343762376b81c120427392ac0a2cb36152e,94f33be3e1899ed94b2e5c206df57343762376b81c120427392ac0a2cb36152e
technical-media-0124,technical,media,128,new,未发现重复，仍需审核,河北泰昌电力器材科技有限公司,河北泰昌电力器材科技有限公司,mixed_historical_bid,product_library,产品库资料,green_low_carbon,绿色低碳资料,[],泰昌企业资料,"[""技术标""]","[""专项投标文件/5.针对评审要素，需要补充的其他文件/5.3.绿色低碳生产及绿色回收/5.3.1.建立了绿色生产/5.3.1.3.现状环境影响评估报告""]",tender_scoring_derived,needs_review,internal,企业内部资料,review_only,仅限人工复核,needs_customer_confirmation,需要客户确认,泰昌绿色低碳资料历史候选第128页,泰昌技术补充文件,泰昌技术补充文件,绿色低碳资料,来源于泰昌技术补充文件，历史位置为“专项投标文件/5.针对评审要素，需要补充的其他文件/5.3.绿色低碳生产及绿色回收/5.3.1.建立了绿色生产/5.3.1.3.现状环境影响评估报告”。当前仅用于泰昌资料人工复核，未获准进入正式标书。,"[""泰昌"", ""绿色低碳资料"", ""历史标书候选"", ""技术标""]",formal_material_caption,资料：泰昌绿色低碳资料,,True,False,False,blocked,尚未通过P0-06人工批准,0.9,assets/template_words/技术补充文件.docx,（二）专项投标文件/5.针对评审要素，需要补充的其他文件/5.3.绿色低碳生产及绿色回收/5.3.1.建立了绿色生产/5.3.1.3.现状环境影响评估报告,643dd28150bce48492e553b7b7c74a5ca735a020e2888eff059df2a8522aae9a,643dd28150bce48492e553b7b7c74a5ca735a020e2888eff059df2a8522aae9a
technical-media-0125,technical,media,128,new,未发现重复，仍需审核,河北泰昌电力器材科技有限公司,河北泰昌电力器材科技有限公司,mixed_historical_bid,product_library,产品库资料,green_low_carbon,绿色低碳资料,[],泰昌企业资料,"[""技术标""]","[""专项投标文件/5.针对评审要素，需要补充的其他文件/5.3.绿色低碳生产及绿色回收/5.3.1.建立了绿色生产/5.3.1.3.现状环境影响评估报告""]",tender_scoring_derived,needs_review,internal,企业内部资料,review_only,仅限人工复核,needs_customer_confirmation,需要客户确认,泰昌绿色低碳资料历史候选第128页,泰昌技术补充文件,泰昌技术补充文件,绿色低碳资料,来源于泰昌技术补充文件，历史位置为“专项投标文件/5.针对评审要素，需要补充的其他文件/5.3.绿色低碳生产及绿色回收/5.3.1.建立了绿色生产/5.3.1.3.现状环境影响评估报告”。当前仅用于泰昌资料人工复核，未获准进入正式标书。,"[""泰昌"", ""绿色低碳资料"", ""历史标书候选"", ""技术标""]",formal_material_caption,资料：泰昌绿色低碳资料,,True,False,False,blocked,尚未通过P0-06人工批准,0.9,assets/template_words/技术补充文件.docx,（二）专项投标文件/5.针对评审要素，需要补充的其他文件/5.3.绿色低碳生产及绿色回收/5.3.1.建立了绿色生产/5.3.1.3.现状环境影响评估报告,337bb43a0e8919924f3adf2f163ef5ffaa6eee59dfb0e9d9a2fc9b2589b1ad77,337bb43a0e8919924f3adf2f163ef5ffaa6eee59dfb0e9d9a2fc9b2589b1ad77
technical-media-0126,technical,media,128,new,未发现重复，仍需审核,河北泰昌电力器材科技有限公司,河北泰昌电力器材科技有限公司,mixed_historical_bid,product_library,产品库资料,green_low_carbon,绿色低碳资料,[],泰昌企业资料,"[""技术标""]","[""专项投标文件/5.针对评审要素，需要补充的其他文件/5.3.绿色低碳生产及绿色回收/5.3.1.建立了绿色生产/5.3.1.3.现状环境影响评估报告""]",tender_scoring_derived,needs_review,internal,企业内部资料,review_only,仅限人工复核,needs_customer_confirmation,需要客户确认,泰昌绿色低碳资料历史候选第128页,泰昌技术补充文件,泰昌技术补充文件,绿色低碳资料,来源于泰昌技术补充文件，历史位置为“专项投标文件/5.针对评审要素，需要补充的其他文件/5.3.绿色低碳生产及绿色回收/5.3.1.建立了绿色生产/5.3.1.3.现状环境影响评估报告”。当前仅用于泰昌资料人工复核，未获准进入正式标书。,"[""泰昌"", ""绿色低碳资料"", ""历史标书候选"", ""技术标""]",formal_material_caption,资料：泰昌绿色低碳资料,,True,False,False,blocked,尚未通过P0-06人工批准,0.9,assets/template_words/技术补充文件.docx,（二）专项投标文件/5.针对评审要素，需要补充的其他文件/5.3.绿色低碳生产及绿色回收/5.3.1.建立了绿色生产/5.3.1.3.现状环境影响评估报告,5d95cd885079ef019a18453a0b9ec16a74e7078e1f9a91153cf5ce177412df7a,5d95cd885079ef019a18453a0b9ec16a74e7078e1f9a91153cf5ce177412df7a
technical-media-0127,technical,media,128,new,未发现重复，仍需审核,河北泰昌电力器材科技有限公司,河北泰昌电力器材科技有限公司,mixed_historical_bid,product_library,产品库资料,green_low_carbon,绿色低碳资料,[],泰昌企业资料,"[""技术标""]","[""专项投标文件/5.针对评审要素，需要补充的其他文件/5.3.绿色低碳生产及绿色回收/5.3.1.建立了绿色生产/5.3.1.3.现状环境影响评估报告""]",tender_scoring_derived,needs_review,internal,企业内部资料,review_only,仅限人工复核,needs_customer_confirmation,需要客户确认,泰昌绿色低碳资料历史候选第128页,泰昌技术补充文件,泰昌技术补充文件,绿色低碳资料,来源于泰昌技术补充文件，历史位置为“专项投标文件/5.针对评审要素，需要补充的其他文件/5.3.绿色低碳生产及绿色回收/5.3.1.建立了绿色生产/5.3.1.3.现状环境影响评估报告”。当前仅用于泰昌资料人工复核，未获准进入正式标书。,"[""泰昌"", ""绿色低碳资料"", ""历史标书候选"", ""技术标""]",formal_material_caption,资料：泰昌绿色低碳资料,,True,False,False,blocked,尚未通过P0-06人工批准,0.9,assets/template_words/技术补充文件.docx,（二）专项投标文件/5.针对评审要素，需要补充的其他文件/5.3.绿色低碳生产及绿色回收/5.3.1.建立了绿色生产/5.3.1.3.现状环境影响评估报告,ab3353880325d22b5429960ecce976790704e263e9dcaae174eda29fdca3a8b8,ab3353880325d22b5429960ecce976790704e263e9dcaae174eda29fdca3a8b8
technical-media-0128,technical,media,128,new,未发现重复，仍需审核,河北泰昌电力器材科技有限公司,河北泰昌电力器材科技有限公司,mixed_historical_bid,product_library,产品库资料,green_low_carbon,绿色低碳资料,[],泰昌企业资料,"[""技术标""]","[""专项投标文件/5.针对评审要素，需要补充的其他文件/5.3.绿色低碳生产及绿色回收/5.3.1.建立了绿色生产/5.3.1.3.现状环境影响评估报告""]",tender_scoring_derived,needs_review,internal,企业内部资料,review_only,仅限人工复核,needs_customer_confirmation,需要客户确认,泰昌绿色低碳资料历史候选第128页,泰昌技术补充文件,泰昌技术补充文件,绿色低碳资料,来源于泰昌技术补充文件，历史位置为“专项投标文件/5.针对评审要素，需要补充的其他文件/5.3.绿色低碳生产及绿色回收/5.3.1.建立了绿色生产/5.3.1.3.现状环境影响评估报告”。当前仅用于泰昌资料人工复核，未获准进入正式标书。,"[""泰昌"", ""绿色低碳资料"", ""历史标书候选"", ""技术标""]",formal_material_caption,资料：泰昌绿色低碳资料,,True,False,False,blocked,尚未通过P0-06人工批准,0.9,assets/template_words/技术补充文件.docx,（二）专项投标文件/5.针对评审要素，需要补充的其他文件/5.3.绿色低碳生产及绿色回收/5.3.1.建立了绿色生产/5.3.1.3.现状环境影响评估报告,b2b9a951b94f1b3225135e52a2d8c223f6b73831b2c29cd6582dde1e4e2728fa,b2b9a951b94f1b3225135e52a2d8c223f6b73831b2c29cd6582dde1e4e2728fa
technical-media-0129,technical,media,128,new,未发现重复，仍需审核,河北泰昌电力器材科技有限公司,河北泰昌电力器材科技有限公司,mixed_historical_bid,product_library,产品库资料,green_low_carbon,绿色低碳资料,[],泰昌企业资料,"[""技术标""]","[""专项投标文件/5.针对评审要素，需要补充的其他文件/5.3.绿色低碳生产及绿色回收/5.3.1.建立了绿色生产/5.3.1.3.现状环境影响评估报告""]",tender_scoring_derived,needs_review,internal,企业内部资料,review_only,仅限人工复核,needs_customer_confirmation,需要客户确认,泰昌绿色低碳资料历史候选第128页,泰昌技术补充文件,泰昌技术补充文件,绿色低碳资料,来源于泰昌技术补充文件，历史位置为“专项投标文件/5.针对评审要素，需要补充的其他文件/5.3.绿色低碳生产及绿色回收/5.3.1.建立了绿色生产/5.3.1.3.现状环境影响评估报告”。当前仅用于泰昌资料人工复核，未获准进入正式标书。,"[""泰昌"", ""绿色低碳资料"", ""历史标书候选"", ""技术标""]",formal_material_caption,资料：泰昌绿色低碳资料,,True,False,False,blocked,尚未通过P0-06人工批准,0.9,assets/template_words/技术补充文件.docx,（二）专项投标文件/5.针对评审要素，需要补充的其他文件/5.3.绿色低碳生产及绿色回收/5.3.1.建立了绿色生产/5.3.1.3.现状环境影响评估报告,5ea7609d266696f2645b111297a8a8dfc1c44070fdddbc8fdb01c011148ec128,5ea7609d266696f2645b111297a8a8dfc1c44070fdddbc8fdb01c011148ec128
technical-media-0130,technical,media,128,new,未发现重复，仍需审核,河北泰昌电力器材科技有限公司,河北泰昌电力器材科技有限公司,mixed_historical_bid,product_library,产品库资料,green_low_carbon,绿色低碳资料,[],泰昌企业资料,"[""技术标""]","[""专项投标文件/5.针对评审要素，需要补充的其他文件/5.3.绿色低碳生产及绿色回收/5.3.1.建立了绿色生产/5.3.1.3.现状环境影响评估报告""]",tender_scoring_derived,needs_review,internal,企业内部资料,review_only,仅限人工复核,needs_customer_confirmation,需要客户确认,泰昌绿色低碳资料历史候选第128页,泰昌技术补充文件,泰昌技术补充文件,绿色低碳资料,来源于泰昌技术补充文件，历史位置为“专项投标文件/5.针对评审要素，需要补充的其他文件/5.3.绿色低碳生产及绿色回收/5.3.1.建立了绿色生产/5.3.1.3.现状环境影响评估报告”。当前仅用于泰昌资料人工复核，未获准进入正式标书。,"[""泰昌"", ""绿色低碳资料"", ""历史标书候选"", ""技术标""]",formal_material_caption,资料：泰昌绿色低碳资料,,True,False,False,blocked,尚未通过P0-06人工批准,0.9,assets/template_words/技术补充文件.docx,（二）专项投标文件/5.针对评审要素，需要补充的其他文件/5.3.绿色低碳生产及绿色回收/5.3.1.建立了绿色生产/5.3.1.3.现状环境影响评估报告,9f82795c7f45965df6390754dd848877022e96ad2efd54c8ec901a90eba09cbd,9f82795c7f45965df6390754dd848877022e96ad2efd54c8ec901a90eba09cbd
technical-media-0131,technical,media,128,new,未发现重复，仍需审核,河北泰昌电力器材科技有限公司,河北泰昌电力器材科技有限公司,mixed_historical_bid,product_library,产品库资料,green_low_carbon,绿色低碳资料,[],泰昌企业资料,"[""技术标""]","[""专项投标文件/5.针对评审要素，需要补充的其他文件/5.3.绿色低碳生产及绿色回收/5.3.1.建立了绿色生产/5.3.1.3.现状环境影响评估报告""]",tender_scoring_derived,needs_review,internal,企业内部资料,review_only,仅限人工复核,needs_customer_confirmation,需要客户确认,泰昌绿色低碳资料历史候选第128页,泰昌技术补充文件,泰昌技术补充文件,绿色低碳资料,来源于泰昌技术补充文件，历史位置为“专项投标文件/5.针对评审要素，需要补充的其他文件/5.3.绿色低碳生产及绿色回收/5.3.1.建立了绿色生产/5.3.1.3.现状环境影响评估报告”。当前仅用于泰昌资料人工复核，未获准进入正式标书。,"[""泰昌"", ""绿色低碳资料"", ""历史标书候选"", ""技术标""]",formal_material_caption,资料：泰昌绿色低碳资料,,True,False,False,blocked,尚未通过P0-06人工批准,0.9,assets/template_words/技术补充文件.docx,（二）专项投标文件/5.针对评审要素，需要补充的其他文件/5.3.绿色低碳生产及绿色回收/5.3.1.建立了绿色生产/5.3.1.3.现状环境影响评估报告,9101c0589ed2af680f3f5802b58af437004e37393b29e2aebd195ccc2dbb1727,9101c0589ed2af680f3f5802b58af437004e37393b29e2aebd195ccc2dbb1727
technical-media-0132,technical,media,128,new,未发现重复，仍需审核,河北泰昌电力器材科技有限公司,河北泰昌电力器材科技有限公司,mixed_historical_bid,product_library,产品库资料,green_low_carbon,绿色低碳资料,[],泰昌企业资料,"[""技术标""]","[""专项投标文件/5.针对评审要素，需要补充的其他文件/5.3.绿色低碳生产及绿色回收/5.3.1.建立了绿色生产/5.3.1.3.现状环境影响评估报告""]",tender_scoring_derived,needs_review,internal,企业内部资料,review_only,仅限人工复核,needs_customer_confirmation,需要客户确认,泰昌绿色低碳资料历史候选第128页,泰昌技术补充文件,泰昌技术补充文件,绿色低碳资料,来源于泰昌技术补充文件，历史位置为“专项投标文件/5.针对评审要素，需要补充的其他文件/5.3.绿色低碳生产及绿色回收/5.3.1.建立了绿色生产/5.3.1.3.现状环境影响评估报告”。当前仅用于泰昌资料人工复核，未获准进入正式标书。,"[""泰昌"", ""绿色低碳资料"", ""历史标书候选"", ""技术标""]",formal_material_caption,资料：泰昌绿色低碳资料,,True,False,False,blocked,尚未通过P0-06人工批准,0.9,assets/template_words/技术补充文件.docx,（二）专项投标文件/5.针对评审要素，需要补充的其他文件/5.3.绿色低碳生产及绿色回收/5.3.1.建立了绿色生产/5.3.1.3.现状环境影响评估报告,fde1f096c69e065fa4d3c87cc5d25a236f016387bb0dda50a3f649ad0c08120b,fde1f096c69e065fa4d3c87cc5d25a236f016387bb0dda50a3f649ad0c08120b
technical-media-0133,technical,media,128,new,未发现重复，仍需审核,河北泰昌电力器材科技有限公司,河北泰昌电力器材科技有限公司,mixed_historical_bid,product_library,产品库资料,green_low_carbon,绿色低碳资料,[],泰昌企业资料,"[""技术标""]","[""专项投标文件/5.针对评审要素，需要补充的其他文件/5.3.绿色低碳生产及绿色回收/5.3.1.建立了绿色生产/5.3.1.3.现状环境影响评估报告""]",tender_scoring_derived,needs_review,internal,企业内部资料,review_only,仅限人工复核,needs_customer_confirmation,需要客户确认,泰昌绿色低碳资料历史候选第128页,泰昌技术补充文件,泰昌技术补充文件,绿色低碳资料,来源于泰昌技术补充文件，历史位置为“专项投标文件/5.针对评审要素，需要补充的其他文件/5.3.绿色低碳生产及绿色回收/5.3.1.建立了绿色生产/5.3.1.3.现状环境影响评估报告”。当前仅用于泰昌资料人工复核，未获准进入正式标书。,"[""泰昌"", ""绿色低碳资料"", ""历史标书候选"", ""技术标""]",formal_material_caption,资料：泰昌绿色低碳资料,,True,False,False,blocked,尚未通过P0-06人工批准,0.9,assets/template_words/技术补充文件.docx,（二）专项投标文件/5.针对评审要素，需要补充的其他文件/5.3.绿色低碳生产及绿色回收/5.3.1.建立了绿色生产/5.3.1.3.现状环境影响评估报告,1cd65e41fc3658da45dc05011e34a75da83ebb6b4052950aa03944d8790d1d52,1cd65e41fc3658da45dc05011e34a75da83ebb6b4052950aa03944d8790d1d52
technical-media-0134,technical,media,128,new,未发现重复，仍需审核,河北泰昌电力器材科技有限公司,河北泰昌电力器材科技有限公司,mixed_historical_bid,product_library,产品库资料,green_low_carbon,绿色低碳资料,[],泰昌企业资料,"[""技术标""]","[""专项投标文件/5.针对评审要素，需要补充的其他文件/5.3.绿色低碳生产及绿色回收/5.3.1.建立了绿色生产/5.3.1.3.现状环境影响评估报告""]",tender_scoring_derived,needs_review,internal,企业内部资料,review_only,仅限人工复核,needs_customer_confirmation,需要客户确认,泰昌绿色低碳资料历史候选第128页,泰昌技术补充文件,泰昌技术补充文件,绿色低碳资料,来源于泰昌技术补充文件，历史位置为“专项投标文件/5.针对评审要素，需要补充的其他文件/5.3.绿色低碳生产及绿色回收/5.3.1.建立了绿色生产/5.3.1.3.现状环境影响评估报告”。当前仅用于泰昌资料人工复核，未获准进入正式标书。,"[""泰昌"", ""绿色低碳资料"", ""历史标书候选"", ""技术标""]",formal_material_caption,资料：泰昌绿色低碳资料,,True,False,False,blocked,尚未通过P0-06人工批准,0.9,assets/template_words/技术补充文件.docx,（二）专项投标文件/5.针对评审要素，需要补充的其他文件/5.3.绿色低碳生产及绿色回收/5.3.1.建立了绿色生产/5.3.1.3.现状环境影响评估报告,9ef0a72b549a609ff1f0558d023bde09f694b3c13e4921e9b8d4e17c8ed444a4,9ef0a72b549a609ff1f0558d023bde09f694b3c13e4921e9b8d4e17c8ed444a4
technical-media-0135,technical,media,128,new,未发现重复，仍需审核,河北泰昌电力器材科技有限公司,河北泰昌电力器材科技有限公司,mixed_historical_bid,product_library,产品库资料,green_low_carbon,绿色低碳资料,[],泰昌企业资料,"[""技术标""]","[""专项投标文件/5.针对评审要素，需要补充的其他文件/5.3.绿色低碳生产及绿色回收/5.3.1.建立了绿色生产/5.3.1.3.现状环境影响评估报告""]",tender_scoring_derived,needs_review,internal,企业内部资料,review_only,仅限人工复核,needs_customer_confirmation,需要客户确认,泰昌绿色低碳资料历史候选第128页,泰昌技术补充文件,泰昌技术补充文件,绿色低碳资料,来源于泰昌技术补充文件，历史位置为“专项投标文件/5.针对评审要素，需要补充的其他文件/5.3.绿色低碳生产及绿色回收/5.3.1.建立了绿色生产/5.3.1.3.现状环境影响评估报告”。当前仅用于泰昌资料人工复核，未获准进入正式标书。,"[""泰昌"", ""绿色低碳资料"", ""历史标书候选"", ""技术标""]",formal_material_caption,资料：泰昌绿色低碳资料,,True,False,False,blocked,尚未通过P0-06人工批准,0.9,assets/template_words/技术补充文件.docx,（二）专项投标文件/5.针对评审要素，需要补充的其他文件/5.3.绿色低碳生产及绿色回收/5.3.1.建立了绿色生产/5.3.1.3.现状环境影响评估报告,effb6806b9ebdc8a5b5513850b40c367dd37d03cbde7661043049b8fc4e2586e,effb6806b9ebdc8a5b5513850b40c367dd37d03cbde7661043049b8fc4e2586e
technical-media-0136,technical,media,128,new,未发现重复，仍需审核,河北泰昌电力器材科技有限公司,河北泰昌电力器材科技有限公司,mixed_historical_bid,product_library,产品库资料,green_low_carbon,绿色低碳资料,[],泰昌企业资料,"[""技术标""]","[""专项投标文件/5.针对评审要素，需要补充的其他文件/5.3.绿色低碳生产及绿色回收/5.3.1.建立了绿色生产/5.3.1.3.现状环境影响评估报告""]",tender_scoring_derived,needs_review,internal,企业内部资料,review_only,仅限人工复核,needs_customer_confirmation,需要客户确认,泰昌绿色低碳资料历史候选第128页,泰昌技术补充文件,泰昌技术补充文件,绿色低碳资料,来源于泰昌技术补充文件，历史位置为“专项投标文件/5.针对评审要素，需要补充的其他文件/5.3.绿色低碳生产及绿色回收/5.3.1.建立了绿色生产/5.3.1.3.现状环境影响评估报告”。当前仅用于泰昌资料人工复核，未获准进入正式标书。,"[""泰昌"", ""绿色低碳资料"", ""历史标书候选"", ""技术标""]",formal_material_caption,资料：泰昌绿色低碳资料,,True,False,False,blocked,尚未通过P0-06人工批准,0.9,assets/template_words/技术补充文件.docx,（二）专项投标文件/5.针对评审要素，需要补充的其他文件/5.3.绿色低碳生产及绿色回收/5.3.1.建立了绿色生产/5.3.1.3.现状环境影响评估报告,ddc76de9a85a3849acdb1eb52e98e709b59b6567ac873daddf82fe35bd6d6437,ddc76de9a85a3849acdb1eb52e98e709b59b6567ac873daddf82fe35bd6d6437
technical-media-0137,technical,media,128,new,未发现重复，仍需审核,河北泰昌电力器材科技有限公司,河北泰昌电力器材科技有限公司,mixed_historical_bid,product_library,产品库资料,green_low_carbon,绿色低碳资料,[],泰昌企业资料,"[""技术标""]","[""专项投标文件/5.针对评审要素，需要补充的其他文件/5.3.绿色低碳生产及绿色回收/5.3.1.建立了绿色生产/5.3.1.3.现状环境影响评估报告""]",tender_scoring_derived,needs_review,internal,企业内部资料,review_only,仅限人工复核,needs_customer_confirmation,需要客户确认,泰昌绿色低碳资料历史候选第128页,泰昌技术补充文件,泰昌技术补充文件,绿色低碳资料,来源于泰昌技术补充文件，历史位置为“专项投标文件/5.针对评审要素，需要补充的其他文件/5.3.绿色低碳生产及绿色回收/5.3.1.建立了绿色生产/5.3.1.3.现状环境影响评估报告”。当前仅用于泰昌资料人工复核，未获准进入正式标书。,"[""泰昌"", ""绿色低碳资料"", ""历史标书候选"", ""技术标""]",formal_material_caption,资料：泰昌绿色低碳资料,,True,False,False,blocked,尚未通过P0-06人工批准,0.9,assets/template_words/技术补充文件.docx,（二）专项投标文件/5.针对评审要素，需要补充的其他文件/5.3.绿色低碳生产及绿色回收/5.3.1.建立了绿色生产/5.3.1.3.现状环境影响评估报告,9b9d318a5b35714f7c97340e8513925f924208545d8bfed4f3732cadf414bfc3,9b9d318a5b35714f7c97340e8513925f924208545d8bfed4f3732cadf414bfc3
technical-media-0138,technical,media,128,new,未发现重复，仍需审核,河北泰昌电力器材科技有限公司,河北泰昌电力器材科技有限公司,mixed_historical_bid,product_library,产品库资料,green_low_carbon,绿色低碳资料,[],泰昌企业资料,"[""技术标""]","[""专项投标文件/5.针对评审要素，需要补充的其他文件/5.3.绿色低碳生产及绿色回收/5.3.1.建立了绿色生产/5.3.1.3.现状环境影响评估报告""]",tender_scoring_derived,needs_review,internal,企业内部资料,review_only,仅限人工复核,needs_customer_confirmation,需要客户确认,泰昌绿色低碳资料历史候选第128页,泰昌技术补充文件,泰昌技术补充文件,绿色低碳资料,来源于泰昌技术补充文件，历史位置为“专项投标文件/5.针对评审要素，需要补充的其他文件/5.3.绿色低碳生产及绿色回收/5.3.1.建立了绿色生产/5.3.1.3.现状环境影响评估报告”。当前仅用于泰昌资料人工复核，未获准进入正式标书。,"[""泰昌"", ""绿色低碳资料"", ""历史标书候选"", ""技术标""]",formal_material_caption,资料：泰昌绿色低碳资料,,True,False,False,blocked,尚未通过P0-06人工批准,0.9,assets/template_words/技术补充文件.docx,（二）专项投标文件/5.针对评审要素，需要补充的其他文件/5.3.绿色低碳生产及绿色回收/5.3.1.建立了绿色生产/5.3.1.3.现状环境影响评估报告,0e273dd622dc112d10f886b9e9cf0e9396bd3a9fb0d229ce2a36bbc3a4eee6de,0e273dd622dc112d10f886b9e9cf0e9396bd3a9fb0d229ce2a36bbc3a4eee6de
technical-media-0139,technical,media,128,new,未发现重复，仍需审核,河北泰昌电力器材科技有限公司,河北泰昌电力器材科技有限公司,mixed_historical_bid,product_library,产品库资料,green_low_carbon,绿色低碳资料,[],泰昌企业资料,"[""技术标""]","[""专项投标文件/5.针对评审要素，需要补充的其他文件/5.3.绿色低碳生产及绿色回收/5.3.1.建立了绿色生产/5.3.1.3.现状环境影响评估报告""]",tender_scoring_derived,needs_review,internal,企业内部资料,review_only,仅限人工复核,needs_customer_confirmation,需要客户确认,泰昌绿色低碳资料历史候选第128页,泰昌技术补充文件,泰昌技术补充文件,绿色低碳资料,来源于泰昌技术补充文件，历史位置为“专项投标文件/5.针对评审要素，需要补充的其他文件/5.3.绿色低碳生产及绿色回收/5.3.1.建立了绿色生产/5.3.1.3.现状环境影响评估报告”。当前仅用于泰昌资料人工复核，未获准进入正式标书。,"[""泰昌"", ""绿色低碳资料"", ""历史标书候选"", ""技术标""]",formal_material_caption,资料：泰昌绿色低碳资料,,True,False,False,blocked,尚未通过P0-06人工批准,0.9,assets/template_words/技术补充文件.docx,（二）专项投标文件/5.针对评审要素，需要补充的其他文件/5.3.绿色低碳生产及绿色回收/5.3.1.建立了绿色生产/5.3.1.3.现状环境影响评估报告,53f6d46711bf082d4ff78005278b662d65813d5db0ff022ac04c202ef78479cf,53f6d46711bf082d4ff78005278b662d65813d5db0ff022ac04c202ef78479cf
technical-media-0140,technical,media,128,new,未发现重复，仍需审核,河北泰昌电力器材科技有限公司,河北泰昌电力器材科技有限公司,mixed_historical_bid,product_library,产品库资料,green_low_carbon,绿色低碳资料,[],泰昌企业资料,"[""技术标""]","[""专项投标文件/5.针对评审要素，需要补充的其他文件/5.3.绿色低碳生产及绿色回收/5.3.1.建立了绿色生产/5.3.1.3.现状环境影响评估报告""]",tender_scoring_derived,needs_review,internal,企业内部资料,review_only,仅限人工复核,needs_customer_confirmation,需要客户确认,泰昌绿色低碳资料历史候选第128页,泰昌技术补充文件,泰昌技术补充文件,绿色低碳资料,来源于泰昌技术补充文件，历史位置为“专项投标文件/5.针对评审要素，需要补充的其他文件/5.3.绿色低碳生产及绿色回收/5.3.1.建立了绿色生产/5.3.1.3.现状环境影响评估报告”。当前仅用于泰昌资料人工复核，未获准进入正式标书。,"[""泰昌"", ""绿色低碳资料"", ""历史标书候选"", ""技术标""]",formal_material_caption,资料：泰昌绿色低碳资料,,True,False,False,blocked,尚未通过P0-06人工批准,0.9,assets/template_words/技术补充文件.docx,（二）专项投标文件/5.针对评审要素，需要补充的其他文件/5.3.绿色低碳生产及绿色回收/5.3.1.建立了绿色生产/5.3.1.3.现状环境影响评估报告,b49f2c4536e09c3d482813a31cfb86512ef663a8256ab4f6c059b891254c8fce,b49f2c4536e09c3d482813a31cfb86512ef663a8256ab4f6c059b891254c8fce
technical-media-0141,technical,media,128,new,未发现重复，仍需审核,河北泰昌电力器材科技有限公司,河北泰昌电力器材科技有限公司,mixed_historical_bid,product_library,产品库资料,green_low_carbon,绿色低碳资料,[],泰昌企业资料,"[""技术标""]","[""专项投标文件/5.针对评审要素，需要补充的其他文件/5.3.绿色低碳生产及绿色回收/5.3.1.建立了绿色生产/5.3.1.3.现状环境影响评估报告""]",tender_scoring_derived,needs_review,internal,企业内部资料,review_only,仅限人工复核,needs_customer_confirmation,需要客户确认,泰昌绿色低碳资料历史候选第128页,泰昌技术补充文件,泰昌技术补充文件,绿色低碳资料,来源于泰昌技术补充文件，历史位置为“专项投标文件/5.针对评审要素，需要补充的其他文件/5.3.绿色低碳生产及绿色回收/5.3.1.建立了绿色生产/5.3.1.3.现状环境影响评估报告”。当前仅用于泰昌资料人工复核，未获准进入正式标书。,"[""泰昌"", ""绿色低碳资料"", ""历史标书候选"", ""技术标""]",formal_material_caption,资料：泰昌绿色低碳资料,,True,False,False,blocked,尚未通过P0-06人工批准,0.9,assets/template_words/技术补充文件.docx,（二）专项投标文件/5.针对评审要素，需要补充的其他文件/5.3.绿色低碳生产及绿色回收/5.3.1.建立了绿色生产/5.3.1.3.现状环境影响评估报告,417d73c14cc0b1f060fe45a657b8b14feb353ec171c35b78bc52b6e31dde0d26,417d73c14cc0b1f060fe45a657b8b14feb353ec171c35b78bc52b6e31dde0d26
technical-media-0142,technical,media,128,new,未发现重复，仍需审核,河北泰昌电力器材科技有限公司,河北泰昌电力器材科技有限公司,mixed_historical_bid,product_library,产品库资料,green_low_carbon,绿色低碳资料,[],泰昌企业资料,"[""技术标""]","[""专项投标文件/5.针对评审要素，需要补充的其他文件/5.3.绿色低碳生产及绿色回收/5.3.1.建立了绿色生产/5.3.1.3.现状环境影响评估报告""]",tender_scoring_derived,needs_review,internal,企业内部资料,review_only,仅限人工复核,needs_customer_confirmation,需要客户确认,泰昌绿色低碳资料历史候选第128页,泰昌技术补充文件,泰昌技术补充文件,绿色低碳资料,来源于泰昌技术补充文件，历史位置为“专项投标文件/5.针对评审要素，需要补充的其他文件/5.3.绿色低碳生产及绿色回收/5.3.1.建立了绿色生产/5.3.1.3.现状环境影响评估报告”。当前仅用于泰昌资料人工复核，未获准进入正式标书。,"[""泰昌"", ""绿色低碳资料"", ""历史标书候选"", ""技术标""]",formal_material_caption,资料：泰昌绿色低碳资料,,True,False,False,blocked,尚未通过P0-06人工批准,0.9,assets/template_words/技术补充文件.docx,（二）专项投标文件/5.针对评审要素，需要补充的其他文件/5.3.绿色低碳生产及绿色回收/5.3.1.建立了绿色生产/5.3.1.3.现状环境影响评估报告,6b6bcf302f2a3973c57896d3392cbf1605e39946beb6b787d87fa01dd510982c,6b6bcf302f2a3973c57896d3392cbf1605e39946beb6b787d87fa01dd510982c
technical-media-0143,technical,media,128,new,未发现重复，仍需审核,河北泰昌电力器材科技有限公司,河北泰昌电力器材科技有限公司,mixed_historical_bid,product_library,产品库资料,green_low_carbon,绿色低碳资料,[],泰昌企业资料,"[""技术标""]","[""专项投标文件/5.针对评审要素，需要补充的其他文件/5.3.绿色低碳生产及绿色回收/5.3.1.建立了绿色生产/5.3.1.3.现状环境影响评估报告""]",tender_scoring_derived,needs_review,internal,企业内部资料,review_only,仅限人工复核,needs_customer_confirmation,需要客户确认,泰昌绿色低碳资料历史候选第128页,泰昌技术补充文件,泰昌技术补充文件,绿色低碳资料,来源于泰昌技术补充文件，历史位置为“专项投标文件/5.针对评审要素，需要补充的其他文件/5.3.绿色低碳生产及绿色回收/5.3.1.建立了绿色生产/5.3.1.3.现状环境影响评估报告”。当前仅用于泰昌资料人工复核，未获准进入正式标书。,"[""泰昌"", ""绿色低碳资料"", ""历史标书候选"", ""技术标""]",formal_material_caption,资料：泰昌绿色低碳资料,,True,False,False,blocked,尚未通过P0-06人工批准,0.9,assets/template_words/技术补充文件.docx,（二）专项投标文件/5.针对评审要素，需要补充的其他文件/5.3.绿色低碳生产及绿色回收/5.3.1.建立了绿色生产/5.3.1.3.现状环境影响评估报告,f212e0832ff0655ad235175054907ecb425c24ae146fcac6f985c1bc653d5454,f212e0832ff0655ad235175054907ecb425c24ae146fcac6f985c1bc653d5454
technical-media-0144,technical,media,128,new,未发现重复，仍需审核,河北泰昌电力器材科技有限公司,河北泰昌电力器材科技有限公司,mixed_historical_bid,product_library,产品库资料,green_low_carbon,绿色低碳资料,[],泰昌企业资料,"[""技术标""]","[""专项投标文件/5.针对评审要素，需要补充的其他文件/5.3.绿色低碳生产及绿色回收/5.3.1.建立了绿色生产/5.3.1.3.现状环境影响评估报告""]",tender_scoring_derived,needs_review,internal,企业内部资料,review_only,仅限人工复核,needs_customer_confirmation,需要客户确认,泰昌绿色低碳资料历史候选第128页,泰昌技术补充文件,泰昌技术补充文件,绿色低碳资料,来源于泰昌技术补充文件，历史位置为“专项投标文件/5.针对评审要素，需要补充的其他文件/5.3.绿色低碳生产及绿色回收/5.3.1.建立了绿色生产/5.3.1.3.现状环境影响评估报告”。当前仅用于泰昌资料人工复核，未获准进入正式标书。,"[""泰昌"", ""绿色低碳资料"", ""历史标书候选"", ""技术标""]",formal_material_caption,资料：泰昌绿色低碳资料,,True,False,False,blocked,尚未通过P0-06人工批准,0.9,assets/template_words/技术补充文件.docx,（二）专项投标文件/5.针对评审要素，需要补充的其他文件/5.3.绿色低碳生产及绿色回收/5.3.1.建立了绿色生产/5.3.1.3.现状环境影响评估报告,1e8ba91366960a93a8b9c2e40a6aaac7ee29c1e78829064315bd38a73604e69b,1e8ba91366960a93a8b9c2e40a6aaac7ee29c1e78829064315bd38a73604e69b
technical-media-0145,technical,media,128,new,未发现重复，仍需审核,河北泰昌电力器材科技有限公司,河北泰昌电力器材科技有限公司,mixed_historical_bid,product_library,产品库资料,green_low_carbon,绿色低碳资料,[],泰昌企业资料,"[""技术标""]","[""专项投标文件/5.针对评审要素，需要补充的其他文件/5.3.绿色低碳生产及绿色回收/5.3.1.建立了绿色生产/5.3.1.3.现状环境影响评估报告""]",tender_scoring_derived,needs_review,internal,企业内部资料,review_only,仅限人工复核,needs_customer_confirmation,需要客户确认,泰昌绿色低碳资料历史候选第128页,泰昌技术补充文件,泰昌技术补充文件,绿色低碳资料,来源于泰昌技术补充文件，历史位置为“专项投标文件/5.针对评审要素，需要补充的其他文件/5.3.绿色低碳生产及绿色回收/5.3.1.建立了绿色生产/5.3.1.3.现状环境影响评估报告”。当前仅用于泰昌资料人工复核，未获准进入正式标书。,"[""泰昌"", ""绿色低碳资料"", ""历史标书候选"", ""技术标""]",formal_material_caption,资料：泰昌绿色低碳资料,,True,False,False,blocked,尚未通过P0-06人工批准,0.9,assets/template_words/技术补充文件.docx,（二）专项投标文件/5.针对评审要素，需要补充的其他文件/5.3.绿色低碳生产及绿色回收/5.3.1.建立了绿色生产/5.3.1.3.现状环境影响评估报告,a739db0f454fd5b8b8d6c004aa76ac799a87e91c354fa1f1e68bd4770b8a9769,a739db0f454fd5b8b8d6c004aa76ac799a87e91c354fa1f1e68bd4770b8a9769
technical-media-0146,technical,media,128,new,未发现重复，仍需审核,河北泰昌电力器材科技有限公司,河北泰昌电力器材科技有限公司,mixed_historical_bid,product_library,产品库资料,green_low_carbon,绿色低碳资料,[],泰昌企业资料,"[""技术标""]","[""专项投标文件/5.针对评审要素，需要补充的其他文件/5.3.绿色低碳生产及绿色回收/5.3.1.建立了绿色生产/5.3.1.3.现状环境影响评估报告""]",tender_scoring_derived,needs_review,internal,企业内部资料,review_only,仅限人工复核,needs_customer_confirmation,需要客户确认,泰昌绿色低碳资料历史候选第128页,泰昌技术补充文件,泰昌技术补充文件,绿色低碳资料,来源于泰昌技术补充文件，历史位置为“专项投标文件/5.针对评审要素，需要补充的其他文件/5.3.绿色低碳生产及绿色回收/5.3.1.建立了绿色生产/5.3.1.3.现状环境影响评估报告”。当前仅用于泰昌资料人工复核，未获准进入正式标书。,"[""泰昌"", ""绿色低碳资料"", ""历史标书候选"", ""技术标""]",formal_material_caption,资料：泰昌绿色低碳资料,,True,False,False,blocked,尚未通过P0-06人工批准,0.9,assets/template_words/技术补充文件.docx,（二）专项投标文件/5.针对评审要素，需要补充的其他文件/5.3.绿色低碳生产及绿色回收/5.3.1.建立了绿色生产/5.3.1.3.现状环境影响评估报告,41798c5585e51efa99ddb9c426d605290260772d3777ff07df3da9ee2ddce49d,41798c5585e51efa99ddb9c426d605290260772d3777ff07df3da9ee2ddce49d
technical-media-0147,technical,media,128,new,未发现重复，仍需审核,河北泰昌电力器材科技有限公司,河北泰昌电力器材科技有限公司,mixed_historical_bid,product_library,产品库资料,green_low_carbon,绿色低碳资料,[],泰昌企业资料,"[""技术标""]","[""专项投标文件/5.针对评审要素，需要补充的其他文件/5.3.绿色低碳生产及绿色回收/5.3.1.建立了绿色生产/5.3.1.3.现状环境影响评估报告""]",tender_scoring_derived,needs_review,internal,企业内部资料,review_only,仅限人工复核,needs_customer_confirmation,需要客户确认,泰昌绿色低碳资料历史候选第128页,泰昌技术补充文件,泰昌技术补充文件,绿色低碳资料,来源于泰昌技术补充文件，历史位置为“专项投标文件/5.针对评审要素，需要补充的其他文件/5.3.绿色低碳生产及绿色回收/5.3.1.建立了绿色生产/5.3.1.3.现状环境影响评估报告”。当前仅用于泰昌资料人工复核，未获准进入正式标书。,"[""泰昌"", ""绿色低碳资料"", ""历史标书候选"", ""技术标""]",formal_material_caption,资料：泰昌绿色低碳资料,,True,False,False,blocked,尚未通过P0-06人工批准,0.9,assets/template_words/技术补充文件.docx,（二）专项投标文件/5.针对评审要素，需要补充的其他文件/5.3.绿色低碳生产及绿色回收/5.3.1.建立了绿色生产/5.3.1.3.现状环境影响评估报告,2a956dd1af9c562e1d11cb772b1fed5372f2c909f657a8248ceaa0b9789bd4db,2a956dd1af9c562e1d11cb772b1fed5372f2c909f657a8248ceaa0b9789bd4db
technical-media-0148,technical,media,128,new,未发现重复，仍需审核,河北泰昌电力器材科技有限公司,河北泰昌电力器材科技有限公司,mixed_historical_bid,product_library,产品库资料,green_low_carbon,绿色低碳资料,[],泰昌企业资料,"[""技术标""]","[""专项投标文件/5.针对评审要素，需要补充的其他文件/5.3.绿色低碳生产及绿色回收/5.3.1.建立了绿色生产/5.3.1.3.现状环境影响评估报告""]",tender_scoring_derived,needs_review,internal,企业内部资料,review_only,仅限人工复核,needs_customer_confirmation,需要客户确认,泰昌绿色低碳资料历史候选第128页,泰昌技术补充文件,泰昌技术补充文件,绿色低碳资料,来源于泰昌技术补充文件，历史位置为“专项投标文件/5.针对评审要素，需要补充的其他文件/5.3.绿色低碳生产及绿色回收/5.3.1.建立了绿色生产/5.3.1.3.现状环境影响评估报告”。当前仅用于泰昌资料人工复核，未获准进入正式标书。,"[""泰昌"", ""绿色低碳资料"", ""历史标书候选"", ""技术标""]",formal_material_caption,资料：泰昌绿色低碳资料,,True,False,False,blocked,尚未通过P0-06人工批准,0.9,assets/template_words/技术补充文件.docx,（二）专项投标文件/5.针对评审要素，需要补充的其他文件/5.3.绿色低碳生产及绿色回收/5.3.1.建立了绿色生产/5.3.1.3.现状环境影响评估报告,871ffd8627f54298eecb96f601f44c1fa97c95ca987198599a376983ecd524fa,871ffd8627f54298eecb96f601f44c1fa97c95ca987198599a376983ecd524fa
technical-media-0149,technical,media,128,new,未发现重复，仍需审核,河北泰昌电力器材科技有限公司,河北泰昌电力器材科技有限公司,mixed_historical_bid,product_library,产品库资料,green_low_carbon,绿色低碳资料,[],泰昌企业资料,"[""技术标""]","[""专项投标文件/5.针对评审要素，需要补充的其他文件/5.3.绿色低碳生产及绿色回收/5.3.1.建立了绿色生产/5.3.1.3.现状环境影响评估报告""]",tender_scoring_derived,needs_review,internal,企业内部资料,review_only,仅限人工复核,needs_customer_confirmation,需要客户确认,泰昌绿色低碳资料历史候选第128页,泰昌技术补充文件,泰昌技术补充文件,绿色低碳资料,来源于泰昌技术补充文件，历史位置为“专项投标文件/5.针对评审要素，需要补充的其他文件/5.3.绿色低碳生产及绿色回收/5.3.1.建立了绿色生产/5.3.1.3.现状环境影响评估报告”。当前仅用于泰昌资料人工复核，未获准进入正式标书。,"[""泰昌"", ""绿色低碳资料"", ""历史标书候选"", ""技术标""]",formal_material_caption,资料：泰昌绿色低碳资料,,True,False,False,blocked,尚未通过P0-06人工批准,0.9,assets/template_words/技术补充文件.docx,（二）专项投标文件/5.针对评审要素，需要补充的其他文件/5.3.绿色低碳生产及绿色回收/5.3.1.建立了绿色生产/5.3.1.3.现状环境影响评估报告,bf56d311bc5c6dbec05552d8a9e014d48927ac246bbf24d44c0e5d0552f2b70c,bf56d311bc5c6dbec05552d8a9e014d48927ac246bbf24d44c0e5d0552f2b70c
technical-media-0150,technical,media,128,new,未发现重复，仍需审核,河北泰昌电力器材科技有限公司,河北泰昌电力器材科技有限公司,mixed_historical_bid,product_library,产品库资料,green_low_carbon,绿色低碳资料,[],泰昌企业资料,"[""技术标""]","[""专项投标文件/5.针对评审要素，需要补充的其他文件/5.3.绿色低碳生产及绿色回收/5.3.1.建立了绿色生产/5.3.1.3.现状环境影响评估报告""]",tender_scoring_derived,needs_review,internal,企业内部资料,review_only,仅限人工复核,needs_customer_confirmation,需要客户确认,泰昌绿色低碳资料历史候选第128页,泰昌技术补充文件,泰昌技术补充文件,绿色低碳资料,来源于泰昌技术补充文件，历史位置为“专项投标文件/5.针对评审要素，需要补充的其他文件/5.3.绿色低碳生产及绿色回收/5.3.1.建立了绿色生产/5.3.1.3.现状环境影响评估报告”。当前仅用于泰昌资料人工复核，未获准进入正式标书。,"[""泰昌"", ""绿色低碳资料"", ""历史标书候选"", ""技术标""]",formal_material_caption,资料：泰昌绿色低碳资料,,True,False,False,blocked,尚未通过P0-06人工批准,0.9,assets/template_words/技术补充文件.docx,（二）专项投标文件/5.针对评审要素，需要补充的其他文件/5.3.绿色低碳生产及绿色回收/5.3.1.建立了绿色生产/5.3.1.3.现状环境影响评估报告,1c7e013e3e83c60fa26505b89e460a79039dda45f9f77a1d670b663f0010de69,1c7e013e3e83c60fa26505b89e460a79039dda45f9f77a1d670b663f0010de69
technical-media-0151,technical,media,128,new,未发现重复，仍需审核,河北泰昌电力器材科技有限公司,河北泰昌电力器材科技有限公司,mixed_historical_bid,product_library,产品库资料,green_low_carbon,绿色低碳资料,[],泰昌企业资料,"[""技术标""]","[""专项投标文件/5.针对评审要素，需要补充的其他文件/5.3.绿色低碳生产及绿色回收/5.3.1.建立了绿色生产/5.3.1.3.现状环境影响评估报告""]",tender_scoring_derived,needs_review,internal,企业内部资料,review_only,仅限人工复核,needs_customer_confirmation,需要客户确认,泰昌绿色低碳资料历史候选第128页,泰昌技术补充文件,泰昌技术补充文件,绿色低碳资料,来源于泰昌技术补充文件，历史位置为“专项投标文件/5.针对评审要素，需要补充的其他文件/5.3.绿色低碳生产及绿色回收/5.3.1.建立了绿色生产/5.3.1.3.现状环境影响评估报告”。当前仅用于泰昌资料人工复核，未获准进入正式标书。,"[""泰昌"", ""绿色低碳资料"", ""历史标书候选"", ""技术标""]",formal_material_caption,资料：泰昌绿色低碳资料,,True,False,False,blocked,尚未通过P0-06人工批准,0.9,assets/template_words/技术补充文件.docx,（二）专项投标文件/5.针对评审要素，需要补充的其他文件/5.3.绿色低碳生产及绿色回收/5.3.1.建立了绿色生产/5.3.1.3.现状环境影响评估报告,bca34dbfdd132abbe5846da0514d7f96d60bab070d7cc1aba370f12223114617,bca34dbfdd132abbe5846da0514d7f96d60bab070d7cc1aba370f12223114617
technical-media-0152,technical,media,128,new,未发现重复，仍需审核,河北泰昌电力器材科技有限公司,河北泰昌电力器材科技有限公司,mixed_historical_bid,product_library,产品库资料,green_low_carbon,绿色低碳资料,[],泰昌企业资料,"[""技术标""]","[""专项投标文件/5.针对评审要素，需要补充的其他文件/5.3.绿色低碳生产及绿色回收/5.3.1.建立了绿色生产/5.3.1.3.现状环境影响评估报告""]",tender_scoring_derived,needs_review,internal,企业内部资料,review_only,仅限人工复核,needs_customer_confirmation,需要客户确认,泰昌绿色低碳资料历史候选第128页,泰昌技术补充文件,泰昌技术补充文件,绿色低碳资料,来源于泰昌技术补充文件，历史位置为“专项投标文件/5.针对评审要素，需要补充的其他文件/5.3.绿色低碳生产及绿色回收/5.3.1.建立了绿色生产/5.3.1.3.现状环境影响评估报告”。当前仅用于泰昌资料人工复核，未获准进入正式标书。,"[""泰昌"", ""绿色低碳资料"", ""历史标书候选"", ""技术标""]",formal_material_caption,资料：泰昌绿色低碳资料,,True,False,False,blocked,尚未通过P0-06人工批准,0.9,assets/template_words/技术补充文件.docx,（二）专项投标文件/5.针对评审要素，需要补充的其他文件/5.3.绿色低碳生产及绿色回收/5.3.1.建立了绿色生产/5.3.1.3.现状环境影响评估报告,18348308a8332af1996b520bb9dc3696f270bca917164b594fa7aa26fce3ab03,18348308a8332af1996b520bb9dc3696f270bca917164b594fa7aa26fce3ab03
technical-media-0153,technical,media,128,new,未发现重复，仍需审核,河北泰昌电力器材科技有限公司,河北泰昌电力器材科技有限公司,mixed_historical_bid,product_library,产品库资料,green_low_carbon,绿色低碳资料,[],泰昌企业资料,"[""技术标""]","[""专项投标文件/5.针对评审要素，需要补充的其他文件/5.3.绿色低碳生产及绿色回收/5.3.1.建立了绿色生产/5.3.1.3.现状环境影响评估报告""]",tender_scoring_derived,needs_review,internal,企业内部资料,review_only,仅限人工复核,needs_customer_confirmation,需要客户确认,泰昌绿色低碳资料历史候选第128页,泰昌技术补充文件,泰昌技术补充文件,绿色低碳资料,来源于泰昌技术补充文件，历史位置为“专项投标文件/5.针对评审要素，需要补充的其他文件/5.3.绿色低碳生产及绿色回收/5.3.1.建立了绿色生产/5.3.1.3.现状环境影响评估报告”。当前仅用于泰昌资料人工复核，未获准进入正式标书。,"[""泰昌"", ""绿色低碳资料"", ""历史标书候选"", ""技术标""]",formal_material_caption,资料：泰昌绿色低碳资料,,True,False,False,blocked,尚未通过P0-06人工批准,0.9,assets/template_words/技术补充文件.docx,（二）专项投标文件/5.针对评审要素，需要补充的其他文件/5.3.绿色低碳生产及绿色回收/5.3.1.建立了绿色生产/5.3.1.3.现状环境影响评估报告,8aa3d95c2441e97a841b07a055ec1ece0fc01eb47b21b1cd1682559728380b17,8aa3d95c2441e97a841b07a055ec1ece0fc01eb47b21b1cd1682559728380b17
technical-media-0154,technical,media,128,new,未发现重复，仍需审核,河北泰昌电力器材科技有限公司,河北泰昌电力器材科技有限公司,mixed_historical_bid,product_library,产品库资料,green_low_carbon,绿色低碳资料,[],泰昌企业资料,"[""技术标""]","[""专项投标文件/5.针对评审要素，需要补充的其他文件/5.3.绿色低碳生产及绿色回收/5.3.1.建立了绿色生产/5.3.1.3.现状环境影响评估报告""]",tender_scoring_derived,needs_review,internal,企业内部资料,review_only,仅限人工复核,needs_customer_confirmation,需要客户确认,泰昌绿色低碳资料历史候选第128页,泰昌技术补充文件,泰昌技术补充文件,绿色低碳资料,来源于泰昌技术补充文件，历史位置为“专项投标文件/5.针对评审要素，需要补充的其他文件/5.3.绿色低碳生产及绿色回收/5.3.1.建立了绿色生产/5.3.1.3.现状环境影响评估报告”。当前仅用于泰昌资料人工复核，未获准进入正式标书。,"[""泰昌"", ""绿色低碳资料"", ""历史标书候选"", ""技术标""]",formal_material_caption,资料：泰昌绿色低碳资料,,True,False,False,blocked,尚未通过P0-06人工批准,0.9,assets/template_words/技术补充文件.docx,（二）专项投标文件/5.针对评审要素，需要补充的其他文件/5.3.绿色低碳生产及绿色回收/5.3.1.建立了绿色生产/5.3.1.3.现状环境影响评估报告,f2ef0fafdab33a4e5754499e6b278d394edc213af79a42cee4a65893202dcdfe,f2ef0fafdab33a4e5754499e6b278d394edc213af79a42cee4a65893202dcdfe
technical-media-0155,technical,media,128,new,未发现重复，仍需审核,河北泰昌电力器材科技有限公司,河北泰昌电力器材科技有限公司,mixed_historical_bid,product_library,产品库资料,green_low_carbon,绿色低碳资料,[],泰昌企业资料,"[""技术标""]","[""专项投标文件/5.针对评审要素，需要补充的其他文件/5.3.绿色低碳生产及绿色回收/5.3.1.建立了绿色生产/5.3.1.3.现状环境影响评估报告""]",tender_scoring_derived,needs_review,internal,企业内部资料,review_only,仅限人工复核,needs_customer_confirmation,需要客户确认,泰昌绿色低碳资料历史候选第128页,泰昌技术补充文件,泰昌技术补充文件,绿色低碳资料,来源于泰昌技术补充文件，历史位置为“专项投标文件/5.针对评审要素，需要补充的其他文件/5.3.绿色低碳生产及绿色回收/5.3.1.建立了绿色生产/5.3.1.3.现状环境影响评估报告”。当前仅用于泰昌资料人工复核，未获准进入正式标书。,"[""泰昌"", ""绿色低碳资料"", ""历史标书候选"", ""技术标""]",formal_material_caption,资料：泰昌绿色低碳资料,,True,False,False,blocked,尚未通过P0-06人工批准,0.9,assets/template_words/技术补充文件.docx,（二）专项投标文件/5.针对评审要素，需要补充的其他文件/5.3.绿色低碳生产及绿色回收/5.3.1.建立了绿色生产/5.3.1.3.现状环境影响评估报告,6e0a38902e07eb3cf7b3c7129038072811972cc7f9d8ed628be4cd0b9c055686,6e0a38902e07eb3cf7b3c7129038072811972cc7f9d8ed628be4cd0b9c055686
technical-media-0156,technical,media,128,possible_visual_duplicate,视觉疑似重复,河北泰昌电力器材科技有限公司,河北泰昌电力器材科技有限公司,mixed_historical_bid,product_library,产品库资料,green_low_carbon,绿色低碳资料,[],泰昌企业资料,"[""技术标""]","[""专项投标文件/5.针对评审要素，需要补充的其他文件/5.3.绿色低碳生产及绿色回收/5.3.1.建立了绿色生产/5.3.1.3.现状环境影响评估报告""]",tender_scoring_derived,needs_review,internal,企业内部资料,review_only,仅限人工复核,needs_manual_review,需要人工复核,泰昌绿色低碳资料历史候选第128页,泰昌技术补充文件,泰昌技术补充文件,绿色低碳资料,来源于泰昌技术补充文件，历史位置为“专项投标文件/5.针对评审要素，需要补充的其他文件/5.3.绿色低碳生产及绿色回收/5.3.1.建立了绿色生产/5.3.1.3.现状环境影响评估报告”。当前仅用于泰昌资料人工复核，未获准进入正式标书。,"[""泰昌"", ""绿色低碳资料"", ""历史标书候选"", ""技术标""]",formal_material_caption,资料：泰昌绿色低碳资料,taichang-visual-review-498d9fc6b7be5c5ded3e,True,False,False,blocked,尚未通过P0-06人工批准,0.9,assets/template_words/技术补充文件.docx,（二）专项投标文件/5.针对评审要素，需要补充的其他文件/5.3.绿色低碳生产及绿色回收/5.3.1.建立了绿色生产/5.3.1.3.现状环境影响评估报告,48d6cd9a077951f25be184f785ea27257a3beb8a6aa349420496387959d471c0,48d6cd9a077951f25be184f785ea27257a3beb8a6aa349420496387959d471c0
technical-media-0157,technical,media,128,new,未发现重复，仍需审核,河北泰昌电力器材科技有限公司,河北泰昌电力器材科技有限公司,mixed_historical_bid,product_library,产品库资料,green_low_carbon,绿色低碳资料,[],泰昌企业资料,"[""技术标""]","[""专项投标文件/5.针对评审要素，需要补充的其他文件/5.3.绿色低碳生产及绿色回收/5.3.1.建立了绿色生产/5.3.1.3.现状环境影响评估报告""]",tender_scoring_derived,needs_review,internal,企业内部资料,review_only,仅限人工复核,needs_customer_confirmation,需要客户确认,泰昌绿色低碳资料历史候选第128页,泰昌技术补充文件,泰昌技术补充文件,绿色低碳资料,来源于泰昌技术补充文件，历史位置为“专项投标文件/5.针对评审要素，需要补充的其他文件/5.3.绿色低碳生产及绿色回收/5.3.1.建立了绿色生产/5.3.1.3.现状环境影响评估报告”。当前仅用于泰昌资料人工复核，未获准进入正式标书。,"[""泰昌"", ""绿色低碳资料"", ""历史标书候选"", ""技术标""]",formal_material_caption,资料：泰昌绿色低碳资料,,True,False,False,blocked,尚未通过P0-06人工批准,0.9,assets/template_words/技术补充文件.docx,（二）专项投标文件/5.针对评审要素，需要补充的其他文件/5.3.绿色低碳生产及绿色回收/5.3.1.建立了绿色生产/5.3.1.3.现状环境影响评估报告,e1bbebc6d77785cff773f9c567c12d8ae18edf6b4e28a358aad71cebf3ca45ad,e1bbebc6d77785cff773f9c567c12d8ae18edf6b4e28a358aad71cebf3ca45ad
technical-media-0158,technical,media,128,new,未发现重复，仍需审核,河北泰昌电力器材科技有限公司,河北泰昌电力器材科技有限公司,mixed_historical_bid,product_library,产品库资料,green_low_carbon,绿色低碳资料,[],泰昌企业资料,"[""技术标""]","[""专项投标文件/5.针对评审要素，需要补充的其他文件/5.3.绿色低碳生产及绿色回收/5.3.1.建立了绿色生产/5.3.1.3.现状环境影响评估报告""]",tender_scoring_derived,needs_review,internal,企业内部资料,review_only,仅限人工复核,needs_customer_confirmation,需要客户确认,泰昌绿色低碳资料历史候选第128页,泰昌技术补充文件,泰昌技术补充文件,绿色低碳资料,来源于泰昌技术补充文件，历史位置为“专项投标文件/5.针对评审要素，需要补充的其他文件/5.3.绿色低碳生产及绿色回收/5.3.1.建立了绿色生产/5.3.1.3.现状环境影响评估报告”。当前仅用于泰昌资料人工复核，未获准进入正式标书。,"[""泰昌"", ""绿色低碳资料"", ""历史标书候选"", ""技术标""]",formal_material_caption,资料：泰昌绿色低碳资料,,True,False,False,blocked,尚未通过P0-06人工批准,0.9,assets/template_words/技术补充文件.docx,（二）专项投标文件/5.针对评审要素，需要补充的其他文件/5.3.绿色低碳生产及绿色回收/5.3.1.建立了绿色生产/5.3.1.3.现状环境影响评估报告,269e306f8cf107e4ad1c07fbdbdfc1ed657665c35e371076750635f54aab7be2,269e306f8cf107e4ad1c07fbdbdfc1ed657665c35e371076750635f54aab7be2
technical-media-0159,technical,media,128,new,未发现重复，仍需审核,河北泰昌电力器材科技有限公司,河北泰昌电力器材科技有限公司,mixed_historical_bid,product_library,产品库资料,green_low_carbon,绿色低碳资料,[],泰昌企业资料,"[""技术标""]","[""专项投标文件/5.针对评审要素，需要补充的其他文件/5.3.绿色低碳生产及绿色回收/5.3.1.建立了绿色生产/5.3.1.3.现状环境影响评估报告""]",tender_scoring_derived,needs_review,internal,企业内部资料,review_only,仅限人工复核,needs_customer_confirmation,需要客户确认,泰昌绿色低碳资料历史候选第128页,泰昌技术补充文件,泰昌技术补充文件,绿色低碳资料,来源于泰昌技术补充文件，历史位置为“专项投标文件/5.针对评审要素，需要补充的其他文件/5.3.绿色低碳生产及绿色回收/5.3.1.建立了绿色生产/5.3.1.3.现状环境影响评估报告”。当前仅用于泰昌资料人工复核，未获准进入正式标书。,"[""泰昌"", ""绿色低碳资料"", ""历史标书候选"", ""技术标""]",formal_material_caption,资料：泰昌绿色低碳资料,,True,False,False,blocked,尚未通过P0-06人工批准,0.9,assets/template_words/技术补充文件.docx,（二）专项投标文件/5.针对评审要素，需要补充的其他文件/5.3.绿色低碳生产及绿色回收/5.3.1.建立了绿色生产/5.3.1.3.现状环境影响评估报告,7d91cb870a134b93ad4e202c98e774675faef2396d0586c93052a77bed478d61,7d91cb870a134b93ad4e202c98e774675faef2396d0586c93052a77bed478d61
technical-media-0160,technical,media,128,new,未发现重复，仍需审核,河北泰昌电力器材科技有限公司,河北泰昌电力器材科技有限公司,mixed_historical_bid,product_library,产品库资料,green_low_carbon,绿色低碳资料,[],泰昌企业资料,"[""技术标""]","[""专项投标文件/5.针对评审要素，需要补充的其他文件/5.3.绿色低碳生产及绿色回收/5.3.1.建立了绿色生产/5.3.1.3.现状环境影响评估报告""]",tender_scoring_derived,needs_review,internal,企业内部资料,review_only,仅限人工复核,needs_customer_confirmation,需要客户确认,泰昌绿色低碳资料历史候选第128页,泰昌技术补充文件,泰昌技术补充文件,绿色低碳资料,来源于泰昌技术补充文件，历史位置为“专项投标文件/5.针对评审要素，需要补充的其他文件/5.3.绿色低碳生产及绿色回收/5.3.1.建立了绿色生产/5.3.1.3.现状环境影响评估报告”。当前仅用于泰昌资料人工复核，未获准进入正式标书。,"[""泰昌"", ""绿色低碳资料"", ""历史标书候选"", ""技术标""]",formal_material_caption,资料：泰昌绿色低碳资料,,True,False,False,blocked,尚未通过P0-06人工批准,0.9,assets/template_words/技术补充文件.docx,（二）专项投标文件/5.针对评审要素，需要补充的其他文件/5.3.绿色低碳生产及绿色回收/5.3.1.建立了绿色生产/5.3.1.3.现状环境影响评估报告,44f89d0468be8babad49b3f2e36540d8493bf3b16b2c9b9ab06587ac075c99af,44f89d0468be8babad49b3f2e36540d8493bf3b16b2c9b9ab06587ac075c99af
technical-media-0161,technical,media,128,new,未发现重复，仍需审核,河北泰昌电力器材科技有限公司,河北泰昌电力器材科技有限公司,mixed_historical_bid,product_library,产品库资料,green_low_carbon,绿色低碳资料,[],泰昌企业资料,"[""技术标""]","[""专项投标文件/5.针对评审要素，需要补充的其他文件/5.3.绿色低碳生产及绿色回收/5.3.1.建立了绿色生产/5.3.1.3.现状环境影响评估报告""]",tender_scoring_derived,needs_review,internal,企业内部资料,review_only,仅限人工复核,needs_customer_confirmation,需要客户确认,泰昌绿色低碳资料历史候选第128页,泰昌技术补充文件,泰昌技术补充文件,绿色低碳资料,来源于泰昌技术补充文件，历史位置为“专项投标文件/5.针对评审要素，需要补充的其他文件/5.3.绿色低碳生产及绿色回收/5.3.1.建立了绿色生产/5.3.1.3.现状环境影响评估报告”。当前仅用于泰昌资料人工复核，未获准进入正式标书。,"[""泰昌"", ""绿色低碳资料"", ""历史标书候选"", ""技术标""]",formal_material_caption,资料：泰昌绿色低碳资料,,True,False,False,blocked,尚未通过P0-06人工批准,0.9,assets/template_words/技术补充文件.docx,（二）专项投标文件/5.针对评审要素，需要补充的其他文件/5.3.绿色低碳生产及绿色回收/5.3.1.建立了绿色生产/5.3.1.3.现状环境影响评估报告,18329592421b0465a8eae366d7b8ddb4dd2edb125563ec73e6ca35b8126ec0cc,18329592421b0465a8eae366d7b8ddb4dd2edb125563ec73e6ca35b8126ec0cc
technical-media-0162,technical,media,128,new,未发现重复，仍需审核,河北泰昌电力器材科技有限公司,河北泰昌电力器材科技有限公司,mixed_historical_bid,product_library,产品库资料,green_low_carbon,绿色低碳资料,[],泰昌企业资料,"[""技术标""]","[""专项投标文件/5.针对评审要素，需要补充的其他文件/5.3.绿色低碳生产及绿色回收/5.3.1.建立了绿色生产/5.3.1.3.现状环境影响评估报告""]",tender_scoring_derived,needs_review,internal,企业内部资料,review_only,仅限人工复核,needs_customer_confirmation,需要客户确认,泰昌绿色低碳资料历史候选第128页,泰昌技术补充文件,泰昌技术补充文件,绿色低碳资料,来源于泰昌技术补充文件，历史位置为“专项投标文件/5.针对评审要素，需要补充的其他文件/5.3.绿色低碳生产及绿色回收/5.3.1.建立了绿色生产/5.3.1.3.现状环境影响评估报告”。当前仅用于泰昌资料人工复核，未获准进入正式标书。,"[""泰昌"", ""绿色低碳资料"", ""历史标书候选"", ""技术标""]",formal_material_caption,资料：泰昌绿色低碳资料,,True,False,False,blocked,尚未通过P0-06人工批准,0.9,assets/template_words/技术补充文件.docx,（二）专项投标文件/5.针对评审要素，需要补充的其他文件/5.3.绿色低碳生产及绿色回收/5.3.1.建立了绿色生产/5.3.1.3.现状环境影响评估报告,facc29f07481a92ebc54e2955cda7cd244514dbaf349a3bfe5f6b3a9faa73ebf,facc29f07481a92ebc54e2955cda7cd244514dbaf349a3bfe5f6b3a9faa73ebf
technical-media-0163,technical,media,128,new,未发现重复，仍需审核,河北泰昌电力器材科技有限公司,河北泰昌电力器材科技有限公司,mixed_historical_bid,product_library,产品库资料,green_low_carbon,绿色低碳资料,[],泰昌企业资料,"[""技术标""]","[""专项投标文件/5.针对评审要素，需要补充的其他文件/5.3.绿色低碳生产及绿色回收/5.3.1.建立了绿色生产/5.3.1.3.现状环境影响评估报告""]",tender_scoring_derived,needs_review,internal,企业内部资料,review_only,仅限人工复核,needs_customer_confirmation,需要客户确认,泰昌绿色低碳资料历史候选第128页,泰昌技术补充文件,泰昌技术补充文件,绿色低碳资料,来源于泰昌技术补充文件，历史位置为“专项投标文件/5.针对评审要素，需要补充的其他文件/5.3.绿色低碳生产及绿色回收/5.3.1.建立了绿色生产/5.3.1.3.现状环境影响评估报告”。当前仅用于泰昌资料人工复核，未获准进入正式标书。,"[""泰昌"", ""绿色低碳资料"", ""历史标书候选"", ""技术标""]",formal_material_caption,资料：泰昌绿色低碳资料,,True,False,False,blocked,尚未通过P0-06人工批准,0.9,assets/template_words/技术补充文件.docx,（二）专项投标文件/5.针对评审要素，需要补充的其他文件/5.3.绿色低碳生产及绿色回收/5.3.1.建立了绿色生产/5.3.1.3.现状环境影响评估报告,ebed20ff147f06734b2c3a5faa8d28a47ee6ad6a0cc13a7c9100ad7c303c138c,ebed20ff147f06734b2c3a5faa8d28a47ee6ad6a0cc13a7c9100ad7c303c138c
technical-media-0164,technical,media,128,new,未发现重复，仍需审核,河北泰昌电力器材科技有限公司,河北泰昌电力器材科技有限公司,mixed_historical_bid,product_library,产品库资料,green_low_carbon,绿色低碳资料,[],泰昌企业资料,"[""技术标""]","[""专项投标文件/5.针对评审要素，需要补充的其他文件/5.3.绿色低碳生产及绿色回收/5.3.1.建立了绿色生产/5.3.1.3.现状环境影响评估报告""]",tender_scoring_derived,needs_review,internal,企业内部资料,review_only,仅限人工复核,needs_customer_confirmation,需要客户确认,泰昌绿色低碳资料历史候选第128页,泰昌技术补充文件,泰昌技术补充文件,绿色低碳资料,来源于泰昌技术补充文件，历史位置为“专项投标文件/5.针对评审要素，需要补充的其他文件/5.3.绿色低碳生产及绿色回收/5.3.1.建立了绿色生产/5.3.1.3.现状环境影响评估报告”。当前仅用于泰昌资料人工复核，未获准进入正式标书。,"[""泰昌"", ""绿色低碳资料"", ""历史标书候选"", ""技术标""]",formal_material_caption,资料：泰昌绿色低碳资料,,True,False,False,blocked,尚未通过P0-06人工批准,0.9,assets/template_words/技术补充文件.docx,（二）专项投标文件/5.针对评审要素，需要补充的其他文件/5.3.绿色低碳生产及绿色回收/5.3.1.建立了绿色生产/5.3.1.3.现状环境影响评估报告,847fe1a5345c69c02ea02954267b1969a982b0e88e0ac0df0e5cbcea262fe666,847fe1a5345c69c02ea02954267b1969a982b0e88e0ac0df0e5cbcea262fe666
technical-media-0165,technical,media,128,new,未发现重复，仍需审核,河北泰昌电力器材科技有限公司,河北泰昌电力器材科技有限公司,mixed_historical_bid,product_library,产品库资料,green_low_carbon,绿色低碳资料,[],泰昌企业资料,"[""技术标""]","[""专项投标文件/5.针对评审要素，需要补充的其他文件/5.3.绿色低碳生产及绿色回收/5.3.1.建立了绿色生产/5.3.1.3.现状环境影响评估报告""]",tender_scoring_derived,needs_review,internal,企业内部资料,review_only,仅限人工复核,needs_customer_confirmation,需要客户确认,泰昌绿色低碳资料历史候选第128页,泰昌技术补充文件,泰昌技术补充文件,绿色低碳资料,来源于泰昌技术补充文件，历史位置为“专项投标文件/5.针对评审要素，需要补充的其他文件/5.3.绿色低碳生产及绿色回收/5.3.1.建立了绿色生产/5.3.1.3.现状环境影响评估报告”。当前仅用于泰昌资料人工复核，未获准进入正式标书。,"[""泰昌"", ""绿色低碳资料"", ""历史标书候选"", ""技术标""]",formal_material_caption,资料：泰昌绿色低碳资料,,True,False,False,blocked,尚未通过P0-06人工批准,0.9,assets/template_words/技术补充文件.docx,（二）专项投标文件/5.针对评审要素，需要补充的其他文件/5.3.绿色低碳生产及绿色回收/5.3.1.建立了绿色生产/5.3.1.3.现状环境影响评估报告,3fb9454388d631aefc554557d507b3e941463ad6f213e0625178484062938709,3fb9454388d631aefc554557d507b3e941463ad6f213e0625178484062938709
technical-media-0166,technical,media,128,new,未发现重复，仍需审核,河北泰昌电力器材科技有限公司,河北泰昌电力器材科技有限公司,mixed_historical_bid,product_library,产品库资料,green_low_carbon,绿色低碳资料,[],泰昌企业资料,"[""技术标""]","[""专项投标文件/5.针对评审要素，需要补充的其他文件/5.3.绿色低碳生产及绿色回收/5.3.1.建立了绿色生产/5.3.1.3.现状环境影响评估报告""]",tender_scoring_derived,needs_review,internal,企业内部资料,review_only,仅限人工复核,needs_customer_confirmation,需要客户确认,泰昌绿色低碳资料历史候选第128页,泰昌技术补充文件,泰昌技术补充文件,绿色低碳资料,来源于泰昌技术补充文件，历史位置为“专项投标文件/5.针对评审要素，需要补充的其他文件/5.3.绿色低碳生产及绿色回收/5.3.1.建立了绿色生产/5.3.1.3.现状环境影响评估报告”。当前仅用于泰昌资料人工复核，未获准进入正式标书。,"[""泰昌"", ""绿色低碳资料"", ""历史标书候选"", ""技术标""]",formal_material_caption,资料：泰昌绿色低碳资料,,True,False,False,blocked,尚未通过P0-06人工批准,0.9,assets/template_words/技术补充文件.docx,（二）专项投标文件/5.针对评审要素，需要补充的其他文件/5.3.绿色低碳生产及绿色回收/5.3.1.建立了绿色生产/5.3.1.3.现状环境影响评估报告,05f4b06d246a57b210272ed5903492eba4a2bd2ad491d2f3e13c8c49a9577a34,05f4b06d246a57b210272ed5903492eba4a2bd2ad491d2f3e13c8c49a9577a34
technical-media-0167,technical,media,128,new,未发现重复，仍需审核,河北泰昌电力器材科技有限公司,河北泰昌电力器材科技有限公司,mixed_historical_bid,product_library,产品库资料,green_low_carbon,绿色低碳资料,[],泰昌企业资料,"[""技术标""]","[""专项投标文件/5.针对评审要素，需要补充的其他文件/5.3.绿色低碳生产及绿色回收/5.3.1.建立了绿色生产/5.3.1.3.现状环境影响评估报告""]",tender_scoring_derived,needs_review,internal,企业内部资料,review_only,仅限人工复核,needs_customer_confirmation,需要客户确认,泰昌绿色低碳资料历史候选第128页,泰昌技术补充文件,泰昌技术补充文件,绿色低碳资料,来源于泰昌技术补充文件，历史位置为“专项投标文件/5.针对评审要素，需要补充的其他文件/5.3.绿色低碳生产及绿色回收/5.3.1.建立了绿色生产/5.3.1.3.现状环境影响评估报告”。当前仅用于泰昌资料人工复核，未获准进入正式标书。,"[""泰昌"", ""绿色低碳资料"", ""历史标书候选"", ""技术标""]",formal_material_caption,资料：泰昌绿色低碳资料,,True,False,False,blocked,尚未通过P0-06人工批准,0.9,assets/template_words/技术补充文件.docx,（二）专项投标文件/5.针对评审要素，需要补充的其他文件/5.3.绿色低碳生产及绿色回收/5.3.1.建立了绿色生产/5.3.1.3.现状环境影响评估报告,cbd8af6f26ad8af3224556f11cde29734d793e4f9933ab615eb0b69b6839503e,cbd8af6f26ad8af3224556f11cde29734d793e4f9933ab615eb0b69b6839503e
technical-media-0168,technical,media,128,new,未发现重复，仍需审核,河北泰昌电力器材科技有限公司,河北泰昌电力器材科技有限公司,mixed_historical_bid,product_library,产品库资料,green_low_carbon,绿色低碳资料,[],泰昌企业资料,"[""技术标""]","[""专项投标文件/5.针对评审要素，需要补充的其他文件/5.3.绿色低碳生产及绿色回收/5.3.1.建立了绿色生产/5.3.1.3.现状环境影响评估报告""]",tender_scoring_derived,needs_review,internal,企业内部资料,review_only,仅限人工复核,needs_customer_confirmation,需要客户确认,泰昌绿色低碳资料历史候选第128页,泰昌技术补充文件,泰昌技术补充文件,绿色低碳资料,来源于泰昌技术补充文件，历史位置为“专项投标文件/5.针对评审要素，需要补充的其他文件/5.3.绿色低碳生产及绿色回收/5.3.1.建立了绿色生产/5.3.1.3.现状环境影响评估报告”。当前仅用于泰昌资料人工复核，未获准进入正式标书。,"[""泰昌"", ""绿色低碳资料"", ""历史标书候选"", ""技术标""]",formal_material_caption,资料：泰昌绿色低碳资料,,True,False,False,blocked,尚未通过P0-06人工批准,0.9,assets/template_words/技术补充文件.docx,（二）专项投标文件/5.针对评审要素，需要补充的其他文件/5.3.绿色低碳生产及绿色回收/5.3.1.建立了绿色生产/5.3.1.3.现状环境影响评估报告,f7278568c39d6478d664fa407a160c3ffe34868878f57e0349cd487a90ddebea,f7278568c39d6478d664fa407a160c3ffe34868878f57e0349cd487a90ddebea
technical-media-0169,technical,media,128,new,未发现重复，仍需审核,河北泰昌电力器材科技有限公司,河北泰昌电力器材科技有限公司,mixed_historical_bid,product_library,产品库资料,green_low_carbon,绿色低碳资料,[],泰昌企业资料,"[""技术标""]","[""专项投标文件/5.针对评审要素，需要补充的其他文件/5.3.绿色低碳生产及绿色回收/5.3.1.建立了绿色生产/5.3.1.3.现状环境影响评估报告""]",tender_scoring_derived,needs_review,internal,企业内部资料,review_only,仅限人工复核,needs_customer_confirmation,需要客户确认,泰昌绿色低碳资料历史候选第128页,泰昌技术补充文件,泰昌技术补充文件,绿色低碳资料,来源于泰昌技术补充文件，历史位置为“专项投标文件/5.针对评审要素，需要补充的其他文件/5.3.绿色低碳生产及绿色回收/5.3.1.建立了绿色生产/5.3.1.3.现状环境影响评估报告”。当前仅用于泰昌资料人工复核，未获准进入正式标书。,"[""泰昌"", ""绿色低碳资料"", ""历史标书候选"", ""技术标""]",formal_material_caption,资料：泰昌绿色低碳资料,,True,False,False,blocked,尚未通过P0-06人工批准,0.9,assets/template_words/技术补充文件.docx,（二）专项投标文件/5.针对评审要素，需要补充的其他文件/5.3.绿色低碳生产及绿色回收/5.3.1.建立了绿色生产/5.3.1.3.现状环境影响评估报告,dcd1e45b50b3de0e2e72ded6100dbae5273e076edcee57b0e5724d3ab2985c96,dcd1e45b50b3de0e2e72ded6100dbae5273e076edcee57b0e5724d3ab2985c96
technical-media-0170,technical,media,128,new,未发现重复，仍需审核,河北泰昌电力器材科技有限公司,河北泰昌电力器材科技有限公司,mixed_historical_bid,product_library,产品库资料,green_low_carbon,绿色低碳资料,[],泰昌企业资料,"[""技术标""]","[""专项投标文件/5.针对评审要素，需要补充的其他文件/5.3.绿色低碳生产及绿色回收/5.3.1.建立了绿色生产/5.3.1.3.现状环境影响评估报告""]",tender_scoring_derived,needs_review,internal,企业内部资料,review_only,仅限人工复核,needs_customer_confirmation,需要客户确认,泰昌绿色低碳资料历史候选第128页,泰昌技术补充文件,泰昌技术补充文件,绿色低碳资料,来源于泰昌技术补充文件，历史位置为“专项投标文件/5.针对评审要素，需要补充的其他文件/5.3.绿色低碳生产及绿色回收/5.3.1.建立了绿色生产/5.3.1.3.现状环境影响评估报告”。当前仅用于泰昌资料人工复核，未获准进入正式标书。,"[""泰昌"", ""绿色低碳资料"", ""历史标书候选"", ""技术标""]",formal_material_caption,资料：泰昌绿色低碳资料,,True,False,False,blocked,尚未通过P0-06人工批准,0.9,assets/template_words/技术补充文件.docx,（二）专项投标文件/5.针对评审要素，需要补充的其他文件/5.3.绿色低碳生产及绿色回收/5.3.1.建立了绿色生产/5.3.1.3.现状环境影响评估报告,8c56379e9694a11d96eb0c6a50ec166ed7b9112cb6e68456541d273b9e032973,8c56379e9694a11d96eb0c6a50ec166ed7b9112cb6e68456541d273b9e032973
technical-media-0171,technical,media,128,new,未发现重复，仍需审核,河北泰昌电力器材科技有限公司,河北泰昌电力器材科技有限公司,mixed_historical_bid,product_library,产品库资料,green_low_carbon,绿色低碳资料,[],泰昌企业资料,"[""技术标""]","[""专项投标文件/5.针对评审要素，需要补充的其他文件/5.3.绿色低碳生产及绿色回收/5.3.1.建立了绿色生产/5.3.1.3.现状环境影响评估报告""]",tender_scoring_derived,needs_review,internal,企业内部资料,review_only,仅限人工复核,needs_customer_confirmation,需要客户确认,泰昌绿色低碳资料历史候选第128页,泰昌技术补充文件,泰昌技术补充文件,绿色低碳资料,来源于泰昌技术补充文件，历史位置为“专项投标文件/5.针对评审要素，需要补充的其他文件/5.3.绿色低碳生产及绿色回收/5.3.1.建立了绿色生产/5.3.1.3.现状环境影响评估报告”。当前仅用于泰昌资料人工复核，未获准进入正式标书。,"[""泰昌"", ""绿色低碳资料"", ""历史标书候选"", ""技术标""]",formal_material_caption,资料：泰昌绿色低碳资料,,True,False,False,blocked,尚未通过P0-06人工批准,0.9,assets/template_words/技术补充文件.docx,（二）专项投标文件/5.针对评审要素，需要补充的其他文件/5.3.绿色低碳生产及绿色回收/5.3.1.建立了绿色生产/5.3.1.3.现状环境影响评估报告,2642135ea4252a275889b714cbd77d43daf2f7493cffa16c1da72e958492331f,2642135ea4252a275889b714cbd77d43daf2f7493cffa16c1da72e958492331f
technical-media-0172,technical,media,128,new,未发现重复，仍需审核,河北泰昌电力器材科技有限公司,河北泰昌电力器材科技有限公司,mixed_historical_bid,product_library,产品库资料,green_low_carbon,绿色低碳资料,[],泰昌企业资料,"[""技术标""]","[""专项投标文件/5.针对评审要素，需要补充的其他文件/5.3.绿色低碳生产及绿色回收/5.3.1.建立了绿色生产/5.3.1.3.现状环境影响评估报告""]",tender_scoring_derived,needs_review,internal,企业内部资料,review_only,仅限人工复核,needs_customer_confirmation,需要客户确认,泰昌绿色低碳资料历史候选第128页,泰昌技术补充文件,泰昌技术补充文件,绿色低碳资料,来源于泰昌技术补充文件，历史位置为“专项投标文件/5.针对评审要素，需要补充的其他文件/5.3.绿色低碳生产及绿色回收/5.3.1.建立了绿色生产/5.3.1.3.现状环境影响评估报告”。当前仅用于泰昌资料人工复核，未获准进入正式标书。,"[""泰昌"", ""绿色低碳资料"", ""历史标书候选"", ""技术标""]",formal_material_caption,资料：泰昌绿色低碳资料,,True,False,False,blocked,尚未通过P0-06人工批准,0.9,assets/template_words/技术补充文件.docx,（二）专项投标文件/5.针对评审要素，需要补充的其他文件/5.3.绿色低碳生产及绿色回收/5.3.1.建立了绿色生产/5.3.1.3.现状环境影响评估报告,fc06fdde27589a33293da753a475ca4b0eab633d3b045bb1d5665ea099346689,fc06fdde27589a33293da753a475ca4b0eab633d3b045bb1d5665ea099346689
technical-media-0173,technical,media,128,new,未发现重复，仍需审核,河北泰昌电力器材科技有限公司,河北泰昌电力器材科技有限公司,mixed_historical_bid,product_library,产品库资料,green_low_carbon,绿色低碳资料,[],泰昌企业资料,"[""技术标""]","[""专项投标文件/5.针对评审要素，需要补充的其他文件/5.3.绿色低碳生产及绿色回收/5.3.1.建立了绿色生产/5.3.1.3.现状环境影响评估报告""]",tender_scoring_derived,needs_review,internal,企业内部资料,review_only,仅限人工复核,needs_customer_confirmation,需要客户确认,泰昌绿色低碳资料历史候选第128页,泰昌技术补充文件,泰昌技术补充文件,绿色低碳资料,来源于泰昌技术补充文件，历史位置为“专项投标文件/5.针对评审要素，需要补充的其他文件/5.3.绿色低碳生产及绿色回收/5.3.1.建立了绿色生产/5.3.1.3.现状环境影响评估报告”。当前仅用于泰昌资料人工复核，未获准进入正式标书。,"[""泰昌"", ""绿色低碳资料"", ""历史标书候选"", ""技术标""]",formal_material_caption,资料：泰昌绿色低碳资料,,True,False,False,blocked,尚未通过P0-06人工批准,0.9,assets/template_words/技术补充文件.docx,（二）专项投标文件/5.针对评审要素，需要补充的其他文件/5.3.绿色低碳生产及绿色回收/5.3.1.建立了绿色生产/5.3.1.3.现状环境影响评估报告,1f45ed5a92289b7d52916072c8c6765fdba68b466a715c6bcdd8880bc3cc4264,1f45ed5a92289b7d52916072c8c6765fdba68b466a715c6bcdd8880bc3cc4264
technical-media-0174,technical,media,128,new,未发现重复，仍需审核,河北泰昌电力器材科技有限公司,河北泰昌电力器材科技有限公司,mixed_historical_bid,product_library,产品库资料,green_low_carbon,绿色低碳资料,[],泰昌企业资料,"[""技术标""]","[""专项投标文件/5.针对评审要素，需要补充的其他文件/5.3.绿色低碳生产及绿色回收/5.3.1.建立了绿色生产/5.3.1.3.现状环境影响评估报告""]",tender_scoring_derived,needs_review,internal,企业内部资料,review_only,仅限人工复核,needs_customer_confirmation,需要客户确认,泰昌绿色低碳资料历史候选第128页,泰昌技术补充文件,泰昌技术补充文件,绿色低碳资料,来源于泰昌技术补充文件，历史位置为“专项投标文件/5.针对评审要素，需要补充的其他文件/5.3.绿色低碳生产及绿色回收/5.3.1.建立了绿色生产/5.3.1.3.现状环境影响评估报告”。当前仅用于泰昌资料人工复核，未获准进入正式标书。,"[""泰昌"", ""绿色低碳资料"", ""历史标书候选"", ""技术标""]",formal_material_caption,资料：泰昌绿色低碳资料,,True,False,False,blocked,尚未通过P0-06人工批准,0.9,assets/template_words/技术补充文件.docx,（二）专项投标文件/5.针对评审要素，需要补充的其他文件/5.3.绿色低碳生产及绿色回收/5.3.1.建立了绿色生产/5.3.1.3.现状环境影响评估报告,956246a8565a665e992559009d3e50fe72f82a3b5061f867434f6970bd662bf8,956246a8565a665e992559009d3e50fe72f82a3b5061f867434f6970bd662bf8
technical-media-0175,technical,media,128,new,未发现重复，仍需审核,河北泰昌电力器材科技有限公司,河北泰昌电力器材科技有限公司,mixed_historical_bid,product_library,产品库资料,green_low_carbon,绿色低碳资料,[],泰昌企业资料,"[""技术标""]","[""专项投标文件/5.针对评审要素，需要补充的其他文件/5.3.绿色低碳生产及绿色回收/5.3.1.建立了绿色生产/5.3.1.3.现状环境影响评估报告""]",tender_scoring_derived,needs_review,internal,企业内部资料,review_only,仅限人工复核,needs_customer_confirmation,需要客户确认,泰昌绿色低碳资料历史候选第128页,泰昌技术补充文件,泰昌技术补充文件,绿色低碳资料,来源于泰昌技术补充文件，历史位置为“专项投标文件/5.针对评审要素，需要补充的其他文件/5.3.绿色低碳生产及绿色回收/5.3.1.建立了绿色生产/5.3.1.3.现状环境影响评估报告”。当前仅用于泰昌资料人工复核，未获准进入正式标书。,"[""泰昌"", ""绿色低碳资料"", ""历史标书候选"", ""技术标""]",formal_material_caption,资料：泰昌绿色低碳资料,,True,False,False,blocked,尚未通过P0-06人工批准,0.9,assets/template_words/技术补充文件.docx,（二）专项投标文件/5.针对评审要素，需要补充的其他文件/5.3.绿色低碳生产及绿色回收/5.3.1.建立了绿色生产/5.3.1.3.现状环境影响评估报告,d6f2b92d37e226bd9831d2cdd69d5831e349b5fa6e516ca82c7cb59f2c12ff44,d6f2b92d37e226bd9831d2cdd69d5831e349b5fa6e516ca82c7cb59f2c12ff44
technical-media-0176,technical,media,128,new,未发现重复，仍需审核,河北泰昌电力器材科技有限公司,河北泰昌电力器材科技有限公司,mixed_historical_bid,product_library,产品库资料,green_low_carbon,绿色低碳资料,[],泰昌企业资料,"[""技术标""]","[""专项投标文件/5.针对评审要素，需要补充的其他文件/5.3.绿色低碳生产及绿色回收/5.3.1.建立了绿色生产/5.3.1.3.现状环境影响评估报告""]",tender_scoring_derived,needs_review,internal,企业内部资料,review_only,仅限人工复核,needs_customer_confirmation,需要客户确认,泰昌绿色低碳资料历史候选第128页,泰昌技术补充文件,泰昌技术补充文件,绿色低碳资料,来源于泰昌技术补充文件，历史位置为“专项投标文件/5.针对评审要素，需要补充的其他文件/5.3.绿色低碳生产及绿色回收/5.3.1.建立了绿色生产/5.3.1.3.现状环境影响评估报告”。当前仅用于泰昌资料人工复核，未获准进入正式标书。,"[""泰昌"", ""绿色低碳资料"", ""历史标书候选"", ""技术标""]",formal_material_caption,资料：泰昌绿色低碳资料,,True,False,False,blocked,尚未通过P0-06人工批准,0.9,assets/template_words/技术补充文件.docx,（二）专项投标文件/5.针对评审要素，需要补充的其他文件/5.3.绿色低碳生产及绿色回收/5.3.1.建立了绿色生产/5.3.1.3.现状环境影响评估报告,6fa27dea07c981162df28142bfc4c1ce01fcaf783d97be985a27fde80b3ed6cc,6fa27dea07c981162df28142bfc4c1ce01fcaf783d97be985a27fde80b3ed6cc
technical-media-0177,technical,media,128,new,未发现重复，仍需审核,河北泰昌电力器材科技有限公司,河北泰昌电力器材科技有限公司,mixed_historical_bid,product_library,产品库资料,green_low_carbon,绿色低碳资料,[],泰昌企业资料,"[""技术标""]","[""专项投标文件/5.针对评审要素，需要补充的其他文件/5.3.绿色低碳生产及绿色回收/5.3.1.建立了绿色生产/5.3.1.3.现状环境影响评估报告""]",tender_scoring_derived,needs_review,internal,企业内部资料,review_only,仅限人工复核,needs_customer_confirmation,需要客户确认,泰昌绿色低碳资料历史候选第128页,泰昌技术补充文件,泰昌技术补充文件,绿色低碳资料,来源于泰昌技术补充文件，历史位置为“专项投标文件/5.针对评审要素，需要补充的其他文件/5.3.绿色低碳生产及绿色回收/5.3.1.建立了绿色生产/5.3.1.3.现状环境影响评估报告”。当前仅用于泰昌资料人工复核，未获准进入正式标书。,"[""泰昌"", ""绿色低碳资料"", ""历史标书候选"", ""技术标""]",formal_material_caption,资料：泰昌绿色低碳资料,,True,False,False,blocked,尚未通过P0-06人工批准,0.9,assets/template_words/技术补充文件.docx,（二）专项投标文件/5.针对评审要素，需要补充的其他文件/5.3.绿色低碳生产及绿色回收/5.3.1.建立了绿色生产/5.3.1.3.现状环境影响评估报告,9a1776a672141ffda9d63b7eaa4afb36725933fac1a0065ab1a310f9875d65e7,9a1776a672141ffda9d63b7eaa4afb36725933fac1a0065ab1a310f9875d65e7
technical-media-0178,technical,media,128,new,未发现重复，仍需审核,河北泰昌电力器材科技有限公司,河北泰昌电力器材科技有限公司,mixed_historical_bid,product_library,产品库资料,green_low_carbon,绿色低碳资料,[],泰昌企业资料,"[""技术标""]","[""专项投标文件/5.针对评审要素，需要补充的其他文件/5.3.绿色低碳生产及绿色回收/5.3.1.建立了绿色生产/5.3.1.3.现状环境影响评估报告""]",tender_scoring_derived,needs_review,internal,企业内部资料,review_only,仅限人工复核,needs_customer_confirmation,需要客户确认,泰昌绿色低碳资料历史候选第128页,泰昌技术补充文件,泰昌技术补充文件,绿色低碳资料,来源于泰昌技术补充文件，历史位置为“专项投标文件/5.针对评审要素，需要补充的其他文件/5.3.绿色低碳生产及绿色回收/5.3.1.建立了绿色生产/5.3.1.3.现状环境影响评估报告”。当前仅用于泰昌资料人工复核，未获准进入正式标书。,"[""泰昌"", ""绿色低碳资料"", ""历史标书候选"", ""技术标""]",formal_material_caption,资料：泰昌绿色低碳资料,,True,False,False,blocked,尚未通过P0-06人工批准,0.9,assets/template_words/技术补充文件.docx,（二）专项投标文件/5.针对评审要素，需要补充的其他文件/5.3.绿色低碳生产及绿色回收/5.3.1.建立了绿色生产/5.3.1.3.现状环境影响评估报告,797052cc7e24168b5eb3eeb8634c6208769b4e3f766e6ad3b262b5d3738a9ef0,797052cc7e24168b5eb3eeb8634c6208769b4e3f766e6ad3b262b5d3738a9ef0
technical-media-0179,technical,media,128,new,未发现重复，仍需审核,河北泰昌电力器材科技有限公司,河北泰昌电力器材科技有限公司,mixed_historical_bid,product_library,产品库资料,green_low_carbon,绿色低碳资料,[],泰昌企业资料,"[""技术标""]","[""专项投标文件/5.针对评审要素，需要补充的其他文件/5.3.绿色低碳生产及绿色回收/5.3.1.建立了绿色生产/5.3.1.3.现状环境影响评估报告""]",tender_scoring_derived,needs_review,internal,企业内部资料,review_only,仅限人工复核,needs_customer_confirmation,需要客户确认,泰昌绿色低碳资料历史候选第128页,泰昌技术补充文件,泰昌技术补充文件,绿色低碳资料,来源于泰昌技术补充文件，历史位置为“专项投标文件/5.针对评审要素，需要补充的其他文件/5.3.绿色低碳生产及绿色回收/5.3.1.建立了绿色生产/5.3.1.3.现状环境影响评估报告”。当前仅用于泰昌资料人工复核，未获准进入正式标书。,"[""泰昌"", ""绿色低碳资料"", ""历史标书候选"", ""技术标""]",formal_material_caption,资料：泰昌绿色低碳资料,,True,False,False,blocked,尚未通过P0-06人工批准,0.9,assets/template_words/技术补充文件.docx,（二）专项投标文件/5.针对评审要素，需要补充的其他文件/5.3.绿色低碳生产及绿色回收/5.3.1.建立了绿色生产/5.3.1.3.现状环境影响评估报告,1d7699a120bdd2cff304c017d6b48f3a9853a3bd089393399ef749a5a0e1c81f,1d7699a120bdd2cff304c017d6b48f3a9853a3bd089393399ef749a5a0e1c81f
technical-media-0180,technical,media,128,new,未发现重复，仍需审核,河北泰昌电力器材科技有限公司,河北泰昌电力器材科技有限公司,mixed_historical_bid,product_library,产品库资料,green_low_carbon,绿色低碳资料,[],泰昌企业资料,"[""技术标""]","[""专项投标文件/5.针对评审要素，需要补充的其他文件/5.3.绿色低碳生产及绿色回收/5.3.1.建立了绿色生产/5.3.1.3.现状环境影响评估报告""]",tender_scoring_derived,needs_review,internal,企业内部资料,review_only,仅限人工复核,needs_customer_confirmation,需要客户确认,泰昌绿色低碳资料历史候选第128页,泰昌技术补充文件,泰昌技术补充文件,绿色低碳资料,来源于泰昌技术补充文件，历史位置为“专项投标文件/5.针对评审要素，需要补充的其他文件/5.3.绿色低碳生产及绿色回收/5.3.1.建立了绿色生产/5.3.1.3.现状环境影响评估报告”。当前仅用于泰昌资料人工复核，未获准进入正式标书。,"[""泰昌"", ""绿色低碳资料"", ""历史标书候选"", ""技术标""]",formal_material_caption,资料：泰昌绿色低碳资料,,True,False,False,blocked,尚未通过P0-06人工批准,0.9,assets/template_words/技术补充文件.docx,（二）专项投标文件/5.针对评审要素，需要补充的其他文件/5.3.绿色低碳生产及绿色回收/5.3.1.建立了绿色生产/5.3.1.3.现状环境影响评估报告,4d06d19fa6e8a901b8b884ca585698c4a397edf97723016fd740b60048cdd182,4d06d19fa6e8a901b8b884ca585698c4a397edf97723016fd740b60048cdd182
technical-media-0181,technical,media,128,new,未发现重复，仍需审核,河北泰昌电力器材科技有限公司,河北泰昌电力器材科技有限公司,mixed_historical_bid,product_library,产品库资料,green_low_carbon,绿色低碳资料,[],泰昌企业资料,"[""技术标""]","[""专项投标文件/5.针对评审要素，需要补充的其他文件/5.3.绿色低碳生产及绿色回收/5.3.1.建立了绿色生产/5.3.1.3.现状环境影响评估报告""]",tender_scoring_derived,needs_review,internal,企业内部资料,review_only,仅限人工复核,needs_customer_confirmation,需要客户确认,泰昌绿色低碳资料历史候选第128页,泰昌技术补充文件,泰昌技术补充文件,绿色低碳资料,来源于泰昌技术补充文件，历史位置为“专项投标文件/5.针对评审要素，需要补充的其他文件/5.3.绿色低碳生产及绿色回收/5.3.1.建立了绿色生产/5.3.1.3.现状环境影响评估报告”。当前仅用于泰昌资料人工复核，未获准进入正式标书。,"[""泰昌"", ""绿色低碳资料"", ""历史标书候选"", ""技术标""]",formal_material_caption,资料：泰昌绿色低碳资料,,True,False,False,blocked,尚未通过P0-06人工批准,0.9,assets/template_words/技术补充文件.docx,（二）专项投标文件/5.针对评审要素，需要补充的其他文件/5.3.绿色低碳生产及绿色回收/5.3.1.建立了绿色生产/5.3.1.3.现状环境影响评估报告,45195f8bee4e47710ca597eb6c3c3ebceb3284c6db080bb71b2918601271b7a4,45195f8bee4e47710ca597eb6c3c3ebceb3284c6db080bb71b2918601271b7a4
technical-media-0182,technical,media,128,new,未发现重复，仍需审核,河北泰昌电力器材科技有限公司,河北泰昌电力器材科技有限公司,mixed_historical_bid,product_library,产品库资料,green_low_carbon,绿色低碳资料,[],泰昌企业资料,"[""技术标""]","[""专项投标文件/5.针对评审要素，需要补充的其他文件/5.3.绿色低碳生产及绿色回收/5.3.1.建立了绿色生产/5.3.1.3.现状环境影响评估报告""]",tender_scoring_derived,needs_review,internal,企业内部资料,review_only,仅限人工复核,needs_customer_confirmation,需要客户确认,泰昌绿色低碳资料历史候选第128页,泰昌技术补充文件,泰昌技术补充文件,绿色低碳资料,来源于泰昌技术补充文件，历史位置为“专项投标文件/5.针对评审要素，需要补充的其他文件/5.3.绿色低碳生产及绿色回收/5.3.1.建立了绿色生产/5.3.1.3.现状环境影响评估报告”。当前仅用于泰昌资料人工复核，未获准进入正式标书。,"[""泰昌"", ""绿色低碳资料"", ""历史标书候选"", ""技术标""]",formal_material_caption,资料：泰昌绿色低碳资料,,True,False,False,blocked,尚未通过P0-06人工批准,0.9,assets/template_words/技术补充文件.docx,（二）专项投标文件/5.针对评审要素，需要补充的其他文件/5.3.绿色低碳生产及绿色回收/5.3.1.建立了绿色生产/5.3.1.3.现状环境影响评估报告,129a7e6af77b22cf1ef6b1b9045682366e629a2644581f2f60e15a8456b0ea65,129a7e6af77b22cf1ef6b1b9045682366e629a2644581f2f60e15a8456b0ea65
technical-media-0183,technical,media,128,new,未发现重复，仍需审核,河北泰昌电力器材科技有限公司,河北泰昌电力器材科技有限公司,mixed_historical_bid,product_library,产品库资料,green_low_carbon,绿色低碳资料,[],泰昌企业资料,"[""技术标""]","[""专项投标文件/5.针对评审要素，需要补充的其他文件/5.3.绿色低碳生产及绿色回收/5.3.1.建立了绿色生产/5.3.1.3.现状环境影响评估报告""]",tender_scoring_derived,needs_review,internal,企业内部资料,review_only,仅限人工复核,needs_customer_confirmation,需要客户确认,泰昌绿色低碳资料历史候选第128页,泰昌技术补充文件,泰昌技术补充文件,绿色低碳资料,来源于泰昌技术补充文件，历史位置为“专项投标文件/5.针对评审要素，需要补充的其他文件/5.3.绿色低碳生产及绿色回收/5.3.1.建立了绿色生产/5.3.1.3.现状环境影响评估报告”。当前仅用于泰昌资料人工复核，未获准进入正式标书。,"[""泰昌"", ""绿色低碳资料"", ""历史标书候选"", ""技术标""]",formal_material_caption,资料：泰昌绿色低碳资料,,True,False,False,blocked,尚未通过P0-06人工批准,0.9,assets/template_words/技术补充文件.docx,（二）专项投标文件/5.针对评审要素，需要补充的其他文件/5.3.绿色低碳生产及绿色回收/5.3.1.建立了绿色生产/5.3.1.3.现状环境影响评估报告,dbf025261d689648d4ab7cdd250880b270f8f7fee1256266f7a1cde87d8ffcb9,dbf025261d689648d4ab7cdd250880b270f8f7fee1256266f7a1cde87d8ffcb9
technical-media-0184,technical,media,128,new,未发现重复，仍需审核,河北泰昌电力器材科技有限公司,河北泰昌电力器材科技有限公司,mixed_historical_bid,product_library,产品库资料,green_low_carbon,绿色低碳资料,[],泰昌企业资料,"[""技术标""]","[""专项投标文件/5.针对评审要素，需要补充的其他文件/5.3.绿色低碳生产及绿色回收/5.3.1.建立了绿色生产/5.3.1.3.现状环境影响评估报告""]",tender_scoring_derived,needs_review,internal,企业内部资料,review_only,仅限人工复核,needs_customer_confirmation,需要客户确认,泰昌绿色低碳资料历史候选第128页,泰昌技术补充文件,泰昌技术补充文件,绿色低碳资料,来源于泰昌技术补充文件，历史位置为“专项投标文件/5.针对评审要素，需要补充的其他文件/5.3.绿色低碳生产及绿色回收/5.3.1.建立了绿色生产/5.3.1.3.现状环境影响评估报告”。当前仅用于泰昌资料人工复核，未获准进入正式标书。,"[""泰昌"", ""绿色低碳资料"", ""历史标书候选"", ""技术标""]",formal_material_caption,资料：泰昌绿色低碳资料,,True,False,False,blocked,尚未通过P0-06人工批准,0.9,assets/template_words/技术补充文件.docx,（二）专项投标文件/5.针对评审要素，需要补充的其他文件/5.3.绿色低碳生产及绿色回收/5.3.1.建立了绿色生产/5.3.1.3.现状环境影响评估报告,2a1c872b67a3a7db46b3313009322a8dcdff534a9700896b85c340d3f3805783,2a1c872b67a3a7db46b3313009322a8dcdff534a9700896b85c340d3f3805783
technical-media-0185,technical,media,128,new,未发现重复，仍需审核,河北泰昌电力器材科技有限公司,河北泰昌电力器材科技有限公司,mixed_historical_bid,product_library,产品库资料,green_low_carbon,绿色低碳资料,[],泰昌企业资料,"[""技术标""]","[""专项投标文件/5.针对评审要素，需要补充的其他文件/5.3.绿色低碳生产及绿色回收/5.3.1.建立了绿色生产/5.3.1.3.现状环境影响评估报告""]",tender_scoring_derived,needs_review,internal,企业内部资料,review_only,仅限人工复核,needs_customer_confirmation,需要客户确认,泰昌绿色低碳资料历史候选第128页,泰昌技术补充文件,泰昌技术补充文件,绿色低碳资料,来源于泰昌技术补充文件，历史位置为“专项投标文件/5.针对评审要素，需要补充的其他文件/5.3.绿色低碳生产及绿色回收/5.3.1.建立了绿色生产/5.3.1.3.现状环境影响评估报告”。当前仅用于泰昌资料人工复核，未获准进入正式标书。,"[""泰昌"", ""绿色低碳资料"", ""历史标书候选"", ""技术标""]",formal_material_caption,资料：泰昌绿色低碳资料,,True,False,False,blocked,尚未通过P0-06人工批准,0.9,assets/template_words/技术补充文件.docx,（二）专项投标文件/5.针对评审要素，需要补充的其他文件/5.3.绿色低碳生产及绿色回收/5.3.1.建立了绿色生产/5.3.1.3.现状环境影响评估报告,c12fe72eb8f3241c200f60ea786e626ca516be879117d3452258a60393b598da,c12fe72eb8f3241c200f60ea786e626ca516be879117d3452258a60393b598da
technical-media-0186,technical,media,128,new,未发现重复，仍需审核,河北泰昌电力器材科技有限公司,河北泰昌电力器材科技有限公司,mixed_historical_bid,product_library,产品库资料,green_low_carbon,绿色低碳资料,[],泰昌企业资料,"[""技术标""]","[""专项投标文件/5.针对评审要素，需要补充的其他文件/5.3.绿色低碳生产及绿色回收/5.3.1.建立了绿色生产/5.3.1.3.现状环境影响评估报告""]",tender_scoring_derived,needs_review,internal,企业内部资料,review_only,仅限人工复核,needs_customer_confirmation,需要客户确认,泰昌绿色低碳资料历史候选第128页,泰昌技术补充文件,泰昌技术补充文件,绿色低碳资料,来源于泰昌技术补充文件，历史位置为“专项投标文件/5.针对评审要素，需要补充的其他文件/5.3.绿色低碳生产及绿色回收/5.3.1.建立了绿色生产/5.3.1.3.现状环境影响评估报告”。当前仅用于泰昌资料人工复核，未获准进入正式标书。,"[""泰昌"", ""绿色低碳资料"", ""历史标书候选"", ""技术标""]",formal_material_caption,资料：泰昌绿色低碳资料,,True,False,False,blocked,尚未通过P0-06人工批准,0.9,assets/template_words/技术补充文件.docx,（二）专项投标文件/5.针对评审要素，需要补充的其他文件/5.3.绿色低碳生产及绿色回收/5.3.1.建立了绿色生产/5.3.1.3.现状环境影响评估报告,09c1811bab2bfac3e34f6b24df4f92dd420825e0f479003e49e9e17f1ae16e0e,09c1811bab2bfac3e34f6b24df4f92dd420825e0f479003e49e9e17f1ae16e0e
technical-media-0187,technical,media,128,new,未发现重复，仍需审核,河北泰昌电力器材科技有限公司,河北泰昌电力器材科技有限公司,mixed_historical_bid,product_library,产品库资料,green_low_carbon,绿色低碳资料,[],泰昌企业资料,"[""技术标""]","[""专项投标文件/5.针对评审要素，需要补充的其他文件/5.3.绿色低碳生产及绿色回收/5.3.1.建立了绿色生产/5.3.1.3.现状环境影响评估报告""]",tender_scoring_derived,needs_review,internal,企业内部资料,review_only,仅限人工复核,needs_customer_confirmation,需要客户确认,泰昌绿色低碳资料历史候选第128页,泰昌技术补充文件,泰昌技术补充文件,绿色低碳资料,来源于泰昌技术补充文件，历史位置为“专项投标文件/5.针对评审要素，需要补充的其他文件/5.3.绿色低碳生产及绿色回收/5.3.1.建立了绿色生产/5.3.1.3.现状环境影响评估报告”。当前仅用于泰昌资料人工复核，未获准进入正式标书。,"[""泰昌"", ""绿色低碳资料"", ""历史标书候选"", ""技术标""]",formal_material_caption,资料：泰昌绿色低碳资料,,True,False,False,blocked,尚未通过P0-06人工批准,0.9,assets/template_words/技术补充文件.docx,（二）专项投标文件/5.针对评审要素，需要补充的其他文件/5.3.绿色低碳生产及绿色回收/5.3.1.建立了绿色生产/5.3.1.3.现状环境影响评估报告,907dc5d91f6a5d7206423b2cd24c72d282a4c87e329c724cbf432311fde012ff,907dc5d91f6a5d7206423b2cd24c72d282a4c87e329c724cbf432311fde012ff
technical-media-0188,technical,media,128,new,未发现重复，仍需审核,河北泰昌电力器材科技有限公司,河北泰昌电力器材科技有限公司,mixed_historical_bid,product_library,产品库资料,green_low_carbon,绿色低碳资料,[],泰昌企业资料,"[""技术标""]","[""专项投标文件/5.针对评审要素，需要补充的其他文件/5.3.绿色低碳生产及绿色回收/5.3.1.建立了绿色生产/5.3.1.3.现状环境影响评估报告""]",tender_scoring_derived,needs_review,internal,企业内部资料,review_only,仅限人工复核,needs_customer_confirmation,需要客户确认,泰昌绿色低碳资料历史候选第128页,泰昌技术补充文件,泰昌技术补充文件,绿色低碳资料,来源于泰昌技术补充文件，历史位置为“专项投标文件/5.针对评审要素，需要补充的其他文件/5.3.绿色低碳生产及绿色回收/5.3.1.建立了绿色生产/5.3.1.3.现状环境影响评估报告”。当前仅用于泰昌资料人工复核，未获准进入正式标书。,"[""泰昌"", ""绿色低碳资料"", ""历史标书候选"", ""技术标""]",formal_material_caption,资料：泰昌绿色低碳资料,,True,False,False,blocked,尚未通过P0-06人工批准,0.9,assets/template_words/技术补充文件.docx,（二）专项投标文件/5.针对评审要素，需要补充的其他文件/5.3.绿色低碳生产及绿色回收/5.3.1.建立了绿色生产/5.3.1.3.现状环境影响评估报告,a636c8f0462e7c80c281abdb00f25448f75f6a4dd946f2b1cc30c177a9a65dbe,a636c8f0462e7c80c281abdb00f25448f75f6a4dd946f2b1cc30c177a9a65dbe
technical-media-0189,technical,media,128,new,未发现重复，仍需审核,河北泰昌电力器材科技有限公司,河北泰昌电力器材科技有限公司,mixed_historical_bid,product_library,产品库资料,green_low_carbon,绿色低碳资料,[],泰昌企业资料,"[""技术标""]","[""专项投标文件/5.针对评审要素，需要补充的其他文件/5.3.绿色低碳生产及绿色回收/5.3.1.建立了绿色生产/5.3.1.3.现状环境影响评估报告""]",tender_scoring_derived,needs_review,internal,企业内部资料,review_only,仅限人工复核,needs_customer_confirmation,需要客户确认,泰昌绿色低碳资料历史候选第128页,泰昌技术补充文件,泰昌技术补充文件,绿色低碳资料,来源于泰昌技术补充文件，历史位置为“专项投标文件/5.针对评审要素，需要补充的其他文件/5.3.绿色低碳生产及绿色回收/5.3.1.建立了绿色生产/5.3.1.3.现状环境影响评估报告”。当前仅用于泰昌资料人工复核，未获准进入正式标书。,"[""泰昌"", ""绿色低碳资料"", ""历史标书候选"", ""技术标""]",formal_material_caption,资料：泰昌绿色低碳资料,,True,False,False,blocked,尚未通过P0-06人工批准,0.9,assets/template_words/技术补充文件.docx,（二）专项投标文件/5.针对评审要素，需要补充的其他文件/5.3.绿色低碳生产及绿色回收/5.3.1.建立了绿色生产/5.3.1.3.现状环境影响评估报告,460e556efd2fc6ce3ed0726d7fa480b971482a7901927d98594d3ac92c6186fd,460e556efd2fc6ce3ed0726d7fa480b971482a7901927d98594d3ac92c6186fd
technical-media-0190,technical,media,128,new,未发现重复，仍需审核,河北泰昌电力器材科技有限公司,河北泰昌电力器材科技有限公司,mixed_historical_bid,product_library,产品库资料,green_low_carbon,绿色低碳资料,[],泰昌企业资料,"[""技术标""]","[""专项投标文件/5.针对评审要素，需要补充的其他文件/5.3.绿色低碳生产及绿色回收/5.3.1.建立了绿色生产/5.3.1.3.现状环境影响评估报告""]",tender_scoring_derived,needs_review,internal,企业内部资料,review_only,仅限人工复核,needs_customer_confirmation,需要客户确认,泰昌绿色低碳资料历史候选第128页,泰昌技术补充文件,泰昌技术补充文件,绿色低碳资料,来源于泰昌技术补充文件，历史位置为“专项投标文件/5.针对评审要素，需要补充的其他文件/5.3.绿色低碳生产及绿色回收/5.3.1.建立了绿色生产/5.3.1.3.现状环境影响评估报告”。当前仅用于泰昌资料人工复核，未获准进入正式标书。,"[""泰昌"", ""绿色低碳资料"", ""历史标书候选"", ""技术标""]",formal_material_caption,资料：泰昌绿色低碳资料,,True,False,False,blocked,尚未通过P0-06人工批准,0.9,assets/template_words/技术补充文件.docx,（二）专项投标文件/5.针对评审要素，需要补充的其他文件/5.3.绿色低碳生产及绿色回收/5.3.1.建立了绿色生产/5.3.1.3.现状环境影响评估报告,18dfc0395d8edd86b06494f728321fe980e171c6ee99e0d1e390ea690ff7227b,18dfc0395d8edd86b06494f728321fe980e171c6ee99e0d1e390ea690ff7227b
technical-media-0191,technical,media,128,new,未发现重复，仍需审核,河北泰昌电力器材科技有限公司,河北泰昌电力器材科技有限公司,mixed_historical_bid,product_library,产品库资料,green_low_carbon,绿色低碳资料,[],泰昌企业资料,"[""技术标""]","[""专项投标文件/5.针对评审要素，需要补充的其他文件/5.3.绿色低碳生产及绿色回收/5.3.1.建立了绿色生产/5.3.1.3.现状环境影响评估报告""]",tender_scoring_derived,needs_review,internal,企业内部资料,review_only,仅限人工复核,needs_customer_confirmation,需要客户确认,泰昌绿色低碳资料历史候选第128页,泰昌技术补充文件,泰昌技术补充文件,绿色低碳资料,来源于泰昌技术补充文件，历史位置为“专项投标文件/5.针对评审要素，需要补充的其他文件/5.3.绿色低碳生产及绿色回收/5.3.1.建立了绿色生产/5.3.1.3.现状环境影响评估报告”。当前仅用于泰昌资料人工复核，未获准进入正式标书。,"[""泰昌"", ""绿色低碳资料"", ""历史标书候选"", ""技术标""]",formal_material_caption,资料：泰昌绿色低碳资料,,True,False,False,blocked,尚未通过P0-06人工批准,0.9,assets/template_words/技术补充文件.docx,（二）专项投标文件/5.针对评审要素，需要补充的其他文件/5.3.绿色低碳生产及绿色回收/5.3.1.建立了绿色生产/5.3.1.3.现状环境影响评估报告,bf3744267213a5b9332cd6638767488bfe5ea26709e08d6085fb95e0d9075d9f,bf3744267213a5b9332cd6638767488bfe5ea26709e08d6085fb95e0d9075d9f
technical-media-0192,technical,media,128,new,未发现重复，仍需审核,河北泰昌电力器材科技有限公司,河北泰昌电力器材科技有限公司,mixed_historical_bid,product_library,产品库资料,green_low_carbon,绿色低碳资料,[],泰昌企业资料,"[""技术标""]","[""专项投标文件/5.针对评审要素，需要补充的其他文件/5.3.绿色低碳生产及绿色回收/5.3.1.建立了绿色生产/5.3.1.3.现状环境影响评估报告""]",tender_scoring_derived,needs_review,internal,企业内部资料,review_only,仅限人工复核,needs_customer_confirmation,需要客户确认,泰昌绿色低碳资料历史候选第128页,泰昌技术补充文件,泰昌技术补充文件,绿色低碳资料,来源于泰昌技术补充文件，历史位置为“专项投标文件/5.针对评审要素，需要补充的其他文件/5.3.绿色低碳生产及绿色回收/5.3.1.建立了绿色生产/5.3.1.3.现状环境影响评估报告”。当前仅用于泰昌资料人工复核，未获准进入正式标书。,"[""泰昌"", ""绿色低碳资料"", ""历史标书候选"", ""技术标""]",formal_material_caption,资料：泰昌绿色低碳资料,,True,False,False,blocked,尚未通过P0-06人工批准,0.9,assets/template_words/技术补充文件.docx,（二）专项投标文件/5.针对评审要素，需要补充的其他文件/5.3.绿色低碳生产及绿色回收/5.3.1.建立了绿色生产/5.3.1.3.现状环境影响评估报告,d618cc382e34bbc29e00aae8e09e2cefd90acd98d0d99f0868e774ee365e06e8,d618cc382e34bbc29e00aae8e09e2cefd90acd98d0d99f0868e774ee365e06e8
technical-media-0193,technical,media,128,new,未发现重复，仍需审核,河北泰昌电力器材科技有限公司,河北泰昌电力器材科技有限公司,mixed_historical_bid,product_library,产品库资料,green_low_carbon,绿色低碳资料,[],泰昌企业资料,"[""技术标""]","[""专项投标文件/5.针对评审要素，需要补充的其他文件/5.3.绿色低碳生产及绿色回收/5.3.1.建立了绿色生产/5.3.1.3.现状环境影响评估报告""]",tender_scoring_derived,needs_review,internal,企业内部资料,review_only,仅限人工复核,needs_customer_confirmation,需要客户确认,泰昌绿色低碳资料历史候选第128页,泰昌技术补充文件,泰昌技术补充文件,绿色低碳资料,来源于泰昌技术补充文件，历史位置为“专项投标文件/5.针对评审要素，需要补充的其他文件/5.3.绿色低碳生产及绿色回收/5.3.1.建立了绿色生产/5.3.1.3.现状环境影响评估报告”。当前仅用于泰昌资料人工复核，未获准进入正式标书。,"[""泰昌"", ""绿色低碳资料"", ""历史标书候选"", ""技术标""]",formal_material_caption,资料：泰昌绿色低碳资料,,True,False,False,blocked,尚未通过P0-06人工批准,0.9,assets/template_words/技术补充文件.docx,（二）专项投标文件/5.针对评审要素，需要补充的其他文件/5.3.绿色低碳生产及绿色回收/5.3.1.建立了绿色生产/5.3.1.3.现状环境影响评估报告,cbfa1adbe08d5c953bc60fe48eecdca525172b25d2be7ed764bcbc53e3355c57,cbfa1adbe08d5c953bc60fe48eecdca525172b25d2be7ed764bcbc53e3355c57
technical-media-0194,technical,media,128,new,未发现重复，仍需审核,河北泰昌电力器材科技有限公司,河北泰昌电力器材科技有限公司,mixed_historical_bid,product_library,产品库资料,green_low_carbon,绿色低碳资料,[],泰昌企业资料,"[""技术标""]","[""专项投标文件/5.针对评审要素，需要补充的其他文件/5.3.绿色低碳生产及绿色回收/5.3.1.建立了绿色生产/5.3.1.3.现状环境影响评估报告""]",tender_scoring_derived,needs_review,internal,企业内部资料,review_only,仅限人工复核,needs_customer_confirmation,需要客户确认,泰昌绿色低碳资料历史候选第128页,泰昌技术补充文件,泰昌技术补充文件,绿色低碳资料,来源于泰昌技术补充文件，历史位置为“专项投标文件/5.针对评审要素，需要补充的其他文件/5.3.绿色低碳生产及绿色回收/5.3.1.建立了绿色生产/5.3.1.3.现状环境影响评估报告”。当前仅用于泰昌资料人工复核，未获准进入正式标书。,"[""泰昌"", ""绿色低碳资料"", ""历史标书候选"", ""技术标""]",formal_material_caption,资料：泰昌绿色低碳资料,,True,False,False,blocked,尚未通过P0-06人工批准,0.9,assets/template_words/技术补充文件.docx,（二）专项投标文件/5.针对评审要素，需要补充的其他文件/5.3.绿色低碳生产及绿色回收/5.3.1.建立了绿色生产/5.3.1.3.现状环境影响评估报告,93398ed9505c900f521a40a7250013d8037269466507d0ee11001b97503920ac,93398ed9505c900f521a40a7250013d8037269466507d0ee11001b97503920ac
technical-media-0195,technical,media,128,new,未发现重复，仍需审核,河北泰昌电力器材科技有限公司,河北泰昌电力器材科技有限公司,mixed_historical_bid,product_library,产品库资料,green_low_carbon,绿色低碳资料,[],泰昌企业资料,"[""技术标""]","[""专项投标文件/5.针对评审要素，需要补充的其他文件/5.3.绿色低碳生产及绿色回收/5.3.1.建立了绿色生产/5.3.1.3.现状环境影响评估报告""]",tender_scoring_derived,needs_review,internal,企业内部资料,review_only,仅限人工复核,needs_customer_confirmation,需要客户确认,泰昌绿色低碳资料历史候选第128页,泰昌技术补充文件,泰昌技术补充文件,绿色低碳资料,来源于泰昌技术补充文件，历史位置为“专项投标文件/5.针对评审要素，需要补充的其他文件/5.3.绿色低碳生产及绿色回收/5.3.1.建立了绿色生产/5.3.1.3.现状环境影响评估报告”。当前仅用于泰昌资料人工复核，未获准进入正式标书。,"[""泰昌"", ""绿色低碳资料"", ""历史标书候选"", ""技术标""]",formal_material_caption,资料：泰昌绿色低碳资料,,True,False,False,blocked,尚未通过P0-06人工批准,0.9,assets/template_words/技术补充文件.docx,（二）专项投标文件/5.针对评审要素，需要补充的其他文件/5.3.绿色低碳生产及绿色回收/5.3.1.建立了绿色生产/5.3.1.3.现状环境影响评估报告,7d3bbfaeec6195463e91886c268f67b775a2ec8610132d321d6328e72fe4758b,7d3bbfaeec6195463e91886c268f67b775a2ec8610132d321d6328e72fe4758b
technical-media-0196,technical,media,128,new,未发现重复，仍需审核,河北泰昌电力器材科技有限公司,河北泰昌电力器材科技有限公司,mixed_historical_bid,product_library,产品库资料,green_low_carbon,绿色低碳资料,[],泰昌企业资料,"[""技术标""]","[""专项投标文件/5.针对评审要素，需要补充的其他文件/5.3.绿色低碳生产及绿色回收/5.3.1.建立了绿色生产/5.3.1.3.现状环境影响评估报告""]",tender_scoring_derived,needs_review,internal,企业内部资料,review_only,仅限人工复核,needs_customer_confirmation,需要客户确认,泰昌绿色低碳资料历史候选第128页,泰昌技术补充文件,泰昌技术补充文件,绿色低碳资料,来源于泰昌技术补充文件，历史位置为“专项投标文件/5.针对评审要素，需要补充的其他文件/5.3.绿色低碳生产及绿色回收/5.3.1.建立了绿色生产/5.3.1.3.现状环境影响评估报告”。当前仅用于泰昌资料人工复核，未获准进入正式标书。,"[""泰昌"", ""绿色低碳资料"", ""历史标书候选"", ""技术标""]",formal_material_caption,资料：泰昌绿色低碳资料,,True,False,False,blocked,尚未通过P0-06人工批准,0.9,assets/template_words/技术补充文件.docx,（二）专项投标文件/5.针对评审要素，需要补充的其他文件/5.3.绿色低碳生产及绿色回收/5.3.1.建立了绿色生产/5.3.1.3.现状环境影响评估报告,ef642cc9bbd436c10e5adf4e4d5af9f4ba4617c8822cc5f049184c6885b7a94a,ef642cc9bbd436c10e5adf4e4d5af9f4ba4617c8822cc5f049184c6885b7a94a
technical-media-0197,technical,media,128,new,未发现重复，仍需审核,河北泰昌电力器材科技有限公司,河北泰昌电力器材科技有限公司,mixed_historical_bid,product_library,产品库资料,green_low_carbon,绿色低碳资料,[],泰昌企业资料,"[""技术标""]","[""专项投标文件/5.针对评审要素，需要补充的其他文件/5.3.绿色低碳生产及绿色回收/5.3.1.建立了绿色生产/5.3.1.3.现状环境影响评估报告""]",tender_scoring_derived,needs_review,internal,企业内部资料,review_only,仅限人工复核,needs_customer_confirmation,需要客户确认,泰昌绿色低碳资料历史候选第128页,泰昌技术补充文件,泰昌技术补充文件,绿色低碳资料,来源于泰昌技术补充文件，历史位置为“专项投标文件/5.针对评审要素，需要补充的其他文件/5.3.绿色低碳生产及绿色回收/5.3.1.建立了绿色生产/5.3.1.3.现状环境影响评估报告”。当前仅用于泰昌资料人工复核，未获准进入正式标书。,"[""泰昌"", ""绿色低碳资料"", ""历史标书候选"", ""技术标""]",formal_material_caption,资料：泰昌绿色低碳资料,,True,False,False,blocked,尚未通过P0-06人工批准,0.9,assets/template_words/技术补充文件.docx,（二）专项投标文件/5.针对评审要素，需要补充的其他文件/5.3.绿色低碳生产及绿色回收/5.3.1.建立了绿色生产/5.3.1.3.现状环境影响评估报告,0f2d0b4d3c24ad74f47b7c2887ac0fb7c4e05b95ca2454b57991bb336d6b6900,0f2d0b4d3c24ad74f47b7c2887ac0fb7c4e05b95ca2454b57991bb336d6b6900
technical-media-0198,technical,media,128,new,未发现重复，仍需审核,河北泰昌电力器材科技有限公司,河北泰昌电力器材科技有限公司,mixed_historical_bid,product_library,产品库资料,green_low_carbon,绿色低碳资料,[],泰昌企业资料,"[""技术标""]","[""专项投标文件/5.针对评审要素，需要补充的其他文件/5.3.绿色低碳生产及绿色回收/5.3.1.建立了绿色生产/5.3.1.3.现状环境影响评估报告""]",tender_scoring_derived,needs_review,internal,企业内部资料,review_only,仅限人工复核,needs_customer_confirmation,需要客户确认,泰昌绿色低碳资料历史候选第128页,泰昌技术补充文件,泰昌技术补充文件,绿色低碳资料,来源于泰昌技术补充文件，历史位置为“专项投标文件/5.针对评审要素，需要补充的其他文件/5.3.绿色低碳生产及绿色回收/5.3.1.建立了绿色生产/5.3.1.3.现状环境影响评估报告”。当前仅用于泰昌资料人工复核，未获准进入正式标书。,"[""泰昌"", ""绿色低碳资料"", ""历史标书候选"", ""技术标""]",formal_material_caption,资料：泰昌绿色低碳资料,,True,False,False,blocked,尚未通过P0-06人工批准,0.9,assets/template_words/技术补充文件.docx,（二）专项投标文件/5.针对评审要素，需要补充的其他文件/5.3.绿色低碳生产及绿色回收/5.3.1.建立了绿色生产/5.3.1.3.现状环境影响评估报告,e4937144f78c917cce35d891010431dfbad6bc063128a8841657d83a76122534,e4937144f78c917cce35d891010431dfbad6bc063128a8841657d83a76122534
technical-media-0199,technical,media,128,new,未发现重复，仍需审核,河北泰昌电力器材科技有限公司,河北泰昌电力器材科技有限公司,mixed_historical_bid,product_library,产品库资料,green_low_carbon,绿色低碳资料,[],泰昌企业资料,"[""技术标""]","[""专项投标文件/5.针对评审要素，需要补充的其他文件/5.3.绿色低碳生产及绿色回收/5.3.1.建立了绿色生产/5.3.1.3.现状环境影响评估报告""]",tender_scoring_derived,needs_review,internal,企业内部资料,review_only,仅限人工复核,needs_customer_confirmation,需要客户确认,泰昌绿色低碳资料历史候选第128页,泰昌技术补充文件,泰昌技术补充文件,绿色低碳资料,来源于泰昌技术补充文件，历史位置为“专项投标文件/5.针对评审要素，需要补充的其他文件/5.3.绿色低碳生产及绿色回收/5.3.1.建立了绿色生产/5.3.1.3.现状环境影响评估报告”。当前仅用于泰昌资料人工复核，未获准进入正式标书。,"[""泰昌"", ""绿色低碳资料"", ""历史标书候选"", ""技术标""]",formal_material_caption,资料：泰昌绿色低碳资料,,True,False,False,blocked,尚未通过P0-06人工批准,0.9,assets/template_words/技术补充文件.docx,（二）专项投标文件/5.针对评审要素，需要补充的其他文件/5.3.绿色低碳生产及绿色回收/5.3.1.建立了绿色生产/5.3.1.3.现状环境影响评估报告,87ad2a1ccddf2a192547bf53d1b08fa48c1d355c650cbdfd92a0f8b9b7e70cdb,87ad2a1ccddf2a192547bf53d1b08fa48c1d355c650cbdfd92a0f8b9b7e70cdb
technical-media-0200,technical,media,128,new,未发现重复，仍需审核,河北泰昌电力器材科技有限公司,河北泰昌电力器材科技有限公司,mixed_historical_bid,product_library,产品库资料,green_low_carbon,绿色低碳资料,[],泰昌企业资料,"[""技术标""]","[""专项投标文件/5.针对评审要素，需要补充的其他文件/5.3.绿色低碳生产及绿色回收/5.3.1.建立了绿色生产/5.3.1.3.现状环境影响评估报告""]",tender_scoring_derived,needs_review,internal,企业内部资料,review_only,仅限人工复核,needs_customer_confirmation,需要客户确认,泰昌绿色低碳资料历史候选第128页,泰昌技术补充文件,泰昌技术补充文件,绿色低碳资料,来源于泰昌技术补充文件，历史位置为“专项投标文件/5.针对评审要素，需要补充的其他文件/5.3.绿色低碳生产及绿色回收/5.3.1.建立了绿色生产/5.3.1.3.现状环境影响评估报告”。当前仅用于泰昌资料人工复核，未获准进入正式标书。,"[""泰昌"", ""绿色低碳资料"", ""历史标书候选"", ""技术标""]",formal_material_caption,资料：泰昌绿色低碳资料,,True,False,False,blocked,尚未通过P0-06人工批准,0.9,assets/template_words/技术补充文件.docx,（二）专项投标文件/5.针对评审要素，需要补充的其他文件/5.3.绿色低碳生产及绿色回收/5.3.1.建立了绿色生产/5.3.1.3.现状环境影响评估报告,c4af23301f74fb31d8ef6fa7cd5e0d3ad860bbcdf345cc8418d24e8fd15356a9,c4af23301f74fb31d8ef6fa7cd5e0d3ad860bbcdf345cc8418d24e8fd15356a9
technical-media-0201,technical,media,128,new,未发现重复，仍需审核,河北泰昌电力器材科技有限公司,河北泰昌电力器材科技有限公司,mixed_historical_bid,product_library,产品库资料,green_low_carbon,绿色低碳资料,[],泰昌企业资料,"[""技术标""]","[""专项投标文件/5.针对评审要素，需要补充的其他文件/5.3.绿色低碳生产及绿色回收/5.3.1.建立了绿色生产/5.3.1.3.现状环境影响评估报告""]",tender_scoring_derived,needs_review,internal,企业内部资料,review_only,仅限人工复核,needs_customer_confirmation,需要客户确认,泰昌绿色低碳资料历史候选第128页,泰昌技术补充文件,泰昌技术补充文件,绿色低碳资料,来源于泰昌技术补充文件，历史位置为“专项投标文件/5.针对评审要素，需要补充的其他文件/5.3.绿色低碳生产及绿色回收/5.3.1.建立了绿色生产/5.3.1.3.现状环境影响评估报告”。当前仅用于泰昌资料人工复核，未获准进入正式标书。,"[""泰昌"", ""绿色低碳资料"", ""历史标书候选"", ""技术标""]",formal_material_caption,资料：泰昌绿色低碳资料,,True,False,False,blocked,尚未通过P0-06人工批准,0.9,assets/template_words/技术补充文件.docx,（二）专项投标文件/5.针对评审要素，需要补充的其他文件/5.3.绿色低碳生产及绿色回收/5.3.1.建立了绿色生产/5.3.1.3.现状环境影响评估报告,31c270ea5c69f62f477b3c53ee683b56228f689a9f21706547fe8d805d2bf11e,31c270ea5c69f62f477b3c53ee683b56228f689a9f21706547fe8d805d2bf11e
technical-media-0202,technical,media,128,new,未发现重复，仍需审核,河北泰昌电力器材科技有限公司,河北泰昌电力器材科技有限公司,mixed_historical_bid,product_library,产品库资料,green_low_carbon,绿色低碳资料,[],泰昌企业资料,"[""技术标""]","[""专项投标文件/5.针对评审要素，需要补充的其他文件/5.3.绿色低碳生产及绿色回收/5.3.1.建立了绿色生产/5.3.1.3.现状环境影响评估报告""]",tender_scoring_derived,needs_review,internal,企业内部资料,review_only,仅限人工复核,needs_customer_confirmation,需要客户确认,泰昌绿色低碳资料历史候选第128页,泰昌技术补充文件,泰昌技术补充文件,绿色低碳资料,来源于泰昌技术补充文件，历史位置为“专项投标文件/5.针对评审要素，需要补充的其他文件/5.3.绿色低碳生产及绿色回收/5.3.1.建立了绿色生产/5.3.1.3.现状环境影响评估报告”。当前仅用于泰昌资料人工复核，未获准进入正式标书。,"[""泰昌"", ""绿色低碳资料"", ""历史标书候选"", ""技术标""]",formal_material_caption,资料：泰昌绿色低碳资料,,True,False,False,blocked,尚未通过P0-06人工批准,0.9,assets/template_words/技术补充文件.docx,（二）专项投标文件/5.针对评审要素，需要补充的其他文件/5.3.绿色低碳生产及绿色回收/5.3.1.建立了绿色生产/5.3.1.3.现状环境影响评估报告,b5f835eecad5da3df19dea7e70a6bee97f4a0fbfc73d93dafe2976a9f21fe245,b5f835eecad5da3df19dea7e70a6bee97f4a0fbfc73d93dafe2976a9f21fe245
technical-media-0203,technical,media,128,new,未发现重复，仍需审核,河北泰昌电力器材科技有限公司,河北泰昌电力器材科技有限公司,mixed_historical_bid,product_library,产品库资料,green_low_carbon,绿色低碳资料,[],泰昌企业资料,"[""技术标""]","[""专项投标文件/5.针对评审要素，需要补充的其他文件/5.3.绿色低碳生产及绿色回收/5.3.1.建立了绿色生产/5.3.1.3.现状环境影响评估报告""]",tender_scoring_derived,needs_review,internal,企业内部资料,review_only,仅限人工复核,needs_customer_confirmation,需要客户确认,泰昌绿色低碳资料历史候选第128页,泰昌技术补充文件,泰昌技术补充文件,绿色低碳资料,来源于泰昌技术补充文件，历史位置为“专项投标文件/5.针对评审要素，需要补充的其他文件/5.3.绿色低碳生产及绿色回收/5.3.1.建立了绿色生产/5.3.1.3.现状环境影响评估报告”。当前仅用于泰昌资料人工复核，未获准进入正式标书。,"[""泰昌"", ""绿色低碳资料"", ""历史标书候选"", ""技术标""]",formal_material_caption,资料：泰昌绿色低碳资料,,True,False,False,blocked,尚未通过P0-06人工批准,0.9,assets/template_words/技术补充文件.docx,（二）专项投标文件/5.针对评审要素，需要补充的其他文件/5.3.绿色低碳生产及绿色回收/5.3.1.建立了绿色生产/5.3.1.3.现状环境影响评估报告,e97c06c633a17d44138476d0cb74a73a86c82067653dd007e5f7700e9f37cbe0,e97c06c633a17d44138476d0cb74a73a86c82067653dd007e5f7700e9f37cbe0
technical-media-0204,technical,media,128,new,未发现重复，仍需审核,河北泰昌电力器材科技有限公司,河北泰昌电力器材科技有限公司,mixed_historical_bid,product_library,产品库资料,green_low_carbon,绿色低碳资料,[],泰昌企业资料,"[""技术标""]","[""专项投标文件/5.针对评审要素，需要补充的其他文件/5.3.绿色低碳生产及绿色回收/5.3.1.建立了绿色生产/5.3.1.3.现状环境影响评估报告""]",tender_scoring_derived,needs_review,internal,企业内部资料,review_only,仅限人工复核,needs_customer_confirmation,需要客户确认,泰昌绿色低碳资料历史候选第128页,泰昌技术补充文件,泰昌技术补充文件,绿色低碳资料,来源于泰昌技术补充文件，历史位置为“专项投标文件/5.针对评审要素，需要补充的其他文件/5.3.绿色低碳生产及绿色回收/5.3.1.建立了绿色生产/5.3.1.3.现状环境影响评估报告”。当前仅用于泰昌资料人工复核，未获准进入正式标书。,"[""泰昌"", ""绿色低碳资料"", ""历史标书候选"", ""技术标""]",formal_material_caption,资料：泰昌绿色低碳资料,,True,False,False,blocked,尚未通过P0-06人工批准,0.9,assets/template_words/技术补充文件.docx,（二）专项投标文件/5.针对评审要素，需要补充的其他文件/5.3.绿色低碳生产及绿色回收/5.3.1.建立了绿色生产/5.3.1.3.现状环境影响评估报告,7167ca95781d13fffada8f95c0b68372ea26a3f512e0fc5e22dc1bf1e34d1687,7167ca95781d13fffada8f95c0b68372ea26a3f512e0fc5e22dc1bf1e34d1687
technical-media-0205,technical,media,128,new,未发现重复，仍需审核,河北泰昌电力器材科技有限公司,河北泰昌电力器材科技有限公司,mixed_historical_bid,product_library,产品库资料,green_low_carbon,绿色低碳资料,[],泰昌企业资料,"[""技术标""]","[""专项投标文件/5.针对评审要素，需要补充的其他文件/5.3.绿色低碳生产及绿色回收/5.3.1.建立了绿色生产/5.3.1.3.现状环境影响评估报告""]",tender_scoring_derived,needs_review,internal,企业内部资料,review_only,仅限人工复核,needs_customer_confirmation,需要客户确认,泰昌绿色低碳资料历史候选第128页,泰昌技术补充文件,泰昌技术补充文件,绿色低碳资料,来源于泰昌技术补充文件，历史位置为“专项投标文件/5.针对评审要素，需要补充的其他文件/5.3.绿色低碳生产及绿色回收/5.3.1.建立了绿色生产/5.3.1.3.现状环境影响评估报告”。当前仅用于泰昌资料人工复核，未获准进入正式标书。,"[""泰昌"", ""绿色低碳资料"", ""历史标书候选"", ""技术标""]",formal_material_caption,资料：泰昌绿色低碳资料,,True,False,False,blocked,尚未通过P0-06人工批准,0.9,assets/template_words/技术补充文件.docx,（二）专项投标文件/5.针对评审要素，需要补充的其他文件/5.3.绿色低碳生产及绿色回收/5.3.1.建立了绿色生产/5.3.1.3.现状环境影响评估报告,6f378f37f3d9726674ad92b526bffc943cc22f6ea1039b521c4d9f178d6572c2,6f378f37f3d9726674ad92b526bffc943cc22f6ea1039b521c4d9f178d6572c2
technical-media-0206,technical,media,128,new,未发现重复，仍需审核,河北泰昌电力器材科技有限公司,河北泰昌电力器材科技有限公司,mixed_historical_bid,product_library,产品库资料,green_low_carbon,绿色低碳资料,[],泰昌企业资料,"[""技术标""]","[""专项投标文件/5.针对评审要素，需要补充的其他文件/5.3.绿色低碳生产及绿色回收/5.3.1.建立了绿色生产/5.3.1.3.现状环境影响评估报告""]",tender_scoring_derived,needs_review,internal,企业内部资料,review_only,仅限人工复核,needs_customer_confirmation,需要客户确认,泰昌绿色低碳资料历史候选第128页,泰昌技术补充文件,泰昌技术补充文件,绿色低碳资料,来源于泰昌技术补充文件，历史位置为“专项投标文件/5.针对评审要素，需要补充的其他文件/5.3.绿色低碳生产及绿色回收/5.3.1.建立了绿色生产/5.3.1.3.现状环境影响评估报告”。当前仅用于泰昌资料人工复核，未获准进入正式标书。,"[""泰昌"", ""绿色低碳资料"", ""历史标书候选"", ""技术标""]",formal_material_caption,资料：泰昌绿色低碳资料,,True,False,False,blocked,尚未通过P0-06人工批准,0.9,assets/template_words/技术补充文件.docx,（二）专项投标文件/5.针对评审要素，需要补充的其他文件/5.3.绿色低碳生产及绿色回收/5.3.1.建立了绿色生产/5.3.1.3.现状环境影响评估报告,e532619bdb66aeb9b43064d73be15c4ab35452989fabbe3778fc3dcfc71e2e07,e532619bdb66aeb9b43064d73be15c4ab35452989fabbe3778fc3dcfc71e2e07
technical-media-0207,technical,media,128,new,未发现重复，仍需审核,河北泰昌电力器材科技有限公司,河北泰昌电力器材科技有限公司,mixed_historical_bid,product_library,产品库资料,green_low_carbon,绿色低碳资料,[],泰昌企业资料,"[""技术标""]","[""专项投标文件/5.针对评审要素，需要补充的其他文件/5.3.绿色低碳生产及绿色回收/5.3.1.建立了绿色生产/5.3.1.3.现状环境影响评估报告""]",tender_scoring_derived,needs_review,internal,企业内部资料,review_only,仅限人工复核,needs_customer_confirmation,需要客户确认,泰昌绿色低碳资料历史候选第128页,泰昌技术补充文件,泰昌技术补充文件,绿色低碳资料,来源于泰昌技术补充文件，历史位置为“专项投标文件/5.针对评审要素，需要补充的其他文件/5.3.绿色低碳生产及绿色回收/5.3.1.建立了绿色生产/5.3.1.3.现状环境影响评估报告”。当前仅用于泰昌资料人工复核，未获准进入正式标书。,"[""泰昌"", ""绿色低碳资料"", ""历史标书候选"", ""技术标""]",formal_material_caption,资料：泰昌绿色低碳资料,,True,False,False,blocked,尚未通过P0-06人工批准,0.9,assets/template_words/技术补充文件.docx,（二）专项投标文件/5.针对评审要素，需要补充的其他文件/5.3.绿色低碳生产及绿色回收/5.3.1.建立了绿色生产/5.3.1.3.现状环境影响评估报告,14eada201b5a1b1dfa5eb9e4133b7a98878707361abb8fc46c654ad51b51a5f6,14eada201b5a1b1dfa5eb9e4133b7a98878707361abb8fc46c654ad51b51a5f6
technical-media-0208,technical,media,128,new,未发现重复，仍需审核,河北泰昌电力器材科技有限公司,河北泰昌电力器材科技有限公司,mixed_historical_bid,product_library,产品库资料,green_low_carbon,绿色低碳资料,[],泰昌企业资料,"[""技术标""]","[""专项投标文件/5.针对评审要素，需要补充的其他文件/5.3.绿色低碳生产及绿色回收/5.3.1.建立了绿色生产/5.3.1.3.现状环境影响评估报告""]",tender_scoring_derived,needs_review,internal,企业内部资料,review_only,仅限人工复核,needs_customer_confirmation,需要客户确认,泰昌绿色低碳资料历史候选第128页,泰昌技术补充文件,泰昌技术补充文件,绿色低碳资料,来源于泰昌技术补充文件，历史位置为“专项投标文件/5.针对评审要素，需要补充的其他文件/5.3.绿色低碳生产及绿色回收/5.3.1.建立了绿色生产/5.3.1.3.现状环境影响评估报告”。当前仅用于泰昌资料人工复核，未获准进入正式标书。,"[""泰昌"", ""绿色低碳资料"", ""历史标书候选"", ""技术标""]",formal_material_caption,资料：泰昌绿色低碳资料,,True,False,False,blocked,尚未通过P0-06人工批准,0.9,assets/template_words/技术补充文件.docx,（二）专项投标文件/5.针对评审要素，需要补充的其他文件/5.3.绿色低碳生产及绿色回收/5.3.1.建立了绿色生产/5.3.1.3.现状环境影响评估报告,243a5e315cac2d81d05a72ea98e399e27106120b13fd404b949d484ef9f467e0,243a5e315cac2d81d05a72ea98e399e27106120b13fd404b949d484ef9f467e0
technical-media-0209,technical,media,128,new,未发现重复，仍需审核,河北泰昌电力器材科技有限公司,河北泰昌电力器材科技有限公司,mixed_historical_bid,product_library,产品库资料,green_low_carbon,绿色低碳资料,[],泰昌企业资料,"[""技术标""]","[""专项投标文件/5.针对评审要素，需要补充的其他文件/5.3.绿色低碳生产及绿色回收/5.3.1.建立了绿色生产/5.3.1.3.现状环境影响评估报告""]",tender_scoring_derived,needs_review,internal,企业内部资料,review_only,仅限人工复核,needs_customer_confirmation,需要客户确认,泰昌绿色低碳资料历史候选第128页,泰昌技术补充文件,泰昌技术补充文件,绿色低碳资料,来源于泰昌技术补充文件，历史位置为“专项投标文件/5.针对评审要素，需要补充的其他文件/5.3.绿色低碳生产及绿色回收/5.3.1.建立了绿色生产/5.3.1.3.现状环境影响评估报告”。当前仅用于泰昌资料人工复核，未获准进入正式标书。,"[""泰昌"", ""绿色低碳资料"", ""历史标书候选"", ""技术标""]",formal_material_caption,资料：泰昌绿色低碳资料,,True,False,False,blocked,尚未通过P0-06人工批准,0.9,assets/template_words/技术补充文件.docx,（二）专项投标文件/5.针对评审要素，需要补充的其他文件/5.3.绿色低碳生产及绿色回收/5.3.1.建立了绿色生产/5.3.1.3.现状环境影响评估报告,fe03037ef1dede2608a9233124fc4dfaf42c2d5d6bbecfa192d382e705f6a716,fe03037ef1dede2608a9233124fc4dfaf42c2d5d6bbecfa192d382e705f6a716
technical-media-0210,technical,media,128,new,未发现重复，仍需审核,河北泰昌电力器材科技有限公司,河北泰昌电力器材科技有限公司,mixed_historical_bid,product_library,产品库资料,green_low_carbon,绿色低碳资料,[],泰昌企业资料,"[""技术标""]","[""专项投标文件/5.针对评审要素，需要补充的其他文件/5.3.绿色低碳生产及绿色回收/5.3.1.建立了绿色生产/5.3.1.3.现状环境影响评估报告""]",tender_scoring_derived,needs_review,internal,企业内部资料,review_only,仅限人工复核,needs_customer_confirmation,需要客户确认,泰昌绿色低碳资料历史候选第128页,泰昌技术补充文件,泰昌技术补充文件,绿色低碳资料,来源于泰昌技术补充文件，历史位置为“专项投标文件/5.针对评审要素，需要补充的其他文件/5.3.绿色低碳生产及绿色回收/5.3.1.建立了绿色生产/5.3.1.3.现状环境影响评估报告”。当前仅用于泰昌资料人工复核，未获准进入正式标书。,"[""泰昌"", ""绿色低碳资料"", ""历史标书候选"", ""技术标""]",formal_material_caption,资料：泰昌绿色低碳资料,,True,False,False,blocked,尚未通过P0-06人工批准,0.9,assets/template_words/技术补充文件.docx,（二）专项投标文件/5.针对评审要素，需要补充的其他文件/5.3.绿色低碳生产及绿色回收/5.3.1.建立了绿色生产/5.3.1.3.现状环境影响评估报告,0c9d3db2992fa6c0947e1037fbb2e0c0804ce3a9caa8b65b14815c9cde34e109,0c9d3db2992fa6c0947e1037fbb2e0c0804ce3a9caa8b65b14815c9cde34e109
technical-media-0211,technical,media,128,new,未发现重复，仍需审核,河北泰昌电力器材科技有限公司,河北泰昌电力器材科技有限公司,mixed_historical_bid,product_library,产品库资料,green_low_carbon,绿色低碳资料,[],泰昌企业资料,"[""技术标""]","[""专项投标文件/5.针对评审要素，需要补充的其他文件/5.3.绿色低碳生产及绿色回收/5.3.1.建立了绿色生产/5.3.1.3.现状环境影响评估报告""]",tender_scoring_derived,needs_review,internal,企业内部资料,review_only,仅限人工复核,needs_customer_confirmation,需要客户确认,泰昌绿色低碳资料历史候选第128页,泰昌技术补充文件,泰昌技术补充文件,绿色低碳资料,来源于泰昌技术补充文件，历史位置为“专项投标文件/5.针对评审要素，需要补充的其他文件/5.3.绿色低碳生产及绿色回收/5.3.1.建立了绿色生产/5.3.1.3.现状环境影响评估报告”。当前仅用于泰昌资料人工复核，未获准进入正式标书。,"[""泰昌"", ""绿色低碳资料"", ""历史标书候选"", ""技术标""]",formal_material_caption,资料：泰昌绿色低碳资料,,True,False,False,blocked,尚未通过P0-06人工批准,0.9,assets/template_words/技术补充文件.docx,（二）专项投标文件/5.针对评审要素，需要补充的其他文件/5.3.绿色低碳生产及绿色回收/5.3.1.建立了绿色生产/5.3.1.3.现状环境影响评估报告,1393e09bba405f82a4af004e0e5fca422d64dd61fee4f928f3426bd64e38a0b2,1393e09bba405f82a4af004e0e5fca422d64dd61fee4f928f3426bd64e38a0b2
technical-media-0212,technical,media,128,new,未发现重复，仍需审核,河北泰昌电力器材科技有限公司,河北泰昌电力器材科技有限公司,mixed_historical_bid,product_library,产品库资料,green_low_carbon,绿色低碳资料,[],泰昌企业资料,"[""技术标""]","[""专项投标文件/5.针对评审要素，需要补充的其他文件/5.3.绿色低碳生产及绿色回收/5.3.1.建立了绿色生产/5.3.1.3.现状环境影响评估报告""]",tender_scoring_derived,needs_review,internal,企业内部资料,review_only,仅限人工复核,needs_customer_confirmation,需要客户确认,泰昌绿色低碳资料历史候选第128页,泰昌技术补充文件,泰昌技术补充文件,绿色低碳资料,来源于泰昌技术补充文件，历史位置为“专项投标文件/5.针对评审要素，需要补充的其他文件/5.3.绿色低碳生产及绿色回收/5.3.1.建立了绿色生产/5.3.1.3.现状环境影响评估报告”。当前仅用于泰昌资料人工复核，未获准进入正式标书。,"[""泰昌"", ""绿色低碳资料"", ""历史标书候选"", ""技术标""]",formal_material_caption,资料：泰昌绿色低碳资料,,True,False,False,blocked,尚未通过P0-06人工批准,0.9,assets/template_words/技术补充文件.docx,（二）专项投标文件/5.针对评审要素，需要补充的其他文件/5.3.绿色低碳生产及绿色回收/5.3.1.建立了绿色生产/5.3.1.3.现状环境影响评估报告,d0274ac9d196c08640ee7cad22a11cacab3c4a586616ead6097edb9233b13faa,d0274ac9d196c08640ee7cad22a11cacab3c4a586616ead6097edb9233b13faa
technical-media-0213,technical,media,128,new,未发现重复，仍需审核,河北泰昌电力器材科技有限公司,河北泰昌电力器材科技有限公司,mixed_historical_bid,product_library,产品库资料,green_low_carbon,绿色低碳资料,[],泰昌企业资料,"[""技术标""]","[""专项投标文件/5.针对评审要素，需要补充的其他文件/5.3.绿色低碳生产及绿色回收/5.3.1.建立了绿色生产/5.3.1.3.现状环境影响评估报告""]",tender_scoring_derived,needs_review,internal,企业内部资料,review_only,仅限人工复核,needs_customer_confirmation,需要客户确认,泰昌绿色低碳资料历史候选第128页,泰昌技术补充文件,泰昌技术补充文件,绿色低碳资料,来源于泰昌技术补充文件，历史位置为“专项投标文件/5.针对评审要素，需要补充的其他文件/5.3.绿色低碳生产及绿色回收/5.3.1.建立了绿色生产/5.3.1.3.现状环境影响评估报告”。当前仅用于泰昌资料人工复核，未获准进入正式标书。,"[""泰昌"", ""绿色低碳资料"", ""历史标书候选"", ""技术标""]",formal_material_caption,资料：泰昌绿色低碳资料,,True,False,False,blocked,尚未通过P0-06人工批准,0.9,assets/template_words/技术补充文件.docx,（二）专项投标文件/5.针对评审要素，需要补充的其他文件/5.3.绿色低碳生产及绿色回收/5.3.1.建立了绿色生产/5.3.1.3.现状环境影响评估报告,c8c61095bf5479acc55310b11f49a1363fdf8dd43a02fc9360323ee72bae2ce3,c8c61095bf5479acc55310b11f49a1363fdf8dd43a02fc9360323ee72bae2ce3
technical-media-0214,technical,media,128,new,未发现重复，仍需审核,河北泰昌电力器材科技有限公司,河北泰昌电力器材科技有限公司,mixed_historical_bid,product_library,产品库资料,green_low_carbon,绿色低碳资料,[],泰昌企业资料,"[""技术标""]","[""专项投标文件/5.针对评审要素，需要补充的其他文件/5.3.绿色低碳生产及绿色回收/5.3.1.建立了绿色生产/5.3.1.3.现状环境影响评估报告""]",tender_scoring_derived,needs_review,internal,企业内部资料,review_only,仅限人工复核,needs_customer_confirmation,需要客户确认,泰昌绿色低碳资料历史候选第128页,泰昌技术补充文件,泰昌技术补充文件,绿色低碳资料,来源于泰昌技术补充文件，历史位置为“专项投标文件/5.针对评审要素，需要补充的其他文件/5.3.绿色低碳生产及绿色回收/5.3.1.建立了绿色生产/5.3.1.3.现状环境影响评估报告”。当前仅用于泰昌资料人工复核，未获准进入正式标书。,"[""泰昌"", ""绿色低碳资料"", ""历史标书候选"", ""技术标""]",formal_material_caption,资料：泰昌绿色低碳资料,,True,False,False,blocked,尚未通过P0-06人工批准,0.9,assets/template_words/技术补充文件.docx,（二）专项投标文件/5.针对评审要素，需要补充的其他文件/5.3.绿色低碳生产及绿色回收/5.3.1.建立了绿色生产/5.3.1.3.现状环境影响评估报告,0bfda44641e2fd39b58e1dc50ac06dacf20f129be02e06bacfd46afbd96e0450,0bfda44641e2fd39b58e1dc50ac06dacf20f129be02e06bacfd46afbd96e0450
technical-media-0215,technical,media,128,new,未发现重复，仍需审核,河北泰昌电力器材科技有限公司,河北泰昌电力器材科技有限公司,mixed_historical_bid,product_library,产品库资料,green_low_carbon,绿色低碳资料,[],泰昌企业资料,"[""技术标""]","[""专项投标文件/5.针对评审要素，需要补充的其他文件/5.3.绿色低碳生产及绿色回收/5.3.1.建立了绿色生产/5.3.1.3.现状环境影响评估报告""]",tender_scoring_derived,needs_review,internal,企业内部资料,review_only,仅限人工复核,needs_customer_confirmation,需要客户确认,泰昌绿色低碳资料历史候选第128页,泰昌技术补充文件,泰昌技术补充文件,绿色低碳资料,来源于泰昌技术补充文件，历史位置为“专项投标文件/5.针对评审要素，需要补充的其他文件/5.3.绿色低碳生产及绿色回收/5.3.1.建立了绿色生产/5.3.1.3.现状环境影响评估报告”。当前仅用于泰昌资料人工复核，未获准进入正式标书。,"[""泰昌"", ""绿色低碳资料"", ""历史标书候选"", ""技术标""]",formal_material_caption,资料：泰昌绿色低碳资料,,True,False,False,blocked,尚未通过P0-06人工批准,0.9,assets/template_words/技术补充文件.docx,（二）专项投标文件/5.针对评审要素，需要补充的其他文件/5.3.绿色低碳生产及绿色回收/5.3.1.建立了绿色生产/5.3.1.3.现状环境影响评估报告,27d45bfaecca6b10b021a628715ab4397e9c65c9e2bc77dc5b5e99ee18cd26f9,27d45bfaecca6b10b021a628715ab4397e9c65c9e2bc77dc5b5e99ee18cd26f9
technical-media-0216,technical,media,128,new,未发现重复，仍需审核,河北泰昌电力器材科技有限公司,河北泰昌电力器材科技有限公司,mixed_historical_bid,product_library,产品库资料,green_low_carbon,绿色低碳资料,[],泰昌企业资料,"[""技术标""]","[""专项投标文件/5.针对评审要素，需要补充的其他文件/5.3.绿色低碳生产及绿色回收/5.3.1.建立了绿色生产/5.3.1.3.现状环境影响评估报告""]",tender_scoring_derived,needs_review,internal,企业内部资料,review_only,仅限人工复核,needs_customer_confirmation,需要客户确认,泰昌绿色低碳资料历史候选第128页,泰昌技术补充文件,泰昌技术补充文件,绿色低碳资料,来源于泰昌技术补充文件，历史位置为“专项投标文件/5.针对评审要素，需要补充的其他文件/5.3.绿色低碳生产及绿色回收/5.3.1.建立了绿色生产/5.3.1.3.现状环境影响评估报告”。当前仅用于泰昌资料人工复核，未获准进入正式标书。,"[""泰昌"", ""绿色低碳资料"", ""历史标书候选"", ""技术标""]",formal_material_caption,资料：泰昌绿色低碳资料,,True,False,False,blocked,尚未通过P0-06人工批准,0.9,assets/template_words/技术补充文件.docx,（二）专项投标文件/5.针对评审要素，需要补充的其他文件/5.3.绿色低碳生产及绿色回收/5.3.1.建立了绿色生产/5.3.1.3.现状环境影响评估报告,b630e6eac6d57dfab5e52a9bef9c22e814969094598d5ba3240e344861779059,b630e6eac6d57dfab5e52a9bef9c22e814969094598d5ba3240e344861779059
technical-media-0217,technical,media,128,new,未发现重复，仍需审核,河北泰昌电力器材科技有限公司,河北泰昌电力器材科技有限公司,mixed_historical_bid,product_library,产品库资料,green_low_carbon,绿色低碳资料,[],泰昌企业资料,"[""技术标""]","[""专项投标文件/5.针对评审要素，需要补充的其他文件/5.3.绿色低碳生产及绿色回收/5.3.1.建立了绿色生产/5.3.1.3.现状环境影响评估报告""]",tender_scoring_derived,needs_review,internal,企业内部资料,review_only,仅限人工复核,needs_customer_confirmation,需要客户确认,泰昌绿色低碳资料历史候选第128页,泰昌技术补充文件,泰昌技术补充文件,绿色低碳资料,来源于泰昌技术补充文件，历史位置为“专项投标文件/5.针对评审要素，需要补充的其他文件/5.3.绿色低碳生产及绿色回收/5.3.1.建立了绿色生产/5.3.1.3.现状环境影响评估报告”。当前仅用于泰昌资料人工复核，未获准进入正式标书。,"[""泰昌"", ""绿色低碳资料"", ""历史标书候选"", ""技术标""]",formal_material_caption,资料：泰昌绿色低碳资料,,True,False,False,blocked,尚未通过P0-06人工批准,0.9,assets/template_words/技术补充文件.docx,（二）专项投标文件/5.针对评审要素，需要补充的其他文件/5.3.绿色低碳生产及绿色回收/5.3.1.建立了绿色生产/5.3.1.3.现状环境影响评估报告,b16e56f9cafc28e0fb0de1541d68a982432ba183f61c3260bececd7ccbff5140,b16e56f9cafc28e0fb0de1541d68a982432ba183f61c3260bececd7ccbff5140
technical-media-0218,technical,media,128,new,未发现重复，仍需审核,河北泰昌电力器材科技有限公司,河北泰昌电力器材科技有限公司,mixed_historical_bid,product_library,产品库资料,green_low_carbon,绿色低碳资料,[],泰昌企业资料,"[""技术标""]","[""专项投标文件/5.针对评审要素，需要补充的其他文件/5.3.绿色低碳生产及绿色回收/5.3.1.建立了绿色生产/5.3.1.3.现状环境影响评估报告""]",tender_scoring_derived,needs_review,internal,企业内部资料,review_only,仅限人工复核,needs_customer_confirmation,需要客户确认,泰昌绿色低碳资料历史候选第128页,泰昌技术补充文件,泰昌技术补充文件,绿色低碳资料,来源于泰昌技术补充文件，历史位置为“专项投标文件/5.针对评审要素，需要补充的其他文件/5.3.绿色低碳生产及绿色回收/5.3.1.建立了绿色生产/5.3.1.3.现状环境影响评估报告”。当前仅用于泰昌资料人工复核，未获准进入正式标书。,"[""泰昌"", ""绿色低碳资料"", ""历史标书候选"", ""技术标""]",formal_material_caption,资料：泰昌绿色低碳资料,,True,False,False,blocked,尚未通过P0-06人工批准,0.9,assets/template_words/技术补充文件.docx,（二）专项投标文件/5.针对评审要素，需要补充的其他文件/5.3.绿色低碳生产及绿色回收/5.3.1.建立了绿色生产/5.3.1.3.现状环境影响评估报告,29da3b347c2441d62f0fd2263384829c04fa4442a293699e67478e85ff2cb50c,29da3b347c2441d62f0fd2263384829c04fa4442a293699e67478e85ff2cb50c
technical-media-0219,technical,media,128,new,未发现重复，仍需审核,河北泰昌电力器材科技有限公司,河北泰昌电力器材科技有限公司,mixed_historical_bid,product_library,产品库资料,green_low_carbon,绿色低碳资料,[],泰昌企业资料,"[""技术标""]","[""专项投标文件/5.针对评审要素，需要补充的其他文件/5.3.绿色低碳生产及绿色回收/5.3.1.建立了绿色生产/5.3.1.3.现状环境影响评估报告""]",tender_scoring_derived,needs_review,internal,企业内部资料,review_only,仅限人工复核,needs_customer_confirmation,需要客户确认,泰昌绿色低碳资料历史候选第128页,泰昌技术补充文件,泰昌技术补充文件,绿色低碳资料,来源于泰昌技术补充文件，历史位置为“专项投标文件/5.针对评审要素，需要补充的其他文件/5.3.绿色低碳生产及绿色回收/5.3.1.建立了绿色生产/5.3.1.3.现状环境影响评估报告”。当前仅用于泰昌资料人工复核，未获准进入正式标书。,"[""泰昌"", ""绿色低碳资料"", ""历史标书候选"", ""技术标""]",formal_material_caption,资料：泰昌绿色低碳资料,,True,False,False,blocked,尚未通过P0-06人工批准,0.9,assets/template_words/技术补充文件.docx,（二）专项投标文件/5.针对评审要素，需要补充的其他文件/5.3.绿色低碳生产及绿色回收/5.3.1.建立了绿色生产/5.3.1.3.现状环境影响评估报告,61bc444155ff62f00d4e6df72c28654c64f614de2c5d1f9d4790f61ce2e72637,61bc444155ff62f00d4e6df72c28654c64f614de2c5d1f9d4790f61ce2e72637
technical-media-0220,technical,media,128,new,未发现重复，仍需审核,河北泰昌电力器材科技有限公司,河北泰昌电力器材科技有限公司,mixed_historical_bid,product_library,产品库资料,green_low_carbon,绿色低碳资料,[],泰昌企业资料,"[""技术标""]","[""专项投标文件/5.针对评审要素，需要补充的其他文件/5.3.绿色低碳生产及绿色回收/5.3.1.建立了绿色生产/5.3.1.3.现状环境影响评估报告""]",tender_scoring_derived,needs_review,internal,企业内部资料,review_only,仅限人工复核,needs_customer_confirmation,需要客户确认,泰昌绿色低碳资料历史候选第128页,泰昌技术补充文件,泰昌技术补充文件,绿色低碳资料,来源于泰昌技术补充文件，历史位置为“专项投标文件/5.针对评审要素，需要补充的其他文件/5.3.绿色低碳生产及绿色回收/5.3.1.建立了绿色生产/5.3.1.3.现状环境影响评估报告”。当前仅用于泰昌资料人工复核，未获准进入正式标书。,"[""泰昌"", ""绿色低碳资料"", ""历史标书候选"", ""技术标""]",formal_material_caption,资料：泰昌绿色低碳资料,,True,False,False,blocked,尚未通过P0-06人工批准,0.9,assets/template_words/技术补充文件.docx,（二）专项投标文件/5.针对评审要素，需要补充的其他文件/5.3.绿色低碳生产及绿色回收/5.3.1.建立了绿色生产/5.3.1.3.现状环境影响评估报告,427d2c5357d95c28d19c59b964f33bea89e691d4e3b71598a295d6b245a84ab9,427d2c5357d95c28d19c59b964f33bea89e691d4e3b71598a295d6b245a84ab9
technical-chapter-032,technical,chapter,218,new,未发现重复，仍需审核,河北泰昌电力器材科技有限公司,河北泰昌电力器材科技有限公司,mixed_historical_bid,reference_template_library,历史参考资料,historical_structure_reference,历史目录结构参考,[],泰昌企业资料,"[""技术标""]","[""专项投标文件/5.针对评审要素，需要补充的其他文件/5.3.绿色低碳生产及绿色回收/5.3.1.建立了绿色生产/5.3.1.4.绿色发展规划报告""]",tender_scoring_derived,needs_review,internal,企业内部资料,review_only,仅限人工复核,not_asset_reference,非资产结构参考,泰昌技术标历史目录参考：专项投标文件/5.针对评审要素，需要补充的其他文件/5.3.绿色低碳生产及绿色回收/5.3.1.建立了绿色生产/5.3.1.4.绿色发展规划报告,泰昌技术补充文件,泰昌技术补充文件,历史目录结构参考,来源于泰昌技术补充文件，历史位置为“专项投标文件/5.针对评审要素，需要补充的其他文件/5.3.绿色低碳生产及绿色回收/5.3.1.建立了绿色生产/5.3.1.4.绿色发展规划报告”。当前仅用于泰昌资料人工复核，未获准进入正式标书。,"[""泰昌"", ""历史目录结构参考"", ""历史标书候选"", ""技术标""]",suppressed_document_page_caption,,,False,False,False,blocked,尚未通过P0-06人工批准,1.0,assets/template_words/技术补充文件.docx,（二）专项投标文件/5.针对评审要素，需要补充的其他文件/5.3.绿色低碳生产及绿色回收/5.3.1.建立了绿色生产/5.3.1.4.绿色发展规划报告,340c8844e8e885d5c2c26bfc93a01de6aa5672fcc48c8ca89e53c30bb5bbdd50,
technical-media-0221,technical,media,219,possible_visual_duplicate,视觉疑似重复,河北泰昌电力器材科技有限公司,河北泰昌电力器材科技有限公司,mixed_historical_bid,product_library,产品库资料,green_low_carbon,绿色低碳资料,[],泰昌企业资料,"[""技术标""]","[""专项投标文件/5.针对评审要素，需要补充的其他文件/5.3.绿色低碳生产及绿色回收/5.3.1.建立了绿色生产/5.3.1.4.绿色发展规划报告""]",tender_scoring_derived,needs_review,internal,企业内部资料,review_only,仅限人工复核,needs_manual_review,需要人工复核,泰昌绿色低碳资料历史候选第219页,泰昌技术补充文件,泰昌技术补充文件,绿色低碳资料,来源于泰昌技术补充文件，历史位置为“专项投标文件/5.针对评审要素，需要补充的其他文件/5.3.绿色低碳生产及绿色回收/5.3.1.建立了绿色生产/5.3.1.4.绿色发展规划报告”。当前仅用于泰昌资料人工复核，未获准进入正式标书。,"[""泰昌"", ""绿色低碳资料"", ""历史标书候选"", ""技术标""]",formal_material_caption,资料：泰昌绿色低碳资料,taichang-visual-review-fb4ac90746304b79302d,True,False,False,blocked,尚未通过P0-06人工批准,0.9,assets/template_words/技术补充文件.docx,（二）专项投标文件/5.针对评审要素，需要补充的其他文件/5.3.绿色低碳生产及绿色回收/5.3.1.建立了绿色生产/5.3.1.4.绿色发展规划报告,4c3552deaef989e1d737cc85c657fd08bbe5c3bd9892d73507c2c7bcc9c44467,4c3552deaef989e1d737cc85c657fd08bbe5c3bd9892d73507c2c7bcc9c44467
technical-media-0222,technical,media,219,possible_visual_duplicate,视觉疑似重复,河北泰昌电力器材科技有限公司,河北泰昌电力器材科技有限公司,mixed_historical_bid,product_library,产品库资料,green_low_carbon,绿色低碳资料,[],泰昌企业资料,"[""技术标""]","[""专项投标文件/5.针对评审要素，需要补充的其他文件/5.3.绿色低碳生产及绿色回收/5.3.1.建立了绿色生产/5.3.1.4.绿色发展规划报告""]",tender_scoring_derived,needs_review,internal,企业内部资料,review_only,仅限人工复核,needs_manual_review,需要人工复核,泰昌绿色低碳资料历史候选第219页,泰昌技术补充文件,泰昌技术补充文件,绿色低碳资料,来源于泰昌技术补充文件，历史位置为“专项投标文件/5.针对评审要素，需要补充的其他文件/5.3.绿色低碳生产及绿色回收/5.3.1.建立了绿色生产/5.3.1.4.绿色发展规划报告”。当前仅用于泰昌资料人工复核，未获准进入正式标书。,"[""泰昌"", ""绿色低碳资料"", ""历史标书候选"", ""技术标""]",formal_material_caption,资料：泰昌绿色低碳资料,taichang-visual-review-d0001fb3a3750869ac23,True,False,False,blocked,尚未通过P0-06人工批准,0.9,assets/template_words/技术补充文件.docx,（二）专项投标文件/5.针对评审要素，需要补充的其他文件/5.3.绿色低碳生产及绿色回收/5.3.1.建立了绿色生产/5.3.1.4.绿色发展规划报告,d3edd400316dc0f8305df3671adb84e11787f2420091bab8842ed0f2fa157196,d3edd400316dc0f8305df3671adb84e11787f2420091bab8842ed0f2fa157196
technical-media-0223,technical,media,219,possible_visual_duplicate,视觉疑似重复,河北泰昌电力器材科技有限公司,河北泰昌电力器材科技有限公司,mixed_historical_bid,product_library,产品库资料,green_low_carbon,绿色低碳资料,[],泰昌企业资料,"[""技术标""]","[""专项投标文件/5.针对评审要素，需要补充的其他文件/5.3.绿色低碳生产及绿色回收/5.3.1.建立了绿色生产/5.3.1.4.绿色发展规划报告""]",tender_scoring_derived,needs_review,internal,企业内部资料,review_only,仅限人工复核,needs_manual_review,需要人工复核,泰昌绿色低碳资料历史候选第219页,泰昌技术补充文件,泰昌技术补充文件,绿色低碳资料,来源于泰昌技术补充文件，历史位置为“专项投标文件/5.针对评审要素，需要补充的其他文件/5.3.绿色低碳生产及绿色回收/5.3.1.建立了绿色生产/5.3.1.4.绿色发展规划报告”。当前仅用于泰昌资料人工复核，未获准进入正式标书。,"[""泰昌"", ""绿色低碳资料"", ""历史标书候选"", ""技术标""]",formal_material_caption,资料：泰昌绿色低碳资料,taichang-visual-review-29f9081419c15eefdceb,True,False,False,blocked,尚未通过P0-06人工批准,0.9,assets/template_words/技术补充文件.docx,（二）专项投标文件/5.针对评审要素，需要补充的其他文件/5.3.绿色低碳生产及绿色回收/5.3.1.建立了绿色生产/5.3.1.4.绿色发展规划报告,867f0d4dbb1e5b3dd043770048c24d877ef93f63a72a1c7546a45499d81dde6f,867f0d4dbb1e5b3dd043770048c24d877ef93f63a72a1c7546a45499d81dde6f
technical-media-0224,technical,media,219,possible_visual_duplicate,视觉疑似重复,河北泰昌电力器材科技有限公司,河北泰昌电力器材科技有限公司,mixed_historical_bid,product_library,产品库资料,green_low_carbon,绿色低碳资料,[],泰昌企业资料,"[""技术标""]","[""专项投标文件/5.针对评审要素，需要补充的其他文件/5.3.绿色低碳生产及绿色回收/5.3.1.建立了绿色生产/5.3.1.4.绿色发展规划报告""]",tender_scoring_derived,needs_review,internal,企业内部资料,review_only,仅限人工复核,needs_manual_review,需要人工复核,泰昌绿色低碳资料历史候选第219页,泰昌技术补充文件,泰昌技术补充文件,绿色低碳资料,来源于泰昌技术补充文件，历史位置为“专项投标文件/5.针对评审要素，需要补充的其他文件/5.3.绿色低碳生产及绿色回收/5.3.1.建立了绿色生产/5.3.1.4.绿色发展规划报告”。当前仅用于泰昌资料人工复核，未获准进入正式标书。,"[""泰昌"", ""绿色低碳资料"", ""历史标书候选"", ""技术标""]",formal_material_caption,资料：泰昌绿色低碳资料,taichang-visual-review-c59e8e88af6ad7c876c1,True,False,False,blocked,尚未通过P0-06人工批准,0.9,assets/template_words/技术补充文件.docx,（二）专项投标文件/5.针对评审要素，需要补充的其他文件/5.3.绿色低碳生产及绿色回收/5.3.1.建立了绿色生产/5.3.1.4.绿色发展规划报告,733a1a5db697d234e52e0761e640cab08cb246799487fb502ddf0bd30eb6d419,733a1a5db697d234e52e0761e640cab08cb246799487fb502ddf0bd30eb6d419
technical-media-0225,technical,media,219,possible_visual_duplicate,视觉疑似重复,河北泰昌电力器材科技有限公司,河北泰昌电力器材科技有限公司,mixed_historical_bid,product_library,产品库资料,green_low_carbon,绿色低碳资料,[],泰昌企业资料,"[""技术标""]","[""专项投标文件/5.针对评审要素，需要补充的其他文件/5.3.绿色低碳生产及绿色回收/5.3.1.建立了绿色生产/5.3.1.4.绿色发展规划报告""]",tender_scoring_derived,needs_review,internal,企业内部资料,review_only,仅限人工复核,needs_manual_review,需要人工复核,泰昌绿色低碳资料历史候选第219页,泰昌技术补充文件,泰昌技术补充文件,绿色低碳资料,来源于泰昌技术补充文件，历史位置为“专项投标文件/5.针对评审要素，需要补充的其他文件/5.3.绿色低碳生产及绿色回收/5.3.1.建立了绿色生产/5.3.1.4.绿色发展规划报告”。当前仅用于泰昌资料人工复核，未获准进入正式标书。,"[""泰昌"", ""绿色低碳资料"", ""历史标书候选"", ""技术标""]",formal_material_caption,资料：泰昌绿色低碳资料,taichang-visual-review-4fbb0395f3904c6d451d,True,False,False,blocked,尚未通过P0-06人工批准,0.9,assets/template_words/技术补充文件.docx,（二）专项投标文件/5.针对评审要素，需要补充的其他文件/5.3.绿色低碳生产及绿色回收/5.3.1.建立了绿色生产/5.3.1.4.绿色发展规划报告,d75b6546afcc512c69a1e745c297e65ee1209657911a3e6d4fbcdc440791f370,d75b6546afcc512c69a1e745c297e65ee1209657911a3e6d4fbcdc440791f370
technical-media-0226,technical,media,219,possible_visual_duplicate,视觉疑似重复,河北泰昌电力器材科技有限公司,河北泰昌电力器材科技有限公司,mixed_historical_bid,product_library,产品库资料,green_low_carbon,绿色低碳资料,[],泰昌企业资料,"[""技术标""]","[""专项投标文件/5.针对评审要素，需要补充的其他文件/5.3.绿色低碳生产及绿色回收/5.3.1.建立了绿色生产/5.3.1.4.绿色发展规划报告""]",tender_scoring_derived,needs_review,internal,企业内部资料,review_only,仅限人工复核,needs_manual_review,需要人工复核,泰昌绿色低碳资料历史候选第219页,泰昌技术补充文件,泰昌技术补充文件,绿色低碳资料,来源于泰昌技术补充文件，历史位置为“专项投标文件/5.针对评审要素，需要补充的其他文件/5.3.绿色低碳生产及绿色回收/5.3.1.建立了绿色生产/5.3.1.4.绿色发展规划报告”。当前仅用于泰昌资料人工复核，未获准进入正式标书。,"[""泰昌"", ""绿色低碳资料"", ""历史标书候选"", ""技术标""]",formal_material_caption,资料：泰昌绿色低碳资料,taichang-visual-review-34399d7374af66150156,True,False,False,blocked,尚未通过P0-06人工批准,0.9,assets/template_words/技术补充文件.docx,（二）专项投标文件/5.针对评审要素，需要补充的其他文件/5.3.绿色低碳生产及绿色回收/5.3.1.建立了绿色生产/5.3.1.4.绿色发展规划报告,c26a63c9330d52595d88abbbd57df05bd001456465d480b5d28fab7bb0d2fc14,c26a63c9330d52595d88abbbd57df05bd001456465d480b5d28fab7bb0d2fc14
technical-media-0227,technical,media,219,new,未发现重复，仍需审核,河北泰昌电力器材科技有限公司,河北泰昌电力器材科技有限公司,mixed_historical_bid,product_library,产品库资料,green_low_carbon,绿色低碳资料,[],泰昌企业资料,"[""技术标""]","[""专项投标文件/5.针对评审要素，需要补充的其他文件/5.3.绿色低碳生产及绿色回收/5.3.1.建立了绿色生产/5.3.1.4.绿色发展规划报告""]",tender_scoring_derived,needs_review,internal,企业内部资料,review_only,仅限人工复核,needs_customer_confirmation,需要客户确认,泰昌绿色低碳资料历史候选第219页,泰昌技术补充文件,泰昌技术补充文件,绿色低碳资料,来源于泰昌技术补充文件，历史位置为“专项投标文件/5.针对评审要素，需要补充的其他文件/5.3.绿色低碳生产及绿色回收/5.3.1.建立了绿色生产/5.3.1.4.绿色发展规划报告”。当前仅用于泰昌资料人工复核，未获准进入正式标书。,"[""泰昌"", ""绿色低碳资料"", ""历史标书候选"", ""技术标""]",formal_material_caption,资料：泰昌绿色低碳资料,,True,False,False,blocked,尚未通过P0-06人工批准,0.9,assets/template_words/技术补充文件.docx,（二）专项投标文件/5.针对评审要素，需要补充的其他文件/5.3.绿色低碳生产及绿色回收/5.3.1.建立了绿色生产/5.3.1.4.绿色发展规划报告,a64ce01b4022ab7fde9002abb4b35352dc4e4927d3c2bc31732a61eb4c130c94,a64ce01b4022ab7fde9002abb4b35352dc4e4927d3c2bc31732a61eb4c130c94
technical-media-0228,technical,media,219,possible_visual_duplicate,视觉疑似重复,河北泰昌电力器材科技有限公司,河北泰昌电力器材科技有限公司,mixed_historical_bid,product_library,产品库资料,green_low_carbon,绿色低碳资料,[],泰昌企业资料,"[""技术标""]","[""专项投标文件/5.针对评审要素，需要补充的其他文件/5.3.绿色低碳生产及绿色回收/5.3.1.建立了绿色生产/5.3.1.4.绿色发展规划报告""]",tender_scoring_derived,needs_review,internal,企业内部资料,review_only,仅限人工复核,needs_manual_review,需要人工复核,泰昌绿色低碳资料历史候选第219页,泰昌技术补充文件,泰昌技术补充文件,绿色低碳资料,来源于泰昌技术补充文件，历史位置为“专项投标文件/5.针对评审要素，需要补充的其他文件/5.3.绿色低碳生产及绿色回收/5.3.1.建立了绿色生产/5.3.1.4.绿色发展规划报告”。当前仅用于泰昌资料人工复核，未获准进入正式标书。,"[""泰昌"", ""绿色低碳资料"", ""历史标书候选"", ""技术标""]",formal_material_caption,资料：泰昌绿色低碳资料,taichang-visual-review-961eccde904c785b4c14,True,False,False,blocked,尚未通过P0-06人工批准,0.9,assets/template_words/技术补充文件.docx,（二）专项投标文件/5.针对评审要素，需要补充的其他文件/5.3.绿色低碳生产及绿色回收/5.3.1.建立了绿色生产/5.3.1.4.绿色发展规划报告,d5bdeb81698a777b4e1c3d7a94cf38bbf72b3739f71935e84aeb6cda1f7265e5,d5bdeb81698a777b4e1c3d7a94cf38bbf72b3739f71935e84aeb6cda1f7265e5
technical-media-0229,technical,media,219,possible_visual_duplicate,视觉疑似重复,河北泰昌电力器材科技有限公司,河北泰昌电力器材科技有限公司,mixed_historical_bid,product_library,产品库资料,green_low_carbon,绿色低碳资料,[],泰昌企业资料,"[""技术标""]","[""专项投标文件/5.针对评审要素，需要补充的其他文件/5.3.绿色低碳生产及绿色回收/5.3.1.建立了绿色生产/5.3.1.4.绿色发展规划报告""]",tender_scoring_derived,needs_review,internal,企业内部资料,review_only,仅限人工复核,needs_manual_review,需要人工复核,泰昌绿色低碳资料历史候选第219页,泰昌技术补充文件,泰昌技术补充文件,绿色低碳资料,来源于泰昌技术补充文件，历史位置为“专项投标文件/5.针对评审要素，需要补充的其他文件/5.3.绿色低碳生产及绿色回收/5.3.1.建立了绿色生产/5.3.1.4.绿色发展规划报告”。当前仅用于泰昌资料人工复核，未获准进入正式标书。,"[""泰昌"", ""绿色低碳资料"", ""历史标书候选"", ""技术标""]",formal_material_caption,资料：泰昌绿色低碳资料,taichang-visual-review-ceaf1b3afa5fd23ad5f2,True,False,False,blocked,尚未通过P0-06人工批准,0.9,assets/template_words/技术补充文件.docx,（二）专项投标文件/5.针对评审要素，需要补充的其他文件/5.3.绿色低碳生产及绿色回收/5.3.1.建立了绿色生产/5.3.1.4.绿色发展规划报告,f0ff8dd9b015c06dc1c366c9c696470b998d1c1af77070e04d5f2ced88198c0b,f0ff8dd9b015c06dc1c366c9c696470b998d1c1af77070e04d5f2ced88198c0b
technical-media-0230,technical,media,219,possible_visual_duplicate,视觉疑似重复,河北泰昌电力器材科技有限公司,河北泰昌电力器材科技有限公司,mixed_historical_bid,product_library,产品库资料,green_low_carbon,绿色低碳资料,[],泰昌企业资料,"[""技术标""]","[""专项投标文件/5.针对评审要素，需要补充的其他文件/5.3.绿色低碳生产及绿色回收/5.3.1.建立了绿色生产/5.3.1.4.绿色发展规划报告""]",tender_scoring_derived,needs_review,internal,企业内部资料,review_only,仅限人工复核,needs_manual_review,需要人工复核,泰昌绿色低碳资料历史候选第219页,泰昌技术补充文件,泰昌技术补充文件,绿色低碳资料,来源于泰昌技术补充文件，历史位置为“专项投标文件/5.针对评审要素，需要补充的其他文件/5.3.绿色低碳生产及绿色回收/5.3.1.建立了绿色生产/5.3.1.4.绿色发展规划报告”。当前仅用于泰昌资料人工复核，未获准进入正式标书。,"[""泰昌"", ""绿色低碳资料"", ""历史标书候选"", ""技术标""]",formal_material_caption,资料：泰昌绿色低碳资料,taichang-visual-review-c8152396a256f033a054,True,False,False,blocked,尚未通过P0-06人工批准,0.9,assets/template_words/技术补充文件.docx,（二）专项投标文件/5.针对评审要素，需要补充的其他文件/5.3.绿色低碳生产及绿色回收/5.3.1.建立了绿色生产/5.3.1.4.绿色发展规划报告,42101cdc767c69edb31df4af1ba9cd02e4e4a7327c955442e1b38e3b41cd8b56,42101cdc767c69edb31df4af1ba9cd02e4e4a7327c955442e1b38e3b41cd8b56
technical-media-0231,technical,media,219,possible_visual_duplicate,视觉疑似重复,河北泰昌电力器材科技有限公司,河北泰昌电力器材科技有限公司,mixed_historical_bid,product_library,产品库资料,green_low_carbon,绿色低碳资料,[],泰昌企业资料,"[""技术标""]","[""专项投标文件/5.针对评审要素，需要补充的其他文件/5.3.绿色低碳生产及绿色回收/5.3.1.建立了绿色生产/5.3.1.4.绿色发展规划报告""]",tender_scoring_derived,needs_review,internal,企业内部资料,review_only,仅限人工复核,needs_manual_review,需要人工复核,泰昌绿色低碳资料历史候选第219页,泰昌技术补充文件,泰昌技术补充文件,绿色低碳资料,来源于泰昌技术补充文件，历史位置为“专项投标文件/5.针对评审要素，需要补充的其他文件/5.3.绿色低碳生产及绿色回收/5.3.1.建立了绿色生产/5.3.1.4.绿色发展规划报告”。当前仅用于泰昌资料人工复核，未获准进入正式标书。,"[""泰昌"", ""绿色低碳资料"", ""历史标书候选"", ""技术标""]",formal_material_caption,资料：泰昌绿色低碳资料,taichang-visual-review-c89a71a0c0c36c7a4d88,True,False,False,blocked,尚未通过P0-06人工批准,0.9,assets/template_words/技术补充文件.docx,（二）专项投标文件/5.针对评审要素，需要补充的其他文件/5.3.绿色低碳生产及绿色回收/5.3.1.建立了绿色生产/5.3.1.4.绿色发展规划报告,a8cbd999fcb94a4e73294597d3ca69720c03dc5de3ffcc8ebfb050702b1d397a,a8cbd999fcb94a4e73294597d3ca69720c03dc5de3ffcc8ebfb050702b1d397a
technical-media-0232,technical,media,219,possible_visual_duplicate,视觉疑似重复,河北泰昌电力器材科技有限公司,河北泰昌电力器材科技有限公司,mixed_historical_bid,product_library,产品库资料,green_low_carbon,绿色低碳资料,[],泰昌企业资料,"[""技术标""]","[""专项投标文件/5.针对评审要素，需要补充的其他文件/5.3.绿色低碳生产及绿色回收/5.3.1.建立了绿色生产/5.3.1.4.绿色发展规划报告""]",tender_scoring_derived,needs_review,internal,企业内部资料,review_only,仅限人工复核,needs_manual_review,需要人工复核,泰昌绿色低碳资料历史候选第219页,泰昌技术补充文件,泰昌技术补充文件,绿色低碳资料,来源于泰昌技术补充文件，历史位置为“专项投标文件/5.针对评审要素，需要补充的其他文件/5.3.绿色低碳生产及绿色回收/5.3.1.建立了绿色生产/5.3.1.4.绿色发展规划报告”。当前仅用于泰昌资料人工复核，未获准进入正式标书。,"[""泰昌"", ""绿色低碳资料"", ""历史标书候选"", ""技术标""]",formal_material_caption,资料：泰昌绿色低碳资料,taichang-visual-review-686c47136489c9d8705e,True,False,False,blocked,尚未通过P0-06人工批准,0.9,assets/template_words/技术补充文件.docx,（二）专项投标文件/5.针对评审要素，需要补充的其他文件/5.3.绿色低碳生产及绿色回收/5.3.1.建立了绿色生产/5.3.1.4.绿色发展规划报告,e4f080fcfb9c3190419ac9b30afb9a28c9c1423d66b273838dbedfb07744d151,e4f080fcfb9c3190419ac9b30afb9a28c9c1423d66b273838dbedfb07744d151
technical-media-0233,technical,media,219,possible_visual_duplicate,视觉疑似重复,河北泰昌电力器材科技有限公司,河北泰昌电力器材科技有限公司,mixed_historical_bid,product_library,产品库资料,green_low_carbon,绿色低碳资料,[],泰昌企业资料,"[""技术标""]","[""专项投标文件/5.针对评审要素，需要补充的其他文件/5.3.绿色低碳生产及绿色回收/5.3.1.建立了绿色生产/5.3.1.4.绿色发展规划报告""]",tender_scoring_derived,needs_review,internal,企业内部资料,review_only,仅限人工复核,needs_manual_review,需要人工复核,泰昌绿色低碳资料历史候选第219页,泰昌技术补充文件,泰昌技术补充文件,绿色低碳资料,来源于泰昌技术补充文件，历史位置为“专项投标文件/5.针对评审要素，需要补充的其他文件/5.3.绿色低碳生产及绿色回收/5.3.1.建立了绿色生产/5.3.1.4.绿色发展规划报告”。当前仅用于泰昌资料人工复核，未获准进入正式标书。,"[""泰昌"", ""绿色低碳资料"", ""历史标书候选"", ""技术标""]",formal_material_caption,资料：泰昌绿色低碳资料,taichang-visual-review-74651b9281fdb12c847f,True,False,False,blocked,尚未通过P0-06人工批准,0.9,assets/template_words/技术补充文件.docx,（二）专项投标文件/5.针对评审要素，需要补充的其他文件/5.3.绿色低碳生产及绿色回收/5.3.1.建立了绿色生产/5.3.1.4.绿色发展规划报告,d6bb9eccd0820827239eb3b634c2bf3b0832941d127d002c00619ce5f27fbc1e,d6bb9eccd0820827239eb3b634c2bf3b0832941d127d002c00619ce5f27fbc1e
technical-media-0234,technical,media,219,possible_visual_duplicate,视觉疑似重复,河北泰昌电力器材科技有限公司,河北泰昌电力器材科技有限公司,mixed_historical_bid,product_library,产品库资料,green_low_carbon,绿色低碳资料,[],泰昌企业资料,"[""技术标""]","[""专项投标文件/5.针对评审要素，需要补充的其他文件/5.3.绿色低碳生产及绿色回收/5.3.1.建立了绿色生产/5.3.1.4.绿色发展规划报告""]",tender_scoring_derived,needs_review,internal,企业内部资料,review_only,仅限人工复核,needs_manual_review,需要人工复核,泰昌绿色低碳资料历史候选第219页,泰昌技术补充文件,泰昌技术补充文件,绿色低碳资料,来源于泰昌技术补充文件，历史位置为“专项投标文件/5.针对评审要素，需要补充的其他文件/5.3.绿色低碳生产及绿色回收/5.3.1.建立了绿色生产/5.3.1.4.绿色发展规划报告”。当前仅用于泰昌资料人工复核，未获准进入正式标书。,"[""泰昌"", ""绿色低碳资料"", ""历史标书候选"", ""技术标""]",formal_material_caption,资料：泰昌绿色低碳资料,taichang-visual-review-ed945086fe3fa6382376,True,False,False,blocked,尚未通过P0-06人工批准,0.9,assets/template_words/技术补充文件.docx,（二）专项投标文件/5.针对评审要素，需要补充的其他文件/5.3.绿色低碳生产及绿色回收/5.3.1.建立了绿色生产/5.3.1.4.绿色发展规划报告,9b80277181bc0615c95d9fc2ba8f05b97e84d9dda259ae67c7fe459900d592e5,9b80277181bc0615c95d9fc2ba8f05b97e84d9dda259ae67c7fe459900d592e5
technical-media-0235,technical,media,219,possible_visual_duplicate,视觉疑似重复,河北泰昌电力器材科技有限公司,河北泰昌电力器材科技有限公司,mixed_historical_bid,product_library,产品库资料,green_low_carbon,绿色低碳资料,[],泰昌企业资料,"[""技术标""]","[""专项投标文件/5.针对评审要素，需要补充的其他文件/5.3.绿色低碳生产及绿色回收/5.3.1.建立了绿色生产/5.3.1.4.绿色发展规划报告""]",tender_scoring_derived,needs_review,internal,企业内部资料,review_only,仅限人工复核,needs_manual_review,需要人工复核,泰昌绿色低碳资料历史候选第219页,泰昌技术补充文件,泰昌技术补充文件,绿色低碳资料,来源于泰昌技术补充文件，历史位置为“专项投标文件/5.针对评审要素，需要补充的其他文件/5.3.绿色低碳生产及绿色回收/5.3.1.建立了绿色生产/5.3.1.4.绿色发展规划报告”。当前仅用于泰昌资料人工复核，未获准进入正式标书。,"[""泰昌"", ""绿色低碳资料"", ""历史标书候选"", ""技术标""]",formal_material_caption,资料：泰昌绿色低碳资料,taichang-visual-review-11ec55367904a546d202,True,False,False,blocked,尚未通过P0-06人工批准,0.9,assets/template_words/技术补充文件.docx,（二）专项投标文件/5.针对评审要素，需要补充的其他文件/5.3.绿色低碳生产及绿色回收/5.3.1.建立了绿色生产/5.3.1.4.绿色发展规划报告,8eff34d384ac79f37f365801b5b1e9151885c8e7768a4172c127b9043237160d,8eff34d384ac79f37f365801b5b1e9151885c8e7768a4172c127b9043237160d
technical-media-0236,technical,media,219,possible_visual_duplicate,视觉疑似重复,河北泰昌电力器材科技有限公司,河北泰昌电力器材科技有限公司,mixed_historical_bid,product_library,产品库资料,green_low_carbon,绿色低碳资料,[],泰昌企业资料,"[""技术标""]","[""专项投标文件/5.针对评审要素，需要补充的其他文件/5.3.绿色低碳生产及绿色回收/5.3.1.建立了绿色生产/5.3.1.4.绿色发展规划报告""]",tender_scoring_derived,needs_review,internal,企业内部资料,review_only,仅限人工复核,needs_manual_review,需要人工复核,泰昌绿色低碳资料历史候选第219页,泰昌技术补充文件,泰昌技术补充文件,绿色低碳资料,来源于泰昌技术补充文件，历史位置为“专项投标文件/5.针对评审要素，需要补充的其他文件/5.3.绿色低碳生产及绿色回收/5.3.1.建立了绿色生产/5.3.1.4.绿色发展规划报告”。当前仅用于泰昌资料人工复核，未获准进入正式标书。,"[""泰昌"", ""绿色低碳资料"", ""历史标书候选"", ""技术标""]",formal_material_caption,资料：泰昌绿色低碳资料,taichang-visual-review-b2b321a3de24fdc0751c,True,False,False,blocked,尚未通过P0-06人工批准,0.9,assets/template_words/技术补充文件.docx,（二）专项投标文件/5.针对评审要素，需要补充的其他文件/5.3.绿色低碳生产及绿色回收/5.3.1.建立了绿色生产/5.3.1.4.绿色发展规划报告,4c61af9e6a6f66a457dcc3dea1b975e0ebd32196d0cc05642840347e03114f0c,4c61af9e6a6f66a457dcc3dea1b975e0ebd32196d0cc05642840347e03114f0c
technical-media-0237,technical,media,219,possible_visual_duplicate,视觉疑似重复,河北泰昌电力器材科技有限公司,河北泰昌电力器材科技有限公司,mixed_historical_bid,product_library,产品库资料,green_low_carbon,绿色低碳资料,[],泰昌企业资料,"[""技术标""]","[""专项投标文件/5.针对评审要素，需要补充的其他文件/5.3.绿色低碳生产及绿色回收/5.3.1.建立了绿色生产/5.3.1.4.绿色发展规划报告""]",tender_scoring_derived,needs_review,internal,企业内部资料,review_only,仅限人工复核,needs_manual_review,需要人工复核,泰昌绿色低碳资料历史候选第219页,泰昌技术补充文件,泰昌技术补充文件,绿色低碳资料,来源于泰昌技术补充文件，历史位置为“专项投标文件/5.针对评审要素，需要补充的其他文件/5.3.绿色低碳生产及绿色回收/5.3.1.建立了绿色生产/5.3.1.4.绿色发展规划报告”。当前仅用于泰昌资料人工复核，未获准进入正式标书。,"[""泰昌"", ""绿色低碳资料"", ""历史标书候选"", ""技术标""]",formal_material_caption,资料：泰昌绿色低碳资料,taichang-visual-review-5e9169a0de6e127d9374,True,False,False,blocked,尚未通过P0-06人工批准,0.9,assets/template_words/技术补充文件.docx,（二）专项投标文件/5.针对评审要素，需要补充的其他文件/5.3.绿色低碳生产及绿色回收/5.3.1.建立了绿色生产/5.3.1.4.绿色发展规划报告,4e0cb7ea46aae0bf1c21d13f5a6827853070bb4e727410f91ea76079a0760872,4e0cb7ea46aae0bf1c21d13f5a6827853070bb4e727410f91ea76079a0760872
technical-media-0238,technical,media,219,possible_visual_duplicate,视觉疑似重复,河北泰昌电力器材科技有限公司,河北泰昌电力器材科技有限公司,mixed_historical_bid,product_library,产品库资料,green_low_carbon,绿色低碳资料,[],泰昌企业资料,"[""技术标""]","[""专项投标文件/5.针对评审要素，需要补充的其他文件/5.3.绿色低碳生产及绿色回收/5.3.1.建立了绿色生产/5.3.1.4.绿色发展规划报告""]",tender_scoring_derived,needs_review,internal,企业内部资料,review_only,仅限人工复核,needs_manual_review,需要人工复核,泰昌绿色低碳资料历史候选第219页,泰昌技术补充文件,泰昌技术补充文件,绿色低碳资料,来源于泰昌技术补充文件，历史位置为“专项投标文件/5.针对评审要素，需要补充的其他文件/5.3.绿色低碳生产及绿色回收/5.3.1.建立了绿色生产/5.3.1.4.绿色发展规划报告”。当前仅用于泰昌资料人工复核，未获准进入正式标书。,"[""泰昌"", ""绿色低碳资料"", ""历史标书候选"", ""技术标""]",formal_material_caption,资料：泰昌绿色低碳资料,taichang-visual-review-5596a96eb918595bae58,True,False,False,blocked,尚未通过P0-06人工批准,0.9,assets/template_words/技术补充文件.docx,（二）专项投标文件/5.针对评审要素，需要补充的其他文件/5.3.绿色低碳生产及绿色回收/5.3.1.建立了绿色生产/5.3.1.4.绿色发展规划报告,3e1819220cbb9c33a4e90eec205363cced439886f46f2cef58e034643f5ce4ec,3e1819220cbb9c33a4e90eec205363cced439886f46f2cef58e034643f5ce4ec
technical-chapter-033,technical,chapter,236,new,未发现重复，仍需审核,河北泰昌电力器材科技有限公司,河北泰昌电力器材科技有限公司,mixed_historical_bid,reference_template_library,历史参考资料,historical_structure_reference,历史目录结构参考,[],泰昌企业资料,"[""技术标""]","[""专项投标文件/5.针对评审要素，需要补充的其他文件/5.3.绿色低碳生产及绿色回收/5.3.1.建立了绿色生产/5.3.1.5.碳足迹报告""]",tender_scoring_derived,needs_review,internal,企业内部资料,review_only,仅限人工复核,not_asset_reference,非资产结构参考,泰昌技术标历史目录参考：专项投标文件/5.针对评审要素，需要补充的其他文件/5.3.绿色低碳生产及绿色回收/5.3.1.建立了绿色生产/5.3.1.5.碳足迹报告,泰昌技术补充文件,泰昌技术补充文件,历史目录结构参考,来源于泰昌技术补充文件，历史位置为“专项投标文件/5.针对评审要素，需要补充的其他文件/5.3.绿色低碳生产及绿色回收/5.3.1.建立了绿色生产/5.3.1.5.碳足迹报告”。当前仅用于泰昌资料人工复核，未获准进入正式标书。,"[""泰昌"", ""历史目录结构参考"", ""历史标书候选"", ""技术标""]",suppressed_document_page_caption,,,False,False,False,blocked,尚未通过P0-06人工批准,1.0,assets/template_words/技术补充文件.docx,（二）专项投标文件/5.针对评审要素，需要补充的其他文件/5.3.绿色低碳生产及绿色回收/5.3.1.建立了绿色生产/5.3.1.5.碳足迹报告,e60bc6aa7ec461bcd666289cee7f9352c27fbd615176a68cc65f8b693d8d00d1,
technical-media-0239,technical,media,237,possible_visual_duplicate,视觉疑似重复,河北泰昌电力器材科技有限公司,河北泰昌电力器材科技有限公司,mixed_historical_bid,product_library,产品库资料,green_low_carbon,绿色低碳资料,[],泰昌企业资料,"[""技术标""]","[""专项投标文件/5.针对评审要素，需要补充的其他文件/5.3.绿色低碳生产及绿色回收/5.3.1.建立了绿色生产/5.3.1.5.碳足迹报告""]",tender_scoring_derived,needs_review,internal,企业内部资料,review_only,仅限人工复核,needs_manual_review,需要人工复核,泰昌绿色低碳资料历史候选第237页,泰昌技术补充文件,泰昌技术补充文件,绿色低碳资料,来源于泰昌技术补充文件，历史位置为“专项投标文件/5.针对评审要素，需要补充的其他文件/5.3.绿色低碳生产及绿色回收/5.3.1.建立了绿色生产/5.3.1.5.碳足迹报告”。当前仅用于泰昌资料人工复核，未获准进入正式标书。,"[""泰昌"", ""绿色低碳资料"", ""历史标书候选"", ""技术标""]",formal_material_caption,资料：泰昌绿色低碳资料,taichang-visual-review-0c198dba58a9de4f0381,True,False,False,blocked,尚未通过P0-06人工批准,0.9,assets/template_words/技术补充文件.docx,（二）专项投标文件/5.针对评审要素，需要补充的其他文件/5.3.绿色低碳生产及绿色回收/5.3.1.建立了绿色生产/5.3.1.5.碳足迹报告,303ad8ba7da88972e3c54f0996bbb3b4f96363201ad72bef131b21b4cbf49b28,303ad8ba7da88972e3c54f0996bbb3b4f96363201ad72bef131b21b4cbf49b28
technical-media-0240,technical,media,237,possible_visual_duplicate,视觉疑似重复,河北泰昌电力器材科技有限公司,河北泰昌电力器材科技有限公司,mixed_historical_bid,product_library,产品库资料,green_low_carbon,绿色低碳资料,[],泰昌企业资料,"[""技术标""]","[""专项投标文件/5.针对评审要素，需要补充的其他文件/5.3.绿色低碳生产及绿色回收/5.3.1.建立了绿色生产/5.3.1.5.碳足迹报告""]",tender_scoring_derived,needs_review,internal,企业内部资料,review_only,仅限人工复核,needs_manual_review,需要人工复核,泰昌绿色低碳资料历史候选第237页,泰昌技术补充文件,泰昌技术补充文件,绿色低碳资料,来源于泰昌技术补充文件，历史位置为“专项投标文件/5.针对评审要素，需要补充的其他文件/5.3.绿色低碳生产及绿色回收/5.3.1.建立了绿色生产/5.3.1.5.碳足迹报告”。当前仅用于泰昌资料人工复核，未获准进入正式标书。,"[""泰昌"", ""绿色低碳资料"", ""历史标书候选"", ""技术标""]",formal_material_caption,资料：泰昌绿色低碳资料,taichang-visual-review-7ae6dc6f28b6d12e83bc,True,False,False,blocked,尚未通过P0-06人工批准,0.9,assets/template_words/技术补充文件.docx,（二）专项投标文件/5.针对评审要素，需要补充的其他文件/5.3.绿色低碳生产及绿色回收/5.3.1.建立了绿色生产/5.3.1.5.碳足迹报告,0fc306096c4c0c1c500dd9d374dd1fa7fb5283e6a242b9b1f6d7a5d72955d6fc,0fc306096c4c0c1c500dd9d374dd1fa7fb5283e6a242b9b1f6d7a5d72955d6fc
technical-media-0241,technical,media,237,possible_visual_duplicate,视觉疑似重复,河北泰昌电力器材科技有限公司,河北泰昌电力器材科技有限公司,mixed_historical_bid,product_library,产品库资料,green_low_carbon,绿色低碳资料,[],泰昌企业资料,"[""技术标""]","[""专项投标文件/5.针对评审要素，需要补充的其他文件/5.3.绿色低碳生产及绿色回收/5.3.1.建立了绿色生产/5.3.1.5.碳足迹报告""]",tender_scoring_derived,needs_review,internal,企业内部资料,review_only,仅限人工复核,needs_manual_review,需要人工复核,泰昌绿色低碳资料历史候选第237页,泰昌技术补充文件,泰昌技术补充文件,绿色低碳资料,来源于泰昌技术补充文件，历史位置为“专项投标文件/5.针对评审要素，需要补充的其他文件/5.3.绿色低碳生产及绿色回收/5.3.1.建立了绿色生产/5.3.1.5.碳足迹报告”。当前仅用于泰昌资料人工复核，未获准进入正式标书。,"[""泰昌"", ""绿色低碳资料"", ""历史标书候选"", ""技术标""]",formal_material_caption,资料：泰昌绿色低碳资料,taichang-visual-review-0a9d1148a4045b90bf46,True,False,False,blocked,尚未通过P0-06人工批准,0.9,assets/template_words/技术补充文件.docx,（二）专项投标文件/5.针对评审要素，需要补充的其他文件/5.3.绿色低碳生产及绿色回收/5.3.1.建立了绿色生产/5.3.1.5.碳足迹报告,6aaac021695f1a60fe61032f3f9191052d75b05d819fa097dc46547012ac9694,6aaac021695f1a60fe61032f3f9191052d75b05d819fa097dc46547012ac9694
technical-media-0242,technical,media,237,possible_visual_duplicate,视觉疑似重复,河北泰昌电力器材科技有限公司,河北泰昌电力器材科技有限公司,mixed_historical_bid,product_library,产品库资料,green_low_carbon,绿色低碳资料,[],泰昌企业资料,"[""技术标""]","[""专项投标文件/5.针对评审要素，需要补充的其他文件/5.3.绿色低碳生产及绿色回收/5.3.1.建立了绿色生产/5.3.1.5.碳足迹报告""]",tender_scoring_derived,needs_review,internal,企业内部资料,review_only,仅限人工复核,needs_manual_review,需要人工复核,泰昌绿色低碳资料历史候选第237页,泰昌技术补充文件,泰昌技术补充文件,绿色低碳资料,来源于泰昌技术补充文件，历史位置为“专项投标文件/5.针对评审要素，需要补充的其他文件/5.3.绿色低碳生产及绿色回收/5.3.1.建立了绿色生产/5.3.1.5.碳足迹报告”。当前仅用于泰昌资料人工复核，未获准进入正式标书。,"[""泰昌"", ""绿色低碳资料"", ""历史标书候选"", ""技术标""]",formal_material_caption,资料：泰昌绿色低碳资料,taichang-visual-review-aecf5be4a995f2d87412,True,False,False,blocked,尚未通过P0-06人工批准,0.9,assets/template_words/技术补充文件.docx,（二）专项投标文件/5.针对评审要素，需要补充的其他文件/5.3.绿色低碳生产及绿色回收/5.3.1.建立了绿色生产/5.3.1.5.碳足迹报告,ee6c9dd2e0b98bbb198d9ce467e015fa7b80a57a912977caea921f165d3c0198,ee6c9dd2e0b98bbb198d9ce467e015fa7b80a57a912977caea921f165d3c0198
technical-media-0243,technical,media,237,possible_visual_duplicate,视觉疑似重复,河北泰昌电力器材科技有限公司,河北泰昌电力器材科技有限公司,mixed_historical_bid,product_library,产品库资料,green_low_carbon,绿色低碳资料,[],泰昌企业资料,"[""技术标""]","[""专项投标文件/5.针对评审要素，需要补充的其他文件/5.3.绿色低碳生产及绿色回收/5.3.1.建立了绿色生产/5.3.1.5.碳足迹报告""]",tender_scoring_derived,needs_review,internal,企业内部资料,review_only,仅限人工复核,needs_manual_review,需要人工复核,泰昌绿色低碳资料历史候选第237页,泰昌技术补充文件,泰昌技术补充文件,绿色低碳资料,来源于泰昌技术补充文件，历史位置为“专项投标文件/5.针对评审要素，需要补充的其他文件/5.3.绿色低碳生产及绿色回收/5.3.1.建立了绿色生产/5.3.1.5.碳足迹报告”。当前仅用于泰昌资料人工复核，未获准进入正式标书。,"[""泰昌"", ""绿色低碳资料"", ""历史标书候选"", ""技术标""]",formal_material_caption,资料：泰昌绿色低碳资料,taichang-visual-review-a26cecb91912dee7a646,True,False,False,blocked,尚未通过P0-06人工批准,0.9,assets/template_words/技术补充文件.docx,（二）专项投标文件/5.针对评审要素，需要补充的其他文件/5.3.绿色低碳生产及绿色回收/5.3.1.建立了绿色生产/5.3.1.5.碳足迹报告,552f9bb1cc271772ddf4db7091bd3f2792adb9933b9ab4a90e59b8bf80844263,552f9bb1cc271772ddf4db7091bd3f2792adb9933b9ab4a90e59b8bf80844263
technical-media-0244,technical,media,237,possible_visual_duplicate,视觉疑似重复,河北泰昌电力器材科技有限公司,河北泰昌电力器材科技有限公司,mixed_historical_bid,product_library,产品库资料,green_low_carbon,绿色低碳资料,[],泰昌企业资料,"[""技术标""]","[""专项投标文件/5.针对评审要素，需要补充的其他文件/5.3.绿色低碳生产及绿色回收/5.3.1.建立了绿色生产/5.3.1.5.碳足迹报告""]",tender_scoring_derived,needs_review,internal,企业内部资料,review_only,仅限人工复核,needs_manual_review,需要人工复核,泰昌绿色低碳资料历史候选第237页,泰昌技术补充文件,泰昌技术补充文件,绿色低碳资料,来源于泰昌技术补充文件，历史位置为“专项投标文件/5.针对评审要素，需要补充的其他文件/5.3.绿色低碳生产及绿色回收/5.3.1.建立了绿色生产/5.3.1.5.碳足迹报告”。当前仅用于泰昌资料人工复核，未获准进入正式标书。,"[""泰昌"", ""绿色低碳资料"", ""历史标书候选"", ""技术标""]",formal_material_caption,资料：泰昌绿色低碳资料,taichang-visual-review-4193af8b157571f424cc,True,False,False,blocked,尚未通过P0-06人工批准,0.9,assets/template_words/技术补充文件.docx,（二）专项投标文件/5.针对评审要素，需要补充的其他文件/5.3.绿色低碳生产及绿色回收/5.3.1.建立了绿色生产/5.3.1.5.碳足迹报告,2c0191685ee9e16323f0d2befdc8985c2b6a3a97627938c8e092078f48320f94,2c0191685ee9e16323f0d2befdc8985c2b6a3a97627938c8e092078f48320f94
technical-media-0245,technical,media,237,possible_visual_duplicate,视觉疑似重复,河北泰昌电力器材科技有限公司,河北泰昌电力器材科技有限公司,mixed_historical_bid,product_library,产品库资料,green_low_carbon,绿色低碳资料,[],泰昌企业资料,"[""技术标""]","[""专项投标文件/5.针对评审要素，需要补充的其他文件/5.3.绿色低碳生产及绿色回收/5.3.1.建立了绿色生产/5.3.1.5.碳足迹报告""]",tender_scoring_derived,needs_review,internal,企业内部资料,review_only,仅限人工复核,needs_manual_review,需要人工复核,泰昌绿色低碳资料历史候选第237页,泰昌技术补充文件,泰昌技术补充文件,绿色低碳资料,来源于泰昌技术补充文件，历史位置为“专项投标文件/5.针对评审要素，需要补充的其他文件/5.3.绿色低碳生产及绿色回收/5.3.1.建立了绿色生产/5.3.1.5.碳足迹报告”。当前仅用于泰昌资料人工复核，未获准进入正式标书。,"[""泰昌"", ""绿色低碳资料"", ""历史标书候选"", ""技术标""]",formal_material_caption,资料：泰昌绿色低碳资料,taichang-visual-review-a9be305128238355fc5a,True,False,False,blocked,尚未通过P0-06人工批准,0.9,assets/template_words/技术补充文件.docx,（二）专项投标文件/5.针对评审要素，需要补充的其他文件/5.3.绿色低碳生产及绿色回收/5.3.1.建立了绿色生产/5.3.1.5.碳足迹报告,5eb4d659037ce1d5b4ae1e3f42cfb5416a10d5d6b96b8ed8db71e4d79a3e52b7,5eb4d659037ce1d5b4ae1e3f42cfb5416a10d5d6b96b8ed8db71e4d79a3e52b7
technical-media-0246,technical,media,237,possible_visual_duplicate,视觉疑似重复,河北泰昌电力器材科技有限公司,河北泰昌电力器材科技有限公司,mixed_historical_bid,product_library,产品库资料,green_low_carbon,绿色低碳资料,[],泰昌企业资料,"[""技术标""]","[""专项投标文件/5.针对评审要素，需要补充的其他文件/5.3.绿色低碳生产及绿色回收/5.3.1.建立了绿色生产/5.3.1.5.碳足迹报告""]",tender_scoring_derived,needs_review,internal,企业内部资料,review_only,仅限人工复核,needs_manual_review,需要人工复核,泰昌绿色低碳资料历史候选第237页,泰昌技术补充文件,泰昌技术补充文件,绿色低碳资料,来源于泰昌技术补充文件，历史位置为“专项投标文件/5.针对评审要素，需要补充的其他文件/5.3.绿色低碳生产及绿色回收/5.3.1.建立了绿色生产/5.3.1.5.碳足迹报告”。当前仅用于泰昌资料人工复核，未获准进入正式标书。,"[""泰昌"", ""绿色低碳资料"", ""历史标书候选"", ""技术标""]",formal_material_caption,资料：泰昌绿色低碳资料,taichang-visual-review-a7461efa360ec8698dfe,True,False,False,blocked,尚未通过P0-06人工批准,0.9,assets/template_words/技术补充文件.docx,（二）专项投标文件/5.针对评审要素，需要补充的其他文件/5.3.绿色低碳生产及绿色回收/5.3.1.建立了绿色生产/5.3.1.5.碳足迹报告,636fd8b0eb8f4558c3028fa3faa7693eeecbbe41c423fd64776450b88312eaad,636fd8b0eb8f4558c3028fa3faa7693eeecbbe41c423fd64776450b88312eaad
technical-media-0247,technical,media,237,possible_visual_duplicate,视觉疑似重复,河北泰昌电力器材科技有限公司,河北泰昌电力器材科技有限公司,mixed_historical_bid,product_library,产品库资料,green_low_carbon,绿色低碳资料,[],泰昌企业资料,"[""技术标""]","[""专项投标文件/5.针对评审要素，需要补充的其他文件/5.3.绿色低碳生产及绿色回收/5.3.1.建立了绿色生产/5.3.1.5.碳足迹报告""]",tender_scoring_derived,needs_review,internal,企业内部资料,review_only,仅限人工复核,needs_manual_review,需要人工复核,泰昌绿色低碳资料历史候选第237页,泰昌技术补充文件,泰昌技术补充文件,绿色低碳资料,来源于泰昌技术补充文件，历史位置为“专项投标文件/5.针对评审要素，需要补充的其他文件/5.3.绿色低碳生产及绿色回收/5.3.1.建立了绿色生产/5.3.1.5.碳足迹报告”。当前仅用于泰昌资料人工复核，未获准进入正式标书。,"[""泰昌"", ""绿色低碳资料"", ""历史标书候选"", ""技术标""]",formal_material_caption,资料：泰昌绿色低碳资料,taichang-visual-review-1c95bebf5edf8278f64a,True,False,False,blocked,尚未通过P0-06人工批准,0.9,assets/template_words/技术补充文件.docx,（二）专项投标文件/5.针对评审要素，需要补充的其他文件/5.3.绿色低碳生产及绿色回收/5.3.1.建立了绿色生产/5.3.1.5.碳足迹报告,383f3e970b5df1eeb73112bd27c25f2b23f02b4a7aa3184d3c32a073f087ec5f,383f3e970b5df1eeb73112bd27c25f2b23f02b4a7aa3184d3c32a073f087ec5f
technical-media-0248,technical,media,237,possible_visual_duplicate,视觉疑似重复,河北泰昌电力器材科技有限公司,河北泰昌电力器材科技有限公司,mixed_historical_bid,product_library,产品库资料,green_low_carbon,绿色低碳资料,[],泰昌企业资料,"[""技术标""]","[""专项投标文件/5.针对评审要素，需要补充的其他文件/5.3.绿色低碳生产及绿色回收/5.3.1.建立了绿色生产/5.3.1.5.碳足迹报告""]",tender_scoring_derived,needs_review,internal,企业内部资料,review_only,仅限人工复核,needs_manual_review,需要人工复核,泰昌绿色低碳资料历史候选第237页,泰昌技术补充文件,泰昌技术补充文件,绿色低碳资料,来源于泰昌技术补充文件，历史位置为“专项投标文件/5.针对评审要素，需要补充的其他文件/5.3.绿色低碳生产及绿色回收/5.3.1.建立了绿色生产/5.3.1.5.碳足迹报告”。当前仅用于泰昌资料人工复核，未获准进入正式标书。,"[""泰昌"", ""绿色低碳资料"", ""历史标书候选"", ""技术标""]",formal_material_caption,资料：泰昌绿色低碳资料,taichang-visual-review-c533e196ab97f21ad48d,True,False,False,blocked,尚未通过P0-06人工批准,0.9,assets/template_words/技术补充文件.docx,（二）专项投标文件/5.针对评审要素，需要补充的其他文件/5.3.绿色低碳生产及绿色回收/5.3.1.建立了绿色生产/5.3.1.5.碳足迹报告,d93d3e52a0fcd69b90c7fd106ccaa5a3e0d3c9c5f740b23277281111505070f9,d93d3e52a0fcd69b90c7fd106ccaa5a3e0d3c9c5f740b23277281111505070f9
technical-media-0249,technical,media,237,possible_visual_duplicate,视觉疑似重复,河北泰昌电力器材科技有限公司,河北泰昌电力器材科技有限公司,mixed_historical_bid,product_library,产品库资料,green_low_carbon,绿色低碳资料,[],泰昌企业资料,"[""技术标""]","[""专项投标文件/5.针对评审要素，需要补充的其他文件/5.3.绿色低碳生产及绿色回收/5.3.1.建立了绿色生产/5.3.1.5.碳足迹报告""]",tender_scoring_derived,needs_review,internal,企业内部资料,review_only,仅限人工复核,needs_manual_review,需要人工复核,泰昌绿色低碳资料历史候选第237页,泰昌技术补充文件,泰昌技术补充文件,绿色低碳资料,来源于泰昌技术补充文件，历史位置为“专项投标文件/5.针对评审要素，需要补充的其他文件/5.3.绿色低碳生产及绿色回收/5.3.1.建立了绿色生产/5.3.1.5.碳足迹报告”。当前仅用于泰昌资料人工复核，未获准进入正式标书。,"[""泰昌"", ""绿色低碳资料"", ""历史标书候选"", ""技术标""]",formal_material_caption,资料：泰昌绿色低碳资料,taichang-visual-review-0b827cf12f49560e260c,True,False,False,blocked,尚未通过P0-06人工批准,0.9,assets/template_words/技术补充文件.docx,（二）专项投标文件/5.针对评审要素，需要补充的其他文件/5.3.绿色低碳生产及绿色回收/5.3.1.建立了绿色生产/5.3.1.5.碳足迹报告,7f3af12ee1d2e8f81a714d9a21ac53d098d72b22a8bafeafd058437c9bbc1c04,7f3af12ee1d2e8f81a714d9a21ac53d098d72b22a8bafeafd058437c9bbc1c04
technical-media-0250,technical,media,237,possible_visual_duplicate,视觉疑似重复,河北泰昌电力器材科技有限公司,河北泰昌电力器材科技有限公司,mixed_historical_bid,product_library,产品库资料,green_low_carbon,绿色低碳资料,[],泰昌企业资料,"[""技术标""]","[""专项投标文件/5.针对评审要素，需要补充的其他文件/5.3.绿色低碳生产及绿色回收/5.3.1.建立了绿色生产/5.3.1.5.碳足迹报告""]",tender_scoring_derived,needs_review,internal,企业内部资料,review_only,仅限人工复核,needs_manual_review,需要人工复核,泰昌绿色低碳资料历史候选第237页,泰昌技术补充文件,泰昌技术补充文件,绿色低碳资料,来源于泰昌技术补充文件，历史位置为“专项投标文件/5.针对评审要素，需要补充的其他文件/5.3.绿色低碳生产及绿色回收/5.3.1.建立了绿色生产/5.3.1.5.碳足迹报告”。当前仅用于泰昌资料人工复核，未获准进入正式标书。,"[""泰昌"", ""绿色低碳资料"", ""历史标书候选"", ""技术标""]",formal_material_caption,资料：泰昌绿色低碳资料,taichang-visual-review-f10b6620a9fd39c6ef31,True,False,False,blocked,尚未通过P0-06人工批准,0.9,assets/template_words/技术补充文件.docx,（二）专项投标文件/5.针对评审要素，需要补充的其他文件/5.3.绿色低碳生产及绿色回收/5.3.1.建立了绿色生产/5.3.1.5.碳足迹报告,0c13ee5e37949b8e34a3be1958a8b874853de7027dfa230e6cec27072a4a22ba,0c13ee5e37949b8e34a3be1958a8b874853de7027dfa230e6cec27072a4a22ba
technical-media-0251,technical,media,237,possible_visual_duplicate,视觉疑似重复,河北泰昌电力器材科技有限公司,河北泰昌电力器材科技有限公司,mixed_historical_bid,product_library,产品库资料,green_low_carbon,绿色低碳资料,[],泰昌企业资料,"[""技术标""]","[""专项投标文件/5.针对评审要素，需要补充的其他文件/5.3.绿色低碳生产及绿色回收/5.3.1.建立了绿色生产/5.3.1.5.碳足迹报告""]",tender_scoring_derived,needs_review,internal,企业内部资料,review_only,仅限人工复核,needs_manual_review,需要人工复核,泰昌绿色低碳资料历史候选第237页,泰昌技术补充文件,泰昌技术补充文件,绿色低碳资料,来源于泰昌技术补充文件，历史位置为“专项投标文件/5.针对评审要素，需要补充的其他文件/5.3.绿色低碳生产及绿色回收/5.3.1.建立了绿色生产/5.3.1.5.碳足迹报告”。当前仅用于泰昌资料人工复核，未获准进入正式标书。,"[""泰昌"", ""绿色低碳资料"", ""历史标书候选"", ""技术标""]",formal_material_caption,资料：泰昌绿色低碳资料,taichang-visual-review-aa2606db4b9237ddd045,True,False,False,blocked,尚未通过P0-06人工批准,0.9,assets/template_words/技术补充文件.docx,（二）专项投标文件/5.针对评审要素，需要补充的其他文件/5.3.绿色低碳生产及绿色回收/5.3.1.建立了绿色生产/5.3.1.5.碳足迹报告,48d34b916a671c4ac38d52e9335d903c8da3792d05f82f4c9922d8f2e81e7903,48d34b916a671c4ac38d52e9335d903c8da3792d05f82f4c9922d8f2e81e7903
technical-media-0252,technical,media,237,possible_visual_duplicate,视觉疑似重复,河北泰昌电力器材科技有限公司,河北泰昌电力器材科技有限公司,mixed_historical_bid,product_library,产品库资料,green_low_carbon,绿色低碳资料,[],泰昌企业资料,"[""技术标""]","[""专项投标文件/5.针对评审要素，需要补充的其他文件/5.3.绿色低碳生产及绿色回收/5.3.1.建立了绿色生产/5.3.1.5.碳足迹报告""]",tender_scoring_derived,needs_review,internal,企业内部资料,review_only,仅限人工复核,needs_manual_review,需要人工复核,泰昌绿色低碳资料历史候选第237页,泰昌技术补充文件,泰昌技术补充文件,绿色低碳资料,来源于泰昌技术补充文件，历史位置为“专项投标文件/5.针对评审要素，需要补充的其他文件/5.3.绿色低碳生产及绿色回收/5.3.1.建立了绿色生产/5.3.1.5.碳足迹报告”。当前仅用于泰昌资料人工复核，未获准进入正式标书。,"[""泰昌"", ""绿色低碳资料"", ""历史标书候选"", ""技术标""]",formal_material_caption,资料：泰昌绿色低碳资料,taichang-visual-review-b0cd02f497fe7ad59921,True,False,False,blocked,尚未通过P0-06人工批准,0.9,assets/template_words/技术补充文件.docx,（二）专项投标文件/5.针对评审要素，需要补充的其他文件/5.3.绿色低碳生产及绿色回收/5.3.1.建立了绿色生产/5.3.1.5.碳足迹报告,c3d3e194d342c60d5547a11063fc4a3966518ccd939c2e3c7e8d6906174e6611,c3d3e194d342c60d5547a11063fc4a3966518ccd939c2e3c7e8d6906174e6611
technical-media-0253,technical,media,237,possible_visual_duplicate,视觉疑似重复,河北泰昌电力器材科技有限公司,河北泰昌电力器材科技有限公司,mixed_historical_bid,product_library,产品库资料,green_low_carbon,绿色低碳资料,[],泰昌企业资料,"[""技术标""]","[""专项投标文件/5.针对评审要素，需要补充的其他文件/5.3.绿色低碳生产及绿色回收/5.3.1.建立了绿色生产/5.3.1.5.碳足迹报告""]",tender_scoring_derived,needs_review,internal,企业内部资料,review_only,仅限人工复核,needs_manual_review,需要人工复核,泰昌绿色低碳资料历史候选第237页,泰昌技术补充文件,泰昌技术补充文件,绿色低碳资料,来源于泰昌技术补充文件，历史位置为“专项投标文件/5.针对评审要素，需要补充的其他文件/5.3.绿色低碳生产及绿色回收/5.3.1.建立了绿色生产/5.3.1.5.碳足迹报告”。当前仅用于泰昌资料人工复核，未获准进入正式标书。,"[""泰昌"", ""绿色低碳资料"", ""历史标书候选"", ""技术标""]",formal_material_caption,资料：泰昌绿色低碳资料,taichang-visual-review-ff4a91371828ce00846d,True,False,False,blocked,尚未通过P0-06人工批准,0.9,assets/template_words/技术补充文件.docx,（二）专项投标文件/5.针对评审要素，需要补充的其他文件/5.3.绿色低碳生产及绿色回收/5.3.1.建立了绿色生产/5.3.1.5.碳足迹报告,ec4783db9de62843c9024868c143910c864eb11316f591ac87180808185e6e8b,ec4783db9de62843c9024868c143910c864eb11316f591ac87180808185e6e8b
technical-media-0254,technical,media,237,possible_visual_duplicate,视觉疑似重复,河北泰昌电力器材科技有限公司,河北泰昌电力器材科技有限公司,mixed_historical_bid,product_library,产品库资料,green_low_carbon,绿色低碳资料,[],泰昌企业资料,"[""技术标""]","[""专项投标文件/5.针对评审要素，需要补充的其他文件/5.3.绿色低碳生产及绿色回收/5.3.1.建立了绿色生产/5.3.1.5.碳足迹报告""]",tender_scoring_derived,needs_review,internal,企业内部资料,review_only,仅限人工复核,needs_manual_review,需要人工复核,泰昌绿色低碳资料历史候选第237页,泰昌技术补充文件,泰昌技术补充文件,绿色低碳资料,来源于泰昌技术补充文件，历史位置为“专项投标文件/5.针对评审要素，需要补充的其他文件/5.3.绿色低碳生产及绿色回收/5.3.1.建立了绿色生产/5.3.1.5.碳足迹报告”。当前仅用于泰昌资料人工复核，未获准进入正式标书。,"[""泰昌"", ""绿色低碳资料"", ""历史标书候选"", ""技术标""]",formal_material_caption,资料：泰昌绿色低碳资料,taichang-visual-review-8dd6b06a02abfbbc3174,True,False,False,blocked,尚未通过P0-06人工批准,0.9,assets/template_words/技术补充文件.docx,（二）专项投标文件/5.针对评审要素，需要补充的其他文件/5.3.绿色低碳生产及绿色回收/5.3.1.建立了绿色生产/5.3.1.5.碳足迹报告,3bd8214070dbf14c53c0e2d210f721fa6af7439fe4fd7796b3b8721cbbac6b21,3bd8214070dbf14c53c0e2d210f721fa6af7439fe4fd7796b3b8721cbbac6b21
technical-media-0255,technical,media,237,possible_visual_duplicate,视觉疑似重复,河北泰昌电力器材科技有限公司,河北泰昌电力器材科技有限公司,mixed_historical_bid,product_library,产品库资料,green_low_carbon,绿色低碳资料,[],泰昌企业资料,"[""技术标""]","[""专项投标文件/5.针对评审要素，需要补充的其他文件/5.3.绿色低碳生产及绿色回收/5.3.1.建立了绿色生产/5.3.1.5.碳足迹报告""]",tender_scoring_derived,needs_review,internal,企业内部资料,review_only,仅限人工复核,needs_manual_review,需要人工复核,泰昌绿色低碳资料历史候选第237页,泰昌技术补充文件,泰昌技术补充文件,绿色低碳资料,来源于泰昌技术补充文件，历史位置为“专项投标文件/5.针对评审要素，需要补充的其他文件/5.3.绿色低碳生产及绿色回收/5.3.1.建立了绿色生产/5.3.1.5.碳足迹报告”。当前仅用于泰昌资料人工复核，未获准进入正式标书。,"[""泰昌"", ""绿色低碳资料"", ""历史标书候选"", ""技术标""]",formal_material_caption,资料：泰昌绿色低碳资料,taichang-visual-review-5596a96eb918595bae58,True,False,False,blocked,尚未通过P0-06人工批准,0.9,assets/template_words/技术补充文件.docx,（二）专项投标文件/5.针对评审要素，需要补充的其他文件/5.3.绿色低碳生产及绿色回收/5.3.1.建立了绿色生产/5.3.1.5.碳足迹报告,dadeea12b5c4a2c84210a78fd89bd0e82a2de3788ea34aed2b31b28295c0ec84,dadeea12b5c4a2c84210a78fd89bd0e82a2de3788ea34aed2b31b28295c0ec84
technical-chapter-034,technical,chapter,253,new,未发现重复，仍需审核,河北泰昌电力器材科技有限公司,河北泰昌电力器材科技有限公司,mixed_historical_bid,reference_template_library,历史参考资料,historical_structure_reference,历史目录结构参考,[],泰昌企业资料,"[""技术标""]","[""专项投标文件/5.针对评审要素，需要补充的其他文件/5.3.绿色低碳生产及绿色回收/5.3.1.建立了绿色生产/5.3.1.6.绿色电力认证证书""]",tender_scoring_derived,needs_review,internal,企业内部资料,review_only,仅限人工复核,not_asset_reference,非资产结构参考,泰昌技术标历史目录参考：专项投标文件/5.针对评审要素，需要补充的其他文件/5.3.绿色低碳生产及绿色回收/5.3.1.建立了绿色生产/5.3.1.6.绿色电力认证证书,泰昌技术补充文件,泰昌技术补充文件,历史目录结构参考,来源于泰昌技术补充文件，历史位置为“专项投标文件/5.针对评审要素，需要补充的其他文件/5.3.绿色低碳生产及绿色回收/5.3.1.建立了绿色生产/5.3.1.6.绿色电力认证证书”。当前仅用于泰昌资料人工复核，未获准进入正式标书。,"[""泰昌"", ""历史目录结构参考"", ""历史标书候选"", ""技术标""]",suppressed_document_page_caption,,,False,False,False,blocked,尚未通过P0-06人工批准,1.0,assets/template_words/技术补充文件.docx,（二）专项投标文件/5.针对评审要素，需要补充的其他文件/5.3.绿色低碳生产及绿色回收/5.3.1.建立了绿色生产/5.3.1.6.绿色电力认证证书,fbabbd28c77b0ce3330c2419ac2e893be6823daf50bdb58ec634141edc555d1d,
technical-media-0256,technical,media,254,possible_visual_duplicate,视觉疑似重复,河北泰昌电力器材科技有限公司,河北泰昌电力器材科技有限公司,mixed_historical_bid,qualification_library,资信库资料,certification,资质证书,[],泰昌企业资料,"[""技术标""]","[""专项投标文件/5.针对评审要素，需要补充的其他文件/5.3.绿色低碳生产及绿色回收/5.3.1.建立了绿色生产/5.3.1.6.绿色电力认证证书""]",tender_scoring_derived,needs_review,internal,企业内部资料,review_only,仅限人工复核,needs_manual_review,需要人工复核,泰昌资质证书历史候选第254页,泰昌技术补充文件,泰昌技术补充文件,资质证书,来源于泰昌技术补充文件，历史位置为“专项投标文件/5.针对评审要素，需要补充的其他文件/5.3.绿色低碳生产及绿色回收/5.3.1.建立了绿色生产/5.3.1.6.绿色电力认证证书”。当前仅用于泰昌资料人工复核，未获准进入正式标书。,"[""泰昌"", ""资质证书"", ""历史标书候选"", ""技术标""]",suppressed_document_page_caption,,taichang-visual-review-50bdf68cda35179741c3,True,False,False,blocked,尚未通过P0-06人工批准,0.9,assets/template_words/技术补充文件.docx,（二）专项投标文件/5.针对评审要素，需要补充的其他文件/5.3.绿色低碳生产及绿色回收/5.3.1.建立了绿色生产/5.3.1.6.绿色电力认证证书,644d3d635473947df614ce5230dbd745f2fc97fb61ca82a0afcbd9261ad0dcd3,644d3d635473947df614ce5230dbd745f2fc97fb61ca82a0afcbd9261ad0dcd3
technical-chapter-035,technical,chapter,254,new,未发现重复，仍需审核,河北泰昌电力器材科技有限公司,河北泰昌电力器材科技有限公司,mixed_historical_bid,reference_template_library,历史参考资料,historical_structure_reference,历史目录结构参考,[],泰昌企业资料,"[""技术标""]","[""专项投标文件/5.针对评审要素，需要补充的其他文件/5.3.绿色低碳生产及绿色回收/5.3.1.建立了绿色生产/5.3.1.7.绿色供应链认证证书""]",tender_scoring_derived,needs_review,internal,企业内部资料,review_only,仅限人工复核,not_asset_reference,非资产结构参考,泰昌技术标历史目录参考：专项投标文件/5.针对评审要素，需要补充的其他文件/5.3.绿色低碳生产及绿色回收/5.3.1.建立了绿色生产/5.3.1.7.绿色供应链认证证书,泰昌技术补充文件,泰昌技术补充文件,历史目录结构参考,来源于泰昌技术补充文件，历史位置为“专项投标文件/5.针对评审要素，需要补充的其他文件/5.3.绿色低碳生产及绿色回收/5.3.1.建立了绿色生产/5.3.1.7.绿色供应链认证证书”。当前仅用于泰昌资料人工复核，未获准进入正式标书。,"[""泰昌"", ""历史目录结构参考"", ""历史标书候选"", ""技术标""]",suppressed_document_page_caption,,,False,False,False,blocked,尚未通过P0-06人工批准,1.0,assets/template_words/技术补充文件.docx,（二）专项投标文件/5.针对评审要素，需要补充的其他文件/5.3.绿色低碳生产及绿色回收/5.3.1.建立了绿色生产/5.3.1.7.绿色供应链认证证书,32120360d726a2ec03fb1b3f1db06b94bb5dad489aa6b3cc81b06001ab103f43,
technical-media-0257,technical,media,255,possible_visual_duplicate,视觉疑似重复,河北泰昌电力器材科技有限公司,河北泰昌电力器材科技有限公司,mixed_historical_bid,qualification_library,资信库资料,certification,资质证书,[],泰昌企业资料,"[""技术标""]","[""专项投标文件/5.针对评审要素，需要补充的其他文件/5.3.绿色低碳生产及绿色回收/5.3.1.建立了绿色生产/5.3.1.7.绿色供应链认证证书""]",tender_scoring_derived,needs_review,internal,企业内部资料,review_only,仅限人工复核,needs_manual_review,需要人工复核,泰昌资质证书历史候选第255页,泰昌技术补充文件,泰昌技术补充文件,资质证书,来源于泰昌技术补充文件，历史位置为“专项投标文件/5.针对评审要素，需要补充的其他文件/5.3.绿色低碳生产及绿色回收/5.3.1.建立了绿色生产/5.3.1.7.绿色供应链认证证书”。当前仅用于泰昌资料人工复核，未获准进入正式标书。,"[""泰昌"", ""资质证书"", ""历史标书候选"", ""技术标""]",suppressed_document_page_caption,,taichang-visual-review-50bdf68cda35179741c3,True,False,False,blocked,尚未通过P0-06人工批准,0.9,assets/template_words/技术补充文件.docx,（二）专项投标文件/5.针对评审要素，需要补充的其他文件/5.3.绿色低碳生产及绿色回收/5.3.1.建立了绿色生产/5.3.1.7.绿色供应链认证证书,cd65ffcc5b4379d052c8c739f1baf154a143849f472b9cd884244d4f73d0baae,cd65ffcc5b4379d052c8c739f1baf154a143849f472b9cd884244d4f73d0baae
technical-chapter-036,technical,chapter,255,new,未发现重复，仍需审核,河北泰昌电力器材科技有限公司,河北泰昌电力器材科技有限公司,mixed_historical_bid,reference_template_library,历史参考资料,historical_structure_reference,历史目录结构参考,[],泰昌企业资料,"[""技术标""]","[""专项投标文件/5.针对评审要素，需要补充的其他文件/5.3.绿色低碳生产及绿色回收/5.3.1.建立了绿色生产/5.3.1.8.绿色电力证书交易凭证""]",tender_scoring_derived,needs_review,internal,企业内部资料,review_only,仅限人工复核,not_asset_reference,非资产结构参考,泰昌技术标历史目录参考：专项投标文件/5.针对评审要素，需要补充的其他文件/5.3.绿色低碳生产及绿色回收/5.3.1.建立了绿色生产/5.3.1.8.绿色电力证书交易凭证,泰昌技术补充文件,泰昌技术补充文件,历史目录结构参考,来源于泰昌技术补充文件，历史位置为“专项投标文件/5.针对评审要素，需要补充的其他文件/5.3.绿色低碳生产及绿色回收/5.3.1.建立了绿色生产/5.3.1.8.绿色电力证书交易凭证”。当前仅用于泰昌资料人工复核，未获准进入正式标书。,"[""泰昌"", ""历史目录结构参考"", ""历史标书候选"", ""技术标""]",suppressed_document_page_caption,,,False,False,False,blocked,尚未通过P0-06人工批准,1.0,assets/template_words/技术补充文件.docx,（二）专项投标文件/5.针对评审要素，需要补充的其他文件/5.3.绿色低碳生产及绿色回收/5.3.1.建立了绿色生产/5.3.1.8.绿色电力证书交易凭证,95eb4eacf3407eba247c83f3184ebbc96e5022b721a8a0d1c8e61d2db2ac2b42,
technical-media-0258,technical,media,256,new,未发现重复，仍需审核,河北泰昌电力器材科技有限公司,河北泰昌电力器材科技有限公司,mixed_historical_bid,product_library,产品库资料,green_low_carbon,绿色低碳资料,[],泰昌企业资料,"[""技术标""]","[""专项投标文件/5.针对评审要素，需要补充的其他文件/5.3.绿色低碳生产及绿色回收/5.3.1.建立了绿色生产/5.3.1.8.绿色电力证书交易凭证""]",tender_scoring_derived,needs_review,internal,企业内部资料,review_only,仅限人工复核,needs_customer_confirmation,需要客户确认,泰昌绿色低碳资料历史候选第256页,泰昌技术补充文件,泰昌技术补充文件,绿色低碳资料,来源于泰昌技术补充文件，历史位置为“专项投标文件/5.针对评审要素，需要补充的其他文件/5.3.绿色低碳生产及绿色回收/5.3.1.建立了绿色生产/5.3.1.8.绿色电力证书交易凭证”。当前仅用于泰昌资料人工复核，未获准进入正式标书。,"[""泰昌"", ""绿色低碳资料"", ""历史标书候选"", ""技术标""]",formal_material_caption,资料：泰昌绿色低碳资料,,True,False,False,blocked,尚未通过P0-06人工批准,0.9,assets/template_words/技术补充文件.docx,（二）专项投标文件/5.针对评审要素，需要补充的其他文件/5.3.绿色低碳生产及绿色回收/5.3.1.建立了绿色生产/5.3.1.8.绿色电力证书交易凭证,aae6a3d28d2606d8d67861602edfbd16608549ac4fe4afd79008c70906603e95,aae6a3d28d2606d8d67861602edfbd16608549ac4fe4afd79008c70906603e95
technical-media-0259,technical,media,256,new,未发现重复，仍需审核,河北泰昌电力器材科技有限公司,河北泰昌电力器材科技有限公司,mixed_historical_bid,product_library,产品库资料,green_low_carbon,绿色低碳资料,[],泰昌企业资料,"[""技术标""]","[""专项投标文件/5.针对评审要素，需要补充的其他文件/5.3.绿色低碳生产及绿色回收/5.3.1.建立了绿色生产/5.3.1.8.绿色电力证书交易凭证""]",tender_scoring_derived,needs_review,internal,企业内部资料,review_only,仅限人工复核,needs_customer_confirmation,需要客户确认,泰昌绿色低碳资料历史候选第256页,泰昌技术补充文件,泰昌技术补充文件,绿色低碳资料,来源于泰昌技术补充文件，历史位置为“专项投标文件/5.针对评审要素，需要补充的其他文件/5.3.绿色低碳生产及绿色回收/5.3.1.建立了绿色生产/5.3.1.8.绿色电力证书交易凭证”。当前仅用于泰昌资料人工复核，未获准进入正式标书。,"[""泰昌"", ""绿色低碳资料"", ""历史标书候选"", ""技术标""]",formal_material_caption,资料：泰昌绿色低碳资料,,True,False,False,blocked,尚未通过P0-06人工批准,0.9,assets/template_words/技术补充文件.docx,（二）专项投标文件/5.针对评审要素，需要补充的其他文件/5.3.绿色低碳生产及绿色回收/5.3.1.建立了绿色生产/5.3.1.8.绿色电力证书交易凭证,0f61c512ce315b5f6923ea7058ded960bbb7ac9f1b7fd75e069d3429b0ddc4e5,0f61c512ce315b5f6923ea7058ded960bbb7ac9f1b7fd75e069d3429b0ddc4e5
technical-media-0260,technical,media,256,new,未发现重复，仍需审核,河北泰昌电力器材科技有限公司,河北泰昌电力器材科技有限公司,mixed_historical_bid,product_library,产品库资料,green_low_carbon,绿色低碳资料,[],泰昌企业资料,"[""技术标""]","[""专项投标文件/5.针对评审要素，需要补充的其他文件/5.3.绿色低碳生产及绿色回收/5.3.1.建立了绿色生产/5.3.1.8.绿色电力证书交易凭证""]",tender_scoring_derived,needs_review,internal,企业内部资料,review_only,仅限人工复核,needs_customer_confirmation,需要客户确认,泰昌绿色低碳资料历史候选第256页,泰昌技术补充文件,泰昌技术补充文件,绿色低碳资料,来源于泰昌技术补充文件，历史位置为“专项投标文件/5.针对评审要素，需要补充的其他文件/5.3.绿色低碳生产及绿色回收/5.3.1.建立了绿色生产/5.3.1.8.绿色电力证书交易凭证”。当前仅用于泰昌资料人工复核，未获准进入正式标书。,"[""泰昌"", ""绿色低碳资料"", ""历史标书候选"", ""技术标""]",formal_material_caption,资料：泰昌绿色低碳资料,,True,False,False,blocked,尚未通过P0-06人工批准,0.9,assets/template_words/技术补充文件.docx,（二）专项投标文件/5.针对评审要素，需要补充的其他文件/5.3.绿色低碳生产及绿色回收/5.3.1.建立了绿色生产/5.3.1.8.绿色电力证书交易凭证,50d6c8cbdd3b567994add4877e4a9e23bedbed971b47872c7e50f1091df28bb2,50d6c8cbdd3b567994add4877e4a9e23bedbed971b47872c7e50f1091df28bb2
technical-chapter-037,technical,chapter,258,new,未发现重复，仍需审核,河北泰昌电力器材科技有限公司,河北泰昌电力器材科技有限公司,mixed_historical_bid,reference_template_library,历史参考资料,historical_structure_reference,历史目录结构参考,[],泰昌企业资料,"[""技术标""]","[""专项投标文件/5.针对评审要素，需要补充的其他文件/5.3.绿色低碳生产及绿色回收/5.3.1.建立了绿色生产/5.3.1.9.创新激励机制评价报告""]",tender_scoring_derived,needs_review,internal,企业内部资料,review_only,仅限人工复核,not_asset_reference,非资产结构参考,泰昌技术标历史目录参考：专项投标文件/5.针对评审要素，需要补充的其他文件/5.3.绿色低碳生产及绿色回收/5.3.1.建立了绿色生产/5.3.1.9.创新激励机制评价报告,泰昌技术补充文件,泰昌技术补充文件,历史目录结构参考,来源于泰昌技术补充文件，历史位置为“专项投标文件/5.针对评审要素，需要补充的其他文件/5.3.绿色低碳生产及绿色回收/5.3.1.建立了绿色生产/5.3.1.9.创新激励机制评价报告”。当前仅用于泰昌资料人工复核，未获准进入正式标书。,"[""泰昌"", ""历史目录结构参考"", ""历史标书候选"", ""技术标""]",suppressed_document_page_caption,,,False,False,False,blocked,尚未通过P0-06人工批准,1.0,assets/template_words/技术补充文件.docx,（二）专项投标文件/5.针对评审要素，需要补充的其他文件/5.3.绿色低碳生产及绿色回收/5.3.1.建立了绿色生产/5.3.1.9.创新激励机制评价报告,e96fad82f545118150174d603927605cb7eb430443b9374a88376956342d9c04,
technical-media-0261,technical,media,259,new,未发现重复，仍需审核,河北泰昌电力器材科技有限公司,河北泰昌电力器材科技有限公司,mixed_historical_bid,product_library,产品库资料,enterprise_evidence,企业证明材料,[],泰昌企业资料,"[""技术标""]","[""专项投标文件/5.针对评审要素，需要补充的其他文件/5.3.绿色低碳生产及绿色回收/5.3.1.建立了绿色生产/5.3.1.9.创新激励机制评价报告""]",tender_scoring_derived,needs_review,internal,企业内部资料,review_only,仅限人工复核,needs_customer_confirmation,需要客户确认,泰昌企业证明材料历史候选第259页,泰昌技术补充文件,泰昌技术补充文件,企业证明材料,来源于泰昌技术补充文件，历史位置为“专项投标文件/5.针对评审要素，需要补充的其他文件/5.3.绿色低碳生产及绿色回收/5.3.1.建立了绿色生产/5.3.1.9.创新激励机制评价报告”。当前仅用于泰昌资料人工复核，未获准进入正式标书。,"[""泰昌"", ""企业证明材料"", ""历史标书候选"", ""技术标""]",suppressed_document_page_caption,,,True,False,False,blocked,尚未通过P0-06人工批准,0.45,assets/template_words/技术补充文件.docx,（二）专项投标文件/5.针对评审要素，需要补充的其他文件/5.3.绿色低碳生产及绿色回收/5.3.1.建立了绿色生产/5.3.1.9.创新激励机制评价报告,16605eb0d50b6037c95027d38a3f636325abe33fa58cc9df0f6841f15dd7e31f,16605eb0d50b6037c95027d38a3f636325abe33fa58cc9df0f6841f15dd7e31f
technical-media-0262,technical,media,259,new,未发现重复，仍需审核,河北泰昌电力器材科技有限公司,河北泰昌电力器材科技有限公司,mixed_historical_bid,product_library,产品库资料,enterprise_evidence,企业证明材料,[],泰昌企业资料,"[""技术标""]","[""专项投标文件/5.针对评审要素，需要补充的其他文件/5.3.绿色低碳生产及绿色回收/5.3.1.建立了绿色生产/5.3.1.9.创新激励机制评价报告""]",tender_scoring_derived,needs_review,internal,企业内部资料,review_only,仅限人工复核,needs_customer_confirmation,需要客户确认,泰昌企业证明材料历史候选第259页,泰昌技术补充文件,泰昌技术补充文件,企业证明材料,来源于泰昌技术补充文件，历史位置为“专项投标文件/5.针对评审要素，需要补充的其他文件/5.3.绿色低碳生产及绿色回收/5.3.1.建立了绿色生产/5.3.1.9.创新激励机制评价报告”。当前仅用于泰昌资料人工复核，未获准进入正式标书。,"[""泰昌"", ""企业证明材料"", ""历史标书候选"", ""技术标""]",suppressed_document_page_caption,,,True,False,False,blocked,尚未通过P0-06人工批准,0.45,assets/template_words/技术补充文件.docx,（二）专项投标文件/5.针对评审要素，需要补充的其他文件/5.3.绿色低碳生产及绿色回收/5.3.1.建立了绿色生产/5.3.1.9.创新激励机制评价报告,f3ba71090e791066e560da6bde407b1d78898786ab4d34177d97c5704cbc66d8,f3ba71090e791066e560da6bde407b1d78898786ab4d34177d97c5704cbc66d8
technical-media-0263,technical,media,259,possible_visual_duplicate,视觉疑似重复,河北泰昌电力器材科技有限公司,河北泰昌电力器材科技有限公司,mixed_historical_bid,product_library,产品库资料,enterprise_evidence,企业证明材料,[],泰昌企业资料,"[""技术标""]","[""专项投标文件/5.针对评审要素，需要补充的其他文件/5.3.绿色低碳生产及绿色回收/5.3.1.建立了绿色生产/5.3.1.9.创新激励机制评价报告""]",tender_scoring_derived,needs_review,internal,企业内部资料,review_only,仅限人工复核,needs_manual_review,需要人工复核,泰昌企业证明材料历史候选第259页,泰昌技术补充文件,泰昌技术补充文件,企业证明材料,来源于泰昌技术补充文件，历史位置为“专项投标文件/5.针对评审要素，需要补充的其他文件/5.3.绿色低碳生产及绿色回收/5.3.1.建立了绿色生产/5.3.1.9.创新激励机制评价报告”。当前仅用于泰昌资料人工复核，未获准进入正式标书。,"[""泰昌"", ""企业证明材料"", ""历史标书候选"", ""技术标""]",suppressed_document_page_caption,,taichang-visual-review-4193af8b157571f424cc,True,False,False,blocked,尚未通过P0-06人工批准,0.45,assets/template_words/技术补充文件.docx,（二）专项投标文件/5.针对评审要素，需要补充的其他文件/5.3.绿色低碳生产及绿色回收/5.3.1.建立了绿色生产/5.3.1.9.创新激励机制评价报告,23daa83952e37d3f085577aed2ed6289990005289c1d2b5257682a211b832bc5,23daa83952e37d3f085577aed2ed6289990005289c1d2b5257682a211b832bc5
technical-media-0264,technical,media,259,new,未发现重复，仍需审核,河北泰昌电力器材科技有限公司,河北泰昌电力器材科技有限公司,mixed_historical_bid,product_library,产品库资料,enterprise_evidence,企业证明材料,[],泰昌企业资料,"[""技术标""]","[""专项投标文件/5.针对评审要素，需要补充的其他文件/5.3.绿色低碳生产及绿色回收/5.3.1.建立了绿色生产/5.3.1.9.创新激励机制评价报告""]",tender_scoring_derived,needs_review,internal,企业内部资料,review_only,仅限人工复核,needs_customer_confirmation,需要客户确认,泰昌企业证明材料历史候选第259页,泰昌技术补充文件,泰昌技术补充文件,企业证明材料,来源于泰昌技术补充文件，历史位置为“专项投标文件/5.针对评审要素，需要补充的其他文件/5.3.绿色低碳生产及绿色回收/5.3.1.建立了绿色生产/5.3.1.9.创新激励机制评价报告”。当前仅用于泰昌资料人工复核，未获准进入正式标书。,"[""泰昌"", ""企业证明材料"", ""历史标书候选"", ""技术标""]",suppressed_document_page_caption,,,True,False,False,blocked,尚未通过P0-06人工批准,0.45,assets/template_words/技术补充文件.docx,（二）专项投标文件/5.针对评审要素，需要补充的其他文件/5.3.绿色低碳生产及绿色回收/5.3.1.建立了绿色生产/5.3.1.9.创新激励机制评价报告,42c57dfc5205552f9f254c02ef9779564c62a64d6f082406b59fdd418bacd34a,42c57dfc5205552f9f254c02ef9779564c62a64d6f082406b59fdd418bacd34a
technical-media-0265,technical,media,259,new,未发现重复，仍需审核,河北泰昌电力器材科技有限公司,河北泰昌电力器材科技有限公司,mixed_historical_bid,product_library,产品库资料,enterprise_evidence,企业证明材料,[],泰昌企业资料,"[""技术标""]","[""专项投标文件/5.针对评审要素，需要补充的其他文件/5.3.绿色低碳生产及绿色回收/5.3.1.建立了绿色生产/5.3.1.9.创新激励机制评价报告""]",tender_scoring_derived,needs_review,internal,企业内部资料,review_only,仅限人工复核,needs_customer_confirmation,需要客户确认,泰昌企业证明材料历史候选第259页,泰昌技术补充文件,泰昌技术补充文件,企业证明材料,来源于泰昌技术补充文件，历史位置为“专项投标文件/5.针对评审要素，需要补充的其他文件/5.3.绿色低碳生产及绿色回收/5.3.1.建立了绿色生产/5.3.1.9.创新激励机制评价报告”。当前仅用于泰昌资料人工复核，未获准进入正式标书。,"[""泰昌"", ""企业证明材料"", ""历史标书候选"", ""技术标""]",suppressed_document_page_caption,,,True,False,False,blocked,尚未通过P0-06人工批准,0.45,assets/template_words/技术补充文件.docx,（二）专项投标文件/5.针对评审要素，需要补充的其他文件/5.3.绿色低碳生产及绿色回收/5.3.1.建立了绿色生产/5.3.1.9.创新激励机制评价报告,b3748c3bf0aed63ad7df37e33556ac4ce372a927ef00ef5f63059e116f05d467,b3748c3bf0aed63ad7df37e33556ac4ce372a927ef00ef5f63059e116f05d467
technical-media-0266,technical,media,259,new,未发现重复，仍需审核,河北泰昌电力器材科技有限公司,河北泰昌电力器材科技有限公司,mixed_historical_bid,product_library,产品库资料,enterprise_evidence,企业证明材料,[],泰昌企业资料,"[""技术标""]","[""专项投标文件/5.针对评审要素，需要补充的其他文件/5.3.绿色低碳生产及绿色回收/5.3.1.建立了绿色生产/5.3.1.9.创新激励机制评价报告""]",tender_scoring_derived,needs_review,internal,企业内部资料,review_only,仅限人工复核,needs_customer_confirmation,需要客户确认,泰昌企业证明材料历史候选第259页,泰昌技术补充文件,泰昌技术补充文件,企业证明材料,来源于泰昌技术补充文件，历史位置为“专项投标文件/5.针对评审要素，需要补充的其他文件/5.3.绿色低碳生产及绿色回收/5.3.1.建立了绿色生产/5.3.1.9.创新激励机制评价报告”。当前仅用于泰昌资料人工复核，未获准进入正式标书。,"[""泰昌"", ""企业证明材料"", ""历史标书候选"", ""技术标""]",suppressed_document_page_caption,,,True,False,False,blocked,尚未通过P0-06人工批准,0.45,assets/template_words/技术补充文件.docx,（二）专项投标文件/5.针对评审要素，需要补充的其他文件/5.3.绿色低碳生产及绿色回收/5.3.1.建立了绿色生产/5.3.1.9.创新激励机制评价报告,de7ef56a2968f641ac69669f9fca3abdc44eb8bc0155565b9405f0bb1d07565e,de7ef56a2968f641ac69669f9fca3abdc44eb8bc0155565b9405f0bb1d07565e
technical-media-0267,technical,media,259,new,未发现重复，仍需审核,河北泰昌电力器材科技有限公司,河北泰昌电力器材科技有限公司,mixed_historical_bid,product_library,产品库资料,enterprise_evidence,企业证明材料,[],泰昌企业资料,"[""技术标""]","[""专项投标文件/5.针对评审要素，需要补充的其他文件/5.3.绿色低碳生产及绿色回收/5.3.1.建立了绿色生产/5.3.1.9.创新激励机制评价报告""]",tender_scoring_derived,needs_review,internal,企业内部资料,review_only,仅限人工复核,needs_customer_confirmation,需要客户确认,泰昌企业证明材料历史候选第259页,泰昌技术补充文件,泰昌技术补充文件,企业证明材料,来源于泰昌技术补充文件，历史位置为“专项投标文件/5.针对评审要素，需要补充的其他文件/5.3.绿色低碳生产及绿色回收/5.3.1.建立了绿色生产/5.3.1.9.创新激励机制评价报告”。当前仅用于泰昌资料人工复核，未获准进入正式标书。,"[""泰昌"", ""企业证明材料"", ""历史标书候选"", ""技术标""]",suppressed_document_page_caption,,,True,False,False,blocked,尚未通过P0-06人工批准,0.45,assets/template_words/技术补充文件.docx,（二）专项投标文件/5.针对评审要素，需要补充的其他文件/5.3.绿色低碳生产及绿色回收/5.3.1.建立了绿色生产/5.3.1.9.创新激励机制评价报告,3bd63813953c130818c0de3c6788cb4e118e092323f1e93e42d73563faffed4b,3bd63813953c130818c0de3c6788cb4e118e092323f1e93e42d73563faffed4b
technical-media-0268,technical,media,259,possible_visual_duplicate,视觉疑似重复,河北泰昌电力器材科技有限公司,河北泰昌电力器材科技有限公司,mixed_historical_bid,product_library,产品库资料,enterprise_evidence,企业证明材料,[],泰昌企业资料,"[""技术标""]","[""专项投标文件/5.针对评审要素，需要补充的其他文件/5.3.绿色低碳生产及绿色回收/5.3.1.建立了绿色生产/5.3.1.9.创新激励机制评价报告""]",tender_scoring_derived,needs_review,internal,企业内部资料,review_only,仅限人工复核,needs_manual_review,需要人工复核,泰昌企业证明材料历史候选第259页,泰昌技术补充文件,泰昌技术补充文件,企业证明材料,来源于泰昌技术补充文件，历史位置为“专项投标文件/5.针对评审要素，需要补充的其他文件/5.3.绿色低碳生产及绿色回收/5.3.1.建立了绿色生产/5.3.1.9.创新激励机制评价报告”。当前仅用于泰昌资料人工复核，未获准进入正式标书。,"[""泰昌"", ""企业证明材料"", ""历史标书候选"", ""技术标""]",suppressed_document_page_caption,,taichang-visual-review-ed945086fe3fa6382376,True,False,False,blocked,尚未通过P0-06人工批准,0.45,assets/template_words/技术补充文件.docx,（二）专项投标文件/5.针对评审要素，需要补充的其他文件/5.3.绿色低碳生产及绿色回收/5.3.1.建立了绿色生产/5.3.1.9.创新激励机制评价报告,4cda9d5c46d9d5d75046d3ad2060d161f145c689be7095464fe22f33738df7b1,4cda9d5c46d9d5d75046d3ad2060d161f145c689be7095464fe22f33738df7b1
technical-media-0269,technical,media,259,new,未发现重复，仍需审核,河北泰昌电力器材科技有限公司,河北泰昌电力器材科技有限公司,mixed_historical_bid,product_library,产品库资料,enterprise_evidence,企业证明材料,[],泰昌企业资料,"[""技术标""]","[""专项投标文件/5.针对评审要素，需要补充的其他文件/5.3.绿色低碳生产及绿色回收/5.3.1.建立了绿色生产/5.3.1.9.创新激励机制评价报告""]",tender_scoring_derived,needs_review,internal,企业内部资料,review_only,仅限人工复核,needs_customer_confirmation,需要客户确认,泰昌企业证明材料历史候选第259页,泰昌技术补充文件,泰昌技术补充文件,企业证明材料,来源于泰昌技术补充文件，历史位置为“专项投标文件/5.针对评审要素，需要补充的其他文件/5.3.绿色低碳生产及绿色回收/5.3.1.建立了绿色生产/5.3.1.9.创新激励机制评价报告”。当前仅用于泰昌资料人工复核，未获准进入正式标书。,"[""泰昌"", ""企业证明材料"", ""历史标书候选"", ""技术标""]",suppressed_document_page_caption,,,True,False,False,blocked,尚未通过P0-06人工批准,0.45,assets/template_words/技术补充文件.docx,（二）专项投标文件/5.针对评审要素，需要补充的其他文件/5.3.绿色低碳生产及绿色回收/5.3.1.建立了绿色生产/5.3.1.9.创新激励机制评价报告,027b1348a928c17d48bb49a7de5f2799e7bbe13025ee2e68a590afa235a2745f,027b1348a928c17d48bb49a7de5f2799e7bbe13025ee2e68a590afa235a2745f
technical-media-0270,technical,media,259,possible_visual_duplicate,视觉疑似重复,河北泰昌电力器材科技有限公司,河北泰昌电力器材科技有限公司,mixed_historical_bid,product_library,产品库资料,enterprise_evidence,企业证明材料,[],泰昌企业资料,"[""技术标""]","[""专项投标文件/5.针对评审要素，需要补充的其他文件/5.3.绿色低碳生产及绿色回收/5.3.1.建立了绿色生产/5.3.1.9.创新激励机制评价报告""]",tender_scoring_derived,needs_review,internal,企业内部资料,review_only,仅限人工复核,needs_manual_review,需要人工复核,泰昌企业证明材料历史候选第259页,泰昌技术补充文件,泰昌技术补充文件,企业证明材料,来源于泰昌技术补充文件，历史位置为“专项投标文件/5.针对评审要素，需要补充的其他文件/5.3.绿色低碳生产及绿色回收/5.3.1.建立了绿色生产/5.3.1.9.创新激励机制评价报告”。当前仅用于泰昌资料人工复核，未获准进入正式标书。,"[""泰昌"", ""企业证明材料"", ""历史标书候选"", ""技术标""]",suppressed_document_page_caption,,taichang-visual-review-a9be305128238355fc5a,True,False,False,blocked,尚未通过P0-06人工批准,0.45,assets/template_words/技术补充文件.docx,（二）专项投标文件/5.针对评审要素，需要补充的其他文件/5.3.绿色低碳生产及绿色回收/5.3.1.建立了绿色生产/5.3.1.9.创新激励机制评价报告,20a9acbd67e2e8f9d1f60084c517e45b917bfe0a5d09a0f3c878642c354ca25b,20a9acbd67e2e8f9d1f60084c517e45b917bfe0a5d09a0f3c878642c354ca25b
technical-media-0271,technical,media,259,new,未发现重复，仍需审核,河北泰昌电力器材科技有限公司,河北泰昌电力器材科技有限公司,mixed_historical_bid,product_library,产品库资料,enterprise_evidence,企业证明材料,[],泰昌企业资料,"[""技术标""]","[""专项投标文件/5.针对评审要素，需要补充的其他文件/5.3.绿色低碳生产及绿色回收/5.3.1.建立了绿色生产/5.3.1.9.创新激励机制评价报告""]",tender_scoring_derived,needs_review,internal,企业内部资料,review_only,仅限人工复核,needs_customer_confirmation,需要客户确认,泰昌企业证明材料历史候选第259页,泰昌技术补充文件,泰昌技术补充文件,企业证明材料,来源于泰昌技术补充文件，历史位置为“专项投标文件/5.针对评审要素，需要补充的其他文件/5.3.绿色低碳生产及绿色回收/5.3.1.建立了绿色生产/5.3.1.9.创新激励机制评价报告”。当前仅用于泰昌资料人工复核，未获准进入正式标书。,"[""泰昌"", ""企业证明材料"", ""历史标书候选"", ""技术标""]",suppressed_document_page_caption,,,True,False,False,blocked,尚未通过P0-06人工批准,0.45,assets/template_words/技术补充文件.docx,（二）专项投标文件/5.针对评审要素，需要补充的其他文件/5.3.绿色低碳生产及绿色回收/5.3.1.建立了绿色生产/5.3.1.9.创新激励机制评价报告,83614390806f61b66b096d8abd084dd805554cf0edc6f295f462d93f9ddd592f,83614390806f61b66b096d8abd084dd805554cf0edc6f295f462d93f9ddd592f
technical-media-0272,technical,media,259,possible_visual_duplicate,视觉疑似重复,河北泰昌电力器材科技有限公司,河北泰昌电力器材科技有限公司,mixed_historical_bid,product_library,产品库资料,enterprise_evidence,企业证明材料,[],泰昌企业资料,"[""技术标""]","[""专项投标文件/5.针对评审要素，需要补充的其他文件/5.3.绿色低碳生产及绿色回收/5.3.1.建立了绿色生产/5.3.1.9.创新激励机制评价报告""]",tender_scoring_derived,needs_review,internal,企业内部资料,review_only,仅限人工复核,needs_manual_review,需要人工复核,泰昌企业证明材料历史候选第259页,泰昌技术补充文件,泰昌技术补充文件,企业证明材料,来源于泰昌技术补充文件，历史位置为“专项投标文件/5.针对评审要素，需要补充的其他文件/5.3.绿色低碳生产及绿色回收/5.3.1.建立了绿色生产/5.3.1.9.创新激励机制评价报告”。当前仅用于泰昌资料人工复核，未获准进入正式标书。,"[""泰昌"", ""企业证明材料"", ""历史标书候选"", ""技术标""]",suppressed_document_page_caption,,taichang-visual-review-5596a96eb918595bae58,True,False,False,blocked,尚未通过P0-06人工批准,0.45,assets/template_words/技术补充文件.docx,（二）专项投标文件/5.针对评审要素，需要补充的其他文件/5.3.绿色低碳生产及绿色回收/5.3.1.建立了绿色生产/5.3.1.9.创新激励机制评价报告,8a3512b24ad8ed33397e57494599d8fa0044ad440ee20f0153934369de058070,8a3512b24ad8ed33397e57494599d8fa0044ad440ee20f0153934369de058070
technical-chapter-038,technical,chapter,270,new,未发现重复，仍需审核,河北泰昌电力器材科技有限公司,河北泰昌电力器材科技有限公司,mixed_historical_bid,reference_template_library,历史参考资料,historical_structure_reference,历史目录结构参考,[],泰昌企业资料,"[""技术标""]","[""专项投标文件/5.针对评审要素，需要补充的其他文件/5.3.绿色低碳生产及绿色回收/5.3.1.建立了绿色生产/5.3.1.10.智能制造优秀场景报告""]",tender_scoring_derived,needs_review,internal,企业内部资料,review_only,仅限人工复核,not_asset_reference,非资产结构参考,泰昌技术标历史目录参考：专项投标文件/5.针对评审要素，需要补充的其他文件/5.3.绿色低碳生产及绿色回收/5.3.1.建立了绿色生产/5.3.1.10.智能制造优秀场景报告,泰昌技术补充文件,泰昌技术补充文件,历史目录结构参考,来源于泰昌技术补充文件，历史位置为“专项投标文件/5.针对评审要素，需要补充的其他文件/5.3.绿色低碳生产及绿色回收/5.3.1.建立了绿色生产/5.3.1.10.智能制造优秀场景报告”。当前仅用于泰昌资料人工复核，未获准进入正式标书。,"[""泰昌"", ""历史目录结构参考"", ""历史标书候选"", ""技术标""]",suppressed_document_page_caption,,,False,False,False,blocked,尚未通过P0-06人工批准,1.0,assets/template_words/技术补充文件.docx,（二）专项投标文件/5.针对评审要素，需要补充的其他文件/5.3.绿色低碳生产及绿色回收/5.3.1.建立了绿色生产/5.3.1.10.智能制造优秀场景报告,9edbc2024ee5db0498fcb9b511945362b108be3611f67dbd26c86685a33a5c50,
technical-media-0273,technical,media,271,new,未发现重复，仍需审核,河北泰昌电力器材科技有限公司,河北泰昌电力器材科技有限公司,mixed_historical_bid,product_library,产品库资料,enterprise_evidence,企业证明材料,[],泰昌企业资料,"[""技术标""]","[""专项投标文件/5.针对评审要素，需要补充的其他文件/5.3.绿色低碳生产及绿色回收/5.3.1.建立了绿色生产/5.3.1.10.智能制造优秀场景报告""]",tender_scoring_derived,needs_review,internal,企业内部资料,review_only,仅限人工复核,needs_customer_confirmation,需要客户确认,泰昌企业证明材料历史候选第271页,泰昌技术补充文件,泰昌技术补充文件,企业证明材料,来源于泰昌技术补充文件，历史位置为“专项投标文件/5.针对评审要素，需要补充的其他文件/5.3.绿色低碳生产及绿色回收/5.3.1.建立了绿色生产/5.3.1.10.智能制造优秀场景报告”。当前仅用于泰昌资料人工复核，未获准进入正式标书。,"[""泰昌"", ""企业证明材料"", ""历史标书候选"", ""技术标""]",suppressed_document_page_caption,,,True,False,False,blocked,尚未通过P0-06人工批准,0.45,assets/template_words/技术补充文件.docx,（二）专项投标文件/5.针对评审要素，需要补充的其他文件/5.3.绿色低碳生产及绿色回收/5.3.1.建立了绿色生产/5.3.1.10.智能制造优秀场景报告,45d69a0fca274a18783b22ee4530640137f80a9666b6a35c59fb72268ee781e5,45d69a0fca274a18783b22ee4530640137f80a9666b6a35c59fb72268ee781e5
technical-media-0274,technical,media,271,new,未发现重复，仍需审核,河北泰昌电力器材科技有限公司,河北泰昌电力器材科技有限公司,mixed_historical_bid,product_library,产品库资料,enterprise_evidence,企业证明材料,[],泰昌企业资料,"[""技术标""]","[""专项投标文件/5.针对评审要素，需要补充的其他文件/5.3.绿色低碳生产及绿色回收/5.3.1.建立了绿色生产/5.3.1.10.智能制造优秀场景报告""]",tender_scoring_derived,needs_review,internal,企业内部资料,review_only,仅限人工复核,needs_customer_confirmation,需要客户确认,泰昌企业证明材料历史候选第271页,泰昌技术补充文件,泰昌技术补充文件,企业证明材料,来源于泰昌技术补充文件，历史位置为“专项投标文件/5.针对评审要素，需要补充的其他文件/5.3.绿色低碳生产及绿色回收/5.3.1.建立了绿色生产/5.3.1.10.智能制造优秀场景报告”。当前仅用于泰昌资料人工复核，未获准进入正式标书。,"[""泰昌"", ""企业证明材料"", ""历史标书候选"", ""技术标""]",suppressed_document_page_caption,,,True,False,False,blocked,尚未通过P0-06人工批准,0.45,assets/template_words/技术补充文件.docx,（二）专项投标文件/5.针对评审要素，需要补充的其他文件/5.3.绿色低碳生产及绿色回收/5.3.1.建立了绿色生产/5.3.1.10.智能制造优秀场景报告,69c9e9f12755debb7067d0355910b636decfe6325c0cab6569d4b50568b22086,69c9e9f12755debb7067d0355910b636decfe6325c0cab6569d4b50568b22086
technical-media-0275,technical,media,271,new,未发现重复，仍需审核,河北泰昌电力器材科技有限公司,河北泰昌电力器材科技有限公司,mixed_historical_bid,product_library,产品库资料,enterprise_evidence,企业证明材料,[],泰昌企业资料,"[""技术标""]","[""专项投标文件/5.针对评审要素，需要补充的其他文件/5.3.绿色低碳生产及绿色回收/5.3.1.建立了绿色生产/5.3.1.10.智能制造优秀场景报告""]",tender_scoring_derived,needs_review,internal,企业内部资料,review_only,仅限人工复核,needs_customer_confirmation,需要客户确认,泰昌企业证明材料历史候选第271页,泰昌技术补充文件,泰昌技术补充文件,企业证明材料,来源于泰昌技术补充文件，历史位置为“专项投标文件/5.针对评审要素，需要补充的其他文件/5.3.绿色低碳生产及绿色回收/5.3.1.建立了绿色生产/5.3.1.10.智能制造优秀场景报告”。当前仅用于泰昌资料人工复核，未获准进入正式标书。,"[""泰昌"", ""企业证明材料"", ""历史标书候选"", ""技术标""]",suppressed_document_page_caption,,,True,False,False,blocked,尚未通过P0-06人工批准,0.45,assets/template_words/技术补充文件.docx,（二）专项投标文件/5.针对评审要素，需要补充的其他文件/5.3.绿色低碳生产及绿色回收/5.3.1.建立了绿色生产/5.3.1.10.智能制造优秀场景报告,aa93e2429696d353e2b625c7b518673964bd64384d5ea85071a4ea36de3df00b,aa93e2429696d353e2b625c7b518673964bd64384d5ea85071a4ea36de3df00b
technical-media-0276,technical,media,271,new,未发现重复，仍需审核,河北泰昌电力器材科技有限公司,河北泰昌电力器材科技有限公司,mixed_historical_bid,product_library,产品库资料,enterprise_evidence,企业证明材料,[],泰昌企业资料,"[""技术标""]","[""专项投标文件/5.针对评审要素，需要补充的其他文件/5.3.绿色低碳生产及绿色回收/5.3.1.建立了绿色生产/5.3.1.10.智能制造优秀场景报告""]",tender_scoring_derived,needs_review,internal,企业内部资料,review_only,仅限人工复核,needs_customer_confirmation,需要客户确认,泰昌企业证明材料历史候选第271页,泰昌技术补充文件,泰昌技术补充文件,企业证明材料,来源于泰昌技术补充文件，历史位置为“专项投标文件/5.针对评审要素，需要补充的其他文件/5.3.绿色低碳生产及绿色回收/5.3.1.建立了绿色生产/5.3.1.10.智能制造优秀场景报告”。当前仅用于泰昌资料人工复核，未获准进入正式标书。,"[""泰昌"", ""企业证明材料"", ""历史标书候选"", ""技术标""]",suppressed_document_page_caption,,,True,False,False,blocked,尚未通过P0-06人工批准,0.45,assets/template_words/技术补充文件.docx,（二）专项投标文件/5.针对评审要素，需要补充的其他文件/5.3.绿色低碳生产及绿色回收/5.3.1.建立了绿色生产/5.3.1.10.智能制造优秀场景报告,a1ad04130ea09e5b65802e94b2e889ff210e6a219a37b5aaaf89956d13df6e87,a1ad04130ea09e5b65802e94b2e889ff210e6a219a37b5aaaf89956d13df6e87
technical-media-0277,technical,media,271,new,未发现重复，仍需审核,河北泰昌电力器材科技有限公司,河北泰昌电力器材科技有限公司,mixed_historical_bid,product_library,产品库资料,enterprise_evidence,企业证明材料,[],泰昌企业资料,"[""技术标""]","[""专项投标文件/5.针对评审要素，需要补充的其他文件/5.3.绿色低碳生产及绿色回收/5.3.1.建立了绿色生产/5.3.1.10.智能制造优秀场景报告""]",tender_scoring_derived,needs_review,internal,企业内部资料,review_only,仅限人工复核,needs_customer_confirmation,需要客户确认,泰昌企业证明材料历史候选第271页,泰昌技术补充文件,泰昌技术补充文件,企业证明材料,来源于泰昌技术补充文件，历史位置为“专项投标文件/5.针对评审要素，需要补充的其他文件/5.3.绿色低碳生产及绿色回收/5.3.1.建立了绿色生产/5.3.1.10.智能制造优秀场景报告”。当前仅用于泰昌资料人工复核，未获准进入正式标书。,"[""泰昌"", ""企业证明材料"", ""历史标书候选"", ""技术标""]",suppressed_document_page_caption,,,True,False,False,blocked,尚未通过P0-06人工批准,0.45,assets/template_words/技术补充文件.docx,（二）专项投标文件/5.针对评审要素，需要补充的其他文件/5.3.绿色低碳生产及绿色回收/5.3.1.建立了绿色生产/5.3.1.10.智能制造优秀场景报告,6574d6687b11f4617e2fc15ceeabd6e17340f15eab9a00062629c8af36cf6415,6574d6687b11f4617e2fc15ceeabd6e17340f15eab9a00062629c8af36cf6415
technical-media-0278,technical,media,271,new,未发现重复，仍需审核,河北泰昌电力器材科技有限公司,河北泰昌电力器材科技有限公司,mixed_historical_bid,product_library,产品库资料,enterprise_evidence,企业证明材料,[],泰昌企业资料,"[""技术标""]","[""专项投标文件/5.针对评审要素，需要补充的其他文件/5.3.绿色低碳生产及绿色回收/5.3.1.建立了绿色生产/5.3.1.10.智能制造优秀场景报告""]",tender_scoring_derived,needs_review,internal,企业内部资料,review_only,仅限人工复核,needs_customer_confirmation,需要客户确认,泰昌企业证明材料历史候选第271页,泰昌技术补充文件,泰昌技术补充文件,企业证明材料,来源于泰昌技术补充文件，历史位置为“专项投标文件/5.针对评审要素，需要补充的其他文件/5.3.绿色低碳生产及绿色回收/5.3.1.建立了绿色生产/5.3.1.10.智能制造优秀场景报告”。当前仅用于泰昌资料人工复核，未获准进入正式标书。,"[""泰昌"", ""企业证明材料"", ""历史标书候选"", ""技术标""]",suppressed_document_page_caption,,,True,False,False,blocked,尚未通过P0-06人工批准,0.45,assets/template_words/技术补充文件.docx,（二）专项投标文件/5.针对评审要素，需要补充的其他文件/5.3.绿色低碳生产及绿色回收/5.3.1.建立了绿色生产/5.3.1.10.智能制造优秀场景报告,224c9cfcd097b408c200b6fc11324b9131e4d0f71c8dd33cb29b3a53dc33c73c,224c9cfcd097b408c200b6fc11324b9131e4d0f71c8dd33cb29b3a53dc33c73c
technical-media-0279,technical,media,271,possible_visual_duplicate,视觉疑似重复,河北泰昌电力器材科技有限公司,河北泰昌电力器材科技有限公司,mixed_historical_bid,product_library,产品库资料,enterprise_evidence,企业证明材料,[],泰昌企业资料,"[""技术标""]","[""专项投标文件/5.针对评审要素，需要补充的其他文件/5.3.绿色低碳生产及绿色回收/5.3.1.建立了绿色生产/5.3.1.10.智能制造优秀场景报告""]",tender_scoring_derived,needs_review,internal,企业内部资料,review_only,仅限人工复核,needs_manual_review,需要人工复核,泰昌企业证明材料历史候选第271页,泰昌技术补充文件,泰昌技术补充文件,企业证明材料,来源于泰昌技术补充文件，历史位置为“专项投标文件/5.针对评审要素，需要补充的其他文件/5.3.绿色低碳生产及绿色回收/5.3.1.建立了绿色生产/5.3.1.10.智能制造优秀场景报告”。当前仅用于泰昌资料人工复核，未获准进入正式标书。,"[""泰昌"", ""企业证明材料"", ""历史标书候选"", ""技术标""]",suppressed_document_page_caption,,taichang-visual-review-686c47136489c9d8705e,True,False,False,blocked,尚未通过P0-06人工批准,0.45,assets/template_words/技术补充文件.docx,（二）专项投标文件/5.针对评审要素，需要补充的其他文件/5.3.绿色低碳生产及绿色回收/5.3.1.建立了绿色生产/5.3.1.10.智能制造优秀场景报告,3ce6f86dc59bcff4634ea2232467ab17edb4807b7e6895acf71ec94f85abdd49,3ce6f86dc59bcff4634ea2232467ab17edb4807b7e6895acf71ec94f85abdd49
technical-media-0280,technical,media,271,new,未发现重复，仍需审核,河北泰昌电力器材科技有限公司,河北泰昌电力器材科技有限公司,mixed_historical_bid,product_library,产品库资料,enterprise_evidence,企业证明材料,[],泰昌企业资料,"[""技术标""]","[""专项投标文件/5.针对评审要素，需要补充的其他文件/5.3.绿色低碳生产及绿色回收/5.3.1.建立了绿色生产/5.3.1.10.智能制造优秀场景报告""]",tender_scoring_derived,needs_review,internal,企业内部资料,review_only,仅限人工复核,needs_customer_confirmation,需要客户确认,泰昌企业证明材料历史候选第271页,泰昌技术补充文件,泰昌技术补充文件,企业证明材料,来源于泰昌技术补充文件，历史位置为“专项投标文件/5.针对评审要素，需要补充的其他文件/5.3.绿色低碳生产及绿色回收/5.3.1.建立了绿色生产/5.3.1.10.智能制造优秀场景报告”。当前仅用于泰昌资料人工复核，未获准进入正式标书。,"[""泰昌"", ""企业证明材料"", ""历史标书候选"", ""技术标""]",suppressed_document_page_caption,,,True,False,False,blocked,尚未通过P0-06人工批准,0.45,assets/template_words/技术补充文件.docx,（二）专项投标文件/5.针对评审要素，需要补充的其他文件/5.3.绿色低碳生产及绿色回收/5.3.1.建立了绿色生产/5.3.1.10.智能制造优秀场景报告,200942ad7ad93a53516143cf6968087474272c13373d10ed72a41c6477ad1969,200942ad7ad93a53516143cf6968087474272c13373d10ed72a41c6477ad1969
technical-media-0281,technical,media,271,new,未发现重复，仍需审核,河北泰昌电力器材科技有限公司,河北泰昌电力器材科技有限公司,mixed_historical_bid,product_library,产品库资料,enterprise_evidence,企业证明材料,[],泰昌企业资料,"[""技术标""]","[""专项投标文件/5.针对评审要素，需要补充的其他文件/5.3.绿色低碳生产及绿色回收/5.3.1.建立了绿色生产/5.3.1.10.智能制造优秀场景报告""]",tender_scoring_derived,needs_review,internal,企业内部资料,review_only,仅限人工复核,needs_customer_confirmation,需要客户确认,泰昌企业证明材料历史候选第271页,泰昌技术补充文件,泰昌技术补充文件,企业证明材料,来源于泰昌技术补充文件，历史位置为“专项投标文件/5.针对评审要素，需要补充的其他文件/5.3.绿色低碳生产及绿色回收/5.3.1.建立了绿色生产/5.3.1.10.智能制造优秀场景报告”。当前仅用于泰昌资料人工复核，未获准进入正式标书。,"[""泰昌"", ""企业证明材料"", ""历史标书候选"", ""技术标""]",suppressed_document_page_caption,,,True,False,False,blocked,尚未通过P0-06人工批准,0.45,assets/template_words/技术补充文件.docx,（二）专项投标文件/5.针对评审要素，需要补充的其他文件/5.3.绿色低碳生产及绿色回收/5.3.1.建立了绿色生产/5.3.1.10.智能制造优秀场景报告,c206767bb3a58cecedfeaee40e0b85001ee50ddb68a136552418a91b62272765,c206767bb3a58cecedfeaee40e0b85001ee50ddb68a136552418a91b62272765
technical-media-0282,technical,media,271,new,未发现重复，仍需审核,河北泰昌电力器材科技有限公司,河北泰昌电力器材科技有限公司,mixed_historical_bid,product_library,产品库资料,enterprise_evidence,企业证明材料,[],泰昌企业资料,"[""技术标""]","[""专项投标文件/5.针对评审要素，需要补充的其他文件/5.3.绿色低碳生产及绿色回收/5.3.1.建立了绿色生产/5.3.1.10.智能制造优秀场景报告""]",tender_scoring_derived,needs_review,internal,企业内部资料,review_only,仅限人工复核,needs_customer_confirmation,需要客户确认,泰昌企业证明材料历史候选第271页,泰昌技术补充文件,泰昌技术补充文件,企业证明材料,来源于泰昌技术补充文件，历史位置为“专项投标文件/5.针对评审要素，需要补充的其他文件/5.3.绿色低碳生产及绿色回收/5.3.1.建立了绿色生产/5.3.1.10.智能制造优秀场景报告”。当前仅用于泰昌资料人工复核，未获准进入正式标书。,"[""泰昌"", ""企业证明材料"", ""历史标书候选"", ""技术标""]",suppressed_document_page_caption,,,True,False,False,blocked,尚未通过P0-06人工批准,0.45,assets/template_words/技术补充文件.docx,（二）专项投标文件/5.针对评审要素，需要补充的其他文件/5.3.绿色低碳生产及绿色回收/5.3.1.建立了绿色生产/5.3.1.10.智能制造优秀场景报告,2215f7c9fe7a79f83beb5fd5560e12de7de4d1db66927236e5a1044b5c837445,2215f7c9fe7a79f83beb5fd5560e12de7de4d1db66927236e5a1044b5c837445
technical-media-0283,technical,media,271,possible_visual_duplicate,视觉疑似重复,河北泰昌电力器材科技有限公司,河北泰昌电力器材科技有限公司,mixed_historical_bid,product_library,产品库资料,enterprise_evidence,企业证明材料,[],泰昌企业资料,"[""技术标""]","[""专项投标文件/5.针对评审要素，需要补充的其他文件/5.3.绿色低碳生产及绿色回收/5.3.1.建立了绿色生产/5.3.1.10.智能制造优秀场景报告""]",tender_scoring_derived,needs_review,internal,企业内部资料,review_only,仅限人工复核,needs_manual_review,需要人工复核,泰昌企业证明材料历史候选第271页,泰昌技术补充文件,泰昌技术补充文件,企业证明材料,来源于泰昌技术补充文件，历史位置为“专项投标文件/5.针对评审要素，需要补充的其他文件/5.3.绿色低碳生产及绿色回收/5.3.1.建立了绿色生产/5.3.1.10.智能制造优秀场景报告”。当前仅用于泰昌资料人工复核，未获准进入正式标书。,"[""泰昌"", ""企业证明材料"", ""历史标书候选"", ""技术标""]",suppressed_document_page_caption,,taichang-visual-review-8dd6b06a02abfbbc3174,True,False,False,blocked,尚未通过P0-06人工批准,0.45,assets/template_words/技术补充文件.docx,（二）专项投标文件/5.针对评审要素，需要补充的其他文件/5.3.绿色低碳生产及绿色回收/5.3.1.建立了绿色生产/5.3.1.10.智能制造优秀场景报告,6f5d3a362cda6bf98b6cd23c8f898c349107527934bd8870d01c26633e7aaa97,6f5d3a362cda6bf98b6cd23c8f898c349107527934bd8870d01c26633e7aaa97
technical-media-0284,technical,media,271,possible_visual_duplicate,视觉疑似重复,河北泰昌电力器材科技有限公司,河北泰昌电力器材科技有限公司,mixed_historical_bid,product_library,产品库资料,enterprise_evidence,企业证明材料,[],泰昌企业资料,"[""技术标""]","[""专项投标文件/5.针对评审要素，需要补充的其他文件/5.3.绿色低碳生产及绿色回收/5.3.1.建立了绿色生产/5.3.1.10.智能制造优秀场景报告""]",tender_scoring_derived,needs_review,internal,企业内部资料,review_only,仅限人工复核,needs_manual_review,需要人工复核,泰昌企业证明材料历史候选第271页,泰昌技术补充文件,泰昌技术补充文件,企业证明材料,来源于泰昌技术补充文件，历史位置为“专项投标文件/5.针对评审要素，需要补充的其他文件/5.3.绿色低碳生产及绿色回收/5.3.1.建立了绿色生产/5.3.1.10.智能制造优秀场景报告”。当前仅用于泰昌资料人工复核，未获准进入正式标书。,"[""泰昌"", ""企业证明材料"", ""历史标书候选"", ""技术标""]",suppressed_document_page_caption,,taichang-visual-review-5596a96eb918595bae58,True,False,False,blocked,尚未通过P0-06人工批准,0.45,assets/template_words/技术补充文件.docx,（二）专项投标文件/5.针对评审要素，需要补充的其他文件/5.3.绿色低碳生产及绿色回收/5.3.1.建立了绿色生产/5.3.1.10.智能制造优秀场景报告,1ccfeac72ed7c3bc4b291b054ab8c3528b0c79f873ca52bc401bbf281faa1b46,1ccfeac72ed7c3bc4b291b054ab8c3528b0c79f873ca52bc401bbf281faa1b46
technical-chapter-039,technical,chapter,282,new,未发现重复，仍需审核,河北泰昌电力器材科技有限公司,河北泰昌电力器材科技有限公司,mixed_historical_bid,reference_template_library,历史参考资料,historical_structure_reference,历史目录结构参考,[],泰昌企业资料,"[""技术标""]","[""专项投标文件/5.针对评审要素，需要补充的其他文件/5.3.绿色低碳生产及绿色回收/5.3.1.建立了绿色生产/5.3.1.11.数字领航企业评价报告""]",tender_scoring_derived,needs_review,internal,企业内部资料,review_only,仅限人工复核,not_asset_reference,非资产结构参考,泰昌技术标历史目录参考：专项投标文件/5.针对评审要素，需要补充的其他文件/5.3.绿色低碳生产及绿色回收/5.3.1.建立了绿色生产/5.3.1.11.数字领航企业评价报告,泰昌技术补充文件,泰昌技术补充文件,历史目录结构参考,来源于泰昌技术补充文件，历史位置为“专项投标文件/5.针对评审要素，需要补充的其他文件/5.3.绿色低碳生产及绿色回收/5.3.1.建立了绿色生产/5.3.1.11.数字领航企业评价报告”。当前仅用于泰昌资料人工复核，未获准进入正式标书。,"[""泰昌"", ""历史目录结构参考"", ""历史标书候选"", ""技术标""]",suppressed_document_page_caption,,,False,False,False,blocked,尚未通过P0-06人工批准,1.0,assets/template_words/技术补充文件.docx,（二）专项投标文件/5.针对评审要素，需要补充的其他文件/5.3.绿色低碳生产及绿色回收/5.3.1.建立了绿色生产/5.3.1.11.数字领航企业评价报告,d795801437d5dd9f441ee0e5ef47c81b9888bd561a2e35494a7be88c558de6be,
technical-media-0285,technical,media,283,new,未发现重复，仍需审核,河北泰昌电力器材科技有限公司,河北泰昌电力器材科技有限公司,mixed_historical_bid,product_library,产品库资料,enterprise_evidence,企业证明材料,[],泰昌企业资料,"[""技术标""]","[""专项投标文件/5.针对评审要素，需要补充的其他文件/5.3.绿色低碳生产及绿色回收/5.3.1.建立了绿色生产/5.3.1.11.数字领航企业评价报告""]",tender_scoring_derived,needs_review,internal,企业内部资料,review_only,仅限人工复核,needs_customer_confirmation,需要客户确认,泰昌企业证明材料历史候选第283页,泰昌技术补充文件,泰昌技术补充文件,企业证明材料,来源于泰昌技术补充文件，历史位置为“专项投标文件/5.针对评审要素，需要补充的其他文件/5.3.绿色低碳生产及绿色回收/5.3.1.建立了绿色生产/5.3.1.11.数字领航企业评价报告”。当前仅用于泰昌资料人工复核，未获准进入正式标书。,"[""泰昌"", ""企业证明材料"", ""历史标书候选"", ""技术标""]",suppressed_document_page_caption,,,True,False,False,blocked,尚未通过P0-06人工批准,0.45,assets/template_words/技术补充文件.docx,（二）专项投标文件/5.针对评审要素，需要补充的其他文件/5.3.绿色低碳生产及绿色回收/5.3.1.建立了绿色生产/5.3.1.11.数字领航企业评价报告,c13222344128d19874e68c4ebe6d034b71c35e4902885765f570318e57f18a62,c13222344128d19874e68c4ebe6d034b71c35e4902885765f570318e57f18a62
technical-media-0286,technical,media,283,new,未发现重复，仍需审核,河北泰昌电力器材科技有限公司,河北泰昌电力器材科技有限公司,mixed_historical_bid,product_library,产品库资料,enterprise_evidence,企业证明材料,[],泰昌企业资料,"[""技术标""]","[""专项投标文件/5.针对评审要素，需要补充的其他文件/5.3.绿色低碳生产及绿色回收/5.3.1.建立了绿色生产/5.3.1.11.数字领航企业评价报告""]",tender_scoring_derived,needs_review,internal,企业内部资料,review_only,仅限人工复核,needs_customer_confirmation,需要客户确认,泰昌企业证明材料历史候选第283页,泰昌技术补充文件,泰昌技术补充文件,企业证明材料,来源于泰昌技术补充文件，历史位置为“专项投标文件/5.针对评审要素，需要补充的其他文件/5.3.绿色低碳生产及绿色回收/5.3.1.建立了绿色生产/5.3.1.11.数字领航企业评价报告”。当前仅用于泰昌资料人工复核，未获准进入正式标书。,"[""泰昌"", ""企业证明材料"", ""历史标书候选"", ""技术标""]",suppressed_document_page_caption,,,True,False,False,blocked,尚未通过P0-06人工批准,0.45,assets/template_words/技术补充文件.docx,（二）专项投标文件/5.针对评审要素，需要补充的其他文件/5.3.绿色低碳生产及绿色回收/5.3.1.建立了绿色生产/5.3.1.11.数字领航企业评价报告,6b949f888e05fac1d735c8ddde858a63e7d88bbfab8dcc94629e363355b36166,6b949f888e05fac1d735c8ddde858a63e7d88bbfab8dcc94629e363355b36166
technical-media-0287,technical,media,283,new,未发现重复，仍需审核,河北泰昌电力器材科技有限公司,河北泰昌电力器材科技有限公司,mixed_historical_bid,product_library,产品库资料,enterprise_evidence,企业证明材料,[],泰昌企业资料,"[""技术标""]","[""专项投标文件/5.针对评审要素，需要补充的其他文件/5.3.绿色低碳生产及绿色回收/5.3.1.建立了绿色生产/5.3.1.11.数字领航企业评价报告""]",tender_scoring_derived,needs_review,internal,企业内部资料,review_only,仅限人工复核,needs_customer_confirmation,需要客户确认,泰昌企业证明材料历史候选第283页,泰昌技术补充文件,泰昌技术补充文件,企业证明材料,来源于泰昌技术补充文件，历史位置为“专项投标文件/5.针对评审要素，需要补充的其他文件/5.3.绿色低碳生产及绿色回收/5.3.1.建立了绿色生产/5.3.1.11.数字领航企业评价报告”。当前仅用于泰昌资料人工复核，未获准进入正式标书。,"[""泰昌"", ""企业证明材料"", ""历史标书候选"", ""技术标""]",suppressed_document_page_caption,,,True,False,False,blocked,尚未通过P0-06人工批准,0.45,assets/template_words/技术补充文件.docx,（二）专项投标文件/5.针对评审要素，需要补充的其他文件/5.3.绿色低碳生产及绿色回收/5.3.1.建立了绿色生产/5.3.1.11.数字领航企业评价报告,9064f7fab63f61ae66667db9aee9e66e84916798a37d20b61b6f68678ddf3af6,9064f7fab63f61ae66667db9aee9e66e84916798a37d20b61b6f68678ddf3af6
technical-media-0288,technical,media,283,possible_visual_duplicate,视觉疑似重复,河北泰昌电力器材科技有限公司,河北泰昌电力器材科技有限公司,mixed_historical_bid,product_library,产品库资料,enterprise_evidence,企业证明材料,[],泰昌企业资料,"[""技术标""]","[""专项投标文件/5.针对评审要素，需要补充的其他文件/5.3.绿色低碳生产及绿色回收/5.3.1.建立了绿色生产/5.3.1.11.数字领航企业评价报告""]",tender_scoring_derived,needs_review,internal,企业内部资料,review_only,仅限人工复核,needs_manual_review,需要人工复核,泰昌企业证明材料历史候选第283页,泰昌技术补充文件,泰昌技术补充文件,企业证明材料,来源于泰昌技术补充文件，历史位置为“专项投标文件/5.针对评审要素，需要补充的其他文件/5.3.绿色低碳生产及绿色回收/5.3.1.建立了绿色生产/5.3.1.11.数字领航企业评价报告”。当前仅用于泰昌资料人工复核，未获准进入正式标书。,"[""泰昌"", ""企业证明材料"", ""历史标书候选"", ""技术标""]",suppressed_document_page_caption,,taichang-visual-review-11ec55367904a546d202,True,False,False,blocked,尚未通过P0-06人工批准,0.45,assets/template_words/技术补充文件.docx,（二）专项投标文件/5.针对评审要素，需要补充的其他文件/5.3.绿色低碳生产及绿色回收/5.3.1.建立了绿色生产/5.3.1.11.数字领航企业评价报告,94f0ae0ac30f031ab59bd612e8e141f474d7e0d224a894ff1952dc7b498349f2,94f0ae0ac30f031ab59bd612e8e141f474d7e0d224a894ff1952dc7b498349f2
technical-media-0289,technical,media,283,new,未发现重复，仍需审核,河北泰昌电力器材科技有限公司,河北泰昌电力器材科技有限公司,mixed_historical_bid,product_library,产品库资料,enterprise_evidence,企业证明材料,[],泰昌企业资料,"[""技术标""]","[""专项投标文件/5.针对评审要素，需要补充的其他文件/5.3.绿色低碳生产及绿色回收/5.3.1.建立了绿色生产/5.3.1.11.数字领航企业评价报告""]",tender_scoring_derived,needs_review,internal,企业内部资料,review_only,仅限人工复核,needs_customer_confirmation,需要客户确认,泰昌企业证明材料历史候选第283页,泰昌技术补充文件,泰昌技术补充文件,企业证明材料,来源于泰昌技术补充文件，历史位置为“专项投标文件/5.针对评审要素，需要补充的其他文件/5.3.绿色低碳生产及绿色回收/5.3.1.建立了绿色生产/5.3.1.11.数字领航企业评价报告”。当前仅用于泰昌资料人工复核，未获准进入正式标书。,"[""泰昌"", ""企业证明材料"", ""历史标书候选"", ""技术标""]",suppressed_document_page_caption,,,True,False,False,blocked,尚未通过P0-06人工批准,0.45,assets/template_words/技术补充文件.docx,（二）专项投标文件/5.针对评审要素，需要补充的其他文件/5.3.绿色低碳生产及绿色回收/5.3.1.建立了绿色生产/5.3.1.11.数字领航企业评价报告,94d8cd3e5881b7f23ad99c3a62975adb3fae5a68e87b4d61a588ec14ece19e90,94d8cd3e5881b7f23ad99c3a62975adb3fae5a68e87b4d61a588ec14ece19e90
technical-media-0290,technical,media,283,new,未发现重复，仍需审核,河北泰昌电力器材科技有限公司,河北泰昌电力器材科技有限公司,mixed_historical_bid,product_library,产品库资料,enterprise_evidence,企业证明材料,[],泰昌企业资料,"[""技术标""]","[""专项投标文件/5.针对评审要素，需要补充的其他文件/5.3.绿色低碳生产及绿色回收/5.3.1.建立了绿色生产/5.3.1.11.数字领航企业评价报告""]",tender_scoring_derived,needs_review,internal,企业内部资料,review_only,仅限人工复核,needs_customer_confirmation,需要客户确认,泰昌企业证明材料历史候选第283页,泰昌技术补充文件,泰昌技术补充文件,企业证明材料,来源于泰昌技术补充文件，历史位置为“专项投标文件/5.针对评审要素，需要补充的其他文件/5.3.绿色低碳生产及绿色回收/5.3.1.建立了绿色生产/5.3.1.11.数字领航企业评价报告”。当前仅用于泰昌资料人工复核，未获准进入正式标书。,"[""泰昌"", ""企业证明材料"", ""历史标书候选"", ""技术标""]",suppressed_document_page_caption,,,True,False,False,blocked,尚未通过P0-06人工批准,0.45,assets/template_words/技术补充文件.docx,（二）专项投标文件/5.针对评审要素，需要补充的其他文件/5.3.绿色低碳生产及绿色回收/5.3.1.建立了绿色生产/5.3.1.11.数字领航企业评价报告,66854a7d8ec3e93333bb4494d56deb82a902f5f59f174f4546ec52c199f6aa63,66854a7d8ec3e93333bb4494d56deb82a902f5f59f174f4546ec52c199f6aa63
technical-media-0291,technical,media,283,new,未发现重复，仍需审核,河北泰昌电力器材科技有限公司,河北泰昌电力器材科技有限公司,mixed_historical_bid,product_library,产品库资料,enterprise_evidence,企业证明材料,[],泰昌企业资料,"[""技术标""]","[""专项投标文件/5.针对评审要素，需要补充的其他文件/5.3.绿色低碳生产及绿色回收/5.3.1.建立了绿色生产/5.3.1.11.数字领航企业评价报告""]",tender_scoring_derived,needs_review,internal,企业内部资料,review_only,仅限人工复核,needs_customer_confirmation,需要客户确认,泰昌企业证明材料历史候选第283页,泰昌技术补充文件,泰昌技术补充文件,企业证明材料,来源于泰昌技术补充文件，历史位置为“专项投标文件/5.针对评审要素，需要补充的其他文件/5.3.绿色低碳生产及绿色回收/5.3.1.建立了绿色生产/5.3.1.11.数字领航企业评价报告”。当前仅用于泰昌资料人工复核，未获准进入正式标书。,"[""泰昌"", ""企业证明材料"", ""历史标书候选"", ""技术标""]",suppressed_document_page_caption,,,True,False,False,blocked,尚未通过P0-06人工批准,0.45,assets/template_words/技术补充文件.docx,（二）专项投标文件/5.针对评审要素，需要补充的其他文件/5.3.绿色低碳生产及绿色回收/5.3.1.建立了绿色生产/5.3.1.11.数字领航企业评价报告,d776f6d17df0424d80c24fb94288496c0624bdbd009924e0f298225d851b3e44,d776f6d17df0424d80c24fb94288496c0624bdbd009924e0f298225d851b3e44
technical-media-0292,technical,media,283,new,未发现重复，仍需审核,河北泰昌电力器材科技有限公司,河北泰昌电力器材科技有限公司,mixed_historical_bid,product_library,产品库资料,enterprise_evidence,企业证明材料,[],泰昌企业资料,"[""技术标""]","[""专项投标文件/5.针对评审要素，需要补充的其他文件/5.3.绿色低碳生产及绿色回收/5.3.1.建立了绿色生产/5.3.1.11.数字领航企业评价报告""]",tender_scoring_derived,needs_review,internal,企业内部资料,review_only,仅限人工复核,needs_customer_confirmation,需要客户确认,泰昌企业证明材料历史候选第283页,泰昌技术补充文件,泰昌技术补充文件,企业证明材料,来源于泰昌技术补充文件，历史位置为“专项投标文件/5.针对评审要素，需要补充的其他文件/5.3.绿色低碳生产及绿色回收/5.3.1.建立了绿色生产/5.3.1.11.数字领航企业评价报告”。当前仅用于泰昌资料人工复核，未获准进入正式标书。,"[""泰昌"", ""企业证明材料"", ""历史标书候选"", ""技术标""]",suppressed_document_page_caption,,,True,False,False,blocked,尚未通过P0-06人工批准,0.45,assets/template_words/技术补充文件.docx,（二）专项投标文件/5.针对评审要素，需要补充的其他文件/5.3.绿色低碳生产及绿色回收/5.3.1.建立了绿色生产/5.3.1.11.数字领航企业评价报告,0bc95e9deda2d5ba68fc980339e3e7736138c9f1ee92b8f222bbe9fdff1ebeee,0bc95e9deda2d5ba68fc980339e3e7736138c9f1ee92b8f222bbe9fdff1ebeee
technical-media-0293,technical,media,283,possible_visual_duplicate,视觉疑似重复,河北泰昌电力器材科技有限公司,河北泰昌电力器材科技有限公司,mixed_historical_bid,product_library,产品库资料,enterprise_evidence,企业证明材料,[],泰昌企业资料,"[""技术标""]","[""专项投标文件/5.针对评审要素，需要补充的其他文件/5.3.绿色低碳生产及绿色回收/5.3.1.建立了绿色生产/5.3.1.11.数字领航企业评价报告""]",tender_scoring_derived,needs_review,internal,企业内部资料,review_only,仅限人工复核,needs_manual_review,需要人工复核,泰昌企业证明材料历史候选第283页,泰昌技术补充文件,泰昌技术补充文件,企业证明材料,来源于泰昌技术补充文件，历史位置为“专项投标文件/5.针对评审要素，需要补充的其他文件/5.3.绿色低碳生产及绿色回收/5.3.1.建立了绿色生产/5.3.1.11.数字领航企业评价报告”。当前仅用于泰昌资料人工复核，未获准进入正式标书。,"[""泰昌"", ""企业证明材料"", ""历史标书候选"", ""技术标""]",suppressed_document_page_caption,,taichang-visual-review-c89a71a0c0c36c7a4d88,True,False,False,blocked,尚未通过P0-06人工批准,0.45,assets/template_words/技术补充文件.docx,（二）专项投标文件/5.针对评审要素，需要补充的其他文件/5.3.绿色低碳生产及绿色回收/5.3.1.建立了绿色生产/5.3.1.11.数字领航企业评价报告,086cd197ada3fde2a511402fdb05fdfa2681ec67867f75316a1d3e4a0f3a6c7b,086cd197ada3fde2a511402fdb05fdfa2681ec67867f75316a1d3e4a0f3a6c7b
technical-media-0294,technical,media,283,new,未发现重复，仍需审核,河北泰昌电力器材科技有限公司,河北泰昌电力器材科技有限公司,mixed_historical_bid,product_library,产品库资料,enterprise_evidence,企业证明材料,[],泰昌企业资料,"[""技术标""]","[""专项投标文件/5.针对评审要素，需要补充的其他文件/5.3.绿色低碳生产及绿色回收/5.3.1.建立了绿色生产/5.3.1.11.数字领航企业评价报告""]",tender_scoring_derived,needs_review,internal,企业内部资料,review_only,仅限人工复核,needs_customer_confirmation,需要客户确认,泰昌企业证明材料历史候选第283页,泰昌技术补充文件,泰昌技术补充文件,企业证明材料,来源于泰昌技术补充文件，历史位置为“专项投标文件/5.针对评审要素，需要补充的其他文件/5.3.绿色低碳生产及绿色回收/5.3.1.建立了绿色生产/5.3.1.11.数字领航企业评价报告”。当前仅用于泰昌资料人工复核，未获准进入正式标书。,"[""泰昌"", ""企业证明材料"", ""历史标书候选"", ""技术标""]",suppressed_document_page_caption,,,True,False,False,blocked,尚未通过P0-06人工批准,0.45,assets/template_words/技术补充文件.docx,（二）专项投标文件/5.针对评审要素，需要补充的其他文件/5.3.绿色低碳生产及绿色回收/5.3.1.建立了绿色生产/5.3.1.11.数字领航企业评价报告,fa78dc6e39c1cbcc70a4f4d0e030f43ca32727edf4fa2581aa664ddce2ebbff9,fa78dc6e39c1cbcc70a4f4d0e030f43ca32727edf4fa2581aa664ddce2ebbff9
technical-media-0295,technical,media,283,new,未发现重复，仍需审核,河北泰昌电力器材科技有限公司,河北泰昌电力器材科技有限公司,mixed_historical_bid,product_library,产品库资料,enterprise_evidence,企业证明材料,[],泰昌企业资料,"[""技术标""]","[""专项投标文件/5.针对评审要素，需要补充的其他文件/5.3.绿色低碳生产及绿色回收/5.3.1.建立了绿色生产/5.3.1.11.数字领航企业评价报告""]",tender_scoring_derived,needs_review,internal,企业内部资料,review_only,仅限人工复核,needs_customer_confirmation,需要客户确认,泰昌企业证明材料历史候选第283页,泰昌技术补充文件,泰昌技术补充文件,企业证明材料,来源于泰昌技术补充文件，历史位置为“专项投标文件/5.针对评审要素，需要补充的其他文件/5.3.绿色低碳生产及绿色回收/5.3.1.建立了绿色生产/5.3.1.11.数字领航企业评价报告”。当前仅用于泰昌资料人工复核，未获准进入正式标书。,"[""泰昌"", ""企业证明材料"", ""历史标书候选"", ""技术标""]",suppressed_document_page_caption,,,True,False,False,blocked,尚未通过P0-06人工批准,0.45,assets/template_words/技术补充文件.docx,（二）专项投标文件/5.针对评审要素，需要补充的其他文件/5.3.绿色低碳生产及绿色回收/5.3.1.建立了绿色生产/5.3.1.11.数字领航企业评价报告,12611128b30f87640853f57ea3db509f10c139064e5210620bb2d9f41edfab24,12611128b30f87640853f57ea3db509f10c139064e5210620bb2d9f41edfab24
technical-media-0296,technical,media,283,new,未发现重复，仍需审核,河北泰昌电力器材科技有限公司,河北泰昌电力器材科技有限公司,mixed_historical_bid,product_library,产品库资料,enterprise_evidence,企业证明材料,[],泰昌企业资料,"[""技术标""]","[""专项投标文件/5.针对评审要素，需要补充的其他文件/5.3.绿色低碳生产及绿色回收/5.3.1.建立了绿色生产/5.3.1.11.数字领航企业评价报告""]",tender_scoring_derived,needs_review,internal,企业内部资料,review_only,仅限人工复核,needs_customer_confirmation,需要客户确认,泰昌企业证明材料历史候选第283页,泰昌技术补充文件,泰昌技术补充文件,企业证明材料,来源于泰昌技术补充文件，历史位置为“专项投标文件/5.针对评审要素，需要补充的其他文件/5.3.绿色低碳生产及绿色回收/5.3.1.建立了绿色生产/5.3.1.11.数字领航企业评价报告”。当前仅用于泰昌资料人工复核，未获准进入正式标书。,"[""泰昌"", ""企业证明材料"", ""历史标书候选"", ""技术标""]",suppressed_document_page_caption,,,True,False,False,blocked,尚未通过P0-06人工批准,0.45,assets/template_words/技术补充文件.docx,（二）专项投标文件/5.针对评审要素，需要补充的其他文件/5.3.绿色低碳生产及绿色回收/5.3.1.建立了绿色生产/5.3.1.11.数字领航企业评价报告,f4acd75ed1b6840537425474b83b3c856c42fb9a693eeb00adda3c32090db783,f4acd75ed1b6840537425474b83b3c856c42fb9a693eeb00adda3c32090db783
technical-media-0297,technical,media,283,new,未发现重复，仍需审核,河北泰昌电力器材科技有限公司,河北泰昌电力器材科技有限公司,mixed_historical_bid,product_library,产品库资料,enterprise_evidence,企业证明材料,[],泰昌企业资料,"[""技术标""]","[""专项投标文件/5.针对评审要素，需要补充的其他文件/5.3.绿色低碳生产及绿色回收/5.3.1.建立了绿色生产/5.3.1.11.数字领航企业评价报告""]",tender_scoring_derived,needs_review,internal,企业内部资料,review_only,仅限人工复核,needs_customer_confirmation,需要客户确认,泰昌企业证明材料历史候选第283页,泰昌技术补充文件,泰昌技术补充文件,企业证明材料,来源于泰昌技术补充文件，历史位置为“专项投标文件/5.针对评审要素，需要补充的其他文件/5.3.绿色低碳生产及绿色回收/5.3.1.建立了绿色生产/5.3.1.11.数字领航企业评价报告”。当前仅用于泰昌资料人工复核，未获准进入正式标书。,"[""泰昌"", ""企业证明材料"", ""历史标书候选"", ""技术标""]",suppressed_document_page_caption,,,True,False,False,blocked,尚未通过P0-06人工批准,0.45,assets/template_words/技术补充文件.docx,（二）专项投标文件/5.针对评审要素，需要补充的其他文件/5.3.绿色低碳生产及绿色回收/5.3.1.建立了绿色生产/5.3.1.11.数字领航企业评价报告,d76a986a813e717fecf373d5862b881f74a5a2d2588c0237eed4f615b37c5149,d76a986a813e717fecf373d5862b881f74a5a2d2588c0237eed4f615b37c5149
technical-media-0298,technical,media,283,new,未发现重复，仍需审核,河北泰昌电力器材科技有限公司,河北泰昌电力器材科技有限公司,mixed_historical_bid,product_library,产品库资料,enterprise_evidence,企业证明材料,[],泰昌企业资料,"[""技术标""]","[""专项投标文件/5.针对评审要素，需要补充的其他文件/5.3.绿色低碳生产及绿色回收/5.3.1.建立了绿色生产/5.3.1.11.数字领航企业评价报告""]",tender_scoring_derived,needs_review,internal,企业内部资料,review_only,仅限人工复核,needs_customer_confirmation,需要客户确认,泰昌企业证明材料历史候选第283页,泰昌技术补充文件,泰昌技术补充文件,企业证明材料,来源于泰昌技术补充文件，历史位置为“专项投标文件/5.针对评审要素，需要补充的其他文件/5.3.绿色低碳生产及绿色回收/5.3.1.建立了绿色生产/5.3.1.11.数字领航企业评价报告”。当前仅用于泰昌资料人工复核，未获准进入正式标书。,"[""泰昌"", ""企业证明材料"", ""历史标书候选"", ""技术标""]",suppressed_document_page_caption,,,True,False,False,blocked,尚未通过P0-06人工批准,0.45,assets/template_words/技术补充文件.docx,（二）专项投标文件/5.针对评审要素，需要补充的其他文件/5.3.绿色低碳生产及绿色回收/5.3.1.建立了绿色生产/5.3.1.11.数字领航企业评价报告,90f1fcf6d60c0b5f3067243d95a27dafd31ba72b4b833b4944341e4d12a92aea,90f1fcf6d60c0b5f3067243d95a27dafd31ba72b4b833b4944341e4d12a92aea
technical-media-0299,technical,media,283,new,未发现重复，仍需审核,河北泰昌电力器材科技有限公司,河北泰昌电力器材科技有限公司,mixed_historical_bid,product_library,产品库资料,enterprise_evidence,企业证明材料,[],泰昌企业资料,"[""技术标""]","[""专项投标文件/5.针对评审要素，需要补充的其他文件/5.3.绿色低碳生产及绿色回收/5.3.1.建立了绿色生产/5.3.1.11.数字领航企业评价报告""]",tender_scoring_derived,needs_review,internal,企业内部资料,review_only,仅限人工复核,needs_customer_confirmation,需要客户确认,泰昌企业证明材料历史候选第283页,泰昌技术补充文件,泰昌技术补充文件,企业证明材料,来源于泰昌技术补充文件，历史位置为“专项投标文件/5.针对评审要素，需要补充的其他文件/5.3.绿色低碳生产及绿色回收/5.3.1.建立了绿色生产/5.3.1.11.数字领航企业评价报告”。当前仅用于泰昌资料人工复核，未获准进入正式标书。,"[""泰昌"", ""企业证明材料"", ""历史标书候选"", ""技术标""]",suppressed_document_page_caption,,,True,False,False,blocked,尚未通过P0-06人工批准,0.45,assets/template_words/技术补充文件.docx,（二）专项投标文件/5.针对评审要素，需要补充的其他文件/5.3.绿色低碳生产及绿色回收/5.3.1.建立了绿色生产/5.3.1.11.数字领航企业评价报告,cae4573286f527a715c97f97cab3854e89d576c9ef27132042801aca5ac1abd2,cae4573286f527a715c97f97cab3854e89d576c9ef27132042801aca5ac1abd2
technical-media-0300,technical,media,283,new,未发现重复，仍需审核,河北泰昌电力器材科技有限公司,河北泰昌电力器材科技有限公司,mixed_historical_bid,product_library,产品库资料,enterprise_evidence,企业证明材料,[],泰昌企业资料,"[""技术标""]","[""专项投标文件/5.针对评审要素，需要补充的其他文件/5.3.绿色低碳生产及绿色回收/5.3.1.建立了绿色生产/5.3.1.11.数字领航企业评价报告""]",tender_scoring_derived,needs_review,internal,企业内部资料,review_only,仅限人工复核,needs_customer_confirmation,需要客户确认,泰昌企业证明材料历史候选第283页,泰昌技术补充文件,泰昌技术补充文件,企业证明材料,来源于泰昌技术补充文件，历史位置为“专项投标文件/5.针对评审要素，需要补充的其他文件/5.3.绿色低碳生产及绿色回收/5.3.1.建立了绿色生产/5.3.1.11.数字领航企业评价报告”。当前仅用于泰昌资料人工复核，未获准进入正式标书。,"[""泰昌"", ""企业证明材料"", ""历史标书候选"", ""技术标""]",suppressed_document_page_caption,,,True,False,False,blocked,尚未通过P0-06人工批准,0.45,assets/template_words/技术补充文件.docx,（二）专项投标文件/5.针对评审要素，需要补充的其他文件/5.3.绿色低碳生产及绿色回收/5.3.1.建立了绿色生产/5.3.1.11.数字领航企业评价报告,862beec1c5f9e36633b81b23f1055e9316086d2bd733681371e71044038bd3ef,862beec1c5f9e36633b81b23f1055e9316086d2bd733681371e71044038bd3ef
technical-media-0301,technical,media,283,possible_visual_duplicate,视觉疑似重复,河北泰昌电力器材科技有限公司,河北泰昌电力器材科技有限公司,mixed_historical_bid,product_library,产品库资料,enterprise_evidence,企业证明材料,[],泰昌企业资料,"[""技术标""]","[""专项投标文件/5.针对评审要素，需要补充的其他文件/5.3.绿色低碳生产及绿色回收/5.3.1.建立了绿色生产/5.3.1.11.数字领航企业评价报告""]",tender_scoring_derived,needs_review,internal,企业内部资料,review_only,仅限人工复核,needs_manual_review,需要人工复核,泰昌企业证明材料历史候选第283页,泰昌技术补充文件,泰昌技术补充文件,企业证明材料,来源于泰昌技术补充文件，历史位置为“专项投标文件/5.针对评审要素，需要补充的其他文件/5.3.绿色低碳生产及绿色回收/5.3.1.建立了绿色生产/5.3.1.11.数字领航企业评价报告”。当前仅用于泰昌资料人工复核，未获准进入正式标书。,"[""泰昌"", ""企业证明材料"", ""历史标书候选"", ""技术标""]",suppressed_document_page_caption,,taichang-visual-review-5596a96eb918595bae58,True,False,False,blocked,尚未通过P0-06人工批准,0.45,assets/template_words/技术补充文件.docx,（二）专项投标文件/5.针对评审要素，需要补充的其他文件/5.3.绿色低碳生产及绿色回收/5.3.1.建立了绿色生产/5.3.1.11.数字领航企业评价报告,072591db6f41e1d4b22eec67c25d358d0231c3329cc2a7276961a15b39e7263c,072591db6f41e1d4b22eec67c25d358d0231c3329cc2a7276961a15b39e7263c
technical-chapter-040,technical,chapter,299,new,未发现重复，仍需审核,河北泰昌电力器材科技有限公司,河北泰昌电力器材科技有限公司,mixed_historical_bid,reference_template_library,历史参考资料,historical_structure_reference,历史目录结构参考,[],泰昌企业资料,"[""技术标""]","[""专项投标文件/5.针对评审要素，需要补充的其他文件/5.3.绿色低碳生产及绿色回收/5.3.2.绿色回收制度的证明材料""]",tender_scoring_derived,needs_review,internal,企业内部资料,review_only,仅限人工复核,not_asset_reference,非资产结构参考,泰昌技术标历史目录参考：专项投标文件/5.针对评审要素，需要补充的其他文件/5.3.绿色低碳生产及绿色回收/5.3.2.绿色回收制度的证明材料,泰昌技术补充文件,泰昌技术补充文件,历史目录结构参考,来源于泰昌技术补充文件，历史位置为“专项投标文件/5.针对评审要素，需要补充的其他文件/5.3.绿色低碳生产及绿色回收/5.3.2.绿色回收制度的证明材料”。当前仅用于泰昌资料人工复核，未获准进入正式标书。,"[""泰昌"", ""历史目录结构参考"", ""历史标书候选"", ""技术标""]",suppressed_document_page_caption,,,False,False,False,blocked,尚未通过P0-06人工批准,1.0,assets/template_words/技术补充文件.docx,（二）专项投标文件/5.针对评审要素，需要补充的其他文件/5.3.绿色低碳生产及绿色回收/5.3.2.绿色回收制度的证明材料,f0efc56c890b468336ecc2c82c23c10dbc34677edd296a33799caee5d1bd54af,
technical-chapter-041,technical,chapter,303,new,未发现重复，仍需审核,河北泰昌电力器材科技有限公司,河北泰昌电力器材科技有限公司,mixed_historical_bid,reference_template_library,历史参考资料,historical_structure_reference,历史目录结构参考,[],泰昌企业资料,"[""技术标""]","[""专项投标文件/6.招标文件规定的其他应提交的技术文件""]",tender_mandated,needs_review,internal,企业内部资料,review_only,仅限人工复核,not_asset_reference,非资产结构参考,泰昌技术标历史目录参考：专项投标文件/6.招标文件规定的其他应提交的技术文件,泰昌技术补充文件,泰昌技术补充文件,历史目录结构参考,来源于泰昌技术补充文件，历史位置为“专项投标文件/6.招标文件规定的其他应提交的技术文件”。当前仅用于泰昌资料人工复核，未获准进入正式标书。,"[""泰昌"", ""历史目录结构参考"", ""历史标书候选"", ""技术标""]",suppressed_document_page_caption,,,False,False,False,blocked,尚未通过P0-06人工批准,1.0,assets/template_words/技术补充文件.docx,（二）专项投标文件/6.招标文件规定的其他应提交的技术文件,ff4543c03ed624a2d843177055ef70b2c9b471c9eca634379cd168a5cf81f99f,
technical-chapter-042,technical,chapter,303,new,未发现重复，仍需审核,河北泰昌电力器材科技有限公司,河北泰昌电力器材科技有限公司,mixed_historical_bid,reference_template_library,历史参考资料,historical_structure_reference,历史目录结构参考,[],泰昌企业资料,"[""技术标""]","[""专项投标文件/6.招标文件规定的其他应提交的技术文件/6.1.发明专利证书""]",reference_layout_only,needs_review,internal,企业内部资料,review_only,仅限人工复核,not_asset_reference,非资产结构参考,泰昌技术标历史目录参考：专项投标文件/6.招标文件规定的其他应提交的技术文件/6.1.发明专利证书,泰昌技术补充文件,泰昌技术补充文件,历史目录结构参考,来源于泰昌技术补充文件，历史位置为“专项投标文件/6.招标文件规定的其他应提交的技术文件/6.1.发明专利证书”。当前仅用于泰昌资料人工复核，未获准进入正式标书。,"[""泰昌"", ""历史目录结构参考"", ""历史标书候选"", ""技术标""]",suppressed_document_page_caption,,,False,False,False,blocked,尚未通过P0-06人工批准,1.0,assets/template_words/技术补充文件.docx,（二）专项投标文件/6.招标文件规定的其他应提交的技术文件/6.1.发明专利证书,fe72a0c60d05dd7d3a1aa05ff51202001a2638954155347ce6a71d19098ec059,
technical-media-0302,technical,media,303,new,未发现重复，仍需审核,河北泰昌电力器材科技有限公司,河北泰昌电力器材科技有限公司,mixed_historical_bid,product_library,产品库资料,enterprise_evidence,企业证明材料,[],泰昌企业资料,"[""技术标""]","[""专项投标文件/6.招标文件规定的其他应提交的技术文件/6.1.发明专利证书""]",reference_layout_only,needs_review,internal,企业内部资料,review_only,仅限人工复核,needs_customer_confirmation,需要客户确认,泰昌企业证明材料历史候选第303页,泰昌技术补充文件,泰昌技术补充文件,企业证明材料,来源于泰昌技术补充文件，历史位置为“专项投标文件/6.招标文件规定的其他应提交的技术文件/6.1.发明专利证书”。当前仅用于泰昌资料人工复核，未获准进入正式标书。,"[""泰昌"", ""企业证明材料"", ""历史标书候选"", ""技术标""]",suppressed_document_page_caption,,,True,False,False,blocked,尚未通过P0-06人工批准,0.45,assets/template_words/技术补充文件.docx,（二）专项投标文件/6.招标文件规定的其他应提交的技术文件/6.1.发明专利证书,2030dcde062379d9e39e5fe6ee0442044e67cee879e77cb35d2cb8682ef0e4a0,2030dcde062379d9e39e5fe6ee0442044e67cee879e77cb35d2cb8682ef0e4a0
technical-chapter-043,technical,chapter,304,new,未发现重复，仍需审核,河北泰昌电力器材科技有限公司,河北泰昌电力器材科技有限公司,mixed_historical_bid,reference_template_library,历史参考资料,historical_structure_reference,历史目录结构参考,[],泰昌企业资料,"[""技术标""]","[""专项投标文件/6.招标文件规定的其他应提交的技术文件/6.2.中华人民共和国国家版权局计算机软件著作权登记证书""]",reference_layout_only,needs_review,internal,企业内部资料,review_only,仅限人工复核,not_asset_reference,非资产结构参考,泰昌技术标历史目录参考：专项投标文件/6.招标文件规定的其他应提交的技术文件/6.2.中华人民共和国国家版权局计算机软件著作权登记证书,泰昌技术补充文件,泰昌技术补充文件,历史目录结构参考,来源于泰昌技术补充文件，历史位置为“专项投标文件/6.招标文件规定的其他应提交的技术文件/6.2.中华人民共和国国家版权局计算机软件著作权登记证书”。当前仅用于泰昌资料人工复核，未获准进入正式标书。,"[""泰昌"", ""历史目录结构参考"", ""历史标书候选"", ""技术标""]",suppressed_document_page_caption,,,False,False,False,blocked,尚未通过P0-06人工批准,1.0,assets/template_words/技术补充文件.docx,（二）专项投标文件/6.招标文件规定的其他应提交的技术文件/6.2.中华人民共和国国家版权局计算机软件著作权登记证书,da8f9053a78c4ca49854bbfb4760908cb43ddf05e375bcb809d71c9854469cef,
technical-media-0303,technical,media,305,new,未发现重复，仍需审核,河北泰昌电力器材科技有限公司,河北泰昌电力器材科技有限公司,mixed_historical_bid,product_library,产品库资料,enterprise_evidence,企业证明材料,[],泰昌企业资料,"[""技术标""]","[""专项投标文件/6.招标文件规定的其他应提交的技术文件/6.2.中华人民共和国国家版权局计算机软件著作权登记证书""]",reference_layout_only,needs_review,internal,企业内部资料,review_only,仅限人工复核,needs_customer_confirmation,需要客户确认,泰昌企业证明材料历史候选第305页,泰昌技术补充文件,泰昌技术补充文件,企业证明材料,来源于泰昌技术补充文件，历史位置为“专项投标文件/6.招标文件规定的其他应提交的技术文件/6.2.中华人民共和国国家版权局计算机软件著作权登记证书”。当前仅用于泰昌资料人工复核，未获准进入正式标书。,"[""泰昌"", ""企业证明材料"", ""历史标书候选"", ""技术标""]",suppressed_document_page_caption,,,True,False,False,blocked,尚未通过P0-06人工批准,0.45,assets/template_words/技术补充文件.docx,（二）专项投标文件/6.招标文件规定的其他应提交的技术文件/6.2.中华人民共和国国家版权局计算机软件著作权登记证书,b09b31bd7db402c5abf517b3981914d84593055241f8a460954c2e5aba86b083,b09b31bd7db402c5abf517b3981914d84593055241f8a460954c2e5aba86b083
technical-chapter-044,technical,chapter,305,new,未发现重复，仍需审核,河北泰昌电力器材科技有限公司,河北泰昌电力器材科技有限公司,mixed_historical_bid,reference_template_library,历史参考资料,historical_structure_reference,历史目录结构参考,[],泰昌企业资料,"[""技术标""]","[""专项投标文件/7.技术服务，包括培训、安装指导等""]",tender_mandated,needs_review,internal,企业内部资料,review_only,仅限人工复核,not_asset_reference,非资产结构参考,泰昌技术标历史目录参考：专项投标文件/7.技术服务，包括培训、安装指导等,泰昌技术补充文件,泰昌技术补充文件,历史目录结构参考,来源于泰昌技术补充文件，历史位置为“专项投标文件/7.技术服务，包括培训、安装指导等”。当前仅用于泰昌资料人工复核，未获准进入正式标书。,"[""泰昌"", ""历史目录结构参考"", ""历史标书候选"", ""技术标""]",suppressed_document_page_caption,,,False,False,False,blocked,尚未通过P0-06人工批准,1.0,assets/template_words/技术补充文件.docx,（二）专项投标文件/7.技术服务，包括培训、安装指导等,d7364cbeaf11baebe6dd081c94f7be3bf3403d34573aee0df552e4747b38bf7a,
technical-chapter-045,technical,chapter,305,new,未发现重复，仍需审核,河北泰昌电力器材科技有限公司,河北泰昌电力器材科技有限公司,mixed_historical_bid,reference_template_library,历史参考资料,historical_structure_reference,历史目录结构参考,[],泰昌企业资料,"[""技术标""]","[""专项投标文件/7.技术服务，包括培训、安装指导等/7.1.技术服务及培训方案""]",taichang_habitual_addition,needs_review,internal,企业内部资料,review_only,仅限人工复核,not_asset_reference,非资产结构参考,泰昌技术标历史目录参考：专项投标文件/7.技术服务，包括培训、安装指导等/7.1.技术服务及培训方案,泰昌技术补充文件,泰昌技术补充文件,历史目录结构参考,来源于泰昌技术补充文件，历史位置为“专项投标文件/7.技术服务，包括培训、安装指导等/7.1.技术服务及培训方案”。当前仅用于泰昌资料人工复核，未获准进入正式标书。,"[""泰昌"", ""历史目录结构参考"", ""历史标书候选"", ""技术标""]",suppressed_document_page_caption,,,False,False,False,blocked,尚未通过P0-06人工批准,1.0,assets/template_words/技术补充文件.docx,（二）专项投标文件/7.技术服务，包括培训、安装指导等/7.1.技术服务及培训方案,3188d5ab16e05a93f2df8beb35ba8d58b003a8999e7b541f459f823e5b9f5bd1,
technical-media-0304,technical,media,305,possible_visual_duplicate,视觉疑似重复,河北泰昌电力器材科技有限公司,河北泰昌电力器材科技有限公司,mixed_historical_bid,product_library,产品库资料,enterprise_evidence,企业证明材料,[],泰昌企业资料,"[""技术标""]","[""专项投标文件/7.技术服务，包括培训、安装指导等/7.1.技术服务及培训方案""]",taichang_habitual_addition,needs_review,internal,企业内部资料,review_only,仅限人工复核,needs_manual_review,需要人工复核,泰昌企业证明材料历史候选第305页,泰昌技术补充文件,泰昌技术补充文件,企业证明材料,来源于泰昌技术补充文件，历史位置为“专项投标文件/7.技术服务，包括培训、安装指导等/7.1.技术服务及培训方案”。当前仅用于泰昌资料人工复核，未获准进入正式标书。,"[""泰昌"", ""企业证明材料"", ""历史标书候选"", ""技术标""]",suppressed_document_page_caption,,taichang-visual-review-817351f1a96e400c3455,True,False,False,blocked,尚未通过P0-06人工批准,0.45,assets/template_words/技术补充文件.docx,（二）专项投标文件/7.技术服务，包括培训、安装指导等/7.1.技术服务及培训方案,4c8dd0dc0bdac2ff1a4980e1eae6d53c5a1c5b65a2e79aa793d44c399d51cd47,4c8dd0dc0bdac2ff1a4980e1eae6d53c5a1c5b65a2e79aa793d44c399d51cd47
technical-chapter-046,technical,chapter,307,new,未发现重复，仍需审核,河北泰昌电力器材科技有限公司,河北泰昌电力器材科技有限公司,mixed_historical_bid,reference_template_library,历史参考资料,historical_structure_reference,历史目录结构参考,[],泰昌企业资料,"[""技术标""]","[""专项投标文件/7.技术服务，包括培训、安装指导等/7.2.安装指导方案""]",taichang_habitual_addition,needs_review,internal,企业内部资料,review_only,仅限人工复核,not_asset_reference,非资产结构参考,泰昌技术标历史目录参考：专项投标文件/7.技术服务，包括培训、安装指导等/7.2.安装指导方案,泰昌技术补充文件,泰昌技术补充文件,历史目录结构参考,来源于泰昌技术补充文件，历史位置为“专项投标文件/7.技术服务，包括培训、安装指导等/7.2.安装指导方案”。当前仅用于泰昌资料人工复核，未获准进入正式标书。,"[""泰昌"", ""历史目录结构参考"", ""历史标书候选"", ""技术标""]",suppressed_document_page_caption,,,False,False,False,blocked,尚未通过P0-06人工批准,1.0,assets/template_words/技术补充文件.docx,（二）专项投标文件/7.技术服务，包括培训、安装指导等/7.2.安装指导方案,f1135e490da2dc58293d394c96bd8f35263d4705c55db233b8c4bb950b60e518,
technical-media-0305,technical,media,308,duplicate_exact,精确重复，不新增,河北泰昌电力器材科技有限公司,河北泰昌电力器材科技有限公司,mixed_historical_bid,product_library,产品库资料,enterprise_evidence,企业证明材料,[],泰昌企业资料,"[""技术标""]","[""专项投标文件/7.技术服务，包括培训、安装指导等/7.2.安装指导方案""]",taichang_habitual_addition,needs_review,internal,企业内部资料,review_only,仅限人工复核,rejected_duplicate,精确重复，不新增,泰昌企业证明材料历史候选第308页,泰昌技术补充文件,泰昌技术补充文件,企业证明材料,来源于泰昌技术补充文件，历史位置为“专项投标文件/7.技术服务，包括培训、安装指导等/7.2.安装指导方案”。当前仅用于泰昌资料人工复核，未获准进入正式标书。,"[""泰昌"", ""企业证明材料"", ""历史标书候选"", ""技术标""]",suppressed_document_page_caption,,taichang-visual-review-817351f1a96e400c3455,False,False,False,blocked,尚未通过P0-06人工批准,0.45,assets/template_words/技术补充文件.docx,（二）专项投标文件/7.技术服务，包括培训、安装指导等/7.2.安装指导方案,4c8dd0dc0bdac2ff1a4980e1eae6d53c5a1c5b65a2e79aa793d44c399d51cd47,4c8dd0dc0bdac2ff1a4980e1eae6d53c5a1c5b65a2e79aa793d44c399d51cd47
technical-chapter-047,technical,chapter,309,new,未发现重复，仍需审核,河北泰昌电力器材科技有限公司,河北泰昌电力器材科技有限公司,mixed_historical_bid,reference_template_library,历史参考资料,historical_structure_reference,历史目录结构参考,[],泰昌企业资料,"[""技术标""]","[""专项投标文件/7.技术服务，包括培训、安装指导等/7.3.备品备件""]",taichang_habitual_addition,needs_review,internal,企业内部资料,review_only,仅限人工复核,not_asset_reference,非资产结构参考,泰昌技术标历史目录参考：专项投标文件/7.技术服务，包括培训、安装指导等/7.3.备品备件,泰昌技术补充文件,泰昌技术补充文件,历史目录结构参考,来源于泰昌技术补充文件，历史位置为“专项投标文件/7.技术服务，包括培训、安装指导等/7.3.备品备件”。当前仅用于泰昌资料人工复核，未获准进入正式标书。,"[""泰昌"", ""历史目录结构参考"", ""历史标书候选"", ""技术标""]",suppressed_document_page_caption,,,False,False,False,blocked,尚未通过P0-06人工批准,1.0,assets/template_words/技术补充文件.docx,（二）专项投标文件/7.技术服务，包括培训、安装指导等/7.3.备品备件,5dc7b519a9ef6e5d891ea6c5f9eaae0be8d46fb2ddbbd0faaff8655efd06466c,
technical-table-006,technical,table,310,new,未发现重复，仍需审核,河北泰昌电力器材科技有限公司,河北泰昌电力器材科技有限公司,mixed_historical_bid,reference_template_library,历史参考资料,historical_form_reference,历史表单结构参考,[],泰昌企业资料,"[""技术标""]","[""专项投标文件/7.技术服务，包括培训、安装指导等/7.3.备品备件""]",taichang_habitual_addition,needs_review,internal,企业内部资料,review_only,仅限人工复核,not_asset_reference,非资产结构参考,泰昌技术标历史表单参考：专项投标文件/7.技术服务，包括培训、安装指导等/7.3.备品备件,泰昌技术补充文件,泰昌技术补充文件,历史表单结构参考,来源于泰昌技术补充文件，历史位置为“专项投标文件/7.技术服务，包括培训、安装指导等/7.3.备品备件”。当前仅用于泰昌资料人工复核，未获准进入正式标书。,"[""泰昌"", ""历史表单结构参考"", ""历史标书候选"", ""技术标""]",suppressed_document_page_caption,,,False,False,False,blocked,尚未通过P0-06人工批准,0.85,assets/template_words/技术补充文件.docx,（二）专项投标文件/7.技术服务，包括培训、安装指导等/7.3.备品备件,b6d7d693d3f2ea8cdb43294d74b0ba86f28dab99647ac3f9d92aff30cfc79c40,
technical-fact-0017,technical,fact_candidate,310,new,未发现重复，仍需审核,河北泰昌电力器材科技有限公司,河北泰昌电力器材科技有限公司,mixed_historical_bid,product_library,产品库资料,product_parameter_table,产品参数表,"[""MPP电缆保护管""]",电缆保护管,"[""技术标""]","[""专项投标文件/7.技术服务，包括培训、安装指导等/7.3.备品备件""]",taichang_habitual_addition,coverage_unconfirmed,internal,企业内部资料,review_only,仅限人工复核,needs_customer_confirmation,需要客户确认,泰昌产品参数表历史候选第310页,泰昌技术补充文件,泰昌技术补充文件,产品参数表,来源于泰昌技术补充文件，历史位置为“专项投标文件/7.技术服务，包括培训、安装指导等/7.3.备品备件”。当前仅用于泰昌资料人工复核，未获准进入正式标书。,"[""泰昌"", ""产品参数表"", ""历史标书候选"", ""技术标"", ""MPP电缆保护管""]",suppressed_document_page_caption,,,True,False,False,blocked,尚未通过P0-06人工批准,0.85,assets/template_words/技术补充文件.docx,（二）专项投标文件/7.技术服务，包括培训、安装指导等/7.3.备品备件,8e3a9c538331a13f117d6299164d9054f7c0c1a6536e985a307b1070746f50b5,
technical-fact-0018,technical,fact_candidate,310,new,未发现重复，仍需审核,河北泰昌电力器材科技有限公司,河北泰昌电力器材科技有限公司,mixed_historical_bid,product_library,产品库资料,product_parameter_table,产品参数表,"[""MPP电缆保护管""]",电缆保护管,"[""技术标""]","[""专项投标文件/7.技术服务，包括培训、安装指导等/7.3.备品备件""]",taichang_habitual_addition,coverage_unconfirmed,internal,企业内部资料,review_only,仅限人工复核,needs_customer_confirmation,需要客户确认,泰昌产品参数表历史候选第310页,泰昌技术补充文件,泰昌技术补充文件,产品参数表,来源于泰昌技术补充文件，历史位置为“专项投标文件/7.技术服务，包括培训、安装指导等/7.3.备品备件”。当前仅用于泰昌资料人工复核，未获准进入正式标书。,"[""泰昌"", ""产品参数表"", ""历史标书候选"", ""技术标"", ""MPP电缆保护管""]",suppressed_document_page_caption,,,True,False,False,blocked,尚未通过P0-06人工批准,0.85,assets/template_words/技术补充文件.docx,（二）专项投标文件/7.技术服务，包括培训、安装指导等/7.3.备品备件,ad468beef8fa30a54a786a92ce904c23f32e93e5577ef9e02dda5fac500420f4,
technical-fact-0019,technical,fact_candidate,310,new,未发现重复，仍需审核,河北泰昌电力器材科技有限公司,河北泰昌电力器材科技有限公司,mixed_historical_bid,product_library,产品库资料,product_parameter_table,产品参数表,"[""MPP电缆保护管""]",电缆保护管,"[""技术标""]","[""专项投标文件/7.技术服务，包括培训、安装指导等/7.3.备品备件""]",taichang_habitual_addition,coverage_unconfirmed,internal,企业内部资料,review_only,仅限人工复核,needs_customer_confirmation,需要客户确认,泰昌产品参数表历史候选第310页,泰昌技术补充文件,泰昌技术补充文件,产品参数表,来源于泰昌技术补充文件，历史位置为“专项投标文件/7.技术服务，包括培训、安装指导等/7.3.备品备件”。当前仅用于泰昌资料人工复核，未获准进入正式标书。,"[""泰昌"", ""产品参数表"", ""历史标书候选"", ""技术标"", ""MPP电缆保护管""]",suppressed_document_page_caption,,,True,False,False,blocked,尚未通过P0-06人工批准,0.85,assets/template_words/技术补充文件.docx,（二）专项投标文件/7.技术服务，包括培训、安装指导等/7.3.备品备件,581a6a62e76acc9d7090c54717180228e12c245c7ed38c7a51c2d9fe6fd53a99,
technical-fact-0020,technical,fact_candidate,310,new,未发现重复，仍需审核,河北泰昌电力器材科技有限公司,河北泰昌电力器材科技有限公司,mixed_historical_bid,product_library,产品库资料,product_parameter_table,产品参数表,"[""MPP电缆保护管""]",电缆保护管,"[""技术标""]","[""专项投标文件/7.技术服务，包括培训、安装指导等/7.3.备品备件""]",taichang_habitual_addition,coverage_unconfirmed,internal,企业内部资料,review_only,仅限人工复核,needs_customer_confirmation,需要客户确认,泰昌产品参数表历史候选第310页,泰昌技术补充文件,泰昌技术补充文件,产品参数表,来源于泰昌技术补充文件，历史位置为“专项投标文件/7.技术服务，包括培训、安装指导等/7.3.备品备件”。当前仅用于泰昌资料人工复核，未获准进入正式标书。,"[""泰昌"", ""产品参数表"", ""历史标书候选"", ""技术标"", ""MPP电缆保护管""]",suppressed_document_page_caption,,,True,False,False,blocked,尚未通过P0-06人工批准,0.85,assets/template_words/技术补充文件.docx,（二）专项投标文件/7.技术服务，包括培训、安装指导等/7.3.备品备件,076c091a5249bcfc42a0a60a9828dd2aee1af66ffbb6b05b16bca9c372eb9e9d,
technical-fact-0021,technical,fact_candidate,310,new,未发现重复，仍需审核,河北泰昌电力器材科技有限公司,河北泰昌电力器材科技有限公司,mixed_historical_bid,product_library,产品库资料,product_parameter_table,产品参数表,"[""MPP电缆保护管""]",电缆保护管,"[""技术标""]","[""专项投标文件/7.技术服务，包括培训、安装指导等/7.3.备品备件""]",taichang_habitual_addition,coverage_unconfirmed,internal,企业内部资料,review_only,仅限人工复核,needs_customer_confirmation,需要客户确认,泰昌产品参数表历史候选第310页,泰昌技术补充文件,泰昌技术补充文件,产品参数表,来源于泰昌技术补充文件，历史位置为“专项投标文件/7.技术服务，包括培训、安装指导等/7.3.备品备件”。当前仅用于泰昌资料人工复核，未获准进入正式标书。,"[""泰昌"", ""产品参数表"", ""历史标书候选"", ""技术标"", ""MPP电缆保护管""]",suppressed_document_page_caption,,,True,False,False,blocked,尚未通过P0-06人工批准,0.85,assets/template_words/技术补充文件.docx,（二）专项投标文件/7.技术服务，包括培训、安装指导等/7.3.备品备件,45cf225a968fef7e66e84ffbd21a82e4588f71189b389fa18d09e5b9558d9b4c,
technical-fact-0022,technical,fact_candidate,310,new,未发现重复，仍需审核,河北泰昌电力器材科技有限公司,河北泰昌电力器材科技有限公司,mixed_historical_bid,product_library,产品库资料,product_parameter_table,产品参数表,"[""MPP电缆保护管""]",电缆保护管,"[""技术标""]","[""专项投标文件/7.技术服务，包括培训、安装指导等/7.3.备品备件""]",taichang_habitual_addition,coverage_unconfirmed,internal,企业内部资料,review_only,仅限人工复核,needs_customer_confirmation,需要客户确认,泰昌产品参数表历史候选第310页,泰昌技术补充文件,泰昌技术补充文件,产品参数表,来源于泰昌技术补充文件，历史位置为“专项投标文件/7.技术服务，包括培训、安装指导等/7.3.备品备件”。当前仅用于泰昌资料人工复核，未获准进入正式标书。,"[""泰昌"", ""产品参数表"", ""历史标书候选"", ""技术标"", ""MPP电缆保护管""]",suppressed_document_page_caption,,,True,False,False,blocked,尚未通过P0-06人工批准,0.85,assets/template_words/技术补充文件.docx,（二）专项投标文件/7.技术服务，包括培训、安装指导等/7.3.备品备件,ec346e1bfd79174fc4ba64b571cb476bd1c6840d27ca5b5d9b9a5667c7185b33,
technical-chapter-048,technical,chapter,310,new,未发现重复，仍需审核,河北泰昌电力器材科技有限公司,河北泰昌电力器材科技有限公司,mixed_historical_bid,reference_template_library,历史参考资料,historical_structure_reference,历史目录结构参考,[],泰昌企业资料,"[""技术标""]","[""专项投标文件/7.技术服务，包括培训、安装指导等/7.4.故障响应处理方案""]",taichang_habitual_addition,needs_review,internal,企业内部资料,review_only,仅限人工复核,not_asset_reference,非资产结构参考,泰昌技术标历史目录参考：专项投标文件/7.技术服务，包括培训、安装指导等/7.4.故障响应处理方案,泰昌技术补充文件,泰昌技术补充文件,历史目录结构参考,来源于泰昌技术补充文件，历史位置为“专项投标文件/7.技术服务，包括培训、安装指导等/7.4.故障响应处理方案”。当前仅用于泰昌资料人工复核，未获准进入正式标书。,"[""泰昌"", ""历史目录结构参考"", ""历史标书候选"", ""技术标""]",suppressed_document_page_caption,,,False,False,False,blocked,尚未通过P0-06人工批准,1.0,assets/template_words/技术补充文件.docx,（二）专项投标文件/7.技术服务，包括培训、安装指导等/7.4.故障响应处理方案,28abb6cef8d511fce732607d4f47bdd9e2302022b11eca61b6c3e855e061860d,
technical-chapter-049,technical,chapter,312,new,未发现重复，仍需审核,河北泰昌电力器材科技有限公司,河北泰昌电力器材科技有限公司,mixed_historical_bid,reference_template_library,历史参考资料,historical_structure_reference,历史目录结构参考,[],泰昌企业资料,"[""技术标""]","[""专项投标文件/8.售后服务保障及承诺""]",tender_mandated,needs_review,internal,企业内部资料,review_only,仅限人工复核,not_asset_reference,非资产结构参考,泰昌技术标历史目录参考：专项投标文件/8.售后服务保障及承诺,泰昌技术补充文件,泰昌技术补充文件,历史目录结构参考,来源于泰昌技术补充文件，历史位置为“专项投标文件/8.售后服务保障及承诺”。当前仅用于泰昌资料人工复核，未获准进入正式标书。,"[""泰昌"", ""历史目录结构参考"", ""历史标书候选"", ""技术标""]",suppressed_document_page_caption,,,False,False,False,blocked,尚未通过P0-06人工批准,1.0,assets/template_words/技术补充文件.docx,（二）专项投标文件/8.售后服务保障及承诺,3c10854259eb0f22d7dcfa5ace9729a73d164b0048faadd6ffa209cdfd29595d,
technical-chapter-050,technical,chapter,312,new,未发现重复，仍需审核,河北泰昌电力器材科技有限公司,河北泰昌电力器材科技有限公司,mixed_historical_bid,reference_template_library,历史参考资料,historical_structure_reference,历史目录结构参考,[],泰昌企业资料,"[""技术标""]","[""专项投标文件/8.售后服务保障及承诺/8.1.售后服务保障""]",tender_mandated,needs_review,internal,企业内部资料,review_only,仅限人工复核,not_asset_reference,非资产结构参考,泰昌技术标历史目录参考：专项投标文件/8.售后服务保障及承诺/8.1.售后服务保障,泰昌技术补充文件,泰昌技术补充文件,历史目录结构参考,来源于泰昌技术补充文件，历史位置为“专项投标文件/8.售后服务保障及承诺/8.1.售后服务保障”。当前仅用于泰昌资料人工复核，未获准进入正式标书。,"[""泰昌"", ""历史目录结构参考"", ""历史标书候选"", ""技术标""]",suppressed_document_page_caption,,,False,False,False,blocked,尚未通过P0-06人工批准,1.0,assets/template_words/技术补充文件.docx,（二）专项投标文件/8.售后服务保障及承诺/8.1.售后服务保障,7620f474c59d607b22387f567089eb9e7a2b8a5e3a55b4cc6ff917985029781e,
technical-media-0306,technical,media,314,duplicate_exact,精确重复，不新增,河北泰昌电力器材科技有限公司,河北泰昌电力器材科技有限公司,mixed_historical_bid,product_library,产品库资料,enterprise_evidence,企业证明材料,[],泰昌企业资料,"[""技术标""]","[""专项投标文件/8.售后服务保障及承诺/8.1.售后服务保障""]",tender_mandated,needs_review,internal,企业内部资料,review_only,仅限人工复核,rejected_duplicate,精确重复，不新增,泰昌企业证明材料历史候选第314页,泰昌技术补充文件,泰昌技术补充文件,企业证明材料,来源于泰昌技术补充文件，历史位置为“专项投标文件/8.售后服务保障及承诺/8.1.售后服务保障”。当前仅用于泰昌资料人工复核，未获准进入正式标书。,"[""泰昌"", ""企业证明材料"", ""历史标书候选"", ""技术标""]",suppressed_document_page_caption,,taichang-visual-review-817351f1a96e400c3455,False,False,False,blocked,尚未通过P0-06人工批准,0.45,assets/template_words/技术补充文件.docx,（二）专项投标文件/8.售后服务保障及承诺/8.1.售后服务保障,4c8dd0dc0bdac2ff1a4980e1eae6d53c5a1c5b65a2e79aa793d44c399d51cd47,4c8dd0dc0bdac2ff1a4980e1eae6d53c5a1c5b65a2e79aa793d44c399d51cd47
technical-chapter-051,technical,chapter,315,new,未发现重复，仍需审核,河北泰昌电力器材科技有限公司,河北泰昌电力器材科技有限公司,mixed_historical_bid,reference_template_library,历史参考资料,historical_structure_reference,历史目录结构参考,[],泰昌企业资料,"[""技术标""]","[""专项投标文件/8.售后服务保障及承诺/8.2.服务承诺""]",taichang_habitual_addition,needs_review,internal,企业内部资料,review_only,仅限人工复核,not_asset_reference,非资产结构参考,泰昌技术标历史目录参考：专项投标文件/8.售后服务保障及承诺/8.2.服务承诺,泰昌技术补充文件,泰昌技术补充文件,历史目录结构参考,来源于泰昌技术补充文件，历史位置为“专项投标文件/8.售后服务保障及承诺/8.2.服务承诺”。当前仅用于泰昌资料人工复核，未获准进入正式标书。,"[""泰昌"", ""历史目录结构参考"", ""历史标书候选"", ""技术标""]",suppressed_document_page_caption,,,False,False,False,blocked,尚未通过P0-06人工批准,1.0,assets/template_words/技术补充文件.docx,（二）专项投标文件/8.售后服务保障及承诺/8.2.服务承诺,5ad79be6839463d4148b9c606e5129e32028ebd68952019297120d4c2ecf99be,
technical-media-0307,technical,media,316,duplicate_exact,精确重复，不新增,河北泰昌电力器材科技有限公司,河北泰昌电力器材科技有限公司,mixed_historical_bid,product_library,产品库资料,enterprise_evidence,企业证明材料,[],泰昌企业资料,"[""技术标""]","[""专项投标文件/8.售后服务保障及承诺/8.2.服务承诺""]",taichang_habitual_addition,needs_review,internal,企业内部资料,review_only,仅限人工复核,rejected_duplicate,精确重复，不新增,泰昌企业证明材料历史候选第316页,泰昌技术补充文件,泰昌技术补充文件,企业证明材料,来源于泰昌技术补充文件，历史位置为“专项投标文件/8.售后服务保障及承诺/8.2.服务承诺”。当前仅用于泰昌资料人工复核，未获准进入正式标书。,"[""泰昌"", ""企业证明材料"", ""历史标书候选"", ""技术标""]",suppressed_document_page_caption,,taichang-visual-review-817351f1a96e400c3455,False,False,False,blocked,尚未通过P0-06人工批准,0.45,assets/template_words/技术补充文件.docx,（二）专项投标文件/8.售后服务保障及承诺/8.2.服务承诺,4c8dd0dc0bdac2ff1a4980e1eae6d53c5a1c5b65a2e79aa793d44c399d51cd47,4c8dd0dc0bdac2ff1a4980e1eae6d53c5a1c5b65a2e79aa793d44c399d51cd47
technical-chapter-052,technical,chapter,316,new,未发现重复，仍需审核,河北泰昌电力器材科技有限公司,河北泰昌电力器材科技有限公司,mixed_historical_bid,reference_template_library,历史参考资料,historical_structure_reference,历史目录结构参考,[],泰昌企业资料,"[""技术标""]","[""专项投标文件/9.质量保证措施方案""]",tender_mandated,needs_review,internal,企业内部资料,review_only,仅限人工复核,not_asset_reference,非资产结构参考,泰昌技术标历史目录参考：专项投标文件/9.质量保证措施方案,泰昌技术补充文件,泰昌技术补充文件,历史目录结构参考,来源于泰昌技术补充文件，历史位置为“专项投标文件/9.质量保证措施方案”。当前仅用于泰昌资料人工复核，未获准进入正式标书。,"[""泰昌"", ""历史目录结构参考"", ""历史标书候选"", ""技术标""]",suppressed_document_page_caption,,,False,False,False,blocked,尚未通过P0-06人工批准,1.0,assets/template_words/技术补充文件.docx,（二）专项投标文件/9.质量保证措施方案,96aef50f2e57fec4af07b5053e1c9d4e2c3d8de23fad22f82992bbd7c6dca7cb,
technical-media-0308,technical,media,317,duplicate_exact,精确重复，不新增,河北泰昌电力器材科技有限公司,河北泰昌电力器材科技有限公司,mixed_historical_bid,product_library,产品库资料,enterprise_evidence,企业证明材料,[],泰昌企业资料,"[""技术标""]","[""专项投标文件/9.质量保证措施方案""]",tender_mandated,needs_review,internal,企业内部资料,review_only,仅限人工复核,rejected_duplicate,精确重复，不新增,泰昌企业证明材料历史候选第317页,泰昌技术补充文件,泰昌技术补充文件,企业证明材料,来源于泰昌技术补充文件，历史位置为“专项投标文件/9.质量保证措施方案”。当前仅用于泰昌资料人工复核，未获准进入正式标书。,"[""泰昌"", ""企业证明材料"", ""历史标书候选"", ""技术标""]",suppressed_document_page_caption,,taichang-visual-review-817351f1a96e400c3455,False,False,False,blocked,尚未通过P0-06人工批准,0.45,assets/template_words/技术补充文件.docx,（二）专项投标文件/9.质量保证措施方案,4c8dd0dc0bdac2ff1a4980e1eae6d53c5a1c5b65a2e79aa793d44c399d51cd47,4c8dd0dc0bdac2ff1a4980e1eae6d53c5a1c5b65a2e79aa793d44c399d51cd47
technical-chapter-053,technical,chapter,317,new,未发现重复，仍需审核,河北泰昌电力器材科技有限公司,河北泰昌电力器材科技有限公司,mixed_historical_bid,reference_template_library,历史参考资料,historical_structure_reference,历史目录结构参考,[],泰昌企业资料,"[""技术标""]","[""专项投标文件/10.认证证书""]",tender_mandated,needs_review,internal,企业内部资料,review_only,仅限人工复核,not_asset_reference,非资产结构参考,泰昌技术标历史目录参考：专项投标文件/10.认证证书,泰昌技术补充文件,泰昌技术补充文件,历史目录结构参考,来源于泰昌技术补充文件，历史位置为“专项投标文件/10.认证证书”。当前仅用于泰昌资料人工复核，未获准进入正式标书。,"[""泰昌"", ""历史目录结构参考"", ""历史标书候选"", ""技术标""]",suppressed_document_page_caption,,,False,False,False,blocked,尚未通过P0-06人工批准,1.0,assets/template_words/技术补充文件.docx,（二）专项投标文件/10.认证证书,1e21b7542e4c4473ced974d1f5391167546689cba69f67be5582c1f62d6790fa,
technical-fact-0023,technical,fact_candidate,318,fact_conflict,事实冲突,河北泰昌电力器材科技有限公司,河北泰昌电力器材科技有限公司,mixed_historical_bid,reference_template_library,历史参考资料,project_context,历史项目上下文,[],泰昌企业资料,"[""技术标""]","[""专项投标文件/10.认证证书""]",tender_mandated,project_conflict_check_required,internal,企业内部资料,restricted,受限资料,rejected_conflict,事实冲突，禁止复用,泰昌历史项目上下文历史候选第318页,泰昌技术补充文件,泰昌技术补充文件,历史项目上下文,来源于泰昌技术补充文件，历史位置为“专项投标文件/10.认证证书”。当前仅用于泰昌资料人工复核，未获准进入正式标书。,"[""泰昌"", ""历史项目上下文"", ""历史标书候选"", ""技术标""]",suppressed_document_page_caption,,,False,False,False,blocked,尚未通过P0-06人工批准,1.0,assets/template_words/技术补充文件.docx,（二）专项投标文件/10.认证证书,738feab51fe7e166450efd6b11cc5871ec72e2ba8f1234721608c3582c2b4a70,
technical-fact-0024,technical,fact_candidate,318,fact_conflict,事实冲突,河北泰昌电力器材科技有限公司,河北泰昌电力器材科技有限公司,mixed_historical_bid,reference_template_library,历史参考资料,project_context,历史项目上下文,[],泰昌企业资料,"[""技术标""]","[""专项投标文件/10.认证证书""]",tender_mandated,project_conflict_check_required,internal,企业内部资料,restricted,受限资料,rejected_conflict,事实冲突，禁止复用,泰昌历史项目上下文历史候选第318页,泰昌技术补充文件,泰昌技术补充文件,历史项目上下文,来源于泰昌技术补充文件，历史位置为“专项投标文件/10.认证证书”。当前仅用于泰昌资料人工复核，未获准进入正式标书。,"[""泰昌"", ""历史项目上下文"", ""历史标书候选"", ""技术标""]",suppressed_document_page_caption,,,False,False,False,blocked,尚未通过P0-06人工批准,1.0,assets/template_words/技术补充文件.docx,（二）专项投标文件/10.认证证书,1da507cb8ca761d8e60d300c90d82705f6b7d5fdcecbced2456de38fa79e2b3c,
technical-fact-0025,technical,fact_candidate,318,duplicate_exact,精确重复，不新增,河北泰昌电力器材科技有限公司,河北泰昌电力器材科技有限公司,mixed_historical_bid,product_library,产品库资料,product_parameter_table,产品参数表,"[""电缆保护管通用""]",电缆保护管,"[""技术标""]","[""专项投标文件/10.认证证书""]",tender_mandated,coverage_unconfirmed,internal,企业内部资料,review_only,仅限人工复核,rejected_duplicate,精确重复，不新增,泰昌产品参数表历史候选第318页,泰昌技术补充文件,泰昌技术补充文件,产品参数表,来源于泰昌技术补充文件，历史位置为“专项投标文件/10.认证证书”。当前仅用于泰昌资料人工复核，未获准进入正式标书。,"[""泰昌"", ""产品参数表"", ""历史标书候选"", ""技术标"", ""电缆保护管通用""]",suppressed_document_page_caption,,taichang-exact-a52d25d31e556a2ae3c4,False,False,False,blocked,尚未通过P0-06人工批准,0.85,assets/template_words/技术补充文件.docx,（二）专项投标文件/10.认证证书,1e0dbd60795ef883369a0e31cb3f16ad10beca7cfe04248e2b9c2bacdff0ddef,
technical-table-007,technical,table,318,new,未发现重复，仍需审核,河北泰昌电力器材科技有限公司,河北泰昌电力器材科技有限公司,mixed_historical_bid,reference_template_library,历史参考资料,historical_form_reference,历史表单结构参考,[],泰昌企业资料,"[""技术标""]","[""专项投标文件/10.认证证书""]",tender_mandated,needs_review,internal,企业内部资料,review_only,仅限人工复核,not_asset_reference,非资产结构参考,泰昌技术标历史表单参考：专项投标文件/10.认证证书,泰昌技术补充文件,泰昌技术补充文件,历史表单结构参考,来源于泰昌技术补充文件，历史位置为“专项投标文件/10.认证证书”。当前仅用于泰昌资料人工复核，未获准进入正式标书。,"[""泰昌"", ""历史表单结构参考"", ""历史标书候选"", ""技术标""]",suppressed_document_page_caption,,,False,False,False,blocked,尚未通过P0-06人工批准,0.85,assets/template_words/技术补充文件.docx,（二）专项投标文件/10.认证证书,82237f8a5322b6c41db59c05feb74aaeeac2ac712ebc1a26c31da684eb065d5f,
technical-chapter-054,technical,chapter,318,new,未发现重复，仍需审核,河北泰昌电力器材科技有限公司,河北泰昌电力器材科技有限公司,mixed_historical_bid,reference_template_library,历史参考资料,historical_structure_reference,历史目录结构参考,[],泰昌企业资料,"[""技术标""]","[""专项投标文件/10.认证证书/10.1.质量管理体系认证证书""]",reference_layout_only,needs_review,internal,企业内部资料,review_only,仅限人工复核,not_asset_reference,非资产结构参考,泰昌技术标历史目录参考：专项投标文件/10.认证证书/10.1.质量管理体系认证证书,泰昌技术补充文件,泰昌技术补充文件,历史目录结构参考,来源于泰昌技术补充文件，历史位置为“专项投标文件/10.认证证书/10.1.质量管理体系认证证书”。当前仅用于泰昌资料人工复核，未获准进入正式标书。,"[""泰昌"", ""历史目录结构参考"", ""历史标书候选"", ""技术标""]",suppressed_document_page_caption,,,False,False,False,blocked,尚未通过P0-06人工批准,1.0,assets/template_words/技术补充文件.docx,（二）专项投标文件/10.认证证书/10.1.质量管理体系认证证书,803b6d04b1e8833d13cc33ccac31557abbaf659d5eb3ef4ddbe6a186f4f03456,
technical-media-0309,technical,media,319,possible_visual_duplicate,视觉疑似重复,河北泰昌电力器材科技有限公司,河北泰昌电力器材科技有限公司,mixed_historical_bid,qualification_library,资信库资料,certification,资质证书,[],泰昌企业资料,"[""技术标""]","[""专项投标文件/10.认证证书/10.1.质量管理体系认证证书""]",reference_layout_only,needs_review,internal,企业内部资料,review_only,仅限人工复核,needs_manual_review,需要人工复核,泰昌资质证书历史候选第319页,泰昌技术补充文件,泰昌技术补充文件,资质证书,来源于泰昌技术补充文件，历史位置为“专项投标文件/10.认证证书/10.1.质量管理体系认证证书”。当前仅用于泰昌资料人工复核，未获准进入正式标书。,"[""泰昌"", ""资质证书"", ""历史标书候选"", ""技术标""]",suppressed_document_page_caption,,taichang-visual-review-f4d951673c80e327d4c3,True,False,False,blocked,尚未通过P0-06人工批准,0.9,assets/template_words/技术补充文件.docx,（二）专项投标文件/10.认证证书/10.1.质量管理体系认证证书,ff35c4b67fb13525dc75cc6451c186d2e736a61a427998e6c6c7b94480f89c7e,ff35c4b67fb13525dc75cc6451c186d2e736a61a427998e6c6c7b94480f89c7e
technical-media-0310,technical,media,319,possible_visual_duplicate,视觉疑似重复,河北泰昌电力器材科技有限公司,河北泰昌电力器材科技有限公司,mixed_historical_bid,qualification_library,资信库资料,certification,资质证书,[],泰昌企业资料,"[""技术标""]","[""专项投标文件/10.认证证书/10.1.质量管理体系认证证书""]",reference_layout_only,needs_review,internal,企业内部资料,review_only,仅限人工复核,needs_manual_review,需要人工复核,泰昌资质证书历史候选第319页,泰昌技术补充文件,泰昌技术补充文件,资质证书,来源于泰昌技术补充文件，历史位置为“专项投标文件/10.认证证书/10.1.质量管理体系认证证书”。当前仅用于泰昌资料人工复核，未获准进入正式标书。,"[""泰昌"", ""资质证书"", ""历史标书候选"", ""技术标""]",suppressed_document_page_caption,,taichang-visual-review-4f1753a38b471c59b917,True,False,False,blocked,尚未通过P0-06人工批准,0.9,assets/template_words/技术补充文件.docx,（二）专项投标文件/10.认证证书/10.1.质量管理体系认证证书,9e593fb7c374d2b4227cb92d4699c3f2cec5499d7390a456a55ece0fc1e95e6f,9e593fb7c374d2b4227cb92d4699c3f2cec5499d7390a456a55ece0fc1e95e6f
technical-chapter-055,technical,chapter,321,new,未发现重复，仍需审核,河北泰昌电力器材科技有限公司,河北泰昌电力器材科技有限公司,mixed_historical_bid,reference_template_library,历史参考资料,historical_structure_reference,历史目录结构参考,[],泰昌企业资料,"[""技术标""]","[""专项投标文件/10.认证证书/10.2.职业健康安全管理体系认证证书""]",reference_layout_only,needs_review,internal,企业内部资料,review_only,仅限人工复核,not_asset_reference,非资产结构参考,泰昌技术标历史目录参考：专项投标文件/10.认证证书/10.2.职业健康安全管理体系认证证书,泰昌技术补充文件,泰昌技术补充文件,历史目录结构参考,来源于泰昌技术补充文件，历史位置为“专项投标文件/10.认证证书/10.2.职业健康安全管理体系认证证书”。当前仅用于泰昌资料人工复核，未获准进入正式标书。,"[""泰昌"", ""历史目录结构参考"", ""历史标书候选"", ""技术标""]",suppressed_document_page_caption,,,False,False,False,blocked,尚未通过P0-06人工批准,1.0,assets/template_words/技术补充文件.docx,（二）专项投标文件/10.认证证书/10.2.职业健康安全管理体系认证证书,1ff094236eeace1f59ca6dcd177bef30a725d423685831b7bb73a88b38f23e4d,
technical-media-0311,technical,media,322,possible_visual_duplicate,视觉疑似重复,河北泰昌电力器材科技有限公司,河北泰昌电力器材科技有限公司,mixed_historical_bid,qualification_library,资信库资料,certification,资质证书,[],泰昌企业资料,"[""技术标""]","[""专项投标文件/10.认证证书/10.2.职业健康安全管理体系认证证书""]",reference_layout_only,needs_review,internal,企业内部资料,review_only,仅限人工复核,needs_manual_review,需要人工复核,泰昌资质证书历史候选第322页,泰昌技术补充文件,泰昌技术补充文件,资质证书,来源于泰昌技术补充文件，历史位置为“专项投标文件/10.认证证书/10.2.职业健康安全管理体系认证证书”。当前仅用于泰昌资料人工复核，未获准进入正式标书。,"[""泰昌"", ""资质证书"", ""历史标书候选"", ""技术标""]",suppressed_document_page_caption,,taichang-visual-review-efec7235d7b75605f509,True,False,False,blocked,尚未通过P0-06人工批准,0.9,assets/template_words/技术补充文件.docx,（二）专项投标文件/10.认证证书/10.2.职业健康安全管理体系认证证书,4311398d8c536b134ab23db094162e10bba50bb5306c3ad85fdd217403ff7bcc,4311398d8c536b134ab23db094162e10bba50bb5306c3ad85fdd217403ff7bcc
technical-media-0312,technical,media,322,possible_visual_duplicate,视觉疑似重复,河北泰昌电力器材科技有限公司,河北泰昌电力器材科技有限公司,mixed_historical_bid,qualification_library,资信库资料,certification,资质证书,[],泰昌企业资料,"[""技术标""]","[""专项投标文件/10.认证证书/10.2.职业健康安全管理体系认证证书""]",reference_layout_only,needs_review,internal,企业内部资料,review_only,仅限人工复核,needs_manual_review,需要人工复核,泰昌资质证书历史候选第322页,泰昌技术补充文件,泰昌技术补充文件,资质证书,来源于泰昌技术补充文件，历史位置为“专项投标文件/10.认证证书/10.2.职业健康安全管理体系认证证书”。当前仅用于泰昌资料人工复核，未获准进入正式标书。,"[""泰昌"", ""资质证书"", ""历史标书候选"", ""技术标""]",suppressed_document_page_caption,,taichang-visual-review-f300f52daabe19c71d09,True,False,False,blocked,尚未通过P0-06人工批准,0.9,assets/template_words/技术补充文件.docx,（二）专项投标文件/10.认证证书/10.2.职业健康安全管理体系认证证书,d6fbcdeedc1a3ca0715d4705a1155d52f09f40a52bebbbc2fd5997b627d3ef57,d6fbcdeedc1a3ca0715d4705a1155d52f09f40a52bebbbc2fd5997b627d3ef57
technical-media-0313,technical,media,322,possible_visual_duplicate,视觉疑似重复,河北泰昌电力器材科技有限公司,河北泰昌电力器材科技有限公司,mixed_historical_bid,qualification_library,资信库资料,certification,资质证书,[],泰昌企业资料,"[""技术标""]","[""专项投标文件/10.认证证书/10.2.职业健康安全管理体系认证证书""]",reference_layout_only,needs_review,internal,企业内部资料,review_only,仅限人工复核,needs_manual_review,需要人工复核,泰昌资质证书历史候选第322页,泰昌技术补充文件,泰昌技术补充文件,资质证书,来源于泰昌技术补充文件，历史位置为“专项投标文件/10.认证证书/10.2.职业健康安全管理体系认证证书”。当前仅用于泰昌资料人工复核，未获准进入正式标书。,"[""泰昌"", ""资质证书"", ""历史标书候选"", ""技术标""]",suppressed_document_page_caption,,taichang-visual-review-4e00ae3bcd9b1e34c43d,True,False,False,blocked,尚未通过P0-06人工批准,0.9,assets/template_words/技术补充文件.docx,（二）专项投标文件/10.认证证书/10.2.职业健康安全管理体系认证证书,97475001330d47adf6eca8c6b5c0e9ad6926c8fae3dcb92253c7890b6f178f8c,97475001330d47adf6eca8c6b5c0e9ad6926c8fae3dcb92253c7890b6f178f8c
technical-chapter-056,technical,chapter,324,new,未发现重复，仍需审核,河北泰昌电力器材科技有限公司,河北泰昌电力器材科技有限公司,mixed_historical_bid,reference_template_library,历史参考资料,historical_structure_reference,历史目录结构参考,[],泰昌企业资料,"[""技术标""]","[""专项投标文件/10.认证证书/10.3.环境管理体系认证证书""]",reference_layout_only,needs_review,internal,企业内部资料,review_only,仅限人工复核,not_asset_reference,非资产结构参考,泰昌技术标历史目录参考：专项投标文件/10.认证证书/10.3.环境管理体系认证证书,泰昌技术补充文件,泰昌技术补充文件,历史目录结构参考,来源于泰昌技术补充文件，历史位置为“专项投标文件/10.认证证书/10.3.环境管理体系认证证书”。当前仅用于泰昌资料人工复核，未获准进入正式标书。,"[""泰昌"", ""历史目录结构参考"", ""历史标书候选"", ""技术标""]",suppressed_document_page_caption,,,False,False,False,blocked,尚未通过P0-06人工批准,1.0,assets/template_words/技术补充文件.docx,（二）专项投标文件/10.认证证书/10.3.环境管理体系认证证书,51dd2f8e948f2fd01fed4dc0b260d8ae3f92cfe86077bc1155a7ed8afc68559c,
technical-media-0314,technical,media,325,possible_visual_duplicate,视觉疑似重复,河北泰昌电力器材科技有限公司,河北泰昌电力器材科技有限公司,mixed_historical_bid,qualification_library,资信库资料,certification,资质证书,[],泰昌企业资料,"[""技术标""]","[""专项投标文件/10.认证证书/10.3.环境管理体系认证证书""]",reference_layout_only,needs_review,internal,企业内部资料,review_only,仅限人工复核,needs_manual_review,需要人工复核,泰昌资质证书历史候选第325页,泰昌技术补充文件,泰昌技术补充文件,资质证书,来源于泰昌技术补充文件，历史位置为“专项投标文件/10.认证证书/10.3.环境管理体系认证证书”。当前仅用于泰昌资料人工复核，未获准进入正式标书。,"[""泰昌"", ""资质证书"", ""历史标书候选"", ""技术标""]",suppressed_document_page_caption,,taichang-visual-review-460d43617f1824017111,True,False,False,blocked,尚未通过P0-06人工批准,0.9,assets/template_words/技术补充文件.docx,（二）专项投标文件/10.认证证书/10.3.环境管理体系认证证书,5471bfe25f8e5352f8c78312cf1400e03b17c6e21e5646a2c8f6510b8fa96c52,5471bfe25f8e5352f8c78312cf1400e03b17c6e21e5646a2c8f6510b8fa96c52
technical-media-0315,technical,media,325,possible_visual_duplicate,视觉疑似重复,河北泰昌电力器材科技有限公司,河北泰昌电力器材科技有限公司,mixed_historical_bid,qualification_library,资信库资料,certification,资质证书,[],泰昌企业资料,"[""技术标""]","[""专项投标文件/10.认证证书/10.3.环境管理体系认证证书""]",reference_layout_only,needs_review,internal,企业内部资料,review_only,仅限人工复核,needs_manual_review,需要人工复核,泰昌资质证书历史候选第325页,泰昌技术补充文件,泰昌技术补充文件,资质证书,来源于泰昌技术补充文件，历史位置为“专项投标文件/10.认证证书/10.3.环境管理体系认证证书”。当前仅用于泰昌资料人工复核，未获准进入正式标书。,"[""泰昌"", ""资质证书"", ""历史标书候选"", ""技术标""]",suppressed_document_page_caption,,taichang-visual-review-40e93957f9700800d597,True,False,False,blocked,尚未通过P0-06人工批准,0.9,assets/template_words/技术补充文件.docx,（二）专项投标文件/10.认证证书/10.3.环境管理体系认证证书,87e41dd5286cbcb1a583c6781fa7583e69c0707ac24e911ae549b37ea8a6f5f7,87e41dd5286cbcb1a583c6781fa7583e69c0707ac24e911ae549b37ea8a6f5f7
technical-chapter-057,technical,chapter,326,new,未发现重复，仍需审核,河北泰昌电力器材科技有限公司,河北泰昌电力器材科技有限公司,mixed_historical_bid,reference_template_library,历史参考资料,historical_structure_reference,历史目录结构参考,[],泰昌企业资料,"[""技术标""]","[""专项投标文件/11.主要技术人员、项目经理及其相关证书""]",tender_mandated,needs_review,internal,企业内部资料,review_only,仅限人工复核,not_asset_reference,非资产结构参考,泰昌技术标历史目录参考：专项投标文件/11.主要技术人员、项目经理及其相关证书,泰昌技术补充文件,泰昌技术补充文件,历史目录结构参考,来源于泰昌技术补充文件，历史位置为“专项投标文件/11.主要技术人员、项目经理及其相关证书”。当前仅用于泰昌资料人工复核，未获准进入正式标书。,"[""泰昌"", ""历史目录结构参考"", ""历史标书候选"", ""技术标""]",suppressed_document_page_caption,,,False,False,False,blocked,尚未通过P0-06人工批准,1.0,assets/template_words/技术补充文件.docx,（二）专项投标文件/11.主要技术人员、项目经理及其相关证书,ba77d0bbf29af2cc1ce8450d477b78f2bd939dab7afd9675c9a9c173a505f425,
technical-fact-0026,technical,fact_candidate,327,fact_conflict,事实冲突,河北泰昌电力器材科技有限公司,河北泰昌电力器材科技有限公司,mixed_historical_bid,reference_template_library,历史参考资料,project_context,历史项目上下文,[],泰昌企业资料,"[""技术标""]","[""专项投标文件/11.主要技术人员、项目经理及其相关证书""]",tender_mandated,project_conflict_check_required,internal,企业内部资料,restricted,受限资料,rejected_conflict,事实冲突，禁止复用,泰昌历史项目上下文历史候选第327页,泰昌技术补充文件,泰昌技术补充文件,历史项目上下文,来源于泰昌技术补充文件，历史位置为“专项投标文件/11.主要技术人员、项目经理及其相关证书”。当前仅用于泰昌资料人工复核，未获准进入正式标书。,"[""泰昌"", ""历史项目上下文"", ""历史标书候选"", ""技术标""]",suppressed_document_page_caption,,,False,False,False,blocked,尚未通过P0-06人工批准,1.0,assets/template_words/技术补充文件.docx,（二）专项投标文件/11.主要技术人员、项目经理及其相关证书,738feab51fe7e166450efd6b11cc5871ec72e2ba8f1234721608c3582c2b4a70,
technical-fact-0027,technical,fact_candidate,327,fact_conflict,事实冲突,河北泰昌电力器材科技有限公司,河北泰昌电力器材科技有限公司,mixed_historical_bid,reference_template_library,历史参考资料,project_context,历史项目上下文,[],泰昌企业资料,"[""技术标""]","[""专项投标文件/11.主要技术人员、项目经理及其相关证书""]",tender_mandated,project_conflict_check_required,internal,企业内部资料,restricted,受限资料,rejected_conflict,事实冲突，禁止复用,泰昌历史项目上下文历史候选第327页,泰昌技术补充文件,泰昌技术补充文件,历史项目上下文,来源于泰昌技术补充文件，历史位置为“专项投标文件/11.主要技术人员、项目经理及其相关证书”。当前仅用于泰昌资料人工复核，未获准进入正式标书。,"[""泰昌"", ""历史项目上下文"", ""历史标书候选"", ""技术标""]",suppressed_document_page_caption,,,False,False,False,blocked,尚未通过P0-06人工批准,1.0,assets/template_words/技术补充文件.docx,（二）专项投标文件/11.主要技术人员、项目经理及其相关证书,1da507cb8ca761d8e60d300c90d82705f6b7d5fdcecbced2456de38fa79e2b3c,
technical-fact-0028,technical,fact_candidate,327,duplicate_exact,精确重复，不新增,河北泰昌电力器材科技有限公司,河北泰昌电力器材科技有限公司,mixed_historical_bid,product_library,产品库资料,product_parameter_table,产品参数表,"[""电缆保护管通用""]",电缆保护管,"[""技术标""]","[""专项投标文件/11.主要技术人员、项目经理及其相关证书""]",tender_mandated,coverage_unconfirmed,internal,企业内部资料,review_only,仅限人工复核,rejected_duplicate,精确重复，不新增,泰昌产品参数表历史候选第327页,泰昌技术补充文件,泰昌技术补充文件,产品参数表,来源于泰昌技术补充文件，历史位置为“专项投标文件/11.主要技术人员、项目经理及其相关证书”。当前仅用于泰昌资料人工复核，未获准进入正式标书。,"[""泰昌"", ""产品参数表"", ""历史标书候选"", ""技术标"", ""电缆保护管通用""]",suppressed_document_page_caption,,taichang-exact-a52d25d31e556a2ae3c4,False,False,False,blocked,尚未通过P0-06人工批准,0.85,assets/template_words/技术补充文件.docx,（二）专项投标文件/11.主要技术人员、项目经理及其相关证书,1e0dbd60795ef883369a0e31cb3f16ad10beca7cfe04248e2b9c2bacdff0ddef,
technical-table-008,technical,table,327,new,未发现重复，仍需审核,河北泰昌电力器材科技有限公司,河北泰昌电力器材科技有限公司,mixed_historical_bid,reference_template_library,历史参考资料,historical_form_reference,历史表单结构参考,[],泰昌企业资料,"[""技术标""]","[""专项投标文件/11.主要技术人员、项目经理及其相关证书""]",tender_mandated,needs_review,internal,企业内部资料,review_only,仅限人工复核,not_asset_reference,非资产结构参考,泰昌技术标历史表单参考：专项投标文件/11.主要技术人员、项目经理及其相关证书,泰昌技术补充文件,泰昌技术补充文件,历史表单结构参考,来源于泰昌技术补充文件，历史位置为“专项投标文件/11.主要技术人员、项目经理及其相关证书”。当前仅用于泰昌资料人工复核，未获准进入正式标书。,"[""泰昌"", ""历史表单结构参考"", ""历史标书候选"", ""技术标""]",suppressed_document_page_caption,,,False,False,False,blocked,尚未通过P0-06人工批准,0.85,assets/template_words/技术补充文件.docx,（二）专项投标文件/11.主要技术人员、项目经理及其相关证书,85af2226724097a970a75fb49b2afc359e53899897ccc4ad1dc2e5f6e465da52,
technical-chapter-058,technical,chapter,327,new,未发现重复，仍需审核,河北泰昌电力器材科技有限公司,河北泰昌电力器材科技有限公司,mixed_historical_bid,reference_template_library,历史参考资料,historical_structure_reference,历史目录结构参考,[],泰昌企业资料,"[""技术标""]","[""专项投标文件/11.主要技术人员、项目经理及其相关证书/附：试验人员证书""]",reference_layout_only,needs_review,internal,企业内部资料,review_only,仅限人工复核,not_asset_reference,非资产结构参考,泰昌技术标历史目录参考：专项投标文件/11.主要技术人员、项目经理及其相关证书/附：试验人员证书,泰昌技术补充文件,泰昌技术补充文件,历史目录结构参考,来源于泰昌技术补充文件，历史位置为“专项投标文件/11.主要技术人员、项目经理及其相关证书/附：试验人员证书”。当前仅用于泰昌资料人工复核，未获准进入正式标书。,"[""泰昌"", ""历史目录结构参考"", ""历史标书候选"", ""技术标""]",suppressed_document_page_caption,,,False,False,False,blocked,尚未通过P0-06人工批准,1.0,assets/template_words/技术补充文件.docx,（二）专项投标文件/11.主要技术人员、项目经理及其相关证书/附：试验人员证书,036217460ca550a9f09dba6273390a1ff124df34d25bf1a068c6a17a0f5bd212,
technical-media-0316,technical,media,328,possible_visual_duplicate,视觉疑似重复,河北泰昌电力器材科技有限公司,河北泰昌电力器材科技有限公司,mixed_historical_bid,qualification_library,资信库资料,personnel_certificate,人员证书,[],泰昌企业资料,"[""技术标""]","[""专项投标文件/11.主要技术人员、项目经理及其相关证书/附：试验人员证书""]",reference_layout_only,needs_review,internal,企业内部资料,review_only,仅限人工复核,needs_manual_review,需要人工复核,泰昌人员证书历史候选第328页,泰昌技术补充文件,泰昌技术补充文件,人员证书,来源于泰昌技术补充文件，历史位置为“专项投标文件/11.主要技术人员、项目经理及其相关证书/附：试验人员证书”。当前仅用于泰昌资料人工复核，未获准进入正式标书。,"[""泰昌"", ""人员证书"", ""历史标书候选"", ""技术标""]",suppressed_document_page_caption,,taichang-visual-review-6e29cef6c66c2481fa8a,True,False,False,blocked,尚未通过P0-06人工批准,0.9,assets/template_words/技术补充文件.docx,（二）专项投标文件/11.主要技术人员、项目经理及其相关证书/附：试验人员证书,199309ab491a97f8b34ce26719c73307450eba62433dda934ab5815bb65547e2,199309ab491a97f8b34ce26719c73307450eba62433dda934ab5815bb65547e2
technical-media-0317,technical,media,328,possible_visual_duplicate,视觉疑似重复,河北泰昌电力器材科技有限公司,河北泰昌电力器材科技有限公司,mixed_historical_bid,qualification_library,资信库资料,personnel_certificate,人员证书,[],泰昌企业资料,"[""技术标""]","[""专项投标文件/11.主要技术人员、项目经理及其相关证书/附：试验人员证书""]",reference_layout_only,needs_review,internal,企业内部资料,review_only,仅限人工复核,needs_manual_review,需要人工复核,泰昌人员证书历史候选第328页,泰昌技术补充文件,泰昌技术补充文件,人员证书,来源于泰昌技术补充文件，历史位置为“专项投标文件/11.主要技术人员、项目经理及其相关证书/附：试验人员证书”。当前仅用于泰昌资料人工复核，未获准进入正式标书。,"[""泰昌"", ""人员证书"", ""历史标书候选"", ""技术标""]",suppressed_document_page_caption,,taichang-visual-review-c66616c793b9ad256264,True,False,False,blocked,尚未通过P0-06人工批准,0.9,assets/template_words/技术补充文件.docx,（二）专项投标文件/11.主要技术人员、项目经理及其相关证书/附：试验人员证书,220b9cfe319de7714a9cdfcf548561609f8f169ea3d003c7deeabef83dde32bb,220b9cfe319de7714a9cdfcf548561609f8f169ea3d003c7deeabef83dde32bb
technical-media-0318,technical,media,328,new,未发现重复，仍需审核,河北泰昌电力器材科技有限公司,河北泰昌电力器材科技有限公司,mixed_historical_bid,qualification_library,资信库资料,personnel_certificate,人员证书,[],泰昌企业资料,"[""技术标""]","[""专项投标文件/11.主要技术人员、项目经理及其相关证书/附：试验人员证书""]",reference_layout_only,needs_review,internal,企业内部资料,review_only,仅限人工复核,needs_customer_confirmation,需要客户确认,泰昌人员证书历史候选第328页,泰昌技术补充文件,泰昌技术补充文件,人员证书,来源于泰昌技术补充文件，历史位置为“专项投标文件/11.主要技术人员、项目经理及其相关证书/附：试验人员证书”。当前仅用于泰昌资料人工复核，未获准进入正式标书。,"[""泰昌"", ""人员证书"", ""历史标书候选"", ""技术标""]",suppressed_document_page_caption,,,True,False,False,blocked,尚未通过P0-06人工批准,0.9,assets/template_words/技术补充文件.docx,（二）专项投标文件/11.主要技术人员、项目经理及其相关证书/附：试验人员证书,3d5710d8f04aa365ece97daa69a71d31323f619feed8d235fc590afdd393391a,3d5710d8f04aa365ece97daa69a71d31323f619feed8d235fc590afdd393391a
technical-media-0319,technical,media,328,new,未发现重复，仍需审核,河北泰昌电力器材科技有限公司,河北泰昌电力器材科技有限公司,mixed_historical_bid,qualification_library,资信库资料,personnel_certificate,人员证书,[],泰昌企业资料,"[""技术标""]","[""专项投标文件/11.主要技术人员、项目经理及其相关证书/附：试验人员证书""]",reference_layout_only,needs_review,internal,企业内部资料,review_only,仅限人工复核,needs_customer_confirmation,需要客户确认,泰昌人员证书历史候选第328页,泰昌技术补充文件,泰昌技术补充文件,人员证书,来源于泰昌技术补充文件，历史位置为“专项投标文件/11.主要技术人员、项目经理及其相关证书/附：试验人员证书”。当前仅用于泰昌资料人工复核，未获准进入正式标书。,"[""泰昌"", ""人员证书"", ""历史标书候选"", ""技术标""]",suppressed_document_page_caption,,,True,False,False,blocked,尚未通过P0-06人工批准,0.9,assets/template_words/技术补充文件.docx,（二）专项投标文件/11.主要技术人员、项目经理及其相关证书/附：试验人员证书,f0a68c9573e4626ca205b5e35f7be099baddd3edc3740fa30ffbd70909d40c1b,f0a68c9573e4626ca205b5e35f7be099baddd3edc3740fa30ffbd70909d40c1b
technical-media-0320,technical,media,329,new,未发现重复，仍需审核,河北泰昌电力器材科技有限公司,河北泰昌电力器材科技有限公司,mixed_historical_bid,qualification_library,资信库资料,personnel_certificate,人员证书,[],泰昌企业资料,"[""技术标""]","[""专项投标文件/11.主要技术人员、项目经理及其相关证书/附：试验人员证书""]",reference_layout_only,needs_review,internal,企业内部资料,review_only,仅限人工复核,needs_customer_confirmation,需要客户确认,泰昌人员证书历史候选第329页,泰昌技术补充文件,泰昌技术补充文件,人员证书,来源于泰昌技术补充文件，历史位置为“专项投标文件/11.主要技术人员、项目经理及其相关证书/附：试验人员证书”。当前仅用于泰昌资料人工复核，未获准进入正式标书。,"[""泰昌"", ""人员证书"", ""历史标书候选"", ""技术标""]",suppressed_document_page_caption,,,True,False,False,blocked,尚未通过P0-06人工批准,0.9,assets/template_words/技术补充文件.docx,（二）专项投标文件/11.主要技术人员、项目经理及其相关证书/附：试验人员证书,f04788bc0e00d22745bc14ef22726b749ab920b0db374103133adcbdab387b8a,f04788bc0e00d22745bc14ef22726b749ab920b0db374103133adcbdab387b8a
technical-chapter-059,technical,chapter,329,new,未发现重复，仍需审核,河北泰昌电力器材科技有限公司,河北泰昌电力器材科技有限公司,mixed_historical_bid,reference_template_library,历史参考资料,historical_structure_reference,历史目录结构参考,[],泰昌企业资料,"[""技术标""]","[""专项投标文件/12.检测检验报告（包括型式试验报告、检测报告、鉴定报告、检定报告、校准证书或报告、检测试验报告等相关报告）""]",tender_mandated,needs_review,internal,企业内部资料,review_only,仅限人工复核,not_asset_reference,非资产结构参考,泰昌技术标历史目录参考：专项投标文件/12.检测检验报告（包括型式试验报告、检测报告、鉴定报告、检定报告、校准证书或报告、检测试验报告等相关报告）,泰昌技术补充文件,泰昌技术补充文件,历史目录结构参考,来源于泰昌技术补充文件，历史位置为“专项投标文件/12.检测检验报告（包括型式试验报告、检测报告、鉴定报告、检定报告、校准证书或报告、检测试验报告等相关报告）”。当前仅用于泰昌资料人工复核，未获准进入正式标书。,"[""泰昌"", ""历史目录结构参考"", ""历史标书候选"", ""技术标""]",suppressed_document_page_caption,,,False,False,False,blocked,尚未通过P0-06人工批准,1.0,assets/template_words/技术补充文件.docx,（二）专项投标文件/12.检测检验报告（包括型式试验报告、检测报告、鉴定报告、检定报告、校准证书或报告、检测试验报告等相关报告）,9441a7e03331915dd9d73b42ece6721acc1cb1b5a47398bfd086c51b0453a107,
technical-chapter-060,technical,chapter,329,new,未发现重复，仍需审核,河北泰昌电力器材科技有限公司,河北泰昌电力器材科技有限公司,mixed_historical_bid,reference_template_library,历史参考资料,historical_structure_reference,历史目录结构参考,[],泰昌企业资料,"[""技术标""]","[""专项投标文件/12.检测检验报告（包括型式试验报告、检测报告、鉴定报告、检定报告、校准证书或报告、检测试验报告等相关报告）/12.1.检测报告""]",reference_layout_only,needs_review,internal,企业内部资料,review_only,仅限人工复核,not_asset_reference,非资产结构参考,泰昌技术标历史目录参考：专项投标文件/12.检测检验报告（包括型式试验报告、检测报告、鉴定报告、检定报告、校准证书或报告、检测试验报告等相关报告）/12.1.检测报告,泰昌技术补充文件,泰昌技术补充文件,历史目录结构参考,来源于泰昌技术补充文件，历史位置为“专项投标文件/12.检测检验报告（包括型式试验报告、检测报告、鉴定报告、检定报告、校准证书或报告、检测试验报告等相关报告）/12.1.检测报告”。当前仅用于泰昌资料人工复核，未获准进入正式标书。,"[""泰昌"", ""历史目录结构参考"", ""历史标书候选"", ""技术标""]",suppressed_document_page_caption,,,False,False,False,blocked,尚未通过P0-06人工批准,1.0,assets/template_words/技术补充文件.docx,（二）专项投标文件/12.检测检验报告（包括型式试验报告、检测报告、鉴定报告、检定报告、校准证书或报告、检测试验报告等相关报告）/12.1.检测报告,13ef3ee785fb4c2cf582beb5c05cc5cf59149ed3588e06fc0457132933ebe5d1,
technical-table-009,technical,table,329,new,未发现重复，仍需审核,河北泰昌电力器材科技有限公司,河北泰昌电力器材科技有限公司,mixed_historical_bid,reference_template_library,历史参考资料,historical_form_reference,历史表单结构参考,[],泰昌企业资料,"[""技术标""]","[""专项投标文件/12.检测检验报告（包括型式试验报告、检测报告、鉴定报告、检定报告、校准证书或报告、检测试验报告等相关报告）/12.1.检测报告""]",reference_layout_only,needs_review,internal,企业内部资料,review_only,仅限人工复核,not_asset_reference,非资产结构参考,泰昌技术标历史表单参考：专项投标文件/12.检测检验报告（包括型式试验报告、检测报告、鉴定报告、检定报告、校准证书或报告、检测试验报告等相关报告）/12.1.检测报告,泰昌技术补充文件,泰昌技术补充文件,历史表单结构参考,来源于泰昌技术补充文件，历史位置为“专项投标文件/12.检测检验报告（包括型式试验报告、检测报告、鉴定报告、检定报告、校准证书或报告、检测试验报告等相关报告）/12.1.检测报告”。当前仅用于泰昌资料人工复核，未获准进入正式标书。,"[""泰昌"", ""历史表单结构参考"", ""历史标书候选"", ""技术标""]",suppressed_document_page_caption,,,False,False,False,blocked,尚未通过P0-06人工批准,0.85,assets/template_words/技术补充文件.docx,（二）专项投标文件/12.检测检验报告（包括型式试验报告、检测报告、鉴定报告、检定报告、校准证书或报告、检测试验报告等相关报告）/12.1.检测报告,113d11429dc914b89c7fd2b8d590c61d9bf898516bba80beeb09e44e67954e95,
technical-fact-0029,technical,fact_candidate,329,same_evidence_new_rendition,同一证据的不同载体,河北泰昌电力器材科技有限公司,河北泰昌电力器材科技有限公司,mixed_historical_bid,product_library,产品库资料,inspection_report,检验报告,[],泰昌企业资料,"[""技术标""]","[""专项投标文件/12.检测检验报告（包括型式试验报告、检测报告、鉴定报告、检定报告、校准证书或报告、检测试验报告等相关报告）/12.1.检测报告""]",reference_layout_only,existing_evidence_matched,internal,企业内部资料,review_only,仅限人工复核,needs_manual_review,需要人工复核,泰昌检验报告历史候选第329页,泰昌技术补充文件,泰昌技术补充文件,检验报告,来源于泰昌技术补充文件，历史位置为“专项投标文件/12.检测检验报告（包括型式试验报告、检测报告、鉴定报告、检定报告、校准证书或报告、检测试验报告等相关报告）/12.1.检测报告”。当前仅用于泰昌资料人工复核，未获准进入正式标书。,"[""泰昌"", ""检验报告"", ""历史标书候选"", ""技术标""]",suppressed_document_page_caption,,taichang-inspection_report-2b730211b3f2852de62d,True,False,False,blocked,尚未通过P0-06人工批准,0.95,assets/template_words/技术补充文件.docx,（二）专项投标文件/12.检测检验报告（包括型式试验报告、检测报告、鉴定报告、检定报告、校准证书或报告、检测试验报告等相关报告）/12.1.检测报告,25b231617c916ce208800a2b58f9488e4d110aec68d94ff7e639fac58a4aa3de,
technical-fact-0030,technical,fact_candidate,329,new,未发现重复，仍需审核,河北泰昌电力器材科技有限公司,河北泰昌电力器材科技有限公司,mixed_historical_bid,product_library,产品库资料,product_parameter_table,产品参数表,"[""CPVC电缆保护管""]",电缆保护管,"[""技术标""]","[""专项投标文件/12.检测检验报告（包括型式试验报告、检测报告、鉴定报告、检定报告、校准证书或报告、检测试验报告等相关报告）/12.1.检测报告""]",reference_layout_only,coverage_unconfirmed,internal,企业内部资料,review_only,仅限人工复核,needs_customer_confirmation,需要客户确认,泰昌产品参数表历史候选第329页,泰昌技术补充文件,泰昌技术补充文件,产品参数表,来源于泰昌技术补充文件，历史位置为“专项投标文件/12.检测检验报告（包括型式试验报告、检测报告、鉴定报告、检定报告、校准证书或报告、检测试验报告等相关报告）/12.1.检测报告”。当前仅用于泰昌资料人工复核，未获准进入正式标书。,"[""泰昌"", ""产品参数表"", ""历史标书候选"", ""技术标"", ""CPVC电缆保护管""]",suppressed_document_page_caption,,,True,False,False,blocked,尚未通过P0-06人工批准,0.85,assets/template_words/技术补充文件.docx,（二）专项投标文件/12.检测检验报告（包括型式试验报告、检测报告、鉴定报告、检定报告、校准证书或报告、检测试验报告等相关报告）/12.1.检测报告,622e65b00757de8342e5dddbd9b7b5c39a9379f9eccb0c0d08732581733c087d,
technical-fact-0031,technical,fact_candidate,329,same_evidence_new_rendition,同一证据的不同载体,河北泰昌电力器材科技有限公司,河北泰昌电力器材科技有限公司,mixed_historical_bid,product_library,产品库资料,inspection_report,检验报告,[],泰昌企业资料,"[""技术标""]","[""专项投标文件/12.检测检验报告（包括型式试验报告、检测报告、鉴定报告、检定报告、校准证书或报告、检测试验报告等相关报告）/12.1.检测报告""]",reference_layout_only,existing_evidence_matched,internal,企业内部资料,review_only,仅限人工复核,needs_manual_review,需要人工复核,泰昌检验报告历史候选第329页,泰昌技术补充文件,泰昌技术补充文件,检验报告,来源于泰昌技术补充文件，历史位置为“专项投标文件/12.检测检验报告（包括型式试验报告、检测报告、鉴定报告、检定报告、校准证书或报告、检测试验报告等相关报告）/12.1.检测报告”。当前仅用于泰昌资料人工复核，未获准进入正式标书。,"[""泰昌"", ""检验报告"", ""历史标书候选"", ""技术标""]",suppressed_document_page_caption,,taichang-inspection_report-6e9d465c680e04c15423,True,False,False,blocked,尚未通过P0-06人工批准,0.95,assets/template_words/技术补充文件.docx,（二）专项投标文件/12.检测检验报告（包括型式试验报告、检测报告、鉴定报告、检定报告、校准证书或报告、检测试验报告等相关报告）/12.1.检测报告,c3b82d06a0011f74feb08f59318d803d31dfefc00bd58df875bbfac6d6634214,
technical-fact-0032,technical,fact_candidate,329,new,未发现重复，仍需审核,河北泰昌电力器材科技有限公司,河北泰昌电力器材科技有限公司,mixed_historical_bid,product_library,产品库资料,product_parameter_table,产品参数表,"[""MPP电缆保护管""]",电缆保护管,"[""技术标""]","[""专项投标文件/12.检测检验报告（包括型式试验报告、检测报告、鉴定报告、检定报告、校准证书或报告、检测试验报告等相关报告）/12.1.检测报告""]",reference_layout_only,coverage_unconfirmed,internal,企业内部资料,review_only,仅限人工复核,needs_customer_confirmation,需要客户确认,泰昌产品参数表历史候选第329页,泰昌技术补充文件,泰昌技术补充文件,产品参数表,来源于泰昌技术补充文件，历史位置为“专项投标文件/12.检测检验报告（包括型式试验报告、检测报告、鉴定报告、检定报告、校准证书或报告、检测试验报告等相关报告）/12.1.检测报告”。当前仅用于泰昌资料人工复核，未获准进入正式标书。,"[""泰昌"", ""产品参数表"", ""历史标书候选"", ""技术标"", ""MPP电缆保护管""]",suppressed_document_page_caption,,,True,False,False,blocked,尚未通过P0-06人工批准,0.85,assets/template_words/技术补充文件.docx,（二）专项投标文件/12.检测检验报告（包括型式试验报告、检测报告、鉴定报告、检定报告、校准证书或报告、检测试验报告等相关报告）/12.1.检测报告,a79339c5d50401c92eec6e388626510025eabd7677dcc4d0a997b12be2d56a2a,
technical-fact-0033,technical,fact_candidate,329,new,未发现重复，仍需审核,河北泰昌电力器材科技有限公司,河北泰昌电力器材科技有限公司,mixed_historical_bid,product_library,产品库资料,inspection_report,检验报告,[],泰昌企业资料,"[""技术标""]","[""专项投标文件/12.检测检验报告（包括型式试验报告、检测报告、鉴定报告、检定报告、校准证书或报告、检测试验报告等相关报告）/12.1.检测报告""]",reference_layout_only,needs_original_evidence,internal,企业内部资料,review_only,仅限人工复核,needs_customer_confirmation,需要客户确认,泰昌检验报告历史候选第329页,泰昌技术补充文件,泰昌技术补充文件,检验报告,来源于泰昌技术补充文件，历史位置为“专项投标文件/12.检测检验报告（包括型式试验报告、检测报告、鉴定报告、检定报告、校准证书或报告、检测试验报告等相关报告）/12.1.检测报告”。当前仅用于泰昌资料人工复核，未获准进入正式标书。,"[""泰昌"", ""检验报告"", ""历史标书候选"", ""技术标""]",suppressed_document_page_caption,,,True,False,False,blocked,尚未通过P0-06人工批准,0.95,assets/template_words/技术补充文件.docx,（二）专项投标文件/12.检测检验报告（包括型式试验报告、检测报告、鉴定报告、检定报告、校准证书或报告、检测试验报告等相关报告）/12.1.检测报告,8970fc98960e15dad22b79040c708f1f5a53cb7af2e6e96856548e10505124f6,
technical-fact-0034,technical,fact_candidate,329,new,未发现重复，仍需审核,河北泰昌电力器材科技有限公司,河北泰昌电力器材科技有限公司,mixed_historical_bid,product_library,产品库资料,inspection_report,检验报告,[],泰昌企业资料,"[""技术标""]","[""专项投标文件/12.检测检验报告（包括型式试验报告、检测报告、鉴定报告、检定报告、校准证书或报告、检测试验报告等相关报告）/12.1.检测报告""]",reference_layout_only,needs_original_evidence,internal,企业内部资料,review_only,仅限人工复核,needs_customer_confirmation,需要客户确认,泰昌检验报告历史候选第329页,泰昌技术补充文件,泰昌技术补充文件,检验报告,来源于泰昌技术补充文件，历史位置为“专项投标文件/12.检测检验报告（包括型式试验报告、检测报告、鉴定报告、检定报告、校准证书或报告、检测试验报告等相关报告）/12.1.检测报告”。当前仅用于泰昌资料人工复核，未获准进入正式标书。,"[""泰昌"", ""检验报告"", ""历史标书候选"", ""技术标""]",suppressed_document_page_caption,,,True,False,False,blocked,尚未通过P0-06人工批准,0.95,assets/template_words/技术补充文件.docx,（二）专项投标文件/12.检测检验报告（包括型式试验报告、检测报告、鉴定报告、检定报告、校准证书或报告、检测试验报告等相关报告）/12.1.检测报告,9c7dff05a2d932fdccc7ebe01041f58982462ae694a1501b7d3a61429dd6184c,
technical-fact-0035,technical,fact_candidate,329,new,未发现重复，仍需审核,河北泰昌电力器材科技有限公司,河北泰昌电力器材科技有限公司,mixed_historical_bid,product_library,产品库资料,product_parameter_table,产品参数表,"[""UPVC电缆保护管""]",电缆保护管,"[""技术标""]","[""专项投标文件/12.检测检验报告（包括型式试验报告、检测报告、鉴定报告、检定报告、校准证书或报告、检测试验报告等相关报告）/12.1.检测报告""]",reference_layout_only,coverage_unconfirmed,internal,企业内部资料,review_only,仅限人工复核,needs_customer_confirmation,需要客户确认,泰昌产品参数表历史候选第329页,泰昌技术补充文件,泰昌技术补充文件,产品参数表,来源于泰昌技术补充文件，历史位置为“专项投标文件/12.检测检验报告（包括型式试验报告、检测报告、鉴定报告、检定报告、校准证书或报告、检测试验报告等相关报告）/12.1.检测报告”。当前仅用于泰昌资料人工复核，未获准进入正式标书。,"[""泰昌"", ""产品参数表"", ""历史标书候选"", ""技术标"", ""UPVC电缆保护管""]",suppressed_document_page_caption,,,True,False,False,blocked,尚未通过P0-06人工批准,0.85,assets/template_words/技术补充文件.docx,（二）专项投标文件/12.检测检验报告（包括型式试验报告、检测报告、鉴定报告、检定报告、校准证书或报告、检测试验报告等相关报告）/12.1.检测报告,f68f4264375ecb0f6e7b0c035e975c3a214242a5a6c09cab2cbd5e91cb88cf9d,
technical-chapter-061,technical,chapter,330,new,未发现重复，仍需审核,河北泰昌电力器材科技有限公司,河北泰昌电力器材科技有限公司,mixed_historical_bid,reference_template_library,历史参考资料,historical_structure_reference,历史目录结构参考,"[""CPVC电缆保护管""]",电缆保护管,"[""技术标""]","[""专项投标文件/12.检测检验报告（包括型式试验报告、检测报告、鉴定报告、检定报告、校准证书或报告、检测试验报告等相关报告）/12.1.检测报告/12.1.1.CPVC电缆保护管检验报告""]",reference_layout_only,needs_review,internal,企业内部资料,review_only,仅限人工复核,not_asset_reference,非资产结构参考,泰昌技术标历史目录参考：专项投标文件/12.检测检验报告（包括型式试验报告、检测报告、鉴定报告、检定报告、校准证书或报告、检测试验报告等相关报告）/12.1.检测报告/12.1.1.CPVC电缆保护管检验报告,泰昌技术补充文件,泰昌技术补充文件,历史目录结构参考,来源于泰昌技术补充文件，历史位置为“专项投标文件/12.检测检验报告（包括型式试验报告、检测报告、鉴定报告、检定报告、校准证书或报告、检测试验报告等相关报告）/12.1.检测报告/12.1.1.CPVC电缆保护管检验报告”。当前仅用于泰昌资料人工复核，未获准进入正式标书。,"[""泰昌"", ""历史目录结构参考"", ""历史标书候选"", ""技术标"", ""CPVC电缆保护管""]",suppressed_document_page_caption,,,False,False,False,blocked,尚未通过P0-06人工批准,1.0,assets/template_words/技术补充文件.docx,（二）专项投标文件/12.检测检验报告（包括型式试验报告、检测报告、鉴定报告、检定报告、校准证书或报告、检测试验报告等相关报告）/12.1.检测报告/12.1.1.CPVC电缆保护管检验报告,b6567dfdf843fdbe441b0ed6be826cf286a0e1bd1a7ad96a53eb2196a3b4b95a,
technical-media-0321,technical,media,331,possible_visual_duplicate,视觉疑似重复,河北泰昌电力器材科技有限公司,河北泰昌电力器材科技有限公司,mixed_historical_bid,product_library,产品库资料,inspection_report,检验报告,"[""CPVC电缆保护管""]",电缆保护管,"[""技术标""]","[""专项投标文件/12.检测检验报告（包括型式试验报告、检测报告、鉴定报告、检定报告、校准证书或报告、检测试验报告等相关报告）/12.1.检测报告/12.1.1.CPVC电缆保护管检验报告""]",reference_layout_only,needs_review,internal,企业内部资料,review_only,仅限人工复核,needs_manual_review,需要人工复核,泰昌检验报告历史候选第331页,泰昌技术补充文件,泰昌技术补充文件,检验报告,来源于泰昌技术补充文件，历史位置为“专项投标文件/12.检测检验报告（包括型式试验报告、检测报告、鉴定报告、检定报告、校准证书或报告、检测试验报告等相关报告）/12.1.检测报告/12.1.1.CPVC电缆保护管检验报告”。当前仅用于泰昌资料人工复核，未获准进入正式标书。,"[""泰昌"", ""检验报告"", ""历史标书候选"", ""技术标"", ""CPVC电缆保护管""]",suppressed_document_page_caption,,taichang-visual-review-a2531afe697c0ccc158a,True,False,False,blocked,尚未通过P0-06人工批准,0.95,assets/template_words/技术补充文件.docx,（二）专项投标文件/12.检测检验报告（包括型式试验报告、检测报告、鉴定报告、检定报告、校准证书或报告、检测试验报告等相关报告）/12.1.检测报告/12.1.1.CPVC电缆保护管检验报告,142b224b9de58e24ac7bedb6fa9462fce886db19200930d83b9003bbdab1848d,142b224b9de58e24ac7bedb6fa9462fce886db19200930d83b9003bbdab1848d
technical-media-0322,technical,media,331,possible_visual_duplicate,视觉疑似重复,河北泰昌电力器材科技有限公司,河北泰昌电力器材科技有限公司,mixed_historical_bid,product_library,产品库资料,inspection_report,检验报告,"[""CPVC电缆保护管""]",电缆保护管,"[""技术标""]","[""专项投标文件/12.检测检验报告（包括型式试验报告、检测报告、鉴定报告、检定报告、校准证书或报告、检测试验报告等相关报告）/12.1.检测报告/12.1.1.CPVC电缆保护管检验报告""]",reference_layout_only,needs_review,internal,企业内部资料,review_only,仅限人工复核,needs_manual_review,需要人工复核,泰昌检验报告历史候选第331页,泰昌技术补充文件,泰昌技术补充文件,检验报告,来源于泰昌技术补充文件，历史位置为“专项投标文件/12.检测检验报告（包括型式试验报告、检测报告、鉴定报告、检定报告、校准证书或报告、检测试验报告等相关报告）/12.1.检测报告/12.1.1.CPVC电缆保护管检验报告”。当前仅用于泰昌资料人工复核，未获准进入正式标书。,"[""泰昌"", ""检验报告"", ""历史标书候选"", ""技术标"", ""CPVC电缆保护管""]",suppressed_document_page_caption,,taichang-visual-review-b48195bfd1907c0d952f,True,False,False,blocked,尚未通过P0-06人工批准,0.95,assets/template_words/技术补充文件.docx,（二）专项投标文件/12.检测检验报告（包括型式试验报告、检测报告、鉴定报告、检定报告、校准证书或报告、检测试验报告等相关报告）/12.1.检测报告/12.1.1.CPVC电缆保护管检验报告,97438998db68b876daecba5392d80213d8838845952d4457d956457b9766a98c,97438998db68b876daecba5392d80213d8838845952d4457d956457b9766a98c
technical-media-0323,technical,media,331,duplicate_exact,精确重复，不新增,河北泰昌电力器材科技有限公司,河北泰昌电力器材科技有限公司,mixed_historical_bid,product_library,产品库资料,inspection_report,检验报告,"[""CPVC电缆保护管""]",电缆保护管,"[""技术标""]","[""专项投标文件/12.检测检验报告（包括型式试验报告、检测报告、鉴定报告、检定报告、校准证书或报告、检测试验报告等相关报告）/12.1.检测报告/12.1.1.CPVC电缆保护管检验报告""]",reference_layout_only,needs_review,internal,企业内部资料,review_only,仅限人工复核,rejected_duplicate,精确重复，不新增,泰昌检验报告历史候选第331页,泰昌技术补充文件,泰昌技术补充文件,检验报告,来源于泰昌技术补充文件，历史位置为“专项投标文件/12.检测检验报告（包括型式试验报告、检测报告、鉴定报告、检定报告、校准证书或报告、检测试验报告等相关报告）/12.1.检测报告/12.1.1.CPVC电缆保护管检验报告”。当前仅用于泰昌资料人工复核，未获准进入正式标书。,"[""泰昌"", ""检验报告"", ""历史标书候选"", ""技术标"", ""CPVC电缆保护管""]",suppressed_document_page_caption,,taichang-exact-e6704d6d68ecf19da5c3,False,False,False,blocked,尚未通过P0-06人工批准,0.95,assets/template_words/技术补充文件.docx,（二）专项投标文件/12.检测检验报告（包括型式试验报告、检测报告、鉴定报告、检定报告、校准证书或报告、检测试验报告等相关报告）/12.1.检测报告/12.1.1.CPVC电缆保护管检验报告,009648ce09525ef14c3d6fa456ffe695d45f33878a53958c1d22a4777be6cdd4,009648ce09525ef14c3d6fa456ffe695d45f33878a53958c1d22a4777be6cdd4
technical-media-0324,technical,media,331,duplicate_exact,精确重复，不新增,河北泰昌电力器材科技有限公司,河北泰昌电力器材科技有限公司,mixed_historical_bid,product_library,产品库资料,inspection_report,检验报告,"[""CPVC电缆保护管""]",电缆保护管,"[""技术标""]","[""专项投标文件/12.检测检验报告（包括型式试验报告、检测报告、鉴定报告、检定报告、校准证书或报告、检测试验报告等相关报告）/12.1.检测报告/12.1.1.CPVC电缆保护管检验报告""]",reference_layout_only,needs_review,internal,企业内部资料,review_only,仅限人工复核,rejected_duplicate,精确重复，不新增,泰昌检验报告历史候选第331页,泰昌技术补充文件,泰昌技术补充文件,检验报告,来源于泰昌技术补充文件，历史位置为“专项投标文件/12.检测检验报告（包括型式试验报告、检测报告、鉴定报告、检定报告、校准证书或报告、检测试验报告等相关报告）/12.1.检测报告/12.1.1.CPVC电缆保护管检验报告”。当前仅用于泰昌资料人工复核，未获准进入正式标书。,"[""泰昌"", ""检验报告"", ""历史标书候选"", ""技术标"", ""CPVC电缆保护管""]",suppressed_document_page_caption,,taichang-exact-0ec0180ca220c64723de,False,False,False,blocked,尚未通过P0-06人工批准,0.95,assets/template_words/技术补充文件.docx,（二）专项投标文件/12.检测检验报告（包括型式试验报告、检测报告、鉴定报告、检定报告、校准证书或报告、检测试验报告等相关报告）/12.1.检测报告/12.1.1.CPVC电缆保护管检验报告,a244040622f239318bdabfc47e543761f167df2ab44ddc8b89e432ab535acf3c,a244040622f239318bdabfc47e543761f167df2ab44ddc8b89e432ab535acf3c
technical-media-0325,technical,media,331,possible_visual_duplicate,视觉疑似重复,河北泰昌电力器材科技有限公司,河北泰昌电力器材科技有限公司,mixed_historical_bid,product_library,产品库资料,inspection_report,检验报告,"[""CPVC电缆保护管""]",电缆保护管,"[""技术标""]","[""专项投标文件/12.检测检验报告（包括型式试验报告、检测报告、鉴定报告、检定报告、校准证书或报告、检测试验报告等相关报告）/12.1.检测报告/12.1.1.CPVC电缆保护管检验报告""]",reference_layout_only,needs_review,internal,企业内部资料,review_only,仅限人工复核,needs_manual_review,需要人工复核,泰昌检验报告历史候选第331页,泰昌技术补充文件,泰昌技术补充文件,检验报告,来源于泰昌技术补充文件，历史位置为“专项投标文件/12.检测检验报告（包括型式试验报告、检测报告、鉴定报告、检定报告、校准证书或报告、检测试验报告等相关报告）/12.1.检测报告/12.1.1.CPVC电缆保护管检验报告”。当前仅用于泰昌资料人工复核，未获准进入正式标书。,"[""泰昌"", ""检验报告"", ""历史标书候选"", ""技术标"", ""CPVC电缆保护管""]",suppressed_document_page_caption,,taichang-visual-review-9aabbeb8948a3486eca4,True,False,False,blocked,尚未通过P0-06人工批准,0.95,assets/template_words/技术补充文件.docx,（二）专项投标文件/12.检测检验报告（包括型式试验报告、检测报告、鉴定报告、检定报告、校准证书或报告、检测试验报告等相关报告）/12.1.检测报告/12.1.1.CPVC电缆保护管检验报告,e109262a05a9cef219911534c168033f8463e56cccebca5a82c1b867d2c1c7c5,e109262a05a9cef219911534c168033f8463e56cccebca5a82c1b867d2c1c7c5
technical-chapter-062,technical,chapter,335,new,未发现重复，仍需审核,河北泰昌电力器材科技有限公司,河北泰昌电力器材科技有限公司,mixed_historical_bid,reference_template_library,历史参考资料,historical_structure_reference,历史目录结构参考,"[""MPP电缆保护管""]",电缆保护管,"[""技术标""]","[""专项投标文件/12.检测检验报告（包括型式试验报告、检测报告、鉴定报告、检定报告、校准证书或报告、检测试验报告等相关报告）/12.1.检测报告/12.1.2.MPP电缆保护管检验报告""]",reference_layout_only,needs_review,internal,企业内部资料,review_only,仅限人工复核,not_asset_reference,非资产结构参考,泰昌技术标历史目录参考：专项投标文件/12.检测检验报告（包括型式试验报告、检测报告、鉴定报告、检定报告、校准证书或报告、检测试验报告等相关报告）/12.1.检测报告/12.1.2.MPP电缆保护管检验报告,泰昌技术补充文件,泰昌技术补充文件,历史目录结构参考,来源于泰昌技术补充文件，历史位置为“专项投标文件/12.检测检验报告（包括型式试验报告、检测报告、鉴定报告、检定报告、校准证书或报告、检测试验报告等相关报告）/12.1.检测报告/12.1.2.MPP电缆保护管检验报告”。当前仅用于泰昌资料人工复核，未获准进入正式标书。,"[""泰昌"", ""历史目录结构参考"", ""历史标书候选"", ""技术标"", ""MPP电缆保护管""]",suppressed_document_page_caption,,,False,False,False,blocked,尚未通过P0-06人工批准,1.0,assets/template_words/技术补充文件.docx,（二）专项投标文件/12.检测检验报告（包括型式试验报告、检测报告、鉴定报告、检定报告、校准证书或报告、检测试验报告等相关报告）/12.1.检测报告/12.1.2.MPP电缆保护管检验报告,b45276ed016378a2d4fb79c1058749bb1757ea0d19fe20b05c921acf7fce8961,
technical-media-0326,technical,media,336,possible_visual_duplicate,视觉疑似重复,河北泰昌电力器材科技有限公司,河北泰昌电力器材科技有限公司,mixed_historical_bid,product_library,产品库资料,inspection_report,检验报告,"[""MPP电缆保护管""]",电缆保护管,"[""技术标""]","[""专项投标文件/12.检测检验报告（包括型式试验报告、检测报告、鉴定报告、检定报告、校准证书或报告、检测试验报告等相关报告）/12.1.检测报告/12.1.2.MPP电缆保护管检验报告""]",reference_layout_only,needs_review,internal,企业内部资料,review_only,仅限人工复核,needs_manual_review,需要人工复核,泰昌检验报告历史候选第336页,泰昌技术补充文件,泰昌技术补充文件,检验报告,来源于泰昌技术补充文件，历史位置为“专项投标文件/12.检测检验报告（包括型式试验报告、检测报告、鉴定报告、检定报告、校准证书或报告、检测试验报告等相关报告）/12.1.检测报告/12.1.2.MPP电缆保护管检验报告”。当前仅用于泰昌资料人工复核，未获准进入正式标书。,"[""泰昌"", ""检验报告"", ""历史标书候选"", ""技术标"", ""MPP电缆保护管""]",suppressed_document_page_caption,,taichang-visual-review-a2531afe697c0ccc158a,True,False,False,blocked,尚未通过P0-06人工批准,0.95,assets/template_words/技术补充文件.docx,（二）专项投标文件/12.检测检验报告（包括型式试验报告、检测报告、鉴定报告、检定报告、校准证书或报告、检测试验报告等相关报告）/12.1.检测报告/12.1.2.MPP电缆保护管检验报告,22b60c228091d61411ba2aec5e4000b7322d54d9b29278a05adb298643ff78fa,22b60c228091d61411ba2aec5e4000b7322d54d9b29278a05adb298643ff78fa
technical-media-0327,technical,media,336,possible_visual_duplicate,视觉疑似重复,河北泰昌电力器材科技有限公司,河北泰昌电力器材科技有限公司,mixed_historical_bid,product_library,产品库资料,inspection_report,检验报告,"[""MPP电缆保护管""]",电缆保护管,"[""技术标""]","[""专项投标文件/12.检测检验报告（包括型式试验报告、检测报告、鉴定报告、检定报告、校准证书或报告、检测试验报告等相关报告）/12.1.检测报告/12.1.2.MPP电缆保护管检验报告""]",reference_layout_only,needs_review,internal,企业内部资料,review_only,仅限人工复核,needs_manual_review,需要人工复核,泰昌检验报告历史候选第336页,泰昌技术补充文件,泰昌技术补充文件,检验报告,来源于泰昌技术补充文件，历史位置为“专项投标文件/12.检测检验报告（包括型式试验报告、检测报告、鉴定报告、检定报告、校准证书或报告、检测试验报告等相关报告）/12.1.检测报告/12.1.2.MPP电缆保护管检验报告”。当前仅用于泰昌资料人工复核，未获准进入正式标书。,"[""泰昌"", ""检验报告"", ""历史标书候选"", ""技术标"", ""MPP电缆保护管""]",suppressed_document_page_caption,,taichang-visual-review-b48195bfd1907c0d952f,True,False,False,blocked,尚未通过P0-06人工批准,0.95,assets/template_words/技术补充文件.docx,（二）专项投标文件/12.检测检验报告（包括型式试验报告、检测报告、鉴定报告、检定报告、校准证书或报告、检测试验报告等相关报告）/12.1.检测报告/12.1.2.MPP电缆保护管检验报告,3ebcecac43a227b3964d196bc43621aae40aabcf264afd66f8f44c92fb9cf2b7,3ebcecac43a227b3964d196bc43621aae40aabcf264afd66f8f44c92fb9cf2b7
technical-media-0328,technical,media,336,duplicate_exact,精确重复，不新增,河北泰昌电力器材科技有限公司,河北泰昌电力器材科技有限公司,mixed_historical_bid,product_library,产品库资料,inspection_report,检验报告,"[""MPP电缆保护管""]",电缆保护管,"[""技术标""]","[""专项投标文件/12.检测检验报告（包括型式试验报告、检测报告、鉴定报告、检定报告、校准证书或报告、检测试验报告等相关报告）/12.1.检测报告/12.1.2.MPP电缆保护管检验报告""]",reference_layout_only,needs_review,internal,企业内部资料,review_only,仅限人工复核,rejected_duplicate,精确重复，不新增,泰昌检验报告历史候选第336页,泰昌技术补充文件,泰昌技术补充文件,检验报告,来源于泰昌技术补充文件，历史位置为“专项投标文件/12.检测检验报告（包括型式试验报告、检测报告、鉴定报告、检定报告、校准证书或报告、检测试验报告等相关报告）/12.1.检测报告/12.1.2.MPP电缆保护管检验报告”。当前仅用于泰昌资料人工复核，未获准进入正式标书。,"[""泰昌"", ""检验报告"", ""历史标书候选"", ""技术标"", ""MPP电缆保护管""]",suppressed_document_page_caption,,taichang-exact-a626bbe61aca4576338e,False,False,False,blocked,尚未通过P0-06人工批准,0.95,assets/template_words/技术补充文件.docx,（二）专项投标文件/12.检测检验报告（包括型式试验报告、检测报告、鉴定报告、检定报告、校准证书或报告、检测试验报告等相关报告）/12.1.检测报告/12.1.2.MPP电缆保护管检验报告,dc2a3d0688080a44859620a98c125b1bc1567322e8969d246b08647c185de136,dc2a3d0688080a44859620a98c125b1bc1567322e8969d246b08647c185de136
technical-media-0329,technical,media,336,duplicate_exact,精确重复，不新增,河北泰昌电力器材科技有限公司,河北泰昌电力器材科技有限公司,mixed_historical_bid,product_library,产品库资料,inspection_report,检验报告,"[""MPP电缆保护管""]",电缆保护管,"[""技术标""]","[""专项投标文件/12.检测检验报告（包括型式试验报告、检测报告、鉴定报告、检定报告、校准证书或报告、检测试验报告等相关报告）/12.1.检测报告/12.1.2.MPP电缆保护管检验报告""]",reference_layout_only,needs_review,internal,企业内部资料,review_only,仅限人工复核,rejected_duplicate,精确重复，不新增,泰昌检验报告历史候选第336页,泰昌技术补充文件,泰昌技术补充文件,检验报告,来源于泰昌技术补充文件，历史位置为“专项投标文件/12.检测检验报告（包括型式试验报告、检测报告、鉴定报告、检定报告、校准证书或报告、检测试验报告等相关报告）/12.1.检测报告/12.1.2.MPP电缆保护管检验报告”。当前仅用于泰昌资料人工复核，未获准进入正式标书。,"[""泰昌"", ""检验报告"", ""历史标书候选"", ""技术标"", ""MPP电缆保护管""]",suppressed_document_page_caption,,taichang-exact-1a77141cdb01677d642b,False,False,False,blocked,尚未通过P0-06人工批准,0.95,assets/template_words/技术补充文件.docx,（二）专项投标文件/12.检测检验报告（包括型式试验报告、检测报告、鉴定报告、检定报告、校准证书或报告、检测试验报告等相关报告）/12.1.检测报告/12.1.2.MPP电缆保护管检验报告,c6f3e230a759cf655f2a23c376927764f8a3a6a94266ac224145f4fb91280332,c6f3e230a759cf655f2a23c376927764f8a3a6a94266ac224145f4fb91280332
technical-media-0330,technical,media,336,possible_visual_duplicate,视觉疑似重复,河北泰昌电力器材科技有限公司,河北泰昌电力器材科技有限公司,mixed_historical_bid,product_library,产品库资料,inspection_report,检验报告,"[""MPP电缆保护管""]",电缆保护管,"[""技术标""]","[""专项投标文件/12.检测检验报告（包括型式试验报告、检测报告、鉴定报告、检定报告、校准证书或报告、检测试验报告等相关报告）/12.1.检测报告/12.1.2.MPP电缆保护管检验报告""]",reference_layout_only,needs_review,internal,企业内部资料,review_only,仅限人工复核,needs_manual_review,需要人工复核,泰昌检验报告历史候选第336页,泰昌技术补充文件,泰昌技术补充文件,检验报告,来源于泰昌技术补充文件，历史位置为“专项投标文件/12.检测检验报告（包括型式试验报告、检测报告、鉴定报告、检定报告、校准证书或报告、检测试验报告等相关报告）/12.1.检测报告/12.1.2.MPP电缆保护管检验报告”。当前仅用于泰昌资料人工复核，未获准进入正式标书。,"[""泰昌"", ""检验报告"", ""历史标书候选"", ""技术标"", ""MPP电缆保护管""]",suppressed_document_page_caption,,taichang-visual-review-a8d08d796f6da23d9864,True,False,False,blocked,尚未通过P0-06人工批准,0.95,assets/template_words/技术补充文件.docx,（二）专项投标文件/12.检测检验报告（包括型式试验报告、检测报告、鉴定报告、检定报告、校准证书或报告、检测试验报告等相关报告）/12.1.检测报告/12.1.2.MPP电缆保护管检验报告,5b22991a166af53d98da0c3b1308ef0d28deee24664221b0459a7aeb18cec9a8,5b22991a166af53d98da0c3b1308ef0d28deee24664221b0459a7aeb18cec9a8
technical-chapter-063,technical,chapter,340,new,未发现重复，仍需审核,河北泰昌电力器材科技有限公司,河北泰昌电力器材科技有限公司,mixed_historical_bid,reference_template_library,历史参考资料,historical_structure_reference,历史目录结构参考,"[""N-HAP电缆保护管""]",电缆保护管,"[""技术标""]","[""专项投标文件/12.检测检验报告（包括型式试验报告、检测报告、鉴定报告、检定报告、校准证书或报告、检测试验报告等相关报告）/12.1.检测报告/12.1.3.N-HAP电缆保护管""]",uncertain,needs_review,internal,企业内部资料,review_only,仅限人工复核,not_asset_reference,非资产结构参考,泰昌技术标历史目录参考：专项投标文件/12.检测检验报告（包括型式试验报告、检测报告、鉴定报告、检定报告、校准证书或报告、检测试验报告等相关报告）/12.1.检测报告/12.1.3.N-HAP电缆保护管,泰昌技术补充文件,泰昌技术补充文件,历史目录结构参考,来源于泰昌技术补充文件，历史位置为“专项投标文件/12.检测检验报告（包括型式试验报告、检测报告、鉴定报告、检定报告、校准证书或报告、检测试验报告等相关报告）/12.1.检测报告/12.1.3.N-HAP电缆保护管”。当前仅用于泰昌资料人工复核，未获准进入正式标书。,"[""泰昌"", ""历史目录结构参考"", ""历史标书候选"", ""技术标"", ""N-HAP电缆保护管""]",suppressed_document_page_caption,,,False,False,False,blocked,尚未通过P0-06人工批准,1.0,assets/template_words/技术补充文件.docx,（二）专项投标文件/12.检测检验报告（包括型式试验报告、检测报告、鉴定报告、检定报告、校准证书或报告、检测试验报告等相关报告）/12.1.检测报告/12.1.3.N-HAP电缆保护管,5558ce28923cfc816c862fd5d71475a9d6513279452511bae455b2508b6fc3a4,
technical-media-0331,technical,media,341,new,未发现重复，仍需审核,河北泰昌电力器材科技有限公司,河北泰昌电力器材科技有限公司,mixed_historical_bid,product_library,产品库资料,enterprise_evidence,企业证明材料,"[""N-HAP电缆保护管""]",电缆保护管,"[""技术标""]","[""专项投标文件/12.检测检验报告（包括型式试验报告、检测报告、鉴定报告、检定报告、校准证书或报告、检测试验报告等相关报告）/12.1.检测报告/12.1.3.N-HAP电缆保护管""]",uncertain,needs_review,internal,企业内部资料,review_only,仅限人工复核,needs_customer_confirmation,需要客户确认,泰昌企业证明材料历史候选第341页,泰昌技术补充文件,泰昌技术补充文件,企业证明材料,来源于泰昌技术补充文件，历史位置为“专项投标文件/12.检测检验报告（包括型式试验报告、检测报告、鉴定报告、检定报告、校准证书或报告、检测试验报告等相关报告）/12.1.检测报告/12.1.3.N-HAP电缆保护管”。当前仅用于泰昌资料人工复核，未获准进入正式标书。,"[""泰昌"", ""企业证明材料"", ""历史标书候选"", ""技术标"", ""N-HAP电缆保护管""]",suppressed_document_page_caption,,,True,False,False,blocked,尚未通过P0-06人工批准,0.45,assets/template_words/技术补充文件.docx,（二）专项投标文件/12.检测检验报告（包括型式试验报告、检测报告、鉴定报告、检定报告、校准证书或报告、检测试验报告等相关报告）/12.1.检测报告/12.1.3.N-HAP电缆保护管,f274b5349bf33e8bde341e3387cf31474cc2fb07c0975cae4b2c44ecf6c44032,f274b5349bf33e8bde341e3387cf31474cc2fb07c0975cae4b2c44ecf6c44032
technical-media-0332,technical,media,341,new,未发现重复，仍需审核,河北泰昌电力器材科技有限公司,河北泰昌电力器材科技有限公司,mixed_historical_bid,product_library,产品库资料,enterprise_evidence,企业证明材料,"[""N-HAP电缆保护管""]",电缆保护管,"[""技术标""]","[""专项投标文件/12.检测检验报告（包括型式试验报告、检测报告、鉴定报告、检定报告、校准证书或报告、检测试验报告等相关报告）/12.1.检测报告/12.1.3.N-HAP电缆保护管""]",uncertain,needs_review,internal,企业内部资料,review_only,仅限人工复核,needs_customer_confirmation,需要客户确认,泰昌企业证明材料历史候选第341页,泰昌技术补充文件,泰昌技术补充文件,企业证明材料,来源于泰昌技术补充文件，历史位置为“专项投标文件/12.检测检验报告（包括型式试验报告、检测报告、鉴定报告、检定报告、校准证书或报告、检测试验报告等相关报告）/12.1.检测报告/12.1.3.N-HAP电缆保护管”。当前仅用于泰昌资料人工复核，未获准进入正式标书。,"[""泰昌"", ""企业证明材料"", ""历史标书候选"", ""技术标"", ""N-HAP电缆保护管""]",suppressed_document_page_caption,,,True,False,False,blocked,尚未通过P0-06人工批准,0.45,assets/template_words/技术补充文件.docx,（二）专项投标文件/12.检测检验报告（包括型式试验报告、检测报告、鉴定报告、检定报告、校准证书或报告、检测试验报告等相关报告）/12.1.检测报告/12.1.3.N-HAP电缆保护管,13ea9b3b07174e7afa7bc300ac72f5520a8e33e2ca4d387f0ce8a8241cba71cb,13ea9b3b07174e7afa7bc300ac72f5520a8e33e2ca4d387f0ce8a8241cba71cb
technical-media-0333,technical,media,341,new,未发现重复，仍需审核,河北泰昌电力器材科技有限公司,河北泰昌电力器材科技有限公司,mixed_historical_bid,product_library,产品库资料,enterprise_evidence,企业证明材料,"[""N-HAP电缆保护管""]",电缆保护管,"[""技术标""]","[""专项投标文件/12.检测检验报告（包括型式试验报告、检测报告、鉴定报告、检定报告、校准证书或报告、检测试验报告等相关报告）/12.1.检测报告/12.1.3.N-HAP电缆保护管""]",uncertain,needs_review,internal,企业内部资料,review_only,仅限人工复核,needs_customer_confirmation,需要客户确认,泰昌企业证明材料历史候选第341页,泰昌技术补充文件,泰昌技术补充文件,企业证明材料,来源于泰昌技术补充文件，历史位置为“专项投标文件/12.检测检验报告（包括型式试验报告、检测报告、鉴定报告、检定报告、校准证书或报告、检测试验报告等相关报告）/12.1.检测报告/12.1.3.N-HAP电缆保护管”。当前仅用于泰昌资料人工复核，未获准进入正式标书。,"[""泰昌"", ""企业证明材料"", ""历史标书候选"", ""技术标"", ""N-HAP电缆保护管""]",suppressed_document_page_caption,,,True,False,False,blocked,尚未通过P0-06人工批准,0.45,assets/template_words/技术补充文件.docx,（二）专项投标文件/12.检测检验报告（包括型式试验报告、检测报告、鉴定报告、检定报告、校准证书或报告、检测试验报告等相关报告）/12.1.检测报告/12.1.3.N-HAP电缆保护管,dff56b24111c928c47b34833d3b7134d47e2f02c13a1a2327b51f3e73f9194e8,dff56b24111c928c47b34833d3b7134d47e2f02c13a1a2327b51f3e73f9194e8
technical-media-0334,technical,media,341,new,未发现重复，仍需审核,河北泰昌电力器材科技有限公司,河北泰昌电力器材科技有限公司,mixed_historical_bid,product_library,产品库资料,enterprise_evidence,企业证明材料,"[""N-HAP电缆保护管""]",电缆保护管,"[""技术标""]","[""专项投标文件/12.检测检验报告（包括型式试验报告、检测报告、鉴定报告、检定报告、校准证书或报告、检测试验报告等相关报告）/12.1.检测报告/12.1.3.N-HAP电缆保护管""]",uncertain,needs_review,internal,企业内部资料,review_only,仅限人工复核,needs_customer_confirmation,需要客户确认,泰昌企业证明材料历史候选第341页,泰昌技术补充文件,泰昌技术补充文件,企业证明材料,来源于泰昌技术补充文件，历史位置为“专项投标文件/12.检测检验报告（包括型式试验报告、检测报告、鉴定报告、检定报告、校准证书或报告、检测试验报告等相关报告）/12.1.检测报告/12.1.3.N-HAP电缆保护管”。当前仅用于泰昌资料人工复核，未获准进入正式标书。,"[""泰昌"", ""企业证明材料"", ""历史标书候选"", ""技术标"", ""N-HAP电缆保护管""]",suppressed_document_page_caption,,,True,False,False,blocked,尚未通过P0-06人工批准,0.45,assets/template_words/技术补充文件.docx,（二）专项投标文件/12.检测检验报告（包括型式试验报告、检测报告、鉴定报告、检定报告、校准证书或报告、检测试验报告等相关报告）/12.1.检测报告/12.1.3.N-HAP电缆保护管,3ac4dfdfa160377bb6c58b9b26098f92e0e674ab73151bccad4eb4e413c2d221,3ac4dfdfa160377bb6c58b9b26098f92e0e674ab73151bccad4eb4e413c2d221
technical-media-0335,technical,media,341,new,未发现重复，仍需审核,河北泰昌电力器材科技有限公司,河北泰昌电力器材科技有限公司,mixed_historical_bid,product_library,产品库资料,enterprise_evidence,企业证明材料,"[""N-HAP电缆保护管""]",电缆保护管,"[""技术标""]","[""专项投标文件/12.检测检验报告（包括型式试验报告、检测报告、鉴定报告、检定报告、校准证书或报告、检测试验报告等相关报告）/12.1.检测报告/12.1.3.N-HAP电缆保护管""]",uncertain,needs_review,internal,企业内部资料,review_only,仅限人工复核,needs_customer_confirmation,需要客户确认,泰昌企业证明材料历史候选第341页,泰昌技术补充文件,泰昌技术补充文件,企业证明材料,来源于泰昌技术补充文件，历史位置为“专项投标文件/12.检测检验报告（包括型式试验报告、检测报告、鉴定报告、检定报告、校准证书或报告、检测试验报告等相关报告）/12.1.检测报告/12.1.3.N-HAP电缆保护管”。当前仅用于泰昌资料人工复核，未获准进入正式标书。,"[""泰昌"", ""企业证明材料"", ""历史标书候选"", ""技术标"", ""N-HAP电缆保护管""]",suppressed_document_page_caption,,,True,False,False,blocked,尚未通过P0-06人工批准,0.45,assets/template_words/技术补充文件.docx,（二）专项投标文件/12.检测检验报告（包括型式试验报告、检测报告、鉴定报告、检定报告、校准证书或报告、检测试验报告等相关报告）/12.1.检测报告/12.1.3.N-HAP电缆保护管,f6d7e502fbc8d4f8860faa1806d1d7eba14d7db0d1614feafe03967b999512f0,f6d7e502fbc8d4f8860faa1806d1d7eba14d7db0d1614feafe03967b999512f0
technical-chapter-064,technical,chapter,345,new,未发现重复，仍需审核,河北泰昌电力器材科技有限公司,河北泰昌电力器材科技有限公司,mixed_historical_bid,reference_template_library,历史参考资料,historical_structure_reference,历史目录结构参考,"[""UPVC电缆保护管""]",电缆保护管,"[""技术标""]","[""专项投标文件/12.检测检验报告（包括型式试验报告、检测报告、鉴定报告、检定报告、校准证书或报告、检测试验报告等相关报告）/12.1.检测报告/12.1.4.硬聚氯乙烯塑料(UPVC)电力电缆导管""]",uncertain,needs_review,internal,企业内部资料,review_only,仅限人工复核,not_asset_reference,非资产结构参考,泰昌技术标历史目录参考：专项投标文件/12.检测检验报告（包括型式试验报告、检测报告、鉴定报告、检定报告、校准证书或报告、检测试验报告等相关报告）/12.1.检测报告/12.1.4.硬聚氯乙烯塑料(UPVC)电力电缆导管,泰昌技术补充文件,泰昌技术补充文件,历史目录结构参考,来源于泰昌技术补充文件，历史位置为“专项投标文件/12.检测检验报告（包括型式试验报告、检测报告、鉴定报告、检定报告、校准证书或报告、检测试验报告等相关报告）/12.1.检测报告/12.1.4.硬聚氯乙烯塑料(UPVC)电力电缆导管”。当前仅用于泰昌资料人工复核，未获准进入正式标书。,"[""泰昌"", ""历史目录结构参考"", ""历史标书候选"", ""技术标"", ""UPVC电缆保护管""]",suppressed_document_page_caption,,,False,False,False,blocked,尚未通过P0-06人工批准,1.0,assets/template_words/技术补充文件.docx,（二）专项投标文件/12.检测检验报告（包括型式试验报告、检测报告、鉴定报告、检定报告、校准证书或报告、检测试验报告等相关报告）/12.1.检测报告/12.1.4.硬聚氯乙烯塑料(UPVC)电力电缆导管,0a78d342fd2c3c5cd5a6495d2a40892914ec950786dcff12a02f92de04bb9449,
technical-media-0336,technical,media,346,new,未发现重复，仍需审核,河北泰昌电力器材科技有限公司,河北泰昌电力器材科技有限公司,mixed_historical_bid,product_library,产品库资料,enterprise_evidence,企业证明材料,"[""UPVC电缆保护管""]",电缆保护管,"[""技术标""]","[""专项投标文件/12.检测检验报告（包括型式试验报告、检测报告、鉴定报告、检定报告、校准证书或报告、检测试验报告等相关报告）/12.1.检测报告/12.1.4.硬聚氯乙烯塑料(UPVC)电力电缆导管""]",uncertain,needs_review,internal,企业内部资料,review_only,仅限人工复核,needs_customer_confirmation,需要客户确认,泰昌企业证明材料历史候选第346页,泰昌技术补充文件,泰昌技术补充文件,企业证明材料,来源于泰昌技术补充文件，历史位置为“专项投标文件/12.检测检验报告（包括型式试验报告、检测报告、鉴定报告、检定报告、校准证书或报告、检测试验报告等相关报告）/12.1.检测报告/12.1.4.硬聚氯乙烯塑料(UPVC)电力电缆导管”。当前仅用于泰昌资料人工复核，未获准进入正式标书。,"[""泰昌"", ""企业证明材料"", ""历史标书候选"", ""技术标"", ""UPVC电缆保护管""]",suppressed_document_page_caption,,,True,False,False,blocked,尚未通过P0-06人工批准,0.45,assets/template_words/技术补充文件.docx,（二）专项投标文件/12.检测检验报告（包括型式试验报告、检测报告、鉴定报告、检定报告、校准证书或报告、检测试验报告等相关报告）/12.1.检测报告/12.1.4.硬聚氯乙烯塑料(UPVC)电力电缆导管,7f6864dc1295c48ec2776e89c95eb178302a402074bc72118186ac3fef2037a2,7f6864dc1295c48ec2776e89c95eb178302a402074bc72118186ac3fef2037a2
technical-media-0337,technical,media,346,new,未发现重复，仍需审核,河北泰昌电力器材科技有限公司,河北泰昌电力器材科技有限公司,mixed_historical_bid,product_library,产品库资料,enterprise_evidence,企业证明材料,"[""UPVC电缆保护管""]",电缆保护管,"[""技术标""]","[""专项投标文件/12.检测检验报告（包括型式试验报告、检测报告、鉴定报告、检定报告、校准证书或报告、检测试验报告等相关报告）/12.1.检测报告/12.1.4.硬聚氯乙烯塑料(UPVC)电力电缆导管""]",uncertain,needs_review,internal,企业内部资料,review_only,仅限人工复核,needs_customer_confirmation,需要客户确认,泰昌企业证明材料历史候选第346页,泰昌技术补充文件,泰昌技术补充文件,企业证明材料,来源于泰昌技术补充文件，历史位置为“专项投标文件/12.检测检验报告（包括型式试验报告、检测报告、鉴定报告、检定报告、校准证书或报告、检测试验报告等相关报告）/12.1.检测报告/12.1.4.硬聚氯乙烯塑料(UPVC)电力电缆导管”。当前仅用于泰昌资料人工复核，未获准进入正式标书。,"[""泰昌"", ""企业证明材料"", ""历史标书候选"", ""技术标"", ""UPVC电缆保护管""]",suppressed_document_page_caption,,,True,False,False,blocked,尚未通过P0-06人工批准,0.45,assets/template_words/技术补充文件.docx,（二）专项投标文件/12.检测检验报告（包括型式试验报告、检测报告、鉴定报告、检定报告、校准证书或报告、检测试验报告等相关报告）/12.1.检测报告/12.1.4.硬聚氯乙烯塑料(UPVC)电力电缆导管,fbbf63e1896ae490603821cfac9a8050032d7403a930251a7862690b94a0000f,fbbf63e1896ae490603821cfac9a8050032d7403a930251a7862690b94a0000f
technical-media-0338,technical,media,346,new,未发现重复，仍需审核,河北泰昌电力器材科技有限公司,河北泰昌电力器材科技有限公司,mixed_historical_bid,product_library,产品库资料,enterprise_evidence,企业证明材料,"[""UPVC电缆保护管""]",电缆保护管,"[""技术标""]","[""专项投标文件/12.检测检验报告（包括型式试验报告、检测报告、鉴定报告、检定报告、校准证书或报告、检测试验报告等相关报告）/12.1.检测报告/12.1.4.硬聚氯乙烯塑料(UPVC)电力电缆导管""]",uncertain,needs_review,internal,企业内部资料,review_only,仅限人工复核,needs_customer_confirmation,需要客户确认,泰昌企业证明材料历史候选第346页,泰昌技术补充文件,泰昌技术补充文件,企业证明材料,来源于泰昌技术补充文件，历史位置为“专项投标文件/12.检测检验报告（包括型式试验报告、检测报告、鉴定报告、检定报告、校准证书或报告、检测试验报告等相关报告）/12.1.检测报告/12.1.4.硬聚氯乙烯塑料(UPVC)电力电缆导管”。当前仅用于泰昌资料人工复核，未获准进入正式标书。,"[""泰昌"", ""企业证明材料"", ""历史标书候选"", ""技术标"", ""UPVC电缆保护管""]",suppressed_document_page_caption,,,True,False,False,blocked,尚未通过P0-06人工批准,0.45,assets/template_words/技术补充文件.docx,（二）专项投标文件/12.检测检验报告（包括型式试验报告、检测报告、鉴定报告、检定报告、校准证书或报告、检测试验报告等相关报告）/12.1.检测报告/12.1.4.硬聚氯乙烯塑料(UPVC)电力电缆导管,2470d45287c2372c00843633fa9039da1e49104849dd441fd84ea93a48dba43c,2470d45287c2372c00843633fa9039da1e49104849dd441fd84ea93a48dba43c
technical-media-0339,technical,media,346,new,未发现重复，仍需审核,河北泰昌电力器材科技有限公司,河北泰昌电力器材科技有限公司,mixed_historical_bid,product_library,产品库资料,enterprise_evidence,企业证明材料,"[""UPVC电缆保护管""]",电缆保护管,"[""技术标""]","[""专项投标文件/12.检测检验报告（包括型式试验报告、检测报告、鉴定报告、检定报告、校准证书或报告、检测试验报告等相关报告）/12.1.检测报告/12.1.4.硬聚氯乙烯塑料(UPVC)电力电缆导管""]",uncertain,needs_review,internal,企业内部资料,review_only,仅限人工复核,needs_customer_confirmation,需要客户确认,泰昌企业证明材料历史候选第346页,泰昌技术补充文件,泰昌技术补充文件,企业证明材料,来源于泰昌技术补充文件，历史位置为“专项投标文件/12.检测检验报告（包括型式试验报告、检测报告、鉴定报告、检定报告、校准证书或报告、检测试验报告等相关报告）/12.1.检测报告/12.1.4.硬聚氯乙烯塑料(UPVC)电力电缆导管”。当前仅用于泰昌资料人工复核，未获准进入正式标书。,"[""泰昌"", ""企业证明材料"", ""历史标书候选"", ""技术标"", ""UPVC电缆保护管""]",suppressed_document_page_caption,,,True,False,False,blocked,尚未通过P0-06人工批准,0.45,assets/template_words/技术补充文件.docx,（二）专项投标文件/12.检测检验报告（包括型式试验报告、检测报告、鉴定报告、检定报告、校准证书或报告、检测试验报告等相关报告）/12.1.检测报告/12.1.4.硬聚氯乙烯塑料(UPVC)电力电缆导管,4e1e4fda940d2c100ee757403b5c7a4932cf5b132cf6ed19941d3f20dd862c8f,4e1e4fda940d2c100ee757403b5c7a4932cf5b132cf6ed19941d3f20dd862c8f
technical-chapter-065,technical,chapter,349,new,未发现重复，仍需审核,河北泰昌电力器材科技有限公司,河北泰昌电力器材科技有限公司,mixed_historical_bid,reference_template_library,历史参考资料,historical_structure_reference,历史目录结构参考,[],泰昌企业资料,"[""技术标""]","[""专项投标文件/12.检测检验报告（包括型式试验报告、检测报告、鉴定报告、检定报告、校准证书或报告、检测试验报告等相关报告）/12.2.更新校准证书""]",reference_layout_only,needs_review,internal,企业内部资料,review_only,仅限人工复核,not_asset_reference,非资产结构参考,泰昌技术标历史目录参考：专项投标文件/12.检测检验报告（包括型式试验报告、检测报告、鉴定报告、检定报告、校准证书或报告、检测试验报告等相关报告）/12.2.更新校准证书,泰昌技术补充文件,泰昌技术补充文件,历史目录结构参考,来源于泰昌技术补充文件，历史位置为“专项投标文件/12.检测检验报告（包括型式试验报告、检测报告、鉴定报告、检定报告、校准证书或报告、检测试验报告等相关报告）/12.2.更新校准证书”。当前仅用于泰昌资料人工复核，未获准进入正式标书。,"[""泰昌"", ""历史目录结构参考"", ""历史标书候选"", ""技术标""]",suppressed_document_page_caption,,,False,False,False,blocked,尚未通过P0-06人工批准,1.0,assets/template_words/技术补充文件.docx,（二）专项投标文件/12.检测检验报告（包括型式试验报告、检测报告、鉴定报告、检定报告、校准证书或报告、检测试验报告等相关报告）/12.2.更新校准证书,d38406b2c2730889eb90a6f682e1aea1fcdf8b465eaed707957a92a4d2efc0fc,
technical-table-010,technical,table,350,new,未发现重复，仍需审核,河北泰昌电力器材科技有限公司,河北泰昌电力器材科技有限公司,mixed_historical_bid,reference_template_library,历史参考资料,historical_form_reference,历史表单结构参考,[],泰昌企业资料,"[""技术标""]","[""专项投标文件/12.检测检验报告（包括型式试验报告、检测报告、鉴定报告、检定报告、校准证书或报告、检测试验报告等相关报告）/12.2.更新校准证书""]",reference_layout_only,needs_review,internal,企业内部资料,review_only,仅限人工复核,not_asset_reference,非资产结构参考,泰昌技术标历史表单参考：专项投标文件/12.检测检验报告（包括型式试验报告、检测报告、鉴定报告、检定报告、校准证书或报告、检测试验报告等相关报告）/12.2.更新校准证书,泰昌技术补充文件,泰昌技术补充文件,历史表单结构参考,来源于泰昌技术补充文件，历史位置为“专项投标文件/12.检测检验报告（包括型式试验报告、检测报告、鉴定报告、检定报告、校准证书或报告、检测试验报告等相关报告）/12.2.更新校准证书”。当前仅用于泰昌资料人工复核，未获准进入正式标书。,"[""泰昌"", ""历史表单结构参考"", ""历史标书候选"", ""技术标""]",suppressed_document_page_caption,,,False,False,False,blocked,尚未通过P0-06人工批准,0.85,assets/template_words/技术补充文件.docx,（二）专项投标文件/12.检测检验报告（包括型式试验报告、检测报告、鉴定报告、检定报告、校准证书或报告、检测试验报告等相关报告）/12.2.更新校准证书,10614bbbeb1c3fe946578b3633d67f8e94d28a7b69bb098ecd6e14e74a76f15b,
technical-fact-0036,technical,fact_candidate,350,possible_text_duplicate,文本疑似重复,河北泰昌电力器材科技有限公司,河北泰昌电力器材科技有限公司,mixed_historical_bid,product_library,产品库资料,testing_capacity,试验检测能力,"[""电缆保护管通用""]",电缆保护管,"[""技术标""]","[""专项投标文件/12.检测检验报告（包括型式试验报告、检测报告、鉴定报告、检定报告、校准证书或报告、检测试验报告等相关报告）/12.2.更新校准证书""]",reference_layout_only,needs_current_asset_match,internal,企业内部资料,review_only,仅限人工复核,needs_manual_review,需要人工复核,泰昌试验检测能力历史候选第350页,泰昌技术补充文件,泰昌技术补充文件,试验检测能力,来源于泰昌技术补充文件，历史位置为“专项投标文件/12.检测检验报告（包括型式试验报告、检测报告、鉴定报告、检定报告、校准证书或报告、检测试验报告等相关报告）/12.2.更新校准证书”。当前仅用于泰昌资料人工复核，未获准进入正式标书。,"[""泰昌"", ""试验检测能力"", ""历史标书候选"", ""技术标"", ""电缆保护管通用""]",formal_material_caption,资料：泰昌试验检测能力,,True,False,False,blocked,尚未通过P0-06人工批准,0.9,assets/template_words/技术补充文件.docx,（二）专项投标文件/12.检测检验报告（包括型式试验报告、检测报告、鉴定报告、检定报告、校准证书或报告、检测试验报告等相关报告）/12.2.更新校准证书,fd9a8ba66bfcf9c2bcede49b4d1b20a56c515ca400808c74380e657e7682e5f9,
technical-fact-0037,technical,fact_candidate,350,possible_text_duplicate,文本疑似重复,河北泰昌电力器材科技有限公司,河北泰昌电力器材科技有限公司,mixed_historical_bid,product_library,产品库资料,testing_capacity,试验检测能力,"[""电缆保护管通用""]",电缆保护管,"[""技术标""]","[""专项投标文件/12.检测检验报告（包括型式试验报告、检测报告、鉴定报告、检定报告、校准证书或报告、检测试验报告等相关报告）/12.2.更新校准证书""]",reference_layout_only,needs_current_asset_match,internal,企业内部资料,review_only,仅限人工复核,needs_manual_review,需要人工复核,泰昌试验检测能力历史候选第350页,泰昌技术补充文件,泰昌技术补充文件,试验检测能力,来源于泰昌技术补充文件，历史位置为“专项投标文件/12.检测检验报告（包括型式试验报告、检测报告、鉴定报告、检定报告、校准证书或报告、检测试验报告等相关报告）/12.2.更新校准证书”。当前仅用于泰昌资料人工复核，未获准进入正式标书。,"[""泰昌"", ""试验检测能力"", ""历史标书候选"", ""技术标"", ""电缆保护管通用""]",formal_material_caption,资料：泰昌试验检测能力,,True,False,False,blocked,尚未通过P0-06人工批准,0.9,assets/template_words/技术补充文件.docx,（二）专项投标文件/12.检测检验报告（包括型式试验报告、检测报告、鉴定报告、检定报告、校准证书或报告、检测试验报告等相关报告）/12.2.更新校准证书,eb333477d9408624874248e3140b4f953d73f39ca8fedfef653af6e1e40ff817,
technical-fact-0038,technical,fact_candidate,350,duplicate_exact,精确重复，不新增,河北泰昌电力器材科技有限公司,河北泰昌电力器材科技有限公司,mixed_historical_bid,product_library,产品库资料,testing_capacity,试验检测能力,"[""电缆保护管通用""]",电缆保护管,"[""技术标""]","[""专项投标文件/12.检测检验报告（包括型式试验报告、检测报告、鉴定报告、检定报告、校准证书或报告、检测试验报告等相关报告）/12.2.更新校准证书""]",reference_layout_only,needs_current_asset_match,internal,企业内部资料,review_only,仅限人工复核,rejected_duplicate,精确重复，不新增,泰昌试验检测能力历史候选第350页,泰昌技术补充文件,泰昌技术补充文件,试验检测能力,来源于泰昌技术补充文件，历史位置为“专项投标文件/12.检测检验报告（包括型式试验报告、检测报告、鉴定报告、检定报告、校准证书或报告、检测试验报告等相关报告）/12.2.更新校准证书”。当前仅用于泰昌资料人工复核，未获准进入正式标书。,"[""泰昌"", ""试验检测能力"", ""历史标书候选"", ""技术标"", ""电缆保护管通用""]",formal_material_caption,资料：泰昌试验检测能力,taichang-exact-1a499268e29034e5bf9f,False,False,False,blocked,尚未通过P0-06人工批准,0.9,assets/template_words/技术补充文件.docx,（二）专项投标文件/12.检测检验报告（包括型式试验报告、检测报告、鉴定报告、检定报告、校准证书或报告、检测试验报告等相关报告）/12.2.更新校准证书,ac26e084ccac8cc4317d365873ae9274422c34119d9f7835a26f014719f8bccf,
technical-fact-0039,technical,fact_candidate,350,possible_text_duplicate,文本疑似重复,河北泰昌电力器材科技有限公司,河北泰昌电力器材科技有限公司,mixed_historical_bid,product_library,产品库资料,testing_capacity,试验检测能力,"[""电缆保护管通用""]",电缆保护管,"[""技术标""]","[""专项投标文件/12.检测检验报告（包括型式试验报告、检测报告、鉴定报告、检定报告、校准证书或报告、检测试验报告等相关报告）/12.2.更新校准证书""]",reference_layout_only,needs_current_asset_match,internal,企业内部资料,review_only,仅限人工复核,needs_manual_review,需要人工复核,泰昌试验检测能力历史候选第350页,泰昌技术补充文件,泰昌技术补充文件,试验检测能力,来源于泰昌技术补充文件，历史位置为“专项投标文件/12.检测检验报告（包括型式试验报告、检测报告、鉴定报告、检定报告、校准证书或报告、检测试验报告等相关报告）/12.2.更新校准证书”。当前仅用于泰昌资料人工复核，未获准进入正式标书。,"[""泰昌"", ""试验检测能力"", ""历史标书候选"", ""技术标"", ""电缆保护管通用""]",formal_material_caption,资料：泰昌试验检测能力,,True,False,False,blocked,尚未通过P0-06人工批准,0.9,assets/template_words/技术补充文件.docx,（二）专项投标文件/12.检测检验报告（包括型式试验报告、检测报告、鉴定报告、检定报告、校准证书或报告、检测试验报告等相关报告）/12.2.更新校准证书,d1fbc41ef07be12f70886b605f4d841762f21746571f2f24b71ada6f9170ea9e,
technical-fact-0040,technical,fact_candidate,350,possible_text_duplicate,文本疑似重复,河北泰昌电力器材科技有限公司,河北泰昌电力器材科技有限公司,mixed_historical_bid,product_library,产品库资料,testing_capacity,试验检测能力,"[""电缆保护管通用""]",电缆保护管,"[""技术标""]","[""专项投标文件/12.检测检验报告（包括型式试验报告、检测报告、鉴定报告、检定报告、校准证书或报告、检测试验报告等相关报告）/12.2.更新校准证书""]",reference_layout_only,needs_current_asset_match,internal,企业内部资料,review_only,仅限人工复核,needs_manual_review,需要人工复核,泰昌试验检测能力历史候选第350页,泰昌技术补充文件,泰昌技术补充文件,试验检测能力,来源于泰昌技术补充文件，历史位置为“专项投标文件/12.检测检验报告（包括型式试验报告、检测报告、鉴定报告、检定报告、校准证书或报告、检测试验报告等相关报告）/12.2.更新校准证书”。当前仅用于泰昌资料人工复核，未获准进入正式标书。,"[""泰昌"", ""试验检测能力"", ""历史标书候选"", ""技术标"", ""电缆保护管通用""]",formal_material_caption,资料：泰昌试验检测能力,,True,False,False,blocked,尚未通过P0-06人工批准,0.9,assets/template_words/技术补充文件.docx,（二）专项投标文件/12.检测检验报告（包括型式试验报告、检测报告、鉴定报告、检定报告、校准证书或报告、检测试验报告等相关报告）/12.2.更新校准证书,b184468f76dd2b4590929e6bedfca739b150a2781c6021600719131bfc084213,
technical-chapter-066,technical,chapter,350,new,未发现重复，仍需审核,河北泰昌电力器材科技有限公司,河北泰昌电力器材科技有限公司,mixed_historical_bid,reference_template_library,历史参考资料,historical_structure_reference,历史目录结构参考,[],泰昌企业资料,"[""技术标""]","[""专项投标文件/12.检测检验报告（包括型式试验报告、检测报告、鉴定报告、检定报告、校准证书或报告、检测试验报告等相关报告）/12.2.更新校准证书/12.2.1.电子拉力试验机""]",uncertain,needs_review,internal,企业内部资料,review_only,仅限人工复核,not_asset_reference,非资产结构参考,泰昌技术标历史目录参考：专项投标文件/12.检测检验报告（包括型式试验报告、检测报告、鉴定报告、检定报告、校准证书或报告、检测试验报告等相关报告）/12.2.更新校准证书/12.2.1.电子拉力试验机,泰昌技术补充文件,泰昌技术补充文件,历史目录结构参考,来源于泰昌技术补充文件，历史位置为“专项投标文件/12.检测检验报告（包括型式试验报告、检测报告、鉴定报告、检定报告、校准证书或报告、检测试验报告等相关报告）/12.2.更新校准证书/12.2.1.电子拉力试验机”。当前仅用于泰昌资料人工复核，未获准进入正式标书。,"[""泰昌"", ""历史目录结构参考"", ""历史标书候选"", ""技术标""]",suppressed_document_page_caption,,,False,False,False,blocked,尚未通过P0-06人工批准,1.0,assets/template_words/技术补充文件.docx,（二）专项投标文件/12.检测检验报告（包括型式试验报告、检测报告、鉴定报告、检定报告、校准证书或报告、检测试验报告等相关报告）/12.2.更新校准证书/12.2.1.电子拉力试验机,21637dc9c603a22e3504b13709eb7573c64dfb183006c765dcbf4cffd56041b0,
technical-fact-0041,technical,fact_candidate,350,duplicate_exact,精确重复，不新增,河北泰昌电力器材科技有限公司,河北泰昌电力器材科技有限公司,mixed_historical_bid,product_library,产品库资料,testing_capacity,试验检测能力,"[""电缆保护管通用""]",电缆保护管,"[""技术标""]","[""专项投标文件/12.检测检验报告（包括型式试验报告、检测报告、鉴定报告、检定报告、校准证书或报告、检测试验报告等相关报告）/12.2.更新校准证书/12.2.1.电子拉力试验机""]",uncertain,needs_current_asset_match,internal,企业内部资料,review_only,仅限人工复核,rejected_duplicate,精确重复，不新增,泰昌试验检测能力历史候选第350页,泰昌技术补充文件,泰昌技术补充文件,试验检测能力,来源于泰昌技术补充文件，历史位置为“专项投标文件/12.检测检验报告（包括型式试验报告、检测报告、鉴定报告、检定报告、校准证书或报告、检测试验报告等相关报告）/12.2.更新校准证书/12.2.1.电子拉力试验机”。当前仅用于泰昌资料人工复核，未获准进入正式标书。,"[""泰昌"", ""试验检测能力"", ""历史标书候选"", ""技术标"", ""电缆保护管通用""]",formal_material_caption,资料：泰昌试验检测能力,taichang-exact-1a1037a482cf34afc906,False,False,False,blocked,尚未通过P0-06人工批准,0.9,assets/template_words/技术补充文件.docx,（二）专项投标文件/12.检测检验报告（包括型式试验报告、检测报告、鉴定报告、检定报告、校准证书或报告、检测试验报告等相关报告）/12.2.更新校准证书/12.2.1.电子拉力试验机,fd9a8ba66bfcf9c2bcede49b4d1b20a56c515ca400808c74380e657e7682e5f9,
technical-media-0340,technical,media,351,new,未发现重复，仍需审核,河北泰昌电力器材科技有限公司,河北泰昌电力器材科技有限公司,mixed_historical_bid,product_library,产品库资料,enterprise_evidence,企业证明材料,[],泰昌企业资料,"[""技术标""]","[""专项投标文件/12.检测检验报告（包括型式试验报告、检测报告、鉴定报告、检定报告、校准证书或报告、检测试验报告等相关报告）/12.2.更新校准证书/12.2.1.电子拉力试验机""]",uncertain,needs_review,internal,企业内部资料,review_only,仅限人工复核,needs_customer_confirmation,需要客户确认,泰昌企业证明材料历史候选第351页,泰昌技术补充文件,泰昌技术补充文件,企业证明材料,来源于泰昌技术补充文件，历史位置为“专项投标文件/12.检测检验报告（包括型式试验报告、检测报告、鉴定报告、检定报告、校准证书或报告、检测试验报告等相关报告）/12.2.更新校准证书/12.2.1.电子拉力试验机”。当前仅用于泰昌资料人工复核，未获准进入正式标书。,"[""泰昌"", ""企业证明材料"", ""历史标书候选"", ""技术标""]",suppressed_document_page_caption,,,True,False,False,blocked,尚未通过P0-06人工批准,0.45,assets/template_words/技术补充文件.docx,（二）专项投标文件/12.检测检验报告（包括型式试验报告、检测报告、鉴定报告、检定报告、校准证书或报告、检测试验报告等相关报告）/12.2.更新校准证书/12.2.1.电子拉力试验机,b6cb199c702c8a6068c991cc1b13ef31c919584363f7be00bdcb65164a390e36,b6cb199c702c8a6068c991cc1b13ef31c919584363f7be00bdcb65164a390e36
technical-media-0341,technical,media,351,new,未发现重复，仍需审核,河北泰昌电力器材科技有限公司,河北泰昌电力器材科技有限公司,mixed_historical_bid,product_library,产品库资料,enterprise_evidence,企业证明材料,[],泰昌企业资料,"[""技术标""]","[""专项投标文件/12.检测检验报告（包括型式试验报告、检测报告、鉴定报告、检定报告、校准证书或报告、检测试验报告等相关报告）/12.2.更新校准证书/12.2.1.电子拉力试验机""]",uncertain,needs_review,internal,企业内部资料,review_only,仅限人工复核,needs_customer_confirmation,需要客户确认,泰昌企业证明材料历史候选第351页,泰昌技术补充文件,泰昌技术补充文件,企业证明材料,来源于泰昌技术补充文件，历史位置为“专项投标文件/12.检测检验报告（包括型式试验报告、检测报告、鉴定报告、检定报告、校准证书或报告、检测试验报告等相关报告）/12.2.更新校准证书/12.2.1.电子拉力试验机”。当前仅用于泰昌资料人工复核，未获准进入正式标书。,"[""泰昌"", ""企业证明材料"", ""历史标书候选"", ""技术标""]",suppressed_document_page_caption,,,True,False,False,blocked,尚未通过P0-06人工批准,0.45,assets/template_words/技术补充文件.docx,（二）专项投标文件/12.检测检验报告（包括型式试验报告、检测报告、鉴定报告、检定报告、校准证书或报告、检测试验报告等相关报告）/12.2.更新校准证书/12.2.1.电子拉力试验机,14407c0ad971be5491be7980aa9a07d071ce47d6d03dada58d8c06ddf7ac30c4,14407c0ad971be5491be7980aa9a07d071ce47d6d03dada58d8c06ddf7ac30c4
technical-media-0342,technical,media,351,new,未发现重复，仍需审核,河北泰昌电力器材科技有限公司,河北泰昌电力器材科技有限公司,mixed_historical_bid,product_library,产品库资料,enterprise_evidence,企业证明材料,[],泰昌企业资料,"[""技术标""]","[""专项投标文件/12.检测检验报告（包括型式试验报告、检测报告、鉴定报告、检定报告、校准证书或报告、检测试验报告等相关报告）/12.2.更新校准证书/12.2.1.电子拉力试验机""]",uncertain,needs_review,internal,企业内部资料,review_only,仅限人工复核,needs_customer_confirmation,需要客户确认,泰昌企业证明材料历史候选第351页,泰昌技术补充文件,泰昌技术补充文件,企业证明材料,来源于泰昌技术补充文件，历史位置为“专项投标文件/12.检测检验报告（包括型式试验报告、检测报告、鉴定报告、检定报告、校准证书或报告、检测试验报告等相关报告）/12.2.更新校准证书/12.2.1.电子拉力试验机”。当前仅用于泰昌资料人工复核，未获准进入正式标书。,"[""泰昌"", ""企业证明材料"", ""历史标书候选"", ""技术标""]",suppressed_document_page_caption,,,True,False,False,blocked,尚未通过P0-06人工批准,0.45,assets/template_words/技术补充文件.docx,（二）专项投标文件/12.检测检验报告（包括型式试验报告、检测报告、鉴定报告、检定报告、校准证书或报告、检测试验报告等相关报告）/12.2.更新校准证书/12.2.1.电子拉力试验机,e8a82476a801544aa8d684a047150f3c965db50a7006e2654185b59a21b82e78,e8a82476a801544aa8d684a047150f3c965db50a7006e2654185b59a21b82e78
technical-chapter-067,technical,chapter,353,new,未发现重复，仍需审核,河北泰昌电力器材科技有限公司,河北泰昌电力器材科技有限公司,mixed_historical_bid,reference_template_library,历史参考资料,historical_structure_reference,历史目录结构参考,[],泰昌企业资料,"[""技术标""]","[""专项投标文件/12.检测检验报告（包括型式试验报告、检测报告、鉴定报告、检定报告、校准证书或报告、检测试验报告等相关报告）/12.2.更新校准证书/12.2.2.微机控制电子万能试验机""]",uncertain,needs_review,internal,企业内部资料,review_only,仅限人工复核,not_asset_reference,非资产结构参考,泰昌技术标历史目录参考：专项投标文件/12.检测检验报告（包括型式试验报告、检测报告、鉴定报告、检定报告、校准证书或报告、检测试验报告等相关报告）/12.2.更新校准证书/12.2.2.微机控制电子万能试验机,泰昌技术补充文件,泰昌技术补充文件,历史目录结构参考,来源于泰昌技术补充文件，历史位置为“专项投标文件/12.检测检验报告（包括型式试验报告、检测报告、鉴定报告、检定报告、校准证书或报告、检测试验报告等相关报告）/12.2.更新校准证书/12.2.2.微机控制电子万能试验机”。当前仅用于泰昌资料人工复核，未获准进入正式标书。,"[""泰昌"", ""历史目录结构参考"", ""历史标书候选"", ""技术标""]",suppressed_document_page_caption,,,False,False,False,blocked,尚未通过P0-06人工批准,1.0,assets/template_words/技术补充文件.docx,（二）专项投标文件/12.检测检验报告（包括型式试验报告、检测报告、鉴定报告、检定报告、校准证书或报告、检测试验报告等相关报告）/12.2.更新校准证书/12.2.2.微机控制电子万能试验机,9e386891fe7c40be2c9ee0cbcd1e43995f29258a4e2d859045fcef2394369bea,
technical-fact-0042,technical,fact_candidate,353,duplicate_exact,精确重复，不新增,河北泰昌电力器材科技有限公司,河北泰昌电力器材科技有限公司,mixed_historical_bid,product_library,产品库资料,testing_capacity,试验检测能力,"[""电缆保护管通用""]",电缆保护管,"[""技术标""]","[""专项投标文件/12.检测检验报告（包括型式试验报告、检测报告、鉴定报告、检定报告、校准证书或报告、检测试验报告等相关报告）/12.2.更新校准证书/12.2.2.微机控制电子万能试验机""]",uncertain,needs_current_asset_match,internal,企业内部资料,review_only,仅限人工复核,rejected_duplicate,精确重复，不新增,泰昌试验检测能力历史候选第353页,泰昌技术补充文件,泰昌技术补充文件,试验检测能力,来源于泰昌技术补充文件，历史位置为“专项投标文件/12.检测检验报告（包括型式试验报告、检测报告、鉴定报告、检定报告、校准证书或报告、检测试验报告等相关报告）/12.2.更新校准证书/12.2.2.微机控制电子万能试验机”。当前仅用于泰昌资料人工复核，未获准进入正式标书。,"[""泰昌"", ""试验检测能力"", ""历史标书候选"", ""技术标"", ""电缆保护管通用""]",formal_material_caption,资料：泰昌试验检测能力,taichang-exact-5fb2519f44fcf397d244,False,False,False,blocked,尚未通过P0-06人工批准,0.9,assets/template_words/技术补充文件.docx,（二）专项投标文件/12.检测检验报告（包括型式试验报告、检测报告、鉴定报告、检定报告、校准证书或报告、检测试验报告等相关报告）/12.2.更新校准证书/12.2.2.微机控制电子万能试验机,eb333477d9408624874248e3140b4f953d73f39ca8fedfef653af6e1e40ff817,
technical-media-0343,technical,media,354,new,未发现重复，仍需审核,河北泰昌电力器材科技有限公司,河北泰昌电力器材科技有限公司,mixed_historical_bid,product_library,产品库资料,testing_capacity,试验检测能力,"[""电缆保护管通用""]",电缆保护管,"[""技术标""]","[""专项投标文件/12.检测检验报告（包括型式试验报告、检测报告、鉴定报告、检定报告、校准证书或报告、检测试验报告等相关报告）/12.2.更新校准证书/12.2.2.微机控制电子万能试验机""]",uncertain,needs_review,internal,企业内部资料,review_only,仅限人工复核,needs_customer_confirmation,需要客户确认,泰昌试验检测能力历史候选第354页,泰昌技术补充文件,泰昌技术补充文件,试验检测能力,来源于泰昌技术补充文件，历史位置为“专项投标文件/12.检测检验报告（包括型式试验报告、检测报告、鉴定报告、检定报告、校准证书或报告、检测试验报告等相关报告）/12.2.更新校准证书/12.2.2.微机控制电子万能试验机”。当前仅用于泰昌资料人工复核，未获准进入正式标书。,"[""泰昌"", ""试验检测能力"", ""历史标书候选"", ""技术标"", ""电缆保护管通用""]",formal_material_caption,资料：泰昌试验检测能力,,True,False,False,blocked,尚未通过P0-06人工批准,0.9,assets/template_words/技术补充文件.docx,（二）专项投标文件/12.检测检验报告（包括型式试验报告、检测报告、鉴定报告、检定报告、校准证书或报告、检测试验报告等相关报告）/12.2.更新校准证书/12.2.2.微机控制电子万能试验机,3d699586b7f7bfc33523329d77670e82c14928822388e78c2561b0e42d7291cf,3d699586b7f7bfc33523329d77670e82c14928822388e78c2561b0e42d7291cf
technical-media-0344,technical,media,354,new,未发现重复，仍需审核,河北泰昌电力器材科技有限公司,河北泰昌电力器材科技有限公司,mixed_historical_bid,product_library,产品库资料,testing_capacity,试验检测能力,"[""电缆保护管通用""]",电缆保护管,"[""技术标""]","[""专项投标文件/12.检测检验报告（包括型式试验报告、检测报告、鉴定报告、检定报告、校准证书或报告、检测试验报告等相关报告）/12.2.更新校准证书/12.2.2.微机控制电子万能试验机""]",uncertain,needs_review,internal,企业内部资料,review_only,仅限人工复核,needs_customer_confirmation,需要客户确认,泰昌试验检测能力历史候选第354页,泰昌技术补充文件,泰昌技术补充文件,试验检测能力,来源于泰昌技术补充文件，历史位置为“专项投标文件/12.检测检验报告（包括型式试验报告、检测报告、鉴定报告、检定报告、校准证书或报告、检测试验报告等相关报告）/12.2.更新校准证书/12.2.2.微机控制电子万能试验机”。当前仅用于泰昌资料人工复核，未获准进入正式标书。,"[""泰昌"", ""试验检测能力"", ""历史标书候选"", ""技术标"", ""电缆保护管通用""]",formal_material_caption,资料：泰昌试验检测能力,,True,False,False,blocked,尚未通过P0-06人工批准,0.9,assets/template_words/技术补充文件.docx,（二）专项投标文件/12.检测检验报告（包括型式试验报告、检测报告、鉴定报告、检定报告、校准证书或报告、检测试验报告等相关报告）/12.2.更新校准证书/12.2.2.微机控制电子万能试验机,f76e96dbeb059fc8eb75b7a4109bac39a93eebdffe84e1cc18159aebb1a11c30,f76e96dbeb059fc8eb75b7a4109bac39a93eebdffe84e1cc18159aebb1a11c30
technical-media-0345,technical,media,354,new,未发现重复，仍需审核,河北泰昌电力器材科技有限公司,河北泰昌电力器材科技有限公司,mixed_historical_bid,product_library,产品库资料,testing_capacity,试验检测能力,"[""电缆保护管通用""]",电缆保护管,"[""技术标""]","[""专项投标文件/12.检测检验报告（包括型式试验报告、检测报告、鉴定报告、检定报告、校准证书或报告、检测试验报告等相关报告）/12.2.更新校准证书/12.2.2.微机控制电子万能试验机""]",uncertain,needs_review,internal,企业内部资料,review_only,仅限人工复核,needs_customer_confirmation,需要客户确认,泰昌试验检测能力历史候选第354页,泰昌技术补充文件,泰昌技术补充文件,试验检测能力,来源于泰昌技术补充文件，历史位置为“专项投标文件/12.检测检验报告（包括型式试验报告、检测报告、鉴定报告、检定报告、校准证书或报告、检测试验报告等相关报告）/12.2.更新校准证书/12.2.2.微机控制电子万能试验机”。当前仅用于泰昌资料人工复核，未获准进入正式标书。,"[""泰昌"", ""试验检测能力"", ""历史标书候选"", ""技术标"", ""电缆保护管通用""]",formal_material_caption,资料：泰昌试验检测能力,,True,False,False,blocked,尚未通过P0-06人工批准,0.9,assets/template_words/技术补充文件.docx,（二）专项投标文件/12.检测检验报告（包括型式试验报告、检测报告、鉴定报告、检定报告、校准证书或报告、检测试验报告等相关报告）/12.2.更新校准证书/12.2.2.微机控制电子万能试验机,3ea49e085ca3d231fe8c4cd11a6124a325178ae1010b8e1a2fa766be875735ba,3ea49e085ca3d231fe8c4cd11a6124a325178ae1010b8e1a2fa766be875735ba
technical-chapter-068,technical,chapter,356,new,未发现重复，仍需审核,河北泰昌电力器材科技有限公司,河北泰昌电力器材科技有限公司,mixed_historical_bid,reference_template_library,历史参考资料,historical_structure_reference,历史目录结构参考,[],泰昌企业资料,"[""技术标""]","[""专项投标文件/12.检测检验报告（包括型式试验报告、检测报告、鉴定报告、检定报告、校准证书或报告、检测试验报告等相关报告）/12.2.更新校准证书/12.2.3.熔体流动速率仪""]",uncertain,needs_review,internal,企业内部资料,review_only,仅限人工复核,not_asset_reference,非资产结构参考,泰昌技术标历史目录参考：专项投标文件/12.检测检验报告（包括型式试验报告、检测报告、鉴定报告、检定报告、校准证书或报告、检测试验报告等相关报告）/12.2.更新校准证书/12.2.3.熔体流动速率仪,泰昌技术补充文件,泰昌技术补充文件,历史目录结构参考,来源于泰昌技术补充文件，历史位置为“专项投标文件/12.检测检验报告（包括型式试验报告、检测报告、鉴定报告、检定报告、校准证书或报告、检测试验报告等相关报告）/12.2.更新校准证书/12.2.3.熔体流动速率仪”。当前仅用于泰昌资料人工复核，未获准进入正式标书。,"[""泰昌"", ""历史目录结构参考"", ""历史标书候选"", ""技术标""]",suppressed_document_page_caption,,,False,False,False,blocked,尚未通过P0-06人工批准,1.0,assets/template_words/技术补充文件.docx,（二）专项投标文件/12.检测检验报告（包括型式试验报告、检测报告、鉴定报告、检定报告、校准证书或报告、检测试验报告等相关报告）/12.2.更新校准证书/12.2.3.熔体流动速率仪,effaf5f561d06071ab1c33b276b41dbd519e539f5e4b9fc5834bad5e2db634b4,
technical-fact-0043,technical,fact_candidate,356,duplicate_exact,精确重复，不新增,河北泰昌电力器材科技有限公司,河北泰昌电力器材科技有限公司,mixed_historical_bid,product_library,产品库资料,testing_capacity,试验检测能力,"[""电缆保护管通用""]",电缆保护管,"[""技术标""]","[""专项投标文件/12.检测检验报告（包括型式试验报告、检测报告、鉴定报告、检定报告、校准证书或报告、检测试验报告等相关报告）/12.2.更新校准证书/12.2.3.熔体流动速率仪""]",uncertain,needs_current_asset_match,internal,企业内部资料,review_only,仅限人工复核,rejected_duplicate,精确重复，不新增,泰昌试验检测能力历史候选第356页,泰昌技术补充文件,泰昌技术补充文件,试验检测能力,来源于泰昌技术补充文件，历史位置为“专项投标文件/12.检测检验报告（包括型式试验报告、检测报告、鉴定报告、检定报告、校准证书或报告、检测试验报告等相关报告）/12.2.更新校准证书/12.2.3.熔体流动速率仪”。当前仅用于泰昌资料人工复核，未获准进入正式标书。,"[""泰昌"", ""试验检测能力"", ""历史标书候选"", ""技术标"", ""电缆保护管通用""]",formal_material_caption,资料：泰昌试验检测能力,taichang-exact-1a499268e29034e5bf9f,False,False,False,blocked,尚未通过P0-06人工批准,0.9,assets/template_words/技术补充文件.docx,（二）专项投标文件/12.检测检验报告（包括型式试验报告、检测报告、鉴定报告、检定报告、校准证书或报告、检测试验报告等相关报告）/12.2.更新校准证书/12.2.3.熔体流动速率仪,ac26e084ccac8cc4317d365873ae9274422c34119d9f7835a26f014719f8bccf,
technical-media-0346,technical,media,357,new,未发现重复，仍需审核,河北泰昌电力器材科技有限公司,河北泰昌电力器材科技有限公司,mixed_historical_bid,product_library,产品库资料,enterprise_evidence,企业证明材料,[],泰昌企业资料,"[""技术标""]","[""专项投标文件/12.检测检验报告（包括型式试验报告、检测报告、鉴定报告、检定报告、校准证书或报告、检测试验报告等相关报告）/12.2.更新校准证书/12.2.3.熔体流动速率仪""]",uncertain,needs_review,internal,企业内部资料,review_only,仅限人工复核,needs_customer_confirmation,需要客户确认,泰昌企业证明材料历史候选第357页,泰昌技术补充文件,泰昌技术补充文件,企业证明材料,来源于泰昌技术补充文件，历史位置为“专项投标文件/12.检测检验报告（包括型式试验报告、检测报告、鉴定报告、检定报告、校准证书或报告、检测试验报告等相关报告）/12.2.更新校准证书/12.2.3.熔体流动速率仪”。当前仅用于泰昌资料人工复核，未获准进入正式标书。,"[""泰昌"", ""企业证明材料"", ""历史标书候选"", ""技术标""]",suppressed_document_page_caption,,,True,False,False,blocked,尚未通过P0-06人工批准,0.45,assets/template_words/技术补充文件.docx,（二）专项投标文件/12.检测检验报告（包括型式试验报告、检测报告、鉴定报告、检定报告、校准证书或报告、检测试验报告等相关报告）/12.2.更新校准证书/12.2.3.熔体流动速率仪,830aad80148e63329ec71ef1b7851922d7595d327459d1ee266cf07b566fd462,830aad80148e63329ec71ef1b7851922d7595d327459d1ee266cf07b566fd462
technical-media-0347,technical,media,357,new,未发现重复，仍需审核,河北泰昌电力器材科技有限公司,河北泰昌电力器材科技有限公司,mixed_historical_bid,product_library,产品库资料,enterprise_evidence,企业证明材料,[],泰昌企业资料,"[""技术标""]","[""专项投标文件/12.检测检验报告（包括型式试验报告、检测报告、鉴定报告、检定报告、校准证书或报告、检测试验报告等相关报告）/12.2.更新校准证书/12.2.3.熔体流动速率仪""]",uncertain,needs_review,internal,企业内部资料,review_only,仅限人工复核,needs_customer_confirmation,需要客户确认,泰昌企业证明材料历史候选第357页,泰昌技术补充文件,泰昌技术补充文件,企业证明材料,来源于泰昌技术补充文件，历史位置为“专项投标文件/12.检测检验报告（包括型式试验报告、检测报告、鉴定报告、检定报告、校准证书或报告、检测试验报告等相关报告）/12.2.更新校准证书/12.2.3.熔体流动速率仪”。当前仅用于泰昌资料人工复核，未获准进入正式标书。,"[""泰昌"", ""企业证明材料"", ""历史标书候选"", ""技术标""]",suppressed_document_page_caption,,,True,False,False,blocked,尚未通过P0-06人工批准,0.45,assets/template_words/技术补充文件.docx,（二）专项投标文件/12.检测检验报告（包括型式试验报告、检测报告、鉴定报告、检定报告、校准证书或报告、检测试验报告等相关报告）/12.2.更新校准证书/12.2.3.熔体流动速率仪,9a25d3c40542e865d5111fb2dc9e040b4419f75603456a8a2a1625e18ef3bcc1,9a25d3c40542e865d5111fb2dc9e040b4419f75603456a8a2a1625e18ef3bcc1
technical-media-0348,technical,media,357,new,未发现重复，仍需审核,河北泰昌电力器材科技有限公司,河北泰昌电力器材科技有限公司,mixed_historical_bid,product_library,产品库资料,enterprise_evidence,企业证明材料,[],泰昌企业资料,"[""技术标""]","[""专项投标文件/12.检测检验报告（包括型式试验报告、检测报告、鉴定报告、检定报告、校准证书或报告、检测试验报告等相关报告）/12.2.更新校准证书/12.2.3.熔体流动速率仪""]",uncertain,needs_review,internal,企业内部资料,review_only,仅限人工复核,needs_customer_confirmation,需要客户确认,泰昌企业证明材料历史候选第357页,泰昌技术补充文件,泰昌技术补充文件,企业证明材料,来源于泰昌技术补充文件，历史位置为“专项投标文件/12.检测检验报告（包括型式试验报告、检测报告、鉴定报告、检定报告、校准证书或报告、检测试验报告等相关报告）/12.2.更新校准证书/12.2.3.熔体流动速率仪”。当前仅用于泰昌资料人工复核，未获准进入正式标书。,"[""泰昌"", ""企业证明材料"", ""历史标书候选"", ""技术标""]",suppressed_document_page_caption,,,True,False,False,blocked,尚未通过P0-06人工批准,0.45,assets/template_words/技术补充文件.docx,（二）专项投标文件/12.检测检验报告（包括型式试验报告、检测报告、鉴定报告、检定报告、校准证书或报告、检测试验报告等相关报告）/12.2.更新校准证书/12.2.3.熔体流动速率仪,354b76be815cf218dc31fd02acaa41b146bb2bf7c217cbfddee2127e278dcbfe,354b76be815cf218dc31fd02acaa41b146bb2bf7c217cbfddee2127e278dcbfe
technical-chapter-069,technical,chapter,359,new,未发现重复，仍需审核,河北泰昌电力器材科技有限公司,河北泰昌电力器材科技有限公司,mixed_historical_bid,reference_template_library,历史参考资料,historical_structure_reference,历史目录结构参考,[],泰昌企业资料,"[""技术标""]","[""专项投标文件/12.检测检验报告（包括型式试验报告、检测报告、鉴定报告、检定报告、校准证书或报告、检测试验报告等相关报告）/12.2.更新校准证书/12.2.4.热变型、维卡软化点温度测定仪""]",uncertain,needs_review,internal,企业内部资料,review_only,仅限人工复核,not_asset_reference,非资产结构参考,泰昌技术标历史目录参考：专项投标文件/12.检测检验报告（包括型式试验报告、检测报告、鉴定报告、检定报告、校准证书或报告、检测试验报告等相关报告）/12.2.更新校准证书/12.2.4.热变型、维卡软化点温度测定仪,泰昌技术补充文件,泰昌技术补充文件,历史目录结构参考,来源于泰昌技术补充文件，历史位置为“专项投标文件/12.检测检验报告（包括型式试验报告、检测报告、鉴定报告、检定报告、校准证书或报告、检测试验报告等相关报告）/12.2.更新校准证书/12.2.4.热变型、维卡软化点温度测定仪”。当前仅用于泰昌资料人工复核，未获准进入正式标书。,"[""泰昌"", ""历史目录结构参考"", ""历史标书候选"", ""技术标""]",suppressed_document_page_caption,,,False,False,False,blocked,尚未通过P0-06人工批准,1.0,assets/template_words/技术补充文件.docx,（二）专项投标文件/12.检测检验报告（包括型式试验报告、检测报告、鉴定报告、检定报告、校准证书或报告、检测试验报告等相关报告）/12.2.更新校准证书/12.2.4.热变型、维卡软化点温度测定仪,9a525ef64c4e6a420c1e3aee7910dbb2cb6b3ad05d1032d55010f806eeaeeed7,
technical-fact-0044,technical,fact_candidate,359,possible_text_duplicate,文本疑似重复,河北泰昌电力器材科技有限公司,河北泰昌电力器材科技有限公司,mixed_historical_bid,product_library,产品库资料,testing_capacity,试验检测能力,"[""电缆保护管通用""]",电缆保护管,"[""技术标""]","[""专项投标文件/12.检测检验报告（包括型式试验报告、检测报告、鉴定报告、检定报告、校准证书或报告、检测试验报告等相关报告）/12.2.更新校准证书/12.2.4.热变型、维卡软化点温度测定仪""]",uncertain,needs_current_asset_match,internal,企业内部资料,review_only,仅限人工复核,needs_manual_review,需要人工复核,泰昌试验检测能力历史候选第359页,泰昌技术补充文件,泰昌技术补充文件,试验检测能力,来源于泰昌技术补充文件，历史位置为“专项投标文件/12.检测检验报告（包括型式试验报告、检测报告、鉴定报告、检定报告、校准证书或报告、检测试验报告等相关报告）/12.2.更新校准证书/12.2.4.热变型、维卡软化点温度测定仪”。当前仅用于泰昌资料人工复核，未获准进入正式标书。,"[""泰昌"", ""试验检测能力"", ""历史标书候选"", ""技术标"", ""电缆保护管通用""]",formal_material_caption,资料：泰昌试验检测能力,,True,False,False,blocked,尚未通过P0-06人工批准,0.9,assets/template_words/技术补充文件.docx,（二）专项投标文件/12.检测检验报告（包括型式试验报告、检测报告、鉴定报告、检定报告、校准证书或报告、检测试验报告等相关报告）/12.2.更新校准证书/12.2.4.热变型、维卡软化点温度测定仪,c5794f82b89b1000e100bb081894aaab59489669c3db1a0ba0f9f0d22a31a871,
technical-media-0349,technical,media,360,new,未发现重复，仍需审核,河北泰昌电力器材科技有限公司,河北泰昌电力器材科技有限公司,mixed_historical_bid,product_library,产品库资料,testing_capacity,试验检测能力,"[""电缆保护管通用""]",电缆保护管,"[""技术标""]","[""专项投标文件/12.检测检验报告（包括型式试验报告、检测报告、鉴定报告、检定报告、校准证书或报告、检测试验报告等相关报告）/12.2.更新校准证书/12.2.4.热变型、维卡软化点温度测定仪""]",uncertain,needs_review,internal,企业内部资料,review_only,仅限人工复核,needs_customer_confirmation,需要客户确认,泰昌试验检测能力历史候选第360页,泰昌技术补充文件,泰昌技术补充文件,试验检测能力,来源于泰昌技术补充文件，历史位置为“专项投标文件/12.检测检验报告（包括型式试验报告、检测报告、鉴定报告、检定报告、校准证书或报告、检测试验报告等相关报告）/12.2.更新校准证书/12.2.4.热变型、维卡软化点温度测定仪”。当前仅用于泰昌资料人工复核，未获准进入正式标书。,"[""泰昌"", ""试验检测能力"", ""历史标书候选"", ""技术标"", ""电缆保护管通用""]",formal_material_caption,资料：泰昌试验检测能力,,True,False,False,blocked,尚未通过P0-06人工批准,0.9,assets/template_words/技术补充文件.docx,（二）专项投标文件/12.检测检验报告（包括型式试验报告、检测报告、鉴定报告、检定报告、校准证书或报告、检测试验报告等相关报告）/12.2.更新校准证书/12.2.4.热变型、维卡软化点温度测定仪,f09034e618d14555db29b5d0ba9c0ba01d0e5e48ac25f29e148d3b3ef9a0c1ff,f09034e618d14555db29b5d0ba9c0ba01d0e5e48ac25f29e148d3b3ef9a0c1ff
technical-media-0350,technical,media,360,new,未发现重复，仍需审核,河北泰昌电力器材科技有限公司,河北泰昌电力器材科技有限公司,mixed_historical_bid,product_library,产品库资料,testing_capacity,试验检测能力,"[""电缆保护管通用""]",电缆保护管,"[""技术标""]","[""专项投标文件/12.检测检验报告（包括型式试验报告、检测报告、鉴定报告、检定报告、校准证书或报告、检测试验报告等相关报告）/12.2.更新校准证书/12.2.4.热变型、维卡软化点温度测定仪""]",uncertain,needs_review,internal,企业内部资料,review_only,仅限人工复核,needs_customer_confirmation,需要客户确认,泰昌试验检测能力历史候选第360页,泰昌技术补充文件,泰昌技术补充文件,试验检测能力,来源于泰昌技术补充文件，历史位置为“专项投标文件/12.检测检验报告（包括型式试验报告、检测报告、鉴定报告、检定报告、校准证书或报告、检测试验报告等相关报告）/12.2.更新校准证书/12.2.4.热变型、维卡软化点温度测定仪”。当前仅用于泰昌资料人工复核，未获准进入正式标书。,"[""泰昌"", ""试验检测能力"", ""历史标书候选"", ""技术标"", ""电缆保护管通用""]",formal_material_caption,资料：泰昌试验检测能力,,True,False,False,blocked,尚未通过P0-06人工批准,0.9,assets/template_words/技术补充文件.docx,（二）专项投标文件/12.检测检验报告（包括型式试验报告、检测报告、鉴定报告、检定报告、校准证书或报告、检测试验报告等相关报告）/12.2.更新校准证书/12.2.4.热变型、维卡软化点温度测定仪,368e096e88655393e8ebbfe3a4519cdb7b3d6581f1959f5bdcf8872cca34c2cd,368e096e88655393e8ebbfe3a4519cdb7b3d6581f1959f5bdcf8872cca34c2cd
technical-media-0351,technical,media,360,new,未发现重复，仍需审核,河北泰昌电力器材科技有限公司,河北泰昌电力器材科技有限公司,mixed_historical_bid,product_library,产品库资料,testing_capacity,试验检测能力,"[""电缆保护管通用""]",电缆保护管,"[""技术标""]","[""专项投标文件/12.检测检验报告（包括型式试验报告、检测报告、鉴定报告、检定报告、校准证书或报告、检测试验报告等相关报告）/12.2.更新校准证书/12.2.4.热变型、维卡软化点温度测定仪""]",uncertain,needs_review,internal,企业内部资料,review_only,仅限人工复核,needs_customer_confirmation,需要客户确认,泰昌试验检测能力历史候选第360页,泰昌技术补充文件,泰昌技术补充文件,试验检测能力,来源于泰昌技术补充文件，历史位置为“专项投标文件/12.检测检验报告（包括型式试验报告、检测报告、鉴定报告、检定报告、校准证书或报告、检测试验报告等相关报告）/12.2.更新校准证书/12.2.4.热变型、维卡软化点温度测定仪”。当前仅用于泰昌资料人工复核，未获准进入正式标书。,"[""泰昌"", ""试验检测能力"", ""历史标书候选"", ""技术标"", ""电缆保护管通用""]",formal_material_caption,资料：泰昌试验检测能力,,True,False,False,blocked,尚未通过P0-06人工批准,0.9,assets/template_words/技术补充文件.docx,（二）专项投标文件/12.检测检验报告（包括型式试验报告、检测报告、鉴定报告、检定报告、校准证书或报告、检测试验报告等相关报告）/12.2.更新校准证书/12.2.4.热变型、维卡软化点温度测定仪,185b6382b8c0feb99097e761fe918c73e763c90718ecdcd36688a8a4e2fd4adf,185b6382b8c0feb99097e761fe918c73e763c90718ecdcd36688a8a4e2fd4adf
technical-chapter-070,technical,chapter,362,new,未发现重复，仍需审核,河北泰昌电力器材科技有限公司,河北泰昌电力器材科技有限公司,mixed_historical_bid,reference_template_library,历史参考资料,historical_structure_reference,历史目录结构参考,[],泰昌企业资料,"[""技术标""]","[""专项投标文件/12.检测检验报告（包括型式试验报告、检测报告、鉴定报告、检定报告、校准证书或报告、检测试验报告等相关报告）/12.2.更新校准证书/12.2.5.锤击试验装置""]",uncertain,needs_review,internal,企业内部资料,review_only,仅限人工复核,not_asset_reference,非资产结构参考,泰昌技术标历史目录参考：专项投标文件/12.检测检验报告（包括型式试验报告、检测报告、鉴定报告、检定报告、校准证书或报告、检测试验报告等相关报告）/12.2.更新校准证书/12.2.5.锤击试验装置,泰昌技术补充文件,泰昌技术补充文件,历史目录结构参考,来源于泰昌技术补充文件，历史位置为“专项投标文件/12.检测检验报告（包括型式试验报告、检测报告、鉴定报告、检定报告、校准证书或报告、检测试验报告等相关报告）/12.2.更新校准证书/12.2.5.锤击试验装置”。当前仅用于泰昌资料人工复核，未获准进入正式标书。,"[""泰昌"", ""历史目录结构参考"", ""历史标书候选"", ""技术标""]",suppressed_document_page_caption,,,False,False,False,blocked,尚未通过P0-06人工批准,1.0,assets/template_words/技术补充文件.docx,（二）专项投标文件/12.检测检验报告（包括型式试验报告、检测报告、鉴定报告、检定报告、校准证书或报告、检测试验报告等相关报告）/12.2.更新校准证书/12.2.5.锤击试验装置,ede0e852d70c3d26136da933faa49abe93835ab914b81de4acfaa2ce5e201d33,
technical-fact-0045,technical,fact_candidate,362,duplicate_exact,精确重复，不新增,河北泰昌电力器材科技有限公司,河北泰昌电力器材科技有限公司,mixed_historical_bid,product_library,产品库资料,testing_capacity,试验检测能力,"[""电缆保护管通用""]",电缆保护管,"[""技术标""]","[""专项投标文件/12.检测检验报告（包括型式试验报告、检测报告、鉴定报告、检定报告、校准证书或报告、检测试验报告等相关报告）/12.2.更新校准证书/12.2.5.锤击试验装置""]",uncertain,needs_current_asset_match,internal,企业内部资料,review_only,仅限人工复核,rejected_duplicate,精确重复，不新增,泰昌试验检测能力历史候选第362页,泰昌技术补充文件,泰昌技术补充文件,试验检测能力,来源于泰昌技术补充文件，历史位置为“专项投标文件/12.检测检验报告（包括型式试验报告、检测报告、鉴定报告、检定报告、校准证书或报告、检测试验报告等相关报告）/12.2.更新校准证书/12.2.5.锤击试验装置”。当前仅用于泰昌资料人工复核，未获准进入正式标书。,"[""泰昌"", ""试验检测能力"", ""历史标书候选"", ""技术标"", ""电缆保护管通用""]",formal_material_caption,资料：泰昌试验检测能力,taichang-exact-b5096061fea00cd420e9,False,False,False,blocked,尚未通过P0-06人工批准,0.9,assets/template_words/技术补充文件.docx,（二）专项投标文件/12.检测检验报告（包括型式试验报告、检测报告、鉴定报告、检定报告、校准证书或报告、检测试验报告等相关报告）/12.2.更新校准证书/12.2.5.锤击试验装置,d1fbc41ef07be12f70886b605f4d841762f21746571f2f24b71ada6f9170ea9e,
technical-media-0352,technical,media,363,new,未发现重复，仍需审核,河北泰昌电力器材科技有限公司,河北泰昌电力器材科技有限公司,mixed_historical_bid,product_library,产品库资料,testing_capacity,试验检测能力,"[""电缆保护管通用""]",电缆保护管,"[""技术标""]","[""专项投标文件/12.检测检验报告（包括型式试验报告、检测报告、鉴定报告、检定报告、校准证书或报告、检测试验报告等相关报告）/12.2.更新校准证书/12.2.5.锤击试验装置""]",uncertain,needs_review,internal,企业内部资料,review_only,仅限人工复核,needs_customer_confirmation,需要客户确认,泰昌试验检测能力历史候选第363页,泰昌技术补充文件,泰昌技术补充文件,试验检测能力,来源于泰昌技术补充文件，历史位置为“专项投标文件/12.检测检验报告（包括型式试验报告、检测报告、鉴定报告、检定报告、校准证书或报告、检测试验报告等相关报告）/12.2.更新校准证书/12.2.5.锤击试验装置”。当前仅用于泰昌资料人工复核，未获准进入正式标书。,"[""泰昌"", ""试验检测能力"", ""历史标书候选"", ""技术标"", ""电缆保护管通用""]",formal_material_caption,资料：泰昌试验检测能力,,True,False,False,blocked,尚未通过P0-06人工批准,0.9,assets/template_words/技术补充文件.docx,（二）专项投标文件/12.检测检验报告（包括型式试验报告、检测报告、鉴定报告、检定报告、校准证书或报告、检测试验报告等相关报告）/12.2.更新校准证书/12.2.5.锤击试验装置,3cd400c8b6a262b00d5c3512f79d6726c795dc609df1ab015b5835ad7037f663,3cd400c8b6a262b00d5c3512f79d6726c795dc609df1ab015b5835ad7037f663
technical-media-0353,technical,media,363,new,未发现重复，仍需审核,河北泰昌电力器材科技有限公司,河北泰昌电力器材科技有限公司,mixed_historical_bid,product_library,产品库资料,testing_capacity,试验检测能力,"[""电缆保护管通用""]",电缆保护管,"[""技术标""]","[""专项投标文件/12.检测检验报告（包括型式试验报告、检测报告、鉴定报告、检定报告、校准证书或报告、检测试验报告等相关报告）/12.2.更新校准证书/12.2.5.锤击试验装置""]",uncertain,needs_review,internal,企业内部资料,review_only,仅限人工复核,needs_customer_confirmation,需要客户确认,泰昌试验检测能力历史候选第363页,泰昌技术补充文件,泰昌技术补充文件,试验检测能力,来源于泰昌技术补充文件，历史位置为“专项投标文件/12.检测检验报告（包括型式试验报告、检测报告、鉴定报告、检定报告、校准证书或报告、检测试验报告等相关报告）/12.2.更新校准证书/12.2.5.锤击试验装置”。当前仅用于泰昌资料人工复核，未获准进入正式标书。,"[""泰昌"", ""试验检测能力"", ""历史标书候选"", ""技术标"", ""电缆保护管通用""]",formal_material_caption,资料：泰昌试验检测能力,,True,False,False,blocked,尚未通过P0-06人工批准,0.9,assets/template_words/技术补充文件.docx,（二）专项投标文件/12.检测检验报告（包括型式试验报告、检测报告、鉴定报告、检定报告、校准证书或报告、检测试验报告等相关报告）/12.2.更新校准证书/12.2.5.锤击试验装置,f378aafaf30f066d48948a8d65fdb1a9f9aff3b2cfef3ae0cc10725b507190d4,f378aafaf30f066d48948a8d65fdb1a9f9aff3b2cfef3ae0cc10725b507190d4
technical-media-0354,technical,media,363,new,未发现重复，仍需审核,河北泰昌电力器材科技有限公司,河北泰昌电力器材科技有限公司,mixed_historical_bid,product_library,产品库资料,testing_capacity,试验检测能力,"[""电缆保护管通用""]",电缆保护管,"[""技术标""]","[""专项投标文件/12.检测检验报告（包括型式试验报告、检测报告、鉴定报告、检定报告、校准证书或报告、检测试验报告等相关报告）/12.2.更新校准证书/12.2.5.锤击试验装置""]",uncertain,needs_review,internal,企业内部资料,review_only,仅限人工复核,needs_customer_confirmation,需要客户确认,泰昌试验检测能力历史候选第363页,泰昌技术补充文件,泰昌技术补充文件,试验检测能力,来源于泰昌技术补充文件，历史位置为“专项投标文件/12.检测检验报告（包括型式试验报告、检测报告、鉴定报告、检定报告、校准证书或报告、检测试验报告等相关报告）/12.2.更新校准证书/12.2.5.锤击试验装置”。当前仅用于泰昌资料人工复核，未获准进入正式标书。,"[""泰昌"", ""试验检测能力"", ""历史标书候选"", ""技术标"", ""电缆保护管通用""]",formal_material_caption,资料：泰昌试验检测能力,,True,False,False,blocked,尚未通过P0-06人工批准,0.9,assets/template_words/技术补充文件.docx,（二）专项投标文件/12.检测检验报告（包括型式试验报告、检测报告、鉴定报告、检定报告、校准证书或报告、检测试验报告等相关报告）/12.2.更新校准证书/12.2.5.锤击试验装置,7711a24cfaeeb603ab8e97cb02c0088cd9f7d866bb031b3b603495d8be864c53,7711a24cfaeeb603ab8e97cb02c0088cd9f7d866bb031b3b603495d8be864c53
technical-chapter-071,technical,chapter,365,new,未发现重复，仍需审核,河北泰昌电力器材科技有限公司,河北泰昌电力器材科技有限公司,mixed_historical_bid,reference_template_library,历史参考资料,historical_structure_reference,历史目录结构参考,[],泰昌企业资料,"[""技术标""]","[""专项投标文件/12.检测检验报告（包括型式试验报告、检测报告、鉴定报告、检定报告、校准证书或报告、检测试验报告等相关报告）/12.2.更新校准证书/12.2.6.电子天平""]",uncertain,needs_review,internal,企业内部资料,review_only,仅限人工复核,not_asset_reference,非资产结构参考,泰昌技术标历史目录参考：专项投标文件/12.检测检验报告（包括型式试验报告、检测报告、鉴定报告、检定报告、校准证书或报告、检测试验报告等相关报告）/12.2.更新校准证书/12.2.6.电子天平,泰昌技术补充文件,泰昌技术补充文件,历史目录结构参考,来源于泰昌技术补充文件，历史位置为“专项投标文件/12.检测检验报告（包括型式试验报告、检测报告、鉴定报告、检定报告、校准证书或报告、检测试验报告等相关报告）/12.2.更新校准证书/12.2.6.电子天平”。当前仅用于泰昌资料人工复核，未获准进入正式标书。,"[""泰昌"", ""历史目录结构参考"", ""历史标书候选"", ""技术标""]",suppressed_document_page_caption,,,False,False,False,blocked,尚未通过P0-06人工批准,1.0,assets/template_words/技术补充文件.docx,（二）专项投标文件/12.检测检验报告（包括型式试验报告、检测报告、鉴定报告、检定报告、校准证书或报告、检测试验报告等相关报告）/12.2.更新校准证书/12.2.6.电子天平,869e4285e39f2b364bc53398fc8bfa2401e801fbc5921e996cbf083c7226823b,
technical-fact-0046,technical,fact_candidate,365,duplicate_exact,精确重复，不新增,河北泰昌电力器材科技有限公司,河北泰昌电力器材科技有限公司,mixed_historical_bid,product_library,产品库资料,testing_capacity,试验检测能力,"[""电缆保护管通用""]",电缆保护管,"[""技术标""]","[""专项投标文件/12.检测检验报告（包括型式试验报告、检测报告、鉴定报告、检定报告、校准证书或报告、检测试验报告等相关报告）/12.2.更新校准证书/12.2.6.电子天平""]",uncertain,needs_current_asset_match,internal,企业内部资料,review_only,仅限人工复核,rejected_duplicate,精确重复，不新增,泰昌试验检测能力历史候选第365页,泰昌技术补充文件,泰昌技术补充文件,试验检测能力,来源于泰昌技术补充文件，历史位置为“专项投标文件/12.检测检验报告（包括型式试验报告、检测报告、鉴定报告、检定报告、校准证书或报告、检测试验报告等相关报告）/12.2.更新校准证书/12.2.6.电子天平”。当前仅用于泰昌资料人工复核，未获准进入正式标书。,"[""泰昌"", ""试验检测能力"", ""历史标书候选"", ""技术标"", ""电缆保护管通用""]",formal_material_caption,资料：泰昌试验检测能力,taichang-exact-b2f0bfa9bad4e4651963,False,False,False,blocked,尚未通过P0-06人工批准,0.9,assets/template_words/技术补充文件.docx,（二）专项投标文件/12.检测检验报告（包括型式试验报告、检测报告、鉴定报告、检定报告、校准证书或报告、检测试验报告等相关报告）/12.2.更新校准证书/12.2.6.电子天平,b184468f76dd2b4590929e6bedfca739b150a2781c6021600719131bfc084213,
technical-media-0355,technical,media,366,new,未发现重复，仍需审核,河北泰昌电力器材科技有限公司,河北泰昌电力器材科技有限公司,mixed_historical_bid,product_library,产品库资料,testing_capacity,试验检测能力,"[""电缆保护管通用""]",电缆保护管,"[""技术标""]","[""专项投标文件/12.检测检验报告（包括型式试验报告、检测报告、鉴定报告、检定报告、校准证书或报告、检测试验报告等相关报告）/12.2.更新校准证书/12.2.6.电子天平""]",uncertain,needs_review,internal,企业内部资料,review_only,仅限人工复核,needs_customer_confirmation,需要客户确认,泰昌试验检测能力历史候选第366页,泰昌技术补充文件,泰昌技术补充文件,试验检测能力,来源于泰昌技术补充文件，历史位置为“专项投标文件/12.检测检验报告（包括型式试验报告、检测报告、鉴定报告、检定报告、校准证书或报告、检测试验报告等相关报告）/12.2.更新校准证书/12.2.6.电子天平”。当前仅用于泰昌资料人工复核，未获准进入正式标书。,"[""泰昌"", ""试验检测能力"", ""历史标书候选"", ""技术标"", ""电缆保护管通用""]",formal_material_caption,资料：泰昌试验检测能力,,True,False,False,blocked,尚未通过P0-06人工批准,0.9,assets/template_words/技术补充文件.docx,（二）专项投标文件/12.检测检验报告（包括型式试验报告、检测报告、鉴定报告、检定报告、校准证书或报告、检测试验报告等相关报告）/12.2.更新校准证书/12.2.6.电子天平,2f8807e62f03134a3f44e6bce6ebf01e9833f048de00237b6e4ef589357d6e22,2f8807e62f03134a3f44e6bce6ebf01e9833f048de00237b6e4ef589357d6e22
technical-media-0356,technical,media,366,new,未发现重复，仍需审核,河北泰昌电力器材科技有限公司,河北泰昌电力器材科技有限公司,mixed_historical_bid,product_library,产品库资料,testing_capacity,试验检测能力,"[""电缆保护管通用""]",电缆保护管,"[""技术标""]","[""专项投标文件/12.检测检验报告（包括型式试验报告、检测报告、鉴定报告、检定报告、校准证书或报告、检测试验报告等相关报告）/12.2.更新校准证书/12.2.6.电子天平""]",uncertain,needs_review,internal,企业内部资料,review_only,仅限人工复核,needs_customer_confirmation,需要客户确认,泰昌试验检测能力历史候选第366页,泰昌技术补充文件,泰昌技术补充文件,试验检测能力,来源于泰昌技术补充文件，历史位置为“专项投标文件/12.检测检验报告（包括型式试验报告、检测报告、鉴定报告、检定报告、校准证书或报告、检测试验报告等相关报告）/12.2.更新校准证书/12.2.6.电子天平”。当前仅用于泰昌资料人工复核，未获准进入正式标书。,"[""泰昌"", ""试验检测能力"", ""历史标书候选"", ""技术标"", ""电缆保护管通用""]",formal_material_caption,资料：泰昌试验检测能力,,True,False,False,blocked,尚未通过P0-06人工批准,0.9,assets/template_words/技术补充文件.docx,（二）专项投标文件/12.检测检验报告（包括型式试验报告、检测报告、鉴定报告、检定报告、校准证书或报告、检测试验报告等相关报告）/12.2.更新校准证书/12.2.6.电子天平,e230197cfa19a38225e6315632b0691c00125568622518f8b2971fc438405ba9,e230197cfa19a38225e6315632b0691c00125568622518f8b2971fc438405ba9
technical-media-0357,technical,media,366,new,未发现重复，仍需审核,河北泰昌电力器材科技有限公司,河北泰昌电力器材科技有限公司,mixed_historical_bid,product_library,产品库资料,testing_capacity,试验检测能力,"[""电缆保护管通用""]",电缆保护管,"[""技术标""]","[""专项投标文件/12.检测检验报告（包括型式试验报告、检测报告、鉴定报告、检定报告、校准证书或报告、检测试验报告等相关报告）/12.2.更新校准证书/12.2.6.电子天平""]",uncertain,needs_review,internal,企业内部资料,review_only,仅限人工复核,needs_customer_confirmation,需要客户确认,泰昌试验检测能力历史候选第366页,泰昌技术补充文件,泰昌技术补充文件,试验检测能力,来源于泰昌技术补充文件，历史位置为“专项投标文件/12.检测检验报告（包括型式试验报告、检测报告、鉴定报告、检定报告、校准证书或报告、检测试验报告等相关报告）/12.2.更新校准证书/12.2.6.电子天平”。当前仅用于泰昌资料人工复核，未获准进入正式标书。,"[""泰昌"", ""试验检测能力"", ""历史标书候选"", ""技术标"", ""电缆保护管通用""]",formal_material_caption,资料：泰昌试验检测能力,,True,False,False,blocked,尚未通过P0-06人工批准,0.9,assets/template_words/技术补充文件.docx,（二）专项投标文件/12.检测检验报告（包括型式试验报告、检测报告、鉴定报告、检定报告、校准证书或报告、检测试验报告等相关报告）/12.2.更新校准证书/12.2.6.电子天平,fb76bada541d32907b1b9a2c7cc09f8569e1211d9744a7bc05e9d3b28e7487ff,fb76bada541d32907b1b9a2c7cc09f8569e1211d9744a7bc05e9d3b28e7487ff
technical-chapter-072,technical,chapter,368,new,未发现重复，仍需审核,河北泰昌电力器材科技有限公司,河北泰昌电力器材科技有限公司,mixed_historical_bid,reference_template_library,历史参考资料,historical_structure_reference,历史目录结构参考,[],泰昌企业资料,"[""技术标""]","[""专项投标文件/13.其他""]",tender_mandated,needs_review,internal,企业内部资料,review_only,仅限人工复核,not_asset_reference,非资产结构参考,泰昌技术标历史目录参考：专项投标文件/13.其他,泰昌技术补充文件,泰昌技术补充文件,历史目录结构参考,来源于泰昌技术补充文件，历史位置为“专项投标文件/13.其他”。当前仅用于泰昌资料人工复核，未获准进入正式标书。,"[""泰昌"", ""历史目录结构参考"", ""历史标书候选"", ""技术标""]",suppressed_document_page_caption,,,False,False,False,blocked,尚未通过P0-06人工批准,1.0,assets/template_words/技术补充文件.docx,（二）专项投标文件/13.其他,d03ff0a5c5b59b2c4252a859e1049c7cf171bb31401bb7ab01a93c0c0c212946,
technical-chapter-073,technical,chapter,368,new,未发现重复，仍需审核,河北泰昌电力器材科技有限公司,河北泰昌电力器材科技有限公司,mixed_historical_bid,reference_template_library,历史参考资料,historical_structure_reference,历史目录结构参考,[],泰昌企业资料,"[""技术标""]","[""专项投标文件/13.其他/13.1.投标人自述的企业名称变更原因说明、市场监督管理部门出具的‘名称变更证明’相关证明材料、有权机构出具的‘资格资质变更证明’等相关证明材料。（如有）""]",tender_conditional,needs_review,internal,企业内部资料,review_only,仅限人工复核,not_asset_reference,非资产结构参考,泰昌技术标历史目录参考：专项投标文件/13.其他/13.1.投标人自述的企业名称变更原因说明、市场监督管理部门出具的‘名称变更证明’相关证明材料、有权机构出具的‘资格资质变更证明’等相关证明材料。（如有）,泰昌技术补充文件,泰昌技术补充文件,历史目录结构参考,来源于泰昌技术补充文件，历史位置为“专项投标文件/13.其他/13.1.投标人自述的企业名称变更原因说明、市场监督管理部门出具的‘名称变更证明’相关证明材料、有权机构出具的‘资格资质变更证明’等相关证明材料。（如有）”。当前仅用于泰昌资料人工复核，未获准进入正式标书。,"[""泰昌"", ""历史目录结构参考"", ""历史标书候选"", ""技术标""]",suppressed_document_page_caption,,,False,False,False,blocked,尚未通过P0-06人工批准,1.0,assets/template_words/技术补充文件.docx,（二）专项投标文件/13.其他/13.1.投标人自述的企业名称变更原因说明、市场监督管理部门出具的‘名称变更证明’相关证明材料、有权机构出具的‘资格资质变更证明’等相关证明材料。（如有）,d243ec20136e6d4d565f2d55495b21d70d9f2130c40f974f5937534b30e4e352,
business-fact-0001,business,fact_candidate,1,fact_conflict,事实冲突,河北泰昌电力器材科技有限公司,河北泰昌电力器材科技有限公司,mixed_historical_bid,reference_template_library,历史参考资料,project_context,历史项目上下文,[],泰昌企业资料,"[""商务标""]","[""未归入章节""]",uncertain,project_conflict_check_required,internal,企业内部资料,restricted,受限资料,rejected_conflict,事实冲突，禁止复用,泰昌历史项目上下文历史候选第1页,泰昌商务补充文件,泰昌商务补充文件,历史项目上下文,来源于泰昌商务补充文件，历史位置为“未归入章节”。当前仅用于泰昌资料人工复核，未获准进入正式标书。,"[""泰昌"", ""历史项目上下文"", ""历史标书候选"", ""商务标""]",suppressed_document_page_caption,,,False,False,False,blocked,尚未通过P0-06人工批准,1.0,assets/template_words/商务补充文件.docx,未归入章节,1da507cb8ca761d8e60d300c90d82705f6b7d5fdcecbced2456de38fa79e2b3c,
business-media-0001,business,media,1,duplicate_exact,精确重复，不新增,河北泰昌电力器材科技有限公司,河北泰昌电力器材科技有限公司,mixed_historical_bid,qualification_library,资信库资料,enterprise_evidence,企业证明材料,[],泰昌企业资料,"[""商务标""]","[""未归入章节""]",uncertain,needs_review,internal,企业内部资料,review_only,仅限人工复核,rejected_duplicate,精确重复，不新增,泰昌企业证明材料历史候选第1页,泰昌商务补充文件,泰昌商务补充文件,企业证明材料,来源于泰昌商务补充文件，历史位置为“未归入章节”。当前仅用于泰昌资料人工复核，未获准进入正式标书。,"[""泰昌"", ""企业证明材料"", ""历史标书候选"", ""商务标""]",suppressed_document_page_caption,,taichang-visual-review-2137b36704aaafab504a,False,False,False,blocked,尚未通过P0-06人工批准,0.45,assets/template_words/商务补充文件.docx,未归入章节,da2418eb84c5b466c62f92b2c08defbee1aa3eb16f09ef3d414132378b0987b2,da2418eb84c5b466c62f92b2c08defbee1aa3eb16f09ef3d414132378b0987b2
business-chapter-001,business,chapter,4,new,未发现重复，仍需审核,河北泰昌电力器材科技有限公司,河北泰昌电力器材科技有限公司,mixed_historical_bid,reference_template_library,历史参考资料,historical_structure_reference,历史目录结构参考,[],泰昌企业资料,"[""商务标""]","[""商务偏差表""]",tender_mandated,needs_review,internal,企业内部资料,review_only,仅限人工复核,not_asset_reference,非资产结构参考,泰昌商务标历史目录参考：商务偏差表,泰昌商务补充文件,泰昌商务补充文件,历史目录结构参考,来源于泰昌商务补充文件，历史位置为“商务偏差表”。当前仅用于泰昌资料人工复核，未获准进入正式标书。,"[""泰昌"", ""历史目录结构参考"", ""历史标书候选"", ""商务标""]",suppressed_document_page_caption,,,False,False,False,blocked,尚未通过P0-06人工批准,1.0,assets/template_words/商务补充文件.docx,（一）商务偏差表,480cc2fc9f42798aa18e3276a743827cd6ac6dae39bee2e701d5f17cccdb7644,
business-chapter-002,business,chapter,4,new,未发现重复，仍需审核,河北泰昌电力器材科技有限公司,河北泰昌电力器材科技有限公司,mixed_historical_bid,reference_template_library,历史参考资料,historical_structure_reference,历史目录结构参考,[],泰昌企业资料,"[""商务标""]","[""商务偏差表/1.商务偏差表""]",tender_mandated,needs_review,internal,企业内部资料,review_only,仅限人工复核,not_asset_reference,非资产结构参考,泰昌商务标历史目录参考：商务偏差表/1.商务偏差表,泰昌商务补充文件,泰昌商务补充文件,历史目录结构参考,来源于泰昌商务补充文件，历史位置为“商务偏差表/1.商务偏差表”。当前仅用于泰昌资料人工复核，未获准进入正式标书。,"[""泰昌"", ""历史目录结构参考"", ""历史标书候选"", ""商务标""]",suppressed_document_page_caption,,,False,False,False,blocked,尚未通过P0-06人工批准,1.0,assets/template_words/商务补充文件.docx,（一）商务偏差表/1.商务偏差表,d8f19a7957937dcb1e8b59fca468cf96440d4a68851e5f0ecd9fe74c6b60078c,
business-fact-0002,business,fact_candidate,4,fact_conflict,事实冲突,河北泰昌电力器材科技有限公司,河北泰昌电力器材科技有限公司,mixed_historical_bid,reference_template_library,历史参考资料,project_context,历史项目上下文,[],泰昌企业资料,"[""商务标""]","[""商务偏差表/1.商务偏差表""]",tender_mandated,project_conflict_check_required,internal,企业内部资料,restricted,受限资料,rejected_conflict,事实冲突，禁止复用,泰昌历史项目上下文历史候选第4页,泰昌商务补充文件,泰昌商务补充文件,历史项目上下文,来源于泰昌商务补充文件，历史位置为“商务偏差表/1.商务偏差表”。当前仅用于泰昌资料人工复核，未获准进入正式标书。,"[""泰昌"", ""历史项目上下文"", ""历史标书候选"", ""商务标""]",suppressed_document_page_caption,,,False,False,False,blocked,尚未通过P0-06人工批准,1.0,assets/template_words/商务补充文件.docx,（一）商务偏差表/1.商务偏差表,738feab51fe7e166450efd6b11cc5871ec72e2ba8f1234721608c3582c2b4a70,
business-fact-0003,business,fact_candidate,4,fact_conflict,事实冲突,河北泰昌电力器材科技有限公司,河北泰昌电力器材科技有限公司,mixed_historical_bid,reference_template_library,历史参考资料,project_context,历史项目上下文,[],泰昌企业资料,"[""商务标""]","[""商务偏差表/1.商务偏差表""]",tender_mandated,project_conflict_check_required,internal,企业内部资料,restricted,受限资料,rejected_conflict,事实冲突，禁止复用,泰昌历史项目上下文历史候选第4页,泰昌商务补充文件,泰昌商务补充文件,历史项目上下文,来源于泰昌商务补充文件，历史位置为“商务偏差表/1.商务偏差表”。当前仅用于泰昌资料人工复核，未获准进入正式标书。,"[""泰昌"", ""历史项目上下文"", ""历史标书候选"", ""商务标""]",suppressed_document_page_caption,,,False,False,False,blocked,尚未通过P0-06人工批准,1.0,assets/template_words/商务补充文件.docx,（一）商务偏差表/1.商务偏差表,1da507cb8ca761d8e60d300c90d82705f6b7d5fdcecbced2456de38fa79e2b3c,
business-fact-0004,business,fact_candidate,4,duplicate_exact,精确重复，不新增,河北泰昌电力器材科技有限公司,河北泰昌电力器材科技有限公司,mixed_historical_bid,product_library,产品库资料,product_parameter_table,产品参数表,"[""电缆保护管通用""]",电缆保护管,"[""商务标""]","[""商务偏差表/1.商务偏差表""]",tender_mandated,coverage_unconfirmed,internal,企业内部资料,review_only,仅限人工复核,rejected_duplicate,精确重复，不新增,泰昌产品参数表历史候选第4页,泰昌商务补充文件,泰昌商务补充文件,产品参数表,来源于泰昌商务补充文件，历史位置为“商务偏差表/1.商务偏差表”。当前仅用于泰昌资料人工复核，未获准进入正式标书。,"[""泰昌"", ""产品参数表"", ""历史标书候选"", ""商务标"", ""电缆保护管通用""]",suppressed_document_page_caption,,taichang-exact-a52d25d31e556a2ae3c4,False,False,False,blocked,尚未通过P0-06人工批准,0.85,assets/template_words/商务补充文件.docx,（一）商务偏差表/1.商务偏差表,1e0dbd60795ef883369a0e31cb3f16ad10beca7cfe04248e2b9c2bacdff0ddef,
business-table-001,business,table,4,new,未发现重复，仍需审核,河北泰昌电力器材科技有限公司,河北泰昌电力器材科技有限公司,mixed_historical_bid,product_library,产品库资料,product_parameter_table,产品参数表,"[""电缆保护管通用""]",电缆保护管,"[""商务标""]","[""商务偏差表/1.商务偏差表""]",tender_mandated,needs_review,internal,企业内部资料,review_only,仅限人工复核,not_asset_reference,非资产结构参考,泰昌商务标历史表单参考：商务偏差表/1.商务偏差表,泰昌商务补充文件,泰昌商务补充文件,产品参数表,来源于泰昌商务补充文件，历史位置为“商务偏差表/1.商务偏差表”。当前仅用于泰昌资料人工复核，未获准进入正式标书。,"[""泰昌"", ""产品参数表"", ""历史标书候选"", ""商务标"", ""电缆保护管通用""]",suppressed_document_page_caption,,,False,False,False,blocked,尚未通过P0-06人工批准,0.9,assets/template_words/商务补充文件.docx,（一）商务偏差表/1.商务偏差表,cefbf75600552a5e86855f9a83fbc710ad53fd6fa2b24cd73b681b6e609ff052,
business-chapter-003,business,chapter,5,new,未发现重复，仍需审核,河北泰昌电力器材科技有限公司,河北泰昌电力器材科技有限公司,mixed_historical_bid,reference_template_library,历史参考资料,historical_structure_reference,历史目录结构参考,[],泰昌企业资料,"[""商务标""]","[""投标保证保险""]",tender_conditional,needs_review,internal,企业内部资料,review_only,仅限人工复核,not_asset_reference,非资产结构参考,泰昌商务标历史目录参考：投标保证保险,泰昌商务补充文件,泰昌商务补充文件,历史目录结构参考,来源于泰昌商务补充文件，历史位置为“投标保证保险”。当前仅用于泰昌资料人工复核，未获准进入正式标书。,"[""泰昌"", ""历史目录结构参考"", ""历史标书候选"", ""商务标""]",suppressed_document_page_caption,,,False,False,False,blocked,尚未通过P0-06人工批准,1.0,assets/template_words/商务补充文件.docx,（二）投标保证保险,6dd4111f8e50c39962ac1ae8be54be614b7f455226037459648e62808ee40b61,
business-chapter-004,business,chapter,6,new,未发现重复，仍需审核,河北泰昌电力器材科技有限公司,河北泰昌电力器材科技有限公司,mixed_historical_bid,reference_template_library,历史参考资料,historical_structure_reference,历史目录结构参考,[],泰昌企业资料,"[""商务标""]","[""补充文件""]",tender_mandated,needs_review,internal,企业内部资料,review_only,仅限人工复核,not_asset_reference,非资产结构参考,泰昌商务标历史目录参考：补充文件,泰昌商务补充文件,泰昌商务补充文件,历史目录结构参考,来源于泰昌商务补充文件，历史位置为“补充文件”。当前仅用于泰昌资料人工复核，未获准进入正式标书。,"[""泰昌"", ""历史目录结构参考"", ""历史标书候选"", ""商务标""]",suppressed_document_page_caption,,,False,False,False,blocked,尚未通过P0-06人工批准,1.0,assets/template_words/商务补充文件.docx,(三)补充文件,d85095238fa9b3fe729c9342aee24f742af3912b7ca93af9081f14f57e7831a5,
business-chapter-005,business,chapter,6,new,未发现重复，仍需审核,河北泰昌电力器材科技有限公司,河北泰昌电力器材科技有限公司,mixed_historical_bid,reference_template_library,历史参考资料,historical_structure_reference,历史目录结构参考,[],泰昌企业资料,"[""商务标""]","[""补充文件/1.投标保证金""]",uncertain,needs_review,internal,企业内部资料,review_only,仅限人工复核,not_asset_reference,非资产结构参考,泰昌商务标历史目录参考：补充文件/1.投标保证金,泰昌商务补充文件,泰昌商务补充文件,历史目录结构参考,来源于泰昌商务补充文件，历史位置为“补充文件/1.投标保证金”。当前仅用于泰昌资料人工复核，未获准进入正式标书。,"[""泰昌"", ""历史目录结构参考"", ""历史标书候选"", ""商务标""]",suppressed_document_page_caption,,,False,False,False,blocked,尚未通过P0-06人工批准,1.0,assets/template_words/商务补充文件.docx,(三)补充文件/1.投标保证金,d6a8a1164b26e21d7e5cacb23e438117f6e886686487c3f698dc6556ce6d906a,
business-chapter-006,business,chapter,7,new,未发现重复，仍需审核,河北泰昌电力器材科技有限公司,河北泰昌电力器材科技有限公司,mixed_historical_bid,reference_template_library,历史参考资料,historical_structure_reference,历史目录结构参考,[],泰昌企业资料,"[""商务标""]","[""补充文件/2.投标人情况""]",tender_mandated,needs_review,internal,企业内部资料,review_only,仅限人工复核,not_asset_reference,非资产结构参考,泰昌商务标历史目录参考：补充文件/2.投标人情况,泰昌商务补充文件,泰昌商务补充文件,历史目录结构参考,来源于泰昌商务补充文件，历史位置为“补充文件/2.投标人情况”。当前仅用于泰昌资料人工复核，未获准进入正式标书。,"[""泰昌"", ""历史目录结构参考"", ""历史标书候选"", ""商务标""]",suppressed_document_page_caption,,,False,False,False,blocked,尚未通过P0-06人工批准,1.0,assets/template_words/商务补充文件.docx,(三)补充文件/2.投标人情况,8ec7850adddb59b5e19715cdae5b440b1cdf1a90ba89c3294dcc7a5fb2e1b842,
business-chapter-007,business,chapter,7,new,未发现重复，仍需审核,河北泰昌电力器材科技有限公司,河北泰昌电力器材科技有限公司,mixed_historical_bid,reference_template_library,历史参考资料,historical_structure_reference,历史目录结构参考,[],泰昌企业资料,"[""商务标""]","[""补充文件/2.投标人情况/2.1.投标人与国家电网公司系统人员关系说明""]",tender_mandated,needs_review,internal,企业内部资料,review_only,仅限人工复核,not_asset_reference,非资产结构参考,泰昌商务标历史目录参考：补充文件/2.投标人情况/2.1.投标人与国家电网公司系统人员关系说明,泰昌商务补充文件,泰昌商务补充文件,历史目录结构参考,来源于泰昌商务补充文件，历史位置为“补充文件/2.投标人情况/2.1.投标人与国家电网公司系统人员关系说明”。当前仅用于泰昌资料人工复核，未获准进入正式标书。,"[""泰昌"", ""历史目录结构参考"", ""历史标书候选"", ""商务标""]",suppressed_document_page_caption,,,False,False,False,blocked,尚未通过P0-06人工批准,1.0,assets/template_words/商务补充文件.docx,(三)补充文件/2.投标人情况/2.1.投标人与国家电网公司系统人员关系说明,74eec80372d344aa7ebb398c7c61809d5de126fb1d059e43b42073950bc023bb,
business-media-0002,business,media,7,duplicate_exact,精确重复，不新增,河北泰昌电力器材科技有限公司,河北泰昌电力器材科技有限公司,mixed_historical_bid,qualification_library,资信库资料,enterprise_evidence,企业证明材料,[],泰昌企业资料,"[""商务标""]","[""补充文件/2.投标人情况/2.1.投标人与国家电网公司系统人员关系说明""]",tender_mandated,needs_review,internal,企业内部资料,review_only,仅限人工复核,rejected_duplicate,精确重复，不新增,泰昌企业证明材料历史候选第7页,泰昌商务补充文件,泰昌商务补充文件,企业证明材料,来源于泰昌商务补充文件，历史位置为“补充文件/2.投标人情况/2.1.投标人与国家电网公司系统人员关系说明”。当前仅用于泰昌资料人工复核，未获准进入正式标书。,"[""泰昌"", ""企业证明材料"", ""历史标书候选"", ""商务标""]",suppressed_document_page_caption,,taichang-visual-review-817351f1a96e400c3455,False,False,False,blocked,尚未通过P0-06人工批准,0.45,assets/template_words/商务补充文件.docx,(三)补充文件/2.投标人情况/2.1.投标人与国家电网公司系统人员关系说明,4c8dd0dc0bdac2ff1a4980e1eae6d53c5a1c5b65a2e79aa793d44c399d51cd47,4c8dd0dc0bdac2ff1a4980e1eae6d53c5a1c5b65a2e79aa793d44c399d51cd47
business-chapter-008,business,chapter,8,new,未发现重复，仍需审核,河北泰昌电力器材科技有限公司,河北泰昌电力器材科技有限公司,mixed_historical_bid,reference_template_library,历史参考资料,historical_structure_reference,历史目录结构参考,[],泰昌企业资料,"[""商务标""]","[""补充文件/2.投标人情况/2.2投标人基本情况表""]",tender_mandated,needs_review,internal,企业内部资料,review_only,仅限人工复核,not_asset_reference,非资产结构参考,泰昌商务标历史目录参考：补充文件/2.投标人情况/2.2投标人基本情况表,泰昌商务补充文件,泰昌商务补充文件,历史目录结构参考,来源于泰昌商务补充文件，历史位置为“补充文件/2.投标人情况/2.2投标人基本情况表”。当前仅用于泰昌资料人工复核，未获准进入正式标书。,"[""泰昌"", ""历史目录结构参考"", ""历史标书候选"", ""商务标""]",suppressed_document_page_caption,,,False,False,False,blocked,尚未通过P0-06人工批准,1.0,assets/template_words/商务补充文件.docx,(三)补充文件/2.投标人情况/2.2投标人基本情况表,950fcc75c3c909548dc166fa80942c31b92ac35fe3694acc599bccef4eed3306,
business-table-002,business,table,9,new,未发现重复，仍需审核,河北泰昌电力器材科技有限公司,河北泰昌电力器材科技有限公司,mixed_historical_bid,reference_template_library,历史参考资料,historical_form_reference,历史表单结构参考,[],泰昌企业资料,"[""商务标""]","[""补充文件/2.投标人情况/2.2投标人基本情况表""]",tender_mandated,needs_review,internal,企业内部资料,review_only,仅限人工复核,not_asset_reference,非资产结构参考,泰昌商务标历史表单参考：补充文件/2.投标人情况/2.2投标人基本情况表,泰昌商务补充文件,泰昌商务补充文件,历史表单结构参考,来源于泰昌商务补充文件，历史位置为“补充文件/2.投标人情况/2.2投标人基本情况表”。当前仅用于泰昌资料人工复核，未获准进入正式标书。,"[""泰昌"", ""历史表单结构参考"", ""历史标书候选"", ""商务标""]",suppressed_document_page_caption,,,False,False,False,blocked,尚未通过P0-06人工批准,0.85,assets/template_words/商务补充文件.docx,(三)补充文件/2.投标人情况/2.2投标人基本情况表,db82ba277d45cb27e73fddf84512204de9c6b3d2048d875ef1236837d9fc5758,
business-table-003,business,table,9,new,未发现重复，仍需审核,河北泰昌电力器材科技有限公司,河北泰昌电力器材科技有限公司,mixed_historical_bid,reference_template_library,历史参考资料,historical_form_reference,历史表单结构参考,[],泰昌企业资料,"[""商务标""]","[""补充文件/2.投标人情况/2.2投标人基本情况表""]",tender_mandated,needs_review,sensitive,敏感资料,restricted,受限资料,not_asset_reference,非资产结构参考,泰昌商务标历史表单参考：补充文件/2.投标人情况/2.2投标人基本情况表,泰昌商务补充文件,泰昌商务补充文件,历史表单结构参考,来源于泰昌商务补充文件，历史位置为“补充文件/2.投标人情况/2.2投标人基本情况表”。当前仅用于泰昌资料人工复核，未获准进入正式标书。,"[""泰昌"", ""历史表单结构参考"", ""历史标书候选"", ""商务标""]",suppressed_document_page_caption,,,False,False,False,blocked,尚未通过P0-06人工批准,0.85,assets/template_words/商务补充文件.docx,(三)补充文件/2.投标人情况/2.2投标人基本情况表,b42e37c4f9494ed28579b96d6e3e06ba12a2b4fd491eaea6bc71af87da292cfc,
business-chapter-009,business,chapter,9,new,未发现重复，仍需审核,河北泰昌电力器材科技有限公司,河北泰昌电力器材科技有限公司,mixed_historical_bid,reference_template_library,历史参考资料,historical_structure_reference,历史目录结构参考,[],泰昌企业资料,"[""商务标""]","[""补充文件/2.投标人情况/附：国家企业信用信息公示系统（http://www.gsxt.gov.cn）查询的股东（企业或自然人）名称及详细出资情况截图""]",reference_layout_only,needs_review,sensitive,敏感资料,restricted,受限资料,not_asset_reference,非资产结构参考,泰昌商务标历史目录参考：补充文件/2.投标人情况/附：国家企业信用信息公示系统（http://www.gsxt.gov.cn）查询的股东（企业或自然人）名称及详细出资情况截图,泰昌商务补充文件,泰昌商务补充文件,历史目录结构参考,来源于泰昌商务补充文件，历史位置为“补充文件/2.投标人情况/附：国家企业信用信息公示系统（http://www.gsxt.gov.cn）查询的股东（企业或自然人）名称及详细出资情况截图”。当前仅用于泰昌资料人工复核，未获准进入正式标书。,"[""泰昌"", ""历史目录结构参考"", ""历史标书候选"", ""商务标""]",suppressed_document_page_caption,,,False,False,False,blocked,尚未通过P0-06人工批准,1.0,assets/template_words/商务补充文件.docx,(三)补充文件/2.投标人情况/附：国家企业信用信息公示系统（http://www.gsxt.gov.cn）查询的股东（企业或自然人）名称及详细出资情况截图,ad4aa91741fb0aabfaa532dbf085054b1a151a361f3cc3a8ee899673b4906fc8,
business-media-0003,business,media,9,new,未发现重复，仍需审核,河北泰昌电力器材科技有限公司,河北泰昌电力器材科技有限公司,mixed_historical_bid,qualification_library,资信库资料,enterprise_evidence,企业证明材料,[],泰昌企业资料,"[""商务标""]","[""补充文件/2.投标人情况/附：国家企业信用信息公示系统（http://www.gsxt.gov.cn）查询的股东（企业或自然人）名称及详细出资情况截图""]",reference_layout_only,needs_review,sensitive,敏感资料,restricted,受限资料,needs_customer_confirmation,需要客户确认,泰昌企业证明材料历史候选第9页,泰昌商务补充文件,泰昌商务补充文件,企业证明材料,来源于泰昌商务补充文件，历史位置为“补充文件/2.投标人情况/附：国家企业信用信息公示系统（http://www.gsxt.gov.cn）查询的股东（企业或自然人）名称及详细出资情况截图”。当前仅用于泰昌资料人工复核，未获准进入正式标书。,"[""泰昌"", ""企业证明材料"", ""历史标书候选"", ""商务标""]",suppressed_document_page_caption,,,True,False,False,blocked,尚未通过P0-06人工批准,0.45,assets/template_words/商务补充文件.docx,(三)补充文件/2.投标人情况/附：国家企业信用信息公示系统（http://www.gsxt.gov.cn）查询的股东（企业或自然人）名称及详细出资情况截图,e392b4ea069af61a956088c2803512a2292873c1bb8a5b1b3d2d18a238a803f5,e392b4ea069af61a956088c2803512a2292873c1bb8a5b1b3d2d18a238a803f5
business-chapter-010,business,chapter,10,new,未发现重复，仍需审核,河北泰昌电力器材科技有限公司,河北泰昌电力器材科技有限公司,mixed_historical_bid,reference_template_library,历史参考资料,historical_structure_reference,历史目录结构参考,[],泰昌企业资料,"[""商务标""]","[""补充文件/2.投标人情况/附：股权证明材料""]",reference_layout_only,needs_review,internal,企业内部资料,review_only,仅限人工复核,not_asset_reference,非资产结构参考,泰昌商务标历史目录参考：补充文件/2.投标人情况/附：股权证明材料,泰昌商务补充文件,泰昌商务补充文件,历史目录结构参考,来源于泰昌商务补充文件，历史位置为“补充文件/2.投标人情况/附：股权证明材料”。当前仅用于泰昌资料人工复核，未获准进入正式标书。,"[""泰昌"", ""历史目录结构参考"", ""历史标书候选"", ""商务标""]",suppressed_document_page_caption,,,False,False,False,blocked,尚未通过P0-06人工批准,1.0,assets/template_words/商务补充文件.docx,(三)补充文件/2.投标人情况/附：股权证明材料,943432bde11ac026ab2e118bbb5daa5c08df7b6278d5a13cad6e2d14fb513d96,
business-media-0004,business,media,11,new,未发现重复，仍需审核,河北泰昌电力器材科技有限公司,河北泰昌电力器材科技有限公司,mixed_historical_bid,qualification_library,资信库资料,enterprise_evidence,企业证明材料,[],泰昌企业资料,"[""商务标""]","[""补充文件/2.投标人情况/附：股权证明材料""]",reference_layout_only,needs_review,internal,企业内部资料,review_only,仅限人工复核,needs_customer_confirmation,需要客户确认,泰昌企业证明材料历史候选第11页,泰昌商务补充文件,泰昌商务补充文件,企业证明材料,来源于泰昌商务补充文件，历史位置为“补充文件/2.投标人情况/附：股权证明材料”。当前仅用于泰昌资料人工复核，未获准进入正式标书。,"[""泰昌"", ""企业证明材料"", ""历史标书候选"", ""商务标""]",suppressed_document_page_caption,,,True,False,False,blocked,尚未通过P0-06人工批准,0.45,assets/template_words/商务补充文件.docx,(三)补充文件/2.投标人情况/附：股权证明材料,27b367b237548fc2949b487117355d11679012cda1505ea66f6124d9fe9db4c6,27b367b237548fc2949b487117355d11679012cda1505ea66f6124d9fe9db4c6
business-chapter-011,business,chapter,11,new,未发现重复，仍需审核,河北泰昌电力器材科技有限公司,河北泰昌电力器材科技有限公司,mixed_historical_bid,reference_template_library,历史参考资料,historical_structure_reference,历史目录结构参考,[],泰昌企业资料,"[""商务标""]","[""补充文件/3.企业法人营业执照""]",reference_layout_only,needs_review,internal,企业内部资料,review_only,仅限人工复核,not_asset_reference,非资产结构参考,泰昌商务标历史目录参考：补充文件/3.企业法人营业执照,泰昌商务补充文件,泰昌商务补充文件,历史目录结构参考,来源于泰昌商务补充文件，历史位置为“补充文件/3.企业法人营业执照”。当前仅用于泰昌资料人工复核，未获准进入正式标书。,"[""泰昌"", ""历史目录结构参考"", ""历史标书候选"", ""商务标""]",suppressed_document_page_caption,,,False,False,False,blocked,尚未通过P0-06人工批准,1.0,assets/template_words/商务补充文件.docx,(三)补充文件/3.企业法人营业执照,244278e3ea04af6bc85b2a35d56843e690d1ceb58b96f4bed458fe0eda248ce5,
business-media-0005,business,media,12,new,未发现重复，仍需审核,河北泰昌电力器材科技有限公司,河北泰昌电力器材科技有限公司,mixed_historical_bid,qualification_library,资信库资料,business_license,基础证照,[],泰昌企业资料,"[""商务标""]","[""补充文件/3.企业法人营业执照""]",reference_layout_only,needs_review,internal,企业内部资料,review_only,仅限人工复核,needs_customer_confirmation,需要客户确认,泰昌基础证照历史候选第12页,泰昌商务补充文件,泰昌商务补充文件,基础证照,来源于泰昌商务补充文件，历史位置为“补充文件/3.企业法人营业执照”。当前仅用于泰昌资料人工复核，未获准进入正式标书。,"[""泰昌"", ""基础证照"", ""历史标书候选"", ""商务标""]",suppressed_document_page_caption,,,True,False,False,blocked,尚未通过P0-06人工批准,0.85,assets/template_words/商务补充文件.docx,(三)补充文件/3.企业法人营业执照,e0a3ad8d2724c820f73929c352cbd9bc06c46482a9b56ae808eebd41c2f3f0b5,e0a3ad8d2724c820f73929c352cbd9bc06c46482a9b56ae808eebd41c2f3f0b5
business-chapter-012,business,chapter,12,new,未发现重复，仍需审核,河北泰昌电力器材科技有限公司,河北泰昌电力器材科技有限公司,mixed_historical_bid,reference_template_library,历史参考资料,historical_structure_reference,历史目录结构参考,[],泰昌企业资料,"[""商务标""]","[""补充文件/4.有效的税务登记证明""]",tender_mandated,needs_review,internal,企业内部资料,review_only,仅限人工复核,not_asset_reference,非资产结构参考,泰昌商务标历史目录参考：补充文件/4.有效的税务登记证明,泰昌商务补充文件,泰昌商务补充文件,历史目录结构参考,来源于泰昌商务补充文件，历史位置为“补充文件/4.有效的税务登记证明”。当前仅用于泰昌资料人工复核，未获准进入正式标书。,"[""泰昌"", ""历史目录结构参考"", ""历史标书候选"", ""商务标""]",suppressed_document_page_caption,,,False,False,False,blocked,尚未通过P0-06人工批准,1.0,assets/template_words/商务补充文件.docx,(三)补充文件/4.有效的税务登记证明,240fa7c953713895d9d2fd40baa6cac5d8c9ba61aaa7eff5fb88bb48c1513d65,
business-media-0006,business,media,13,duplicate_exact,精确重复，不新增,河北泰昌电力器材科技有限公司,河北泰昌电力器材科技有限公司,mixed_historical_bid,qualification_library,资信库资料,enterprise_evidence,企业证明材料,[],泰昌企业资料,"[""商务标""]","[""补充文件/4.有效的税务登记证明""]",tender_mandated,needs_review,internal,企业内部资料,review_only,仅限人工复核,rejected_duplicate,精确重复，不新增,泰昌企业证明材料历史候选第13页,泰昌商务补充文件,泰昌商务补充文件,企业证明材料,来源于泰昌商务补充文件，历史位置为“补充文件/4.有效的税务登记证明”。当前仅用于泰昌资料人工复核，未获准进入正式标书。,"[""泰昌"", ""企业证明材料"", ""历史标书候选"", ""商务标""]",suppressed_document_page_caption,,taichang-exact-af470c703407ff81522d,False,False,False,blocked,尚未通过P0-06人工批准,0.45,assets/template_words/商务补充文件.docx,(三)补充文件/4.有效的税务登记证明,e0a3ad8d2724c820f73929c352cbd9bc06c46482a9b56ae808eebd41c2f3f0b5,e0a3ad8d2724c820f73929c352cbd9bc06c46482a9b56ae808eebd41c2f3f0b5
business-chapter-013,business,chapter,13,new,未发现重复，仍需审核,河北泰昌电力器材科技有限公司,河北泰昌电力器材科技有限公司,mixed_historical_bid,reference_template_library,历史参考资料,historical_structure_reference,历史目录结构参考,[],泰昌企业资料,"[""商务标""]","[""补充文件/5.符合招标文件投标人资格要求的证明文件""]",tender_mandated,needs_review,internal,企业内部资料,review_only,仅限人工复核,not_asset_reference,非资产结构参考,泰昌商务标历史目录参考：补充文件/5.符合招标文件投标人资格要求的证明文件,泰昌商务补充文件,泰昌商务补充文件,历史目录结构参考,来源于泰昌商务补充文件，历史位置为“补充文件/5.符合招标文件投标人资格要求的证明文件”。当前仅用于泰昌资料人工复核，未获准进入正式标书。,"[""泰昌"", ""历史目录结构参考"", ""历史标书候选"", ""商务标""]",suppressed_document_page_caption,,,False,False,False,blocked,尚未通过P0-06人工批准,1.0,assets/template_words/商务补充文件.docx,(三)补充文件/5.符合招标文件投标人资格要求的证明文件,b6e783d6e876efbae32a141d39e1ed472f6b3fe0e99b3d16c1c8e0e018b61d7a,
business-chapter-014,business,chapter,13,new,未发现重复，仍需审核,河北泰昌电力器材科技有限公司,河北泰昌电力器材科技有限公司,mixed_historical_bid,reference_template_library,历史参考资料,historical_structure_reference,历史目录结构参考,[],泰昌企业资料,"[""商务标""]","[""补充文件/5.符合招标文件投标人资格要求的证明文件/5.1.符合投标邀请书投标人资格要求的证明文件（更新或补充）""]",tender_conditional,needs_review,internal,企业内部资料,review_only,仅限人工复核,not_asset_reference,非资产结构参考,泰昌商务标历史目录参考：补充文件/5.符合招标文件投标人资格要求的证明文件/5.1.符合投标邀请书投标人资格要求的证明文件（更新或补充）,泰昌商务补充文件,泰昌商务补充文件,历史目录结构参考,来源于泰昌商务补充文件，历史位置为“补充文件/5.符合招标文件投标人资格要求的证明文件/5.1.符合投标邀请书投标人资格要求的证明文件（更新或补充）”。当前仅用于泰昌资料人工复核，未获准进入正式标书。,"[""泰昌"", ""历史目录结构参考"", ""历史标书候选"", ""商务标""]",suppressed_document_page_caption,,,False,False,False,blocked,尚未通过P0-06人工批准,1.0,assets/template_words/商务补充文件.docx,(三)补充文件/5.符合招标文件投标人资格要求的证明文件/5.1.符合投标邀请书投标人资格要求的证明文件（更新或补充）,0ade8edac657f7b097bc768839fcd2895dcab93fb1729a32bba236c2a2f41312,
business-chapter-015,business,chapter,13,new,未发现重复，仍需审核,河北泰昌电力器材科技有限公司,河北泰昌电力器材科技有限公司,mixed_historical_bid,reference_template_library,历史参考资料,historical_structure_reference,历史目录结构参考,[],泰昌企业资料,"[""商务标""]","[""补充文件/5.符合招标文件投标人资格要求的证明文件/5.1.符合投标邀请书投标人资格要求的证明文件（更新或补充）/5.1.1.资格预审结果通知书""]",reference_layout_only,needs_review,internal,企业内部资料,review_only,仅限人工复核,not_asset_reference,非资产结构参考,泰昌商务标历史目录参考：补充文件/5.符合招标文件投标人资格要求的证明文件/5.1.符合投标邀请书投标人资格要求的证明文件（更新或补充）/5.1.1.资格预审结果通知书,泰昌商务补充文件,泰昌商务补充文件,历史目录结构参考,来源于泰昌商务补充文件，历史位置为“补充文件/5.符合招标文件投标人资格要求的证明文件/5.1.符合投标邀请书投标人资格要求的证明文件（更新或补充）/5.1.1.资格预审结果通知书”。当前仅用于泰昌资料人工复核，未获准进入正式标书。,"[""泰昌"", ""历史目录结构参考"", ""历史标书候选"", ""商务标""]",suppressed_document_page_caption,,,False,False,False,blocked,尚未通过P0-06人工批准,1.0,assets/template_words/商务补充文件.docx,(三)补充文件/5.符合招标文件投标人资格要求的证明文件/5.1.符合投标邀请书投标人资格要求的证明文件（更新或补充）/5.1.1.资格预审结果通知书,8b5fa9894da55727632e60df28b011d2535d28ecb5a0483d2be147cfa130ec21,
business-media-0007,business,media,13,duplicate_exact,精确重复，不新增,河北泰昌电力器材科技有限公司,河北泰昌电力器材科技有限公司,mixed_historical_bid,qualification_library,资信库资料,enterprise_evidence,企业证明材料,[],泰昌企业资料,"[""商务标""]","[""补充文件/5.符合招标文件投标人资格要求的证明文件/5.1.符合投标邀请书投标人资格要求的证明文件（更新或补充）/5.1.1.资格预审结果通知书""]",reference_layout_only,needs_review,internal,企业内部资料,review_only,仅限人工复核,rejected_duplicate,精确重复，不新增,泰昌企业证明材料历史候选第13页,泰昌商务补充文件,泰昌商务补充文件,企业证明材料,来源于泰昌商务补充文件，历史位置为“补充文件/5.符合招标文件投标人资格要求的证明文件/5.1.符合投标邀请书投标人资格要求的证明文件（更新或补充）/5.1.1.资格预审结果通知书”。当前仅用于泰昌资料人工复核，未获准进入正式标书。,"[""泰昌"", ""企业证明材料"", ""历史标书候选"", ""商务标""]",suppressed_document_page_caption,,taichang-exact-66066a3badcd4f274eb9,False,False,False,blocked,尚未通过P0-06人工批准,0.45,assets/template_words/商务补充文件.docx,(三)补充文件/5.符合招标文件投标人资格要求的证明文件/5.1.符合投标邀请书投标人资格要求的证明文件（更新或补充）/5.1.1.资格预审结果通知书,024217890bffe91af9a61079590d6b6538f9b6d5713a1c4c4744cc6eb1eeac24,024217890bffe91af9a61079590d6b6538f9b6d5713a1c4c4744cc6eb1eeac24
business-chapter-016,business,chapter,14,new,未发现重复，仍需审核,河北泰昌电力器材科技有限公司,河北泰昌电力器材科技有限公司,mixed_historical_bid,reference_template_library,历史参考资料,historical_structure_reference,历史目录结构参考,[],泰昌企业资料,"[""商务标""]","[""补充文件/5.符合招标文件投标人资格要求的证明文件/5.1.符合投标邀请书投标人资格要求的证明文件（更新或补充）/5.1.2.资质业绩凭证单""]",tender_mandated,needs_review,internal,企业内部资料,review_only,仅限人工复核,not_asset_reference,非资产结构参考,泰昌商务标历史目录参考：补充文件/5.符合招标文件投标人资格要求的证明文件/5.1.符合投标邀请书投标人资格要求的证明文件（更新或补充）/5.1.2.资质业绩凭证单,泰昌商务补充文件,泰昌商务补充文件,历史目录结构参考,来源于泰昌商务补充文件，历史位置为“补充文件/5.符合招标文件投标人资格要求的证明文件/5.1.符合投标邀请书投标人资格要求的证明文件（更新或补充）/5.1.2.资质业绩凭证单”。当前仅用于泰昌资料人工复核，未获准进入正式标书。,"[""泰昌"", ""历史目录结构参考"", ""历史标书候选"", ""商务标""]",suppressed_document_page_caption,,,False,False,False,blocked,尚未通过P0-06人工批准,1.0,assets/template_words/商务补充文件.docx,(三)补充文件/5.符合招标文件投标人资格要求的证明文件/5.1.符合投标邀请书投标人资格要求的证明文件（更新或补充）/5.1.2.资质业绩凭证单,5f0245dc46c9a8b1b10fc302dbf9a7579695f5bd555c3c7dee8ff7dba2650bad,
business-media-0008,business,media,15,duplicate_exact,精确重复，不新增,河北泰昌电力器材科技有限公司,河北泰昌电力器材科技有限公司,mixed_historical_bid,qualification_library,资信库资料,project_performance,项目业绩,[],泰昌企业资料,"[""商务标""]","[""补充文件/5.符合招标文件投标人资格要求的证明文件/5.1.符合投标邀请书投标人资格要求的证明文件（更新或补充）/5.1.2.资质业绩凭证单""]",tender_mandated,needs_review,internal,企业内部资料,review_only,仅限人工复核,rejected_duplicate,精确重复，不新增,泰昌项目业绩历史候选第15页,泰昌商务补充文件,泰昌商务补充文件,项目业绩,来源于泰昌商务补充文件，历史位置为“补充文件/5.符合招标文件投标人资格要求的证明文件/5.1.符合投标邀请书投标人资格要求的证明文件（更新或补充）/5.1.2.资质业绩凭证单”。当前仅用于泰昌资料人工复核，未获准进入正式标书。,"[""泰昌"", ""项目业绩"", ""历史标书候选"", ""商务标""]",suppressed_document_page_caption,,taichang-exact-845815c781c94aa02a58,False,False,False,blocked,尚未通过P0-06人工批准,0.8,assets/template_words/商务补充文件.docx,(三)补充文件/5.符合招标文件投标人资格要求的证明文件/5.1.符合投标邀请书投标人资格要求的证明文件（更新或补充）/5.1.2.资质业绩凭证单,6a61670906d9370c90bf69ecddf730ca9d45851420aca6cf024bedbf601168d1,6a61670906d9370c90bf69ecddf730ca9d45851420aca6cf024bedbf601168d1
business-chapter-017,business,chapter,15,new,未发现重复，仍需审核,河北泰昌电力器材科技有限公司,河北泰昌电力器材科技有限公司,mixed_historical_bid,reference_template_library,历史参考资料,historical_structure_reference,历史目录结构参考,[],泰昌企业资料,"[""商务标""]","[""补充文件/5.符合招标文件投标人资格要求的证明文件/5.2查询报告及截图""]",tender_mandated,needs_review,internal,企业内部资料,review_only,仅限人工复核,not_asset_reference,非资产结构参考,泰昌商务标历史目录参考：补充文件/5.符合招标文件投标人资格要求的证明文件/5.2查询报告及截图,泰昌商务补充文件,泰昌商务补充文件,历史目录结构参考,来源于泰昌商务补充文件，历史位置为“补充文件/5.符合招标文件投标人资格要求的证明文件/5.2查询报告及截图”。当前仅用于泰昌资料人工复核，未获准进入正式标书。,"[""泰昌"", ""历史目录结构参考"", ""历史标书候选"", ""商务标""]",suppressed_document_page_caption,,,False,False,False,blocked,尚未通过P0-06人工批准,1.0,assets/template_words/商务补充文件.docx,(三)补充文件/5.符合招标文件投标人资格要求的证明文件/5.2查询报告及截图,d08ff5299c5c4f7e56d2459a13fbe60a7cec308e86d5415792c87d8079457251,
business-chapter-018,business,chapter,15,new,未发现重复，仍需审核,河北泰昌电力器材科技有限公司,河北泰昌电力器材科技有限公司,mixed_historical_bid,reference_template_library,历史参考资料,historical_structure_reference,历史目录结构参考,[],泰昌企业资料,"[""商务标""]","[""补充文件/5.符合招标文件投标人资格要求的证明文件/5.2查询报告及截图/5.2.1.国家企业信用信息公示系统查询结果""]",uncertain,needs_review,internal,企业内部资料,review_only,仅限人工复核,not_asset_reference,非资产结构参考,泰昌商务标历史目录参考：补充文件/5.符合招标文件投标人资格要求的证明文件/5.2查询报告及截图/5.2.1.国家企业信用信息公示系统查询结果,泰昌商务补充文件,泰昌商务补充文件,历史目录结构参考,来源于泰昌商务补充文件，历史位置为“补充文件/5.符合招标文件投标人资格要求的证明文件/5.2查询报告及截图/5.2.1.国家企业信用信息公示系统查询结果”。当前仅用于泰昌资料人工复核，未获准进入正式标书。,"[""泰昌"", ""历史目录结构参考"", ""历史标书候选"", ""商务标""]",suppressed_document_page_caption,,,False,False,False,blocked,尚未通过P0-06人工批准,1.0,assets/template_words/商务补充文件.docx,(三)补充文件/5.符合招标文件投标人资格要求的证明文件/5.2查询报告及截图/5.2.1.国家企业信用信息公示系统查询结果,146c6c2502eea9b904bb4cb1f6eafef3eafa4e688ea3b45a557f73b4c5e4721e,
business-chapter-019,business,chapter,15,new,未发现重复，仍需审核,河北泰昌电力器材科技有限公司,河北泰昌电力器材科技有限公司,mixed_historical_bid,reference_template_library,历史参考资料,historical_structure_reference,历史目录结构参考,[],泰昌企业资料,"[""商务标""]","[""补充文件/5.符合招标文件投标人资格要求的证明文件/5.2查询报告及截图/5.2.1.国家企业信用信息公示系统查询结果/（1）营业执照信息查询截图""]",reference_layout_only,needs_review,internal,企业内部资料,review_only,仅限人工复核,not_asset_reference,非资产结构参考,泰昌商务标历史目录参考：补充文件/5.符合招标文件投标人资格要求的证明文件/5.2查询报告及截图/5.2.1.国家企业信用信息公示系统查询结果/（1）营业执照信息查询截图,泰昌商务补充文件,泰昌商务补充文件,历史目录结构参考,来源于泰昌商务补充文件，历史位置为“补充文件/5.符合招标文件投标人资格要求的证明文件/5.2查询报告及截图/5.2.1.国家企业信用信息公示系统查询结果/（1）营业执照信息查询截图”。当前仅用于泰昌资料人工复核，未获准进入正式标书。,"[""泰昌"", ""历史目录结构参考"", ""历史标书候选"", ""商务标""]",suppressed_document_page_caption,,,False,False,False,blocked,尚未通过P0-06人工批准,1.0,assets/template_words/商务补充文件.docx,(三)补充文件/5.符合招标文件投标人资格要求的证明文件/5.2查询报告及截图/5.2.1.国家企业信用信息公示系统查询结果/（1）营业执照信息查询截图,4e4f962174720a34e96176b580fb60998543753138cd008a7f9ce43af11e24bc,
business-media-0009,business,media,15,new,未发现重复，仍需审核,河北泰昌电力器材科技有限公司,河北泰昌电力器材科技有限公司,mixed_historical_bid,qualification_library,资信库资料,business_license,基础证照,[],泰昌企业资料,"[""商务标""]","[""补充文件/5.符合招标文件投标人资格要求的证明文件/5.2查询报告及截图/5.2.1.国家企业信用信息公示系统查询结果/（1）营业执照信息查询截图""]",reference_layout_only,needs_review,internal,企业内部资料,review_only,仅限人工复核,needs_customer_confirmation,需要客户确认,泰昌基础证照历史候选第15页,泰昌商务补充文件,泰昌商务补充文件,基础证照,来源于泰昌商务补充文件，历史位置为“补充文件/5.符合招标文件投标人资格要求的证明文件/5.2查询报告及截图/5.2.1.国家企业信用信息公示系统查询结果/（1）营业执照信息查询截图”。当前仅用于泰昌资料人工复核，未获准进入正式标书。,"[""泰昌"", ""基础证照"", ""历史标书候选"", ""商务标""]",suppressed_document_page_caption,,,True,False,False,blocked,尚未通过P0-06人工批准,0.85,assets/template_words/商务补充文件.docx,(三)补充文件/5.符合招标文件投标人资格要求的证明文件/5.2查询报告及截图/5.2.1.国家企业信用信息公示系统查询结果/（1）营业执照信息查询截图,0cd0b60034d10b7ce5a5507bc5953349d6a3176b49a76e3951dccaaa67becc60,0cd0b60034d10b7ce5a5507bc5953349d6a3176b49a76e3951dccaaa67becc60
business-chapter-020,business,chapter,15,new,未发现重复，仍需审核,河北泰昌电力器材科技有限公司,河北泰昌电力器材科技有限公司,mixed_historical_bid,reference_template_library,历史参考资料,historical_structure_reference,历史目录结构参考,[],泰昌企业资料,"[""商务标""]","[""补充文件/5.符合招标文件投标人资格要求的证明文件/5.2查询报告及截图/5.2.1.国家企业信用信息公示系统查询结果/（2）清算信息查询截图""]",reference_layout_only,needs_review,internal,企业内部资料,review_only,仅限人工复核,not_asset_reference,非资产结构参考,泰昌商务标历史目录参考：补充文件/5.符合招标文件投标人资格要求的证明文件/5.2查询报告及截图/5.2.1.国家企业信用信息公示系统查询结果/（2）清算信息查询截图,泰昌商务补充文件,泰昌商务补充文件,历史目录结构参考,来源于泰昌商务补充文件，历史位置为“补充文件/5.符合招标文件投标人资格要求的证明文件/5.2查询报告及截图/5.2.1.国家企业信用信息公示系统查询结果/（2）清算信息查询截图”。当前仅用于泰昌资料人工复核，未获准进入正式标书。,"[""泰昌"", ""历史目录结构参考"", ""历史标书候选"", ""商务标""]",suppressed_document_page_caption,,,False,False,False,blocked,尚未通过P0-06人工批准,1.0,assets/template_words/商务补充文件.docx,(三)补充文件/5.符合招标文件投标人资格要求的证明文件/5.2查询报告及截图/5.2.1.国家企业信用信息公示系统查询结果/（2）清算信息查询截图,e34083eb668aae8d9e6b1184050c347eab6b9bb2b3cb563c354496443573a9d8,
business-media-0010,business,media,15,new,未发现重复，仍需审核,河北泰昌电力器材科技有限公司,河北泰昌电力器材科技有限公司,mixed_historical_bid,qualification_library,资信库资料,enterprise_evidence,企业证明材料,[],泰昌企业资料,"[""商务标""]","[""补充文件/5.符合招标文件投标人资格要求的证明文件/5.2查询报告及截图/5.2.1.国家企业信用信息公示系统查询结果/（2）清算信息查询截图""]",reference_layout_only,needs_review,internal,企业内部资料,review_only,仅限人工复核,needs_customer_confirmation,需要客户确认,泰昌企业证明材料历史候选第15页,泰昌商务补充文件,泰昌商务补充文件,企业证明材料,来源于泰昌商务补充文件，历史位置为“补充文件/5.符合招标文件投标人资格要求的证明文件/5.2查询报告及截图/5.2.1.国家企业信用信息公示系统查询结果/（2）清算信息查询截图”。当前仅用于泰昌资料人工复核，未获准进入正式标书。,"[""泰昌"", ""企业证明材料"", ""历史标书候选"", ""商务标""]",suppressed_document_page_caption,,,True,False,False,blocked,尚未通过P0-06人工批准,0.45,assets/template_words/商务补充文件.docx,(三)补充文件/5.符合招标文件投标人资格要求的证明文件/5.2查询报告及截图/5.2.1.国家企业信用信息公示系统查询结果/（2）清算信息查询截图,60aef5ff73ee0ab53d8aa93d543dfe9ecdfa82e2c7cdf58ff0f48d8fe61a8e22,60aef5ff73ee0ab53d8aa93d543dfe9ecdfa82e2c7cdf58ff0f48d8fe61a8e22
business-chapter-021,business,chapter,16,new,未发现重复，仍需审核,河北泰昌电力器材科技有限公司,河北泰昌电力器材科技有限公司,mixed_historical_bid,reference_template_library,历史参考资料,historical_structure_reference,历史目录结构参考,[],泰昌企业资料,"[""商务标""]","[""补充文件/5.符合招标文件投标人资格要求的证明文件/5.2查询报告及截图/5.2.1.国家企业信用信息公示系统查询结果/（3）行政处罚信息查询截图""]",reference_layout_only,needs_review,internal,企业内部资料,review_only,仅限人工复核,not_asset_reference,非资产结构参考,泰昌商务标历史目录参考：补充文件/5.符合招标文件投标人资格要求的证明文件/5.2查询报告及截图/5.2.1.国家企业信用信息公示系统查询结果/（3）行政处罚信息查询截图,泰昌商务补充文件,泰昌商务补充文件,历史目录结构参考,来源于泰昌商务补充文件，历史位置为“补充文件/5.符合招标文件投标人资格要求的证明文件/5.2查询报告及截图/5.2.1.国家企业信用信息公示系统查询结果/（3）行政处罚信息查询截图”。当前仅用于泰昌资料人工复核，未获准进入正式标书。,"[""泰昌"", ""历史目录结构参考"", ""历史标书候选"", ""商务标""]",suppressed_document_page_caption,,,False,False,False,blocked,尚未通过P0-06人工批准,1.0,assets/template_words/商务补充文件.docx,(三)补充文件/5.符合招标文件投标人资格要求的证明文件/5.2查询报告及截图/5.2.1.国家企业信用信息公示系统查询结果/（3）行政处罚信息查询截图,91c3a9484c82f05d024590c7d41a7477c2265d7d81cf2ed1c1fcfce2d4e9bb11,
business-media-0011,business,media,17,new,未发现重复，仍需审核,河北泰昌电力器材科技有限公司,河北泰昌电力器材科技有限公司,mixed_historical_bid,qualification_library,资信库资料,enterprise_evidence,企业证明材料,[],泰昌企业资料,"[""商务标""]","[""补充文件/5.符合招标文件投标人资格要求的证明文件/5.2查询报告及截图/5.2.1.国家企业信用信息公示系统查询结果/（3）行政处罚信息查询截图""]",reference_layout_only,needs_review,internal,企业内部资料,review_only,仅限人工复核,needs_customer_confirmation,需要客户确认,泰昌企业证明材料历史候选第17页,泰昌商务补充文件,泰昌商务补充文件,企业证明材料,来源于泰昌商务补充文件，历史位置为“补充文件/5.符合招标文件投标人资格要求的证明文件/5.2查询报告及截图/5.2.1.国家企业信用信息公示系统查询结果/（3）行政处罚信息查询截图”。当前仅用于泰昌资料人工复核，未获准进入正式标书。,"[""泰昌"", ""企业证明材料"", ""历史标书候选"", ""商务标""]",suppressed_document_page_caption,,,True,False,False,blocked,尚未通过P0-06人工批准,0.45,assets/template_words/商务补充文件.docx,(三)补充文件/5.符合招标文件投标人资格要求的证明文件/5.2查询报告及截图/5.2.1.国家企业信用信息公示系统查询结果/（3）行政处罚信息查询截图,e027fba8f8f16581c0135615a1a51390cbcd55baec3d547cb93d4eeb928a745f,e027fba8f8f16581c0135615a1a51390cbcd55baec3d547cb93d4eeb928a745f
business-chapter-022,business,chapter,16,new,未发现重复，仍需审核,河北泰昌电力器材科技有限公司,河北泰昌电力器材科技有限公司,mixed_historical_bid,reference_template_library,历史参考资料,historical_structure_reference,历史目录结构参考,[],泰昌企业资料,"[""商务标""]","[""补充文件/5.符合招标文件投标人资格要求的证明文件/5.2查询报告及截图/5.2.1.国家企业信用信息公示系统查询结果/（4）纳入经营异常名录信息查询截图""]",reference_layout_only,needs_review,internal,企业内部资料,review_only,仅限人工复核,not_asset_reference,非资产结构参考,泰昌商务标历史目录参考：补充文件/5.符合招标文件投标人资格要求的证明文件/5.2查询报告及截图/5.2.1.国家企业信用信息公示系统查询结果/（4）纳入经营异常名录信息查询截图,泰昌商务补充文件,泰昌商务补充文件,历史目录结构参考,来源于泰昌商务补充文件，历史位置为“补充文件/5.符合招标文件投标人资格要求的证明文件/5.2查询报告及截图/5.2.1.国家企业信用信息公示系统查询结果/（4）纳入经营异常名录信息查询截图”。当前仅用于泰昌资料人工复核，未获准进入正式标书。,"[""泰昌"", ""历史目录结构参考"", ""历史标书候选"", ""商务标""]",suppressed_document_page_caption,,,False,False,False,blocked,尚未通过P0-06人工批准,1.0,assets/template_words/商务补充文件.docx,(三)补充文件/5.符合招标文件投标人资格要求的证明文件/5.2查询报告及截图/5.2.1.国家企业信用信息公示系统查询结果/（4）纳入经营异常名录信息查询截图,5de3ecb9659e6d7053d7ea01d030030d785a27d293257f902650e7b463219b20,
business-media-0012,business,media,16,new,未发现重复，仍需审核,河北泰昌电力器材科技有限公司,河北泰昌电力器材科技有限公司,mixed_historical_bid,qualification_library,资信库资料,enterprise_evidence,企业证明材料,[],泰昌企业资料,"[""商务标""]","[""补充文件/5.符合招标文件投标人资格要求的证明文件/5.2查询报告及截图/5.2.1.国家企业信用信息公示系统查询结果/（4）纳入经营异常名录信息查询截图""]",reference_layout_only,needs_review,internal,企业内部资料,review_only,仅限人工复核,needs_customer_confirmation,需要客户确认,泰昌企业证明材料历史候选第16页,泰昌商务补充文件,泰昌商务补充文件,企业证明材料,来源于泰昌商务补充文件，历史位置为“补充文件/5.符合招标文件投标人资格要求的证明文件/5.2查询报告及截图/5.2.1.国家企业信用信息公示系统查询结果/（4）纳入经营异常名录信息查询截图”。当前仅用于泰昌资料人工复核，未获准进入正式标书。,"[""泰昌"", ""企业证明材料"", ""历史标书候选"", ""商务标""]",suppressed_document_page_caption,,,True,False,False,blocked,尚未通过P0-06人工批准,0.45,assets/template_words/商务补充文件.docx,(三)补充文件/5.符合招标文件投标人资格要求的证明文件/5.2查询报告及截图/5.2.1.国家企业信用信息公示系统查询结果/（4）纳入经营异常名录信息查询截图,f5ca248d5140064fe1eba652f1a8a8af2f8cdc7bd7dc95d32027e84d7050e9cc,f5ca248d5140064fe1eba652f1a8a8af2f8cdc7bd7dc95d32027e84d7050e9cc
business-chapter-023,business,chapter,17,new,未发现重复，仍需审核,河北泰昌电力器材科技有限公司,河北泰昌电力器材科技有限公司,mixed_historical_bid,reference_template_library,历史参考资料,historical_structure_reference,历史目录结构参考,[],泰昌企业资料,"[""商务标""]","[""补充文件/5.符合招标文件投标人资格要求的证明文件/5.2查询报告及截图/5.2.1.国家企业信用信息公示系统查询结果/（5）纳入严重违反失信企业名单（黑名单）信息查询截图""]",reference_layout_only,needs_review,internal,企业内部资料,review_only,仅限人工复核,not_asset_reference,非资产结构参考,泰昌商务标历史目录参考：补充文件/5.符合招标文件投标人资格要求的证明文件/5.2查询报告及截图/5.2.1.国家企业信用信息公示系统查询结果/（5）纳入严重违反失信企业名单（黑名单）信息查询截图,泰昌商务补充文件,泰昌商务补充文件,历史目录结构参考,来源于泰昌商务补充文件，历史位置为“补充文件/5.符合招标文件投标人资格要求的证明文件/5.2查询报告及截图/5.2.1.国家企业信用信息公示系统查询结果/（5）纳入严重违反失信企业名单（黑名单）信息查询截图”。当前仅用于泰昌资料人工复核，未获准进入正式标书。,"[""泰昌"", ""历史目录结构参考"", ""历史标书候选"", ""商务标""]",suppressed_document_page_caption,,,False,False,False,blocked,尚未通过P0-06人工批准,1.0,assets/template_words/商务补充文件.docx,(三)补充文件/5.符合招标文件投标人资格要求的证明文件/5.2查询报告及截图/5.2.1.国家企业信用信息公示系统查询结果/（5）纳入严重违反失信企业名单（黑名单）信息查询截图,74cec53fdf92f2755b5f6fcc42c27ec1f0d7d95428d211490ab4e213c29bc41d,
business-media-0013,business,media,18,new,未发现重复，仍需审核,河北泰昌电力器材科技有限公司,河北泰昌电力器材科技有限公司,mixed_historical_bid,qualification_library,资信库资料,enterprise_evidence,企业证明材料,[],泰昌企业资料,"[""商务标""]","[""补充文件/5.符合招标文件投标人资格要求的证明文件/5.2查询报告及截图/5.2.1.国家企业信用信息公示系统查询结果/（5）纳入严重违反失信企业名单（黑名单）信息查询截图""]",reference_layout_only,needs_review,internal,企业内部资料,review_only,仅限人工复核,needs_customer_confirmation,需要客户确认,泰昌企业证明材料历史候选第18页,泰昌商务补充文件,泰昌商务补充文件,企业证明材料,来源于泰昌商务补充文件，历史位置为“补充文件/5.符合招标文件投标人资格要求的证明文件/5.2查询报告及截图/5.2.1.国家企业信用信息公示系统查询结果/（5）纳入严重违反失信企业名单（黑名单）信息查询截图”。当前仅用于泰昌资料人工复核，未获准进入正式标书。,"[""泰昌"", ""企业证明材料"", ""历史标书候选"", ""商务标""]",suppressed_document_page_caption,,,True,False,False,blocked,尚未通过P0-06人工批准,0.45,assets/template_words/商务补充文件.docx,(三)补充文件/5.符合招标文件投标人资格要求的证明文件/5.2查询报告及截图/5.2.1.国家企业信用信息公示系统查询结果/（5）纳入严重违反失信企业名单（黑名单）信息查询截图,354c64b4357a21482463e76f5a616e2843a121ae10ae4298c4490befbb1e19e3,354c64b4357a21482463e76f5a616e2843a121ae10ae4298c4490befbb1e19e3
business-chapter-024,business,chapter,18,new,未发现重复，仍需审核,河北泰昌电力器材科技有限公司,河北泰昌电力器材科技有限公司,mixed_historical_bid,reference_template_library,历史参考资料,historical_structure_reference,历史目录结构参考,[],泰昌企业资料,"[""商务标""]","[""补充文件/5.符合招标文件投标人资格要求的证明文件/5.2查询报告及截图/5.2.1.国家企业信用信息公示系统查询结果/（6）股东及出资信息查询截图""]",reference_layout_only,needs_review,sensitive,敏感资料,restricted,受限资料,not_asset_reference,非资产结构参考,泰昌商务标历史目录参考：补充文件/5.符合招标文件投标人资格要求的证明文件/5.2查询报告及截图/5.2.1.国家企业信用信息公示系统查询结果/（6）股东及出资信息查询截图,泰昌商务补充文件,泰昌商务补充文件,历史目录结构参考,来源于泰昌商务补充文件，历史位置为“补充文件/5.符合招标文件投标人资格要求的证明文件/5.2查询报告及截图/5.2.1.国家企业信用信息公示系统查询结果/（6）股东及出资信息查询截图”。当前仅用于泰昌资料人工复核，未获准进入正式标书。,"[""泰昌"", ""历史目录结构参考"", ""历史标书候选"", ""商务标""]",suppressed_document_page_caption,,,False,False,False,blocked,尚未通过P0-06人工批准,1.0,assets/template_words/商务补充文件.docx,(三)补充文件/5.符合招标文件投标人资格要求的证明文件/5.2查询报告及截图/5.2.1.国家企业信用信息公示系统查询结果/（6）股东及出资信息查询截图,9632f64b78fe2c185f435fda4cfe3729be3bb82cb273349acc52c015bbfa7e70,
business-media-0014,business,media,19,new,未发现重复，仍需审核,河北泰昌电力器材科技有限公司,河北泰昌电力器材科技有限公司,mixed_historical_bid,qualification_library,资信库资料,enterprise_evidence,企业证明材料,[],泰昌企业资料,"[""商务标""]","[""补充文件/5.符合招标文件投标人资格要求的证明文件/5.2查询报告及截图/5.2.1.国家企业信用信息公示系统查询结果/（6）股东及出资信息查询截图""]",reference_layout_only,needs_review,sensitive,敏感资料,restricted,受限资料,needs_customer_confirmation,需要客户确认,泰昌企业证明材料历史候选第19页,泰昌商务补充文件,泰昌商务补充文件,企业证明材料,来源于泰昌商务补充文件，历史位置为“补充文件/5.符合招标文件投标人资格要求的证明文件/5.2查询报告及截图/5.2.1.国家企业信用信息公示系统查询结果/（6）股东及出资信息查询截图”。当前仅用于泰昌资料人工复核，未获准进入正式标书。,"[""泰昌"", ""企业证明材料"", ""历史标书候选"", ""商务标""]",suppressed_document_page_caption,,,True,False,False,blocked,尚未通过P0-06人工批准,0.45,assets/template_words/商务补充文件.docx,(三)补充文件/5.符合招标文件投标人资格要求的证明文件/5.2查询报告及截图/5.2.1.国家企业信用信息公示系统查询结果/（6）股东及出资信息查询截图,895fb6bc11a294f4011761285004609400c1b582807b46edad3daddc0d9cee8c,895fb6bc11a294f4011761285004609400c1b582807b46edad3daddc0d9cee8c
business-media-0015,business,media,19,new,未发现重复，仍需审核,河北泰昌电力器材科技有限公司,河北泰昌电力器材科技有限公司,mixed_historical_bid,qualification_library,资信库资料,enterprise_evidence,企业证明材料,[],泰昌企业资料,"[""商务标""]","[""补充文件/5.符合招标文件投标人资格要求的证明文件/5.2查询报告及截图/5.2.1.国家企业信用信息公示系统查询结果/（6）股东及出资信息查询截图""]",reference_layout_only,needs_review,sensitive,敏感资料,restricted,受限资料,needs_customer_confirmation,需要客户确认,泰昌企业证明材料历史候选第19页,泰昌商务补充文件,泰昌商务补充文件,企业证明材料,来源于泰昌商务补充文件，历史位置为“补充文件/5.符合招标文件投标人资格要求的证明文件/5.2查询报告及截图/5.2.1.国家企业信用信息公示系统查询结果/（6）股东及出资信息查询截图”。当前仅用于泰昌资料人工复核，未获准进入正式标书。,"[""泰昌"", ""企业证明材料"", ""历史标书候选"", ""商务标""]",suppressed_document_page_caption,,,True,False,False,blocked,尚未通过P0-06人工批准,0.45,assets/template_words/商务补充文件.docx,(三)补充文件/5.符合招标文件投标人资格要求的证明文件/5.2查询报告及截图/5.2.1.国家企业信用信息公示系统查询结果/（6）股东及出资信息查询截图,e52f2066d22a628bfbd8be188512a43f5790fdb40422e194fd620d90699352ed,e52f2066d22a628bfbd8be188512a43f5790fdb40422e194fd620d90699352ed
business-media-0016,business,media,19,new,未发现重复，仍需审核,河北泰昌电力器材科技有限公司,河北泰昌电力器材科技有限公司,mixed_historical_bid,qualification_library,资信库资料,enterprise_evidence,企业证明材料,[],泰昌企业资料,"[""商务标""]","[""补充文件/5.符合招标文件投标人资格要求的证明文件/5.2查询报告及截图/5.2.1.国家企业信用信息公示系统查询结果/（6）股东及出资信息查询截图""]",reference_layout_only,needs_review,sensitive,敏感资料,restricted,受限资料,needs_customer_confirmation,需要客户确认,泰昌企业证明材料历史候选第19页,泰昌商务补充文件,泰昌商务补充文件,企业证明材料,来源于泰昌商务补充文件，历史位置为“补充文件/5.符合招标文件投标人资格要求的证明文件/5.2查询报告及截图/5.2.1.国家企业信用信息公示系统查询结果/（6）股东及出资信息查询截图”。当前仅用于泰昌资料人工复核，未获准进入正式标书。,"[""泰昌"", ""企业证明材料"", ""历史标书候选"", ""商务标""]",suppressed_document_page_caption,,,True,False,False,blocked,尚未通过P0-06人工批准,0.45,assets/template_words/商务补充文件.docx,(三)补充文件/5.符合招标文件投标人资格要求的证明文件/5.2查询报告及截图/5.2.1.国家企业信用信息公示系统查询结果/（6）股东及出资信息查询截图,23ed77d5a17474c3b69c7c73e4ce99319d2c6c85cac90914d844c6b96541f331,23ed77d5a17474c3b69c7c73e4ce99319d2c6c85cac90914d844c6b96541f331
business-chapter-025,business,chapter,19,new,未发现重复，仍需审核,河北泰昌电力器材科技有限公司,河北泰昌电力器材科技有限公司,mixed_historical_bid,reference_template_library,历史参考资料,historical_structure_reference,历史目录结构参考,[],泰昌企业资料,"[""商务标""]","[""补充文件/5.符合招标文件投标人资格要求的证明文件/5.2查询报告及截图/5.2.1.国家企业信用信息公示系统查询结果/（7）国家企业信用信息公示系统查询截图""]",reference_layout_only,needs_review,internal,企业内部资料,review_only,仅限人工复核,not_asset_reference,非资产结构参考,泰昌商务标历史目录参考：补充文件/5.符合招标文件投标人资格要求的证明文件/5.2查询报告及截图/5.2.1.国家企业信用信息公示系统查询结果/（7）国家企业信用信息公示系统查询截图,泰昌商务补充文件,泰昌商务补充文件,历史目录结构参考,来源于泰昌商务补充文件，历史位置为“补充文件/5.符合招标文件投标人资格要求的证明文件/5.2查询报告及截图/5.2.1.国家企业信用信息公示系统查询结果/（7）国家企业信用信息公示系统查询截图”。当前仅用于泰昌资料人工复核，未获准进入正式标书。,"[""泰昌"", ""历史目录结构参考"", ""历史标书候选"", ""商务标""]",suppressed_document_page_caption,,,False,False,False,blocked,尚未通过P0-06人工批准,1.0,assets/template_words/商务补充文件.docx,(三)补充文件/5.符合招标文件投标人资格要求的证明文件/5.2查询报告及截图/5.2.1.国家企业信用信息公示系统查询结果/（7）国家企业信用信息公示系统查询截图,6fd84d953e9ddd03b27560dcc73686fe84be1281a21ea8da67791b191c26dfd8,
business-media-0017,business,media,20,new,未发现重复，仍需审核,河北泰昌电力器材科技有限公司,河北泰昌电力器材科技有限公司,mixed_historical_bid,qualification_library,资信库资料,enterprise_evidence,企业证明材料,[],泰昌企业资料,"[""商务标""]","[""补充文件/5.符合招标文件投标人资格要求的证明文件/5.2查询报告及截图/5.2.1.国家企业信用信息公示系统查询结果/（7）国家企业信用信息公示系统查询截图""]",reference_layout_only,needs_review,internal,企业内部资料,review_only,仅限人工复核,needs_customer_confirmation,需要客户确认,泰昌企业证明材料历史候选第20页,泰昌商务补充文件,泰昌商务补充文件,企业证明材料,来源于泰昌商务补充文件，历史位置为“补充文件/5.符合招标文件投标人资格要求的证明文件/5.2查询报告及截图/5.2.1.国家企业信用信息公示系统查询结果/（7）国家企业信用信息公示系统查询截图”。当前仅用于泰昌资料人工复核，未获准进入正式标书。,"[""泰昌"", ""企业证明材料"", ""历史标书候选"", ""商务标""]",suppressed_document_page_caption,,,True,False,False,blocked,尚未通过P0-06人工批准,0.45,assets/template_words/商务补充文件.docx,(三)补充文件/5.符合招标文件投标人资格要求的证明文件/5.2查询报告及截图/5.2.1.国家企业信用信息公示系统查询结果/（7）国家企业信用信息公示系统查询截图,3be56f99f8eaffcf58057a120166ae497577aa3a9c6fc8c626fb2255a9dac2e6,3be56f99f8eaffcf58057a120166ae497577aa3a9c6fc8c626fb2255a9dac2e6
business-media-0018,business,media,20,new,未发现重复，仍需审核,河北泰昌电力器材科技有限公司,河北泰昌电力器材科技有限公司,mixed_historical_bid,qualification_library,资信库资料,enterprise_evidence,企业证明材料,[],泰昌企业资料,"[""商务标""]","[""补充文件/5.符合招标文件投标人资格要求的证明文件/5.2查询报告及截图/5.2.1.国家企业信用信息公示系统查询结果/（7）国家企业信用信息公示系统查询截图""]",reference_layout_only,needs_review,internal,企业内部资料,review_only,仅限人工复核,needs_customer_confirmation,需要客户确认,泰昌企业证明材料历史候选第20页,泰昌商务补充文件,泰昌商务补充文件,企业证明材料,来源于泰昌商务补充文件，历史位置为“补充文件/5.符合招标文件投标人资格要求的证明文件/5.2查询报告及截图/5.2.1.国家企业信用信息公示系统查询结果/（7）国家企业信用信息公示系统查询截图”。当前仅用于泰昌资料人工复核，未获准进入正式标书。,"[""泰昌"", ""企业证明材料"", ""历史标书候选"", ""商务标""]",suppressed_document_page_caption,,,True,False,False,blocked,尚未通过P0-06人工批准,0.45,assets/template_words/商务补充文件.docx,(三)补充文件/5.符合招标文件投标人资格要求的证明文件/5.2查询报告及截图/5.2.1.国家企业信用信息公示系统查询结果/（7）国家企业信用信息公示系统查询截图,f0cc2d8225a2ed233543e0541586ed0155bc80a0a534a40b1a190814fd6fd2cd,f0cc2d8225a2ed233543e0541586ed0155bc80a0a534a40b1a190814fd6fd2cd
business-media-0019,business,media,20,new,未发现重复，仍需审核,河北泰昌电力器材科技有限公司,河北泰昌电力器材科技有限公司,mixed_historical_bid,qualification_library,资信库资料,enterprise_evidence,企业证明材料,[],泰昌企业资料,"[""商务标""]","[""补充文件/5.符合招标文件投标人资格要求的证明文件/5.2查询报告及截图/5.2.1.国家企业信用信息公示系统查询结果/（7）国家企业信用信息公示系统查询截图""]",reference_layout_only,needs_review,internal,企业内部资料,review_only,仅限人工复核,needs_customer_confirmation,需要客户确认,泰昌企业证明材料历史候选第20页,泰昌商务补充文件,泰昌商务补充文件,企业证明材料,来源于泰昌商务补充文件，历史位置为“补充文件/5.符合招标文件投标人资格要求的证明文件/5.2查询报告及截图/5.2.1.国家企业信用信息公示系统查询结果/（7）国家企业信用信息公示系统查询截图”。当前仅用于泰昌资料人工复核，未获准进入正式标书。,"[""泰昌"", ""企业证明材料"", ""历史标书候选"", ""商务标""]",suppressed_document_page_caption,,,True,False,False,blocked,尚未通过P0-06人工批准,0.45,assets/template_words/商务补充文件.docx,(三)补充文件/5.符合招标文件投标人资格要求的证明文件/5.2查询报告及截图/5.2.1.国家企业信用信息公示系统查询结果/（7）国家企业信用信息公示系统查询截图,29bd13281b87c68ffe8d69a12cbeeafc0c99abf8dd4b047eefd0c06557d901d3,29bd13281b87c68ffe8d69a12cbeeafc0c99abf8dd4b047eefd0c06557d901d3
business-media-0020,business,media,20,new,未发现重复，仍需审核,河北泰昌电力器材科技有限公司,河北泰昌电力器材科技有限公司,mixed_historical_bid,qualification_library,资信库资料,enterprise_evidence,企业证明材料,[],泰昌企业资料,"[""商务标""]","[""补充文件/5.符合招标文件投标人资格要求的证明文件/5.2查询报告及截图/5.2.1.国家企业信用信息公示系统查询结果/（7）国家企业信用信息公示系统查询截图""]",reference_layout_only,needs_review,internal,企业内部资料,review_only,仅限人工复核,needs_customer_confirmation,需要客户确认,泰昌企业证明材料历史候选第20页,泰昌商务补充文件,泰昌商务补充文件,企业证明材料,来源于泰昌商务补充文件，历史位置为“补充文件/5.符合招标文件投标人资格要求的证明文件/5.2查询报告及截图/5.2.1.国家企业信用信息公示系统查询结果/（7）国家企业信用信息公示系统查询截图”。当前仅用于泰昌资料人工复核，未获准进入正式标书。,"[""泰昌"", ""企业证明材料"", ""历史标书候选"", ""商务标""]",suppressed_document_page_caption,,,True,False,False,blocked,尚未通过P0-06人工批准,0.45,assets/template_words/商务补充文件.docx,(三)补充文件/5.符合招标文件投标人资格要求的证明文件/5.2查询报告及截图/5.2.1.国家企业信用信息公示系统查询结果/（7）国家企业信用信息公示系统查询截图,6cce7a534f5adde0b286c976ad1fc3244ad71346839bb2cff498ad0529e3a5ae,6cce7a534f5adde0b286c976ad1fc3244ad71346839bb2cff498ad0529e3a5ae
business-media-0021,business,media,20,new,未发现重复，仍需审核,河北泰昌电力器材科技有限公司,河北泰昌电力器材科技有限公司,mixed_historical_bid,qualification_library,资信库资料,enterprise_evidence,企业证明材料,[],泰昌企业资料,"[""商务标""]","[""补充文件/5.符合招标文件投标人资格要求的证明文件/5.2查询报告及截图/5.2.1.国家企业信用信息公示系统查询结果/（7）国家企业信用信息公示系统查询截图""]",reference_layout_only,needs_review,internal,企业内部资料,review_only,仅限人工复核,needs_customer_confirmation,需要客户确认,泰昌企业证明材料历史候选第20页,泰昌商务补充文件,泰昌商务补充文件,企业证明材料,来源于泰昌商务补充文件，历史位置为“补充文件/5.符合招标文件投标人资格要求的证明文件/5.2查询报告及截图/5.2.1.国家企业信用信息公示系统查询结果/（7）国家企业信用信息公示系统查询截图”。当前仅用于泰昌资料人工复核，未获准进入正式标书。,"[""泰昌"", ""企业证明材料"", ""历史标书候选"", ""商务标""]",suppressed_document_page_caption,,,True,False,False,blocked,尚未通过P0-06人工批准,0.45,assets/template_words/商务补充文件.docx,(三)补充文件/5.符合招标文件投标人资格要求的证明文件/5.2查询报告及截图/5.2.1.国家企业信用信息公示系统查询结果/（7）国家企业信用信息公示系统查询截图,07038e453dfc10b2b091cc1767a0df2feb7e38827c7fd53c3be4b59edb0661b3,07038e453dfc10b2b091cc1767a0df2feb7e38827c7fd53c3be4b59edb0661b3
business-media-0022,business,media,20,new,未发现重复，仍需审核,河北泰昌电力器材科技有限公司,河北泰昌电力器材科技有限公司,mixed_historical_bid,qualification_library,资信库资料,enterprise_evidence,企业证明材料,[],泰昌企业资料,"[""商务标""]","[""补充文件/5.符合招标文件投标人资格要求的证明文件/5.2查询报告及截图/5.2.1.国家企业信用信息公示系统查询结果/（7）国家企业信用信息公示系统查询截图""]",reference_layout_only,needs_review,internal,企业内部资料,review_only,仅限人工复核,needs_customer_confirmation,需要客户确认,泰昌企业证明材料历史候选第20页,泰昌商务补充文件,泰昌商务补充文件,企业证明材料,来源于泰昌商务补充文件，历史位置为“补充文件/5.符合招标文件投标人资格要求的证明文件/5.2查询报告及截图/5.2.1.国家企业信用信息公示系统查询结果/（7）国家企业信用信息公示系统查询截图”。当前仅用于泰昌资料人工复核，未获准进入正式标书。,"[""泰昌"", ""企业证明材料"", ""历史标书候选"", ""商务标""]",suppressed_document_page_caption,,,True,False,False,blocked,尚未通过P0-06人工批准,0.45,assets/template_words/商务补充文件.docx,(三)补充文件/5.符合招标文件投标人资格要求的证明文件/5.2查询报告及截图/5.2.1.国家企业信用信息公示系统查询结果/（7）国家企业信用信息公示系统查询截图,c004c0c154d57516f1ac3627704680b7ac871e2ae93e8db0b70098d8b6b44477,c004c0c154d57516f1ac3627704680b7ac871e2ae93e8db0b70098d8b6b44477
business-media-0023,business,media,20,new,未发现重复，仍需审核,河北泰昌电力器材科技有限公司,河北泰昌电力器材科技有限公司,mixed_historical_bid,qualification_library,资信库资料,enterprise_evidence,企业证明材料,[],泰昌企业资料,"[""商务标""]","[""补充文件/5.符合招标文件投标人资格要求的证明文件/5.2查询报告及截图/5.2.1.国家企业信用信息公示系统查询结果/（7）国家企业信用信息公示系统查询截图""]",reference_layout_only,needs_review,internal,企业内部资料,review_only,仅限人工复核,needs_customer_confirmation,需要客户确认,泰昌企业证明材料历史候选第20页,泰昌商务补充文件,泰昌商务补充文件,企业证明材料,来源于泰昌商务补充文件，历史位置为“补充文件/5.符合招标文件投标人资格要求的证明文件/5.2查询报告及截图/5.2.1.国家企业信用信息公示系统查询结果/（7）国家企业信用信息公示系统查询截图”。当前仅用于泰昌资料人工复核，未获准进入正式标书。,"[""泰昌"", ""企业证明材料"", ""历史标书候选"", ""商务标""]",suppressed_document_page_caption,,,True,False,False,blocked,尚未通过P0-06人工批准,0.45,assets/template_words/商务补充文件.docx,(三)补充文件/5.符合招标文件投标人资格要求的证明文件/5.2查询报告及截图/5.2.1.国家企业信用信息公示系统查询结果/（7）国家企业信用信息公示系统查询截图,862533b4e41735c9a9987b8931c4d50e307700164e6330c12c964034352422ef,862533b4e41735c9a9987b8931c4d50e307700164e6330c12c964034352422ef
business-media-0024,business,media,20,new,未发现重复，仍需审核,河北泰昌电力器材科技有限公司,河北泰昌电力器材科技有限公司,mixed_historical_bid,qualification_library,资信库资料,enterprise_evidence,企业证明材料,[],泰昌企业资料,"[""商务标""]","[""补充文件/5.符合招标文件投标人资格要求的证明文件/5.2查询报告及截图/5.2.1.国家企业信用信息公示系统查询结果/（7）国家企业信用信息公示系统查询截图""]",reference_layout_only,needs_review,internal,企业内部资料,review_only,仅限人工复核,needs_customer_confirmation,需要客户确认,泰昌企业证明材料历史候选第20页,泰昌商务补充文件,泰昌商务补充文件,企业证明材料,来源于泰昌商务补充文件，历史位置为“补充文件/5.符合招标文件投标人资格要求的证明文件/5.2查询报告及截图/5.2.1.国家企业信用信息公示系统查询结果/（7）国家企业信用信息公示系统查询截图”。当前仅用于泰昌资料人工复核，未获准进入正式标书。,"[""泰昌"", ""企业证明材料"", ""历史标书候选"", ""商务标""]",suppressed_document_page_caption,,,True,False,False,blocked,尚未通过P0-06人工批准,0.45,assets/template_words/商务补充文件.docx,(三)补充文件/5.符合招标文件投标人资格要求的证明文件/5.2查询报告及截图/5.2.1.国家企业信用信息公示系统查询结果/（7）国家企业信用信息公示系统查询截图,79f7564f1713c6c9adfab22a10ed243ceffb160518c02f041e545385e994282d,79f7564f1713c6c9adfab22a10ed243ceffb160518c02f041e545385e994282d
business-media-0025,business,media,20,new,未发现重复，仍需审核,河北泰昌电力器材科技有限公司,河北泰昌电力器材科技有限公司,mixed_historical_bid,qualification_library,资信库资料,enterprise_evidence,企业证明材料,[],泰昌企业资料,"[""商务标""]","[""补充文件/5.符合招标文件投标人资格要求的证明文件/5.2查询报告及截图/5.2.1.国家企业信用信息公示系统查询结果/（7）国家企业信用信息公示系统查询截图""]",reference_layout_only,needs_review,internal,企业内部资料,review_only,仅限人工复核,needs_customer_confirmation,需要客户确认,泰昌企业证明材料历史候选第20页,泰昌商务补充文件,泰昌商务补充文件,企业证明材料,来源于泰昌商务补充文件，历史位置为“补充文件/5.符合招标文件投标人资格要求的证明文件/5.2查询报告及截图/5.2.1.国家企业信用信息公示系统查询结果/（7）国家企业信用信息公示系统查询截图”。当前仅用于泰昌资料人工复核，未获准进入正式标书。,"[""泰昌"", ""企业证明材料"", ""历史标书候选"", ""商务标""]",suppressed_document_page_caption,,,True,False,False,blocked,尚未通过P0-06人工批准,0.45,assets/template_words/商务补充文件.docx,(三)补充文件/5.符合招标文件投标人资格要求的证明文件/5.2查询报告及截图/5.2.1.国家企业信用信息公示系统查询结果/（7）国家企业信用信息公示系统查询截图,8103b162b7b50ed92acd7da4e5bae5fa31e6251e00db06ba985248d227a00e83,8103b162b7b50ed92acd7da4e5bae5fa31e6251e00db06ba985248d227a00e83
business-media-0026,business,media,20,new,未发现重复，仍需审核,河北泰昌电力器材科技有限公司,河北泰昌电力器材科技有限公司,mixed_historical_bid,qualification_library,资信库资料,enterprise_evidence,企业证明材料,[],泰昌企业资料,"[""商务标""]","[""补充文件/5.符合招标文件投标人资格要求的证明文件/5.2查询报告及截图/5.2.1.国家企业信用信息公示系统查询结果/（7）国家企业信用信息公示系统查询截图""]",reference_layout_only,needs_review,internal,企业内部资料,review_only,仅限人工复核,needs_customer_confirmation,需要客户确认,泰昌企业证明材料历史候选第20页,泰昌商务补充文件,泰昌商务补充文件,企业证明材料,来源于泰昌商务补充文件，历史位置为“补充文件/5.符合招标文件投标人资格要求的证明文件/5.2查询报告及截图/5.2.1.国家企业信用信息公示系统查询结果/（7）国家企业信用信息公示系统查询截图”。当前仅用于泰昌资料人工复核，未获准进入正式标书。,"[""泰昌"", ""企业证明材料"", ""历史标书候选"", ""商务标""]",suppressed_document_page_caption,,,True,False,False,blocked,尚未通过P0-06人工批准,0.45,assets/template_words/商务补充文件.docx,(三)补充文件/5.符合招标文件投标人资格要求的证明文件/5.2查询报告及截图/5.2.1.国家企业信用信息公示系统查询结果/（7）国家企业信用信息公示系统查询截图,90e7c3ece03236eefba740c2514346c8cd6f36f6036b00b9d72414cabab98efd,90e7c3ece03236eefba740c2514346c8cd6f36f6036b00b9d72414cabab98efd
business-media-0027,business,media,20,new,未发现重复，仍需审核,河北泰昌电力器材科技有限公司,河北泰昌电力器材科技有限公司,mixed_historical_bid,qualification_library,资信库资料,enterprise_evidence,企业证明材料,[],泰昌企业资料,"[""商务标""]","[""补充文件/5.符合招标文件投标人资格要求的证明文件/5.2查询报告及截图/5.2.1.国家企业信用信息公示系统查询结果/（7）国家企业信用信息公示系统查询截图""]",reference_layout_only,needs_review,internal,企业内部资料,review_only,仅限人工复核,needs_customer_confirmation,需要客户确认,泰昌企业证明材料历史候选第20页,泰昌商务补充文件,泰昌商务补充文件,企业证明材料,来源于泰昌商务补充文件，历史位置为“补充文件/5.符合招标文件投标人资格要求的证明文件/5.2查询报告及截图/5.2.1.国家企业信用信息公示系统查询结果/（7）国家企业信用信息公示系统查询截图”。当前仅用于泰昌资料人工复核，未获准进入正式标书。,"[""泰昌"", ""企业证明材料"", ""历史标书候选"", ""商务标""]",suppressed_document_page_caption,,,True,False,False,blocked,尚未通过P0-06人工批准,0.45,assets/template_words/商务补充文件.docx,(三)补充文件/5.符合招标文件投标人资格要求的证明文件/5.2查询报告及截图/5.2.1.国家企业信用信息公示系统查询结果/（7）国家企业信用信息公示系统查询截图,938c42e1f38734d0bef40466eecff6b0eb72a50d2e16b13647da165922564d22,938c42e1f38734d0bef40466eecff6b0eb72a50d2e16b13647da165922564d22
business-media-0028,business,media,20,new,未发现重复，仍需审核,河北泰昌电力器材科技有限公司,河北泰昌电力器材科技有限公司,mixed_historical_bid,qualification_library,资信库资料,enterprise_evidence,企业证明材料,[],泰昌企业资料,"[""商务标""]","[""补充文件/5.符合招标文件投标人资格要求的证明文件/5.2查询报告及截图/5.2.1.国家企业信用信息公示系统查询结果/（7）国家企业信用信息公示系统查询截图""]",reference_layout_only,needs_review,internal,企业内部资料,review_only,仅限人工复核,needs_customer_confirmation,需要客户确认,泰昌企业证明材料历史候选第20页,泰昌商务补充文件,泰昌商务补充文件,企业证明材料,来源于泰昌商务补充文件，历史位置为“补充文件/5.符合招标文件投标人资格要求的证明文件/5.2查询报告及截图/5.2.1.国家企业信用信息公示系统查询结果/（7）国家企业信用信息公示系统查询截图”。当前仅用于泰昌资料人工复核，未获准进入正式标书。,"[""泰昌"", ""企业证明材料"", ""历史标书候选"", ""商务标""]",suppressed_document_page_caption,,,True,False,False,blocked,尚未通过P0-06人工批准,0.45,assets/template_words/商务补充文件.docx,(三)补充文件/5.符合招标文件投标人资格要求的证明文件/5.2查询报告及截图/5.2.1.国家企业信用信息公示系统查询结果/（7）国家企业信用信息公示系统查询截图,b734e5ee2440479d5c9f47ac55bfafa008a9b9f17fa538194b6e1b0eff9e42c7,b734e5ee2440479d5c9f47ac55bfafa008a9b9f17fa538194b6e1b0eff9e42c7
business-media-0029,business,media,20,new,未发现重复，仍需审核,河北泰昌电力器材科技有限公司,河北泰昌电力器材科技有限公司,mixed_historical_bid,qualification_library,资信库资料,enterprise_evidence,企业证明材料,[],泰昌企业资料,"[""商务标""]","[""补充文件/5.符合招标文件投标人资格要求的证明文件/5.2查询报告及截图/5.2.1.国家企业信用信息公示系统查询结果/（7）国家企业信用信息公示系统查询截图""]",reference_layout_only,needs_review,internal,企业内部资料,review_only,仅限人工复核,needs_customer_confirmation,需要客户确认,泰昌企业证明材料历史候选第20页,泰昌商务补充文件,泰昌商务补充文件,企业证明材料,来源于泰昌商务补充文件，历史位置为“补充文件/5.符合招标文件投标人资格要求的证明文件/5.2查询报告及截图/5.2.1.国家企业信用信息公示系统查询结果/（7）国家企业信用信息公示系统查询截图”。当前仅用于泰昌资料人工复核，未获准进入正式标书。,"[""泰昌"", ""企业证明材料"", ""历史标书候选"", ""商务标""]",suppressed_document_page_caption,,,True,False,False,blocked,尚未通过P0-06人工批准,0.45,assets/template_words/商务补充文件.docx,(三)补充文件/5.符合招标文件投标人资格要求的证明文件/5.2查询报告及截图/5.2.1.国家企业信用信息公示系统查询结果/（7）国家企业信用信息公示系统查询截图,ccaac18ee92c6c2b7ac4de9947a7b9ec2dd37372cbab906a7949ae2e6efabf7c,ccaac18ee92c6c2b7ac4de9947a7b9ec2dd37372cbab906a7949ae2e6efabf7c
business-media-0030,business,media,20,new,未发现重复，仍需审核,河北泰昌电力器材科技有限公司,河北泰昌电力器材科技有限公司,mixed_historical_bid,qualification_library,资信库资料,enterprise_evidence,企业证明材料,[],泰昌企业资料,"[""商务标""]","[""补充文件/5.符合招标文件投标人资格要求的证明文件/5.2查询报告及截图/5.2.1.国家企业信用信息公示系统查询结果/（7）国家企业信用信息公示系统查询截图""]",reference_layout_only,needs_review,internal,企业内部资料,review_only,仅限人工复核,needs_customer_confirmation,需要客户确认,泰昌企业证明材料历史候选第20页,泰昌商务补充文件,泰昌商务补充文件,企业证明材料,来源于泰昌商务补充文件，历史位置为“补充文件/5.符合招标文件投标人资格要求的证明文件/5.2查询报告及截图/5.2.1.国家企业信用信息公示系统查询结果/（7）国家企业信用信息公示系统查询截图”。当前仅用于泰昌资料人工复核，未获准进入正式标书。,"[""泰昌"", ""企业证明材料"", ""历史标书候选"", ""商务标""]",suppressed_document_page_caption,,,True,False,False,blocked,尚未通过P0-06人工批准,0.45,assets/template_words/商务补充文件.docx,(三)补充文件/5.符合招标文件投标人资格要求的证明文件/5.2查询报告及截图/5.2.1.国家企业信用信息公示系统查询结果/（7）国家企业信用信息公示系统查询截图,7819c22c50813c23d2d8ee1104bb0ea9a90b46e4ea05574daf96540658eaa96a,7819c22c50813c23d2d8ee1104bb0ea9a90b46e4ea05574daf96540658eaa96a
business-media-0031,business,media,20,new,未发现重复，仍需审核,河北泰昌电力器材科技有限公司,河北泰昌电力器材科技有限公司,mixed_historical_bid,qualification_library,资信库资料,enterprise_evidence,企业证明材料,[],泰昌企业资料,"[""商务标""]","[""补充文件/5.符合招标文件投标人资格要求的证明文件/5.2查询报告及截图/5.2.1.国家企业信用信息公示系统查询结果/（7）国家企业信用信息公示系统查询截图""]",reference_layout_only,needs_review,internal,企业内部资料,review_only,仅限人工复核,needs_customer_confirmation,需要客户确认,泰昌企业证明材料历史候选第20页,泰昌商务补充文件,泰昌商务补充文件,企业证明材料,来源于泰昌商务补充文件，历史位置为“补充文件/5.符合招标文件投标人资格要求的证明文件/5.2查询报告及截图/5.2.1.国家企业信用信息公示系统查询结果/（7）国家企业信用信息公示系统查询截图”。当前仅用于泰昌资料人工复核，未获准进入正式标书。,"[""泰昌"", ""企业证明材料"", ""历史标书候选"", ""商务标""]",suppressed_document_page_caption,,,True,False,False,blocked,尚未通过P0-06人工批准,0.45,assets/template_words/商务补充文件.docx,(三)补充文件/5.符合招标文件投标人资格要求的证明文件/5.2查询报告及截图/5.2.1.国家企业信用信息公示系统查询结果/（7）国家企业信用信息公示系统查询截图,b7614e94f9f8afd126fc3b09d31cf33d566d735ceea205089c9b2228da775d8d,b7614e94f9f8afd126fc3b09d31cf33d566d735ceea205089c9b2228da775d8d
business-media-0032,business,media,20,new,未发现重复，仍需审核,河北泰昌电力器材科技有限公司,河北泰昌电力器材科技有限公司,mixed_historical_bid,qualification_library,资信库资料,enterprise_evidence,企业证明材料,[],泰昌企业资料,"[""商务标""]","[""补充文件/5.符合招标文件投标人资格要求的证明文件/5.2查询报告及截图/5.2.1.国家企业信用信息公示系统查询结果/（7）国家企业信用信息公示系统查询截图""]",reference_layout_only,needs_review,internal,企业内部资料,review_only,仅限人工复核,needs_customer_confirmation,需要客户确认,泰昌企业证明材料历史候选第20页,泰昌商务补充文件,泰昌商务补充文件,企业证明材料,来源于泰昌商务补充文件，历史位置为“补充文件/5.符合招标文件投标人资格要求的证明文件/5.2查询报告及截图/5.2.1.国家企业信用信息公示系统查询结果/（7）国家企业信用信息公示系统查询截图”。当前仅用于泰昌资料人工复核，未获准进入正式标书。,"[""泰昌"", ""企业证明材料"", ""历史标书候选"", ""商务标""]",suppressed_document_page_caption,,,True,False,False,blocked,尚未通过P0-06人工批准,0.45,assets/template_words/商务补充文件.docx,(三)补充文件/5.符合招标文件投标人资格要求的证明文件/5.2查询报告及截图/5.2.1.国家企业信用信息公示系统查询结果/（7）国家企业信用信息公示系统查询截图,d2ec425c41a9314d40acb17eac904ea0a77a6348ce707de530b0456a5d9c894d,d2ec425c41a9314d40acb17eac904ea0a77a6348ce707de530b0456a5d9c894d
business-media-0033,business,media,20,new,未发现重复，仍需审核,河北泰昌电力器材科技有限公司,河北泰昌电力器材科技有限公司,mixed_historical_bid,qualification_library,资信库资料,enterprise_evidence,企业证明材料,[],泰昌企业资料,"[""商务标""]","[""补充文件/5.符合招标文件投标人资格要求的证明文件/5.2查询报告及截图/5.2.1.国家企业信用信息公示系统查询结果/（7）国家企业信用信息公示系统查询截图""]",reference_layout_only,needs_review,internal,企业内部资料,review_only,仅限人工复核,needs_customer_confirmation,需要客户确认,泰昌企业证明材料历史候选第20页,泰昌商务补充文件,泰昌商务补充文件,企业证明材料,来源于泰昌商务补充文件，历史位置为“补充文件/5.符合招标文件投标人资格要求的证明文件/5.2查询报告及截图/5.2.1.国家企业信用信息公示系统查询结果/（7）国家企业信用信息公示系统查询截图”。当前仅用于泰昌资料人工复核，未获准进入正式标书。,"[""泰昌"", ""企业证明材料"", ""历史标书候选"", ""商务标""]",suppressed_document_page_caption,,,True,False,False,blocked,尚未通过P0-06人工批准,0.45,assets/template_words/商务补充文件.docx,(三)补充文件/5.符合招标文件投标人资格要求的证明文件/5.2查询报告及截图/5.2.1.国家企业信用信息公示系统查询结果/（7）国家企业信用信息公示系统查询截图,276b69609e2224b8945d40f9e5f437d5867c47efc0287050a70f57c75e76280d,276b69609e2224b8945d40f9e5f437d5867c47efc0287050a70f57c75e76280d
business-media-0034,business,media,20,new,未发现重复，仍需审核,河北泰昌电力器材科技有限公司,河北泰昌电力器材科技有限公司,mixed_historical_bid,qualification_library,资信库资料,enterprise_evidence,企业证明材料,[],泰昌企业资料,"[""商务标""]","[""补充文件/5.符合招标文件投标人资格要求的证明文件/5.2查询报告及截图/5.2.1.国家企业信用信息公示系统查询结果/（7）国家企业信用信息公示系统查询截图""]",reference_layout_only,needs_review,internal,企业内部资料,review_only,仅限人工复核,needs_customer_confirmation,需要客户确认,泰昌企业证明材料历史候选第20页,泰昌商务补充文件,泰昌商务补充文件,企业证明材料,来源于泰昌商务补充文件，历史位置为“补充文件/5.符合招标文件投标人资格要求的证明文件/5.2查询报告及截图/5.2.1.国家企业信用信息公示系统查询结果/（7）国家企业信用信息公示系统查询截图”。当前仅用于泰昌资料人工复核，未获准进入正式标书。,"[""泰昌"", ""企业证明材料"", ""历史标书候选"", ""商务标""]",suppressed_document_page_caption,,,True,False,False,blocked,尚未通过P0-06人工批准,0.45,assets/template_words/商务补充文件.docx,(三)补充文件/5.符合招标文件投标人资格要求的证明文件/5.2查询报告及截图/5.2.1.国家企业信用信息公示系统查询结果/（7）国家企业信用信息公示系统查询截图,5d76fe49ae437e1f20cc703b5d990cffe66ef1730a60798347cfc8aac5df3973,5d76fe49ae437e1f20cc703b5d990cffe66ef1730a60798347cfc8aac5df3973
business-media-0035,business,media,20,new,未发现重复，仍需审核,河北泰昌电力器材科技有限公司,河北泰昌电力器材科技有限公司,mixed_historical_bid,qualification_library,资信库资料,enterprise_evidence,企业证明材料,[],泰昌企业资料,"[""商务标""]","[""补充文件/5.符合招标文件投标人资格要求的证明文件/5.2查询报告及截图/5.2.1.国家企业信用信息公示系统查询结果/（7）国家企业信用信息公示系统查询截图""]",reference_layout_only,needs_review,internal,企业内部资料,review_only,仅限人工复核,needs_customer_confirmation,需要客户确认,泰昌企业证明材料历史候选第20页,泰昌商务补充文件,泰昌商务补充文件,企业证明材料,来源于泰昌商务补充文件，历史位置为“补充文件/5.符合招标文件投标人资格要求的证明文件/5.2查询报告及截图/5.2.1.国家企业信用信息公示系统查询结果/（7）国家企业信用信息公示系统查询截图”。当前仅用于泰昌资料人工复核，未获准进入正式标书。,"[""泰昌"", ""企业证明材料"", ""历史标书候选"", ""商务标""]",suppressed_document_page_caption,,,True,False,False,blocked,尚未通过P0-06人工批准,0.45,assets/template_words/商务补充文件.docx,(三)补充文件/5.符合招标文件投标人资格要求的证明文件/5.2查询报告及截图/5.2.1.国家企业信用信息公示系统查询结果/（7）国家企业信用信息公示系统查询截图,3da42751effa9d9c08bfdc140032ce8d8ba72f96411e56fffa8575550d6fe0c8,3da42751effa9d9c08bfdc140032ce8d8ba72f96411e56fffa8575550d6fe0c8
business-media-0036,business,media,20,new,未发现重复，仍需审核,河北泰昌电力器材科技有限公司,河北泰昌电力器材科技有限公司,mixed_historical_bid,qualification_library,资信库资料,enterprise_evidence,企业证明材料,[],泰昌企业资料,"[""商务标""]","[""补充文件/5.符合招标文件投标人资格要求的证明文件/5.2查询报告及截图/5.2.1.国家企业信用信息公示系统查询结果/（7）国家企业信用信息公示系统查询截图""]",reference_layout_only,needs_review,internal,企业内部资料,review_only,仅限人工复核,needs_customer_confirmation,需要客户确认,泰昌企业证明材料历史候选第20页,泰昌商务补充文件,泰昌商务补充文件,企业证明材料,来源于泰昌商务补充文件，历史位置为“补充文件/5.符合招标文件投标人资格要求的证明文件/5.2查询报告及截图/5.2.1.国家企业信用信息公示系统查询结果/（7）国家企业信用信息公示系统查询截图”。当前仅用于泰昌资料人工复核，未获准进入正式标书。,"[""泰昌"", ""企业证明材料"", ""历史标书候选"", ""商务标""]",suppressed_document_page_caption,,,True,False,False,blocked,尚未通过P0-06人工批准,0.45,assets/template_words/商务补充文件.docx,(三)补充文件/5.符合招标文件投标人资格要求的证明文件/5.2查询报告及截图/5.2.1.国家企业信用信息公示系统查询结果/（7）国家企业信用信息公示系统查询截图,1c67c6849478398e9bb9e39d853feca5586c5f7ae11e688f8b941499677ab2fe,1c67c6849478398e9bb9e39d853feca5586c5f7ae11e688f8b941499677ab2fe
business-media-0037,business,media,20,new,未发现重复，仍需审核,河北泰昌电力器材科技有限公司,河北泰昌电力器材科技有限公司,mixed_historical_bid,qualification_library,资信库资料,enterprise_evidence,企业证明材料,[],泰昌企业资料,"[""商务标""]","[""补充文件/5.符合招标文件投标人资格要求的证明文件/5.2查询报告及截图/5.2.1.国家企业信用信息公示系统查询结果/（7）国家企业信用信息公示系统查询截图""]",reference_layout_only,needs_review,internal,企业内部资料,review_only,仅限人工复核,needs_customer_confirmation,需要客户确认,泰昌企业证明材料历史候选第20页,泰昌商务补充文件,泰昌商务补充文件,企业证明材料,来源于泰昌商务补充文件，历史位置为“补充文件/5.符合招标文件投标人资格要求的证明文件/5.2查询报告及截图/5.2.1.国家企业信用信息公示系统查询结果/（7）国家企业信用信息公示系统查询截图”。当前仅用于泰昌资料人工复核，未获准进入正式标书。,"[""泰昌"", ""企业证明材料"", ""历史标书候选"", ""商务标""]",suppressed_document_page_caption,,,True,False,False,blocked,尚未通过P0-06人工批准,0.45,assets/template_words/商务补充文件.docx,(三)补充文件/5.符合招标文件投标人资格要求的证明文件/5.2查询报告及截图/5.2.1.国家企业信用信息公示系统查询结果/（7）国家企业信用信息公示系统查询截图,733fd1f46083892a1dcc6580ae13e00c45e4127615db8149719410eaadb3535d,733fd1f46083892a1dcc6580ae13e00c45e4127615db8149719410eaadb3535d
business-media-0038,business,media,20,new,未发现重复，仍需审核,河北泰昌电力器材科技有限公司,河北泰昌电力器材科技有限公司,mixed_historical_bid,qualification_library,资信库资料,enterprise_evidence,企业证明材料,[],泰昌企业资料,"[""商务标""]","[""补充文件/5.符合招标文件投标人资格要求的证明文件/5.2查询报告及截图/5.2.1.国家企业信用信息公示系统查询结果/（7）国家企业信用信息公示系统查询截图""]",reference_layout_only,needs_review,internal,企业内部资料,review_only,仅限人工复核,needs_customer_confirmation,需要客户确认,泰昌企业证明材料历史候选第20页,泰昌商务补充文件,泰昌商务补充文件,企业证明材料,来源于泰昌商务补充文件，历史位置为“补充文件/5.符合招标文件投标人资格要求的证明文件/5.2查询报告及截图/5.2.1.国家企业信用信息公示系统查询结果/（7）国家企业信用信息公示系统查询截图”。当前仅用于泰昌资料人工复核，未获准进入正式标书。,"[""泰昌"", ""企业证明材料"", ""历史标书候选"", ""商务标""]",suppressed_document_page_caption,,,True,False,False,blocked,尚未通过P0-06人工批准,0.45,assets/template_words/商务补充文件.docx,(三)补充文件/5.符合招标文件投标人资格要求的证明文件/5.2查询报告及截图/5.2.1.国家企业信用信息公示系统查询结果/（7）国家企业信用信息公示系统查询截图,fc75b73fe74b87176b9aa86fbebc52d1ad470a38d73cfef47a9f2be46bb5edc5,fc75b73fe74b87176b9aa86fbebc52d1ad470a38d73cfef47a9f2be46bb5edc5
business-media-0039,business,media,20,new,未发现重复，仍需审核,河北泰昌电力器材科技有限公司,河北泰昌电力器材科技有限公司,mixed_historical_bid,qualification_library,资信库资料,enterprise_evidence,企业证明材料,[],泰昌企业资料,"[""商务标""]","[""补充文件/5.符合招标文件投标人资格要求的证明文件/5.2查询报告及截图/5.2.1.国家企业信用信息公示系统查询结果/（7）国家企业信用信息公示系统查询截图""]",reference_layout_only,needs_review,internal,企业内部资料,review_only,仅限人工复核,needs_customer_confirmation,需要客户确认,泰昌企业证明材料历史候选第20页,泰昌商务补充文件,泰昌商务补充文件,企业证明材料,来源于泰昌商务补充文件，历史位置为“补充文件/5.符合招标文件投标人资格要求的证明文件/5.2查询报告及截图/5.2.1.国家企业信用信息公示系统查询结果/（7）国家企业信用信息公示系统查询截图”。当前仅用于泰昌资料人工复核，未获准进入正式标书。,"[""泰昌"", ""企业证明材料"", ""历史标书候选"", ""商务标""]",suppressed_document_page_caption,,,True,False,False,blocked,尚未通过P0-06人工批准,0.45,assets/template_words/商务补充文件.docx,(三)补充文件/5.符合招标文件投标人资格要求的证明文件/5.2查询报告及截图/5.2.1.国家企业信用信息公示系统查询结果/（7）国家企业信用信息公示系统查询截图,25878a1df871873689d2ce7b3d8ae025b60beeaf4ae7fc7c7638190bc68c7593,25878a1df871873689d2ce7b3d8ae025b60beeaf4ae7fc7c7638190bc68c7593
business-media-0040,business,media,20,new,未发现重复，仍需审核,河北泰昌电力器材科技有限公司,河北泰昌电力器材科技有限公司,mixed_historical_bid,qualification_library,资信库资料,enterprise_evidence,企业证明材料,[],泰昌企业资料,"[""商务标""]","[""补充文件/5.符合招标文件投标人资格要求的证明文件/5.2查询报告及截图/5.2.1.国家企业信用信息公示系统查询结果/（7）国家企业信用信息公示系统查询截图""]",reference_layout_only,needs_review,internal,企业内部资料,review_only,仅限人工复核,needs_customer_confirmation,需要客户确认,泰昌企业证明材料历史候选第20页,泰昌商务补充文件,泰昌商务补充文件,企业证明材料,来源于泰昌商务补充文件，历史位置为“补充文件/5.符合招标文件投标人资格要求的证明文件/5.2查询报告及截图/5.2.1.国家企业信用信息公示系统查询结果/（7）国家企业信用信息公示系统查询截图”。当前仅用于泰昌资料人工复核，未获准进入正式标书。,"[""泰昌"", ""企业证明材料"", ""历史标书候选"", ""商务标""]",suppressed_document_page_caption,,,True,False,False,blocked,尚未通过P0-06人工批准,0.45,assets/template_words/商务补充文件.docx,(三)补充文件/5.符合招标文件投标人资格要求的证明文件/5.2查询报告及截图/5.2.1.国家企业信用信息公示系统查询结果/（7）国家企业信用信息公示系统查询截图,1407a490167ed37647844fd68f9c9950f47c8ba963e567e8028c2763245c8e70,1407a490167ed37647844fd68f9c9950f47c8ba963e567e8028c2763245c8e70
business-media-0041,business,media,20,new,未发现重复，仍需审核,河北泰昌电力器材科技有限公司,河北泰昌电力器材科技有限公司,mixed_historical_bid,qualification_library,资信库资料,enterprise_evidence,企业证明材料,[],泰昌企业资料,"[""商务标""]","[""补充文件/5.符合招标文件投标人资格要求的证明文件/5.2查询报告及截图/5.2.1.国家企业信用信息公示系统查询结果/（7）国家企业信用信息公示系统查询截图""]",reference_layout_only,needs_review,internal,企业内部资料,review_only,仅限人工复核,needs_customer_confirmation,需要客户确认,泰昌企业证明材料历史候选第20页,泰昌商务补充文件,泰昌商务补充文件,企业证明材料,来源于泰昌商务补充文件，历史位置为“补充文件/5.符合招标文件投标人资格要求的证明文件/5.2查询报告及截图/5.2.1.国家企业信用信息公示系统查询结果/（7）国家企业信用信息公示系统查询截图”。当前仅用于泰昌资料人工复核，未获准进入正式标书。,"[""泰昌"", ""企业证明材料"", ""历史标书候选"", ""商务标""]",suppressed_document_page_caption,,,True,False,False,blocked,尚未通过P0-06人工批准,0.45,assets/template_words/商务补充文件.docx,(三)补充文件/5.符合招标文件投标人资格要求的证明文件/5.2查询报告及截图/5.2.1.国家企业信用信息公示系统查询结果/（7）国家企业信用信息公示系统查询截图,2e147a29772973926b0dfd5a365a1bb599ca0f0252b319c73f5078966a166146,2e147a29772973926b0dfd5a365a1bb599ca0f0252b319c73f5078966a166146
business-media-0042,business,media,20,new,未发现重复，仍需审核,河北泰昌电力器材科技有限公司,河北泰昌电力器材科技有限公司,mixed_historical_bid,qualification_library,资信库资料,enterprise_evidence,企业证明材料,[],泰昌企业资料,"[""商务标""]","[""补充文件/5.符合招标文件投标人资格要求的证明文件/5.2查询报告及截图/5.2.1.国家企业信用信息公示系统查询结果/（7）国家企业信用信息公示系统查询截图""]",reference_layout_only,needs_review,internal,企业内部资料,review_only,仅限人工复核,needs_customer_confirmation,需要客户确认,泰昌企业证明材料历史候选第20页,泰昌商务补充文件,泰昌商务补充文件,企业证明材料,来源于泰昌商务补充文件，历史位置为“补充文件/5.符合招标文件投标人资格要求的证明文件/5.2查询报告及截图/5.2.1.国家企业信用信息公示系统查询结果/（7）国家企业信用信息公示系统查询截图”。当前仅用于泰昌资料人工复核，未获准进入正式标书。,"[""泰昌"", ""企业证明材料"", ""历史标书候选"", ""商务标""]",suppressed_document_page_caption,,,True,False,False,blocked,尚未通过P0-06人工批准,0.45,assets/template_words/商务补充文件.docx,(三)补充文件/5.符合招标文件投标人资格要求的证明文件/5.2查询报告及截图/5.2.1.国家企业信用信息公示系统查询结果/（7）国家企业信用信息公示系统查询截图,762587b9416fa3f6514e734472a023e84529830f5d003159c835654d36fb4031,762587b9416fa3f6514e734472a023e84529830f5d003159c835654d36fb4031
business-media-0043,business,media,20,new,未发现重复，仍需审核,河北泰昌电力器材科技有限公司,河北泰昌电力器材科技有限公司,mixed_historical_bid,qualification_library,资信库资料,enterprise_evidence,企业证明材料,[],泰昌企业资料,"[""商务标""]","[""补充文件/5.符合招标文件投标人资格要求的证明文件/5.2查询报告及截图/5.2.1.国家企业信用信息公示系统查询结果/（7）国家企业信用信息公示系统查询截图""]",reference_layout_only,needs_review,internal,企业内部资料,review_only,仅限人工复核,needs_customer_confirmation,需要客户确认,泰昌企业证明材料历史候选第20页,泰昌商务补充文件,泰昌商务补充文件,企业证明材料,来源于泰昌商务补充文件，历史位置为“补充文件/5.符合招标文件投标人资格要求的证明文件/5.2查询报告及截图/5.2.1.国家企业信用信息公示系统查询结果/（7）国家企业信用信息公示系统查询截图”。当前仅用于泰昌资料人工复核，未获准进入正式标书。,"[""泰昌"", ""企业证明材料"", ""历史标书候选"", ""商务标""]",suppressed_document_page_caption,,,True,False,False,blocked,尚未通过P0-06人工批准,0.45,assets/template_words/商务补充文件.docx,(三)补充文件/5.符合招标文件投标人资格要求的证明文件/5.2查询报告及截图/5.2.1.国家企业信用信息公示系统查询结果/（7）国家企业信用信息公示系统查询截图,d1863474c9d78ec3073e4aef107bf1be5fad8b93604cad70d5ec6e126405956a,d1863474c9d78ec3073e4aef107bf1be5fad8b93604cad70d5ec6e126405956a
business-media-0044,business,media,20,new,未发现重复，仍需审核,河北泰昌电力器材科技有限公司,河北泰昌电力器材科技有限公司,mixed_historical_bid,qualification_library,资信库资料,enterprise_evidence,企业证明材料,[],泰昌企业资料,"[""商务标""]","[""补充文件/5.符合招标文件投标人资格要求的证明文件/5.2查询报告及截图/5.2.1.国家企业信用信息公示系统查询结果/（7）国家企业信用信息公示系统查询截图""]",reference_layout_only,needs_review,internal,企业内部资料,review_only,仅限人工复核,needs_customer_confirmation,需要客户确认,泰昌企业证明材料历史候选第20页,泰昌商务补充文件,泰昌商务补充文件,企业证明材料,来源于泰昌商务补充文件，历史位置为“补充文件/5.符合招标文件投标人资格要求的证明文件/5.2查询报告及截图/5.2.1.国家企业信用信息公示系统查询结果/（7）国家企业信用信息公示系统查询截图”。当前仅用于泰昌资料人工复核，未获准进入正式标书。,"[""泰昌"", ""企业证明材料"", ""历史标书候选"", ""商务标""]",suppressed_document_page_caption,,,True,False,False,blocked,尚未通过P0-06人工批准,0.45,assets/template_words/商务补充文件.docx,(三)补充文件/5.符合招标文件投标人资格要求的证明文件/5.2查询报告及截图/5.2.1.国家企业信用信息公示系统查询结果/（7）国家企业信用信息公示系统查询截图,6b0ec51859995ced006e155ba9519ed947aa8ed76aa14d3f8ab0e6044297569c,6b0ec51859995ced006e155ba9519ed947aa8ed76aa14d3f8ab0e6044297569c
business-media-0045,business,media,20,new,未发现重复，仍需审核,河北泰昌电力器材科技有限公司,河北泰昌电力器材科技有限公司,mixed_historical_bid,qualification_library,资信库资料,enterprise_evidence,企业证明材料,[],泰昌企业资料,"[""商务标""]","[""补充文件/5.符合招标文件投标人资格要求的证明文件/5.2查询报告及截图/5.2.1.国家企业信用信息公示系统查询结果/（7）国家企业信用信息公示系统查询截图""]",reference_layout_only,needs_review,internal,企业内部资料,review_only,仅限人工复核,needs_customer_confirmation,需要客户确认,泰昌企业证明材料历史候选第20页,泰昌商务补充文件,泰昌商务补充文件,企业证明材料,来源于泰昌商务补充文件，历史位置为“补充文件/5.符合招标文件投标人资格要求的证明文件/5.2查询报告及截图/5.2.1.国家企业信用信息公示系统查询结果/（7）国家企业信用信息公示系统查询截图”。当前仅用于泰昌资料人工复核，未获准进入正式标书。,"[""泰昌"", ""企业证明材料"", ""历史标书候选"", ""商务标""]",suppressed_document_page_caption,,,True,False,False,blocked,尚未通过P0-06人工批准,0.45,assets/template_words/商务补充文件.docx,(三)补充文件/5.符合招标文件投标人资格要求的证明文件/5.2查询报告及截图/5.2.1.国家企业信用信息公示系统查询结果/（7）国家企业信用信息公示系统查询截图,aa93e7c2acc11d35f4813bf2e87c966c41565d9d15d9a498ced30360903df80b,aa93e7c2acc11d35f4813bf2e87c966c41565d9d15d9a498ced30360903df80b
business-media-0046,business,media,20,new,未发现重复，仍需审核,河北泰昌电力器材科技有限公司,河北泰昌电力器材科技有限公司,mixed_historical_bid,qualification_library,资信库资料,enterprise_evidence,企业证明材料,[],泰昌企业资料,"[""商务标""]","[""补充文件/5.符合招标文件投标人资格要求的证明文件/5.2查询报告及截图/5.2.1.国家企业信用信息公示系统查询结果/（7）国家企业信用信息公示系统查询截图""]",reference_layout_only,needs_review,internal,企业内部资料,review_only,仅限人工复核,needs_customer_confirmation,需要客户确认,泰昌企业证明材料历史候选第20页,泰昌商务补充文件,泰昌商务补充文件,企业证明材料,来源于泰昌商务补充文件，历史位置为“补充文件/5.符合招标文件投标人资格要求的证明文件/5.2查询报告及截图/5.2.1.国家企业信用信息公示系统查询结果/（7）国家企业信用信息公示系统查询截图”。当前仅用于泰昌资料人工复核，未获准进入正式标书。,"[""泰昌"", ""企业证明材料"", ""历史标书候选"", ""商务标""]",suppressed_document_page_caption,,,True,False,False,blocked,尚未通过P0-06人工批准,0.45,assets/template_words/商务补充文件.docx,(三)补充文件/5.符合招标文件投标人资格要求的证明文件/5.2查询报告及截图/5.2.1.国家企业信用信息公示系统查询结果/（7）国家企业信用信息公示系统查询截图,de0bed79e919de35e1c9fafc9cd21f6ccd67f4959a84c21319336316deb274a3,de0bed79e919de35e1c9fafc9cd21f6ccd67f4959a84c21319336316deb274a3
business-media-0047,business,media,20,new,未发现重复，仍需审核,河北泰昌电力器材科技有限公司,河北泰昌电力器材科技有限公司,mixed_historical_bid,qualification_library,资信库资料,enterprise_evidence,企业证明材料,[],泰昌企业资料,"[""商务标""]","[""补充文件/5.符合招标文件投标人资格要求的证明文件/5.2查询报告及截图/5.2.1.国家企业信用信息公示系统查询结果/（7）国家企业信用信息公示系统查询截图""]",reference_layout_only,needs_review,internal,企业内部资料,review_only,仅限人工复核,needs_customer_confirmation,需要客户确认,泰昌企业证明材料历史候选第20页,泰昌商务补充文件,泰昌商务补充文件,企业证明材料,来源于泰昌商务补充文件，历史位置为“补充文件/5.符合招标文件投标人资格要求的证明文件/5.2查询报告及截图/5.2.1.国家企业信用信息公示系统查询结果/（7）国家企业信用信息公示系统查询截图”。当前仅用于泰昌资料人工复核，未获准进入正式标书。,"[""泰昌"", ""企业证明材料"", ""历史标书候选"", ""商务标""]",suppressed_document_page_caption,,,True,False,False,blocked,尚未通过P0-06人工批准,0.45,assets/template_words/商务补充文件.docx,(三)补充文件/5.符合招标文件投标人资格要求的证明文件/5.2查询报告及截图/5.2.1.国家企业信用信息公示系统查询结果/（7）国家企业信用信息公示系统查询截图,db890694adec2bef56cf0d1a50763fac813ab7f5bd2c4831eebe005a4ba0525b,db890694adec2bef56cf0d1a50763fac813ab7f5bd2c4831eebe005a4ba0525b
business-media-0048,business,media,20,new,未发现重复，仍需审核,河北泰昌电力器材科技有限公司,河北泰昌电力器材科技有限公司,mixed_historical_bid,qualification_library,资信库资料,enterprise_evidence,企业证明材料,[],泰昌企业资料,"[""商务标""]","[""补充文件/5.符合招标文件投标人资格要求的证明文件/5.2查询报告及截图/5.2.1.国家企业信用信息公示系统查询结果/（7）国家企业信用信息公示系统查询截图""]",reference_layout_only,needs_review,internal,企业内部资料,review_only,仅限人工复核,needs_customer_confirmation,需要客户确认,泰昌企业证明材料历史候选第20页,泰昌商务补充文件,泰昌商务补充文件,企业证明材料,来源于泰昌商务补充文件，历史位置为“补充文件/5.符合招标文件投标人资格要求的证明文件/5.2查询报告及截图/5.2.1.国家企业信用信息公示系统查询结果/（7）国家企业信用信息公示系统查询截图”。当前仅用于泰昌资料人工复核，未获准进入正式标书。,"[""泰昌"", ""企业证明材料"", ""历史标书候选"", ""商务标""]",suppressed_document_page_caption,,,True,False,False,blocked,尚未通过P0-06人工批准,0.45,assets/template_words/商务补充文件.docx,(三)补充文件/5.符合招标文件投标人资格要求的证明文件/5.2查询报告及截图/5.2.1.国家企业信用信息公示系统查询结果/（7）国家企业信用信息公示系统查询截图,3bb05837dbb6f95249deb4602375185705d080305623f4de31b675113cf098f3,3bb05837dbb6f95249deb4602375185705d080305623f4de31b675113cf098f3
business-media-0049,business,media,20,new,未发现重复，仍需审核,河北泰昌电力器材科技有限公司,河北泰昌电力器材科技有限公司,mixed_historical_bid,qualification_library,资信库资料,enterprise_evidence,企业证明材料,[],泰昌企业资料,"[""商务标""]","[""补充文件/5.符合招标文件投标人资格要求的证明文件/5.2查询报告及截图/5.2.1.国家企业信用信息公示系统查询结果/（7）国家企业信用信息公示系统查询截图""]",reference_layout_only,needs_review,internal,企业内部资料,review_only,仅限人工复核,needs_customer_confirmation,需要客户确认,泰昌企业证明材料历史候选第20页,泰昌商务补充文件,泰昌商务补充文件,企业证明材料,来源于泰昌商务补充文件，历史位置为“补充文件/5.符合招标文件投标人资格要求的证明文件/5.2查询报告及截图/5.2.1.国家企业信用信息公示系统查询结果/（7）国家企业信用信息公示系统查询截图”。当前仅用于泰昌资料人工复核，未获准进入正式标书。,"[""泰昌"", ""企业证明材料"", ""历史标书候选"", ""商务标""]",suppressed_document_page_caption,,,True,False,False,blocked,尚未通过P0-06人工批准,0.45,assets/template_words/商务补充文件.docx,(三)补充文件/5.符合招标文件投标人资格要求的证明文件/5.2查询报告及截图/5.2.1.国家企业信用信息公示系统查询结果/（7）国家企业信用信息公示系统查询截图,a40ca74d0d9d70f112309b301b7e2903335af99d4552b51f982e9f399b3bc85a,a40ca74d0d9d70f112309b301b7e2903335af99d4552b51f982e9f399b3bc85a
business-media-0050,business,media,20,new,未发现重复，仍需审核,河北泰昌电力器材科技有限公司,河北泰昌电力器材科技有限公司,mixed_historical_bid,qualification_library,资信库资料,enterprise_evidence,企业证明材料,[],泰昌企业资料,"[""商务标""]","[""补充文件/5.符合招标文件投标人资格要求的证明文件/5.2查询报告及截图/5.2.1.国家企业信用信息公示系统查询结果/（7）国家企业信用信息公示系统查询截图""]",reference_layout_only,needs_review,internal,企业内部资料,review_only,仅限人工复核,needs_customer_confirmation,需要客户确认,泰昌企业证明材料历史候选第20页,泰昌商务补充文件,泰昌商务补充文件,企业证明材料,来源于泰昌商务补充文件，历史位置为“补充文件/5.符合招标文件投标人资格要求的证明文件/5.2查询报告及截图/5.2.1.国家企业信用信息公示系统查询结果/（7）国家企业信用信息公示系统查询截图”。当前仅用于泰昌资料人工复核，未获准进入正式标书。,"[""泰昌"", ""企业证明材料"", ""历史标书候选"", ""商务标""]",suppressed_document_page_caption,,,True,False,False,blocked,尚未通过P0-06人工批准,0.45,assets/template_words/商务补充文件.docx,(三)补充文件/5.符合招标文件投标人资格要求的证明文件/5.2查询报告及截图/5.2.1.国家企业信用信息公示系统查询结果/（7）国家企业信用信息公示系统查询截图,cac7d1aa201e7d30c2a5f1098f62be0668f10c80e4fa574158937373c7e88f58,cac7d1aa201e7d30c2a5f1098f62be0668f10c80e4fa574158937373c7e88f58
business-media-0051,business,media,20,new,未发现重复，仍需审核,河北泰昌电力器材科技有限公司,河北泰昌电力器材科技有限公司,mixed_historical_bid,qualification_library,资信库资料,enterprise_evidence,企业证明材料,[],泰昌企业资料,"[""商务标""]","[""补充文件/5.符合招标文件投标人资格要求的证明文件/5.2查询报告及截图/5.2.1.国家企业信用信息公示系统查询结果/（7）国家企业信用信息公示系统查询截图""]",reference_layout_only,needs_review,internal,企业内部资料,review_only,仅限人工复核,needs_customer_confirmation,需要客户确认,泰昌企业证明材料历史候选第20页,泰昌商务补充文件,泰昌商务补充文件,企业证明材料,来源于泰昌商务补充文件，历史位置为“补充文件/5.符合招标文件投标人资格要求的证明文件/5.2查询报告及截图/5.2.1.国家企业信用信息公示系统查询结果/（7）国家企业信用信息公示系统查询截图”。当前仅用于泰昌资料人工复核，未获准进入正式标书。,"[""泰昌"", ""企业证明材料"", ""历史标书候选"", ""商务标""]",suppressed_document_page_caption,,,True,False,False,blocked,尚未通过P0-06人工批准,0.45,assets/template_words/商务补充文件.docx,(三)补充文件/5.符合招标文件投标人资格要求的证明文件/5.2查询报告及截图/5.2.1.国家企业信用信息公示系统查询结果/（7）国家企业信用信息公示系统查询截图,d7a1e93abb144ffa264120bdb7de8309cd87025739b28caa0063feccadcf0ca6,d7a1e93abb144ffa264120bdb7de8309cd87025739b28caa0063feccadcf0ca6
business-media-0052,business,media,20,new,未发现重复，仍需审核,河北泰昌电力器材科技有限公司,河北泰昌电力器材科技有限公司,mixed_historical_bid,qualification_library,资信库资料,enterprise_evidence,企业证明材料,[],泰昌企业资料,"[""商务标""]","[""补充文件/5.符合招标文件投标人资格要求的证明文件/5.2查询报告及截图/5.2.1.国家企业信用信息公示系统查询结果/（7）国家企业信用信息公示系统查询截图""]",reference_layout_only,needs_review,internal,企业内部资料,review_only,仅限人工复核,needs_customer_confirmation,需要客户确认,泰昌企业证明材料历史候选第20页,泰昌商务补充文件,泰昌商务补充文件,企业证明材料,来源于泰昌商务补充文件，历史位置为“补充文件/5.符合招标文件投标人资格要求的证明文件/5.2查询报告及截图/5.2.1.国家企业信用信息公示系统查询结果/（7）国家企业信用信息公示系统查询截图”。当前仅用于泰昌资料人工复核，未获准进入正式标书。,"[""泰昌"", ""企业证明材料"", ""历史标书候选"", ""商务标""]",suppressed_document_page_caption,,,True,False,False,blocked,尚未通过P0-06人工批准,0.45,assets/template_words/商务补充文件.docx,(三)补充文件/5.符合招标文件投标人资格要求的证明文件/5.2查询报告及截图/5.2.1.国家企业信用信息公示系统查询结果/（7）国家企业信用信息公示系统查询截图,d068fd718dfc6b154741e2f4a08b699832826eb02b4cb62d15b175672e3fcab8,d068fd718dfc6b154741e2f4a08b699832826eb02b4cb62d15b175672e3fcab8
business-media-0053,business,media,20,possible_visual_duplicate,视觉疑似重复,河北泰昌电力器材科技有限公司,河北泰昌电力器材科技有限公司,mixed_historical_bid,qualification_library,资信库资料,enterprise_evidence,企业证明材料,[],泰昌企业资料,"[""商务标""]","[""补充文件/5.符合招标文件投标人资格要求的证明文件/5.2查询报告及截图/5.2.1.国家企业信用信息公示系统查询结果/（7）国家企业信用信息公示系统查询截图""]",reference_layout_only,needs_review,internal,企业内部资料,review_only,仅限人工复核,needs_manual_review,需要人工复核,泰昌企业证明材料历史候选第20页,泰昌商务补充文件,泰昌商务补充文件,企业证明材料,来源于泰昌商务补充文件，历史位置为“补充文件/5.符合招标文件投标人资格要求的证明文件/5.2查询报告及截图/5.2.1.国家企业信用信息公示系统查询结果/（7）国家企业信用信息公示系统查询截图”。当前仅用于泰昌资料人工复核，未获准进入正式标书。,"[""泰昌"", ""企业证明材料"", ""历史标书候选"", ""商务标""]",suppressed_document_page_caption,,taichang-visual-review-2737d7c1ce4962906426,True,False,False,blocked,尚未通过P0-06人工批准,0.45,assets/template_words/商务补充文件.docx,(三)补充文件/5.符合招标文件投标人资格要求的证明文件/5.2查询报告及截图/5.2.1.国家企业信用信息公示系统查询结果/（7）国家企业信用信息公示系统查询截图,d3f899fb6093512dcfde9205ad3acf525bad5a763f59b32406dc3de982e91b6b,d3f899fb6093512dcfde9205ad3acf525bad5a763f59b32406dc3de982e91b6b
business-chapter-026,business,chapter,56,new,未发现重复，仍需审核,河北泰昌电力器材科技有限公司,河北泰昌电力器材科技有限公司,mixed_historical_bid,reference_template_library,历史参考资料,historical_structure_reference,历史目录结构参考,[],泰昌企业资料,"[""商务标""]","[""补充文件/5.符合招标文件投标人资格要求的证明文件/5.2查询报告及截图/5.2.2.信用中国”（www.creditchina.gov.cn）中的查询结果""]",uncertain,needs_review,internal,企业内部资料,review_only,仅限人工复核,not_asset_reference,非资产结构参考,泰昌商务标历史目录参考：补充文件/5.符合招标文件投标人资格要求的证明文件/5.2查询报告及截图/5.2.2.信用中国”（www.creditchina.gov.cn）中的查询结果,泰昌商务补充文件,泰昌商务补充文件,历史目录结构参考,来源于泰昌商务补充文件，历史位置为“补充文件/5.符合招标文件投标人资格要求的证明文件/5.2查询报告及截图/5.2.2.信用中国”（www.creditchina.gov.cn）中的查询结果”。当前仅用于泰昌资料人工复核，未获准进入正式标书。,"[""泰昌"", ""历史目录结构参考"", ""历史标书候选"", ""商务标""]",suppressed_document_page_caption,,,False,False,False,blocked,尚未通过P0-06人工批准,1.0,assets/template_words/商务补充文件.docx,(三)补充文件/5.符合招标文件投标人资格要求的证明文件/5.2查询报告及截图/5.2.2.信用中国”（www.creditchina.gov.cn）中的查询结果,ada3dbdafe31c86bf5a11992df1cb06ecc4ee480e439d7860ba43b5d71d043ad,
business-media-0054,business,media,57,new,未发现重复，仍需审核,河北泰昌电力器材科技有限公司,河北泰昌电力器材科技有限公司,mixed_historical_bid,qualification_library,资信库资料,enterprise_evidence,企业证明材料,[],泰昌企业资料,"[""商务标""]","[""补充文件/5.符合招标文件投标人资格要求的证明文件/5.2查询报告及截图/5.2.2.信用中国”（www.creditchina.gov.cn）中的查询结果""]",uncertain,needs_review,internal,企业内部资料,review_only,仅限人工复核,needs_customer_confirmation,需要客户确认,泰昌企业证明材料历史候选第57页,泰昌商务补充文件,泰昌商务补充文件,企业证明材料,来源于泰昌商务补充文件，历史位置为“补充文件/5.符合招标文件投标人资格要求的证明文件/5.2查询报告及截图/5.2.2.信用中国”（www.creditchina.gov.cn）中的查询结果”。当前仅用于泰昌资料人工复核，未获准进入正式标书。,"[""泰昌"", ""企业证明材料"", ""历史标书候选"", ""商务标""]",suppressed_document_page_caption,,,True,False,False,blocked,尚未通过P0-06人工批准,0.45,assets/template_words/商务补充文件.docx,(三)补充文件/5.符合招标文件投标人资格要求的证明文件/5.2查询报告及截图/5.2.2.信用中国”（www.creditchina.gov.cn）中的查询结果,39c850079ff42241b22c3a728f7e9687ec702ca266827db03f0e4061554b6718,39c850079ff42241b22c3a728f7e9687ec702ca266827db03f0e4061554b6718
business-media-0055,business,media,57,new,未发现重复，仍需审核,河北泰昌电力器材科技有限公司,河北泰昌电力器材科技有限公司,mixed_historical_bid,qualification_library,资信库资料,enterprise_evidence,企业证明材料,[],泰昌企业资料,"[""商务标""]","[""补充文件/5.符合招标文件投标人资格要求的证明文件/5.2查询报告及截图/5.2.2.信用中国”（www.creditchina.gov.cn）中的查询结果""]",uncertain,needs_review,internal,企业内部资料,review_only,仅限人工复核,needs_customer_confirmation,需要客户确认,泰昌企业证明材料历史候选第57页,泰昌商务补充文件,泰昌商务补充文件,企业证明材料,来源于泰昌商务补充文件，历史位置为“补充文件/5.符合招标文件投标人资格要求的证明文件/5.2查询报告及截图/5.2.2.信用中国”（www.creditchina.gov.cn）中的查询结果”。当前仅用于泰昌资料人工复核，未获准进入正式标书。,"[""泰昌"", ""企业证明材料"", ""历史标书候选"", ""商务标""]",suppressed_document_page_caption,,,True,False,False,blocked,尚未通过P0-06人工批准,0.45,assets/template_words/商务补充文件.docx,(三)补充文件/5.符合招标文件投标人资格要求的证明文件/5.2查询报告及截图/5.2.2.信用中国”（www.creditchina.gov.cn）中的查询结果,2d290d5e4e2517313c89eb770713cdd51363c143e3c97066d57f58e430b2ac97,2d290d5e4e2517313c89eb770713cdd51363c143e3c97066d57f58e430b2ac97
business-media-0056,business,media,57,possible_visual_duplicate,视觉疑似重复,河北泰昌电力器材科技有限公司,河北泰昌电力器材科技有限公司,mixed_historical_bid,qualification_library,资信库资料,enterprise_evidence,企业证明材料,[],泰昌企业资料,"[""商务标""]","[""补充文件/5.符合招标文件投标人资格要求的证明文件/5.2查询报告及截图/5.2.2.信用中国”（www.creditchina.gov.cn）中的查询结果""]",uncertain,needs_review,internal,企业内部资料,review_only,仅限人工复核,needs_manual_review,需要人工复核,泰昌企业证明材料历史候选第57页,泰昌商务补充文件,泰昌商务补充文件,企业证明材料,来源于泰昌商务补充文件，历史位置为“补充文件/5.符合招标文件投标人资格要求的证明文件/5.2查询报告及截图/5.2.2.信用中国”（www.creditchina.gov.cn）中的查询结果”。当前仅用于泰昌资料人工复核，未获准进入正式标书。,"[""泰昌"", ""企业证明材料"", ""历史标书候选"", ""商务标""]",suppressed_document_page_caption,,taichang-visual-review-4e4d9f197f8fc9c1a4d5,True,False,False,blocked,尚未通过P0-06人工批准,0.45,assets/template_words/商务补充文件.docx,(三)补充文件/5.符合招标文件投标人资格要求的证明文件/5.2查询报告及截图/5.2.2.信用中国”（www.creditchina.gov.cn）中的查询结果,431a4b2c1ac6afc0eee696e32fc9241bfc6919972e3832169b3dc2b44498a6b2,431a4b2c1ac6afc0eee696e32fc9241bfc6919972e3832169b3dc2b44498a6b2
business-media-0057,business,media,57,possible_visual_duplicate,视觉疑似重复,河北泰昌电力器材科技有限公司,河北泰昌电力器材科技有限公司,mixed_historical_bid,qualification_library,资信库资料,enterprise_evidence,企业证明材料,[],泰昌企业资料,"[""商务标""]","[""补充文件/5.符合招标文件投标人资格要求的证明文件/5.2查询报告及截图/5.2.2.信用中国”（www.creditchina.gov.cn）中的查询结果""]",uncertain,needs_review,internal,企业内部资料,review_only,仅限人工复核,needs_manual_review,需要人工复核,泰昌企业证明材料历史候选第57页,泰昌商务补充文件,泰昌商务补充文件,企业证明材料,来源于泰昌商务补充文件，历史位置为“补充文件/5.符合招标文件投标人资格要求的证明文件/5.2查询报告及截图/5.2.2.信用中国”（www.creditchina.gov.cn）中的查询结果”。当前仅用于泰昌资料人工复核，未获准进入正式标书。,"[""泰昌"", ""企业证明材料"", ""历史标书候选"", ""商务标""]",suppressed_document_page_caption,,taichang-visual-review-38841215579946ee07af,True,False,False,blocked,尚未通过P0-06人工批准,0.45,assets/template_words/商务补充文件.docx,(三)补充文件/5.符合招标文件投标人资格要求的证明文件/5.2查询报告及截图/5.2.2.信用中国”（www.creditchina.gov.cn）中的查询结果,ebff0b63d6055e468fdf3a012356e72c4eebbaf30f7d85c7d01985fed648279b,ebff0b63d6055e468fdf3a012356e72c4eebbaf30f7d85c7d01985fed648279b
business-media-0058,business,media,57,possible_visual_duplicate,视觉疑似重复,河北泰昌电力器材科技有限公司,河北泰昌电力器材科技有限公司,mixed_historical_bid,qualification_library,资信库资料,enterprise_evidence,企业证明材料,[],泰昌企业资料,"[""商务标""]","[""补充文件/5.符合招标文件投标人资格要求的证明文件/5.2查询报告及截图/5.2.2.信用中国”（www.creditchina.gov.cn）中的查询结果""]",uncertain,needs_review,internal,企业内部资料,review_only,仅限人工复核,needs_manual_review,需要人工复核,泰昌企业证明材料历史候选第57页,泰昌商务补充文件,泰昌商务补充文件,企业证明材料,来源于泰昌商务补充文件，历史位置为“补充文件/5.符合招标文件投标人资格要求的证明文件/5.2查询报告及截图/5.2.2.信用中国”（www.creditchina.gov.cn）中的查询结果”。当前仅用于泰昌资料人工复核，未获准进入正式标书。,"[""泰昌"", ""企业证明材料"", ""历史标书候选"", ""商务标""]",suppressed_document_page_caption,,taichang-visual-review-27029a4bd120470c3f3a,True,False,False,blocked,尚未通过P0-06人工批准,0.45,assets/template_words/商务补充文件.docx,(三)补充文件/5.符合招标文件投标人资格要求的证明文件/5.2查询报告及截图/5.2.2.信用中国”（www.creditchina.gov.cn）中的查询结果,98c2da32ec6b19b940f810b81999a1308be45f140adc4b170bc94624c52e8636,98c2da32ec6b19b940f810b81999a1308be45f140adc4b170bc94624c52e8636
business-media-0059,business,media,57,possible_visual_duplicate,视觉疑似重复,河北泰昌电力器材科技有限公司,河北泰昌电力器材科技有限公司,mixed_historical_bid,qualification_library,资信库资料,enterprise_evidence,企业证明材料,[],泰昌企业资料,"[""商务标""]","[""补充文件/5.符合招标文件投标人资格要求的证明文件/5.2查询报告及截图/5.2.2.信用中国”（www.creditchina.gov.cn）中的查询结果""]",uncertain,needs_review,internal,企业内部资料,review_only,仅限人工复核,needs_manual_review,需要人工复核,泰昌企业证明材料历史候选第57页,泰昌商务补充文件,泰昌商务补充文件,企业证明材料,来源于泰昌商务补充文件，历史位置为“补充文件/5.符合招标文件投标人资格要求的证明文件/5.2查询报告及截图/5.2.2.信用中国”（www.creditchina.gov.cn）中的查询结果”。当前仅用于泰昌资料人工复核，未获准进入正式标书。,"[""泰昌"", ""企业证明材料"", ""历史标书候选"", ""商务标""]",suppressed_document_page_caption,,taichang-visual-review-e67deedee6e743558c36,True,False,False,blocked,尚未通过P0-06人工批准,0.45,assets/template_words/商务补充文件.docx,(三)补充文件/5.符合招标文件投标人资格要求的证明文件/5.2查询报告及截图/5.2.2.信用中国”（www.creditchina.gov.cn）中的查询结果,99bc84e786a34966dc48740144264b96216ef2a2eae1ba85e9bbc7e0176581da,99bc84e786a34966dc48740144264b96216ef2a2eae1ba85e9bbc7e0176581da
business-media-0060,business,media,57,possible_visual_duplicate,视觉疑似重复,河北泰昌电力器材科技有限公司,河北泰昌电力器材科技有限公司,mixed_historical_bid,qualification_library,资信库资料,enterprise_evidence,企业证明材料,[],泰昌企业资料,"[""商务标""]","[""补充文件/5.符合招标文件投标人资格要求的证明文件/5.2查询报告及截图/5.2.2.信用中国”（www.creditchina.gov.cn）中的查询结果""]",uncertain,needs_review,internal,企业内部资料,review_only,仅限人工复核,needs_manual_review,需要人工复核,泰昌企业证明材料历史候选第57页,泰昌商务补充文件,泰昌商务补充文件,企业证明材料,来源于泰昌商务补充文件，历史位置为“补充文件/5.符合招标文件投标人资格要求的证明文件/5.2查询报告及截图/5.2.2.信用中国”（www.creditchina.gov.cn）中的查询结果”。当前仅用于泰昌资料人工复核，未获准进入正式标书。,"[""泰昌"", ""企业证明材料"", ""历史标书候选"", ""商务标""]",suppressed_document_page_caption,,taichang-visual-review-487d214a1564ded3d94d,True,False,False,blocked,尚未通过P0-06人工批准,0.45,assets/template_words/商务补充文件.docx,(三)补充文件/5.符合招标文件投标人资格要求的证明文件/5.2查询报告及截图/5.2.2.信用中国”（www.creditchina.gov.cn）中的查询结果,f219fce04bd549fb6cc1f92912cc8b79cee45a3b43080db72fa5988cb849a9bc,f219fce04bd549fb6cc1f92912cc8b79cee45a3b43080db72fa5988cb849a9bc
business-chapter-027,business,chapter,63,new,未发现重复，仍需审核,河北泰昌电力器材科技有限公司,河北泰昌电力器材科技有限公司,mixed_historical_bid,reference_template_library,历史参考资料,historical_structure_reference,历史目录结构参考,[],泰昌企业资料,"[""商务标""]","[""补充文件/6.财务状况""]",tender_mandated,needs_review,sensitive,敏感资料,restricted,受限资料,not_asset_reference,非资产结构参考,泰昌商务标历史目录参考：补充文件/6.财务状况,泰昌商务补充文件,泰昌商务补充文件,历史目录结构参考,来源于泰昌商务补充文件，历史位置为“补充文件/6.财务状况”。当前仅用于泰昌资料人工复核，未获准进入正式标书。,"[""泰昌"", ""历史目录结构参考"", ""历史标书候选"", ""商务标""]",suppressed_document_page_caption,,,False,False,False,blocked,尚未通过P0-06人工批准,1.0,assets/template_words/商务补充文件.docx,(三)补充文件/6.财务状况,34136a0e52ca77e6f24a517e77754af55897a9f153ccbe253fbe6234f1338562,
business-table-004,business,table,64,new,未发现重复，仍需审核,河北泰昌电力器材科技有限公司,河北泰昌电力器材科技有限公司,mixed_historical_bid,reference_template_library,历史参考资料,historical_form_reference,历史表单结构参考,[],泰昌企业资料,"[""商务标""]","[""补充文件/6.财务状况""]",tender_mandated,needs_review,sensitive,敏感资料,restricted,受限资料,not_asset_reference,非资产结构参考,泰昌商务标历史表单参考：补充文件/6.财务状况,泰昌商务补充文件,泰昌商务补充文件,历史表单结构参考,来源于泰昌商务补充文件，历史位置为“补充文件/6.财务状况”。当前仅用于泰昌资料人工复核，未获准进入正式标书。,"[""泰昌"", ""历史表单结构参考"", ""历史标书候选"", ""商务标""]",suppressed_document_page_caption,,,False,False,False,blocked,尚未通过P0-06人工批准,0.85,assets/template_words/商务补充文件.docx,(三)补充文件/6.财务状况,c5d80e7c59fee37a2364740a4846e0f770074ac356f647bcf4a66b09f1cf49df,
business-chapter-028,business,chapter,64,new,未发现重复，仍需审核,河北泰昌电力器材科技有限公司,河北泰昌电力器材科技有限公司,mixed_historical_bid,reference_template_library,历史参考资料,historical_structure_reference,历史目录结构参考,[],泰昌企业资料,"[""商务标""]","[""补充文件/6.财务状况/6.1.新增2024年审计报告""]",reference_layout_only,needs_review,sensitive,敏感资料,restricted,受限资料,not_asset_reference,非资产结构参考,泰昌商务标历史目录参考：补充文件/6.财务状况/6.1.新增2024年审计报告,泰昌商务补充文件,泰昌商务补充文件,历史目录结构参考,来源于泰昌商务补充文件，历史位置为“补充文件/6.财务状况/6.1.新增2024年审计报告”。当前仅用于泰昌资料人工复核，未获准进入正式标书。,"[""泰昌"", ""历史目录结构参考"", ""历史标书候选"", ""商务标""]",suppressed_document_page_caption,,,False,False,False,blocked,尚未通过P0-06人工批准,1.0,assets/template_words/商务补充文件.docx,(三)补充文件/6.财务状况/6.1.新增2024年审计报告,e6335257deb327d8c05335c8b4b297b3d79f4135ed68abf4317755a7d86ee5ea,
business-media-0061,business,media,65,new,未发现重复，仍需审核,河北泰昌电力器材科技有限公司,河北泰昌电力器材科技有限公司,mixed_historical_bid,qualification_library,资信库资料,finance,财务资料,[],泰昌企业资料,"[""商务标""]","[""补充文件/6.财务状况/6.1.新增2024年审计报告""]",reference_layout_only,needs_review,sensitive,敏感资料,restricted,受限资料,needs_customer_confirmation,需要客户确认,泰昌财务资料历史候选第65页,泰昌商务补充文件,泰昌商务补充文件,财务资料,来源于泰昌商务补充文件，历史位置为“补充文件/6.财务状况/6.1.新增2024年审计报告”。当前仅用于泰昌资料人工复核，未获准进入正式标书。,"[""泰昌"", ""财务资料"", ""历史标书候选"", ""商务标""]",suppressed_document_page_caption,,,True,False,False,blocked,尚未通过P0-06人工批准,0.9,assets/template_words/商务补充文件.docx,(三)补充文件/6.财务状况/6.1.新增2024年审计报告,c4e0092ac6da98a1f615215fd77e9676faccadc945529224b33229377394e6e9,c4e0092ac6da98a1f615215fd77e9676faccadc945529224b33229377394e6e9
business-media-0062,business,media,65,new,未发现重复，仍需审核,河北泰昌电力器材科技有限公司,河北泰昌电力器材科技有限公司,mixed_historical_bid,qualification_library,资信库资料,finance,财务资料,[],泰昌企业资料,"[""商务标""]","[""补充文件/6.财务状况/6.1.新增2024年审计报告""]",reference_layout_only,needs_review,sensitive,敏感资料,restricted,受限资料,needs_customer_confirmation,需要客户确认,泰昌财务资料历史候选第65页,泰昌商务补充文件,泰昌商务补充文件,财务资料,来源于泰昌商务补充文件，历史位置为“补充文件/6.财务状况/6.1.新增2024年审计报告”。当前仅用于泰昌资料人工复核，未获准进入正式标书。,"[""泰昌"", ""财务资料"", ""历史标书候选"", ""商务标""]",suppressed_document_page_caption,,,True,False,False,blocked,尚未通过P0-06人工批准,0.9,assets/template_words/商务补充文件.docx,(三)补充文件/6.财务状况/6.1.新增2024年审计报告,bbc159622bbad926dc6994ab9734dd5d145ecbe625cf3a84afdbafac535e65dc,bbc159622bbad926dc6994ab9734dd5d145ecbe625cf3a84afdbafac535e65dc
business-media-0063,business,media,65,new,未发现重复，仍需审核,河北泰昌电力器材科技有限公司,河北泰昌电力器材科技有限公司,mixed_historical_bid,qualification_library,资信库资料,finance,财务资料,[],泰昌企业资料,"[""商务标""]","[""补充文件/6.财务状况/6.1.新增2024年审计报告""]",reference_layout_only,needs_review,sensitive,敏感资料,restricted,受限资料,needs_customer_confirmation,需要客户确认,泰昌财务资料历史候选第65页,泰昌商务补充文件,泰昌商务补充文件,财务资料,来源于泰昌商务补充文件，历史位置为“补充文件/6.财务状况/6.1.新增2024年审计报告”。当前仅用于泰昌资料人工复核，未获准进入正式标书。,"[""泰昌"", ""财务资料"", ""历史标书候选"", ""商务标""]",suppressed_document_page_caption,,,True,False,False,blocked,尚未通过P0-06人工批准,0.9,assets/template_words/商务补充文件.docx,(三)补充文件/6.财务状况/6.1.新增2024年审计报告,91fec8d639640cb986f1011e7e9b0ea37242accf3ed9bfd200ff9bdcb487ad82,91fec8d639640cb986f1011e7e9b0ea37242accf3ed9bfd200ff9bdcb487ad82
business-media-0064,business,media,65,new,未发现重复，仍需审核,河北泰昌电力器材科技有限公司,河北泰昌电力器材科技有限公司,mixed_historical_bid,qualification_library,资信库资料,finance,财务资料,[],泰昌企业资料,"[""商务标""]","[""补充文件/6.财务状况/6.1.新增2024年审计报告""]",reference_layout_only,needs_review,sensitive,敏感资料,restricted,受限资料,needs_customer_confirmation,需要客户确认,泰昌财务资料历史候选第65页,泰昌商务补充文件,泰昌商务补充文件,财务资料,来源于泰昌商务补充文件，历史位置为“补充文件/6.财务状况/6.1.新增2024年审计报告”。当前仅用于泰昌资料人工复核，未获准进入正式标书。,"[""泰昌"", ""财务资料"", ""历史标书候选"", ""商务标""]",suppressed_document_page_caption,,,True,False,False,blocked,尚未通过P0-06人工批准,0.9,assets/template_words/商务补充文件.docx,(三)补充文件/6.财务状况/6.1.新增2024年审计报告,6928880316c7cfeb898fd7ae98ea6eccd2aba42191595b8cf324a51e78711c19,6928880316c7cfeb898fd7ae98ea6eccd2aba42191595b8cf324a51e78711c19
business-media-0065,business,media,65,new,未发现重复，仍需审核,河北泰昌电力器材科技有限公司,河北泰昌电力器材科技有限公司,mixed_historical_bid,qualification_library,资信库资料,finance,财务资料,[],泰昌企业资料,"[""商务标""]","[""补充文件/6.财务状况/6.1.新增2024年审计报告""]",reference_layout_only,needs_review,sensitive,敏感资料,restricted,受限资料,needs_customer_confirmation,需要客户确认,泰昌财务资料历史候选第65页,泰昌商务补充文件,泰昌商务补充文件,财务资料,来源于泰昌商务补充文件，历史位置为“补充文件/6.财务状况/6.1.新增2024年审计报告”。当前仅用于泰昌资料人工复核，未获准进入正式标书。,"[""泰昌"", ""财务资料"", ""历史标书候选"", ""商务标""]",suppressed_document_page_caption,,,True,False,False,blocked,尚未通过P0-06人工批准,0.9,assets/template_words/商务补充文件.docx,(三)补充文件/6.财务状况/6.1.新增2024年审计报告,eafd1c8cf57a773f3bf6593cfbd603659f294e548b9d823b206e3bfdc4a0303b,eafd1c8cf57a773f3bf6593cfbd603659f294e548b9d823b206e3bfdc4a0303b
business-media-0066,business,media,65,duplicate_exact,精确重复，不新增,河北泰昌电力器材科技有限公司,河北泰昌电力器材科技有限公司,mixed_historical_bid,qualification_library,资信库资料,finance,财务资料,[],泰昌企业资料,"[""商务标""]","[""补充文件/6.财务状况/6.1.新增2024年审计报告""]",reference_layout_only,needs_review,sensitive,敏感资料,restricted,受限资料,rejected_duplicate,精确重复，不新增,泰昌财务资料历史候选第65页,泰昌商务补充文件,泰昌商务补充文件,财务资料,来源于泰昌商务补充文件，历史位置为“补充文件/6.财务状况/6.1.新增2024年审计报告”。当前仅用于泰昌资料人工复核，未获准进入正式标书。,"[""泰昌"", ""财务资料"", ""历史标书候选"", ""商务标""]",suppressed_document_page_caption,,taichang-exact-f5a7970911d8620cc81e,False,False,False,blocked,尚未通过P0-06人工批准,0.9,assets/template_words/商务补充文件.docx,(三)补充文件/6.财务状况/6.1.新增2024年审计报告,48cdc3cfbf314d07defd8a354d9fc3abf4c1249064b9679172b3991ad69f3077,48cdc3cfbf314d07defd8a354d9fc3abf4c1249064b9679172b3991ad69f3077
business-media-0067,business,media,65,possible_visual_duplicate,视觉疑似重复,河北泰昌电力器材科技有限公司,河北泰昌电力器材科技有限公司,mixed_historical_bid,qualification_library,资信库资料,finance,财务资料,[],泰昌企业资料,"[""商务标""]","[""补充文件/6.财务状况/6.1.新增2024年审计报告""]",reference_layout_only,needs_review,sensitive,敏感资料,restricted,受限资料,needs_manual_review,需要人工复核,泰昌财务资料历史候选第65页,泰昌商务补充文件,泰昌商务补充文件,财务资料,来源于泰昌商务补充文件，历史位置为“补充文件/6.财务状况/6.1.新增2024年审计报告”。当前仅用于泰昌资料人工复核，未获准进入正式标书。,"[""泰昌"", ""财务资料"", ""历史标书候选"", ""商务标""]",suppressed_document_page_caption,,taichang-visual-review-940db22ebb86f71dd199,True,False,False,blocked,尚未通过P0-06人工批准,0.9,assets/template_words/商务补充文件.docx,(三)补充文件/6.财务状况/6.1.新增2024年审计报告,4fb687371dab1199cc7b62e6c902c057a682d28a69f46c379a0ad763c272f1e5,4fb687371dab1199cc7b62e6c902c057a682d28a69f46c379a0ad763c272f1e5
business-media-0068,business,media,65,possible_visual_duplicate,视觉疑似重复,河北泰昌电力器材科技有限公司,河北泰昌电力器材科技有限公司,mixed_historical_bid,qualification_library,资信库资料,finance,财务资料,[],泰昌企业资料,"[""商务标""]","[""补充文件/6.财务状况/6.1.新增2024年审计报告""]",reference_layout_only,needs_review,sensitive,敏感资料,restricted,受限资料,needs_manual_review,需要人工复核,泰昌财务资料历史候选第65页,泰昌商务补充文件,泰昌商务补充文件,财务资料,来源于泰昌商务补充文件，历史位置为“补充文件/6.财务状况/6.1.新增2024年审计报告”。当前仅用于泰昌资料人工复核，未获准进入正式标书。,"[""泰昌"", ""财务资料"", ""历史标书候选"", ""商务标""]",suppressed_document_page_caption,,taichang-visual-review-fbd9bada6b1a539e985a,True,False,False,blocked,尚未通过P0-06人工批准,0.9,assets/template_words/商务补充文件.docx,(三)补充文件/6.财务状况/6.1.新增2024年审计报告,3c37d3361d44d8536f70e8726c6bcbdba4412934ac8a95557df229e61dc5602d,3c37d3361d44d8536f70e8726c6bcbdba4412934ac8a95557df229e61dc5602d
business-media-0069,business,media,65,new,未发现重复，仍需审核,河北泰昌电力器材科技有限公司,河北泰昌电力器材科技有限公司,mixed_historical_bid,qualification_library,资信库资料,finance,财务资料,[],泰昌企业资料,"[""商务标""]","[""补充文件/6.财务状况/6.1.新增2024年审计报告""]",reference_layout_only,needs_review,sensitive,敏感资料,restricted,受限资料,needs_customer_confirmation,需要客户确认,泰昌财务资料历史候选第65页,泰昌商务补充文件,泰昌商务补充文件,财务资料,来源于泰昌商务补充文件，历史位置为“补充文件/6.财务状况/6.1.新增2024年审计报告”。当前仅用于泰昌资料人工复核，未获准进入正式标书。,"[""泰昌"", ""财务资料"", ""历史标书候选"", ""商务标""]",suppressed_document_page_caption,,,True,False,False,blocked,尚未通过P0-06人工批准,0.9,assets/template_words/商务补充文件.docx,(三)补充文件/6.财务状况/6.1.新增2024年审计报告,bd25cffa381984a8cc6ce132d431c0f5e20d72b0b8a685930ac91e919ff572bf,bd25cffa381984a8cc6ce132d431c0f5e20d72b0b8a685930ac91e919ff572bf
business-media-0070,business,media,65,new,未发现重复，仍需审核,河北泰昌电力器材科技有限公司,河北泰昌电力器材科技有限公司,mixed_historical_bid,qualification_library,资信库资料,finance,财务资料,[],泰昌企业资料,"[""商务标""]","[""补充文件/6.财务状况/6.1.新增2024年审计报告""]",reference_layout_only,needs_review,sensitive,敏感资料,restricted,受限资料,needs_customer_confirmation,需要客户确认,泰昌财务资料历史候选第65页,泰昌商务补充文件,泰昌商务补充文件,财务资料,来源于泰昌商务补充文件，历史位置为“补充文件/6.财务状况/6.1.新增2024年审计报告”。当前仅用于泰昌资料人工复核，未获准进入正式标书。,"[""泰昌"", ""财务资料"", ""历史标书候选"", ""商务标""]",suppressed_document_page_caption,,,True,False,False,blocked,尚未通过P0-06人工批准,0.9,assets/template_words/商务补充文件.docx,(三)补充文件/6.财务状况/6.1.新增2024年审计报告,9ebeb4dec6a6d3458a7ae34dd69b03b4fea5e6cc956127f941bcb634a8171ddd,9ebeb4dec6a6d3458a7ae34dd69b03b4fea5e6cc956127f941bcb634a8171ddd
business-media-0071,business,media,65,new,未发现重复，仍需审核,河北泰昌电力器材科技有限公司,河北泰昌电力器材科技有限公司,mixed_historical_bid,qualification_library,资信库资料,finance,财务资料,[],泰昌企业资料,"[""商务标""]","[""补充文件/6.财务状况/6.1.新增2024年审计报告""]",reference_layout_only,needs_review,sensitive,敏感资料,restricted,受限资料,needs_customer_confirmation,需要客户确认,泰昌财务资料历史候选第65页,泰昌商务补充文件,泰昌商务补充文件,财务资料,来源于泰昌商务补充文件，历史位置为“补充文件/6.财务状况/6.1.新增2024年审计报告”。当前仅用于泰昌资料人工复核，未获准进入正式标书。,"[""泰昌"", ""财务资料"", ""历史标书候选"", ""商务标""]",suppressed_document_page_caption,,,True,False,False,blocked,尚未通过P0-06人工批准,0.9,assets/template_words/商务补充文件.docx,(三)补充文件/6.财务状况/6.1.新增2024年审计报告,3aefa46645c3b6d65ae9fad6d57aa2bc4c080a08c582aeedd65173f1d7133a7d,3aefa46645c3b6d65ae9fad6d57aa2bc4c080a08c582aeedd65173f1d7133a7d
business-media-0072,business,media,65,new,未发现重复，仍需审核,河北泰昌电力器材科技有限公司,河北泰昌电力器材科技有限公司,mixed_historical_bid,qualification_library,资信库资料,finance,财务资料,[],泰昌企业资料,"[""商务标""]","[""补充文件/6.财务状况/6.1.新增2024年审计报告""]",reference_layout_only,needs_review,sensitive,敏感资料,restricted,受限资料,needs_customer_confirmation,需要客户确认,泰昌财务资料历史候选第65页,泰昌商务补充文件,泰昌商务补充文件,财务资料,来源于泰昌商务补充文件，历史位置为“补充文件/6.财务状况/6.1.新增2024年审计报告”。当前仅用于泰昌资料人工复核，未获准进入正式标书。,"[""泰昌"", ""财务资料"", ""历史标书候选"", ""商务标""]",suppressed_document_page_caption,,,True,False,False,blocked,尚未通过P0-06人工批准,0.9,assets/template_words/商务补充文件.docx,(三)补充文件/6.财务状况/6.1.新增2024年审计报告,0e8271bacf3175c16a3387a4b2115fef1a52034db93164b3e5feb3a970a04c19,0e8271bacf3175c16a3387a4b2115fef1a52034db93164b3e5feb3a970a04c19
business-media-0073,business,media,65,new,未发现重复，仍需审核,河北泰昌电力器材科技有限公司,河北泰昌电力器材科技有限公司,mixed_historical_bid,qualification_library,资信库资料,finance,财务资料,[],泰昌企业资料,"[""商务标""]","[""补充文件/6.财务状况/6.1.新增2024年审计报告""]",reference_layout_only,needs_review,sensitive,敏感资料,restricted,受限资料,needs_customer_confirmation,需要客户确认,泰昌财务资料历史候选第65页,泰昌商务补充文件,泰昌商务补充文件,财务资料,来源于泰昌商务补充文件，历史位置为“补充文件/6.财务状况/6.1.新增2024年审计报告”。当前仅用于泰昌资料人工复核，未获准进入正式标书。,"[""泰昌"", ""财务资料"", ""历史标书候选"", ""商务标""]",suppressed_document_page_caption,,,True,False,False,blocked,尚未通过P0-06人工批准,0.9,assets/template_words/商务补充文件.docx,(三)补充文件/6.财务状况/6.1.新增2024年审计报告,8e4ebcb9bf0b16c8d9c3ff3a49c6416bacdc992590ff7d942d194250f81194ed,8e4ebcb9bf0b16c8d9c3ff3a49c6416bacdc992590ff7d942d194250f81194ed
business-media-0074,business,media,65,new,未发现重复，仍需审核,河北泰昌电力器材科技有限公司,河北泰昌电力器材科技有限公司,mixed_historical_bid,qualification_library,资信库资料,finance,财务资料,[],泰昌企业资料,"[""商务标""]","[""补充文件/6.财务状况/6.1.新增2024年审计报告""]",reference_layout_only,needs_review,sensitive,敏感资料,restricted,受限资料,needs_customer_confirmation,需要客户确认,泰昌财务资料历史候选第65页,泰昌商务补充文件,泰昌商务补充文件,财务资料,来源于泰昌商务补充文件，历史位置为“补充文件/6.财务状况/6.1.新增2024年审计报告”。当前仅用于泰昌资料人工复核，未获准进入正式标书。,"[""泰昌"", ""财务资料"", ""历史标书候选"", ""商务标""]",suppressed_document_page_caption,,,True,False,False,blocked,尚未通过P0-06人工批准,0.9,assets/template_words/商务补充文件.docx,(三)补充文件/6.财务状况/6.1.新增2024年审计报告,5f2da5b3dd82d1d4f968d2b543f597ec599649d86e095c8678637e12ff4834a3,5f2da5b3dd82d1d4f968d2b543f597ec599649d86e095c8678637e12ff4834a3
business-media-0075,business,media,65,new,未发现重复，仍需审核,河北泰昌电力器材科技有限公司,河北泰昌电力器材科技有限公司,mixed_historical_bid,qualification_library,资信库资料,finance,财务资料,[],泰昌企业资料,"[""商务标""]","[""补充文件/6.财务状况/6.1.新增2024年审计报告""]",reference_layout_only,needs_review,sensitive,敏感资料,restricted,受限资料,needs_customer_confirmation,需要客户确认,泰昌财务资料历史候选第65页,泰昌商务补充文件,泰昌商务补充文件,财务资料,来源于泰昌商务补充文件，历史位置为“补充文件/6.财务状况/6.1.新增2024年审计报告”。当前仅用于泰昌资料人工复核，未获准进入正式标书。,"[""泰昌"", ""财务资料"", ""历史标书候选"", ""商务标""]",suppressed_document_page_caption,,,True,False,False,blocked,尚未通过P0-06人工批准,0.9,assets/template_words/商务补充文件.docx,(三)补充文件/6.财务状况/6.1.新增2024年审计报告,ce94aba82e9916c272edad5084fd2bcde883c845274340544fc7794b1b316cf9,ce94aba82e9916c272edad5084fd2bcde883c845274340544fc7794b1b316cf9
business-media-0076,business,media,65,new,未发现重复，仍需审核,河北泰昌电力器材科技有限公司,河北泰昌电力器材科技有限公司,mixed_historical_bid,qualification_library,资信库资料,finance,财务资料,[],泰昌企业资料,"[""商务标""]","[""补充文件/6.财务状况/6.1.新增2024年审计报告""]",reference_layout_only,needs_review,sensitive,敏感资料,restricted,受限资料,needs_customer_confirmation,需要客户确认,泰昌财务资料历史候选第65页,泰昌商务补充文件,泰昌商务补充文件,财务资料,来源于泰昌商务补充文件，历史位置为“补充文件/6.财务状况/6.1.新增2024年审计报告”。当前仅用于泰昌资料人工复核，未获准进入正式标书。,"[""泰昌"", ""财务资料"", ""历史标书候选"", ""商务标""]",suppressed_document_page_caption,,,True,False,False,blocked,尚未通过P0-06人工批准,0.9,assets/template_words/商务补充文件.docx,(三)补充文件/6.财务状况/6.1.新增2024年审计报告,aa4f8f2f9f649aabe2eab6c2625a29485edc1f8c823b01d223b28fb8461b9b5d,aa4f8f2f9f649aabe2eab6c2625a29485edc1f8c823b01d223b28fb8461b9b5d
business-media-0077,business,media,65,new,未发现重复，仍需审核,河北泰昌电力器材科技有限公司,河北泰昌电力器材科技有限公司,mixed_historical_bid,qualification_library,资信库资料,finance,财务资料,[],泰昌企业资料,"[""商务标""]","[""补充文件/6.财务状况/6.1.新增2024年审计报告""]",reference_layout_only,needs_review,sensitive,敏感资料,restricted,受限资料,needs_customer_confirmation,需要客户确认,泰昌财务资料历史候选第65页,泰昌商务补充文件,泰昌商务补充文件,财务资料,来源于泰昌商务补充文件，历史位置为“补充文件/6.财务状况/6.1.新增2024年审计报告”。当前仅用于泰昌资料人工复核，未获准进入正式标书。,"[""泰昌"", ""财务资料"", ""历史标书候选"", ""商务标""]",suppressed_document_page_caption,,,True,False,False,blocked,尚未通过P0-06人工批准,0.9,assets/template_words/商务补充文件.docx,(三)补充文件/6.财务状况/6.1.新增2024年审计报告,391a0cf25e9e064a414a33f896a7e397c421f42d37314cdd8ba96e138a043e4b,391a0cf25e9e064a414a33f896a7e397c421f42d37314cdd8ba96e138a043e4b
business-media-0078,business,media,65,new,未发现重复，仍需审核,河北泰昌电力器材科技有限公司,河北泰昌电力器材科技有限公司,mixed_historical_bid,qualification_library,资信库资料,finance,财务资料,[],泰昌企业资料,"[""商务标""]","[""补充文件/6.财务状况/6.1.新增2024年审计报告""]",reference_layout_only,needs_review,sensitive,敏感资料,restricted,受限资料,needs_customer_confirmation,需要客户确认,泰昌财务资料历史候选第65页,泰昌商务补充文件,泰昌商务补充文件,财务资料,来源于泰昌商务补充文件，历史位置为“补充文件/6.财务状况/6.1.新增2024年审计报告”。当前仅用于泰昌资料人工复核，未获准进入正式标书。,"[""泰昌"", ""财务资料"", ""历史标书候选"", ""商务标""]",suppressed_document_page_caption,,,True,False,False,blocked,尚未通过P0-06人工批准,0.9,assets/template_words/商务补充文件.docx,(三)补充文件/6.财务状况/6.1.新增2024年审计报告,af5f30f7c4a0936a86e16664849e57cdd9c79ed6f3cf588822b0b7abd79cc6b3,af5f30f7c4a0936a86e16664849e57cdd9c79ed6f3cf588822b0b7abd79cc6b3
business-media-0079,business,media,65,new,未发现重复，仍需审核,河北泰昌电力器材科技有限公司,河北泰昌电力器材科技有限公司,mixed_historical_bid,qualification_library,资信库资料,finance,财务资料,[],泰昌企业资料,"[""商务标""]","[""补充文件/6.财务状况/6.1.新增2024年审计报告""]",reference_layout_only,needs_review,sensitive,敏感资料,restricted,受限资料,needs_customer_confirmation,需要客户确认,泰昌财务资料历史候选第65页,泰昌商务补充文件,泰昌商务补充文件,财务资料,来源于泰昌商务补充文件，历史位置为“补充文件/6.财务状况/6.1.新增2024年审计报告”。当前仅用于泰昌资料人工复核，未获准进入正式标书。,"[""泰昌"", ""财务资料"", ""历史标书候选"", ""商务标""]",suppressed_document_page_caption,,,True,False,False,blocked,尚未通过P0-06人工批准,0.9,assets/template_words/商务补充文件.docx,(三)补充文件/6.财务状况/6.1.新增2024年审计报告,5f5c671f6c3db0354b6c52b4d5ca5ab0aaeab6949d1c506b3ede616382f7e433,5f5c671f6c3db0354b6c52b4d5ca5ab0aaeab6949d1c506b3ede616382f7e433
business-media-0080,business,media,65,new,未发现重复，仍需审核,河北泰昌电力器材科技有限公司,河北泰昌电力器材科技有限公司,mixed_historical_bid,qualification_library,资信库资料,finance,财务资料,[],泰昌企业资料,"[""商务标""]","[""补充文件/6.财务状况/6.1.新增2024年审计报告""]",reference_layout_only,needs_review,sensitive,敏感资料,restricted,受限资料,needs_customer_confirmation,需要客户确认,泰昌财务资料历史候选第65页,泰昌商务补充文件,泰昌商务补充文件,财务资料,来源于泰昌商务补充文件，历史位置为“补充文件/6.财务状况/6.1.新增2024年审计报告”。当前仅用于泰昌资料人工复核，未获准进入正式标书。,"[""泰昌"", ""财务资料"", ""历史标书候选"", ""商务标""]",suppressed_document_page_caption,,,True,False,False,blocked,尚未通过P0-06人工批准,0.9,assets/template_words/商务补充文件.docx,(三)补充文件/6.财务状况/6.1.新增2024年审计报告,89bb453ce44bf938b8b8173c173192833fe27accc43c8a5be1f8b2ffa8a19313,89bb453ce44bf938b8b8173c173192833fe27accc43c8a5be1f8b2ffa8a19313
business-media-0081,business,media,65,new,未发现重复，仍需审核,河北泰昌电力器材科技有限公司,河北泰昌电力器材科技有限公司,mixed_historical_bid,qualification_library,资信库资料,finance,财务资料,[],泰昌企业资料,"[""商务标""]","[""补充文件/6.财务状况/6.1.新增2024年审计报告""]",reference_layout_only,needs_review,sensitive,敏感资料,restricted,受限资料,needs_customer_confirmation,需要客户确认,泰昌财务资料历史候选第65页,泰昌商务补充文件,泰昌商务补充文件,财务资料,来源于泰昌商务补充文件，历史位置为“补充文件/6.财务状况/6.1.新增2024年审计报告”。当前仅用于泰昌资料人工复核，未获准进入正式标书。,"[""泰昌"", ""财务资料"", ""历史标书候选"", ""商务标""]",suppressed_document_page_caption,,,True,False,False,blocked,尚未通过P0-06人工批准,0.9,assets/template_words/商务补充文件.docx,(三)补充文件/6.财务状况/6.1.新增2024年审计报告,36994e6c8d683b6df924f3ec2ea968ac00ee0efa5f7ed5d985864259a6a24f18,36994e6c8d683b6df924f3ec2ea968ac00ee0efa5f7ed5d985864259a6a24f18
business-media-0082,business,media,65,new,未发现重复，仍需审核,河北泰昌电力器材科技有限公司,河北泰昌电力器材科技有限公司,mixed_historical_bid,qualification_library,资信库资料,finance,财务资料,[],泰昌企业资料,"[""商务标""]","[""补充文件/6.财务状况/6.1.新增2024年审计报告""]",reference_layout_only,needs_review,sensitive,敏感资料,restricted,受限资料,needs_customer_confirmation,需要客户确认,泰昌财务资料历史候选第65页,泰昌商务补充文件,泰昌商务补充文件,财务资料,来源于泰昌商务补充文件，历史位置为“补充文件/6.财务状况/6.1.新增2024年审计报告”。当前仅用于泰昌资料人工复核，未获准进入正式标书。,"[""泰昌"", ""财务资料"", ""历史标书候选"", ""商务标""]",suppressed_document_page_caption,,,True,False,False,blocked,尚未通过P0-06人工批准,0.9,assets/template_words/商务补充文件.docx,(三)补充文件/6.财务状况/6.1.新增2024年审计报告,ff3ec2d36a366c0d4ffdeb3e901e890a25a3a29693d995bf6709ec87156e1ae7,ff3ec2d36a366c0d4ffdeb3e901e890a25a3a29693d995bf6709ec87156e1ae7
business-media-0083,business,media,65,new,未发现重复，仍需审核,河北泰昌电力器材科技有限公司,河北泰昌电力器材科技有限公司,mixed_historical_bid,qualification_library,资信库资料,finance,财务资料,[],泰昌企业资料,"[""商务标""]","[""补充文件/6.财务状况/6.1.新增2024年审计报告""]",reference_layout_only,needs_review,sensitive,敏感资料,restricted,受限资料,needs_customer_confirmation,需要客户确认,泰昌财务资料历史候选第65页,泰昌商务补充文件,泰昌商务补充文件,财务资料,来源于泰昌商务补充文件，历史位置为“补充文件/6.财务状况/6.1.新增2024年审计报告”。当前仅用于泰昌资料人工复核，未获准进入正式标书。,"[""泰昌"", ""财务资料"", ""历史标书候选"", ""商务标""]",suppressed_document_page_caption,,,True,False,False,blocked,尚未通过P0-06人工批准,0.9,assets/template_words/商务补充文件.docx,(三)补充文件/6.财务状况/6.1.新增2024年审计报告,7ff632fe07321d821663253b8d5ed04c361eb4029b7d0afa314a46f00fa80e32,7ff632fe07321d821663253b8d5ed04c361eb4029b7d0afa314a46f00fa80e32
business-media-0084,business,media,65,new,未发现重复，仍需审核,河北泰昌电力器材科技有限公司,河北泰昌电力器材科技有限公司,mixed_historical_bid,qualification_library,资信库资料,finance,财务资料,[],泰昌企业资料,"[""商务标""]","[""补充文件/6.财务状况/6.1.新增2024年审计报告""]",reference_layout_only,needs_review,sensitive,敏感资料,restricted,受限资料,needs_customer_confirmation,需要客户确认,泰昌财务资料历史候选第65页,泰昌商务补充文件,泰昌商务补充文件,财务资料,来源于泰昌商务补充文件，历史位置为“补充文件/6.财务状况/6.1.新增2024年审计报告”。当前仅用于泰昌资料人工复核，未获准进入正式标书。,"[""泰昌"", ""财务资料"", ""历史标书候选"", ""商务标""]",suppressed_document_page_caption,,,True,False,False,blocked,尚未通过P0-06人工批准,0.9,assets/template_words/商务补充文件.docx,(三)补充文件/6.财务状况/6.1.新增2024年审计报告,8bb1a9e4836727a536c5585a24ef956b7ac3effed40d43d2cdd16f4282a04308,8bb1a9e4836727a536c5585a24ef956b7ac3effed40d43d2cdd16f4282a04308
business-media-0085,business,media,65,new,未发现重复，仍需审核,河北泰昌电力器材科技有限公司,河北泰昌电力器材科技有限公司,mixed_historical_bid,qualification_library,资信库资料,finance,财务资料,[],泰昌企业资料,"[""商务标""]","[""补充文件/6.财务状况/6.1.新增2024年审计报告""]",reference_layout_only,needs_review,sensitive,敏感资料,restricted,受限资料,needs_customer_confirmation,需要客户确认,泰昌财务资料历史候选第65页,泰昌商务补充文件,泰昌商务补充文件,财务资料,来源于泰昌商务补充文件，历史位置为“补充文件/6.财务状况/6.1.新增2024年审计报告”。当前仅用于泰昌资料人工复核，未获准进入正式标书。,"[""泰昌"", ""财务资料"", ""历史标书候选"", ""商务标""]",suppressed_document_page_caption,,,True,False,False,blocked,尚未通过P0-06人工批准,0.9,assets/template_words/商务补充文件.docx,(三)补充文件/6.财务状况/6.1.新增2024年审计报告,d2206bd4d4b03aec322678cc52ec77aec6ce920e00de391785f2eeeba688c2fe,d2206bd4d4b03aec322678cc52ec77aec6ce920e00de391785f2eeeba688c2fe
business-media-0086,business,media,65,new,未发现重复，仍需审核,河北泰昌电力器材科技有限公司,河北泰昌电力器材科技有限公司,mixed_historical_bid,qualification_library,资信库资料,finance,财务资料,[],泰昌企业资料,"[""商务标""]","[""补充文件/6.财务状况/6.1.新增2024年审计报告""]",reference_layout_only,needs_review,sensitive,敏感资料,restricted,受限资料,needs_customer_confirmation,需要客户确认,泰昌财务资料历史候选第65页,泰昌商务补充文件,泰昌商务补充文件,财务资料,来源于泰昌商务补充文件，历史位置为“补充文件/6.财务状况/6.1.新增2024年审计报告”。当前仅用于泰昌资料人工复核，未获准进入正式标书。,"[""泰昌"", ""财务资料"", ""历史标书候选"", ""商务标""]",suppressed_document_page_caption,,,True,False,False,blocked,尚未通过P0-06人工批准,0.9,assets/template_words/商务补充文件.docx,(三)补充文件/6.财务状况/6.1.新增2024年审计报告,1deaa1e906669947180c384fb530106b94cf86d2163ad8e2ea8bef41f86081bb,1deaa1e906669947180c384fb530106b94cf86d2163ad8e2ea8bef41f86081bb
business-media-0087,business,media,65,new,未发现重复，仍需审核,河北泰昌电力器材科技有限公司,河北泰昌电力器材科技有限公司,mixed_historical_bid,qualification_library,资信库资料,finance,财务资料,[],泰昌企业资料,"[""商务标""]","[""补充文件/6.财务状况/6.1.新增2024年审计报告""]",reference_layout_only,needs_review,sensitive,敏感资料,restricted,受限资料,needs_customer_confirmation,需要客户确认,泰昌财务资料历史候选第65页,泰昌商务补充文件,泰昌商务补充文件,财务资料,来源于泰昌商务补充文件，历史位置为“补充文件/6.财务状况/6.1.新增2024年审计报告”。当前仅用于泰昌资料人工复核，未获准进入正式标书。,"[""泰昌"", ""财务资料"", ""历史标书候选"", ""商务标""]",suppressed_document_page_caption,,,True,False,False,blocked,尚未通过P0-06人工批准,0.9,assets/template_words/商务补充文件.docx,(三)补充文件/6.财务状况/6.1.新增2024年审计报告,f43e0846a3d31e3dba7dc372ef2ef5028e45ce1922dfcf3dd92f9fa51a1d164b,f43e0846a3d31e3dba7dc372ef2ef5028e45ce1922dfcf3dd92f9fa51a1d164b
business-media-0088,business,media,65,new,未发现重复，仍需审核,河北泰昌电力器材科技有限公司,河北泰昌电力器材科技有限公司,mixed_historical_bid,qualification_library,资信库资料,finance,财务资料,[],泰昌企业资料,"[""商务标""]","[""补充文件/6.财务状况/6.1.新增2024年审计报告""]",reference_layout_only,needs_review,sensitive,敏感资料,restricted,受限资料,needs_customer_confirmation,需要客户确认,泰昌财务资料历史候选第65页,泰昌商务补充文件,泰昌商务补充文件,财务资料,来源于泰昌商务补充文件，历史位置为“补充文件/6.财务状况/6.1.新增2024年审计报告”。当前仅用于泰昌资料人工复核，未获准进入正式标书。,"[""泰昌"", ""财务资料"", ""历史标书候选"", ""商务标""]",suppressed_document_page_caption,,,True,False,False,blocked,尚未通过P0-06人工批准,0.9,assets/template_words/商务补充文件.docx,(三)补充文件/6.财务状况/6.1.新增2024年审计报告,97a6678c68584dca2a3351a0245fbd61ba97d10ccebcb20f00dbc2b05ad5250b,97a6678c68584dca2a3351a0245fbd61ba97d10ccebcb20f00dbc2b05ad5250b
business-media-0089,business,media,65,new,未发现重复，仍需审核,河北泰昌电力器材科技有限公司,河北泰昌电力器材科技有限公司,mixed_historical_bid,qualification_library,资信库资料,finance,财务资料,[],泰昌企业资料,"[""商务标""]","[""补充文件/6.财务状况/6.1.新增2024年审计报告""]",reference_layout_only,needs_review,sensitive,敏感资料,restricted,受限资料,needs_customer_confirmation,需要客户确认,泰昌财务资料历史候选第65页,泰昌商务补充文件,泰昌商务补充文件,财务资料,来源于泰昌商务补充文件，历史位置为“补充文件/6.财务状况/6.1.新增2024年审计报告”。当前仅用于泰昌资料人工复核，未获准进入正式标书。,"[""泰昌"", ""财务资料"", ""历史标书候选"", ""商务标""]",suppressed_document_page_caption,,,True,False,False,blocked,尚未通过P0-06人工批准,0.9,assets/template_words/商务补充文件.docx,(三)补充文件/6.财务状况/6.1.新增2024年审计报告,67f1b6d874f58275d0dbfc0d9f5f56211fc65da02a7aea58dc5dc6c9cee53237,67f1b6d874f58275d0dbfc0d9f5f56211fc65da02a7aea58dc5dc6c9cee53237
business-chapter-029,business,chapter,91,new,未发现重复，仍需审核,河北泰昌电力器材科技有限公司,河北泰昌电力器材科技有限公司,mixed_historical_bid,reference_template_library,历史参考资料,historical_structure_reference,历史目录结构参考,[],泰昌企业资料,"[""商务标""]","[""补充文件/7.针对评审要素，需要补充的其他文件""]",tender_mandated,needs_review,internal,企业内部资料,review_only,仅限人工复核,not_asset_reference,非资产结构参考,泰昌商务标历史目录参考：补充文件/7.针对评审要素，需要补充的其他文件,泰昌商务补充文件,泰昌商务补充文件,历史目录结构参考,来源于泰昌商务补充文件，历史位置为“补充文件/7.针对评审要素，需要补充的其他文件”。当前仅用于泰昌资料人工复核，未获准进入正式标书。,"[""泰昌"", ""历史目录结构参考"", ""历史标书候选"", ""商务标""]",suppressed_document_page_caption,,,False,False,False,blocked,尚未通过P0-06人工批准,1.0,assets/template_words/商务补充文件.docx,(三)补充文件/7.针对评审要素，需要补充的其他文件,26dfee8fa4661c5b87ccf546e4056efff3e386d8e022b5afd478c82e3a92efb0,
business-chapter-030,business,chapter,91,new,未发现重复，仍需审核,河北泰昌电力器材科技有限公司,河北泰昌电力器材科技有限公司,mixed_historical_bid,reference_template_library,历史参考资料,historical_structure_reference,历史目录结构参考,[],泰昌企业资料,"[""商务标""]","[""补充文件/7.针对评审要素，需要补充的其他文件/7.1.应急保供""]",tender_scoring_derived,needs_review,internal,企业内部资料,review_only,仅限人工复核,not_asset_reference,非资产结构参考,泰昌商务标历史目录参考：补充文件/7.针对评审要素，需要补充的其他文件/7.1.应急保供,泰昌商务补充文件,泰昌商务补充文件,历史目录结构参考,来源于泰昌商务补充文件，历史位置为“补充文件/7.针对评审要素，需要补充的其他文件/7.1.应急保供”。当前仅用于泰昌资料人工复核，未获准进入正式标书。,"[""泰昌"", ""历史目录结构参考"", ""历史标书候选"", ""商务标""]",suppressed_document_page_caption,,,False,False,False,blocked,尚未通过P0-06人工批准,1.0,assets/template_words/商务补充文件.docx,(三)补充文件/7.针对评审要素，需要补充的其他文件/7.1.应急保供,eec2793a4db01ee0671b57006c17b90c5ba2f3842300c6a274c5c99104d3f9dd,
business-chapter-031,business,chapter,92,new,未发现重复，仍需审核,河北泰昌电力器材科技有限公司,河北泰昌电力器材科技有限公司,mixed_historical_bid,reference_template_library,历史参考资料,historical_structure_reference,历史目录结构参考,[],泰昌企业资料,"[""商务标""]","[""补充文件/7.针对评审要素，需要补充的其他文件/7.2.绿色发展规划及管理体系认证""]",tender_scoring_derived,needs_review,internal,企业内部资料,review_only,仅限人工复核,not_asset_reference,非资产结构参考,泰昌商务标历史目录参考：补充文件/7.针对评审要素，需要补充的其他文件/7.2.绿色发展规划及管理体系认证,泰昌商务补充文件,泰昌商务补充文件,历史目录结构参考,来源于泰昌商务补充文件，历史位置为“补充文件/7.针对评审要素，需要补充的其他文件/7.2.绿色发展规划及管理体系认证”。当前仅用于泰昌资料人工复核，未获准进入正式标书。,"[""泰昌"", ""历史目录结构参考"", ""历史标书候选"", ""商务标""]",suppressed_document_page_caption,,,False,False,False,blocked,尚未通过P0-06人工批准,1.0,assets/template_words/商务补充文件.docx,(三)补充文件/7.针对评审要素，需要补充的其他文件/7.2.绿色发展规划及管理体系认证,bd54f8ed4b731b3f5959b32cc0fd5eae66a4df007204768e7b1891c4fc0ff32f,
business-chapter-032,business,chapter,92,new,未发现重复，仍需审核,河北泰昌电力器材科技有限公司,河北泰昌电力器材科技有限公司,mixed_historical_bid,reference_template_library,历史参考资料,historical_structure_reference,历史目录结构参考,[],泰昌企业资料,"[""商务标""]","[""补充文件/7.针对评审要素，需要补充的其他文件/7.2.绿色发展规划及管理体系认证/7.2.1.绿色发展规划响应情况""]",tender_scoring_derived,needs_review,internal,企业内部资料,review_only,仅限人工复核,not_asset_reference,非资产结构参考,泰昌商务标历史目录参考：补充文件/7.针对评审要素，需要补充的其他文件/7.2.绿色发展规划及管理体系认证/7.2.1.绿色发展规划响应情况,泰昌商务补充文件,泰昌商务补充文件,历史目录结构参考,来源于泰昌商务补充文件，历史位置为“补充文件/7.针对评审要素，需要补充的其他文件/7.2.绿色发展规划及管理体系认证/7.2.1.绿色发展规划响应情况”。当前仅用于泰昌资料人工复核，未获准进入正式标书。,"[""泰昌"", ""历史目录结构参考"", ""历史标书候选"", ""商务标""]",suppressed_document_page_caption,,,False,False,False,blocked,尚未通过P0-06人工批准,1.0,assets/template_words/商务补充文件.docx,(三)补充文件/7.针对评审要素，需要补充的其他文件/7.2.绿色发展规划及管理体系认证/7.2.1.绿色发展规划响应情况,3137d023353fa77083d5531b41cfc8bc806c6ac3f18a5c42fc655a3d73987a80,
business-chapter-033,business,chapter,92,new,未发现重复，仍需审核,河北泰昌电力器材科技有限公司,河北泰昌电力器材科技有限公司,mixed_historical_bid,reference_template_library,历史参考资料,historical_structure_reference,历史目录结构参考,[],泰昌企业资料,"[""商务标""]","[""补充文件/7.针对评审要素，需要补充的其他文件/7.2.绿色发展规划及管理体系认证/7.2.1.绿色发展规划响应情况/（1）绿色发展规划报告""]",tender_scoring_derived,needs_review,internal,企业内部资料,review_only,仅限人工复核,not_asset_reference,非资产结构参考,泰昌商务标历史目录参考：补充文件/7.针对评审要素，需要补充的其他文件/7.2.绿色发展规划及管理体系认证/7.2.1.绿色发展规划响应情况/（1）绿色发展规划报告,泰昌商务补充文件,泰昌商务补充文件,历史目录结构参考,来源于泰昌商务补充文件，历史位置为“补充文件/7.针对评审要素，需要补充的其他文件/7.2.绿色发展规划及管理体系认证/7.2.1.绿色发展规划响应情况/（1）绿色发展规划报告”。当前仅用于泰昌资料人工复核，未获准进入正式标书。,"[""泰昌"", ""历史目录结构参考"", ""历史标书候选"", ""商务标""]",suppressed_document_page_caption,,,False,False,False,blocked,尚未通过P0-06人工批准,1.0,assets/template_words/商务补充文件.docx,(三)补充文件/7.针对评审要素，需要补充的其他文件/7.2.绿色发展规划及管理体系认证/7.2.1.绿色发展规划响应情况/（1）绿色发展规划报告,8751e801a4cf766c3aff8dee259933e2c29367de74b1ed1a3ac95dfffddb2590,
business-media-0090,business,media,92,duplicate_exact,精确重复，不新增,河北泰昌电力器材科技有限公司,河北泰昌电力器材科技有限公司,mixed_historical_bid,product_library,产品库资料,green_low_carbon,绿色低碳资料,[],泰昌企业资料,"[""商务标""]","[""补充文件/7.针对评审要素，需要补充的其他文件/7.2.绿色发展规划及管理体系认证/7.2.1.绿色发展规划响应情况/（1）绿色发展规划报告""]",tender_scoring_derived,needs_review,internal,企业内部资料,review_only,仅限人工复核,rejected_duplicate,精确重复，不新增,泰昌绿色低碳资料历史候选第92页,泰昌商务补充文件,泰昌商务补充文件,绿色低碳资料,来源于泰昌商务补充文件，历史位置为“补充文件/7.针对评审要素，需要补充的其他文件/7.2.绿色发展规划及管理体系认证/7.2.1.绿色发展规划响应情况/（1）绿色发展规划报告”。当前仅用于泰昌资料人工复核，未获准进入正式标书。,"[""泰昌"", ""绿色低碳资料"", ""历史标书候选"", ""商务标""]",formal_material_caption,资料：泰昌绿色低碳资料,taichang-visual-review-fb4ac90746304b79302d,False,False,False,blocked,尚未通过P0-06人工批准,0.9,assets/template_words/商务补充文件.docx,(三)补充文件/7.针对评审要素，需要补充的其他文件/7.2.绿色发展规划及管理体系认证/7.2.1.绿色发展规划响应情况/（1）绿色发展规划报告,4c3552deaef989e1d737cc85c657fd08bbe5c3bd9892d73507c2c7bcc9c44467,4c3552deaef989e1d737cc85c657fd08bbe5c3bd9892d73507c2c7bcc9c44467
business-media-0091,business,media,92,duplicate_exact,精确重复，不新增,河北泰昌电力器材科技有限公司,河北泰昌电力器材科技有限公司,mixed_historical_bid,product_library,产品库资料,green_low_carbon,绿色低碳资料,[],泰昌企业资料,"[""商务标""]","[""补充文件/7.针对评审要素，需要补充的其他文件/7.2.绿色发展规划及管理体系认证/7.2.1.绿色发展规划响应情况/（1）绿色发展规划报告""]",tender_scoring_derived,needs_review,internal,企业内部资料,review_only,仅限人工复核,rejected_duplicate,精确重复，不新增,泰昌绿色低碳资料历史候选第92页,泰昌商务补充文件,泰昌商务补充文件,绿色低碳资料,来源于泰昌商务补充文件，历史位置为“补充文件/7.针对评审要素，需要补充的其他文件/7.2.绿色发展规划及管理体系认证/7.2.1.绿色发展规划响应情况/（1）绿色发展规划报告”。当前仅用于泰昌资料人工复核，未获准进入正式标书。,"[""泰昌"", ""绿色低碳资料"", ""历史标书候选"", ""商务标""]",formal_material_caption,资料：泰昌绿色低碳资料,taichang-visual-review-d0001fb3a3750869ac23,False,False,False,blocked,尚未通过P0-06人工批准,0.9,assets/template_words/商务补充文件.docx,(三)补充文件/7.针对评审要素，需要补充的其他文件/7.2.绿色发展规划及管理体系认证/7.2.1.绿色发展规划响应情况/（1）绿色发展规划报告,d3edd400316dc0f8305df3671adb84e11787f2420091bab8842ed0f2fa157196,d3edd400316dc0f8305df3671adb84e11787f2420091bab8842ed0f2fa157196
business-media-0092,business,media,92,duplicate_exact,精确重复，不新增,河北泰昌电力器材科技有限公司,河北泰昌电力器材科技有限公司,mixed_historical_bid,product_library,产品库资料,green_low_carbon,绿色低碳资料,[],泰昌企业资料,"[""商务标""]","[""补充文件/7.针对评审要素，需要补充的其他文件/7.2.绿色发展规划及管理体系认证/7.2.1.绿色发展规划响应情况/（1）绿色发展规划报告""]",tender_scoring_derived,needs_review,internal,企业内部资料,review_only,仅限人工复核,rejected_duplicate,精确重复，不新增,泰昌绿色低碳资料历史候选第92页,泰昌商务补充文件,泰昌商务补充文件,绿色低碳资料,来源于泰昌商务补充文件，历史位置为“补充文件/7.针对评审要素，需要补充的其他文件/7.2.绿色发展规划及管理体系认证/7.2.1.绿色发展规划响应情况/（1）绿色发展规划报告”。当前仅用于泰昌资料人工复核，未获准进入正式标书。,"[""泰昌"", ""绿色低碳资料"", ""历史标书候选"", ""商务标""]",formal_material_caption,资料：泰昌绿色低碳资料,taichang-visual-review-29f9081419c15eefdceb,False,False,False,blocked,尚未通过P0-06人工批准,0.9,assets/template_words/商务补充文件.docx,(三)补充文件/7.针对评审要素，需要补充的其他文件/7.2.绿色发展规划及管理体系认证/7.2.1.绿色发展规划响应情况/（1）绿色发展规划报告,867f0d4dbb1e5b3dd043770048c24d877ef93f63a72a1c7546a45499d81dde6f,867f0d4dbb1e5b3dd043770048c24d877ef93f63a72a1c7546a45499d81dde6f
business-media-0093,business,media,92,duplicate_exact,精确重复，不新增,河北泰昌电力器材科技有限公司,河北泰昌电力器材科技有限公司,mixed_historical_bid,product_library,产品库资料,green_low_carbon,绿色低碳资料,[],泰昌企业资料,"[""商务标""]","[""补充文件/7.针对评审要素，需要补充的其他文件/7.2.绿色发展规划及管理体系认证/7.2.1.绿色发展规划响应情况/（1）绿色发展规划报告""]",tender_scoring_derived,needs_review,internal,企业内部资料,review_only,仅限人工复核,rejected_duplicate,精确重复，不新增,泰昌绿色低碳资料历史候选第92页,泰昌商务补充文件,泰昌商务补充文件,绿色低碳资料,来源于泰昌商务补充文件，历史位置为“补充文件/7.针对评审要素，需要补充的其他文件/7.2.绿色发展规划及管理体系认证/7.2.1.绿色发展规划响应情况/（1）绿色发展规划报告”。当前仅用于泰昌资料人工复核，未获准进入正式标书。,"[""泰昌"", ""绿色低碳资料"", ""历史标书候选"", ""商务标""]",formal_material_caption,资料：泰昌绿色低碳资料,taichang-visual-review-c59e8e88af6ad7c876c1,False,False,False,blocked,尚未通过P0-06人工批准,0.9,assets/template_words/商务补充文件.docx,(三)补充文件/7.针对评审要素，需要补充的其他文件/7.2.绿色发展规划及管理体系认证/7.2.1.绿色发展规划响应情况/（1）绿色发展规划报告,733a1a5db697d234e52e0761e640cab08cb246799487fb502ddf0bd30eb6d419,733a1a5db697d234e52e0761e640cab08cb246799487fb502ddf0bd30eb6d419
business-media-0094,business,media,92,duplicate_exact,精确重复，不新增,河北泰昌电力器材科技有限公司,河北泰昌电力器材科技有限公司,mixed_historical_bid,product_library,产品库资料,green_low_carbon,绿色低碳资料,[],泰昌企业资料,"[""商务标""]","[""补充文件/7.针对评审要素，需要补充的其他文件/7.2.绿色发展规划及管理体系认证/7.2.1.绿色发展规划响应情况/（1）绿色发展规划报告""]",tender_scoring_derived,needs_review,internal,企业内部资料,review_only,仅限人工复核,rejected_duplicate,精确重复，不新增,泰昌绿色低碳资料历史候选第92页,泰昌商务补充文件,泰昌商务补充文件,绿色低碳资料,来源于泰昌商务补充文件，历史位置为“补充文件/7.针对评审要素，需要补充的其他文件/7.2.绿色发展规划及管理体系认证/7.2.1.绿色发展规划响应情况/（1）绿色发展规划报告”。当前仅用于泰昌资料人工复核，未获准进入正式标书。,"[""泰昌"", ""绿色低碳资料"", ""历史标书候选"", ""商务标""]",formal_material_caption,资料：泰昌绿色低碳资料,taichang-visual-review-4fbb0395f3904c6d451d,False,False,False,blocked,尚未通过P0-06人工批准,0.9,assets/template_words/商务补充文件.docx,(三)补充文件/7.针对评审要素，需要补充的其他文件/7.2.绿色发展规划及管理体系认证/7.2.1.绿色发展规划响应情况/（1）绿色发展规划报告,d75b6546afcc512c69a1e745c297e65ee1209657911a3e6d4fbcdc440791f370,d75b6546afcc512c69a1e745c297e65ee1209657911a3e6d4fbcdc440791f370
business-media-0095,business,media,92,duplicate_exact,精确重复，不新增,河北泰昌电力器材科技有限公司,河北泰昌电力器材科技有限公司,mixed_historical_bid,product_library,产品库资料,green_low_carbon,绿色低碳资料,[],泰昌企业资料,"[""商务标""]","[""补充文件/7.针对评审要素，需要补充的其他文件/7.2.绿色发展规划及管理体系认证/7.2.1.绿色发展规划响应情况/（1）绿色发展规划报告""]",tender_scoring_derived,needs_review,internal,企业内部资料,review_only,仅限人工复核,rejected_duplicate,精确重复，不新增,泰昌绿色低碳资料历史候选第92页,泰昌商务补充文件,泰昌商务补充文件,绿色低碳资料,来源于泰昌商务补充文件，历史位置为“补充文件/7.针对评审要素，需要补充的其他文件/7.2.绿色发展规划及管理体系认证/7.2.1.绿色发展规划响应情况/（1）绿色发展规划报告”。当前仅用于泰昌资料人工复核，未获准进入正式标书。,"[""泰昌"", ""绿色低碳资料"", ""历史标书候选"", ""商务标""]",formal_material_caption,资料：泰昌绿色低碳资料,taichang-visual-review-34399d7374af66150156,False,False,False,blocked,尚未通过P0-06人工批准,0.9,assets/template_words/商务补充文件.docx,(三)补充文件/7.针对评审要素，需要补充的其他文件/7.2.绿色发展规划及管理体系认证/7.2.1.绿色发展规划响应情况/（1）绿色发展规划报告,c26a63c9330d52595d88abbbd57df05bd001456465d480b5d28fab7bb0d2fc14,c26a63c9330d52595d88abbbd57df05bd001456465d480b5d28fab7bb0d2fc14
business-media-0096,business,media,92,duplicate_exact,精确重复，不新增,河北泰昌电力器材科技有限公司,河北泰昌电力器材科技有限公司,mixed_historical_bid,product_library,产品库资料,green_low_carbon,绿色低碳资料,[],泰昌企业资料,"[""商务标""]","[""补充文件/7.针对评审要素，需要补充的其他文件/7.2.绿色发展规划及管理体系认证/7.2.1.绿色发展规划响应情况/（1）绿色发展规划报告""]",tender_scoring_derived,needs_review,internal,企业内部资料,review_only,仅限人工复核,rejected_duplicate,精确重复，不新增,泰昌绿色低碳资料历史候选第92页,泰昌商务补充文件,泰昌商务补充文件,绿色低碳资料,来源于泰昌商务补充文件，历史位置为“补充文件/7.针对评审要素，需要补充的其他文件/7.2.绿色发展规划及管理体系认证/7.2.1.绿色发展规划响应情况/（1）绿色发展规划报告”。当前仅用于泰昌资料人工复核，未获准进入正式标书。,"[""泰昌"", ""绿色低碳资料"", ""历史标书候选"", ""商务标""]",formal_material_caption,资料：泰昌绿色低碳资料,taichang-exact-2906c5b08432e89ad8f8,False,False,False,blocked,尚未通过P0-06人工批准,0.9,assets/template_words/商务补充文件.docx,(三)补充文件/7.针对评审要素，需要补充的其他文件/7.2.绿色发展规划及管理体系认证/7.2.1.绿色发展规划响应情况/（1）绿色发展规划报告,a64ce01b4022ab7fde9002abb4b35352dc4e4927d3c2bc31732a61eb4c130c94,a64ce01b4022ab7fde9002abb4b35352dc4e4927d3c2bc31732a61eb4c130c94
business-media-0097,business,media,92,duplicate_exact,精确重复，不新增,河北泰昌电力器材科技有限公司,河北泰昌电力器材科技有限公司,mixed_historical_bid,product_library,产品库资料,green_low_carbon,绿色低碳资料,[],泰昌企业资料,"[""商务标""]","[""补充文件/7.针对评审要素，需要补充的其他文件/7.2.绿色发展规划及管理体系认证/7.2.1.绿色发展规划响应情况/（1）绿色发展规划报告""]",tender_scoring_derived,needs_review,internal,企业内部资料,review_only,仅限人工复核,rejected_duplicate,精确重复，不新增,泰昌绿色低碳资料历史候选第92页,泰昌商务补充文件,泰昌商务补充文件,绿色低碳资料,来源于泰昌商务补充文件，历史位置为“补充文件/7.针对评审要素，需要补充的其他文件/7.2.绿色发展规划及管理体系认证/7.2.1.绿色发展规划响应情况/（1）绿色发展规划报告”。当前仅用于泰昌资料人工复核，未获准进入正式标书。,"[""泰昌"", ""绿色低碳资料"", ""历史标书候选"", ""商务标""]",formal_material_caption,资料：泰昌绿色低碳资料,taichang-visual-review-961eccde904c785b4c14,False,False,False,blocked,尚未通过P0-06人工批准,0.9,assets/template_words/商务补充文件.docx,(三)补充文件/7.针对评审要素，需要补充的其他文件/7.2.绿色发展规划及管理体系认证/7.2.1.绿色发展规划响应情况/（1）绿色发展规划报告,d5bdeb81698a777b4e1c3d7a94cf38bbf72b3739f71935e84aeb6cda1f7265e5,d5bdeb81698a777b4e1c3d7a94cf38bbf72b3739f71935e84aeb6cda1f7265e5
business-media-0098,business,media,92,duplicate_exact,精确重复，不新增,河北泰昌电力器材科技有限公司,河北泰昌电力器材科技有限公司,mixed_historical_bid,product_library,产品库资料,green_low_carbon,绿色低碳资料,[],泰昌企业资料,"[""商务标""]","[""补充文件/7.针对评审要素，需要补充的其他文件/7.2.绿色发展规划及管理体系认证/7.2.1.绿色发展规划响应情况/（1）绿色发展规划报告""]",tender_scoring_derived,needs_review,internal,企业内部资料,review_only,仅限人工复核,rejected_duplicate,精确重复，不新增,泰昌绿色低碳资料历史候选第92页,泰昌商务补充文件,泰昌商务补充文件,绿色低碳资料,来源于泰昌商务补充文件，历史位置为“补充文件/7.针对评审要素，需要补充的其他文件/7.2.绿色发展规划及管理体系认证/7.2.1.绿色发展规划响应情况/（1）绿色发展规划报告”。当前仅用于泰昌资料人工复核，未获准进入正式标书。,"[""泰昌"", ""绿色低碳资料"", ""历史标书候选"", ""商务标""]",formal_material_caption,资料：泰昌绿色低碳资料,taichang-visual-review-ceaf1b3afa5fd23ad5f2,False,False,False,blocked,尚未通过P0-06人工批准,0.9,assets/template_words/商务补充文件.docx,(三)补充文件/7.针对评审要素，需要补充的其他文件/7.2.绿色发展规划及管理体系认证/7.2.1.绿色发展规划响应情况/（1）绿色发展规划报告,f0ff8dd9b015c06dc1c366c9c696470b998d1c1af77070e04d5f2ced88198c0b,f0ff8dd9b015c06dc1c366c9c696470b998d1c1af77070e04d5f2ced88198c0b
business-media-0099,business,media,92,duplicate_exact,精确重复，不新增,河北泰昌电力器材科技有限公司,河北泰昌电力器材科技有限公司,mixed_historical_bid,product_library,产品库资料,green_low_carbon,绿色低碳资料,[],泰昌企业资料,"[""商务标""]","[""补充文件/7.针对评审要素，需要补充的其他文件/7.2.绿色发展规划及管理体系认证/7.2.1.绿色发展规划响应情况/（1）绿色发展规划报告""]",tender_scoring_derived,needs_review,internal,企业内部资料,review_only,仅限人工复核,rejected_duplicate,精确重复，不新增,泰昌绿色低碳资料历史候选第92页,泰昌商务补充文件,泰昌商务补充文件,绿色低碳资料,来源于泰昌商务补充文件，历史位置为“补充文件/7.针对评审要素，需要补充的其他文件/7.2.绿色发展规划及管理体系认证/7.2.1.绿色发展规划响应情况/（1）绿色发展规划报告”。当前仅用于泰昌资料人工复核，未获准进入正式标书。,"[""泰昌"", ""绿色低碳资料"", ""历史标书候选"", ""商务标""]",formal_material_caption,资料：泰昌绿色低碳资料,taichang-visual-review-c8152396a256f033a054,False,False,False,blocked,尚未通过P0-06人工批准,0.9,assets/template_words/商务补充文件.docx,(三)补充文件/7.针对评审要素，需要补充的其他文件/7.2.绿色发展规划及管理体系认证/7.2.1.绿色发展规划响应情况/（1）绿色发展规划报告,42101cdc767c69edb31df4af1ba9cd02e4e4a7327c955442e1b38e3b41cd8b56,42101cdc767c69edb31df4af1ba9cd02e4e4a7327c955442e1b38e3b41cd8b56
business-media-0100,business,media,92,duplicate_exact,精确重复，不新增,河北泰昌电力器材科技有限公司,河北泰昌电力器材科技有限公司,mixed_historical_bid,product_library,产品库资料,green_low_carbon,绿色低碳资料,[],泰昌企业资料,"[""商务标""]","[""补充文件/7.针对评审要素，需要补充的其他文件/7.2.绿色发展规划及管理体系认证/7.2.1.绿色发展规划响应情况/（1）绿色发展规划报告""]",tender_scoring_derived,needs_review,internal,企业内部资料,review_only,仅限人工复核,rejected_duplicate,精确重复，不新增,泰昌绿色低碳资料历史候选第92页,泰昌商务补充文件,泰昌商务补充文件,绿色低碳资料,来源于泰昌商务补充文件，历史位置为“补充文件/7.针对评审要素，需要补充的其他文件/7.2.绿色发展规划及管理体系认证/7.2.1.绿色发展规划响应情况/（1）绿色发展规划报告”。当前仅用于泰昌资料人工复核，未获准进入正式标书。,"[""泰昌"", ""绿色低碳资料"", ""历史标书候选"", ""商务标""]",formal_material_caption,资料：泰昌绿色低碳资料,taichang-visual-review-c89a71a0c0c36c7a4d88,False,False,False,blocked,尚未通过P0-06人工批准,0.9,assets/template_words/商务补充文件.docx,(三)补充文件/7.针对评审要素，需要补充的其他文件/7.2.绿色发展规划及管理体系认证/7.2.1.绿色发展规划响应情况/（1）绿色发展规划报告,a8cbd999fcb94a4e73294597d3ca69720c03dc5de3ffcc8ebfb050702b1d397a,a8cbd999fcb94a4e73294597d3ca69720c03dc5de3ffcc8ebfb050702b1d397a
business-media-0101,business,media,92,duplicate_exact,精确重复，不新增,河北泰昌电力器材科技有限公司,河北泰昌电力器材科技有限公司,mixed_historical_bid,product_library,产品库资料,green_low_carbon,绿色低碳资料,[],泰昌企业资料,"[""商务标""]","[""补充文件/7.针对评审要素，需要补充的其他文件/7.2.绿色发展规划及管理体系认证/7.2.1.绿色发展规划响应情况/（1）绿色发展规划报告""]",tender_scoring_derived,needs_review,internal,企业内部资料,review_only,仅限人工复核,rejected_duplicate,精确重复，不新增,泰昌绿色低碳资料历史候选第92页,泰昌商务补充文件,泰昌商务补充文件,绿色低碳资料,来源于泰昌商务补充文件，历史位置为“补充文件/7.针对评审要素，需要补充的其他文件/7.2.绿色发展规划及管理体系认证/7.2.1.绿色发展规划响应情况/（1）绿色发展规划报告”。当前仅用于泰昌资料人工复核，未获准进入正式标书。,"[""泰昌"", ""绿色低碳资料"", ""历史标书候选"", ""商务标""]",formal_material_caption,资料：泰昌绿色低碳资料,taichang-visual-review-686c47136489c9d8705e,False,False,False,blocked,尚未通过P0-06人工批准,0.9,assets/template_words/商务补充文件.docx,(三)补充文件/7.针对评审要素，需要补充的其他文件/7.2.绿色发展规划及管理体系认证/7.2.1.绿色发展规划响应情况/（1）绿色发展规划报告,e4f080fcfb9c3190419ac9b30afb9a28c9c1423d66b273838dbedfb07744d151,e4f080fcfb9c3190419ac9b30afb9a28c9c1423d66b273838dbedfb07744d151
business-media-0102,business,media,92,duplicate_exact,精确重复，不新增,河北泰昌电力器材科技有限公司,河北泰昌电力器材科技有限公司,mixed_historical_bid,product_library,产品库资料,green_low_carbon,绿色低碳资料,[],泰昌企业资料,"[""商务标""]","[""补充文件/7.针对评审要素，需要补充的其他文件/7.2.绿色发展规划及管理体系认证/7.2.1.绿色发展规划响应情况/（1）绿色发展规划报告""]",tender_scoring_derived,needs_review,internal,企业内部资料,review_only,仅限人工复核,rejected_duplicate,精确重复，不新增,泰昌绿色低碳资料历史候选第92页,泰昌商务补充文件,泰昌商务补充文件,绿色低碳资料,来源于泰昌商务补充文件，历史位置为“补充文件/7.针对评审要素，需要补充的其他文件/7.2.绿色发展规划及管理体系认证/7.2.1.绿色发展规划响应情况/（1）绿色发展规划报告”。当前仅用于泰昌资料人工复核，未获准进入正式标书。,"[""泰昌"", ""绿色低碳资料"", ""历史标书候选"", ""商务标""]",formal_material_caption,资料：泰昌绿色低碳资料,taichang-visual-review-74651b9281fdb12c847f,False,False,False,blocked,尚未通过P0-06人工批准,0.9,assets/template_words/商务补充文件.docx,(三)补充文件/7.针对评审要素，需要补充的其他文件/7.2.绿色发展规划及管理体系认证/7.2.1.绿色发展规划响应情况/（1）绿色发展规划报告,d6bb9eccd0820827239eb3b634c2bf3b0832941d127d002c00619ce5f27fbc1e,d6bb9eccd0820827239eb3b634c2bf3b0832941d127d002c00619ce5f27fbc1e
business-media-0103,business,media,92,duplicate_exact,精确重复，不新增,河北泰昌电力器材科技有限公司,河北泰昌电力器材科技有限公司,mixed_historical_bid,product_library,产品库资料,green_low_carbon,绿色低碳资料,[],泰昌企业资料,"[""商务标""]","[""补充文件/7.针对评审要素，需要补充的其他文件/7.2.绿色发展规划及管理体系认证/7.2.1.绿色发展规划响应情况/（1）绿色发展规划报告""]",tender_scoring_derived,needs_review,internal,企业内部资料,review_only,仅限人工复核,rejected_duplicate,精确重复，不新增,泰昌绿色低碳资料历史候选第92页,泰昌商务补充文件,泰昌商务补充文件,绿色低碳资料,来源于泰昌商务补充文件，历史位置为“补充文件/7.针对评审要素，需要补充的其他文件/7.2.绿色发展规划及管理体系认证/7.2.1.绿色发展规划响应情况/（1）绿色发展规划报告”。当前仅用于泰昌资料人工复核，未获准进入正式标书。,"[""泰昌"", ""绿色低碳资料"", ""历史标书候选"", ""商务标""]",formal_material_caption,资料：泰昌绿色低碳资料,taichang-visual-review-ed945086fe3fa6382376,False,False,False,blocked,尚未通过P0-06人工批准,0.9,assets/template_words/商务补充文件.docx,(三)补充文件/7.针对评审要素，需要补充的其他文件/7.2.绿色发展规划及管理体系认证/7.2.1.绿色发展规划响应情况/（1）绿色发展规划报告,9b80277181bc0615c95d9fc2ba8f05b97e84d9dda259ae67c7fe459900d592e5,9b80277181bc0615c95d9fc2ba8f05b97e84d9dda259ae67c7fe459900d592e5
business-media-0104,business,media,92,duplicate_exact,精确重复，不新增,河北泰昌电力器材科技有限公司,河北泰昌电力器材科技有限公司,mixed_historical_bid,product_library,产品库资料,green_low_carbon,绿色低碳资料,[],泰昌企业资料,"[""商务标""]","[""补充文件/7.针对评审要素，需要补充的其他文件/7.2.绿色发展规划及管理体系认证/7.2.1.绿色发展规划响应情况/（1）绿色发展规划报告""]",tender_scoring_derived,needs_review,internal,企业内部资料,review_only,仅限人工复核,rejected_duplicate,精确重复，不新增,泰昌绿色低碳资料历史候选第92页,泰昌商务补充文件,泰昌商务补充文件,绿色低碳资料,来源于泰昌商务补充文件，历史位置为“补充文件/7.针对评审要素，需要补充的其他文件/7.2.绿色发展规划及管理体系认证/7.2.1.绿色发展规划响应情况/（1）绿色发展规划报告”。当前仅用于泰昌资料人工复核，未获准进入正式标书。,"[""泰昌"", ""绿色低碳资料"", ""历史标书候选"", ""商务标""]",formal_material_caption,资料：泰昌绿色低碳资料,taichang-visual-review-11ec55367904a546d202,False,False,False,blocked,尚未通过P0-06人工批准,0.9,assets/template_words/商务补充文件.docx,(三)补充文件/7.针对评审要素，需要补充的其他文件/7.2.绿色发展规划及管理体系认证/7.2.1.绿色发展规划响应情况/（1）绿色发展规划报告,8eff34d384ac79f37f365801b5b1e9151885c8e7768a4172c127b9043237160d,8eff34d384ac79f37f365801b5b1e9151885c8e7768a4172c127b9043237160d
business-media-0105,business,media,92,duplicate_exact,精确重复，不新增,河北泰昌电力器材科技有限公司,河北泰昌电力器材科技有限公司,mixed_historical_bid,product_library,产品库资料,green_low_carbon,绿色低碳资料,[],泰昌企业资料,"[""商务标""]","[""补充文件/7.针对评审要素，需要补充的其他文件/7.2.绿色发展规划及管理体系认证/7.2.1.绿色发展规划响应情况/（1）绿色发展规划报告""]",tender_scoring_derived,needs_review,internal,企业内部资料,review_only,仅限人工复核,rejected_duplicate,精确重复，不新增,泰昌绿色低碳资料历史候选第92页,泰昌商务补充文件,泰昌商务补充文件,绿色低碳资料,来源于泰昌商务补充文件，历史位置为“补充文件/7.针对评审要素，需要补充的其他文件/7.2.绿色发展规划及管理体系认证/7.2.1.绿色发展规划响应情况/（1）绿色发展规划报告”。当前仅用于泰昌资料人工复核，未获准进入正式标书。,"[""泰昌"", ""绿色低碳资料"", ""历史标书候选"", ""商务标""]",formal_material_caption,资料：泰昌绿色低碳资料,taichang-visual-review-b2b321a3de24fdc0751c,False,False,False,blocked,尚未通过P0-06人工批准,0.9,assets/template_words/商务补充文件.docx,(三)补充文件/7.针对评审要素，需要补充的其他文件/7.2.绿色发展规划及管理体系认证/7.2.1.绿色发展规划响应情况/（1）绿色发展规划报告,4c61af9e6a6f66a457dcc3dea1b975e0ebd32196d0cc05642840347e03114f0c,4c61af9e6a6f66a457dcc3dea1b975e0ebd32196d0cc05642840347e03114f0c
business-media-0106,business,media,92,duplicate_exact,精确重复，不新增,河北泰昌电力器材科技有限公司,河北泰昌电力器材科技有限公司,mixed_historical_bid,product_library,产品库资料,green_low_carbon,绿色低碳资料,[],泰昌企业资料,"[""商务标""]","[""补充文件/7.针对评审要素，需要补充的其他文件/7.2.绿色发展规划及管理体系认证/7.2.1.绿色发展规划响应情况/（1）绿色发展规划报告""]",tender_scoring_derived,needs_review,internal,企业内部资料,review_only,仅限人工复核,rejected_duplicate,精确重复，不新增,泰昌绿色低碳资料历史候选第92页,泰昌商务补充文件,泰昌商务补充文件,绿色低碳资料,来源于泰昌商务补充文件，历史位置为“补充文件/7.针对评审要素，需要补充的其他文件/7.2.绿色发展规划及管理体系认证/7.2.1.绿色发展规划响应情况/（1）绿色发展规划报告”。当前仅用于泰昌资料人工复核，未获准进入正式标书。,"[""泰昌"", ""绿色低碳资料"", ""历史标书候选"", ""商务标""]",formal_material_caption,资料：泰昌绿色低碳资料,taichang-visual-review-5e9169a0de6e127d9374,False,False,False,blocked,尚未通过P0-06人工批准,0.9,assets/template_words/商务补充文件.docx,(三)补充文件/7.针对评审要素，需要补充的其他文件/7.2.绿色发展规划及管理体系认证/7.2.1.绿色发展规划响应情况/（1）绿色发展规划报告,4e0cb7ea46aae0bf1c21d13f5a6827853070bb4e727410f91ea76079a0760872,4e0cb7ea46aae0bf1c21d13f5a6827853070bb4e727410f91ea76079a0760872
business-media-0107,business,media,92,duplicate_exact,精确重复，不新增,河北泰昌电力器材科技有限公司,河北泰昌电力器材科技有限公司,mixed_historical_bid,product_library,产品库资料,green_low_carbon,绿色低碳资料,[],泰昌企业资料,"[""商务标""]","[""补充文件/7.针对评审要素，需要补充的其他文件/7.2.绿色发展规划及管理体系认证/7.2.1.绿色发展规划响应情况/（1）绿色发展规划报告""]",tender_scoring_derived,needs_review,internal,企业内部资料,review_only,仅限人工复核,rejected_duplicate,精确重复，不新增,泰昌绿色低碳资料历史候选第92页,泰昌商务补充文件,泰昌商务补充文件,绿色低碳资料,来源于泰昌商务补充文件，历史位置为“补充文件/7.针对评审要素，需要补充的其他文件/7.2.绿色发展规划及管理体系认证/7.2.1.绿色发展规划响应情况/（1）绿色发展规划报告”。当前仅用于泰昌资料人工复核，未获准进入正式标书。,"[""泰昌"", ""绿色低碳资料"", ""历史标书候选"", ""商务标""]",formal_material_caption,资料：泰昌绿色低碳资料,taichang-visual-review-5596a96eb918595bae58,False,False,False,blocked,尚未通过P0-06人工批准,0.9,assets/template_words/商务补充文件.docx,(三)补充文件/7.针对评审要素，需要补充的其他文件/7.2.绿色发展规划及管理体系认证/7.2.1.绿色发展规划响应情况/（1）绿色发展规划报告,3e1819220cbb9c33a4e90eec205363cced439886f46f2cef58e034643f5ce4ec,3e1819220cbb9c33a4e90eec205363cced439886f46f2cef58e034643f5ce4ec
business-chapter-034,business,chapter,110,new,未发现重复，仍需审核,河北泰昌电力器材科技有限公司,河北泰昌电力器材科技有限公司,mixed_historical_bid,reference_template_library,历史参考资料,historical_structure_reference,历史目录结构参考,[],泰昌企业资料,"[""商务标""]","[""补充文件/7.针对评审要素，需要补充的其他文件/7.2.绿色发展规划及管理体系认证/7.2.2.绿色管理体系认证情况""]",tender_scoring_derived,needs_review,internal,企业内部资料,review_only,仅限人工复核,not_asset_reference,非资产结构参考,泰昌商务标历史目录参考：补充文件/7.针对评审要素，需要补充的其他文件/7.2.绿色发展规划及管理体系认证/7.2.2.绿色管理体系认证情况,泰昌商务补充文件,泰昌商务补充文件,历史目录结构参考,来源于泰昌商务补充文件，历史位置为“补充文件/7.针对评审要素，需要补充的其他文件/7.2.绿色发展规划及管理体系认证/7.2.2.绿色管理体系认证情况”。当前仅用于泰昌资料人工复核，未获准进入正式标书。,"[""泰昌"", ""历史目录结构参考"", ""历史标书候选"", ""商务标""]",suppressed_document_page_caption,,,False,False,False,blocked,尚未通过P0-06人工批准,1.0,assets/template_words/商务补充文件.docx,(三)补充文件/7.针对评审要素，需要补充的其他文件/7.2.绿色发展规划及管理体系认证/7.2.2.绿色管理体系认证情况,252d0e438c70c49fa1a102031cd28d0f0725f42750c9eb19a69384e3d65b8aa9,
business-chapter-035,business,chapter,110,new,未发现重复，仍需审核,河北泰昌电力器材科技有限公司,河北泰昌电力器材科技有限公司,mixed_historical_bid,reference_template_library,历史参考资料,historical_structure_reference,历史目录结构参考,[],泰昌企业资料,"[""商务标""]","[""补充文件/7.针对评审要素，需要补充的其他文件/7.2.绿色发展规划及管理体系认证/7.2.2.绿色管理体系认证情况/（1）质量管理体系认证证书""]",tender_scoring_derived,needs_review,internal,企业内部资料,review_only,仅限人工复核,not_asset_reference,非资产结构参考,泰昌商务标历史目录参考：补充文件/7.针对评审要素，需要补充的其他文件/7.2.绿色发展规划及管理体系认证/7.2.2.绿色管理体系认证情况/（1）质量管理体系认证证书,泰昌商务补充文件,泰昌商务补充文件,历史目录结构参考,来源于泰昌商务补充文件，历史位置为“补充文件/7.针对评审要素，需要补充的其他文件/7.2.绿色发展规划及管理体系认证/7.2.2.绿色管理体系认证情况/（1）质量管理体系认证证书”。当前仅用于泰昌资料人工复核，未获准进入正式标书。,"[""泰昌"", ""历史目录结构参考"", ""历史标书候选"", ""商务标""]",suppressed_document_page_caption,,,False,False,False,blocked,尚未通过P0-06人工批准,1.0,assets/template_words/商务补充文件.docx,(三)补充文件/7.针对评审要素，需要补充的其他文件/7.2.绿色发展规划及管理体系认证/7.2.2.绿色管理体系认证情况/（1）质量管理体系认证证书,2fe3c447d390dadaa3b801458e0d5cba9a524d1f8dc4338854f057f3c56f2d48,
business-media-0108,business,media,110,duplicate_exact,精确重复，不新增,河北泰昌电力器材科技有限公司,河北泰昌电力器材科技有限公司,mixed_historical_bid,qualification_library,资信库资料,certification,资质证书,[],泰昌企业资料,"[""商务标""]","[""补充文件/7.针对评审要素，需要补充的其他文件/7.2.绿色发展规划及管理体系认证/7.2.2.绿色管理体系认证情况/（1）质量管理体系认证证书""]",tender_scoring_derived,needs_review,internal,企业内部资料,review_only,仅限人工复核,rejected_duplicate,精确重复，不新增,泰昌资质证书历史候选第110页,泰昌商务补充文件,泰昌商务补充文件,资质证书,来源于泰昌商务补充文件，历史位置为“补充文件/7.针对评审要素，需要补充的其他文件/7.2.绿色发展规划及管理体系认证/7.2.2.绿色管理体系认证情况/（1）质量管理体系认证证书”。当前仅用于泰昌资料人工复核，未获准进入正式标书。,"[""泰昌"", ""资质证书"", ""历史标书候选"", ""商务标""]",suppressed_document_page_caption,,taichang-visual-review-f4d951673c80e327d4c3,False,False,False,blocked,尚未通过P0-06人工批准,0.9,assets/template_words/商务补充文件.docx,(三)补充文件/7.针对评审要素，需要补充的其他文件/7.2.绿色发展规划及管理体系认证/7.2.2.绿色管理体系认证情况/（1）质量管理体系认证证书,ff35c4b67fb13525dc75cc6451c186d2e736a61a427998e6c6c7b94480f89c7e,ff35c4b67fb13525dc75cc6451c186d2e736a61a427998e6c6c7b94480f89c7e
business-media-0109,business,media,110,duplicate_exact,精确重复，不新增,河北泰昌电力器材科技有限公司,河北泰昌电力器材科技有限公司,mixed_historical_bid,qualification_library,资信库资料,certification,资质证书,[],泰昌企业资料,"[""商务标""]","[""补充文件/7.针对评审要素，需要补充的其他文件/7.2.绿色发展规划及管理体系认证/7.2.2.绿色管理体系认证情况/（1）质量管理体系认证证书""]",tender_scoring_derived,needs_review,internal,企业内部资料,review_only,仅限人工复核,rejected_duplicate,精确重复，不新增,泰昌资质证书历史候选第110页,泰昌商务补充文件,泰昌商务补充文件,资质证书,来源于泰昌商务补充文件，历史位置为“补充文件/7.针对评审要素，需要补充的其他文件/7.2.绿色发展规划及管理体系认证/7.2.2.绿色管理体系认证情况/（1）质量管理体系认证证书”。当前仅用于泰昌资料人工复核，未获准进入正式标书。,"[""泰昌"", ""资质证书"", ""历史标书候选"", ""商务标""]",suppressed_document_page_caption,,taichang-visual-review-4f1753a38b471c59b917,False,False,False,blocked,尚未通过P0-06人工批准,0.9,assets/template_words/商务补充文件.docx,(三)补充文件/7.针对评审要素，需要补充的其他文件/7.2.绿色发展规划及管理体系认证/7.2.2.绿色管理体系认证情况/（1）质量管理体系认证证书,9e593fb7c374d2b4227cb92d4699c3f2cec5499d7390a456a55ece0fc1e95e6f,9e593fb7c374d2b4227cb92d4699c3f2cec5499d7390a456a55ece0fc1e95e6f
business-chapter-036,business,chapter,112,new,未发现重复，仍需审核,河北泰昌电力器材科技有限公司,河北泰昌电力器材科技有限公司,mixed_historical_bid,reference_template_library,历史参考资料,historical_structure_reference,历史目录结构参考,[],泰昌企业资料,"[""商务标""]","[""补充文件/7.针对评审要素，需要补充的其他文件/7.2.绿色发展规划及管理体系认证/7.2.2.绿色管理体系认证情况/（2）职业健康安全管理体系认证证书""]",tender_scoring_derived,needs_review,internal,企业内部资料,review_only,仅限人工复核,not_asset_reference,非资产结构参考,泰昌商务标历史目录参考：补充文件/7.针对评审要素，需要补充的其他文件/7.2.绿色发展规划及管理体系认证/7.2.2.绿色管理体系认证情况/（2）职业健康安全管理体系认证证书,泰昌商务补充文件,泰昌商务补充文件,历史目录结构参考,来源于泰昌商务补充文件，历史位置为“补充文件/7.针对评审要素，需要补充的其他文件/7.2.绿色发展规划及管理体系认证/7.2.2.绿色管理体系认证情况/（2）职业健康安全管理体系认证证书”。当前仅用于泰昌资料人工复核，未获准进入正式标书。,"[""泰昌"", ""历史目录结构参考"", ""历史标书候选"", ""商务标""]",suppressed_document_page_caption,,,False,False,False,blocked,尚未通过P0-06人工批准,1.0,assets/template_words/商务补充文件.docx,(三)补充文件/7.针对评审要素，需要补充的其他文件/7.2.绿色发展规划及管理体系认证/7.2.2.绿色管理体系认证情况/（2）职业健康安全管理体系认证证书,55976590471eceecca0e817727b72d811cf38bd55f50ae1320f352dc2b14b4a6,
business-media-0110,business,media,113,duplicate_exact,精确重复，不新增,河北泰昌电力器材科技有限公司,河北泰昌电力器材科技有限公司,mixed_historical_bid,qualification_library,资信库资料,certification,资质证书,[],泰昌企业资料,"[""商务标""]","[""补充文件/7.针对评审要素，需要补充的其他文件/7.2.绿色发展规划及管理体系认证/7.2.2.绿色管理体系认证情况/（2）职业健康安全管理体系认证证书""]",tender_scoring_derived,needs_review,internal,企业内部资料,review_only,仅限人工复核,rejected_duplicate,精确重复，不新增,泰昌资质证书历史候选第113页,泰昌商务补充文件,泰昌商务补充文件,资质证书,来源于泰昌商务补充文件，历史位置为“补充文件/7.针对评审要素，需要补充的其他文件/7.2.绿色发展规划及管理体系认证/7.2.2.绿色管理体系认证情况/（2）职业健康安全管理体系认证证书”。当前仅用于泰昌资料人工复核，未获准进入正式标书。,"[""泰昌"", ""资质证书"", ""历史标书候选"", ""商务标""]",suppressed_document_page_caption,,taichang-visual-review-efec7235d7b75605f509,False,False,False,blocked,尚未通过P0-06人工批准,0.9,assets/template_words/商务补充文件.docx,(三)补充文件/7.针对评审要素，需要补充的其他文件/7.2.绿色发展规划及管理体系认证/7.2.2.绿色管理体系认证情况/（2）职业健康安全管理体系认证证书,4311398d8c536b134ab23db094162e10bba50bb5306c3ad85fdd217403ff7bcc,4311398d8c536b134ab23db094162e10bba50bb5306c3ad85fdd217403ff7bcc
business-media-0111,business,media,113,duplicate_exact,精确重复，不新增,河北泰昌电力器材科技有限公司,河北泰昌电力器材科技有限公司,mixed_historical_bid,qualification_library,资信库资料,certification,资质证书,[],泰昌企业资料,"[""商务标""]","[""补充文件/7.针对评审要素，需要补充的其他文件/7.2.绿色发展规划及管理体系认证/7.2.2.绿色管理体系认证情况/（2）职业健康安全管理体系认证证书""]",tender_scoring_derived,needs_review,internal,企业内部资料,review_only,仅限人工复核,rejected_duplicate,精确重复，不新增,泰昌资质证书历史候选第113页,泰昌商务补充文件,泰昌商务补充文件,资质证书,来源于泰昌商务补充文件，历史位置为“补充文件/7.针对评审要素，需要补充的其他文件/7.2.绿色发展规划及管理体系认证/7.2.2.绿色管理体系认证情况/（2）职业健康安全管理体系认证证书”。当前仅用于泰昌资料人工复核，未获准进入正式标书。,"[""泰昌"", ""资质证书"", ""历史标书候选"", ""商务标""]",suppressed_document_page_caption,,taichang-visual-review-f300f52daabe19c71d09,False,False,False,blocked,尚未通过P0-06人工批准,0.9,assets/template_words/商务补充文件.docx,(三)补充文件/7.针对评审要素，需要补充的其他文件/7.2.绿色发展规划及管理体系认证/7.2.2.绿色管理体系认证情况/（2）职业健康安全管理体系认证证书,d6fbcdeedc1a3ca0715d4705a1155d52f09f40a52bebbbc2fd5997b627d3ef57,d6fbcdeedc1a3ca0715d4705a1155d52f09f40a52bebbbc2fd5997b627d3ef57
business-media-0112,business,media,113,duplicate_exact,精确重复，不新增,河北泰昌电力器材科技有限公司,河北泰昌电力器材科技有限公司,mixed_historical_bid,qualification_library,资信库资料,certification,资质证书,[],泰昌企业资料,"[""商务标""]","[""补充文件/7.针对评审要素，需要补充的其他文件/7.2.绿色发展规划及管理体系认证/7.2.2.绿色管理体系认证情况/（2）职业健康安全管理体系认证证书""]",tender_scoring_derived,needs_review,internal,企业内部资料,review_only,仅限人工复核,rejected_duplicate,精确重复，不新增,泰昌资质证书历史候选第113页,泰昌商务补充文件,泰昌商务补充文件,资质证书,来源于泰昌商务补充文件，历史位置为“补充文件/7.针对评审要素，需要补充的其他文件/7.2.绿色发展规划及管理体系认证/7.2.2.绿色管理体系认证情况/（2）职业健康安全管理体系认证证书”。当前仅用于泰昌资料人工复核，未获准进入正式标书。,"[""泰昌"", ""资质证书"", ""历史标书候选"", ""商务标""]",suppressed_document_page_caption,,taichang-visual-review-4e00ae3bcd9b1e34c43d,False,False,False,blocked,尚未通过P0-06人工批准,0.9,assets/template_words/商务补充文件.docx,(三)补充文件/7.针对评审要素，需要补充的其他文件/7.2.绿色发展规划及管理体系认证/7.2.2.绿色管理体系认证情况/（2）职业健康安全管理体系认证证书,97475001330d47adf6eca8c6b5c0e9ad6926c8fae3dcb92253c7890b6f178f8c,97475001330d47adf6eca8c6b5c0e9ad6926c8fae3dcb92253c7890b6f178f8c
business-chapter-037,business,chapter,115,new,未发现重复，仍需审核,河北泰昌电力器材科技有限公司,河北泰昌电力器材科技有限公司,mixed_historical_bid,reference_template_library,历史参考资料,historical_structure_reference,历史目录结构参考,[],泰昌企业资料,"[""商务标""]","[""补充文件/7.针对评审要素，需要补充的其他文件/7.2.绿色发展规划及管理体系认证/7.2.2.绿色管理体系认证情况/（3）环境管理体系认证证书""]",tender_scoring_derived,needs_review,internal,企业内部资料,review_only,仅限人工复核,not_asset_reference,非资产结构参考,泰昌商务标历史目录参考：补充文件/7.针对评审要素，需要补充的其他文件/7.2.绿色发展规划及管理体系认证/7.2.2.绿色管理体系认证情况/（3）环境管理体系认证证书,泰昌商务补充文件,泰昌商务补充文件,历史目录结构参考,来源于泰昌商务补充文件，历史位置为“补充文件/7.针对评审要素，需要补充的其他文件/7.2.绿色发展规划及管理体系认证/7.2.2.绿色管理体系认证情况/（3）环境管理体系认证证书”。当前仅用于泰昌资料人工复核，未获准进入正式标书。,"[""泰昌"", ""历史目录结构参考"", ""历史标书候选"", ""商务标""]",suppressed_document_page_caption,,,False,False,False,blocked,尚未通过P0-06人工批准,1.0,assets/template_words/商务补充文件.docx,(三)补充文件/7.针对评审要素，需要补充的其他文件/7.2.绿色发展规划及管理体系认证/7.2.2.绿色管理体系认证情况/（3）环境管理体系认证证书,5ea732af23ab8f178e1c694e2f1286d337126f041a61e4db1a79df060af5437a,
business-media-0113,business,media,116,duplicate_exact,精确重复，不新增,河北泰昌电力器材科技有限公司,河北泰昌电力器材科技有限公司,mixed_historical_bid,qualification_library,资信库资料,certification,资质证书,[],泰昌企业资料,"[""商务标""]","[""补充文件/7.针对评审要素，需要补充的其他文件/7.2.绿色发展规划及管理体系认证/7.2.2.绿色管理体系认证情况/（3）环境管理体系认证证书""]",tender_scoring_derived,needs_review,internal,企业内部资料,review_only,仅限人工复核,rejected_duplicate,精确重复，不新增,泰昌资质证书历史候选第116页,泰昌商务补充文件,泰昌商务补充文件,资质证书,来源于泰昌商务补充文件，历史位置为“补充文件/7.针对评审要素，需要补充的其他文件/7.2.绿色发展规划及管理体系认证/7.2.2.绿色管理体系认证情况/（3）环境管理体系认证证书”。当前仅用于泰昌资料人工复核，未获准进入正式标书。,"[""泰昌"", ""资质证书"", ""历史标书候选"", ""商务标""]",suppressed_document_page_caption,,taichang-visual-review-460d43617f1824017111,False,False,False,blocked,尚未通过P0-06人工批准,0.9,assets/template_words/商务补充文件.docx,(三)补充文件/7.针对评审要素，需要补充的其他文件/7.2.绿色发展规划及管理体系认证/7.2.2.绿色管理体系认证情况/（3）环境管理体系认证证书,5471bfe25f8e5352f8c78312cf1400e03b17c6e21e5646a2c8f6510b8fa96c52,5471bfe25f8e5352f8c78312cf1400e03b17c6e21e5646a2c8f6510b8fa96c52
business-media-0114,business,media,116,duplicate_exact,精确重复，不新增,河北泰昌电力器材科技有限公司,河北泰昌电力器材科技有限公司,mixed_historical_bid,qualification_library,资信库资料,certification,资质证书,[],泰昌企业资料,"[""商务标""]","[""补充文件/7.针对评审要素，需要补充的其他文件/7.2.绿色发展规划及管理体系认证/7.2.2.绿色管理体系认证情况/（3）环境管理体系认证证书""]",tender_scoring_derived,needs_review,internal,企业内部资料,review_only,仅限人工复核,rejected_duplicate,精确重复，不新增,泰昌资质证书历史候选第116页,泰昌商务补充文件,泰昌商务补充文件,资质证书,来源于泰昌商务补充文件，历史位置为“补充文件/7.针对评审要素，需要补充的其他文件/7.2.绿色发展规划及管理体系认证/7.2.2.绿色管理体系认证情况/（3）环境管理体系认证证书”。当前仅用于泰昌资料人工复核，未获准进入正式标书。,"[""泰昌"", ""资质证书"", ""历史标书候选"", ""商务标""]",suppressed_document_page_caption,,taichang-visual-review-40e93957f9700800d597,False,False,False,blocked,尚未通过P0-06人工批准,0.9,assets/template_words/商务补充文件.docx,(三)补充文件/7.针对评审要素，需要补充的其他文件/7.2.绿色发展规划及管理体系认证/7.2.2.绿色管理体系认证情况/（3）环境管理体系认证证书,87e41dd5286cbcb1a583c6781fa7583e69c0707ac24e911ae549b37ea8a6f5f7,87e41dd5286cbcb1a583c6781fa7583e69c0707ac24e911ae549b37ea8a6f5f7
business-chapter-038,business,chapter,117,new,未发现重复，仍需审核,河北泰昌电力器材科技有限公司,河北泰昌电力器材科技有限公司,mixed_historical_bid,reference_template_library,历史参考资料,historical_structure_reference,历史目录结构参考,[],泰昌企业资料,"[""商务标""]","[""补充文件/7.针对评审要素，需要补充的其他文件/7.2.绿色发展规划及管理体系认证/7.2.3.环境影响评价情况""]",tender_scoring_derived,needs_review,internal,企业内部资料,review_only,仅限人工复核,not_asset_reference,非资产结构参考,泰昌商务标历史目录参考：补充文件/7.针对评审要素，需要补充的其他文件/7.2.绿色发展规划及管理体系认证/7.2.3.环境影响评价情况,泰昌商务补充文件,泰昌商务补充文件,历史目录结构参考,来源于泰昌商务补充文件，历史位置为“补充文件/7.针对评审要素，需要补充的其他文件/7.2.绿色发展规划及管理体系认证/7.2.3.环境影响评价情况”。当前仅用于泰昌资料人工复核，未获准进入正式标书。,"[""泰昌"", ""历史目录结构参考"", ""历史标书候选"", ""商务标""]",suppressed_document_page_caption,,,False,False,False,blocked,尚未通过P0-06人工批准,1.0,assets/template_words/商务补充文件.docx,(三)补充文件/7.针对评审要素，需要补充的其他文件/7.2.绿色发展规划及管理体系认证/7.2.3.环境影响评价情况,8cb3bd83e954d15c67f36eea7254fdb4c6b8418ce54f1869ab15b0a4e965927e,
business-chapter-039,business,chapter,117,new,未发现重复，仍需审核,河北泰昌电力器材科技有限公司,河北泰昌电力器材科技有限公司,mixed_historical_bid,reference_template_library,历史参考资料,historical_structure_reference,历史目录结构参考,[],泰昌企业资料,"[""商务标""]","[""补充文件/7.针对评审要素，需要补充的其他文件/7.2.绿色发展规划及管理体系认证/7.2.3.环境影响评价情况/（1）ESG(环境、社会、公司治理)报告""]",tender_scoring_derived,needs_review,internal,企业内部资料,review_only,仅限人工复核,not_asset_reference,非资产结构参考,泰昌商务标历史目录参考：补充文件/7.针对评审要素，需要补充的其他文件/7.2.绿色发展规划及管理体系认证/7.2.3.环境影响评价情况/（1）ESG(环境、社会、公司治理)报告,泰昌商务补充文件,泰昌商务补充文件,历史目录结构参考,来源于泰昌商务补充文件，历史位置为“补充文件/7.针对评审要素，需要补充的其他文件/7.2.绿色发展规划及管理体系认证/7.2.3.环境影响评价情况/（1）ESG(环境、社会、公司治理)报告”。当前仅用于泰昌资料人工复核，未获准进入正式标书。,"[""泰昌"", ""历史目录结构参考"", ""历史标书候选"", ""商务标""]",suppressed_document_page_caption,,,False,False,False,blocked,尚未通过P0-06人工批准,1.0,assets/template_words/商务补充文件.docx,(三)补充文件/7.针对评审要素，需要补充的其他文件/7.2.绿色发展规划及管理体系认证/7.2.3.环境影响评价情况/（1）ESG(环境、社会、公司治理)报告,d92b27dce1ec230074df8fe22135dd82638442a61e229605a4a7ccda3f4ab8c9,
business-media-0115,business,media,117,duplicate_exact,精确重复，不新增,河北泰昌电力器材科技有限公司,河北泰昌电力器材科技有限公司,mixed_historical_bid,product_library,产品库资料,green_low_carbon,绿色低碳资料,[],泰昌企业资料,"[""商务标""]","[""补充文件/7.针对评审要素，需要补充的其他文件/7.2.绿色发展规划及管理体系认证/7.2.3.环境影响评价情况/（1）ESG(环境、社会、公司治理)报告""]",tender_scoring_derived,needs_review,internal,企业内部资料,review_only,仅限人工复核,rejected_duplicate,精确重复，不新增,泰昌绿色低碳资料历史候选第117页,泰昌商务补充文件,泰昌商务补充文件,绿色低碳资料,来源于泰昌商务补充文件，历史位置为“补充文件/7.针对评审要素，需要补充的其他文件/7.2.绿色发展规划及管理体系认证/7.2.3.环境影响评价情况/（1）ESG(环境、社会、公司治理)报告”。当前仅用于泰昌资料人工复核，未获准进入正式标书。,"[""泰昌"", ""绿色低碳资料"", ""历史标书候选"", ""商务标""]",formal_material_caption,资料：泰昌绿色低碳资料,taichang-exact-9fe2d271c9c6e8dea928,False,False,False,blocked,尚未通过P0-06人工批准,0.9,assets/template_words/商务补充文件.docx,(三)补充文件/7.针对评审要素，需要补充的其他文件/7.2.绿色发展规划及管理体系认证/7.2.3.环境影响评价情况/（1）ESG(环境、社会、公司治理)报告,b53ba493193200c68f5bd1e70bcac88fe17f08abfe67931db02f1d580754ec86,b53ba493193200c68f5bd1e70bcac88fe17f08abfe67931db02f1d580754ec86
business-media-0116,business,media,117,duplicate_exact,精确重复，不新增,河北泰昌电力器材科技有限公司,河北泰昌电力器材科技有限公司,mixed_historical_bid,product_library,产品库资料,green_low_carbon,绿色低碳资料,[],泰昌企业资料,"[""商务标""]","[""补充文件/7.针对评审要素，需要补充的其他文件/7.2.绿色发展规划及管理体系认证/7.2.3.环境影响评价情况/（1）ESG(环境、社会、公司治理)报告""]",tender_scoring_derived,needs_review,internal,企业内部资料,review_only,仅限人工复核,rejected_duplicate,精确重复，不新增,泰昌绿色低碳资料历史候选第117页,泰昌商务补充文件,泰昌商务补充文件,绿色低碳资料,来源于泰昌商务补充文件，历史位置为“补充文件/7.针对评审要素，需要补充的其他文件/7.2.绿色发展规划及管理体系认证/7.2.3.环境影响评价情况/（1）ESG(环境、社会、公司治理)报告”。当前仅用于泰昌资料人工复核，未获准进入正式标书。,"[""泰昌"", ""绿色低碳资料"", ""历史标书候选"", ""商务标""]",formal_material_caption,资料：泰昌绿色低碳资料,taichang-visual-review-a4fbd2eda222cc20e9f4,False,False,False,blocked,尚未通过P0-06人工批准,0.9,assets/template_words/商务补充文件.docx,(三)补充文件/7.针对评审要素，需要补充的其他文件/7.2.绿色发展规划及管理体系认证/7.2.3.环境影响评价情况/（1）ESG(环境、社会、公司治理)报告,027b9fe7e02841a1f1da4e6fb6dea49baf56ae9b55cb6583120f5778c931666f,027b9fe7e02841a1f1da4e6fb6dea49baf56ae9b55cb6583120f5778c931666f
business-media-0117,business,media,117,duplicate_exact,精确重复，不新增,河北泰昌电力器材科技有限公司,河北泰昌电力器材科技有限公司,mixed_historical_bid,product_library,产品库资料,green_low_carbon,绿色低碳资料,[],泰昌企业资料,"[""商务标""]","[""补充文件/7.针对评审要素，需要补充的其他文件/7.2.绿色发展规划及管理体系认证/7.2.3.环境影响评价情况/（1）ESG(环境、社会、公司治理)报告""]",tender_scoring_derived,needs_review,internal,企业内部资料,review_only,仅限人工复核,rejected_duplicate,精确重复，不新增,泰昌绿色低碳资料历史候选第117页,泰昌商务补充文件,泰昌商务补充文件,绿色低碳资料,来源于泰昌商务补充文件，历史位置为“补充文件/7.针对评审要素，需要补充的其他文件/7.2.绿色发展规划及管理体系认证/7.2.3.环境影响评价情况/（1）ESG(环境、社会、公司治理)报告”。当前仅用于泰昌资料人工复核，未获准进入正式标书。,"[""泰昌"", ""绿色低碳资料"", ""历史标书候选"", ""商务标""]",formal_material_caption,资料：泰昌绿色低碳资料,taichang-visual-review-d206438a771df7ba7ff5,False,False,False,blocked,尚未通过P0-06人工批准,0.9,assets/template_words/商务补充文件.docx,(三)补充文件/7.针对评审要素，需要补充的其他文件/7.2.绿色发展规划及管理体系认证/7.2.3.环境影响评价情况/（1）ESG(环境、社会、公司治理)报告,54b32e1aef1777a16a51ed6bf82304ee9e161240d910cdda04c2639ecc754d55,54b32e1aef1777a16a51ed6bf82304ee9e161240d910cdda04c2639ecc754d55
business-media-0118,business,media,117,duplicate_exact,精确重复，不新增,河北泰昌电力器材科技有限公司,河北泰昌电力器材科技有限公司,mixed_historical_bid,product_library,产品库资料,green_low_carbon,绿色低碳资料,[],泰昌企业资料,"[""商务标""]","[""补充文件/7.针对评审要素，需要补充的其他文件/7.2.绿色发展规划及管理体系认证/7.2.3.环境影响评价情况/（1）ESG(环境、社会、公司治理)报告""]",tender_scoring_derived,needs_review,internal,企业内部资料,review_only,仅限人工复核,rejected_duplicate,精确重复，不新增,泰昌绿色低碳资料历史候选第117页,泰昌商务补充文件,泰昌商务补充文件,绿色低碳资料,来源于泰昌商务补充文件，历史位置为“补充文件/7.针对评审要素，需要补充的其他文件/7.2.绿色发展规划及管理体系认证/7.2.3.环境影响评价情况/（1）ESG(环境、社会、公司治理)报告”。当前仅用于泰昌资料人工复核，未获准进入正式标书。,"[""泰昌"", ""绿色低碳资料"", ""历史标书候选"", ""商务标""]",formal_material_caption,资料：泰昌绿色低碳资料,taichang-visual-review-41a228e1c2dc45ac87e9,False,False,False,blocked,尚未通过P0-06人工批准,0.9,assets/template_words/商务补充文件.docx,(三)补充文件/7.针对评审要素，需要补充的其他文件/7.2.绿色发展规划及管理体系认证/7.2.3.环境影响评价情况/（1）ESG(环境、社会、公司治理)报告,53c1ea1e43c7f66fdb7fa67da802273918295004e46361c837a721c211939294,53c1ea1e43c7f66fdb7fa67da802273918295004e46361c837a721c211939294
business-media-0119,business,media,117,duplicate_exact,精确重复，不新增,河北泰昌电力器材科技有限公司,河北泰昌电力器材科技有限公司,mixed_historical_bid,product_library,产品库资料,green_low_carbon,绿色低碳资料,[],泰昌企业资料,"[""商务标""]","[""补充文件/7.针对评审要素，需要补充的其他文件/7.2.绿色发展规划及管理体系认证/7.2.3.环境影响评价情况/（1）ESG(环境、社会、公司治理)报告""]",tender_scoring_derived,needs_review,internal,企业内部资料,review_only,仅限人工复核,rejected_duplicate,精确重复，不新增,泰昌绿色低碳资料历史候选第117页,泰昌商务补充文件,泰昌商务补充文件,绿色低碳资料,来源于泰昌商务补充文件，历史位置为“补充文件/7.针对评审要素，需要补充的其他文件/7.2.绿色发展规划及管理体系认证/7.2.3.环境影响评价情况/（1）ESG(环境、社会、公司治理)报告”。当前仅用于泰昌资料人工复核，未获准进入正式标书。,"[""泰昌"", ""绿色低碳资料"", ""历史标书候选"", ""商务标""]",formal_material_caption,资料：泰昌绿色低碳资料,taichang-visual-review-3ce2855a69a79b558bf1,False,False,False,blocked,尚未通过P0-06人工批准,0.9,assets/template_words/商务补充文件.docx,(三)补充文件/7.针对评审要素，需要补充的其他文件/7.2.绿色发展规划及管理体系认证/7.2.3.环境影响评价情况/（1）ESG(环境、社会、公司治理)报告,7676bfeb9066442e3b80ff6f21f0c4ec2e80d5c22d4a0c6c4a9d6fa0bd0605d6,7676bfeb9066442e3b80ff6f21f0c4ec2e80d5c22d4a0c6c4a9d6fa0bd0605d6
business-media-0120,business,media,117,duplicate_exact,精确重复，不新增,河北泰昌电力器材科技有限公司,河北泰昌电力器材科技有限公司,mixed_historical_bid,product_library,产品库资料,green_low_carbon,绿色低碳资料,[],泰昌企业资料,"[""商务标""]","[""补充文件/7.针对评审要素，需要补充的其他文件/7.2.绿色发展规划及管理体系认证/7.2.3.环境影响评价情况/（1）ESG(环境、社会、公司治理)报告""]",tender_scoring_derived,needs_review,internal,企业内部资料,review_only,仅限人工复核,rejected_duplicate,精确重复，不新增,泰昌绿色低碳资料历史候选第117页,泰昌商务补充文件,泰昌商务补充文件,绿色低碳资料,来源于泰昌商务补充文件，历史位置为“补充文件/7.针对评审要素，需要补充的其他文件/7.2.绿色发展规划及管理体系认证/7.2.3.环境影响评价情况/（1）ESG(环境、社会、公司治理)报告”。当前仅用于泰昌资料人工复核，未获准进入正式标书。,"[""泰昌"", ""绿色低碳资料"", ""历史标书候选"", ""商务标""]",formal_material_caption,资料：泰昌绿色低碳资料,taichang-visual-review-ae6c41ef7e21501fb827,False,False,False,blocked,尚未通过P0-06人工批准,0.9,assets/template_words/商务补充文件.docx,(三)补充文件/7.针对评审要素，需要补充的其他文件/7.2.绿色发展规划及管理体系认证/7.2.3.环境影响评价情况/（1）ESG(环境、社会、公司治理)报告,188723a2fdb768419740a4712cfe0997efe269004187a30133c97ec5c255b818,188723a2fdb768419740a4712cfe0997efe269004187a30133c97ec5c255b818
business-media-0121,business,media,117,duplicate_exact,精确重复，不新增,河北泰昌电力器材科技有限公司,河北泰昌电力器材科技有限公司,mixed_historical_bid,product_library,产品库资料,green_low_carbon,绿色低碳资料,[],泰昌企业资料,"[""商务标""]","[""补充文件/7.针对评审要素，需要补充的其他文件/7.2.绿色发展规划及管理体系认证/7.2.3.环境影响评价情况/（1）ESG(环境、社会、公司治理)报告""]",tender_scoring_derived,needs_review,internal,企业内部资料,review_only,仅限人工复核,rejected_duplicate,精确重复，不新增,泰昌绿色低碳资料历史候选第117页,泰昌商务补充文件,泰昌商务补充文件,绿色低碳资料,来源于泰昌商务补充文件，历史位置为“补充文件/7.针对评审要素，需要补充的其他文件/7.2.绿色发展规划及管理体系认证/7.2.3.环境影响评价情况/（1）ESG(环境、社会、公司治理)报告”。当前仅用于泰昌资料人工复核，未获准进入正式标书。,"[""泰昌"", ""绿色低碳资料"", ""历史标书候选"", ""商务标""]",formal_material_caption,资料：泰昌绿色低碳资料,taichang-visual-review-94d6b48c16a4caf978ca,False,False,False,blocked,尚未通过P0-06人工批准,0.9,assets/template_words/商务补充文件.docx,(三)补充文件/7.针对评审要素，需要补充的其他文件/7.2.绿色发展规划及管理体系认证/7.2.3.环境影响评价情况/（1）ESG(环境、社会、公司治理)报告,a0d028f62ad5d102213a2cfa528118bafd75815733c00c180a6039df16691ddb,a0d028f62ad5d102213a2cfa528118bafd75815733c00c180a6039df16691ddb
business-media-0122,business,media,117,duplicate_exact,精确重复，不新增,河北泰昌电力器材科技有限公司,河北泰昌电力器材科技有限公司,mixed_historical_bid,product_library,产品库资料,green_low_carbon,绿色低碳资料,[],泰昌企业资料,"[""商务标""]","[""补充文件/7.针对评审要素，需要补充的其他文件/7.2.绿色发展规划及管理体系认证/7.2.3.环境影响评价情况/（1）ESG(环境、社会、公司治理)报告""]",tender_scoring_derived,needs_review,internal,企业内部资料,review_only,仅限人工复核,rejected_duplicate,精确重复，不新增,泰昌绿色低碳资料历史候选第117页,泰昌商务补充文件,泰昌商务补充文件,绿色低碳资料,来源于泰昌商务补充文件，历史位置为“补充文件/7.针对评审要素，需要补充的其他文件/7.2.绿色发展规划及管理体系认证/7.2.3.环境影响评价情况/（1）ESG(环境、社会、公司治理)报告”。当前仅用于泰昌资料人工复核，未获准进入正式标书。,"[""泰昌"", ""绿色低碳资料"", ""历史标书候选"", ""商务标""]",formal_material_caption,资料：泰昌绿色低碳资料,taichang-visual-review-f1d8b503823a66d1cf68,False,False,False,blocked,尚未通过P0-06人工批准,0.9,assets/template_words/商务补充文件.docx,(三)补充文件/7.针对评审要素，需要补充的其他文件/7.2.绿色发展规划及管理体系认证/7.2.3.环境影响评价情况/（1）ESG(环境、社会、公司治理)报告,22b77010820ac4f3b956e3fe20b782e1012b2057c371ddf9c54de82fbaab6c8d,22b77010820ac4f3b956e3fe20b782e1012b2057c371ddf9c54de82fbaab6c8d
business-media-0123,business,media,117,duplicate_exact,精确重复，不新增,河北泰昌电力器材科技有限公司,河北泰昌电力器材科技有限公司,mixed_historical_bid,product_library,产品库资料,green_low_carbon,绿色低碳资料,[],泰昌企业资料,"[""商务标""]","[""补充文件/7.针对评审要素，需要补充的其他文件/7.2.绿色发展规划及管理体系认证/7.2.3.环境影响评价情况/（1）ESG(环境、社会、公司治理)报告""]",tender_scoring_derived,needs_review,internal,企业内部资料,review_only,仅限人工复核,rejected_duplicate,精确重复，不新增,泰昌绿色低碳资料历史候选第117页,泰昌商务补充文件,泰昌商务补充文件,绿色低碳资料,来源于泰昌商务补充文件，历史位置为“补充文件/7.针对评审要素，需要补充的其他文件/7.2.绿色发展规划及管理体系认证/7.2.3.环境影响评价情况/（1）ESG(环境、社会、公司治理)报告”。当前仅用于泰昌资料人工复核，未获准进入正式标书。,"[""泰昌"", ""绿色低碳资料"", ""历史标书候选"", ""商务标""]",formal_material_caption,资料：泰昌绿色低碳资料,taichang-visual-review-7747ebb8f73e1a22fad3,False,False,False,blocked,尚未通过P0-06人工批准,0.9,assets/template_words/商务补充文件.docx,(三)补充文件/7.针对评审要素，需要补充的其他文件/7.2.绿色发展规划及管理体系认证/7.2.3.环境影响评价情况/（1）ESG(环境、社会、公司治理)报告,a161ad2bd2111efa115aa9d0ea246a4555d024c75b7e28f2b16403e53b076873,a161ad2bd2111efa115aa9d0ea246a4555d024c75b7e28f2b16403e53b076873
business-media-0124,business,media,117,duplicate_exact,精确重复，不新增,河北泰昌电力器材科技有限公司,河北泰昌电力器材科技有限公司,mixed_historical_bid,product_library,产品库资料,green_low_carbon,绿色低碳资料,[],泰昌企业资料,"[""商务标""]","[""补充文件/7.针对评审要素，需要补充的其他文件/7.2.绿色发展规划及管理体系认证/7.2.3.环境影响评价情况/（1）ESG(环境、社会、公司治理)报告""]",tender_scoring_derived,needs_review,internal,企业内部资料,review_only,仅限人工复核,rejected_duplicate,精确重复，不新增,泰昌绿色低碳资料历史候选第117页,泰昌商务补充文件,泰昌商务补充文件,绿色低碳资料,来源于泰昌商务补充文件，历史位置为“补充文件/7.针对评审要素，需要补充的其他文件/7.2.绿色发展规划及管理体系认证/7.2.3.环境影响评价情况/（1）ESG(环境、社会、公司治理)报告”。当前仅用于泰昌资料人工复核，未获准进入正式标书。,"[""泰昌"", ""绿色低碳资料"", ""历史标书候选"", ""商务标""]",formal_material_caption,资料：泰昌绿色低碳资料,taichang-visual-review-24c1f013af37786a5355,False,False,False,blocked,尚未通过P0-06人工批准,0.9,assets/template_words/商务补充文件.docx,(三)补充文件/7.针对评审要素，需要补充的其他文件/7.2.绿色发展规划及管理体系认证/7.2.3.环境影响评价情况/（1）ESG(环境、社会、公司治理)报告,19e03489f3654cc41a966e920b70b7b0fe494989ecbef6180cb841b494c3ae3f,19e03489f3654cc41a966e920b70b7b0fe494989ecbef6180cb841b494c3ae3f
business-media-0125,business,media,117,duplicate_exact,精确重复，不新增,河北泰昌电力器材科技有限公司,河北泰昌电力器材科技有限公司,mixed_historical_bid,product_library,产品库资料,green_low_carbon,绿色低碳资料,[],泰昌企业资料,"[""商务标""]","[""补充文件/7.针对评审要素，需要补充的其他文件/7.2.绿色发展规划及管理体系认证/7.2.3.环境影响评价情况/（1）ESG(环境、社会、公司治理)报告""]",tender_scoring_derived,needs_review,internal,企业内部资料,review_only,仅限人工复核,rejected_duplicate,精确重复，不新增,泰昌绿色低碳资料历史候选第117页,泰昌商务补充文件,泰昌商务补充文件,绿色低碳资料,来源于泰昌商务补充文件，历史位置为“补充文件/7.针对评审要素，需要补充的其他文件/7.2.绿色发展规划及管理体系认证/7.2.3.环境影响评价情况/（1）ESG(环境、社会、公司治理)报告”。当前仅用于泰昌资料人工复核，未获准进入正式标书。,"[""泰昌"", ""绿色低碳资料"", ""历史标书候选"", ""商务标""]",formal_material_caption,资料：泰昌绿色低碳资料,taichang-visual-review-b7301da4368606383f38,False,False,False,blocked,尚未通过P0-06人工批准,0.9,assets/template_words/商务补充文件.docx,(三)补充文件/7.针对评审要素，需要补充的其他文件/7.2.绿色发展规划及管理体系认证/7.2.3.环境影响评价情况/（1）ESG(环境、社会、公司治理)报告,f8f8b3192055512b072824f6725f5a432a4cf775f11b22a20c269dbe9301ea24,f8f8b3192055512b072824f6725f5a432a4cf775f11b22a20c269dbe9301ea24
business-media-0126,business,media,117,duplicate_exact,精确重复，不新增,河北泰昌电力器材科技有限公司,河北泰昌电力器材科技有限公司,mixed_historical_bid,product_library,产品库资料,green_low_carbon,绿色低碳资料,[],泰昌企业资料,"[""商务标""]","[""补充文件/7.针对评审要素，需要补充的其他文件/7.2.绿色发展规划及管理体系认证/7.2.3.环境影响评价情况/（1）ESG(环境、社会、公司治理)报告""]",tender_scoring_derived,needs_review,internal,企业内部资料,review_only,仅限人工复核,rejected_duplicate,精确重复，不新增,泰昌绿色低碳资料历史候选第117页,泰昌商务补充文件,泰昌商务补充文件,绿色低碳资料,来源于泰昌商务补充文件，历史位置为“补充文件/7.针对评审要素，需要补充的其他文件/7.2.绿色发展规划及管理体系认证/7.2.3.环境影响评价情况/（1）ESG(环境、社会、公司治理)报告”。当前仅用于泰昌资料人工复核，未获准进入正式标书。,"[""泰昌"", ""绿色低碳资料"", ""历史标书候选"", ""商务标""]",formal_material_caption,资料：泰昌绿色低碳资料,taichang-visual-review-d664cd359266047f0068,False,False,False,blocked,尚未通过P0-06人工批准,0.9,assets/template_words/商务补充文件.docx,(三)补充文件/7.针对评审要素，需要补充的其他文件/7.2.绿色发展规划及管理体系认证/7.2.3.环境影响评价情况/（1）ESG(环境、社会、公司治理)报告,3ec9384927aaaaeb9bd0bb09ec1fc8b8f32298359170e7f1cfb02970ea33352d,3ec9384927aaaaeb9bd0bb09ec1fc8b8f32298359170e7f1cfb02970ea33352d
business-media-0127,business,media,117,duplicate_exact,精确重复，不新增,河北泰昌电力器材科技有限公司,河北泰昌电力器材科技有限公司,mixed_historical_bid,product_library,产品库资料,green_low_carbon,绿色低碳资料,[],泰昌企业资料,"[""商务标""]","[""补充文件/7.针对评审要素，需要补充的其他文件/7.2.绿色发展规划及管理体系认证/7.2.3.环境影响评价情况/（1）ESG(环境、社会、公司治理)报告""]",tender_scoring_derived,needs_review,internal,企业内部资料,review_only,仅限人工复核,rejected_duplicate,精确重复，不新增,泰昌绿色低碳资料历史候选第117页,泰昌商务补充文件,泰昌商务补充文件,绿色低碳资料,来源于泰昌商务补充文件，历史位置为“补充文件/7.针对评审要素，需要补充的其他文件/7.2.绿色发展规划及管理体系认证/7.2.3.环境影响评价情况/（1）ESG(环境、社会、公司治理)报告”。当前仅用于泰昌资料人工复核，未获准进入正式标书。,"[""泰昌"", ""绿色低碳资料"", ""历史标书候选"", ""商务标""]",formal_material_caption,资料：泰昌绿色低碳资料,taichang-visual-review-6bedfe9e76d34e427693,False,False,False,blocked,尚未通过P0-06人工批准,0.9,assets/template_words/商务补充文件.docx,(三)补充文件/7.针对评审要素，需要补充的其他文件/7.2.绿色发展规划及管理体系认证/7.2.3.环境影响评价情况/（1）ESG(环境、社会、公司治理)报告,519687962fae6d25ca600b70624b5c118791735ebddfbeb764ee733702b39efa,519687962fae6d25ca600b70624b5c118791735ebddfbeb764ee733702b39efa
business-media-0128,business,media,117,duplicate_exact,精确重复，不新增,河北泰昌电力器材科技有限公司,河北泰昌电力器材科技有限公司,mixed_historical_bid,product_library,产品库资料,green_low_carbon,绿色低碳资料,[],泰昌企业资料,"[""商务标""]","[""补充文件/7.针对评审要素，需要补充的其他文件/7.2.绿色发展规划及管理体系认证/7.2.3.环境影响评价情况/（1）ESG(环境、社会、公司治理)报告""]",tender_scoring_derived,needs_review,internal,企业内部资料,review_only,仅限人工复核,rejected_duplicate,精确重复，不新增,泰昌绿色低碳资料历史候选第117页,泰昌商务补充文件,泰昌商务补充文件,绿色低碳资料,来源于泰昌商务补充文件，历史位置为“补充文件/7.针对评审要素，需要补充的其他文件/7.2.绿色发展规划及管理体系认证/7.2.3.环境影响评价情况/（1）ESG(环境、社会、公司治理)报告”。当前仅用于泰昌资料人工复核，未获准进入正式标书。,"[""泰昌"", ""绿色低碳资料"", ""历史标书候选"", ""商务标""]",formal_material_caption,资料：泰昌绿色低碳资料,taichang-visual-review-98370399c94a151c4051,False,False,False,blocked,尚未通过P0-06人工批准,0.9,assets/template_words/商务补充文件.docx,(三)补充文件/7.针对评审要素，需要补充的其他文件/7.2.绿色发展规划及管理体系认证/7.2.3.环境影响评价情况/（1）ESG(环境、社会、公司治理)报告,f5a8e578bba7788c34bc1ecd1fcc17c7f5dc8e0c1a29c2076076d000f3962a11,f5a8e578bba7788c34bc1ecd1fcc17c7f5dc8e0c1a29c2076076d000f3962a11
business-media-0129,business,media,117,duplicate_exact,精确重复，不新增,河北泰昌电力器材科技有限公司,河北泰昌电力器材科技有限公司,mixed_historical_bid,product_library,产品库资料,green_low_carbon,绿色低碳资料,[],泰昌企业资料,"[""商务标""]","[""补充文件/7.针对评审要素，需要补充的其他文件/7.2.绿色发展规划及管理体系认证/7.2.3.环境影响评价情况/（1）ESG(环境、社会、公司治理)报告""]",tender_scoring_derived,needs_review,internal,企业内部资料,review_only,仅限人工复核,rejected_duplicate,精确重复，不新增,泰昌绿色低碳资料历史候选第117页,泰昌商务补充文件,泰昌商务补充文件,绿色低碳资料,来源于泰昌商务补充文件，历史位置为“补充文件/7.针对评审要素，需要补充的其他文件/7.2.绿色发展规划及管理体系认证/7.2.3.环境影响评价情况/（1）ESG(环境、社会、公司治理)报告”。当前仅用于泰昌资料人工复核，未获准进入正式标书。,"[""泰昌"", ""绿色低碳资料"", ""历史标书候选"", ""商务标""]",formal_material_caption,资料：泰昌绿色低碳资料,taichang-visual-review-2c010db57f66f8b040ad,False,False,False,blocked,尚未通过P0-06人工批准,0.9,assets/template_words/商务补充文件.docx,(三)补充文件/7.针对评审要素，需要补充的其他文件/7.2.绿色发展规划及管理体系认证/7.2.3.环境影响评价情况/（1）ESG(环境、社会、公司治理)报告,ac859622cf6b7736c7bbd183325153d71ffb7f2ed1648510f117e8f853e89ab5,ac859622cf6b7736c7bbd183325153d71ffb7f2ed1648510f117e8f853e89ab5
business-media-0130,business,media,117,duplicate_exact,精确重复，不新增,河北泰昌电力器材科技有限公司,河北泰昌电力器材科技有限公司,mixed_historical_bid,product_library,产品库资料,green_low_carbon,绿色低碳资料,[],泰昌企业资料,"[""商务标""]","[""补充文件/7.针对评审要素，需要补充的其他文件/7.2.绿色发展规划及管理体系认证/7.2.3.环境影响评价情况/（1）ESG(环境、社会、公司治理)报告""]",tender_scoring_derived,needs_review,internal,企业内部资料,review_only,仅限人工复核,rejected_duplicate,精确重复，不新增,泰昌绿色低碳资料历史候选第117页,泰昌商务补充文件,泰昌商务补充文件,绿色低碳资料,来源于泰昌商务补充文件，历史位置为“补充文件/7.针对评审要素，需要补充的其他文件/7.2.绿色发展规划及管理体系认证/7.2.3.环境影响评价情况/（1）ESG(环境、社会、公司治理)报告”。当前仅用于泰昌资料人工复核，未获准进入正式标书。,"[""泰昌"", ""绿色低碳资料"", ""历史标书候选"", ""商务标""]",formal_material_caption,资料：泰昌绿色低碳资料,taichang-visual-review-b6fe8cffdca499d928fd,False,False,False,blocked,尚未通过P0-06人工批准,0.9,assets/template_words/商务补充文件.docx,(三)补充文件/7.针对评审要素，需要补充的其他文件/7.2.绿色发展规划及管理体系认证/7.2.3.环境影响评价情况/（1）ESG(环境、社会、公司治理)报告,50699f200416f6611a01445841d4b0772aec2166d6fa46551e4a482a6a797649,50699f200416f6611a01445841d4b0772aec2166d6fa46551e4a482a6a797649
business-media-0131,business,media,117,duplicate_exact,精确重复，不新增,河北泰昌电力器材科技有限公司,河北泰昌电力器材科技有限公司,mixed_historical_bid,product_library,产品库资料,green_low_carbon,绿色低碳资料,[],泰昌企业资料,"[""商务标""]","[""补充文件/7.针对评审要素，需要补充的其他文件/7.2.绿色发展规划及管理体系认证/7.2.3.环境影响评价情况/（1）ESG(环境、社会、公司治理)报告""]",tender_scoring_derived,needs_review,internal,企业内部资料,review_only,仅限人工复核,rejected_duplicate,精确重复，不新增,泰昌绿色低碳资料历史候选第117页,泰昌商务补充文件,泰昌商务补充文件,绿色低碳资料,来源于泰昌商务补充文件，历史位置为“补充文件/7.针对评审要素，需要补充的其他文件/7.2.绿色发展规划及管理体系认证/7.2.3.环境影响评价情况/（1）ESG(环境、社会、公司治理)报告”。当前仅用于泰昌资料人工复核，未获准进入正式标书。,"[""泰昌"", ""绿色低碳资料"", ""历史标书候选"", ""商务标""]",formal_material_caption,资料：泰昌绿色低碳资料,taichang-visual-review-a632ececed8f1b8c3397,False,False,False,blocked,尚未通过P0-06人工批准,0.9,assets/template_words/商务补充文件.docx,(三)补充文件/7.针对评审要素，需要补充的其他文件/7.2.绿色发展规划及管理体系认证/7.2.3.环境影响评价情况/（1）ESG(环境、社会、公司治理)报告,47dc41d6bde97f536a191c7caf19a27781169bf9a2b5c3c64c7205b71c776d50,47dc41d6bde97f536a191c7caf19a27781169bf9a2b5c3c64c7205b71c776d50
business-media-0132,business,media,117,duplicate_exact,精确重复，不新增,河北泰昌电力器材科技有限公司,河北泰昌电力器材科技有限公司,mixed_historical_bid,product_library,产品库资料,green_low_carbon,绿色低碳资料,[],泰昌企业资料,"[""商务标""]","[""补充文件/7.针对评审要素，需要补充的其他文件/7.2.绿色发展规划及管理体系认证/7.2.3.环境影响评价情况/（1）ESG(环境、社会、公司治理)报告""]",tender_scoring_derived,needs_review,internal,企业内部资料,review_only,仅限人工复核,rejected_duplicate,精确重复，不新增,泰昌绿色低碳资料历史候选第117页,泰昌商务补充文件,泰昌商务补充文件,绿色低碳资料,来源于泰昌商务补充文件，历史位置为“补充文件/7.针对评审要素，需要补充的其他文件/7.2.绿色发展规划及管理体系认证/7.2.3.环境影响评价情况/（1）ESG(环境、社会、公司治理)报告”。当前仅用于泰昌资料人工复核，未获准进入正式标书。,"[""泰昌"", ""绿色低碳资料"", ""历史标书候选"", ""商务标""]",formal_material_caption,资料：泰昌绿色低碳资料,taichang-visual-review-82da468cd96e07de8e83,False,False,False,blocked,尚未通过P0-06人工批准,0.9,assets/template_words/商务补充文件.docx,(三)补充文件/7.针对评审要素，需要补充的其他文件/7.2.绿色发展规划及管理体系认证/7.2.3.环境影响评价情况/（1）ESG(环境、社会、公司治理)报告,0aad16dc138f6d5c9bf7f8088fafd64f2ffc91ecbaaf014e1c4844c237154999,0aad16dc138f6d5c9bf7f8088fafd64f2ffc91ecbaaf014e1c4844c237154999
business-media-0133,business,media,117,duplicate_exact,精确重复，不新增,河北泰昌电力器材科技有限公司,河北泰昌电力器材科技有限公司,mixed_historical_bid,product_library,产品库资料,green_low_carbon,绿色低碳资料,[],泰昌企业资料,"[""商务标""]","[""补充文件/7.针对评审要素，需要补充的其他文件/7.2.绿色发展规划及管理体系认证/7.2.3.环境影响评价情况/（1）ESG(环境、社会、公司治理)报告""]",tender_scoring_derived,needs_review,internal,企业内部资料,review_only,仅限人工复核,rejected_duplicate,精确重复，不新增,泰昌绿色低碳资料历史候选第117页,泰昌商务补充文件,泰昌商务补充文件,绿色低碳资料,来源于泰昌商务补充文件，历史位置为“补充文件/7.针对评审要素，需要补充的其他文件/7.2.绿色发展规划及管理体系认证/7.2.3.环境影响评价情况/（1）ESG(环境、社会、公司治理)报告”。当前仅用于泰昌资料人工复核，未获准进入正式标书。,"[""泰昌"", ""绿色低碳资料"", ""历史标书候选"", ""商务标""]",formal_material_caption,资料：泰昌绿色低碳资料,taichang-visual-review-65149011aa6834991a7d,False,False,False,blocked,尚未通过P0-06人工批准,0.9,assets/template_words/商务补充文件.docx,(三)补充文件/7.针对评审要素，需要补充的其他文件/7.2.绿色发展规划及管理体系认证/7.2.3.环境影响评价情况/（1）ESG(环境、社会、公司治理)报告,9fa23e38de83b035aaa99cd93cd8ae90a8e3c6370bf5e7da58f3fb91b2060bd8,9fa23e38de83b035aaa99cd93cd8ae90a8e3c6370bf5e7da58f3fb91b2060bd8
business-media-0134,business,media,117,duplicate_exact,精确重复，不新增,河北泰昌电力器材科技有限公司,河北泰昌电力器材科技有限公司,mixed_historical_bid,product_library,产品库资料,green_low_carbon,绿色低碳资料,[],泰昌企业资料,"[""商务标""]","[""补充文件/7.针对评审要素，需要补充的其他文件/7.2.绿色发展规划及管理体系认证/7.2.3.环境影响评价情况/（1）ESG(环境、社会、公司治理)报告""]",tender_scoring_derived,needs_review,internal,企业内部资料,review_only,仅限人工复核,rejected_duplicate,精确重复，不新增,泰昌绿色低碳资料历史候选第117页,泰昌商务补充文件,泰昌商务补充文件,绿色低碳资料,来源于泰昌商务补充文件，历史位置为“补充文件/7.针对评审要素，需要补充的其他文件/7.2.绿色发展规划及管理体系认证/7.2.3.环境影响评价情况/（1）ESG(环境、社会、公司治理)报告”。当前仅用于泰昌资料人工复核，未获准进入正式标书。,"[""泰昌"", ""绿色低碳资料"", ""历史标书候选"", ""商务标""]",formal_material_caption,资料：泰昌绿色低碳资料,taichang-visual-review-1cfa4fecda4eccac64c9,False,False,False,blocked,尚未通过P0-06人工批准,0.9,assets/template_words/商务补充文件.docx,(三)补充文件/7.针对评审要素，需要补充的其他文件/7.2.绿色发展规划及管理体系认证/7.2.3.环境影响评价情况/（1）ESG(环境、社会、公司治理)报告,ecbe4af54d4146566dc24029f6fbea4c5480d0a6aa8946d838bd359faa6bdc87,ecbe4af54d4146566dc24029f6fbea4c5480d0a6aa8946d838bd359faa6bdc87
business-media-0135,business,media,117,duplicate_exact,精确重复，不新增,河北泰昌电力器材科技有限公司,河北泰昌电力器材科技有限公司,mixed_historical_bid,product_library,产品库资料,green_low_carbon,绿色低碳资料,[],泰昌企业资料,"[""商务标""]","[""补充文件/7.针对评审要素，需要补充的其他文件/7.2.绿色发展规划及管理体系认证/7.2.3.环境影响评价情况/（1）ESG(环境、社会、公司治理)报告""]",tender_scoring_derived,needs_review,internal,企业内部资料,review_only,仅限人工复核,rejected_duplicate,精确重复，不新增,泰昌绿色低碳资料历史候选第117页,泰昌商务补充文件,泰昌商务补充文件,绿色低碳资料,来源于泰昌商务补充文件，历史位置为“补充文件/7.针对评审要素，需要补充的其他文件/7.2.绿色发展规划及管理体系认证/7.2.3.环境影响评价情况/（1）ESG(环境、社会、公司治理)报告”。当前仅用于泰昌资料人工复核，未获准进入正式标书。,"[""泰昌"", ""绿色低碳资料"", ""历史标书候选"", ""商务标""]",formal_material_caption,资料：泰昌绿色低碳资料,taichang-visual-review-825b8573f07da5b648f0,False,False,False,blocked,尚未通过P0-06人工批准,0.9,assets/template_words/商务补充文件.docx,(三)补充文件/7.针对评审要素，需要补充的其他文件/7.2.绿色发展规划及管理体系认证/7.2.3.环境影响评价情况/（1）ESG(环境、社会、公司治理)报告,c2bb7eabfb0800e7b1969a3f6722e001628ec8c746a1a5bfd804a5a049a9af97,c2bb7eabfb0800e7b1969a3f6722e001628ec8c746a1a5bfd804a5a049a9af97
business-media-0136,business,media,117,duplicate_exact,精确重复，不新增,河北泰昌电力器材科技有限公司,河北泰昌电力器材科技有限公司,mixed_historical_bid,product_library,产品库资料,green_low_carbon,绿色低碳资料,[],泰昌企业资料,"[""商务标""]","[""补充文件/7.针对评审要素，需要补充的其他文件/7.2.绿色发展规划及管理体系认证/7.2.3.环境影响评价情况/（1）ESG(环境、社会、公司治理)报告""]",tender_scoring_derived,needs_review,internal,企业内部资料,review_only,仅限人工复核,rejected_duplicate,精确重复，不新增,泰昌绿色低碳资料历史候选第117页,泰昌商务补充文件,泰昌商务补充文件,绿色低碳资料,来源于泰昌商务补充文件，历史位置为“补充文件/7.针对评审要素，需要补充的其他文件/7.2.绿色发展规划及管理体系认证/7.2.3.环境影响评价情况/（1）ESG(环境、社会、公司治理)报告”。当前仅用于泰昌资料人工复核，未获准进入正式标书。,"[""泰昌"", ""绿色低碳资料"", ""历史标书候选"", ""商务标""]",formal_material_caption,资料：泰昌绿色低碳资料,taichang-visual-review-867f3ab17804ca755741,False,False,False,blocked,尚未通过P0-06人工批准,0.9,assets/template_words/商务补充文件.docx,(三)补充文件/7.针对评审要素，需要补充的其他文件/7.2.绿色发展规划及管理体系认证/7.2.3.环境影响评价情况/（1）ESG(环境、社会、公司治理)报告,4970ecb2a4e6bdf4cb5d6f28aa2bddf393a7e5ab2644343d099a8f902366afb1,4970ecb2a4e6bdf4cb5d6f28aa2bddf393a7e5ab2644343d099a8f902366afb1
business-media-0137,business,media,117,duplicate_exact,精确重复，不新增,河北泰昌电力器材科技有限公司,河北泰昌电力器材科技有限公司,mixed_historical_bid,product_library,产品库资料,green_low_carbon,绿色低碳资料,[],泰昌企业资料,"[""商务标""]","[""补充文件/7.针对评审要素，需要补充的其他文件/7.2.绿色发展规划及管理体系认证/7.2.3.环境影响评价情况/（1）ESG(环境、社会、公司治理)报告""]",tender_scoring_derived,needs_review,internal,企业内部资料,review_only,仅限人工复核,rejected_duplicate,精确重复，不新增,泰昌绿色低碳资料历史候选第117页,泰昌商务补充文件,泰昌商务补充文件,绿色低碳资料,来源于泰昌商务补充文件，历史位置为“补充文件/7.针对评审要素，需要补充的其他文件/7.2.绿色发展规划及管理体系认证/7.2.3.环境影响评价情况/（1）ESG(环境、社会、公司治理)报告”。当前仅用于泰昌资料人工复核，未获准进入正式标书。,"[""泰昌"", ""绿色低碳资料"", ""历史标书候选"", ""商务标""]",formal_material_caption,资料：泰昌绿色低碳资料,taichang-visual-review-fd7c970a1d51f33e2341,False,False,False,blocked,尚未通过P0-06人工批准,0.9,assets/template_words/商务补充文件.docx,(三)补充文件/7.针对评审要素，需要补充的其他文件/7.2.绿色发展规划及管理体系认证/7.2.3.环境影响评价情况/（1）ESG(环境、社会、公司治理)报告,e30ef45e1f198d56d9981b076d0bdd4eddf465ba76b2e8d1abd6abf08787bb37,e30ef45e1f198d56d9981b076d0bdd4eddf465ba76b2e8d1abd6abf08787bb37
business-media-0138,business,media,117,duplicate_exact,精确重复，不新增,河北泰昌电力器材科技有限公司,河北泰昌电力器材科技有限公司,mixed_historical_bid,product_library,产品库资料,green_low_carbon,绿色低碳资料,[],泰昌企业资料,"[""商务标""]","[""补充文件/7.针对评审要素，需要补充的其他文件/7.2.绿色发展规划及管理体系认证/7.2.3.环境影响评价情况/（1）ESG(环境、社会、公司治理)报告""]",tender_scoring_derived,needs_review,internal,企业内部资料,review_only,仅限人工复核,rejected_duplicate,精确重复，不新增,泰昌绿色低碳资料历史候选第117页,泰昌商务补充文件,泰昌商务补充文件,绿色低碳资料,来源于泰昌商务补充文件，历史位置为“补充文件/7.针对评审要素，需要补充的其他文件/7.2.绿色发展规划及管理体系认证/7.2.3.环境影响评价情况/（1）ESG(环境、社会、公司治理)报告”。当前仅用于泰昌资料人工复核，未获准进入正式标书。,"[""泰昌"", ""绿色低碳资料"", ""历史标书候选"", ""商务标""]",formal_material_caption,资料：泰昌绿色低碳资料,taichang-visual-review-647b5ee124b9d02b5837,False,False,False,blocked,尚未通过P0-06人工批准,0.9,assets/template_words/商务补充文件.docx,(三)补充文件/7.针对评审要素，需要补充的其他文件/7.2.绿色发展规划及管理体系认证/7.2.3.环境影响评价情况/（1）ESG(环境、社会、公司治理)报告,7d7df167353c4e64195a430db91b1a20af85dc4708d3a136fffff2dd42a1403d,7d7df167353c4e64195a430db91b1a20af85dc4708d3a136fffff2dd42a1403d
business-media-0139,business,media,117,duplicate_exact,精确重复，不新增,河北泰昌电力器材科技有限公司,河北泰昌电力器材科技有限公司,mixed_historical_bid,product_library,产品库资料,green_low_carbon,绿色低碳资料,[],泰昌企业资料,"[""商务标""]","[""补充文件/7.针对评审要素，需要补充的其他文件/7.2.绿色发展规划及管理体系认证/7.2.3.环境影响评价情况/（1）ESG(环境、社会、公司治理)报告""]",tender_scoring_derived,needs_review,internal,企业内部资料,review_only,仅限人工复核,rejected_duplicate,精确重复，不新增,泰昌绿色低碳资料历史候选第117页,泰昌商务补充文件,泰昌商务补充文件,绿色低碳资料,来源于泰昌商务补充文件，历史位置为“补充文件/7.针对评审要素，需要补充的其他文件/7.2.绿色发展规划及管理体系认证/7.2.3.环境影响评价情况/（1）ESG(环境、社会、公司治理)报告”。当前仅用于泰昌资料人工复核，未获准进入正式标书。,"[""泰昌"", ""绿色低碳资料"", ""历史标书候选"", ""商务标""]",formal_material_caption,资料：泰昌绿色低碳资料,taichang-visual-review-ed71691c5d0f839c03cd,False,False,False,blocked,尚未通过P0-06人工批准,0.9,assets/template_words/商务补充文件.docx,(三)补充文件/7.针对评审要素，需要补充的其他文件/7.2.绿色发展规划及管理体系认证/7.2.3.环境影响评价情况/（1）ESG(环境、社会、公司治理)报告,d384368f58e664b0a0d2ab5b2fb1c95d3e39e7cc36561fd8a286fb75eb120f8f,d384368f58e664b0a0d2ab5b2fb1c95d3e39e7cc36561fd8a286fb75eb120f8f
business-media-0140,business,media,117,duplicate_exact,精确重复，不新增,河北泰昌电力器材科技有限公司,河北泰昌电力器材科技有限公司,mixed_historical_bid,product_library,产品库资料,green_low_carbon,绿色低碳资料,[],泰昌企业资料,"[""商务标""]","[""补充文件/7.针对评审要素，需要补充的其他文件/7.2.绿色发展规划及管理体系认证/7.2.3.环境影响评价情况/（1）ESG(环境、社会、公司治理)报告""]",tender_scoring_derived,needs_review,internal,企业内部资料,review_only,仅限人工复核,rejected_duplicate,精确重复，不新增,泰昌绿色低碳资料历史候选第117页,泰昌商务补充文件,泰昌商务补充文件,绿色低碳资料,来源于泰昌商务补充文件，历史位置为“补充文件/7.针对评审要素，需要补充的其他文件/7.2.绿色发展规划及管理体系认证/7.2.3.环境影响评价情况/（1）ESG(环境、社会、公司治理)报告”。当前仅用于泰昌资料人工复核，未获准进入正式标书。,"[""泰昌"", ""绿色低碳资料"", ""历史标书候选"", ""商务标""]",formal_material_caption,资料：泰昌绿色低碳资料,taichang-visual-review-8ea4fcec5f19b48bd82e,False,False,False,blocked,尚未通过P0-06人工批准,0.9,assets/template_words/商务补充文件.docx,(三)补充文件/7.针对评审要素，需要补充的其他文件/7.2.绿色发展规划及管理体系认证/7.2.3.环境影响评价情况/（1）ESG(环境、社会、公司治理)报告,f5ffc8858fd65ede793997e978fc99d99e582fa951efca1d4d3afa922501c87e,f5ffc8858fd65ede793997e978fc99d99e582fa951efca1d4d3afa922501c87e
business-media-0141,business,media,117,duplicate_exact,精确重复，不新增,河北泰昌电力器材科技有限公司,河北泰昌电力器材科技有限公司,mixed_historical_bid,product_library,产品库资料,green_low_carbon,绿色低碳资料,[],泰昌企业资料,"[""商务标""]","[""补充文件/7.针对评审要素，需要补充的其他文件/7.2.绿色发展规划及管理体系认证/7.2.3.环境影响评价情况/（1）ESG(环境、社会、公司治理)报告""]",tender_scoring_derived,needs_review,internal,企业内部资料,review_only,仅限人工复核,rejected_duplicate,精确重复，不新增,泰昌绿色低碳资料历史候选第117页,泰昌商务补充文件,泰昌商务补充文件,绿色低碳资料,来源于泰昌商务补充文件，历史位置为“补充文件/7.针对评审要素，需要补充的其他文件/7.2.绿色发展规划及管理体系认证/7.2.3.环境影响评价情况/（1）ESG(环境、社会、公司治理)报告”。当前仅用于泰昌资料人工复核，未获准进入正式标书。,"[""泰昌"", ""绿色低碳资料"", ""历史标书候选"", ""商务标""]",formal_material_caption,资料：泰昌绿色低碳资料,taichang-visual-review-c15723c5ee09e1e7018f,False,False,False,blocked,尚未通过P0-06人工批准,0.9,assets/template_words/商务补充文件.docx,(三)补充文件/7.针对评审要素，需要补充的其他文件/7.2.绿色发展规划及管理体系认证/7.2.3.环境影响评价情况/（1）ESG(环境、社会、公司治理)报告,501de4054c85aa8765ecc623897193c049c739f6d4af29ea79bd8a1ddd49d838,501de4054c85aa8765ecc623897193c049c739f6d4af29ea79bd8a1ddd49d838
business-media-0142,business,media,117,duplicate_exact,精确重复，不新增,河北泰昌电力器材科技有限公司,河北泰昌电力器材科技有限公司,mixed_historical_bid,product_library,产品库资料,green_low_carbon,绿色低碳资料,[],泰昌企业资料,"[""商务标""]","[""补充文件/7.针对评审要素，需要补充的其他文件/7.2.绿色发展规划及管理体系认证/7.2.3.环境影响评价情况/（1）ESG(环境、社会、公司治理)报告""]",tender_scoring_derived,needs_review,internal,企业内部资料,review_only,仅限人工复核,rejected_duplicate,精确重复，不新增,泰昌绿色低碳资料历史候选第117页,泰昌商务补充文件,泰昌商务补充文件,绿色低碳资料,来源于泰昌商务补充文件，历史位置为“补充文件/7.针对评审要素，需要补充的其他文件/7.2.绿色发展规划及管理体系认证/7.2.3.环境影响评价情况/（1）ESG(环境、社会、公司治理)报告”。当前仅用于泰昌资料人工复核，未获准进入正式标书。,"[""泰昌"", ""绿色低碳资料"", ""历史标书候选"", ""商务标""]",formal_material_caption,资料：泰昌绿色低碳资料,taichang-visual-review-9dfa2b7802ed510ed355,False,False,False,blocked,尚未通过P0-06人工批准,0.9,assets/template_words/商务补充文件.docx,(三)补充文件/7.针对评审要素，需要补充的其他文件/7.2.绿色发展规划及管理体系认证/7.2.3.环境影响评价情况/（1）ESG(环境、社会、公司治理)报告,6fed6f1cf1bcc90042cf7fcd7ea30ab0ef17638b90d96092656c42d57851ece4,6fed6f1cf1bcc90042cf7fcd7ea30ab0ef17638b90d96092656c42d57851ece4
business-media-0143,business,media,117,duplicate_exact,精确重复，不新增,河北泰昌电力器材科技有限公司,河北泰昌电力器材科技有限公司,mixed_historical_bid,product_library,产品库资料,green_low_carbon,绿色低碳资料,[],泰昌企业资料,"[""商务标""]","[""补充文件/7.针对评审要素，需要补充的其他文件/7.2.绿色发展规划及管理体系认证/7.2.3.环境影响评价情况/（1）ESG(环境、社会、公司治理)报告""]",tender_scoring_derived,needs_review,internal,企业内部资料,review_only,仅限人工复核,rejected_duplicate,精确重复，不新增,泰昌绿色低碳资料历史候选第117页,泰昌商务补充文件,泰昌商务补充文件,绿色低碳资料,来源于泰昌商务补充文件，历史位置为“补充文件/7.针对评审要素，需要补充的其他文件/7.2.绿色发展规划及管理体系认证/7.2.3.环境影响评价情况/（1）ESG(环境、社会、公司治理)报告”。当前仅用于泰昌资料人工复核，未获准进入正式标书。,"[""泰昌"", ""绿色低碳资料"", ""历史标书候选"", ""商务标""]",formal_material_caption,资料：泰昌绿色低碳资料,taichang-visual-review-2e3938205eccdd61ae52,False,False,False,blocked,尚未通过P0-06人工批准,0.9,assets/template_words/商务补充文件.docx,(三)补充文件/7.针对评审要素，需要补充的其他文件/7.2.绿色发展规划及管理体系认证/7.2.3.环境影响评价情况/（1）ESG(环境、社会、公司治理)报告,2f19ea5f9dd00119cd15f688e46131dfdb49362c2bd6b66f02f84c3ddbda4e54,2f19ea5f9dd00119cd15f688e46131dfdb49362c2bd6b66f02f84c3ddbda4e54
business-media-0144,business,media,117,duplicate_exact,精确重复，不新增,河北泰昌电力器材科技有限公司,河北泰昌电力器材科技有限公司,mixed_historical_bid,product_library,产品库资料,green_low_carbon,绿色低碳资料,[],泰昌企业资料,"[""商务标""]","[""补充文件/7.针对评审要素，需要补充的其他文件/7.2.绿色发展规划及管理体系认证/7.2.3.环境影响评价情况/（1）ESG(环境、社会、公司治理)报告""]",tender_scoring_derived,needs_review,internal,企业内部资料,review_only,仅限人工复核,rejected_duplicate,精确重复，不新增,泰昌绿色低碳资料历史候选第117页,泰昌商务补充文件,泰昌商务补充文件,绿色低碳资料,来源于泰昌商务补充文件，历史位置为“补充文件/7.针对评审要素，需要补充的其他文件/7.2.绿色发展规划及管理体系认证/7.2.3.环境影响评价情况/（1）ESG(环境、社会、公司治理)报告”。当前仅用于泰昌资料人工复核，未获准进入正式标书。,"[""泰昌"", ""绿色低碳资料"", ""历史标书候选"", ""商务标""]",formal_material_caption,资料：泰昌绿色低碳资料,taichang-visual-review-d7478b7ad3c9608bd73c,False,False,False,blocked,尚未通过P0-06人工批准,0.9,assets/template_words/商务补充文件.docx,(三)补充文件/7.针对评审要素，需要补充的其他文件/7.2.绿色发展规划及管理体系认证/7.2.3.环境影响评价情况/（1）ESG(环境、社会、公司治理)报告,e8c46e6c5b395eb98fd62963a9243ee283e792223c2f98a26f28f35009f8c059,e8c46e6c5b395eb98fd62963a9243ee283e792223c2f98a26f28f35009f8c059
business-media-0145,business,media,117,duplicate_exact,精确重复，不新增,河北泰昌电力器材科技有限公司,河北泰昌电力器材科技有限公司,mixed_historical_bid,product_library,产品库资料,green_low_carbon,绿色低碳资料,[],泰昌企业资料,"[""商务标""]","[""补充文件/7.针对评审要素，需要补充的其他文件/7.2.绿色发展规划及管理体系认证/7.2.3.环境影响评价情况/（1）ESG(环境、社会、公司治理)报告""]",tender_scoring_derived,needs_review,internal,企业内部资料,review_only,仅限人工复核,rejected_duplicate,精确重复，不新增,泰昌绿色低碳资料历史候选第117页,泰昌商务补充文件,泰昌商务补充文件,绿色低碳资料,来源于泰昌商务补充文件，历史位置为“补充文件/7.针对评审要素，需要补充的其他文件/7.2.绿色发展规划及管理体系认证/7.2.3.环境影响评价情况/（1）ESG(环境、社会、公司治理)报告”。当前仅用于泰昌资料人工复核，未获准进入正式标书。,"[""泰昌"", ""绿色低碳资料"", ""历史标书候选"", ""商务标""]",formal_material_caption,资料：泰昌绿色低碳资料,taichang-visual-review-9012386529dfe2c38e29,False,False,False,blocked,尚未通过P0-06人工批准,0.9,assets/template_words/商务补充文件.docx,(三)补充文件/7.针对评审要素，需要补充的其他文件/7.2.绿色发展规划及管理体系认证/7.2.3.环境影响评价情况/（1）ESG(环境、社会、公司治理)报告,5279f545baf18cb5e7c1843ca15a17be53bbc418c7b2df3910975c3a1df20c2f,5279f545baf18cb5e7c1843ca15a17be53bbc418c7b2df3910975c3a1df20c2f
business-media-0146,business,media,117,duplicate_exact,精确重复，不新增,河北泰昌电力器材科技有限公司,河北泰昌电力器材科技有限公司,mixed_historical_bid,product_library,产品库资料,green_low_carbon,绿色低碳资料,[],泰昌企业资料,"[""商务标""]","[""补充文件/7.针对评审要素，需要补充的其他文件/7.2.绿色发展规划及管理体系认证/7.2.3.环境影响评价情况/（1）ESG(环境、社会、公司治理)报告""]",tender_scoring_derived,needs_review,internal,企业内部资料,review_only,仅限人工复核,rejected_duplicate,精确重复，不新增,泰昌绿色低碳资料历史候选第117页,泰昌商务补充文件,泰昌商务补充文件,绿色低碳资料,来源于泰昌商务补充文件，历史位置为“补充文件/7.针对评审要素，需要补充的其他文件/7.2.绿色发展规划及管理体系认证/7.2.3.环境影响评价情况/（1）ESG(环境、社会、公司治理)报告”。当前仅用于泰昌资料人工复核，未获准进入正式标书。,"[""泰昌"", ""绿色低碳资料"", ""历史标书候选"", ""商务标""]",formal_material_caption,资料：泰昌绿色低碳资料,taichang-visual-review-d275cff73a9366410337,False,False,False,blocked,尚未通过P0-06人工批准,0.9,assets/template_words/商务补充文件.docx,(三)补充文件/7.针对评审要素，需要补充的其他文件/7.2.绿色发展规划及管理体系认证/7.2.3.环境影响评价情况/（1）ESG(环境、社会、公司治理)报告,67f8934f7796f71de6de9cc258257cb6f5864bd1556edbf5c3cdf57e18af4a28,67f8934f7796f71de6de9cc258257cb6f5864bd1556edbf5c3cdf57e18af4a28
business-media-0147,business,media,117,duplicate_exact,精确重复，不新增,河北泰昌电力器材科技有限公司,河北泰昌电力器材科技有限公司,mixed_historical_bid,product_library,产品库资料,green_low_carbon,绿色低碳资料,[],泰昌企业资料,"[""商务标""]","[""补充文件/7.针对评审要素，需要补充的其他文件/7.2.绿色发展规划及管理体系认证/7.2.3.环境影响评价情况/（1）ESG(环境、社会、公司治理)报告""]",tender_scoring_derived,needs_review,internal,企业内部资料,review_only,仅限人工复核,rejected_duplicate,精确重复，不新增,泰昌绿色低碳资料历史候选第117页,泰昌商务补充文件,泰昌商务补充文件,绿色低碳资料,来源于泰昌商务补充文件，历史位置为“补充文件/7.针对评审要素，需要补充的其他文件/7.2.绿色发展规划及管理体系认证/7.2.3.环境影响评价情况/（1）ESG(环境、社会、公司治理)报告”。当前仅用于泰昌资料人工复核，未获准进入正式标书。,"[""泰昌"", ""绿色低碳资料"", ""历史标书候选"", ""商务标""]",formal_material_caption,资料：泰昌绿色低碳资料,taichang-visual-review-b5d940d4456a8f8f683c,False,False,False,blocked,尚未通过P0-06人工批准,0.9,assets/template_words/商务补充文件.docx,(三)补充文件/7.针对评审要素，需要补充的其他文件/7.2.绿色发展规划及管理体系认证/7.2.3.环境影响评价情况/（1）ESG(环境、社会、公司治理)报告,84d0c4d9f0c0247b21976840f5ac53da5ec7e04f69cce52d43c1346e6ad9b3b6,84d0c4d9f0c0247b21976840f5ac53da5ec7e04f69cce52d43c1346e6ad9b3b6
business-media-0148,business,media,117,duplicate_exact,精确重复，不新增,河北泰昌电力器材科技有限公司,河北泰昌电力器材科技有限公司,mixed_historical_bid,product_library,产品库资料,green_low_carbon,绿色低碳资料,[],泰昌企业资料,"[""商务标""]","[""补充文件/7.针对评审要素，需要补充的其他文件/7.2.绿色发展规划及管理体系认证/7.2.3.环境影响评价情况/（1）ESG(环境、社会、公司治理)报告""]",tender_scoring_derived,needs_review,internal,企业内部资料,review_only,仅限人工复核,rejected_duplicate,精确重复，不新增,泰昌绿色低碳资料历史候选第117页,泰昌商务补充文件,泰昌商务补充文件,绿色低碳资料,来源于泰昌商务补充文件，历史位置为“补充文件/7.针对评审要素，需要补充的其他文件/7.2.绿色发展规划及管理体系认证/7.2.3.环境影响评价情况/（1）ESG(环境、社会、公司治理)报告”。当前仅用于泰昌资料人工复核，未获准进入正式标书。,"[""泰昌"", ""绿色低碳资料"", ""历史标书候选"", ""商务标""]",formal_material_caption,资料：泰昌绿色低碳资料,taichang-visual-review-53154b8e28b842812e4e,False,False,False,blocked,尚未通过P0-06人工批准,0.9,assets/template_words/商务补充文件.docx,(三)补充文件/7.针对评审要素，需要补充的其他文件/7.2.绿色发展规划及管理体系认证/7.2.3.环境影响评价情况/（1）ESG(环境、社会、公司治理)报告,fcc454fa145d64bb716006242e3a5ee9f39514d71563dec238eb627057766c52,fcc454fa145d64bb716006242e3a5ee9f39514d71563dec238eb627057766c52
business-media-0149,business,media,117,duplicate_exact,精确重复，不新增,河北泰昌电力器材科技有限公司,河北泰昌电力器材科技有限公司,mixed_historical_bid,product_library,产品库资料,green_low_carbon,绿色低碳资料,[],泰昌企业资料,"[""商务标""]","[""补充文件/7.针对评审要素，需要补充的其他文件/7.2.绿色发展规划及管理体系认证/7.2.3.环境影响评价情况/（1）ESG(环境、社会、公司治理)报告""]",tender_scoring_derived,needs_review,internal,企业内部资料,review_only,仅限人工复核,rejected_duplicate,精确重复，不新增,泰昌绿色低碳资料历史候选第117页,泰昌商务补充文件,泰昌商务补充文件,绿色低碳资料,来源于泰昌商务补充文件，历史位置为“补充文件/7.针对评审要素，需要补充的其他文件/7.2.绿色发展规划及管理体系认证/7.2.3.环境影响评价情况/（1）ESG(环境、社会、公司治理)报告”。当前仅用于泰昌资料人工复核，未获准进入正式标书。,"[""泰昌"", ""绿色低碳资料"", ""历史标书候选"", ""商务标""]",formal_material_caption,资料：泰昌绿色低碳资料,taichang-visual-review-b1e9626dd9887d372129,False,False,False,blocked,尚未通过P0-06人工批准,0.9,assets/template_words/商务补充文件.docx,(三)补充文件/7.针对评审要素，需要补充的其他文件/7.2.绿色发展规划及管理体系认证/7.2.3.环境影响评价情况/（1）ESG(环境、社会、公司治理)报告,d7f85b7c051cae9048e229d60841833f24b1a6fb662494c6d8cf25db217c86a0,d7f85b7c051cae9048e229d60841833f24b1a6fb662494c6d8cf25db217c86a0
business-media-0150,business,media,117,duplicate_exact,精确重复，不新增,河北泰昌电力器材科技有限公司,河北泰昌电力器材科技有限公司,mixed_historical_bid,product_library,产品库资料,green_low_carbon,绿色低碳资料,[],泰昌企业资料,"[""商务标""]","[""补充文件/7.针对评审要素，需要补充的其他文件/7.2.绿色发展规划及管理体系认证/7.2.3.环境影响评价情况/（1）ESG(环境、社会、公司治理)报告""]",tender_scoring_derived,needs_review,internal,企业内部资料,review_only,仅限人工复核,rejected_duplicate,精确重复，不新增,泰昌绿色低碳资料历史候选第117页,泰昌商务补充文件,泰昌商务补充文件,绿色低碳资料,来源于泰昌商务补充文件，历史位置为“补充文件/7.针对评审要素，需要补充的其他文件/7.2.绿色发展规划及管理体系认证/7.2.3.环境影响评价情况/（1）ESG(环境、社会、公司治理)报告”。当前仅用于泰昌资料人工复核，未获准进入正式标书。,"[""泰昌"", ""绿色低碳资料"", ""历史标书候选"", ""商务标""]",formal_material_caption,资料：泰昌绿色低碳资料,taichang-visual-review-ddbd67f48198571a2b5b,False,False,False,blocked,尚未通过P0-06人工批准,0.9,assets/template_words/商务补充文件.docx,(三)补充文件/7.针对评审要素，需要补充的其他文件/7.2.绿色发展规划及管理体系认证/7.2.3.环境影响评价情况/（1）ESG(环境、社会、公司治理)报告,02cc8a3c0a5347efcebd1f8229a4383cdfa8bce4ef659b9b32b9aa1b977142c1,02cc8a3c0a5347efcebd1f8229a4383cdfa8bce4ef659b9b32b9aa1b977142c1
business-media-0151,business,media,117,duplicate_exact,精确重复，不新增,河北泰昌电力器材科技有限公司,河北泰昌电力器材科技有限公司,mixed_historical_bid,product_library,产品库资料,green_low_carbon,绿色低碳资料,[],泰昌企业资料,"[""商务标""]","[""补充文件/7.针对评审要素，需要补充的其他文件/7.2.绿色发展规划及管理体系认证/7.2.3.环境影响评价情况/（1）ESG(环境、社会、公司治理)报告""]",tender_scoring_derived,needs_review,internal,企业内部资料,review_only,仅限人工复核,rejected_duplicate,精确重复，不新增,泰昌绿色低碳资料历史候选第117页,泰昌商务补充文件,泰昌商务补充文件,绿色低碳资料,来源于泰昌商务补充文件，历史位置为“补充文件/7.针对评审要素，需要补充的其他文件/7.2.绿色发展规划及管理体系认证/7.2.3.环境影响评价情况/（1）ESG(环境、社会、公司治理)报告”。当前仅用于泰昌资料人工复核，未获准进入正式标书。,"[""泰昌"", ""绿色低碳资料"", ""历史标书候选"", ""商务标""]",formal_material_caption,资料：泰昌绿色低碳资料,taichang-exact-8615c2171d5706806153,False,False,False,blocked,尚未通过P0-06人工批准,0.9,assets/template_words/商务补充文件.docx,(三)补充文件/7.针对评审要素，需要补充的其他文件/7.2.绿色发展规划及管理体系认证/7.2.3.环境影响评价情况/（1）ESG(环境、社会、公司治理)报告,52560ad73352446c499e69d0ca8641b24b1898a1b933c79a07fbb5c40d89035b,52560ad73352446c499e69d0ca8641b24b1898a1b933c79a07fbb5c40d89035b
business-media-0152,business,media,117,duplicate_exact,精确重复，不新增,河北泰昌电力器材科技有限公司,河北泰昌电力器材科技有限公司,mixed_historical_bid,product_library,产品库资料,green_low_carbon,绿色低碳资料,[],泰昌企业资料,"[""商务标""]","[""补充文件/7.针对评审要素，需要补充的其他文件/7.2.绿色发展规划及管理体系认证/7.2.3.环境影响评价情况/（1）ESG(环境、社会、公司治理)报告""]",tender_scoring_derived,needs_review,internal,企业内部资料,review_only,仅限人工复核,rejected_duplicate,精确重复，不新增,泰昌绿色低碳资料历史候选第117页,泰昌商务补充文件,泰昌商务补充文件,绿色低碳资料,来源于泰昌商务补充文件，历史位置为“补充文件/7.针对评审要素，需要补充的其他文件/7.2.绿色发展规划及管理体系认证/7.2.3.环境影响评价情况/（1）ESG(环境、社会、公司治理)报告”。当前仅用于泰昌资料人工复核，未获准进入正式标书。,"[""泰昌"", ""绿色低碳资料"", ""历史标书候选"", ""商务标""]",formal_material_caption,资料：泰昌绿色低碳资料,taichang-exact-86e2fa1a03ca140b4dfa,False,False,False,blocked,尚未通过P0-06人工批准,0.9,assets/template_words/商务补充文件.docx,(三)补充文件/7.针对评审要素，需要补充的其他文件/7.2.绿色发展规划及管理体系认证/7.2.3.环境影响评价情况/（1）ESG(环境、社会、公司治理)报告,ba88677238ebc45d33ca257b24e05beebf6b72dc5bc2893b1ba1335b68fddf06,ba88677238ebc45d33ca257b24e05beebf6b72dc5bc2893b1ba1335b68fddf06
business-media-0153,business,media,117,duplicate_exact,精确重复，不新增,河北泰昌电力器材科技有限公司,河北泰昌电力器材科技有限公司,mixed_historical_bid,product_library,产品库资料,green_low_carbon,绿色低碳资料,[],泰昌企业资料,"[""商务标""]","[""补充文件/7.针对评审要素，需要补充的其他文件/7.2.绿色发展规划及管理体系认证/7.2.3.环境影响评价情况/（1）ESG(环境、社会、公司治理)报告""]",tender_scoring_derived,needs_review,internal,企业内部资料,review_only,仅限人工复核,rejected_duplicate,精确重复，不新增,泰昌绿色低碳资料历史候选第117页,泰昌商务补充文件,泰昌商务补充文件,绿色低碳资料,来源于泰昌商务补充文件，历史位置为“补充文件/7.针对评审要素，需要补充的其他文件/7.2.绿色发展规划及管理体系认证/7.2.3.环境影响评价情况/（1）ESG(环境、社会、公司治理)报告”。当前仅用于泰昌资料人工复核，未获准进入正式标书。,"[""泰昌"", ""绿色低碳资料"", ""历史标书候选"", ""商务标""]",formal_material_caption,资料：泰昌绿色低碳资料,taichang-visual-review-5356a247ca2ad3660c1e,False,False,False,blocked,尚未通过P0-06人工批准,0.9,assets/template_words/商务补充文件.docx,(三)补充文件/7.针对评审要素，需要补充的其他文件/7.2.绿色发展规划及管理体系认证/7.2.3.环境影响评价情况/（1）ESG(环境、社会、公司治理)报告,72244390c9dcaea2105a21bb02786856c196a167f8deb4f4080acbe2939b0af9,72244390c9dcaea2105a21bb02786856c196a167f8deb4f4080acbe2939b0af9
business-chapter-040,business,chapter,156,new,未发现重复，仍需审核,河北泰昌电力器材科技有限公司,河北泰昌电力器材科技有限公司,mixed_historical_bid,reference_template_library,历史参考资料,historical_structure_reference,历史目录结构参考,[],泰昌企业资料,"[""商务标""]","[""补充文件/7.针对评审要素，需要补充的其他文件/7.2.绿色发展规划及管理体系认证/7.2.3.环境影响评价情况/（2）废水、废气、废固报告""]",tender_scoring_derived,needs_review,internal,企业内部资料,review_only,仅限人工复核,not_asset_reference,非资产结构参考,泰昌商务标历史目录参考：补充文件/7.针对评审要素，需要补充的其他文件/7.2.绿色发展规划及管理体系认证/7.2.3.环境影响评价情况/（2）废水、废气、废固报告,泰昌商务补充文件,泰昌商务补充文件,历史目录结构参考,来源于泰昌商务补充文件，历史位置为“补充文件/7.针对评审要素，需要补充的其他文件/7.2.绿色发展规划及管理体系认证/7.2.3.环境影响评价情况/（2）废水、废气、废固报告”。当前仅用于泰昌资料人工复核，未获准进入正式标书。,"[""泰昌"", ""历史目录结构参考"", ""历史标书候选"", ""商务标""]",suppressed_document_page_caption,,,False,False,False,blocked,尚未通过P0-06人工批准,1.0,assets/template_words/商务补充文件.docx,(三)补充文件/7.针对评审要素，需要补充的其他文件/7.2.绿色发展规划及管理体系认证/7.2.3.环境影响评价情况/（2）废水、废气、废固报告,b401b4dde389cd8b2f13d0fb1aa26ca053dd0071e9c19d6202c505464c64bca1,
business-media-0154,business,media,157,duplicate_exact,精确重复，不新增,河北泰昌电力器材科技有限公司,河北泰昌电力器材科技有限公司,mixed_historical_bid,product_library,产品库资料,green_low_carbon,绿色低碳资料,[],泰昌企业资料,"[""商务标""]","[""补充文件/7.针对评审要素，需要补充的其他文件/7.2.绿色发展规划及管理体系认证/7.2.3.环境影响评价情况/（2）废水、废气、废固报告""]",tender_scoring_derived,needs_review,internal,企业内部资料,review_only,仅限人工复核,rejected_duplicate,精确重复，不新增,泰昌绿色低碳资料历史候选第157页,泰昌商务补充文件,泰昌商务补充文件,绿色低碳资料,来源于泰昌商务补充文件，历史位置为“补充文件/7.针对评审要素，需要补充的其他文件/7.2.绿色发展规划及管理体系认证/7.2.3.环境影响评价情况/（2）废水、废气、废固报告”。当前仅用于泰昌资料人工复核，未获准进入正式标书。,"[""泰昌"", ""绿色低碳资料"", ""历史标书候选"", ""商务标""]",formal_material_caption,资料：泰昌绿色低碳资料,taichang-visual-review-51f8c0b4f12d7d68a7f2,False,False,False,blocked,尚未通过P0-06人工批准,0.9,assets/template_words/商务补充文件.docx,(三)补充文件/7.针对评审要素，需要补充的其他文件/7.2.绿色发展规划及管理体系认证/7.2.3.环境影响评价情况/（2）废水、废气、废固报告,ae963dfcf71f9799cc19dd87f0391312b42e349ada9e3e9224770aca1556108e,ae963dfcf71f9799cc19dd87f0391312b42e349ada9e3e9224770aca1556108e
business-media-0155,business,media,157,duplicate_exact,精确重复，不新增,河北泰昌电力器材科技有限公司,河北泰昌电力器材科技有限公司,mixed_historical_bid,product_library,产品库资料,green_low_carbon,绿色低碳资料,[],泰昌企业资料,"[""商务标""]","[""补充文件/7.针对评审要素，需要补充的其他文件/7.2.绿色发展规划及管理体系认证/7.2.3.环境影响评价情况/（2）废水、废气、废固报告""]",tender_scoring_derived,needs_review,internal,企业内部资料,review_only,仅限人工复核,rejected_duplicate,精确重复，不新增,泰昌绿色低碳资料历史候选第157页,泰昌商务补充文件,泰昌商务补充文件,绿色低碳资料,来源于泰昌商务补充文件，历史位置为“补充文件/7.针对评审要素，需要补充的其他文件/7.2.绿色发展规划及管理体系认证/7.2.3.环境影响评价情况/（2）废水、废气、废固报告”。当前仅用于泰昌资料人工复核，未获准进入正式标书。,"[""泰昌"", ""绿色低碳资料"", ""历史标书候选"", ""商务标""]",formal_material_caption,资料：泰昌绿色低碳资料,taichang-visual-review-a4fbd2eda222cc20e9f4,False,False,False,blocked,尚未通过P0-06人工批准,0.9,assets/template_words/商务补充文件.docx,(三)补充文件/7.针对评审要素，需要补充的其他文件/7.2.绿色发展规划及管理体系认证/7.2.3.环境影响评价情况/（2）废水、废气、废固报告,008a622e3cadaed0086bf3b694f2b4aac67f5035dc9508e3716452cc8c07ba48,008a622e3cadaed0086bf3b694f2b4aac67f5035dc9508e3716452cc8c07ba48
business-media-0156,business,media,157,duplicate_exact,精确重复，不新增,河北泰昌电力器材科技有限公司,河北泰昌电力器材科技有限公司,mixed_historical_bid,product_library,产品库资料,green_low_carbon,绿色低碳资料,[],泰昌企业资料,"[""商务标""]","[""补充文件/7.针对评审要素，需要补充的其他文件/7.2.绿色发展规划及管理体系认证/7.2.3.环境影响评价情况/（2）废水、废气、废固报告""]",tender_scoring_derived,needs_review,internal,企业内部资料,review_only,仅限人工复核,rejected_duplicate,精确重复，不新增,泰昌绿色低碳资料历史候选第157页,泰昌商务补充文件,泰昌商务补充文件,绿色低碳资料,来源于泰昌商务补充文件，历史位置为“补充文件/7.针对评审要素，需要补充的其他文件/7.2.绿色发展规划及管理体系认证/7.2.3.环境影响评价情况/（2）废水、废气、废固报告”。当前仅用于泰昌资料人工复核，未获准进入正式标书。,"[""泰昌"", ""绿色低碳资料"", ""历史标书候选"", ""商务标""]",formal_material_caption,资料：泰昌绿色低碳资料,taichang-visual-review-54239ce8b771de3f5335,False,False,False,blocked,尚未通过P0-06人工批准,0.9,assets/template_words/商务补充文件.docx,(三)补充文件/7.针对评审要素，需要补充的其他文件/7.2.绿色发展规划及管理体系认证/7.2.3.环境影响评价情况/（2）废水、废气、废固报告,7676682119e67ac95c1aa46edef7c0246cd051acdc56254f041d06148e5b3d93,7676682119e67ac95c1aa46edef7c0246cd051acdc56254f041d06148e5b3d93
business-media-0157,business,media,157,duplicate_exact,精确重复，不新增,河北泰昌电力器材科技有限公司,河北泰昌电力器材科技有限公司,mixed_historical_bid,product_library,产品库资料,green_low_carbon,绿色低碳资料,[],泰昌企业资料,"[""商务标""]","[""补充文件/7.针对评审要素，需要补充的其他文件/7.2.绿色发展规划及管理体系认证/7.2.3.环境影响评价情况/（2）废水、废气、废固报告""]",tender_scoring_derived,needs_review,internal,企业内部资料,review_only,仅限人工复核,rejected_duplicate,精确重复，不新增,泰昌绿色低碳资料历史候选第157页,泰昌商务补充文件,泰昌商务补充文件,绿色低碳资料,来源于泰昌商务补充文件，历史位置为“补充文件/7.针对评审要素，需要补充的其他文件/7.2.绿色发展规划及管理体系认证/7.2.3.环境影响评价情况/（2）废水、废气、废固报告”。当前仅用于泰昌资料人工复核，未获准进入正式标书。,"[""泰昌"", ""绿色低碳资料"", ""历史标书候选"", ""商务标""]",formal_material_caption,资料：泰昌绿色低碳资料,taichang-visual-review-85ba39fee376ac3a710a,False,False,False,blocked,尚未通过P0-06人工批准,0.9,assets/template_words/商务补充文件.docx,(三)补充文件/7.针对评审要素，需要补充的其他文件/7.2.绿色发展规划及管理体系认证/7.2.3.环境影响评价情况/（2）废水、废气、废固报告,abc124dd59231e5210b800cc45e4fd0bb257c659497319bef94bdf35abf06bf8,abc124dd59231e5210b800cc45e4fd0bb257c659497319bef94bdf35abf06bf8
business-media-0158,business,media,157,duplicate_exact,精确重复，不新增,河北泰昌电力器材科技有限公司,河北泰昌电力器材科技有限公司,mixed_historical_bid,product_library,产品库资料,green_low_carbon,绿色低碳资料,[],泰昌企业资料,"[""商务标""]","[""补充文件/7.针对评审要素，需要补充的其他文件/7.2.绿色发展规划及管理体系认证/7.2.3.环境影响评价情况/（2）废水、废气、废固报告""]",tender_scoring_derived,needs_review,internal,企业内部资料,review_only,仅限人工复核,rejected_duplicate,精确重复，不新增,泰昌绿色低碳资料历史候选第157页,泰昌商务补充文件,泰昌商务补充文件,绿色低碳资料,来源于泰昌商务补充文件，历史位置为“补充文件/7.针对评审要素，需要补充的其他文件/7.2.绿色发展规划及管理体系认证/7.2.3.环境影响评价情况/（2）废水、废气、废固报告”。当前仅用于泰昌资料人工复核，未获准进入正式标书。,"[""泰昌"", ""绿色低碳资料"", ""历史标书候选"", ""商务标""]",formal_material_caption,资料：泰昌绿色低碳资料,taichang-visual-review-940b7a8e513a3712784c,False,False,False,blocked,尚未通过P0-06人工批准,0.9,assets/template_words/商务补充文件.docx,(三)补充文件/7.针对评审要素，需要补充的其他文件/7.2.绿色发展规划及管理体系认证/7.2.3.环境影响评价情况/（2）废水、废气、废固报告,75a55052413c4c3f3f59fe2d8db711cfe85b9d3ead02cc11b7518b634d56816d,75a55052413c4c3f3f59fe2d8db711cfe85b9d3ead02cc11b7518b634d56816d
business-media-0159,business,media,157,duplicate_exact,精确重复，不新增,河北泰昌电力器材科技有限公司,河北泰昌电力器材科技有限公司,mixed_historical_bid,product_library,产品库资料,green_low_carbon,绿色低碳资料,[],泰昌企业资料,"[""商务标""]","[""补充文件/7.针对评审要素，需要补充的其他文件/7.2.绿色发展规划及管理体系认证/7.2.3.环境影响评价情况/（2）废水、废气、废固报告""]",tender_scoring_derived,needs_review,internal,企业内部资料,review_only,仅限人工复核,rejected_duplicate,精确重复，不新增,泰昌绿色低碳资料历史候选第157页,泰昌商务补充文件,泰昌商务补充文件,绿色低碳资料,来源于泰昌商务补充文件，历史位置为“补充文件/7.针对评审要素，需要补充的其他文件/7.2.绿色发展规划及管理体系认证/7.2.3.环境影响评价情况/（2）废水、废气、废固报告”。当前仅用于泰昌资料人工复核，未获准进入正式标书。,"[""泰昌"", ""绿色低碳资料"", ""历史标书候选"", ""商务标""]",formal_material_caption,资料：泰昌绿色低碳资料,taichang-visual-review-4d75b6705b14d23c426c,False,False,False,blocked,尚未通过P0-06人工批准,0.9,assets/template_words/商务补充文件.docx,(三)补充文件/7.针对评审要素，需要补充的其他文件/7.2.绿色发展规划及管理体系认证/7.2.3.环境影响评价情况/（2）废水、废气、废固报告,505574f70c8373493a09b4b45a54a0f00dc677b25d88a503d0bb18a67578dcd3,505574f70c8373493a09b4b45a54a0f00dc677b25d88a503d0bb18a67578dcd3
business-media-0160,business,media,157,duplicate_exact,精确重复，不新增,河北泰昌电力器材科技有限公司,河北泰昌电力器材科技有限公司,mixed_historical_bid,product_library,产品库资料,green_low_carbon,绿色低碳资料,[],泰昌企业资料,"[""商务标""]","[""补充文件/7.针对评审要素，需要补充的其他文件/7.2.绿色发展规划及管理体系认证/7.2.3.环境影响评价情况/（2）废水、废气、废固报告""]",tender_scoring_derived,needs_review,internal,企业内部资料,review_only,仅限人工复核,rejected_duplicate,精确重复，不新增,泰昌绿色低碳资料历史候选第157页,泰昌商务补充文件,泰昌商务补充文件,绿色低碳资料,来源于泰昌商务补充文件，历史位置为“补充文件/7.针对评审要素，需要补充的其他文件/7.2.绿色发展规划及管理体系认证/7.2.3.环境影响评价情况/（2）废水、废气、废固报告”。当前仅用于泰昌资料人工复核，未获准进入正式标书。,"[""泰昌"", ""绿色低碳资料"", ""历史标书候选"", ""商务标""]",formal_material_caption,资料：泰昌绿色低碳资料,taichang-visual-review-af1a4b72a8ce5e79d6cf,False,False,False,blocked,尚未通过P0-06人工批准,0.9,assets/template_words/商务补充文件.docx,(三)补充文件/7.针对评审要素，需要补充的其他文件/7.2.绿色发展规划及管理体系认证/7.2.3.环境影响评价情况/（2）废水、废气、废固报告,b723af831e8c1da0377ee03de1f0eaccf5f042666af713c77b0cc0fec3521fad,b723af831e8c1da0377ee03de1f0eaccf5f042666af713c77b0cc0fec3521fad
business-media-0161,business,media,157,duplicate_exact,精确重复，不新增,河北泰昌电力器材科技有限公司,河北泰昌电力器材科技有限公司,mixed_historical_bid,product_library,产品库资料,green_low_carbon,绿色低碳资料,[],泰昌企业资料,"[""商务标""]","[""补充文件/7.针对评审要素，需要补充的其他文件/7.2.绿色发展规划及管理体系认证/7.2.3.环境影响评价情况/（2）废水、废气、废固报告""]",tender_scoring_derived,needs_review,internal,企业内部资料,review_only,仅限人工复核,rejected_duplicate,精确重复，不新增,泰昌绿色低碳资料历史候选第157页,泰昌商务补充文件,泰昌商务补充文件,绿色低碳资料,来源于泰昌商务补充文件，历史位置为“补充文件/7.针对评审要素，需要补充的其他文件/7.2.绿色发展规划及管理体系认证/7.2.3.环境影响评价情况/（2）废水、废气、废固报告”。当前仅用于泰昌资料人工复核，未获准进入正式标书。,"[""泰昌"", ""绿色低碳资料"", ""历史标书候选"", ""商务标""]",formal_material_caption,资料：泰昌绿色低碳资料,taichang-visual-review-061b504b27bd265037c1,False,False,False,blocked,尚未通过P0-06人工批准,0.9,assets/template_words/商务补充文件.docx,(三)补充文件/7.针对评审要素，需要补充的其他文件/7.2.绿色发展规划及管理体系认证/7.2.3.环境影响评价情况/（2）废水、废气、废固报告,2a4552c37c164a62a9f58310079a8ac63ea59d1c3fd99252d1957b7515398b29,2a4552c37c164a62a9f58310079a8ac63ea59d1c3fd99252d1957b7515398b29
business-media-0162,business,media,157,duplicate_exact,精确重复，不新增,河北泰昌电力器材科技有限公司,河北泰昌电力器材科技有限公司,mixed_historical_bid,product_library,产品库资料,green_low_carbon,绿色低碳资料,[],泰昌企业资料,"[""商务标""]","[""补充文件/7.针对评审要素，需要补充的其他文件/7.2.绿色发展规划及管理体系认证/7.2.3.环境影响评价情况/（2）废水、废气、废固报告""]",tender_scoring_derived,needs_review,internal,企业内部资料,review_only,仅限人工复核,rejected_duplicate,精确重复，不新增,泰昌绿色低碳资料历史候选第157页,泰昌商务补充文件,泰昌商务补充文件,绿色低碳资料,来源于泰昌商务补充文件，历史位置为“补充文件/7.针对评审要素，需要补充的其他文件/7.2.绿色发展规划及管理体系认证/7.2.3.环境影响评价情况/（2）废水、废气、废固报告”。当前仅用于泰昌资料人工复核，未获准进入正式标书。,"[""泰昌"", ""绿色低碳资料"", ""历史标书候选"", ""商务标""]",formal_material_caption,资料：泰昌绿色低碳资料,taichang-visual-review-de66d3d0aa8f5a9c6f5a,False,False,False,blocked,尚未通过P0-06人工批准,0.9,assets/template_words/商务补充文件.docx,(三)补充文件/7.针对评审要素，需要补充的其他文件/7.2.绿色发展规划及管理体系认证/7.2.3.环境影响评价情况/（2）废水、废气、废固报告,caf7494483ce39fa51d197e57f56f22b62cbedc84adfc0714eda87e8c813808a,caf7494483ce39fa51d197e57f56f22b62cbedc84adfc0714eda87e8c813808a
business-media-0163,business,media,157,duplicate_exact,精确重复，不新增,河北泰昌电力器材科技有限公司,河北泰昌电力器材科技有限公司,mixed_historical_bid,product_library,产品库资料,green_low_carbon,绿色低碳资料,[],泰昌企业资料,"[""商务标""]","[""补充文件/7.针对评审要素，需要补充的其他文件/7.2.绿色发展规划及管理体系认证/7.2.3.环境影响评价情况/（2）废水、废气、废固报告""]",tender_scoring_derived,needs_review,internal,企业内部资料,review_only,仅限人工复核,rejected_duplicate,精确重复，不新增,泰昌绿色低碳资料历史候选第157页,泰昌商务补充文件,泰昌商务补充文件,绿色低碳资料,来源于泰昌商务补充文件，历史位置为“补充文件/7.针对评审要素，需要补充的其他文件/7.2.绿色发展规划及管理体系认证/7.2.3.环境影响评价情况/（2）废水、废气、废固报告”。当前仅用于泰昌资料人工复核，未获准进入正式标书。,"[""泰昌"", ""绿色低碳资料"", ""历史标书候选"", ""商务标""]",formal_material_caption,资料：泰昌绿色低碳资料,taichang-visual-review-f7f785dd03e46aef82ee,False,False,False,blocked,尚未通过P0-06人工批准,0.9,assets/template_words/商务补充文件.docx,(三)补充文件/7.针对评审要素，需要补充的其他文件/7.2.绿色发展规划及管理体系认证/7.2.3.环境影响评价情况/（2）废水、废气、废固报告,c9a1552f4a371d820af41f7c4e3b74dde3cd0c3c41364213e265b24f3c559743,c9a1552f4a371d820af41f7c4e3b74dde3cd0c3c41364213e265b24f3c559743
business-media-0164,business,media,157,duplicate_exact,精确重复，不新增,河北泰昌电力器材科技有限公司,河北泰昌电力器材科技有限公司,mixed_historical_bid,product_library,产品库资料,green_low_carbon,绿色低碳资料,[],泰昌企业资料,"[""商务标""]","[""补充文件/7.针对评审要素，需要补充的其他文件/7.2.绿色发展规划及管理体系认证/7.2.3.环境影响评价情况/（2）废水、废气、废固报告""]",tender_scoring_derived,needs_review,internal,企业内部资料,review_only,仅限人工复核,rejected_duplicate,精确重复，不新增,泰昌绿色低碳资料历史候选第157页,泰昌商务补充文件,泰昌商务补充文件,绿色低碳资料,来源于泰昌商务补充文件，历史位置为“补充文件/7.针对评审要素，需要补充的其他文件/7.2.绿色发展规划及管理体系认证/7.2.3.环境影响评价情况/（2）废水、废气、废固报告”。当前仅用于泰昌资料人工复核，未获准进入正式标书。,"[""泰昌"", ""绿色低碳资料"", ""历史标书候选"", ""商务标""]",formal_material_caption,资料：泰昌绿色低碳资料,taichang-visual-review-7284d60d3f310b296942,False,False,False,blocked,尚未通过P0-06人工批准,0.9,assets/template_words/商务补充文件.docx,(三)补充文件/7.针对评审要素，需要补充的其他文件/7.2.绿色发展规划及管理体系认证/7.2.3.环境影响评价情况/（2）废水、废气、废固报告,f22069c0d4878944fe9efc9cb8d73a0b6a9cc65d92133577fbb5380bb9d5dc50,f22069c0d4878944fe9efc9cb8d73a0b6a9cc65d92133577fbb5380bb9d5dc50
business-media-0165,business,media,157,duplicate_exact,精确重复，不新增,河北泰昌电力器材科技有限公司,河北泰昌电力器材科技有限公司,mixed_historical_bid,product_library,产品库资料,green_low_carbon,绿色低碳资料,[],泰昌企业资料,"[""商务标""]","[""补充文件/7.针对评审要素，需要补充的其他文件/7.2.绿色发展规划及管理体系认证/7.2.3.环境影响评价情况/（2）废水、废气、废固报告""]",tender_scoring_derived,needs_review,internal,企业内部资料,review_only,仅限人工复核,rejected_duplicate,精确重复，不新增,泰昌绿色低碳资料历史候选第157页,泰昌商务补充文件,泰昌商务补充文件,绿色低碳资料,来源于泰昌商务补充文件，历史位置为“补充文件/7.针对评审要素，需要补充的其他文件/7.2.绿色发展规划及管理体系认证/7.2.3.环境影响评价情况/（2）废水、废气、废固报告”。当前仅用于泰昌资料人工复核，未获准进入正式标书。,"[""泰昌"", ""绿色低碳资料"", ""历史标书候选"", ""商务标""]",formal_material_caption,资料：泰昌绿色低碳资料,taichang-visual-review-eee10762aebfdab59ea7,False,False,False,blocked,尚未通过P0-06人工批准,0.9,assets/template_words/商务补充文件.docx,(三)补充文件/7.针对评审要素，需要补充的其他文件/7.2.绿色发展规划及管理体系认证/7.2.3.环境影响评价情况/（2）废水、废气、废固报告,fc1f69aa3a7ed1b3c4fe655227ec7e5f266400c2100e8744287c0b13f0c93a14,fc1f69aa3a7ed1b3c4fe655227ec7e5f266400c2100e8744287c0b13f0c93a14
business-media-0166,business,media,157,duplicate_exact,精确重复，不新增,河北泰昌电力器材科技有限公司,河北泰昌电力器材科技有限公司,mixed_historical_bid,product_library,产品库资料,green_low_carbon,绿色低碳资料,[],泰昌企业资料,"[""商务标""]","[""补充文件/7.针对评审要素，需要补充的其他文件/7.2.绿色发展规划及管理体系认证/7.2.3.环境影响评价情况/（2）废水、废气、废固报告""]",tender_scoring_derived,needs_review,internal,企业内部资料,review_only,仅限人工复核,rejected_duplicate,精确重复，不新增,泰昌绿色低碳资料历史候选第157页,泰昌商务补充文件,泰昌商务补充文件,绿色低碳资料,来源于泰昌商务补充文件，历史位置为“补充文件/7.针对评审要素，需要补充的其他文件/7.2.绿色发展规划及管理体系认证/7.2.3.环境影响评价情况/（2）废水、废气、废固报告”。当前仅用于泰昌资料人工复核，未获准进入正式标书。,"[""泰昌"", ""绿色低碳资料"", ""历史标书候选"", ""商务标""]",formal_material_caption,资料：泰昌绿色低碳资料,taichang-exact-48e5c7a936c1c97177e5,False,False,False,blocked,尚未通过P0-06人工批准,0.9,assets/template_words/商务补充文件.docx,(三)补充文件/7.针对评审要素，需要补充的其他文件/7.2.绿色发展规划及管理体系认证/7.2.3.环境影响评价情况/（2）废水、废气、废固报告,1f3bb15d9656d616d3d11e7f4d78df842f1727604f599bbab650085cf0908c15,1f3bb15d9656d616d3d11e7f4d78df842f1727604f599bbab650085cf0908c15
business-media-0167,business,media,157,duplicate_exact,精确重复，不新增,河北泰昌电力器材科技有限公司,河北泰昌电力器材科技有限公司,mixed_historical_bid,product_library,产品库资料,green_low_carbon,绿色低碳资料,[],泰昌企业资料,"[""商务标""]","[""补充文件/7.针对评审要素，需要补充的其他文件/7.2.绿色发展规划及管理体系认证/7.2.3.环境影响评价情况/（2）废水、废气、废固报告""]",tender_scoring_derived,needs_review,internal,企业内部资料,review_only,仅限人工复核,rejected_duplicate,精确重复，不新增,泰昌绿色低碳资料历史候选第157页,泰昌商务补充文件,泰昌商务补充文件,绿色低碳资料,来源于泰昌商务补充文件，历史位置为“补充文件/7.针对评审要素，需要补充的其他文件/7.2.绿色发展规划及管理体系认证/7.2.3.环境影响评价情况/（2）废水、废气、废固报告”。当前仅用于泰昌资料人工复核，未获准进入正式标书。,"[""泰昌"", ""绿色低碳资料"", ""历史标书候选"", ""商务标""]",formal_material_caption,资料：泰昌绿色低碳资料,taichang-visual-review-48785276dee125bf8e39,False,False,False,blocked,尚未通过P0-06人工批准,0.9,assets/template_words/商务补充文件.docx,(三)补充文件/7.针对评审要素，需要补充的其他文件/7.2.绿色发展规划及管理体系认证/7.2.3.环境影响评价情况/（2）废水、废气、废固报告,7f094295686f0fc0588f41eaf94aa648b0774d46e14a3d2088ec2ba7d2e45737,7f094295686f0fc0588f41eaf94aa648b0774d46e14a3d2088ec2ba7d2e45737
business-media-0168,business,media,157,duplicate_exact,精确重复，不新增,河北泰昌电力器材科技有限公司,河北泰昌电力器材科技有限公司,mixed_historical_bid,product_library,产品库资料,green_low_carbon,绿色低碳资料,[],泰昌企业资料,"[""商务标""]","[""补充文件/7.针对评审要素，需要补充的其他文件/7.2.绿色发展规划及管理体系认证/7.2.3.环境影响评价情况/（2）废水、废气、废固报告""]",tender_scoring_derived,needs_review,internal,企业内部资料,review_only,仅限人工复核,rejected_duplicate,精确重复，不新增,泰昌绿色低碳资料历史候选第157页,泰昌商务补充文件,泰昌商务补充文件,绿色低碳资料,来源于泰昌商务补充文件，历史位置为“补充文件/7.针对评审要素，需要补充的其他文件/7.2.绿色发展规划及管理体系认证/7.2.3.环境影响评价情况/（2）废水、废气、废固报告”。当前仅用于泰昌资料人工复核，未获准进入正式标书。,"[""泰昌"", ""绿色低碳资料"", ""历史标书候选"", ""商务标""]",formal_material_caption,资料：泰昌绿色低碳资料,taichang-visual-review-b6fe8cffdca499d928fd,False,False,False,blocked,尚未通过P0-06人工批准,0.9,assets/template_words/商务补充文件.docx,(三)补充文件/7.针对评审要素，需要补充的其他文件/7.2.绿色发展规划及管理体系认证/7.2.3.环境影响评价情况/（2）废水、废气、废固报告,6abba9199af5af441b2a7f340eba83e4ebe5e4b5a57c22f9917159360f7baeba,6abba9199af5af441b2a7f340eba83e4ebe5e4b5a57c22f9917159360f7baeba
business-media-0169,business,media,157,duplicate_exact,精确重复，不新增,河北泰昌电力器材科技有限公司,河北泰昌电力器材科技有限公司,mixed_historical_bid,product_library,产品库资料,green_low_carbon,绿色低碳资料,[],泰昌企业资料,"[""商务标""]","[""补充文件/7.针对评审要素，需要补充的其他文件/7.2.绿色发展规划及管理体系认证/7.2.3.环境影响评价情况/（2）废水、废气、废固报告""]",tender_scoring_derived,needs_review,internal,企业内部资料,review_only,仅限人工复核,rejected_duplicate,精确重复，不新增,泰昌绿色低碳资料历史候选第157页,泰昌商务补充文件,泰昌商务补充文件,绿色低碳资料,来源于泰昌商务补充文件，历史位置为“补充文件/7.针对评审要素，需要补充的其他文件/7.2.绿色发展规划及管理体系认证/7.2.3.环境影响评价情况/（2）废水、废气、废固报告”。当前仅用于泰昌资料人工复核，未获准进入正式标书。,"[""泰昌"", ""绿色低碳资料"", ""历史标书候选"", ""商务标""]",formal_material_caption,资料：泰昌绿色低碳资料,taichang-visual-review-53ccfcd700ee171ae7cb,False,False,False,blocked,尚未通过P0-06人工批准,0.9,assets/template_words/商务补充文件.docx,(三)补充文件/7.针对评审要素，需要补充的其他文件/7.2.绿色发展规划及管理体系认证/7.2.3.环境影响评价情况/（2）废水、废气、废固报告,5012ac9c036ac86b2231839d13c6946d0b96015c717b3837bfc7feff2c7b3755,5012ac9c036ac86b2231839d13c6946d0b96015c717b3837bfc7feff2c7b3755
business-media-0170,business,media,157,duplicate_exact,精确重复，不新增,河北泰昌电力器材科技有限公司,河北泰昌电力器材科技有限公司,mixed_historical_bid,product_library,产品库资料,green_low_carbon,绿色低碳资料,[],泰昌企业资料,"[""商务标""]","[""补充文件/7.针对评审要素，需要补充的其他文件/7.2.绿色发展规划及管理体系认证/7.2.3.环境影响评价情况/（2）废水、废气、废固报告""]",tender_scoring_derived,needs_review,internal,企业内部资料,review_only,仅限人工复核,rejected_duplicate,精确重复，不新增,泰昌绿色低碳资料历史候选第157页,泰昌商务补充文件,泰昌商务补充文件,绿色低碳资料,来源于泰昌商务补充文件，历史位置为“补充文件/7.针对评审要素，需要补充的其他文件/7.2.绿色发展规划及管理体系认证/7.2.3.环境影响评价情况/（2）废水、废气、废固报告”。当前仅用于泰昌资料人工复核，未获准进入正式标书。,"[""泰昌"", ""绿色低碳资料"", ""历史标书候选"", ""商务标""]",formal_material_caption,资料：泰昌绿色低碳资料,taichang-visual-review-82fcc7b55f699ab3a862,False,False,False,blocked,尚未通过P0-06人工批准,0.9,assets/template_words/商务补充文件.docx,(三)补充文件/7.针对评审要素，需要补充的其他文件/7.2.绿色发展规划及管理体系认证/7.2.3.环境影响评价情况/（2）废水、废气、废固报告,83d697a931a027d98f631d86204b2527475237f72ca4100959dc4b2ae4544fed,83d697a931a027d98f631d86204b2527475237f72ca4100959dc4b2ae4544fed
business-media-0171,business,media,157,duplicate_exact,精确重复，不新增,河北泰昌电力器材科技有限公司,河北泰昌电力器材科技有限公司,mixed_historical_bid,product_library,产品库资料,green_low_carbon,绿色低碳资料,[],泰昌企业资料,"[""商务标""]","[""补充文件/7.针对评审要素，需要补充的其他文件/7.2.绿色发展规划及管理体系认证/7.2.3.环境影响评价情况/（2）废水、废气、废固报告""]",tender_scoring_derived,needs_review,internal,企业内部资料,review_only,仅限人工复核,rejected_duplicate,精确重复，不新增,泰昌绿色低碳资料历史候选第157页,泰昌商务补充文件,泰昌商务补充文件,绿色低碳资料,来源于泰昌商务补充文件，历史位置为“补充文件/7.针对评审要素，需要补充的其他文件/7.2.绿色发展规划及管理体系认证/7.2.3.环境影响评价情况/（2）废水、废气、废固报告”。当前仅用于泰昌资料人工复核，未获准进入正式标书。,"[""泰昌"", ""绿色低碳资料"", ""历史标书候选"", ""商务标""]",formal_material_caption,资料：泰昌绿色低碳资料,taichang-visual-review-d22222f2e42ebcd19b82,False,False,False,blocked,尚未通过P0-06人工批准,0.9,assets/template_words/商务补充文件.docx,(三)补充文件/7.针对评审要素，需要补充的其他文件/7.2.绿色发展规划及管理体系认证/7.2.3.环境影响评价情况/（2）废水、废气、废固报告,7e276076b1bf3e5f5d38090c8bd2f9adadbda7d9d15d3b90027b5292c1770caf,7e276076b1bf3e5f5d38090c8bd2f9adadbda7d9d15d3b90027b5292c1770caf
business-media-0172,business,media,157,duplicate_exact,精确重复，不新增,河北泰昌电力器材科技有限公司,河北泰昌电力器材科技有限公司,mixed_historical_bid,product_library,产品库资料,green_low_carbon,绿色低碳资料,[],泰昌企业资料,"[""商务标""]","[""补充文件/7.针对评审要素，需要补充的其他文件/7.2.绿色发展规划及管理体系认证/7.2.3.环境影响评价情况/（2）废水、废气、废固报告""]",tender_scoring_derived,needs_review,internal,企业内部资料,review_only,仅限人工复核,rejected_duplicate,精确重复，不新增,泰昌绿色低碳资料历史候选第157页,泰昌商务补充文件,泰昌商务补充文件,绿色低碳资料,来源于泰昌商务补充文件，历史位置为“补充文件/7.针对评审要素，需要补充的其他文件/7.2.绿色发展规划及管理体系认证/7.2.3.环境影响评价情况/（2）废水、废气、废固报告”。当前仅用于泰昌资料人工复核，未获准进入正式标书。,"[""泰昌"", ""绿色低碳资料"", ""历史标书候选"", ""商务标""]",formal_material_caption,资料：泰昌绿色低碳资料,taichang-visual-review-84fab749a03c95ea0121,False,False,False,blocked,尚未通过P0-06人工批准,0.9,assets/template_words/商务补充文件.docx,(三)补充文件/7.针对评审要素，需要补充的其他文件/7.2.绿色发展规划及管理体系认证/7.2.3.环境影响评价情况/（2）废水、废气、废固报告,52c95a4974b1987552d0e0a41ed4d07b0d53cbd4babcad29413207e43954d3d2,52c95a4974b1987552d0e0a41ed4d07b0d53cbd4babcad29413207e43954d3d2
business-media-0173,business,media,157,duplicate_exact,精确重复，不新增,河北泰昌电力器材科技有限公司,河北泰昌电力器材科技有限公司,mixed_historical_bid,product_library,产品库资料,green_low_carbon,绿色低碳资料,[],泰昌企业资料,"[""商务标""]","[""补充文件/7.针对评审要素，需要补充的其他文件/7.2.绿色发展规划及管理体系认证/7.2.3.环境影响评价情况/（2）废水、废气、废固报告""]",tender_scoring_derived,needs_review,internal,企业内部资料,review_only,仅限人工复核,rejected_duplicate,精确重复，不新增,泰昌绿色低碳资料历史候选第157页,泰昌商务补充文件,泰昌商务补充文件,绿色低碳资料,来源于泰昌商务补充文件，历史位置为“补充文件/7.针对评审要素，需要补充的其他文件/7.2.绿色发展规划及管理体系认证/7.2.3.环境影响评价情况/（2）废水、废气、废固报告”。当前仅用于泰昌资料人工复核，未获准进入正式标书。,"[""泰昌"", ""绿色低碳资料"", ""历史标书候选"", ""商务标""]",formal_material_caption,资料：泰昌绿色低碳资料,taichang-visual-review-432665b09a49c00cfc77,False,False,False,blocked,尚未通过P0-06人工批准,0.9,assets/template_words/商务补充文件.docx,(三)补充文件/7.针对评审要素，需要补充的其他文件/7.2.绿色发展规划及管理体系认证/7.2.3.环境影响评价情况/（2）废水、废气、废固报告,c2c1ed62ff99e26e54cc55d895b693d405ab00fd02d5609667a27721e8169e0a,c2c1ed62ff99e26e54cc55d895b693d405ab00fd02d5609667a27721e8169e0a
business-media-0174,business,media,157,duplicate_exact,精确重复，不新增,河北泰昌电力器材科技有限公司,河北泰昌电力器材科技有限公司,mixed_historical_bid,product_library,产品库资料,green_low_carbon,绿色低碳资料,[],泰昌企业资料,"[""商务标""]","[""补充文件/7.针对评审要素，需要补充的其他文件/7.2.绿色发展规划及管理体系认证/7.2.3.环境影响评价情况/（2）废水、废气、废固报告""]",tender_scoring_derived,needs_review,internal,企业内部资料,review_only,仅限人工复核,rejected_duplicate,精确重复，不新增,泰昌绿色低碳资料历史候选第157页,泰昌商务补充文件,泰昌商务补充文件,绿色低碳资料,来源于泰昌商务补充文件，历史位置为“补充文件/7.针对评审要素，需要补充的其他文件/7.2.绿色发展规划及管理体系认证/7.2.3.环境影响评价情况/（2）废水、废气、废固报告”。当前仅用于泰昌资料人工复核，未获准进入正式标书。,"[""泰昌"", ""绿色低碳资料"", ""历史标书候选"", ""商务标""]",formal_material_caption,资料：泰昌绿色低碳资料,taichang-visual-review-1768b6e3c2dab35f1d93,False,False,False,blocked,尚未通过P0-06人工批准,0.9,assets/template_words/商务补充文件.docx,(三)补充文件/7.针对评审要素，需要补充的其他文件/7.2.绿色发展规划及管理体系认证/7.2.3.环境影响评价情况/（2）废水、废气、废固报告,896b6e54ad4881c2024096a98d272e83897dbe16bac74ee777765c605a86ab91,896b6e54ad4881c2024096a98d272e83897dbe16bac74ee777765c605a86ab91
business-media-0175,business,media,157,duplicate_exact,精确重复，不新增,河北泰昌电力器材科技有限公司,河北泰昌电力器材科技有限公司,mixed_historical_bid,product_library,产品库资料,green_low_carbon,绿色低碳资料,[],泰昌企业资料,"[""商务标""]","[""补充文件/7.针对评审要素，需要补充的其他文件/7.2.绿色发展规划及管理体系认证/7.2.3.环境影响评价情况/（2）废水、废气、废固报告""]",tender_scoring_derived,needs_review,internal,企业内部资料,review_only,仅限人工复核,rejected_duplicate,精确重复，不新增,泰昌绿色低碳资料历史候选第157页,泰昌商务补充文件,泰昌商务补充文件,绿色低碳资料,来源于泰昌商务补充文件，历史位置为“补充文件/7.针对评审要素，需要补充的其他文件/7.2.绿色发展规划及管理体系认证/7.2.3.环境影响评价情况/（2）废水、废气、废固报告”。当前仅用于泰昌资料人工复核，未获准进入正式标书。,"[""泰昌"", ""绿色低碳资料"", ""历史标书候选"", ""商务标""]",formal_material_caption,资料：泰昌绿色低碳资料,taichang-visual-review-290cb8e7311fa166bcc6,False,False,False,blocked,尚未通过P0-06人工批准,0.9,assets/template_words/商务补充文件.docx,(三)补充文件/7.针对评审要素，需要补充的其他文件/7.2.绿色发展规划及管理体系认证/7.2.3.环境影响评价情况/（2）废水、废气、废固报告,4ae368b5a75aa330492e3c6006120acf50d37b3cd550478ebff34e1157e030e6,4ae368b5a75aa330492e3c6006120acf50d37b3cd550478ebff34e1157e030e6
business-media-0176,business,media,157,duplicate_exact,精确重复，不新增,河北泰昌电力器材科技有限公司,河北泰昌电力器材科技有限公司,mixed_historical_bid,product_library,产品库资料,green_low_carbon,绿色低碳资料,[],泰昌企业资料,"[""商务标""]","[""补充文件/7.针对评审要素，需要补充的其他文件/7.2.绿色发展规划及管理体系认证/7.2.3.环境影响评价情况/（2）废水、废气、废固报告""]",tender_scoring_derived,needs_review,internal,企业内部资料,review_only,仅限人工复核,rejected_duplicate,精确重复，不新增,泰昌绿色低碳资料历史候选第157页,泰昌商务补充文件,泰昌商务补充文件,绿色低碳资料,来源于泰昌商务补充文件，历史位置为“补充文件/7.针对评审要素，需要补充的其他文件/7.2.绿色发展规划及管理体系认证/7.2.3.环境影响评价情况/（2）废水、废气、废固报告”。当前仅用于泰昌资料人工复核，未获准进入正式标书。,"[""泰昌"", ""绿色低碳资料"", ""历史标书候选"", ""商务标""]",formal_material_caption,资料：泰昌绿色低碳资料,taichang-visual-review-a314c62b62deda8b46d3,False,False,False,blocked,尚未通过P0-06人工批准,0.9,assets/template_words/商务补充文件.docx,(三)补充文件/7.针对评审要素，需要补充的其他文件/7.2.绿色发展规划及管理体系认证/7.2.3.环境影响评价情况/（2）废水、废气、废固报告,b8f2add01f97c112665ccf459a70c292055e1a079986518e53cc85d604f42d7d,b8f2add01f97c112665ccf459a70c292055e1a079986518e53cc85d604f42d7d
business-media-0177,business,media,157,duplicate_exact,精确重复，不新增,河北泰昌电力器材科技有限公司,河北泰昌电力器材科技有限公司,mixed_historical_bid,product_library,产品库资料,green_low_carbon,绿色低碳资料,[],泰昌企业资料,"[""商务标""]","[""补充文件/7.针对评审要素，需要补充的其他文件/7.2.绿色发展规划及管理体系认证/7.2.3.环境影响评价情况/（2）废水、废气、废固报告""]",tender_scoring_derived,needs_review,internal,企业内部资料,review_only,仅限人工复核,rejected_duplicate,精确重复，不新增,泰昌绿色低碳资料历史候选第157页,泰昌商务补充文件,泰昌商务补充文件,绿色低碳资料,来源于泰昌商务补充文件，历史位置为“补充文件/7.针对评审要素，需要补充的其他文件/7.2.绿色发展规划及管理体系认证/7.2.3.环境影响评价情况/（2）废水、废气、废固报告”。当前仅用于泰昌资料人工复核，未获准进入正式标书。,"[""泰昌"", ""绿色低碳资料"", ""历史标书候选"", ""商务标""]",formal_material_caption,资料：泰昌绿色低碳资料,taichang-visual-review-6696ef55ee6a371d5f01,False,False,False,blocked,尚未通过P0-06人工批准,0.9,assets/template_words/商务补充文件.docx,(三)补充文件/7.针对评审要素，需要补充的其他文件/7.2.绿色发展规划及管理体系认证/7.2.3.环境影响评价情况/（2）废水、废气、废固报告,16f8e4105db610ef9ad1f92d563fd7fa1788542d9e9cc7c3700a1d45314a2ec3,16f8e4105db610ef9ad1f92d563fd7fa1788542d9e9cc7c3700a1d45314a2ec3
business-media-0178,business,media,157,duplicate_exact,精确重复，不新增,河北泰昌电力器材科技有限公司,河北泰昌电力器材科技有限公司,mixed_historical_bid,product_library,产品库资料,green_low_carbon,绿色低碳资料,[],泰昌企业资料,"[""商务标""]","[""补充文件/7.针对评审要素，需要补充的其他文件/7.2.绿色发展规划及管理体系认证/7.2.3.环境影响评价情况/（2）废水、废气、废固报告""]",tender_scoring_derived,needs_review,internal,企业内部资料,review_only,仅限人工复核,rejected_duplicate,精确重复，不新增,泰昌绿色低碳资料历史候选第157页,泰昌商务补充文件,泰昌商务补充文件,绿色低碳资料,来源于泰昌商务补充文件，历史位置为“补充文件/7.针对评审要素，需要补充的其他文件/7.2.绿色发展规划及管理体系认证/7.2.3.环境影响评价情况/（2）废水、废气、废固报告”。当前仅用于泰昌资料人工复核，未获准进入正式标书。,"[""泰昌"", ""绿色低碳资料"", ""历史标书候选"", ""商务标""]",formal_material_caption,资料：泰昌绿色低碳资料,taichang-visual-review-82fcc7b55f699ab3a862,False,False,False,blocked,尚未通过P0-06人工批准,0.9,assets/template_words/商务补充文件.docx,(三)补充文件/7.针对评审要素，需要补充的其他文件/7.2.绿色发展规划及管理体系认证/7.2.3.环境影响评价情况/（2）废水、废气、废固报告,b5e7e6503b048ccb870d2ab8c567dcbf1da812e0cc8ddfc1af1ec11726369712,b5e7e6503b048ccb870d2ab8c567dcbf1da812e0cc8ddfc1af1ec11726369712
business-media-0179,business,media,157,duplicate_exact,精确重复，不新增,河北泰昌电力器材科技有限公司,河北泰昌电力器材科技有限公司,mixed_historical_bid,product_library,产品库资料,green_low_carbon,绿色低碳资料,[],泰昌企业资料,"[""商务标""]","[""补充文件/7.针对评审要素，需要补充的其他文件/7.2.绿色发展规划及管理体系认证/7.2.3.环境影响评价情况/（2）废水、废气、废固报告""]",tender_scoring_derived,needs_review,internal,企业内部资料,review_only,仅限人工复核,rejected_duplicate,精确重复，不新增,泰昌绿色低碳资料历史候选第157页,泰昌商务补充文件,泰昌商务补充文件,绿色低碳资料,来源于泰昌商务补充文件，历史位置为“补充文件/7.针对评审要素，需要补充的其他文件/7.2.绿色发展规划及管理体系认证/7.2.3.环境影响评价情况/（2）废水、废气、废固报告”。当前仅用于泰昌资料人工复核，未获准进入正式标书。,"[""泰昌"", ""绿色低碳资料"", ""历史标书候选"", ""商务标""]",formal_material_caption,资料：泰昌绿色低碳资料,taichang-visual-review-ed71691c5d0f839c03cd,False,False,False,blocked,尚未通过P0-06人工批准,0.9,assets/template_words/商务补充文件.docx,(三)补充文件/7.针对评审要素，需要补充的其他文件/7.2.绿色发展规划及管理体系认证/7.2.3.环境影响评价情况/（2）废水、废气、废固报告,479898c47c7870c1d96be4afab55ba9197ae55f0dbaf9894b048c7bdc32bc2e1,479898c47c7870c1d96be4afab55ba9197ae55f0dbaf9894b048c7bdc32bc2e1
business-media-0180,business,media,157,duplicate_exact,精确重复，不新增,河北泰昌电力器材科技有限公司,河北泰昌电力器材科技有限公司,mixed_historical_bid,product_library,产品库资料,green_low_carbon,绿色低碳资料,[],泰昌企业资料,"[""商务标""]","[""补充文件/7.针对评审要素，需要补充的其他文件/7.2.绿色发展规划及管理体系认证/7.2.3.环境影响评价情况/（2）废水、废气、废固报告""]",tender_scoring_derived,needs_review,internal,企业内部资料,review_only,仅限人工复核,rejected_duplicate,精确重复，不新增,泰昌绿色低碳资料历史候选第157页,泰昌商务补充文件,泰昌商务补充文件,绿色低碳资料,来源于泰昌商务补充文件，历史位置为“补充文件/7.针对评审要素，需要补充的其他文件/7.2.绿色发展规划及管理体系认证/7.2.3.环境影响评价情况/（2）废水、废气、废固报告”。当前仅用于泰昌资料人工复核，未获准进入正式标书。,"[""泰昌"", ""绿色低碳资料"", ""历史标书候选"", ""商务标""]",formal_material_caption,资料：泰昌绿色低碳资料,taichang-visual-review-237de03be082f7692b2f,False,False,False,blocked,尚未通过P0-06人工批准,0.9,assets/template_words/商务补充文件.docx,(三)补充文件/7.针对评审要素，需要补充的其他文件/7.2.绿色发展规划及管理体系认证/7.2.3.环境影响评价情况/（2）废水、废气、废固报告,f6f6a57e66448f67112dcf237c767f9b28e4b101b68a0167edf577521429f964,f6f6a57e66448f67112dcf237c767f9b28e4b101b68a0167edf577521429f964
business-media-0181,business,media,157,duplicate_exact,精确重复，不新增,河北泰昌电力器材科技有限公司,河北泰昌电力器材科技有限公司,mixed_historical_bid,product_library,产品库资料,green_low_carbon,绿色低碳资料,[],泰昌企业资料,"[""商务标""]","[""补充文件/7.针对评审要素，需要补充的其他文件/7.2.绿色发展规划及管理体系认证/7.2.3.环境影响评价情况/（2）废水、废气、废固报告""]",tender_scoring_derived,needs_review,internal,企业内部资料,review_only,仅限人工复核,rejected_duplicate,精确重复，不新增,泰昌绿色低碳资料历史候选第157页,泰昌商务补充文件,泰昌商务补充文件,绿色低碳资料,来源于泰昌商务补充文件，历史位置为“补充文件/7.针对评审要素，需要补充的其他文件/7.2.绿色发展规划及管理体系认证/7.2.3.环境影响评价情况/（2）废水、废气、废固报告”。当前仅用于泰昌资料人工复核，未获准进入正式标书。,"[""泰昌"", ""绿色低碳资料"", ""历史标书候选"", ""商务标""]",formal_material_caption,资料：泰昌绿色低碳资料,taichang-visual-review-1b55d486b2ffa623cee3,False,False,False,blocked,尚未通过P0-06人工批准,0.9,assets/template_words/商务补充文件.docx,(三)补充文件/7.针对评审要素，需要补充的其他文件/7.2.绿色发展规划及管理体系认证/7.2.3.环境影响评价情况/（2）废水、废气、废固报告,499873f6405540c10e11678f274279f9ecd017bb9f69eecc22a291668de10c58,499873f6405540c10e11678f274279f9ecd017bb9f69eecc22a291668de10c58
business-media-0182,business,media,157,duplicate_exact,精确重复，不新增,河北泰昌电力器材科技有限公司,河北泰昌电力器材科技有限公司,mixed_historical_bid,product_library,产品库资料,green_low_carbon,绿色低碳资料,[],泰昌企业资料,"[""商务标""]","[""补充文件/7.针对评审要素，需要补充的其他文件/7.2.绿色发展规划及管理体系认证/7.2.3.环境影响评价情况/（2）废水、废气、废固报告""]",tender_scoring_derived,needs_review,internal,企业内部资料,review_only,仅限人工复核,rejected_duplicate,精确重复，不新增,泰昌绿色低碳资料历史候选第157页,泰昌商务补充文件,泰昌商务补充文件,绿色低碳资料,来源于泰昌商务补充文件，历史位置为“补充文件/7.针对评审要素，需要补充的其他文件/7.2.绿色发展规划及管理体系认证/7.2.3.环境影响评价情况/（2）废水、废气、废固报告”。当前仅用于泰昌资料人工复核，未获准进入正式标书。,"[""泰昌"", ""绿色低碳资料"", ""历史标书候选"", ""商务标""]",formal_material_caption,资料：泰昌绿色低碳资料,taichang-visual-review-5201c85412fa4e649d2e,False,False,False,blocked,尚未通过P0-06人工批准,0.9,assets/template_words/商务补充文件.docx,(三)补充文件/7.针对评审要素，需要补充的其他文件/7.2.绿色发展规划及管理体系认证/7.2.3.环境影响评价情况/（2）废水、废气、废固报告,9986821bf3488d4ae04a8f9b21c06aa8f88a5eb44d39c8c9a6f6b4c6a09ddcea,9986821bf3488d4ae04a8f9b21c06aa8f88a5eb44d39c8c9a6f6b4c6a09ddcea
business-media-0183,business,media,157,duplicate_exact,精确重复，不新增,河北泰昌电力器材科技有限公司,河北泰昌电力器材科技有限公司,mixed_historical_bid,product_library,产品库资料,green_low_carbon,绿色低碳资料,[],泰昌企业资料,"[""商务标""]","[""补充文件/7.针对评审要素，需要补充的其他文件/7.2.绿色发展规划及管理体系认证/7.2.3.环境影响评价情况/（2）废水、废气、废固报告""]",tender_scoring_derived,needs_review,internal,企业内部资料,review_only,仅限人工复核,rejected_duplicate,精确重复，不新增,泰昌绿色低碳资料历史候选第157页,泰昌商务补充文件,泰昌商务补充文件,绿色低碳资料,来源于泰昌商务补充文件，历史位置为“补充文件/7.针对评审要素，需要补充的其他文件/7.2.绿色发展规划及管理体系认证/7.2.3.环境影响评价情况/（2）废水、废气、废固报告”。当前仅用于泰昌资料人工复核，未获准进入正式标书。,"[""泰昌"", ""绿色低碳资料"", ""历史标书候选"", ""商务标""]",formal_material_caption,资料：泰昌绿色低碳资料,taichang-visual-review-5c44ec2b7eff6b5a758b,False,False,False,blocked,尚未通过P0-06人工批准,0.9,assets/template_words/商务补充文件.docx,(三)补充文件/7.针对评审要素，需要补充的其他文件/7.2.绿色发展规划及管理体系认证/7.2.3.环境影响评价情况/（2）废水、废气、废固报告,588d8803f7b67b04a43e4a0013cb1ed5f987a44b15c9b00aaba9c132eaa928b3,588d8803f7b67b04a43e4a0013cb1ed5f987a44b15c9b00aaba9c132eaa928b3
business-media-0184,business,media,157,duplicate_exact,精确重复，不新增,河北泰昌电力器材科技有限公司,河北泰昌电力器材科技有限公司,mixed_historical_bid,product_library,产品库资料,green_low_carbon,绿色低碳资料,[],泰昌企业资料,"[""商务标""]","[""补充文件/7.针对评审要素，需要补充的其他文件/7.2.绿色发展规划及管理体系认证/7.2.3.环境影响评价情况/（2）废水、废气、废固报告""]",tender_scoring_derived,needs_review,internal,企业内部资料,review_only,仅限人工复核,rejected_duplicate,精确重复，不新增,泰昌绿色低碳资料历史候选第157页,泰昌商务补充文件,泰昌商务补充文件,绿色低碳资料,来源于泰昌商务补充文件，历史位置为“补充文件/7.针对评审要素，需要补充的其他文件/7.2.绿色发展规划及管理体系认证/7.2.3.环境影响评价情况/（2）废水、废气、废固报告”。当前仅用于泰昌资料人工复核，未获准进入正式标书。,"[""泰昌"", ""绿色低碳资料"", ""历史标书候选"", ""商务标""]",formal_material_caption,资料：泰昌绿色低碳资料,taichang-visual-review-563e861273189c0c7c28,False,False,False,blocked,尚未通过P0-06人工批准,0.9,assets/template_words/商务补充文件.docx,(三)补充文件/7.针对评审要素，需要补充的其他文件/7.2.绿色发展规划及管理体系认证/7.2.3.环境影响评价情况/（2）废水、废气、废固报告,9faab1147ebaafa065624fd2f9808e2ef15677050d630a71f5f42cfe1f5568fe,9faab1147ebaafa065624fd2f9808e2ef15677050d630a71f5f42cfe1f5568fe
business-media-0185,business,media,157,duplicate_exact,精确重复，不新增,河北泰昌电力器材科技有限公司,河北泰昌电力器材科技有限公司,mixed_historical_bid,product_library,产品库资料,green_low_carbon,绿色低碳资料,[],泰昌企业资料,"[""商务标""]","[""补充文件/7.针对评审要素，需要补充的其他文件/7.2.绿色发展规划及管理体系认证/7.2.3.环境影响评价情况/（2）废水、废气、废固报告""]",tender_scoring_derived,needs_review,internal,企业内部资料,review_only,仅限人工复核,rejected_duplicate,精确重复，不新增,泰昌绿色低碳资料历史候选第157页,泰昌商务补充文件,泰昌商务补充文件,绿色低碳资料,来源于泰昌商务补充文件，历史位置为“补充文件/7.针对评审要素，需要补充的其他文件/7.2.绿色发展规划及管理体系认证/7.2.3.环境影响评价情况/（2）废水、废气、废固报告”。当前仅用于泰昌资料人工复核，未获准进入正式标书。,"[""泰昌"", ""绿色低碳资料"", ""历史标书候选"", ""商务标""]",formal_material_caption,资料：泰昌绿色低碳资料,taichang-visual-review-87b5bcb05af280e21ef8,False,False,False,blocked,尚未通过P0-06人工批准,0.9,assets/template_words/商务补充文件.docx,(三)补充文件/7.针对评审要素，需要补充的其他文件/7.2.绿色发展规划及管理体系认证/7.2.3.环境影响评价情况/（2）废水、废气、废固报告,ba09806dd491589dff85535255125521d1a320f0e21a14b79a3c20f32352b35e,ba09806dd491589dff85535255125521d1a320f0e21a14b79a3c20f32352b35e
business-media-0186,business,media,157,duplicate_exact,精确重复，不新增,河北泰昌电力器材科技有限公司,河北泰昌电力器材科技有限公司,mixed_historical_bid,product_library,产品库资料,green_low_carbon,绿色低碳资料,[],泰昌企业资料,"[""商务标""]","[""补充文件/7.针对评审要素，需要补充的其他文件/7.2.绿色发展规划及管理体系认证/7.2.3.环境影响评价情况/（2）废水、废气、废固报告""]",tender_scoring_derived,needs_review,internal,企业内部资料,review_only,仅限人工复核,rejected_duplicate,精确重复，不新增,泰昌绿色低碳资料历史候选第157页,泰昌商务补充文件,泰昌商务补充文件,绿色低碳资料,来源于泰昌商务补充文件，历史位置为“补充文件/7.针对评审要素，需要补充的其他文件/7.2.绿色发展规划及管理体系认证/7.2.3.环境影响评价情况/（2）废水、废气、废固报告”。当前仅用于泰昌资料人工复核，未获准进入正式标书。,"[""泰昌"", ""绿色低碳资料"", ""历史标书候选"", ""商务标""]",formal_material_caption,资料：泰昌绿色低碳资料,taichang-visual-review-22d25ab9ecb81a60f30e,False,False,False,blocked,尚未通过P0-06人工批准,0.9,assets/template_words/商务补充文件.docx,(三)补充文件/7.针对评审要素，需要补充的其他文件/7.2.绿色发展规划及管理体系认证/7.2.3.环境影响评价情况/（2）废水、废气、废固报告,9fc2e200f1380cc03b9b37a78e7f94de68cd477d4d218839566a52232e962998,9fc2e200f1380cc03b9b37a78e7f94de68cd477d4d218839566a52232e962998
business-media-0187,business,media,157,duplicate_exact,精确重复，不新增,河北泰昌电力器材科技有限公司,河北泰昌电力器材科技有限公司,mixed_historical_bid,product_library,产品库资料,green_low_carbon,绿色低碳资料,[],泰昌企业资料,"[""商务标""]","[""补充文件/7.针对评审要素，需要补充的其他文件/7.2.绿色发展规划及管理体系认证/7.2.3.环境影响评价情况/（2）废水、废气、废固报告""]",tender_scoring_derived,needs_review,internal,企业内部资料,review_only,仅限人工复核,rejected_duplicate,精确重复，不新增,泰昌绿色低碳资料历史候选第157页,泰昌商务补充文件,泰昌商务补充文件,绿色低碳资料,来源于泰昌商务补充文件，历史位置为“补充文件/7.针对评审要素，需要补充的其他文件/7.2.绿色发展规划及管理体系认证/7.2.3.环境影响评价情况/（2）废水、废气、废固报告”。当前仅用于泰昌资料人工复核，未获准进入正式标书。,"[""泰昌"", ""绿色低碳资料"", ""历史标书候选"", ""商务标""]",formal_material_caption,资料：泰昌绿色低碳资料,taichang-visual-review-c0c450ff30e2c21edfd5,False,False,False,blocked,尚未通过P0-06人工批准,0.9,assets/template_words/商务补充文件.docx,(三)补充文件/7.针对评审要素，需要补充的其他文件/7.2.绿色发展规划及管理体系认证/7.2.3.环境影响评价情况/（2）废水、废气、废固报告,8f9d12a787446e50ee40a078e169fd53165c84873183815d3b977cd7179d6344,8f9d12a787446e50ee40a078e169fd53165c84873183815d3b977cd7179d6344
business-media-0188,business,media,157,duplicate_exact,精确重复，不新增,河北泰昌电力器材科技有限公司,河北泰昌电力器材科技有限公司,mixed_historical_bid,product_library,产品库资料,green_low_carbon,绿色低碳资料,[],泰昌企业资料,"[""商务标""]","[""补充文件/7.针对评审要素，需要补充的其他文件/7.2.绿色发展规划及管理体系认证/7.2.3.环境影响评价情况/（2）废水、废气、废固报告""]",tender_scoring_derived,needs_review,internal,企业内部资料,review_only,仅限人工复核,rejected_duplicate,精确重复，不新增,泰昌绿色低碳资料历史候选第157页,泰昌商务补充文件,泰昌商务补充文件,绿色低碳资料,来源于泰昌商务补充文件，历史位置为“补充文件/7.针对评审要素，需要补充的其他文件/7.2.绿色发展规划及管理体系认证/7.2.3.环境影响评价情况/（2）废水、废气、废固报告”。当前仅用于泰昌资料人工复核，未获准进入正式标书。,"[""泰昌"", ""绿色低碳资料"", ""历史标书候选"", ""商务标""]",formal_material_caption,资料：泰昌绿色低碳资料,taichang-visual-review-5356a247ca2ad3660c1e,False,False,False,blocked,尚未通过P0-06人工批准,0.9,assets/template_words/商务补充文件.docx,(三)补充文件/7.针对评审要素，需要补充的其他文件/7.2.绿色发展规划及管理体系认证/7.2.3.环境影响评价情况/（2）废水、废气、废固报告,685812d25e29b09f6c3f5b146fb53fd45614e461f55be101e3e7b8a7458207d2,685812d25e29b09f6c3f5b146fb53fd45614e461f55be101e3e7b8a7458207d2
business-chapter-041,business,chapter,191,new,未发现重复，仍需审核,河北泰昌电力器材科技有限公司,河北泰昌电力器材科技有限公司,mixed_historical_bid,reference_template_library,历史参考资料,historical_structure_reference,历史目录结构参考,[],泰昌企业资料,"[""商务标""]","[""补充文件/7.针对评审要素，需要补充的其他文件/7.2.绿色发展规划及管理体系认证/7.2.3.环境影响评价情况/（3）现状环境影响评估报告""]",tender_scoring_derived,needs_review,internal,企业内部资料,review_only,仅限人工复核,not_asset_reference,非资产结构参考,泰昌商务标历史目录参考：补充文件/7.针对评审要素，需要补充的其他文件/7.2.绿色发展规划及管理体系认证/7.2.3.环境影响评价情况/（3）现状环境影响评估报告,泰昌商务补充文件,泰昌商务补充文件,历史目录结构参考,来源于泰昌商务补充文件，历史位置为“补充文件/7.针对评审要素，需要补充的其他文件/7.2.绿色发展规划及管理体系认证/7.2.3.环境影响评价情况/（3）现状环境影响评估报告”。当前仅用于泰昌资料人工复核，未获准进入正式标书。,"[""泰昌"", ""历史目录结构参考"", ""历史标书候选"", ""商务标""]",suppressed_document_page_caption,,,False,False,False,blocked,尚未通过P0-06人工批准,1.0,assets/template_words/商务补充文件.docx,(三)补充文件/7.针对评审要素，需要补充的其他文件/7.2.绿色发展规划及管理体系认证/7.2.3.环境影响评价情况/（3）现状环境影响评估报告,55cab76eef2301cea249d565656285b651fee1a08a712b7356d41d2910e76ba1,
business-media-0189,business,media,191,duplicate_exact,精确重复，不新增,河北泰昌电力器材科技有限公司,河北泰昌电力器材科技有限公司,mixed_historical_bid,product_library,产品库资料,green_low_carbon,绿色低碳资料,[],泰昌企业资料,"[""商务标""]","[""补充文件/7.针对评审要素，需要补充的其他文件/7.2.绿色发展规划及管理体系认证/7.2.3.环境影响评价情况/（3）现状环境影响评估报告""]",tender_scoring_derived,needs_review,internal,企业内部资料,review_only,仅限人工复核,rejected_duplicate,精确重复，不新增,泰昌绿色低碳资料历史候选第191页,泰昌商务补充文件,泰昌商务补充文件,绿色低碳资料,来源于泰昌商务补充文件，历史位置为“补充文件/7.针对评审要素，需要补充的其他文件/7.2.绿色发展规划及管理体系认证/7.2.3.环境影响评价情况/（3）现状环境影响评估报告”。当前仅用于泰昌资料人工复核，未获准进入正式标书。,"[""泰昌"", ""绿色低碳资料"", ""历史标书候选"", ""商务标""]",formal_material_caption,资料：泰昌绿色低碳资料,taichang-exact-3d9095f31601b16bdfbf,False,False,False,blocked,尚未通过P0-06人工批准,0.9,assets/template_words/商务补充文件.docx,(三)补充文件/7.针对评审要素，需要补充的其他文件/7.2.绿色发展规划及管理体系认证/7.2.3.环境影响评价情况/（3）现状环境影响评估报告,8e24f6a724ab97a277d1d2c86f891803db59984c28c196c5883f61389929cd77,8e24f6a724ab97a277d1d2c86f891803db59984c28c196c5883f61389929cd77
business-media-0190,business,media,191,duplicate_exact,精确重复，不新增,河北泰昌电力器材科技有限公司,河北泰昌电力器材科技有限公司,mixed_historical_bid,product_library,产品库资料,green_low_carbon,绿色低碳资料,[],泰昌企业资料,"[""商务标""]","[""补充文件/7.针对评审要素，需要补充的其他文件/7.2.绿色发展规划及管理体系认证/7.2.3.环境影响评价情况/（3）现状环境影响评估报告""]",tender_scoring_derived,needs_review,internal,企业内部资料,review_only,仅限人工复核,rejected_duplicate,精确重复，不新增,泰昌绿色低碳资料历史候选第191页,泰昌商务补充文件,泰昌商务补充文件,绿色低碳资料,来源于泰昌商务补充文件，历史位置为“补充文件/7.针对评审要素，需要补充的其他文件/7.2.绿色发展规划及管理体系认证/7.2.3.环境影响评价情况/（3）现状环境影响评估报告”。当前仅用于泰昌资料人工复核，未获准进入正式标书。,"[""泰昌"", ""绿色低碳资料"", ""历史标书候选"", ""商务标""]",formal_material_caption,资料：泰昌绿色低碳资料,taichang-exact-c032586455af84b9d7f1,False,False,False,blocked,尚未通过P0-06人工批准,0.9,assets/template_words/商务补充文件.docx,(三)补充文件/7.针对评审要素，需要补充的其他文件/7.2.绿色发展规划及管理体系认证/7.2.3.环境影响评价情况/（3）现状环境影响评估报告,7d1d24a2e7f12ae1c9d2e7ea02fe5edaec20cb1c540c8fae1abbcdfb2146f1ea,7d1d24a2e7f12ae1c9d2e7ea02fe5edaec20cb1c540c8fae1abbcdfb2146f1ea
business-media-0191,business,media,191,duplicate_exact,精确重复，不新增,河北泰昌电力器材科技有限公司,河北泰昌电力器材科技有限公司,mixed_historical_bid,product_library,产品库资料,green_low_carbon,绿色低碳资料,[],泰昌企业资料,"[""商务标""]","[""补充文件/7.针对评审要素，需要补充的其他文件/7.2.绿色发展规划及管理体系认证/7.2.3.环境影响评价情况/（3）现状环境影响评估报告""]",tender_scoring_derived,needs_review,internal,企业内部资料,review_only,仅限人工复核,rejected_duplicate,精确重复，不新增,泰昌绿色低碳资料历史候选第191页,泰昌商务补充文件,泰昌商务补充文件,绿色低碳资料,来源于泰昌商务补充文件，历史位置为“补充文件/7.针对评审要素，需要补充的其他文件/7.2.绿色发展规划及管理体系认证/7.2.3.环境影响评价情况/（3）现状环境影响评估报告”。当前仅用于泰昌资料人工复核，未获准进入正式标书。,"[""泰昌"", ""绿色低碳资料"", ""历史标书候选"", ""商务标""]",formal_material_caption,资料：泰昌绿色低碳资料,taichang-exact-3b7a3d9ab46272739a09,False,False,False,blocked,尚未通过P0-06人工批准,0.9,assets/template_words/商务补充文件.docx,(三)补充文件/7.针对评审要素，需要补充的其他文件/7.2.绿色发展规划及管理体系认证/7.2.3.环境影响评价情况/（3）现状环境影响评估报告,bbe38d2c7dee30948389dc25fe42c074fce74c1c46189affee0900a8f77f7f96,bbe38d2c7dee30948389dc25fe42c074fce74c1c46189affee0900a8f77f7f96
business-media-0192,business,media,191,duplicate_exact,精确重复，不新增,河北泰昌电力器材科技有限公司,河北泰昌电力器材科技有限公司,mixed_historical_bid,product_library,产品库资料,green_low_carbon,绿色低碳资料,[],泰昌企业资料,"[""商务标""]","[""补充文件/7.针对评审要素，需要补充的其他文件/7.2.绿色发展规划及管理体系认证/7.2.3.环境影响评价情况/（3）现状环境影响评估报告""]",tender_scoring_derived,needs_review,internal,企业内部资料,review_only,仅限人工复核,rejected_duplicate,精确重复，不新增,泰昌绿色低碳资料历史候选第191页,泰昌商务补充文件,泰昌商务补充文件,绿色低碳资料,来源于泰昌商务补充文件，历史位置为“补充文件/7.针对评审要素，需要补充的其他文件/7.2.绿色发展规划及管理体系认证/7.2.3.环境影响评价情况/（3）现状环境影响评估报告”。当前仅用于泰昌资料人工复核，未获准进入正式标书。,"[""泰昌"", ""绿色低碳资料"", ""历史标书候选"", ""商务标""]",formal_material_caption,资料：泰昌绿色低碳资料,taichang-exact-45c13daa884fa0e9ff93,False,False,False,blocked,尚未通过P0-06人工批准,0.9,assets/template_words/商务补充文件.docx,(三)补充文件/7.针对评审要素，需要补充的其他文件/7.2.绿色发展规划及管理体系认证/7.2.3.环境影响评价情况/（3）现状环境影响评估报告,7dbc70784a36053d79fe5a601ad065eea400999a0660474e13993cd1c2f0d4bb,7dbc70784a36053d79fe5a601ad065eea400999a0660474e13993cd1c2f0d4bb
business-media-0193,business,media,191,duplicate_exact,精确重复，不新增,河北泰昌电力器材科技有限公司,河北泰昌电力器材科技有限公司,mixed_historical_bid,product_library,产品库资料,green_low_carbon,绿色低碳资料,[],泰昌企业资料,"[""商务标""]","[""补充文件/7.针对评审要素，需要补充的其他文件/7.2.绿色发展规划及管理体系认证/7.2.3.环境影响评价情况/（3）现状环境影响评估报告""]",tender_scoring_derived,needs_review,internal,企业内部资料,review_only,仅限人工复核,rejected_duplicate,精确重复，不新增,泰昌绿色低碳资料历史候选第191页,泰昌商务补充文件,泰昌商务补充文件,绿色低碳资料,来源于泰昌商务补充文件，历史位置为“补充文件/7.针对评审要素，需要补充的其他文件/7.2.绿色发展规划及管理体系认证/7.2.3.环境影响评价情况/（3）现状环境影响评估报告”。当前仅用于泰昌资料人工复核，未获准进入正式标书。,"[""泰昌"", ""绿色低碳资料"", ""历史标书候选"", ""商务标""]",formal_material_caption,资料：泰昌绿色低碳资料,taichang-exact-95a7d435980e6f0c5ca2,False,False,False,blocked,尚未通过P0-06人工批准,0.9,assets/template_words/商务补充文件.docx,(三)补充文件/7.针对评审要素，需要补充的其他文件/7.2.绿色发展规划及管理体系认证/7.2.3.环境影响评价情况/（3）现状环境影响评估报告,b2006428acf2873c9c774620c1721a97d2424928f4799409e86f08cc404af1d0,b2006428acf2873c9c774620c1721a97d2424928f4799409e86f08cc404af1d0
business-media-0194,business,media,191,duplicate_exact,精确重复，不新增,河北泰昌电力器材科技有限公司,河北泰昌电力器材科技有限公司,mixed_historical_bid,product_library,产品库资料,green_low_carbon,绿色低碳资料,[],泰昌企业资料,"[""商务标""]","[""补充文件/7.针对评审要素，需要补充的其他文件/7.2.绿色发展规划及管理体系认证/7.2.3.环境影响评价情况/（3）现状环境影响评估报告""]",tender_scoring_derived,needs_review,internal,企业内部资料,review_only,仅限人工复核,rejected_duplicate,精确重复，不新增,泰昌绿色低碳资料历史候选第191页,泰昌商务补充文件,泰昌商务补充文件,绿色低碳资料,来源于泰昌商务补充文件，历史位置为“补充文件/7.针对评审要素，需要补充的其他文件/7.2.绿色发展规划及管理体系认证/7.2.3.环境影响评价情况/（3）现状环境影响评估报告”。当前仅用于泰昌资料人工复核，未获准进入正式标书。,"[""泰昌"", ""绿色低碳资料"", ""历史标书候选"", ""商务标""]",formal_material_caption,资料：泰昌绿色低碳资料,taichang-exact-6a9748f3cb047efa235b,False,False,False,blocked,尚未通过P0-06人工批准,0.9,assets/template_words/商务补充文件.docx,(三)补充文件/7.针对评审要素，需要补充的其他文件/7.2.绿色发展规划及管理体系认证/7.2.3.环境影响评价情况/（3）现状环境影响评估报告,993640090a656b25cdce4684e9464de4c040760296847853f703ad0c8c9b3d31,993640090a656b25cdce4684e9464de4c040760296847853f703ad0c8c9b3d31
business-media-0195,business,media,191,duplicate_exact,精确重复，不新增,河北泰昌电力器材科技有限公司,河北泰昌电力器材科技有限公司,mixed_historical_bid,product_library,产品库资料,green_low_carbon,绿色低碳资料,[],泰昌企业资料,"[""商务标""]","[""补充文件/7.针对评审要素，需要补充的其他文件/7.2.绿色发展规划及管理体系认证/7.2.3.环境影响评价情况/（3）现状环境影响评估报告""]",tender_scoring_derived,needs_review,internal,企业内部资料,review_only,仅限人工复核,rejected_duplicate,精确重复，不新增,泰昌绿色低碳资料历史候选第191页,泰昌商务补充文件,泰昌商务补充文件,绿色低碳资料,来源于泰昌商务补充文件，历史位置为“补充文件/7.针对评审要素，需要补充的其他文件/7.2.绿色发展规划及管理体系认证/7.2.3.环境影响评价情况/（3）现状环境影响评估报告”。当前仅用于泰昌资料人工复核，未获准进入正式标书。,"[""泰昌"", ""绿色低碳资料"", ""历史标书候选"", ""商务标""]",formal_material_caption,资料：泰昌绿色低碳资料,taichang-exact-8df3100007f57ab2a416,False,False,False,blocked,尚未通过P0-06人工批准,0.9,assets/template_words/商务补充文件.docx,(三)补充文件/7.针对评审要素，需要补充的其他文件/7.2.绿色发展规划及管理体系认证/7.2.3.环境影响评价情况/（3）现状环境影响评估报告,47dfbd34a32b588e1bd59470918b25f7289664602e450bd4dd339ab559a8187f,47dfbd34a32b588e1bd59470918b25f7289664602e450bd4dd339ab559a8187f
business-media-0196,business,media,191,duplicate_exact,精确重复，不新增,河北泰昌电力器材科技有限公司,河北泰昌电力器材科技有限公司,mixed_historical_bid,product_library,产品库资料,green_low_carbon,绿色低碳资料,[],泰昌企业资料,"[""商务标""]","[""补充文件/7.针对评审要素，需要补充的其他文件/7.2.绿色发展规划及管理体系认证/7.2.3.环境影响评价情况/（3）现状环境影响评估报告""]",tender_scoring_derived,needs_review,internal,企业内部资料,review_only,仅限人工复核,rejected_duplicate,精确重复，不新增,泰昌绿色低碳资料历史候选第191页,泰昌商务补充文件,泰昌商务补充文件,绿色低碳资料,来源于泰昌商务补充文件，历史位置为“补充文件/7.针对评审要素，需要补充的其他文件/7.2.绿色发展规划及管理体系认证/7.2.3.环境影响评价情况/（3）现状环境影响评估报告”。当前仅用于泰昌资料人工复核，未获准进入正式标书。,"[""泰昌"", ""绿色低碳资料"", ""历史标书候选"", ""商务标""]",formal_material_caption,资料：泰昌绿色低碳资料,taichang-exact-e77e0b4b1da1eec0ea1b,False,False,False,blocked,尚未通过P0-06人工批准,0.9,assets/template_words/商务补充文件.docx,(三)补充文件/7.针对评审要素，需要补充的其他文件/7.2.绿色发展规划及管理体系认证/7.2.3.环境影响评价情况/（3）现状环境影响评估报告,15e045907d29a4fd81f083cf246a70d5248ae9a8d1bc55a2323e0dc4bbc56c46,15e045907d29a4fd81f083cf246a70d5248ae9a8d1bc55a2323e0dc4bbc56c46
business-media-0197,business,media,191,duplicate_exact,精确重复，不新增,河北泰昌电力器材科技有限公司,河北泰昌电力器材科技有限公司,mixed_historical_bid,product_library,产品库资料,green_low_carbon,绿色低碳资料,[],泰昌企业资料,"[""商务标""]","[""补充文件/7.针对评审要素，需要补充的其他文件/7.2.绿色发展规划及管理体系认证/7.2.3.环境影响评价情况/（3）现状环境影响评估报告""]",tender_scoring_derived,needs_review,internal,企业内部资料,review_only,仅限人工复核,rejected_duplicate,精确重复，不新增,泰昌绿色低碳资料历史候选第191页,泰昌商务补充文件,泰昌商务补充文件,绿色低碳资料,来源于泰昌商务补充文件，历史位置为“补充文件/7.针对评审要素，需要补充的其他文件/7.2.绿色发展规划及管理体系认证/7.2.3.环境影响评价情况/（3）现状环境影响评估报告”。当前仅用于泰昌资料人工复核，未获准进入正式标书。,"[""泰昌"", ""绿色低碳资料"", ""历史标书候选"", ""商务标""]",formal_material_caption,资料：泰昌绿色低碳资料,taichang-exact-0e4fd9b829fa6a1a070f,False,False,False,blocked,尚未通过P0-06人工批准,0.9,assets/template_words/商务补充文件.docx,(三)补充文件/7.针对评审要素，需要补充的其他文件/7.2.绿色发展规划及管理体系认证/7.2.3.环境影响评价情况/（3）现状环境影响评估报告,bb7519dfc61be6ec193f527a77f0ec24c38205689472f95898e6b014f89d6215,bb7519dfc61be6ec193f527a77f0ec24c38205689472f95898e6b014f89d6215
business-media-0198,business,media,191,duplicate_exact,精确重复，不新增,河北泰昌电力器材科技有限公司,河北泰昌电力器材科技有限公司,mixed_historical_bid,product_library,产品库资料,green_low_carbon,绿色低碳资料,[],泰昌企业资料,"[""商务标""]","[""补充文件/7.针对评审要素，需要补充的其他文件/7.2.绿色发展规划及管理体系认证/7.2.3.环境影响评价情况/（3）现状环境影响评估报告""]",tender_scoring_derived,needs_review,internal,企业内部资料,review_only,仅限人工复核,rejected_duplicate,精确重复，不新增,泰昌绿色低碳资料历史候选第191页,泰昌商务补充文件,泰昌商务补充文件,绿色低碳资料,来源于泰昌商务补充文件，历史位置为“补充文件/7.针对评审要素，需要补充的其他文件/7.2.绿色发展规划及管理体系认证/7.2.3.环境影响评价情况/（3）现状环境影响评估报告”。当前仅用于泰昌资料人工复核，未获准进入正式标书。,"[""泰昌"", ""绿色低碳资料"", ""历史标书候选"", ""商务标""]",formal_material_caption,资料：泰昌绿色低碳资料,taichang-exact-98000c0c2fb5e96d2a83,False,False,False,blocked,尚未通过P0-06人工批准,0.9,assets/template_words/商务补充文件.docx,(三)补充文件/7.针对评审要素，需要补充的其他文件/7.2.绿色发展规划及管理体系认证/7.2.3.环境影响评价情况/（3）现状环境影响评估报告,f3c5130a731320a4ffab7902dc3eba222c714806a4513c7a929684dc83d5e967,f3c5130a731320a4ffab7902dc3eba222c714806a4513c7a929684dc83d5e967
business-media-0199,business,media,191,duplicate_exact,精确重复，不新增,河北泰昌电力器材科技有限公司,河北泰昌电力器材科技有限公司,mixed_historical_bid,product_library,产品库资料,green_low_carbon,绿色低碳资料,[],泰昌企业资料,"[""商务标""]","[""补充文件/7.针对评审要素，需要补充的其他文件/7.2.绿色发展规划及管理体系认证/7.2.3.环境影响评价情况/（3）现状环境影响评估报告""]",tender_scoring_derived,needs_review,internal,企业内部资料,review_only,仅限人工复核,rejected_duplicate,精确重复，不新增,泰昌绿色低碳资料历史候选第191页,泰昌商务补充文件,泰昌商务补充文件,绿色低碳资料,来源于泰昌商务补充文件，历史位置为“补充文件/7.针对评审要素，需要补充的其他文件/7.2.绿色发展规划及管理体系认证/7.2.3.环境影响评价情况/（3）现状环境影响评估报告”。当前仅用于泰昌资料人工复核，未获准进入正式标书。,"[""泰昌"", ""绿色低碳资料"", ""历史标书候选"", ""商务标""]",formal_material_caption,资料：泰昌绿色低碳资料,taichang-exact-dfbdb56f3bf753438476,False,False,False,blocked,尚未通过P0-06人工批准,0.9,assets/template_words/商务补充文件.docx,(三)补充文件/7.针对评审要素，需要补充的其他文件/7.2.绿色发展规划及管理体系认证/7.2.3.环境影响评价情况/（3）现状环境影响评估报告,94f33be3e1899ed94b2e5c206df57343762376b81c120427392ac0a2cb36152e,94f33be3e1899ed94b2e5c206df57343762376b81c120427392ac0a2cb36152e
business-media-0200,business,media,191,duplicate_exact,精确重复，不新增,河北泰昌电力器材科技有限公司,河北泰昌电力器材科技有限公司,mixed_historical_bid,product_library,产品库资料,green_low_carbon,绿色低碳资料,[],泰昌企业资料,"[""商务标""]","[""补充文件/7.针对评审要素，需要补充的其他文件/7.2.绿色发展规划及管理体系认证/7.2.3.环境影响评价情况/（3）现状环境影响评估报告""]",tender_scoring_derived,needs_review,internal,企业内部资料,review_only,仅限人工复核,rejected_duplicate,精确重复，不新增,泰昌绿色低碳资料历史候选第191页,泰昌商务补充文件,泰昌商务补充文件,绿色低碳资料,来源于泰昌商务补充文件，历史位置为“补充文件/7.针对评审要素，需要补充的其他文件/7.2.绿色发展规划及管理体系认证/7.2.3.环境影响评价情况/（3）现状环境影响评估报告”。当前仅用于泰昌资料人工复核，未获准进入正式标书。,"[""泰昌"", ""绿色低碳资料"", ""历史标书候选"", ""商务标""]",formal_material_caption,资料：泰昌绿色低碳资料,taichang-exact-97b010321d2779b91e10,False,False,False,blocked,尚未通过P0-06人工批准,0.9,assets/template_words/商务补充文件.docx,(三)补充文件/7.针对评审要素，需要补充的其他文件/7.2.绿色发展规划及管理体系认证/7.2.3.环境影响评价情况/（3）现状环境影响评估报告,643dd28150bce48492e553b7b7c74a5ca735a020e2888eff059df2a8522aae9a,643dd28150bce48492e553b7b7c74a5ca735a020e2888eff059df2a8522aae9a
business-media-0201,business,media,191,duplicate_exact,精确重复，不新增,河北泰昌电力器材科技有限公司,河北泰昌电力器材科技有限公司,mixed_historical_bid,product_library,产品库资料,green_low_carbon,绿色低碳资料,[],泰昌企业资料,"[""商务标""]","[""补充文件/7.针对评审要素，需要补充的其他文件/7.2.绿色发展规划及管理体系认证/7.2.3.环境影响评价情况/（3）现状环境影响评估报告""]",tender_scoring_derived,needs_review,internal,企业内部资料,review_only,仅限人工复核,rejected_duplicate,精确重复，不新增,泰昌绿色低碳资料历史候选第191页,泰昌商务补充文件,泰昌商务补充文件,绿色低碳资料,来源于泰昌商务补充文件，历史位置为“补充文件/7.针对评审要素，需要补充的其他文件/7.2.绿色发展规划及管理体系认证/7.2.3.环境影响评价情况/（3）现状环境影响评估报告”。当前仅用于泰昌资料人工复核，未获准进入正式标书。,"[""泰昌"", ""绿色低碳资料"", ""历史标书候选"", ""商务标""]",formal_material_caption,资料：泰昌绿色低碳资料,taichang-exact-40e44c0368f3779dd124,False,False,False,blocked,尚未通过P0-06人工批准,0.9,assets/template_words/商务补充文件.docx,(三)补充文件/7.针对评审要素，需要补充的其他文件/7.2.绿色发展规划及管理体系认证/7.2.3.环境影响评价情况/（3）现状环境影响评估报告,337bb43a0e8919924f3adf2f163ef5ffaa6eee59dfb0e9d9a2fc9b2589b1ad77,337bb43a0e8919924f3adf2f163ef5ffaa6eee59dfb0e9d9a2fc9b2589b1ad77
business-media-0202,business,media,191,duplicate_exact,精确重复，不新增,河北泰昌电力器材科技有限公司,河北泰昌电力器材科技有限公司,mixed_historical_bid,product_library,产品库资料,green_low_carbon,绿色低碳资料,[],泰昌企业资料,"[""商务标""]","[""补充文件/7.针对评审要素，需要补充的其他文件/7.2.绿色发展规划及管理体系认证/7.2.3.环境影响评价情况/（3）现状环境影响评估报告""]",tender_scoring_derived,needs_review,internal,企业内部资料,review_only,仅限人工复核,rejected_duplicate,精确重复，不新增,泰昌绿色低碳资料历史候选第191页,泰昌商务补充文件,泰昌商务补充文件,绿色低碳资料,来源于泰昌商务补充文件，历史位置为“补充文件/7.针对评审要素，需要补充的其他文件/7.2.绿色发展规划及管理体系认证/7.2.3.环境影响评价情况/（3）现状环境影响评估报告”。当前仅用于泰昌资料人工复核，未获准进入正式标书。,"[""泰昌"", ""绿色低碳资料"", ""历史标书候选"", ""商务标""]",formal_material_caption,资料：泰昌绿色低碳资料,taichang-exact-d2daca8a2e60ca858afd,False,False,False,blocked,尚未通过P0-06人工批准,0.9,assets/template_words/商务补充文件.docx,(三)补充文件/7.针对评审要素，需要补充的其他文件/7.2.绿色发展规划及管理体系认证/7.2.3.环境影响评价情况/（3）现状环境影响评估报告,5d95cd885079ef019a18453a0b9ec16a74e7078e1f9a91153cf5ce177412df7a,5d95cd885079ef019a18453a0b9ec16a74e7078e1f9a91153cf5ce177412df7a
business-media-0203,business,media,191,duplicate_exact,精确重复，不新增,河北泰昌电力器材科技有限公司,河北泰昌电力器材科技有限公司,mixed_historical_bid,product_library,产品库资料,green_low_carbon,绿色低碳资料,[],泰昌企业资料,"[""商务标""]","[""补充文件/7.针对评审要素，需要补充的其他文件/7.2.绿色发展规划及管理体系认证/7.2.3.环境影响评价情况/（3）现状环境影响评估报告""]",tender_scoring_derived,needs_review,internal,企业内部资料,review_only,仅限人工复核,rejected_duplicate,精确重复，不新增,泰昌绿色低碳资料历史候选第191页,泰昌商务补充文件,泰昌商务补充文件,绿色低碳资料,来源于泰昌商务补充文件，历史位置为“补充文件/7.针对评审要素，需要补充的其他文件/7.2.绿色发展规划及管理体系认证/7.2.3.环境影响评价情况/（3）现状环境影响评估报告”。当前仅用于泰昌资料人工复核，未获准进入正式标书。,"[""泰昌"", ""绿色低碳资料"", ""历史标书候选"", ""商务标""]",formal_material_caption,资料：泰昌绿色低碳资料,taichang-exact-d410b37565d7742e5052,False,False,False,blocked,尚未通过P0-06人工批准,0.9,assets/template_words/商务补充文件.docx,(三)补充文件/7.针对评审要素，需要补充的其他文件/7.2.绿色发展规划及管理体系认证/7.2.3.环境影响评价情况/（3）现状环境影响评估报告,ab3353880325d22b5429960ecce976790704e263e9dcaae174eda29fdca3a8b8,ab3353880325d22b5429960ecce976790704e263e9dcaae174eda29fdca3a8b8
business-media-0204,business,media,191,duplicate_exact,精确重复，不新增,河北泰昌电力器材科技有限公司,河北泰昌电力器材科技有限公司,mixed_historical_bid,product_library,产品库资料,green_low_carbon,绿色低碳资料,[],泰昌企业资料,"[""商务标""]","[""补充文件/7.针对评审要素，需要补充的其他文件/7.2.绿色发展规划及管理体系认证/7.2.3.环境影响评价情况/（3）现状环境影响评估报告""]",tender_scoring_derived,needs_review,internal,企业内部资料,review_only,仅限人工复核,rejected_duplicate,精确重复，不新增,泰昌绿色低碳资料历史候选第191页,泰昌商务补充文件,泰昌商务补充文件,绿色低碳资料,来源于泰昌商务补充文件，历史位置为“补充文件/7.针对评审要素，需要补充的其他文件/7.2.绿色发展规划及管理体系认证/7.2.3.环境影响评价情况/（3）现状环境影响评估报告”。当前仅用于泰昌资料人工复核，未获准进入正式标书。,"[""泰昌"", ""绿色低碳资料"", ""历史标书候选"", ""商务标""]",formal_material_caption,资料：泰昌绿色低碳资料,taichang-exact-29a4cab0427715b0e7e8,False,False,False,blocked,尚未通过P0-06人工批准,0.9,assets/template_words/商务补充文件.docx,(三)补充文件/7.针对评审要素，需要补充的其他文件/7.2.绿色发展规划及管理体系认证/7.2.3.环境影响评价情况/（3）现状环境影响评估报告,b2b9a951b94f1b3225135e52a2d8c223f6b73831b2c29cd6582dde1e4e2728fa,b2b9a951b94f1b3225135e52a2d8c223f6b73831b2c29cd6582dde1e4e2728fa
business-media-0205,business,media,191,duplicate_exact,精确重复，不新增,河北泰昌电力器材科技有限公司,河北泰昌电力器材科技有限公司,mixed_historical_bid,product_library,产品库资料,green_low_carbon,绿色低碳资料,[],泰昌企业资料,"[""商务标""]","[""补充文件/7.针对评审要素，需要补充的其他文件/7.2.绿色发展规划及管理体系认证/7.2.3.环境影响评价情况/（3）现状环境影响评估报告""]",tender_scoring_derived,needs_review,internal,企业内部资料,review_only,仅限人工复核,rejected_duplicate,精确重复，不新增,泰昌绿色低碳资料历史候选第191页,泰昌商务补充文件,泰昌商务补充文件,绿色低碳资料,来源于泰昌商务补充文件，历史位置为“补充文件/7.针对评审要素，需要补充的其他文件/7.2.绿色发展规划及管理体系认证/7.2.3.环境影响评价情况/（3）现状环境影响评估报告”。当前仅用于泰昌资料人工复核，未获准进入正式标书。,"[""泰昌"", ""绿色低碳资料"", ""历史标书候选"", ""商务标""]",formal_material_caption,资料：泰昌绿色低碳资料,taichang-exact-ff7909060df39f739d53,False,False,False,blocked,尚未通过P0-06人工批准,0.9,assets/template_words/商务补充文件.docx,(三)补充文件/7.针对评审要素，需要补充的其他文件/7.2.绿色发展规划及管理体系认证/7.2.3.环境影响评价情况/（3）现状环境影响评估报告,5ea7609d266696f2645b111297a8a8dfc1c44070fdddbc8fdb01c011148ec128,5ea7609d266696f2645b111297a8a8dfc1c44070fdddbc8fdb01c011148ec128
business-media-0206,business,media,191,duplicate_exact,精确重复，不新增,河北泰昌电力器材科技有限公司,河北泰昌电力器材科技有限公司,mixed_historical_bid,product_library,产品库资料,green_low_carbon,绿色低碳资料,[],泰昌企业资料,"[""商务标""]","[""补充文件/7.针对评审要素，需要补充的其他文件/7.2.绿色发展规划及管理体系认证/7.2.3.环境影响评价情况/（3）现状环境影响评估报告""]",tender_scoring_derived,needs_review,internal,企业内部资料,review_only,仅限人工复核,rejected_duplicate,精确重复，不新增,泰昌绿色低碳资料历史候选第191页,泰昌商务补充文件,泰昌商务补充文件,绿色低碳资料,来源于泰昌商务补充文件，历史位置为“补充文件/7.针对评审要素，需要补充的其他文件/7.2.绿色发展规划及管理体系认证/7.2.3.环境影响评价情况/（3）现状环境影响评估报告”。当前仅用于泰昌资料人工复核，未获准进入正式标书。,"[""泰昌"", ""绿色低碳资料"", ""历史标书候选"", ""商务标""]",formal_material_caption,资料：泰昌绿色低碳资料,taichang-exact-b7370b0599edbde91f1c,False,False,False,blocked,尚未通过P0-06人工批准,0.9,assets/template_words/商务补充文件.docx,(三)补充文件/7.针对评审要素，需要补充的其他文件/7.2.绿色发展规划及管理体系认证/7.2.3.环境影响评价情况/（3）现状环境影响评估报告,9f82795c7f45965df6390754dd848877022e96ad2efd54c8ec901a90eba09cbd,9f82795c7f45965df6390754dd848877022e96ad2efd54c8ec901a90eba09cbd
business-media-0207,business,media,191,duplicate_exact,精确重复，不新增,河北泰昌电力器材科技有限公司,河北泰昌电力器材科技有限公司,mixed_historical_bid,product_library,产品库资料,green_low_carbon,绿色低碳资料,[],泰昌企业资料,"[""商务标""]","[""补充文件/7.针对评审要素，需要补充的其他文件/7.2.绿色发展规划及管理体系认证/7.2.3.环境影响评价情况/（3）现状环境影响评估报告""]",tender_scoring_derived,needs_review,internal,企业内部资料,review_only,仅限人工复核,rejected_duplicate,精确重复，不新增,泰昌绿色低碳资料历史候选第191页,泰昌商务补充文件,泰昌商务补充文件,绿色低碳资料,来源于泰昌商务补充文件，历史位置为“补充文件/7.针对评审要素，需要补充的其他文件/7.2.绿色发展规划及管理体系认证/7.2.3.环境影响评价情况/（3）现状环境影响评估报告”。当前仅用于泰昌资料人工复核，未获准进入正式标书。,"[""泰昌"", ""绿色低碳资料"", ""历史标书候选"", ""商务标""]",formal_material_caption,资料：泰昌绿色低碳资料,taichang-exact-fad915a38b7c935819cb,False,False,False,blocked,尚未通过P0-06人工批准,0.9,assets/template_words/商务补充文件.docx,(三)补充文件/7.针对评审要素，需要补充的其他文件/7.2.绿色发展规划及管理体系认证/7.2.3.环境影响评价情况/（3）现状环境影响评估报告,9101c0589ed2af680f3f5802b58af437004e37393b29e2aebd195ccc2dbb1727,9101c0589ed2af680f3f5802b58af437004e37393b29e2aebd195ccc2dbb1727
business-media-0208,business,media,191,duplicate_exact,精确重复，不新增,河北泰昌电力器材科技有限公司,河北泰昌电力器材科技有限公司,mixed_historical_bid,product_library,产品库资料,green_low_carbon,绿色低碳资料,[],泰昌企业资料,"[""商务标""]","[""补充文件/7.针对评审要素，需要补充的其他文件/7.2.绿色发展规划及管理体系认证/7.2.3.环境影响评价情况/（3）现状环境影响评估报告""]",tender_scoring_derived,needs_review,internal,企业内部资料,review_only,仅限人工复核,rejected_duplicate,精确重复，不新增,泰昌绿色低碳资料历史候选第191页,泰昌商务补充文件,泰昌商务补充文件,绿色低碳资料,来源于泰昌商务补充文件，历史位置为“补充文件/7.针对评审要素，需要补充的其他文件/7.2.绿色发展规划及管理体系认证/7.2.3.环境影响评价情况/（3）现状环境影响评估报告”。当前仅用于泰昌资料人工复核，未获准进入正式标书。,"[""泰昌"", ""绿色低碳资料"", ""历史标书候选"", ""商务标""]",formal_material_caption,资料：泰昌绿色低碳资料,taichang-exact-198d53aa205902534e2e,False,False,False,blocked,尚未通过P0-06人工批准,0.9,assets/template_words/商务补充文件.docx,(三)补充文件/7.针对评审要素，需要补充的其他文件/7.2.绿色发展规划及管理体系认证/7.2.3.环境影响评价情况/（3）现状环境影响评估报告,fde1f096c69e065fa4d3c87cc5d25a236f016387bb0dda50a3f649ad0c08120b,fde1f096c69e065fa4d3c87cc5d25a236f016387bb0dda50a3f649ad0c08120b
business-media-0209,business,media,191,duplicate_exact,精确重复，不新增,河北泰昌电力器材科技有限公司,河北泰昌电力器材科技有限公司,mixed_historical_bid,product_library,产品库资料,green_low_carbon,绿色低碳资料,[],泰昌企业资料,"[""商务标""]","[""补充文件/7.针对评审要素，需要补充的其他文件/7.2.绿色发展规划及管理体系认证/7.2.3.环境影响评价情况/（3）现状环境影响评估报告""]",tender_scoring_derived,needs_review,internal,企业内部资料,review_only,仅限人工复核,rejected_duplicate,精确重复，不新增,泰昌绿色低碳资料历史候选第191页,泰昌商务补充文件,泰昌商务补充文件,绿色低碳资料,来源于泰昌商务补充文件，历史位置为“补充文件/7.针对评审要素，需要补充的其他文件/7.2.绿色发展规划及管理体系认证/7.2.3.环境影响评价情况/（3）现状环境影响评估报告”。当前仅用于泰昌资料人工复核，未获准进入正式标书。,"[""泰昌"", ""绿色低碳资料"", ""历史标书候选"", ""商务标""]",formal_material_caption,资料：泰昌绿色低碳资料,taichang-exact-45cee978526291574eb0,False,False,False,blocked,尚未通过P0-06人工批准,0.9,assets/template_words/商务补充文件.docx,(三)补充文件/7.针对评审要素，需要补充的其他文件/7.2.绿色发展规划及管理体系认证/7.2.3.环境影响评价情况/（3）现状环境影响评估报告,1cd65e41fc3658da45dc05011e34a75da83ebb6b4052950aa03944d8790d1d52,1cd65e41fc3658da45dc05011e34a75da83ebb6b4052950aa03944d8790d1d52
business-media-0210,business,media,191,duplicate_exact,精确重复，不新增,河北泰昌电力器材科技有限公司,河北泰昌电力器材科技有限公司,mixed_historical_bid,product_library,产品库资料,green_low_carbon,绿色低碳资料,[],泰昌企业资料,"[""商务标""]","[""补充文件/7.针对评审要素，需要补充的其他文件/7.2.绿色发展规划及管理体系认证/7.2.3.环境影响评价情况/（3）现状环境影响评估报告""]",tender_scoring_derived,needs_review,internal,企业内部资料,review_only,仅限人工复核,rejected_duplicate,精确重复，不新增,泰昌绿色低碳资料历史候选第191页,泰昌商务补充文件,泰昌商务补充文件,绿色低碳资料,来源于泰昌商务补充文件，历史位置为“补充文件/7.针对评审要素，需要补充的其他文件/7.2.绿色发展规划及管理体系认证/7.2.3.环境影响评价情况/（3）现状环境影响评估报告”。当前仅用于泰昌资料人工复核，未获准进入正式标书。,"[""泰昌"", ""绿色低碳资料"", ""历史标书候选"", ""商务标""]",formal_material_caption,资料：泰昌绿色低碳资料,taichang-exact-5bf62fe7ca65a5772919,False,False,False,blocked,尚未通过P0-06人工批准,0.9,assets/template_words/商务补充文件.docx,(三)补充文件/7.针对评审要素，需要补充的其他文件/7.2.绿色发展规划及管理体系认证/7.2.3.环境影响评价情况/（3）现状环境影响评估报告,9ef0a72b549a609ff1f0558d023bde09f694b3c13e4921e9b8d4e17c8ed444a4,9ef0a72b549a609ff1f0558d023bde09f694b3c13e4921e9b8d4e17c8ed444a4
business-media-0211,business,media,191,duplicate_exact,精确重复，不新增,河北泰昌电力器材科技有限公司,河北泰昌电力器材科技有限公司,mixed_historical_bid,product_library,产品库资料,green_low_carbon,绿色低碳资料,[],泰昌企业资料,"[""商务标""]","[""补充文件/7.针对评审要素，需要补充的其他文件/7.2.绿色发展规划及管理体系认证/7.2.3.环境影响评价情况/（3）现状环境影响评估报告""]",tender_scoring_derived,needs_review,internal,企业内部资料,review_only,仅限人工复核,rejected_duplicate,精确重复，不新增,泰昌绿色低碳资料历史候选第191页,泰昌商务补充文件,泰昌商务补充文件,绿色低碳资料,来源于泰昌商务补充文件，历史位置为“补充文件/7.针对评审要素，需要补充的其他文件/7.2.绿色发展规划及管理体系认证/7.2.3.环境影响评价情况/（3）现状环境影响评估报告”。当前仅用于泰昌资料人工复核，未获准进入正式标书。,"[""泰昌"", ""绿色低碳资料"", ""历史标书候选"", ""商务标""]",formal_material_caption,资料：泰昌绿色低碳资料,taichang-exact-d217cea527a75e7bc4eb,False,False,False,blocked,尚未通过P0-06人工批准,0.9,assets/template_words/商务补充文件.docx,(三)补充文件/7.针对评审要素，需要补充的其他文件/7.2.绿色发展规划及管理体系认证/7.2.3.环境影响评价情况/（3）现状环境影响评估报告,effb6806b9ebdc8a5b5513850b40c367dd37d03cbde7661043049b8fc4e2586e,effb6806b9ebdc8a5b5513850b40c367dd37d03cbde7661043049b8fc4e2586e
business-media-0212,business,media,191,duplicate_exact,精确重复，不新增,河北泰昌电力器材科技有限公司,河北泰昌电力器材科技有限公司,mixed_historical_bid,product_library,产品库资料,green_low_carbon,绿色低碳资料,[],泰昌企业资料,"[""商务标""]","[""补充文件/7.针对评审要素，需要补充的其他文件/7.2.绿色发展规划及管理体系认证/7.2.3.环境影响评价情况/（3）现状环境影响评估报告""]",tender_scoring_derived,needs_review,internal,企业内部资料,review_only,仅限人工复核,rejected_duplicate,精确重复，不新增,泰昌绿色低碳资料历史候选第191页,泰昌商务补充文件,泰昌商务补充文件,绿色低碳资料,来源于泰昌商务补充文件，历史位置为“补充文件/7.针对评审要素，需要补充的其他文件/7.2.绿色发展规划及管理体系认证/7.2.3.环境影响评价情况/（3）现状环境影响评估报告”。当前仅用于泰昌资料人工复核，未获准进入正式标书。,"[""泰昌"", ""绿色低碳资料"", ""历史标书候选"", ""商务标""]",formal_material_caption,资料：泰昌绿色低碳资料,taichang-exact-a878e359fbaad413bae8,False,False,False,blocked,尚未通过P0-06人工批准,0.9,assets/template_words/商务补充文件.docx,(三)补充文件/7.针对评审要素，需要补充的其他文件/7.2.绿色发展规划及管理体系认证/7.2.3.环境影响评价情况/（3）现状环境影响评估报告,ddc76de9a85a3849acdb1eb52e98e709b59b6567ac873daddf82fe35bd6d6437,ddc76de9a85a3849acdb1eb52e98e709b59b6567ac873daddf82fe35bd6d6437
business-media-0213,business,media,191,duplicate_exact,精确重复，不新增,河北泰昌电力器材科技有限公司,河北泰昌电力器材科技有限公司,mixed_historical_bid,product_library,产品库资料,green_low_carbon,绿色低碳资料,[],泰昌企业资料,"[""商务标""]","[""补充文件/7.针对评审要素，需要补充的其他文件/7.2.绿色发展规划及管理体系认证/7.2.3.环境影响评价情况/（3）现状环境影响评估报告""]",tender_scoring_derived,needs_review,internal,企业内部资料,review_only,仅限人工复核,rejected_duplicate,精确重复，不新增,泰昌绿色低碳资料历史候选第191页,泰昌商务补充文件,泰昌商务补充文件,绿色低碳资料,来源于泰昌商务补充文件，历史位置为“补充文件/7.针对评审要素，需要补充的其他文件/7.2.绿色发展规划及管理体系认证/7.2.3.环境影响评价情况/（3）现状环境影响评估报告”。当前仅用于泰昌资料人工复核，未获准进入正式标书。,"[""泰昌"", ""绿色低碳资料"", ""历史标书候选"", ""商务标""]",formal_material_caption,资料：泰昌绿色低碳资料,taichang-exact-87322c8aa0ca8ff29812,False,False,False,blocked,尚未通过P0-06人工批准,0.9,assets/template_words/商务补充文件.docx,(三)补充文件/7.针对评审要素，需要补充的其他文件/7.2.绿色发展规划及管理体系认证/7.2.3.环境影响评价情况/（3）现状环境影响评估报告,9b9d318a5b35714f7c97340e8513925f924208545d8bfed4f3732cadf414bfc3,9b9d318a5b35714f7c97340e8513925f924208545d8bfed4f3732cadf414bfc3
business-media-0214,business,media,191,duplicate_exact,精确重复，不新增,河北泰昌电力器材科技有限公司,河北泰昌电力器材科技有限公司,mixed_historical_bid,product_library,产品库资料,green_low_carbon,绿色低碳资料,[],泰昌企业资料,"[""商务标""]","[""补充文件/7.针对评审要素，需要补充的其他文件/7.2.绿色发展规划及管理体系认证/7.2.3.环境影响评价情况/（3）现状环境影响评估报告""]",tender_scoring_derived,needs_review,internal,企业内部资料,review_only,仅限人工复核,rejected_duplicate,精确重复，不新增,泰昌绿色低碳资料历史候选第191页,泰昌商务补充文件,泰昌商务补充文件,绿色低碳资料,来源于泰昌商务补充文件，历史位置为“补充文件/7.针对评审要素，需要补充的其他文件/7.2.绿色发展规划及管理体系认证/7.2.3.环境影响评价情况/（3）现状环境影响评估报告”。当前仅用于泰昌资料人工复核，未获准进入正式标书。,"[""泰昌"", ""绿色低碳资料"", ""历史标书候选"", ""商务标""]",formal_material_caption,资料：泰昌绿色低碳资料,taichang-exact-e47ef55f0ff9dfcc8199,False,False,False,blocked,尚未通过P0-06人工批准,0.9,assets/template_words/商务补充文件.docx,(三)补充文件/7.针对评审要素，需要补充的其他文件/7.2.绿色发展规划及管理体系认证/7.2.3.环境影响评价情况/（3）现状环境影响评估报告,0e273dd622dc112d10f886b9e9cf0e9396bd3a9fb0d229ce2a36bbc3a4eee6de,0e273dd622dc112d10f886b9e9cf0e9396bd3a9fb0d229ce2a36bbc3a4eee6de
business-media-0215,business,media,191,duplicate_exact,精确重复，不新增,河北泰昌电力器材科技有限公司,河北泰昌电力器材科技有限公司,mixed_historical_bid,product_library,产品库资料,green_low_carbon,绿色低碳资料,[],泰昌企业资料,"[""商务标""]","[""补充文件/7.针对评审要素，需要补充的其他文件/7.2.绿色发展规划及管理体系认证/7.2.3.环境影响评价情况/（3）现状环境影响评估报告""]",tender_scoring_derived,needs_review,internal,企业内部资料,review_only,仅限人工复核,rejected_duplicate,精确重复，不新增,泰昌绿色低碳资料历史候选第191页,泰昌商务补充文件,泰昌商务补充文件,绿色低碳资料,来源于泰昌商务补充文件，历史位置为“补充文件/7.针对评审要素，需要补充的其他文件/7.2.绿色发展规划及管理体系认证/7.2.3.环境影响评价情况/（3）现状环境影响评估报告”。当前仅用于泰昌资料人工复核，未获准进入正式标书。,"[""泰昌"", ""绿色低碳资料"", ""历史标书候选"", ""商务标""]",formal_material_caption,资料：泰昌绿色低碳资料,taichang-exact-a5f3731ddd0db3f9b95e,False,False,False,blocked,尚未通过P0-06人工批准,0.9,assets/template_words/商务补充文件.docx,(三)补充文件/7.针对评审要素，需要补充的其他文件/7.2.绿色发展规划及管理体系认证/7.2.3.环境影响评价情况/（3）现状环境影响评估报告,53f6d46711bf082d4ff78005278b662d65813d5db0ff022ac04c202ef78479cf,53f6d46711bf082d4ff78005278b662d65813d5db0ff022ac04c202ef78479cf
business-media-0216,business,media,191,duplicate_exact,精确重复，不新增,河北泰昌电力器材科技有限公司,河北泰昌电力器材科技有限公司,mixed_historical_bid,product_library,产品库资料,green_low_carbon,绿色低碳资料,[],泰昌企业资料,"[""商务标""]","[""补充文件/7.针对评审要素，需要补充的其他文件/7.2.绿色发展规划及管理体系认证/7.2.3.环境影响评价情况/（3）现状环境影响评估报告""]",tender_scoring_derived,needs_review,internal,企业内部资料,review_only,仅限人工复核,rejected_duplicate,精确重复，不新增,泰昌绿色低碳资料历史候选第191页,泰昌商务补充文件,泰昌商务补充文件,绿色低碳资料,来源于泰昌商务补充文件，历史位置为“补充文件/7.针对评审要素，需要补充的其他文件/7.2.绿色发展规划及管理体系认证/7.2.3.环境影响评价情况/（3）现状环境影响评估报告”。当前仅用于泰昌资料人工复核，未获准进入正式标书。,"[""泰昌"", ""绿色低碳资料"", ""历史标书候选"", ""商务标""]",formal_material_caption,资料：泰昌绿色低碳资料,taichang-exact-44bbadff4738dd5d35b5,False,False,False,blocked,尚未通过P0-06人工批准,0.9,assets/template_words/商务补充文件.docx,(三)补充文件/7.针对评审要素，需要补充的其他文件/7.2.绿色发展规划及管理体系认证/7.2.3.环境影响评价情况/（3）现状环境影响评估报告,b49f2c4536e09c3d482813a31cfb86512ef663a8256ab4f6c059b891254c8fce,b49f2c4536e09c3d482813a31cfb86512ef663a8256ab4f6c059b891254c8fce
business-media-0217,business,media,191,duplicate_exact,精确重复，不新增,河北泰昌电力器材科技有限公司,河北泰昌电力器材科技有限公司,mixed_historical_bid,product_library,产品库资料,green_low_carbon,绿色低碳资料,[],泰昌企业资料,"[""商务标""]","[""补充文件/7.针对评审要素，需要补充的其他文件/7.2.绿色发展规划及管理体系认证/7.2.3.环境影响评价情况/（3）现状环境影响评估报告""]",tender_scoring_derived,needs_review,internal,企业内部资料,review_only,仅限人工复核,rejected_duplicate,精确重复，不新增,泰昌绿色低碳资料历史候选第191页,泰昌商务补充文件,泰昌商务补充文件,绿色低碳资料,来源于泰昌商务补充文件，历史位置为“补充文件/7.针对评审要素，需要补充的其他文件/7.2.绿色发展规划及管理体系认证/7.2.3.环境影响评价情况/（3）现状环境影响评估报告”。当前仅用于泰昌资料人工复核，未获准进入正式标书。,"[""泰昌"", ""绿色低碳资料"", ""历史标书候选"", ""商务标""]",formal_material_caption,资料：泰昌绿色低碳资料,taichang-exact-61361de062d977ee8412,False,False,False,blocked,尚未通过P0-06人工批准,0.9,assets/template_words/商务补充文件.docx,(三)补充文件/7.针对评审要素，需要补充的其他文件/7.2.绿色发展规划及管理体系认证/7.2.3.环境影响评价情况/（3）现状环境影响评估报告,417d73c14cc0b1f060fe45a657b8b14feb353ec171c35b78bc52b6e31dde0d26,417d73c14cc0b1f060fe45a657b8b14feb353ec171c35b78bc52b6e31dde0d26
business-media-0218,business,media,191,duplicate_exact,精确重复，不新增,河北泰昌电力器材科技有限公司,河北泰昌电力器材科技有限公司,mixed_historical_bid,product_library,产品库资料,green_low_carbon,绿色低碳资料,[],泰昌企业资料,"[""商务标""]","[""补充文件/7.针对评审要素，需要补充的其他文件/7.2.绿色发展规划及管理体系认证/7.2.3.环境影响评价情况/（3）现状环境影响评估报告""]",tender_scoring_derived,needs_review,internal,企业内部资料,review_only,仅限人工复核,rejected_duplicate,精确重复，不新增,泰昌绿色低碳资料历史候选第191页,泰昌商务补充文件,泰昌商务补充文件,绿色低碳资料,来源于泰昌商务补充文件，历史位置为“补充文件/7.针对评审要素，需要补充的其他文件/7.2.绿色发展规划及管理体系认证/7.2.3.环境影响评价情况/（3）现状环境影响评估报告”。当前仅用于泰昌资料人工复核，未获准进入正式标书。,"[""泰昌"", ""绿色低碳资料"", ""历史标书候选"", ""商务标""]",formal_material_caption,资料：泰昌绿色低碳资料,taichang-exact-840c6e087cc5699de0ad,False,False,False,blocked,尚未通过P0-06人工批准,0.9,assets/template_words/商务补充文件.docx,(三)补充文件/7.针对评审要素，需要补充的其他文件/7.2.绿色发展规划及管理体系认证/7.2.3.环境影响评价情况/（3）现状环境影响评估报告,6b6bcf302f2a3973c57896d3392cbf1605e39946beb6b787d87fa01dd510982c,6b6bcf302f2a3973c57896d3392cbf1605e39946beb6b787d87fa01dd510982c
business-media-0219,business,media,191,duplicate_exact,精确重复，不新增,河北泰昌电力器材科技有限公司,河北泰昌电力器材科技有限公司,mixed_historical_bid,product_library,产品库资料,green_low_carbon,绿色低碳资料,[],泰昌企业资料,"[""商务标""]","[""补充文件/7.针对评审要素，需要补充的其他文件/7.2.绿色发展规划及管理体系认证/7.2.3.环境影响评价情况/（3）现状环境影响评估报告""]",tender_scoring_derived,needs_review,internal,企业内部资料,review_only,仅限人工复核,rejected_duplicate,精确重复，不新增,泰昌绿色低碳资料历史候选第191页,泰昌商务补充文件,泰昌商务补充文件,绿色低碳资料,来源于泰昌商务补充文件，历史位置为“补充文件/7.针对评审要素，需要补充的其他文件/7.2.绿色发展规划及管理体系认证/7.2.3.环境影响评价情况/（3）现状环境影响评估报告”。当前仅用于泰昌资料人工复核，未获准进入正式标书。,"[""泰昌"", ""绿色低碳资料"", ""历史标书候选"", ""商务标""]",formal_material_caption,资料：泰昌绿色低碳资料,taichang-exact-0b71c1286e5f2a14b87f,False,False,False,blocked,尚未通过P0-06人工批准,0.9,assets/template_words/商务补充文件.docx,(三)补充文件/7.针对评审要素，需要补充的其他文件/7.2.绿色发展规划及管理体系认证/7.2.3.环境影响评价情况/（3）现状环境影响评估报告,f212e0832ff0655ad235175054907ecb425c24ae146fcac6f985c1bc653d5454,f212e0832ff0655ad235175054907ecb425c24ae146fcac6f985c1bc653d5454
business-media-0220,business,media,191,duplicate_exact,精确重复，不新增,河北泰昌电力器材科技有限公司,河北泰昌电力器材科技有限公司,mixed_historical_bid,product_library,产品库资料,green_low_carbon,绿色低碳资料,[],泰昌企业资料,"[""商务标""]","[""补充文件/7.针对评审要素，需要补充的其他文件/7.2.绿色发展规划及管理体系认证/7.2.3.环境影响评价情况/（3）现状环境影响评估报告""]",tender_scoring_derived,needs_review,internal,企业内部资料,review_only,仅限人工复核,rejected_duplicate,精确重复，不新增,泰昌绿色低碳资料历史候选第191页,泰昌商务补充文件,泰昌商务补充文件,绿色低碳资料,来源于泰昌商务补充文件，历史位置为“补充文件/7.针对评审要素，需要补充的其他文件/7.2.绿色发展规划及管理体系认证/7.2.3.环境影响评价情况/（3）现状环境影响评估报告”。当前仅用于泰昌资料人工复核，未获准进入正式标书。,"[""泰昌"", ""绿色低碳资料"", ""历史标书候选"", ""商务标""]",formal_material_caption,资料：泰昌绿色低碳资料,taichang-exact-90b3b0bdf8e7b0163a03,False,False,False,blocked,尚未通过P0-06人工批准,0.9,assets/template_words/商务补充文件.docx,(三)补充文件/7.针对评审要素，需要补充的其他文件/7.2.绿色发展规划及管理体系认证/7.2.3.环境影响评价情况/（3）现状环境影响评估报告,1e8ba91366960a93a8b9c2e40a6aaac7ee29c1e78829064315bd38a73604e69b,1e8ba91366960a93a8b9c2e40a6aaac7ee29c1e78829064315bd38a73604e69b
business-media-0221,business,media,191,duplicate_exact,精确重复，不新增,河北泰昌电力器材科技有限公司,河北泰昌电力器材科技有限公司,mixed_historical_bid,product_library,产品库资料,green_low_carbon,绿色低碳资料,[],泰昌企业资料,"[""商务标""]","[""补充文件/7.针对评审要素，需要补充的其他文件/7.2.绿色发展规划及管理体系认证/7.2.3.环境影响评价情况/（3）现状环境影响评估报告""]",tender_scoring_derived,needs_review,internal,企业内部资料,review_only,仅限人工复核,rejected_duplicate,精确重复，不新增,泰昌绿色低碳资料历史候选第191页,泰昌商务补充文件,泰昌商务补充文件,绿色低碳资料,来源于泰昌商务补充文件，历史位置为“补充文件/7.针对评审要素，需要补充的其他文件/7.2.绿色发展规划及管理体系认证/7.2.3.环境影响评价情况/（3）现状环境影响评估报告”。当前仅用于泰昌资料人工复核，未获准进入正式标书。,"[""泰昌"", ""绿色低碳资料"", ""历史标书候选"", ""商务标""]",formal_material_caption,资料：泰昌绿色低碳资料,taichang-exact-ed977c41c2edcada4e70,False,False,False,blocked,尚未通过P0-06人工批准,0.9,assets/template_words/商务补充文件.docx,(三)补充文件/7.针对评审要素，需要补充的其他文件/7.2.绿色发展规划及管理体系认证/7.2.3.环境影响评价情况/（3）现状环境影响评估报告,a739db0f454fd5b8b8d6c004aa76ac799a87e91c354fa1f1e68bd4770b8a9769,a739db0f454fd5b8b8d6c004aa76ac799a87e91c354fa1f1e68bd4770b8a9769
business-media-0222,business,media,191,duplicate_exact,精确重复，不新增,河北泰昌电力器材科技有限公司,河北泰昌电力器材科技有限公司,mixed_historical_bid,product_library,产品库资料,green_low_carbon,绿色低碳资料,[],泰昌企业资料,"[""商务标""]","[""补充文件/7.针对评审要素，需要补充的其他文件/7.2.绿色发展规划及管理体系认证/7.2.3.环境影响评价情况/（3）现状环境影响评估报告""]",tender_scoring_derived,needs_review,internal,企业内部资料,review_only,仅限人工复核,rejected_duplicate,精确重复，不新增,泰昌绿色低碳资料历史候选第191页,泰昌商务补充文件,泰昌商务补充文件,绿色低碳资料,来源于泰昌商务补充文件，历史位置为“补充文件/7.针对评审要素，需要补充的其他文件/7.2.绿色发展规划及管理体系认证/7.2.3.环境影响评价情况/（3）现状环境影响评估报告”。当前仅用于泰昌资料人工复核，未获准进入正式标书。,"[""泰昌"", ""绿色低碳资料"", ""历史标书候选"", ""商务标""]",formal_material_caption,资料：泰昌绿色低碳资料,taichang-exact-8ea81eb8a4fa2d985b50,False,False,False,blocked,尚未通过P0-06人工批准,0.9,assets/template_words/商务补充文件.docx,(三)补充文件/7.针对评审要素，需要补充的其他文件/7.2.绿色发展规划及管理体系认证/7.2.3.环境影响评价情况/（3）现状环境影响评估报告,41798c5585e51efa99ddb9c426d605290260772d3777ff07df3da9ee2ddce49d,41798c5585e51efa99ddb9c426d605290260772d3777ff07df3da9ee2ddce49d
business-media-0223,business,media,191,duplicate_exact,精确重复，不新增,河北泰昌电力器材科技有限公司,河北泰昌电力器材科技有限公司,mixed_historical_bid,product_library,产品库资料,green_low_carbon,绿色低碳资料,[],泰昌企业资料,"[""商务标""]","[""补充文件/7.针对评审要素，需要补充的其他文件/7.2.绿色发展规划及管理体系认证/7.2.3.环境影响评价情况/（3）现状环境影响评估报告""]",tender_scoring_derived,needs_review,internal,企业内部资料,review_only,仅限人工复核,rejected_duplicate,精确重复，不新增,泰昌绿色低碳资料历史候选第191页,泰昌商务补充文件,泰昌商务补充文件,绿色低碳资料,来源于泰昌商务补充文件，历史位置为“补充文件/7.针对评审要素，需要补充的其他文件/7.2.绿色发展规划及管理体系认证/7.2.3.环境影响评价情况/（3）现状环境影响评估报告”。当前仅用于泰昌资料人工复核，未获准进入正式标书。,"[""泰昌"", ""绿色低碳资料"", ""历史标书候选"", ""商务标""]",formal_material_caption,资料：泰昌绿色低碳资料,taichang-exact-da45c19645daedcb7c8f,False,False,False,blocked,尚未通过P0-06人工批准,0.9,assets/template_words/商务补充文件.docx,(三)补充文件/7.针对评审要素，需要补充的其他文件/7.2.绿色发展规划及管理体系认证/7.2.3.环境影响评价情况/（3）现状环境影响评估报告,2a956dd1af9c562e1d11cb772b1fed5372f2c909f657a8248ceaa0b9789bd4db,2a956dd1af9c562e1d11cb772b1fed5372f2c909f657a8248ceaa0b9789bd4db
business-media-0224,business,media,191,duplicate_exact,精确重复，不新增,河北泰昌电力器材科技有限公司,河北泰昌电力器材科技有限公司,mixed_historical_bid,product_library,产品库资料,green_low_carbon,绿色低碳资料,[],泰昌企业资料,"[""商务标""]","[""补充文件/7.针对评审要素，需要补充的其他文件/7.2.绿色发展规划及管理体系认证/7.2.3.环境影响评价情况/（3）现状环境影响评估报告""]",tender_scoring_derived,needs_review,internal,企业内部资料,review_only,仅限人工复核,rejected_duplicate,精确重复，不新增,泰昌绿色低碳资料历史候选第191页,泰昌商务补充文件,泰昌商务补充文件,绿色低碳资料,来源于泰昌商务补充文件，历史位置为“补充文件/7.针对评审要素，需要补充的其他文件/7.2.绿色发展规划及管理体系认证/7.2.3.环境影响评价情况/（3）现状环境影响评估报告”。当前仅用于泰昌资料人工复核，未获准进入正式标书。,"[""泰昌"", ""绿色低碳资料"", ""历史标书候选"", ""商务标""]",formal_material_caption,资料：泰昌绿色低碳资料,taichang-exact-359fb9b7c33703cc877a,False,False,False,blocked,尚未通过P0-06人工批准,0.9,assets/template_words/商务补充文件.docx,(三)补充文件/7.针对评审要素，需要补充的其他文件/7.2.绿色发展规划及管理体系认证/7.2.3.环境影响评价情况/（3）现状环境影响评估报告,871ffd8627f54298eecb96f601f44c1fa97c95ca987198599a376983ecd524fa,871ffd8627f54298eecb96f601f44c1fa97c95ca987198599a376983ecd524fa
business-media-0225,business,media,191,duplicate_exact,精确重复，不新增,河北泰昌电力器材科技有限公司,河北泰昌电力器材科技有限公司,mixed_historical_bid,product_library,产品库资料,green_low_carbon,绿色低碳资料,[],泰昌企业资料,"[""商务标""]","[""补充文件/7.针对评审要素，需要补充的其他文件/7.2.绿色发展规划及管理体系认证/7.2.3.环境影响评价情况/（3）现状环境影响评估报告""]",tender_scoring_derived,needs_review,internal,企业内部资料,review_only,仅限人工复核,rejected_duplicate,精确重复，不新增,泰昌绿色低碳资料历史候选第191页,泰昌商务补充文件,泰昌商务补充文件,绿色低碳资料,来源于泰昌商务补充文件，历史位置为“补充文件/7.针对评审要素，需要补充的其他文件/7.2.绿色发展规划及管理体系认证/7.2.3.环境影响评价情况/（3）现状环境影响评估报告”。当前仅用于泰昌资料人工复核，未获准进入正式标书。,"[""泰昌"", ""绿色低碳资料"", ""历史标书候选"", ""商务标""]",formal_material_caption,资料：泰昌绿色低碳资料,taichang-exact-77e6431c9f9ba4fcf66e,False,False,False,blocked,尚未通过P0-06人工批准,0.9,assets/template_words/商务补充文件.docx,(三)补充文件/7.针对评审要素，需要补充的其他文件/7.2.绿色发展规划及管理体系认证/7.2.3.环境影响评价情况/（3）现状环境影响评估报告,bf56d311bc5c6dbec05552d8a9e014d48927ac246bbf24d44c0e5d0552f2b70c,bf56d311bc5c6dbec05552d8a9e014d48927ac246bbf24d44c0e5d0552f2b70c
business-media-0226,business,media,191,duplicate_exact,精确重复，不新增,河北泰昌电力器材科技有限公司,河北泰昌电力器材科技有限公司,mixed_historical_bid,product_library,产品库资料,green_low_carbon,绿色低碳资料,[],泰昌企业资料,"[""商务标""]","[""补充文件/7.针对评审要素，需要补充的其他文件/7.2.绿色发展规划及管理体系认证/7.2.3.环境影响评价情况/（3）现状环境影响评估报告""]",tender_scoring_derived,needs_review,internal,企业内部资料,review_only,仅限人工复核,rejected_duplicate,精确重复，不新增,泰昌绿色低碳资料历史候选第191页,泰昌商务补充文件,泰昌商务补充文件,绿色低碳资料,来源于泰昌商务补充文件，历史位置为“补充文件/7.针对评审要素，需要补充的其他文件/7.2.绿色发展规划及管理体系认证/7.2.3.环境影响评价情况/（3）现状环境影响评估报告”。当前仅用于泰昌资料人工复核，未获准进入正式标书。,"[""泰昌"", ""绿色低碳资料"", ""历史标书候选"", ""商务标""]",formal_material_caption,资料：泰昌绿色低碳资料,taichang-exact-d8008f5b143a062b577a,False,False,False,blocked,尚未通过P0-06人工批准,0.9,assets/template_words/商务补充文件.docx,(三)补充文件/7.针对评审要素，需要补充的其他文件/7.2.绿色发展规划及管理体系认证/7.2.3.环境影响评价情况/（3）现状环境影响评估报告,1c7e013e3e83c60fa26505b89e460a79039dda45f9f77a1d670b663f0010de69,1c7e013e3e83c60fa26505b89e460a79039dda45f9f77a1d670b663f0010de69
business-media-0227,business,media,191,duplicate_exact,精确重复，不新增,河北泰昌电力器材科技有限公司,河北泰昌电力器材科技有限公司,mixed_historical_bid,product_library,产品库资料,green_low_carbon,绿色低碳资料,[],泰昌企业资料,"[""商务标""]","[""补充文件/7.针对评审要素，需要补充的其他文件/7.2.绿色发展规划及管理体系认证/7.2.3.环境影响评价情况/（3）现状环境影响评估报告""]",tender_scoring_derived,needs_review,internal,企业内部资料,review_only,仅限人工复核,rejected_duplicate,精确重复，不新增,泰昌绿色低碳资料历史候选第191页,泰昌商务补充文件,泰昌商务补充文件,绿色低碳资料,来源于泰昌商务补充文件，历史位置为“补充文件/7.针对评审要素，需要补充的其他文件/7.2.绿色发展规划及管理体系认证/7.2.3.环境影响评价情况/（3）现状环境影响评估报告”。当前仅用于泰昌资料人工复核，未获准进入正式标书。,"[""泰昌"", ""绿色低碳资料"", ""历史标书候选"", ""商务标""]",formal_material_caption,资料：泰昌绿色低碳资料,taichang-exact-c838fb091a555df5672a,False,False,False,blocked,尚未通过P0-06人工批准,0.9,assets/template_words/商务补充文件.docx,(三)补充文件/7.针对评审要素，需要补充的其他文件/7.2.绿色发展规划及管理体系认证/7.2.3.环境影响评价情况/（3）现状环境影响评估报告,bca34dbfdd132abbe5846da0514d7f96d60bab070d7cc1aba370f12223114617,bca34dbfdd132abbe5846da0514d7f96d60bab070d7cc1aba370f12223114617
business-media-0228,business,media,191,duplicate_exact,精确重复，不新增,河北泰昌电力器材科技有限公司,河北泰昌电力器材科技有限公司,mixed_historical_bid,product_library,产品库资料,green_low_carbon,绿色低碳资料,[],泰昌企业资料,"[""商务标""]","[""补充文件/7.针对评审要素，需要补充的其他文件/7.2.绿色发展规划及管理体系认证/7.2.3.环境影响评价情况/（3）现状环境影响评估报告""]",tender_scoring_derived,needs_review,internal,企业内部资料,review_only,仅限人工复核,rejected_duplicate,精确重复，不新增,泰昌绿色低碳资料历史候选第191页,泰昌商务补充文件,泰昌商务补充文件,绿色低碳资料,来源于泰昌商务补充文件，历史位置为“补充文件/7.针对评审要素，需要补充的其他文件/7.2.绿色发展规划及管理体系认证/7.2.3.环境影响评价情况/（3）现状环境影响评估报告”。当前仅用于泰昌资料人工复核，未获准进入正式标书。,"[""泰昌"", ""绿色低碳资料"", ""历史标书候选"", ""商务标""]",formal_material_caption,资料：泰昌绿色低碳资料,taichang-exact-73616984a864862056a6,False,False,False,blocked,尚未通过P0-06人工批准,0.9,assets/template_words/商务补充文件.docx,(三)补充文件/7.针对评审要素，需要补充的其他文件/7.2.绿色发展规划及管理体系认证/7.2.3.环境影响评价情况/（3）现状环境影响评估报告,18348308a8332af1996b520bb9dc3696f270bca917164b594fa7aa26fce3ab03,18348308a8332af1996b520bb9dc3696f270bca917164b594fa7aa26fce3ab03
business-media-0229,business,media,191,duplicate_exact,精确重复，不新增,河北泰昌电力器材科技有限公司,河北泰昌电力器材科技有限公司,mixed_historical_bid,product_library,产品库资料,green_low_carbon,绿色低碳资料,[],泰昌企业资料,"[""商务标""]","[""补充文件/7.针对评审要素，需要补充的其他文件/7.2.绿色发展规划及管理体系认证/7.2.3.环境影响评价情况/（3）现状环境影响评估报告""]",tender_scoring_derived,needs_review,internal,企业内部资料,review_only,仅限人工复核,rejected_duplicate,精确重复，不新增,泰昌绿色低碳资料历史候选第191页,泰昌商务补充文件,泰昌商务补充文件,绿色低碳资料,来源于泰昌商务补充文件，历史位置为“补充文件/7.针对评审要素，需要补充的其他文件/7.2.绿色发展规划及管理体系认证/7.2.3.环境影响评价情况/（3）现状环境影响评估报告”。当前仅用于泰昌资料人工复核，未获准进入正式标书。,"[""泰昌"", ""绿色低碳资料"", ""历史标书候选"", ""商务标""]",formal_material_caption,资料：泰昌绿色低碳资料,taichang-exact-c9ac83bb9b054bff26be,False,False,False,blocked,尚未通过P0-06人工批准,0.9,assets/template_words/商务补充文件.docx,(三)补充文件/7.针对评审要素，需要补充的其他文件/7.2.绿色发展规划及管理体系认证/7.2.3.环境影响评价情况/（3）现状环境影响评估报告,8aa3d95c2441e97a841b07a055ec1ece0fc01eb47b21b1cd1682559728380b17,8aa3d95c2441e97a841b07a055ec1ece0fc01eb47b21b1cd1682559728380b17
business-media-0230,business,media,191,duplicate_exact,精确重复，不新增,河北泰昌电力器材科技有限公司,河北泰昌电力器材科技有限公司,mixed_historical_bid,product_library,产品库资料,green_low_carbon,绿色低碳资料,[],泰昌企业资料,"[""商务标""]","[""补充文件/7.针对评审要素，需要补充的其他文件/7.2.绿色发展规划及管理体系认证/7.2.3.环境影响评价情况/（3）现状环境影响评估报告""]",tender_scoring_derived,needs_review,internal,企业内部资料,review_only,仅限人工复核,rejected_duplicate,精确重复，不新增,泰昌绿色低碳资料历史候选第191页,泰昌商务补充文件,泰昌商务补充文件,绿色低碳资料,来源于泰昌商务补充文件，历史位置为“补充文件/7.针对评审要素，需要补充的其他文件/7.2.绿色发展规划及管理体系认证/7.2.3.环境影响评价情况/（3）现状环境影响评估报告”。当前仅用于泰昌资料人工复核，未获准进入正式标书。,"[""泰昌"", ""绿色低碳资料"", ""历史标书候选"", ""商务标""]",formal_material_caption,资料：泰昌绿色低碳资料,taichang-exact-5d723b2845e70c953c72,False,False,False,blocked,尚未通过P0-06人工批准,0.9,assets/template_words/商务补充文件.docx,(三)补充文件/7.针对评审要素，需要补充的其他文件/7.2.绿色发展规划及管理体系认证/7.2.3.环境影响评价情况/（3）现状环境影响评估报告,f2ef0fafdab33a4e5754499e6b278d394edc213af79a42cee4a65893202dcdfe,f2ef0fafdab33a4e5754499e6b278d394edc213af79a42cee4a65893202dcdfe
business-media-0231,business,media,191,duplicate_exact,精确重复，不新增,河北泰昌电力器材科技有限公司,河北泰昌电力器材科技有限公司,mixed_historical_bid,product_library,产品库资料,green_low_carbon,绿色低碳资料,[],泰昌企业资料,"[""商务标""]","[""补充文件/7.针对评审要素，需要补充的其他文件/7.2.绿色发展规划及管理体系认证/7.2.3.环境影响评价情况/（3）现状环境影响评估报告""]",tender_scoring_derived,needs_review,internal,企业内部资料,review_only,仅限人工复核,rejected_duplicate,精确重复，不新增,泰昌绿色低碳资料历史候选第191页,泰昌商务补充文件,泰昌商务补充文件,绿色低碳资料,来源于泰昌商务补充文件，历史位置为“补充文件/7.针对评审要素，需要补充的其他文件/7.2.绿色发展规划及管理体系认证/7.2.3.环境影响评价情况/（3）现状环境影响评估报告”。当前仅用于泰昌资料人工复核，未获准进入正式标书。,"[""泰昌"", ""绿色低碳资料"", ""历史标书候选"", ""商务标""]",formal_material_caption,资料：泰昌绿色低碳资料,taichang-exact-47daf3cdf55a47fa0773,False,False,False,blocked,尚未通过P0-06人工批准,0.9,assets/template_words/商务补充文件.docx,(三)补充文件/7.针对评审要素，需要补充的其他文件/7.2.绿色发展规划及管理体系认证/7.2.3.环境影响评价情况/（3）现状环境影响评估报告,6e0a38902e07eb3cf7b3c7129038072811972cc7f9d8ed628be4cd0b9c055686,6e0a38902e07eb3cf7b3c7129038072811972cc7f9d8ed628be4cd0b9c055686
business-media-0232,business,media,191,duplicate_exact,精确重复，不新增,河北泰昌电力器材科技有限公司,河北泰昌电力器材科技有限公司,mixed_historical_bid,product_library,产品库资料,green_low_carbon,绿色低碳资料,[],泰昌企业资料,"[""商务标""]","[""补充文件/7.针对评审要素，需要补充的其他文件/7.2.绿色发展规划及管理体系认证/7.2.3.环境影响评价情况/（3）现状环境影响评估报告""]",tender_scoring_derived,needs_review,internal,企业内部资料,review_only,仅限人工复核,rejected_duplicate,精确重复，不新增,泰昌绿色低碳资料历史候选第191页,泰昌商务补充文件,泰昌商务补充文件,绿色低碳资料,来源于泰昌商务补充文件，历史位置为“补充文件/7.针对评审要素，需要补充的其他文件/7.2.绿色发展规划及管理体系认证/7.2.3.环境影响评价情况/（3）现状环境影响评估报告”。当前仅用于泰昌资料人工复核，未获准进入正式标书。,"[""泰昌"", ""绿色低碳资料"", ""历史标书候选"", ""商务标""]",formal_material_caption,资料：泰昌绿色低碳资料,taichang-visual-review-498d9fc6b7be5c5ded3e,False,False,False,blocked,尚未通过P0-06人工批准,0.9,assets/template_words/商务补充文件.docx,(三)补充文件/7.针对评审要素，需要补充的其他文件/7.2.绿色发展规划及管理体系认证/7.2.3.环境影响评价情况/（3）现状环境影响评估报告,48d6cd9a077951f25be184f785ea27257a3beb8a6aa349420496387959d471c0,48d6cd9a077951f25be184f785ea27257a3beb8a6aa349420496387959d471c0
business-media-0233,business,media,191,duplicate_exact,精确重复，不新增,河北泰昌电力器材科技有限公司,河北泰昌电力器材科技有限公司,mixed_historical_bid,product_library,产品库资料,green_low_carbon,绿色低碳资料,[],泰昌企业资料,"[""商务标""]","[""补充文件/7.针对评审要素，需要补充的其他文件/7.2.绿色发展规划及管理体系认证/7.2.3.环境影响评价情况/（3）现状环境影响评估报告""]",tender_scoring_derived,needs_review,internal,企业内部资料,review_only,仅限人工复核,rejected_duplicate,精确重复，不新增,泰昌绿色低碳资料历史候选第191页,泰昌商务补充文件,泰昌商务补充文件,绿色低碳资料,来源于泰昌商务补充文件，历史位置为“补充文件/7.针对评审要素，需要补充的其他文件/7.2.绿色发展规划及管理体系认证/7.2.3.环境影响评价情况/（3）现状环境影响评估报告”。当前仅用于泰昌资料人工复核，未获准进入正式标书。,"[""泰昌"", ""绿色低碳资料"", ""历史标书候选"", ""商务标""]",formal_material_caption,资料：泰昌绿色低碳资料,taichang-exact-6fdc058ddac396bbe82d,False,False,False,blocked,尚未通过P0-06人工批准,0.9,assets/template_words/商务补充文件.docx,(三)补充文件/7.针对评审要素，需要补充的其他文件/7.2.绿色发展规划及管理体系认证/7.2.3.环境影响评价情况/（3）现状环境影响评估报告,e1bbebc6d77785cff773f9c567c12d8ae18edf6b4e28a358aad71cebf3ca45ad,e1bbebc6d77785cff773f9c567c12d8ae18edf6b4e28a358aad71cebf3ca45ad
business-media-0234,business,media,191,duplicate_exact,精确重复，不新增,河北泰昌电力器材科技有限公司,河北泰昌电力器材科技有限公司,mixed_historical_bid,product_library,产品库资料,green_low_carbon,绿色低碳资料,[],泰昌企业资料,"[""商务标""]","[""补充文件/7.针对评审要素，需要补充的其他文件/7.2.绿色发展规划及管理体系认证/7.2.3.环境影响评价情况/（3）现状环境影响评估报告""]",tender_scoring_derived,needs_review,internal,企业内部资料,review_only,仅限人工复核,rejected_duplicate,精确重复，不新增,泰昌绿色低碳资料历史候选第191页,泰昌商务补充文件,泰昌商务补充文件,绿色低碳资料,来源于泰昌商务补充文件，历史位置为“补充文件/7.针对评审要素，需要补充的其他文件/7.2.绿色发展规划及管理体系认证/7.2.3.环境影响评价情况/（3）现状环境影响评估报告”。当前仅用于泰昌资料人工复核，未获准进入正式标书。,"[""泰昌"", ""绿色低碳资料"", ""历史标书候选"", ""商务标""]",formal_material_caption,资料：泰昌绿色低碳资料,taichang-exact-24c31b323f0e156a96fa,False,False,False,blocked,尚未通过P0-06人工批准,0.9,assets/template_words/商务补充文件.docx,(三)补充文件/7.针对评审要素，需要补充的其他文件/7.2.绿色发展规划及管理体系认证/7.2.3.环境影响评价情况/（3）现状环境影响评估报告,269e306f8cf107e4ad1c07fbdbdfc1ed657665c35e371076750635f54aab7be2,269e306f8cf107e4ad1c07fbdbdfc1ed657665c35e371076750635f54aab7be2
business-media-0235,business,media,191,duplicate_exact,精确重复，不新增,河北泰昌电力器材科技有限公司,河北泰昌电力器材科技有限公司,mixed_historical_bid,product_library,产品库资料,green_low_carbon,绿色低碳资料,[],泰昌企业资料,"[""商务标""]","[""补充文件/7.针对评审要素，需要补充的其他文件/7.2.绿色发展规划及管理体系认证/7.2.3.环境影响评价情况/（3）现状环境影响评估报告""]",tender_scoring_derived,needs_review,internal,企业内部资料,review_only,仅限人工复核,rejected_duplicate,精确重复，不新增,泰昌绿色低碳资料历史候选第191页,泰昌商务补充文件,泰昌商务补充文件,绿色低碳资料,来源于泰昌商务补充文件，历史位置为“补充文件/7.针对评审要素，需要补充的其他文件/7.2.绿色发展规划及管理体系认证/7.2.3.环境影响评价情况/（3）现状环境影响评估报告”。当前仅用于泰昌资料人工复核，未获准进入正式标书。,"[""泰昌"", ""绿色低碳资料"", ""历史标书候选"", ""商务标""]",formal_material_caption,资料：泰昌绿色低碳资料,taichang-exact-980aac3656adea19c363,False,False,False,blocked,尚未通过P0-06人工批准,0.9,assets/template_words/商务补充文件.docx,(三)补充文件/7.针对评审要素，需要补充的其他文件/7.2.绿色发展规划及管理体系认证/7.2.3.环境影响评价情况/（3）现状环境影响评估报告,7d91cb870a134b93ad4e202c98e774675faef2396d0586c93052a77bed478d61,7d91cb870a134b93ad4e202c98e774675faef2396d0586c93052a77bed478d61
business-media-0236,business,media,191,duplicate_exact,精确重复，不新增,河北泰昌电力器材科技有限公司,河北泰昌电力器材科技有限公司,mixed_historical_bid,product_library,产品库资料,green_low_carbon,绿色低碳资料,[],泰昌企业资料,"[""商务标""]","[""补充文件/7.针对评审要素，需要补充的其他文件/7.2.绿色发展规划及管理体系认证/7.2.3.环境影响评价情况/（3）现状环境影响评估报告""]",tender_scoring_derived,needs_review,internal,企业内部资料,review_only,仅限人工复核,rejected_duplicate,精确重复，不新增,泰昌绿色低碳资料历史候选第191页,泰昌商务补充文件,泰昌商务补充文件,绿色低碳资料,来源于泰昌商务补充文件，历史位置为“补充文件/7.针对评审要素，需要补充的其他文件/7.2.绿色发展规划及管理体系认证/7.2.3.环境影响评价情况/（3）现状环境影响评估报告”。当前仅用于泰昌资料人工复核，未获准进入正式标书。,"[""泰昌"", ""绿色低碳资料"", ""历史标书候选"", ""商务标""]",formal_material_caption,资料：泰昌绿色低碳资料,taichang-exact-e0aa1be97a36a84f5259,False,False,False,blocked,尚未通过P0-06人工批准,0.9,assets/template_words/商务补充文件.docx,(三)补充文件/7.针对评审要素，需要补充的其他文件/7.2.绿色发展规划及管理体系认证/7.2.3.环境影响评价情况/（3）现状环境影响评估报告,44f89d0468be8babad49b3f2e36540d8493bf3b16b2c9b9ab06587ac075c99af,44f89d0468be8babad49b3f2e36540d8493bf3b16b2c9b9ab06587ac075c99af
business-media-0237,business,media,191,duplicate_exact,精确重复，不新增,河北泰昌电力器材科技有限公司,河北泰昌电力器材科技有限公司,mixed_historical_bid,product_library,产品库资料,green_low_carbon,绿色低碳资料,[],泰昌企业资料,"[""商务标""]","[""补充文件/7.针对评审要素，需要补充的其他文件/7.2.绿色发展规划及管理体系认证/7.2.3.环境影响评价情况/（3）现状环境影响评估报告""]",tender_scoring_derived,needs_review,internal,企业内部资料,review_only,仅限人工复核,rejected_duplicate,精确重复，不新增,泰昌绿色低碳资料历史候选第191页,泰昌商务补充文件,泰昌商务补充文件,绿色低碳资料,来源于泰昌商务补充文件，历史位置为“补充文件/7.针对评审要素，需要补充的其他文件/7.2.绿色发展规划及管理体系认证/7.2.3.环境影响评价情况/（3）现状环境影响评估报告”。当前仅用于泰昌资料人工复核，未获准进入正式标书。,"[""泰昌"", ""绿色低碳资料"", ""历史标书候选"", ""商务标""]",formal_material_caption,资料：泰昌绿色低碳资料,taichang-exact-adb49daca00be261e2b0,False,False,False,blocked,尚未通过P0-06人工批准,0.9,assets/template_words/商务补充文件.docx,(三)补充文件/7.针对评审要素，需要补充的其他文件/7.2.绿色发展规划及管理体系认证/7.2.3.环境影响评价情况/（3）现状环境影响评估报告,18329592421b0465a8eae366d7b8ddb4dd2edb125563ec73e6ca35b8126ec0cc,18329592421b0465a8eae366d7b8ddb4dd2edb125563ec73e6ca35b8126ec0cc
business-media-0238,business,media,191,duplicate_exact,精确重复，不新增,河北泰昌电力器材科技有限公司,河北泰昌电力器材科技有限公司,mixed_historical_bid,product_library,产品库资料,green_low_carbon,绿色低碳资料,[],泰昌企业资料,"[""商务标""]","[""补充文件/7.针对评审要素，需要补充的其他文件/7.2.绿色发展规划及管理体系认证/7.2.3.环境影响评价情况/（3）现状环境影响评估报告""]",tender_scoring_derived,needs_review,internal,企业内部资料,review_only,仅限人工复核,rejected_duplicate,精确重复，不新增,泰昌绿色低碳资料历史候选第191页,泰昌商务补充文件,泰昌商务补充文件,绿色低碳资料,来源于泰昌商务补充文件，历史位置为“补充文件/7.针对评审要素，需要补充的其他文件/7.2.绿色发展规划及管理体系认证/7.2.3.环境影响评价情况/（3）现状环境影响评估报告”。当前仅用于泰昌资料人工复核，未获准进入正式标书。,"[""泰昌"", ""绿色低碳资料"", ""历史标书候选"", ""商务标""]",formal_material_caption,资料：泰昌绿色低碳资料,taichang-exact-74c3cd88ff794290b90d,False,False,False,blocked,尚未通过P0-06人工批准,0.9,assets/template_words/商务补充文件.docx,(三)补充文件/7.针对评审要素，需要补充的其他文件/7.2.绿色发展规划及管理体系认证/7.2.3.环境影响评价情况/（3）现状环境影响评估报告,facc29f07481a92ebc54e2955cda7cd244514dbaf349a3bfe5f6b3a9faa73ebf,facc29f07481a92ebc54e2955cda7cd244514dbaf349a3bfe5f6b3a9faa73ebf
business-media-0239,business,media,191,duplicate_exact,精确重复，不新增,河北泰昌电力器材科技有限公司,河北泰昌电力器材科技有限公司,mixed_historical_bid,product_library,产品库资料,green_low_carbon,绿色低碳资料,[],泰昌企业资料,"[""商务标""]","[""补充文件/7.针对评审要素，需要补充的其他文件/7.2.绿色发展规划及管理体系认证/7.2.3.环境影响评价情况/（3）现状环境影响评估报告""]",tender_scoring_derived,needs_review,internal,企业内部资料,review_only,仅限人工复核,rejected_duplicate,精确重复，不新增,泰昌绿色低碳资料历史候选第191页,泰昌商务补充文件,泰昌商务补充文件,绿色低碳资料,来源于泰昌商务补充文件，历史位置为“补充文件/7.针对评审要素，需要补充的其他文件/7.2.绿色发展规划及管理体系认证/7.2.3.环境影响评价情况/（3）现状环境影响评估报告”。当前仅用于泰昌资料人工复核，未获准进入正式标书。,"[""泰昌"", ""绿色低碳资料"", ""历史标书候选"", ""商务标""]",formal_material_caption,资料：泰昌绿色低碳资料,taichang-exact-26964b06b272f12bcad6,False,False,False,blocked,尚未通过P0-06人工批准,0.9,assets/template_words/商务补充文件.docx,(三)补充文件/7.针对评审要素，需要补充的其他文件/7.2.绿色发展规划及管理体系认证/7.2.3.环境影响评价情况/（3）现状环境影响评估报告,ebed20ff147f06734b2c3a5faa8d28a47ee6ad6a0cc13a7c9100ad7c303c138c,ebed20ff147f06734b2c3a5faa8d28a47ee6ad6a0cc13a7c9100ad7c303c138c
business-media-0240,business,media,191,duplicate_exact,精确重复，不新增,河北泰昌电力器材科技有限公司,河北泰昌电力器材科技有限公司,mixed_historical_bid,product_library,产品库资料,green_low_carbon,绿色低碳资料,[],泰昌企业资料,"[""商务标""]","[""补充文件/7.针对评审要素，需要补充的其他文件/7.2.绿色发展规划及管理体系认证/7.2.3.环境影响评价情况/（3）现状环境影响评估报告""]",tender_scoring_derived,needs_review,internal,企业内部资料,review_only,仅限人工复核,rejected_duplicate,精确重复，不新增,泰昌绿色低碳资料历史候选第191页,泰昌商务补充文件,泰昌商务补充文件,绿色低碳资料,来源于泰昌商务补充文件，历史位置为“补充文件/7.针对评审要素，需要补充的其他文件/7.2.绿色发展规划及管理体系认证/7.2.3.环境影响评价情况/（3）现状环境影响评估报告”。当前仅用于泰昌资料人工复核，未获准进入正式标书。,"[""泰昌"", ""绿色低碳资料"", ""历史标书候选"", ""商务标""]",formal_material_caption,资料：泰昌绿色低碳资料,taichang-exact-2d2c4072aec5f40edc95,False,False,False,blocked,尚未通过P0-06人工批准,0.9,assets/template_words/商务补充文件.docx,(三)补充文件/7.针对评审要素，需要补充的其他文件/7.2.绿色发展规划及管理体系认证/7.2.3.环境影响评价情况/（3）现状环境影响评估报告,847fe1a5345c69c02ea02954267b1969a982b0e88e0ac0df0e5cbcea262fe666,847fe1a5345c69c02ea02954267b1969a982b0e88e0ac0df0e5cbcea262fe666
business-media-0241,business,media,191,duplicate_exact,精确重复，不新增,河北泰昌电力器材科技有限公司,河北泰昌电力器材科技有限公司,mixed_historical_bid,product_library,产品库资料,green_low_carbon,绿色低碳资料,[],泰昌企业资料,"[""商务标""]","[""补充文件/7.针对评审要素，需要补充的其他文件/7.2.绿色发展规划及管理体系认证/7.2.3.环境影响评价情况/（3）现状环境影响评估报告""]",tender_scoring_derived,needs_review,internal,企业内部资料,review_only,仅限人工复核,rejected_duplicate,精确重复，不新增,泰昌绿色低碳资料历史候选第191页,泰昌商务补充文件,泰昌商务补充文件,绿色低碳资料,来源于泰昌商务补充文件，历史位置为“补充文件/7.针对评审要素，需要补充的其他文件/7.2.绿色发展规划及管理体系认证/7.2.3.环境影响评价情况/（3）现状环境影响评估报告”。当前仅用于泰昌资料人工复核，未获准进入正式标书。,"[""泰昌"", ""绿色低碳资料"", ""历史标书候选"", ""商务标""]",formal_material_caption,资料：泰昌绿色低碳资料,taichang-exact-dc578091cc80f4d9b1c1,False,False,False,blocked,尚未通过P0-06人工批准,0.9,assets/template_words/商务补充文件.docx,(三)补充文件/7.针对评审要素，需要补充的其他文件/7.2.绿色发展规划及管理体系认证/7.2.3.环境影响评价情况/（3）现状环境影响评估报告,3fb9454388d631aefc554557d507b3e941463ad6f213e0625178484062938709,3fb9454388d631aefc554557d507b3e941463ad6f213e0625178484062938709
business-media-0242,business,media,191,duplicate_exact,精确重复，不新增,河北泰昌电力器材科技有限公司,河北泰昌电力器材科技有限公司,mixed_historical_bid,product_library,产品库资料,green_low_carbon,绿色低碳资料,[],泰昌企业资料,"[""商务标""]","[""补充文件/7.针对评审要素，需要补充的其他文件/7.2.绿色发展规划及管理体系认证/7.2.3.环境影响评价情况/（3）现状环境影响评估报告""]",tender_scoring_derived,needs_review,internal,企业内部资料,review_only,仅限人工复核,rejected_duplicate,精确重复，不新增,泰昌绿色低碳资料历史候选第191页,泰昌商务补充文件,泰昌商务补充文件,绿色低碳资料,来源于泰昌商务补充文件，历史位置为“补充文件/7.针对评审要素，需要补充的其他文件/7.2.绿色发展规划及管理体系认证/7.2.3.环境影响评价情况/（3）现状环境影响评估报告”。当前仅用于泰昌资料人工复核，未获准进入正式标书。,"[""泰昌"", ""绿色低碳资料"", ""历史标书候选"", ""商务标""]",formal_material_caption,资料：泰昌绿色低碳资料,taichang-exact-961435f98ea5ee08ad3b,False,False,False,blocked,尚未通过P0-06人工批准,0.9,assets/template_words/商务补充文件.docx,(三)补充文件/7.针对评审要素，需要补充的其他文件/7.2.绿色发展规划及管理体系认证/7.2.3.环境影响评价情况/（3）现状环境影响评估报告,05f4b06d246a57b210272ed5903492eba4a2bd2ad491d2f3e13c8c49a9577a34,05f4b06d246a57b210272ed5903492eba4a2bd2ad491d2f3e13c8c49a9577a34
business-media-0243,business,media,191,duplicate_exact,精确重复，不新增,河北泰昌电力器材科技有限公司,河北泰昌电力器材科技有限公司,mixed_historical_bid,product_library,产品库资料,green_low_carbon,绿色低碳资料,[],泰昌企业资料,"[""商务标""]","[""补充文件/7.针对评审要素，需要补充的其他文件/7.2.绿色发展规划及管理体系认证/7.2.3.环境影响评价情况/（3）现状环境影响评估报告""]",tender_scoring_derived,needs_review,internal,企业内部资料,review_only,仅限人工复核,rejected_duplicate,精确重复，不新增,泰昌绿色低碳资料历史候选第191页,泰昌商务补充文件,泰昌商务补充文件,绿色低碳资料,来源于泰昌商务补充文件，历史位置为“补充文件/7.针对评审要素，需要补充的其他文件/7.2.绿色发展规划及管理体系认证/7.2.3.环境影响评价情况/（3）现状环境影响评估报告”。当前仅用于泰昌资料人工复核，未获准进入正式标书。,"[""泰昌"", ""绿色低碳资料"", ""历史标书候选"", ""商务标""]",formal_material_caption,资料：泰昌绿色低碳资料,taichang-exact-35dc22b4dff9d0106222,False,False,False,blocked,尚未通过P0-06人工批准,0.9,assets/template_words/商务补充文件.docx,(三)补充文件/7.针对评审要素，需要补充的其他文件/7.2.绿色发展规划及管理体系认证/7.2.3.环境影响评价情况/（3）现状环境影响评估报告,cbd8af6f26ad8af3224556f11cde29734d793e4f9933ab615eb0b69b6839503e,cbd8af6f26ad8af3224556f11cde29734d793e4f9933ab615eb0b69b6839503e
business-media-0244,business,media,191,duplicate_exact,精确重复，不新增,河北泰昌电力器材科技有限公司,河北泰昌电力器材科技有限公司,mixed_historical_bid,product_library,产品库资料,green_low_carbon,绿色低碳资料,[],泰昌企业资料,"[""商务标""]","[""补充文件/7.针对评审要素，需要补充的其他文件/7.2.绿色发展规划及管理体系认证/7.2.3.环境影响评价情况/（3）现状环境影响评估报告""]",tender_scoring_derived,needs_review,internal,企业内部资料,review_only,仅限人工复核,rejected_duplicate,精确重复，不新增,泰昌绿色低碳资料历史候选第191页,泰昌商务补充文件,泰昌商务补充文件,绿色低碳资料,来源于泰昌商务补充文件，历史位置为“补充文件/7.针对评审要素，需要补充的其他文件/7.2.绿色发展规划及管理体系认证/7.2.3.环境影响评价情况/（3）现状环境影响评估报告”。当前仅用于泰昌资料人工复核，未获准进入正式标书。,"[""泰昌"", ""绿色低碳资料"", ""历史标书候选"", ""商务标""]",formal_material_caption,资料：泰昌绿色低碳资料,taichang-exact-f029797336dad1736d5f,False,False,False,blocked,尚未通过P0-06人工批准,0.9,assets/template_words/商务补充文件.docx,(三)补充文件/7.针对评审要素，需要补充的其他文件/7.2.绿色发展规划及管理体系认证/7.2.3.环境影响评价情况/（3）现状环境影响评估报告,f7278568c39d6478d664fa407a160c3ffe34868878f57e0349cd487a90ddebea,f7278568c39d6478d664fa407a160c3ffe34868878f57e0349cd487a90ddebea
business-media-0245,business,media,191,duplicate_exact,精确重复，不新增,河北泰昌电力器材科技有限公司,河北泰昌电力器材科技有限公司,mixed_historical_bid,product_library,产品库资料,green_low_carbon,绿色低碳资料,[],泰昌企业资料,"[""商务标""]","[""补充文件/7.针对评审要素，需要补充的其他文件/7.2.绿色发展规划及管理体系认证/7.2.3.环境影响评价情况/（3）现状环境影响评估报告""]",tender_scoring_derived,needs_review,internal,企业内部资料,review_only,仅限人工复核,rejected_duplicate,精确重复，不新增,泰昌绿色低碳资料历史候选第191页,泰昌商务补充文件,泰昌商务补充文件,绿色低碳资料,来源于泰昌商务补充文件，历史位置为“补充文件/7.针对评审要素，需要补充的其他文件/7.2.绿色发展规划及管理体系认证/7.2.3.环境影响评价情况/（3）现状环境影响评估报告”。当前仅用于泰昌资料人工复核，未获准进入正式标书。,"[""泰昌"", ""绿色低碳资料"", ""历史标书候选"", ""商务标""]",formal_material_caption,资料：泰昌绿色低碳资料,taichang-exact-7399407e31f25b0fa7d0,False,False,False,blocked,尚未通过P0-06人工批准,0.9,assets/template_words/商务补充文件.docx,(三)补充文件/7.针对评审要素，需要补充的其他文件/7.2.绿色发展规划及管理体系认证/7.2.3.环境影响评价情况/（3）现状环境影响评估报告,dcd1e45b50b3de0e2e72ded6100dbae5273e076edcee57b0e5724d3ab2985c96,dcd1e45b50b3de0e2e72ded6100dbae5273e076edcee57b0e5724d3ab2985c96
business-media-0246,business,media,191,duplicate_exact,精确重复，不新增,河北泰昌电力器材科技有限公司,河北泰昌电力器材科技有限公司,mixed_historical_bid,product_library,产品库资料,green_low_carbon,绿色低碳资料,[],泰昌企业资料,"[""商务标""]","[""补充文件/7.针对评审要素，需要补充的其他文件/7.2.绿色发展规划及管理体系认证/7.2.3.环境影响评价情况/（3）现状环境影响评估报告""]",tender_scoring_derived,needs_review,internal,企业内部资料,review_only,仅限人工复核,rejected_duplicate,精确重复，不新增,泰昌绿色低碳资料历史候选第191页,泰昌商务补充文件,泰昌商务补充文件,绿色低碳资料,来源于泰昌商务补充文件，历史位置为“补充文件/7.针对评审要素，需要补充的其他文件/7.2.绿色发展规划及管理体系认证/7.2.3.环境影响评价情况/（3）现状环境影响评估报告”。当前仅用于泰昌资料人工复核，未获准进入正式标书。,"[""泰昌"", ""绿色低碳资料"", ""历史标书候选"", ""商务标""]",formal_material_caption,资料：泰昌绿色低碳资料,taichang-exact-c682f37fa95afd4b0a63,False,False,False,blocked,尚未通过P0-06人工批准,0.9,assets/template_words/商务补充文件.docx,(三)补充文件/7.针对评审要素，需要补充的其他文件/7.2.绿色发展规划及管理体系认证/7.2.3.环境影响评价情况/（3）现状环境影响评估报告,8c56379e9694a11d96eb0c6a50ec166ed7b9112cb6e68456541d273b9e032973,8c56379e9694a11d96eb0c6a50ec166ed7b9112cb6e68456541d273b9e032973
business-media-0247,business,media,191,duplicate_exact,精确重复，不新增,河北泰昌电力器材科技有限公司,河北泰昌电力器材科技有限公司,mixed_historical_bid,product_library,产品库资料,green_low_carbon,绿色低碳资料,[],泰昌企业资料,"[""商务标""]","[""补充文件/7.针对评审要素，需要补充的其他文件/7.2.绿色发展规划及管理体系认证/7.2.3.环境影响评价情况/（3）现状环境影响评估报告""]",tender_scoring_derived,needs_review,internal,企业内部资料,review_only,仅限人工复核,rejected_duplicate,精确重复，不新增,泰昌绿色低碳资料历史候选第191页,泰昌商务补充文件,泰昌商务补充文件,绿色低碳资料,来源于泰昌商务补充文件，历史位置为“补充文件/7.针对评审要素，需要补充的其他文件/7.2.绿色发展规划及管理体系认证/7.2.3.环境影响评价情况/（3）现状环境影响评估报告”。当前仅用于泰昌资料人工复核，未获准进入正式标书。,"[""泰昌"", ""绿色低碳资料"", ""历史标书候选"", ""商务标""]",formal_material_caption,资料：泰昌绿色低碳资料,taichang-exact-bc07e5d0de669de9eeba,False,False,False,blocked,尚未通过P0-06人工批准,0.9,assets/template_words/商务补充文件.docx,(三)补充文件/7.针对评审要素，需要补充的其他文件/7.2.绿色发展规划及管理体系认证/7.2.3.环境影响评价情况/（3）现状环境影响评估报告,2642135ea4252a275889b714cbd77d43daf2f7493cffa16c1da72e958492331f,2642135ea4252a275889b714cbd77d43daf2f7493cffa16c1da72e958492331f
business-media-0248,business,media,191,duplicate_exact,精确重复，不新增,河北泰昌电力器材科技有限公司,河北泰昌电力器材科技有限公司,mixed_historical_bid,product_library,产品库资料,green_low_carbon,绿色低碳资料,[],泰昌企业资料,"[""商务标""]","[""补充文件/7.针对评审要素，需要补充的其他文件/7.2.绿色发展规划及管理体系认证/7.2.3.环境影响评价情况/（3）现状环境影响评估报告""]",tender_scoring_derived,needs_review,internal,企业内部资料,review_only,仅限人工复核,rejected_duplicate,精确重复，不新增,泰昌绿色低碳资料历史候选第191页,泰昌商务补充文件,泰昌商务补充文件,绿色低碳资料,来源于泰昌商务补充文件，历史位置为“补充文件/7.针对评审要素，需要补充的其他文件/7.2.绿色发展规划及管理体系认证/7.2.3.环境影响评价情况/（3）现状环境影响评估报告”。当前仅用于泰昌资料人工复核，未获准进入正式标书。,"[""泰昌"", ""绿色低碳资料"", ""历史标书候选"", ""商务标""]",formal_material_caption,资料：泰昌绿色低碳资料,taichang-exact-0173dfc18870026c6dc2,False,False,False,blocked,尚未通过P0-06人工批准,0.9,assets/template_words/商务补充文件.docx,(三)补充文件/7.针对评审要素，需要补充的其他文件/7.2.绿色发展规划及管理体系认证/7.2.3.环境影响评价情况/（3）现状环境影响评估报告,fc06fdde27589a33293da753a475ca4b0eab633d3b045bb1d5665ea099346689,fc06fdde27589a33293da753a475ca4b0eab633d3b045bb1d5665ea099346689
business-media-0249,business,media,191,duplicate_exact,精确重复，不新增,河北泰昌电力器材科技有限公司,河北泰昌电力器材科技有限公司,mixed_historical_bid,product_library,产品库资料,green_low_carbon,绿色低碳资料,[],泰昌企业资料,"[""商务标""]","[""补充文件/7.针对评审要素，需要补充的其他文件/7.2.绿色发展规划及管理体系认证/7.2.3.环境影响评价情况/（3）现状环境影响评估报告""]",tender_scoring_derived,needs_review,internal,企业内部资料,review_only,仅限人工复核,rejected_duplicate,精确重复，不新增,泰昌绿色低碳资料历史候选第191页,泰昌商务补充文件,泰昌商务补充文件,绿色低碳资料,来源于泰昌商务补充文件，历史位置为“补充文件/7.针对评审要素，需要补充的其他文件/7.2.绿色发展规划及管理体系认证/7.2.3.环境影响评价情况/（3）现状环境影响评估报告”。当前仅用于泰昌资料人工复核，未获准进入正式标书。,"[""泰昌"", ""绿色低碳资料"", ""历史标书候选"", ""商务标""]",formal_material_caption,资料：泰昌绿色低碳资料,taichang-exact-2eaf50602f9aa07363c5,False,False,False,blocked,尚未通过P0-06人工批准,0.9,assets/template_words/商务补充文件.docx,(三)补充文件/7.针对评审要素，需要补充的其他文件/7.2.绿色发展规划及管理体系认证/7.2.3.环境影响评价情况/（3）现状环境影响评估报告,1f45ed5a92289b7d52916072c8c6765fdba68b466a715c6bcdd8880bc3cc4264,1f45ed5a92289b7d52916072c8c6765fdba68b466a715c6bcdd8880bc3cc4264
business-media-0250,business,media,191,duplicate_exact,精确重复，不新增,河北泰昌电力器材科技有限公司,河北泰昌电力器材科技有限公司,mixed_historical_bid,product_library,产品库资料,green_low_carbon,绿色低碳资料,[],泰昌企业资料,"[""商务标""]","[""补充文件/7.针对评审要素，需要补充的其他文件/7.2.绿色发展规划及管理体系认证/7.2.3.环境影响评价情况/（3）现状环境影响评估报告""]",tender_scoring_derived,needs_review,internal,企业内部资料,review_only,仅限人工复核,rejected_duplicate,精确重复，不新增,泰昌绿色低碳资料历史候选第191页,泰昌商务补充文件,泰昌商务补充文件,绿色低碳资料,来源于泰昌商务补充文件，历史位置为“补充文件/7.针对评审要素，需要补充的其他文件/7.2.绿色发展规划及管理体系认证/7.2.3.环境影响评价情况/（3）现状环境影响评估报告”。当前仅用于泰昌资料人工复核，未获准进入正式标书。,"[""泰昌"", ""绿色低碳资料"", ""历史标书候选"", ""商务标""]",formal_material_caption,资料：泰昌绿色低碳资料,taichang-exact-88122f1e937af007cc31,False,False,False,blocked,尚未通过P0-06人工批准,0.9,assets/template_words/商务补充文件.docx,(三)补充文件/7.针对评审要素，需要补充的其他文件/7.2.绿色发展规划及管理体系认证/7.2.3.环境影响评价情况/（3）现状环境影响评估报告,956246a8565a665e992559009d3e50fe72f82a3b5061f867434f6970bd662bf8,956246a8565a665e992559009d3e50fe72f82a3b5061f867434f6970bd662bf8
business-media-0251,business,media,191,duplicate_exact,精确重复，不新增,河北泰昌电力器材科技有限公司,河北泰昌电力器材科技有限公司,mixed_historical_bid,product_library,产品库资料,green_low_carbon,绿色低碳资料,[],泰昌企业资料,"[""商务标""]","[""补充文件/7.针对评审要素，需要补充的其他文件/7.2.绿色发展规划及管理体系认证/7.2.3.环境影响评价情况/（3）现状环境影响评估报告""]",tender_scoring_derived,needs_review,internal,企业内部资料,review_only,仅限人工复核,rejected_duplicate,精确重复，不新增,泰昌绿色低碳资料历史候选第191页,泰昌商务补充文件,泰昌商务补充文件,绿色低碳资料,来源于泰昌商务补充文件，历史位置为“补充文件/7.针对评审要素，需要补充的其他文件/7.2.绿色发展规划及管理体系认证/7.2.3.环境影响评价情况/（3）现状环境影响评估报告”。当前仅用于泰昌资料人工复核，未获准进入正式标书。,"[""泰昌"", ""绿色低碳资料"", ""历史标书候选"", ""商务标""]",formal_material_caption,资料：泰昌绿色低碳资料,taichang-exact-d402af528d485209e472,False,False,False,blocked,尚未通过P0-06人工批准,0.9,assets/template_words/商务补充文件.docx,(三)补充文件/7.针对评审要素，需要补充的其他文件/7.2.绿色发展规划及管理体系认证/7.2.3.环境影响评价情况/（3）现状环境影响评估报告,d6f2b92d37e226bd9831d2cdd69d5831e349b5fa6e516ca82c7cb59f2c12ff44,d6f2b92d37e226bd9831d2cdd69d5831e349b5fa6e516ca82c7cb59f2c12ff44
business-media-0252,business,media,191,duplicate_exact,精确重复，不新增,河北泰昌电力器材科技有限公司,河北泰昌电力器材科技有限公司,mixed_historical_bid,product_library,产品库资料,green_low_carbon,绿色低碳资料,[],泰昌企业资料,"[""商务标""]","[""补充文件/7.针对评审要素，需要补充的其他文件/7.2.绿色发展规划及管理体系认证/7.2.3.环境影响评价情况/（3）现状环境影响评估报告""]",tender_scoring_derived,needs_review,internal,企业内部资料,review_only,仅限人工复核,rejected_duplicate,精确重复，不新增,泰昌绿色低碳资料历史候选第191页,泰昌商务补充文件,泰昌商务补充文件,绿色低碳资料,来源于泰昌商务补充文件，历史位置为“补充文件/7.针对评审要素，需要补充的其他文件/7.2.绿色发展规划及管理体系认证/7.2.3.环境影响评价情况/（3）现状环境影响评估报告”。当前仅用于泰昌资料人工复核，未获准进入正式标书。,"[""泰昌"", ""绿色低碳资料"", ""历史标书候选"", ""商务标""]",formal_material_caption,资料：泰昌绿色低碳资料,taichang-exact-181bf9d0e87232af7d08,False,False,False,blocked,尚未通过P0-06人工批准,0.9,assets/template_words/商务补充文件.docx,(三)补充文件/7.针对评审要素，需要补充的其他文件/7.2.绿色发展规划及管理体系认证/7.2.3.环境影响评价情况/（3）现状环境影响评估报告,6fa27dea07c981162df28142bfc4c1ce01fcaf783d97be985a27fde80b3ed6cc,6fa27dea07c981162df28142bfc4c1ce01fcaf783d97be985a27fde80b3ed6cc
business-media-0253,business,media,191,duplicate_exact,精确重复，不新增,河北泰昌电力器材科技有限公司,河北泰昌电力器材科技有限公司,mixed_historical_bid,product_library,产品库资料,green_low_carbon,绿色低碳资料,[],泰昌企业资料,"[""商务标""]","[""补充文件/7.针对评审要素，需要补充的其他文件/7.2.绿色发展规划及管理体系认证/7.2.3.环境影响评价情况/（3）现状环境影响评估报告""]",tender_scoring_derived,needs_review,internal,企业内部资料,review_only,仅限人工复核,rejected_duplicate,精确重复，不新增,泰昌绿色低碳资料历史候选第191页,泰昌商务补充文件,泰昌商务补充文件,绿色低碳资料,来源于泰昌商务补充文件，历史位置为“补充文件/7.针对评审要素，需要补充的其他文件/7.2.绿色发展规划及管理体系认证/7.2.3.环境影响评价情况/（3）现状环境影响评估报告”。当前仅用于泰昌资料人工复核，未获准进入正式标书。,"[""泰昌"", ""绿色低碳资料"", ""历史标书候选"", ""商务标""]",formal_material_caption,资料：泰昌绿色低碳资料,taichang-exact-d2bc603514cd4ef53549,False,False,False,blocked,尚未通过P0-06人工批准,0.9,assets/template_words/商务补充文件.docx,(三)补充文件/7.针对评审要素，需要补充的其他文件/7.2.绿色发展规划及管理体系认证/7.2.3.环境影响评价情况/（3）现状环境影响评估报告,9a1776a672141ffda9d63b7eaa4afb36725933fac1a0065ab1a310f9875d65e7,9a1776a672141ffda9d63b7eaa4afb36725933fac1a0065ab1a310f9875d65e7
business-media-0254,business,media,191,duplicate_exact,精确重复，不新增,河北泰昌电力器材科技有限公司,河北泰昌电力器材科技有限公司,mixed_historical_bid,product_library,产品库资料,green_low_carbon,绿色低碳资料,[],泰昌企业资料,"[""商务标""]","[""补充文件/7.针对评审要素，需要补充的其他文件/7.2.绿色发展规划及管理体系认证/7.2.3.环境影响评价情况/（3）现状环境影响评估报告""]",tender_scoring_derived,needs_review,internal,企业内部资料,review_only,仅限人工复核,rejected_duplicate,精确重复，不新增,泰昌绿色低碳资料历史候选第191页,泰昌商务补充文件,泰昌商务补充文件,绿色低碳资料,来源于泰昌商务补充文件，历史位置为“补充文件/7.针对评审要素，需要补充的其他文件/7.2.绿色发展规划及管理体系认证/7.2.3.环境影响评价情况/（3）现状环境影响评估报告”。当前仅用于泰昌资料人工复核，未获准进入正式标书。,"[""泰昌"", ""绿色低碳资料"", ""历史标书候选"", ""商务标""]",formal_material_caption,资料：泰昌绿色低碳资料,taichang-exact-cb58b5fa9c43ba1f3e1a,False,False,False,blocked,尚未通过P0-06人工批准,0.9,assets/template_words/商务补充文件.docx,(三)补充文件/7.针对评审要素，需要补充的其他文件/7.2.绿色发展规划及管理体系认证/7.2.3.环境影响评价情况/（3）现状环境影响评估报告,797052cc7e24168b5eb3eeb8634c6208769b4e3f766e6ad3b262b5d3738a9ef0,797052cc7e24168b5eb3eeb8634c6208769b4e3f766e6ad3b262b5d3738a9ef0
business-media-0255,business,media,191,duplicate_exact,精确重复，不新增,河北泰昌电力器材科技有限公司,河北泰昌电力器材科技有限公司,mixed_historical_bid,product_library,产品库资料,green_low_carbon,绿色低碳资料,[],泰昌企业资料,"[""商务标""]","[""补充文件/7.针对评审要素，需要补充的其他文件/7.2.绿色发展规划及管理体系认证/7.2.3.环境影响评价情况/（3）现状环境影响评估报告""]",tender_scoring_derived,needs_review,internal,企业内部资料,review_only,仅限人工复核,rejected_duplicate,精确重复，不新增,泰昌绿色低碳资料历史候选第191页,泰昌商务补充文件,泰昌商务补充文件,绿色低碳资料,来源于泰昌商务补充文件，历史位置为“补充文件/7.针对评审要素，需要补充的其他文件/7.2.绿色发展规划及管理体系认证/7.2.3.环境影响评价情况/（3）现状环境影响评估报告”。当前仅用于泰昌资料人工复核，未获准进入正式标书。,"[""泰昌"", ""绿色低碳资料"", ""历史标书候选"", ""商务标""]",formal_material_caption,资料：泰昌绿色低碳资料,taichang-exact-d51fdf7e5be42c9e9177,False,False,False,blocked,尚未通过P0-06人工批准,0.9,assets/template_words/商务补充文件.docx,(三)补充文件/7.针对评审要素，需要补充的其他文件/7.2.绿色发展规划及管理体系认证/7.2.3.环境影响评价情况/（3）现状环境影响评估报告,1d7699a120bdd2cff304c017d6b48f3a9853a3bd089393399ef749a5a0e1c81f,1d7699a120bdd2cff304c017d6b48f3a9853a3bd089393399ef749a5a0e1c81f
business-media-0256,business,media,191,duplicate_exact,精确重复，不新增,河北泰昌电力器材科技有限公司,河北泰昌电力器材科技有限公司,mixed_historical_bid,product_library,产品库资料,green_low_carbon,绿色低碳资料,[],泰昌企业资料,"[""商务标""]","[""补充文件/7.针对评审要素，需要补充的其他文件/7.2.绿色发展规划及管理体系认证/7.2.3.环境影响评价情况/（3）现状环境影响评估报告""]",tender_scoring_derived,needs_review,internal,企业内部资料,review_only,仅限人工复核,rejected_duplicate,精确重复，不新增,泰昌绿色低碳资料历史候选第191页,泰昌商务补充文件,泰昌商务补充文件,绿色低碳资料,来源于泰昌商务补充文件，历史位置为“补充文件/7.针对评审要素，需要补充的其他文件/7.2.绿色发展规划及管理体系认证/7.2.3.环境影响评价情况/（3）现状环境影响评估报告”。当前仅用于泰昌资料人工复核，未获准进入正式标书。,"[""泰昌"", ""绿色低碳资料"", ""历史标书候选"", ""商务标""]",formal_material_caption,资料：泰昌绿色低碳资料,taichang-exact-9fc1a133c36d9e812145,False,False,False,blocked,尚未通过P0-06人工批准,0.9,assets/template_words/商务补充文件.docx,(三)补充文件/7.针对评审要素，需要补充的其他文件/7.2.绿色发展规划及管理体系认证/7.2.3.环境影响评价情况/（3）现状环境影响评估报告,4d06d19fa6e8a901b8b884ca585698c4a397edf97723016fd740b60048cdd182,4d06d19fa6e8a901b8b884ca585698c4a397edf97723016fd740b60048cdd182
business-media-0257,business,media,191,duplicate_exact,精确重复，不新增,河北泰昌电力器材科技有限公司,河北泰昌电力器材科技有限公司,mixed_historical_bid,product_library,产品库资料,green_low_carbon,绿色低碳资料,[],泰昌企业资料,"[""商务标""]","[""补充文件/7.针对评审要素，需要补充的其他文件/7.2.绿色发展规划及管理体系认证/7.2.3.环境影响评价情况/（3）现状环境影响评估报告""]",tender_scoring_derived,needs_review,internal,企业内部资料,review_only,仅限人工复核,rejected_duplicate,精确重复，不新增,泰昌绿色低碳资料历史候选第191页,泰昌商务补充文件,泰昌商务补充文件,绿色低碳资料,来源于泰昌商务补充文件，历史位置为“补充文件/7.针对评审要素，需要补充的其他文件/7.2.绿色发展规划及管理体系认证/7.2.3.环境影响评价情况/（3）现状环境影响评估报告”。当前仅用于泰昌资料人工复核，未获准进入正式标书。,"[""泰昌"", ""绿色低碳资料"", ""历史标书候选"", ""商务标""]",formal_material_caption,资料：泰昌绿色低碳资料,taichang-exact-f326d8fe9f3c4a9b8980,False,False,False,blocked,尚未通过P0-06人工批准,0.9,assets/template_words/商务补充文件.docx,(三)补充文件/7.针对评审要素，需要补充的其他文件/7.2.绿色发展规划及管理体系认证/7.2.3.环境影响评价情况/（3）现状环境影响评估报告,45195f8bee4e47710ca597eb6c3c3ebceb3284c6db080bb71b2918601271b7a4,45195f8bee4e47710ca597eb6c3c3ebceb3284c6db080bb71b2918601271b7a4
business-media-0258,business,media,191,duplicate_exact,精确重复，不新增,河北泰昌电力器材科技有限公司,河北泰昌电力器材科技有限公司,mixed_historical_bid,product_library,产品库资料,green_low_carbon,绿色低碳资料,[],泰昌企业资料,"[""商务标""]","[""补充文件/7.针对评审要素，需要补充的其他文件/7.2.绿色发展规划及管理体系认证/7.2.3.环境影响评价情况/（3）现状环境影响评估报告""]",tender_scoring_derived,needs_review,internal,企业内部资料,review_only,仅限人工复核,rejected_duplicate,精确重复，不新增,泰昌绿色低碳资料历史候选第191页,泰昌商务补充文件,泰昌商务补充文件,绿色低碳资料,来源于泰昌商务补充文件，历史位置为“补充文件/7.针对评审要素，需要补充的其他文件/7.2.绿色发展规划及管理体系认证/7.2.3.环境影响评价情况/（3）现状环境影响评估报告”。当前仅用于泰昌资料人工复核，未获准进入正式标书。,"[""泰昌"", ""绿色低碳资料"", ""历史标书候选"", ""商务标""]",formal_material_caption,资料：泰昌绿色低碳资料,taichang-exact-6010adb7e42306447f2f,False,False,False,blocked,尚未通过P0-06人工批准,0.9,assets/template_words/商务补充文件.docx,(三)补充文件/7.针对评审要素，需要补充的其他文件/7.2.绿色发展规划及管理体系认证/7.2.3.环境影响评价情况/（3）现状环境影响评估报告,129a7e6af77b22cf1ef6b1b9045682366e629a2644581f2f60e15a8456b0ea65,129a7e6af77b22cf1ef6b1b9045682366e629a2644581f2f60e15a8456b0ea65
business-media-0259,business,media,191,duplicate_exact,精确重复，不新增,河北泰昌电力器材科技有限公司,河北泰昌电力器材科技有限公司,mixed_historical_bid,product_library,产品库资料,green_low_carbon,绿色低碳资料,[],泰昌企业资料,"[""商务标""]","[""补充文件/7.针对评审要素，需要补充的其他文件/7.2.绿色发展规划及管理体系认证/7.2.3.环境影响评价情况/（3）现状环境影响评估报告""]",tender_scoring_derived,needs_review,internal,企业内部资料,review_only,仅限人工复核,rejected_duplicate,精确重复，不新增,泰昌绿色低碳资料历史候选第191页,泰昌商务补充文件,泰昌商务补充文件,绿色低碳资料,来源于泰昌商务补充文件，历史位置为“补充文件/7.针对评审要素，需要补充的其他文件/7.2.绿色发展规划及管理体系认证/7.2.3.环境影响评价情况/（3）现状环境影响评估报告”。当前仅用于泰昌资料人工复核，未获准进入正式标书。,"[""泰昌"", ""绿色低碳资料"", ""历史标书候选"", ""商务标""]",formal_material_caption,资料：泰昌绿色低碳资料,taichang-exact-ff9d502202205140f88f,False,False,False,blocked,尚未通过P0-06人工批准,0.9,assets/template_words/商务补充文件.docx,(三)补充文件/7.针对评审要素，需要补充的其他文件/7.2.绿色发展规划及管理体系认证/7.2.3.环境影响评价情况/（3）现状环境影响评估报告,dbf025261d689648d4ab7cdd250880b270f8f7fee1256266f7a1cde87d8ffcb9,dbf025261d689648d4ab7cdd250880b270f8f7fee1256266f7a1cde87d8ffcb9
business-media-0260,business,media,191,duplicate_exact,精确重复，不新增,河北泰昌电力器材科技有限公司,河北泰昌电力器材科技有限公司,mixed_historical_bid,product_library,产品库资料,green_low_carbon,绿色低碳资料,[],泰昌企业资料,"[""商务标""]","[""补充文件/7.针对评审要素，需要补充的其他文件/7.2.绿色发展规划及管理体系认证/7.2.3.环境影响评价情况/（3）现状环境影响评估报告""]",tender_scoring_derived,needs_review,internal,企业内部资料,review_only,仅限人工复核,rejected_duplicate,精确重复，不新增,泰昌绿色低碳资料历史候选第191页,泰昌商务补充文件,泰昌商务补充文件,绿色低碳资料,来源于泰昌商务补充文件，历史位置为“补充文件/7.针对评审要素，需要补充的其他文件/7.2.绿色发展规划及管理体系认证/7.2.3.环境影响评价情况/（3）现状环境影响评估报告”。当前仅用于泰昌资料人工复核，未获准进入正式标书。,"[""泰昌"", ""绿色低碳资料"", ""历史标书候选"", ""商务标""]",formal_material_caption,资料：泰昌绿色低碳资料,taichang-exact-e8a93296191c4ce48099,False,False,False,blocked,尚未通过P0-06人工批准,0.9,assets/template_words/商务补充文件.docx,(三)补充文件/7.针对评审要素，需要补充的其他文件/7.2.绿色发展规划及管理体系认证/7.2.3.环境影响评价情况/（3）现状环境影响评估报告,2a1c872b67a3a7db46b3313009322a8dcdff534a9700896b85c340d3f3805783,2a1c872b67a3a7db46b3313009322a8dcdff534a9700896b85c340d3f3805783
business-media-0261,business,media,191,duplicate_exact,精确重复，不新增,河北泰昌电力器材科技有限公司,河北泰昌电力器材科技有限公司,mixed_historical_bid,product_library,产品库资料,green_low_carbon,绿色低碳资料,[],泰昌企业资料,"[""商务标""]","[""补充文件/7.针对评审要素，需要补充的其他文件/7.2.绿色发展规划及管理体系认证/7.2.3.环境影响评价情况/（3）现状环境影响评估报告""]",tender_scoring_derived,needs_review,internal,企业内部资料,review_only,仅限人工复核,rejected_duplicate,精确重复，不新增,泰昌绿色低碳资料历史候选第191页,泰昌商务补充文件,泰昌商务补充文件,绿色低碳资料,来源于泰昌商务补充文件，历史位置为“补充文件/7.针对评审要素，需要补充的其他文件/7.2.绿色发展规划及管理体系认证/7.2.3.环境影响评价情况/（3）现状环境影响评估报告”。当前仅用于泰昌资料人工复核，未获准进入正式标书。,"[""泰昌"", ""绿色低碳资料"", ""历史标书候选"", ""商务标""]",formal_material_caption,资料：泰昌绿色低碳资料,taichang-exact-5be5681ee577e65cfe9b,False,False,False,blocked,尚未通过P0-06人工批准,0.9,assets/template_words/商务补充文件.docx,(三)补充文件/7.针对评审要素，需要补充的其他文件/7.2.绿色发展规划及管理体系认证/7.2.3.环境影响评价情况/（3）现状环境影响评估报告,c12fe72eb8f3241c200f60ea786e626ca516be879117d3452258a60393b598da,c12fe72eb8f3241c200f60ea786e626ca516be879117d3452258a60393b598da
business-media-0262,business,media,191,duplicate_exact,精确重复，不新增,河北泰昌电力器材科技有限公司,河北泰昌电力器材科技有限公司,mixed_historical_bid,product_library,产品库资料,green_low_carbon,绿色低碳资料,[],泰昌企业资料,"[""商务标""]","[""补充文件/7.针对评审要素，需要补充的其他文件/7.2.绿色发展规划及管理体系认证/7.2.3.环境影响评价情况/（3）现状环境影响评估报告""]",tender_scoring_derived,needs_review,internal,企业内部资料,review_only,仅限人工复核,rejected_duplicate,精确重复，不新增,泰昌绿色低碳资料历史候选第191页,泰昌商务补充文件,泰昌商务补充文件,绿色低碳资料,来源于泰昌商务补充文件，历史位置为“补充文件/7.针对评审要素，需要补充的其他文件/7.2.绿色发展规划及管理体系认证/7.2.3.环境影响评价情况/（3）现状环境影响评估报告”。当前仅用于泰昌资料人工复核，未获准进入正式标书。,"[""泰昌"", ""绿色低碳资料"", ""历史标书候选"", ""商务标""]",formal_material_caption,资料：泰昌绿色低碳资料,taichang-exact-15f891364f163fdcff8f,False,False,False,blocked,尚未通过P0-06人工批准,0.9,assets/template_words/商务补充文件.docx,(三)补充文件/7.针对评审要素，需要补充的其他文件/7.2.绿色发展规划及管理体系认证/7.2.3.环境影响评价情况/（3）现状环境影响评估报告,09c1811bab2bfac3e34f6b24df4f92dd420825e0f479003e49e9e17f1ae16e0e,09c1811bab2bfac3e34f6b24df4f92dd420825e0f479003e49e9e17f1ae16e0e
business-media-0263,business,media,191,duplicate_exact,精确重复，不新增,河北泰昌电力器材科技有限公司,河北泰昌电力器材科技有限公司,mixed_historical_bid,product_library,产品库资料,green_low_carbon,绿色低碳资料,[],泰昌企业资料,"[""商务标""]","[""补充文件/7.针对评审要素，需要补充的其他文件/7.2.绿色发展规划及管理体系认证/7.2.3.环境影响评价情况/（3）现状环境影响评估报告""]",tender_scoring_derived,needs_review,internal,企业内部资料,review_only,仅限人工复核,rejected_duplicate,精确重复，不新增,泰昌绿色低碳资料历史候选第191页,泰昌商务补充文件,泰昌商务补充文件,绿色低碳资料,来源于泰昌商务补充文件，历史位置为“补充文件/7.针对评审要素，需要补充的其他文件/7.2.绿色发展规划及管理体系认证/7.2.3.环境影响评价情况/（3）现状环境影响评估报告”。当前仅用于泰昌资料人工复核，未获准进入正式标书。,"[""泰昌"", ""绿色低碳资料"", ""历史标书候选"", ""商务标""]",formal_material_caption,资料：泰昌绿色低碳资料,taichang-exact-66560c377a659aae3bd9,False,False,False,blocked,尚未通过P0-06人工批准,0.9,assets/template_words/商务补充文件.docx,(三)补充文件/7.针对评审要素，需要补充的其他文件/7.2.绿色发展规划及管理体系认证/7.2.3.环境影响评价情况/（3）现状环境影响评估报告,907dc5d91f6a5d7206423b2cd24c72d282a4c87e329c724cbf432311fde012ff,907dc5d91f6a5d7206423b2cd24c72d282a4c87e329c724cbf432311fde012ff
business-media-0264,business,media,191,duplicate_exact,精确重复，不新增,河北泰昌电力器材科技有限公司,河北泰昌电力器材科技有限公司,mixed_historical_bid,product_library,产品库资料,green_low_carbon,绿色低碳资料,[],泰昌企业资料,"[""商务标""]","[""补充文件/7.针对评审要素，需要补充的其他文件/7.2.绿色发展规划及管理体系认证/7.2.3.环境影响评价情况/（3）现状环境影响评估报告""]",tender_scoring_derived,needs_review,internal,企业内部资料,review_only,仅限人工复核,rejected_duplicate,精确重复，不新增,泰昌绿色低碳资料历史候选第191页,泰昌商务补充文件,泰昌商务补充文件,绿色低碳资料,来源于泰昌商务补充文件，历史位置为“补充文件/7.针对评审要素，需要补充的其他文件/7.2.绿色发展规划及管理体系认证/7.2.3.环境影响评价情况/（3）现状环境影响评估报告”。当前仅用于泰昌资料人工复核，未获准进入正式标书。,"[""泰昌"", ""绿色低碳资料"", ""历史标书候选"", ""商务标""]",formal_material_caption,资料：泰昌绿色低碳资料,taichang-exact-bf7cd7909eab9da9b4c2,False,False,False,blocked,尚未通过P0-06人工批准,0.9,assets/template_words/商务补充文件.docx,(三)补充文件/7.针对评审要素，需要补充的其他文件/7.2.绿色发展规划及管理体系认证/7.2.3.环境影响评价情况/（3）现状环境影响评估报告,a636c8f0462e7c80c281abdb00f25448f75f6a4dd946f2b1cc30c177a9a65dbe,a636c8f0462e7c80c281abdb00f25448f75f6a4dd946f2b1cc30c177a9a65dbe
business-media-0265,business,media,191,duplicate_exact,精确重复，不新增,河北泰昌电力器材科技有限公司,河北泰昌电力器材科技有限公司,mixed_historical_bid,product_library,产品库资料,green_low_carbon,绿色低碳资料,[],泰昌企业资料,"[""商务标""]","[""补充文件/7.针对评审要素，需要补充的其他文件/7.2.绿色发展规划及管理体系认证/7.2.3.环境影响评价情况/（3）现状环境影响评估报告""]",tender_scoring_derived,needs_review,internal,企业内部资料,review_only,仅限人工复核,rejected_duplicate,精确重复，不新增,泰昌绿色低碳资料历史候选第191页,泰昌商务补充文件,泰昌商务补充文件,绿色低碳资料,来源于泰昌商务补充文件，历史位置为“补充文件/7.针对评审要素，需要补充的其他文件/7.2.绿色发展规划及管理体系认证/7.2.3.环境影响评价情况/（3）现状环境影响评估报告”。当前仅用于泰昌资料人工复核，未获准进入正式标书。,"[""泰昌"", ""绿色低碳资料"", ""历史标书候选"", ""商务标""]",formal_material_caption,资料：泰昌绿色低碳资料,taichang-exact-f89880100969d297288f,False,False,False,blocked,尚未通过P0-06人工批准,0.9,assets/template_words/商务补充文件.docx,(三)补充文件/7.针对评审要素，需要补充的其他文件/7.2.绿色发展规划及管理体系认证/7.2.3.环境影响评价情况/（3）现状环境影响评估报告,460e556efd2fc6ce3ed0726d7fa480b971482a7901927d98594d3ac92c6186fd,460e556efd2fc6ce3ed0726d7fa480b971482a7901927d98594d3ac92c6186fd
business-media-0266,business,media,191,duplicate_exact,精确重复，不新增,河北泰昌电力器材科技有限公司,河北泰昌电力器材科技有限公司,mixed_historical_bid,product_library,产品库资料,green_low_carbon,绿色低碳资料,[],泰昌企业资料,"[""商务标""]","[""补充文件/7.针对评审要素，需要补充的其他文件/7.2.绿色发展规划及管理体系认证/7.2.3.环境影响评价情况/（3）现状环境影响评估报告""]",tender_scoring_derived,needs_review,internal,企业内部资料,review_only,仅限人工复核,rejected_duplicate,精确重复，不新增,泰昌绿色低碳资料历史候选第191页,泰昌商务补充文件,泰昌商务补充文件,绿色低碳资料,来源于泰昌商务补充文件，历史位置为“补充文件/7.针对评审要素，需要补充的其他文件/7.2.绿色发展规划及管理体系认证/7.2.3.环境影响评价情况/（3）现状环境影响评估报告”。当前仅用于泰昌资料人工复核，未获准进入正式标书。,"[""泰昌"", ""绿色低碳资料"", ""历史标书候选"", ""商务标""]",formal_material_caption,资料：泰昌绿色低碳资料,taichang-exact-e4d8a962d9744fee034d,False,False,False,blocked,尚未通过P0-06人工批准,0.9,assets/template_words/商务补充文件.docx,(三)补充文件/7.针对评审要素，需要补充的其他文件/7.2.绿色发展规划及管理体系认证/7.2.3.环境影响评价情况/（3）现状环境影响评估报告,18dfc0395d8edd86b06494f728321fe980e171c6ee99e0d1e390ea690ff7227b,18dfc0395d8edd86b06494f728321fe980e171c6ee99e0d1e390ea690ff7227b
business-media-0267,business,media,191,duplicate_exact,精确重复，不新增,河北泰昌电力器材科技有限公司,河北泰昌电力器材科技有限公司,mixed_historical_bid,product_library,产品库资料,green_low_carbon,绿色低碳资料,[],泰昌企业资料,"[""商务标""]","[""补充文件/7.针对评审要素，需要补充的其他文件/7.2.绿色发展规划及管理体系认证/7.2.3.环境影响评价情况/（3）现状环境影响评估报告""]",tender_scoring_derived,needs_review,internal,企业内部资料,review_only,仅限人工复核,rejected_duplicate,精确重复，不新增,泰昌绿色低碳资料历史候选第191页,泰昌商务补充文件,泰昌商务补充文件,绿色低碳资料,来源于泰昌商务补充文件，历史位置为“补充文件/7.针对评审要素，需要补充的其他文件/7.2.绿色发展规划及管理体系认证/7.2.3.环境影响评价情况/（3）现状环境影响评估报告”。当前仅用于泰昌资料人工复核，未获准进入正式标书。,"[""泰昌"", ""绿色低碳资料"", ""历史标书候选"", ""商务标""]",formal_material_caption,资料：泰昌绿色低碳资料,taichang-exact-c46a9adc8173a0d165cf,False,False,False,blocked,尚未通过P0-06人工批准,0.9,assets/template_words/商务补充文件.docx,(三)补充文件/7.针对评审要素，需要补充的其他文件/7.2.绿色发展规划及管理体系认证/7.2.3.环境影响评价情况/（3）现状环境影响评估报告,bf3744267213a5b9332cd6638767488bfe5ea26709e08d6085fb95e0d9075d9f,bf3744267213a5b9332cd6638767488bfe5ea26709e08d6085fb95e0d9075d9f
business-media-0268,business,media,191,duplicate_exact,精确重复，不新增,河北泰昌电力器材科技有限公司,河北泰昌电力器材科技有限公司,mixed_historical_bid,product_library,产品库资料,green_low_carbon,绿色低碳资料,[],泰昌企业资料,"[""商务标""]","[""补充文件/7.针对评审要素，需要补充的其他文件/7.2.绿色发展规划及管理体系认证/7.2.3.环境影响评价情况/（3）现状环境影响评估报告""]",tender_scoring_derived,needs_review,internal,企业内部资料,review_only,仅限人工复核,rejected_duplicate,精确重复，不新增,泰昌绿色低碳资料历史候选第191页,泰昌商务补充文件,泰昌商务补充文件,绿色低碳资料,来源于泰昌商务补充文件，历史位置为“补充文件/7.针对评审要素，需要补充的其他文件/7.2.绿色发展规划及管理体系认证/7.2.3.环境影响评价情况/（3）现状环境影响评估报告”。当前仅用于泰昌资料人工复核，未获准进入正式标书。,"[""泰昌"", ""绿色低碳资料"", ""历史标书候选"", ""商务标""]",formal_material_caption,资料：泰昌绿色低碳资料,taichang-exact-4ee35bb930f8ec7c91c9,False,False,False,blocked,尚未通过P0-06人工批准,0.9,assets/template_words/商务补充文件.docx,(三)补充文件/7.针对评审要素，需要补充的其他文件/7.2.绿色发展规划及管理体系认证/7.2.3.环境影响评价情况/（3）现状环境影响评估报告,d618cc382e34bbc29e00aae8e09e2cefd90acd98d0d99f0868e774ee365e06e8,d618cc382e34bbc29e00aae8e09e2cefd90acd98d0d99f0868e774ee365e06e8
business-media-0269,business,media,191,duplicate_exact,精确重复，不新增,河北泰昌电力器材科技有限公司,河北泰昌电力器材科技有限公司,mixed_historical_bid,product_library,产品库资料,green_low_carbon,绿色低碳资料,[],泰昌企业资料,"[""商务标""]","[""补充文件/7.针对评审要素，需要补充的其他文件/7.2.绿色发展规划及管理体系认证/7.2.3.环境影响评价情况/（3）现状环境影响评估报告""]",tender_scoring_derived,needs_review,internal,企业内部资料,review_only,仅限人工复核,rejected_duplicate,精确重复，不新增,泰昌绿色低碳资料历史候选第191页,泰昌商务补充文件,泰昌商务补充文件,绿色低碳资料,来源于泰昌商务补充文件，历史位置为“补充文件/7.针对评审要素，需要补充的其他文件/7.2.绿色发展规划及管理体系认证/7.2.3.环境影响评价情况/（3）现状环境影响评估报告”。当前仅用于泰昌资料人工复核，未获准进入正式标书。,"[""泰昌"", ""绿色低碳资料"", ""历史标书候选"", ""商务标""]",formal_material_caption,资料：泰昌绿色低碳资料,taichang-exact-9f6e43bebd88768c9823,False,False,False,blocked,尚未通过P0-06人工批准,0.9,assets/template_words/商务补充文件.docx,(三)补充文件/7.针对评审要素，需要补充的其他文件/7.2.绿色发展规划及管理体系认证/7.2.3.环境影响评价情况/（3）现状环境影响评估报告,cbfa1adbe08d5c953bc60fe48eecdca525172b25d2be7ed764bcbc53e3355c57,cbfa1adbe08d5c953bc60fe48eecdca525172b25d2be7ed764bcbc53e3355c57
business-media-0270,business,media,191,duplicate_exact,精确重复，不新增,河北泰昌电力器材科技有限公司,河北泰昌电力器材科技有限公司,mixed_historical_bid,product_library,产品库资料,green_low_carbon,绿色低碳资料,[],泰昌企业资料,"[""商务标""]","[""补充文件/7.针对评审要素，需要补充的其他文件/7.2.绿色发展规划及管理体系认证/7.2.3.环境影响评价情况/（3）现状环境影响评估报告""]",tender_scoring_derived,needs_review,internal,企业内部资料,review_only,仅限人工复核,rejected_duplicate,精确重复，不新增,泰昌绿色低碳资料历史候选第191页,泰昌商务补充文件,泰昌商务补充文件,绿色低碳资料,来源于泰昌商务补充文件，历史位置为“补充文件/7.针对评审要素，需要补充的其他文件/7.2.绿色发展规划及管理体系认证/7.2.3.环境影响评价情况/（3）现状环境影响评估报告”。当前仅用于泰昌资料人工复核，未获准进入正式标书。,"[""泰昌"", ""绿色低碳资料"", ""历史标书候选"", ""商务标""]",formal_material_caption,资料：泰昌绿色低碳资料,taichang-exact-6260df38cb68a50814dd,False,False,False,blocked,尚未通过P0-06人工批准,0.9,assets/template_words/商务补充文件.docx,(三)补充文件/7.针对评审要素，需要补充的其他文件/7.2.绿色发展规划及管理体系认证/7.2.3.环境影响评价情况/（3）现状环境影响评估报告,93398ed9505c900f521a40a7250013d8037269466507d0ee11001b97503920ac,93398ed9505c900f521a40a7250013d8037269466507d0ee11001b97503920ac
business-media-0271,business,media,191,duplicate_exact,精确重复，不新增,河北泰昌电力器材科技有限公司,河北泰昌电力器材科技有限公司,mixed_historical_bid,product_library,产品库资料,green_low_carbon,绿色低碳资料,[],泰昌企业资料,"[""商务标""]","[""补充文件/7.针对评审要素，需要补充的其他文件/7.2.绿色发展规划及管理体系认证/7.2.3.环境影响评价情况/（3）现状环境影响评估报告""]",tender_scoring_derived,needs_review,internal,企业内部资料,review_only,仅限人工复核,rejected_duplicate,精确重复，不新增,泰昌绿色低碳资料历史候选第191页,泰昌商务补充文件,泰昌商务补充文件,绿色低碳资料,来源于泰昌商务补充文件，历史位置为“补充文件/7.针对评审要素，需要补充的其他文件/7.2.绿色发展规划及管理体系认证/7.2.3.环境影响评价情况/（3）现状环境影响评估报告”。当前仅用于泰昌资料人工复核，未获准进入正式标书。,"[""泰昌"", ""绿色低碳资料"", ""历史标书候选"", ""商务标""]",formal_material_caption,资料：泰昌绿色低碳资料,taichang-exact-ff154570625c1a28218f,False,False,False,blocked,尚未通过P0-06人工批准,0.9,assets/template_words/商务补充文件.docx,(三)补充文件/7.针对评审要素，需要补充的其他文件/7.2.绿色发展规划及管理体系认证/7.2.3.环境影响评价情况/（3）现状环境影响评估报告,7d3bbfaeec6195463e91886c268f67b775a2ec8610132d321d6328e72fe4758b,7d3bbfaeec6195463e91886c268f67b775a2ec8610132d321d6328e72fe4758b
business-media-0272,business,media,191,duplicate_exact,精确重复，不新增,河北泰昌电力器材科技有限公司,河北泰昌电力器材科技有限公司,mixed_historical_bid,product_library,产品库资料,green_low_carbon,绿色低碳资料,[],泰昌企业资料,"[""商务标""]","[""补充文件/7.针对评审要素，需要补充的其他文件/7.2.绿色发展规划及管理体系认证/7.2.3.环境影响评价情况/（3）现状环境影响评估报告""]",tender_scoring_derived,needs_review,internal,企业内部资料,review_only,仅限人工复核,rejected_duplicate,精确重复，不新增,泰昌绿色低碳资料历史候选第191页,泰昌商务补充文件,泰昌商务补充文件,绿色低碳资料,来源于泰昌商务补充文件，历史位置为“补充文件/7.针对评审要素，需要补充的其他文件/7.2.绿色发展规划及管理体系认证/7.2.3.环境影响评价情况/（3）现状环境影响评估报告”。当前仅用于泰昌资料人工复核，未获准进入正式标书。,"[""泰昌"", ""绿色低碳资料"", ""历史标书候选"", ""商务标""]",formal_material_caption,资料：泰昌绿色低碳资料,taichang-exact-f9736c2efb0f99583847,False,False,False,blocked,尚未通过P0-06人工批准,0.9,assets/template_words/商务补充文件.docx,(三)补充文件/7.针对评审要素，需要补充的其他文件/7.2.绿色发展规划及管理体系认证/7.2.3.环境影响评价情况/（3）现状环境影响评估报告,ef642cc9bbd436c10e5adf4e4d5af9f4ba4617c8822cc5f049184c6885b7a94a,ef642cc9bbd436c10e5adf4e4d5af9f4ba4617c8822cc5f049184c6885b7a94a
business-media-0273,business,media,191,duplicate_exact,精确重复，不新增,河北泰昌电力器材科技有限公司,河北泰昌电力器材科技有限公司,mixed_historical_bid,product_library,产品库资料,green_low_carbon,绿色低碳资料,[],泰昌企业资料,"[""商务标""]","[""补充文件/7.针对评审要素，需要补充的其他文件/7.2.绿色发展规划及管理体系认证/7.2.3.环境影响评价情况/（3）现状环境影响评估报告""]",tender_scoring_derived,needs_review,internal,企业内部资料,review_only,仅限人工复核,rejected_duplicate,精确重复，不新增,泰昌绿色低碳资料历史候选第191页,泰昌商务补充文件,泰昌商务补充文件,绿色低碳资料,来源于泰昌商务补充文件，历史位置为“补充文件/7.针对评审要素，需要补充的其他文件/7.2.绿色发展规划及管理体系认证/7.2.3.环境影响评价情况/（3）现状环境影响评估报告”。当前仅用于泰昌资料人工复核，未获准进入正式标书。,"[""泰昌"", ""绿色低碳资料"", ""历史标书候选"", ""商务标""]",formal_material_caption,资料：泰昌绿色低碳资料,taichang-exact-6414132db25afbe352ae,False,False,False,blocked,尚未通过P0-06人工批准,0.9,assets/template_words/商务补充文件.docx,(三)补充文件/7.针对评审要素，需要补充的其他文件/7.2.绿色发展规划及管理体系认证/7.2.3.环境影响评价情况/（3）现状环境影响评估报告,0f2d0b4d3c24ad74f47b7c2887ac0fb7c4e05b95ca2454b57991bb336d6b6900,0f2d0b4d3c24ad74f47b7c2887ac0fb7c4e05b95ca2454b57991bb336d6b6900
business-media-0274,business,media,191,duplicate_exact,精确重复，不新增,河北泰昌电力器材科技有限公司,河北泰昌电力器材科技有限公司,mixed_historical_bid,product_library,产品库资料,green_low_carbon,绿色低碳资料,[],泰昌企业资料,"[""商务标""]","[""补充文件/7.针对评审要素，需要补充的其他文件/7.2.绿色发展规划及管理体系认证/7.2.3.环境影响评价情况/（3）现状环境影响评估报告""]",tender_scoring_derived,needs_review,internal,企业内部资料,review_only,仅限人工复核,rejected_duplicate,精确重复，不新增,泰昌绿色低碳资料历史候选第191页,泰昌商务补充文件,泰昌商务补充文件,绿色低碳资料,来源于泰昌商务补充文件，历史位置为“补充文件/7.针对评审要素，需要补充的其他文件/7.2.绿色发展规划及管理体系认证/7.2.3.环境影响评价情况/（3）现状环境影响评估报告”。当前仅用于泰昌资料人工复核，未获准进入正式标书。,"[""泰昌"", ""绿色低碳资料"", ""历史标书候选"", ""商务标""]",formal_material_caption,资料：泰昌绿色低碳资料,taichang-exact-bd1d95c891e29d67e1ca,False,False,False,blocked,尚未通过P0-06人工批准,0.9,assets/template_words/商务补充文件.docx,(三)补充文件/7.针对评审要素，需要补充的其他文件/7.2.绿色发展规划及管理体系认证/7.2.3.环境影响评价情况/（3）现状环境影响评估报告,e4937144f78c917cce35d891010431dfbad6bc063128a8841657d83a76122534,e4937144f78c917cce35d891010431dfbad6bc063128a8841657d83a76122534
business-media-0275,business,media,191,duplicate_exact,精确重复，不新增,河北泰昌电力器材科技有限公司,河北泰昌电力器材科技有限公司,mixed_historical_bid,product_library,产品库资料,green_low_carbon,绿色低碳资料,[],泰昌企业资料,"[""商务标""]","[""补充文件/7.针对评审要素，需要补充的其他文件/7.2.绿色发展规划及管理体系认证/7.2.3.环境影响评价情况/（3）现状环境影响评估报告""]",tender_scoring_derived,needs_review,internal,企业内部资料,review_only,仅限人工复核,rejected_duplicate,精确重复，不新增,泰昌绿色低碳资料历史候选第191页,泰昌商务补充文件,泰昌商务补充文件,绿色低碳资料,来源于泰昌商务补充文件，历史位置为“补充文件/7.针对评审要素，需要补充的其他文件/7.2.绿色发展规划及管理体系认证/7.2.3.环境影响评价情况/（3）现状环境影响评估报告”。当前仅用于泰昌资料人工复核，未获准进入正式标书。,"[""泰昌"", ""绿色低碳资料"", ""历史标书候选"", ""商务标""]",formal_material_caption,资料：泰昌绿色低碳资料,taichang-exact-1a8cc6d3234c669fca6f,False,False,False,blocked,尚未通过P0-06人工批准,0.9,assets/template_words/商务补充文件.docx,(三)补充文件/7.针对评审要素，需要补充的其他文件/7.2.绿色发展规划及管理体系认证/7.2.3.环境影响评价情况/（3）现状环境影响评估报告,87ad2a1ccddf2a192547bf53d1b08fa48c1d355c650cbdfd92a0f8b9b7e70cdb,87ad2a1ccddf2a192547bf53d1b08fa48c1d355c650cbdfd92a0f8b9b7e70cdb
business-media-0276,business,media,191,duplicate_exact,精确重复，不新增,河北泰昌电力器材科技有限公司,河北泰昌电力器材科技有限公司,mixed_historical_bid,product_library,产品库资料,green_low_carbon,绿色低碳资料,[],泰昌企业资料,"[""商务标""]","[""补充文件/7.针对评审要素，需要补充的其他文件/7.2.绿色发展规划及管理体系认证/7.2.3.环境影响评价情况/（3）现状环境影响评估报告""]",tender_scoring_derived,needs_review,internal,企业内部资料,review_only,仅限人工复核,rejected_duplicate,精确重复，不新增,泰昌绿色低碳资料历史候选第191页,泰昌商务补充文件,泰昌商务补充文件,绿色低碳资料,来源于泰昌商务补充文件，历史位置为“补充文件/7.针对评审要素，需要补充的其他文件/7.2.绿色发展规划及管理体系认证/7.2.3.环境影响评价情况/（3）现状环境影响评估报告”。当前仅用于泰昌资料人工复核，未获准进入正式标书。,"[""泰昌"", ""绿色低碳资料"", ""历史标书候选"", ""商务标""]",formal_material_caption,资料：泰昌绿色低碳资料,taichang-exact-176009e12453abd187e9,False,False,False,blocked,尚未通过P0-06人工批准,0.9,assets/template_words/商务补充文件.docx,(三)补充文件/7.针对评审要素，需要补充的其他文件/7.2.绿色发展规划及管理体系认证/7.2.3.环境影响评价情况/（3）现状环境影响评估报告,c4af23301f74fb31d8ef6fa7cd5e0d3ad860bbcdf345cc8418d24e8fd15356a9,c4af23301f74fb31d8ef6fa7cd5e0d3ad860bbcdf345cc8418d24e8fd15356a9
business-media-0277,business,media,191,duplicate_exact,精确重复，不新增,河北泰昌电力器材科技有限公司,河北泰昌电力器材科技有限公司,mixed_historical_bid,product_library,产品库资料,green_low_carbon,绿色低碳资料,[],泰昌企业资料,"[""商务标""]","[""补充文件/7.针对评审要素，需要补充的其他文件/7.2.绿色发展规划及管理体系认证/7.2.3.环境影响评价情况/（3）现状环境影响评估报告""]",tender_scoring_derived,needs_review,internal,企业内部资料,review_only,仅限人工复核,rejected_duplicate,精确重复，不新增,泰昌绿色低碳资料历史候选第191页,泰昌商务补充文件,泰昌商务补充文件,绿色低碳资料,来源于泰昌商务补充文件，历史位置为“补充文件/7.针对评审要素，需要补充的其他文件/7.2.绿色发展规划及管理体系认证/7.2.3.环境影响评价情况/（3）现状环境影响评估报告”。当前仅用于泰昌资料人工复核，未获准进入正式标书。,"[""泰昌"", ""绿色低碳资料"", ""历史标书候选"", ""商务标""]",formal_material_caption,资料：泰昌绿色低碳资料,taichang-exact-df88672de5fe0ecb85c4,False,False,False,blocked,尚未通过P0-06人工批准,0.9,assets/template_words/商务补充文件.docx,(三)补充文件/7.针对评审要素，需要补充的其他文件/7.2.绿色发展规划及管理体系认证/7.2.3.环境影响评价情况/（3）现状环境影响评估报告,31c270ea5c69f62f477b3c53ee683b56228f689a9f21706547fe8d805d2bf11e,31c270ea5c69f62f477b3c53ee683b56228f689a9f21706547fe8d805d2bf11e
business-media-0278,business,media,191,duplicate_exact,精确重复，不新增,河北泰昌电力器材科技有限公司,河北泰昌电力器材科技有限公司,mixed_historical_bid,product_library,产品库资料,green_low_carbon,绿色低碳资料,[],泰昌企业资料,"[""商务标""]","[""补充文件/7.针对评审要素，需要补充的其他文件/7.2.绿色发展规划及管理体系认证/7.2.3.环境影响评价情况/（3）现状环境影响评估报告""]",tender_scoring_derived,needs_review,internal,企业内部资料,review_only,仅限人工复核,rejected_duplicate,精确重复，不新增,泰昌绿色低碳资料历史候选第191页,泰昌商务补充文件,泰昌商务补充文件,绿色低碳资料,来源于泰昌商务补充文件，历史位置为“补充文件/7.针对评审要素，需要补充的其他文件/7.2.绿色发展规划及管理体系认证/7.2.3.环境影响评价情况/（3）现状环境影响评估报告”。当前仅用于泰昌资料人工复核，未获准进入正式标书。,"[""泰昌"", ""绿色低碳资料"", ""历史标书候选"", ""商务标""]",formal_material_caption,资料：泰昌绿色低碳资料,taichang-exact-fed17b6c85b930886999,False,False,False,blocked,尚未通过P0-06人工批准,0.9,assets/template_words/商务补充文件.docx,(三)补充文件/7.针对评审要素，需要补充的其他文件/7.2.绿色发展规划及管理体系认证/7.2.3.环境影响评价情况/（3）现状环境影响评估报告,b5f835eecad5da3df19dea7e70a6bee97f4a0fbfc73d93dafe2976a9f21fe245,b5f835eecad5da3df19dea7e70a6bee97f4a0fbfc73d93dafe2976a9f21fe245
business-media-0279,business,media,191,duplicate_exact,精确重复，不新增,河北泰昌电力器材科技有限公司,河北泰昌电力器材科技有限公司,mixed_historical_bid,product_library,产品库资料,green_low_carbon,绿色低碳资料,[],泰昌企业资料,"[""商务标""]","[""补充文件/7.针对评审要素，需要补充的其他文件/7.2.绿色发展规划及管理体系认证/7.2.3.环境影响评价情况/（3）现状环境影响评估报告""]",tender_scoring_derived,needs_review,internal,企业内部资料,review_only,仅限人工复核,rejected_duplicate,精确重复，不新增,泰昌绿色低碳资料历史候选第191页,泰昌商务补充文件,泰昌商务补充文件,绿色低碳资料,来源于泰昌商务补充文件，历史位置为“补充文件/7.针对评审要素，需要补充的其他文件/7.2.绿色发展规划及管理体系认证/7.2.3.环境影响评价情况/（3）现状环境影响评估报告”。当前仅用于泰昌资料人工复核，未获准进入正式标书。,"[""泰昌"", ""绿色低碳资料"", ""历史标书候选"", ""商务标""]",formal_material_caption,资料：泰昌绿色低碳资料,taichang-exact-99870538f0711b334ef3,False,False,False,blocked,尚未通过P0-06人工批准,0.9,assets/template_words/商务补充文件.docx,(三)补充文件/7.针对评审要素，需要补充的其他文件/7.2.绿色发展规划及管理体系认证/7.2.3.环境影响评价情况/（3）现状环境影响评估报告,e97c06c633a17d44138476d0cb74a73a86c82067653dd007e5f7700e9f37cbe0,e97c06c633a17d44138476d0cb74a73a86c82067653dd007e5f7700e9f37cbe0
business-media-0280,business,media,191,duplicate_exact,精确重复，不新增,河北泰昌电力器材科技有限公司,河北泰昌电力器材科技有限公司,mixed_historical_bid,product_library,产品库资料,green_low_carbon,绿色低碳资料,[],泰昌企业资料,"[""商务标""]","[""补充文件/7.针对评审要素，需要补充的其他文件/7.2.绿色发展规划及管理体系认证/7.2.3.环境影响评价情况/（3）现状环境影响评估报告""]",tender_scoring_derived,needs_review,internal,企业内部资料,review_only,仅限人工复核,rejected_duplicate,精确重复，不新增,泰昌绿色低碳资料历史候选第191页,泰昌商务补充文件,泰昌商务补充文件,绿色低碳资料,来源于泰昌商务补充文件，历史位置为“补充文件/7.针对评审要素，需要补充的其他文件/7.2.绿色发展规划及管理体系认证/7.2.3.环境影响评价情况/（3）现状环境影响评估报告”。当前仅用于泰昌资料人工复核，未获准进入正式标书。,"[""泰昌"", ""绿色低碳资料"", ""历史标书候选"", ""商务标""]",formal_material_caption,资料：泰昌绿色低碳资料,taichang-exact-fecae1623847e245e905,False,False,False,blocked,尚未通过P0-06人工批准,0.9,assets/template_words/商务补充文件.docx,(三)补充文件/7.针对评审要素，需要补充的其他文件/7.2.绿色发展规划及管理体系认证/7.2.3.环境影响评价情况/（3）现状环境影响评估报告,7167ca95781d13fffada8f95c0b68372ea26a3f512e0fc5e22dc1bf1e34d1687,7167ca95781d13fffada8f95c0b68372ea26a3f512e0fc5e22dc1bf1e34d1687
business-media-0281,business,media,191,duplicate_exact,精确重复，不新增,河北泰昌电力器材科技有限公司,河北泰昌电力器材科技有限公司,mixed_historical_bid,product_library,产品库资料,green_low_carbon,绿色低碳资料,[],泰昌企业资料,"[""商务标""]","[""补充文件/7.针对评审要素，需要补充的其他文件/7.2.绿色发展规划及管理体系认证/7.2.3.环境影响评价情况/（3）现状环境影响评估报告""]",tender_scoring_derived,needs_review,internal,企业内部资料,review_only,仅限人工复核,rejected_duplicate,精确重复，不新增,泰昌绿色低碳资料历史候选第191页,泰昌商务补充文件,泰昌商务补充文件,绿色低碳资料,来源于泰昌商务补充文件，历史位置为“补充文件/7.针对评审要素，需要补充的其他文件/7.2.绿色发展规划及管理体系认证/7.2.3.环境影响评价情况/（3）现状环境影响评估报告”。当前仅用于泰昌资料人工复核，未获准进入正式标书。,"[""泰昌"", ""绿色低碳资料"", ""历史标书候选"", ""商务标""]",formal_material_caption,资料：泰昌绿色低碳资料,taichang-exact-7edd26f28adf9bfe7afb,False,False,False,blocked,尚未通过P0-06人工批准,0.9,assets/template_words/商务补充文件.docx,(三)补充文件/7.针对评审要素，需要补充的其他文件/7.2.绿色发展规划及管理体系认证/7.2.3.环境影响评价情况/（3）现状环境影响评估报告,6f378f37f3d9726674ad92b526bffc943cc22f6ea1039b521c4d9f178d6572c2,6f378f37f3d9726674ad92b526bffc943cc22f6ea1039b521c4d9f178d6572c2
business-media-0282,business,media,191,duplicate_exact,精确重复，不新增,河北泰昌电力器材科技有限公司,河北泰昌电力器材科技有限公司,mixed_historical_bid,product_library,产品库资料,green_low_carbon,绿色低碳资料,[],泰昌企业资料,"[""商务标""]","[""补充文件/7.针对评审要素，需要补充的其他文件/7.2.绿色发展规划及管理体系认证/7.2.3.环境影响评价情况/（3）现状环境影响评估报告""]",tender_scoring_derived,needs_review,internal,企业内部资料,review_only,仅限人工复核,rejected_duplicate,精确重复，不新增,泰昌绿色低碳资料历史候选第191页,泰昌商务补充文件,泰昌商务补充文件,绿色低碳资料,来源于泰昌商务补充文件，历史位置为“补充文件/7.针对评审要素，需要补充的其他文件/7.2.绿色发展规划及管理体系认证/7.2.3.环境影响评价情况/（3）现状环境影响评估报告”。当前仅用于泰昌资料人工复核，未获准进入正式标书。,"[""泰昌"", ""绿色低碳资料"", ""历史标书候选"", ""商务标""]",formal_material_caption,资料：泰昌绿色低碳资料,taichang-exact-9811cd191389e167206c,False,False,False,blocked,尚未通过P0-06人工批准,0.9,assets/template_words/商务补充文件.docx,(三)补充文件/7.针对评审要素，需要补充的其他文件/7.2.绿色发展规划及管理体系认证/7.2.3.环境影响评价情况/（3）现状环境影响评估报告,e532619bdb66aeb9b43064d73be15c4ab35452989fabbe3778fc3dcfc71e2e07,e532619bdb66aeb9b43064d73be15c4ab35452989fabbe3778fc3dcfc71e2e07
business-media-0283,business,media,191,duplicate_exact,精确重复，不新增,河北泰昌电力器材科技有限公司,河北泰昌电力器材科技有限公司,mixed_historical_bid,product_library,产品库资料,green_low_carbon,绿色低碳资料,[],泰昌企业资料,"[""商务标""]","[""补充文件/7.针对评审要素，需要补充的其他文件/7.2.绿色发展规划及管理体系认证/7.2.3.环境影响评价情况/（3）现状环境影响评估报告""]",tender_scoring_derived,needs_review,internal,企业内部资料,review_only,仅限人工复核,rejected_duplicate,精确重复，不新增,泰昌绿色低碳资料历史候选第191页,泰昌商务补充文件,泰昌商务补充文件,绿色低碳资料,来源于泰昌商务补充文件，历史位置为“补充文件/7.针对评审要素，需要补充的其他文件/7.2.绿色发展规划及管理体系认证/7.2.3.环境影响评价情况/（3）现状环境影响评估报告”。当前仅用于泰昌资料人工复核，未获准进入正式标书。,"[""泰昌"", ""绿色低碳资料"", ""历史标书候选"", ""商务标""]",formal_material_caption,资料：泰昌绿色低碳资料,taichang-exact-2bd43c4034303af0dbd3,False,False,False,blocked,尚未通过P0-06人工批准,0.9,assets/template_words/商务补充文件.docx,(三)补充文件/7.针对评审要素，需要补充的其他文件/7.2.绿色发展规划及管理体系认证/7.2.3.环境影响评价情况/（3）现状环境影响评估报告,14eada201b5a1b1dfa5eb9e4133b7a98878707361abb8fc46c654ad51b51a5f6,14eada201b5a1b1dfa5eb9e4133b7a98878707361abb8fc46c654ad51b51a5f6
business-media-0284,business,media,191,duplicate_exact,精确重复，不新增,河北泰昌电力器材科技有限公司,河北泰昌电力器材科技有限公司,mixed_historical_bid,product_library,产品库资料,green_low_carbon,绿色低碳资料,[],泰昌企业资料,"[""商务标""]","[""补充文件/7.针对评审要素，需要补充的其他文件/7.2.绿色发展规划及管理体系认证/7.2.3.环境影响评价情况/（3）现状环境影响评估报告""]",tender_scoring_derived,needs_review,internal,企业内部资料,review_only,仅限人工复核,rejected_duplicate,精确重复，不新增,泰昌绿色低碳资料历史候选第191页,泰昌商务补充文件,泰昌商务补充文件,绿色低碳资料,来源于泰昌商务补充文件，历史位置为“补充文件/7.针对评审要素，需要补充的其他文件/7.2.绿色发展规划及管理体系认证/7.2.3.环境影响评价情况/（3）现状环境影响评估报告”。当前仅用于泰昌资料人工复核，未获准进入正式标书。,"[""泰昌"", ""绿色低碳资料"", ""历史标书候选"", ""商务标""]",formal_material_caption,资料：泰昌绿色低碳资料,taichang-exact-980c5cdc670101b9003e,False,False,False,blocked,尚未通过P0-06人工批准,0.9,assets/template_words/商务补充文件.docx,(三)补充文件/7.针对评审要素，需要补充的其他文件/7.2.绿色发展规划及管理体系认证/7.2.3.环境影响评价情况/（3）现状环境影响评估报告,243a5e315cac2d81d05a72ea98e399e27106120b13fd404b949d484ef9f467e0,243a5e315cac2d81d05a72ea98e399e27106120b13fd404b949d484ef9f467e0
business-media-0285,business,media,191,duplicate_exact,精确重复，不新增,河北泰昌电力器材科技有限公司,河北泰昌电力器材科技有限公司,mixed_historical_bid,product_library,产品库资料,green_low_carbon,绿色低碳资料,[],泰昌企业资料,"[""商务标""]","[""补充文件/7.针对评审要素，需要补充的其他文件/7.2.绿色发展规划及管理体系认证/7.2.3.环境影响评价情况/（3）现状环境影响评估报告""]",tender_scoring_derived,needs_review,internal,企业内部资料,review_only,仅限人工复核,rejected_duplicate,精确重复，不新增,泰昌绿色低碳资料历史候选第191页,泰昌商务补充文件,泰昌商务补充文件,绿色低碳资料,来源于泰昌商务补充文件，历史位置为“补充文件/7.针对评审要素，需要补充的其他文件/7.2.绿色发展规划及管理体系认证/7.2.3.环境影响评价情况/（3）现状环境影响评估报告”。当前仅用于泰昌资料人工复核，未获准进入正式标书。,"[""泰昌"", ""绿色低碳资料"", ""历史标书候选"", ""商务标""]",formal_material_caption,资料：泰昌绿色低碳资料,taichang-exact-e699421d163f182c9f4d,False,False,False,blocked,尚未通过P0-06人工批准,0.9,assets/template_words/商务补充文件.docx,(三)补充文件/7.针对评审要素，需要补充的其他文件/7.2.绿色发展规划及管理体系认证/7.2.3.环境影响评价情况/（3）现状环境影响评估报告,fe03037ef1dede2608a9233124fc4dfaf42c2d5d6bbecfa192d382e705f6a716,fe03037ef1dede2608a9233124fc4dfaf42c2d5d6bbecfa192d382e705f6a716
business-media-0286,business,media,191,duplicate_exact,精确重复，不新增,河北泰昌电力器材科技有限公司,河北泰昌电力器材科技有限公司,mixed_historical_bid,product_library,产品库资料,green_low_carbon,绿色低碳资料,[],泰昌企业资料,"[""商务标""]","[""补充文件/7.针对评审要素，需要补充的其他文件/7.2.绿色发展规划及管理体系认证/7.2.3.环境影响评价情况/（3）现状环境影响评估报告""]",tender_scoring_derived,needs_review,internal,企业内部资料,review_only,仅限人工复核,rejected_duplicate,精确重复，不新增,泰昌绿色低碳资料历史候选第191页,泰昌商务补充文件,泰昌商务补充文件,绿色低碳资料,来源于泰昌商务补充文件，历史位置为“补充文件/7.针对评审要素，需要补充的其他文件/7.2.绿色发展规划及管理体系认证/7.2.3.环境影响评价情况/（3）现状环境影响评估报告”。当前仅用于泰昌资料人工复核，未获准进入正式标书。,"[""泰昌"", ""绿色低碳资料"", ""历史标书候选"", ""商务标""]",formal_material_caption,资料：泰昌绿色低碳资料,taichang-exact-7784dcc0f6ea31635769,False,False,False,blocked,尚未通过P0-06人工批准,0.9,assets/template_words/商务补充文件.docx,(三)补充文件/7.针对评审要素，需要补充的其他文件/7.2.绿色发展规划及管理体系认证/7.2.3.环境影响评价情况/（3）现状环境影响评估报告,0c9d3db2992fa6c0947e1037fbb2e0c0804ce3a9caa8b65b14815c9cde34e109,0c9d3db2992fa6c0947e1037fbb2e0c0804ce3a9caa8b65b14815c9cde34e109
business-media-0287,business,media,191,duplicate_exact,精确重复，不新增,河北泰昌电力器材科技有限公司,河北泰昌电力器材科技有限公司,mixed_historical_bid,product_library,产品库资料,green_low_carbon,绿色低碳资料,[],泰昌企业资料,"[""商务标""]","[""补充文件/7.针对评审要素，需要补充的其他文件/7.2.绿色发展规划及管理体系认证/7.2.3.环境影响评价情况/（3）现状环境影响评估报告""]",tender_scoring_derived,needs_review,internal,企业内部资料,review_only,仅限人工复核,rejected_duplicate,精确重复，不新增,泰昌绿色低碳资料历史候选第191页,泰昌商务补充文件,泰昌商务补充文件,绿色低碳资料,来源于泰昌商务补充文件，历史位置为“补充文件/7.针对评审要素，需要补充的其他文件/7.2.绿色发展规划及管理体系认证/7.2.3.环境影响评价情况/（3）现状环境影响评估报告”。当前仅用于泰昌资料人工复核，未获准进入正式标书。,"[""泰昌"", ""绿色低碳资料"", ""历史标书候选"", ""商务标""]",formal_material_caption,资料：泰昌绿色低碳资料,taichang-exact-126f510077805bef681a,False,False,False,blocked,尚未通过P0-06人工批准,0.9,assets/template_words/商务补充文件.docx,(三)补充文件/7.针对评审要素，需要补充的其他文件/7.2.绿色发展规划及管理体系认证/7.2.3.环境影响评价情况/（3）现状环境影响评估报告,1393e09bba405f82a4af004e0e5fca422d64dd61fee4f928f3426bd64e38a0b2,1393e09bba405f82a4af004e0e5fca422d64dd61fee4f928f3426bd64e38a0b2
business-media-0288,business,media,191,duplicate_exact,精确重复，不新增,河北泰昌电力器材科技有限公司,河北泰昌电力器材科技有限公司,mixed_historical_bid,product_library,产品库资料,green_low_carbon,绿色低碳资料,[],泰昌企业资料,"[""商务标""]","[""补充文件/7.针对评审要素，需要补充的其他文件/7.2.绿色发展规划及管理体系认证/7.2.3.环境影响评价情况/（3）现状环境影响评估报告""]",tender_scoring_derived,needs_review,internal,企业内部资料,review_only,仅限人工复核,rejected_duplicate,精确重复，不新增,泰昌绿色低碳资料历史候选第191页,泰昌商务补充文件,泰昌商务补充文件,绿色低碳资料,来源于泰昌商务补充文件，历史位置为“补充文件/7.针对评审要素，需要补充的其他文件/7.2.绿色发展规划及管理体系认证/7.2.3.环境影响评价情况/（3）现状环境影响评估报告”。当前仅用于泰昌资料人工复核，未获准进入正式标书。,"[""泰昌"", ""绿色低碳资料"", ""历史标书候选"", ""商务标""]",formal_material_caption,资料：泰昌绿色低碳资料,taichang-exact-9d197648e86ebf2ca7e4,False,False,False,blocked,尚未通过P0-06人工批准,0.9,assets/template_words/商务补充文件.docx,(三)补充文件/7.针对评审要素，需要补充的其他文件/7.2.绿色发展规划及管理体系认证/7.2.3.环境影响评价情况/（3）现状环境影响评估报告,d0274ac9d196c08640ee7cad22a11cacab3c4a586616ead6097edb9233b13faa,d0274ac9d196c08640ee7cad22a11cacab3c4a586616ead6097edb9233b13faa
business-media-0289,business,media,191,duplicate_exact,精确重复，不新增,河北泰昌电力器材科技有限公司,河北泰昌电力器材科技有限公司,mixed_historical_bid,product_library,产品库资料,green_low_carbon,绿色低碳资料,[],泰昌企业资料,"[""商务标""]","[""补充文件/7.针对评审要素，需要补充的其他文件/7.2.绿色发展规划及管理体系认证/7.2.3.环境影响评价情况/（3）现状环境影响评估报告""]",tender_scoring_derived,needs_review,internal,企业内部资料,review_only,仅限人工复核,rejected_duplicate,精确重复，不新增,泰昌绿色低碳资料历史候选第191页,泰昌商务补充文件,泰昌商务补充文件,绿色低碳资料,来源于泰昌商务补充文件，历史位置为“补充文件/7.针对评审要素，需要补充的其他文件/7.2.绿色发展规划及管理体系认证/7.2.3.环境影响评价情况/（3）现状环境影响评估报告”。当前仅用于泰昌资料人工复核，未获准进入正式标书。,"[""泰昌"", ""绿色低碳资料"", ""历史标书候选"", ""商务标""]",formal_material_caption,资料：泰昌绿色低碳资料,taichang-exact-5ecee7954e108a1ce87f,False,False,False,blocked,尚未通过P0-06人工批准,0.9,assets/template_words/商务补充文件.docx,(三)补充文件/7.针对评审要素，需要补充的其他文件/7.2.绿色发展规划及管理体系认证/7.2.3.环境影响评价情况/（3）现状环境影响评估报告,c8c61095bf5479acc55310b11f49a1363fdf8dd43a02fc9360323ee72bae2ce3,c8c61095bf5479acc55310b11f49a1363fdf8dd43a02fc9360323ee72bae2ce3
business-media-0290,business,media,191,duplicate_exact,精确重复，不新增,河北泰昌电力器材科技有限公司,河北泰昌电力器材科技有限公司,mixed_historical_bid,product_library,产品库资料,green_low_carbon,绿色低碳资料,[],泰昌企业资料,"[""商务标""]","[""补充文件/7.针对评审要素，需要补充的其他文件/7.2.绿色发展规划及管理体系认证/7.2.3.环境影响评价情况/（3）现状环境影响评估报告""]",tender_scoring_derived,needs_review,internal,企业内部资料,review_only,仅限人工复核,rejected_duplicate,精确重复，不新增,泰昌绿色低碳资料历史候选第191页,泰昌商务补充文件,泰昌商务补充文件,绿色低碳资料,来源于泰昌商务补充文件，历史位置为“补充文件/7.针对评审要素，需要补充的其他文件/7.2.绿色发展规划及管理体系认证/7.2.3.环境影响评价情况/（3）现状环境影响评估报告”。当前仅用于泰昌资料人工复核，未获准进入正式标书。,"[""泰昌"", ""绿色低碳资料"", ""历史标书候选"", ""商务标""]",formal_material_caption,资料：泰昌绿色低碳资料,taichang-exact-76afa182be5dc3ab48bf,False,False,False,blocked,尚未通过P0-06人工批准,0.9,assets/template_words/商务补充文件.docx,(三)补充文件/7.针对评审要素，需要补充的其他文件/7.2.绿色发展规划及管理体系认证/7.2.3.环境影响评价情况/（3）现状环境影响评估报告,0bfda44641e2fd39b58e1dc50ac06dacf20f129be02e06bacfd46afbd96e0450,0bfda44641e2fd39b58e1dc50ac06dacf20f129be02e06bacfd46afbd96e0450
business-media-0291,business,media,191,duplicate_exact,精确重复，不新增,河北泰昌电力器材科技有限公司,河北泰昌电力器材科技有限公司,mixed_historical_bid,product_library,产品库资料,green_low_carbon,绿色低碳资料,[],泰昌企业资料,"[""商务标""]","[""补充文件/7.针对评审要素，需要补充的其他文件/7.2.绿色发展规划及管理体系认证/7.2.3.环境影响评价情况/（3）现状环境影响评估报告""]",tender_scoring_derived,needs_review,internal,企业内部资料,review_only,仅限人工复核,rejected_duplicate,精确重复，不新增,泰昌绿色低碳资料历史候选第191页,泰昌商务补充文件,泰昌商务补充文件,绿色低碳资料,来源于泰昌商务补充文件，历史位置为“补充文件/7.针对评审要素，需要补充的其他文件/7.2.绿色发展规划及管理体系认证/7.2.3.环境影响评价情况/（3）现状环境影响评估报告”。当前仅用于泰昌资料人工复核，未获准进入正式标书。,"[""泰昌"", ""绿色低碳资料"", ""历史标书候选"", ""商务标""]",formal_material_caption,资料：泰昌绿色低碳资料,taichang-exact-c0fc6c0103b7ffb08f25,False,False,False,blocked,尚未通过P0-06人工批准,0.9,assets/template_words/商务补充文件.docx,(三)补充文件/7.针对评审要素，需要补充的其他文件/7.2.绿色发展规划及管理体系认证/7.2.3.环境影响评价情况/（3）现状环境影响评估报告,27d45bfaecca6b10b021a628715ab4397e9c65c9e2bc77dc5b5e99ee18cd26f9,27d45bfaecca6b10b021a628715ab4397e9c65c9e2bc77dc5b5e99ee18cd26f9
business-media-0292,business,media,191,duplicate_exact,精确重复，不新增,河北泰昌电力器材科技有限公司,河北泰昌电力器材科技有限公司,mixed_historical_bid,product_library,产品库资料,green_low_carbon,绿色低碳资料,[],泰昌企业资料,"[""商务标""]","[""补充文件/7.针对评审要素，需要补充的其他文件/7.2.绿色发展规划及管理体系认证/7.2.3.环境影响评价情况/（3）现状环境影响评估报告""]",tender_scoring_derived,needs_review,internal,企业内部资料,review_only,仅限人工复核,rejected_duplicate,精确重复，不新增,泰昌绿色低碳资料历史候选第191页,泰昌商务补充文件,泰昌商务补充文件,绿色低碳资料,来源于泰昌商务补充文件，历史位置为“补充文件/7.针对评审要素，需要补充的其他文件/7.2.绿色发展规划及管理体系认证/7.2.3.环境影响评价情况/（3）现状环境影响评估报告”。当前仅用于泰昌资料人工复核，未获准进入正式标书。,"[""泰昌"", ""绿色低碳资料"", ""历史标书候选"", ""商务标""]",formal_material_caption,资料：泰昌绿色低碳资料,taichang-exact-137c4424e6882a29716e,False,False,False,blocked,尚未通过P0-06人工批准,0.9,assets/template_words/商务补充文件.docx,(三)补充文件/7.针对评审要素，需要补充的其他文件/7.2.绿色发展规划及管理体系认证/7.2.3.环境影响评价情况/（3）现状环境影响评估报告,b630e6eac6d57dfab5e52a9bef9c22e814969094598d5ba3240e344861779059,b630e6eac6d57dfab5e52a9bef9c22e814969094598d5ba3240e344861779059
business-media-0293,business,media,191,duplicate_exact,精确重复，不新增,河北泰昌电力器材科技有限公司,河北泰昌电力器材科技有限公司,mixed_historical_bid,product_library,产品库资料,green_low_carbon,绿色低碳资料,[],泰昌企业资料,"[""商务标""]","[""补充文件/7.针对评审要素，需要补充的其他文件/7.2.绿色发展规划及管理体系认证/7.2.3.环境影响评价情况/（3）现状环境影响评估报告""]",tender_scoring_derived,needs_review,internal,企业内部资料,review_only,仅限人工复核,rejected_duplicate,精确重复，不新增,泰昌绿色低碳资料历史候选第191页,泰昌商务补充文件,泰昌商务补充文件,绿色低碳资料,来源于泰昌商务补充文件，历史位置为“补充文件/7.针对评审要素，需要补充的其他文件/7.2.绿色发展规划及管理体系认证/7.2.3.环境影响评价情况/（3）现状环境影响评估报告”。当前仅用于泰昌资料人工复核，未获准进入正式标书。,"[""泰昌"", ""绿色低碳资料"", ""历史标书候选"", ""商务标""]",formal_material_caption,资料：泰昌绿色低碳资料,taichang-exact-91deb4c04d26cab167d4,False,False,False,blocked,尚未通过P0-06人工批准,0.9,assets/template_words/商务补充文件.docx,(三)补充文件/7.针对评审要素，需要补充的其他文件/7.2.绿色发展规划及管理体系认证/7.2.3.环境影响评价情况/（3）现状环境影响评估报告,b16e56f9cafc28e0fb0de1541d68a982432ba183f61c3260bececd7ccbff5140,b16e56f9cafc28e0fb0de1541d68a982432ba183f61c3260bececd7ccbff5140
business-media-0294,business,media,191,duplicate_exact,精确重复，不新增,河北泰昌电力器材科技有限公司,河北泰昌电力器材科技有限公司,mixed_historical_bid,product_library,产品库资料,green_low_carbon,绿色低碳资料,[],泰昌企业资料,"[""商务标""]","[""补充文件/7.针对评审要素，需要补充的其他文件/7.2.绿色发展规划及管理体系认证/7.2.3.环境影响评价情况/（3）现状环境影响评估报告""]",tender_scoring_derived,needs_review,internal,企业内部资料,review_only,仅限人工复核,rejected_duplicate,精确重复，不新增,泰昌绿色低碳资料历史候选第191页,泰昌商务补充文件,泰昌商务补充文件,绿色低碳资料,来源于泰昌商务补充文件，历史位置为“补充文件/7.针对评审要素，需要补充的其他文件/7.2.绿色发展规划及管理体系认证/7.2.3.环境影响评价情况/（3）现状环境影响评估报告”。当前仅用于泰昌资料人工复核，未获准进入正式标书。,"[""泰昌"", ""绿色低碳资料"", ""历史标书候选"", ""商务标""]",formal_material_caption,资料：泰昌绿色低碳资料,taichang-exact-4d0181cd1813121dc136,False,False,False,blocked,尚未通过P0-06人工批准,0.9,assets/template_words/商务补充文件.docx,(三)补充文件/7.针对评审要素，需要补充的其他文件/7.2.绿色发展规划及管理体系认证/7.2.3.环境影响评价情况/（3）现状环境影响评估报告,29da3b347c2441d62f0fd2263384829c04fa4442a293699e67478e85ff2cb50c,29da3b347c2441d62f0fd2263384829c04fa4442a293699e67478e85ff2cb50c
business-media-0295,business,media,191,duplicate_exact,精确重复，不新增,河北泰昌电力器材科技有限公司,河北泰昌电力器材科技有限公司,mixed_historical_bid,product_library,产品库资料,green_low_carbon,绿色低碳资料,[],泰昌企业资料,"[""商务标""]","[""补充文件/7.针对评审要素，需要补充的其他文件/7.2.绿色发展规划及管理体系认证/7.2.3.环境影响评价情况/（3）现状环境影响评估报告""]",tender_scoring_derived,needs_review,internal,企业内部资料,review_only,仅限人工复核,rejected_duplicate,精确重复，不新增,泰昌绿色低碳资料历史候选第191页,泰昌商务补充文件,泰昌商务补充文件,绿色低碳资料,来源于泰昌商务补充文件，历史位置为“补充文件/7.针对评审要素，需要补充的其他文件/7.2.绿色发展规划及管理体系认证/7.2.3.环境影响评价情况/（3）现状环境影响评估报告”。当前仅用于泰昌资料人工复核，未获准进入正式标书。,"[""泰昌"", ""绿色低碳资料"", ""历史标书候选"", ""商务标""]",formal_material_caption,资料：泰昌绿色低碳资料,taichang-exact-a7fa4cb1fa573c9afec3,False,False,False,blocked,尚未通过P0-06人工批准,0.9,assets/template_words/商务补充文件.docx,(三)补充文件/7.针对评审要素，需要补充的其他文件/7.2.绿色发展规划及管理体系认证/7.2.3.环境影响评价情况/（3）现状环境影响评估报告,61bc444155ff62f00d4e6df72c28654c64f614de2c5d1f9d4790f61ce2e72637,61bc444155ff62f00d4e6df72c28654c64f614de2c5d1f9d4790f61ce2e72637
business-media-0296,business,media,191,duplicate_exact,精确重复，不新增,河北泰昌电力器材科技有限公司,河北泰昌电力器材科技有限公司,mixed_historical_bid,product_library,产品库资料,green_low_carbon,绿色低碳资料,[],泰昌企业资料,"[""商务标""]","[""补充文件/7.针对评审要素，需要补充的其他文件/7.2.绿色发展规划及管理体系认证/7.2.3.环境影响评价情况/（3）现状环境影响评估报告""]",tender_scoring_derived,needs_review,internal,企业内部资料,review_only,仅限人工复核,rejected_duplicate,精确重复，不新增,泰昌绿色低碳资料历史候选第191页,泰昌商务补充文件,泰昌商务补充文件,绿色低碳资料,来源于泰昌商务补充文件，历史位置为“补充文件/7.针对评审要素，需要补充的其他文件/7.2.绿色发展规划及管理体系认证/7.2.3.环境影响评价情况/（3）现状环境影响评估报告”。当前仅用于泰昌资料人工复核，未获准进入正式标书。,"[""泰昌"", ""绿色低碳资料"", ""历史标书候选"", ""商务标""]",formal_material_caption,资料：泰昌绿色低碳资料,taichang-exact-682a133316150fc2136a,False,False,False,blocked,尚未通过P0-06人工批准,0.9,assets/template_words/商务补充文件.docx,(三)补充文件/7.针对评审要素，需要补充的其他文件/7.2.绿色发展规划及管理体系认证/7.2.3.环境影响评价情况/（3）现状环境影响评估报告,427d2c5357d95c28d19c59b964f33bea89e691d4e3b71598a295d6b245a84ab9,427d2c5357d95c28d19c59b964f33bea89e691d4e3b71598a295d6b245a84ab9
business-chapter-042,business,chapter,281,new,未发现重复，仍需审核,河北泰昌电力器材科技有限公司,河北泰昌电力器材科技有限公司,mixed_historical_bid,reference_template_library,历史参考资料,historical_structure_reference,历史目录结构参考,[],泰昌企业资料,"[""商务标""]","[""补充文件/7.针对评审要素，需要补充的其他文件/7.2.绿色发展规划及管理体系认证/7.2.4.绿电绿证情况""]",tender_scoring_derived,needs_review,internal,企业内部资料,review_only,仅限人工复核,not_asset_reference,非资产结构参考,泰昌商务标历史目录参考：补充文件/7.针对评审要素，需要补充的其他文件/7.2.绿色发展规划及管理体系认证/7.2.4.绿电绿证情况,泰昌商务补充文件,泰昌商务补充文件,历史目录结构参考,来源于泰昌商务补充文件，历史位置为“补充文件/7.针对评审要素，需要补充的其他文件/7.2.绿色发展规划及管理体系认证/7.2.4.绿电绿证情况”。当前仅用于泰昌资料人工复核，未获准进入正式标书。,"[""泰昌"", ""历史目录结构参考"", ""历史标书候选"", ""商务标""]",suppressed_document_page_caption,,,False,False,False,blocked,尚未通过P0-06人工批准,1.0,assets/template_words/商务补充文件.docx,(三)补充文件/7.针对评审要素，需要补充的其他文件/7.2.绿色发展规划及管理体系认证/7.2.4.绿电绿证情况,454f8e35c7558307c3b55c925451f3462f1855b3c03b69372626253100da1460,
business-chapter-043,business,chapter,281,new,未发现重复，仍需审核,河北泰昌电力器材科技有限公司,河北泰昌电力器材科技有限公司,mixed_historical_bid,reference_template_library,历史参考资料,historical_structure_reference,历史目录结构参考,[],泰昌企业资料,"[""商务标""]","[""补充文件/7.针对评审要素，需要补充的其他文件/7.2.绿色发展规划及管理体系认证/7.2.4.绿电绿证情况/（1）绿色电力认证证书""]",tender_scoring_derived,needs_review,internal,企业内部资料,review_only,仅限人工复核,not_asset_reference,非资产结构参考,泰昌商务标历史目录参考：补充文件/7.针对评审要素，需要补充的其他文件/7.2.绿色发展规划及管理体系认证/7.2.4.绿电绿证情况/（1）绿色电力认证证书,泰昌商务补充文件,泰昌商务补充文件,历史目录结构参考,来源于泰昌商务补充文件，历史位置为“补充文件/7.针对评审要素，需要补充的其他文件/7.2.绿色发展规划及管理体系认证/7.2.4.绿电绿证情况/（1）绿色电力认证证书”。当前仅用于泰昌资料人工复核，未获准进入正式标书。,"[""泰昌"", ""历史目录结构参考"", ""历史标书候选"", ""商务标""]",suppressed_document_page_caption,,,False,False,False,blocked,尚未通过P0-06人工批准,1.0,assets/template_words/商务补充文件.docx,(三)补充文件/7.针对评审要素，需要补充的其他文件/7.2.绿色发展规划及管理体系认证/7.2.4.绿电绿证情况/（1）绿色电力认证证书,f97fef45511300fecd3674776290e1bfdd63240bacbb2670668634e98653470f,
business-media-0297,business,media,281,duplicate_exact,精确重复，不新增,河北泰昌电力器材科技有限公司,河北泰昌电力器材科技有限公司,mixed_historical_bid,qualification_library,资信库资料,certification,资质证书,[],泰昌企业资料,"[""商务标""]","[""补充文件/7.针对评审要素，需要补充的其他文件/7.2.绿色发展规划及管理体系认证/7.2.4.绿电绿证情况/（1）绿色电力认证证书""]",tender_scoring_derived,needs_review,internal,企业内部资料,review_only,仅限人工复核,rejected_duplicate,精确重复，不新增,泰昌资质证书历史候选第281页,泰昌商务补充文件,泰昌商务补充文件,资质证书,来源于泰昌商务补充文件，历史位置为“补充文件/7.针对评审要素，需要补充的其他文件/7.2.绿色发展规划及管理体系认证/7.2.4.绿电绿证情况/（1）绿色电力认证证书”。当前仅用于泰昌资料人工复核，未获准进入正式标书。,"[""泰昌"", ""资质证书"", ""历史标书候选"", ""商务标""]",suppressed_document_page_caption,,taichang-visual-review-50bdf68cda35179741c3,False,False,False,blocked,尚未通过P0-06人工批准,0.9,assets/template_words/商务补充文件.docx,(三)补充文件/7.针对评审要素，需要补充的其他文件/7.2.绿色发展规划及管理体系认证/7.2.4.绿电绿证情况/（1）绿色电力认证证书,644d3d635473947df614ce5230dbd745f2fc97fb61ca82a0afcbd9261ad0dcd3,644d3d635473947df614ce5230dbd745f2fc97fb61ca82a0afcbd9261ad0dcd3
business-chapter-044,business,chapter,282,new,未发现重复，仍需审核,河北泰昌电力器材科技有限公司,河北泰昌电力器材科技有限公司,mixed_historical_bid,reference_template_library,历史参考资料,historical_structure_reference,历史目录结构参考,[],泰昌企业资料,"[""商务标""]","[""补充文件/7.针对评审要素，需要补充的其他文件/7.2.绿色发展规划及管理体系认证/7.2.4.绿电绿证情况/（2）绿色供应链认证证书""]",tender_scoring_derived,needs_review,internal,企业内部资料,review_only,仅限人工复核,not_asset_reference,非资产结构参考,泰昌商务标历史目录参考：补充文件/7.针对评审要素，需要补充的其他文件/7.2.绿色发展规划及管理体系认证/7.2.4.绿电绿证情况/（2）绿色供应链认证证书,泰昌商务补充文件,泰昌商务补充文件,历史目录结构参考,来源于泰昌商务补充文件，历史位置为“补充文件/7.针对评审要素，需要补充的其他文件/7.2.绿色发展规划及管理体系认证/7.2.4.绿电绿证情况/（2）绿色供应链认证证书”。当前仅用于泰昌资料人工复核，未获准进入正式标书。,"[""泰昌"", ""历史目录结构参考"", ""历史标书候选"", ""商务标""]",suppressed_document_page_caption,,,False,False,False,blocked,尚未通过P0-06人工批准,1.0,assets/template_words/商务补充文件.docx,(三)补充文件/7.针对评审要素，需要补充的其他文件/7.2.绿色发展规划及管理体系认证/7.2.4.绿电绿证情况/（2）绿色供应链认证证书,a9168995c83db59fc3d9bd9bf7b5376a4cd3c4a129e5d5ac80a4ca8d2240403f,
business-media-0298,business,media,283,duplicate_exact,精确重复，不新增,河北泰昌电力器材科技有限公司,河北泰昌电力器材科技有限公司,mixed_historical_bid,qualification_library,资信库资料,certification,资质证书,[],泰昌企业资料,"[""商务标""]","[""补充文件/7.针对评审要素，需要补充的其他文件/7.2.绿色发展规划及管理体系认证/7.2.4.绿电绿证情况/（2）绿色供应链认证证书""]",tender_scoring_derived,needs_review,internal,企业内部资料,review_only,仅限人工复核,rejected_duplicate,精确重复，不新增,泰昌资质证书历史候选第283页,泰昌商务补充文件,泰昌商务补充文件,资质证书,来源于泰昌商务补充文件，历史位置为“补充文件/7.针对评审要素，需要补充的其他文件/7.2.绿色发展规划及管理体系认证/7.2.4.绿电绿证情况/（2）绿色供应链认证证书”。当前仅用于泰昌资料人工复核，未获准进入正式标书。,"[""泰昌"", ""资质证书"", ""历史标书候选"", ""商务标""]",suppressed_document_page_caption,,taichang-visual-review-50bdf68cda35179741c3,False,False,False,blocked,尚未通过P0-06人工批准,0.9,assets/template_words/商务补充文件.docx,(三)补充文件/7.针对评审要素，需要补充的其他文件/7.2.绿色发展规划及管理体系认证/7.2.4.绿电绿证情况/（2）绿色供应链认证证书,cd65ffcc5b4379d052c8c739f1baf154a143849f472b9cd884244d4f73d0baae,cd65ffcc5b4379d052c8c739f1baf154a143849f472b9cd884244d4f73d0baae
business-chapter-045,business,chapter,283,new,未发现重复，仍需审核,河北泰昌电力器材科技有限公司,河北泰昌电力器材科技有限公司,mixed_historical_bid,reference_template_library,历史参考资料,historical_structure_reference,历史目录结构参考,[],泰昌企业资料,"[""商务标""]","[""补充文件/7.针对评审要素，需要补充的其他文件/7.2.绿色发展规划及管理体系认证/7.2.4.绿电绿证情况/（3）绿色电力证书交易凭证""]",tender_scoring_derived,needs_review,internal,企业内部资料,review_only,仅限人工复核,not_asset_reference,非资产结构参考,泰昌商务标历史目录参考：补充文件/7.针对评审要素，需要补充的其他文件/7.2.绿色发展规划及管理体系认证/7.2.4.绿电绿证情况/（3）绿色电力证书交易凭证,泰昌商务补充文件,泰昌商务补充文件,历史目录结构参考,来源于泰昌商务补充文件，历史位置为“补充文件/7.针对评审要素，需要补充的其他文件/7.2.绿色发展规划及管理体系认证/7.2.4.绿电绿证情况/（3）绿色电力证书交易凭证”。当前仅用于泰昌资料人工复核，未获准进入正式标书。,"[""泰昌"", ""历史目录结构参考"", ""历史标书候选"", ""商务标""]",suppressed_document_page_caption,,,False,False,False,blocked,尚未通过P0-06人工批准,1.0,assets/template_words/商务补充文件.docx,(三)补充文件/7.针对评审要素，需要补充的其他文件/7.2.绿色发展规划及管理体系认证/7.2.4.绿电绿证情况/（3）绿色电力证书交易凭证,488dde982a8ee57f1d6f9bcced754b031d2ed3102e3d6cb6d4b0c23806d6a637,
business-media-0299,business,media,284,duplicate_exact,精确重复，不新增,河北泰昌电力器材科技有限公司,河北泰昌电力器材科技有限公司,mixed_historical_bid,product_library,产品库资料,green_low_carbon,绿色低碳资料,[],泰昌企业资料,"[""商务标""]","[""补充文件/7.针对评审要素，需要补充的其他文件/7.2.绿色发展规划及管理体系认证/7.2.4.绿电绿证情况/（3）绿色电力证书交易凭证""]",tender_scoring_derived,needs_review,internal,企业内部资料,review_only,仅限人工复核,rejected_duplicate,精确重复，不新增,泰昌绿色低碳资料历史候选第284页,泰昌商务补充文件,泰昌商务补充文件,绿色低碳资料,来源于泰昌商务补充文件，历史位置为“补充文件/7.针对评审要素，需要补充的其他文件/7.2.绿色发展规划及管理体系认证/7.2.4.绿电绿证情况/（3）绿色电力证书交易凭证”。当前仅用于泰昌资料人工复核，未获准进入正式标书。,"[""泰昌"", ""绿色低碳资料"", ""历史标书候选"", ""商务标""]",formal_material_caption,资料：泰昌绿色低碳资料,taichang-exact-f7d7cb68d3f26bf19401,False,False,False,blocked,尚未通过P0-06人工批准,0.9,assets/template_words/商务补充文件.docx,(三)补充文件/7.针对评审要素，需要补充的其他文件/7.2.绿色发展规划及管理体系认证/7.2.4.绿电绿证情况/（3）绿色电力证书交易凭证,aae6a3d28d2606d8d67861602edfbd16608549ac4fe4afd79008c70906603e95,aae6a3d28d2606d8d67861602edfbd16608549ac4fe4afd79008c70906603e95
business-media-0300,business,media,284,duplicate_exact,精确重复，不新增,河北泰昌电力器材科技有限公司,河北泰昌电力器材科技有限公司,mixed_historical_bid,product_library,产品库资料,green_low_carbon,绿色低碳资料,[],泰昌企业资料,"[""商务标""]","[""补充文件/7.针对评审要素，需要补充的其他文件/7.2.绿色发展规划及管理体系认证/7.2.4.绿电绿证情况/（3）绿色电力证书交易凭证""]",tender_scoring_derived,needs_review,internal,企业内部资料,review_only,仅限人工复核,rejected_duplicate,精确重复，不新增,泰昌绿色低碳资料历史候选第284页,泰昌商务补充文件,泰昌商务补充文件,绿色低碳资料,来源于泰昌商务补充文件，历史位置为“补充文件/7.针对评审要素，需要补充的其他文件/7.2.绿色发展规划及管理体系认证/7.2.4.绿电绿证情况/（3）绿色电力证书交易凭证”。当前仅用于泰昌资料人工复核，未获准进入正式标书。,"[""泰昌"", ""绿色低碳资料"", ""历史标书候选"", ""商务标""]",formal_material_caption,资料：泰昌绿色低碳资料,taichang-exact-cd172b0d1071344513b5,False,False,False,blocked,尚未通过P0-06人工批准,0.9,assets/template_words/商务补充文件.docx,(三)补充文件/7.针对评审要素，需要补充的其他文件/7.2.绿色发展规划及管理体系认证/7.2.4.绿电绿证情况/（3）绿色电力证书交易凭证,0f61c512ce315b5f6923ea7058ded960bbb7ac9f1b7fd75e069d3429b0ddc4e5,0f61c512ce315b5f6923ea7058ded960bbb7ac9f1b7fd75e069d3429b0ddc4e5
business-media-0301,business,media,284,duplicate_exact,精确重复，不新增,河北泰昌电力器材科技有限公司,河北泰昌电力器材科技有限公司,mixed_historical_bid,product_library,产品库资料,green_low_carbon,绿色低碳资料,[],泰昌企业资料,"[""商务标""]","[""补充文件/7.针对评审要素，需要补充的其他文件/7.2.绿色发展规划及管理体系认证/7.2.4.绿电绿证情况/（3）绿色电力证书交易凭证""]",tender_scoring_derived,needs_review,internal,企业内部资料,review_only,仅限人工复核,rejected_duplicate,精确重复，不新增,泰昌绿色低碳资料历史候选第284页,泰昌商务补充文件,泰昌商务补充文件,绿色低碳资料,来源于泰昌商务补充文件，历史位置为“补充文件/7.针对评审要素，需要补充的其他文件/7.2.绿色发展规划及管理体系认证/7.2.4.绿电绿证情况/（3）绿色电力证书交易凭证”。当前仅用于泰昌资料人工复核，未获准进入正式标书。,"[""泰昌"", ""绿色低碳资料"", ""历史标书候选"", ""商务标""]",formal_material_caption,资料：泰昌绿色低碳资料,taichang-exact-6379372cf5290d9f6ec6,False,False,False,blocked,尚未通过P0-06人工批准,0.9,assets/template_words/商务补充文件.docx,(三)补充文件/7.针对评审要素，需要补充的其他文件/7.2.绿色发展规划及管理体系认证/7.2.4.绿电绿证情况/（3）绿色电力证书交易凭证,50d6c8cbdd3b567994add4877e4a9e23bedbed971b47872c7e50f1091df28bb2,50d6c8cbdd3b567994add4877e4a9e23bedbed971b47872c7e50f1091df28bb2
business-chapter-046,business,chapter,286,new,未发现重复，仍需审核,河北泰昌电力器材科技有限公司,河北泰昌电力器材科技有限公司,mixed_historical_bid,reference_template_library,历史参考资料,historical_structure_reference,历史目录结构参考,[],泰昌企业资料,"[""商务标""]","[""补充文件/7.针对评审要素，需要补充的其他文件/7.2.绿色发展规划及管理体系认证/7.2.5.绿色低碳响应情况""]",tender_scoring_derived,needs_review,internal,企业内部资料,review_only,仅限人工复核,not_asset_reference,非资产结构参考,泰昌商务标历史目录参考：补充文件/7.针对评审要素，需要补充的其他文件/7.2.绿色发展规划及管理体系认证/7.2.5.绿色低碳响应情况,泰昌商务补充文件,泰昌商务补充文件,历史目录结构参考,来源于泰昌商务补充文件，历史位置为“补充文件/7.针对评审要素，需要补充的其他文件/7.2.绿色发展规划及管理体系认证/7.2.5.绿色低碳响应情况”。当前仅用于泰昌资料人工复核，未获准进入正式标书。,"[""泰昌"", ""历史目录结构参考"", ""历史标书候选"", ""商务标""]",suppressed_document_page_caption,,,False,False,False,blocked,尚未通过P0-06人工批准,1.0,assets/template_words/商务补充文件.docx,(三)补充文件/7.针对评审要素，需要补充的其他文件/7.2.绿色发展规划及管理体系认证/7.2.5.绿色低碳响应情况,1449bdc52daf6ec02298db6d34dce09dd1e67cd6d2e2c24eafd7394e7111afa4,
business-chapter-047,business,chapter,286,new,未发现重复，仍需审核,河北泰昌电力器材科技有限公司,河北泰昌电力器材科技有限公司,mixed_historical_bid,reference_template_library,历史参考资料,historical_structure_reference,历史目录结构参考,[],泰昌企业资料,"[""商务标""]","[""补充文件/7.针对评审要素，需要补充的其他文件/7.2.绿色发展规划及管理体系认证/（1）碳足迹报告""]",tender_scoring_derived,needs_review,internal,企业内部资料,review_only,仅限人工复核,not_asset_reference,非资产结构参考,泰昌商务标历史目录参考：补充文件/7.针对评审要素，需要补充的其他文件/7.2.绿色发展规划及管理体系认证/（1）碳足迹报告,泰昌商务补充文件,泰昌商务补充文件,历史目录结构参考,来源于泰昌商务补充文件，历史位置为“补充文件/7.针对评审要素，需要补充的其他文件/7.2.绿色发展规划及管理体系认证/（1）碳足迹报告”。当前仅用于泰昌资料人工复核，未获准进入正式标书。,"[""泰昌"", ""历史目录结构参考"", ""历史标书候选"", ""商务标""]",suppressed_document_page_caption,,,False,False,False,blocked,尚未通过P0-06人工批准,1.0,assets/template_words/商务补充文件.docx,(三)补充文件/7.针对评审要素，需要补充的其他文件/7.2.绿色发展规划及管理体系认证/（1）碳足迹报告,8381be3d020a04e846b0723ba9b3c9a90a7d3e0a3b99d91597f01e96e69be55f,
business-media-0302,business,media,286,duplicate_exact,精确重复，不新增,河北泰昌电力器材科技有限公司,河北泰昌电力器材科技有限公司,mixed_historical_bid,product_library,产品库资料,green_low_carbon,绿色低碳资料,[],泰昌企业资料,"[""商务标""]","[""补充文件/7.针对评审要素，需要补充的其他文件/7.2.绿色发展规划及管理体系认证/（1）碳足迹报告""]",tender_scoring_derived,needs_review,internal,企业内部资料,review_only,仅限人工复核,rejected_duplicate,精确重复，不新增,泰昌绿色低碳资料历史候选第286页,泰昌商务补充文件,泰昌商务补充文件,绿色低碳资料,来源于泰昌商务补充文件，历史位置为“补充文件/7.针对评审要素，需要补充的其他文件/7.2.绿色发展规划及管理体系认证/（1）碳足迹报告”。当前仅用于泰昌资料人工复核，未获准进入正式标书。,"[""泰昌"", ""绿色低碳资料"", ""历史标书候选"", ""商务标""]",formal_material_caption,资料：泰昌绿色低碳资料,taichang-visual-review-0c198dba58a9de4f0381,False,False,False,blocked,尚未通过P0-06人工批准,0.9,assets/template_words/商务补充文件.docx,(三)补充文件/7.针对评审要素，需要补充的其他文件/7.2.绿色发展规划及管理体系认证/（1）碳足迹报告,303ad8ba7da88972e3c54f0996bbb3b4f96363201ad72bef131b21b4cbf49b28,303ad8ba7da88972e3c54f0996bbb3b4f96363201ad72bef131b21b4cbf49b28
business-media-0303,business,media,286,duplicate_exact,精确重复，不新增,河北泰昌电力器材科技有限公司,河北泰昌电力器材科技有限公司,mixed_historical_bid,product_library,产品库资料,green_low_carbon,绿色低碳资料,[],泰昌企业资料,"[""商务标""]","[""补充文件/7.针对评审要素，需要补充的其他文件/7.2.绿色发展规划及管理体系认证/（1）碳足迹报告""]",tender_scoring_derived,needs_review,internal,企业内部资料,review_only,仅限人工复核,rejected_duplicate,精确重复，不新增,泰昌绿色低碳资料历史候选第286页,泰昌商务补充文件,泰昌商务补充文件,绿色低碳资料,来源于泰昌商务补充文件，历史位置为“补充文件/7.针对评审要素，需要补充的其他文件/7.2.绿色发展规划及管理体系认证/（1）碳足迹报告”。当前仅用于泰昌资料人工复核，未获准进入正式标书。,"[""泰昌"", ""绿色低碳资料"", ""历史标书候选"", ""商务标""]",formal_material_caption,资料：泰昌绿色低碳资料,taichang-visual-review-7ae6dc6f28b6d12e83bc,False,False,False,blocked,尚未通过P0-06人工批准,0.9,assets/template_words/商务补充文件.docx,(三)补充文件/7.针对评审要素，需要补充的其他文件/7.2.绿色发展规划及管理体系认证/（1）碳足迹报告,0fc306096c4c0c1c500dd9d374dd1fa7fb5283e6a242b9b1f6d7a5d72955d6fc,0fc306096c4c0c1c500dd9d374dd1fa7fb5283e6a242b9b1f6d7a5d72955d6fc
business-media-0304,business,media,286,duplicate_exact,精确重复，不新增,河北泰昌电力器材科技有限公司,河北泰昌电力器材科技有限公司,mixed_historical_bid,product_library,产品库资料,green_low_carbon,绿色低碳资料,[],泰昌企业资料,"[""商务标""]","[""补充文件/7.针对评审要素，需要补充的其他文件/7.2.绿色发展规划及管理体系认证/（1）碳足迹报告""]",tender_scoring_derived,needs_review,internal,企业内部资料,review_only,仅限人工复核,rejected_duplicate,精确重复，不新增,泰昌绿色低碳资料历史候选第286页,泰昌商务补充文件,泰昌商务补充文件,绿色低碳资料,来源于泰昌商务补充文件，历史位置为“补充文件/7.针对评审要素，需要补充的其他文件/7.2.绿色发展规划及管理体系认证/（1）碳足迹报告”。当前仅用于泰昌资料人工复核，未获准进入正式标书。,"[""泰昌"", ""绿色低碳资料"", ""历史标书候选"", ""商务标""]",formal_material_caption,资料：泰昌绿色低碳资料,taichang-visual-review-0a9d1148a4045b90bf46,False,False,False,blocked,尚未通过P0-06人工批准,0.9,assets/template_words/商务补充文件.docx,(三)补充文件/7.针对评审要素，需要补充的其他文件/7.2.绿色发展规划及管理体系认证/（1）碳足迹报告,6aaac021695f1a60fe61032f3f9191052d75b05d819fa097dc46547012ac9694,6aaac021695f1a60fe61032f3f9191052d75b05d819fa097dc46547012ac9694
business-media-0305,business,media,286,duplicate_exact,精确重复，不新增,河北泰昌电力器材科技有限公司,河北泰昌电力器材科技有限公司,mixed_historical_bid,product_library,产品库资料,green_low_carbon,绿色低碳资料,[],泰昌企业资料,"[""商务标""]","[""补充文件/7.针对评审要素，需要补充的其他文件/7.2.绿色发展规划及管理体系认证/（1）碳足迹报告""]",tender_scoring_derived,needs_review,internal,企业内部资料,review_only,仅限人工复核,rejected_duplicate,精确重复，不新增,泰昌绿色低碳资料历史候选第286页,泰昌商务补充文件,泰昌商务补充文件,绿色低碳资料,来源于泰昌商务补充文件，历史位置为“补充文件/7.针对评审要素，需要补充的其他文件/7.2.绿色发展规划及管理体系认证/（1）碳足迹报告”。当前仅用于泰昌资料人工复核，未获准进入正式标书。,"[""泰昌"", ""绿色低碳资料"", ""历史标书候选"", ""商务标""]",formal_material_caption,资料：泰昌绿色低碳资料,taichang-visual-review-aecf5be4a995f2d87412,False,False,False,blocked,尚未通过P0-06人工批准,0.9,assets/template_words/商务补充文件.docx,(三)补充文件/7.针对评审要素，需要补充的其他文件/7.2.绿色发展规划及管理体系认证/（1）碳足迹报告,ee6c9dd2e0b98bbb198d9ce467e015fa7b80a57a912977caea921f165d3c0198,ee6c9dd2e0b98bbb198d9ce467e015fa7b80a57a912977caea921f165d3c0198
business-media-0306,business,media,286,duplicate_exact,精确重复，不新增,河北泰昌电力器材科技有限公司,河北泰昌电力器材科技有限公司,mixed_historical_bid,product_library,产品库资料,green_low_carbon,绿色低碳资料,[],泰昌企业资料,"[""商务标""]","[""补充文件/7.针对评审要素，需要补充的其他文件/7.2.绿色发展规划及管理体系认证/（1）碳足迹报告""]",tender_scoring_derived,needs_review,internal,企业内部资料,review_only,仅限人工复核,rejected_duplicate,精确重复，不新增,泰昌绿色低碳资料历史候选第286页,泰昌商务补充文件,泰昌商务补充文件,绿色低碳资料,来源于泰昌商务补充文件，历史位置为“补充文件/7.针对评审要素，需要补充的其他文件/7.2.绿色发展规划及管理体系认证/（1）碳足迹报告”。当前仅用于泰昌资料人工复核，未获准进入正式标书。,"[""泰昌"", ""绿色低碳资料"", ""历史标书候选"", ""商务标""]",formal_material_caption,资料：泰昌绿色低碳资料,taichang-visual-review-a26cecb91912dee7a646,False,False,False,blocked,尚未通过P0-06人工批准,0.9,assets/template_words/商务补充文件.docx,(三)补充文件/7.针对评审要素，需要补充的其他文件/7.2.绿色发展规划及管理体系认证/（1）碳足迹报告,552f9bb1cc271772ddf4db7091bd3f2792adb9933b9ab4a90e59b8bf80844263,552f9bb1cc271772ddf4db7091bd3f2792adb9933b9ab4a90e59b8bf80844263
business-media-0307,business,media,286,duplicate_exact,精确重复，不新增,河北泰昌电力器材科技有限公司,河北泰昌电力器材科技有限公司,mixed_historical_bid,product_library,产品库资料,green_low_carbon,绿色低碳资料,[],泰昌企业资料,"[""商务标""]","[""补充文件/7.针对评审要素，需要补充的其他文件/7.2.绿色发展规划及管理体系认证/（1）碳足迹报告""]",tender_scoring_derived,needs_review,internal,企业内部资料,review_only,仅限人工复核,rejected_duplicate,精确重复，不新增,泰昌绿色低碳资料历史候选第286页,泰昌商务补充文件,泰昌商务补充文件,绿色低碳资料,来源于泰昌商务补充文件，历史位置为“补充文件/7.针对评审要素，需要补充的其他文件/7.2.绿色发展规划及管理体系认证/（1）碳足迹报告”。当前仅用于泰昌资料人工复核，未获准进入正式标书。,"[""泰昌"", ""绿色低碳资料"", ""历史标书候选"", ""商务标""]",formal_material_caption,资料：泰昌绿色低碳资料,taichang-visual-review-4193af8b157571f424cc,False,False,False,blocked,尚未通过P0-06人工批准,0.9,assets/template_words/商务补充文件.docx,(三)补充文件/7.针对评审要素，需要补充的其他文件/7.2.绿色发展规划及管理体系认证/（1）碳足迹报告,2c0191685ee9e16323f0d2befdc8985c2b6a3a97627938c8e092078f48320f94,2c0191685ee9e16323f0d2befdc8985c2b6a3a97627938c8e092078f48320f94
business-media-0308,business,media,286,duplicate_exact,精确重复，不新增,河北泰昌电力器材科技有限公司,河北泰昌电力器材科技有限公司,mixed_historical_bid,product_library,产品库资料,green_low_carbon,绿色低碳资料,[],泰昌企业资料,"[""商务标""]","[""补充文件/7.针对评审要素，需要补充的其他文件/7.2.绿色发展规划及管理体系认证/（1）碳足迹报告""]",tender_scoring_derived,needs_review,internal,企业内部资料,review_only,仅限人工复核,rejected_duplicate,精确重复，不新增,泰昌绿色低碳资料历史候选第286页,泰昌商务补充文件,泰昌商务补充文件,绿色低碳资料,来源于泰昌商务补充文件，历史位置为“补充文件/7.针对评审要素，需要补充的其他文件/7.2.绿色发展规划及管理体系认证/（1）碳足迹报告”。当前仅用于泰昌资料人工复核，未获准进入正式标书。,"[""泰昌"", ""绿色低碳资料"", ""历史标书候选"", ""商务标""]",formal_material_caption,资料：泰昌绿色低碳资料,taichang-visual-review-a9be305128238355fc5a,False,False,False,blocked,尚未通过P0-06人工批准,0.9,assets/template_words/商务补充文件.docx,(三)补充文件/7.针对评审要素，需要补充的其他文件/7.2.绿色发展规划及管理体系认证/（1）碳足迹报告,5eb4d659037ce1d5b4ae1e3f42cfb5416a10d5d6b96b8ed8db71e4d79a3e52b7,5eb4d659037ce1d5b4ae1e3f42cfb5416a10d5d6b96b8ed8db71e4d79a3e52b7
business-media-0309,business,media,286,duplicate_exact,精确重复，不新增,河北泰昌电力器材科技有限公司,河北泰昌电力器材科技有限公司,mixed_historical_bid,product_library,产品库资料,green_low_carbon,绿色低碳资料,[],泰昌企业资料,"[""商务标""]","[""补充文件/7.针对评审要素，需要补充的其他文件/7.2.绿色发展规划及管理体系认证/（1）碳足迹报告""]",tender_scoring_derived,needs_review,internal,企业内部资料,review_only,仅限人工复核,rejected_duplicate,精确重复，不新增,泰昌绿色低碳资料历史候选第286页,泰昌商务补充文件,泰昌商务补充文件,绿色低碳资料,来源于泰昌商务补充文件，历史位置为“补充文件/7.针对评审要素，需要补充的其他文件/7.2.绿色发展规划及管理体系认证/（1）碳足迹报告”。当前仅用于泰昌资料人工复核，未获准进入正式标书。,"[""泰昌"", ""绿色低碳资料"", ""历史标书候选"", ""商务标""]",formal_material_caption,资料：泰昌绿色低碳资料,taichang-visual-review-a7461efa360ec8698dfe,False,False,False,blocked,尚未通过P0-06人工批准,0.9,assets/template_words/商务补充文件.docx,(三)补充文件/7.针对评审要素，需要补充的其他文件/7.2.绿色发展规划及管理体系认证/（1）碳足迹报告,636fd8b0eb8f4558c3028fa3faa7693eeecbbe41c423fd64776450b88312eaad,636fd8b0eb8f4558c3028fa3faa7693eeecbbe41c423fd64776450b88312eaad
business-media-0310,business,media,286,duplicate_exact,精确重复，不新增,河北泰昌电力器材科技有限公司,河北泰昌电力器材科技有限公司,mixed_historical_bid,product_library,产品库资料,green_low_carbon,绿色低碳资料,[],泰昌企业资料,"[""商务标""]","[""补充文件/7.针对评审要素，需要补充的其他文件/7.2.绿色发展规划及管理体系认证/（1）碳足迹报告""]",tender_scoring_derived,needs_review,internal,企业内部资料,review_only,仅限人工复核,rejected_duplicate,精确重复，不新增,泰昌绿色低碳资料历史候选第286页,泰昌商务补充文件,泰昌商务补充文件,绿色低碳资料,来源于泰昌商务补充文件，历史位置为“补充文件/7.针对评审要素，需要补充的其他文件/7.2.绿色发展规划及管理体系认证/（1）碳足迹报告”。当前仅用于泰昌资料人工复核，未获准进入正式标书。,"[""泰昌"", ""绿色低碳资料"", ""历史标书候选"", ""商务标""]",formal_material_caption,资料：泰昌绿色低碳资料,taichang-visual-review-1c95bebf5edf8278f64a,False,False,False,blocked,尚未通过P0-06人工批准,0.9,assets/template_words/商务补充文件.docx,(三)补充文件/7.针对评审要素，需要补充的其他文件/7.2.绿色发展规划及管理体系认证/（1）碳足迹报告,383f3e970b5df1eeb73112bd27c25f2b23f02b4a7aa3184d3c32a073f087ec5f,383f3e970b5df1eeb73112bd27c25f2b23f02b4a7aa3184d3c32a073f087ec5f
business-media-0311,business,media,286,duplicate_exact,精确重复，不新增,河北泰昌电力器材科技有限公司,河北泰昌电力器材科技有限公司,mixed_historical_bid,product_library,产品库资料,green_low_carbon,绿色低碳资料,[],泰昌企业资料,"[""商务标""]","[""补充文件/7.针对评审要素，需要补充的其他文件/7.2.绿色发展规划及管理体系认证/（1）碳足迹报告""]",tender_scoring_derived,needs_review,internal,企业内部资料,review_only,仅限人工复核,rejected_duplicate,精确重复，不新增,泰昌绿色低碳资料历史候选第286页,泰昌商务补充文件,泰昌商务补充文件,绿色低碳资料,来源于泰昌商务补充文件，历史位置为“补充文件/7.针对评审要素，需要补充的其他文件/7.2.绿色发展规划及管理体系认证/（1）碳足迹报告”。当前仅用于泰昌资料人工复核，未获准进入正式标书。,"[""泰昌"", ""绿色低碳资料"", ""历史标书候选"", ""商务标""]",formal_material_caption,资料：泰昌绿色低碳资料,taichang-visual-review-c533e196ab97f21ad48d,False,False,False,blocked,尚未通过P0-06人工批准,0.9,assets/template_words/商务补充文件.docx,(三)补充文件/7.针对评审要素，需要补充的其他文件/7.2.绿色发展规划及管理体系认证/（1）碳足迹报告,d93d3e52a0fcd69b90c7fd106ccaa5a3e0d3c9c5f740b23277281111505070f9,d93d3e52a0fcd69b90c7fd106ccaa5a3e0d3c9c5f740b23277281111505070f9
business-media-0312,business,media,286,duplicate_exact,精确重复，不新增,河北泰昌电力器材科技有限公司,河北泰昌电力器材科技有限公司,mixed_historical_bid,product_library,产品库资料,green_low_carbon,绿色低碳资料,[],泰昌企业资料,"[""商务标""]","[""补充文件/7.针对评审要素，需要补充的其他文件/7.2.绿色发展规划及管理体系认证/（1）碳足迹报告""]",tender_scoring_derived,needs_review,internal,企业内部资料,review_only,仅限人工复核,rejected_duplicate,精确重复，不新增,泰昌绿色低碳资料历史候选第286页,泰昌商务补充文件,泰昌商务补充文件,绿色低碳资料,来源于泰昌商务补充文件，历史位置为“补充文件/7.针对评审要素，需要补充的其他文件/7.2.绿色发展规划及管理体系认证/（1）碳足迹报告”。当前仅用于泰昌资料人工复核，未获准进入正式标书。,"[""泰昌"", ""绿色低碳资料"", ""历史标书候选"", ""商务标""]",formal_material_caption,资料：泰昌绿色低碳资料,taichang-visual-review-0b827cf12f49560e260c,False,False,False,blocked,尚未通过P0-06人工批准,0.9,assets/template_words/商务补充文件.docx,(三)补充文件/7.针对评审要素，需要补充的其他文件/7.2.绿色发展规划及管理体系认证/（1）碳足迹报告,7f3af12ee1d2e8f81a714d9a21ac53d098d72b22a8bafeafd058437c9bbc1c04,7f3af12ee1d2e8f81a714d9a21ac53d098d72b22a8bafeafd058437c9bbc1c04
business-media-0313,business,media,286,duplicate_exact,精确重复，不新增,河北泰昌电力器材科技有限公司,河北泰昌电力器材科技有限公司,mixed_historical_bid,product_library,产品库资料,green_low_carbon,绿色低碳资料,[],泰昌企业资料,"[""商务标""]","[""补充文件/7.针对评审要素，需要补充的其他文件/7.2.绿色发展规划及管理体系认证/（1）碳足迹报告""]",tender_scoring_derived,needs_review,internal,企业内部资料,review_only,仅限人工复核,rejected_duplicate,精确重复，不新增,泰昌绿色低碳资料历史候选第286页,泰昌商务补充文件,泰昌商务补充文件,绿色低碳资料,来源于泰昌商务补充文件，历史位置为“补充文件/7.针对评审要素，需要补充的其他文件/7.2.绿色发展规划及管理体系认证/（1）碳足迹报告”。当前仅用于泰昌资料人工复核，未获准进入正式标书。,"[""泰昌"", ""绿色低碳资料"", ""历史标书候选"", ""商务标""]",formal_material_caption,资料：泰昌绿色低碳资料,taichang-visual-review-f10b6620a9fd39c6ef31,False,False,False,blocked,尚未通过P0-06人工批准,0.9,assets/template_words/商务补充文件.docx,(三)补充文件/7.针对评审要素，需要补充的其他文件/7.2.绿色发展规划及管理体系认证/（1）碳足迹报告,0c13ee5e37949b8e34a3be1958a8b874853de7027dfa230e6cec27072a4a22ba,0c13ee5e37949b8e34a3be1958a8b874853de7027dfa230e6cec27072a4a22ba
business-media-0314,business,media,286,duplicate_exact,精确重复，不新增,河北泰昌电力器材科技有限公司,河北泰昌电力器材科技有限公司,mixed_historical_bid,product_library,产品库资料,green_low_carbon,绿色低碳资料,[],泰昌企业资料,"[""商务标""]","[""补充文件/7.针对评审要素，需要补充的其他文件/7.2.绿色发展规划及管理体系认证/（1）碳足迹报告""]",tender_scoring_derived,needs_review,internal,企业内部资料,review_only,仅限人工复核,rejected_duplicate,精确重复，不新增,泰昌绿色低碳资料历史候选第286页,泰昌商务补充文件,泰昌商务补充文件,绿色低碳资料,来源于泰昌商务补充文件，历史位置为“补充文件/7.针对评审要素，需要补充的其他文件/7.2.绿色发展规划及管理体系认证/（1）碳足迹报告”。当前仅用于泰昌资料人工复核，未获准进入正式标书。,"[""泰昌"", ""绿色低碳资料"", ""历史标书候选"", ""商务标""]",formal_material_caption,资料：泰昌绿色低碳资料,taichang-visual-review-aa2606db4b9237ddd045,False,False,False,blocked,尚未通过P0-06人工批准,0.9,assets/template_words/商务补充文件.docx,(三)补充文件/7.针对评审要素，需要补充的其他文件/7.2.绿色发展规划及管理体系认证/（1）碳足迹报告,48d34b916a671c4ac38d52e9335d903c8da3792d05f82f4c9922d8f2e81e7903,48d34b916a671c4ac38d52e9335d903c8da3792d05f82f4c9922d8f2e81e7903
business-media-0315,business,media,286,duplicate_exact,精确重复，不新增,河北泰昌电力器材科技有限公司,河北泰昌电力器材科技有限公司,mixed_historical_bid,product_library,产品库资料,green_low_carbon,绿色低碳资料,[],泰昌企业资料,"[""商务标""]","[""补充文件/7.针对评审要素，需要补充的其他文件/7.2.绿色发展规划及管理体系认证/（1）碳足迹报告""]",tender_scoring_derived,needs_review,internal,企业内部资料,review_only,仅限人工复核,rejected_duplicate,精确重复，不新增,泰昌绿色低碳资料历史候选第286页,泰昌商务补充文件,泰昌商务补充文件,绿色低碳资料,来源于泰昌商务补充文件，历史位置为“补充文件/7.针对评审要素，需要补充的其他文件/7.2.绿色发展规划及管理体系认证/（1）碳足迹报告”。当前仅用于泰昌资料人工复核，未获准进入正式标书。,"[""泰昌"", ""绿色低碳资料"", ""历史标书候选"", ""商务标""]",formal_material_caption,资料：泰昌绿色低碳资料,taichang-visual-review-b0cd02f497fe7ad59921,False,False,False,blocked,尚未通过P0-06人工批准,0.9,assets/template_words/商务补充文件.docx,(三)补充文件/7.针对评审要素，需要补充的其他文件/7.2.绿色发展规划及管理体系认证/（1）碳足迹报告,c3d3e194d342c60d5547a11063fc4a3966518ccd939c2e3c7e8d6906174e6611,c3d3e194d342c60d5547a11063fc4a3966518ccd939c2e3c7e8d6906174e6611
business-media-0316,business,media,286,duplicate_exact,精确重复，不新增,河北泰昌电力器材科技有限公司,河北泰昌电力器材科技有限公司,mixed_historical_bid,product_library,产品库资料,green_low_carbon,绿色低碳资料,[],泰昌企业资料,"[""商务标""]","[""补充文件/7.针对评审要素，需要补充的其他文件/7.2.绿色发展规划及管理体系认证/（1）碳足迹报告""]",tender_scoring_derived,needs_review,internal,企业内部资料,review_only,仅限人工复核,rejected_duplicate,精确重复，不新增,泰昌绿色低碳资料历史候选第286页,泰昌商务补充文件,泰昌商务补充文件,绿色低碳资料,来源于泰昌商务补充文件，历史位置为“补充文件/7.针对评审要素，需要补充的其他文件/7.2.绿色发展规划及管理体系认证/（1）碳足迹报告”。当前仅用于泰昌资料人工复核，未获准进入正式标书。,"[""泰昌"", ""绿色低碳资料"", ""历史标书候选"", ""商务标""]",formal_material_caption,资料：泰昌绿色低碳资料,taichang-visual-review-ff4a91371828ce00846d,False,False,False,blocked,尚未通过P0-06人工批准,0.9,assets/template_words/商务补充文件.docx,(三)补充文件/7.针对评审要素，需要补充的其他文件/7.2.绿色发展规划及管理体系认证/（1）碳足迹报告,ec4783db9de62843c9024868c143910c864eb11316f591ac87180808185e6e8b,ec4783db9de62843c9024868c143910c864eb11316f591ac87180808185e6e8b
business-media-0317,business,media,286,duplicate_exact,精确重复，不新增,河北泰昌电力器材科技有限公司,河北泰昌电力器材科技有限公司,mixed_historical_bid,product_library,产品库资料,green_low_carbon,绿色低碳资料,[],泰昌企业资料,"[""商务标""]","[""补充文件/7.针对评审要素，需要补充的其他文件/7.2.绿色发展规划及管理体系认证/（1）碳足迹报告""]",tender_scoring_derived,needs_review,internal,企业内部资料,review_only,仅限人工复核,rejected_duplicate,精确重复，不新增,泰昌绿色低碳资料历史候选第286页,泰昌商务补充文件,泰昌商务补充文件,绿色低碳资料,来源于泰昌商务补充文件，历史位置为“补充文件/7.针对评审要素，需要补充的其他文件/7.2.绿色发展规划及管理体系认证/（1）碳足迹报告”。当前仅用于泰昌资料人工复核，未获准进入正式标书。,"[""泰昌"", ""绿色低碳资料"", ""历史标书候选"", ""商务标""]",formal_material_caption,资料：泰昌绿色低碳资料,taichang-visual-review-8dd6b06a02abfbbc3174,False,False,False,blocked,尚未通过P0-06人工批准,0.9,assets/template_words/商务补充文件.docx,(三)补充文件/7.针对评审要素，需要补充的其他文件/7.2.绿色发展规划及管理体系认证/（1）碳足迹报告,3bd8214070dbf14c53c0e2d210f721fa6af7439fe4fd7796b3b8721cbbac6b21,3bd8214070dbf14c53c0e2d210f721fa6af7439fe4fd7796b3b8721cbbac6b21
business-media-0318,business,media,286,duplicate_exact,精确重复，不新增,河北泰昌电力器材科技有限公司,河北泰昌电力器材科技有限公司,mixed_historical_bid,product_library,产品库资料,green_low_carbon,绿色低碳资料,[],泰昌企业资料,"[""商务标""]","[""补充文件/7.针对评审要素，需要补充的其他文件/7.2.绿色发展规划及管理体系认证/（1）碳足迹报告""]",tender_scoring_derived,needs_review,internal,企业内部资料,review_only,仅限人工复核,rejected_duplicate,精确重复，不新增,泰昌绿色低碳资料历史候选第286页,泰昌商务补充文件,泰昌商务补充文件,绿色低碳资料,来源于泰昌商务补充文件，历史位置为“补充文件/7.针对评审要素，需要补充的其他文件/7.2.绿色发展规划及管理体系认证/（1）碳足迹报告”。当前仅用于泰昌资料人工复核，未获准进入正式标书。,"[""泰昌"", ""绿色低碳资料"", ""历史标书候选"", ""商务标""]",formal_material_caption,资料：泰昌绿色低碳资料,taichang-visual-review-5596a96eb918595bae58,False,False,False,blocked,尚未通过P0-06人工批准,0.9,assets/template_words/商务补充文件.docx,(三)补充文件/7.针对评审要素，需要补充的其他文件/7.2.绿色发展规划及管理体系认证/（1）碳足迹报告,dadeea12b5c4a2c84210a78fd89bd0e82a2de3788ea34aed2b31b28295c0ec84,dadeea12b5c4a2c84210a78fd89bd0e82a2de3788ea34aed2b31b28295c0ec84
business-chapter-048,business,chapter,303,new,未发现重复，仍需审核,河北泰昌电力器材科技有限公司,河北泰昌电力器材科技有限公司,mixed_historical_bid,reference_template_library,历史参考资料,historical_structure_reference,历史目录结构参考,[],泰昌企业资料,"[""商务标""]","[""补充文件/7.针对评审要素，需要补充的其他文件/7.3.创新激励机制、供应链保障措施""]",tender_scoring_derived,needs_review,internal,企业内部资料,review_only,仅限人工复核,not_asset_reference,非资产结构参考,泰昌商务标历史目录参考：补充文件/7.针对评审要素，需要补充的其他文件/7.3.创新激励机制、供应链保障措施,泰昌商务补充文件,泰昌商务补充文件,历史目录结构参考,来源于泰昌商务补充文件，历史位置为“补充文件/7.针对评审要素，需要补充的其他文件/7.3.创新激励机制、供应链保障措施”。当前仅用于泰昌资料人工复核，未获准进入正式标书。,"[""泰昌"", ""历史目录结构参考"", ""历史标书候选"", ""商务标""]",suppressed_document_page_caption,,,False,False,False,blocked,尚未通过P0-06人工批准,1.0,assets/template_words/商务补充文件.docx,(三)补充文件/7.针对评审要素，需要补充的其他文件/7.3.创新激励机制、供应链保障措施,f354fe03ba8ecb96a19d6729a0bc78222f0598b039058b71f0a1c6f859e1fb87,
business-chapter-049,business,chapter,303,new,未发现重复，仍需审核,河北泰昌电力器材科技有限公司,河北泰昌电力器材科技有限公司,mixed_historical_bid,reference_template_library,历史参考资料,historical_structure_reference,历史目录结构参考,[],泰昌企业资料,"[""商务标""]","[""补充文件/7.针对评审要素，需要补充的其他文件/7.3.创新激励机制、供应链保障措施/（1）创新激励机制评价报告""]",tender_scoring_derived,needs_review,internal,企业内部资料,review_only,仅限人工复核,not_asset_reference,非资产结构参考,泰昌商务标历史目录参考：补充文件/7.针对评审要素，需要补充的其他文件/7.3.创新激励机制、供应链保障措施/（1）创新激励机制评价报告,泰昌商务补充文件,泰昌商务补充文件,历史目录结构参考,来源于泰昌商务补充文件，历史位置为“补充文件/7.针对评审要素，需要补充的其他文件/7.3.创新激励机制、供应链保障措施/（1）创新激励机制评价报告”。当前仅用于泰昌资料人工复核，未获准进入正式标书。,"[""泰昌"", ""历史目录结构参考"", ""历史标书候选"", ""商务标""]",suppressed_document_page_caption,,,False,False,False,blocked,尚未通过P0-06人工批准,1.0,assets/template_words/商务补充文件.docx,(三)补充文件/7.针对评审要素，需要补充的其他文件/7.3.创新激励机制、供应链保障措施/（1）创新激励机制评价报告,237da39632e8b4eda85fdca132fad065d4cea3c3c7898a7532e29bbacee44d2b,
business-media-0319,business,media,303,duplicate_exact,精确重复，不新增,河北泰昌电力器材科技有限公司,河北泰昌电力器材科技有限公司,mixed_historical_bid,qualification_library,资信库资料,enterprise_evidence,企业证明材料,[],泰昌企业资料,"[""商务标""]","[""补充文件/7.针对评审要素，需要补充的其他文件/7.3.创新激励机制、供应链保障措施/（1）创新激励机制评价报告""]",tender_scoring_derived,needs_review,internal,企业内部资料,review_only,仅限人工复核,rejected_duplicate,精确重复，不新增,泰昌企业证明材料历史候选第303页,泰昌商务补充文件,泰昌商务补充文件,企业证明材料,来源于泰昌商务补充文件，历史位置为“补充文件/7.针对评审要素，需要补充的其他文件/7.3.创新激励机制、供应链保障措施/（1）创新激励机制评价报告”。当前仅用于泰昌资料人工复核，未获准进入正式标书。,"[""泰昌"", ""企业证明材料"", ""历史标书候选"", ""商务标""]",suppressed_document_page_caption,,taichang-exact-35f6296443d9633dd671,False,False,False,blocked,尚未通过P0-06人工批准,0.45,assets/template_words/商务补充文件.docx,(三)补充文件/7.针对评审要素，需要补充的其他文件/7.3.创新激励机制、供应链保障措施/（1）创新激励机制评价报告,16605eb0d50b6037c95027d38a3f636325abe33fa58cc9df0f6841f15dd7e31f,16605eb0d50b6037c95027d38a3f636325abe33fa58cc9df0f6841f15dd7e31f
business-media-0320,business,media,303,duplicate_exact,精确重复，不新增,河北泰昌电力器材科技有限公司,河北泰昌电力器材科技有限公司,mixed_historical_bid,qualification_library,资信库资料,enterprise_evidence,企业证明材料,[],泰昌企业资料,"[""商务标""]","[""补充文件/7.针对评审要素，需要补充的其他文件/7.3.创新激励机制、供应链保障措施/（1）创新激励机制评价报告""]",tender_scoring_derived,needs_review,internal,企业内部资料,review_only,仅限人工复核,rejected_duplicate,精确重复，不新增,泰昌企业证明材料历史候选第303页,泰昌商务补充文件,泰昌商务补充文件,企业证明材料,来源于泰昌商务补充文件，历史位置为“补充文件/7.针对评审要素，需要补充的其他文件/7.3.创新激励机制、供应链保障措施/（1）创新激励机制评价报告”。当前仅用于泰昌资料人工复核，未获准进入正式标书。,"[""泰昌"", ""企业证明材料"", ""历史标书候选"", ""商务标""]",suppressed_document_page_caption,,taichang-exact-4e8a3be65a95c3f9aa8d,False,False,False,blocked,尚未通过P0-06人工批准,0.45,assets/template_words/商务补充文件.docx,(三)补充文件/7.针对评审要素，需要补充的其他文件/7.3.创新激励机制、供应链保障措施/（1）创新激励机制评价报告,f3ba71090e791066e560da6bde407b1d78898786ab4d34177d97c5704cbc66d8,f3ba71090e791066e560da6bde407b1d78898786ab4d34177d97c5704cbc66d8
business-media-0321,business,media,303,duplicate_exact,精确重复，不新增,河北泰昌电力器材科技有限公司,河北泰昌电力器材科技有限公司,mixed_historical_bid,qualification_library,资信库资料,enterprise_evidence,企业证明材料,[],泰昌企业资料,"[""商务标""]","[""补充文件/7.针对评审要素，需要补充的其他文件/7.3.创新激励机制、供应链保障措施/（1）创新激励机制评价报告""]",tender_scoring_derived,needs_review,internal,企业内部资料,review_only,仅限人工复核,rejected_duplicate,精确重复，不新增,泰昌企业证明材料历史候选第303页,泰昌商务补充文件,泰昌商务补充文件,企业证明材料,来源于泰昌商务补充文件，历史位置为“补充文件/7.针对评审要素，需要补充的其他文件/7.3.创新激励机制、供应链保障措施/（1）创新激励机制评价报告”。当前仅用于泰昌资料人工复核，未获准进入正式标书。,"[""泰昌"", ""企业证明材料"", ""历史标书候选"", ""商务标""]",suppressed_document_page_caption,,taichang-visual-review-4193af8b157571f424cc,False,False,False,blocked,尚未通过P0-06人工批准,0.45,assets/template_words/商务补充文件.docx,(三)补充文件/7.针对评审要素，需要补充的其他文件/7.3.创新激励机制、供应链保障措施/（1）创新激励机制评价报告,23daa83952e37d3f085577aed2ed6289990005289c1d2b5257682a211b832bc5,23daa83952e37d3f085577aed2ed6289990005289c1d2b5257682a211b832bc5
business-media-0322,business,media,303,duplicate_exact,精确重复，不新增,河北泰昌电力器材科技有限公司,河北泰昌电力器材科技有限公司,mixed_historical_bid,qualification_library,资信库资料,enterprise_evidence,企业证明材料,[],泰昌企业资料,"[""商务标""]","[""补充文件/7.针对评审要素，需要补充的其他文件/7.3.创新激励机制、供应链保障措施/（1）创新激励机制评价报告""]",tender_scoring_derived,needs_review,internal,企业内部资料,review_only,仅限人工复核,rejected_duplicate,精确重复，不新增,泰昌企业证明材料历史候选第303页,泰昌商务补充文件,泰昌商务补充文件,企业证明材料,来源于泰昌商务补充文件，历史位置为“补充文件/7.针对评审要素，需要补充的其他文件/7.3.创新激励机制、供应链保障措施/（1）创新激励机制评价报告”。当前仅用于泰昌资料人工复核，未获准进入正式标书。,"[""泰昌"", ""企业证明材料"", ""历史标书候选"", ""商务标""]",suppressed_document_page_caption,,taichang-exact-177096d3b1746025fac3,False,False,False,blocked,尚未通过P0-06人工批准,0.45,assets/template_words/商务补充文件.docx,(三)补充文件/7.针对评审要素，需要补充的其他文件/7.3.创新激励机制、供应链保障措施/（1）创新激励机制评价报告,42c57dfc5205552f9f254c02ef9779564c62a64d6f082406b59fdd418bacd34a,42c57dfc5205552f9f254c02ef9779564c62a64d6f082406b59fdd418bacd34a
business-media-0323,business,media,303,duplicate_exact,精确重复，不新增,河北泰昌电力器材科技有限公司,河北泰昌电力器材科技有限公司,mixed_historical_bid,qualification_library,资信库资料,enterprise_evidence,企业证明材料,[],泰昌企业资料,"[""商务标""]","[""补充文件/7.针对评审要素，需要补充的其他文件/7.3.创新激励机制、供应链保障措施/（1）创新激励机制评价报告""]",tender_scoring_derived,needs_review,internal,企业内部资料,review_only,仅限人工复核,rejected_duplicate,精确重复，不新增,泰昌企业证明材料历史候选第303页,泰昌商务补充文件,泰昌商务补充文件,企业证明材料,来源于泰昌商务补充文件，历史位置为“补充文件/7.针对评审要素，需要补充的其他文件/7.3.创新激励机制、供应链保障措施/（1）创新激励机制评价报告”。当前仅用于泰昌资料人工复核，未获准进入正式标书。,"[""泰昌"", ""企业证明材料"", ""历史标书候选"", ""商务标""]",suppressed_document_page_caption,,taichang-exact-89372e6f0bf7c90a901b,False,False,False,blocked,尚未通过P0-06人工批准,0.45,assets/template_words/商务补充文件.docx,(三)补充文件/7.针对评审要素，需要补充的其他文件/7.3.创新激励机制、供应链保障措施/（1）创新激励机制评价报告,b3748c3bf0aed63ad7df37e33556ac4ce372a927ef00ef5f63059e116f05d467,b3748c3bf0aed63ad7df37e33556ac4ce372a927ef00ef5f63059e116f05d467
business-media-0324,business,media,303,duplicate_exact,精确重复，不新增,河北泰昌电力器材科技有限公司,河北泰昌电力器材科技有限公司,mixed_historical_bid,qualification_library,资信库资料,enterprise_evidence,企业证明材料,[],泰昌企业资料,"[""商务标""]","[""补充文件/7.针对评审要素，需要补充的其他文件/7.3.创新激励机制、供应链保障措施/（1）创新激励机制评价报告""]",tender_scoring_derived,needs_review,internal,企业内部资料,review_only,仅限人工复核,rejected_duplicate,精确重复，不新增,泰昌企业证明材料历史候选第303页,泰昌商务补充文件,泰昌商务补充文件,企业证明材料,来源于泰昌商务补充文件，历史位置为“补充文件/7.针对评审要素，需要补充的其他文件/7.3.创新激励机制、供应链保障措施/（1）创新激励机制评价报告”。当前仅用于泰昌资料人工复核，未获准进入正式标书。,"[""泰昌"", ""企业证明材料"", ""历史标书候选"", ""商务标""]",suppressed_document_page_caption,,taichang-exact-cb75e9b5b37ee740f4c7,False,False,False,blocked,尚未通过P0-06人工批准,0.45,assets/template_words/商务补充文件.docx,(三)补充文件/7.针对评审要素，需要补充的其他文件/7.3.创新激励机制、供应链保障措施/（1）创新激励机制评价报告,de7ef56a2968f641ac69669f9fca3abdc44eb8bc0155565b9405f0bb1d07565e,de7ef56a2968f641ac69669f9fca3abdc44eb8bc0155565b9405f0bb1d07565e
business-media-0325,business,media,303,duplicate_exact,精确重复，不新增,河北泰昌电力器材科技有限公司,河北泰昌电力器材科技有限公司,mixed_historical_bid,qualification_library,资信库资料,enterprise_evidence,企业证明材料,[],泰昌企业资料,"[""商务标""]","[""补充文件/7.针对评审要素，需要补充的其他文件/7.3.创新激励机制、供应链保障措施/（1）创新激励机制评价报告""]",tender_scoring_derived,needs_review,internal,企业内部资料,review_only,仅限人工复核,rejected_duplicate,精确重复，不新增,泰昌企业证明材料历史候选第303页,泰昌商务补充文件,泰昌商务补充文件,企业证明材料,来源于泰昌商务补充文件，历史位置为“补充文件/7.针对评审要素，需要补充的其他文件/7.3.创新激励机制、供应链保障措施/（1）创新激励机制评价报告”。当前仅用于泰昌资料人工复核，未获准进入正式标书。,"[""泰昌"", ""企业证明材料"", ""历史标书候选"", ""商务标""]",suppressed_document_page_caption,,taichang-exact-821c9c5bb2318a182f7b,False,False,False,blocked,尚未通过P0-06人工批准,0.45,assets/template_words/商务补充文件.docx,(三)补充文件/7.针对评审要素，需要补充的其他文件/7.3.创新激励机制、供应链保障措施/（1）创新激励机制评价报告,3bd63813953c130818c0de3c6788cb4e118e092323f1e93e42d73563faffed4b,3bd63813953c130818c0de3c6788cb4e118e092323f1e93e42d73563faffed4b
business-media-0326,business,media,303,duplicate_exact,精确重复，不新增,河北泰昌电力器材科技有限公司,河北泰昌电力器材科技有限公司,mixed_historical_bid,qualification_library,资信库资料,enterprise_evidence,企业证明材料,[],泰昌企业资料,"[""商务标""]","[""补充文件/7.针对评审要素，需要补充的其他文件/7.3.创新激励机制、供应链保障措施/（1）创新激励机制评价报告""]",tender_scoring_derived,needs_review,internal,企业内部资料,review_only,仅限人工复核,rejected_duplicate,精确重复，不新增,泰昌企业证明材料历史候选第303页,泰昌商务补充文件,泰昌商务补充文件,企业证明材料,来源于泰昌商务补充文件，历史位置为“补充文件/7.针对评审要素，需要补充的其他文件/7.3.创新激励机制、供应链保障措施/（1）创新激励机制评价报告”。当前仅用于泰昌资料人工复核，未获准进入正式标书。,"[""泰昌"", ""企业证明材料"", ""历史标书候选"", ""商务标""]",suppressed_document_page_caption,,taichang-visual-review-ed945086fe3fa6382376,False,False,False,blocked,尚未通过P0-06人工批准,0.45,assets/template_words/商务补充文件.docx,(三)补充文件/7.针对评审要素，需要补充的其他文件/7.3.创新激励机制、供应链保障措施/（1）创新激励机制评价报告,4cda9d5c46d9d5d75046d3ad2060d161f145c689be7095464fe22f33738df7b1,4cda9d5c46d9d5d75046d3ad2060d161f145c689be7095464fe22f33738df7b1
business-media-0327,business,media,303,duplicate_exact,精确重复，不新增,河北泰昌电力器材科技有限公司,河北泰昌电力器材科技有限公司,mixed_historical_bid,qualification_library,资信库资料,enterprise_evidence,企业证明材料,[],泰昌企业资料,"[""商务标""]","[""补充文件/7.针对评审要素，需要补充的其他文件/7.3.创新激励机制、供应链保障措施/（1）创新激励机制评价报告""]",tender_scoring_derived,needs_review,internal,企业内部资料,review_only,仅限人工复核,rejected_duplicate,精确重复，不新增,泰昌企业证明材料历史候选第303页,泰昌商务补充文件,泰昌商务补充文件,企业证明材料,来源于泰昌商务补充文件，历史位置为“补充文件/7.针对评审要素，需要补充的其他文件/7.3.创新激励机制、供应链保障措施/（1）创新激励机制评价报告”。当前仅用于泰昌资料人工复核，未获准进入正式标书。,"[""泰昌"", ""企业证明材料"", ""历史标书候选"", ""商务标""]",suppressed_document_page_caption,,taichang-exact-c783cb44abf6988966c6,False,False,False,blocked,尚未通过P0-06人工批准,0.45,assets/template_words/商务补充文件.docx,(三)补充文件/7.针对评审要素，需要补充的其他文件/7.3.创新激励机制、供应链保障措施/（1）创新激励机制评价报告,027b1348a928c17d48bb49a7de5f2799e7bbe13025ee2e68a590afa235a2745f,027b1348a928c17d48bb49a7de5f2799e7bbe13025ee2e68a590afa235a2745f
business-media-0328,business,media,303,duplicate_exact,精确重复，不新增,河北泰昌电力器材科技有限公司,河北泰昌电力器材科技有限公司,mixed_historical_bid,qualification_library,资信库资料,enterprise_evidence,企业证明材料,[],泰昌企业资料,"[""商务标""]","[""补充文件/7.针对评审要素，需要补充的其他文件/7.3.创新激励机制、供应链保障措施/（1）创新激励机制评价报告""]",tender_scoring_derived,needs_review,internal,企业内部资料,review_only,仅限人工复核,rejected_duplicate,精确重复，不新增,泰昌企业证明材料历史候选第303页,泰昌商务补充文件,泰昌商务补充文件,企业证明材料,来源于泰昌商务补充文件，历史位置为“补充文件/7.针对评审要素，需要补充的其他文件/7.3.创新激励机制、供应链保障措施/（1）创新激励机制评价报告”。当前仅用于泰昌资料人工复核，未获准进入正式标书。,"[""泰昌"", ""企业证明材料"", ""历史标书候选"", ""商务标""]",suppressed_document_page_caption,,taichang-visual-review-a9be305128238355fc5a,False,False,False,blocked,尚未通过P0-06人工批准,0.45,assets/template_words/商务补充文件.docx,(三)补充文件/7.针对评审要素，需要补充的其他文件/7.3.创新激励机制、供应链保障措施/（1）创新激励机制评价报告,20a9acbd67e2e8f9d1f60084c517e45b917bfe0a5d09a0f3c878642c354ca25b,20a9acbd67e2e8f9d1f60084c517e45b917bfe0a5d09a0f3c878642c354ca25b
business-media-0329,business,media,303,duplicate_exact,精确重复，不新增,河北泰昌电力器材科技有限公司,河北泰昌电力器材科技有限公司,mixed_historical_bid,qualification_library,资信库资料,enterprise_evidence,企业证明材料,[],泰昌企业资料,"[""商务标""]","[""补充文件/7.针对评审要素，需要补充的其他文件/7.3.创新激励机制、供应链保障措施/（1）创新激励机制评价报告""]",tender_scoring_derived,needs_review,internal,企业内部资料,review_only,仅限人工复核,rejected_duplicate,精确重复，不新增,泰昌企业证明材料历史候选第303页,泰昌商务补充文件,泰昌商务补充文件,企业证明材料,来源于泰昌商务补充文件，历史位置为“补充文件/7.针对评审要素，需要补充的其他文件/7.3.创新激励机制、供应链保障措施/（1）创新激励机制评价报告”。当前仅用于泰昌资料人工复核，未获准进入正式标书。,"[""泰昌"", ""企业证明材料"", ""历史标书候选"", ""商务标""]",suppressed_document_page_caption,,taichang-exact-b16a2f9aab70eeec7373,False,False,False,blocked,尚未通过P0-06人工批准,0.45,assets/template_words/商务补充文件.docx,(三)补充文件/7.针对评审要素，需要补充的其他文件/7.3.创新激励机制、供应链保障措施/（1）创新激励机制评价报告,83614390806f61b66b096d8abd084dd805554cf0edc6f295f462d93f9ddd592f,83614390806f61b66b096d8abd084dd805554cf0edc6f295f462d93f9ddd592f
business-media-0330,business,media,303,duplicate_exact,精确重复，不新增,河北泰昌电力器材科技有限公司,河北泰昌电力器材科技有限公司,mixed_historical_bid,qualification_library,资信库资料,enterprise_evidence,企业证明材料,[],泰昌企业资料,"[""商务标""]","[""补充文件/7.针对评审要素，需要补充的其他文件/7.3.创新激励机制、供应链保障措施/（1）创新激励机制评价报告""]",tender_scoring_derived,needs_review,internal,企业内部资料,review_only,仅限人工复核,rejected_duplicate,精确重复，不新增,泰昌企业证明材料历史候选第303页,泰昌商务补充文件,泰昌商务补充文件,企业证明材料,来源于泰昌商务补充文件，历史位置为“补充文件/7.针对评审要素，需要补充的其他文件/7.3.创新激励机制、供应链保障措施/（1）创新激励机制评价报告”。当前仅用于泰昌资料人工复核，未获准进入正式标书。,"[""泰昌"", ""企业证明材料"", ""历史标书候选"", ""商务标""]",suppressed_document_page_caption,,taichang-visual-review-5596a96eb918595bae58,False,False,False,blocked,尚未通过P0-06人工批准,0.45,assets/template_words/商务补充文件.docx,(三)补充文件/7.针对评审要素，需要补充的其他文件/7.3.创新激励机制、供应链保障措施/（1）创新激励机制评价报告,8a3512b24ad8ed33397e57494599d8fa0044ad440ee20f0153934369de058070,8a3512b24ad8ed33397e57494599d8fa0044ad440ee20f0153934369de058070
business-chapter-050,business,chapter,315,new,未发现重复，仍需审核,河北泰昌电力器材科技有限公司,河北泰昌电力器材科技有限公司,mixed_historical_bid,reference_template_library,历史参考资料,historical_structure_reference,历史目录结构参考,[],泰昌企业资料,"[""商务标""]","[""补充文件/8.投标人自述的企业名称变更原因说明、市场监督管理部门出具的‘名称变更证明’相关证明材料、有权机构出具的‘资格资质变更证明’等相关证明材料。（如有）""]",tender_conditional,needs_review,internal,企业内部资料,review_only,仅限人工复核,not_asset_reference,非资产结构参考,泰昌商务标历史目录参考：补充文件/8.投标人自述的企业名称变更原因说明、市场监督管理部门出具的‘名称变更证明’相关证明材料、有权机构出具的‘资格资质变更证明’等相关证明材料。（如有）,泰昌商务补充文件,泰昌商务补充文件,历史目录结构参考,来源于泰昌商务补充文件，历史位置为“补充文件/8.投标人自述的企业名称变更原因说明、市场监督管理部门出具的‘名称变更证明’相关证明材料、有权机构出具的‘资格资质变更证明’等相关证明材料。（如有）”。当前仅用于泰昌资料人工复核，未获准进入正式标书。,"[""泰昌"", ""历史目录结构参考"", ""历史标书候选"", ""商务标""]",suppressed_document_page_caption,,,False,False,False,blocked,尚未通过P0-06人工批准,1.0,assets/template_words/商务补充文件.docx,(三)补充文件/8.投标人自述的企业名称变更原因说明、市场监督管理部门出具的‘名称变更证明’相关证明材料、有权机构出具的‘资格资质变更证明’等相关证明材料。（如有）,12917d8944ccfe7b80985c7a7ab4ce2eac7aac6d388ea692f3d187dd9a4c5473,
business-chapter-051,business,chapter,316,new,未发现重复，仍需审核,河北泰昌电力器材科技有限公司,河北泰昌电力器材科技有限公司,mixed_historical_bid,reference_template_library,历史参考资料,historical_structure_reference,历史目录结构参考,[],泰昌企业资料,"[""商务标""]","[""补充文件/9.制造商授权委托书（本批次不适用）""]",tender_conditional,needs_review,restricted,受限资料,restricted,受限资料,not_asset_reference,非资产结构参考,泰昌商务标历史目录参考：补充文件/9.制造商授权委托书（本批次不适用）,泰昌商务补充文件,泰昌商务补充文件,历史目录结构参考,来源于泰昌商务补充文件，历史位置为“补充文件/9.制造商授权委托书（本批次不适用）”。当前仅用于泰昌资料人工复核，未获准进入正式标书。,"[""泰昌"", ""历史目录结构参考"", ""历史标书候选"", ""商务标""]",suppressed_document_page_caption,,,False,False,False,blocked,尚未通过P0-06人工批准,1.0,assets/template_words/商务补充文件.docx,(三)补充文件/9.制造商授权委托书（本批次不适用）,f5db427706e40cc46f1ba24db8070c9d00b8ead7dedec1429e1647bd20297222,
business-chapter-052,business,chapter,317,new,未发现重复，仍需审核,河北泰昌电力器材科技有限公司,河北泰昌电力器材科技有限公司,mixed_historical_bid,reference_template_library,历史参考资料,historical_structure_reference,历史目录结构参考,[],泰昌企业资料,"[""商务标""]","[""补充文件/10.供应商关于配合开展资质能力信息核实的承诺函""]",tender_mandated,needs_review,internal,企业内部资料,review_only,仅限人工复核,not_asset_reference,非资产结构参考,泰昌商务标历史目录参考：补充文件/10.供应商关于配合开展资质能力信息核实的承诺函,泰昌商务补充文件,泰昌商务补充文件,历史目录结构参考,来源于泰昌商务补充文件，历史位置为“补充文件/10.供应商关于配合开展资质能力信息核实的承诺函”。当前仅用于泰昌资料人工复核，未获准进入正式标书。,"[""泰昌"", ""历史目录结构参考"", ""历史标书候选"", ""商务标""]",suppressed_document_page_caption,,,False,False,False,blocked,尚未通过P0-06人工批准,1.0,assets/template_words/商务补充文件.docx,(三)补充文件/10.供应商关于配合开展资质能力信息核实的承诺函,37ad0e8a44b6a5c69f5444fccfc5264fd6e9885965b49e61e865063d2598815d,
business-media-0331,business,media,318,duplicate_exact,精确重复，不新增,河北泰昌电力器材科技有限公司,河北泰昌电力器材科技有限公司,mixed_historical_bid,qualification_library,资信库资料,enterprise_evidence,企业证明材料,[],泰昌企业资料,"[""商务标""]","[""补充文件/10.供应商关于配合开展资质能力信息核实的承诺函""]",tender_mandated,needs_review,internal,企业内部资料,review_only,仅限人工复核,rejected_duplicate,精确重复，不新增,泰昌企业证明材料历史候选第318页,泰昌商务补充文件,泰昌商务补充文件,企业证明材料,来源于泰昌商务补充文件，历史位置为“补充文件/10.供应商关于配合开展资质能力信息核实的承诺函”。当前仅用于泰昌资料人工复核，未获准进入正式标书。,"[""泰昌"", ""企业证明材料"", ""历史标书候选"", ""商务标""]",suppressed_document_page_caption,,taichang-visual-review-817351f1a96e400c3455,False,False,False,blocked,尚未通过P0-06人工批准,0.45,assets/template_words/商务补充文件.docx,(三)补充文件/10.供应商关于配合开展资质能力信息核实的承诺函,4c8dd0dc0bdac2ff1a4980e1eae6d53c5a1c5b65a2e79aa793d44c399d51cd47,4c8dd0dc0bdac2ff1a4980e1eae6d53c5a1c5b65a2e79aa793d44c399d51cd47
business-chapter-053,business,chapter,318,new,未发现重复，仍需审核,河北泰昌电力器材科技有限公司,河北泰昌电力器材科技有限公司,mixed_historical_bid,reference_template_library,历史参考资料,historical_structure_reference,历史目录结构参考,[],泰昌企业资料,"[""商务标""]","[""补充文件/11.公章对投标专用章授权书""]",tender_mandated,needs_review,restricted,受限资料,restricted,受限资料,not_asset_reference,非资产结构参考,泰昌商务标历史目录参考：补充文件/11.公章对投标专用章授权书,泰昌商务补充文件,泰昌商务补充文件,历史目录结构参考,来源于泰昌商务补充文件，历史位置为“补充文件/11.公章对投标专用章授权书”。当前仅用于泰昌资料人工复核，未获准进入正式标书。,"[""泰昌"", ""历史目录结构参考"", ""历史标书候选"", ""商务标""]",suppressed_document_page_caption,,,False,False,False,blocked,尚未通过P0-06人工批准,1.0,assets/template_words/商务补充文件.docx,(三)补充文件/11.公章对投标专用章授权书,f3a929a382ff11e9734659a36ae66c1b00e5c12283f047ee9a0da20c5ec962f5,
business-chapter-054,business,chapter,319,new,未发现重复，仍需审核,河北泰昌电力器材科技有限公司,河北泰昌电力器材科技有限公司,mixed_historical_bid,reference_template_library,历史参考资料,historical_structure_reference,历史目录结构参考,[],泰昌企业资料,"[""商务标""]","[""补充文件/12.其他""]",tender_mandated,needs_review,internal,企业内部资料,review_only,仅限人工复核,not_asset_reference,非资产结构参考,泰昌商务标历史目录参考：补充文件/12.其他,泰昌商务补充文件,泰昌商务补充文件,历史目录结构参考,来源于泰昌商务补充文件，历史位置为“补充文件/12.其他”。当前仅用于泰昌资料人工复核，未获准进入正式标书。,"[""泰昌"", ""历史目录结构参考"", ""历史标书候选"", ""商务标""]",suppressed_document_page_caption,,,False,False,False,blocked,尚未通过P0-06人工批准,1.0,assets/template_words/商务补充文件.docx,(三)补充文件/12.其他,5c8422b8cce7d18b276e33c1cb30c94a8f2e23df79271181f227a35b3bb31f4c,
business-chapter-055,business,chapter,319,new,未发现重复，仍需审核,河北泰昌电力器材科技有限公司,河北泰昌电力器材科技有限公司,mixed_historical_bid,reference_template_library,历史参考资料,historical_structure_reference,历史目录结构参考,[],泰昌企业资料,"[""商务标""]","[""补充文件/12.其他/12.1.发明专利证书""]",reference_layout_only,needs_review,internal,企业内部资料,review_only,仅限人工复核,not_asset_reference,非资产结构参考,泰昌商务标历史目录参考：补充文件/12.其他/12.1.发明专利证书,泰昌商务补充文件,泰昌商务补充文件,历史目录结构参考,来源于泰昌商务补充文件，历史位置为“补充文件/12.其他/12.1.发明专利证书”。当前仅用于泰昌资料人工复核，未获准进入正式标书。,"[""泰昌"", ""历史目录结构参考"", ""历史标书候选"", ""商务标""]",suppressed_document_page_caption,,,False,False,False,blocked,尚未通过P0-06人工批准,1.0,assets/template_words/商务补充文件.docx,(三)补充文件/12.其他/12.1.发明专利证书,11ea6d938b41fd5d6a1d1ab6086bc17a9ec94de0057c68f85b3379f79ac617e4,
business-media-0332,business,media,319,new,未发现重复，仍需审核,河北泰昌电力器材科技有限公司,河北泰昌电力器材科技有限公司,mixed_historical_bid,qualification_library,资信库资料,enterprise_evidence,企业证明材料,[],泰昌企业资料,"[""商务标""]","[""补充文件/12.其他/12.1.发明专利证书""]",reference_layout_only,needs_review,internal,企业内部资料,review_only,仅限人工复核,needs_customer_confirmation,需要客户确认,泰昌企业证明材料历史候选第319页,泰昌商务补充文件,泰昌商务补充文件,企业证明材料,来源于泰昌商务补充文件，历史位置为“补充文件/12.其他/12.1.发明专利证书”。当前仅用于泰昌资料人工复核，未获准进入正式标书。,"[""泰昌"", ""企业证明材料"", ""历史标书候选"", ""商务标""]",suppressed_document_page_caption,,,True,False,False,blocked,尚未通过P0-06人工批准,0.45,assets/template_words/商务补充文件.docx,(三)补充文件/12.其他/12.1.发明专利证书,6251cfac24d45e78658b397a98f19386714dce683db252b72fbd4810d15113cc,6251cfac24d45e78658b397a98f19386714dce683db252b72fbd4810d15113cc
business-chapter-056,business,chapter,320,new,未发现重复，仍需审核,河北泰昌电力器材科技有限公司,河北泰昌电力器材科技有限公司,mixed_historical_bid,reference_template_library,历史参考资料,historical_structure_reference,历史目录结构参考,[],泰昌企业资料,"[""商务标""]","[""补充文件/12.其他/12.2.中华人民共和国国家版权局计算机软件著作权登记证书""]",reference_layout_only,needs_review,internal,企业内部资料,review_only,仅限人工复核,not_asset_reference,非资产结构参考,泰昌商务标历史目录参考：补充文件/12.其他/12.2.中华人民共和国国家版权局计算机软件著作权登记证书,泰昌商务补充文件,泰昌商务补充文件,历史目录结构参考,来源于泰昌商务补充文件，历史位置为“补充文件/12.其他/12.2.中华人民共和国国家版权局计算机软件著作权登记证书”。当前仅用于泰昌资料人工复核，未获准进入正式标书。,"[""泰昌"", ""历史目录结构参考"", ""历史标书候选"", ""商务标""]",suppressed_document_page_caption,,,False,False,False,blocked,尚未通过P0-06人工批准,1.0,assets/template_words/商务补充文件.docx,(三)补充文件/12.其他/12.2.中华人民共和国国家版权局计算机软件著作权登记证书,6c7d6ed1c91cb2cb9e60a26ed30cfed564a919cfceb0ba04de7340ce9db6fe48,
business-media-0333,business,media,321,duplicate_exact,精确重复，不新增,河北泰昌电力器材科技有限公司,河北泰昌电力器材科技有限公司,mixed_historical_bid,qualification_library,资信库资料,enterprise_evidence,企业证明材料,[],泰昌企业资料,"[""商务标""]","[""补充文件/12.其他/12.2.中华人民共和国国家版权局计算机软件著作权登记证书""]",reference_layout_only,needs_review,internal,企业内部资料,review_only,仅限人工复核,rejected_duplicate,精确重复，不新增,泰昌企业证明材料历史候选第321页,泰昌商务补充文件,泰昌商务补充文件,企业证明材料,来源于泰昌商务补充文件，历史位置为“补充文件/12.其他/12.2.中华人民共和国国家版权局计算机软件著作权登记证书”。当前仅用于泰昌资料人工复核，未获准进入正式标书。,"[""泰昌"", ""企业证明材料"", ""历史标书候选"", ""商务标""]",suppressed_document_page_caption,,taichang-exact-690a5587fd609ba2349e,False,False,False,blocked,尚未通过P0-06人工批准,0.45,assets/template_words/商务补充文件.docx,(三)补充文件/12.其他/12.2.中华人民共和国国家版权局计算机软件著作权登记证书,b09b31bd7db402c5abf517b3981914d84593055241f8a460954c2e5aba86b083,b09b31bd7db402c5abf517b3981914d84593055241f8a460954c2e5aba86b083
business-chapter-057,business,chapter,321,new,未发现重复，仍需审核,河北泰昌电力器材科技有限公司,河北泰昌电力器材科技有限公司,mixed_historical_bid,reference_template_library,历史参考资料,historical_structure_reference,历史目录结构参考,[],泰昌企业资料,"[""商务标""]","[""补充文件/12.其他/12.3.河北省守合同重信用企业""]",uncertain,needs_review,internal,企业内部资料,review_only,仅限人工复核,not_asset_reference,非资产结构参考,泰昌商务标历史目录参考：补充文件/12.其他/12.3.河北省守合同重信用企业,泰昌商务补充文件,泰昌商务补充文件,历史目录结构参考,来源于泰昌商务补充文件，历史位置为“补充文件/12.其他/12.3.河北省守合同重信用企业”。当前仅用于泰昌资料人工复核，未获准进入正式标书。,"[""泰昌"", ""历史目录结构参考"", ""历史标书候选"", ""商务标""]",suppressed_document_page_caption,,,False,False,False,blocked,尚未通过P0-06人工批准,1.0,assets/template_words/商务补充文件.docx,(三)补充文件/12.其他/12.3.河北省守合同重信用企业,2b5a7b7aeb973ca548895f9812f5f9bb23c144847af18cd5df4ccb2f7a622beb,
business-media-0334,business,media,322,new,未发现重复，仍需审核,河北泰昌电力器材科技有限公司,河北泰昌电力器材科技有限公司,mixed_historical_bid,qualification_library,资信库资料,project_performance,项目业绩,[],泰昌企业资料,"[""商务标""]","[""补充文件/12.其他/12.3.河北省守合同重信用企业""]",uncertain,needs_review,internal,企业内部资料,review_only,仅限人工复核,needs_customer_confirmation,需要客户确认,泰昌项目业绩历史候选第322页,泰昌商务补充文件,泰昌商务补充文件,项目业绩,来源于泰昌商务补充文件，历史位置为“补充文件/12.其他/12.3.河北省守合同重信用企业”。当前仅用于泰昌资料人工复核，未获准进入正式标书。,"[""泰昌"", ""项目业绩"", ""历史标书候选"", ""商务标""]",suppressed_document_page_caption,,,True,False,False,blocked,尚未通过P0-06人工批准,0.8,assets/template_words/商务补充文件.docx,(三)补充文件/12.其他/12.3.河北省守合同重信用企业,411e6303bf345711d09a217d21f6273b0f2d2910822c8f03d84cd9cf2a20155d,411e6303bf345711d09a217d21f6273b0f2d2910822c8f03d84cd9cf2a20155d
business-chapter-058,business,chapter,322,new,未发现重复，仍需审核,河北泰昌电力器材科技有限公司,河北泰昌电力器材科技有限公司,mixed_historical_bid,reference_template_library,历史参考资料,historical_structure_reference,历史目录结构参考,[],泰昌企业资料,"[""商务标""]","[""补充文件/12.其他/12.4.中国裁判文书网查询截图""]",reference_layout_only,needs_review,internal,企业内部资料,review_only,仅限人工复核,not_asset_reference,非资产结构参考,泰昌商务标历史目录参考：补充文件/12.其他/12.4.中国裁判文书网查询截图,泰昌商务补充文件,泰昌商务补充文件,历史目录结构参考,来源于泰昌商务补充文件，历史位置为“补充文件/12.其他/12.4.中国裁判文书网查询截图”。当前仅用于泰昌资料人工复核，未获准进入正式标书。,"[""泰昌"", ""历史目录结构参考"", ""历史标书候选"", ""商务标""]",suppressed_document_page_caption,,,False,False,False,blocked,尚未通过P0-06人工批准,1.0,assets/template_words/商务补充文件.docx,(三)补充文件/12.其他/12.4.中国裁判文书网查询截图,fa9933f605bb1d1f8da26270a05b7eeda8be01560ee7bf85cdbcf59fa452f84e,
business-media-0335,business,media,323,new,未发现重复，仍需审核,河北泰昌电力器材科技有限公司,河北泰昌电力器材科技有限公司,mixed_historical_bid,qualification_library,资信库资料,enterprise_evidence,企业证明材料,[],泰昌企业资料,"[""商务标""]","[""补充文件/12.其他/12.4.中国裁判文书网查询截图""]",reference_layout_only,needs_review,internal,企业内部资料,review_only,仅限人工复核,needs_customer_confirmation,需要客户确认,泰昌企业证明材料历史候选第323页,泰昌商务补充文件,泰昌商务补充文件,企业证明材料,来源于泰昌商务补充文件，历史位置为“补充文件/12.其他/12.4.中国裁判文书网查询截图”。当前仅用于泰昌资料人工复核，未获准进入正式标书。,"[""泰昌"", ""企业证明材料"", ""历史标书候选"", ""商务标""]",suppressed_document_page_caption,,,True,False,False,blocked,尚未通过P0-06人工批准,0.45,assets/template_words/商务补充文件.docx,(三)补充文件/12.其他/12.4.中国裁判文书网查询截图,b84574ed438102c502c2e5f780c78db8cf71b3e37dcf19eada55eb9c947fb5a7,b84574ed438102c502c2e5f780c78db8cf71b3e37dcf19eada55eb9c947fb5a7
business-media-0336,business,media,323,new,未发现重复，仍需审核,河北泰昌电力器材科技有限公司,河北泰昌电力器材科技有限公司,mixed_historical_bid,qualification_library,资信库资料,enterprise_evidence,企业证明材料,[],泰昌企业资料,"[""商务标""]","[""补充文件/12.其他/12.4.中国裁判文书网查询截图""]",reference_layout_only,needs_review,internal,企业内部资料,review_only,仅限人工复核,needs_customer_confirmation,需要客户确认,泰昌企业证明材料历史候选第323页,泰昌商务补充文件,泰昌商务补充文件,企业证明材料,来源于泰昌商务补充文件，历史位置为“补充文件/12.其他/12.4.中国裁判文书网查询截图”。当前仅用于泰昌资料人工复核，未获准进入正式标书。,"[""泰昌"", ""企业证明材料"", ""历史标书候选"", ""商务标""]",suppressed_document_page_caption,,,True,False,False,blocked,尚未通过P0-06人工批准,0.45,assets/template_words/商务补充文件.docx,(三)补充文件/12.其他/12.4.中国裁判文书网查询截图,0d3729728a514f965ef671ad22f7928c028e3032155ec2ab0d2df1f7a54c875e,0d3729728a514f965ef671ad22f7928c028e3032155ec2ab0d2df1f7a54c875e
business-chapter-059,business,chapter,323,new,未发现重复，仍需审核,河北泰昌电力器材科技有限公司,河北泰昌电力器材科技有限公司,mixed_historical_bid,reference_template_library,历史参考资料,historical_structure_reference,历史目录结构参考,[],泰昌企业资料,"[""商务标""]","[""补充文件/12.其他/12.5.中国执行信息公开网查询截图""]",reference_layout_only,needs_review,internal,企业内部资料,review_only,仅限人工复核,not_asset_reference,非资产结构参考,泰昌商务标历史目录参考：补充文件/12.其他/12.5.中国执行信息公开网查询截图,泰昌商务补充文件,泰昌商务补充文件,历史目录结构参考,来源于泰昌商务补充文件，历史位置为“补充文件/12.其他/12.5.中国执行信息公开网查询截图”。当前仅用于泰昌资料人工复核，未获准进入正式标书。,"[""泰昌"", ""历史目录结构参考"", ""历史标书候选"", ""商务标""]",suppressed_document_page_caption,,,False,False,False,blocked,尚未通过P0-06人工批准,1.0,assets/template_words/商务补充文件.docx,(三)补充文件/12.其他/12.5.中国执行信息公开网查询截图,04bafb19a976700f2ac33daa0531674a0fde24e80b9b72ebadd134fe76bf0fcb,
business-media-0337,business,media,324,new,未发现重复，仍需审核,河北泰昌电力器材科技有限公司,河北泰昌电力器材科技有限公司,mixed_historical_bid,qualification_library,资信库资料,enterprise_evidence,企业证明材料,[],泰昌企业资料,"[""商务标""]","[""补充文件/12.其他/12.5.中国执行信息公开网查询截图""]",reference_layout_only,needs_review,internal,企业内部资料,review_only,仅限人工复核,needs_customer_confirmation,需要客户确认,泰昌企业证明材料历史候选第324页,泰昌商务补充文件,泰昌商务补充文件,企业证明材料,来源于泰昌商务补充文件，历史位置为“补充文件/12.其他/12.5.中国执行信息公开网查询截图”。当前仅用于泰昌资料人工复核，未获准进入正式标书。,"[""泰昌"", ""企业证明材料"", ""历史标书候选"", ""商务标""]",suppressed_document_page_caption,,,True,False,False,blocked,尚未通过P0-06人工批准,0.45,assets/template_words/商务补充文件.docx,(三)补充文件/12.其他/12.5.中国执行信息公开网查询截图,41e352174d36eaae72e996245bc9f46eb415da89c453d4cd8ba346378d4abbd3,41e352174d36eaae72e996245bc9f46eb415da89c453d4cd8ba346378d4abbd3
business-media-0338,business,media,324,new,未发现重复，仍需审核,河北泰昌电力器材科技有限公司,河北泰昌电力器材科技有限公司,mixed_historical_bid,qualification_library,资信库资料,enterprise_evidence,企业证明材料,[],泰昌企业资料,"[""商务标""]","[""补充文件/12.其他/12.5.中国执行信息公开网查询截图""]",reference_layout_only,needs_review,internal,企业内部资料,review_only,仅限人工复核,needs_customer_confirmation,需要客户确认,泰昌企业证明材料历史候选第324页,泰昌商务补充文件,泰昌商务补充文件,企业证明材料,来源于泰昌商务补充文件，历史位置为“补充文件/12.其他/12.5.中国执行信息公开网查询截图”。当前仅用于泰昌资料人工复核，未获准进入正式标书。,"[""泰昌"", ""企业证明材料"", ""历史标书候选"", ""商务标""]",suppressed_document_page_caption,,,True,False,False,blocked,尚未通过P0-06人工批准,0.45,assets/template_words/商务补充文件.docx,(三)补充文件/12.其他/12.5.中国执行信息公开网查询截图,297f4a024b03bce2e6538af56b13dcfe6c18253dac16326635551a233c38cc53,297f4a024b03bce2e6538af56b13dcfe6c18253dac16326635551a233c38cc53
business-chapter-060,business,chapter,324,new,未发现重复，仍需审核,河北泰昌电力器材科技有限公司,河北泰昌电力器材科技有限公司,mixed_historical_bid,reference_template_library,历史参考资料,historical_structure_reference,历史目录结构参考,[],泰昌企业资料,"[""商务标""]","[""补充文件/12.其他/12.6.一般纳税人查询截图""]",reference_layout_only,needs_review,internal,企业内部资料,review_only,仅限人工复核,not_asset_reference,非资产结构参考,泰昌商务标历史目录参考：补充文件/12.其他/12.6.一般纳税人查询截图,泰昌商务补充文件,泰昌商务补充文件,历史目录结构参考,来源于泰昌商务补充文件，历史位置为“补充文件/12.其他/12.6.一般纳税人查询截图”。当前仅用于泰昌资料人工复核，未获准进入正式标书。,"[""泰昌"", ""历史目录结构参考"", ""历史标书候选"", ""商务标""]",suppressed_document_page_caption,,,False,False,False,blocked,尚未通过P0-06人工批准,1.0,assets/template_words/商务补充文件.docx,(三)补充文件/12.其他/12.6.一般纳税人查询截图,d6f6a501c7c860ce45a8925b609e66d9e188afcffcc69be863caf02ecdbd77cb,
business-media-0339,business,media,325,new,未发现重复，仍需审核,河北泰昌电力器材科技有限公司,河北泰昌电力器材科技有限公司,mixed_historical_bid,qualification_library,资信库资料,finance,财务资料,[],泰昌企业资料,"[""商务标""]","[""补充文件/12.其他/12.6.一般纳税人查询截图""]",reference_layout_only,needs_review,internal,企业内部资料,review_only,仅限人工复核,needs_customer_confirmation,需要客户确认,泰昌财务资料历史候选第325页,泰昌商务补充文件,泰昌商务补充文件,财务资料,来源于泰昌商务补充文件，历史位置为“补充文件/12.其他/12.6.一般纳税人查询截图”。当前仅用于泰昌资料人工复核，未获准进入正式标书。,"[""泰昌"", ""财务资料"", ""历史标书候选"", ""商务标""]",suppressed_document_page_caption,,,True,False,False,blocked,尚未通过P0-06人工批准,0.9,assets/template_words/商务补充文件.docx,(三)补充文件/12.其他/12.6.一般纳税人查询截图,8eb61530c18d11fa15a2319e9da9a3497c13726c561732fe3b0c060147074d69,8eb61530c18d11fa15a2319e9da9a3497c13726c561732fe3b0c060147074d69
business-media-0340,business,media,325,new,未发现重复，仍需审核,河北泰昌电力器材科技有限公司,河北泰昌电力器材科技有限公司,mixed_historical_bid,qualification_library,资信库资料,finance,财务资料,[],泰昌企业资料,"[""商务标""]","[""补充文件/12.其他/12.6.一般纳税人查询截图""]",reference_layout_only,needs_review,internal,企业内部资料,review_only,仅限人工复核,needs_customer_confirmation,需要客户确认,泰昌财务资料历史候选第325页,泰昌商务补充文件,泰昌商务补充文件,财务资料,来源于泰昌商务补充文件，历史位置为“补充文件/12.其他/12.6.一般纳税人查询截图”。当前仅用于泰昌资料人工复核，未获准进入正式标书。,"[""泰昌"", ""财务资料"", ""历史标书候选"", ""商务标""]",suppressed_document_page_caption,,,True,False,False,blocked,尚未通过P0-06人工批准,0.9,assets/template_words/商务补充文件.docx,(三)补充文件/12.其他/12.6.一般纳税人查询截图,e2b35314ada5ca6665049aa59f06e50e4bd7ac62a96768f7429137db091d3110,e2b35314ada5ca6665049aa59f06e50e4bd7ac62a96768f7429137db091d3110
business-chapter-061,business,chapter,325,new,未发现重复，仍需审核,河北泰昌电力器材科技有限公司,河北泰昌电力器材科技有限公司,mixed_historical_bid,reference_template_library,历史参考资料,historical_structure_reference,历史目录结构参考,[],泰昌企业资料,"[""商务标""]","[""法定代表人（单位负责人）权委托书""]",tender_mandated,needs_review,restricted,受限资料,restricted,受限资料,not_asset_reference,非资产结构参考,泰昌商务标历史目录参考：法定代表人（单位负责人）权委托书,泰昌商务补充文件,泰昌商务补充文件,历史目录结构参考,来源于泰昌商务补充文件，历史位置为“法定代表人（单位负责人）权委托书”。当前仅用于泰昌资料人工复核，未获准进入正式标书。,"[""泰昌"", ""历史目录结构参考"", ""历史标书候选"", ""商务标""]",suppressed_document_page_caption,,,False,False,False,blocked,尚未通过P0-06人工批准,1.0,assets/template_words/商务补充文件.docx,（四）法定代表人（单位负责人）权委托书,c772be7967e01c546ff5623dc2feab21b5a2a52901fa8773bbc3b9d7f3a5cde2,
business-media-0341,business,media,325,new,未发现重复，仍需审核,河北泰昌电力器材科技有限公司,河北泰昌电力器材科技有限公司,mixed_historical_bid,qualification_library,资信库资料,authorization,授权文件,[],泰昌企业资料,"[""商务标""]","[""法定代表人（单位负责人）权委托书""]",tender_mandated,needs_review,restricted,受限资料,restricted,受限资料,needs_customer_confirmation,需要客户确认,泰昌授权文件历史候选第325页,泰昌商务补充文件,泰昌商务补充文件,授权文件,来源于泰昌商务补充文件，历史位置为“法定代表人（单位负责人）权委托书”。当前仅用于泰昌资料人工复核，未获准进入正式标书。,"[""泰昌"", ""授权文件"", ""历史标书候选"", ""商务标""]",suppressed_document_page_caption,,,True,False,False,blocked,尚未通过P0-06人工批准,0.9,assets/template_words/商务补充文件.docx,（四）法定代表人（单位负责人）权委托书,15595b8ff2874c78b0bab8cbfa0fb5c043a3a2ab761e5e07d9fb0367aee3914a,15595b8ff2874c78b0bab8cbfa0fb5c043a3a2ab761e5e07d9fb0367aee3914a
