candidate_id,bid_volume,record_type,chapter_id,chapter_level,chapter_number,title,form_name,source_file,source_section,source_page,source_page_end,origin_type,source_tender_file,source_clause,match_method,confidence,review_status,content_role,fact_kind,evidence_strength,parameter_value_type,applicable_product,applicable_material,report_or_certificate_no,validity_status,reuse_decision,quality_tier,allowed_for_bid,table_index,table_rows,table_columns,media_relationship_id,media_target,media_sha256,media_width,media_height,content_sha256,notes
business-fact-0001,business,fact_candidate,,,,历史项目招标编号 SL265A,,assets/template_words/商务补充文件.docx,未归入章节,1,1,uncertain,assets/template_words/包1_完整招标文件_92475576192439826/SL2655招标文件-预审.docx,,none,0.2,needs_manual_review,泰昌可复用企业事实,project_identifier,historical_document_text,not_a_parameter_value,[],"[""物资类通用""]",SL265A,project_conflict_check_required,project_specific_do_not_reuse,review_only,false,,,,,,,,,1da507cb8ca761d8e60d300c90d82705f6b7d5fdcecbced2456de38fa79e2b3c,项目专属字段；生成新标书时必须由本次招标文件覆盖
business-media-0001,business,media,,,,历史标书内嵌媒体,,assets/template_words/商务补充文件.docx,未归入章节,1,1,uncertain,assets/template_words/包1_完整招标文件_92475576192439826/SL2655招标文件-预审.docx,,none,0.2,needs_manual_review,泰昌可复用企业事实,,,,,"[""物资类通用""]",,needs_review,inventory_only_needs_original_evidence_or_manual_promotion,review_only,false,,,,rId9,word/media/image1.png,da2418eb84c5b466c62f92b2c08defbee1aa3eb16f09ef3d414132378b0987b2,173,90,da2418eb84c5b466c62f92b2c08defbee1aa3eb16f09ef3d414132378b0987b2,Word内嵌媒体未导出；不得直接提升为正式图片资产
business-chapter-001,business,chapter,business-chapter-001,1,（一）,（一）商务偏差表,（一）商务偏差表,assets/template_words/商务补充文件.docx,（一）商务偏差表,4,4,tender_mandated,assets/template_words/包1_完整招标文件_92475576192439826/SL2655招标文件-预审.docx,商务偏差表,normalized_exact,0.98,source_matched,项目专属响应/承诺/偏差,,,,,"[""物资类通用""]",,needs_review,historical_reference_skeleton_candidate,review_only,false,,,,,,,,,480cc2fc9f42798aa18e3276a743827cd6ac6dae39bee2e701d5f17cccdb7644,
business-chapter-002,business,chapter,business-chapter-002,2,1.,1.商务偏差表,1.商务偏差表,assets/template_words/商务补充文件.docx,（一）商务偏差表 / 1.商务偏差表,4,4,tender_mandated,assets/template_words/包1_完整招标文件_92475576192439826/SL2655招标文件-预审.docx,商务偏差表,normalized_exact,0.98,source_matched,项目专属响应/承诺/偏差,,,,,"[""物资类通用""]",,needs_review,historical_reference_skeleton_candidate,review_only,false,,,,,,,,,d8f19a7957937dcb1e8b59fca468cf96440d4a68851e5f0ecd9fe74c6b60078c,
business-fact-0002,business,fact_candidate,business-chapter-002,2,1.,历史项目招标编号 SL265,,assets/template_words/商务补充文件.docx,（一）商务偏差表 / 1.商务偏差表,4,4,tender_mandated,assets/template_words/包1_完整招标文件_92475576192439826/SL2655招标文件-预审.docx,商务偏差表,normalized_exact,0.98,source_matched,泰昌可复用企业事实,project_identifier,historical_document_text,not_a_parameter_value,"[""架空绝缘导线""]","[""架空绝缘导线""]",SL265,project_conflict_check_required,project_specific_do_not_reuse,review_only,false,,,,,,,,,738feab51fe7e166450efd6b11cc5871ec72e2ba8f1234721608c3582c2b4a70,项目专属字段；生成新标书时必须由本次招标文件覆盖
business-fact-0003,business,fact_candidate,business-chapter-002,2,1.,历史项目招标编号 SL265A,,assets/template_words/商务补充文件.docx,（一）商务偏差表 / 1.商务偏差表,4,4,tender_mandated,assets/template_words/包1_完整招标文件_92475576192439826/SL2655招标文件-预审.docx,商务偏差表,normalized_exact,0.98,source_matched,泰昌可复用企业事实,project_identifier,historical_document_text,not_a_parameter_value,"[""架空绝缘导线""]","[""架空绝缘导线""]",SL265A,project_conflict_check_required,project_specific_do_not_reuse,review_only,false,,,,,,,,,1da507cb8ca761d8e60d300c90d82705f6b7d5fdcecbced2456de38fa79e2b3c,项目专属字段；生成新标书时必须由本次招标文件覆盖
business-fact-0004,business,fact_candidate,business-chapter-002,2,1.,候选产品规格 200,,assets/template_words/商务补充文件.docx,（一）商务偏差表 / 1.商务偏差表,4,4,tender_mandated,assets/template_words/包1_完整招标文件_92475576192439826/SL2655招标文件-预审.docx,商务偏差表,normalized_exact,0.98,source_matched,产品事实与结构化参数,candidate_product_spec,historical_product_list_only,product_list_specification,"[""架空绝缘导线""]","[""架空绝缘导线""]",200,coverage_unconfirmed,verify_report_and_current_goods_list_coverage,review_only,false,,,,,,,,,1e0dbd60795ef883369a0e31cb3f16ad10beca7cfe04248e2b9c2bacdff0ddef,产品清单规格不等于该规格已有检验报告支持
business-table-001,business,table,business-chapter-002,2,1.,1.商务偏差表,1.商务偏差表,assets/template_words/商务补充文件.docx,（一）商务偏差表 / 1.商务偏差表,4,4,tender_mandated,assets/template_words/包1_完整招标文件_92475576192439826/SL2655招标文件-预审.docx,商务偏差表,normalized_exact,0.98,source_matched,项目专属响应/承诺/偏差,,,,,"[""物资类通用""]",,needs_review,preserve_structure_review_before_reuse,review_only,false,1,3,5,,,,,,cefbf75600552a5e86855f9a83fbc710ad53fd6fa2b24cd73b681b6e609ff052,首行：序号 | 招标文件条目号 | 招标文件条款 | 投标文件条款 | 偏差说明
business-chapter-003,business,chapter,business-chapter-003,1,（二）,（二）投标保证保险,（二）投标保证保险,assets/template_words/商务补充文件.docx,（二）投标保证保险,5,5,tender_conditional,assets/template_words/包1_完整招标文件_92475576192439826/SL2655招标文件-预审.docx,（二）投标保证保险（如有，则需上传。投标工具路径：商务文件-按钮“商务部分”-按钮“维护商务部分”-“商务部分（附加）”端口）（本批次不适用）,normalized_contains,0.87,source_matched,项目专属响应/承诺/偏差,,,,,"[""物资类通用""]",,needs_review,historical_reference_skeleton_candidate,review_only,false,,,,,,,,,6dd4111f8e50c39962ac1ae8be54be614b7f455226037459648e62808ee40b61,
business-chapter-004,business,chapter,business-chapter-004,1,(三),(三)补充文件,,assets/template_words/商务补充文件.docx,(三)补充文件,6,6,tender_mandated,assets/template_words/包1_完整招标文件_92475576192439826/SL2655招标文件-预审.docx,补充文件,normalized_exact,0.98,source_matched,泰昌可复用企业事实,,,,,"[""物资类通用""]",,needs_review,historical_reference_skeleton_candidate,review_only,false,,,,,,,,,d85095238fa9b3fe729c9342aee24f742af3912b7ca93af9081f14f57e7831a5,
business-chapter-005,business,chapter,business-chapter-005,2,1.,1. 投标保证金,,assets/template_words/商务补充文件.docx,(三)补充文件 / 1. 投标保证金,6,6,uncertain,assets/template_words/包1_完整招标文件_92475576192439826/SL2655招标文件-预审.docx,,none,0.35,needs_manual_review,项目专属响应/承诺/偏差,,,,,"[""物资类通用""]",,needs_review,manual_review_before_skeleton_reuse,review_only,false,,,,,,,,,d6a8a1164b26e21d7e5cacb23e438117f6e886686487c3f698dc6556ce6d906a,
business-chapter-006,business,chapter,business-chapter-006,2,2.,2.投标人情况,,assets/template_words/商务补充文件.docx,(三)补充文件 / 2.投标人情况,7,7,tender_mandated,assets/template_words/包1_完整招标文件_92475576192439826/SL2655招标文件-预审.docx,2.投标人情况,normalized_exact,0.98,source_matched,泰昌可复用企业事实,,,,,"[""物资类通用""]",,needs_review,historical_reference_skeleton_candidate,review_only,false,,,,,,,,,8ec7850adddb59b5e19715cdae5b440b1cdf1a90ba89c3294dcc7a5fb2e1b842,
business-chapter-007,business,chapter,business-chapter-007,3,2.1.,2.1.投标人与国家电网公司系统人员关系说明,2.1.投标人与国家电网公司系统人员关系说明,assets/template_words/商务补充文件.docx,(三)补充文件 / 2.投标人情况 / 2.1.投标人与国家电网公司系统人员关系说明,7,7,tender_mandated,assets/template_words/包1_完整招标文件_92475576192439826/SL2655招标文件-预审.docx,投标人与国家电网公司系统人员关系说明,normalized_exact,0.98,source_matched,泰昌可复用企业事实,,,,,"[""物资类通用""]",,needs_review,historical_reference_skeleton_candidate,review_only,false,,,,,,,,,74eec80372d344aa7ebb398c7c61809d5de126fb1d059e43b42073950bc023bb,
business-media-0002,business,media,business-chapter-007,3,2.1.,2.1.投标人与国家电网公司系统人员关系说明,,assets/template_words/商务补充文件.docx,(三)补充文件 / 2.投标人情况 / 2.1.投标人与国家电网公司系统人员关系说明,7,7,tender_mandated,assets/template_words/包1_完整招标文件_92475576192439826/SL2655招标文件-预审.docx,投标人与国家电网公司系统人员关系说明,normalized_exact,0.98,source_matched,泰昌可复用企业事实,,,,,"[""物资类通用""]",,needs_review,inventory_only_needs_original_evidence_or_manual_promotion,review_only,false,,,,rId10,word/media/image2.png,4c8dd0dc0bdac2ff1a4980e1eae6d53c5a1c5b65a2e79aa793d44c399d51cd47,339,346,4c8dd0dc0bdac2ff1a4980e1eae6d53c5a1c5b65a2e79aa793d44c399d51cd47,Word内嵌媒体未导出；不得直接提升为正式图片资产
business-chapter-008,business,chapter,business-chapter-008,3,2.2,2.2投标人基本情况表,2.2投标人基本情况表,assets/template_words/商务补充文件.docx,(三)补充文件 / 2.投标人情况 / 2.2投标人基本情况表,8,8,tender_mandated,assets/template_words/包1_完整招标文件_92475576192439826/SL2655招标文件-预审.docx,投标人基本情况表,normalized_exact,0.98,source_matched,泰昌可复用企业事实,,,,,"[""物资类通用""]",,needs_review,historical_reference_skeleton_candidate,review_only,false,,,,,,,,,950fcc75c3c909548dc166fa80942c31b92ac35fe3694acc599bccef4eed3306,
business-table-002,business,table,business-chapter-008,3,2.2,2.2投标人基本情况表,2.2投标人基本情况表,assets/template_words/商务补充文件.docx,(三)补充文件 / 2.投标人情况 / 2.2投标人基本情况表,9,9,tender_mandated,assets/template_words/包1_完整招标文件_92475576192439826/SL2655招标文件-预审.docx,投标人基本情况表,normalized_exact,0.98,source_matched,泰昌可复用企业事实,,,,,"[""物资类通用""]",,needs_review,preserve_structure_review_before_reuse,review_only,false,2,15,7,,,,,,db82ba277d45cb27e73fddf84512204de9c6b3d2048d875ef1236837d9fc5758,首行：投标 人名称 | 河北泰昌电力器材科技有限公司
business-table-003,business,table,business-chapter-008,3,2.2,2.2投标人基本情况表,2.2投标人基本情况表,assets/template_words/商务补充文件.docx,(三)补充文件 / 2.投标人情况 / 2.2投标人基本情况表,9,9,tender_mandated,assets/template_words/包1_完整招标文件_92475576192439826/SL2655招标文件-预审.docx,投标人基本情况表,normalized_exact,0.98,source_matched,泰昌可复用企业事实,,,,,"[""物资类通用""]",,needs_review,preserve_structure_review_before_reuse,review_only,false,3,3,3,,,,,,b42e37c4f9494ed28579b96d6e3e06ba12a2b4fd491eaea6bc71af87da292cfc,首行：股东或上级管理单位名称 | 出资金额 （万元） | 出资比例 （%）
business-chapter-009,business,chapter,business-chapter-009,3,附：,附：国家企业信用信息公示系统（http://www.gsxt.gov.cn）查询的股东（企业或自然人）名称及详细出资情况截图,,assets/template_words/商务补充文件.docx,(三)补充文件 / 2.投标人情况 / 附：国家企业信用信息公示系统（http://www.gsxt.gov.cn）查询的股东（企业或自然人）名称及详细出资情况截图,9,9,reference_layout_only,assets/template_words/包1_完整招标文件_92475576192439826/SL2655招标文件-预审.docx,,evidence_layout_heuristic,0.68,needs_manual_review,正式证据包候选,,,,,"[""物资类通用""]",,needs_review,manual_review_before_skeleton_reuse,review_only,false,,,,,,,,,ad4aa91741fb0aabfaa532dbf085054b1a151a361f3cc3a8ee899673b4906fc8,
business-media-0003,business,media,business-chapter-009,3,附：,附：国家企业信用信息公示系统（http://www.gsxt.gov.cn）查询的股东（企业或自然人）名称及详细出资情况截图,,assets/template_words/商务补充文件.docx,(三)补充文件 / 2.投标人情况 / 附：国家企业信用信息公示系统（http://www.gsxt.gov.cn）查询的股东（企业或自然人）名称及详细出资情况截图,9,9,reference_layout_only,assets/template_words/包1_完整招标文件_92475576192439826/SL2655招标文件-预审.docx,,evidence_layout_heuristic,0.68,needs_manual_review,正式证据包候选,,,,,"[""物资类通用""]",,needs_review,inventory_only_needs_original_evidence_or_manual_promotion,review_only,false,,,,rId11,word/media/image3.png,e392b4ea069af61a956088c2803512a2292873c1bb8a5b1b3d2d18a238a803f5,957,356,e392b4ea069af61a956088c2803512a2292873c1bb8a5b1b3d2d18a238a803f5,Word内嵌媒体未导出；不得直接提升为正式图片资产
business-chapter-010,business,chapter,business-chapter-010,3,附：,附：股权证明材料,,assets/template_words/商务补充文件.docx,(三)补充文件 / 2.投标人情况 / 附：股权证明材料,10,10,reference_layout_only,assets/template_words/包1_完整招标文件_92475576192439826/SL2655招标文件-预审.docx,,evidence_layout_heuristic,0.68,needs_manual_review,正式证据包候选,,,,,"[""物资类通用""]",,needs_review,manual_review_before_skeleton_reuse,review_only,false,,,,,,,,,943432bde11ac026ab2e118bbb5daa5c08df7b6278d5a13cad6e2d14fb513d96,
business-media-0004,business,media,business-chapter-010,3,附：,附：股权证明材料,,assets/template_words/商务补充文件.docx,(三)补充文件 / 2.投标人情况 / 附：股权证明材料,11,11,reference_layout_only,assets/template_words/包1_完整招标文件_92475576192439826/SL2655招标文件-预审.docx,,evidence_layout_heuristic,0.68,needs_manual_review,正式证据包候选,,,,,"[""物资类通用""]",,needs_review,inventory_only_needs_original_evidence_or_manual_promotion,review_only,false,,,,rId12,word/media/image4.jpeg,27b367b237548fc2949b487117355d11679012cda1505ea66f6124d9fe9db4c6,1269,1794,27b367b237548fc2949b487117355d11679012cda1505ea66f6124d9fe9db4c6,Word内嵌媒体未导出；不得直接提升为正式图片资产
business-chapter-011,business,chapter,business-chapter-011,2,3.,3.企业法人营业执照,,assets/template_words/商务补充文件.docx,(三)补充文件 / 3.企业法人营业执照,11,11,reference_layout_only,assets/template_words/包1_完整招标文件_92475576192439826/SL2655招标文件-预审.docx,,evidence_layout_heuristic,0.68,needs_manual_review,正式证据包候选,,,,,"[""物资类通用""]",,needs_review,manual_review_before_skeleton_reuse,review_only,false,,,,,,,,,244278e3ea04af6bc85b2a35d56843e690d1ceb58b96f4bed458fe0eda248ce5,
business-media-0005,business,media,business-chapter-011,2,3.,3.企业法人营业执照,,assets/template_words/商务补充文件.docx,(三)补充文件 / 3.企业法人营业执照,12,12,reference_layout_only,assets/template_words/包1_完整招标文件_92475576192439826/SL2655招标文件-预审.docx,,evidence_layout_heuristic,0.68,needs_manual_review,正式证据包候选,,,,,"[""物资类通用""]",,needs_review,inventory_only_needs_original_evidence_or_manual_promotion,review_only,false,,,,rId13,word/media/image5.jpeg,e0a3ad8d2724c820f73929c352cbd9bc06c46482a9b56ae808eebd41c2f3f0b5,1269,898,e0a3ad8d2724c820f73929c352cbd9bc06c46482a9b56ae808eebd41c2f3f0b5,Word内嵌媒体未导出；不得直接提升为正式图片资产
business-chapter-012,business,chapter,business-chapter-012,2,4.,4.有效的税务登记证明,,assets/template_words/商务补充文件.docx,(三)补充文件 / 4.有效的税务登记证明,12,12,tender_mandated,assets/template_words/包1_完整招标文件_92475576192439826/SL2655招标文件-预审.docx,有效的税务登记证明（扫描件）,normalized_contains,0.87,source_matched,泰昌可复用企业事实,,,,,"[""物资类通用""]",,needs_review,historical_reference_skeleton_candidate,review_only,false,,,,,,,,,240fa7c953713895d9d2fd40baa6cac5d8c9ba61aaa7eff5fb88bb48c1513d65,
business-media-0006,business,media,business-chapter-012,2,4.,4.有效的税务登记证明,,assets/template_words/商务补充文件.docx,(三)补充文件 / 4.有效的税务登记证明,13,13,tender_mandated,assets/template_words/包1_完整招标文件_92475576192439826/SL2655招标文件-预审.docx,有效的税务登记证明（扫描件）,normalized_contains,0.87,source_matched,泰昌可复用企业事实,,,,,"[""物资类通用""]",,needs_review,inventory_only_needs_original_evidence_or_manual_promotion,review_only,false,,,,rId13,word/media/image5.jpeg,e0a3ad8d2724c820f73929c352cbd9bc06c46482a9b56ae808eebd41c2f3f0b5,1269,898,e0a3ad8d2724c820f73929c352cbd9bc06c46482a9b56ae808eebd41c2f3f0b5,Word内嵌媒体未导出；不得直接提升为正式图片资产
business-chapter-013,business,chapter,business-chapter-013,2,5.,5. 符合招标文件投标人资格要求的证明文件,,assets/template_words/商务补充文件.docx,(三)补充文件 / 5. 符合招标文件投标人资格要求的证明文件,13,13,tender_mandated,assets/template_words/包1_完整招标文件_92475576192439826/SL2655招标文件-预审.docx,5.符合招标文件投标人资格要求的证明文件,normalized_exact,0.98,source_matched,招标原文/评分项引用,,,,,"[""物资类通用""]",,needs_review,historical_reference_skeleton_candidate,review_only,false,,,,,,,,,b6e783d6e876efbae32a141d39e1ed472f6b3fe0e99b3d16c1c8e0e018b61d7a,
business-chapter-014,business,chapter,business-chapter-014,3,5.1.,5.1.符合投标邀请书投标人资格要求的证明文件（更新或补充）,5.1.符合投标邀请书投标人资格要求的证明文件（更新或补充）,assets/template_words/商务补充文件.docx,(三)补充文件 / 5. 符合招标文件投标人资格要求的证明文件 / 5.1.符合投标邀请书投标人资格要求的证明文件（更新或补充）,13,13,tender_conditional,assets/template_words/包1_完整招标文件_92475576192439826/SL2655招标文件-预审.docx,5.1符合投标邀请书投标人资格要求的证明文件（更新或补充）,normalized_exact,0.98,source_matched,招标原文/评分项引用,,,,,"[""物资类通用""]",,needs_review,historical_reference_skeleton_candidate,review_only,false,,,,,,,,,0ade8edac657f7b097bc768839fcd2895dcab93fb1729a32bba236c2a2f41312,
business-chapter-015,business,chapter,business-chapter-015,4,5.1.1.,5.1.1.资格预审结果通知书,5.1.1.资格预审结果通知书,assets/template_words/商务补充文件.docx,(三)补充文件 / 5. 符合招标文件投标人资格要求的证明文件 / 5.1.符合投标邀请书投标人资格要求的证明文件（更新或补充） / 5.1.1.资格预审结果通知书,13,13,reference_layout_only,assets/template_words/包1_完整招标文件_92475576192439826/SL2655招标文件-预审.docx,,evidence_layout_heuristic,0.68,needs_manual_review,正式证据包候选,,,,,"[""物资类通用""]",,needs_review,manual_review_before_skeleton_reuse,review_only,false,,,,,,,,,8b5fa9894da55727632e60df28b011d2535d28ecb5a0483d2be147cfa130ec21,
business-media-0007,business,media,business-chapter-015,4,5.1.1.,5.1.1.资格预审结果通知书,,assets/template_words/商务补充文件.docx,(三)补充文件 / 5. 符合招标文件投标人资格要求的证明文件 / 5.1.符合投标邀请书投标人资格要求的证明文件（更新或补充） / 5.1.1.资格预审结果通知书,13,13,reference_layout_only,assets/template_words/包1_完整招标文件_92475576192439826/SL2655招标文件-预审.docx,,evidence_layout_heuristic,0.68,needs_manual_review,正式证据包候选,,,,,"[""物资类通用""]",,needs_review,inventory_only_needs_original_evidence_or_manual_promotion,review_only,false,,,,rId14,word/media/image6.jpeg,024217890bffe91af9a61079590d6b6538f9b6d5713a1c4c4744cc6eb1eeac24,1654,2339,024217890bffe91af9a61079590d6b6538f9b6d5713a1c4c4744cc6eb1eeac24,Word内嵌媒体未导出；不得直接提升为正式图片资产
business-chapter-016,business,chapter,business-chapter-016,4,5.1.2.,5.1.2.资质业绩凭证单,,assets/template_words/商务补充文件.docx,(三)补充文件 / 5. 符合招标文件投标人资格要求的证明文件 / 5.1.符合投标邀请书投标人资格要求的证明文件（更新或补充） / 5.1.2.资质业绩凭证单,14,14,tender_mandated,assets/template_words/包1_完整招标文件_92475576192439826/SL2655招标文件-预审.docx,资质业绩凭证单,normalized_exact,0.98,source_matched,正式证据包候选,,,,,"[""物资类通用""]",,needs_review,historical_reference_skeleton_candidate,review_only,false,,,,,,,,,5f0245dc46c9a8b1b10fc302dbf9a7579695f5bd555c3c7dee8ff7dba2650bad,
business-media-0008,business,media,business-chapter-016,4,5.1.2.,5.1.2.资质业绩凭证单,,assets/template_words/商务补充文件.docx,(三)补充文件 / 5. 符合招标文件投标人资格要求的证明文件 / 5.1.符合投标邀请书投标人资格要求的证明文件（更新或补充） / 5.1.2.资质业绩凭证单,15,15,tender_mandated,assets/template_words/包1_完整招标文件_92475576192439826/SL2655招标文件-预审.docx,资质业绩凭证单,normalized_exact,0.98,source_matched,正式证据包候选,,,,,"[""物资类通用""]",,needs_review,inventory_only_needs_original_evidence_or_manual_promotion,review_only,false,,,,rId15,word/media/image7.jpeg,6a61670906d9370c90bf69ecddf730ca9d45851420aca6cf024bedbf601168d1,1261,924,6a61670906d9370c90bf69ecddf730ca9d45851420aca6cf024bedbf601168d1,Word内嵌媒体未导出；不得直接提升为正式图片资产
business-chapter-017,business,chapter,business-chapter-017,3,5.2,5.2查询报告及截图,,assets/template_words/商务补充文件.docx,(三)补充文件 / 5. 符合招标文件投标人资格要求的证明文件 / 5.2查询报告及截图,15,15,tender_mandated,assets/template_words/包1_完整招标文件_92475576192439826/SL2655招标文件-预审.docx,查询报告及截图,normalized_exact,0.98,source_matched,正式证据包候选,,,,,"[""物资类通用""]",,needs_review,historical_reference_skeleton_candidate,review_only,false,,,,,,,,,d08ff5299c5c4f7e56d2459a13fbe60a7cec308e86d5415792c87d8079457251,
business-chapter-018,business,chapter,business-chapter-018,4,5.2.1.,5.2.1.国家企业信用信息公示系统查询结果,,assets/template_words/商务补充文件.docx,(三)补充文件 / 5. 符合招标文件投标人资格要求的证明文件 / 5.2查询报告及截图 / 5.2.1.国家企业信用信息公示系统查询结果,15,15,uncertain,assets/template_words/包1_完整招标文件_92475576192439826/SL2655招标文件-预审.docx,,none,0.35,needs_manual_review,泰昌可复用企业事实,,,,,"[""物资类通用""]",,needs_review,manual_review_before_skeleton_reuse,review_only,false,,,,,,,,,146c6c2502eea9b904bb4cb1f6eafef3eafa4e688ea3b45a557f73b4c5e4721e,
business-chapter-019,business,chapter,business-chapter-019,5,（1）,（1）营业执照信息查询截图,,assets/template_words/商务补充文件.docx,(三)补充文件 / 5. 符合招标文件投标人资格要求的证明文件 / 5.2查询报告及截图 / 5.2.1.国家企业信用信息公示系统查询结果 / （1）营业执照信息查询截图,15,15,reference_layout_only,assets/template_words/包1_完整招标文件_92475576192439826/SL2655招标文件-预审.docx,,evidence_layout_heuristic,0.68,needs_manual_review,正式证据包候选,,,,,"[""物资类通用""]",,needs_review,manual_review_before_skeleton_reuse,review_only,false,,,,,,,,,4e4f962174720a34e96176b580fb60998543753138cd008a7f9ce43af11e24bc,
business-media-0009,business,media,business-chapter-019,5,（1）,（1）营业执照信息查询截图,,assets/template_words/商务补充文件.docx,(三)补充文件 / 5. 符合招标文件投标人资格要求的证明文件 / 5.2查询报告及截图 / 5.2.1.国家企业信用信息公示系统查询结果 / （1）营业执照信息查询截图,15,15,reference_layout_only,assets/template_words/包1_完整招标文件_92475576192439826/SL2655招标文件-预审.docx,,evidence_layout_heuristic,0.68,needs_manual_review,正式证据包候选,,,,,"[""物资类通用""]",,needs_review,inventory_only_needs_original_evidence_or_manual_promotion,review_only,false,,,,rId16,word/media/image8.png,0cd0b60034d10b7ce5a5507bc5953349d6a3176b49a76e3951dccaaa67becc60,1132,924,0cd0b60034d10b7ce5a5507bc5953349d6a3176b49a76e3951dccaaa67becc60,Word内嵌媒体未导出；不得直接提升为正式图片资产
business-chapter-020,business,chapter,business-chapter-020,5,（2）,（2）清算信息查询截图,,assets/template_words/商务补充文件.docx,(三)补充文件 / 5. 符合招标文件投标人资格要求的证明文件 / 5.2查询报告及截图 / 5.2.1.国家企业信用信息公示系统查询结果 / （2）清算信息查询截图,15,15,reference_layout_only,assets/template_words/包1_完整招标文件_92475576192439826/SL2655招标文件-预审.docx,,evidence_layout_heuristic,0.68,needs_manual_review,正式证据包候选,,,,,"[""物资类通用""]",,needs_review,manual_review_before_skeleton_reuse,review_only,false,,,,,,,,,e34083eb668aae8d9e6b1184050c347eab6b9bb2b3cb563c354496443573a9d8,
business-media-0010,business,media,business-chapter-020,5,（2）,（2）清算信息查询截图,,assets/template_words/商务补充文件.docx,(三)补充文件 / 5. 符合招标文件投标人资格要求的证明文件 / 5.2查询报告及截图 / 5.2.1.国家企业信用信息公示系统查询结果 / （2）清算信息查询截图,15,15,reference_layout_only,assets/template_words/包1_完整招标文件_92475576192439826/SL2655招标文件-预审.docx,,evidence_layout_heuristic,0.68,needs_manual_review,正式证据包候选,,,,,"[""物资类通用""]",,needs_review,inventory_only_needs_original_evidence_or_manual_promotion,review_only,false,,,,rId17,word/media/image9.png,60aef5ff73ee0ab53d8aa93d543dfe9ecdfa82e2c7cdf58ff0f48d8fe61a8e22,608,85,60aef5ff73ee0ab53d8aa93d543dfe9ecdfa82e2c7cdf58ff0f48d8fe61a8e22,Word内嵌媒体未导出；不得直接提升为正式图片资产
business-chapter-021,business,chapter,business-chapter-021,5,（3）,（3）行政处罚信息查询截图,,assets/template_words/商务补充文件.docx,(三)补充文件 / 5. 符合招标文件投标人资格要求的证明文件 / 5.2查询报告及截图 / 5.2.1.国家企业信用信息公示系统查询结果 / （3）行政处罚信息查询截图,16,16,reference_layout_only,assets/template_words/包1_完整招标文件_92475576192439826/SL2655招标文件-预审.docx,,evidence_layout_heuristic,0.68,needs_manual_review,正式证据包候选,,,,,"[""物资类通用""]",,needs_review,manual_review_before_skeleton_reuse,review_only,false,,,,,,,,,91c3a9484c82f05d024590c7d41a7477c2265d7d81cf2ed1c1fcfce2d4e9bb11,
business-media-0011,business,media,business-chapter-021,5,（3）,（3）行政处罚信息查询截图,,assets/template_words/商务补充文件.docx,(三)补充文件 / 5. 符合招标文件投标人资格要求的证明文件 / 5.2查询报告及截图 / 5.2.1.国家企业信用信息公示系统查询结果 / （3）行政处罚信息查询截图,17,17,reference_layout_only,assets/template_words/包1_完整招标文件_92475576192439826/SL2655招标文件-预审.docx,,evidence_layout_heuristic,0.68,needs_manual_review,正式证据包候选,,,,,"[""物资类通用""]",,needs_review,inventory_only_needs_original_evidence_or_manual_promotion,review_only,false,,,,rId18,word/media/image10.png,e027fba8f8f16581c0135615a1a51390cbcd55baec3d547cb93d4eeb928a745f,1098,676,e027fba8f8f16581c0135615a1a51390cbcd55baec3d547cb93d4eeb928a745f,Word内嵌媒体未导出；不得直接提升为正式图片资产
business-chapter-022,business,chapter,business-chapter-022,5,（4）,（4）纳入经营异常名录信息查询截图,,assets/template_words/商务补充文件.docx,(三)补充文件 / 5. 符合招标文件投标人资格要求的证明文件 / 5.2查询报告及截图 / 5.2.1.国家企业信用信息公示系统查询结果 / （4）纳入经营异常名录信息查询截图,16,16,reference_layout_only,assets/template_words/包1_完整招标文件_92475576192439826/SL2655招标文件-预审.docx,,evidence_layout_heuristic,0.68,needs_manual_review,正式证据包候选,,,,,"[""物资类通用""]",,needs_review,manual_review_before_skeleton_reuse,review_only,false,,,,,,,,,5de3ecb9659e6d7053d7ea01d030030d785a27d293257f902650e7b463219b20,
business-media-0012,business,media,business-chapter-022,5,（4）,（4）纳入经营异常名录信息查询截图,,assets/template_words/商务补充文件.docx,(三)补充文件 / 5. 符合招标文件投标人资格要求的证明文件 / 5.2查询报告及截图 / 5.2.1.国家企业信用信息公示系统查询结果 / （4）纳入经营异常名录信息查询截图,16,16,reference_layout_only,assets/template_words/包1_完整招标文件_92475576192439826/SL2655招标文件-预审.docx,,evidence_layout_heuristic,0.68,needs_manual_review,正式证据包候选,,,,,"[""物资类通用""]",,needs_review,inventory_only_needs_original_evidence_or_manual_promotion,review_only,false,,,,rId19,word/media/image11.png,f5ca248d5140064fe1eba652f1a8a8af2f8cdc7bd7dc95d32027e84d7050e9cc,1206,742,f5ca248d5140064fe1eba652f1a8a8af2f8cdc7bd7dc95d32027e84d7050e9cc,Word内嵌媒体未导出；不得直接提升为正式图片资产
business-chapter-023,business,chapter,business-chapter-023,5,（5）,（5）纳入严重违反失信企业名单（黑名单）信息查询截图,,assets/template_words/商务补充文件.docx,(三)补充文件 / 5. 符合招标文件投标人资格要求的证明文件 / 5.2查询报告及截图 / 5.2.1.国家企业信用信息公示系统查询结果 / （5）纳入严重违反失信企业名单（黑名单）信息查询截图,17,17,reference_layout_only,assets/template_words/包1_完整招标文件_92475576192439826/SL2655招标文件-预审.docx,,evidence_layout_heuristic,0.68,needs_manual_review,正式证据包候选,,,,,"[""物资类通用""]",,needs_review,manual_review_before_skeleton_reuse,review_only,false,,,,,,,,,74cec53fdf92f2755b5f6fcc42c27ec1f0d7d95428d211490ab4e213c29bc41d,
business-media-0013,business,media,business-chapter-023,5,（5）,（5）纳入严重违反失信企业名单（黑名单）信息查询截图,,assets/template_words/商务补充文件.docx,(三)补充文件 / 5. 符合招标文件投标人资格要求的证明文件 / 5.2查询报告及截图 / 5.2.1.国家企业信用信息公示系统查询结果 / （5）纳入严重违反失信企业名单（黑名单）信息查询截图,18,18,reference_layout_only,assets/template_words/包1_完整招标文件_92475576192439826/SL2655招标文件-预审.docx,,evidence_layout_heuristic,0.68,needs_manual_review,正式证据包候选,,,,,"[""物资类通用""]",,needs_review,inventory_only_needs_original_evidence_or_manual_promotion,review_only,false,,,,rId20,word/media/image12.png,354c64b4357a21482463e76f5a616e2843a121ae10ae4298c4490befbb1e19e3,1173,736,354c64b4357a21482463e76f5a616e2843a121ae10ae4298c4490befbb1e19e3,Word内嵌媒体未导出；不得直接提升为正式图片资产
business-chapter-024,business,chapter,business-chapter-024,5,（6）,（6）股东及出资信息查询截图,,assets/template_words/商务补充文件.docx,(三)补充文件 / 5. 符合招标文件投标人资格要求的证明文件 / 5.2查询报告及截图 / 5.2.1.国家企业信用信息公示系统查询结果 / （6）股东及出资信息查询截图,18,18,reference_layout_only,assets/template_words/包1_完整招标文件_92475576192439826/SL2655招标文件-预审.docx,,evidence_layout_heuristic,0.68,needs_manual_review,正式证据包候选,,,,,"[""物资类通用""]",,needs_review,manual_review_before_skeleton_reuse,review_only,false,,,,,,,,,9632f64b78fe2c185f435fda4cfe3729be3bb82cb273349acc52c015bbfa7e70,
business-media-0014,business,media,business-chapter-024,5,（6）,（6）股东及出资信息查询截图,,assets/template_words/商务补充文件.docx,(三)补充文件 / 5. 符合招标文件投标人资格要求的证明文件 / 5.2查询报告及截图 / 5.2.1.国家企业信用信息公示系统查询结果 / （6）股东及出资信息查询截图,19,19,reference_layout_only,assets/template_words/包1_完整招标文件_92475576192439826/SL2655招标文件-预审.docx,,evidence_layout_heuristic,0.68,needs_manual_review,正式证据包候选,,,,,"[""物资类通用""]",,needs_review,inventory_only_needs_original_evidence_or_manual_promotion,review_only,false,,,,rId21,word/media/image13.png,895fb6bc11a294f4011761285004609400c1b582807b46edad3daddc0d9cee8c,612,172,895fb6bc11a294f4011761285004609400c1b582807b46edad3daddc0d9cee8c,Word内嵌媒体未导出；不得直接提升为正式图片资产
business-media-0015,business,media,business-chapter-024,5,（6）,（6）股东及出资信息查询截图,,assets/template_words/商务补充文件.docx,(三)补充文件 / 5. 符合招标文件投标人资格要求的证明文件 / 5.2查询报告及截图 / 5.2.1.国家企业信用信息公示系统查询结果 / （6）股东及出资信息查询截图,19,19,reference_layout_only,assets/template_words/包1_完整招标文件_92475576192439826/SL2655招标文件-预审.docx,,evidence_layout_heuristic,0.68,needs_manual_review,正式证据包候选,,,,,"[""物资类通用""]",,needs_review,inventory_only_needs_original_evidence_or_manual_promotion,review_only,false,,,,rId22,word/media/image14.png,e52f2066d22a628bfbd8be188512a43f5790fdb40422e194fd620d90699352ed,1134,621,e52f2066d22a628bfbd8be188512a43f5790fdb40422e194fd620d90699352ed,Word内嵌媒体未导出；不得直接提升为正式图片资产
business-media-0016,business,media,business-chapter-024,5,（6）,（6）股东及出资信息查询截图,,assets/template_words/商务补充文件.docx,(三)补充文件 / 5. 符合招标文件投标人资格要求的证明文件 / 5.2查询报告及截图 / 5.2.1.国家企业信用信息公示系统查询结果 / （6）股东及出资信息查询截图,19,19,reference_layout_only,assets/template_words/包1_完整招标文件_92475576192439826/SL2655招标文件-预审.docx,,evidence_layout_heuristic,0.68,needs_manual_review,正式证据包候选,,,,,"[""物资类通用""]",,needs_review,inventory_only_needs_original_evidence_or_manual_promotion,review_only,false,,,,rId23,word/media/image15.png,23ed77d5a17474c3b69c7c73e4ce99319d2c6c85cac90914d844c6b96541f331,1083,582,23ed77d5a17474c3b69c7c73e4ce99319d2c6c85cac90914d844c6b96541f331,Word内嵌媒体未导出；不得直接提升为正式图片资产
business-chapter-025,business,chapter,business-chapter-025,5,（7）,（7）国家企业信用信息公示系统查询截图,,assets/template_words/商务补充文件.docx,(三)补充文件 / 5. 符合招标文件投标人资格要求的证明文件 / 5.2查询报告及截图 / 5.2.1.国家企业信用信息公示系统查询结果 / （7）国家企业信用信息公示系统查询截图,19,55,reference_layout_only,assets/template_words/包1_完整招标文件_92475576192439826/SL2655招标文件-预审.docx,,evidence_layout_heuristic,0.68,needs_manual_review,正式证据包候选,,,,,"[""物资类通用""]",,needs_review,manual_review_before_skeleton_reuse,review_only,false,,,,,,,,,6fd84d953e9ddd03b27560dcc73686fe84be1281a21ea8da67791b191c26dfd8,
business-media-0017,business,media,business-chapter-025,5,（7）,（7）国家企业信用信息公示系统查询截图,,assets/template_words/商务补充文件.docx,(三)补充文件 / 5. 符合招标文件投标人资格要求的证明文件 / 5.2查询报告及截图 / 5.2.1.国家企业信用信息公示系统查询结果 / （7）国家企业信用信息公示系统查询截图,20,20,reference_layout_only,assets/template_words/包1_完整招标文件_92475576192439826/SL2655招标文件-预审.docx,,evidence_layout_heuristic,0.68,needs_manual_review,正式证据包候选,,,,,"[""物资类通用""]",,needs_review,inventory_only_needs_original_evidence_or_manual_promotion,review_only,false,,,,rId24,word/media/image16.jpg,3be56f99f8eaffcf58057a120166ae497577aa3a9c6fc8c626fb2255a9dac2e6,816,891,3be56f99f8eaffcf58057a120166ae497577aa3a9c6fc8c626fb2255a9dac2e6,Word内嵌媒体未导出；不得直接提升为正式图片资产
business-media-0018,business,media,business-chapter-025,5,（7）,（7）国家企业信用信息公示系统查询截图,,assets/template_words/商务补充文件.docx,(三)补充文件 / 5. 符合招标文件投标人资格要求的证明文件 / 5.2查询报告及截图 / 5.2.1.国家企业信用信息公示系统查询结果 / （7）国家企业信用信息公示系统查询截图,20,20,reference_layout_only,assets/template_words/包1_完整招标文件_92475576192439826/SL2655招标文件-预审.docx,,evidence_layout_heuristic,0.68,needs_manual_review,正式证据包候选,,,,,"[""物资类通用""]",,needs_review,inventory_only_needs_original_evidence_or_manual_promotion,review_only,false,,,,rId25,word/media/image17.jpg,f0cc2d8225a2ed233543e0541586ed0155bc80a0a534a40b1a190814fd6fd2cd,1394,2024,f0cc2d8225a2ed233543e0541586ed0155bc80a0a534a40b1a190814fd6fd2cd,Word内嵌媒体未导出；不得直接提升为正式图片资产
business-media-0019,business,media,business-chapter-025,5,（7）,（7）国家企业信用信息公示系统查询截图,,assets/template_words/商务补充文件.docx,(三)补充文件 / 5. 符合招标文件投标人资格要求的证明文件 / 5.2查询报告及截图 / 5.2.1.国家企业信用信息公示系统查询结果 / （7）国家企业信用信息公示系统查询截图,20,20,reference_layout_only,assets/template_words/包1_完整招标文件_92475576192439826/SL2655招标文件-预审.docx,,evidence_layout_heuristic,0.68,needs_manual_review,正式证据包候选,,,,,"[""物资类通用""]",,needs_review,inventory_only_needs_original_evidence_or_manual_promotion,review_only,false,,,,rId26,word/media/image18.jpg,29bd13281b87c68ffe8d69a12cbeeafc0c99abf8dd4b047eefd0c06557d901d3,1394,2024,29bd13281b87c68ffe8d69a12cbeeafc0c99abf8dd4b047eefd0c06557d901d3,Word内嵌媒体未导出；不得直接提升为正式图片资产
business-media-0020,business,media,business-chapter-025,5,（7）,（7）国家企业信用信息公示系统查询截图,,assets/template_words/商务补充文件.docx,(三)补充文件 / 5. 符合招标文件投标人资格要求的证明文件 / 5.2查询报告及截图 / 5.2.1.国家企业信用信息公示系统查询结果 / （7）国家企业信用信息公示系统查询截图,20,20,reference_layout_only,assets/template_words/包1_完整招标文件_92475576192439826/SL2655招标文件-预审.docx,,evidence_layout_heuristic,0.68,needs_manual_review,正式证据包候选,,,,,"[""物资类通用""]",,needs_review,inventory_only_needs_original_evidence_or_manual_promotion,review_only,false,,,,rId27,word/media/image19.jpg,6cce7a534f5adde0b286c976ad1fc3244ad71346839bb2cff498ad0529e3a5ae,1394,2024,6cce7a534f5adde0b286c976ad1fc3244ad71346839bb2cff498ad0529e3a5ae,Word内嵌媒体未导出；不得直接提升为正式图片资产
business-media-0021,business,media,business-chapter-025,5,（7）,（7）国家企业信用信息公示系统查询截图,,assets/template_words/商务补充文件.docx,(三)补充文件 / 5. 符合招标文件投标人资格要求的证明文件 / 5.2查询报告及截图 / 5.2.1.国家企业信用信息公示系统查询结果 / （7）国家企业信用信息公示系统查询截图,20,20,reference_layout_only,assets/template_words/包1_完整招标文件_92475576192439826/SL2655招标文件-预审.docx,,evidence_layout_heuristic,0.68,needs_manual_review,正式证据包候选,,,,,"[""物资类通用""]",,needs_review,inventory_only_needs_original_evidence_or_manual_promotion,review_only,false,,,,rId28,word/media/image20.jpg,07038e453dfc10b2b091cc1767a0df2feb7e38827c7fd53c3be4b59edb0661b3,1394,2024,07038e453dfc10b2b091cc1767a0df2feb7e38827c7fd53c3be4b59edb0661b3,Word内嵌媒体未导出；不得直接提升为正式图片资产
business-media-0022,business,media,business-chapter-025,5,（7）,（7）国家企业信用信息公示系统查询截图,,assets/template_words/商务补充文件.docx,(三)补充文件 / 5. 符合招标文件投标人资格要求的证明文件 / 5.2查询报告及截图 / 5.2.1.国家企业信用信息公示系统查询结果 / （7）国家企业信用信息公示系统查询截图,20,20,reference_layout_only,assets/template_words/包1_完整招标文件_92475576192439826/SL2655招标文件-预审.docx,,evidence_layout_heuristic,0.68,needs_manual_review,正式证据包候选,,,,,"[""物资类通用""]",,needs_review,inventory_only_needs_original_evidence_or_manual_promotion,review_only,false,,,,rId29,word/media/image21.jpg,c004c0c154d57516f1ac3627704680b7ac871e2ae93e8db0b70098d8b6b44477,1394,2024,c004c0c154d57516f1ac3627704680b7ac871e2ae93e8db0b70098d8b6b44477,Word内嵌媒体未导出；不得直接提升为正式图片资产
business-media-0023,business,media,business-chapter-025,5,（7）,（7）国家企业信用信息公示系统查询截图,,assets/template_words/商务补充文件.docx,(三)补充文件 / 5. 符合招标文件投标人资格要求的证明文件 / 5.2查询报告及截图 / 5.2.1.国家企业信用信息公示系统查询结果 / （7）国家企业信用信息公示系统查询截图,20,20,reference_layout_only,assets/template_words/包1_完整招标文件_92475576192439826/SL2655招标文件-预审.docx,,evidence_layout_heuristic,0.68,needs_manual_review,正式证据包候选,,,,,"[""物资类通用""]",,needs_review,inventory_only_needs_original_evidence_or_manual_promotion,review_only,false,,,,rId30,word/media/image22.jpg,862533b4e41735c9a9987b8931c4d50e307700164e6330c12c964034352422ef,1394,2024,862533b4e41735c9a9987b8931c4d50e307700164e6330c12c964034352422ef,Word内嵌媒体未导出；不得直接提升为正式图片资产
business-media-0024,business,media,business-chapter-025,5,（7）,（7）国家企业信用信息公示系统查询截图,,assets/template_words/商务补充文件.docx,(三)补充文件 / 5. 符合招标文件投标人资格要求的证明文件 / 5.2查询报告及截图 / 5.2.1.国家企业信用信息公示系统查询结果 / （7）国家企业信用信息公示系统查询截图,20,20,reference_layout_only,assets/template_words/包1_完整招标文件_92475576192439826/SL2655招标文件-预审.docx,,evidence_layout_heuristic,0.68,needs_manual_review,正式证据包候选,,,,,"[""物资类通用""]",,needs_review,inventory_only_needs_original_evidence_or_manual_promotion,review_only,false,,,,rId31,word/media/image23.jpg,79f7564f1713c6c9adfab22a10ed243ceffb160518c02f041e545385e994282d,1394,2024,79f7564f1713c6c9adfab22a10ed243ceffb160518c02f041e545385e994282d,Word内嵌媒体未导出；不得直接提升为正式图片资产
business-media-0025,business,media,business-chapter-025,5,（7）,（7）国家企业信用信息公示系统查询截图,,assets/template_words/商务补充文件.docx,(三)补充文件 / 5. 符合招标文件投标人资格要求的证明文件 / 5.2查询报告及截图 / 5.2.1.国家企业信用信息公示系统查询结果 / （7）国家企业信用信息公示系统查询截图,20,20,reference_layout_only,assets/template_words/包1_完整招标文件_92475576192439826/SL2655招标文件-预审.docx,,evidence_layout_heuristic,0.68,needs_manual_review,正式证据包候选,,,,,"[""物资类通用""]",,needs_review,inventory_only_needs_original_evidence_or_manual_promotion,review_only,false,,,,rId32,word/media/image24.jpg,8103b162b7b50ed92acd7da4e5bae5fa31e6251e00db06ba985248d227a00e83,1394,2024,8103b162b7b50ed92acd7da4e5bae5fa31e6251e00db06ba985248d227a00e83,Word内嵌媒体未导出；不得直接提升为正式图片资产
business-media-0026,business,media,business-chapter-025,5,（7）,（7）国家企业信用信息公示系统查询截图,,assets/template_words/商务补充文件.docx,(三)补充文件 / 5. 符合招标文件投标人资格要求的证明文件 / 5.2查询报告及截图 / 5.2.1.国家企业信用信息公示系统查询结果 / （7）国家企业信用信息公示系统查询截图,20,20,reference_layout_only,assets/template_words/包1_完整招标文件_92475576192439826/SL2655招标文件-预审.docx,,evidence_layout_heuristic,0.68,needs_manual_review,正式证据包候选,,,,,"[""物资类通用""]",,needs_review,inventory_only_needs_original_evidence_or_manual_promotion,review_only,false,,,,rId33,word/media/image25.jpg,90e7c3ece03236eefba740c2514346c8cd6f36f6036b00b9d72414cabab98efd,1394,2024,90e7c3ece03236eefba740c2514346c8cd6f36f6036b00b9d72414cabab98efd,Word内嵌媒体未导出；不得直接提升为正式图片资产
business-media-0027,business,media,business-chapter-025,5,（7）,（7）国家企业信用信息公示系统查询截图,,assets/template_words/商务补充文件.docx,(三)补充文件 / 5. 符合招标文件投标人资格要求的证明文件 / 5.2查询报告及截图 / 5.2.1.国家企业信用信息公示系统查询结果 / （7）国家企业信用信息公示系统查询截图,20,20,reference_layout_only,assets/template_words/包1_完整招标文件_92475576192439826/SL2655招标文件-预审.docx,,evidence_layout_heuristic,0.68,needs_manual_review,正式证据包候选,,,,,"[""物资类通用""]",,needs_review,inventory_only_needs_original_evidence_or_manual_promotion,review_only,false,,,,rId34,word/media/image26.jpg,938c42e1f38734d0bef40466eecff6b0eb72a50d2e16b13647da165922564d22,1394,2024,938c42e1f38734d0bef40466eecff6b0eb72a50d2e16b13647da165922564d22,Word内嵌媒体未导出；不得直接提升为正式图片资产
business-media-0028,business,media,business-chapter-025,5,（7）,（7）国家企业信用信息公示系统查询截图,,assets/template_words/商务补充文件.docx,(三)补充文件 / 5. 符合招标文件投标人资格要求的证明文件 / 5.2查询报告及截图 / 5.2.1.国家企业信用信息公示系统查询结果 / （7）国家企业信用信息公示系统查询截图,20,20,reference_layout_only,assets/template_words/包1_完整招标文件_92475576192439826/SL2655招标文件-预审.docx,,evidence_layout_heuristic,0.68,needs_manual_review,正式证据包候选,,,,,"[""物资类通用""]",,needs_review,inventory_only_needs_original_evidence_or_manual_promotion,review_only,false,,,,rId35,word/media/image27.jpg,b734e5ee2440479d5c9f47ac55bfafa008a9b9f17fa538194b6e1b0eff9e42c7,1394,2024,b734e5ee2440479d5c9f47ac55bfafa008a9b9f17fa538194b6e1b0eff9e42c7,Word内嵌媒体未导出；不得直接提升为正式图片资产
business-media-0029,business,media,business-chapter-025,5,（7）,（7）国家企业信用信息公示系统查询截图,,assets/template_words/商务补充文件.docx,(三)补充文件 / 5. 符合招标文件投标人资格要求的证明文件 / 5.2查询报告及截图 / 5.2.1.国家企业信用信息公示系统查询结果 / （7）国家企业信用信息公示系统查询截图,20,20,reference_layout_only,assets/template_words/包1_完整招标文件_92475576192439826/SL2655招标文件-预审.docx,,evidence_layout_heuristic,0.68,needs_manual_review,正式证据包候选,,,,,"[""物资类通用""]",,needs_review,inventory_only_needs_original_evidence_or_manual_promotion,review_only,false,,,,rId36,word/media/image28.jpg,ccaac18ee92c6c2b7ac4de9947a7b9ec2dd37372cbab906a7949ae2e6efabf7c,1394,2024,ccaac18ee92c6c2b7ac4de9947a7b9ec2dd37372cbab906a7949ae2e6efabf7c,Word内嵌媒体未导出；不得直接提升为正式图片资产
business-media-0030,business,media,business-chapter-025,5,（7）,（7）国家企业信用信息公示系统查询截图,,assets/template_words/商务补充文件.docx,(三)补充文件 / 5. 符合招标文件投标人资格要求的证明文件 / 5.2查询报告及截图 / 5.2.1.国家企业信用信息公示系统查询结果 / （7）国家企业信用信息公示系统查询截图,20,20,reference_layout_only,assets/template_words/包1_完整招标文件_92475576192439826/SL2655招标文件-预审.docx,,evidence_layout_heuristic,0.68,needs_manual_review,正式证据包候选,,,,,"[""物资类通用""]",,needs_review,inventory_only_needs_original_evidence_or_manual_promotion,review_only,false,,,,rId37,word/media/image29.jpg,7819c22c50813c23d2d8ee1104bb0ea9a90b46e4ea05574daf96540658eaa96a,1394,2024,7819c22c50813c23d2d8ee1104bb0ea9a90b46e4ea05574daf96540658eaa96a,Word内嵌媒体未导出；不得直接提升为正式图片资产
business-media-0031,business,media,business-chapter-025,5,（7）,（7）国家企业信用信息公示系统查询截图,,assets/template_words/商务补充文件.docx,(三)补充文件 / 5. 符合招标文件投标人资格要求的证明文件 / 5.2查询报告及截图 / 5.2.1.国家企业信用信息公示系统查询结果 / （7）国家企业信用信息公示系统查询截图,20,20,reference_layout_only,assets/template_words/包1_完整招标文件_92475576192439826/SL2655招标文件-预审.docx,,evidence_layout_heuristic,0.68,needs_manual_review,正式证据包候选,,,,,"[""物资类通用""]",,needs_review,inventory_only_needs_original_evidence_or_manual_promotion,review_only,false,,,,rId38,word/media/image30.jpg,b7614e94f9f8afd126fc3b09d31cf33d566d735ceea205089c9b2228da775d8d,1394,2024,b7614e94f9f8afd126fc3b09d31cf33d566d735ceea205089c9b2228da775d8d,Word内嵌媒体未导出；不得直接提升为正式图片资产
business-media-0032,business,media,business-chapter-025,5,（7）,（7）国家企业信用信息公示系统查询截图,,assets/template_words/商务补充文件.docx,(三)补充文件 / 5. 符合招标文件投标人资格要求的证明文件 / 5.2查询报告及截图 / 5.2.1.国家企业信用信息公示系统查询结果 / （7）国家企业信用信息公示系统查询截图,20,20,reference_layout_only,assets/template_words/包1_完整招标文件_92475576192439826/SL2655招标文件-预审.docx,,evidence_layout_heuristic,0.68,needs_manual_review,正式证据包候选,,,,,"[""物资类通用""]",,needs_review,inventory_only_needs_original_evidence_or_manual_promotion,review_only,false,,,,rId39,word/media/image31.jpg,d2ec425c41a9314d40acb17eac904ea0a77a6348ce707de530b0456a5d9c894d,1394,2024,d2ec425c41a9314d40acb17eac904ea0a77a6348ce707de530b0456a5d9c894d,Word内嵌媒体未导出；不得直接提升为正式图片资产
business-media-0033,business,media,business-chapter-025,5,（7）,（7）国家企业信用信息公示系统查询截图,,assets/template_words/商务补充文件.docx,(三)补充文件 / 5. 符合招标文件投标人资格要求的证明文件 / 5.2查询报告及截图 / 5.2.1.国家企业信用信息公示系统查询结果 / （7）国家企业信用信息公示系统查询截图,20,20,reference_layout_only,assets/template_words/包1_完整招标文件_92475576192439826/SL2655招标文件-预审.docx,,evidence_layout_heuristic,0.68,needs_manual_review,正式证据包候选,,,,,"[""物资类通用""]",,needs_review,inventory_only_needs_original_evidence_or_manual_promotion,review_only,false,,,,rId40,word/media/image32.jpg,276b69609e2224b8945d40f9e5f437d5867c47efc0287050a70f57c75e76280d,1394,2024,276b69609e2224b8945d40f9e5f437d5867c47efc0287050a70f57c75e76280d,Word内嵌媒体未导出；不得直接提升为正式图片资产
business-media-0034,business,media,business-chapter-025,5,（7）,（7）国家企业信用信息公示系统查询截图,,assets/template_words/商务补充文件.docx,(三)补充文件 / 5. 符合招标文件投标人资格要求的证明文件 / 5.2查询报告及截图 / 5.2.1.国家企业信用信息公示系统查询结果 / （7）国家企业信用信息公示系统查询截图,20,20,reference_layout_only,assets/template_words/包1_完整招标文件_92475576192439826/SL2655招标文件-预审.docx,,evidence_layout_heuristic,0.68,needs_manual_review,正式证据包候选,,,,,"[""物资类通用""]",,needs_review,inventory_only_needs_original_evidence_or_manual_promotion,review_only,false,,,,rId41,word/media/image33.jpg,5d76fe49ae437e1f20cc703b5d990cffe66ef1730a60798347cfc8aac5df3973,1394,2024,5d76fe49ae437e1f20cc703b5d990cffe66ef1730a60798347cfc8aac5df3973,Word内嵌媒体未导出；不得直接提升为正式图片资产
business-media-0035,business,media,business-chapter-025,5,（7）,（7）国家企业信用信息公示系统查询截图,,assets/template_words/商务补充文件.docx,(三)补充文件 / 5. 符合招标文件投标人资格要求的证明文件 / 5.2查询报告及截图 / 5.2.1.国家企业信用信息公示系统查询结果 / （7）国家企业信用信息公示系统查询截图,20,20,reference_layout_only,assets/template_words/包1_完整招标文件_92475576192439826/SL2655招标文件-预审.docx,,evidence_layout_heuristic,0.68,needs_manual_review,正式证据包候选,,,,,"[""物资类通用""]",,needs_review,inventory_only_needs_original_evidence_or_manual_promotion,review_only,false,,,,rId42,word/media/image34.jpg,3da42751effa9d9c08bfdc140032ce8d8ba72f96411e56fffa8575550d6fe0c8,1394,2024,3da42751effa9d9c08bfdc140032ce8d8ba72f96411e56fffa8575550d6fe0c8,Word内嵌媒体未导出；不得直接提升为正式图片资产
business-media-0036,business,media,business-chapter-025,5,（7）,（7）国家企业信用信息公示系统查询截图,,assets/template_words/商务补充文件.docx,(三)补充文件 / 5. 符合招标文件投标人资格要求的证明文件 / 5.2查询报告及截图 / 5.2.1.国家企业信用信息公示系统查询结果 / （7）国家企业信用信息公示系统查询截图,20,20,reference_layout_only,assets/template_words/包1_完整招标文件_92475576192439826/SL2655招标文件-预审.docx,,evidence_layout_heuristic,0.68,needs_manual_review,正式证据包候选,,,,,"[""物资类通用""]",,needs_review,inventory_only_needs_original_evidence_or_manual_promotion,review_only,false,,,,rId43,word/media/image35.jpg,1c67c6849478398e9bb9e39d853feca5586c5f7ae11e688f8b941499677ab2fe,1394,2024,1c67c6849478398e9bb9e39d853feca5586c5f7ae11e688f8b941499677ab2fe,Word内嵌媒体未导出；不得直接提升为正式图片资产
business-media-0037,business,media,business-chapter-025,5,（7）,（7）国家企业信用信息公示系统查询截图,,assets/template_words/商务补充文件.docx,(三)补充文件 / 5. 符合招标文件投标人资格要求的证明文件 / 5.2查询报告及截图 / 5.2.1.国家企业信用信息公示系统查询结果 / （7）国家企业信用信息公示系统查询截图,20,20,reference_layout_only,assets/template_words/包1_完整招标文件_92475576192439826/SL2655招标文件-预审.docx,,evidence_layout_heuristic,0.68,needs_manual_review,正式证据包候选,,,,,"[""物资类通用""]",,needs_review,inventory_only_needs_original_evidence_or_manual_promotion,review_only,false,,,,rId44,word/media/image36.jpg,733fd1f46083892a1dcc6580ae13e00c45e4127615db8149719410eaadb3535d,1394,2024,733fd1f46083892a1dcc6580ae13e00c45e4127615db8149719410eaadb3535d,Word内嵌媒体未导出；不得直接提升为正式图片资产
business-media-0038,business,media,business-chapter-025,5,（7）,（7）国家企业信用信息公示系统查询截图,,assets/template_words/商务补充文件.docx,(三)补充文件 / 5. 符合招标文件投标人资格要求的证明文件 / 5.2查询报告及截图 / 5.2.1.国家企业信用信息公示系统查询结果 / （7）国家企业信用信息公示系统查询截图,20,20,reference_layout_only,assets/template_words/包1_完整招标文件_92475576192439826/SL2655招标文件-预审.docx,,evidence_layout_heuristic,0.68,needs_manual_review,正式证据包候选,,,,,"[""物资类通用""]",,needs_review,inventory_only_needs_original_evidence_or_manual_promotion,review_only,false,,,,rId45,word/media/image37.jpg,fc75b73fe74b87176b9aa86fbebc52d1ad470a38d73cfef47a9f2be46bb5edc5,1394,2024,fc75b73fe74b87176b9aa86fbebc52d1ad470a38d73cfef47a9f2be46bb5edc5,Word内嵌媒体未导出；不得直接提升为正式图片资产
business-media-0039,business,media,business-chapter-025,5,（7）,（7）国家企业信用信息公示系统查询截图,,assets/template_words/商务补充文件.docx,(三)补充文件 / 5. 符合招标文件投标人资格要求的证明文件 / 5.2查询报告及截图 / 5.2.1.国家企业信用信息公示系统查询结果 / （7）国家企业信用信息公示系统查询截图,20,20,reference_layout_only,assets/template_words/包1_完整招标文件_92475576192439826/SL2655招标文件-预审.docx,,evidence_layout_heuristic,0.68,needs_manual_review,正式证据包候选,,,,,"[""物资类通用""]",,needs_review,inventory_only_needs_original_evidence_or_manual_promotion,review_only,false,,,,rId46,word/media/image38.jpg,25878a1df871873689d2ce7b3d8ae025b60beeaf4ae7fc7c7638190bc68c7593,1394,2024,25878a1df871873689d2ce7b3d8ae025b60beeaf4ae7fc7c7638190bc68c7593,Word内嵌媒体未导出；不得直接提升为正式图片资产
business-media-0040,business,media,business-chapter-025,5,（7）,（7）国家企业信用信息公示系统查询截图,,assets/template_words/商务补充文件.docx,(三)补充文件 / 5. 符合招标文件投标人资格要求的证明文件 / 5.2查询报告及截图 / 5.2.1.国家企业信用信息公示系统查询结果 / （7）国家企业信用信息公示系统查询截图,20,20,reference_layout_only,assets/template_words/包1_完整招标文件_92475576192439826/SL2655招标文件-预审.docx,,evidence_layout_heuristic,0.68,needs_manual_review,正式证据包候选,,,,,"[""物资类通用""]",,needs_review,inventory_only_needs_original_evidence_or_manual_promotion,review_only,false,,,,rId47,word/media/image39.jpg,1407a490167ed37647844fd68f9c9950f47c8ba963e567e8028c2763245c8e70,1394,2024,1407a490167ed37647844fd68f9c9950f47c8ba963e567e8028c2763245c8e70,Word内嵌媒体未导出；不得直接提升为正式图片资产
business-media-0041,business,media,business-chapter-025,5,（7）,（7）国家企业信用信息公示系统查询截图,,assets/template_words/商务补充文件.docx,(三)补充文件 / 5. 符合招标文件投标人资格要求的证明文件 / 5.2查询报告及截图 / 5.2.1.国家企业信用信息公示系统查询结果 / （7）国家企业信用信息公示系统查询截图,20,20,reference_layout_only,assets/template_words/包1_完整招标文件_92475576192439826/SL2655招标文件-预审.docx,,evidence_layout_heuristic,0.68,needs_manual_review,正式证据包候选,,,,,"[""物资类通用""]",,needs_review,inventory_only_needs_original_evidence_or_manual_promotion,review_only,false,,,,rId48,word/media/image40.jpg,2e147a29772973926b0dfd5a365a1bb599ca0f0252b319c73f5078966a166146,1394,2024,2e147a29772973926b0dfd5a365a1bb599ca0f0252b319c73f5078966a166146,Word内嵌媒体未导出；不得直接提升为正式图片资产
business-media-0042,business,media,business-chapter-025,5,（7）,（7）国家企业信用信息公示系统查询截图,,assets/template_words/商务补充文件.docx,(三)补充文件 / 5. 符合招标文件投标人资格要求的证明文件 / 5.2查询报告及截图 / 5.2.1.国家企业信用信息公示系统查询结果 / （7）国家企业信用信息公示系统查询截图,20,20,reference_layout_only,assets/template_words/包1_完整招标文件_92475576192439826/SL2655招标文件-预审.docx,,evidence_layout_heuristic,0.68,needs_manual_review,正式证据包候选,,,,,"[""物资类通用""]",,needs_review,inventory_only_needs_original_evidence_or_manual_promotion,review_only,false,,,,rId49,word/media/image41.jpg,762587b9416fa3f6514e734472a023e84529830f5d003159c835654d36fb4031,1394,2024,762587b9416fa3f6514e734472a023e84529830f5d003159c835654d36fb4031,Word内嵌媒体未导出；不得直接提升为正式图片资产
business-media-0043,business,media,business-chapter-025,5,（7）,（7）国家企业信用信息公示系统查询截图,,assets/template_words/商务补充文件.docx,(三)补充文件 / 5. 符合招标文件投标人资格要求的证明文件 / 5.2查询报告及截图 / 5.2.1.国家企业信用信息公示系统查询结果 / （7）国家企业信用信息公示系统查询截图,20,20,reference_layout_only,assets/template_words/包1_完整招标文件_92475576192439826/SL2655招标文件-预审.docx,,evidence_layout_heuristic,0.68,needs_manual_review,正式证据包候选,,,,,"[""物资类通用""]",,needs_review,inventory_only_needs_original_evidence_or_manual_promotion,review_only,false,,,,rId50,word/media/image42.jpg,d1863474c9d78ec3073e4aef107bf1be5fad8b93604cad70d5ec6e126405956a,1394,2024,d1863474c9d78ec3073e4aef107bf1be5fad8b93604cad70d5ec6e126405956a,Word内嵌媒体未导出；不得直接提升为正式图片资产
business-media-0044,business,media,business-chapter-025,5,（7）,（7）国家企业信用信息公示系统查询截图,,assets/template_words/商务补充文件.docx,(三)补充文件 / 5. 符合招标文件投标人资格要求的证明文件 / 5.2查询报告及截图 / 5.2.1.国家企业信用信息公示系统查询结果 / （7）国家企业信用信息公示系统查询截图,20,20,reference_layout_only,assets/template_words/包1_完整招标文件_92475576192439826/SL2655招标文件-预审.docx,,evidence_layout_heuristic,0.68,needs_manual_review,正式证据包候选,,,,,"[""物资类通用""]",,needs_review,inventory_only_needs_original_evidence_or_manual_promotion,review_only,false,,,,rId51,word/media/image43.jpg,6b0ec51859995ced006e155ba9519ed947aa8ed76aa14d3f8ab0e6044297569c,1394,2024,6b0ec51859995ced006e155ba9519ed947aa8ed76aa14d3f8ab0e6044297569c,Word内嵌媒体未导出；不得直接提升为正式图片资产
business-media-0045,business,media,business-chapter-025,5,（7）,（7）国家企业信用信息公示系统查询截图,,assets/template_words/商务补充文件.docx,(三)补充文件 / 5. 符合招标文件投标人资格要求的证明文件 / 5.2查询报告及截图 / 5.2.1.国家企业信用信息公示系统查询结果 / （7）国家企业信用信息公示系统查询截图,20,20,reference_layout_only,assets/template_words/包1_完整招标文件_92475576192439826/SL2655招标文件-预审.docx,,evidence_layout_heuristic,0.68,needs_manual_review,正式证据包候选,,,,,"[""物资类通用""]",,needs_review,inventory_only_needs_original_evidence_or_manual_promotion,review_only,false,,,,rId52,word/media/image44.jpg,aa93e7c2acc11d35f4813bf2e87c966c41565d9d15d9a498ced30360903df80b,1394,2024,aa93e7c2acc11d35f4813bf2e87c966c41565d9d15d9a498ced30360903df80b,Word内嵌媒体未导出；不得直接提升为正式图片资产
business-media-0046,business,media,business-chapter-025,5,（7）,（7）国家企业信用信息公示系统查询截图,,assets/template_words/商务补充文件.docx,(三)补充文件 / 5. 符合招标文件投标人资格要求的证明文件 / 5.2查询报告及截图 / 5.2.1.国家企业信用信息公示系统查询结果 / （7）国家企业信用信息公示系统查询截图,20,20,reference_layout_only,assets/template_words/包1_完整招标文件_92475576192439826/SL2655招标文件-预审.docx,,evidence_layout_heuristic,0.68,needs_manual_review,正式证据包候选,,,,,"[""物资类通用""]",,needs_review,inventory_only_needs_original_evidence_or_manual_promotion,review_only,false,,,,rId53,word/media/image45.jpg,de0bed79e919de35e1c9fafc9cd21f6ccd67f4959a84c21319336316deb274a3,1394,2024,de0bed79e919de35e1c9fafc9cd21f6ccd67f4959a84c21319336316deb274a3,Word内嵌媒体未导出；不得直接提升为正式图片资产
business-media-0047,business,media,business-chapter-025,5,（7）,（7）国家企业信用信息公示系统查询截图,,assets/template_words/商务补充文件.docx,(三)补充文件 / 5. 符合招标文件投标人资格要求的证明文件 / 5.2查询报告及截图 / 5.2.1.国家企业信用信息公示系统查询结果 / （7）国家企业信用信息公示系统查询截图,20,20,reference_layout_only,assets/template_words/包1_完整招标文件_92475576192439826/SL2655招标文件-预审.docx,,evidence_layout_heuristic,0.68,needs_manual_review,正式证据包候选,,,,,"[""物资类通用""]",,needs_review,inventory_only_needs_original_evidence_or_manual_promotion,review_only,false,,,,rId54,word/media/image46.jpg,db890694adec2bef56cf0d1a50763fac813ab7f5bd2c4831eebe005a4ba0525b,1394,2024,db890694adec2bef56cf0d1a50763fac813ab7f5bd2c4831eebe005a4ba0525b,Word内嵌媒体未导出；不得直接提升为正式图片资产
business-media-0048,business,media,business-chapter-025,5,（7）,（7）国家企业信用信息公示系统查询截图,,assets/template_words/商务补充文件.docx,(三)补充文件 / 5. 符合招标文件投标人资格要求的证明文件 / 5.2查询报告及截图 / 5.2.1.国家企业信用信息公示系统查询结果 / （7）国家企业信用信息公示系统查询截图,20,20,reference_layout_only,assets/template_words/包1_完整招标文件_92475576192439826/SL2655招标文件-预审.docx,,evidence_layout_heuristic,0.68,needs_manual_review,正式证据包候选,,,,,"[""物资类通用""]",,needs_review,inventory_only_needs_original_evidence_or_manual_promotion,review_only,false,,,,rId55,word/media/image47.jpg,3bb05837dbb6f95249deb4602375185705d080305623f4de31b675113cf098f3,1394,2024,3bb05837dbb6f95249deb4602375185705d080305623f4de31b675113cf098f3,Word内嵌媒体未导出；不得直接提升为正式图片资产
business-media-0049,business,media,business-chapter-025,5,（7）,（7）国家企业信用信息公示系统查询截图,,assets/template_words/商务补充文件.docx,(三)补充文件 / 5. 符合招标文件投标人资格要求的证明文件 / 5.2查询报告及截图 / 5.2.1.国家企业信用信息公示系统查询结果 / （7）国家企业信用信息公示系统查询截图,20,20,reference_layout_only,assets/template_words/包1_完整招标文件_92475576192439826/SL2655招标文件-预审.docx,,evidence_layout_heuristic,0.68,needs_manual_review,正式证据包候选,,,,,"[""物资类通用""]",,needs_review,inventory_only_needs_original_evidence_or_manual_promotion,review_only,false,,,,rId56,word/media/image48.jpg,a40ca74d0d9d70f112309b301b7e2903335af99d4552b51f982e9f399b3bc85a,1394,2024,a40ca74d0d9d70f112309b301b7e2903335af99d4552b51f982e9f399b3bc85a,Word内嵌媒体未导出；不得直接提升为正式图片资产
business-media-0050,business,media,business-chapter-025,5,（7）,（7）国家企业信用信息公示系统查询截图,,assets/template_words/商务补充文件.docx,(三)补充文件 / 5. 符合招标文件投标人资格要求的证明文件 / 5.2查询报告及截图 / 5.2.1.国家企业信用信息公示系统查询结果 / （7）国家企业信用信息公示系统查询截图,20,20,reference_layout_only,assets/template_words/包1_完整招标文件_92475576192439826/SL2655招标文件-预审.docx,,evidence_layout_heuristic,0.68,needs_manual_review,正式证据包候选,,,,,"[""物资类通用""]",,needs_review,inventory_only_needs_original_evidence_or_manual_promotion,review_only,false,,,,rId57,word/media/image49.jpg,cac7d1aa201e7d30c2a5f1098f62be0668f10c80e4fa574158937373c7e88f58,1394,2024,cac7d1aa201e7d30c2a5f1098f62be0668f10c80e4fa574158937373c7e88f58,Word内嵌媒体未导出；不得直接提升为正式图片资产
business-media-0051,business,media,business-chapter-025,5,（7）,（7）国家企业信用信息公示系统查询截图,,assets/template_words/商务补充文件.docx,(三)补充文件 / 5. 符合招标文件投标人资格要求的证明文件 / 5.2查询报告及截图 / 5.2.1.国家企业信用信息公示系统查询结果 / （7）国家企业信用信息公示系统查询截图,20,20,reference_layout_only,assets/template_words/包1_完整招标文件_92475576192439826/SL2655招标文件-预审.docx,,evidence_layout_heuristic,0.68,needs_manual_review,正式证据包候选,,,,,"[""物资类通用""]",,needs_review,inventory_only_needs_original_evidence_or_manual_promotion,review_only,false,,,,rId58,word/media/image50.jpg,d7a1e93abb144ffa264120bdb7de8309cd87025739b28caa0063feccadcf0ca6,1394,2024,d7a1e93abb144ffa264120bdb7de8309cd87025739b28caa0063feccadcf0ca6,Word内嵌媒体未导出；不得直接提升为正式图片资产
business-media-0052,business,media,business-chapter-025,5,（7）,（7）国家企业信用信息公示系统查询截图,,assets/template_words/商务补充文件.docx,(三)补充文件 / 5. 符合招标文件投标人资格要求的证明文件 / 5.2查询报告及截图 / 5.2.1.国家企业信用信息公示系统查询结果 / （7）国家企业信用信息公示系统查询截图,20,20,reference_layout_only,assets/template_words/包1_完整招标文件_92475576192439826/SL2655招标文件-预审.docx,,evidence_layout_heuristic,0.68,needs_manual_review,正式证据包候选,,,,,"[""物资类通用""]",,needs_review,inventory_only_needs_original_evidence_or_manual_promotion,review_only,false,,,,rId59,word/media/image51.jpg,d068fd718dfc6b154741e2f4a08b699832826eb02b4cb62d15b175672e3fcab8,1394,2024,d068fd718dfc6b154741e2f4a08b699832826eb02b4cb62d15b175672e3fcab8,Word内嵌媒体未导出；不得直接提升为正式图片资产
business-media-0053,business,media,business-chapter-025,5,（7）,（7）国家企业信用信息公示系统查询截图,,assets/template_words/商务补充文件.docx,(三)补充文件 / 5. 符合招标文件投标人资格要求的证明文件 / 5.2查询报告及截图 / 5.2.1.国家企业信用信息公示系统查询结果 / （7）国家企业信用信息公示系统查询截图,20,20,reference_layout_only,assets/template_words/包1_完整招标文件_92475576192439826/SL2655招标文件-预审.docx,,evidence_layout_heuristic,0.68,needs_manual_review,正式证据包候选,,,,,"[""物资类通用""]",,needs_review,inventory_only_needs_original_evidence_or_manual_promotion,review_only,false,,,,rId60,word/media/image52.jpg,d3f899fb6093512dcfde9205ad3acf525bad5a763f59b32406dc3de982e91b6b,1394,2024,d3f899fb6093512dcfde9205ad3acf525bad5a763f59b32406dc3de982e91b6b,Word内嵌媒体未导出；不得直接提升为正式图片资产
business-chapter-026,business,chapter,business-chapter-026,4,5.2.2.,5.2.2.信用中国”（www.creditchina.gov.cn）中的查询结果,,assets/template_words/商务补充文件.docx,(三)补充文件 / 5. 符合招标文件投标人资格要求的证明文件 / 5.2查询报告及截图 / 5.2.2.信用中国”（www.creditchina.gov.cn）中的查询结果,56,62,uncertain,assets/template_words/包1_完整招标文件_92475576192439826/SL2655招标文件-预审.docx,,none,0.35,needs_manual_review,泰昌可复用企业事实,,,,,"[""物资类通用""]",,needs_review,manual_review_before_skeleton_reuse,review_only,false,,,,,,,,,ada3dbdafe31c86bf5a11992df1cb06ecc4ee480e439d7860ba43b5d71d043ad,
business-media-0054,business,media,business-chapter-026,4,5.2.2.,5.2.2.信用中国”（www.creditchina.gov.cn）中的查询结果,,assets/template_words/商务补充文件.docx,(三)补充文件 / 5. 符合招标文件投标人资格要求的证明文件 / 5.2查询报告及截图 / 5.2.2.信用中国”（www.creditchina.gov.cn）中的查询结果,57,57,uncertain,assets/template_words/包1_完整招标文件_92475576192439826/SL2655招标文件-预审.docx,,none,0.35,needs_manual_review,泰昌可复用企业事实,,,,,"[""物资类通用""]",,needs_review,inventory_only_needs_original_evidence_or_manual_promotion,review_only,false,,,,rId61,word/media/image53.png,39c850079ff42241b22c3a728f7e9687ec702ca266827db03f0e4061554b6718,620,875,39c850079ff42241b22c3a728f7e9687ec702ca266827db03f0e4061554b6718,Word内嵌媒体未导出；不得直接提升为正式图片资产
business-media-0055,business,media,business-chapter-026,4,5.2.2.,5.2.2.信用中国”（www.creditchina.gov.cn）中的查询结果,,assets/template_words/商务补充文件.docx,(三)补充文件 / 5. 符合招标文件投标人资格要求的证明文件 / 5.2查询报告及截图 / 5.2.2.信用中国”（www.creditchina.gov.cn）中的查询结果,57,57,uncertain,assets/template_words/包1_完整招标文件_92475576192439826/SL2655招标文件-预审.docx,,none,0.35,needs_manual_review,泰昌可复用企业事实,,,,,"[""物资类通用""]",,needs_review,inventory_only_needs_original_evidence_or_manual_promotion,review_only,false,,,,rId62,word/media/image54.png,2d290d5e4e2517313c89eb770713cdd51363c143e3c97066d57f58e430b2ac97,619,879,2d290d5e4e2517313c89eb770713cdd51363c143e3c97066d57f58e430b2ac97,Word内嵌媒体未导出；不得直接提升为正式图片资产
business-media-0056,business,media,business-chapter-026,4,5.2.2.,5.2.2.信用中国”（www.creditchina.gov.cn）中的查询结果,,assets/template_words/商务补充文件.docx,(三)补充文件 / 5. 符合招标文件投标人资格要求的证明文件 / 5.2查询报告及截图 / 5.2.2.信用中国”（www.creditchina.gov.cn）中的查询结果,57,57,uncertain,assets/template_words/包1_完整招标文件_92475576192439826/SL2655招标文件-预审.docx,,none,0.35,needs_manual_review,泰昌可复用企业事实,,,,,"[""物资类通用""]",,needs_review,inventory_only_needs_original_evidence_or_manual_promotion,review_only,false,,,,rId63,word/media/image55.png,431a4b2c1ac6afc0eee696e32fc9241bfc6919972e3832169b3dc2b44498a6b2,623,880,431a4b2c1ac6afc0eee696e32fc9241bfc6919972e3832169b3dc2b44498a6b2,Word内嵌媒体未导出；不得直接提升为正式图片资产
business-media-0057,business,media,business-chapter-026,4,5.2.2.,5.2.2.信用中国”（www.creditchina.gov.cn）中的查询结果,,assets/template_words/商务补充文件.docx,(三)补充文件 / 5. 符合招标文件投标人资格要求的证明文件 / 5.2查询报告及截图 / 5.2.2.信用中国”（www.creditchina.gov.cn）中的查询结果,57,57,uncertain,assets/template_words/包1_完整招标文件_92475576192439826/SL2655招标文件-预审.docx,,none,0.35,needs_manual_review,泰昌可复用企业事实,,,,,"[""物资类通用""]",,needs_review,inventory_only_needs_original_evidence_or_manual_promotion,review_only,false,,,,rId64,word/media/image56.png,ebff0b63d6055e468fdf3a012356e72c4eebbaf30f7d85c7d01985fed648279b,625,879,ebff0b63d6055e468fdf3a012356e72c4eebbaf30f7d85c7d01985fed648279b,Word内嵌媒体未导出；不得直接提升为正式图片资产
business-media-0058,business,media,business-chapter-026,4,5.2.2.,5.2.2.信用中国”（www.creditchina.gov.cn）中的查询结果,,assets/template_words/商务补充文件.docx,(三)补充文件 / 5. 符合招标文件投标人资格要求的证明文件 / 5.2查询报告及截图 / 5.2.2.信用中国”（www.creditchina.gov.cn）中的查询结果,57,57,uncertain,assets/template_words/包1_完整招标文件_92475576192439826/SL2655招标文件-预审.docx,,none,0.35,needs_manual_review,泰昌可复用企业事实,,,,,"[""物资类通用""]",,needs_review,inventory_only_needs_original_evidence_or_manual_promotion,review_only,false,,,,rId65,word/media/image57.png,98c2da32ec6b19b940f810b81999a1308be45f140adc4b170bc94624c52e8636,617,885,98c2da32ec6b19b940f810b81999a1308be45f140adc4b170bc94624c52e8636,Word内嵌媒体未导出；不得直接提升为正式图片资产
business-media-0059,business,media,business-chapter-026,4,5.2.2.,5.2.2.信用中国”（www.creditchina.gov.cn）中的查询结果,,assets/template_words/商务补充文件.docx,(三)补充文件 / 5. 符合招标文件投标人资格要求的证明文件 / 5.2查询报告及截图 / 5.2.2.信用中国”（www.creditchina.gov.cn）中的查询结果,57,57,uncertain,assets/template_words/包1_完整招标文件_92475576192439826/SL2655招标文件-预审.docx,,none,0.35,needs_manual_review,泰昌可复用企业事实,,,,,"[""物资类通用""]",,needs_review,inventory_only_needs_original_evidence_or_manual_promotion,review_only,false,,,,rId66,word/media/image58.png,99bc84e786a34966dc48740144264b96216ef2a2eae1ba85e9bbc7e0176581da,627,881,99bc84e786a34966dc48740144264b96216ef2a2eae1ba85e9bbc7e0176581da,Word内嵌媒体未导出；不得直接提升为正式图片资产
business-media-0060,business,media,business-chapter-026,4,5.2.2.,5.2.2.信用中国”（www.creditchina.gov.cn）中的查询结果,,assets/template_words/商务补充文件.docx,(三)补充文件 / 5. 符合招标文件投标人资格要求的证明文件 / 5.2查询报告及截图 / 5.2.2.信用中国”（www.creditchina.gov.cn）中的查询结果,57,57,uncertain,assets/template_words/包1_完整招标文件_92475576192439826/SL2655招标文件-预审.docx,,none,0.35,needs_manual_review,泰昌可复用企业事实,,,,,"[""物资类通用""]",,needs_review,inventory_only_needs_original_evidence_or_manual_promotion,review_only,false,,,,rId67,word/media/image59.png,f219fce04bd549fb6cc1f92912cc8b79cee45a3b43080db72fa5988cb849a9bc,621,879,f219fce04bd549fb6cc1f92912cc8b79cee45a3b43080db72fa5988cb849a9bc,Word内嵌媒体未导出；不得直接提升为正式图片资产
business-chapter-027,business,chapter,business-chapter-027,2,6.,6.财务状况,,assets/template_words/商务补充文件.docx,(三)补充文件 / 6.财务状况,63,63,tender_mandated,assets/template_words/包1_完整招标文件_92475576192439826/SL2655招标文件-预审.docx,财务状况,normalized_exact,0.98,source_matched,敏感/限制/待复核内容,,,,,"[""物资类通用""]",,needs_review,historical_reference_skeleton_candidate,review_only,false,,,,,,,,,34136a0e52ca77e6f24a517e77754af55897a9f153ccbe253fbe6234f1338562,
business-table-004,business,table,business-chapter-027,2,6.,6.财务状况,,assets/template_words/商务补充文件.docx,(三)补充文件 / 6.财务状况,64,64,tender_mandated,assets/template_words/包1_完整招标文件_92475576192439826/SL2655招标文件-预审.docx,财务状况,normalized_exact,0.98,source_matched,敏感/限制/待复核内容,,,,,"[""物资类通用""]",,needs_review,preserve_structure_review_before_reuse,review_only,false,4,15,6,,,,,,c5d80e7c59fee37a2364740a4846e0f770074ac356f647bcf4a66b09f1cf49df,首行：年份 财务指标 | 202 2 年 | 202 3 年 | 202 4 年 | 平均
business-chapter-028,business,chapter,business-chapter-028,3,6.1.,6.1.新增2024年审计报告,,assets/template_words/商务补充文件.docx,(三)补充文件 / 6.财务状况 / 6.1.新增2024年审计报告,64,90,reference_layout_only,assets/template_words/包1_完整招标文件_92475576192439826/SL2655招标文件-预审.docx,,evidence_layout_heuristic,0.68,needs_manual_review,正式证据包候选,,,,,"[""物资类通用""]",,needs_review,manual_review_before_skeleton_reuse,review_only,false,,,,,,,,,e6335257deb327d8c05335c8b4b297b3d79f4135ed68abf4317755a7d86ee5ea,
business-media-0061,business,media,business-chapter-028,3,6.1.,6.1.新增2024年审计报告,,assets/template_words/商务补充文件.docx,(三)补充文件 / 6.财务状况 / 6.1.新增2024年审计报告,65,65,reference_layout_only,assets/template_words/包1_完整招标文件_92475576192439826/SL2655招标文件-预审.docx,,evidence_layout_heuristic,0.68,needs_manual_review,正式证据包候选,,,,,"[""物资类通用""]",,needs_review,inventory_only_needs_original_evidence_or_manual_promotion,review_only,false,,,,rId68,word/media/image60.jpeg,c4e0092ac6da98a1f615215fd77e9676faccadc945529224b33229377394e6e9,1328,1879,c4e0092ac6da98a1f615215fd77e9676faccadc945529224b33229377394e6e9,Word内嵌媒体未导出；不得直接提升为正式图片资产
business-media-0062,business,media,business-chapter-028,3,6.1.,6.1.新增2024年审计报告,,assets/template_words/商务补充文件.docx,(三)补充文件 / 6.财务状况 / 6.1.新增2024年审计报告,65,65,reference_layout_only,assets/template_words/包1_完整招标文件_92475576192439826/SL2655招标文件-预审.docx,,evidence_layout_heuristic,0.68,needs_manual_review,正式证据包候选,,,,,"[""物资类通用""]",,needs_review,inventory_only_needs_original_evidence_or_manual_promotion,review_only,false,,,,rId69,word/media/image61.jpeg,bbc159622bbad926dc6994ab9734dd5d145ecbe625cf3a84afdbafac535e65dc,1328,1879,bbc159622bbad926dc6994ab9734dd5d145ecbe625cf3a84afdbafac535e65dc,Word内嵌媒体未导出；不得直接提升为正式图片资产
business-media-0063,business,media,business-chapter-028,3,6.1.,6.1.新增2024年审计报告,,assets/template_words/商务补充文件.docx,(三)补充文件 / 6.财务状况 / 6.1.新增2024年审计报告,65,65,reference_layout_only,assets/template_words/包1_完整招标文件_92475576192439826/SL2655招标文件-预审.docx,,evidence_layout_heuristic,0.68,needs_manual_review,正式证据包候选,,,,,"[""物资类通用""]",,needs_review,inventory_only_needs_original_evidence_or_manual_promotion,review_only,false,,,,rId70,word/media/image62.jpeg,91fec8d639640cb986f1011e7e9b0ea37242accf3ed9bfd200ff9bdcb487ad82,1328,1879,91fec8d639640cb986f1011e7e9b0ea37242accf3ed9bfd200ff9bdcb487ad82,Word内嵌媒体未导出；不得直接提升为正式图片资产
business-media-0064,business,media,business-chapter-028,3,6.1.,6.1.新增2024年审计报告,,assets/template_words/商务补充文件.docx,(三)补充文件 / 6.财务状况 / 6.1.新增2024年审计报告,65,65,reference_layout_only,assets/template_words/包1_完整招标文件_92475576192439826/SL2655招标文件-预审.docx,,evidence_layout_heuristic,0.68,needs_manual_review,正式证据包候选,,,,,"[""物资类通用""]",,needs_review,inventory_only_needs_original_evidence_or_manual_promotion,review_only,false,,,,rId71,word/media/image63.jpeg,6928880316c7cfeb898fd7ae98ea6eccd2aba42191595b8cf324a51e78711c19,1328,1879,6928880316c7cfeb898fd7ae98ea6eccd2aba42191595b8cf324a51e78711c19,Word内嵌媒体未导出；不得直接提升为正式图片资产
business-media-0065,business,media,business-chapter-028,3,6.1.,6.1.新增2024年审计报告,,assets/template_words/商务补充文件.docx,(三)补充文件 / 6.财务状况 / 6.1.新增2024年审计报告,65,65,reference_layout_only,assets/template_words/包1_完整招标文件_92475576192439826/SL2655招标文件-预审.docx,,evidence_layout_heuristic,0.68,needs_manual_review,正式证据包候选,,,,,"[""物资类通用""]",,needs_review,inventory_only_needs_original_evidence_or_manual_promotion,review_only,false,,,,rId72,word/media/image64.jpeg,eafd1c8cf57a773f3bf6593cfbd603659f294e548b9d823b206e3bfdc4a0303b,1328,1879,eafd1c8cf57a773f3bf6593cfbd603659f294e548b9d823b206e3bfdc4a0303b,Word内嵌媒体未导出；不得直接提升为正式图片资产
business-media-0066,business,media,business-chapter-028,3,6.1.,6.1.新增2024年审计报告,,assets/template_words/商务补充文件.docx,(三)补充文件 / 6.财务状况 / 6.1.新增2024年审计报告,65,65,reference_layout_only,assets/template_words/包1_完整招标文件_92475576192439826/SL2655招标文件-预审.docx,,evidence_layout_heuristic,0.68,needs_manual_review,正式证据包候选,,,,,"[""物资类通用""]",,needs_review,inventory_only_needs_original_evidence_or_manual_promotion,review_only,false,,,,rId73,word/media/image65.jpg,48cdc3cfbf314d07defd8a354d9fc3abf4c1249064b9679172b3991ad69f3077,2340,1654,48cdc3cfbf314d07defd8a354d9fc3abf4c1249064b9679172b3991ad69f3077,Word内嵌媒体未导出；不得直接提升为正式图片资产
business-media-0067,business,media,business-chapter-028,3,6.1.,6.1.新增2024年审计报告,,assets/template_words/商务补充文件.docx,(三)补充文件 / 6.财务状况 / 6.1.新增2024年审计报告,65,65,reference_layout_only,assets/template_words/包1_完整招标文件_92475576192439826/SL2655招标文件-预审.docx,,evidence_layout_heuristic,0.68,needs_manual_review,正式证据包候选,,,,,"[""物资类通用""]",,needs_review,inventory_only_needs_original_evidence_or_manual_promotion,review_only,false,,,,rId74,word/media/image66.jpeg,4fb687371dab1199cc7b62e6c902c057a682d28a69f46c379a0ad763c272f1e5,1328,1879,4fb687371dab1199cc7b62e6c902c057a682d28a69f46c379a0ad763c272f1e5,Word内嵌媒体未导出；不得直接提升为正式图片资产
business-media-0068,business,media,business-chapter-028,3,6.1.,6.1.新增2024年审计报告,,assets/template_words/商务补充文件.docx,(三)补充文件 / 6.财务状况 / 6.1.新增2024年审计报告,65,65,reference_layout_only,assets/template_words/包1_完整招标文件_92475576192439826/SL2655招标文件-预审.docx,,evidence_layout_heuristic,0.68,needs_manual_review,正式证据包候选,,,,,"[""物资类通用""]",,needs_review,inventory_only_needs_original_evidence_or_manual_promotion,review_only,false,,,,rId75,word/media/image67.jpeg,3c37d3361d44d8536f70e8726c6bcbdba4412934ac8a95557df229e61dc5602d,1328,1879,3c37d3361d44d8536f70e8726c6bcbdba4412934ac8a95557df229e61dc5602d,Word内嵌媒体未导出；不得直接提升为正式图片资产
business-media-0069,business,media,business-chapter-028,3,6.1.,6.1.新增2024年审计报告,,assets/template_words/商务补充文件.docx,(三)补充文件 / 6.财务状况 / 6.1.新增2024年审计报告,65,65,reference_layout_only,assets/template_words/包1_完整招标文件_92475576192439826/SL2655招标文件-预审.docx,,evidence_layout_heuristic,0.68,needs_manual_review,正式证据包候选,,,,,"[""物资类通用""]",,needs_review,inventory_only_needs_original_evidence_or_manual_promotion,review_only,false,,,,rId76,word/media/image68.jpg,bd25cffa381984a8cc6ce132d431c0f5e20d72b0b8a685930ac91e919ff572bf,2340,1654,bd25cffa381984a8cc6ce132d431c0f5e20d72b0b8a685930ac91e919ff572bf,Word内嵌媒体未导出；不得直接提升为正式图片资产
business-media-0070,business,media,business-chapter-028,3,6.1.,6.1.新增2024年审计报告,,assets/template_words/商务补充文件.docx,(三)补充文件 / 6.财务状况 / 6.1.新增2024年审计报告,65,65,reference_layout_only,assets/template_words/包1_完整招标文件_92475576192439826/SL2655招标文件-预审.docx,,evidence_layout_heuristic,0.68,needs_manual_review,正式证据包候选,,,,,"[""物资类通用""]",,needs_review,inventory_only_needs_original_evidence_or_manual_promotion,review_only,false,,,,rId77,word/media/image69.jpeg,9ebeb4dec6a6d3458a7ae34dd69b03b4fea5e6cc956127f941bcb634a8171ddd,1328,1879,9ebeb4dec6a6d3458a7ae34dd69b03b4fea5e6cc956127f941bcb634a8171ddd,Word内嵌媒体未导出；不得直接提升为正式图片资产
business-media-0071,business,media,business-chapter-028,3,6.1.,6.1.新增2024年审计报告,,assets/template_words/商务补充文件.docx,(三)补充文件 / 6.财务状况 / 6.1.新增2024年审计报告,65,65,reference_layout_only,assets/template_words/包1_完整招标文件_92475576192439826/SL2655招标文件-预审.docx,,evidence_layout_heuristic,0.68,needs_manual_review,正式证据包候选,,,,,"[""物资类通用""]",,needs_review,inventory_only_needs_original_evidence_or_manual_promotion,review_only,false,,,,rId78,word/media/image70.jpeg,3aefa46645c3b6d65ae9fad6d57aa2bc4c080a08c582aeedd65173f1d7133a7d,1328,1879,3aefa46645c3b6d65ae9fad6d57aa2bc4c080a08c582aeedd65173f1d7133a7d,Word内嵌媒体未导出；不得直接提升为正式图片资产
business-media-0072,business,media,business-chapter-028,3,6.1.,6.1.新增2024年审计报告,,assets/template_words/商务补充文件.docx,(三)补充文件 / 6.财务状况 / 6.1.新增2024年审计报告,65,65,reference_layout_only,assets/template_words/包1_完整招标文件_92475576192439826/SL2655招标文件-预审.docx,,evidence_layout_heuristic,0.68,needs_manual_review,正式证据包候选,,,,,"[""物资类通用""]",,needs_review,inventory_only_needs_original_evidence_or_manual_promotion,review_only,false,,,,rId79,word/media/image71.jpeg,0e8271bacf3175c16a3387a4b2115fef1a52034db93164b3e5feb3a970a04c19,1328,1879,0e8271bacf3175c16a3387a4b2115fef1a52034db93164b3e5feb3a970a04c19,Word内嵌媒体未导出；不得直接提升为正式图片资产
business-media-0073,business,media,business-chapter-028,3,6.1.,6.1.新增2024年审计报告,,assets/template_words/商务补充文件.docx,(三)补充文件 / 6.财务状况 / 6.1.新增2024年审计报告,65,65,reference_layout_only,assets/template_words/包1_完整招标文件_92475576192439826/SL2655招标文件-预审.docx,,evidence_layout_heuristic,0.68,needs_manual_review,正式证据包候选,,,,,"[""物资类通用""]",,needs_review,inventory_only_needs_original_evidence_or_manual_promotion,review_only,false,,,,rId80,word/media/image72.jpeg,8e4ebcb9bf0b16c8d9c3ff3a49c6416bacdc992590ff7d942d194250f81194ed,1328,1879,8e4ebcb9bf0b16c8d9c3ff3a49c6416bacdc992590ff7d942d194250f81194ed,Word内嵌媒体未导出；不得直接提升为正式图片资产
business-media-0074,business,media,business-chapter-028,3,6.1.,6.1.新增2024年审计报告,,assets/template_words/商务补充文件.docx,(三)补充文件 / 6.财务状况 / 6.1.新增2024年审计报告,65,65,reference_layout_only,assets/template_words/包1_完整招标文件_92475576192439826/SL2655招标文件-预审.docx,,evidence_layout_heuristic,0.68,needs_manual_review,正式证据包候选,,,,,"[""物资类通用""]",,needs_review,inventory_only_needs_original_evidence_or_manual_promotion,review_only,false,,,,rId81,word/media/image73.jpeg,5f2da5b3dd82d1d4f968d2b543f597ec599649d86e095c8678637e12ff4834a3,1328,1879,5f2da5b3dd82d1d4f968d2b543f597ec599649d86e095c8678637e12ff4834a3,Word内嵌媒体未导出；不得直接提升为正式图片资产
business-media-0075,business,media,business-chapter-028,3,6.1.,6.1.新增2024年审计报告,,assets/template_words/商务补充文件.docx,(三)补充文件 / 6.财务状况 / 6.1.新增2024年审计报告,65,65,reference_layout_only,assets/template_words/包1_完整招标文件_92475576192439826/SL2655招标文件-预审.docx,,evidence_layout_heuristic,0.68,needs_manual_review,正式证据包候选,,,,,"[""物资类通用""]",,needs_review,inventory_only_needs_original_evidence_or_manual_promotion,review_only,false,,,,rId82,word/media/image74.jpeg,ce94aba82e9916c272edad5084fd2bcde883c845274340544fc7794b1b316cf9,1328,1879,ce94aba82e9916c272edad5084fd2bcde883c845274340544fc7794b1b316cf9,Word内嵌媒体未导出；不得直接提升为正式图片资产
business-media-0076,business,media,business-chapter-028,3,6.1.,6.1.新增2024年审计报告,,assets/template_words/商务补充文件.docx,(三)补充文件 / 6.财务状况 / 6.1.新增2024年审计报告,65,65,reference_layout_only,assets/template_words/包1_完整招标文件_92475576192439826/SL2655招标文件-预审.docx,,evidence_layout_heuristic,0.68,needs_manual_review,正式证据包候选,,,,,"[""物资类通用""]",,needs_review,inventory_only_needs_original_evidence_or_manual_promotion,review_only,false,,,,rId83,word/media/image75.jpeg,aa4f8f2f9f649aabe2eab6c2625a29485edc1f8c823b01d223b28fb8461b9b5d,1328,1879,aa4f8f2f9f649aabe2eab6c2625a29485edc1f8c823b01d223b28fb8461b9b5d,Word内嵌媒体未导出；不得直接提升为正式图片资产
business-media-0077,business,media,business-chapter-028,3,6.1.,6.1.新增2024年审计报告,,assets/template_words/商务补充文件.docx,(三)补充文件 / 6.财务状况 / 6.1.新增2024年审计报告,65,65,reference_layout_only,assets/template_words/包1_完整招标文件_92475576192439826/SL2655招标文件-预审.docx,,evidence_layout_heuristic,0.68,needs_manual_review,正式证据包候选,,,,,"[""物资类通用""]",,needs_review,inventory_only_needs_original_evidence_or_manual_promotion,review_only,false,,,,rId84,word/media/image76.jpeg,391a0cf25e9e064a414a33f896a7e397c421f42d37314cdd8ba96e138a043e4b,1328,1879,391a0cf25e9e064a414a33f896a7e397c421f42d37314cdd8ba96e138a043e4b,Word内嵌媒体未导出；不得直接提升为正式图片资产
business-media-0078,business,media,business-chapter-028,3,6.1.,6.1.新增2024年审计报告,,assets/template_words/商务补充文件.docx,(三)补充文件 / 6.财务状况 / 6.1.新增2024年审计报告,65,65,reference_layout_only,assets/template_words/包1_完整招标文件_92475576192439826/SL2655招标文件-预审.docx,,evidence_layout_heuristic,0.68,needs_manual_review,正式证据包候选,,,,,"[""物资类通用""]",,needs_review,inventory_only_needs_original_evidence_or_manual_promotion,review_only,false,,,,rId85,word/media/image77.jpeg,af5f30f7c4a0936a86e16664849e57cdd9c79ed6f3cf588822b0b7abd79cc6b3,1328,1879,af5f30f7c4a0936a86e16664849e57cdd9c79ed6f3cf588822b0b7abd79cc6b3,Word内嵌媒体未导出；不得直接提升为正式图片资产
business-media-0079,business,media,business-chapter-028,3,6.1.,6.1.新增2024年审计报告,,assets/template_words/商务补充文件.docx,(三)补充文件 / 6.财务状况 / 6.1.新增2024年审计报告,65,65,reference_layout_only,assets/template_words/包1_完整招标文件_92475576192439826/SL2655招标文件-预审.docx,,evidence_layout_heuristic,0.68,needs_manual_review,正式证据包候选,,,,,"[""物资类通用""]",,needs_review,inventory_only_needs_original_evidence_or_manual_promotion,review_only,false,,,,rId86,word/media/image78.jpeg,5f5c671f6c3db0354b6c52b4d5ca5ab0aaeab6949d1c506b3ede616382f7e433,1328,1879,5f5c671f6c3db0354b6c52b4d5ca5ab0aaeab6949d1c506b3ede616382f7e433,Word内嵌媒体未导出；不得直接提升为正式图片资产
business-media-0080,business,media,business-chapter-028,3,6.1.,6.1.新增2024年审计报告,,assets/template_words/商务补充文件.docx,(三)补充文件 / 6.财务状况 / 6.1.新增2024年审计报告,65,65,reference_layout_only,assets/template_words/包1_完整招标文件_92475576192439826/SL2655招标文件-预审.docx,,evidence_layout_heuristic,0.68,needs_manual_review,正式证据包候选,,,,,"[""物资类通用""]",,needs_review,inventory_only_needs_original_evidence_or_manual_promotion,review_only,false,,,,rId87,word/media/image79.jpeg,89bb453ce44bf938b8b8173c173192833fe27accc43c8a5be1f8b2ffa8a19313,1328,1879,89bb453ce44bf938b8b8173c173192833fe27accc43c8a5be1f8b2ffa8a19313,Word内嵌媒体未导出；不得直接提升为正式图片资产
business-media-0081,business,media,business-chapter-028,3,6.1.,6.1.新增2024年审计报告,,assets/template_words/商务补充文件.docx,(三)补充文件 / 6.财务状况 / 6.1.新增2024年审计报告,65,65,reference_layout_only,assets/template_words/包1_完整招标文件_92475576192439826/SL2655招标文件-预审.docx,,evidence_layout_heuristic,0.68,needs_manual_review,正式证据包候选,,,,,"[""物资类通用""]",,needs_review,inventory_only_needs_original_evidence_or_manual_promotion,review_only,false,,,,rId88,word/media/image80.jpeg,36994e6c8d683b6df924f3ec2ea968ac00ee0efa5f7ed5d985864259a6a24f18,1328,1879,36994e6c8d683b6df924f3ec2ea968ac00ee0efa5f7ed5d985864259a6a24f18,Word内嵌媒体未导出；不得直接提升为正式图片资产
business-media-0082,business,media,business-chapter-028,3,6.1.,6.1.新增2024年审计报告,,assets/template_words/商务补充文件.docx,(三)补充文件 / 6.财务状况 / 6.1.新增2024年审计报告,65,65,reference_layout_only,assets/template_words/包1_完整招标文件_92475576192439826/SL2655招标文件-预审.docx,,evidence_layout_heuristic,0.68,needs_manual_review,正式证据包候选,,,,,"[""物资类通用""]",,needs_review,inventory_only_needs_original_evidence_or_manual_promotion,review_only,false,,,,rId89,word/media/image81.jpeg,ff3ec2d36a366c0d4ffdeb3e901e890a25a3a29693d995bf6709ec87156e1ae7,1328,1879,ff3ec2d36a366c0d4ffdeb3e901e890a25a3a29693d995bf6709ec87156e1ae7,Word内嵌媒体未导出；不得直接提升为正式图片资产
business-media-0083,business,media,business-chapter-028,3,6.1.,6.1.新增2024年审计报告,,assets/template_words/商务补充文件.docx,(三)补充文件 / 6.财务状况 / 6.1.新增2024年审计报告,65,65,reference_layout_only,assets/template_words/包1_完整招标文件_92475576192439826/SL2655招标文件-预审.docx,,evidence_layout_heuristic,0.68,needs_manual_review,正式证据包候选,,,,,"[""物资类通用""]",,needs_review,inventory_only_needs_original_evidence_or_manual_promotion,review_only,false,,,,rId90,word/media/image82.jpeg,7ff632fe07321d821663253b8d5ed04c361eb4029b7d0afa314a46f00fa80e32,1328,1879,7ff632fe07321d821663253b8d5ed04c361eb4029b7d0afa314a46f00fa80e32,Word内嵌媒体未导出；不得直接提升为正式图片资产
business-media-0084,business,media,business-chapter-028,3,6.1.,6.1.新增2024年审计报告,,assets/template_words/商务补充文件.docx,(三)补充文件 / 6.财务状况 / 6.1.新增2024年审计报告,65,65,reference_layout_only,assets/template_words/包1_完整招标文件_92475576192439826/SL2655招标文件-预审.docx,,evidence_layout_heuristic,0.68,needs_manual_review,正式证据包候选,,,,,"[""物资类通用""]",,needs_review,inventory_only_needs_original_evidence_or_manual_promotion,review_only,false,,,,rId91,word/media/image83.jpeg,8bb1a9e4836727a536c5585a24ef956b7ac3effed40d43d2cdd16f4282a04308,1328,1879,8bb1a9e4836727a536c5585a24ef956b7ac3effed40d43d2cdd16f4282a04308,Word内嵌媒体未导出；不得直接提升为正式图片资产
business-media-0085,business,media,business-chapter-028,3,6.1.,6.1.新增2024年审计报告,,assets/template_words/商务补充文件.docx,(三)补充文件 / 6.财务状况 / 6.1.新增2024年审计报告,65,65,reference_layout_only,assets/template_words/包1_完整招标文件_92475576192439826/SL2655招标文件-预审.docx,,evidence_layout_heuristic,0.68,needs_manual_review,正式证据包候选,,,,,"[""物资类通用""]",,needs_review,inventory_only_needs_original_evidence_or_manual_promotion,review_only,false,,,,rId92,word/media/image84.jpeg,d2206bd4d4b03aec322678cc52ec77aec6ce920e00de391785f2eeeba688c2fe,1328,1879,d2206bd4d4b03aec322678cc52ec77aec6ce920e00de391785f2eeeba688c2fe,Word内嵌媒体未导出；不得直接提升为正式图片资产
business-media-0086,business,media,business-chapter-028,3,6.1.,6.1.新增2024年审计报告,,assets/template_words/商务补充文件.docx,(三)补充文件 / 6.财务状况 / 6.1.新增2024年审计报告,65,65,reference_layout_only,assets/template_words/包1_完整招标文件_92475576192439826/SL2655招标文件-预审.docx,,evidence_layout_heuristic,0.68,needs_manual_review,正式证据包候选,,,,,"[""物资类通用""]",,needs_review,inventory_only_needs_original_evidence_or_manual_promotion,review_only,false,,,,rId93,word/media/image85.jpg,1deaa1e906669947180c384fb530106b94cf86d2163ad8e2ea8bef41f86081bb,2340,1654,1deaa1e906669947180c384fb530106b94cf86d2163ad8e2ea8bef41f86081bb,Word内嵌媒体未导出；不得直接提升为正式图片资产
business-media-0087,business,media,business-chapter-028,3,6.1.,6.1.新增2024年审计报告,,assets/template_words/商务补充文件.docx,(三)补充文件 / 6.财务状况 / 6.1.新增2024年审计报告,65,65,reference_layout_only,assets/template_words/包1_完整招标文件_92475576192439826/SL2655招标文件-预审.docx,,evidence_layout_heuristic,0.68,needs_manual_review,正式证据包候选,,,,,"[""物资类通用""]",,needs_review,inventory_only_needs_original_evidence_or_manual_promotion,review_only,false,,,,rId94,word/media/image86.jpg,f43e0846a3d31e3dba7dc372ef2ef5028e45ce1922dfcf3dd92f9fa51a1d164b,2340,1654,f43e0846a3d31e3dba7dc372ef2ef5028e45ce1922dfcf3dd92f9fa51a1d164b,Word内嵌媒体未导出；不得直接提升为正式图片资产
business-media-0088,business,media,business-chapter-028,3,6.1.,6.1.新增2024年审计报告,,assets/template_words/商务补充文件.docx,(三)补充文件 / 6.财务状况 / 6.1.新增2024年审计报告,65,65,reference_layout_only,assets/template_words/包1_完整招标文件_92475576192439826/SL2655招标文件-预审.docx,,evidence_layout_heuristic,0.68,needs_manual_review,正式证据包候选,,,,,"[""物资类通用""]",,needs_review,inventory_only_needs_original_evidence_or_manual_promotion,review_only,false,,,,rId95,word/media/image87.jpg,97a6678c68584dca2a3351a0245fbd61ba97d10ccebcb20f00dbc2b05ad5250b,2340,1654,97a6678c68584dca2a3351a0245fbd61ba97d10ccebcb20f00dbc2b05ad5250b,Word内嵌媒体未导出；不得直接提升为正式图片资产
business-media-0089,business,media,business-chapter-028,3,6.1.,6.1.新增2024年审计报告,,assets/template_words/商务补充文件.docx,(三)补充文件 / 6.财务状况 / 6.1.新增2024年审计报告,65,65,reference_layout_only,assets/template_words/包1_完整招标文件_92475576192439826/SL2655招标文件-预审.docx,,evidence_layout_heuristic,0.68,needs_manual_review,正式证据包候选,,,,,"[""物资类通用""]",,needs_review,inventory_only_needs_original_evidence_or_manual_promotion,review_only,false,,,,rId96,word/media/image88.jpg,67f1b6d874f58275d0dbfc0d9f5f56211fc65da02a7aea58dc5dc6c9cee53237,2340,1654,67f1b6d874f58275d0dbfc0d9f5f56211fc65da02a7aea58dc5dc6c9cee53237,Word内嵌媒体未导出；不得直接提升为正式图片资产
business-chapter-029,business,chapter,business-chapter-029,2,7.,7.针对评审要素，需要补充的其他文件,,assets/template_words/商务补充文件.docx,(三)补充文件 / 7.针对评审要素，需要补充的其他文件,91,91,tender_mandated,assets/template_words/包1_完整招标文件_92475576192439826/SL2655招标文件-预审.docx,针对评审要素，需要补充的其他文件,normalized_exact,0.98,source_matched,招标原文/评分项引用,,,,,"[""物资类通用""]",,needs_review,historical_reference_skeleton_candidate,review_only,false,,,,,,,,,26dfee8fa4661c5b87ccf546e4056efff3e386d8e022b5afd478c82e3a92efb0,
business-chapter-030,business,chapter,business-chapter-030,3,7.1.,7.1.应急保供,,assets/template_words/商务补充文件.docx,(三)补充文件 / 7.针对评审要素，需要补充的其他文件 / 7.1.应急保供,91,91,tender_scoring_derived,assets/template_words/包1_完整招标文件_92475576192439826/SL2655招标文件-预审.docx,5.针对评审要素，需要补充的其他文件,parent_scoring_section,0.78,needs_manual_review,泰昌可复用企业事实,,,,,"[""物资类通用""]",,needs_review,manual_review_before_skeleton_reuse,review_only,false,,,,,,,,,eec2793a4db01ee0671b57006c17b90c5ba2f3842300c6a274c5c99104d3f9dd,
business-chapter-031,business,chapter,business-chapter-031,3,7.2.,7.2.绿色发展规划及管理体系认证,,assets/template_words/商务补充文件.docx,(三)补充文件 / 7.针对评审要素，需要补充的其他文件 / 7.2.绿色发展规划及管理体系认证,92,92,tender_scoring_derived,assets/template_words/包1_完整招标文件_92475576192439826/SL2655招标文件-预审.docx,5.针对评审要素，需要补充的其他文件,parent_scoring_section,0.78,needs_manual_review,泰昌可复用企业事实,,,,,"[""物资类通用""]",,needs_review,manual_review_before_skeleton_reuse,review_only,false,,,,,,,,,bd54f8ed4b731b3f5959b32cc0fd5eae66a4df007204768e7b1891c4fc0ff32f,
business-chapter-032,business,chapter,business-chapter-032,4,7.2.1.,7.2.1.绿色发展规划响应情况,,assets/template_words/商务补充文件.docx,(三)补充文件 / 7.针对评审要素，需要补充的其他文件 / 7.2.绿色发展规划及管理体系认证 / 7.2.1.绿色发展规划响应情况,92,92,tender_scoring_derived,assets/template_words/包1_完整招标文件_92475576192439826/SL2655招标文件-预审.docx,5.针对评审要素，需要补充的其他文件,parent_scoring_section,0.78,needs_manual_review,项目专属响应/承诺/偏差,,,,,"[""物资类通用""]",,needs_review,manual_review_before_skeleton_reuse,review_only,false,,,,,,,,,3137d023353fa77083d5531b41cfc8bc806c6ac3f18a5c42fc655a3d73987a80,
business-chapter-033,business,chapter,business-chapter-033,5,（1）,（1）绿色发展规划报告,,assets/template_words/商务补充文件.docx,(三)补充文件 / 7.针对评审要素，需要补充的其他文件 / 7.2.绿色发展规划及管理体系认证 / 7.2.1.绿色发展规划响应情况 / （1）绿色发展规划报告,92,109,tender_scoring_derived,assets/template_words/包1_完整招标文件_92475576192439826/SL2655招标文件-预审.docx,5.针对评审要素，需要补充的其他文件,parent_scoring_section,0.78,needs_manual_review,正式证据包候选,,,,,"[""物资类通用""]",,needs_review,manual_review_before_skeleton_reuse,review_only,false,,,,,,,,,8751e801a4cf766c3aff8dee259933e2c29367de74b1ed1a3ac95dfffddb2590,
business-media-0090,business,media,business-chapter-033,5,（1）,（1）绿色发展规划报告,,assets/template_words/商务补充文件.docx,(三)补充文件 / 7.针对评审要素，需要补充的其他文件 / 7.2.绿色发展规划及管理体系认证 / 7.2.1.绿色发展规划响应情况 / （1）绿色发展规划报告,92,92,tender_scoring_derived,assets/template_words/包1_完整招标文件_92475576192439826/SL2655招标文件-预审.docx,5.针对评审要素，需要补充的其他文件,parent_scoring_section,0.78,needs_manual_review,正式证据包候选,,,,,"[""物资类通用""]",,needs_review,inventory_only_needs_original_evidence_or_manual_promotion,review_only,false,,,,rId97,word/media/image89.jpg,4c3552deaef989e1d737cc85c657fd08bbe5c3bd9892d73507c2c7bcc9c44467,1654,2339,4c3552deaef989e1d737cc85c657fd08bbe5c3bd9892d73507c2c7bcc9c44467,Word内嵌媒体未导出；不得直接提升为正式图片资产
business-media-0091,business,media,business-chapter-033,5,（1）,（1）绿色发展规划报告,,assets/template_words/商务补充文件.docx,(三)补充文件 / 7.针对评审要素，需要补充的其他文件 / 7.2.绿色发展规划及管理体系认证 / 7.2.1.绿色发展规划响应情况 / （1）绿色发展规划报告,92,92,tender_scoring_derived,assets/template_words/包1_完整招标文件_92475576192439826/SL2655招标文件-预审.docx,5.针对评审要素，需要补充的其他文件,parent_scoring_section,0.78,needs_manual_review,正式证据包候选,,,,,"[""物资类通用""]",,needs_review,inventory_only_needs_original_evidence_or_manual_promotion,review_only,false,,,,rId98,word/media/image90.jpg,d3edd400316dc0f8305df3671adb84e11787f2420091bab8842ed0f2fa157196,1654,2339,d3edd400316dc0f8305df3671adb84e11787f2420091bab8842ed0f2fa157196,Word内嵌媒体未导出；不得直接提升为正式图片资产
business-media-0092,business,media,business-chapter-033,5,（1）,（1）绿色发展规划报告,,assets/template_words/商务补充文件.docx,(三)补充文件 / 7.针对评审要素，需要补充的其他文件 / 7.2.绿色发展规划及管理体系认证 / 7.2.1.绿色发展规划响应情况 / （1）绿色发展规划报告,92,92,tender_scoring_derived,assets/template_words/包1_完整招标文件_92475576192439826/SL2655招标文件-预审.docx,5.针对评审要素，需要补充的其他文件,parent_scoring_section,0.78,needs_manual_review,正式证据包候选,,,,,"[""物资类通用""]",,needs_review,inventory_only_needs_original_evidence_or_manual_promotion,review_only,false,,,,rId99,word/media/image91.jpg,867f0d4dbb1e5b3dd043770048c24d877ef93f63a72a1c7546a45499d81dde6f,1522,2152,867f0d4dbb1e5b3dd043770048c24d877ef93f63a72a1c7546a45499d81dde6f,Word内嵌媒体未导出；不得直接提升为正式图片资产
business-media-0093,business,media,business-chapter-033,5,（1）,（1）绿色发展规划报告,,assets/template_words/商务补充文件.docx,(三)补充文件 / 7.针对评审要素，需要补充的其他文件 / 7.2.绿色发展规划及管理体系认证 / 7.2.1.绿色发展规划响应情况 / （1）绿色发展规划报告,92,92,tender_scoring_derived,assets/template_words/包1_完整招标文件_92475576192439826/SL2655招标文件-预审.docx,5.针对评审要素，需要补充的其他文件,parent_scoring_section,0.78,needs_manual_review,正式证据包候选,,,,,"[""物资类通用""]",,needs_review,inventory_only_needs_original_evidence_or_manual_promotion,review_only,false,,,,rId100,word/media/image92.jpg,733a1a5db697d234e52e0761e640cab08cb246799487fb502ddf0bd30eb6d419,1522,2152,733a1a5db697d234e52e0761e640cab08cb246799487fb502ddf0bd30eb6d419,Word内嵌媒体未导出；不得直接提升为正式图片资产
business-media-0094,business,media,business-chapter-033,5,（1）,（1）绿色发展规划报告,,assets/template_words/商务补充文件.docx,(三)补充文件 / 7.针对评审要素，需要补充的其他文件 / 7.2.绿色发展规划及管理体系认证 / 7.2.1.绿色发展规划响应情况 / （1）绿色发展规划报告,92,92,tender_scoring_derived,assets/template_words/包1_完整招标文件_92475576192439826/SL2655招标文件-预审.docx,5.针对评审要素，需要补充的其他文件,parent_scoring_section,0.78,needs_manual_review,正式证据包候选,,,,,"[""物资类通用""]",,needs_review,inventory_only_needs_original_evidence_or_manual_promotion,review_only,false,,,,rId101,word/media/image93.jpg,d75b6546afcc512c69a1e745c297e65ee1209657911a3e6d4fbcdc440791f370,1522,2152,d75b6546afcc512c69a1e745c297e65ee1209657911a3e6d4fbcdc440791f370,Word内嵌媒体未导出；不得直接提升为正式图片资产
business-media-0095,business,media,business-chapter-033,5,（1）,（1）绿色发展规划报告,,assets/template_words/商务补充文件.docx,(三)补充文件 / 7.针对评审要素，需要补充的其他文件 / 7.2.绿色发展规划及管理体系认证 / 7.2.1.绿色发展规划响应情况 / （1）绿色发展规划报告,92,92,tender_scoring_derived,assets/template_words/包1_完整招标文件_92475576192439826/SL2655招标文件-预审.docx,5.针对评审要素，需要补充的其他文件,parent_scoring_section,0.78,needs_manual_review,正式证据包候选,,,,,"[""物资类通用""]",,needs_review,inventory_only_needs_original_evidence_or_manual_promotion,review_only,false,,,,rId102,word/media/image94.jpg,c26a63c9330d52595d88abbbd57df05bd001456465d480b5d28fab7bb0d2fc14,1522,2152,c26a63c9330d52595d88abbbd57df05bd001456465d480b5d28fab7bb0d2fc14,Word内嵌媒体未导出；不得直接提升为正式图片资产
business-media-0096,business,media,business-chapter-033,5,（1）,（1）绿色发展规划报告,,assets/template_words/商务补充文件.docx,(三)补充文件 / 7.针对评审要素，需要补充的其他文件 / 7.2.绿色发展规划及管理体系认证 / 7.2.1.绿色发展规划响应情况 / （1）绿色发展规划报告,92,92,tender_scoring_derived,assets/template_words/包1_完整招标文件_92475576192439826/SL2655招标文件-预审.docx,5.针对评审要素，需要补充的其他文件,parent_scoring_section,0.78,needs_manual_review,正式证据包候选,,,,,"[""物资类通用""]",,needs_review,inventory_only_needs_original_evidence_or_manual_promotion,review_only,false,,,,rId103,word/media/image95.jpg,a64ce01b4022ab7fde9002abb4b35352dc4e4927d3c2bc31732a61eb4c130c94,1522,2152,a64ce01b4022ab7fde9002abb4b35352dc4e4927d3c2bc31732a61eb4c130c94,Word内嵌媒体未导出；不得直接提升为正式图片资产
business-media-0097,business,media,business-chapter-033,5,（1）,（1）绿色发展规划报告,,assets/template_words/商务补充文件.docx,(三)补充文件 / 7.针对评审要素，需要补充的其他文件 / 7.2.绿色发展规划及管理体系认证 / 7.2.1.绿色发展规划响应情况 / （1）绿色发展规划报告,92,92,tender_scoring_derived,assets/template_words/包1_完整招标文件_92475576192439826/SL2655招标文件-预审.docx,5.针对评审要素，需要补充的其他文件,parent_scoring_section,0.78,needs_manual_review,正式证据包候选,,,,,"[""物资类通用""]",,needs_review,inventory_only_needs_original_evidence_or_manual_promotion,review_only,false,,,,rId104,word/media/image96.jpg,d5bdeb81698a777b4e1c3d7a94cf38bbf72b3739f71935e84aeb6cda1f7265e5,1522,2152,d5bdeb81698a777b4e1c3d7a94cf38bbf72b3739f71935e84aeb6cda1f7265e5,Word内嵌媒体未导出；不得直接提升为正式图片资产
business-media-0098,business,media,business-chapter-033,5,（1）,（1）绿色发展规划报告,,assets/template_words/商务补充文件.docx,(三)补充文件 / 7.针对评审要素，需要补充的其他文件 / 7.2.绿色发展规划及管理体系认证 / 7.2.1.绿色发展规划响应情况 / （1）绿色发展规划报告,92,92,tender_scoring_derived,assets/template_words/包1_完整招标文件_92475576192439826/SL2655招标文件-预审.docx,5.针对评审要素，需要补充的其他文件,parent_scoring_section,0.78,needs_manual_review,正式证据包候选,,,,,"[""物资类通用""]",,needs_review,inventory_only_needs_original_evidence_or_manual_promotion,review_only,false,,,,rId105,word/media/image97.jpg,f0ff8dd9b015c06dc1c366c9c696470b998d1c1af77070e04d5f2ced88198c0b,1522,2152,f0ff8dd9b015c06dc1c366c9c696470b998d1c1af77070e04d5f2ced88198c0b,Word内嵌媒体未导出；不得直接提升为正式图片资产
business-media-0099,business,media,business-chapter-033,5,（1）,（1）绿色发展规划报告,,assets/template_words/商务补充文件.docx,(三)补充文件 / 7.针对评审要素，需要补充的其他文件 / 7.2.绿色发展规划及管理体系认证 / 7.2.1.绿色发展规划响应情况 / （1）绿色发展规划报告,92,92,tender_scoring_derived,assets/template_words/包1_完整招标文件_92475576192439826/SL2655招标文件-预审.docx,5.针对评审要素，需要补充的其他文件,parent_scoring_section,0.78,needs_manual_review,正式证据包候选,,,,,"[""物资类通用""]",,needs_review,inventory_only_needs_original_evidence_or_manual_promotion,review_only,false,,,,rId106,word/media/image98.jpg,42101cdc767c69edb31df4af1ba9cd02e4e4a7327c955442e1b38e3b41cd8b56,1522,2152,42101cdc767c69edb31df4af1ba9cd02e4e4a7327c955442e1b38e3b41cd8b56,Word内嵌媒体未导出；不得直接提升为正式图片资产
business-media-0100,business,media,business-chapter-033,5,（1）,（1）绿色发展规划报告,,assets/template_words/商务补充文件.docx,(三)补充文件 / 7.针对评审要素，需要补充的其他文件 / 7.2.绿色发展规划及管理体系认证 / 7.2.1.绿色发展规划响应情况 / （1）绿色发展规划报告,92,92,tender_scoring_derived,assets/template_words/包1_完整招标文件_92475576192439826/SL2655招标文件-预审.docx,5.针对评审要素，需要补充的其他文件,parent_scoring_section,0.78,needs_manual_review,正式证据包候选,,,,,"[""物资类通用""]",,needs_review,inventory_only_needs_original_evidence_or_manual_promotion,review_only,false,,,,rId107,word/media/image99.jpg,a8cbd999fcb94a4e73294597d3ca69720c03dc5de3ffcc8ebfb050702b1d397a,1522,2152,a8cbd999fcb94a4e73294597d3ca69720c03dc5de3ffcc8ebfb050702b1d397a,Word内嵌媒体未导出；不得直接提升为正式图片资产
business-media-0101,business,media,business-chapter-033,5,（1）,（1）绿色发展规划报告,,assets/template_words/商务补充文件.docx,(三)补充文件 / 7.针对评审要素，需要补充的其他文件 / 7.2.绿色发展规划及管理体系认证 / 7.2.1.绿色发展规划响应情况 / （1）绿色发展规划报告,92,92,tender_scoring_derived,assets/template_words/包1_完整招标文件_92475576192439826/SL2655招标文件-预审.docx,5.针对评审要素，需要补充的其他文件,parent_scoring_section,0.78,needs_manual_review,正式证据包候选,,,,,"[""物资类通用""]",,needs_review,inventory_only_needs_original_evidence_or_manual_promotion,review_only,false,,,,rId108,word/media/image100.jpg,e4f080fcfb9c3190419ac9b30afb9a28c9c1423d66b273838dbedfb07744d151,1522,2152,e4f080fcfb9c3190419ac9b30afb9a28c9c1423d66b273838dbedfb07744d151,Word内嵌媒体未导出；不得直接提升为正式图片资产
business-media-0102,business,media,business-chapter-033,5,（1）,（1）绿色发展规划报告,,assets/template_words/商务补充文件.docx,(三)补充文件 / 7.针对评审要素，需要补充的其他文件 / 7.2.绿色发展规划及管理体系认证 / 7.2.1.绿色发展规划响应情况 / （1）绿色发展规划报告,92,92,tender_scoring_derived,assets/template_words/包1_完整招标文件_92475576192439826/SL2655招标文件-预审.docx,5.针对评审要素，需要补充的其他文件,parent_scoring_section,0.78,needs_manual_review,正式证据包候选,,,,,"[""物资类通用""]",,needs_review,inventory_only_needs_original_evidence_or_manual_promotion,review_only,false,,,,rId109,word/media/image101.jpg,d6bb9eccd0820827239eb3b634c2bf3b0832941d127d002c00619ce5f27fbc1e,1522,2152,d6bb9eccd0820827239eb3b634c2bf3b0832941d127d002c00619ce5f27fbc1e,Word内嵌媒体未导出；不得直接提升为正式图片资产
business-media-0103,business,media,business-chapter-033,5,（1）,（1）绿色发展规划报告,,assets/template_words/商务补充文件.docx,(三)补充文件 / 7.针对评审要素，需要补充的其他文件 / 7.2.绿色发展规划及管理体系认证 / 7.2.1.绿色发展规划响应情况 / （1）绿色发展规划报告,92,92,tender_scoring_derived,assets/template_words/包1_完整招标文件_92475576192439826/SL2655招标文件-预审.docx,5.针对评审要素，需要补充的其他文件,parent_scoring_section,0.78,needs_manual_review,正式证据包候选,,,,,"[""物资类通用""]",,needs_review,inventory_only_needs_original_evidence_or_manual_promotion,review_only,false,,,,rId110,word/media/image102.jpg,9b80277181bc0615c95d9fc2ba8f05b97e84d9dda259ae67c7fe459900d592e5,1522,2152,9b80277181bc0615c95d9fc2ba8f05b97e84d9dda259ae67c7fe459900d592e5,Word内嵌媒体未导出；不得直接提升为正式图片资产
business-media-0104,business,media,business-chapter-033,5,（1）,（1）绿色发展规划报告,,assets/template_words/商务补充文件.docx,(三)补充文件 / 7.针对评审要素，需要补充的其他文件 / 7.2.绿色发展规划及管理体系认证 / 7.2.1.绿色发展规划响应情况 / （1）绿色发展规划报告,92,92,tender_scoring_derived,assets/template_words/包1_完整招标文件_92475576192439826/SL2655招标文件-预审.docx,5.针对评审要素，需要补充的其他文件,parent_scoring_section,0.78,needs_manual_review,正式证据包候选,,,,,"[""物资类通用""]",,needs_review,inventory_only_needs_original_evidence_or_manual_promotion,review_only,false,,,,rId111,word/media/image103.jpg,8eff34d384ac79f37f365801b5b1e9151885c8e7768a4172c127b9043237160d,1522,2152,8eff34d384ac79f37f365801b5b1e9151885c8e7768a4172c127b9043237160d,Word内嵌媒体未导出；不得直接提升为正式图片资产
business-media-0105,business,media,business-chapter-033,5,（1）,（1）绿色发展规划报告,,assets/template_words/商务补充文件.docx,(三)补充文件 / 7.针对评审要素，需要补充的其他文件 / 7.2.绿色发展规划及管理体系认证 / 7.2.1.绿色发展规划响应情况 / （1）绿色发展规划报告,92,92,tender_scoring_derived,assets/template_words/包1_完整招标文件_92475576192439826/SL2655招标文件-预审.docx,5.针对评审要素，需要补充的其他文件,parent_scoring_section,0.78,needs_manual_review,正式证据包候选,,,,,"[""物资类通用""]",,needs_review,inventory_only_needs_original_evidence_or_manual_promotion,review_only,false,,,,rId112,word/media/image104.jpg,4c61af9e6a6f66a457dcc3dea1b975e0ebd32196d0cc05642840347e03114f0c,1522,2152,4c61af9e6a6f66a457dcc3dea1b975e0ebd32196d0cc05642840347e03114f0c,Word内嵌媒体未导出；不得直接提升为正式图片资产
business-media-0106,business,media,business-chapter-033,5,（1）,（1）绿色发展规划报告,,assets/template_words/商务补充文件.docx,(三)补充文件 / 7.针对评审要素，需要补充的其他文件 / 7.2.绿色发展规划及管理体系认证 / 7.2.1.绿色发展规划响应情况 / （1）绿色发展规划报告,92,92,tender_scoring_derived,assets/template_words/包1_完整招标文件_92475576192439826/SL2655招标文件-预审.docx,5.针对评审要素，需要补充的其他文件,parent_scoring_section,0.78,needs_manual_review,正式证据包候选,,,,,"[""物资类通用""]",,needs_review,inventory_only_needs_original_evidence_or_manual_promotion,review_only,false,,,,rId113,word/media/image105.jpg,4e0cb7ea46aae0bf1c21d13f5a6827853070bb4e727410f91ea76079a0760872,1522,2152,4e0cb7ea46aae0bf1c21d13f5a6827853070bb4e727410f91ea76079a0760872,Word内嵌媒体未导出；不得直接提升为正式图片资产
business-media-0107,business,media,business-chapter-033,5,（1）,（1）绿色发展规划报告,,assets/template_words/商务补充文件.docx,(三)补充文件 / 7.针对评审要素，需要补充的其他文件 / 7.2.绿色发展规划及管理体系认证 / 7.2.1.绿色发展规划响应情况 / （1）绿色发展规划报告,92,92,tender_scoring_derived,assets/template_words/包1_完整招标文件_92475576192439826/SL2655招标文件-预审.docx,5.针对评审要素，需要补充的其他文件,parent_scoring_section,0.78,needs_manual_review,正式证据包候选,,,,,"[""物资类通用""]",,needs_review,inventory_only_needs_original_evidence_or_manual_promotion,review_only,false,,,,rId114,word/media/image106.jpg,3e1819220cbb9c33a4e90eec205363cced439886f46f2cef58e034643f5ce4ec,1819,2573,3e1819220cbb9c33a4e90eec205363cced439886f46f2cef58e034643f5ce4ec,Word内嵌媒体未导出；不得直接提升为正式图片资产
business-chapter-034,business,chapter,business-chapter-034,4,7.2.2.,7.2.2.绿色管理体系认证情况,,assets/template_words/商务补充文件.docx,(三)补充文件 / 7.针对评审要素，需要补充的其他文件 / 7.2.绿色发展规划及管理体系认证 / 7.2.2.绿色管理体系认证情况,110,110,tender_scoring_derived,assets/template_words/包1_完整招标文件_92475576192439826/SL2655招标文件-预审.docx,5.针对评审要素，需要补充的其他文件,parent_scoring_section,0.78,needs_manual_review,泰昌可复用企业事实,,,,,"[""物资类通用""]",,needs_review,manual_review_before_skeleton_reuse,review_only,false,,,,,,,,,252d0e438c70c49fa1a102031cd28d0f0725f42750c9eb19a69384e3d65b8aa9,
business-chapter-035,business,chapter,business-chapter-035,5,（1）,（1）质量管理体系认证证书,（1）质量管理体系认证证书,assets/template_words/商务补充文件.docx,(三)补充文件 / 7.针对评审要素，需要补充的其他文件 / 7.2.绿色发展规划及管理体系认证 / 7.2.2.绿色管理体系认证情况 / （1）质量管理体系认证证书,110,111,tender_scoring_derived,assets/template_words/包1_完整招标文件_92475576192439826/SL2655招标文件-预审.docx,5.针对评审要素，需要补充的其他文件,parent_scoring_section,0.78,needs_manual_review,正式证据包候选,,,,,"[""物资类通用""]",,needs_review,manual_review_before_skeleton_reuse,review_only,false,,,,,,,,,2fe3c447d390dadaa3b801458e0d5cba9a524d1f8dc4338854f057f3c56f2d48,
business-media-0108,business,media,business-chapter-035,5,（1）,（1）质量管理体系认证证书,,assets/template_words/商务补充文件.docx,(三)补充文件 / 7.针对评审要素，需要补充的其他文件 / 7.2.绿色发展规划及管理体系认证 / 7.2.2.绿色管理体系认证情况 / （1）质量管理体系认证证书,110,110,tender_scoring_derived,assets/template_words/包1_完整招标文件_92475576192439826/SL2655招标文件-预审.docx,5.针对评审要素，需要补充的其他文件,parent_scoring_section,0.78,needs_manual_review,正式证据包候选,,,,,"[""物资类通用""]",,needs_review,inventory_only_needs_original_evidence_or_manual_promotion,review_only,false,,,,rId115,word/media/image107.jpeg,ff35c4b67fb13525dc75cc6451c186d2e736a61a427998e6c6c7b94480f89c7e,1654,2339,ff35c4b67fb13525dc75cc6451c186d2e736a61a427998e6c6c7b94480f89c7e,Word内嵌媒体未导出；不得直接提升为正式图片资产
business-media-0109,business,media,business-chapter-035,5,（1）,（1）质量管理体系认证证书,,assets/template_words/商务补充文件.docx,(三)补充文件 / 7.针对评审要素，需要补充的其他文件 / 7.2.绿色发展规划及管理体系认证 / 7.2.2.绿色管理体系认证情况 / （1）质量管理体系认证证书,110,110,tender_scoring_derived,assets/template_words/包1_完整招标文件_92475576192439826/SL2655招标文件-预审.docx,5.针对评审要素，需要补充的其他文件,parent_scoring_section,0.78,needs_manual_review,正式证据包候选,,,,,"[""物资类通用""]",,needs_review,inventory_only_needs_original_evidence_or_manual_promotion,review_only,false,,,,rId116,word/media/image108.jpeg,9e593fb7c374d2b4227cb92d4699c3f2cec5499d7390a456a55ece0fc1e95e6f,1654,2339,9e593fb7c374d2b4227cb92d4699c3f2cec5499d7390a456a55ece0fc1e95e6f,Word内嵌媒体未导出；不得直接提升为正式图片资产
business-chapter-036,business,chapter,business-chapter-036,5,（2）,（2）职业健康安全管理体系认证证书,（2）职业健康安全管理体系认证证书,assets/template_words/商务补充文件.docx,(三)补充文件 / 7.针对评审要素，需要补充的其他文件 / 7.2.绿色发展规划及管理体系认证 / 7.2.2.绿色管理体系认证情况 / （2）职业健康安全管理体系认证证书,112,114,tender_scoring_derived,assets/template_words/包1_完整招标文件_92475576192439826/SL2655招标文件-预审.docx,5.针对评审要素，需要补充的其他文件,parent_scoring_section,0.78,needs_manual_review,正式证据包候选,,,,,"[""物资类通用""]",,needs_review,manual_review_before_skeleton_reuse,review_only,false,,,,,,,,,55976590471eceecca0e817727b72d811cf38bd55f50ae1320f352dc2b14b4a6,
business-media-0110,business,media,business-chapter-036,5,（2）,（2）职业健康安全管理体系认证证书,,assets/template_words/商务补充文件.docx,(三)补充文件 / 7.针对评审要素，需要补充的其他文件 / 7.2.绿色发展规划及管理体系认证 / 7.2.2.绿色管理体系认证情况 / （2）职业健康安全管理体系认证证书,113,113,tender_scoring_derived,assets/template_words/包1_完整招标文件_92475576192439826/SL2655招标文件-预审.docx,5.针对评审要素，需要补充的其他文件,parent_scoring_section,0.78,needs_manual_review,正式证据包候选,,,,,"[""物资类通用""]",,needs_review,inventory_only_needs_original_evidence_or_manual_promotion,review_only,false,,,,rId117,word/media/image109.jpeg,4311398d8c536b134ab23db094162e10bba50bb5306c3ad85fdd217403ff7bcc,1654,2339,4311398d8c536b134ab23db094162e10bba50bb5306c3ad85fdd217403ff7bcc,Word内嵌媒体未导出；不得直接提升为正式图片资产
business-media-0111,business,media,business-chapter-036,5,（2）,（2）职业健康安全管理体系认证证书,,assets/template_words/商务补充文件.docx,(三)补充文件 / 7.针对评审要素，需要补充的其他文件 / 7.2.绿色发展规划及管理体系认证 / 7.2.2.绿色管理体系认证情况 / （2）职业健康安全管理体系认证证书,113,113,tender_scoring_derived,assets/template_words/包1_完整招标文件_92475576192439826/SL2655招标文件-预审.docx,5.针对评审要素，需要补充的其他文件,parent_scoring_section,0.78,needs_manual_review,正式证据包候选,,,,,"[""物资类通用""]",,needs_review,inventory_only_needs_original_evidence_or_manual_promotion,review_only,false,,,,rId118,word/media/image110.jpeg,d6fbcdeedc1a3ca0715d4705a1155d52f09f40a52bebbbc2fd5997b627d3ef57,1266,1794,d6fbcdeedc1a3ca0715d4705a1155d52f09f40a52bebbbc2fd5997b627d3ef57,Word内嵌媒体未导出；不得直接提升为正式图片资产
business-media-0112,business,media,business-chapter-036,5,（2）,（2）职业健康安全管理体系认证证书,,assets/template_words/商务补充文件.docx,(三)补充文件 / 7.针对评审要素，需要补充的其他文件 / 7.2.绿色发展规划及管理体系认证 / 7.2.2.绿色管理体系认证情况 / （2）职业健康安全管理体系认证证书,113,113,tender_scoring_derived,assets/template_words/包1_完整招标文件_92475576192439826/SL2655招标文件-预审.docx,5.针对评审要素，需要补充的其他文件,parent_scoring_section,0.78,needs_manual_review,正式证据包候选,,,,,"[""物资类通用""]",,needs_review,inventory_only_needs_original_evidence_or_manual_promotion,review_only,false,,,,rId119,word/media/image111.jpeg,97475001330d47adf6eca8c6b5c0e9ad6926c8fae3dcb92253c7890b6f178f8c,1266,1794,97475001330d47adf6eca8c6b5c0e9ad6926c8fae3dcb92253c7890b6f178f8c,Word内嵌媒体未导出；不得直接提升为正式图片资产
business-chapter-037,business,chapter,business-chapter-037,5,（3）,（3）环境管理体系认证证书,（3）环境管理体系认证证书,assets/template_words/商务补充文件.docx,(三)补充文件 / 7.针对评审要素，需要补充的其他文件 / 7.2.绿色发展规划及管理体系认证 / 7.2.2.绿色管理体系认证情况 / （3）环境管理体系认证证书,115,116,tender_scoring_derived,assets/template_words/包1_完整招标文件_92475576192439826/SL2655招标文件-预审.docx,5.针对评审要素，需要补充的其他文件,parent_scoring_section,0.78,needs_manual_review,正式证据包候选,,,,,"[""物资类通用""]",,needs_review,manual_review_before_skeleton_reuse,review_only,false,,,,,,,,,5ea732af23ab8f178e1c694e2f1286d337126f041a61e4db1a79df060af5437a,
business-media-0113,business,media,business-chapter-037,5,（3）,（3）环境管理体系认证证书,,assets/template_words/商务补充文件.docx,(三)补充文件 / 7.针对评审要素，需要补充的其他文件 / 7.2.绿色发展规划及管理体系认证 / 7.2.2.绿色管理体系认证情况 / （3）环境管理体系认证证书,116,116,tender_scoring_derived,assets/template_words/包1_完整招标文件_92475576192439826/SL2655招标文件-预审.docx,5.针对评审要素，需要补充的其他文件,parent_scoring_section,0.78,needs_manual_review,正式证据包候选,,,,,"[""物资类通用""]",,needs_review,inventory_only_needs_original_evidence_or_manual_promotion,review_only,false,,,,rId120,word/media/image112.jpeg,5471bfe25f8e5352f8c78312cf1400e03b17c6e21e5646a2c8f6510b8fa96c52,1654,2340,5471bfe25f8e5352f8c78312cf1400e03b17c6e21e5646a2c8f6510b8fa96c52,Word内嵌媒体未导出；不得直接提升为正式图片资产
business-media-0114,business,media,business-chapter-037,5,（3）,（3）环境管理体系认证证书,,assets/template_words/商务补充文件.docx,(三)补充文件 / 7.针对评审要素，需要补充的其他文件 / 7.2.绿色发展规划及管理体系认证 / 7.2.2.绿色管理体系认证情况 / （3）环境管理体系认证证书,116,116,tender_scoring_derived,assets/template_words/包1_完整招标文件_92475576192439826/SL2655招标文件-预审.docx,5.针对评审要素，需要补充的其他文件,parent_scoring_section,0.78,needs_manual_review,正式证据包候选,,,,,"[""物资类通用""]",,needs_review,inventory_only_needs_original_evidence_or_manual_promotion,review_only,false,,,,rId121,word/media/image113.jpeg,87e41dd5286cbcb1a583c6781fa7583e69c0707ac24e911ae549b37ea8a6f5f7,1654,2340,87e41dd5286cbcb1a583c6781fa7583e69c0707ac24e911ae549b37ea8a6f5f7,Word内嵌媒体未导出；不得直接提升为正式图片资产
business-chapter-038,business,chapter,business-chapter-038,4,7.2.3.,7.2.3.环境影响评价情况,,assets/template_words/商务补充文件.docx,(三)补充文件 / 7.针对评审要素，需要补充的其他文件 / 7.2.绿色发展规划及管理体系认证 / 7.2.3.环境影响评价情况,117,117,tender_scoring_derived,assets/template_words/包1_完整招标文件_92475576192439826/SL2655招标文件-预审.docx,5.针对评审要素，需要补充的其他文件,parent_scoring_section,0.78,needs_manual_review,泰昌可复用企业事实,,,,,"[""物资类通用""]",,needs_review,manual_review_before_skeleton_reuse,review_only,false,,,,,,,,,8cb3bd83e954d15c67f36eea7254fdb4c6b8418ce54f1869ab15b0a4e965927e,
business-chapter-039,business,chapter,business-chapter-039,5,（1）,（1）ESG(环境、社会、公司治理)报告,,assets/template_words/商务补充文件.docx,(三)补充文件 / 7.针对评审要素，需要补充的其他文件 / 7.2.绿色发展规划及管理体系认证 / 7.2.3.环境影响评价情况 / （1）ESG(环境、社会、公司治理)报告,117,155,tender_scoring_derived,assets/template_words/包1_完整招标文件_92475576192439826/SL2655招标文件-预审.docx,5.针对评审要素，需要补充的其他文件,parent_scoring_section,0.78,needs_manual_review,正式证据包候选,,,,,"[""物资类通用""]",,needs_review,manual_review_before_skeleton_reuse,review_only,false,,,,,,,,,d92b27dce1ec230074df8fe22135dd82638442a61e229605a4a7ccda3f4ab8c9,
business-media-0115,business,media,business-chapter-039,5,（1）,（1）ESG(环境、社会、公司治理)报告,,assets/template_words/商务补充文件.docx,(三)补充文件 / 7.针对评审要素，需要补充的其他文件 / 7.2.绿色发展规划及管理体系认证 / 7.2.3.环境影响评价情况 / （1）ESG(环境、社会、公司治理)报告,117,117,tender_scoring_derived,assets/template_words/包1_完整招标文件_92475576192439826/SL2655招标文件-预审.docx,5.针对评审要素，需要补充的其他文件,parent_scoring_section,0.78,needs_manual_review,正式证据包候选,,,,,"[""物资类通用""]",,needs_review,inventory_only_needs_original_evidence_or_manual_promotion,review_only,false,,,,rId122,word/media/image114.jpeg,b53ba493193200c68f5bd1e70bcac88fe17f08abfe67931db02f1d580754ec86,1268,876,b53ba493193200c68f5bd1e70bcac88fe17f08abfe67931db02f1d580754ec86,Word内嵌媒体未导出；不得直接提升为正式图片资产
business-media-0116,business,media,business-chapter-039,5,（1）,（1）ESG(环境、社会、公司治理)报告,,assets/template_words/商务补充文件.docx,(三)补充文件 / 7.针对评审要素，需要补充的其他文件 / 7.2.绿色发展规划及管理体系认证 / 7.2.3.环境影响评价情况 / （1）ESG(环境、社会、公司治理)报告,117,117,tender_scoring_derived,assets/template_words/包1_完整招标文件_92475576192439826/SL2655招标文件-预审.docx,5.针对评审要素，需要补充的其他文件,parent_scoring_section,0.78,needs_manual_review,正式证据包候选,,,,,"[""物资类通用""]",,needs_review,inventory_only_needs_original_evidence_or_manual_promotion,review_only,false,,,,rId123,word/media/image115.jpeg,027b9fe7e02841a1f1da4e6fb6dea49baf56ae9b55cb6583120f5778c931666f,1269,1795,027b9fe7e02841a1f1da4e6fb6dea49baf56ae9b55cb6583120f5778c931666f,Word内嵌媒体未导出；不得直接提升为正式图片资产
business-media-0117,business,media,business-chapter-039,5,（1）,（1）ESG(环境、社会、公司治理)报告,,assets/template_words/商务补充文件.docx,(三)补充文件 / 7.针对评审要素，需要补充的其他文件 / 7.2.绿色发展规划及管理体系认证 / 7.2.3.环境影响评价情况 / （1）ESG(环境、社会、公司治理)报告,117,117,tender_scoring_derived,assets/template_words/包1_完整招标文件_92475576192439826/SL2655招标文件-预审.docx,5.针对评审要素，需要补充的其他文件,parent_scoring_section,0.78,needs_manual_review,正式证据包候选,,,,,"[""物资类通用""]",,needs_review,inventory_only_needs_original_evidence_or_manual_promotion,review_only,false,,,,rId124,word/media/image116.jpg,54b32e1aef1777a16a51ed6bf82304ee9e161240d910cdda04c2639ecc754d55,1654,2339,54b32e1aef1777a16a51ed6bf82304ee9e161240d910cdda04c2639ecc754d55,Word内嵌媒体未导出；不得直接提升为正式图片资产
business-media-0118,business,media,business-chapter-039,5,（1）,（1）ESG(环境、社会、公司治理)报告,,assets/template_words/商务补充文件.docx,(三)补充文件 / 7.针对评审要素，需要补充的其他文件 / 7.2.绿色发展规划及管理体系认证 / 7.2.3.环境影响评价情况 / （1）ESG(环境、社会、公司治理)报告,117,117,tender_scoring_derived,assets/template_words/包1_完整招标文件_92475576192439826/SL2655招标文件-预审.docx,5.针对评审要素，需要补充的其他文件,parent_scoring_section,0.78,needs_manual_review,正式证据包候选,,,,,"[""物资类通用""]",,needs_review,inventory_only_needs_original_evidence_or_manual_promotion,review_only,false,,,,rId125,word/media/image117.jpg,53c1ea1e43c7f66fdb7fa67da802273918295004e46361c837a721c211939294,1654,2339,53c1ea1e43c7f66fdb7fa67da802273918295004e46361c837a721c211939294,Word内嵌媒体未导出；不得直接提升为正式图片资产
business-media-0119,business,media,business-chapter-039,5,（1）,（1）ESG(环境、社会、公司治理)报告,,assets/template_words/商务补充文件.docx,(三)补充文件 / 7.针对评审要素，需要补充的其他文件 / 7.2.绿色发展规划及管理体系认证 / 7.2.3.环境影响评价情况 / （1）ESG(环境、社会、公司治理)报告,117,117,tender_scoring_derived,assets/template_words/包1_完整招标文件_92475576192439826/SL2655招标文件-预审.docx,5.针对评审要素，需要补充的其他文件,parent_scoring_section,0.78,needs_manual_review,正式证据包候选,,,,,"[""物资类通用""]",,needs_review,inventory_only_needs_original_evidence_or_manual_promotion,review_only,false,,,,rId126,word/media/image118.jpg,7676bfeb9066442e3b80ff6f21f0c4ec2e80d5c22d4a0c6c4a9d6fa0bd0605d6,1654,2339,7676bfeb9066442e3b80ff6f21f0c4ec2e80d5c22d4a0c6c4a9d6fa0bd0605d6,Word内嵌媒体未导出；不得直接提升为正式图片资产
business-media-0120,business,media,business-chapter-039,5,（1）,（1）ESG(环境、社会、公司治理)报告,,assets/template_words/商务补充文件.docx,(三)补充文件 / 7.针对评审要素，需要补充的其他文件 / 7.2.绿色发展规划及管理体系认证 / 7.2.3.环境影响评价情况 / （1）ESG(环境、社会、公司治理)报告,117,117,tender_scoring_derived,assets/template_words/包1_完整招标文件_92475576192439826/SL2655招标文件-预审.docx,5.针对评审要素，需要补充的其他文件,parent_scoring_section,0.78,needs_manual_review,正式证据包候选,,,,,"[""物资类通用""]",,needs_review,inventory_only_needs_original_evidence_or_manual_promotion,review_only,false,,,,rId127,word/media/image119.jpg,188723a2fdb768419740a4712cfe0997efe269004187a30133c97ec5c255b818,1654,2339,188723a2fdb768419740a4712cfe0997efe269004187a30133c97ec5c255b818,Word内嵌媒体未导出；不得直接提升为正式图片资产
business-media-0121,business,media,business-chapter-039,5,（1）,（1）ESG(环境、社会、公司治理)报告,,assets/template_words/商务补充文件.docx,(三)补充文件 / 7.针对评审要素，需要补充的其他文件 / 7.2.绿色发展规划及管理体系认证 / 7.2.3.环境影响评价情况 / （1）ESG(环境、社会、公司治理)报告,117,117,tender_scoring_derived,assets/template_words/包1_完整招标文件_92475576192439826/SL2655招标文件-预审.docx,5.针对评审要素，需要补充的其他文件,parent_scoring_section,0.78,needs_manual_review,正式证据包候选,,,,,"[""物资类通用""]",,needs_review,inventory_only_needs_original_evidence_or_manual_promotion,review_only,false,,,,rId128,word/media/image120.jpg,a0d028f62ad5d102213a2cfa528118bafd75815733c00c180a6039df16691ddb,1282,1766,a0d028f62ad5d102213a2cfa528118bafd75815733c00c180a6039df16691ddb,Word内嵌媒体未导出；不得直接提升为正式图片资产
business-media-0122,business,media,business-chapter-039,5,（1）,（1）ESG(环境、社会、公司治理)报告,,assets/template_words/商务补充文件.docx,(三)补充文件 / 7.针对评审要素，需要补充的其他文件 / 7.2.绿色发展规划及管理体系认证 / 7.2.3.环境影响评价情况 / （1）ESG(环境、社会、公司治理)报告,117,117,tender_scoring_derived,assets/template_words/包1_完整招标文件_92475576192439826/SL2655招标文件-预审.docx,5.针对评审要素，需要补充的其他文件,parent_scoring_section,0.78,needs_manual_review,正式证据包候选,,,,,"[""物资类通用""]",,needs_review,inventory_only_needs_original_evidence_or_manual_promotion,review_only,false,,,,rId129,word/media/image121.jpg,22b77010820ac4f3b956e3fe20b782e1012b2057c371ddf9c54de82fbaab6c8d,1654,2339,22b77010820ac4f3b956e3fe20b782e1012b2057c371ddf9c54de82fbaab6c8d,Word内嵌媒体未导出；不得直接提升为正式图片资产
business-media-0123,business,media,business-chapter-039,5,（1）,（1）ESG(环境、社会、公司治理)报告,,assets/template_words/商务补充文件.docx,(三)补充文件 / 7.针对评审要素，需要补充的其他文件 / 7.2.绿色发展规划及管理体系认证 / 7.2.3.环境影响评价情况 / （1）ESG(环境、社会、公司治理)报告,117,117,tender_scoring_derived,assets/template_words/包1_完整招标文件_92475576192439826/SL2655招标文件-预审.docx,5.针对评审要素，需要补充的其他文件,parent_scoring_section,0.78,needs_manual_review,正式证据包候选,,,,,"[""物资类通用""]",,needs_review,inventory_only_needs_original_evidence_or_manual_promotion,review_only,false,,,,rId130,word/media/image122.jpg,a161ad2bd2111efa115aa9d0ea246a4555d024c75b7e28f2b16403e53b076873,1654,2339,a161ad2bd2111efa115aa9d0ea246a4555d024c75b7e28f2b16403e53b076873,Word内嵌媒体未导出；不得直接提升为正式图片资产
business-media-0124,business,media,business-chapter-039,5,（1）,（1）ESG(环境、社会、公司治理)报告,,assets/template_words/商务补充文件.docx,(三)补充文件 / 7.针对评审要素，需要补充的其他文件 / 7.2.绿色发展规划及管理体系认证 / 7.2.3.环境影响评价情况 / （1）ESG(环境、社会、公司治理)报告,117,117,tender_scoring_derived,assets/template_words/包1_完整招标文件_92475576192439826/SL2655招标文件-预审.docx,5.针对评审要素，需要补充的其他文件,parent_scoring_section,0.78,needs_manual_review,正式证据包候选,,,,,"[""物资类通用""]",,needs_review,inventory_only_needs_original_evidence_or_manual_promotion,review_only,false,,,,rId131,word/media/image123.jpeg,19e03489f3654cc41a966e920b70b7b0fe494989ecbef6180cb841b494c3ae3f,1267,1793,19e03489f3654cc41a966e920b70b7b0fe494989ecbef6180cb841b494c3ae3f,Word内嵌媒体未导出；不得直接提升为正式图片资产
business-media-0125,business,media,business-chapter-039,5,（1）,（1）ESG(环境、社会、公司治理)报告,,assets/template_words/商务补充文件.docx,(三)补充文件 / 7.针对评审要素，需要补充的其他文件 / 7.2.绿色发展规划及管理体系认证 / 7.2.3.环境影响评价情况 / （1）ESG(环境、社会、公司治理)报告,117,117,tender_scoring_derived,assets/template_words/包1_完整招标文件_92475576192439826/SL2655招标文件-预审.docx,5.针对评审要素，需要补充的其他文件,parent_scoring_section,0.78,needs_manual_review,正式证据包候选,,,,,"[""物资类通用""]",,needs_review,inventory_only_needs_original_evidence_or_manual_promotion,review_only,false,,,,rId132,word/media/image124.jpg,f8f8b3192055512b072824f6725f5a432a4cf775f11b22a20c269dbe9301ea24,1819,2573,f8f8b3192055512b072824f6725f5a432a4cf775f11b22a20c269dbe9301ea24,Word内嵌媒体未导出；不得直接提升为正式图片资产
business-media-0126,business,media,business-chapter-039,5,（1）,（1）ESG(环境、社会、公司治理)报告,,assets/template_words/商务补充文件.docx,(三)补充文件 / 7.针对评审要素，需要补充的其他文件 / 7.2.绿色发展规划及管理体系认证 / 7.2.3.环境影响评价情况 / （1）ESG(环境、社会、公司治理)报告,117,117,tender_scoring_derived,assets/template_words/包1_完整招标文件_92475576192439826/SL2655招标文件-预审.docx,5.针对评审要素，需要补充的其他文件,parent_scoring_section,0.78,needs_manual_review,正式证据包候选,,,,,"[""物资类通用""]",,needs_review,inventory_only_needs_original_evidence_or_manual_promotion,review_only,false,,,,rId133,word/media/image125.jpg,3ec9384927aaaaeb9bd0bb09ec1fc8b8f32298359170e7f1cfb02970ea33352d,1654,2339,3ec9384927aaaaeb9bd0bb09ec1fc8b8f32298359170e7f1cfb02970ea33352d,Word内嵌媒体未导出；不得直接提升为正式图片资产
business-media-0127,business,media,business-chapter-039,5,（1）,（1）ESG(环境、社会、公司治理)报告,,assets/template_words/商务补充文件.docx,(三)补充文件 / 7.针对评审要素，需要补充的其他文件 / 7.2.绿色发展规划及管理体系认证 / 7.2.3.环境影响评价情况 / （1）ESG(环境、社会、公司治理)报告,117,117,tender_scoring_derived,assets/template_words/包1_完整招标文件_92475576192439826/SL2655招标文件-预审.docx,5.针对评审要素，需要补充的其他文件,parent_scoring_section,0.78,needs_manual_review,正式证据包候选,,,,,"[""物资类通用""]",,needs_review,inventory_only_needs_original_evidence_or_manual_promotion,review_only,false,,,,rId134,word/media/image126.jpg,519687962fae6d25ca600b70624b5c118791735ebddfbeb764ee733702b39efa,1654,2339,519687962fae6d25ca600b70624b5c118791735ebddfbeb764ee733702b39efa,Word内嵌媒体未导出；不得直接提升为正式图片资产
business-media-0128,business,media,business-chapter-039,5,（1）,（1）ESG(环境、社会、公司治理)报告,,assets/template_words/商务补充文件.docx,(三)补充文件 / 7.针对评审要素，需要补充的其他文件 / 7.2.绿色发展规划及管理体系认证 / 7.2.3.环境影响评价情况 / （1）ESG(环境、社会、公司治理)报告,117,117,tender_scoring_derived,assets/template_words/包1_完整招标文件_92475576192439826/SL2655招标文件-预审.docx,5.针对评审要素，需要补充的其他文件,parent_scoring_section,0.78,needs_manual_review,正式证据包候选,,,,,"[""物资类通用""]",,needs_review,inventory_only_needs_original_evidence_or_manual_promotion,review_only,false,,,,rId135,word/media/image127.jpg,f5a8e578bba7788c34bc1ecd1fcc17c7f5dc8e0c1a29c2076076d000f3962a11,1654,2339,f5a8e578bba7788c34bc1ecd1fcc17c7f5dc8e0c1a29c2076076d000f3962a11,Word内嵌媒体未导出；不得直接提升为正式图片资产
business-media-0129,business,media,business-chapter-039,5,（1）,（1）ESG(环境、社会、公司治理)报告,,assets/template_words/商务补充文件.docx,(三)补充文件 / 7.针对评审要素，需要补充的其他文件 / 7.2.绿色发展规划及管理体系认证 / 7.2.3.环境影响评价情况 / （1）ESG(环境、社会、公司治理)报告,117,117,tender_scoring_derived,assets/template_words/包1_完整招标文件_92475576192439826/SL2655招标文件-预审.docx,5.针对评审要素，需要补充的其他文件,parent_scoring_section,0.78,needs_manual_review,正式证据包候选,,,,,"[""物资类通用""]",,needs_review,inventory_only_needs_original_evidence_or_manual_promotion,review_only,false,,,,rId136,word/media/image128.jpg,ac859622cf6b7736c7bbd183325153d71ffb7f2ed1648510f117e8f853e89ab5,1654,2339,ac859622cf6b7736c7bbd183325153d71ffb7f2ed1648510f117e8f853e89ab5,Word内嵌媒体未导出；不得直接提升为正式图片资产
business-media-0130,business,media,business-chapter-039,5,（1）,（1）ESG(环境、社会、公司治理)报告,,assets/template_words/商务补充文件.docx,(三)补充文件 / 7.针对评审要素，需要补充的其他文件 / 7.2.绿色发展规划及管理体系认证 / 7.2.3.环境影响评价情况 / （1）ESG(环境、社会、公司治理)报告,117,117,tender_scoring_derived,assets/template_words/包1_完整招标文件_92475576192439826/SL2655招标文件-预审.docx,5.针对评审要素，需要补充的其他文件,parent_scoring_section,0.78,needs_manual_review,正式证据包候选,,,,,"[""物资类通用""]",,needs_review,inventory_only_needs_original_evidence_or_manual_promotion,review_only,false,,,,rId137,word/media/image129.jpg,50699f200416f6611a01445841d4b0772aec2166d6fa46551e4a482a6a797649,1654,2339,50699f200416f6611a01445841d4b0772aec2166d6fa46551e4a482a6a797649,Word内嵌媒体未导出；不得直接提升为正式图片资产
business-media-0131,business,media,business-chapter-039,5,（1）,（1）ESG(环境、社会、公司治理)报告,,assets/template_words/商务补充文件.docx,(三)补充文件 / 7.针对评审要素，需要补充的其他文件 / 7.2.绿色发展规划及管理体系认证 / 7.2.3.环境影响评价情况 / （1）ESG(环境、社会、公司治理)报告,117,117,tender_scoring_derived,assets/template_words/包1_完整招标文件_92475576192439826/SL2655招标文件-预审.docx,5.针对评审要素，需要补充的其他文件,parent_scoring_section,0.78,needs_manual_review,正式证据包候选,,,,,"[""物资类通用""]",,needs_review,inventory_only_needs_original_evidence_or_manual_promotion,review_only,false,,,,rId138,word/media/image130.jpg,47dc41d6bde97f536a191c7caf19a27781169bf9a2b5c3c64c7205b71c776d50,1241,1754,47dc41d6bde97f536a191c7caf19a27781169bf9a2b5c3c64c7205b71c776d50,Word内嵌媒体未导出；不得直接提升为正式图片资产
business-media-0132,business,media,business-chapter-039,5,（1）,（1）ESG(环境、社会、公司治理)报告,,assets/template_words/商务补充文件.docx,(三)补充文件 / 7.针对评审要素，需要补充的其他文件 / 7.2.绿色发展规划及管理体系认证 / 7.2.3.环境影响评价情况 / （1）ESG(环境、社会、公司治理)报告,117,117,tender_scoring_derived,assets/template_words/包1_完整招标文件_92475576192439826/SL2655招标文件-预审.docx,5.针对评审要素，需要补充的其他文件,parent_scoring_section,0.78,needs_manual_review,正式证据包候选,,,,,"[""物资类通用""]",,needs_review,inventory_only_needs_original_evidence_or_manual_promotion,review_only,false,,,,rId139,word/media/image131.jpeg,0aad16dc138f6d5c9bf7f8088fafd64f2ffc91ecbaaf014e1c4844c237154999,1269,1795,0aad16dc138f6d5c9bf7f8088fafd64f2ffc91ecbaaf014e1c4844c237154999,Word内嵌媒体未导出；不得直接提升为正式图片资产
business-media-0133,business,media,business-chapter-039,5,（1）,（1）ESG(环境、社会、公司治理)报告,,assets/template_words/商务补充文件.docx,(三)补充文件 / 7.针对评审要素，需要补充的其他文件 / 7.2.绿色发展规划及管理体系认证 / 7.2.3.环境影响评价情况 / （1）ESG(环境、社会、公司治理)报告,117,117,tender_scoring_derived,assets/template_words/包1_完整招标文件_92475576192439826/SL2655招标文件-预审.docx,5.针对评审要素，需要补充的其他文件,parent_scoring_section,0.78,needs_manual_review,正式证据包候选,,,,,"[""物资类通用""]",,needs_review,inventory_only_needs_original_evidence_or_manual_promotion,review_only,false,,,,rId140,word/media/image132.jpg,9fa23e38de83b035aaa99cd93cd8ae90a8e3c6370bf5e7da58f3fb91b2060bd8,1654,2339,9fa23e38de83b035aaa99cd93cd8ae90a8e3c6370bf5e7da58f3fb91b2060bd8,Word内嵌媒体未导出；不得直接提升为正式图片资产
business-media-0134,business,media,business-chapter-039,5,（1）,（1）ESG(环境、社会、公司治理)报告,,assets/template_words/商务补充文件.docx,(三)补充文件 / 7.针对评审要素，需要补充的其他文件 / 7.2.绿色发展规划及管理体系认证 / 7.2.3.环境影响评价情况 / （1）ESG(环境、社会、公司治理)报告,117,117,tender_scoring_derived,assets/template_words/包1_完整招标文件_92475576192439826/SL2655招标文件-预审.docx,5.针对评审要素，需要补充的其他文件,parent_scoring_section,0.78,needs_manual_review,正式证据包候选,,,,,"[""物资类通用""]",,needs_review,inventory_only_needs_original_evidence_or_manual_promotion,review_only,false,,,,rId141,word/media/image133.jpg,ecbe4af54d4146566dc24029f6fbea4c5480d0a6aa8946d838bd359faa6bdc87,1654,2339,ecbe4af54d4146566dc24029f6fbea4c5480d0a6aa8946d838bd359faa6bdc87,Word内嵌媒体未导出；不得直接提升为正式图片资产
business-media-0135,business,media,business-chapter-039,5,（1）,（1）ESG(环境、社会、公司治理)报告,,assets/template_words/商务补充文件.docx,(三)补充文件 / 7.针对评审要素，需要补充的其他文件 / 7.2.绿色发展规划及管理体系认证 / 7.2.3.环境影响评价情况 / （1）ESG(环境、社会、公司治理)报告,117,117,tender_scoring_derived,assets/template_words/包1_完整招标文件_92475576192439826/SL2655招标文件-预审.docx,5.针对评审要素，需要补充的其他文件,parent_scoring_section,0.78,needs_manual_review,正式证据包候选,,,,,"[""物资类通用""]",,needs_review,inventory_only_needs_original_evidence_or_manual_promotion,review_only,false,,,,rId142,word/media/image134.jpg,c2bb7eabfb0800e7b1969a3f6722e001628ec8c746a1a5bfd804a5a049a9af97,1654,2339,c2bb7eabfb0800e7b1969a3f6722e001628ec8c746a1a5bfd804a5a049a9af97,Word内嵌媒体未导出；不得直接提升为正式图片资产
business-media-0136,business,media,business-chapter-039,5,（1）,（1）ESG(环境、社会、公司治理)报告,,assets/template_words/商务补充文件.docx,(三)补充文件 / 7.针对评审要素，需要补充的其他文件 / 7.2.绿色发展规划及管理体系认证 / 7.2.3.环境影响评价情况 / （1）ESG(环境、社会、公司治理)报告,117,117,tender_scoring_derived,assets/template_words/包1_完整招标文件_92475576192439826/SL2655招标文件-预审.docx,5.针对评审要素，需要补充的其他文件,parent_scoring_section,0.78,needs_manual_review,正式证据包候选,,,,,"[""物资类通用""]",,needs_review,inventory_only_needs_original_evidence_or_manual_promotion,review_only,false,,,,rId143,word/media/image135.jpg,4970ecb2a4e6bdf4cb5d6f28aa2bddf393a7e5ab2644343d099a8f902366afb1,1654,2339,4970ecb2a4e6bdf4cb5d6f28aa2bddf393a7e5ab2644343d099a8f902366afb1,Word内嵌媒体未导出；不得直接提升为正式图片资产
business-media-0137,business,media,business-chapter-039,5,（1）,（1）ESG(环境、社会、公司治理)报告,,assets/template_words/商务补充文件.docx,(三)补充文件 / 7.针对评审要素，需要补充的其他文件 / 7.2.绿色发展规划及管理体系认证 / 7.2.3.环境影响评价情况 / （1）ESG(环境、社会、公司治理)报告,117,117,tender_scoring_derived,assets/template_words/包1_完整招标文件_92475576192439826/SL2655招标文件-预审.docx,5.针对评审要素，需要补充的其他文件,parent_scoring_section,0.78,needs_manual_review,正式证据包候选,,,,,"[""物资类通用""]",,needs_review,inventory_only_needs_original_evidence_or_manual_promotion,review_only,false,,,,rId144,word/media/image136.jpg,e30ef45e1f198d56d9981b076d0bdd4eddf465ba76b2e8d1abd6abf08787bb37,1654,2339,e30ef45e1f198d56d9981b076d0bdd4eddf465ba76b2e8d1abd6abf08787bb37,Word内嵌媒体未导出；不得直接提升为正式图片资产
business-media-0138,business,media,business-chapter-039,5,（1）,（1）ESG(环境、社会、公司治理)报告,,assets/template_words/商务补充文件.docx,(三)补充文件 / 7.针对评审要素，需要补充的其他文件 / 7.2.绿色发展规划及管理体系认证 / 7.2.3.环境影响评价情况 / （1）ESG(环境、社会、公司治理)报告,117,117,tender_scoring_derived,assets/template_words/包1_完整招标文件_92475576192439826/SL2655招标文件-预审.docx,5.针对评审要素，需要补充的其他文件,parent_scoring_section,0.78,needs_manual_review,正式证据包候选,,,,,"[""物资类通用""]",,needs_review,inventory_only_needs_original_evidence_or_manual_promotion,review_only,false,,,,rId145,word/media/image137.jpg,7d7df167353c4e64195a430db91b1a20af85dc4708d3a136fffff2dd42a1403d,1654,2339,7d7df167353c4e64195a430db91b1a20af85dc4708d3a136fffff2dd42a1403d,Word内嵌媒体未导出；不得直接提升为正式图片资产
business-media-0139,business,media,business-chapter-039,5,（1）,（1）ESG(环境、社会、公司治理)报告,,assets/template_words/商务补充文件.docx,(三)补充文件 / 7.针对评审要素，需要补充的其他文件 / 7.2.绿色发展规划及管理体系认证 / 7.2.3.环境影响评价情况 / （1）ESG(环境、社会、公司治理)报告,117,117,tender_scoring_derived,assets/template_words/包1_完整招标文件_92475576192439826/SL2655招标文件-预审.docx,5.针对评审要素，需要补充的其他文件,parent_scoring_section,0.78,needs_manual_review,正式证据包候选,,,,,"[""物资类通用""]",,needs_review,inventory_only_needs_original_evidence_or_manual_promotion,review_only,false,,,,rId146,word/media/image138.jpg,d384368f58e664b0a0d2ab5b2fb1c95d3e39e7cc36561fd8a286fb75eb120f8f,1654,2339,d384368f58e664b0a0d2ab5b2fb1c95d3e39e7cc36561fd8a286fb75eb120f8f,Word内嵌媒体未导出；不得直接提升为正式图片资产
business-media-0140,business,media,business-chapter-039,5,（1）,（1）ESG(环境、社会、公司治理)报告,,assets/template_words/商务补充文件.docx,(三)补充文件 / 7.针对评审要素，需要补充的其他文件 / 7.2.绿色发展规划及管理体系认证 / 7.2.3.环境影响评价情况 / （1）ESG(环境、社会、公司治理)报告,117,117,tender_scoring_derived,assets/template_words/包1_完整招标文件_92475576192439826/SL2655招标文件-预审.docx,5.针对评审要素，需要补充的其他文件,parent_scoring_section,0.78,needs_manual_review,正式证据包候选,,,,,"[""物资类通用""]",,needs_review,inventory_only_needs_original_evidence_or_manual_promotion,review_only,false,,,,rId147,word/media/image139.jpg,f5ffc8858fd65ede793997e978fc99d99e582fa951efca1d4d3afa922501c87e,1654,2339,f5ffc8858fd65ede793997e978fc99d99e582fa951efca1d4d3afa922501c87e,Word内嵌媒体未导出；不得直接提升为正式图片资产
business-media-0141,business,media,business-chapter-039,5,（1）,（1）ESG(环境、社会、公司治理)报告,,assets/template_words/商务补充文件.docx,(三)补充文件 / 7.针对评审要素，需要补充的其他文件 / 7.2.绿色发展规划及管理体系认证 / 7.2.3.环境影响评价情况 / （1）ESG(环境、社会、公司治理)报告,117,117,tender_scoring_derived,assets/template_words/包1_完整招标文件_92475576192439826/SL2655招标文件-预审.docx,5.针对评审要素，需要补充的其他文件,parent_scoring_section,0.78,needs_manual_review,正式证据包候选,,,,,"[""物资类通用""]",,needs_review,inventory_only_needs_original_evidence_or_manual_promotion,review_only,false,,,,rId148,word/media/image140.jpg,501de4054c85aa8765ecc623897193c049c739f6d4af29ea79bd8a1ddd49d838,1654,2339,501de4054c85aa8765ecc623897193c049c739f6d4af29ea79bd8a1ddd49d838,Word内嵌媒体未导出；不得直接提升为正式图片资产
business-media-0142,business,media,business-chapter-039,5,（1）,（1）ESG(环境、社会、公司治理)报告,,assets/template_words/商务补充文件.docx,(三)补充文件 / 7.针对评审要素，需要补充的其他文件 / 7.2.绿色发展规划及管理体系认证 / 7.2.3.环境影响评价情况 / （1）ESG(环境、社会、公司治理)报告,117,117,tender_scoring_derived,assets/template_words/包1_完整招标文件_92475576192439826/SL2655招标文件-预审.docx,5.针对评审要素，需要补充的其他文件,parent_scoring_section,0.78,needs_manual_review,正式证据包候选,,,,,"[""物资类通用""]",,needs_review,inventory_only_needs_original_evidence_or_manual_promotion,review_only,false,,,,rId149,word/media/image141.jpg,6fed6f1cf1bcc90042cf7fcd7ea30ab0ef17638b90d96092656c42d57851ece4,1654,2339,6fed6f1cf1bcc90042cf7fcd7ea30ab0ef17638b90d96092656c42d57851ece4,Word内嵌媒体未导出；不得直接提升为正式图片资产
business-media-0143,business,media,business-chapter-039,5,（1）,（1）ESG(环境、社会、公司治理)报告,,assets/template_words/商务补充文件.docx,(三)补充文件 / 7.针对评审要素，需要补充的其他文件 / 7.2.绿色发展规划及管理体系认证 / 7.2.3.环境影响评价情况 / （1）ESG(环境、社会、公司治理)报告,117,117,tender_scoring_derived,assets/template_words/包1_完整招标文件_92475576192439826/SL2655招标文件-预审.docx,5.针对评审要素，需要补充的其他文件,parent_scoring_section,0.78,needs_manual_review,正式证据包候选,,,,,"[""物资类通用""]",,needs_review,inventory_only_needs_original_evidence_or_manual_promotion,review_only,false,,,,rId150,word/media/image142.jpg,2f19ea5f9dd00119cd15f688e46131dfdb49362c2bd6b66f02f84c3ddbda4e54,1654,2339,2f19ea5f9dd00119cd15f688e46131dfdb49362c2bd6b66f02f84c3ddbda4e54,Word内嵌媒体未导出；不得直接提升为正式图片资产
business-media-0144,business,media,business-chapter-039,5,（1）,（1）ESG(环境、社会、公司治理)报告,,assets/template_words/商务补充文件.docx,(三)补充文件 / 7.针对评审要素，需要补充的其他文件 / 7.2.绿色发展规划及管理体系认证 / 7.2.3.环境影响评价情况 / （1）ESG(环境、社会、公司治理)报告,117,117,tender_scoring_derived,assets/template_words/包1_完整招标文件_92475576192439826/SL2655招标文件-预审.docx,5.针对评审要素，需要补充的其他文件,parent_scoring_section,0.78,needs_manual_review,正式证据包候选,,,,,"[""物资类通用""]",,needs_review,inventory_only_needs_original_evidence_or_manual_promotion,review_only,false,,,,rId151,word/media/image143.jpg,e8c46e6c5b395eb98fd62963a9243ee283e792223c2f98a26f28f35009f8c059,1654,2339,e8c46e6c5b395eb98fd62963a9243ee283e792223c2f98a26f28f35009f8c059,Word内嵌媒体未导出；不得直接提升为正式图片资产
business-media-0145,business,media,business-chapter-039,5,（1）,（1）ESG(环境、社会、公司治理)报告,,assets/template_words/商务补充文件.docx,(三)补充文件 / 7.针对评审要素，需要补充的其他文件 / 7.2.绿色发展规划及管理体系认证 / 7.2.3.环境影响评价情况 / （1）ESG(环境、社会、公司治理)报告,117,117,tender_scoring_derived,assets/template_words/包1_完整招标文件_92475576192439826/SL2655招标文件-预审.docx,5.针对评审要素，需要补充的其他文件,parent_scoring_section,0.78,needs_manual_review,正式证据包候选,,,,,"[""物资类通用""]",,needs_review,inventory_only_needs_original_evidence_or_manual_promotion,review_only,false,,,,rId152,word/media/image144.jpg,5279f545baf18cb5e7c1843ca15a17be53bbc418c7b2df3910975c3a1df20c2f,1654,2339,5279f545baf18cb5e7c1843ca15a17be53bbc418c7b2df3910975c3a1df20c2f,Word内嵌媒体未导出；不得直接提升为正式图片资产
business-media-0146,business,media,business-chapter-039,5,（1）,（1）ESG(环境、社会、公司治理)报告,,assets/template_words/商务补充文件.docx,(三)补充文件 / 7.针对评审要素，需要补充的其他文件 / 7.2.绿色发展规划及管理体系认证 / 7.2.3.环境影响评价情况 / （1）ESG(环境、社会、公司治理)报告,117,117,tender_scoring_derived,assets/template_words/包1_完整招标文件_92475576192439826/SL2655招标文件-预审.docx,5.针对评审要素，需要补充的其他文件,parent_scoring_section,0.78,needs_manual_review,正式证据包候选,,,,,"[""物资类通用""]",,needs_review,inventory_only_needs_original_evidence_or_manual_promotion,review_only,false,,,,rId153,word/media/image145.jpg,67f8934f7796f71de6de9cc258257cb6f5864bd1556edbf5c3cdf57e18af4a28,1654,2339,67f8934f7796f71de6de9cc258257cb6f5864bd1556edbf5c3cdf57e18af4a28,Word内嵌媒体未导出；不得直接提升为正式图片资产
business-media-0147,business,media,business-chapter-039,5,（1）,（1）ESG(环境、社会、公司治理)报告,,assets/template_words/商务补充文件.docx,(三)补充文件 / 7.针对评审要素，需要补充的其他文件 / 7.2.绿色发展规划及管理体系认证 / 7.2.3.环境影响评价情况 / （1）ESG(环境、社会、公司治理)报告,117,117,tender_scoring_derived,assets/template_words/包1_完整招标文件_92475576192439826/SL2655招标文件-预审.docx,5.针对评审要素，需要补充的其他文件,parent_scoring_section,0.78,needs_manual_review,正式证据包候选,,,,,"[""物资类通用""]",,needs_review,inventory_only_needs_original_evidence_or_manual_promotion,review_only,false,,,,rId154,word/media/image146.jpg,84d0c4d9f0c0247b21976840f5ac53da5ec7e04f69cce52d43c1346e6ad9b3b6,1654,2339,84d0c4d9f0c0247b21976840f5ac53da5ec7e04f69cce52d43c1346e6ad9b3b6,Word内嵌媒体未导出；不得直接提升为正式图片资产
business-media-0148,business,media,business-chapter-039,5,（1）,（1）ESG(环境、社会、公司治理)报告,,assets/template_words/商务补充文件.docx,(三)补充文件 / 7.针对评审要素，需要补充的其他文件 / 7.2.绿色发展规划及管理体系认证 / 7.2.3.环境影响评价情况 / （1）ESG(环境、社会、公司治理)报告,117,117,tender_scoring_derived,assets/template_words/包1_完整招标文件_92475576192439826/SL2655招标文件-预审.docx,5.针对评审要素，需要补充的其他文件,parent_scoring_section,0.78,needs_manual_review,正式证据包候选,,,,,"[""物资类通用""]",,needs_review,inventory_only_needs_original_evidence_or_manual_promotion,review_only,false,,,,rId155,word/media/image147.jpg,fcc454fa145d64bb716006242e3a5ee9f39514d71563dec238eb627057766c52,1654,2339,fcc454fa145d64bb716006242e3a5ee9f39514d71563dec238eb627057766c52,Word内嵌媒体未导出；不得直接提升为正式图片资产
business-media-0149,business,media,business-chapter-039,5,（1）,（1）ESG(环境、社会、公司治理)报告,,assets/template_words/商务补充文件.docx,(三)补充文件 / 7.针对评审要素，需要补充的其他文件 / 7.2.绿色发展规划及管理体系认证 / 7.2.3.环境影响评价情况 / （1）ESG(环境、社会、公司治理)报告,117,117,tender_scoring_derived,assets/template_words/包1_完整招标文件_92475576192439826/SL2655招标文件-预审.docx,5.针对评审要素，需要补充的其他文件,parent_scoring_section,0.78,needs_manual_review,正式证据包候选,,,,,"[""物资类通用""]",,needs_review,inventory_only_needs_original_evidence_or_manual_promotion,review_only,false,,,,rId156,word/media/image148.jpg,d7f85b7c051cae9048e229d60841833f24b1a6fb662494c6d8cf25db217c86a0,1654,2339,d7f85b7c051cae9048e229d60841833f24b1a6fb662494c6d8cf25db217c86a0,Word内嵌媒体未导出；不得直接提升为正式图片资产
business-media-0150,business,media,business-chapter-039,5,（1）,（1）ESG(环境、社会、公司治理)报告,,assets/template_words/商务补充文件.docx,(三)补充文件 / 7.针对评审要素，需要补充的其他文件 / 7.2.绿色发展规划及管理体系认证 / 7.2.3.环境影响评价情况 / （1）ESG(环境、社会、公司治理)报告,117,117,tender_scoring_derived,assets/template_words/包1_完整招标文件_92475576192439826/SL2655招标文件-预审.docx,5.针对评审要素，需要补充的其他文件,parent_scoring_section,0.78,needs_manual_review,正式证据包候选,,,,,"[""物资类通用""]",,needs_review,inventory_only_needs_original_evidence_or_manual_promotion,review_only,false,,,,rId157,word/media/image149.jpg,02cc8a3c0a5347efcebd1f8229a4383cdfa8bce4ef659b9b32b9aa1b977142c1,1654,2339,02cc8a3c0a5347efcebd1f8229a4383cdfa8bce4ef659b9b32b9aa1b977142c1,Word内嵌媒体未导出；不得直接提升为正式图片资产
business-media-0151,business,media,business-chapter-039,5,（1）,（1）ESG(环境、社会、公司治理)报告,,assets/template_words/商务补充文件.docx,(三)补充文件 / 7.针对评审要素，需要补充的其他文件 / 7.2.绿色发展规划及管理体系认证 / 7.2.3.环境影响评价情况 / （1）ESG(环境、社会、公司治理)报告,117,117,tender_scoring_derived,assets/template_words/包1_完整招标文件_92475576192439826/SL2655招标文件-预审.docx,5.针对评审要素，需要补充的其他文件,parent_scoring_section,0.78,needs_manual_review,正式证据包候选,,,,,"[""物资类通用""]",,needs_review,inventory_only_needs_original_evidence_or_manual_promotion,review_only,false,,,,rId158,word/media/image150.jpg,52560ad73352446c499e69d0ca8641b24b1898a1b933c79a07fbb5c40d89035b,1158,1544,52560ad73352446c499e69d0ca8641b24b1898a1b933c79a07fbb5c40d89035b,Word内嵌媒体未导出；不得直接提升为正式图片资产
business-media-0152,business,media,business-chapter-039,5,（1）,（1）ESG(环境、社会、公司治理)报告,,assets/template_words/商务补充文件.docx,(三)补充文件 / 7.针对评审要素，需要补充的其他文件 / 7.2.绿色发展规划及管理体系认证 / 7.2.3.环境影响评价情况 / （1）ESG(环境、社会、公司治理)报告,117,117,tender_scoring_derived,assets/template_words/包1_完整招标文件_92475576192439826/SL2655招标文件-预审.docx,5.针对评审要素，需要补充的其他文件,parent_scoring_section,0.78,needs_manual_review,正式证据包候选,,,,,"[""物资类通用""]",,needs_review,inventory_only_needs_original_evidence_or_manual_promotion,review_only,false,,,,rId159,word/media/image151.jpg,ba88677238ebc45d33ca257b24e05beebf6b72dc5bc2893b1ba1335b68fddf06,1026,1521,ba88677238ebc45d33ca257b24e05beebf6b72dc5bc2893b1ba1335b68fddf06,Word内嵌媒体未导出；不得直接提升为正式图片资产
business-media-0153,business,media,business-chapter-039,5,（1）,（1）ESG(环境、社会、公司治理)报告,,assets/template_words/商务补充文件.docx,(三)补充文件 / 7.针对评审要素，需要补充的其他文件 / 7.2.绿色发展规划及管理体系认证 / 7.2.3.环境影响评价情况 / （1）ESG(环境、社会、公司治理)报告,117,117,tender_scoring_derived,assets/template_words/包1_完整招标文件_92475576192439826/SL2655招标文件-预审.docx,5.针对评审要素，需要补充的其他文件,parent_scoring_section,0.78,needs_manual_review,正式证据包候选,,,,,"[""物资类通用""]",,needs_review,inventory_only_needs_original_evidence_or_manual_promotion,review_only,false,,,,rId160,word/media/image152.jpg,72244390c9dcaea2105a21bb02786856c196a167f8deb4f4080acbe2939b0af9,1654,2339,72244390c9dcaea2105a21bb02786856c196a167f8deb4f4080acbe2939b0af9,Word内嵌媒体未导出；不得直接提升为正式图片资产
business-chapter-040,business,chapter,business-chapter-040,5,（2）,（2）废水、废气、废固报告,,assets/template_words/商务补充文件.docx,(三)补充文件 / 7.针对评审要素，需要补充的其他文件 / 7.2.绿色发展规划及管理体系认证 / 7.2.3.环境影响评价情况 / （2）废水、废气、废固报告,156,190,tender_scoring_derived,assets/template_words/包1_完整招标文件_92475576192439826/SL2655招标文件-预审.docx,5.针对评审要素，需要补充的其他文件,parent_scoring_section,0.78,needs_manual_review,正式证据包候选,,,,,"[""物资类通用""]",,needs_review,manual_review_before_skeleton_reuse,review_only,false,,,,,,,,,b401b4dde389cd8b2f13d0fb1aa26ca053dd0071e9c19d6202c505464c64bca1,
business-media-0154,business,media,business-chapter-040,5,（2）,（2）废水、废气、废固报告,,assets/template_words/商务补充文件.docx,(三)补充文件 / 7.针对评审要素，需要补充的其他文件 / 7.2.绿色发展规划及管理体系认证 / 7.2.3.环境影响评价情况 / （2）废水、废气、废固报告,157,157,tender_scoring_derived,assets/template_words/包1_完整招标文件_92475576192439826/SL2655招标文件-预审.docx,5.针对评审要素，需要补充的其他文件,parent_scoring_section,0.78,needs_manual_review,正式证据包候选,,,,,"[""物资类通用""]",,needs_review,inventory_only_needs_original_evidence_or_manual_promotion,review_only,false,,,,rId161,word/media/image153.jpeg,ae963dfcf71f9799cc19dd87f0391312b42e349ada9e3e9224770aca1556108e,1268,876,ae963dfcf71f9799cc19dd87f0391312b42e349ada9e3e9224770aca1556108e,Word内嵌媒体未导出；不得直接提升为正式图片资产
business-media-0155,business,media,business-chapter-040,5,（2）,（2）废水、废气、废固报告,,assets/template_words/商务补充文件.docx,(三)补充文件 / 7.针对评审要素，需要补充的其他文件 / 7.2.绿色发展规划及管理体系认证 / 7.2.3.环境影响评价情况 / （2）废水、废气、废固报告,157,157,tender_scoring_derived,assets/template_words/包1_完整招标文件_92475576192439826/SL2655招标文件-预审.docx,5.针对评审要素，需要补充的其他文件,parent_scoring_section,0.78,needs_manual_review,正式证据包候选,,,,,"[""物资类通用""]",,needs_review,inventory_only_needs_original_evidence_or_manual_promotion,review_only,false,,,,rId162,word/media/image154.jpeg,008a622e3cadaed0086bf3b694f2b4aac67f5035dc9508e3716452cc8c07ba48,1269,1795,008a622e3cadaed0086bf3b694f2b4aac67f5035dc9508e3716452cc8c07ba48,Word内嵌媒体未导出；不得直接提升为正式图片资产
business-media-0156,business,media,business-chapter-040,5,（2）,（2）废水、废气、废固报告,,assets/template_words/商务补充文件.docx,(三)补充文件 / 7.针对评审要素，需要补充的其他文件 / 7.2.绿色发展规划及管理体系认证 / 7.2.3.环境影响评价情况 / （2）废水、废气、废固报告,157,157,tender_scoring_derived,assets/template_words/包1_完整招标文件_92475576192439826/SL2655招标文件-预审.docx,5.针对评审要素，需要补充的其他文件,parent_scoring_section,0.78,needs_manual_review,正式证据包候选,,,,,"[""物资类通用""]",,needs_review,inventory_only_needs_original_evidence_or_manual_promotion,review_only,false,,,,rId163,word/media/image155.jpg,7676682119e67ac95c1aa46edef7c0246cd051acdc56254f041d06148e5b3d93,1654,2339,7676682119e67ac95c1aa46edef7c0246cd051acdc56254f041d06148e5b3d93,Word内嵌媒体未导出；不得直接提升为正式图片资产
business-media-0157,business,media,business-chapter-040,5,（2）,（2）废水、废气、废固报告,,assets/template_words/商务补充文件.docx,(三)补充文件 / 7.针对评审要素，需要补充的其他文件 / 7.2.绿色发展规划及管理体系认证 / 7.2.3.环境影响评价情况 / （2）废水、废气、废固报告,157,157,tender_scoring_derived,assets/template_words/包1_完整招标文件_92475576192439826/SL2655招标文件-预审.docx,5.针对评审要素，需要补充的其他文件,parent_scoring_section,0.78,needs_manual_review,正式证据包候选,,,,,"[""物资类通用""]",,needs_review,inventory_only_needs_original_evidence_or_manual_promotion,review_only,false,,,,rId164,word/media/image156.jpg,abc124dd59231e5210b800cc45e4fd0bb257c659497319bef94bdf35abf06bf8,1654,2339,abc124dd59231e5210b800cc45e4fd0bb257c659497319bef94bdf35abf06bf8,Word内嵌媒体未导出；不得直接提升为正式图片资产
business-media-0158,business,media,business-chapter-040,5,（2）,（2）废水、废气、废固报告,,assets/template_words/商务补充文件.docx,(三)补充文件 / 7.针对评审要素，需要补充的其他文件 / 7.2.绿色发展规划及管理体系认证 / 7.2.3.环境影响评价情况 / （2）废水、废气、废固报告,157,157,tender_scoring_derived,assets/template_words/包1_完整招标文件_92475576192439826/SL2655招标文件-预审.docx,5.针对评审要素，需要补充的其他文件,parent_scoring_section,0.78,needs_manual_review,正式证据包候选,,,,,"[""物资类通用""]",,needs_review,inventory_only_needs_original_evidence_or_manual_promotion,review_only,false,,,,rId165,word/media/image157.jpg,75a55052413c4c3f3f59fe2d8db711cfe85b9d3ead02cc11b7518b634d56816d,1654,2339,75a55052413c4c3f3f59fe2d8db711cfe85b9d3ead02cc11b7518b634d56816d,Word内嵌媒体未导出；不得直接提升为正式图片资产
business-media-0159,business,media,business-chapter-040,5,（2）,（2）废水、废气、废固报告,,assets/template_words/商务补充文件.docx,(三)补充文件 / 7.针对评审要素，需要补充的其他文件 / 7.2.绿色发展规划及管理体系认证 / 7.2.3.环境影响评价情况 / （2）废水、废气、废固报告,157,157,tender_scoring_derived,assets/template_words/包1_完整招标文件_92475576192439826/SL2655招标文件-预审.docx,5.针对评审要素，需要补充的其他文件,parent_scoring_section,0.78,needs_manual_review,正式证据包候选,,,,,"[""物资类通用""]",,needs_review,inventory_only_needs_original_evidence_or_manual_promotion,review_only,false,,,,rId166,word/media/image158.jpg,505574f70c8373493a09b4b45a54a0f00dc677b25d88a503d0bb18a67578dcd3,1654,2339,505574f70c8373493a09b4b45a54a0f00dc677b25d88a503d0bb18a67578dcd3,Word内嵌媒体未导出；不得直接提升为正式图片资产
business-media-0160,business,media,business-chapter-040,5,（2）,（2）废水、废气、废固报告,,assets/template_words/商务补充文件.docx,(三)补充文件 / 7.针对评审要素，需要补充的其他文件 / 7.2.绿色发展规划及管理体系认证 / 7.2.3.环境影响评价情况 / （2）废水、废气、废固报告,157,157,tender_scoring_derived,assets/template_words/包1_完整招标文件_92475576192439826/SL2655招标文件-预审.docx,5.针对评审要素，需要补充的其他文件,parent_scoring_section,0.78,needs_manual_review,正式证据包候选,,,,,"[""物资类通用""]",,needs_review,inventory_only_needs_original_evidence_or_manual_promotion,review_only,false,,,,rId167,word/media/image159.jpg,b723af831e8c1da0377ee03de1f0eaccf5f042666af713c77b0cc0fec3521fad,1290,1860,b723af831e8c1da0377ee03de1f0eaccf5f042666af713c77b0cc0fec3521fad,Word内嵌媒体未导出；不得直接提升为正式图片资产
business-media-0161,business,media,business-chapter-040,5,（2）,（2）废水、废气、废固报告,,assets/template_words/商务补充文件.docx,(三)补充文件 / 7.针对评审要素，需要补充的其他文件 / 7.2.绿色发展规划及管理体系认证 / 7.2.3.环境影响评价情况 / （2）废水、废气、废固报告,157,157,tender_scoring_derived,assets/template_words/包1_完整招标文件_92475576192439826/SL2655招标文件-预审.docx,5.针对评审要素，需要补充的其他文件,parent_scoring_section,0.78,needs_manual_review,正式证据包候选,,,,,"[""物资类通用""]",,needs_review,inventory_only_needs_original_evidence_or_manual_promotion,review_only,false,,,,rId168,word/media/image160.jpg,2a4552c37c164a62a9f58310079a8ac63ea59d1c3fd99252d1957b7515398b29,1654,2339,2a4552c37c164a62a9f58310079a8ac63ea59d1c3fd99252d1957b7515398b29,Word内嵌媒体未导出；不得直接提升为正式图片资产
business-media-0162,business,media,business-chapter-040,5,（2）,（2）废水、废气、废固报告,,assets/template_words/商务补充文件.docx,(三)补充文件 / 7.针对评审要素，需要补充的其他文件 / 7.2.绿色发展规划及管理体系认证 / 7.2.3.环境影响评价情况 / （2）废水、废气、废固报告,157,157,tender_scoring_derived,assets/template_words/包1_完整招标文件_92475576192439826/SL2655招标文件-预审.docx,5.针对评审要素，需要补充的其他文件,parent_scoring_section,0.78,needs_manual_review,正式证据包候选,,,,,"[""物资类通用""]",,needs_review,inventory_only_needs_original_evidence_or_manual_promotion,review_only,false,,,,rId169,word/media/image161.jpg,caf7494483ce39fa51d197e57f56f22b62cbedc84adfc0714eda87e8c813808a,1629,2304,caf7494483ce39fa51d197e57f56f22b62cbedc84adfc0714eda87e8c813808a,Word内嵌媒体未导出；不得直接提升为正式图片资产
business-media-0163,business,media,business-chapter-040,5,（2）,（2）废水、废气、废固报告,,assets/template_words/商务补充文件.docx,(三)补充文件 / 7.针对评审要素，需要补充的其他文件 / 7.2.绿色发展规划及管理体系认证 / 7.2.3.环境影响评价情况 / （2）废水、废气、废固报告,157,157,tender_scoring_derived,assets/template_words/包1_完整招标文件_92475576192439826/SL2655招标文件-预审.docx,5.针对评审要素，需要补充的其他文件,parent_scoring_section,0.78,needs_manual_review,正式证据包候选,,,,,"[""物资类通用""]",,needs_review,inventory_only_needs_original_evidence_or_manual_promotion,review_only,false,,,,rId170,word/media/image162.jpg,c9a1552f4a371d820af41f7c4e3b74dde3cd0c3c41364213e265b24f3c559743,1819,2573,c9a1552f4a371d820af41f7c4e3b74dde3cd0c3c41364213e265b24f3c559743,Word内嵌媒体未导出；不得直接提升为正式图片资产
business-media-0164,business,media,business-chapter-040,5,（2）,（2）废水、废气、废固报告,,assets/template_words/商务补充文件.docx,(三)补充文件 / 7.针对评审要素，需要补充的其他文件 / 7.2.绿色发展规划及管理体系认证 / 7.2.3.环境影响评价情况 / （2）废水、废气、废固报告,157,157,tender_scoring_derived,assets/template_words/包1_完整招标文件_92475576192439826/SL2655招标文件-预审.docx,5.针对评审要素，需要补充的其他文件,parent_scoring_section,0.78,needs_manual_review,正式证据包候选,,,,,"[""物资类通用""]",,needs_review,inventory_only_needs_original_evidence_or_manual_promotion,review_only,false,,,,rId171,word/media/image163.jpg,f22069c0d4878944fe9efc9cb8d73a0b6a9cc65d92133577fbb5380bb9d5dc50,1654,2339,f22069c0d4878944fe9efc9cb8d73a0b6a9cc65d92133577fbb5380bb9d5dc50,Word内嵌媒体未导出；不得直接提升为正式图片资产
business-media-0165,business,media,business-chapter-040,5,（2）,（2）废水、废气、废固报告,,assets/template_words/商务补充文件.docx,(三)补充文件 / 7.针对评审要素，需要补充的其他文件 / 7.2.绿色发展规划及管理体系认证 / 7.2.3.环境影响评价情况 / （2）废水、废气、废固报告,157,157,tender_scoring_derived,assets/template_words/包1_完整招标文件_92475576192439826/SL2655招标文件-预审.docx,5.针对评审要素，需要补充的其他文件,parent_scoring_section,0.78,needs_manual_review,正式证据包候选,,,,,"[""物资类通用""]",,needs_review,inventory_only_needs_original_evidence_or_manual_promotion,review_only,false,,,,rId172,word/media/image164.jpg,fc1f69aa3a7ed1b3c4fe655227ec7e5f266400c2100e8744287c0b13f0c93a14,1654,2339,fc1f69aa3a7ed1b3c4fe655227ec7e5f266400c2100e8744287c0b13f0c93a14,Word内嵌媒体未导出；不得直接提升为正式图片资产
business-media-0166,business,media,business-chapter-040,5,（2）,（2）废水、废气、废固报告,,assets/template_words/商务补充文件.docx,(三)补充文件 / 7.针对评审要素，需要补充的其他文件 / 7.2.绿色发展规划及管理体系认证 / 7.2.3.环境影响评价情况 / （2）废水、废气、废固报告,157,157,tender_scoring_derived,assets/template_words/包1_完整招标文件_92475576192439826/SL2655招标文件-预审.docx,5.针对评审要素，需要补充的其他文件,parent_scoring_section,0.78,needs_manual_review,正式证据包候选,,,,,"[""物资类通用""]",,needs_review,inventory_only_needs_original_evidence_or_manual_promotion,review_only,false,,,,rId173,word/media/image165.jpg,1f3bb15d9656d616d3d11e7f4d78df842f1727604f599bbab650085cf0908c15,1654,2339,1f3bb15d9656d616d3d11e7f4d78df842f1727604f599bbab650085cf0908c15,Word内嵌媒体未导出；不得直接提升为正式图片资产
business-media-0167,business,media,business-chapter-040,5,（2）,（2）废水、废气、废固报告,,assets/template_words/商务补充文件.docx,(三)补充文件 / 7.针对评审要素，需要补充的其他文件 / 7.2.绿色发展规划及管理体系认证 / 7.2.3.环境影响评价情况 / （2）废水、废气、废固报告,157,157,tender_scoring_derived,assets/template_words/包1_完整招标文件_92475576192439826/SL2655招标文件-预审.docx,5.针对评审要素，需要补充的其他文件,parent_scoring_section,0.78,needs_manual_review,正式证据包候选,,,,,"[""物资类通用""]",,needs_review,inventory_only_needs_original_evidence_or_manual_promotion,review_only,false,,,,rId174,word/media/image166.jpg,7f094295686f0fc0588f41eaf94aa648b0774d46e14a3d2088ec2ba7d2e45737,1654,2339,7f094295686f0fc0588f41eaf94aa648b0774d46e14a3d2088ec2ba7d2e45737,Word内嵌媒体未导出；不得直接提升为正式图片资产
business-media-0168,business,media,business-chapter-040,5,（2）,（2）废水、废气、废固报告,,assets/template_words/商务补充文件.docx,(三)补充文件 / 7.针对评审要素，需要补充的其他文件 / 7.2.绿色发展规划及管理体系认证 / 7.2.3.环境影响评价情况 / （2）废水、废气、废固报告,157,157,tender_scoring_derived,assets/template_words/包1_完整招标文件_92475576192439826/SL2655招标文件-预审.docx,5.针对评审要素，需要补充的其他文件,parent_scoring_section,0.78,needs_manual_review,正式证据包候选,,,,,"[""物资类通用""]",,needs_review,inventory_only_needs_original_evidence_or_manual_promotion,review_only,false,,,,rId175,word/media/image167.jpg,6abba9199af5af441b2a7f340eba83e4ebe5e4b5a57c22f9917159360f7baeba,1654,2339,6abba9199af5af441b2a7f340eba83e4ebe5e4b5a57c22f9917159360f7baeba,Word内嵌媒体未导出；不得直接提升为正式图片资产
business-media-0169,business,media,business-chapter-040,5,（2）,（2）废水、废气、废固报告,,assets/template_words/商务补充文件.docx,(三)补充文件 / 7.针对评审要素，需要补充的其他文件 / 7.2.绿色发展规划及管理体系认证 / 7.2.3.环境影响评价情况 / （2）废水、废气、废固报告,157,157,tender_scoring_derived,assets/template_words/包1_完整招标文件_92475576192439826/SL2655招标文件-预审.docx,5.针对评审要素，需要补充的其他文件,parent_scoring_section,0.78,needs_manual_review,正式证据包候选,,,,,"[""物资类通用""]",,needs_review,inventory_only_needs_original_evidence_or_manual_promotion,review_only,false,,,,rId176,word/media/image168.jpg,5012ac9c036ac86b2231839d13c6946d0b96015c717b3837bfc7feff2c7b3755,1654,2339,5012ac9c036ac86b2231839d13c6946d0b96015c717b3837bfc7feff2c7b3755,Word内嵌媒体未导出；不得直接提升为正式图片资产
business-media-0170,business,media,business-chapter-040,5,（2）,（2）废水、废气、废固报告,,assets/template_words/商务补充文件.docx,(三)补充文件 / 7.针对评审要素，需要补充的其他文件 / 7.2.绿色发展规划及管理体系认证 / 7.2.3.环境影响评价情况 / （2）废水、废气、废固报告,157,157,tender_scoring_derived,assets/template_words/包1_完整招标文件_92475576192439826/SL2655招标文件-预审.docx,5.针对评审要素，需要补充的其他文件,parent_scoring_section,0.78,needs_manual_review,正式证据包候选,,,,,"[""物资类通用""]",,needs_review,inventory_only_needs_original_evidence_or_manual_promotion,review_only,false,,,,rId177,word/media/image169.jpg,83d697a931a027d98f631d86204b2527475237f72ca4100959dc4b2ae4544fed,1654,2339,83d697a931a027d98f631d86204b2527475237f72ca4100959dc4b2ae4544fed,Word内嵌媒体未导出；不得直接提升为正式图片资产
business-media-0171,business,media,business-chapter-040,5,（2）,（2）废水、废气、废固报告,,assets/template_words/商务补充文件.docx,(三)补充文件 / 7.针对评审要素，需要补充的其他文件 / 7.2.绿色发展规划及管理体系认证 / 7.2.3.环境影响评价情况 / （2）废水、废气、废固报告,157,157,tender_scoring_derived,assets/template_words/包1_完整招标文件_92475576192439826/SL2655招标文件-预审.docx,5.针对评审要素，需要补充的其他文件,parent_scoring_section,0.78,needs_manual_review,正式证据包候选,,,,,"[""物资类通用""]",,needs_review,inventory_only_needs_original_evidence_or_manual_promotion,review_only,false,,,,rId178,word/media/image170.jpg,7e276076b1bf3e5f5d38090c8bd2f9adadbda7d9d15d3b90027b5292c1770caf,1654,2339,7e276076b1bf3e5f5d38090c8bd2f9adadbda7d9d15d3b90027b5292c1770caf,Word内嵌媒体未导出；不得直接提升为正式图片资产
business-media-0172,business,media,business-chapter-040,5,（2）,（2）废水、废气、废固报告,,assets/template_words/商务补充文件.docx,(三)补充文件 / 7.针对评审要素，需要补充的其他文件 / 7.2.绿色发展规划及管理体系认证 / 7.2.3.环境影响评价情况 / （2）废水、废气、废固报告,157,157,tender_scoring_derived,assets/template_words/包1_完整招标文件_92475576192439826/SL2655招标文件-预审.docx,5.针对评审要素，需要补充的其他文件,parent_scoring_section,0.78,needs_manual_review,正式证据包候选,,,,,"[""物资类通用""]",,needs_review,inventory_only_needs_original_evidence_or_manual_promotion,review_only,false,,,,rId179,word/media/image171.jpg,52c95a4974b1987552d0e0a41ed4d07b0d53cbd4babcad29413207e43954d3d2,1654,2339,52c95a4974b1987552d0e0a41ed4d07b0d53cbd4babcad29413207e43954d3d2,Word内嵌媒体未导出；不得直接提升为正式图片资产
business-media-0173,business,media,business-chapter-040,5,（2）,（2）废水、废气、废固报告,,assets/template_words/商务补充文件.docx,(三)补充文件 / 7.针对评审要素，需要补充的其他文件 / 7.2.绿色发展规划及管理体系认证 / 7.2.3.环境影响评价情况 / （2）废水、废气、废固报告,157,157,tender_scoring_derived,assets/template_words/包1_完整招标文件_92475576192439826/SL2655招标文件-预审.docx,5.针对评审要素，需要补充的其他文件,parent_scoring_section,0.78,needs_manual_review,正式证据包候选,,,,,"[""物资类通用""]",,needs_review,inventory_only_needs_original_evidence_or_manual_promotion,review_only,false,,,,rId180,word/media/image172.jpg,c2c1ed62ff99e26e54cc55d895b693d405ab00fd02d5609667a27721e8169e0a,1654,2339,c2c1ed62ff99e26e54cc55d895b693d405ab00fd02d5609667a27721e8169e0a,Word内嵌媒体未导出；不得直接提升为正式图片资产
business-media-0174,business,media,business-chapter-040,5,（2）,（2）废水、废气、废固报告,,assets/template_words/商务补充文件.docx,(三)补充文件 / 7.针对评审要素，需要补充的其他文件 / 7.2.绿色发展规划及管理体系认证 / 7.2.3.环境影响评价情况 / （2）废水、废气、废固报告,157,157,tender_scoring_derived,assets/template_words/包1_完整招标文件_92475576192439826/SL2655招标文件-预审.docx,5.针对评审要素，需要补充的其他文件,parent_scoring_section,0.78,needs_manual_review,正式证据包候选,,,,,"[""物资类通用""]",,needs_review,inventory_only_needs_original_evidence_or_manual_promotion,review_only,false,,,,rId181,word/media/image173.jpg,896b6e54ad4881c2024096a98d272e83897dbe16bac74ee777765c605a86ab91,1654,2339,896b6e54ad4881c2024096a98d272e83897dbe16bac74ee777765c605a86ab91,Word内嵌媒体未导出；不得直接提升为正式图片资产
business-media-0175,business,media,business-chapter-040,5,（2）,（2）废水、废气、废固报告,,assets/template_words/商务补充文件.docx,(三)补充文件 / 7.针对评审要素，需要补充的其他文件 / 7.2.绿色发展规划及管理体系认证 / 7.2.3.环境影响评价情况 / （2）废水、废气、废固报告,157,157,tender_scoring_derived,assets/template_words/包1_完整招标文件_92475576192439826/SL2655招标文件-预审.docx,5.针对评审要素，需要补充的其他文件,parent_scoring_section,0.78,needs_manual_review,正式证据包候选,,,,,"[""物资类通用""]",,needs_review,inventory_only_needs_original_evidence_or_manual_promotion,review_only,false,,,,rId182,word/media/image174.jpg,4ae368b5a75aa330492e3c6006120acf50d37b3cd550478ebff34e1157e030e6,1654,2339,4ae368b5a75aa330492e3c6006120acf50d37b3cd550478ebff34e1157e030e6,Word内嵌媒体未导出；不得直接提升为正式图片资产
business-media-0176,business,media,business-chapter-040,5,（2）,（2）废水、废气、废固报告,,assets/template_words/商务补充文件.docx,(三)补充文件 / 7.针对评审要素，需要补充的其他文件 / 7.2.绿色发展规划及管理体系认证 / 7.2.3.环境影响评价情况 / （2）废水、废气、废固报告,157,157,tender_scoring_derived,assets/template_words/包1_完整招标文件_92475576192439826/SL2655招标文件-预审.docx,5.针对评审要素，需要补充的其他文件,parent_scoring_section,0.78,needs_manual_review,正式证据包候选,,,,,"[""物资类通用""]",,needs_review,inventory_only_needs_original_evidence_or_manual_promotion,review_only,false,,,,rId183,word/media/image175.jpg,b8f2add01f97c112665ccf459a70c292055e1a079986518e53cc85d604f42d7d,1654,2339,b8f2add01f97c112665ccf459a70c292055e1a079986518e53cc85d604f42d7d,Word内嵌媒体未导出；不得直接提升为正式图片资产
business-media-0177,business,media,business-chapter-040,5,（2）,（2）废水、废气、废固报告,,assets/template_words/商务补充文件.docx,(三)补充文件 / 7.针对评审要素，需要补充的其他文件 / 7.2.绿色发展规划及管理体系认证 / 7.2.3.环境影响评价情况 / （2）废水、废气、废固报告,157,157,tender_scoring_derived,assets/template_words/包1_完整招标文件_92475576192439826/SL2655招标文件-预审.docx,5.针对评审要素，需要补充的其他文件,parent_scoring_section,0.78,needs_manual_review,正式证据包候选,,,,,"[""物资类通用""]",,needs_review,inventory_only_needs_original_evidence_or_manual_promotion,review_only,false,,,,rId184,word/media/image176.jpg,16f8e4105db610ef9ad1f92d563fd7fa1788542d9e9cc7c3700a1d45314a2ec3,1654,2339,16f8e4105db610ef9ad1f92d563fd7fa1788542d9e9cc7c3700a1d45314a2ec3,Word内嵌媒体未导出；不得直接提升为正式图片资产
business-media-0178,business,media,business-chapter-040,5,（2）,（2）废水、废气、废固报告,,assets/template_words/商务补充文件.docx,(三)补充文件 / 7.针对评审要素，需要补充的其他文件 / 7.2.绿色发展规划及管理体系认证 / 7.2.3.环境影响评价情况 / （2）废水、废气、废固报告,157,157,tender_scoring_derived,assets/template_words/包1_完整招标文件_92475576192439826/SL2655招标文件-预审.docx,5.针对评审要素，需要补充的其他文件,parent_scoring_section,0.78,needs_manual_review,正式证据包候选,,,,,"[""物资类通用""]",,needs_review,inventory_only_needs_original_evidence_or_manual_promotion,review_only,false,,,,rId185,word/media/image177.jpg,b5e7e6503b048ccb870d2ab8c567dcbf1da812e0cc8ddfc1af1ec11726369712,1654,2339,b5e7e6503b048ccb870d2ab8c567dcbf1da812e0cc8ddfc1af1ec11726369712,Word内嵌媒体未导出；不得直接提升为正式图片资产
business-media-0179,business,media,business-chapter-040,5,（2）,（2）废水、废气、废固报告,,assets/template_words/商务补充文件.docx,(三)补充文件 / 7.针对评审要素，需要补充的其他文件 / 7.2.绿色发展规划及管理体系认证 / 7.2.3.环境影响评价情况 / （2）废水、废气、废固报告,157,157,tender_scoring_derived,assets/template_words/包1_完整招标文件_92475576192439826/SL2655招标文件-预审.docx,5.针对评审要素，需要补充的其他文件,parent_scoring_section,0.78,needs_manual_review,正式证据包候选,,,,,"[""物资类通用""]",,needs_review,inventory_only_needs_original_evidence_or_manual_promotion,review_only,false,,,,rId186,word/media/image178.jpg,479898c47c7870c1d96be4afab55ba9197ae55f0dbaf9894b048c7bdc32bc2e1,1654,2339,479898c47c7870c1d96be4afab55ba9197ae55f0dbaf9894b048c7bdc32bc2e1,Word内嵌媒体未导出；不得直接提升为正式图片资产
business-media-0180,business,media,business-chapter-040,5,（2）,（2）废水、废气、废固报告,,assets/template_words/商务补充文件.docx,(三)补充文件 / 7.针对评审要素，需要补充的其他文件 / 7.2.绿色发展规划及管理体系认证 / 7.2.3.环境影响评价情况 / （2）废水、废气、废固报告,157,157,tender_scoring_derived,assets/template_words/包1_完整招标文件_92475576192439826/SL2655招标文件-预审.docx,5.针对评审要素，需要补充的其他文件,parent_scoring_section,0.78,needs_manual_review,正式证据包候选,,,,,"[""物资类通用""]",,needs_review,inventory_only_needs_original_evidence_or_manual_promotion,review_only,false,,,,rId187,word/media/image179.jpg,f6f6a57e66448f67112dcf237c767f9b28e4b101b68a0167edf577521429f964,1654,2339,f6f6a57e66448f67112dcf237c767f9b28e4b101b68a0167edf577521429f964,Word内嵌媒体未导出；不得直接提升为正式图片资产
business-media-0181,business,media,business-chapter-040,5,（2）,（2）废水、废气、废固报告,,assets/template_words/商务补充文件.docx,(三)补充文件 / 7.针对评审要素，需要补充的其他文件 / 7.2.绿色发展规划及管理体系认证 / 7.2.3.环境影响评价情况 / （2）废水、废气、废固报告,157,157,tender_scoring_derived,assets/template_words/包1_完整招标文件_92475576192439826/SL2655招标文件-预审.docx,5.针对评审要素，需要补充的其他文件,parent_scoring_section,0.78,needs_manual_review,正式证据包候选,,,,,"[""物资类通用""]",,needs_review,inventory_only_needs_original_evidence_or_manual_promotion,review_only,false,,,,rId188,word/media/image180.jpg,499873f6405540c10e11678f274279f9ecd017bb9f69eecc22a291668de10c58,1654,2339,499873f6405540c10e11678f274279f9ecd017bb9f69eecc22a291668de10c58,Word内嵌媒体未导出；不得直接提升为正式图片资产
business-media-0182,business,media,business-chapter-040,5,（2）,（2）废水、废气、废固报告,,assets/template_words/商务补充文件.docx,(三)补充文件 / 7.针对评审要素，需要补充的其他文件 / 7.2.绿色发展规划及管理体系认证 / 7.2.3.环境影响评价情况 / （2）废水、废气、废固报告,157,157,tender_scoring_derived,assets/template_words/包1_完整招标文件_92475576192439826/SL2655招标文件-预审.docx,5.针对评审要素，需要补充的其他文件,parent_scoring_section,0.78,needs_manual_review,正式证据包候选,,,,,"[""物资类通用""]",,needs_review,inventory_only_needs_original_evidence_or_manual_promotion,review_only,false,,,,rId189,word/media/image181.jpg,9986821bf3488d4ae04a8f9b21c06aa8f88a5eb44d39c8c9a6f6b4c6a09ddcea,1654,2339,9986821bf3488d4ae04a8f9b21c06aa8f88a5eb44d39c8c9a6f6b4c6a09ddcea,Word内嵌媒体未导出；不得直接提升为正式图片资产
business-media-0183,business,media,business-chapter-040,5,（2）,（2）废水、废气、废固报告,,assets/template_words/商务补充文件.docx,(三)补充文件 / 7.针对评审要素，需要补充的其他文件 / 7.2.绿色发展规划及管理体系认证 / 7.2.3.环境影响评价情况 / （2）废水、废气、废固报告,157,157,tender_scoring_derived,assets/template_words/包1_完整招标文件_92475576192439826/SL2655招标文件-预审.docx,5.针对评审要素，需要补充的其他文件,parent_scoring_section,0.78,needs_manual_review,正式证据包候选,,,,,"[""物资类通用""]",,needs_review,inventory_only_needs_original_evidence_or_manual_promotion,review_only,false,,,,rId190,word/media/image182.jpg,588d8803f7b67b04a43e4a0013cb1ed5f987a44b15c9b00aaba9c132eaa928b3,1819,2573,588d8803f7b67b04a43e4a0013cb1ed5f987a44b15c9b00aaba9c132eaa928b3,Word内嵌媒体未导出；不得直接提升为正式图片资产
business-media-0184,business,media,business-chapter-040,5,（2）,（2）废水、废气、废固报告,,assets/template_words/商务补充文件.docx,(三)补充文件 / 7.针对评审要素，需要补充的其他文件 / 7.2.绿色发展规划及管理体系认证 / 7.2.3.环境影响评价情况 / （2）废水、废气、废固报告,157,157,tender_scoring_derived,assets/template_words/包1_完整招标文件_92475576192439826/SL2655招标文件-预审.docx,5.针对评审要素，需要补充的其他文件,parent_scoring_section,0.78,needs_manual_review,正式证据包候选,,,,,"[""物资类通用""]",,needs_review,inventory_only_needs_original_evidence_or_manual_promotion,review_only,false,,,,rId191,word/media/image183.jpg,9faab1147ebaafa065624fd2f9808e2ef15677050d630a71f5f42cfe1f5568fe,1654,2339,9faab1147ebaafa065624fd2f9808e2ef15677050d630a71f5f42cfe1f5568fe,Word内嵌媒体未导出；不得直接提升为正式图片资产
business-media-0185,business,media,business-chapter-040,5,（2）,（2）废水、废气、废固报告,,assets/template_words/商务补充文件.docx,(三)补充文件 / 7.针对评审要素，需要补充的其他文件 / 7.2.绿色发展规划及管理体系认证 / 7.2.3.环境影响评价情况 / （2）废水、废气、废固报告,157,157,tender_scoring_derived,assets/template_words/包1_完整招标文件_92475576192439826/SL2655招标文件-预审.docx,5.针对评审要素，需要补充的其他文件,parent_scoring_section,0.78,needs_manual_review,正式证据包候选,,,,,"[""物资类通用""]",,needs_review,inventory_only_needs_original_evidence_or_manual_promotion,review_only,false,,,,rId192,word/media/image184.jpg,ba09806dd491589dff85535255125521d1a320f0e21a14b79a3c20f32352b35e,1654,2339,ba09806dd491589dff85535255125521d1a320f0e21a14b79a3c20f32352b35e,Word内嵌媒体未导出；不得直接提升为正式图片资产
business-media-0186,business,media,business-chapter-040,5,（2）,（2）废水、废气、废固报告,,assets/template_words/商务补充文件.docx,(三)补充文件 / 7.针对评审要素，需要补充的其他文件 / 7.2.绿色发展规划及管理体系认证 / 7.2.3.环境影响评价情况 / （2）废水、废气、废固报告,157,157,tender_scoring_derived,assets/template_words/包1_完整招标文件_92475576192439826/SL2655招标文件-预审.docx,5.针对评审要素，需要补充的其他文件,parent_scoring_section,0.78,needs_manual_review,正式证据包候选,,,,,"[""物资类通用""]",,needs_review,inventory_only_needs_original_evidence_or_manual_promotion,review_only,false,,,,rId193,word/media/image185.jpg,9fc2e200f1380cc03b9b37a78e7f94de68cd477d4d218839566a52232e962998,1654,2339,9fc2e200f1380cc03b9b37a78e7f94de68cd477d4d218839566a52232e962998,Word内嵌媒体未导出；不得直接提升为正式图片资产
business-media-0187,business,media,business-chapter-040,5,（2）,（2）废水、废气、废固报告,,assets/template_words/商务补充文件.docx,(三)补充文件 / 7.针对评审要素，需要补充的其他文件 / 7.2.绿色发展规划及管理体系认证 / 7.2.3.环境影响评价情况 / （2）废水、废气、废固报告,157,157,tender_scoring_derived,assets/template_words/包1_完整招标文件_92475576192439826/SL2655招标文件-预审.docx,5.针对评审要素，需要补充的其他文件,parent_scoring_section,0.78,needs_manual_review,正式证据包候选,,,,,"[""物资类通用""]",,needs_review,inventory_only_needs_original_evidence_or_manual_promotion,review_only,false,,,,rId194,word/media/image186.jpg,8f9d12a787446e50ee40a078e169fd53165c84873183815d3b977cd7179d6344,1654,2339,8f9d12a787446e50ee40a078e169fd53165c84873183815d3b977cd7179d6344,Word内嵌媒体未导出；不得直接提升为正式图片资产
business-media-0188,business,media,business-chapter-040,5,（2）,（2）废水、废气、废固报告,,assets/template_words/商务补充文件.docx,(三)补充文件 / 7.针对评审要素，需要补充的其他文件 / 7.2.绿色发展规划及管理体系认证 / 7.2.3.环境影响评价情况 / （2）废水、废气、废固报告,157,157,tender_scoring_derived,assets/template_words/包1_完整招标文件_92475576192439826/SL2655招标文件-预审.docx,5.针对评审要素，需要补充的其他文件,parent_scoring_section,0.78,needs_manual_review,正式证据包候选,,,,,"[""物资类通用""]",,needs_review,inventory_only_needs_original_evidence_or_manual_promotion,review_only,false,,,,rId195,word/media/image187.jpg,685812d25e29b09f6c3f5b146fb53fd45614e461f55be101e3e7b8a7458207d2,1654,2339,685812d25e29b09f6c3f5b146fb53fd45614e461f55be101e3e7b8a7458207d2,Word内嵌媒体未导出；不得直接提升为正式图片资产
business-chapter-041,business,chapter,business-chapter-041,5,（3）,（3）现状环境影响评估报告,,assets/template_words/商务补充文件.docx,(三)补充文件 / 7.针对评审要素，需要补充的其他文件 / 7.2.绿色发展规划及管理体系认证 / 7.2.3.环境影响评价情况 / （3）现状环境影响评估报告,191,280,tender_scoring_derived,assets/template_words/包1_完整招标文件_92475576192439826/SL2655招标文件-预审.docx,5.针对评审要素，需要补充的其他文件,parent_scoring_section,0.78,needs_manual_review,正式证据包候选,,,,,"[""物资类通用""]",,needs_review,manual_review_before_skeleton_reuse,review_only,false,,,,,,,,,55cab76eef2301cea249d565656285b651fee1a08a712b7356d41d2910e76ba1,
business-media-0189,business,media,business-chapter-041,5,（3）,（3）现状环境影响评估报告,,assets/template_words/商务补充文件.docx,(三)补充文件 / 7.针对评审要素，需要补充的其他文件 / 7.2.绿色发展规划及管理体系认证 / 7.2.3.环境影响评价情况 / （3）现状环境影响评估报告,191,191,tender_scoring_derived,assets/template_words/包1_完整招标文件_92475576192439826/SL2655招标文件-预审.docx,5.针对评审要素，需要补充的其他文件,parent_scoring_section,0.78,needs_manual_review,正式证据包候选,,,,,"[""物资类通用""]",,needs_review,inventory_only_needs_original_evidence_or_manual_promotion,review_only,false,,,,rId196,word/media/image188.jpeg,8e24f6a724ab97a277d1d2c86f891803db59984c28c196c5883f61389929cd77,2480,3507,8e24f6a724ab97a277d1d2c86f891803db59984c28c196c5883f61389929cd77,Word内嵌媒体未导出；不得直接提升为正式图片资产
business-media-0190,business,media,business-chapter-041,5,（3）,（3）现状环境影响评估报告,,assets/template_words/商务补充文件.docx,(三)补充文件 / 7.针对评审要素，需要补充的其他文件 / 7.2.绿色发展规划及管理体系认证 / 7.2.3.环境影响评价情况 / （3）现状环境影响评估报告,191,191,tender_scoring_derived,assets/template_words/包1_完整招标文件_92475576192439826/SL2655招标文件-预审.docx,5.针对评审要素，需要补充的其他文件,parent_scoring_section,0.78,needs_manual_review,正式证据包候选,,,,,"[""物资类通用""]",,needs_review,inventory_only_needs_original_evidence_or_manual_promotion,review_only,false,,,,rId197,word/media/image189.jpeg,7d1d24a2e7f12ae1c9d2e7ea02fe5edaec20cb1c540c8fae1abbcdfb2146f1ea,1266,1794,7d1d24a2e7f12ae1c9d2e7ea02fe5edaec20cb1c540c8fae1abbcdfb2146f1ea,Word内嵌媒体未导出；不得直接提升为正式图片资产
business-media-0191,business,media,business-chapter-041,5,（3）,（3）现状环境影响评估报告,,assets/template_words/商务补充文件.docx,(三)补充文件 / 7.针对评审要素，需要补充的其他文件 / 7.2.绿色发展规划及管理体系认证 / 7.2.3.环境影响评价情况 / （3）现状环境影响评估报告,191,191,tender_scoring_derived,assets/template_words/包1_完整招标文件_92475576192439826/SL2655招标文件-预审.docx,5.针对评审要素，需要补充的其他文件,parent_scoring_section,0.78,needs_manual_review,正式证据包候选,,,,,"[""物资类通用""]",,needs_review,inventory_only_needs_original_evidence_or_manual_promotion,review_only,false,,,,rId198,word/media/image190.jpeg,bbe38d2c7dee30948389dc25fe42c074fce74c1c46189affee0900a8f77f7f96,1266,1794,bbe38d2c7dee30948389dc25fe42c074fce74c1c46189affee0900a8f77f7f96,Word内嵌媒体未导出；不得直接提升为正式图片资产
business-media-0192,business,media,business-chapter-041,5,（3）,（3）现状环境影响评估报告,,assets/template_words/商务补充文件.docx,(三)补充文件 / 7.针对评审要素，需要补充的其他文件 / 7.2.绿色发展规划及管理体系认证 / 7.2.3.环境影响评价情况 / （3）现状环境影响评估报告,191,191,tender_scoring_derived,assets/template_words/包1_完整招标文件_92475576192439826/SL2655招标文件-预审.docx,5.针对评审要素，需要补充的其他文件,parent_scoring_section,0.78,needs_manual_review,正式证据包候选,,,,,"[""物资类通用""]",,needs_review,inventory_only_needs_original_evidence_or_manual_promotion,review_only,false,,,,rId199,word/media/image191.jpeg,7dbc70784a36053d79fe5a601ad065eea400999a0660474e13993cd1c2f0d4bb,1266,1794,7dbc70784a36053d79fe5a601ad065eea400999a0660474e13993cd1c2f0d4bb,Word内嵌媒体未导出；不得直接提升为正式图片资产
business-media-0193,business,media,business-chapter-041,5,（3）,（3）现状环境影响评估报告,,assets/template_words/商务补充文件.docx,(三)补充文件 / 7.针对评审要素，需要补充的其他文件 / 7.2.绿色发展规划及管理体系认证 / 7.2.3.环境影响评价情况 / （3）现状环境影响评估报告,191,191,tender_scoring_derived,assets/template_words/包1_完整招标文件_92475576192439826/SL2655招标文件-预审.docx,5.针对评审要素，需要补充的其他文件,parent_scoring_section,0.78,needs_manual_review,正式证据包候选,,,,,"[""物资类通用""]",,needs_review,inventory_only_needs_original_evidence_or_manual_promotion,review_only,false,,,,rId200,word/media/image192.jpeg,b2006428acf2873c9c774620c1721a97d2424928f4799409e86f08cc404af1d0,2480,3507,b2006428acf2873c9c774620c1721a97d2424928f4799409e86f08cc404af1d0,Word内嵌媒体未导出；不得直接提升为正式图片资产
business-media-0194,business,media,business-chapter-041,5,（3）,（3）现状环境影响评估报告,,assets/template_words/商务补充文件.docx,(三)补充文件 / 7.针对评审要素，需要补充的其他文件 / 7.2.绿色发展规划及管理体系认证 / 7.2.3.环境影响评价情况 / （3）现状环境影响评估报告,191,191,tender_scoring_derived,assets/template_words/包1_完整招标文件_92475576192439826/SL2655招标文件-预审.docx,5.针对评审要素，需要补充的其他文件,parent_scoring_section,0.78,needs_manual_review,正式证据包候选,,,,,"[""物资类通用""]",,needs_review,inventory_only_needs_original_evidence_or_manual_promotion,review_only,false,,,,rId201,word/media/image193.jpeg,993640090a656b25cdce4684e9464de4c040760296847853f703ad0c8c9b3d31,2480,3507,993640090a656b25cdce4684e9464de4c040760296847853f703ad0c8c9b3d31,Word内嵌媒体未导出；不得直接提升为正式图片资产
business-media-0195,business,media,business-chapter-041,5,（3）,（3）现状环境影响评估报告,,assets/template_words/商务补充文件.docx,(三)补充文件 / 7.针对评审要素，需要补充的其他文件 / 7.2.绿色发展规划及管理体系认证 / 7.2.3.环境影响评价情况 / （3）现状环境影响评估报告,191,191,tender_scoring_derived,assets/template_words/包1_完整招标文件_92475576192439826/SL2655招标文件-预审.docx,5.针对评审要素，需要补充的其他文件,parent_scoring_section,0.78,needs_manual_review,正式证据包候选,,,,,"[""物资类通用""]",,needs_review,inventory_only_needs_original_evidence_or_manual_promotion,review_only,false,,,,rId202,word/media/image194.jpeg,47dfbd34a32b588e1bd59470918b25f7289664602e450bd4dd339ab559a8187f,1266,1794,47dfbd34a32b588e1bd59470918b25f7289664602e450bd4dd339ab559a8187f,Word内嵌媒体未导出；不得直接提升为正式图片资产
business-media-0196,business,media,business-chapter-041,5,（3）,（3）现状环境影响评估报告,,assets/template_words/商务补充文件.docx,(三)补充文件 / 7.针对评审要素，需要补充的其他文件 / 7.2.绿色发展规划及管理体系认证 / 7.2.3.环境影响评价情况 / （3）现状环境影响评估报告,191,191,tender_scoring_derived,assets/template_words/包1_完整招标文件_92475576192439826/SL2655招标文件-预审.docx,5.针对评审要素，需要补充的其他文件,parent_scoring_section,0.78,needs_manual_review,正式证据包候选,,,,,"[""物资类通用""]",,needs_review,inventory_only_needs_original_evidence_or_manual_promotion,review_only,false,,,,rId203,word/media/image195.jpeg,15e045907d29a4fd81f083cf246a70d5248ae9a8d1bc55a2323e0dc4bbc56c46,2480,3507,15e045907d29a4fd81f083cf246a70d5248ae9a8d1bc55a2323e0dc4bbc56c46,Word内嵌媒体未导出；不得直接提升为正式图片资产
business-media-0197,business,media,business-chapter-041,5,（3）,（3）现状环境影响评估报告,,assets/template_words/商务补充文件.docx,(三)补充文件 / 7.针对评审要素，需要补充的其他文件 / 7.2.绿色发展规划及管理体系认证 / 7.2.3.环境影响评价情况 / （3）现状环境影响评估报告,191,191,tender_scoring_derived,assets/template_words/包1_完整招标文件_92475576192439826/SL2655招标文件-预审.docx,5.针对评审要素，需要补充的其他文件,parent_scoring_section,0.78,needs_manual_review,正式证据包候选,,,,,"[""物资类通用""]",,needs_review,inventory_only_needs_original_evidence_or_manual_promotion,review_only,false,,,,rId204,word/media/image196.jpeg,bb7519dfc61be6ec193f527a77f0ec24c38205689472f95898e6b014f89d6215,2480,3507,bb7519dfc61be6ec193f527a77f0ec24c38205689472f95898e6b014f89d6215,Word内嵌媒体未导出；不得直接提升为正式图片资产
business-media-0198,business,media,business-chapter-041,5,（3）,（3）现状环境影响评估报告,,assets/template_words/商务补充文件.docx,(三)补充文件 / 7.针对评审要素，需要补充的其他文件 / 7.2.绿色发展规划及管理体系认证 / 7.2.3.环境影响评价情况 / （3）现状环境影响评估报告,191,191,tender_scoring_derived,assets/template_words/包1_完整招标文件_92475576192439826/SL2655招标文件-预审.docx,5.针对评审要素，需要补充的其他文件,parent_scoring_section,0.78,needs_manual_review,正式证据包候选,,,,,"[""物资类通用""]",,needs_review,inventory_only_needs_original_evidence_or_manual_promotion,review_only,false,,,,rId205,word/media/image197.jpeg,f3c5130a731320a4ffab7902dc3eba222c714806a4513c7a929684dc83d5e967,1266,1794,f3c5130a731320a4ffab7902dc3eba222c714806a4513c7a929684dc83d5e967,Word内嵌媒体未导出；不得直接提升为正式图片资产
business-media-0199,business,media,business-chapter-041,5,（3）,（3）现状环境影响评估报告,,assets/template_words/商务补充文件.docx,(三)补充文件 / 7.针对评审要素，需要补充的其他文件 / 7.2.绿色发展规划及管理体系认证 / 7.2.3.环境影响评价情况 / （3）现状环境影响评估报告,191,191,tender_scoring_derived,assets/template_words/包1_完整招标文件_92475576192439826/SL2655招标文件-预审.docx,5.针对评审要素，需要补充的其他文件,parent_scoring_section,0.78,needs_manual_review,正式证据包候选,,,,,"[""物资类通用""]",,needs_review,inventory_only_needs_original_evidence_or_manual_promotion,review_only,false,,,,rId206,word/media/image198.jpeg,94f33be3e1899ed94b2e5c206df57343762376b81c120427392ac0a2cb36152e,2480,3507,94f33be3e1899ed94b2e5c206df57343762376b81c120427392ac0a2cb36152e,Word内嵌媒体未导出；不得直接提升为正式图片资产
business-media-0200,business,media,business-chapter-041,5,（3）,（3）现状环境影响评估报告,,assets/template_words/商务补充文件.docx,(三)补充文件 / 7.针对评审要素，需要补充的其他文件 / 7.2.绿色发展规划及管理体系认证 / 7.2.3.环境影响评价情况 / （3）现状环境影响评估报告,191,191,tender_scoring_derived,assets/template_words/包1_完整招标文件_92475576192439826/SL2655招标文件-预审.docx,5.针对评审要素，需要补充的其他文件,parent_scoring_section,0.78,needs_manual_review,正式证据包候选,,,,,"[""物资类通用""]",,needs_review,inventory_only_needs_original_evidence_or_manual_promotion,review_only,false,,,,rId207,word/media/image199.jpeg,643dd28150bce48492e553b7b7c74a5ca735a020e2888eff059df2a8522aae9a,1266,1794,643dd28150bce48492e553b7b7c74a5ca735a020e2888eff059df2a8522aae9a,Word内嵌媒体未导出；不得直接提升为正式图片资产
business-media-0201,business,media,business-chapter-041,5,（3）,（3）现状环境影响评估报告,,assets/template_words/商务补充文件.docx,(三)补充文件 / 7.针对评审要素，需要补充的其他文件 / 7.2.绿色发展规划及管理体系认证 / 7.2.3.环境影响评价情况 / （3）现状环境影响评估报告,191,191,tender_scoring_derived,assets/template_words/包1_完整招标文件_92475576192439826/SL2655招标文件-预审.docx,5.针对评审要素，需要补充的其他文件,parent_scoring_section,0.78,needs_manual_review,正式证据包候选,,,,,"[""物资类通用""]",,needs_review,inventory_only_needs_original_evidence_or_manual_promotion,review_only,false,,,,rId208,word/media/image200.jpeg,337bb43a0e8919924f3adf2f163ef5ffaa6eee59dfb0e9d9a2fc9b2589b1ad77,2480,3507,337bb43a0e8919924f3adf2f163ef5ffaa6eee59dfb0e9d9a2fc9b2589b1ad77,Word内嵌媒体未导出；不得直接提升为正式图片资产
business-media-0202,business,media,business-chapter-041,5,（3）,（3）现状环境影响评估报告,,assets/template_words/商务补充文件.docx,(三)补充文件 / 7.针对评审要素，需要补充的其他文件 / 7.2.绿色发展规划及管理体系认证 / 7.2.3.环境影响评价情况 / （3）现状环境影响评估报告,191,191,tender_scoring_derived,assets/template_words/包1_完整招标文件_92475576192439826/SL2655招标文件-预审.docx,5.针对评审要素，需要补充的其他文件,parent_scoring_section,0.78,needs_manual_review,正式证据包候选,,,,,"[""物资类通用""]",,needs_review,inventory_only_needs_original_evidence_or_manual_promotion,review_only,false,,,,rId209,word/media/image201.jpeg,5d95cd885079ef019a18453a0b9ec16a74e7078e1f9a91153cf5ce177412df7a,1266,1794,5d95cd885079ef019a18453a0b9ec16a74e7078e1f9a91153cf5ce177412df7a,Word内嵌媒体未导出；不得直接提升为正式图片资产
business-media-0203,business,media,business-chapter-041,5,（3）,（3）现状环境影响评估报告,,assets/template_words/商务补充文件.docx,(三)补充文件 / 7.针对评审要素，需要补充的其他文件 / 7.2.绿色发展规划及管理体系认证 / 7.2.3.环境影响评价情况 / （3）现状环境影响评估报告,191,191,tender_scoring_derived,assets/template_words/包1_完整招标文件_92475576192439826/SL2655招标文件-预审.docx,5.针对评审要素，需要补充的其他文件,parent_scoring_section,0.78,needs_manual_review,正式证据包候选,,,,,"[""物资类通用""]",,needs_review,inventory_only_needs_original_evidence_or_manual_promotion,review_only,false,,,,rId210,word/media/image202.jpeg,ab3353880325d22b5429960ecce976790704e263e9dcaae174eda29fdca3a8b8,2480,3507,ab3353880325d22b5429960ecce976790704e263e9dcaae174eda29fdca3a8b8,Word内嵌媒体未导出；不得直接提升为正式图片资产
business-media-0204,business,media,business-chapter-041,5,（3）,（3）现状环境影响评估报告,,assets/template_words/商务补充文件.docx,(三)补充文件 / 7.针对评审要素，需要补充的其他文件 / 7.2.绿色发展规划及管理体系认证 / 7.2.3.环境影响评价情况 / （3）现状环境影响评估报告,191,191,tender_scoring_derived,assets/template_words/包1_完整招标文件_92475576192439826/SL2655招标文件-预审.docx,5.针对评审要素，需要补充的其他文件,parent_scoring_section,0.78,needs_manual_review,正式证据包候选,,,,,"[""物资类通用""]",,needs_review,inventory_only_needs_original_evidence_or_manual_promotion,review_only,false,,,,rId211,word/media/image203.jpeg,b2b9a951b94f1b3225135e52a2d8c223f6b73831b2c29cd6582dde1e4e2728fa,2480,3507,b2b9a951b94f1b3225135e52a2d8c223f6b73831b2c29cd6582dde1e4e2728fa,Word内嵌媒体未导出；不得直接提升为正式图片资产
business-media-0205,business,media,business-chapter-041,5,（3）,（3）现状环境影响评估报告,,assets/template_words/商务补充文件.docx,(三)补充文件 / 7.针对评审要素，需要补充的其他文件 / 7.2.绿色发展规划及管理体系认证 / 7.2.3.环境影响评价情况 / （3）现状环境影响评估报告,191,191,tender_scoring_derived,assets/template_words/包1_完整招标文件_92475576192439826/SL2655招标文件-预审.docx,5.针对评审要素，需要补充的其他文件,parent_scoring_section,0.78,needs_manual_review,正式证据包候选,,,,,"[""物资类通用""]",,needs_review,inventory_only_needs_original_evidence_or_manual_promotion,review_only,false,,,,rId212,word/media/image204.jpeg,5ea7609d266696f2645b111297a8a8dfc1c44070fdddbc8fdb01c011148ec128,2480,3507,5ea7609d266696f2645b111297a8a8dfc1c44070fdddbc8fdb01c011148ec128,Word内嵌媒体未导出；不得直接提升为正式图片资产
business-media-0206,business,media,business-chapter-041,5,（3）,（3）现状环境影响评估报告,,assets/template_words/商务补充文件.docx,(三)补充文件 / 7.针对评审要素，需要补充的其他文件 / 7.2.绿色发展规划及管理体系认证 / 7.2.3.环境影响评价情况 / （3）现状环境影响评估报告,191,191,tender_scoring_derived,assets/template_words/包1_完整招标文件_92475576192439826/SL2655招标文件-预审.docx,5.针对评审要素，需要补充的其他文件,parent_scoring_section,0.78,needs_manual_review,正式证据包候选,,,,,"[""物资类通用""]",,needs_review,inventory_only_needs_original_evidence_or_manual_promotion,review_only,false,,,,rId213,word/media/image205.jpeg,9f82795c7f45965df6390754dd848877022e96ad2efd54c8ec901a90eba09cbd,2480,3507,9f82795c7f45965df6390754dd848877022e96ad2efd54c8ec901a90eba09cbd,Word内嵌媒体未导出；不得直接提升为正式图片资产
business-media-0207,business,media,business-chapter-041,5,（3）,（3）现状环境影响评估报告,,assets/template_words/商务补充文件.docx,(三)补充文件 / 7.针对评审要素，需要补充的其他文件 / 7.2.绿色发展规划及管理体系认证 / 7.2.3.环境影响评价情况 / （3）现状环境影响评估报告,191,191,tender_scoring_derived,assets/template_words/包1_完整招标文件_92475576192439826/SL2655招标文件-预审.docx,5.针对评审要素，需要补充的其他文件,parent_scoring_section,0.78,needs_manual_review,正式证据包候选,,,,,"[""物资类通用""]",,needs_review,inventory_only_needs_original_evidence_or_manual_promotion,review_only,false,,,,rId214,word/media/image206.jpeg,9101c0589ed2af680f3f5802b58af437004e37393b29e2aebd195ccc2dbb1727,2480,3507,9101c0589ed2af680f3f5802b58af437004e37393b29e2aebd195ccc2dbb1727,Word内嵌媒体未导出；不得直接提升为正式图片资产
business-media-0208,business,media,business-chapter-041,5,（3）,（3）现状环境影响评估报告,,assets/template_words/商务补充文件.docx,(三)补充文件 / 7.针对评审要素，需要补充的其他文件 / 7.2.绿色发展规划及管理体系认证 / 7.2.3.环境影响评价情况 / （3）现状环境影响评估报告,191,191,tender_scoring_derived,assets/template_words/包1_完整招标文件_92475576192439826/SL2655招标文件-预审.docx,5.针对评审要素，需要补充的其他文件,parent_scoring_section,0.78,needs_manual_review,正式证据包候选,,,,,"[""物资类通用""]",,needs_review,inventory_only_needs_original_evidence_or_manual_promotion,review_only,false,,,,rId215,word/media/image207.jpeg,fde1f096c69e065fa4d3c87cc5d25a236f016387bb0dda50a3f649ad0c08120b,2480,3507,fde1f096c69e065fa4d3c87cc5d25a236f016387bb0dda50a3f649ad0c08120b,Word内嵌媒体未导出；不得直接提升为正式图片资产
business-media-0209,business,media,business-chapter-041,5,（3）,（3）现状环境影响评估报告,,assets/template_words/商务补充文件.docx,(三)补充文件 / 7.针对评审要素，需要补充的其他文件 / 7.2.绿色发展规划及管理体系认证 / 7.2.3.环境影响评价情况 / （3）现状环境影响评估报告,191,191,tender_scoring_derived,assets/template_words/包1_完整招标文件_92475576192439826/SL2655招标文件-预审.docx,5.针对评审要素，需要补充的其他文件,parent_scoring_section,0.78,needs_manual_review,正式证据包候选,,,,,"[""物资类通用""]",,needs_review,inventory_only_needs_original_evidence_or_manual_promotion,review_only,false,,,,rId216,word/media/image208.jpeg,1cd65e41fc3658da45dc05011e34a75da83ebb6b4052950aa03944d8790d1d52,2480,3507,1cd65e41fc3658da45dc05011e34a75da83ebb6b4052950aa03944d8790d1d52,Word内嵌媒体未导出；不得直接提升为正式图片资产
business-media-0210,business,media,business-chapter-041,5,（3）,（3）现状环境影响评估报告,,assets/template_words/商务补充文件.docx,(三)补充文件 / 7.针对评审要素，需要补充的其他文件 / 7.2.绿色发展规划及管理体系认证 / 7.2.3.环境影响评价情况 / （3）现状环境影响评估报告,191,191,tender_scoring_derived,assets/template_words/包1_完整招标文件_92475576192439826/SL2655招标文件-预审.docx,5.针对评审要素，需要补充的其他文件,parent_scoring_section,0.78,needs_manual_review,正式证据包候选,,,,,"[""物资类通用""]",,needs_review,inventory_only_needs_original_evidence_or_manual_promotion,review_only,false,,,,rId217,word/media/image209.jpeg,9ef0a72b549a609ff1f0558d023bde09f694b3c13e4921e9b8d4e17c8ed444a4,2480,3507,9ef0a72b549a609ff1f0558d023bde09f694b3c13e4921e9b8d4e17c8ed444a4,Word内嵌媒体未导出；不得直接提升为正式图片资产
business-media-0211,business,media,business-chapter-041,5,（3）,（3）现状环境影响评估报告,,assets/template_words/商务补充文件.docx,(三)补充文件 / 7.针对评审要素，需要补充的其他文件 / 7.2.绿色发展规划及管理体系认证 / 7.2.3.环境影响评价情况 / （3）现状环境影响评估报告,191,191,tender_scoring_derived,assets/template_words/包1_完整招标文件_92475576192439826/SL2655招标文件-预审.docx,5.针对评审要素，需要补充的其他文件,parent_scoring_section,0.78,needs_manual_review,正式证据包候选,,,,,"[""物资类通用""]",,needs_review,inventory_only_needs_original_evidence_or_manual_promotion,review_only,false,,,,rId218,word/media/image210.jpeg,effb6806b9ebdc8a5b5513850b40c367dd37d03cbde7661043049b8fc4e2586e,1266,1794,effb6806b9ebdc8a5b5513850b40c367dd37d03cbde7661043049b8fc4e2586e,Word内嵌媒体未导出；不得直接提升为正式图片资产
business-media-0212,business,media,business-chapter-041,5,（3）,（3）现状环境影响评估报告,,assets/template_words/商务补充文件.docx,(三)补充文件 / 7.针对评审要素，需要补充的其他文件 / 7.2.绿色发展规划及管理体系认证 / 7.2.3.环境影响评价情况 / （3）现状环境影响评估报告,191,191,tender_scoring_derived,assets/template_words/包1_完整招标文件_92475576192439826/SL2655招标文件-预审.docx,5.针对评审要素，需要补充的其他文件,parent_scoring_section,0.78,needs_manual_review,正式证据包候选,,,,,"[""物资类通用""]",,needs_review,inventory_only_needs_original_evidence_or_manual_promotion,review_only,false,,,,rId219,word/media/image211.jpeg,ddc76de9a85a3849acdb1eb52e98e709b59b6567ac873daddf82fe35bd6d6437,1266,1794,ddc76de9a85a3849acdb1eb52e98e709b59b6567ac873daddf82fe35bd6d6437,Word内嵌媒体未导出；不得直接提升为正式图片资产
business-media-0213,business,media,business-chapter-041,5,（3）,（3）现状环境影响评估报告,,assets/template_words/商务补充文件.docx,(三)补充文件 / 7.针对评审要素，需要补充的其他文件 / 7.2.绿色发展规划及管理体系认证 / 7.2.3.环境影响评价情况 / （3）现状环境影响评估报告,191,191,tender_scoring_derived,assets/template_words/包1_完整招标文件_92475576192439826/SL2655招标文件-预审.docx,5.针对评审要素，需要补充的其他文件,parent_scoring_section,0.78,needs_manual_review,正式证据包候选,,,,,"[""物资类通用""]",,needs_review,inventory_only_needs_original_evidence_or_manual_promotion,review_only,false,,,,rId220,word/media/image212.jpeg,9b9d318a5b35714f7c97340e8513925f924208545d8bfed4f3732cadf414bfc3,1266,1794,9b9d318a5b35714f7c97340e8513925f924208545d8bfed4f3732cadf414bfc3,Word内嵌媒体未导出；不得直接提升为正式图片资产
business-media-0214,business,media,business-chapter-041,5,（3）,（3）现状环境影响评估报告,,assets/template_words/商务补充文件.docx,(三)补充文件 / 7.针对评审要素，需要补充的其他文件 / 7.2.绿色发展规划及管理体系认证 / 7.2.3.环境影响评价情况 / （3）现状环境影响评估报告,191,191,tender_scoring_derived,assets/template_words/包1_完整招标文件_92475576192439826/SL2655招标文件-预审.docx,5.针对评审要素，需要补充的其他文件,parent_scoring_section,0.78,needs_manual_review,正式证据包候选,,,,,"[""物资类通用""]",,needs_review,inventory_only_needs_original_evidence_or_manual_promotion,review_only,false,,,,rId221,word/media/image213.jpeg,0e273dd622dc112d10f886b9e9cf0e9396bd3a9fb0d229ce2a36bbc3a4eee6de,1266,1794,0e273dd622dc112d10f886b9e9cf0e9396bd3a9fb0d229ce2a36bbc3a4eee6de,Word内嵌媒体未导出；不得直接提升为正式图片资产
business-media-0215,business,media,business-chapter-041,5,（3）,（3）现状环境影响评估报告,,assets/template_words/商务补充文件.docx,(三)补充文件 / 7.针对评审要素，需要补充的其他文件 / 7.2.绿色发展规划及管理体系认证 / 7.2.3.环境影响评价情况 / （3）现状环境影响评估报告,191,191,tender_scoring_derived,assets/template_words/包1_完整招标文件_92475576192439826/SL2655招标文件-预审.docx,5.针对评审要素，需要补充的其他文件,parent_scoring_section,0.78,needs_manual_review,正式证据包候选,,,,,"[""物资类通用""]",,needs_review,inventory_only_needs_original_evidence_or_manual_promotion,review_only,false,,,,rId222,word/media/image214.jpeg,53f6d46711bf082d4ff78005278b662d65813d5db0ff022ac04c202ef78479cf,2480,3507,53f6d46711bf082d4ff78005278b662d65813d5db0ff022ac04c202ef78479cf,Word内嵌媒体未导出；不得直接提升为正式图片资产
business-media-0216,business,media,business-chapter-041,5,（3）,（3）现状环境影响评估报告,,assets/template_words/商务补充文件.docx,(三)补充文件 / 7.针对评审要素，需要补充的其他文件 / 7.2.绿色发展规划及管理体系认证 / 7.2.3.环境影响评价情况 / （3）现状环境影响评估报告,191,191,tender_scoring_derived,assets/template_words/包1_完整招标文件_92475576192439826/SL2655招标文件-预审.docx,5.针对评审要素，需要补充的其他文件,parent_scoring_section,0.78,needs_manual_review,正式证据包候选,,,,,"[""物资类通用""]",,needs_review,inventory_only_needs_original_evidence_or_manual_promotion,review_only,false,,,,rId223,word/media/image215.jpeg,b49f2c4536e09c3d482813a31cfb86512ef663a8256ab4f6c059b891254c8fce,2480,3507,b49f2c4536e09c3d482813a31cfb86512ef663a8256ab4f6c059b891254c8fce,Word内嵌媒体未导出；不得直接提升为正式图片资产
business-media-0217,business,media,business-chapter-041,5,（3）,（3）现状环境影响评估报告,,assets/template_words/商务补充文件.docx,(三)补充文件 / 7.针对评审要素，需要补充的其他文件 / 7.2.绿色发展规划及管理体系认证 / 7.2.3.环境影响评价情况 / （3）现状环境影响评估报告,191,191,tender_scoring_derived,assets/template_words/包1_完整招标文件_92475576192439826/SL2655招标文件-预审.docx,5.针对评审要素，需要补充的其他文件,parent_scoring_section,0.78,needs_manual_review,正式证据包候选,,,,,"[""物资类通用""]",,needs_review,inventory_only_needs_original_evidence_or_manual_promotion,review_only,false,,,,rId224,word/media/image216.jpeg,417d73c14cc0b1f060fe45a657b8b14feb353ec171c35b78bc52b6e31dde0d26,1266,896,417d73c14cc0b1f060fe45a657b8b14feb353ec171c35b78bc52b6e31dde0d26,Word内嵌媒体未导出；不得直接提升为正式图片资产
business-media-0218,business,media,business-chapter-041,5,（3）,（3）现状环境影响评估报告,,assets/template_words/商务补充文件.docx,(三)补充文件 / 7.针对评审要素，需要补充的其他文件 / 7.2.绿色发展规划及管理体系认证 / 7.2.3.环境影响评价情况 / （3）现状环境影响评估报告,191,191,tender_scoring_derived,assets/template_words/包1_完整招标文件_92475576192439826/SL2655招标文件-预审.docx,5.针对评审要素，需要补充的其他文件,parent_scoring_section,0.78,needs_manual_review,正式证据包候选,,,,,"[""物资类通用""]",,needs_review,inventory_only_needs_original_evidence_or_manual_promotion,review_only,false,,,,rId225,word/media/image217.jpeg,6b6bcf302f2a3973c57896d3392cbf1605e39946beb6b787d87fa01dd510982c,1266,896,6b6bcf302f2a3973c57896d3392cbf1605e39946beb6b787d87fa01dd510982c,Word内嵌媒体未导出；不得直接提升为正式图片资产
business-media-0219,business,media,business-chapter-041,5,（3）,（3）现状环境影响评估报告,,assets/template_words/商务补充文件.docx,(三)补充文件 / 7.针对评审要素，需要补充的其他文件 / 7.2.绿色发展规划及管理体系认证 / 7.2.3.环境影响评价情况 / （3）现状环境影响评估报告,191,191,tender_scoring_derived,assets/template_words/包1_完整招标文件_92475576192439826/SL2655招标文件-预审.docx,5.针对评审要素，需要补充的其他文件,parent_scoring_section,0.78,needs_manual_review,正式证据包候选,,,,,"[""物资类通用""]",,needs_review,inventory_only_needs_original_evidence_or_manual_promotion,review_only,false,,,,rId226,word/media/image218.jpeg,f212e0832ff0655ad235175054907ecb425c24ae146fcac6f985c1bc653d5454,2480,3507,f212e0832ff0655ad235175054907ecb425c24ae146fcac6f985c1bc653d5454,Word内嵌媒体未导出；不得直接提升为正式图片资产
business-media-0220,business,media,business-chapter-041,5,（3）,（3）现状环境影响评估报告,,assets/template_words/商务补充文件.docx,(三)补充文件 / 7.针对评审要素，需要补充的其他文件 / 7.2.绿色发展规划及管理体系认证 / 7.2.3.环境影响评价情况 / （3）现状环境影响评估报告,191,191,tender_scoring_derived,assets/template_words/包1_完整招标文件_92475576192439826/SL2655招标文件-预审.docx,5.针对评审要素，需要补充的其他文件,parent_scoring_section,0.78,needs_manual_review,正式证据包候选,,,,,"[""物资类通用""]",,needs_review,inventory_only_needs_original_evidence_or_manual_promotion,review_only,false,,,,rId227,word/media/image219.jpeg,1e8ba91366960a93a8b9c2e40a6aaac7ee29c1e78829064315bd38a73604e69b,2480,3507,1e8ba91366960a93a8b9c2e40a6aaac7ee29c1e78829064315bd38a73604e69b,Word内嵌媒体未导出；不得直接提升为正式图片资产
business-media-0221,business,media,business-chapter-041,5,（3）,（3）现状环境影响评估报告,,assets/template_words/商务补充文件.docx,(三)补充文件 / 7.针对评审要素，需要补充的其他文件 / 7.2.绿色发展规划及管理体系认证 / 7.2.3.环境影响评价情况 / （3）现状环境影响评估报告,191,191,tender_scoring_derived,assets/template_words/包1_完整招标文件_92475576192439826/SL2655招标文件-预审.docx,5.针对评审要素，需要补充的其他文件,parent_scoring_section,0.78,needs_manual_review,正式证据包候选,,,,,"[""物资类通用""]",,needs_review,inventory_only_needs_original_evidence_or_manual_promotion,review_only,false,,,,rId228,word/media/image220.jpeg,a739db0f454fd5b8b8d6c004aa76ac799a87e91c354fa1f1e68bd4770b8a9769,1266,1794,a739db0f454fd5b8b8d6c004aa76ac799a87e91c354fa1f1e68bd4770b8a9769,Word内嵌媒体未导出；不得直接提升为正式图片资产
business-media-0222,business,media,business-chapter-041,5,（3）,（3）现状环境影响评估报告,,assets/template_words/商务补充文件.docx,(三)补充文件 / 7.针对评审要素，需要补充的其他文件 / 7.2.绿色发展规划及管理体系认证 / 7.2.3.环境影响评价情况 / （3）现状环境影响评估报告,191,191,tender_scoring_derived,assets/template_words/包1_完整招标文件_92475576192439826/SL2655招标文件-预审.docx,5.针对评审要素，需要补充的其他文件,parent_scoring_section,0.78,needs_manual_review,正式证据包候选,,,,,"[""物资类通用""]",,needs_review,inventory_only_needs_original_evidence_or_manual_promotion,review_only,false,,,,rId229,word/media/image221.jpeg,41798c5585e51efa99ddb9c426d605290260772d3777ff07df3da9ee2ddce49d,1266,1794,41798c5585e51efa99ddb9c426d605290260772d3777ff07df3da9ee2ddce49d,Word内嵌媒体未导出；不得直接提升为正式图片资产
business-media-0223,business,media,business-chapter-041,5,（3）,（3）现状环境影响评估报告,,assets/template_words/商务补充文件.docx,(三)补充文件 / 7.针对评审要素，需要补充的其他文件 / 7.2.绿色发展规划及管理体系认证 / 7.2.3.环境影响评价情况 / （3）现状环境影响评估报告,191,191,tender_scoring_derived,assets/template_words/包1_完整招标文件_92475576192439826/SL2655招标文件-预审.docx,5.针对评审要素，需要补充的其他文件,parent_scoring_section,0.78,needs_manual_review,正式证据包候选,,,,,"[""物资类通用""]",,needs_review,inventory_only_needs_original_evidence_or_manual_promotion,review_only,false,,,,rId230,word/media/image222.jpeg,2a956dd1af9c562e1d11cb772b1fed5372f2c909f657a8248ceaa0b9789bd4db,2480,3507,2a956dd1af9c562e1d11cb772b1fed5372f2c909f657a8248ceaa0b9789bd4db,Word内嵌媒体未导出；不得直接提升为正式图片资产
business-media-0224,business,media,business-chapter-041,5,（3）,（3）现状环境影响评估报告,,assets/template_words/商务补充文件.docx,(三)补充文件 / 7.针对评审要素，需要补充的其他文件 / 7.2.绿色发展规划及管理体系认证 / 7.2.3.环境影响评价情况 / （3）现状环境影响评估报告,191,191,tender_scoring_derived,assets/template_words/包1_完整招标文件_92475576192439826/SL2655招标文件-预审.docx,5.针对评审要素，需要补充的其他文件,parent_scoring_section,0.78,needs_manual_review,正式证据包候选,,,,,"[""物资类通用""]",,needs_review,inventory_only_needs_original_evidence_or_manual_promotion,review_only,false,,,,rId231,word/media/image223.jpeg,871ffd8627f54298eecb96f601f44c1fa97c95ca987198599a376983ecd524fa,2480,3507,871ffd8627f54298eecb96f601f44c1fa97c95ca987198599a376983ecd524fa,Word内嵌媒体未导出；不得直接提升为正式图片资产
business-media-0225,business,media,business-chapter-041,5,（3）,（3）现状环境影响评估报告,,assets/template_words/商务补充文件.docx,(三)补充文件 / 7.针对评审要素，需要补充的其他文件 / 7.2.绿色发展规划及管理体系认证 / 7.2.3.环境影响评价情况 / （3）现状环境影响评估报告,191,191,tender_scoring_derived,assets/template_words/包1_完整招标文件_92475576192439826/SL2655招标文件-预审.docx,5.针对评审要素，需要补充的其他文件,parent_scoring_section,0.78,needs_manual_review,正式证据包候选,,,,,"[""物资类通用""]",,needs_review,inventory_only_needs_original_evidence_or_manual_promotion,review_only,false,,,,rId232,word/media/image224.jpeg,bf56d311bc5c6dbec05552d8a9e014d48927ac246bbf24d44c0e5d0552f2b70c,1266,1794,bf56d311bc5c6dbec05552d8a9e014d48927ac246bbf24d44c0e5d0552f2b70c,Word内嵌媒体未导出；不得直接提升为正式图片资产
business-media-0226,business,media,business-chapter-041,5,（3）,（3）现状环境影响评估报告,,assets/template_words/商务补充文件.docx,(三)补充文件 / 7.针对评审要素，需要补充的其他文件 / 7.2.绿色发展规划及管理体系认证 / 7.2.3.环境影响评价情况 / （3）现状环境影响评估报告,191,191,tender_scoring_derived,assets/template_words/包1_完整招标文件_92475576192439826/SL2655招标文件-预审.docx,5.针对评审要素，需要补充的其他文件,parent_scoring_section,0.78,needs_manual_review,正式证据包候选,,,,,"[""物资类通用""]",,needs_review,inventory_only_needs_original_evidence_or_manual_promotion,review_only,false,,,,rId233,word/media/image225.jpeg,1c7e013e3e83c60fa26505b89e460a79039dda45f9f77a1d670b663f0010de69,1266,1794,1c7e013e3e83c60fa26505b89e460a79039dda45f9f77a1d670b663f0010de69,Word内嵌媒体未导出；不得直接提升为正式图片资产
business-media-0227,business,media,business-chapter-041,5,（3）,（3）现状环境影响评估报告,,assets/template_words/商务补充文件.docx,(三)补充文件 / 7.针对评审要素，需要补充的其他文件 / 7.2.绿色发展规划及管理体系认证 / 7.2.3.环境影响评价情况 / （3）现状环境影响评估报告,191,191,tender_scoring_derived,assets/template_words/包1_完整招标文件_92475576192439826/SL2655招标文件-预审.docx,5.针对评审要素，需要补充的其他文件,parent_scoring_section,0.78,needs_manual_review,正式证据包候选,,,,,"[""物资类通用""]",,needs_review,inventory_only_needs_original_evidence_or_manual_promotion,review_only,false,,,,rId234,word/media/image226.jpeg,bca34dbfdd132abbe5846da0514d7f96d60bab070d7cc1aba370f12223114617,1266,1794,bca34dbfdd132abbe5846da0514d7f96d60bab070d7cc1aba370f12223114617,Word内嵌媒体未导出；不得直接提升为正式图片资产
business-media-0228,business,media,business-chapter-041,5,（3）,（3）现状环境影响评估报告,,assets/template_words/商务补充文件.docx,(三)补充文件 / 7.针对评审要素，需要补充的其他文件 / 7.2.绿色发展规划及管理体系认证 / 7.2.3.环境影响评价情况 / （3）现状环境影响评估报告,191,191,tender_scoring_derived,assets/template_words/包1_完整招标文件_92475576192439826/SL2655招标文件-预审.docx,5.针对评审要素，需要补充的其他文件,parent_scoring_section,0.78,needs_manual_review,正式证据包候选,,,,,"[""物资类通用""]",,needs_review,inventory_only_needs_original_evidence_or_manual_promotion,review_only,false,,,,rId235,word/media/image227.jpeg,18348308a8332af1996b520bb9dc3696f270bca917164b594fa7aa26fce3ab03,2480,3507,18348308a8332af1996b520bb9dc3696f270bca917164b594fa7aa26fce3ab03,Word内嵌媒体未导出；不得直接提升为正式图片资产
business-media-0229,business,media,business-chapter-041,5,（3）,（3）现状环境影响评估报告,,assets/template_words/商务补充文件.docx,(三)补充文件 / 7.针对评审要素，需要补充的其他文件 / 7.2.绿色发展规划及管理体系认证 / 7.2.3.环境影响评价情况 / （3）现状环境影响评估报告,191,191,tender_scoring_derived,assets/template_words/包1_完整招标文件_92475576192439826/SL2655招标文件-预审.docx,5.针对评审要素，需要补充的其他文件,parent_scoring_section,0.78,needs_manual_review,正式证据包候选,,,,,"[""物资类通用""]",,needs_review,inventory_only_needs_original_evidence_or_manual_promotion,review_only,false,,,,rId236,word/media/image228.jpeg,8aa3d95c2441e97a841b07a055ec1ece0fc01eb47b21b1cd1682559728380b17,1266,1794,8aa3d95c2441e97a841b07a055ec1ece0fc01eb47b21b1cd1682559728380b17,Word内嵌媒体未导出；不得直接提升为正式图片资产
business-media-0230,business,media,business-chapter-041,5,（3）,（3）现状环境影响评估报告,,assets/template_words/商务补充文件.docx,(三)补充文件 / 7.针对评审要素，需要补充的其他文件 / 7.2.绿色发展规划及管理体系认证 / 7.2.3.环境影响评价情况 / （3）现状环境影响评估报告,191,191,tender_scoring_derived,assets/template_words/包1_完整招标文件_92475576192439826/SL2655招标文件-预审.docx,5.针对评审要素，需要补充的其他文件,parent_scoring_section,0.78,needs_manual_review,正式证据包候选,,,,,"[""物资类通用""]",,needs_review,inventory_only_needs_original_evidence_or_manual_promotion,review_only,false,,,,rId237,word/media/image229.jpeg,f2ef0fafdab33a4e5754499e6b278d394edc213af79a42cee4a65893202dcdfe,1266,1794,f2ef0fafdab33a4e5754499e6b278d394edc213af79a42cee4a65893202dcdfe,Word内嵌媒体未导出；不得直接提升为正式图片资产
business-media-0231,business,media,business-chapter-041,5,（3）,（3）现状环境影响评估报告,,assets/template_words/商务补充文件.docx,(三)补充文件 / 7.针对评审要素，需要补充的其他文件 / 7.2.绿色发展规划及管理体系认证 / 7.2.3.环境影响评价情况 / （3）现状环境影响评估报告,191,191,tender_scoring_derived,assets/template_words/包1_完整招标文件_92475576192439826/SL2655招标文件-预审.docx,5.针对评审要素，需要补充的其他文件,parent_scoring_section,0.78,needs_manual_review,正式证据包候选,,,,,"[""物资类通用""]",,needs_review,inventory_only_needs_original_evidence_or_manual_promotion,review_only,false,,,,rId238,word/media/image230.jpeg,6e0a38902e07eb3cf7b3c7129038072811972cc7f9d8ed628be4cd0b9c055686,1266,1794,6e0a38902e07eb3cf7b3c7129038072811972cc7f9d8ed628be4cd0b9c055686,Word内嵌媒体未导出；不得直接提升为正式图片资产
business-media-0232,business,media,business-chapter-041,5,（3）,（3）现状环境影响评估报告,,assets/template_words/商务补充文件.docx,(三)补充文件 / 7.针对评审要素，需要补充的其他文件 / 7.2.绿色发展规划及管理体系认证 / 7.2.3.环境影响评价情况 / （3）现状环境影响评估报告,191,191,tender_scoring_derived,assets/template_words/包1_完整招标文件_92475576192439826/SL2655招标文件-预审.docx,5.针对评审要素，需要补充的其他文件,parent_scoring_section,0.78,needs_manual_review,正式证据包候选,,,,,"[""物资类通用""]",,needs_review,inventory_only_needs_original_evidence_or_manual_promotion,review_only,false,,,,rId239,word/media/image231.jpeg,48d6cd9a077951f25be184f785ea27257a3beb8a6aa349420496387959d471c0,1266,1794,48d6cd9a077951f25be184f785ea27257a3beb8a6aa349420496387959d471c0,Word内嵌媒体未导出；不得直接提升为正式图片资产
business-media-0233,business,media,business-chapter-041,5,（3）,（3）现状环境影响评估报告,,assets/template_words/商务补充文件.docx,(三)补充文件 / 7.针对评审要素，需要补充的其他文件 / 7.2.绿色发展规划及管理体系认证 / 7.2.3.环境影响评价情况 / （3）现状环境影响评估报告,191,191,tender_scoring_derived,assets/template_words/包1_完整招标文件_92475576192439826/SL2655招标文件-预审.docx,5.针对评审要素，需要补充的其他文件,parent_scoring_section,0.78,needs_manual_review,正式证据包候选,,,,,"[""物资类通用""]",,needs_review,inventory_only_needs_original_evidence_or_manual_promotion,review_only,false,,,,rId240,word/media/image232.jpeg,e1bbebc6d77785cff773f9c567c12d8ae18edf6b4e28a358aad71cebf3ca45ad,2480,3507,e1bbebc6d77785cff773f9c567c12d8ae18edf6b4e28a358aad71cebf3ca45ad,Word内嵌媒体未导出；不得直接提升为正式图片资产
business-media-0234,business,media,business-chapter-041,5,（3）,（3）现状环境影响评估报告,,assets/template_words/商务补充文件.docx,(三)补充文件 / 7.针对评审要素，需要补充的其他文件 / 7.2.绿色发展规划及管理体系认证 / 7.2.3.环境影响评价情况 / （3）现状环境影响评估报告,191,191,tender_scoring_derived,assets/template_words/包1_完整招标文件_92475576192439826/SL2655招标文件-预审.docx,5.针对评审要素，需要补充的其他文件,parent_scoring_section,0.78,needs_manual_review,正式证据包候选,,,,,"[""物资类通用""]",,needs_review,inventory_only_needs_original_evidence_or_manual_promotion,review_only,false,,,,rId241,word/media/image233.jpeg,269e306f8cf107e4ad1c07fbdbdfc1ed657665c35e371076750635f54aab7be2,2480,3507,269e306f8cf107e4ad1c07fbdbdfc1ed657665c35e371076750635f54aab7be2,Word内嵌媒体未导出；不得直接提升为正式图片资产
business-media-0235,business,media,business-chapter-041,5,（3）,（3）现状环境影响评估报告,,assets/template_words/商务补充文件.docx,(三)补充文件 / 7.针对评审要素，需要补充的其他文件 / 7.2.绿色发展规划及管理体系认证 / 7.2.3.环境影响评价情况 / （3）现状环境影响评估报告,191,191,tender_scoring_derived,assets/template_words/包1_完整招标文件_92475576192439826/SL2655招标文件-预审.docx,5.针对评审要素，需要补充的其他文件,parent_scoring_section,0.78,needs_manual_review,正式证据包候选,,,,,"[""物资类通用""]",,needs_review,inventory_only_needs_original_evidence_or_manual_promotion,review_only,false,,,,rId242,word/media/image234.jpeg,7d91cb870a134b93ad4e202c98e774675faef2396d0586c93052a77bed478d61,2480,3507,7d91cb870a134b93ad4e202c98e774675faef2396d0586c93052a77bed478d61,Word内嵌媒体未导出；不得直接提升为正式图片资产
business-media-0236,business,media,business-chapter-041,5,（3）,（3）现状环境影响评估报告,,assets/template_words/商务补充文件.docx,(三)补充文件 / 7.针对评审要素，需要补充的其他文件 / 7.2.绿色发展规划及管理体系认证 / 7.2.3.环境影响评价情况 / （3）现状环境影响评估报告,191,191,tender_scoring_derived,assets/template_words/包1_完整招标文件_92475576192439826/SL2655招标文件-预审.docx,5.针对评审要素，需要补充的其他文件,parent_scoring_section,0.78,needs_manual_review,正式证据包候选,,,,,"[""物资类通用""]",,needs_review,inventory_only_needs_original_evidence_or_manual_promotion,review_only,false,,,,rId243,word/media/image235.jpeg,44f89d0468be8babad49b3f2e36540d8493bf3b16b2c9b9ab06587ac075c99af,2480,3507,44f89d0468be8babad49b3f2e36540d8493bf3b16b2c9b9ab06587ac075c99af,Word内嵌媒体未导出；不得直接提升为正式图片资产
business-media-0237,business,media,business-chapter-041,5,（3）,（3）现状环境影响评估报告,,assets/template_words/商务补充文件.docx,(三)补充文件 / 7.针对评审要素，需要补充的其他文件 / 7.2.绿色发展规划及管理体系认证 / 7.2.3.环境影响评价情况 / （3）现状环境影响评估报告,191,191,tender_scoring_derived,assets/template_words/包1_完整招标文件_92475576192439826/SL2655招标文件-预审.docx,5.针对评审要素，需要补充的其他文件,parent_scoring_section,0.78,needs_manual_review,正式证据包候选,,,,,"[""物资类通用""]",,needs_review,inventory_only_needs_original_evidence_or_manual_promotion,review_only,false,,,,rId244,word/media/image236.jpeg,18329592421b0465a8eae366d7b8ddb4dd2edb125563ec73e6ca35b8126ec0cc,1266,1794,18329592421b0465a8eae366d7b8ddb4dd2edb125563ec73e6ca35b8126ec0cc,Word内嵌媒体未导出；不得直接提升为正式图片资产
business-media-0238,business,media,business-chapter-041,5,（3）,（3）现状环境影响评估报告,,assets/template_words/商务补充文件.docx,(三)补充文件 / 7.针对评审要素，需要补充的其他文件 / 7.2.绿色发展规划及管理体系认证 / 7.2.3.环境影响评价情况 / （3）现状环境影响评估报告,191,191,tender_scoring_derived,assets/template_words/包1_完整招标文件_92475576192439826/SL2655招标文件-预审.docx,5.针对评审要素，需要补充的其他文件,parent_scoring_section,0.78,needs_manual_review,正式证据包候选,,,,,"[""物资类通用""]",,needs_review,inventory_only_needs_original_evidence_or_manual_promotion,review_only,false,,,,rId245,word/media/image237.jpeg,facc29f07481a92ebc54e2955cda7cd244514dbaf349a3bfe5f6b3a9faa73ebf,1266,1794,facc29f07481a92ebc54e2955cda7cd244514dbaf349a3bfe5f6b3a9faa73ebf,Word内嵌媒体未导出；不得直接提升为正式图片资产
business-media-0239,business,media,business-chapter-041,5,（3）,（3）现状环境影响评估报告,,assets/template_words/商务补充文件.docx,(三)补充文件 / 7.针对评审要素，需要补充的其他文件 / 7.2.绿色发展规划及管理体系认证 / 7.2.3.环境影响评价情况 / （3）现状环境影响评估报告,191,191,tender_scoring_derived,assets/template_words/包1_完整招标文件_92475576192439826/SL2655招标文件-预审.docx,5.针对评审要素，需要补充的其他文件,parent_scoring_section,0.78,needs_manual_review,正式证据包候选,,,,,"[""物资类通用""]",,needs_review,inventory_only_needs_original_evidence_or_manual_promotion,review_only,false,,,,rId246,word/media/image238.jpeg,ebed20ff147f06734b2c3a5faa8d28a47ee6ad6a0cc13a7c9100ad7c303c138c,1266,1794,ebed20ff147f06734b2c3a5faa8d28a47ee6ad6a0cc13a7c9100ad7c303c138c,Word内嵌媒体未导出；不得直接提升为正式图片资产
business-media-0240,business,media,business-chapter-041,5,（3）,（3）现状环境影响评估报告,,assets/template_words/商务补充文件.docx,(三)补充文件 / 7.针对评审要素，需要补充的其他文件 / 7.2.绿色发展规划及管理体系认证 / 7.2.3.环境影响评价情况 / （3）现状环境影响评估报告,191,191,tender_scoring_derived,assets/template_words/包1_完整招标文件_92475576192439826/SL2655招标文件-预审.docx,5.针对评审要素，需要补充的其他文件,parent_scoring_section,0.78,needs_manual_review,正式证据包候选,,,,,"[""物资类通用""]",,needs_review,inventory_only_needs_original_evidence_or_manual_promotion,review_only,false,,,,rId247,word/media/image239.jpeg,847fe1a5345c69c02ea02954267b1969a982b0e88e0ac0df0e5cbcea262fe666,1266,896,847fe1a5345c69c02ea02954267b1969a982b0e88e0ac0df0e5cbcea262fe666,Word内嵌媒体未导出；不得直接提升为正式图片资产
business-media-0241,business,media,business-chapter-041,5,（3）,（3）现状环境影响评估报告,,assets/template_words/商务补充文件.docx,(三)补充文件 / 7.针对评审要素，需要补充的其他文件 / 7.2.绿色发展规划及管理体系认证 / 7.2.3.环境影响评价情况 / （3）现状环境影响评估报告,191,191,tender_scoring_derived,assets/template_words/包1_完整招标文件_92475576192439826/SL2655招标文件-预审.docx,5.针对评审要素，需要补充的其他文件,parent_scoring_section,0.78,needs_manual_review,正式证据包候选,,,,,"[""物资类通用""]",,needs_review,inventory_only_needs_original_evidence_or_manual_promotion,review_only,false,,,,rId248,word/media/image240.jpeg,3fb9454388d631aefc554557d507b3e941463ad6f213e0625178484062938709,1266,1794,3fb9454388d631aefc554557d507b3e941463ad6f213e0625178484062938709,Word内嵌媒体未导出；不得直接提升为正式图片资产
business-media-0242,business,media,business-chapter-041,5,（3）,（3）现状环境影响评估报告,,assets/template_words/商务补充文件.docx,(三)补充文件 / 7.针对评审要素，需要补充的其他文件 / 7.2.绿色发展规划及管理体系认证 / 7.2.3.环境影响评价情况 / （3）现状环境影响评估报告,191,191,tender_scoring_derived,assets/template_words/包1_完整招标文件_92475576192439826/SL2655招标文件-预审.docx,5.针对评审要素，需要补充的其他文件,parent_scoring_section,0.78,needs_manual_review,正式证据包候选,,,,,"[""物资类通用""]",,needs_review,inventory_only_needs_original_evidence_or_manual_promotion,review_only,false,,,,rId249,word/media/image241.jpeg,05f4b06d246a57b210272ed5903492eba4a2bd2ad491d2f3e13c8c49a9577a34,1266,1794,05f4b06d246a57b210272ed5903492eba4a2bd2ad491d2f3e13c8c49a9577a34,Word内嵌媒体未导出；不得直接提升为正式图片资产
business-media-0243,business,media,business-chapter-041,5,（3）,（3）现状环境影响评估报告,,assets/template_words/商务补充文件.docx,(三)补充文件 / 7.针对评审要素，需要补充的其他文件 / 7.2.绿色发展规划及管理体系认证 / 7.2.3.环境影响评价情况 / （3）现状环境影响评估报告,191,191,tender_scoring_derived,assets/template_words/包1_完整招标文件_92475576192439826/SL2655招标文件-预审.docx,5.针对评审要素，需要补充的其他文件,parent_scoring_section,0.78,needs_manual_review,正式证据包候选,,,,,"[""物资类通用""]",,needs_review,inventory_only_needs_original_evidence_or_manual_promotion,review_only,false,,,,rId250,word/media/image242.jpeg,cbd8af6f26ad8af3224556f11cde29734d793e4f9933ab615eb0b69b6839503e,1266,1794,cbd8af6f26ad8af3224556f11cde29734d793e4f9933ab615eb0b69b6839503e,Word内嵌媒体未导出；不得直接提升为正式图片资产
business-media-0244,business,media,business-chapter-041,5,（3）,（3）现状环境影响评估报告,,assets/template_words/商务补充文件.docx,(三)补充文件 / 7.针对评审要素，需要补充的其他文件 / 7.2.绿色发展规划及管理体系认证 / 7.2.3.环境影响评价情况 / （3）现状环境影响评估报告,191,191,tender_scoring_derived,assets/template_words/包1_完整招标文件_92475576192439826/SL2655招标文件-预审.docx,5.针对评审要素，需要补充的其他文件,parent_scoring_section,0.78,needs_manual_review,正式证据包候选,,,,,"[""物资类通用""]",,needs_review,inventory_only_needs_original_evidence_or_manual_promotion,review_only,false,,,,rId251,word/media/image243.jpeg,f7278568c39d6478d664fa407a160c3ffe34868878f57e0349cd487a90ddebea,2480,3507,f7278568c39d6478d664fa407a160c3ffe34868878f57e0349cd487a90ddebea,Word内嵌媒体未导出；不得直接提升为正式图片资产
business-media-0245,business,media,business-chapter-041,5,（3）,（3）现状环境影响评估报告,,assets/template_words/商务补充文件.docx,(三)补充文件 / 7.针对评审要素，需要补充的其他文件 / 7.2.绿色发展规划及管理体系认证 / 7.2.3.环境影响评价情况 / （3）现状环境影响评估报告,191,191,tender_scoring_derived,assets/template_words/包1_完整招标文件_92475576192439826/SL2655招标文件-预审.docx,5.针对评审要素，需要补充的其他文件,parent_scoring_section,0.78,needs_manual_review,正式证据包候选,,,,,"[""物资类通用""]",,needs_review,inventory_only_needs_original_evidence_or_manual_promotion,review_only,false,,,,rId252,word/media/image244.jpeg,dcd1e45b50b3de0e2e72ded6100dbae5273e076edcee57b0e5724d3ab2985c96,1266,896,dcd1e45b50b3de0e2e72ded6100dbae5273e076edcee57b0e5724d3ab2985c96,Word内嵌媒体未导出；不得直接提升为正式图片资产
business-media-0246,business,media,business-chapter-041,5,（3）,（3）现状环境影响评估报告,,assets/template_words/商务补充文件.docx,(三)补充文件 / 7.针对评审要素，需要补充的其他文件 / 7.2.绿色发展规划及管理体系认证 / 7.2.3.环境影响评价情况 / （3）现状环境影响评估报告,191,191,tender_scoring_derived,assets/template_words/包1_完整招标文件_92475576192439826/SL2655招标文件-预审.docx,5.针对评审要素，需要补充的其他文件,parent_scoring_section,0.78,needs_manual_review,正式证据包候选,,,,,"[""物资类通用""]",,needs_review,inventory_only_needs_original_evidence_or_manual_promotion,review_only,false,,,,rId253,word/media/image245.jpeg,8c56379e9694a11d96eb0c6a50ec166ed7b9112cb6e68456541d273b9e032973,1266,896,8c56379e9694a11d96eb0c6a50ec166ed7b9112cb6e68456541d273b9e032973,Word内嵌媒体未导出；不得直接提升为正式图片资产
business-media-0247,business,media,business-chapter-041,5,（3）,（3）现状环境影响评估报告,,assets/template_words/商务补充文件.docx,(三)补充文件 / 7.针对评审要素，需要补充的其他文件 / 7.2.绿色发展规划及管理体系认证 / 7.2.3.环境影响评价情况 / （3）现状环境影响评估报告,191,191,tender_scoring_derived,assets/template_words/包1_完整招标文件_92475576192439826/SL2655招标文件-预审.docx,5.针对评审要素，需要补充的其他文件,parent_scoring_section,0.78,needs_manual_review,正式证据包候选,,,,,"[""物资类通用""]",,needs_review,inventory_only_needs_original_evidence_or_manual_promotion,review_only,false,,,,rId254,word/media/image246.jpeg,2642135ea4252a275889b714cbd77d43daf2f7493cffa16c1da72e958492331f,1266,1794,2642135ea4252a275889b714cbd77d43daf2f7493cffa16c1da72e958492331f,Word内嵌媒体未导出；不得直接提升为正式图片资产
business-media-0248,business,media,business-chapter-041,5,（3）,（3）现状环境影响评估报告,,assets/template_words/商务补充文件.docx,(三)补充文件 / 7.针对评审要素，需要补充的其他文件 / 7.2.绿色发展规划及管理体系认证 / 7.2.3.环境影响评价情况 / （3）现状环境影响评估报告,191,191,tender_scoring_derived,assets/template_words/包1_完整招标文件_92475576192439826/SL2655招标文件-预审.docx,5.针对评审要素，需要补充的其他文件,parent_scoring_section,0.78,needs_manual_review,正式证据包候选,,,,,"[""物资类通用""]",,needs_review,inventory_only_needs_original_evidence_or_manual_promotion,review_only,false,,,,rId255,word/media/image247.jpeg,fc06fdde27589a33293da753a475ca4b0eab633d3b045bb1d5665ea099346689,1266,896,fc06fdde27589a33293da753a475ca4b0eab633d3b045bb1d5665ea099346689,Word内嵌媒体未导出；不得直接提升为正式图片资产
business-media-0249,business,media,business-chapter-041,5,（3）,（3）现状环境影响评估报告,,assets/template_words/商务补充文件.docx,(三)补充文件 / 7.针对评审要素，需要补充的其他文件 / 7.2.绿色发展规划及管理体系认证 / 7.2.3.环境影响评价情况 / （3）现状环境影响评估报告,191,191,tender_scoring_derived,assets/template_words/包1_完整招标文件_92475576192439826/SL2655招标文件-预审.docx,5.针对评审要素，需要补充的其他文件,parent_scoring_section,0.78,needs_manual_review,正式证据包候选,,,,,"[""物资类通用""]",,needs_review,inventory_only_needs_original_evidence_or_manual_promotion,review_only,false,,,,rId256,word/media/image248.jpeg,1f45ed5a92289b7d52916072c8c6765fdba68b466a715c6bcdd8880bc3cc4264,1266,896,1f45ed5a92289b7d52916072c8c6765fdba68b466a715c6bcdd8880bc3cc4264,Word内嵌媒体未导出；不得直接提升为正式图片资产
business-media-0250,business,media,business-chapter-041,5,（3）,（3）现状环境影响评估报告,,assets/template_words/商务补充文件.docx,(三)补充文件 / 7.针对评审要素，需要补充的其他文件 / 7.2.绿色发展规划及管理体系认证 / 7.2.3.环境影响评价情况 / （3）现状环境影响评估报告,191,191,tender_scoring_derived,assets/template_words/包1_完整招标文件_92475576192439826/SL2655招标文件-预审.docx,5.针对评审要素，需要补充的其他文件,parent_scoring_section,0.78,needs_manual_review,正式证据包候选,,,,,"[""物资类通用""]",,needs_review,inventory_only_needs_original_evidence_or_manual_promotion,review_only,false,,,,rId257,word/media/image249.jpeg,956246a8565a665e992559009d3e50fe72f82a3b5061f867434f6970bd662bf8,1266,896,956246a8565a665e992559009d3e50fe72f82a3b5061f867434f6970bd662bf8,Word内嵌媒体未导出；不得直接提升为正式图片资产
business-media-0251,business,media,business-chapter-041,5,（3）,（3）现状环境影响评估报告,,assets/template_words/商务补充文件.docx,(三)补充文件 / 7.针对评审要素，需要补充的其他文件 / 7.2.绿色发展规划及管理体系认证 / 7.2.3.环境影响评价情况 / （3）现状环境影响评估报告,191,191,tender_scoring_derived,assets/template_words/包1_完整招标文件_92475576192439826/SL2655招标文件-预审.docx,5.针对评审要素，需要补充的其他文件,parent_scoring_section,0.78,needs_manual_review,正式证据包候选,,,,,"[""物资类通用""]",,needs_review,inventory_only_needs_original_evidence_or_manual_promotion,review_only,false,,,,rId258,word/media/image250.jpeg,d6f2b92d37e226bd9831d2cdd69d5831e349b5fa6e516ca82c7cb59f2c12ff44,1266,896,d6f2b92d37e226bd9831d2cdd69d5831e349b5fa6e516ca82c7cb59f2c12ff44,Word内嵌媒体未导出；不得直接提升为正式图片资产
business-media-0252,business,media,business-chapter-041,5,（3）,（3）现状环境影响评估报告,,assets/template_words/商务补充文件.docx,(三)补充文件 / 7.针对评审要素，需要补充的其他文件 / 7.2.绿色发展规划及管理体系认证 / 7.2.3.环境影响评价情况 / （3）现状环境影响评估报告,191,191,tender_scoring_derived,assets/template_words/包1_完整招标文件_92475576192439826/SL2655招标文件-预审.docx,5.针对评审要素，需要补充的其他文件,parent_scoring_section,0.78,needs_manual_review,正式证据包候选,,,,,"[""物资类通用""]",,needs_review,inventory_only_needs_original_evidence_or_manual_promotion,review_only,false,,,,rId259,word/media/image251.jpeg,6fa27dea07c981162df28142bfc4c1ce01fcaf783d97be985a27fde80b3ed6cc,1266,896,6fa27dea07c981162df28142bfc4c1ce01fcaf783d97be985a27fde80b3ed6cc,Word内嵌媒体未导出；不得直接提升为正式图片资产
business-media-0253,business,media,business-chapter-041,5,（3）,（3）现状环境影响评估报告,,assets/template_words/商务补充文件.docx,(三)补充文件 / 7.针对评审要素，需要补充的其他文件 / 7.2.绿色发展规划及管理体系认证 / 7.2.3.环境影响评价情况 / （3）现状环境影响评估报告,191,191,tender_scoring_derived,assets/template_words/包1_完整招标文件_92475576192439826/SL2655招标文件-预审.docx,5.针对评审要素，需要补充的其他文件,parent_scoring_section,0.78,needs_manual_review,正式证据包候选,,,,,"[""物资类通用""]",,needs_review,inventory_only_needs_original_evidence_or_manual_promotion,review_only,false,,,,rId260,word/media/image252.jpeg,9a1776a672141ffda9d63b7eaa4afb36725933fac1a0065ab1a310f9875d65e7,1266,896,9a1776a672141ffda9d63b7eaa4afb36725933fac1a0065ab1a310f9875d65e7,Word内嵌媒体未导出；不得直接提升为正式图片资产
business-media-0254,business,media,business-chapter-041,5,（3）,（3）现状环境影响评估报告,,assets/template_words/商务补充文件.docx,(三)补充文件 / 7.针对评审要素，需要补充的其他文件 / 7.2.绿色发展规划及管理体系认证 / 7.2.3.环境影响评价情况 / （3）现状环境影响评估报告,191,191,tender_scoring_derived,assets/template_words/包1_完整招标文件_92475576192439826/SL2655招标文件-预审.docx,5.针对评审要素，需要补充的其他文件,parent_scoring_section,0.78,needs_manual_review,正式证据包候选,,,,,"[""物资类通用""]",,needs_review,inventory_only_needs_original_evidence_or_manual_promotion,review_only,false,,,,rId261,word/media/image253.jpeg,797052cc7e24168b5eb3eeb8634c6208769b4e3f766e6ad3b262b5d3738a9ef0,1266,896,797052cc7e24168b5eb3eeb8634c6208769b4e3f766e6ad3b262b5d3738a9ef0,Word内嵌媒体未导出；不得直接提升为正式图片资产
business-media-0255,business,media,business-chapter-041,5,（3）,（3）现状环境影响评估报告,,assets/template_words/商务补充文件.docx,(三)补充文件 / 7.针对评审要素，需要补充的其他文件 / 7.2.绿色发展规划及管理体系认证 / 7.2.3.环境影响评价情况 / （3）现状环境影响评估报告,191,191,tender_scoring_derived,assets/template_words/包1_完整招标文件_92475576192439826/SL2655招标文件-预审.docx,5.针对评审要素，需要补充的其他文件,parent_scoring_section,0.78,needs_manual_review,正式证据包候选,,,,,"[""物资类通用""]",,needs_review,inventory_only_needs_original_evidence_or_manual_promotion,review_only,false,,,,rId262,word/media/image254.jpeg,1d7699a120bdd2cff304c017d6b48f3a9853a3bd089393399ef749a5a0e1c81f,1266,896,1d7699a120bdd2cff304c017d6b48f3a9853a3bd089393399ef749a5a0e1c81f,Word内嵌媒体未导出；不得直接提升为正式图片资产
business-media-0256,business,media,business-chapter-041,5,（3）,（3）现状环境影响评估报告,,assets/template_words/商务补充文件.docx,(三)补充文件 / 7.针对评审要素，需要补充的其他文件 / 7.2.绿色发展规划及管理体系认证 / 7.2.3.环境影响评价情况 / （3）现状环境影响评估报告,191,191,tender_scoring_derived,assets/template_words/包1_完整招标文件_92475576192439826/SL2655招标文件-预审.docx,5.针对评审要素，需要补充的其他文件,parent_scoring_section,0.78,needs_manual_review,正式证据包候选,,,,,"[""物资类通用""]",,needs_review,inventory_only_needs_original_evidence_or_manual_promotion,review_only,false,,,,rId263,word/media/image255.jpeg,4d06d19fa6e8a901b8b884ca585698c4a397edf97723016fd740b60048cdd182,1266,896,4d06d19fa6e8a901b8b884ca585698c4a397edf97723016fd740b60048cdd182,Word内嵌媒体未导出；不得直接提升为正式图片资产
business-media-0257,business,media,business-chapter-041,5,（3）,（3）现状环境影响评估报告,,assets/template_words/商务补充文件.docx,(三)补充文件 / 7.针对评审要素，需要补充的其他文件 / 7.2.绿色发展规划及管理体系认证 / 7.2.3.环境影响评价情况 / （3）现状环境影响评估报告,191,191,tender_scoring_derived,assets/template_words/包1_完整招标文件_92475576192439826/SL2655招标文件-预审.docx,5.针对评审要素，需要补充的其他文件,parent_scoring_section,0.78,needs_manual_review,正式证据包候选,,,,,"[""物资类通用""]",,needs_review,inventory_only_needs_original_evidence_or_manual_promotion,review_only,false,,,,rId264,word/media/image256.jpeg,45195f8bee4e47710ca597eb6c3c3ebceb3284c6db080bb71b2918601271b7a4,1266,896,45195f8bee4e47710ca597eb6c3c3ebceb3284c6db080bb71b2918601271b7a4,Word内嵌媒体未导出；不得直接提升为正式图片资产
business-media-0258,business,media,business-chapter-041,5,（3）,（3）现状环境影响评估报告,,assets/template_words/商务补充文件.docx,(三)补充文件 / 7.针对评审要素，需要补充的其他文件 / 7.2.绿色发展规划及管理体系认证 / 7.2.3.环境影响评价情况 / （3）现状环境影响评估报告,191,191,tender_scoring_derived,assets/template_words/包1_完整招标文件_92475576192439826/SL2655招标文件-预审.docx,5.针对评审要素，需要补充的其他文件,parent_scoring_section,0.78,needs_manual_review,正式证据包候选,,,,,"[""物资类通用""]",,needs_review,inventory_only_needs_original_evidence_or_manual_promotion,review_only,false,,,,rId265,word/media/image257.jpeg,129a7e6af77b22cf1ef6b1b9045682366e629a2644581f2f60e15a8456b0ea65,1266,896,129a7e6af77b22cf1ef6b1b9045682366e629a2644581f2f60e15a8456b0ea65,Word内嵌媒体未导出；不得直接提升为正式图片资产
business-media-0259,business,media,business-chapter-041,5,（3）,（3）现状环境影响评估报告,,assets/template_words/商务补充文件.docx,(三)补充文件 / 7.针对评审要素，需要补充的其他文件 / 7.2.绿色发展规划及管理体系认证 / 7.2.3.环境影响评价情况 / （3）现状环境影响评估报告,191,191,tender_scoring_derived,assets/template_words/包1_完整招标文件_92475576192439826/SL2655招标文件-预审.docx,5.针对评审要素，需要补充的其他文件,parent_scoring_section,0.78,needs_manual_review,正式证据包候选,,,,,"[""物资类通用""]",,needs_review,inventory_only_needs_original_evidence_or_manual_promotion,review_only,false,,,,rId266,word/media/image258.jpeg,dbf025261d689648d4ab7cdd250880b270f8f7fee1256266f7a1cde87d8ffcb9,1266,896,dbf025261d689648d4ab7cdd250880b270f8f7fee1256266f7a1cde87d8ffcb9,Word内嵌媒体未导出；不得直接提升为正式图片资产
business-media-0260,business,media,business-chapter-041,5,（3）,（3）现状环境影响评估报告,,assets/template_words/商务补充文件.docx,(三)补充文件 / 7.针对评审要素，需要补充的其他文件 / 7.2.绿色发展规划及管理体系认证 / 7.2.3.环境影响评价情况 / （3）现状环境影响评估报告,191,191,tender_scoring_derived,assets/template_words/包1_完整招标文件_92475576192439826/SL2655招标文件-预审.docx,5.针对评审要素，需要补充的其他文件,parent_scoring_section,0.78,needs_manual_review,正式证据包候选,,,,,"[""物资类通用""]",,needs_review,inventory_only_needs_original_evidence_or_manual_promotion,review_only,false,,,,rId267,word/media/image259.jpeg,2a1c872b67a3a7db46b3313009322a8dcdff534a9700896b85c340d3f3805783,1266,896,2a1c872b67a3a7db46b3313009322a8dcdff534a9700896b85c340d3f3805783,Word内嵌媒体未导出；不得直接提升为正式图片资产
business-media-0261,business,media,business-chapter-041,5,（3）,（3）现状环境影响评估报告,,assets/template_words/商务补充文件.docx,(三)补充文件 / 7.针对评审要素，需要补充的其他文件 / 7.2.绿色发展规划及管理体系认证 / 7.2.3.环境影响评价情况 / （3）现状环境影响评估报告,191,191,tender_scoring_derived,assets/template_words/包1_完整招标文件_92475576192439826/SL2655招标文件-预审.docx,5.针对评审要素，需要补充的其他文件,parent_scoring_section,0.78,needs_manual_review,正式证据包候选,,,,,"[""物资类通用""]",,needs_review,inventory_only_needs_original_evidence_or_manual_promotion,review_only,false,,,,rId268,word/media/image260.jpeg,c12fe72eb8f3241c200f60ea786e626ca516be879117d3452258a60393b598da,1266,896,c12fe72eb8f3241c200f60ea786e626ca516be879117d3452258a60393b598da,Word内嵌媒体未导出；不得直接提升为正式图片资产
business-media-0262,business,media,business-chapter-041,5,（3）,（3）现状环境影响评估报告,,assets/template_words/商务补充文件.docx,(三)补充文件 / 7.针对评审要素，需要补充的其他文件 / 7.2.绿色发展规划及管理体系认证 / 7.2.3.环境影响评价情况 / （3）现状环境影响评估报告,191,191,tender_scoring_derived,assets/template_words/包1_完整招标文件_92475576192439826/SL2655招标文件-预审.docx,5.针对评审要素，需要补充的其他文件,parent_scoring_section,0.78,needs_manual_review,正式证据包候选,,,,,"[""物资类通用""]",,needs_review,inventory_only_needs_original_evidence_or_manual_promotion,review_only,false,,,,rId269,word/media/image261.jpeg,09c1811bab2bfac3e34f6b24df4f92dd420825e0f479003e49e9e17f1ae16e0e,1266,896,09c1811bab2bfac3e34f6b24df4f92dd420825e0f479003e49e9e17f1ae16e0e,Word内嵌媒体未导出；不得直接提升为正式图片资产
business-media-0263,business,media,business-chapter-041,5,（3）,（3）现状环境影响评估报告,,assets/template_words/商务补充文件.docx,(三)补充文件 / 7.针对评审要素，需要补充的其他文件 / 7.2.绿色发展规划及管理体系认证 / 7.2.3.环境影响评价情况 / （3）现状环境影响评估报告,191,191,tender_scoring_derived,assets/template_words/包1_完整招标文件_92475576192439826/SL2655招标文件-预审.docx,5.针对评审要素，需要补充的其他文件,parent_scoring_section,0.78,needs_manual_review,正式证据包候选,,,,,"[""物资类通用""]",,needs_review,inventory_only_needs_original_evidence_or_manual_promotion,review_only,false,,,,rId270,word/media/image262.jpeg,907dc5d91f6a5d7206423b2cd24c72d282a4c87e329c724cbf432311fde012ff,1266,896,907dc5d91f6a5d7206423b2cd24c72d282a4c87e329c724cbf432311fde012ff,Word内嵌媒体未导出；不得直接提升为正式图片资产
business-media-0264,business,media,business-chapter-041,5,（3）,（3）现状环境影响评估报告,,assets/template_words/商务补充文件.docx,(三)补充文件 / 7.针对评审要素，需要补充的其他文件 / 7.2.绿色发展规划及管理体系认证 / 7.2.3.环境影响评价情况 / （3）现状环境影响评估报告,191,191,tender_scoring_derived,assets/template_words/包1_完整招标文件_92475576192439826/SL2655招标文件-预审.docx,5.针对评审要素，需要补充的其他文件,parent_scoring_section,0.78,needs_manual_review,正式证据包候选,,,,,"[""物资类通用""]",,needs_review,inventory_only_needs_original_evidence_or_manual_promotion,review_only,false,,,,rId271,word/media/image263.jpeg,a636c8f0462e7c80c281abdb00f25448f75f6a4dd946f2b1cc30c177a9a65dbe,1266,896,a636c8f0462e7c80c281abdb00f25448f75f6a4dd946f2b1cc30c177a9a65dbe,Word内嵌媒体未导出；不得直接提升为正式图片资产
business-media-0265,business,media,business-chapter-041,5,（3）,（3）现状环境影响评估报告,,assets/template_words/商务补充文件.docx,(三)补充文件 / 7.针对评审要素，需要补充的其他文件 / 7.2.绿色发展规划及管理体系认证 / 7.2.3.环境影响评价情况 / （3）现状环境影响评估报告,191,191,tender_scoring_derived,assets/template_words/包1_完整招标文件_92475576192439826/SL2655招标文件-预审.docx,5.针对评审要素，需要补充的其他文件,parent_scoring_section,0.78,needs_manual_review,正式证据包候选,,,,,"[""物资类通用""]",,needs_review,inventory_only_needs_original_evidence_or_manual_promotion,review_only,false,,,,rId272,word/media/image264.jpeg,460e556efd2fc6ce3ed0726d7fa480b971482a7901927d98594d3ac92c6186fd,1266,896,460e556efd2fc6ce3ed0726d7fa480b971482a7901927d98594d3ac92c6186fd,Word内嵌媒体未导出；不得直接提升为正式图片资产
business-media-0266,business,media,business-chapter-041,5,（3）,（3）现状环境影响评估报告,,assets/template_words/商务补充文件.docx,(三)补充文件 / 7.针对评审要素，需要补充的其他文件 / 7.2.绿色发展规划及管理体系认证 / 7.2.3.环境影响评价情况 / （3）现状环境影响评估报告,191,191,tender_scoring_derived,assets/template_words/包1_完整招标文件_92475576192439826/SL2655招标文件-预审.docx,5.针对评审要素，需要补充的其他文件,parent_scoring_section,0.78,needs_manual_review,正式证据包候选,,,,,"[""物资类通用""]",,needs_review,inventory_only_needs_original_evidence_or_manual_promotion,review_only,false,,,,rId273,word/media/image265.jpeg,18dfc0395d8edd86b06494f728321fe980e171c6ee99e0d1e390ea690ff7227b,1266,896,18dfc0395d8edd86b06494f728321fe980e171c6ee99e0d1e390ea690ff7227b,Word内嵌媒体未导出；不得直接提升为正式图片资产
business-media-0267,business,media,business-chapter-041,5,（3）,（3）现状环境影响评估报告,,assets/template_words/商务补充文件.docx,(三)补充文件 / 7.针对评审要素，需要补充的其他文件 / 7.2.绿色发展规划及管理体系认证 / 7.2.3.环境影响评价情况 / （3）现状环境影响评估报告,191,191,tender_scoring_derived,assets/template_words/包1_完整招标文件_92475576192439826/SL2655招标文件-预审.docx,5.针对评审要素，需要补充的其他文件,parent_scoring_section,0.78,needs_manual_review,正式证据包候选,,,,,"[""物资类通用""]",,needs_review,inventory_only_needs_original_evidence_or_manual_promotion,review_only,false,,,,rId274,word/media/image266.jpeg,bf3744267213a5b9332cd6638767488bfe5ea26709e08d6085fb95e0d9075d9f,1266,896,bf3744267213a5b9332cd6638767488bfe5ea26709e08d6085fb95e0d9075d9f,Word内嵌媒体未导出；不得直接提升为正式图片资产
business-media-0268,business,media,business-chapter-041,5,（3）,（3）现状环境影响评估报告,,assets/template_words/商务补充文件.docx,(三)补充文件 / 7.针对评审要素，需要补充的其他文件 / 7.2.绿色发展规划及管理体系认证 / 7.2.3.环境影响评价情况 / （3）现状环境影响评估报告,191,191,tender_scoring_derived,assets/template_words/包1_完整招标文件_92475576192439826/SL2655招标文件-预审.docx,5.针对评审要素，需要补充的其他文件,parent_scoring_section,0.78,needs_manual_review,正式证据包候选,,,,,"[""物资类通用""]",,needs_review,inventory_only_needs_original_evidence_or_manual_promotion,review_only,false,,,,rId275,word/media/image267.jpeg,d618cc382e34bbc29e00aae8e09e2cefd90acd98d0d99f0868e774ee365e06e8,1266,896,d618cc382e34bbc29e00aae8e09e2cefd90acd98d0d99f0868e774ee365e06e8,Word内嵌媒体未导出；不得直接提升为正式图片资产
business-media-0269,business,media,business-chapter-041,5,（3）,（3）现状环境影响评估报告,,assets/template_words/商务补充文件.docx,(三)补充文件 / 7.针对评审要素，需要补充的其他文件 / 7.2.绿色发展规划及管理体系认证 / 7.2.3.环境影响评价情况 / （3）现状环境影响评估报告,191,191,tender_scoring_derived,assets/template_words/包1_完整招标文件_92475576192439826/SL2655招标文件-预审.docx,5.针对评审要素，需要补充的其他文件,parent_scoring_section,0.78,needs_manual_review,正式证据包候选,,,,,"[""物资类通用""]",,needs_review,inventory_only_needs_original_evidence_or_manual_promotion,review_only,false,,,,rId276,word/media/image268.jpeg,cbfa1adbe08d5c953bc60fe48eecdca525172b25d2be7ed764bcbc53e3355c57,1266,896,cbfa1adbe08d5c953bc60fe48eecdca525172b25d2be7ed764bcbc53e3355c57,Word内嵌媒体未导出；不得直接提升为正式图片资产
business-media-0270,business,media,business-chapter-041,5,（3）,（3）现状环境影响评估报告,,assets/template_words/商务补充文件.docx,(三)补充文件 / 7.针对评审要素，需要补充的其他文件 / 7.2.绿色发展规划及管理体系认证 / 7.2.3.环境影响评价情况 / （3）现状环境影响评估报告,191,191,tender_scoring_derived,assets/template_words/包1_完整招标文件_92475576192439826/SL2655招标文件-预审.docx,5.针对评审要素，需要补充的其他文件,parent_scoring_section,0.78,needs_manual_review,正式证据包候选,,,,,"[""物资类通用""]",,needs_review,inventory_only_needs_original_evidence_or_manual_promotion,review_only,false,,,,rId277,word/media/image269.jpeg,93398ed9505c900f521a40a7250013d8037269466507d0ee11001b97503920ac,1266,896,93398ed9505c900f521a40a7250013d8037269466507d0ee11001b97503920ac,Word内嵌媒体未导出；不得直接提升为正式图片资产
business-media-0271,business,media,business-chapter-041,5,（3）,（3）现状环境影响评估报告,,assets/template_words/商务补充文件.docx,(三)补充文件 / 7.针对评审要素，需要补充的其他文件 / 7.2.绿色发展规划及管理体系认证 / 7.2.3.环境影响评价情况 / （3）现状环境影响评估报告,191,191,tender_scoring_derived,assets/template_words/包1_完整招标文件_92475576192439826/SL2655招标文件-预审.docx,5.针对评审要素，需要补充的其他文件,parent_scoring_section,0.78,needs_manual_review,正式证据包候选,,,,,"[""物资类通用""]",,needs_review,inventory_only_needs_original_evidence_or_manual_promotion,review_only,false,,,,rId278,word/media/image270.jpeg,7d3bbfaeec6195463e91886c268f67b775a2ec8610132d321d6328e72fe4758b,1266,896,7d3bbfaeec6195463e91886c268f67b775a2ec8610132d321d6328e72fe4758b,Word内嵌媒体未导出；不得直接提升为正式图片资产
business-media-0272,business,media,business-chapter-041,5,（3）,（3）现状环境影响评估报告,,assets/template_words/商务补充文件.docx,(三)补充文件 / 7.针对评审要素，需要补充的其他文件 / 7.2.绿色发展规划及管理体系认证 / 7.2.3.环境影响评价情况 / （3）现状环境影响评估报告,191,191,tender_scoring_derived,assets/template_words/包1_完整招标文件_92475576192439826/SL2655招标文件-预审.docx,5.针对评审要素，需要补充的其他文件,parent_scoring_section,0.78,needs_manual_review,正式证据包候选,,,,,"[""物资类通用""]",,needs_review,inventory_only_needs_original_evidence_or_manual_promotion,review_only,false,,,,rId279,word/media/image271.jpeg,ef642cc9bbd436c10e5adf4e4d5af9f4ba4617c8822cc5f049184c6885b7a94a,1266,896,ef642cc9bbd436c10e5adf4e4d5af9f4ba4617c8822cc5f049184c6885b7a94a,Word内嵌媒体未导出；不得直接提升为正式图片资产
business-media-0273,business,media,business-chapter-041,5,（3）,（3）现状环境影响评估报告,,assets/template_words/商务补充文件.docx,(三)补充文件 / 7.针对评审要素，需要补充的其他文件 / 7.2.绿色发展规划及管理体系认证 / 7.2.3.环境影响评价情况 / （3）现状环境影响评估报告,191,191,tender_scoring_derived,assets/template_words/包1_完整招标文件_92475576192439826/SL2655招标文件-预审.docx,5.针对评审要素，需要补充的其他文件,parent_scoring_section,0.78,needs_manual_review,正式证据包候选,,,,,"[""物资类通用""]",,needs_review,inventory_only_needs_original_evidence_or_manual_promotion,review_only,false,,,,rId280,word/media/image272.jpeg,0f2d0b4d3c24ad74f47b7c2887ac0fb7c4e05b95ca2454b57991bb336d6b6900,1266,896,0f2d0b4d3c24ad74f47b7c2887ac0fb7c4e05b95ca2454b57991bb336d6b6900,Word内嵌媒体未导出；不得直接提升为正式图片资产
business-media-0274,business,media,business-chapter-041,5,（3）,（3）现状环境影响评估报告,,assets/template_words/商务补充文件.docx,(三)补充文件 / 7.针对评审要素，需要补充的其他文件 / 7.2.绿色发展规划及管理体系认证 / 7.2.3.环境影响评价情况 / （3）现状环境影响评估报告,191,191,tender_scoring_derived,assets/template_words/包1_完整招标文件_92475576192439826/SL2655招标文件-预审.docx,5.针对评审要素，需要补充的其他文件,parent_scoring_section,0.78,needs_manual_review,正式证据包候选,,,,,"[""物资类通用""]",,needs_review,inventory_only_needs_original_evidence_or_manual_promotion,review_only,false,,,,rId281,word/media/image273.jpeg,e4937144f78c917cce35d891010431dfbad6bc063128a8841657d83a76122534,1266,896,e4937144f78c917cce35d891010431dfbad6bc063128a8841657d83a76122534,Word内嵌媒体未导出；不得直接提升为正式图片资产
business-media-0275,business,media,business-chapter-041,5,（3）,（3）现状环境影响评估报告,,assets/template_words/商务补充文件.docx,(三)补充文件 / 7.针对评审要素，需要补充的其他文件 / 7.2.绿色发展规划及管理体系认证 / 7.2.3.环境影响评价情况 / （3）现状环境影响评估报告,191,191,tender_scoring_derived,assets/template_words/包1_完整招标文件_92475576192439826/SL2655招标文件-预审.docx,5.针对评审要素，需要补充的其他文件,parent_scoring_section,0.78,needs_manual_review,正式证据包候选,,,,,"[""物资类通用""]",,needs_review,inventory_only_needs_original_evidence_or_manual_promotion,review_only,false,,,,rId282,word/media/image274.jpeg,87ad2a1ccddf2a192547bf53d1b08fa48c1d355c650cbdfd92a0f8b9b7e70cdb,1266,896,87ad2a1ccddf2a192547bf53d1b08fa48c1d355c650cbdfd92a0f8b9b7e70cdb,Word内嵌媒体未导出；不得直接提升为正式图片资产
business-media-0276,business,media,business-chapter-041,5,（3）,（3）现状环境影响评估报告,,assets/template_words/商务补充文件.docx,(三)补充文件 / 7.针对评审要素，需要补充的其他文件 / 7.2.绿色发展规划及管理体系认证 / 7.2.3.环境影响评价情况 / （3）现状环境影响评估报告,191,191,tender_scoring_derived,assets/template_words/包1_完整招标文件_92475576192439826/SL2655招标文件-预审.docx,5.针对评审要素，需要补充的其他文件,parent_scoring_section,0.78,needs_manual_review,正式证据包候选,,,,,"[""物资类通用""]",,needs_review,inventory_only_needs_original_evidence_or_manual_promotion,review_only,false,,,,rId283,word/media/image275.jpeg,c4af23301f74fb31d8ef6fa7cd5e0d3ad860bbcdf345cc8418d24e8fd15356a9,1266,896,c4af23301f74fb31d8ef6fa7cd5e0d3ad860bbcdf345cc8418d24e8fd15356a9,Word内嵌媒体未导出；不得直接提升为正式图片资产
business-media-0277,business,media,business-chapter-041,5,（3）,（3）现状环境影响评估报告,,assets/template_words/商务补充文件.docx,(三)补充文件 / 7.针对评审要素，需要补充的其他文件 / 7.2.绿色发展规划及管理体系认证 / 7.2.3.环境影响评价情况 / （3）现状环境影响评估报告,191,191,tender_scoring_derived,assets/template_words/包1_完整招标文件_92475576192439826/SL2655招标文件-预审.docx,5.针对评审要素，需要补充的其他文件,parent_scoring_section,0.78,needs_manual_review,正式证据包候选,,,,,"[""物资类通用""]",,needs_review,inventory_only_needs_original_evidence_or_manual_promotion,review_only,false,,,,rId284,word/media/image276.jpeg,31c270ea5c69f62f477b3c53ee683b56228f689a9f21706547fe8d805d2bf11e,1266,896,31c270ea5c69f62f477b3c53ee683b56228f689a9f21706547fe8d805d2bf11e,Word内嵌媒体未导出；不得直接提升为正式图片资产
business-media-0278,business,media,business-chapter-041,5,（3）,（3）现状环境影响评估报告,,assets/template_words/商务补充文件.docx,(三)补充文件 / 7.针对评审要素，需要补充的其他文件 / 7.2.绿色发展规划及管理体系认证 / 7.2.3.环境影响评价情况 / （3）现状环境影响评估报告,191,191,tender_scoring_derived,assets/template_words/包1_完整招标文件_92475576192439826/SL2655招标文件-预审.docx,5.针对评审要素，需要补充的其他文件,parent_scoring_section,0.78,needs_manual_review,正式证据包候选,,,,,"[""物资类通用""]",,needs_review,inventory_only_needs_original_evidence_or_manual_promotion,review_only,false,,,,rId285,word/media/image277.jpeg,b5f835eecad5da3df19dea7e70a6bee97f4a0fbfc73d93dafe2976a9f21fe245,1266,896,b5f835eecad5da3df19dea7e70a6bee97f4a0fbfc73d93dafe2976a9f21fe245,Word内嵌媒体未导出；不得直接提升为正式图片资产
business-media-0279,business,media,business-chapter-041,5,（3）,（3）现状环境影响评估报告,,assets/template_words/商务补充文件.docx,(三)补充文件 / 7.针对评审要素，需要补充的其他文件 / 7.2.绿色发展规划及管理体系认证 / 7.2.3.环境影响评价情况 / （3）现状环境影响评估报告,191,191,tender_scoring_derived,assets/template_words/包1_完整招标文件_92475576192439826/SL2655招标文件-预审.docx,5.针对评审要素，需要补充的其他文件,parent_scoring_section,0.78,needs_manual_review,正式证据包候选,,,,,"[""物资类通用""]",,needs_review,inventory_only_needs_original_evidence_or_manual_promotion,review_only,false,,,,rId286,word/media/image278.jpeg,e97c06c633a17d44138476d0cb74a73a86c82067653dd007e5f7700e9f37cbe0,1266,896,e97c06c633a17d44138476d0cb74a73a86c82067653dd007e5f7700e9f37cbe0,Word内嵌媒体未导出；不得直接提升为正式图片资产
business-media-0280,business,media,business-chapter-041,5,（3）,（3）现状环境影响评估报告,,assets/template_words/商务补充文件.docx,(三)补充文件 / 7.针对评审要素，需要补充的其他文件 / 7.2.绿色发展规划及管理体系认证 / 7.2.3.环境影响评价情况 / （3）现状环境影响评估报告,191,191,tender_scoring_derived,assets/template_words/包1_完整招标文件_92475576192439826/SL2655招标文件-预审.docx,5.针对评审要素，需要补充的其他文件,parent_scoring_section,0.78,needs_manual_review,正式证据包候选,,,,,"[""物资类通用""]",,needs_review,inventory_only_needs_original_evidence_or_manual_promotion,review_only,false,,,,rId287,word/media/image279.jpeg,7167ca95781d13fffada8f95c0b68372ea26a3f512e0fc5e22dc1bf1e34d1687,1266,1794,7167ca95781d13fffada8f95c0b68372ea26a3f512e0fc5e22dc1bf1e34d1687,Word内嵌媒体未导出；不得直接提升为正式图片资产
business-media-0281,business,media,business-chapter-041,5,（3）,（3）现状环境影响评估报告,,assets/template_words/商务补充文件.docx,(三)补充文件 / 7.针对评审要素，需要补充的其他文件 / 7.2.绿色发展规划及管理体系认证 / 7.2.3.环境影响评价情况 / （3）现状环境影响评估报告,191,191,tender_scoring_derived,assets/template_words/包1_完整招标文件_92475576192439826/SL2655招标文件-预审.docx,5.针对评审要素，需要补充的其他文件,parent_scoring_section,0.78,needs_manual_review,正式证据包候选,,,,,"[""物资类通用""]",,needs_review,inventory_only_needs_original_evidence_or_manual_promotion,review_only,false,,,,rId288,word/media/image280.jpeg,6f378f37f3d9726674ad92b526bffc943cc22f6ea1039b521c4d9f178d6572c2,1266,1794,6f378f37f3d9726674ad92b526bffc943cc22f6ea1039b521c4d9f178d6572c2,Word内嵌媒体未导出；不得直接提升为正式图片资产
business-media-0282,business,media,business-chapter-041,5,（3）,（3）现状环境影响评估报告,,assets/template_words/商务补充文件.docx,(三)补充文件 / 7.针对评审要素，需要补充的其他文件 / 7.2.绿色发展规划及管理体系认证 / 7.2.3.环境影响评价情况 / （3）现状环境影响评估报告,191,191,tender_scoring_derived,assets/template_words/包1_完整招标文件_92475576192439826/SL2655招标文件-预审.docx,5.针对评审要素，需要补充的其他文件,parent_scoring_section,0.78,needs_manual_review,正式证据包候选,,,,,"[""物资类通用""]",,needs_review,inventory_only_needs_original_evidence_or_manual_promotion,review_only,false,,,,rId289,word/media/image281.jpeg,e532619bdb66aeb9b43064d73be15c4ab35452989fabbe3778fc3dcfc71e2e07,1266,1794,e532619bdb66aeb9b43064d73be15c4ab35452989fabbe3778fc3dcfc71e2e07,Word内嵌媒体未导出；不得直接提升为正式图片资产
business-media-0283,business,media,business-chapter-041,5,（3）,（3）现状环境影响评估报告,,assets/template_words/商务补充文件.docx,(三)补充文件 / 7.针对评审要素，需要补充的其他文件 / 7.2.绿色发展规划及管理体系认证 / 7.2.3.环境影响评价情况 / （3）现状环境影响评估报告,191,191,tender_scoring_derived,assets/template_words/包1_完整招标文件_92475576192439826/SL2655招标文件-预审.docx,5.针对评审要素，需要补充的其他文件,parent_scoring_section,0.78,needs_manual_review,正式证据包候选,,,,,"[""物资类通用""]",,needs_review,inventory_only_needs_original_evidence_or_manual_promotion,review_only,false,,,,rId290,word/media/image282.jpeg,14eada201b5a1b1dfa5eb9e4133b7a98878707361abb8fc46c654ad51b51a5f6,2480,3507,14eada201b5a1b1dfa5eb9e4133b7a98878707361abb8fc46c654ad51b51a5f6,Word内嵌媒体未导出；不得直接提升为正式图片资产
business-media-0284,business,media,business-chapter-041,5,（3）,（3）现状环境影响评估报告,,assets/template_words/商务补充文件.docx,(三)补充文件 / 7.针对评审要素，需要补充的其他文件 / 7.2.绿色发展规划及管理体系认证 / 7.2.3.环境影响评价情况 / （3）现状环境影响评估报告,191,191,tender_scoring_derived,assets/template_words/包1_完整招标文件_92475576192439826/SL2655招标文件-预审.docx,5.针对评审要素，需要补充的其他文件,parent_scoring_section,0.78,needs_manual_review,正式证据包候选,,,,,"[""物资类通用""]",,needs_review,inventory_only_needs_original_evidence_or_manual_promotion,review_only,false,,,,rId291,word/media/image283.jpeg,243a5e315cac2d81d05a72ea98e399e27106120b13fd404b949d484ef9f467e0,2480,3507,243a5e315cac2d81d05a72ea98e399e27106120b13fd404b949d484ef9f467e0,Word内嵌媒体未导出；不得直接提升为正式图片资产
business-media-0285,business,media,business-chapter-041,5,（3）,（3）现状环境影响评估报告,,assets/template_words/商务补充文件.docx,(三)补充文件 / 7.针对评审要素，需要补充的其他文件 / 7.2.绿色发展规划及管理体系认证 / 7.2.3.环境影响评价情况 / （3）现状环境影响评估报告,191,191,tender_scoring_derived,assets/template_words/包1_完整招标文件_92475576192439826/SL2655招标文件-预审.docx,5.针对评审要素，需要补充的其他文件,parent_scoring_section,0.78,needs_manual_review,正式证据包候选,,,,,"[""物资类通用""]",,needs_review,inventory_only_needs_original_evidence_or_manual_promotion,review_only,false,,,,rId292,word/media/image284.jpeg,fe03037ef1dede2608a9233124fc4dfaf42c2d5d6bbecfa192d382e705f6a716,2480,3507,fe03037ef1dede2608a9233124fc4dfaf42c2d5d6bbecfa192d382e705f6a716,Word内嵌媒体未导出；不得直接提升为正式图片资产
business-media-0286,business,media,business-chapter-041,5,（3）,（3）现状环境影响评估报告,,assets/template_words/商务补充文件.docx,(三)补充文件 / 7.针对评审要素，需要补充的其他文件 / 7.2.绿色发展规划及管理体系认证 / 7.2.3.环境影响评价情况 / （3）现状环境影响评估报告,191,191,tender_scoring_derived,assets/template_words/包1_完整招标文件_92475576192439826/SL2655招标文件-预审.docx,5.针对评审要素，需要补充的其他文件,parent_scoring_section,0.78,needs_manual_review,正式证据包候选,,,,,"[""物资类通用""]",,needs_review,inventory_only_needs_original_evidence_or_manual_promotion,review_only,false,,,,rId293,word/media/image285.jpeg,0c9d3db2992fa6c0947e1037fbb2e0c0804ce3a9caa8b65b14815c9cde34e109,2480,3507,0c9d3db2992fa6c0947e1037fbb2e0c0804ce3a9caa8b65b14815c9cde34e109,Word内嵌媒体未导出；不得直接提升为正式图片资产
business-media-0287,business,media,business-chapter-041,5,（3）,（3）现状环境影响评估报告,,assets/template_words/商务补充文件.docx,(三)补充文件 / 7.针对评审要素，需要补充的其他文件 / 7.2.绿色发展规划及管理体系认证 / 7.2.3.环境影响评价情况 / （3）现状环境影响评估报告,191,191,tender_scoring_derived,assets/template_words/包1_完整招标文件_92475576192439826/SL2655招标文件-预审.docx,5.针对评审要素，需要补充的其他文件,parent_scoring_section,0.78,needs_manual_review,正式证据包候选,,,,,"[""物资类通用""]",,needs_review,inventory_only_needs_original_evidence_or_manual_promotion,review_only,false,,,,rId294,word/media/image286.jpeg,1393e09bba405f82a4af004e0e5fca422d64dd61fee4f928f3426bd64e38a0b2,2480,3507,1393e09bba405f82a4af004e0e5fca422d64dd61fee4f928f3426bd64e38a0b2,Word内嵌媒体未导出；不得直接提升为正式图片资产
business-media-0288,business,media,business-chapter-041,5,（3）,（3）现状环境影响评估报告,,assets/template_words/商务补充文件.docx,(三)补充文件 / 7.针对评审要素，需要补充的其他文件 / 7.2.绿色发展规划及管理体系认证 / 7.2.3.环境影响评价情况 / （3）现状环境影响评估报告,191,191,tender_scoring_derived,assets/template_words/包1_完整招标文件_92475576192439826/SL2655招标文件-预审.docx,5.针对评审要素，需要补充的其他文件,parent_scoring_section,0.78,needs_manual_review,正式证据包候选,,,,,"[""物资类通用""]",,needs_review,inventory_only_needs_original_evidence_or_manual_promotion,review_only,false,,,,rId295,word/media/image287.jpeg,d0274ac9d196c08640ee7cad22a11cacab3c4a586616ead6097edb9233b13faa,2480,3507,d0274ac9d196c08640ee7cad22a11cacab3c4a586616ead6097edb9233b13faa,Word内嵌媒体未导出；不得直接提升为正式图片资产
business-media-0289,business,media,business-chapter-041,5,（3）,（3）现状环境影响评估报告,,assets/template_words/商务补充文件.docx,(三)补充文件 / 7.针对评审要素，需要补充的其他文件 / 7.2.绿色发展规划及管理体系认证 / 7.2.3.环境影响评价情况 / （3）现状环境影响评估报告,191,191,tender_scoring_derived,assets/template_words/包1_完整招标文件_92475576192439826/SL2655招标文件-预审.docx,5.针对评审要素，需要补充的其他文件,parent_scoring_section,0.78,needs_manual_review,正式证据包候选,,,,,"[""物资类通用""]",,needs_review,inventory_only_needs_original_evidence_or_manual_promotion,review_only,false,,,,rId296,word/media/image288.jpeg,c8c61095bf5479acc55310b11f49a1363fdf8dd43a02fc9360323ee72bae2ce3,2480,3507,c8c61095bf5479acc55310b11f49a1363fdf8dd43a02fc9360323ee72bae2ce3,Word内嵌媒体未导出；不得直接提升为正式图片资产
business-media-0290,business,media,business-chapter-041,5,（3）,（3）现状环境影响评估报告,,assets/template_words/商务补充文件.docx,(三)补充文件 / 7.针对评审要素，需要补充的其他文件 / 7.2.绿色发展规划及管理体系认证 / 7.2.3.环境影响评价情况 / （3）现状环境影响评估报告,191,191,tender_scoring_derived,assets/template_words/包1_完整招标文件_92475576192439826/SL2655招标文件-预审.docx,5.针对评审要素，需要补充的其他文件,parent_scoring_section,0.78,needs_manual_review,正式证据包候选,,,,,"[""物资类通用""]",,needs_review,inventory_only_needs_original_evidence_or_manual_promotion,review_only,false,,,,rId297,word/media/image289.jpeg,0bfda44641e2fd39b58e1dc50ac06dacf20f129be02e06bacfd46afbd96e0450,2480,3507,0bfda44641e2fd39b58e1dc50ac06dacf20f129be02e06bacfd46afbd96e0450,Word内嵌媒体未导出；不得直接提升为正式图片资产
business-media-0291,business,media,business-chapter-041,5,（3）,（3）现状环境影响评估报告,,assets/template_words/商务补充文件.docx,(三)补充文件 / 7.针对评审要素，需要补充的其他文件 / 7.2.绿色发展规划及管理体系认证 / 7.2.3.环境影响评价情况 / （3）现状环境影响评估报告,191,191,tender_scoring_derived,assets/template_words/包1_完整招标文件_92475576192439826/SL2655招标文件-预审.docx,5.针对评审要素，需要补充的其他文件,parent_scoring_section,0.78,needs_manual_review,正式证据包候选,,,,,"[""物资类通用""]",,needs_review,inventory_only_needs_original_evidence_or_manual_promotion,review_only,false,,,,rId298,word/media/image290.jpeg,27d45bfaecca6b10b021a628715ab4397e9c65c9e2bc77dc5b5e99ee18cd26f9,2480,3507,27d45bfaecca6b10b021a628715ab4397e9c65c9e2bc77dc5b5e99ee18cd26f9,Word内嵌媒体未导出；不得直接提升为正式图片资产
business-media-0292,business,media,business-chapter-041,5,（3）,（3）现状环境影响评估报告,,assets/template_words/商务补充文件.docx,(三)补充文件 / 7.针对评审要素，需要补充的其他文件 / 7.2.绿色发展规划及管理体系认证 / 7.2.3.环境影响评价情况 / （3）现状环境影响评估报告,191,191,tender_scoring_derived,assets/template_words/包1_完整招标文件_92475576192439826/SL2655招标文件-预审.docx,5.针对评审要素，需要补充的其他文件,parent_scoring_section,0.78,needs_manual_review,正式证据包候选,,,,,"[""物资类通用""]",,needs_review,inventory_only_needs_original_evidence_or_manual_promotion,review_only,false,,,,rId299,word/media/image291.jpeg,b630e6eac6d57dfab5e52a9bef9c22e814969094598d5ba3240e344861779059,2480,3507,b630e6eac6d57dfab5e52a9bef9c22e814969094598d5ba3240e344861779059,Word内嵌媒体未导出；不得直接提升为正式图片资产
business-media-0293,business,media,business-chapter-041,5,（3）,（3）现状环境影响评估报告,,assets/template_words/商务补充文件.docx,(三)补充文件 / 7.针对评审要素，需要补充的其他文件 / 7.2.绿色发展规划及管理体系认证 / 7.2.3.环境影响评价情况 / （3）现状环境影响评估报告,191,191,tender_scoring_derived,assets/template_words/包1_完整招标文件_92475576192439826/SL2655招标文件-预审.docx,5.针对评审要素，需要补充的其他文件,parent_scoring_section,0.78,needs_manual_review,正式证据包候选,,,,,"[""物资类通用""]",,needs_review,inventory_only_needs_original_evidence_or_manual_promotion,review_only,false,,,,rId300,word/media/image292.jpeg,b16e56f9cafc28e0fb0de1541d68a982432ba183f61c3260bececd7ccbff5140,1266,1794,b16e56f9cafc28e0fb0de1541d68a982432ba183f61c3260bececd7ccbff5140,Word内嵌媒体未导出；不得直接提升为正式图片资产
business-media-0294,business,media,business-chapter-041,5,（3）,（3）现状环境影响评估报告,,assets/template_words/商务补充文件.docx,(三)补充文件 / 7.针对评审要素，需要补充的其他文件 / 7.2.绿色发展规划及管理体系认证 / 7.2.3.环境影响评价情况 / （3）现状环境影响评估报告,191,191,tender_scoring_derived,assets/template_words/包1_完整招标文件_92475576192439826/SL2655招标文件-预审.docx,5.针对评审要素，需要补充的其他文件,parent_scoring_section,0.78,needs_manual_review,正式证据包候选,,,,,"[""物资类通用""]",,needs_review,inventory_only_needs_original_evidence_or_manual_promotion,review_only,false,,,,rId301,word/media/image293.jpeg,29da3b347c2441d62f0fd2263384829c04fa4442a293699e67478e85ff2cb50c,1266,1794,29da3b347c2441d62f0fd2263384829c04fa4442a293699e67478e85ff2cb50c,Word内嵌媒体未导出；不得直接提升为正式图片资产
business-media-0295,business,media,business-chapter-041,5,（3）,（3）现状环境影响评估报告,,assets/template_words/商务补充文件.docx,(三)补充文件 / 7.针对评审要素，需要补充的其他文件 / 7.2.绿色发展规划及管理体系认证 / 7.2.3.环境影响评价情况 / （3）现状环境影响评估报告,191,191,tender_scoring_derived,assets/template_words/包1_完整招标文件_92475576192439826/SL2655招标文件-预审.docx,5.针对评审要素，需要补充的其他文件,parent_scoring_section,0.78,needs_manual_review,正式证据包候选,,,,,"[""物资类通用""]",,needs_review,inventory_only_needs_original_evidence_or_manual_promotion,review_only,false,,,,rId302,word/media/image294.jpeg,61bc444155ff62f00d4e6df72c28654c64f614de2c5d1f9d4790f61ce2e72637,2480,3507,61bc444155ff62f00d4e6df72c28654c64f614de2c5d1f9d4790f61ce2e72637,Word内嵌媒体未导出；不得直接提升为正式图片资产
business-media-0296,business,media,business-chapter-041,5,（3）,（3）现状环境影响评估报告,,assets/template_words/商务补充文件.docx,(三)补充文件 / 7.针对评审要素，需要补充的其他文件 / 7.2.绿色发展规划及管理体系认证 / 7.2.3.环境影响评价情况 / （3）现状环境影响评估报告,191,191,tender_scoring_derived,assets/template_words/包1_完整招标文件_92475576192439826/SL2655招标文件-预审.docx,5.针对评审要素，需要补充的其他文件,parent_scoring_section,0.78,needs_manual_review,正式证据包候选,,,,,"[""物资类通用""]",,needs_review,inventory_only_needs_original_evidence_or_manual_promotion,review_only,false,,,,rId303,word/media/image295.jpeg,427d2c5357d95c28d19c59b964f33bea89e691d4e3b71598a295d6b245a84ab9,2480,3507,427d2c5357d95c28d19c59b964f33bea89e691d4e3b71598a295d6b245a84ab9,Word内嵌媒体未导出；不得直接提升为正式图片资产
business-chapter-042,business,chapter,business-chapter-042,4,7.2.4.,7.2.4.绿电绿证情况,,assets/template_words/商务补充文件.docx,(三)补充文件 / 7.针对评审要素，需要补充的其他文件 / 7.2.绿色发展规划及管理体系认证 / 7.2.4.绿电绿证情况,281,281,tender_scoring_derived,assets/template_words/包1_完整招标文件_92475576192439826/SL2655招标文件-预审.docx,5.针对评审要素，需要补充的其他文件,parent_scoring_section,0.78,needs_manual_review,泰昌可复用企业事实,,,,,"[""物资类通用""]",,needs_review,manual_review_before_skeleton_reuse,review_only,false,,,,,,,,,454f8e35c7558307c3b55c925451f3462f1855b3c03b69372626253100da1460,
business-chapter-043,business,chapter,business-chapter-043,5,（1）,（1）绿色电力认证证书,（1）绿色电力认证证书,assets/template_words/商务补充文件.docx,(三)补充文件 / 7.针对评审要素，需要补充的其他文件 / 7.2.绿色发展规划及管理体系认证 / 7.2.4.绿电绿证情况 / （1）绿色电力认证证书,281,281,tender_scoring_derived,assets/template_words/包1_完整招标文件_92475576192439826/SL2655招标文件-预审.docx,5.针对评审要素，需要补充的其他文件,parent_scoring_section,0.78,needs_manual_review,正式证据包候选,,,,,"[""物资类通用""]",,needs_review,manual_review_before_skeleton_reuse,review_only,false,,,,,,,,,f97fef45511300fecd3674776290e1bfdd63240bacbb2670668634e98653470f,
business-media-0297,business,media,business-chapter-043,5,（1）,（1）绿色电力认证证书,,assets/template_words/商务补充文件.docx,(三)补充文件 / 7.针对评审要素，需要补充的其他文件 / 7.2.绿色发展规划及管理体系认证 / 7.2.4.绿电绿证情况 / （1）绿色电力认证证书,281,281,tender_scoring_derived,assets/template_words/包1_完整招标文件_92475576192439826/SL2655招标文件-预审.docx,5.针对评审要素，需要补充的其他文件,parent_scoring_section,0.78,needs_manual_review,正式证据包候选,,,,,"[""物资类通用""]",,needs_review,inventory_only_needs_original_evidence_or_manual_promotion,review_only,false,,,,rId304,word/media/image296.jpeg,644d3d635473947df614ce5230dbd745f2fc97fb61ca82a0afcbd9261ad0dcd3,1820,2570,644d3d635473947df614ce5230dbd745f2fc97fb61ca82a0afcbd9261ad0dcd3,Word内嵌媒体未导出；不得直接提升为正式图片资产
business-chapter-044,business,chapter,business-chapter-044,5,（2）,（2）绿色供应链认证证书,（2）绿色供应链认证证书,assets/template_words/商务补充文件.docx,(三)补充文件 / 7.针对评审要素，需要补充的其他文件 / 7.2.绿色发展规划及管理体系认证 / 7.2.4.绿电绿证情况 / （2）绿色供应链认证证书,282,282,tender_scoring_derived,assets/template_words/包1_完整招标文件_92475576192439826/SL2655招标文件-预审.docx,5.针对评审要素，需要补充的其他文件,parent_scoring_section,0.78,needs_manual_review,正式证据包候选,,,,,"[""物资类通用""]",,needs_review,manual_review_before_skeleton_reuse,review_only,false,,,,,,,,,a9168995c83db59fc3d9bd9bf7b5376a4cd3c4a129e5d5ac80a4ca8d2240403f,
business-media-0298,business,media,business-chapter-044,5,（2）,（2）绿色供应链认证证书,,assets/template_words/商务补充文件.docx,(三)补充文件 / 7.针对评审要素，需要补充的其他文件 / 7.2.绿色发展规划及管理体系认证 / 7.2.4.绿电绿证情况 / （2）绿色供应链认证证书,283,283,tender_scoring_derived,assets/template_words/包1_完整招标文件_92475576192439826/SL2655招标文件-预审.docx,5.针对评审要素，需要补充的其他文件,parent_scoring_section,0.78,needs_manual_review,正式证据包候选,,,,,"[""物资类通用""]",,needs_review,inventory_only_needs_original_evidence_or_manual_promotion,review_only,false,,,,rId305,word/media/image297.jpeg,cd65ffcc5b4379d052c8c739f1baf154a143849f472b9cd884244d4f73d0baae,1820,2570,cd65ffcc5b4379d052c8c739f1baf154a143849f472b9cd884244d4f73d0baae,Word内嵌媒体未导出；不得直接提升为正式图片资产
business-chapter-045,business,chapter,business-chapter-045,5,（3）,（3）绿色电力证书交易凭证,（3）绿色电力证书交易凭证,assets/template_words/商务补充文件.docx,(三)补充文件 / 7.针对评审要素，需要补充的其他文件 / 7.2.绿色发展规划及管理体系认证 / 7.2.4.绿电绿证情况 / （3）绿色电力证书交易凭证,283,285,tender_scoring_derived,assets/template_words/包1_完整招标文件_92475576192439826/SL2655招标文件-预审.docx,5.针对评审要素，需要补充的其他文件,parent_scoring_section,0.78,needs_manual_review,正式证据包候选,,,,,"[""物资类通用""]",,needs_review,manual_review_before_skeleton_reuse,review_only,false,,,,,,,,,488dde982a8ee57f1d6f9bcced754b031d2ed3102e3d6cb6d4b0c23806d6a637,
business-media-0299,business,media,business-chapter-045,5,（3）,（3）绿色电力证书交易凭证,,assets/template_words/商务补充文件.docx,(三)补充文件 / 7.针对评审要素，需要补充的其他文件 / 7.2.绿色发展规划及管理体系认证 / 7.2.4.绿电绿证情况 / （3）绿色电力证书交易凭证,284,284,tender_scoring_derived,assets/template_words/包1_完整招标文件_92475576192439826/SL2655招标文件-预审.docx,5.针对评审要素，需要补充的其他文件,parent_scoring_section,0.78,needs_manual_review,正式证据包候选,,,,,"[""物资类通用""]",,needs_review,inventory_only_needs_original_evidence_or_manual_promotion,review_only,false,,,,rId306,word/media/image298.jpeg,aae6a3d28d2606d8d67861602edfbd16608549ac4fe4afd79008c70906603e95,1748,2480,aae6a3d28d2606d8d67861602edfbd16608549ac4fe4afd79008c70906603e95,Word内嵌媒体未导出；不得直接提升为正式图片资产
business-media-0300,business,media,business-chapter-045,5,（3）,（3）绿色电力证书交易凭证,,assets/template_words/商务补充文件.docx,(三)补充文件 / 7.针对评审要素，需要补充的其他文件 / 7.2.绿色发展规划及管理体系认证 / 7.2.4.绿电绿证情况 / （3）绿色电力证书交易凭证,284,284,tender_scoring_derived,assets/template_words/包1_完整招标文件_92475576192439826/SL2655招标文件-预审.docx,5.针对评审要素，需要补充的其他文件,parent_scoring_section,0.78,needs_manual_review,正式证据包候选,,,,,"[""物资类通用""]",,needs_review,inventory_only_needs_original_evidence_or_manual_promotion,review_only,false,,,,rId307,word/media/image299.jpeg,0f61c512ce315b5f6923ea7058ded960bbb7ac9f1b7fd75e069d3429b0ddc4e5,1748,2480,0f61c512ce315b5f6923ea7058ded960bbb7ac9f1b7fd75e069d3429b0ddc4e5,Word内嵌媒体未导出；不得直接提升为正式图片资产
business-media-0301,business,media,business-chapter-045,5,（3）,（3）绿色电力证书交易凭证,,assets/template_words/商务补充文件.docx,(三)补充文件 / 7.针对评审要素，需要补充的其他文件 / 7.2.绿色发展规划及管理体系认证 / 7.2.4.绿电绿证情况 / （3）绿色电力证书交易凭证,284,284,tender_scoring_derived,assets/template_words/包1_完整招标文件_92475576192439826/SL2655招标文件-预审.docx,5.针对评审要素，需要补充的其他文件,parent_scoring_section,0.78,needs_manual_review,正式证据包候选,,,,,"[""物资类通用""]",,needs_review,inventory_only_needs_original_evidence_or_manual_promotion,review_only,false,,,,rId308,word/media/image300.jpeg,50d6c8cbdd3b567994add4877e4a9e23bedbed971b47872c7e50f1091df28bb2,1748,2480,50d6c8cbdd3b567994add4877e4a9e23bedbed971b47872c7e50f1091df28bb2,Word内嵌媒体未导出；不得直接提升为正式图片资产
business-chapter-046,business,chapter,business-chapter-046,4,7.2.5.,7.2.5.绿色低碳响应情况,,assets/template_words/商务补充文件.docx,(三)补充文件 / 7.针对评审要素，需要补充的其他文件 / 7.2.绿色发展规划及管理体系认证 / 7.2.5.绿色低碳响应情况,286,286,tender_scoring_derived,assets/template_words/包1_完整招标文件_92475576192439826/SL2655招标文件-预审.docx,5.针对评审要素，需要补充的其他文件,parent_scoring_section,0.78,needs_manual_review,项目专属响应/承诺/偏差,,,,,"[""物资类通用""]",,needs_review,manual_review_before_skeleton_reuse,review_only,false,,,,,,,,,1449bdc52daf6ec02298db6d34dce09dd1e67cd6d2e2c24eafd7394e7111afa4,
business-chapter-047,business,chapter,business-chapter-047,4,（1）,（1）碳足迹报告,,assets/template_words/商务补充文件.docx,(三)补充文件 / 7.针对评审要素，需要补充的其他文件 / 7.2.绿色发展规划及管理体系认证 / （1）碳足迹报告,286,302,tender_scoring_derived,assets/template_words/包1_完整招标文件_92475576192439826/SL2655招标文件-预审.docx,5.针对评审要素，需要补充的其他文件,parent_scoring_section,0.78,needs_manual_review,正式证据包候选,,,,,"[""物资类通用""]",,needs_review,manual_review_before_skeleton_reuse,review_only,false,,,,,,,,,8381be3d020a04e846b0723ba9b3c9a90a7d3e0a3b99d91597f01e96e69be55f,
business-media-0302,business,media,business-chapter-047,4,（1）,（1）碳足迹报告,,assets/template_words/商务补充文件.docx,(三)补充文件 / 7.针对评审要素，需要补充的其他文件 / 7.2.绿色发展规划及管理体系认证 / （1）碳足迹报告,286,286,tender_scoring_derived,assets/template_words/包1_完整招标文件_92475576192439826/SL2655招标文件-预审.docx,5.针对评审要素，需要补充的其他文件,parent_scoring_section,0.78,needs_manual_review,正式证据包候选,,,,,"[""物资类通用""]",,needs_review,inventory_only_needs_original_evidence_or_manual_promotion,review_only,false,,,,rId309,word/media/image301.jpg,303ad8ba7da88972e3c54f0996bbb3b4f96363201ad72bef131b21b4cbf49b28,1654,2339,303ad8ba7da88972e3c54f0996bbb3b4f96363201ad72bef131b21b4cbf49b28,Word内嵌媒体未导出；不得直接提升为正式图片资产
business-media-0303,business,media,business-chapter-047,4,（1）,（1）碳足迹报告,,assets/template_words/商务补充文件.docx,(三)补充文件 / 7.针对评审要素，需要补充的其他文件 / 7.2.绿色发展规划及管理体系认证 / （1）碳足迹报告,286,286,tender_scoring_derived,assets/template_words/包1_完整招标文件_92475576192439826/SL2655招标文件-预审.docx,5.针对评审要素，需要补充的其他文件,parent_scoring_section,0.78,needs_manual_review,正式证据包候选,,,,,"[""物资类通用""]",,needs_review,inventory_only_needs_original_evidence_or_manual_promotion,review_only,false,,,,rId310,word/media/image302.jpg,0fc306096c4c0c1c500dd9d374dd1fa7fb5283e6a242b9b1f6d7a5d72955d6fc,1522,2152,0fc306096c4c0c1c500dd9d374dd1fa7fb5283e6a242b9b1f6d7a5d72955d6fc,Word内嵌媒体未导出；不得直接提升为正式图片资产
business-media-0304,business,media,business-chapter-047,4,（1）,（1）碳足迹报告,,assets/template_words/商务补充文件.docx,(三)补充文件 / 7.针对评审要素，需要补充的其他文件 / 7.2.绿色发展规划及管理体系认证 / （1）碳足迹报告,286,286,tender_scoring_derived,assets/template_words/包1_完整招标文件_92475576192439826/SL2655招标文件-预审.docx,5.针对评审要素，需要补充的其他文件,parent_scoring_section,0.78,needs_manual_review,正式证据包候选,,,,,"[""物资类通用""]",,needs_review,inventory_only_needs_original_evidence_or_manual_promotion,review_only,false,,,,rId311,word/media/image303.jpg,6aaac021695f1a60fe61032f3f9191052d75b05d819fa097dc46547012ac9694,1522,2152,6aaac021695f1a60fe61032f3f9191052d75b05d819fa097dc46547012ac9694,Word内嵌媒体未导出；不得直接提升为正式图片资产
business-media-0305,business,media,business-chapter-047,4,（1）,（1）碳足迹报告,,assets/template_words/商务补充文件.docx,(三)补充文件 / 7.针对评审要素，需要补充的其他文件 / 7.2.绿色发展规划及管理体系认证 / （1）碳足迹报告,286,286,tender_scoring_derived,assets/template_words/包1_完整招标文件_92475576192439826/SL2655招标文件-预审.docx,5.针对评审要素，需要补充的其他文件,parent_scoring_section,0.78,needs_manual_review,正式证据包候选,,,,,"[""物资类通用""]",,needs_review,inventory_only_needs_original_evidence_or_manual_promotion,review_only,false,,,,rId312,word/media/image304.jpg,ee6c9dd2e0b98bbb198d9ce467e015fa7b80a57a912977caea921f165d3c0198,1522,2152,ee6c9dd2e0b98bbb198d9ce467e015fa7b80a57a912977caea921f165d3c0198,Word内嵌媒体未导出；不得直接提升为正式图片资产
business-media-0306,business,media,business-chapter-047,4,（1）,（1）碳足迹报告,,assets/template_words/商务补充文件.docx,(三)补充文件 / 7.针对评审要素，需要补充的其他文件 / 7.2.绿色发展规划及管理体系认证 / （1）碳足迹报告,286,286,tender_scoring_derived,assets/template_words/包1_完整招标文件_92475576192439826/SL2655招标文件-预审.docx,5.针对评审要素，需要补充的其他文件,parent_scoring_section,0.78,needs_manual_review,正式证据包候选,,,,,"[""物资类通用""]",,needs_review,inventory_only_needs_original_evidence_or_manual_promotion,review_only,false,,,,rId313,word/media/image305.jpg,552f9bb1cc271772ddf4db7091bd3f2792adb9933b9ab4a90e59b8bf80844263,1522,2152,552f9bb1cc271772ddf4db7091bd3f2792adb9933b9ab4a90e59b8bf80844263,Word内嵌媒体未导出；不得直接提升为正式图片资产
business-media-0307,business,media,business-chapter-047,4,（1）,（1）碳足迹报告,,assets/template_words/商务补充文件.docx,(三)补充文件 / 7.针对评审要素，需要补充的其他文件 / 7.2.绿色发展规划及管理体系认证 / （1）碳足迹报告,286,286,tender_scoring_derived,assets/template_words/包1_完整招标文件_92475576192439826/SL2655招标文件-预审.docx,5.针对评审要素，需要补充的其他文件,parent_scoring_section,0.78,needs_manual_review,正式证据包候选,,,,,"[""物资类通用""]",,needs_review,inventory_only_needs_original_evidence_or_manual_promotion,review_only,false,,,,rId314,word/media/image306.jpg,2c0191685ee9e16323f0d2befdc8985c2b6a3a97627938c8e092078f48320f94,1522,2152,2c0191685ee9e16323f0d2befdc8985c2b6a3a97627938c8e092078f48320f94,Word内嵌媒体未导出；不得直接提升为正式图片资产
business-media-0308,business,media,business-chapter-047,4,（1）,（1）碳足迹报告,,assets/template_words/商务补充文件.docx,(三)补充文件 / 7.针对评审要素，需要补充的其他文件 / 7.2.绿色发展规划及管理体系认证 / （1）碳足迹报告,286,286,tender_scoring_derived,assets/template_words/包1_完整招标文件_92475576192439826/SL2655招标文件-预审.docx,5.针对评审要素，需要补充的其他文件,parent_scoring_section,0.78,needs_manual_review,正式证据包候选,,,,,"[""物资类通用""]",,needs_review,inventory_only_needs_original_evidence_or_manual_promotion,review_only,false,,,,rId315,word/media/image307.jpg,5eb4d659037ce1d5b4ae1e3f42cfb5416a10d5d6b96b8ed8db71e4d79a3e52b7,1522,2152,5eb4d659037ce1d5b4ae1e3f42cfb5416a10d5d6b96b8ed8db71e4d79a3e52b7,Word内嵌媒体未导出；不得直接提升为正式图片资产
business-media-0309,business,media,business-chapter-047,4,（1）,（1）碳足迹报告,,assets/template_words/商务补充文件.docx,(三)补充文件 / 7.针对评审要素，需要补充的其他文件 / 7.2.绿色发展规划及管理体系认证 / （1）碳足迹报告,286,286,tender_scoring_derived,assets/template_words/包1_完整招标文件_92475576192439826/SL2655招标文件-预审.docx,5.针对评审要素，需要补充的其他文件,parent_scoring_section,0.78,needs_manual_review,正式证据包候选,,,,,"[""物资类通用""]",,needs_review,inventory_only_needs_original_evidence_or_manual_promotion,review_only,false,,,,rId316,word/media/image308.jpg,636fd8b0eb8f4558c3028fa3faa7693eeecbbe41c423fd64776450b88312eaad,1522,2152,636fd8b0eb8f4558c3028fa3faa7693eeecbbe41c423fd64776450b88312eaad,Word内嵌媒体未导出；不得直接提升为正式图片资产
business-media-0310,business,media,business-chapter-047,4,（1）,（1）碳足迹报告,,assets/template_words/商务补充文件.docx,(三)补充文件 / 7.针对评审要素，需要补充的其他文件 / 7.2.绿色发展规划及管理体系认证 / （1）碳足迹报告,286,286,tender_scoring_derived,assets/template_words/包1_完整招标文件_92475576192439826/SL2655招标文件-预审.docx,5.针对评审要素，需要补充的其他文件,parent_scoring_section,0.78,needs_manual_review,正式证据包候选,,,,,"[""物资类通用""]",,needs_review,inventory_only_needs_original_evidence_or_manual_promotion,review_only,false,,,,rId317,word/media/image309.jpg,383f3e970b5df1eeb73112bd27c25f2b23f02b4a7aa3184d3c32a073f087ec5f,1522,2152,383f3e970b5df1eeb73112bd27c25f2b23f02b4a7aa3184d3c32a073f087ec5f,Word内嵌媒体未导出；不得直接提升为正式图片资产
business-media-0311,business,media,business-chapter-047,4,（1）,（1）碳足迹报告,,assets/template_words/商务补充文件.docx,(三)补充文件 / 7.针对评审要素，需要补充的其他文件 / 7.2.绿色发展规划及管理体系认证 / （1）碳足迹报告,286,286,tender_scoring_derived,assets/template_words/包1_完整招标文件_92475576192439826/SL2655招标文件-预审.docx,5.针对评审要素，需要补充的其他文件,parent_scoring_section,0.78,needs_manual_review,正式证据包候选,,,,,"[""物资类通用""]",,needs_review,inventory_only_needs_original_evidence_or_manual_promotion,review_only,false,,,,rId318,word/media/image310.jpg,d93d3e52a0fcd69b90c7fd106ccaa5a3e0d3c9c5f740b23277281111505070f9,1522,2152,d93d3e52a0fcd69b90c7fd106ccaa5a3e0d3c9c5f740b23277281111505070f9,Word内嵌媒体未导出；不得直接提升为正式图片资产
business-media-0312,business,media,business-chapter-047,4,（1）,（1）碳足迹报告,,assets/template_words/商务补充文件.docx,(三)补充文件 / 7.针对评审要素，需要补充的其他文件 / 7.2.绿色发展规划及管理体系认证 / （1）碳足迹报告,286,286,tender_scoring_derived,assets/template_words/包1_完整招标文件_92475576192439826/SL2655招标文件-预审.docx,5.针对评审要素，需要补充的其他文件,parent_scoring_section,0.78,needs_manual_review,正式证据包候选,,,,,"[""物资类通用""]",,needs_review,inventory_only_needs_original_evidence_or_manual_promotion,review_only,false,,,,rId319,word/media/image311.jpg,7f3af12ee1d2e8f81a714d9a21ac53d098d72b22a8bafeafd058437c9bbc1c04,1522,2152,7f3af12ee1d2e8f81a714d9a21ac53d098d72b22a8bafeafd058437c9bbc1c04,Word内嵌媒体未导出；不得直接提升为正式图片资产
business-media-0313,business,media,business-chapter-047,4,（1）,（1）碳足迹报告,,assets/template_words/商务补充文件.docx,(三)补充文件 / 7.针对评审要素，需要补充的其他文件 / 7.2.绿色发展规划及管理体系认证 / （1）碳足迹报告,286,286,tender_scoring_derived,assets/template_words/包1_完整招标文件_92475576192439826/SL2655招标文件-预审.docx,5.针对评审要素，需要补充的其他文件,parent_scoring_section,0.78,needs_manual_review,正式证据包候选,,,,,"[""物资类通用""]",,needs_review,inventory_only_needs_original_evidence_or_manual_promotion,review_only,false,,,,rId320,word/media/image312.jpg,0c13ee5e37949b8e34a3be1958a8b874853de7027dfa230e6cec27072a4a22ba,1522,2152,0c13ee5e37949b8e34a3be1958a8b874853de7027dfa230e6cec27072a4a22ba,Word内嵌媒体未导出；不得直接提升为正式图片资产
business-media-0314,business,media,business-chapter-047,4,（1）,（1）碳足迹报告,,assets/template_words/商务补充文件.docx,(三)补充文件 / 7.针对评审要素，需要补充的其他文件 / 7.2.绿色发展规划及管理体系认证 / （1）碳足迹报告,286,286,tender_scoring_derived,assets/template_words/包1_完整招标文件_92475576192439826/SL2655招标文件-预审.docx,5.针对评审要素，需要补充的其他文件,parent_scoring_section,0.78,needs_manual_review,正式证据包候选,,,,,"[""物资类通用""]",,needs_review,inventory_only_needs_original_evidence_or_manual_promotion,review_only,false,,,,rId321,word/media/image313.jpg,48d34b916a671c4ac38d52e9335d903c8da3792d05f82f4c9922d8f2e81e7903,1522,2152,48d34b916a671c4ac38d52e9335d903c8da3792d05f82f4c9922d8f2e81e7903,Word内嵌媒体未导出；不得直接提升为正式图片资产
business-media-0315,business,media,business-chapter-047,4,（1）,（1）碳足迹报告,,assets/template_words/商务补充文件.docx,(三)补充文件 / 7.针对评审要素，需要补充的其他文件 / 7.2.绿色发展规划及管理体系认证 / （1）碳足迹报告,286,286,tender_scoring_derived,assets/template_words/包1_完整招标文件_92475576192439826/SL2655招标文件-预审.docx,5.针对评审要素，需要补充的其他文件,parent_scoring_section,0.78,needs_manual_review,正式证据包候选,,,,,"[""物资类通用""]",,needs_review,inventory_only_needs_original_evidence_or_manual_promotion,review_only,false,,,,rId322,word/media/image314.jpg,c3d3e194d342c60d5547a11063fc4a3966518ccd939c2e3c7e8d6906174e6611,1522,2152,c3d3e194d342c60d5547a11063fc4a3966518ccd939c2e3c7e8d6906174e6611,Word内嵌媒体未导出；不得直接提升为正式图片资产
business-media-0316,business,media,business-chapter-047,4,（1）,（1）碳足迹报告,,assets/template_words/商务补充文件.docx,(三)补充文件 / 7.针对评审要素，需要补充的其他文件 / 7.2.绿色发展规划及管理体系认证 / （1）碳足迹报告,286,286,tender_scoring_derived,assets/template_words/包1_完整招标文件_92475576192439826/SL2655招标文件-预审.docx,5.针对评审要素，需要补充的其他文件,parent_scoring_section,0.78,needs_manual_review,正式证据包候选,,,,,"[""物资类通用""]",,needs_review,inventory_only_needs_original_evidence_or_manual_promotion,review_only,false,,,,rId323,word/media/image315.jpg,ec4783db9de62843c9024868c143910c864eb11316f591ac87180808185e6e8b,1522,2152,ec4783db9de62843c9024868c143910c864eb11316f591ac87180808185e6e8b,Word内嵌媒体未导出；不得直接提升为正式图片资产
business-media-0317,business,media,business-chapter-047,4,（1）,（1）碳足迹报告,,assets/template_words/商务补充文件.docx,(三)补充文件 / 7.针对评审要素，需要补充的其他文件 / 7.2.绿色发展规划及管理体系认证 / （1）碳足迹报告,286,286,tender_scoring_derived,assets/template_words/包1_完整招标文件_92475576192439826/SL2655招标文件-预审.docx,5.针对评审要素，需要补充的其他文件,parent_scoring_section,0.78,needs_manual_review,正式证据包候选,,,,,"[""物资类通用""]",,needs_review,inventory_only_needs_original_evidence_or_manual_promotion,review_only,false,,,,rId324,word/media/image316.jpg,3bd8214070dbf14c53c0e2d210f721fa6af7439fe4fd7796b3b8721cbbac6b21,1522,2152,3bd8214070dbf14c53c0e2d210f721fa6af7439fe4fd7796b3b8721cbbac6b21,Word内嵌媒体未导出；不得直接提升为正式图片资产
business-media-0318,business,media,business-chapter-047,4,（1）,（1）碳足迹报告,,assets/template_words/商务补充文件.docx,(三)补充文件 / 7.针对评审要素，需要补充的其他文件 / 7.2.绿色发展规划及管理体系认证 / （1）碳足迹报告,286,286,tender_scoring_derived,assets/template_words/包1_完整招标文件_92475576192439826/SL2655招标文件-预审.docx,5.针对评审要素，需要补充的其他文件,parent_scoring_section,0.78,needs_manual_review,正式证据包候选,,,,,"[""物资类通用""]",,needs_review,inventory_only_needs_original_evidence_or_manual_promotion,review_only,false,,,,rId325,word/media/image317.jpg,dadeea12b5c4a2c84210a78fd89bd0e82a2de3788ea34aed2b31b28295c0ec84,1819,2573,dadeea12b5c4a2c84210a78fd89bd0e82a2de3788ea34aed2b31b28295c0ec84,Word内嵌媒体未导出；不得直接提升为正式图片资产
business-chapter-048,business,chapter,business-chapter-048,3,7.3.,7.3.创新激励机制、供应链保障措施,,assets/template_words/商务补充文件.docx,(三)补充文件 / 7.针对评审要素，需要补充的其他文件 / 7.3.创新激励机制、供应链保障措施,303,303,tender_scoring_derived,assets/template_words/包1_完整招标文件_92475576192439826/SL2655招标文件-预审.docx,5.针对评审要素，需要补充的其他文件,parent_scoring_section,0.78,needs_manual_review,泰昌可复用企业事实,,,,,"[""物资类通用""]",,needs_review,manual_review_before_skeleton_reuse,review_only,false,,,,,,,,,f354fe03ba8ecb96a19d6729a0bc78222f0598b039058b71f0a1c6f859e1fb87,
business-chapter-049,business,chapter,business-chapter-049,4,（1）,（1）创新激励机制评价报告,,assets/template_words/商务补充文件.docx,(三)补充文件 / 7.针对评审要素，需要补充的其他文件 / 7.3.创新激励机制、供应链保障措施 / （1）创新激励机制评价报告,303,314,tender_scoring_derived,assets/template_words/包1_完整招标文件_92475576192439826/SL2655招标文件-预审.docx,5.针对评审要素，需要补充的其他文件,parent_scoring_section,0.78,needs_manual_review,正式证据包候选,,,,,"[""物资类通用""]",,needs_review,manual_review_before_skeleton_reuse,review_only,false,,,,,,,,,237da39632e8b4eda85fdca132fad065d4cea3c3c7898a7532e29bbacee44d2b,
business-media-0319,business,media,business-chapter-049,4,（1）,（1）创新激励机制评价报告,,assets/template_words/商务补充文件.docx,(三)补充文件 / 7.针对评审要素，需要补充的其他文件 / 7.3.创新激励机制、供应链保障措施 / （1）创新激励机制评价报告,303,303,tender_scoring_derived,assets/template_words/包1_完整招标文件_92475576192439826/SL2655招标文件-预审.docx,5.针对评审要素，需要补充的其他文件,parent_scoring_section,0.78,needs_manual_review,正式证据包候选,,,,,"[""物资类通用""]",,needs_review,inventory_only_needs_original_evidence_or_manual_promotion,review_only,false,,,,rId326,word/media/image318.jpg,16605eb0d50b6037c95027d38a3f636325abe33fa58cc9df0f6841f15dd7e31f,1654,2339,16605eb0d50b6037c95027d38a3f636325abe33fa58cc9df0f6841f15dd7e31f,Word内嵌媒体未导出；不得直接提升为正式图片资产
business-media-0320,business,media,business-chapter-049,4,（1）,（1）创新激励机制评价报告,,assets/template_words/商务补充文件.docx,(三)补充文件 / 7.针对评审要素，需要补充的其他文件 / 7.3.创新激励机制、供应链保障措施 / （1）创新激励机制评价报告,303,303,tender_scoring_derived,assets/template_words/包1_完整招标文件_92475576192439826/SL2655招标文件-预审.docx,5.针对评审要素，需要补充的其他文件,parent_scoring_section,0.78,needs_manual_review,正式证据包候选,,,,,"[""物资类通用""]",,needs_review,inventory_only_needs_original_evidence_or_manual_promotion,review_only,false,,,,rId327,word/media/image319.jpg,f3ba71090e791066e560da6bde407b1d78898786ab4d34177d97c5704cbc66d8,1522,2152,f3ba71090e791066e560da6bde407b1d78898786ab4d34177d97c5704cbc66d8,Word内嵌媒体未导出；不得直接提升为正式图片资产
business-media-0321,business,media,business-chapter-049,4,（1）,（1）创新激励机制评价报告,,assets/template_words/商务补充文件.docx,(三)补充文件 / 7.针对评审要素，需要补充的其他文件 / 7.3.创新激励机制、供应链保障措施 / （1）创新激励机制评价报告,303,303,tender_scoring_derived,assets/template_words/包1_完整招标文件_92475576192439826/SL2655招标文件-预审.docx,5.针对评审要素，需要补充的其他文件,parent_scoring_section,0.78,needs_manual_review,正式证据包候选,,,,,"[""物资类通用""]",,needs_review,inventory_only_needs_original_evidence_or_manual_promotion,review_only,false,,,,rId328,word/media/image320.jpg,23daa83952e37d3f085577aed2ed6289990005289c1d2b5257682a211b832bc5,1522,2152,23daa83952e37d3f085577aed2ed6289990005289c1d2b5257682a211b832bc5,Word内嵌媒体未导出；不得直接提升为正式图片资产
business-media-0322,business,media,business-chapter-049,4,（1）,（1）创新激励机制评价报告,,assets/template_words/商务补充文件.docx,(三)补充文件 / 7.针对评审要素，需要补充的其他文件 / 7.3.创新激励机制、供应链保障措施 / （1）创新激励机制评价报告,303,303,tender_scoring_derived,assets/template_words/包1_完整招标文件_92475576192439826/SL2655招标文件-预审.docx,5.针对评审要素，需要补充的其他文件,parent_scoring_section,0.78,needs_manual_review,正式证据包候选,,,,,"[""物资类通用""]",,needs_review,inventory_only_needs_original_evidence_or_manual_promotion,review_only,false,,,,rId329,word/media/image321.jpg,42c57dfc5205552f9f254c02ef9779564c62a64d6f082406b59fdd418bacd34a,1522,2152,42c57dfc5205552f9f254c02ef9779564c62a64d6f082406b59fdd418bacd34a,Word内嵌媒体未导出；不得直接提升为正式图片资产
business-media-0323,business,media,business-chapter-049,4,（1）,（1）创新激励机制评价报告,,assets/template_words/商务补充文件.docx,(三)补充文件 / 7.针对评审要素，需要补充的其他文件 / 7.3.创新激励机制、供应链保障措施 / （1）创新激励机制评价报告,303,303,tender_scoring_derived,assets/template_words/包1_完整招标文件_92475576192439826/SL2655招标文件-预审.docx,5.针对评审要素，需要补充的其他文件,parent_scoring_section,0.78,needs_manual_review,正式证据包候选,,,,,"[""物资类通用""]",,needs_review,inventory_only_needs_original_evidence_or_manual_promotion,review_only,false,,,,rId330,word/media/image322.jpg,b3748c3bf0aed63ad7df37e33556ac4ce372a927ef00ef5f63059e116f05d467,1522,2152,b3748c3bf0aed63ad7df37e33556ac4ce372a927ef00ef5f63059e116f05d467,Word内嵌媒体未导出；不得直接提升为正式图片资产
business-media-0324,business,media,business-chapter-049,4,（1）,（1）创新激励机制评价报告,,assets/template_words/商务补充文件.docx,(三)补充文件 / 7.针对评审要素，需要补充的其他文件 / 7.3.创新激励机制、供应链保障措施 / （1）创新激励机制评价报告,303,303,tender_scoring_derived,assets/template_words/包1_完整招标文件_92475576192439826/SL2655招标文件-预审.docx,5.针对评审要素，需要补充的其他文件,parent_scoring_section,0.78,needs_manual_review,正式证据包候选,,,,,"[""物资类通用""]",,needs_review,inventory_only_needs_original_evidence_or_manual_promotion,review_only,false,,,,rId331,word/media/image323.jpg,de7ef56a2968f641ac69669f9fca3abdc44eb8bc0155565b9405f0bb1d07565e,1522,2152,de7ef56a2968f641ac69669f9fca3abdc44eb8bc0155565b9405f0bb1d07565e,Word内嵌媒体未导出；不得直接提升为正式图片资产
business-media-0325,business,media,business-chapter-049,4,（1）,（1）创新激励机制评价报告,,assets/template_words/商务补充文件.docx,(三)补充文件 / 7.针对评审要素，需要补充的其他文件 / 7.3.创新激励机制、供应链保障措施 / （1）创新激励机制评价报告,303,303,tender_scoring_derived,assets/template_words/包1_完整招标文件_92475576192439826/SL2655招标文件-预审.docx,5.针对评审要素，需要补充的其他文件,parent_scoring_section,0.78,needs_manual_review,正式证据包候选,,,,,"[""物资类通用""]",,needs_review,inventory_only_needs_original_evidence_or_manual_promotion,review_only,false,,,,rId332,word/media/image324.jpg,3bd63813953c130818c0de3c6788cb4e118e092323f1e93e42d73563faffed4b,1522,2152,3bd63813953c130818c0de3c6788cb4e118e092323f1e93e42d73563faffed4b,Word内嵌媒体未导出；不得直接提升为正式图片资产
business-media-0326,business,media,business-chapter-049,4,（1）,（1）创新激励机制评价报告,,assets/template_words/商务补充文件.docx,(三)补充文件 / 7.针对评审要素，需要补充的其他文件 / 7.3.创新激励机制、供应链保障措施 / （1）创新激励机制评价报告,303,303,tender_scoring_derived,assets/template_words/包1_完整招标文件_92475576192439826/SL2655招标文件-预审.docx,5.针对评审要素，需要补充的其他文件,parent_scoring_section,0.78,needs_manual_review,正式证据包候选,,,,,"[""物资类通用""]",,needs_review,inventory_only_needs_original_evidence_or_manual_promotion,review_only,false,,,,rId333,word/media/image325.jpg,4cda9d5c46d9d5d75046d3ad2060d161f145c689be7095464fe22f33738df7b1,1522,2152,4cda9d5c46d9d5d75046d3ad2060d161f145c689be7095464fe22f33738df7b1,Word内嵌媒体未导出；不得直接提升为正式图片资产
business-media-0327,business,media,business-chapter-049,4,（1）,（1）创新激励机制评价报告,,assets/template_words/商务补充文件.docx,(三)补充文件 / 7.针对评审要素，需要补充的其他文件 / 7.3.创新激励机制、供应链保障措施 / （1）创新激励机制评价报告,303,303,tender_scoring_derived,assets/template_words/包1_完整招标文件_92475576192439826/SL2655招标文件-预审.docx,5.针对评审要素，需要补充的其他文件,parent_scoring_section,0.78,needs_manual_review,正式证据包候选,,,,,"[""物资类通用""]",,needs_review,inventory_only_needs_original_evidence_or_manual_promotion,review_only,false,,,,rId334,word/media/image326.jpg,027b1348a928c17d48bb49a7de5f2799e7bbe13025ee2e68a590afa235a2745f,1522,2152,027b1348a928c17d48bb49a7de5f2799e7bbe13025ee2e68a590afa235a2745f,Word内嵌媒体未导出；不得直接提升为正式图片资产
business-media-0328,business,media,business-chapter-049,4,（1）,（1）创新激励机制评价报告,,assets/template_words/商务补充文件.docx,(三)补充文件 / 7.针对评审要素，需要补充的其他文件 / 7.3.创新激励机制、供应链保障措施 / （1）创新激励机制评价报告,303,303,tender_scoring_derived,assets/template_words/包1_完整招标文件_92475576192439826/SL2655招标文件-预审.docx,5.针对评审要素，需要补充的其他文件,parent_scoring_section,0.78,needs_manual_review,正式证据包候选,,,,,"[""物资类通用""]",,needs_review,inventory_only_needs_original_evidence_or_manual_promotion,review_only,false,,,,rId335,word/media/image327.jpg,20a9acbd67e2e8f9d1f60084c517e45b917bfe0a5d09a0f3c878642c354ca25b,1522,2152,20a9acbd67e2e8f9d1f60084c517e45b917bfe0a5d09a0f3c878642c354ca25b,Word内嵌媒体未导出；不得直接提升为正式图片资产
business-media-0329,business,media,business-chapter-049,4,（1）,（1）创新激励机制评价报告,,assets/template_words/商务补充文件.docx,(三)补充文件 / 7.针对评审要素，需要补充的其他文件 / 7.3.创新激励机制、供应链保障措施 / （1）创新激励机制评价报告,303,303,tender_scoring_derived,assets/template_words/包1_完整招标文件_92475576192439826/SL2655招标文件-预审.docx,5.针对评审要素，需要补充的其他文件,parent_scoring_section,0.78,needs_manual_review,正式证据包候选,,,,,"[""物资类通用""]",,needs_review,inventory_only_needs_original_evidence_or_manual_promotion,review_only,false,,,,rId336,word/media/image328.jpg,83614390806f61b66b096d8abd084dd805554cf0edc6f295f462d93f9ddd592f,1522,2152,83614390806f61b66b096d8abd084dd805554cf0edc6f295f462d93f9ddd592f,Word内嵌媒体未导出；不得直接提升为正式图片资产
business-media-0330,business,media,business-chapter-049,4,（1）,（1）创新激励机制评价报告,,assets/template_words/商务补充文件.docx,(三)补充文件 / 7.针对评审要素，需要补充的其他文件 / 7.3.创新激励机制、供应链保障措施 / （1）创新激励机制评价报告,303,303,tender_scoring_derived,assets/template_words/包1_完整招标文件_92475576192439826/SL2655招标文件-预审.docx,5.针对评审要素，需要补充的其他文件,parent_scoring_section,0.78,needs_manual_review,正式证据包候选,,,,,"[""物资类通用""]",,needs_review,inventory_only_needs_original_evidence_or_manual_promotion,review_only,false,,,,rId337,word/media/image329.jpg,8a3512b24ad8ed33397e57494599d8fa0044ad440ee20f0153934369de058070,1819,2573,8a3512b24ad8ed33397e57494599d8fa0044ad440ee20f0153934369de058070,Word内嵌媒体未导出；不得直接提升为正式图片资产
business-chapter-050,business,chapter,business-chapter-050,2,8.,8.投标人自述的企业名称变更原因说明、市场监督管理部门出具的‘名称变更证明’相关证明材料、有权机构出具的‘资格资质变更证明’等相关证明材料。（如有）,8.投标人自述的企业名称变更原因说明、市场监督管理部门出具的‘名称变更证明’相关证明材料、有权机构出具的‘资格资质变更证明’等相关证明材料。（如有）,assets/template_words/商务补充文件.docx,(三)补充文件 / 8.投标人自述的企业名称变更原因说明、市场监督管理部门出具的‘名称变更证明’相关证明材料、有权机构出具的‘资格资质变更证明’等相关证明材料。（如有）,315,315,tender_conditional,assets/template_words/包1_完整招标文件_92475576192439826/SL2655招标文件-预审.docx,投标人自述的企业名称变更原因说明、市场监督管理部门出具的‘名称变更证明’相关证明材料、有权机构出具的‘资格资质变更证明’等相关证明材料。（如有）,normalized_exact,0.98,source_matched,正式证据包候选,,,,,"[""物资类通用""]",,needs_review,historical_reference_skeleton_candidate,review_only,false,,,,,,,,,12917d8944ccfe7b80985c7a7ab4ce2eac7aac6d388ea692f3d187dd9a4c5473,
business-chapter-051,business,chapter,business-chapter-051,2,9.,9.制造商授权委托书（本批次不适用）,9.制造商授权委托书（本批次不适用）,assets/template_words/商务补充文件.docx,(三)补充文件 / 9.制造商授权委托书（本批次不适用）,316,316,tender_conditional,assets/template_words/包1_完整招标文件_92475576192439826/SL2655招标文件-预审.docx,制造商授权委托书,normalized_exact,0.98,source_matched,泰昌可复用企业事实,,,,,"[""物资类通用""]",,needs_review,historical_reference_skeleton_candidate,review_only,false,,,,,,,,,f5db427706e40cc46f1ba24db8070c9d00b8ead7dedec1429e1647bd20297222,
business-chapter-052,business,chapter,business-chapter-052,2,10.,10.供应商关于配合开展资质能力信息核实的承诺函,10.供应商关于配合开展资质能力信息核实的承诺函,assets/template_words/商务补充文件.docx,(三)补充文件 / 10.供应商关于配合开展资质能力信息核实的承诺函,317,317,tender_mandated,assets/template_words/包1_完整招标文件_92475576192439826/SL2655招标文件-预审.docx,供应商关于配合开展资质能力信息核实的承诺函,normalized_exact,0.98,source_matched,项目专属响应/承诺/偏差,,,,,"[""物资类通用""]",,needs_review,historical_reference_skeleton_candidate,review_only,false,,,,,,,,,37ad0e8a44b6a5c69f5444fccfc5264fd6e9885965b49e61e865063d2598815d,
business-media-0331,business,media,business-chapter-052,2,10.,10.供应商关于配合开展资质能力信息核实的承诺函,,assets/template_words/商务补充文件.docx,(三)补充文件 / 10.供应商关于配合开展资质能力信息核实的承诺函,318,318,tender_mandated,assets/template_words/包1_完整招标文件_92475576192439826/SL2655招标文件-预审.docx,供应商关于配合开展资质能力信息核实的承诺函,normalized_exact,0.98,source_matched,项目专属响应/承诺/偏差,,,,,"[""物资类通用""]",,needs_review,inventory_only_needs_original_evidence_or_manual_promotion,review_only,false,,,,rId10,word/media/image2.png,4c8dd0dc0bdac2ff1a4980e1eae6d53c5a1c5b65a2e79aa793d44c399d51cd47,339,346,4c8dd0dc0bdac2ff1a4980e1eae6d53c5a1c5b65a2e79aa793d44c399d51cd47,Word内嵌媒体未导出；不得直接提升为正式图片资产
business-chapter-053,business,chapter,business-chapter-053,2,11.,11.公章对投标专用章授权书,11.公章对投标专用章授权书,assets/template_words/商务补充文件.docx,(三)补充文件 / 11.公章对投标专用章授权书,318,318,tender_mandated,assets/template_words/包1_完整招标文件_92475576192439826/SL2655招标文件-预审.docx,公章对投标专用章授权书,normalized_exact,0.98,source_matched,敏感/限制/待复核内容,,,,,"[""物资类通用""]",,needs_review,historical_reference_skeleton_candidate,review_only,false,,,,,,,,,f3a929a382ff11e9734659a36ae66c1b00e5c12283f047ee9a0da20c5ec962f5,
business-chapter-054,business,chapter,business-chapter-054,2,12.,12.其他,,assets/template_words/商务补充文件.docx,(三)补充文件 / 12.其他,319,319,tender_mandated,assets/template_words/包1_完整招标文件_92475576192439826/SL2655招标文件-预审.docx,其他,normalized_exact,0.98,source_matched,泰昌可复用企业事实,,,,,"[""物资类通用""]",,needs_review,historical_reference_skeleton_candidate,review_only,false,,,,,,,,,5c8422b8cce7d18b276e33c1cb30c94a8f2e23df79271181f227a35b3bb31f4c,
business-chapter-055,business,chapter,business-chapter-055,3,12.1.,12.1.发明专利证书,12.1.发明专利证书,assets/template_words/商务补充文件.docx,(三)补充文件 / 12.其他 / 12.1.发明专利证书,319,319,reference_layout_only,assets/template_words/包1_完整招标文件_92475576192439826/SL2655招标文件-预审.docx,,evidence_layout_heuristic,0.68,needs_manual_review,正式证据包候选,,,,,"[""物资类通用""]",,needs_review,manual_review_before_skeleton_reuse,review_only,false,,,,,,,,,11ea6d938b41fd5d6a1d1ab6086bc17a9ec94de0057c68f85b3379f79ac617e4,
business-media-0332,business,media,business-chapter-055,3,12.1.,12.1.发明专利证书,,assets/template_words/商务补充文件.docx,(三)补充文件 / 12.其他 / 12.1.发明专利证书,319,319,reference_layout_only,assets/template_words/包1_完整招标文件_92475576192439826/SL2655招标文件-预审.docx,,evidence_layout_heuristic,0.68,needs_manual_review,正式证据包候选,,,,,"[""物资类通用""]",,needs_review,inventory_only_needs_original_evidence_or_manual_promotion,review_only,false,,,,rId338,word/media/image330.jpeg,6251cfac24d45e78658b397a98f19386714dce683db252b72fbd4810d15113cc,2117,2994,6251cfac24d45e78658b397a98f19386714dce683db252b72fbd4810d15113cc,Word内嵌媒体未导出；不得直接提升为正式图片资产
business-chapter-056,business,chapter,business-chapter-056,3,12.2.,12.2.中华人民共和国国家版权局计算机软件著作权登记证书,12.2.中华人民共和国国家版权局计算机软件著作权登记证书,assets/template_words/商务补充文件.docx,(三)补充文件 / 12.其他 / 12.2.中华人民共和国国家版权局计算机软件著作权登记证书,320,320,reference_layout_only,assets/template_words/包1_完整招标文件_92475576192439826/SL2655招标文件-预审.docx,,evidence_layout_heuristic,0.68,needs_manual_review,正式证据包候选,,,,,"[""物资类通用""]",,needs_review,manual_review_before_skeleton_reuse,review_only,false,,,,,,,,,6c7d6ed1c91cb2cb9e60a26ed30cfed564a919cfceb0ba04de7340ce9db6fe48,
business-media-0333,business,media,business-chapter-056,3,12.2.,12.2.中华人民共和国国家版权局计算机软件著作权登记证书,,assets/template_words/商务补充文件.docx,(三)补充文件 / 12.其他 / 12.2.中华人民共和国国家版权局计算机软件著作权登记证书,321,321,reference_layout_only,assets/template_words/包1_完整招标文件_92475576192439826/SL2655招标文件-预审.docx,,evidence_layout_heuristic,0.68,needs_manual_review,正式证据包候选,,,,,"[""物资类通用""]",,needs_review,inventory_only_needs_original_evidence_or_manual_promotion,review_only,false,,,,rId339,word/media/image331.jpeg,b09b31bd7db402c5abf517b3981914d84593055241f8a460954c2e5aba86b083,744,1007,b09b31bd7db402c5abf517b3981914d84593055241f8a460954c2e5aba86b083,Word内嵌媒体未导出；不得直接提升为正式图片资产
business-chapter-057,business,chapter,business-chapter-057,3,12.3.,12.3.河北省守合同重信用企业,,assets/template_words/商务补充文件.docx,(三)补充文件 / 12.其他 / 12.3.河北省守合同重信用企业,321,321,uncertain,assets/template_words/包1_完整招标文件_92475576192439826/SL2655招标文件-预审.docx,,none,0.35,needs_manual_review,泰昌可复用企业事实,,,,,"[""物资类通用""]",,needs_review,manual_review_before_skeleton_reuse,review_only,false,,,,,,,,,2b5a7b7aeb973ca548895f9812f5f9bb23c144847af18cd5df4ccb2f7a622beb,
business-media-0334,business,media,business-chapter-057,3,12.3.,12.3.河北省守合同重信用企业,,assets/template_words/商务补充文件.docx,(三)补充文件 / 12.其他 / 12.3.河北省守合同重信用企业,322,322,uncertain,assets/template_words/包1_完整招标文件_92475576192439826/SL2655招标文件-预审.docx,,none,0.35,needs_manual_review,泰昌可复用企业事实,,,,,"[""物资类通用""]",,needs_review,inventory_only_needs_original_evidence_or_manual_promotion,review_only,false,,,,rId340,word/media/image332.jpeg,411e6303bf345711d09a217d21f6273b0f2d2910822c8f03d84cd9cf2a20155d,1154,869,411e6303bf345711d09a217d21f6273b0f2d2910822c8f03d84cd9cf2a20155d,Word内嵌媒体未导出；不得直接提升为正式图片资产
business-chapter-058,business,chapter,business-chapter-058,3,12.4.,12.4.中国裁判文书网查询截图,12.4.中国裁判文书网查询截图,assets/template_words/商务补充文件.docx,(三)补充文件 / 12.其他 / 12.4.中国裁判文书网查询截图,322,322,reference_layout_only,assets/template_words/包1_完整招标文件_92475576192439826/SL2655招标文件-预审.docx,,evidence_layout_heuristic,0.68,needs_manual_review,正式证据包候选,,,,,"[""物资类通用""]",,needs_review,manual_review_before_skeleton_reuse,review_only,false,,,,,,,,,fa9933f605bb1d1f8da26270a05b7eeda8be01560ee7bf85cdbcf59fa452f84e,
business-media-0335,business,media,business-chapter-058,3,12.4.,12.4.中国裁判文书网查询截图,,assets/template_words/商务补充文件.docx,(三)补充文件 / 12.其他 / 12.4.中国裁判文书网查询截图,323,323,reference_layout_only,assets/template_words/包1_完整招标文件_92475576192439826/SL2655招标文件-预审.docx,,evidence_layout_heuristic,0.68,needs_manual_review,正式证据包候选,,,,,"[""物资类通用""]",,needs_review,inventory_only_needs_original_evidence_or_manual_promotion,review_only,false,,,,rId341,word/media/image333.png,b84574ed438102c502c2e5f780c78db8cf71b3e37dcf19eada55eb9c947fb5a7,1270,626,b84574ed438102c502c2e5f780c78db8cf71b3e37dcf19eada55eb9c947fb5a7,Word内嵌媒体未导出；不得直接提升为正式图片资产
business-media-0336,business,media,business-chapter-058,3,12.4.,12.4.中国裁判文书网查询截图,,assets/template_words/商务补充文件.docx,(三)补充文件 / 12.其他 / 12.4.中国裁判文书网查询截图,323,323,reference_layout_only,assets/template_words/包1_完整招标文件_92475576192439826/SL2655招标文件-预审.docx,,evidence_layout_heuristic,0.68,needs_manual_review,正式证据包候选,,,,,"[""物资类通用""]",,needs_review,inventory_only_needs_original_evidence_or_manual_promotion,review_only,false,,,,rId342,word/media/image334.png,0d3729728a514f965ef671ad22f7928c028e3032155ec2ab0d2df1f7a54c875e,1269,634,0d3729728a514f965ef671ad22f7928c028e3032155ec2ab0d2df1f7a54c875e,Word内嵌媒体未导出；不得直接提升为正式图片资产
business-chapter-059,business,chapter,business-chapter-059,3,12.5.,12.5.中国执行信息公开网查询截图,,assets/template_words/商务补充文件.docx,(三)补充文件 / 12.其他 / 12.5.中国执行信息公开网查询截图,323,323,reference_layout_only,assets/template_words/包1_完整招标文件_92475576192439826/SL2655招标文件-预审.docx,,evidence_layout_heuristic,0.68,needs_manual_review,正式证据包候选,,,,,"[""物资类通用""]",,needs_review,manual_review_before_skeleton_reuse,review_only,false,,,,,,,,,04bafb19a976700f2ac33daa0531674a0fde24e80b9b72ebadd134fe76bf0fcb,
business-media-0337,business,media,business-chapter-059,3,12.5.,12.5.中国执行信息公开网查询截图,,assets/template_words/商务补充文件.docx,(三)补充文件 / 12.其他 / 12.5.中国执行信息公开网查询截图,324,324,reference_layout_only,assets/template_words/包1_完整招标文件_92475576192439826/SL2655招标文件-预审.docx,,evidence_layout_heuristic,0.68,needs_manual_review,正式证据包候选,,,,,"[""物资类通用""]",,needs_review,inventory_only_needs_original_evidence_or_manual_promotion,review_only,false,,,,rId343,word/media/image335.jpg,41e352174d36eaae72e996245bc9f46eb415da89c453d4cd8ba346378d4abbd3,896,785,41e352174d36eaae72e996245bc9f46eb415da89c453d4cd8ba346378d4abbd3,Word内嵌媒体未导出；不得直接提升为正式图片资产
business-media-0338,business,media,business-chapter-059,3,12.5.,12.5.中国执行信息公开网查询截图,,assets/template_words/商务补充文件.docx,(三)补充文件 / 12.其他 / 12.5.中国执行信息公开网查询截图,324,324,reference_layout_only,assets/template_words/包1_完整招标文件_92475576192439826/SL2655招标文件-预审.docx,,evidence_layout_heuristic,0.68,needs_manual_review,正式证据包候选,,,,,"[""物资类通用""]",,needs_review,inventory_only_needs_original_evidence_or_manual_promotion,review_only,false,,,,rId344,word/media/image336.jpg,297f4a024b03bce2e6538af56b13dcfe6c18253dac16326635551a233c38cc53,908,788,297f4a024b03bce2e6538af56b13dcfe6c18253dac16326635551a233c38cc53,Word内嵌媒体未导出；不得直接提升为正式图片资产
business-chapter-060,business,chapter,business-chapter-060,3,12.6.,12.6.一般纳税人查询截图,,assets/template_words/商务补充文件.docx,(三)补充文件 / 12.其他 / 12.6.一般纳税人查询截图,324,324,reference_layout_only,assets/template_words/包1_完整招标文件_92475576192439826/SL2655招标文件-预审.docx,,evidence_layout_heuristic,0.68,needs_manual_review,正式证据包候选,,,,,"[""物资类通用""]",,needs_review,manual_review_before_skeleton_reuse,review_only,false,,,,,,,,,d6f6a501c7c860ce45a8925b609e66d9e188afcffcc69be863caf02ecdbd77cb,
business-media-0339,business,media,business-chapter-060,3,12.6.,12.6.一般纳税人查询截图,,assets/template_words/商务补充文件.docx,(三)补充文件 / 12.其他 / 12.6.一般纳税人查询截图,325,325,reference_layout_only,assets/template_words/包1_完整招标文件_92475576192439826/SL2655招标文件-预审.docx,,evidence_layout_heuristic,0.68,needs_manual_review,正式证据包候选,,,,,"[""物资类通用""]",,needs_review,inventory_only_needs_original_evidence_or_manual_promotion,review_only,false,,,,rId345,word/media/image337.png,8eb61530c18d11fa15a2319e9da9a3497c13726c561732fe3b0c060147074d69,1673,536,8eb61530c18d11fa15a2319e9da9a3497c13726c561732fe3b0c060147074d69,Word内嵌媒体未导出；不得直接提升为正式图片资产
business-media-0340,business,media,business-chapter-060,3,12.6.,12.6.一般纳税人查询截图,,assets/template_words/商务补充文件.docx,(三)补充文件 / 12.其他 / 12.6.一般纳税人查询截图,325,325,reference_layout_only,assets/template_words/包1_完整招标文件_92475576192439826/SL2655招标文件-预审.docx,,evidence_layout_heuristic,0.68,needs_manual_review,正式证据包候选,,,,,"[""物资类通用""]",,needs_review,inventory_only_needs_original_evidence_or_manual_promotion,review_only,false,,,,rId346,word/media/image338.png,e2b35314ada5ca6665049aa59f06e50e4bd7ac62a96768f7429137db091d3110,508,532,e2b35314ada5ca6665049aa59f06e50e4bd7ac62a96768f7429137db091d3110,Word内嵌媒体未导出；不得直接提升为正式图片资产
business-chapter-061,business,chapter,business-chapter-061,1,（四）,（四）法定代表人（单位负责人）权委托书,（四）法定代表人（单位负责人）权委托书,assets/template_words/商务补充文件.docx,（四）法定代表人（单位负责人）权委托书,325,325,tender_mandated,assets/template_words/包1_完整招标文件_92475576192439826/SL2655招标文件-预审.docx,（四）法定代表人（单位负责人）权委托书（上传投标工具路径：商务文件-选择分标-按钮“编辑”-“法定代表人授权委托书批量管理”-按钮“文件上传”）,normalized_exact,0.98,source_matched,泰昌可复用企业事实,,,,,"[""物资类通用""]",,needs_review,historical_reference_skeleton_candidate,review_only,false,,,,,,,,,c772be7967e01c546ff5623dc2feab21b5a2a52901fa8773bbc3b9d7f3a5cde2,
business-media-0341,business,media,business-chapter-061,1,（四）,（四）法定代表人（单位负责人）权委托书,,assets/template_words/商务补充文件.docx,（四）法定代表人（单位负责人）权委托书,325,325,tender_mandated,assets/template_words/包1_完整招标文件_92475576192439826/SL2655招标文件-预审.docx,（四）法定代表人（单位负责人）权委托书（上传投标工具路径：商务文件-选择分标-按钮“编辑”-“法定代表人授权委托书批量管理”-按钮“文件上传”）,normalized_exact,0.98,source_matched,泰昌可复用企业事实,,,,,"[""物资类通用""]",,needs_review,inventory_only_needs_original_evidence_or_manual_promotion,review_only,false,,,,rId347,word/media/image339.jpeg,15595b8ff2874c78b0bab8cbfa0fb5c043a3a2ab761e5e07d9fb0367aee3914a,794,1123,15595b8ff2874c78b0bab8cbfa0fb5c043a3a2ab761e5e07d9fb0367aee3914a,Word内嵌媒体未导出；不得直接提升为正式图片资产
