candidate_id,bid_volume,record_type,chapter_id,chapter_level,chapter_number,title,form_name,source_file,source_section,source_page,source_page_end,origin_type,source_tender_file,source_clause,match_method,confidence,review_status,content_role,fact_kind,evidence_strength,parameter_value_type,applicable_product,applicable_material,report_or_certificate_no,validity_status,reuse_decision,quality_tier,allowed_for_bid,table_index,table_rows,table_columns,media_relationship_id,media_target,media_sha256,media_width,media_height,content_sha256,notes
technical-fact-0001,technical,fact_candidate,,,,历史项目招标编号 SL265A,,assets/template_words/技术补充文件.docx,未归入章节,1,1,uncertain,assets/template_words/包1_完整招标文件_92475576192439826/SL2655招标文件-预审.docx,,none,0.2,needs_manual_review,泰昌历史编制内容候选,project_identifier,historical_document_text,not_a_parameter_value,[],"[""物资类通用""]",SL265A,project_conflict_check_required,project_specific_do_not_reuse,review_only,false,,,,,,,,,1da507cb8ca761d8e60d300c90d82705f6b7d5fdcecbced2456de38fa79e2b3c,项目专属字段；生成新标书时必须由本次招标文件覆盖
technical-media-0001,technical,media,,,,历史标书内嵌媒体,,assets/template_words/技术补充文件.docx,未归入章节,1,1,uncertain,assets/template_words/包1_完整招标文件_92475576192439826/SL2655招标文件-预审.docx,,none,0.2,needs_manual_review,泰昌历史编制内容候选,,,,,"[""物资类通用""]",,needs_review,inventory_only_needs_original_evidence_or_manual_promotion,review_only,false,,,,rId9,word/media/image1.png,da2418eb84c5b466c62f92b2c08defbee1aa3eb16f09ef3d414132378b0987b2,173,90,da2418eb84c5b466c62f92b2c08defbee1aa3eb16f09ef3d414132378b0987b2,Word内嵌媒体未导出；不得直接提升为正式图片资产
technical-chapter-001,technical,chapter,technical-chapter-001,1,（一）,（一）技术偏差表,（一）技术偏差表,assets/template_words/技术补充文件.docx,（一）技术偏差表,4,4,tender_mandated,assets/template_words/包1_完整招标文件_92475576192439826/SL2655招标文件-预审.docx,技术偏差表,normalized_exact,0.98,source_matched,项目专属响应/承诺/偏差,,,,,"[""物资类通用""]",,needs_review,historical_reference_skeleton_candidate,review_only,false,,,,,,,,,161966403baa284ec56931c415cfe5e681336f94316c32e4c3d02d90629d3960,
technical-chapter-002,technical,chapter,technical-chapter-002,2,1.,1.技术偏差表,1.技术偏差表,assets/template_words/技术补充文件.docx,（一）技术偏差表 / 1.技术偏差表,4,4,tender_mandated,assets/template_words/包1_完整招标文件_92475576192439826/SL2655招标文件-预审.docx,技术偏差表,normalized_exact,0.98,source_matched,项目专属响应/承诺/偏差,,,,,"[""物资类通用""]",,needs_review,historical_reference_skeleton_candidate,review_only,false,,,,,,,,,32230dba9a14b3f20aacc1c9a9727fcc6160090923f1c304600ebc4ce09e6423,
technical-fact-0002,technical,fact_candidate,technical-chapter-002,2,1.,历史项目招标编号 SL265,,assets/template_words/技术补充文件.docx,（一）技术偏差表 / 1.技术偏差表,4,4,tender_mandated,assets/template_words/包1_完整招标文件_92475576192439826/SL2655招标文件-预审.docx,技术偏差表,normalized_exact,0.98,source_matched,泰昌历史编制内容候选,project_identifier,historical_document_text,not_a_parameter_value,"[""架空绝缘导线""]","[""架空绝缘导线""]",SL265,project_conflict_check_required,project_specific_do_not_reuse,review_only,false,,,,,,,,,738feab51fe7e166450efd6b11cc5871ec72e2ba8f1234721608c3582c2b4a70,项目专属字段；生成新标书时必须由本次招标文件覆盖
technical-fact-0003,technical,fact_candidate,technical-chapter-002,2,1.,历史项目招标编号 SL265A,,assets/template_words/技术补充文件.docx,（一）技术偏差表 / 1.技术偏差表,4,4,tender_mandated,assets/template_words/包1_完整招标文件_92475576192439826/SL2655招标文件-预审.docx,技术偏差表,normalized_exact,0.98,source_matched,泰昌历史编制内容候选,project_identifier,historical_document_text,not_a_parameter_value,"[""架空绝缘导线""]","[""架空绝缘导线""]",SL265A,project_conflict_check_required,project_specific_do_not_reuse,review_only,false,,,,,,,,,1da507cb8ca761d8e60d300c90d82705f6b7d5fdcecbced2456de38fa79e2b3c,项目专属字段；生成新标书时必须由本次招标文件覆盖
technical-fact-0004,technical,fact_candidate,technical-chapter-002,2,1.,候选产品规格 200,,assets/template_words/技术补充文件.docx,（一）技术偏差表 / 1.技术偏差表,4,4,tender_mandated,assets/template_words/包1_完整招标文件_92475576192439826/SL2655招标文件-预审.docx,技术偏差表,normalized_exact,0.98,source_matched,产品事实与结构化参数,candidate_product_spec,historical_product_list_only,product_list_specification,"[""架空绝缘导线""]","[""架空绝缘导线""]",200,coverage_unconfirmed,verify_report_and_current_goods_list_coverage,review_only,false,,,,,,,,,1e0dbd60795ef883369a0e31cb3f16ad10beca7cfe04248e2b9c2bacdff0ddef,产品清单规格不等于该规格已有检验报告支持
technical-table-001,technical,table,technical-chapter-002,2,1.,1.技术偏差表,1.技术偏差表,assets/template_words/技术补充文件.docx,（一）技术偏差表 / 1.技术偏差表,4,4,tender_mandated,assets/template_words/包1_完整招标文件_92475576192439826/SL2655招标文件-预审.docx,技术偏差表,normalized_exact,0.98,source_matched,项目专属响应/承诺/偏差,,,,,"[""物资类通用""]",,needs_review,preserve_structure_review_before_reuse,review_only,false,1,4,5,,,,,,900f2c33ae86c7da7111bb86b3b13f4f0930bd34271afa904056c87159b9b531,首行：序号 | 偏差事项 | 招标文件要求 | 投标文件响应 | 偏差说明
technical-chapter-003,technical,chapter,technical-chapter-003,1,（二）,（二）专项投标文件,,assets/template_words/技术补充文件.docx,（二）专项投标文件,5,5,tender_mandated,assets/template_words/包1_完整招标文件_92475576192439826/SL2655招标文件-预审.docx,专项投标文件,normalized_exact,0.98,source_matched,泰昌历史编制内容候选,,,,,"[""物资类通用""]",,needs_review,historical_reference_skeleton_candidate,review_only,false,,,,,,,,,59478a79ce1fa94919b44c147d813e5dbf02662dc9dbcef22807b3e2d5abbfe5,
technical-chapter-004,technical,chapter,technical-chapter-004,2,1.,1.业绩文件,,assets/template_words/技术补充文件.docx,（二）专项投标文件 / 1.业绩文件,5,5,tender_mandated,assets/template_words/包1_完整招标文件_92475576192439826/SL2655招标文件-预审.docx,业绩文件,normalized_exact,0.98,source_matched,泰昌历史编制内容候选,,,,,"[""物资类通用""]",,needs_review,historical_reference_skeleton_candidate,review_only,false,,,,,,,,,25cf18807d7ab589d998e7d739f1e8e9c41b5883b5a26859f758db8e2b13a33f,
technical-chapter-005,technical,chapter,technical-chapter-005,3,1.1.,1.1.资格预审通知书,1.1.资格预审通知书,assets/template_words/技术补充文件.docx,（二）专项投标文件 / 1.业绩文件 / 1.1.资格预审通知书,5,5,reference_layout_only,assets/template_words/包1_完整招标文件_92475576192439826/SL2655招标文件-预审.docx,,evidence_layout_heuristic,0.68,needs_manual_review,正式证据包候选,,,,,"[""物资类通用""]",,needs_review,manual_review_before_skeleton_reuse,review_only,false,,,,,,,,,6151f1fd4e2c13649af20c673d26127ad3caa25807a504028b77c323498d6b61,
technical-media-0002,technical,media,technical-chapter-005,3,1.1.,1.1.资格预审通知书,,assets/template_words/技术补充文件.docx,（二）专项投标文件 / 1.业绩文件 / 1.1.资格预审通知书,5,5,reference_layout_only,assets/template_words/包1_完整招标文件_92475576192439826/SL2655招标文件-预审.docx,,evidence_layout_heuristic,0.68,needs_manual_review,正式证据包候选,,,,,"[""物资类通用""]",,needs_review,inventory_only_needs_original_evidence_or_manual_promotion,review_only,false,,,,rId10,word/media/image2.jpeg,024217890bffe91af9a61079590d6b6538f9b6d5713a1c4c4744cc6eb1eeac24,1654,2339,024217890bffe91af9a61079590d6b6538f9b6d5713a1c4c4744cc6eb1eeac24,Word内嵌媒体未导出；不得直接提升为正式图片资产
technical-chapter-006,technical,chapter,technical-chapter-006,2,2.,2.技术特性参数表,2.技术特性参数表,assets/template_words/技术补充文件.docx,（二）专项投标文件 / 2.技术特性参数表,6,6,tender_mandated,assets/template_words/包1_完整招标文件_92475576192439826/SL2655招标文件-预审.docx,技术特性参数表,normalized_exact,0.98,source_matched,产品事实与结构化参数,,,,,"[""物资类通用""]",,needs_review,historical_reference_skeleton_candidate,review_only,false,,,,,,,,,81242f4cc6f8f612b750d0c924a5800511f0e5b17b031b94c1e9cc038cfaedf8,
technical-table-002,technical,table,technical-chapter-006,2,2.,2.技术特性参数表,2.技术特性参数表,assets/template_words/技术补充文件.docx,（二）专项投标文件 / 2.技术特性参数表,7,7,tender_mandated,assets/template_words/包1_完整招标文件_92475576192439826/SL2655招标文件-预审.docx,技术特性参数表,normalized_exact,0.98,source_matched,产品事实与结构化参数,,,,,"[""物资类通用""]",,needs_review,preserve_structure_review_before_reuse,review_only,false,2,7,5,,,,,,f78b859a5060481f94322bc774a19d14b7f8b43291fa3ace909d13c2600a84aa,首行：技术特性参数表 项目名称： 国家电网有限公司 2026 年西北、西藏区域第一次联合采购 10kV 电力电缆、架空绝缘导线协议库存公开招标采购项目 项目 编号： SL265 分标名称： 1kV 架空绝缘导线 - 新疆 分标编号： SL265A-1402005-0007
technical-fact-0005,technical,fact_candidate,technical-chapter-006,2,2.,历史项目招标编号 SL265,,assets/template_words/技术补充文件.docx,（二）专项投标文件 / 2.技术特性参数表,7,7,tender_mandated,assets/template_words/包1_完整招标文件_92475576192439826/SL2655招标文件-预审.docx,技术特性参数表,normalized_exact,0.98,source_matched,泰昌历史编制内容候选,project_identifier,historical_document_text,not_a_parameter_value,"[""架空绝缘导线""]","[""架空绝缘导线""]",SL265,project_conflict_check_required,project_specific_do_not_reuse,review_only,false,,,,,,,,,738feab51fe7e166450efd6b11cc5871ec72e2ba8f1234721608c3582c2b4a70,项目专属字段；生成新标书时必须由本次招标文件覆盖
technical-fact-0006,technical,fact_candidate,technical-chapter-006,2,2.,历史项目招标编号 SL265A,,assets/template_words/技术补充文件.docx,（二）专项投标文件 / 2.技术特性参数表,7,7,tender_mandated,assets/template_words/包1_完整招标文件_92475576192439826/SL2655招标文件-预审.docx,技术特性参数表,normalized_exact,0.98,source_matched,泰昌历史编制内容候选,project_identifier,historical_document_text,not_a_parameter_value,"[""架空绝缘导线""]","[""架空绝缘导线""]",SL265A,project_conflict_check_required,project_specific_do_not_reuse,review_only,false,,,,,,,,,1da507cb8ca761d8e60d300c90d82705f6b7d5fdcecbced2456de38fa79e2b3c,项目专属字段；生成新标书时必须由本次招标文件覆盖
technical-fact-0007,technical,fact_candidate,technical-chapter-006,2,2.,候选产品规格 200,,assets/template_words/技术补充文件.docx,（二）专项投标文件 / 2.技术特性参数表,7,7,tender_mandated,assets/template_words/包1_完整招标文件_92475576192439826/SL2655招标文件-预审.docx,技术特性参数表,normalized_exact,0.98,source_matched,产品事实与结构化参数,candidate_product_spec,historical_product_list_only,product_list_specification,"[""架空绝缘导线""]","[""架空绝缘导线""]",200,coverage_unconfirmed,verify_report_and_current_goods_list_coverage,review_only,false,,,,,,,,,1e0dbd60795ef883369a0e31cb3f16ad10beca7cfe04248e2b9c2bacdff0ddef,产品清单规格不等于该规格已有检验报告支持
technical-fact-0008,technical,fact_candidate,technical-chapter-006,2,2.,泰昌电力公司 完全响应 本技术规范要求，提供的产品和方案按照国家标准执行，完全符合招标文件要求，满足招标人的需求。,,assets/template_words/技术补充文件.docx,（二）专项投标文件 / 2.技术特性参数表,7,7,tender_mandated,assets/template_words/包1_完整招标文件_92475576192439826/SL2655招标文件-预审.docx,技术特性参数表,normalized_exact,0.98,source_matched,项目专属响应/承诺/偏差,generic_response,generic_statement_only,generic_response_not_value,[],"[""物资类通用""]",,not_parameter_evidence,do_not_write_to_parameter_layer,review_only,false,,,,,,,,,69c826016ac2d6ec22ad9ee3dabdad87233cf80e1f5b0bdf06493b7bfc8c9b5f,笼统响应不构成投标保证值或检验报告实测值
technical-chapter-007,technical,chapter,technical-chapter-007,3,,（G004-500013634-00006）,,assets/template_words/技术补充文件.docx,（二）专项投标文件 / 2.技术特性参数表 / （G004-500013634-00006）,6,11,uncertain,assets/template_words/包1_完整招标文件_92475576192439826/SL2655招标文件-预审.docx,,none,0.35,needs_manual_review,泰昌历史编制内容候选,,,,,"[""物资类通用""]",,needs_review,manual_review_before_skeleton_reuse,review_only,false,,,,,,,,,cc0b2ae23070d44c27bcb15e890f8ba13435415c55d5a20feafb3169636cbfc1,
technical-fact-0009,technical,fact_candidate,technical-chapter-007,3,,固化ID G004-500013634-00006,,assets/template_words/技术补充文件.docx,（二）专项投标文件 / 2.技术特性参数表 / （G004-500013634-00006）,6,6,uncertain,assets/template_words/包1_完整招标文件_92475576192439826/SL2655招标文件-预审.docx,,none,0.35,needs_manual_review,泰昌历史编制内容候选,fixed_parameter_id,historical_document_text,identifier_only,[],"[""物资类通用""]",G004-500013634-00006,applicability_needs_tender_confirmation,match_current_tender_before_use,review_only,false,,,,,,,,,a6d6fce1ba5ac529f14e53f212bbaae5caf418d22f0107f227f2f7bde19a96d0,固化ID不得跨物料、跨批次直接复用
technical-table-003,technical,table,technical-chapter-007,3,,（G004-500013634-00006）,,assets/template_words/技术补充文件.docx,（二）专项投标文件 / 2.技术特性参数表 / （G004-500013634-00006）,6,6,uncertain,assets/template_words/包1_完整招标文件_92475576192439826/SL2655招标文件-预审.docx,,none,0.35,needs_manual_review,泰昌历史编制内容候选,,,,,"[""物资类通用""]",,needs_review,preserve_structure_review_before_reuse,review_only,false,3,2,4,,,,,,8820eda450fddddaca6d85a038ef4dac515e042c236b42f982824a2611381648,首行：序号 | 名称 | 项目需求值或表述 | 投标人保证值
technical-fact-0010,technical,fact_candidate,technical-chapter-007,3,,泰昌电力公司完全响应本技术规范要求，提供的产品和方案按照国家标准执行，完全符合招标文件要求，满足招标人的需求。,,assets/template_words/技术补充文件.docx,（二）专项投标文件 / 2.技术特性参数表 / （G004-500013634-00006）,6,6,uncertain,assets/template_words/包1_完整招标文件_92475576192439826/SL2655招标文件-预审.docx,,none,0.35,needs_manual_review,项目专属响应/承诺/偏差,generic_response,generic_statement_only,generic_response_not_value,[],"[""物资类通用""]",,not_parameter_evidence,do_not_write_to_parameter_layer,review_only,false,,,,,,,,,0b6d35c74b2ac0b0920bdab67695658fa0b8ea76b4545bbf5485503b46924ada,笼统响应不构成投标保证值或检验报告实测值
technical-table-004,technical,table,technical-chapter-007,3,,（G004-500013634-00006）,,assets/template_words/技术补充文件.docx,（二）专项投标文件 / 2.技术特性参数表 / （G004-500013634-00006）,9,9,uncertain,assets/template_words/包1_完整招标文件_92475576192439826/SL2655招标文件-预审.docx,,none,0.35,needs_manual_review,泰昌历史编制内容候选,,,,,"[""物资类通用""]",,needs_review,preserve_structure_review_before_reuse,review_only,false,4,6,7,,,,,,804e8e92fd522a5f1e7d3707c4fcaa586b4e771fd9aa1f71071a9aee3a4f3856,首行：序号 | 中类名称 | 小类名称 | 物料编码 | 物料描述 | 扩展描述 | 备注
technical-chapter-008,technical,chapter,technical-chapter-008,2,3.,3.货物组件材料配置表,3.货物组件材料配置表,assets/template_words/技术补充文件.docx,（二）专项投标文件 / 3.货物组件材料配置表,12,12,tender_mandated,assets/template_words/包1_完整招标文件_92475576192439826/SL2655招标文件-预审.docx,货物组件材料配置表,normalized_exact,0.98,source_matched,产品事实与结构化参数,,,,,"[""物资类通用""]",,needs_review,historical_reference_skeleton_candidate,review_only,false,,,,,,,,,df64bec620b4310f47e9003edb1a64b06eb87b4cd7c24d2faf49555b98c4f1b9,
technical-fact-0011,technical,fact_candidate,technical-chapter-008,2,3.,历史项目招标编号 SL265,,assets/template_words/技术补充文件.docx,（二）专项投标文件 / 3.货物组件材料配置表,13,13,tender_mandated,assets/template_words/包1_完整招标文件_92475576192439826/SL2655招标文件-预审.docx,货物组件材料配置表,normalized_exact,0.98,source_matched,泰昌历史编制内容候选,project_identifier,historical_document_text,not_a_parameter_value,"[""架空绝缘导线""]","[""架空绝缘导线""]",SL265,project_conflict_check_required,project_specific_do_not_reuse,review_only,false,,,,,,,,,738feab51fe7e166450efd6b11cc5871ec72e2ba8f1234721608c3582c2b4a70,项目专属字段；生成新标书时必须由本次招标文件覆盖
technical-fact-0012,technical,fact_candidate,technical-chapter-008,2,3.,历史项目招标编号 SL265A,,assets/template_words/技术补充文件.docx,（二）专项投标文件 / 3.货物组件材料配置表,13,13,tender_mandated,assets/template_words/包1_完整招标文件_92475576192439826/SL2655招标文件-预审.docx,货物组件材料配置表,normalized_exact,0.98,source_matched,泰昌历史编制内容候选,project_identifier,historical_document_text,not_a_parameter_value,"[""架空绝缘导线""]","[""架空绝缘导线""]",SL265A,project_conflict_check_required,project_specific_do_not_reuse,review_only,false,,,,,,,,,1da507cb8ca761d8e60d300c90d82705f6b7d5fdcecbced2456de38fa79e2b3c,项目专属字段；生成新标书时必须由本次招标文件覆盖
technical-fact-0013,technical,fact_candidate,technical-chapter-008,2,3.,候选产品规格 200,,assets/template_words/技术补充文件.docx,（二）专项投标文件 / 3.货物组件材料配置表,13,13,tender_mandated,assets/template_words/包1_完整招标文件_92475576192439826/SL2655招标文件-预审.docx,货物组件材料配置表,normalized_exact,0.98,source_matched,产品事实与结构化参数,candidate_product_spec,historical_product_list_only,product_list_specification,"[""架空绝缘导线""]","[""架空绝缘导线""]",200,coverage_unconfirmed,verify_report_and_current_goods_list_coverage,review_only,false,,,,,,,,,1e0dbd60795ef883369a0e31cb3f16ad10beca7cfe04248e2b9c2bacdff0ddef,产品清单规格不等于该规格已有检验报告支持
technical-table-005,technical,table,technical-chapter-008,2,3.,3.货物组件材料配置表,3.货物组件材料配置表,assets/template_words/技术补充文件.docx,（二）专项投标文件 / 3.货物组件材料配置表,13,13,tender_mandated,assets/template_words/包1_完整招标文件_92475576192439826/SL2655招标文件-预审.docx,货物组件材料配置表,normalized_exact,0.98,source_matched,产品事实与结构化参数,,,,,"[""物资类通用""]",,needs_review,preserve_structure_review_before_reuse,review_only,false,5,16,9,,,,,,38c7c16efa242c2ace3927ef214607bd9f1cec91adc3743f46efee88135ec45f,首行：项目单位： 国网甘肃省 电力公司、 国网宁夏电力有限公司 、 国网青海省 电力公司、 国网新疆电力有限公司 、 国网西藏电力有限公司 、 国网陕西省 电力公司 | 项目名称： 国家电网有限公司2026年西北、西藏区域第一次联合采购10kV电力电缆、架空绝缘导线协议库存公开招标采购项目
technical-chapter-009,technical,chapter,technical-chapter-009,2,4.,4.符合招标文件投标人资格要求的证明文件,,assets/template_words/技术补充文件.docx,（二）专项投标文件 / 4.符合招标文件投标人资格要求的证明文件,13,13,tender_mandated,assets/template_words/包1_完整招标文件_92475576192439826/SL2655招标文件-预审.docx,5.符合招标文件投标人资格要求的证明文件,normalized_exact,0.98,source_matched,招标原文/评分项引用,,,,,"[""物资类通用""]",,needs_review,historical_reference_skeleton_candidate,review_only,false,,,,,,,,,bcf60f49dba1c2469cb55404e50394e6025a1f585c8479bf476e4f70a2a5273a,
technical-chapter-010,technical,chapter,technical-chapter-010,3,4.1、,4.1、资格预审通知书,4.1、资格预审通知书,assets/template_words/技术补充文件.docx,（二）专项投标文件 / 4.符合招标文件投标人资格要求的证明文件 / 4.1、资格预审通知书,13,13,reference_layout_only,assets/template_words/包1_完整招标文件_92475576192439826/SL2655招标文件-预审.docx,,evidence_layout_heuristic,0.68,needs_manual_review,正式证据包候选,,,,,"[""物资类通用""]",,needs_review,manual_review_before_skeleton_reuse,review_only,false,,,,,,,,,c81de5754edc9db25f949f6102b2d0dfe3478a82f84db36a1cb16c7da426527e,
technical-media-0003,technical,media,technical-chapter-010,3,4.1、,4.1、资格预审通知书,,assets/template_words/技术补充文件.docx,（二）专项投标文件 / 4.符合招标文件投标人资格要求的证明文件 / 4.1、资格预审通知书,13,13,reference_layout_only,assets/template_words/包1_完整招标文件_92475576192439826/SL2655招标文件-预审.docx,,evidence_layout_heuristic,0.68,needs_manual_review,正式证据包候选,,,,,"[""物资类通用""]",,needs_review,inventory_only_needs_original_evidence_or_manual_promotion,review_only,false,,,,rId10,word/media/image2.jpeg,024217890bffe91af9a61079590d6b6538f9b6d5713a1c4c4744cc6eb1eeac24,1654,2339,024217890bffe91af9a61079590d6b6538f9b6d5713a1c4c4744cc6eb1eeac24,Word内嵌媒体未导出；不得直接提升为正式图片资产
technical-chapter-011,technical,chapter,technical-chapter-011,3,4.2、,4.2、资质业绩凭证单,,assets/template_words/技术补充文件.docx,（二）专项投标文件 / 4.符合招标文件投标人资格要求的证明文件 / 4.2、资质业绩凭证单,14,14,tender_mandated,assets/template_words/包1_完整招标文件_92475576192439826/SL2655招标文件-预审.docx,资质业绩凭证单,normalized_exact,0.98,source_matched,正式证据包候选,,,,,"[""物资类通用""]",,needs_review,historical_reference_skeleton_candidate,review_only,false,,,,,,,,,2563f18e18a31a5e5a951f6049234840d8b47311820ecb12fd1150fef132fa31,
technical-media-0004,technical,media,technical-chapter-011,3,4.2、,4.2、资质业绩凭证单,,assets/template_words/技术补充文件.docx,（二）专项投标文件 / 4.符合招标文件投标人资格要求的证明文件 / 4.2、资质业绩凭证单,15,15,tender_mandated,assets/template_words/包1_完整招标文件_92475576192439826/SL2655招标文件-预审.docx,资质业绩凭证单,normalized_exact,0.98,source_matched,正式证据包候选,,,,,"[""物资类通用""]",,needs_review,inventory_only_needs_original_evidence_or_manual_promotion,review_only,false,,,,rId13,word/media/image4.jpeg,6a61670906d9370c90bf69ecddf730ca9d45851420aca6cf024bedbf601168d1,1261,924,6a61670906d9370c90bf69ecddf730ca9d45851420aca6cf024bedbf601168d1,Word内嵌媒体未导出；不得直接提升为正式图片资产
technical-chapter-012,technical,chapter,technical-chapter-012,2,5.,5.针对评审要素，需要补充的其他文件,,assets/template_words/技术补充文件.docx,（二）专项投标文件 / 5.针对评审要素，需要补充的其他文件,15,15,tender_mandated,assets/template_words/包1_完整招标文件_92475576192439826/SL2655招标文件-预审.docx,针对评审要素，需要补充的其他文件,normalized_exact,0.98,source_matched,招标原文/评分项引用,,,,,"[""物资类通用""]",,needs_review,historical_reference_skeleton_candidate,review_only,false,,,,,,,,,3274f7c75b04fce7f35200b6b304e52036fc2655d97f76ea038150de5b99d164,
technical-chapter-013,technical,chapter,technical-chapter-013,3,5.1.,5.1.产品制造质量控制,,assets/template_words/技术补充文件.docx,（二）专项投标文件 / 5.针对评审要素，需要补充的其他文件 / 5.1.产品制造质量控制,15,15,tender_scoring_derived,assets/template_words/包1_完整招标文件_92475576192439826/SL2655招标文件-预审.docx,5.针对评审要素，需要补充的其他文件,parent_scoring_section,0.78,needs_manual_review,产品事实与结构化参数,,,,,"[""物资类通用""]",,needs_review,manual_review_before_skeleton_reuse,review_only,false,,,,,,,,,a14069930f004a60f00364af50efd4ba3fbdb42a15c318fa728ee9cbf03da8a8,
technical-chapter-014,technical,chapter,technical-chapter-014,4,5.1.1.,5.1.1.原材料组部件进厂检验检测措施,,assets/template_words/技术补充文件.docx,（二）专项投标文件 / 5.针对评审要素，需要补充的其他文件 / 5.1.产品制造质量控制 / 5.1.1.原材料组部件进厂检验检测措施,15,18,tender_scoring_derived,assets/template_words/包1_完整招标文件_92475576192439826/SL2655招标文件-预审.docx,5.针对评审要素，需要补充的其他文件,parent_scoring_section,0.78,needs_manual_review,产品事实与结构化参数,,,,,"[""物资类通用""]",,needs_review,manual_review_before_skeleton_reuse,review_only,false,,,,,,,,,eff4dfcff2e584d891e3cc1a89fb5bbb061fd7e646e0fd84cebea56ffb426631,
technical-fact-0014,technical,fact_candidate,technical-chapter-014,4,5.1.1.,熔体流动速率仪,,assets/template_words/技术补充文件.docx,（二）专项投标文件 / 5.针对评审要素，需要补充的其他文件 / 5.1.产品制造质量控制 / 5.1.1.原材料组部件进厂检验检测措施,16,16,tender_scoring_derived,assets/template_words/包1_完整招标文件_92475576192439826/SL2655招标文件-预审.docx,5.针对评审要素，需要补充的其他文件,parent_scoring_section,0.78,needs_manual_review,泰昌历史编制内容候选,testing_equipment_candidate,historical_bid_evidence_index,not_a_parameter_value,[],"[""物资类通用""]",熔体流动速率仪,needs_current_asset_match,deduplicate_by_equipment_model_and_management_no,review_only,false,,,,,,,,,ac26e084ccac8cc4317d365873ae9274422c34119d9f7835a26f014719f8bccf,需与现有设备资产按设备型号、管理编号和有效证据归并
technical-fact-0015,technical,fact_candidate,technical-chapter-014,4,5.1.1.,行业规范：符合JG/T 3021《埋地式排水用硬聚氯乙烯（PVC-U）管材》（MPP参考其耐腐蚀、抗冲击要求）。,,assets/template_words/技术补充文件.docx,（二）专项投标文件 / 5.针对评审要素，需要补充的其他文件 / 5.1.产品制造质量控制 / 5.1.1.原材料组部件进厂检验检测措施,17,17,tender_scoring_derived,assets/template_words/包1_完整招标文件_92475576192439826/SL2655招标文件-预审.docx,5.针对评审要素，需要补充的其他文件,parent_scoring_section,0.78,needs_manual_review,泰昌历史编制内容候选,technical_parameter_candidate,historical_bid_text_unverified,historical_numeric_text,"[""MPP""]","[""MPP""]",,needs_original_parameter_evidence,compare_structured_parameter_layer_before_use,review_only,false,,,,,,,,,0cb89c4fc37dc8408124bdbc239a93e6c32e047ca69cde6dcbbe9a82149532e0,精确数值缺少原始报告/招标条款绑定时不得进入正式参数层
technical-fact-0016,technical,fact_candidate,technical-chapter-014,4,5.1.1.,候选产品规格 50,,assets/template_words/技术补充文件.docx,（二）专项投标文件 / 5.针对评审要素，需要补充的其他文件 / 5.1.产品制造质量控制 / 5.1.1.原材料组部件进厂检验检测措施,17,17,tender_scoring_derived,assets/template_words/包1_完整招标文件_92475576192439826/SL2655招标文件-预审.docx,5.针对评审要素，需要补充的其他文件,parent_scoring_section,0.78,needs_manual_review,产品事实与结构化参数,candidate_product_spec,historical_product_list_only,product_list_specification,"[""MPP""]","[""MPP""]",50,coverage_unconfirmed,verify_report_and_current_goods_list_coverage,review_only,false,,,,,,,,,ab7aedd0a3ca63f2a33abfd79f57ce90a813bf8c589cf61967fb5e9907862003,产品清单规格不等于该规格已有检验报告支持
technical-chapter-015,technical,chapter,technical-chapter-015,4,5.1.2.,5.1.2.生产工艺/质量管控体系,,assets/template_words/技术补充文件.docx,（二）专项投标文件 / 5.针对评审要素，需要补充的其他文件 / 5.1.产品制造质量控制 / 5.1.2.生产工艺/质量管控体系,19,19,tender_scoring_derived,assets/template_words/包1_完整招标文件_92475576192439826/SL2655招标文件-预审.docx,5.针对评审要素，需要补充的其他文件,parent_scoring_section,0.78,needs_manual_review,产品事实与结构化参数,,,,,"[""物资类通用""]",,needs_review,manual_review_before_skeleton_reuse,review_only,false,,,,,,,,,dd9ba1f51a70c3b09b39f64700121a468c142fa431a23338c2b42bb0cb40de1f,
technical-chapter-016,technical,chapter,technical-chapter-016,5,5.1.2.1.,5.1.2.1. 电缆保护管MPP工艺流程,,assets/template_words/技术补充文件.docx,（二）专项投标文件 / 5.针对评审要素，需要补充的其他文件 / 5.1.产品制造质量控制 / 5.1.2.生产工艺/质量管控体系 / 5.1.2.1. 电缆保护管MPP工艺流程,19,20,tender_scoring_derived,assets/template_words/包1_完整招标文件_92475576192439826/SL2655招标文件-预审.docx,5.针对评审要素，需要补充的其他文件,parent_scoring_section,0.78,needs_manual_review,产品事实与结构化参数,,,,,"[""MPP"", ""电缆保护管""]",,needs_review,manual_review_before_skeleton_reuse,review_only,false,,,,,,,,,3dbb76e04c05e93009e0019cbc10eced54258325c1e4fd3cb9dc31568fc75477,
technical-media-0005,technical,media,technical-chapter-016,5,5.1.2.1.,5.1.2.1. 电缆保护管MPP工艺流程,,assets/template_words/技术补充文件.docx,（二）专项投标文件 / 5.针对评审要素，需要补充的其他文件 / 5.1.产品制造质量控制 / 5.1.2.生产工艺/质量管控体系 / 5.1.2.1. 电缆保护管MPP工艺流程,19,19,tender_scoring_derived,assets/template_words/包1_完整招标文件_92475576192439826/SL2655招标文件-预审.docx,5.针对评审要素，需要补充的其他文件,parent_scoring_section,0.78,needs_manual_review,产品事实与结构化参数,,,,,"[""MPP"", ""电缆保护管""]",,needs_review,inventory_only_needs_original_evidence_or_manual_promotion,review_only,false,,,,rId14,word/media/image5.jpeg,99db87ea295d372313af2af157652c8408e15dcb2a0409f4d2bfbce008e3ae04,1269,1795,99db87ea295d372313af2af157652c8408e15dcb2a0409f4d2bfbce008e3ae04,Word内嵌媒体未导出；不得直接提升为正式图片资产
technical-chapter-017,technical,chapter,technical-chapter-017,5,5.1.2.2.,5.1.2.2.电缆保护管CPVC工艺流程,,assets/template_words/技术补充文件.docx,（二）专项投标文件 / 5.针对评审要素，需要补充的其他文件 / 5.1.产品制造质量控制 / 5.1.2.生产工艺/质量管控体系 / 5.1.2.2.电缆保护管CPVC工艺流程,21,22,tender_scoring_derived,assets/template_words/包1_完整招标文件_92475576192439826/SL2655招标文件-预审.docx,5.针对评审要素，需要补充的其他文件,parent_scoring_section,0.78,needs_manual_review,产品事实与结构化参数,,,,,"[""CPVC"", ""电缆保护管""]",,needs_review,manual_review_before_skeleton_reuse,review_only,false,,,,,,,,,dabeb0cda337c286574c5949a4598b0b822e02a9660f01ebc44e11894535f9d3,
technical-media-0006,technical,media,technical-chapter-017,5,5.1.2.2.,5.1.2.2.电缆保护管CPVC工艺流程,,assets/template_words/技术补充文件.docx,（二）专项投标文件 / 5.针对评审要素，需要补充的其他文件 / 5.1.产品制造质量控制 / 5.1.2.生产工艺/质量管控体系 / 5.1.2.2.电缆保护管CPVC工艺流程,22,22,tender_scoring_derived,assets/template_words/包1_完整招标文件_92475576192439826/SL2655招标文件-预审.docx,5.针对评审要素，需要补充的其他文件,parent_scoring_section,0.78,needs_manual_review,产品事实与结构化参数,,,,,"[""CPVC"", ""电缆保护管""]",,needs_review,inventory_only_needs_original_evidence_or_manual_promotion,review_only,false,,,,rId15,word/media/image6.jpeg,009c93d2fbf3f8ef5351b3a2d19ec13a429c99a0b08a7c6abd3725a86b1716b2,1654,2339,009c93d2fbf3f8ef5351b3a2d19ec13a429c99a0b08a7c6abd3725a86b1716b2,Word内嵌媒体未导出；不得直接提升为正式图片资产
technical-chapter-018,technical,chapter,technical-chapter-018,5,5.1.2.3.,5.1.2.3.N-HAP电缆保护管工艺流程,,assets/template_words/技术补充文件.docx,（二）专项投标文件 / 5.针对评审要素，需要补充的其他文件 / 5.1.产品制造质量控制 / 5.1.2.生产工艺/质量管控体系 / 5.1.2.3.N-HAP电缆保护管工艺流程,23,23,tender_scoring_derived,assets/template_words/包1_完整招标文件_92475576192439826/SL2655招标文件-预审.docx,5.针对评审要素，需要补充的其他文件,parent_scoring_section,0.78,needs_manual_review,产品事实与结构化参数,,,,,"[""N-HAP"", ""电缆保护管""]",,needs_review,manual_review_before_skeleton_reuse,review_only,false,,,,,,,,,e13e28c52e5b4a42b82ccf809d6cd39fc501d5e639931973f3ba10e3bad2e8cd,
technical-chapter-019,technical,chapter,technical-chapter-019,5,5.1.2.4.,5.1.2.4.电缆保护管PE工艺流程,,assets/template_words/技术补充文件.docx,（二）专项投标文件 / 5.针对评审要素，需要补充的其他文件 / 5.1.产品制造质量控制 / 5.1.2.生产工艺/质量管控体系 / 5.1.2.4.电缆保护管PE工艺流程,24,24,tender_scoring_derived,assets/template_words/包1_完整招标文件_92475576192439826/SL2655招标文件-预审.docx,5.针对评审要素，需要补充的其他文件,parent_scoring_section,0.78,needs_manual_review,产品事实与结构化参数,,,,,"[""电缆保护管""]",,needs_review,manual_review_before_skeleton_reuse,review_only,false,,,,,,,,,73b3788939705204fe5b2eaef0c9eea7e10b08dbc7b7255b2d134dfa7a8e3559,
technical-chapter-020,technical,chapter,technical-chapter-020,5,5.1.2.5.,5.1.2.5.各工序控制点工艺文件,,assets/template_words/技术补充文件.docx,（二）专项投标文件 / 5.针对评审要素，需要补充的其他文件 / 5.1.产品制造质量控制 / 5.1.2.生产工艺/质量管控体系 / 5.1.2.5.各工序控制点工艺文件,25,46,tender_scoring_derived,assets/template_words/包1_完整招标文件_92475576192439826/SL2655招标文件-预审.docx,5.针对评审要素，需要补充的其他文件,parent_scoring_section,0.78,needs_manual_review,产品事实与结构化参数,,,,,"[""物资类通用""]",,needs_review,manual_review_before_skeleton_reuse,review_only,false,,,,,,,,,7f4e15ffbe97d54e18c2a4ff2c741b86a60eb691f735e6e923527f3a428865d7,
technical-media-0007,technical,media,technical-chapter-020,5,5.1.2.5.,5.1.2.5.各工序控制点工艺文件,,assets/template_words/技术补充文件.docx,（二）专项投标文件 / 5.针对评审要素，需要补充的其他文件 / 5.1.产品制造质量控制 / 5.1.2.生产工艺/质量管控体系 / 5.1.2.5.各工序控制点工艺文件,26,26,tender_scoring_derived,assets/template_words/包1_完整招标文件_92475576192439826/SL2655招标文件-预审.docx,5.针对评审要素，需要补充的其他文件,parent_scoring_section,0.78,needs_manual_review,产品事实与结构化参数,,,,,"[""物资类通用""]",,needs_review,inventory_only_needs_original_evidence_or_manual_promotion,review_only,false,,,,rId16,word/media/image7.jpeg,659e82a90ddfc09181a2411f7481e1352f7676985524c37626de319c4038c71f,554,784,659e82a90ddfc09181a2411f7481e1352f7676985524c37626de319c4038c71f,Word内嵌媒体未导出；不得直接提升为正式图片资产
technical-media-0008,technical,media,technical-chapter-020,5,5.1.2.5.,5.1.2.5.各工序控制点工艺文件,,assets/template_words/技术补充文件.docx,（二）专项投标文件 / 5.针对评审要素，需要补充的其他文件 / 5.1.产品制造质量控制 / 5.1.2.生产工艺/质量管控体系 / 5.1.2.5.各工序控制点工艺文件,26,26,tender_scoring_derived,assets/template_words/包1_完整招标文件_92475576192439826/SL2655招标文件-预审.docx,5.针对评审要素，需要补充的其他文件,parent_scoring_section,0.78,needs_manual_review,产品事实与结构化参数,,,,,"[""物资类通用""]",,needs_review,inventory_only_needs_original_evidence_or_manual_promotion,review_only,false,,,,rId17,word/media/image8.jpeg,3f3577ad327c2d683e69ba7ed371fedab3f9fdef2b92868ff56d2883a57951f8,554,784,3f3577ad327c2d683e69ba7ed371fedab3f9fdef2b92868ff56d2883a57951f8,Word内嵌媒体未导出；不得直接提升为正式图片资产
technical-media-0009,technical,media,technical-chapter-020,5,5.1.2.5.,5.1.2.5.各工序控制点工艺文件,,assets/template_words/技术补充文件.docx,（二）专项投标文件 / 5.针对评审要素，需要补充的其他文件 / 5.1.产品制造质量控制 / 5.1.2.生产工艺/质量管控体系 / 5.1.2.5.各工序控制点工艺文件,26,26,tender_scoring_derived,assets/template_words/包1_完整招标文件_92475576192439826/SL2655招标文件-预审.docx,5.针对评审要素，需要补充的其他文件,parent_scoring_section,0.78,needs_manual_review,产品事实与结构化参数,,,,,"[""物资类通用""]",,needs_review,inventory_only_needs_original_evidence_or_manual_promotion,review_only,false,,,,rId18,word/media/image9.jpeg,255bb29290085204e51f7ebde27a64deb12d03a70239f5e64d934d85f4bc1d61,554,784,255bb29290085204e51f7ebde27a64deb12d03a70239f5e64d934d85f4bc1d61,Word内嵌媒体未导出；不得直接提升为正式图片资产
technical-media-0010,technical,media,technical-chapter-020,5,5.1.2.5.,5.1.2.5.各工序控制点工艺文件,,assets/template_words/技术补充文件.docx,（二）专项投标文件 / 5.针对评审要素，需要补充的其他文件 / 5.1.产品制造质量控制 / 5.1.2.生产工艺/质量管控体系 / 5.1.2.5.各工序控制点工艺文件,26,26,tender_scoring_derived,assets/template_words/包1_完整招标文件_92475576192439826/SL2655招标文件-预审.docx,5.针对评审要素，需要补充的其他文件,parent_scoring_section,0.78,needs_manual_review,产品事实与结构化参数,,,,,"[""物资类通用""]",,needs_review,inventory_only_needs_original_evidence_or_manual_promotion,review_only,false,,,,rId19,word/media/image10.jpeg,2da7e1fc594e3f785a3ca918877e437c3bae136cb3e9815fb3862b946c98b1ed,554,784,2da7e1fc594e3f785a3ca918877e437c3bae136cb3e9815fb3862b946c98b1ed,Word内嵌媒体未导出；不得直接提升为正式图片资产
technical-media-0011,technical,media,technical-chapter-020,5,5.1.2.5.,5.1.2.5.各工序控制点工艺文件,,assets/template_words/技术补充文件.docx,（二）专项投标文件 / 5.针对评审要素，需要补充的其他文件 / 5.1.产品制造质量控制 / 5.1.2.生产工艺/质量管控体系 / 5.1.2.5.各工序控制点工艺文件,26,26,tender_scoring_derived,assets/template_words/包1_完整招标文件_92475576192439826/SL2655招标文件-预审.docx,5.针对评审要素，需要补充的其他文件,parent_scoring_section,0.78,needs_manual_review,产品事实与结构化参数,,,,,"[""物资类通用""]",,needs_review,inventory_only_needs_original_evidence_or_manual_promotion,review_only,false,,,,rId20,word/media/image11.jpeg,d0309ee31a5894123432884b38b5e7a0446009883bd3ab936a3d91384433456c,554,784,d0309ee31a5894123432884b38b5e7a0446009883bd3ab936a3d91384433456c,Word内嵌媒体未导出；不得直接提升为正式图片资产
technical-media-0012,technical,media,technical-chapter-020,5,5.1.2.5.,5.1.2.5.各工序控制点工艺文件,,assets/template_words/技术补充文件.docx,（二）专项投标文件 / 5.针对评审要素，需要补充的其他文件 / 5.1.产品制造质量控制 / 5.1.2.生产工艺/质量管控体系 / 5.1.2.5.各工序控制点工艺文件,26,26,tender_scoring_derived,assets/template_words/包1_完整招标文件_92475576192439826/SL2655招标文件-预审.docx,5.针对评审要素，需要补充的其他文件,parent_scoring_section,0.78,needs_manual_review,产品事实与结构化参数,,,,,"[""物资类通用""]",,needs_review,inventory_only_needs_original_evidence_or_manual_promotion,review_only,false,,,,rId21,word/media/image12.jpeg,2836a61a1f6ac9be97e8e8d19981f32f0878fc0e784524bb7a419aa78856b5ca,554,784,2836a61a1f6ac9be97e8e8d19981f32f0878fc0e784524bb7a419aa78856b5ca,Word内嵌媒体未导出；不得直接提升为正式图片资产
technical-media-0013,technical,media,technical-chapter-020,5,5.1.2.5.,5.1.2.5.各工序控制点工艺文件,,assets/template_words/技术补充文件.docx,（二）专项投标文件 / 5.针对评审要素，需要补充的其他文件 / 5.1.产品制造质量控制 / 5.1.2.生产工艺/质量管控体系 / 5.1.2.5.各工序控制点工艺文件,26,26,tender_scoring_derived,assets/template_words/包1_完整招标文件_92475576192439826/SL2655招标文件-预审.docx,5.针对评审要素，需要补充的其他文件,parent_scoring_section,0.78,needs_manual_review,产品事实与结构化参数,,,,,"[""物资类通用""]",,needs_review,inventory_only_needs_original_evidence_or_manual_promotion,review_only,false,,,,rId22,word/media/image13.jpeg,24cd2d27cfea760921ddaa87e11e81f48c3166b402886953abac8d858f2e9158,554,784,24cd2d27cfea760921ddaa87e11e81f48c3166b402886953abac8d858f2e9158,Word内嵌媒体未导出；不得直接提升为正式图片资产
technical-media-0014,technical,media,technical-chapter-020,5,5.1.2.5.,5.1.2.5.各工序控制点工艺文件,,assets/template_words/技术补充文件.docx,（二）专项投标文件 / 5.针对评审要素，需要补充的其他文件 / 5.1.产品制造质量控制 / 5.1.2.生产工艺/质量管控体系 / 5.1.2.5.各工序控制点工艺文件,26,26,tender_scoring_derived,assets/template_words/包1_完整招标文件_92475576192439826/SL2655招标文件-预审.docx,5.针对评审要素，需要补充的其他文件,parent_scoring_section,0.78,needs_manual_review,产品事实与结构化参数,,,,,"[""物资类通用""]",,needs_review,inventory_only_needs_original_evidence_or_manual_promotion,review_only,false,,,,rId23,word/media/image14.jpeg,73187779e13a4342e3364af6b88b44121898f44ed6c0d3cd14f40b282a5158e3,554,784,73187779e13a4342e3364af6b88b44121898f44ed6c0d3cd14f40b282a5158e3,Word内嵌媒体未导出；不得直接提升为正式图片资产
technical-media-0015,technical,media,technical-chapter-020,5,5.1.2.5.,5.1.2.5.各工序控制点工艺文件,,assets/template_words/技术补充文件.docx,（二）专项投标文件 / 5.针对评审要素，需要补充的其他文件 / 5.1.产品制造质量控制 / 5.1.2.生产工艺/质量管控体系 / 5.1.2.5.各工序控制点工艺文件,26,26,tender_scoring_derived,assets/template_words/包1_完整招标文件_92475576192439826/SL2655招标文件-预审.docx,5.针对评审要素，需要补充的其他文件,parent_scoring_section,0.78,needs_manual_review,产品事实与结构化参数,,,,,"[""物资类通用""]",,needs_review,inventory_only_needs_original_evidence_or_manual_promotion,review_only,false,,,,rId24,word/media/image15.jpeg,dcb52085fc769b2f33177065efe62641ebfa13e844019ea4f24fcc1a7e082c8f,554,784,dcb52085fc769b2f33177065efe62641ebfa13e844019ea4f24fcc1a7e082c8f,Word内嵌媒体未导出；不得直接提升为正式图片资产
technical-media-0016,technical,media,technical-chapter-020,5,5.1.2.5.,5.1.2.5.各工序控制点工艺文件,,assets/template_words/技术补充文件.docx,（二）专项投标文件 / 5.针对评审要素，需要补充的其他文件 / 5.1.产品制造质量控制 / 5.1.2.生产工艺/质量管控体系 / 5.1.2.5.各工序控制点工艺文件,26,26,tender_scoring_derived,assets/template_words/包1_完整招标文件_92475576192439826/SL2655招标文件-预审.docx,5.针对评审要素，需要补充的其他文件,parent_scoring_section,0.78,needs_manual_review,产品事实与结构化参数,,,,,"[""物资类通用""]",,needs_review,inventory_only_needs_original_evidence_or_manual_promotion,review_only,false,,,,rId25,word/media/image16.jpeg,4bccc3ea0de2e60452c6d01beaca58bccd692f27e091b48973d6d0923322528a,554,784,4bccc3ea0de2e60452c6d01beaca58bccd692f27e091b48973d6d0923322528a,Word内嵌媒体未导出；不得直接提升为正式图片资产
technical-media-0017,technical,media,technical-chapter-020,5,5.1.2.5.,5.1.2.5.各工序控制点工艺文件,,assets/template_words/技术补充文件.docx,（二）专项投标文件 / 5.针对评审要素，需要补充的其他文件 / 5.1.产品制造质量控制 / 5.1.2.生产工艺/质量管控体系 / 5.1.2.5.各工序控制点工艺文件,26,26,tender_scoring_derived,assets/template_words/包1_完整招标文件_92475576192439826/SL2655招标文件-预审.docx,5.针对评审要素，需要补充的其他文件,parent_scoring_section,0.78,needs_manual_review,产品事实与结构化参数,,,,,"[""物资类通用""]",,needs_review,inventory_only_needs_original_evidence_or_manual_promotion,review_only,false,,,,rId26,word/media/image17.jpeg,271a1543c59e6947480acf38aaf44c082a897645f5da7ad0d4662f26628d6395,554,784,271a1543c59e6947480acf38aaf44c082a897645f5da7ad0d4662f26628d6395,Word内嵌媒体未导出；不得直接提升为正式图片资产
technical-media-0018,technical,media,technical-chapter-020,5,5.1.2.5.,5.1.2.5.各工序控制点工艺文件,,assets/template_words/技术补充文件.docx,（二）专项投标文件 / 5.针对评审要素，需要补充的其他文件 / 5.1.产品制造质量控制 / 5.1.2.生产工艺/质量管控体系 / 5.1.2.5.各工序控制点工艺文件,26,26,tender_scoring_derived,assets/template_words/包1_完整招标文件_92475576192439826/SL2655招标文件-预审.docx,5.针对评审要素，需要补充的其他文件,parent_scoring_section,0.78,needs_manual_review,产品事实与结构化参数,,,,,"[""物资类通用""]",,needs_review,inventory_only_needs_original_evidence_or_manual_promotion,review_only,false,,,,rId27,word/media/image18.jpeg,79a55f8823e590b51fcb7a6443ecc42b70175d82b25ad922c6c41421cf351ec3,554,784,79a55f8823e590b51fcb7a6443ecc42b70175d82b25ad922c6c41421cf351ec3,Word内嵌媒体未导出；不得直接提升为正式图片资产
technical-media-0019,technical,media,technical-chapter-020,5,5.1.2.5.,5.1.2.5.各工序控制点工艺文件,,assets/template_words/技术补充文件.docx,（二）专项投标文件 / 5.针对评审要素，需要补充的其他文件 / 5.1.产品制造质量控制 / 5.1.2.生产工艺/质量管控体系 / 5.1.2.5.各工序控制点工艺文件,26,26,tender_scoring_derived,assets/template_words/包1_完整招标文件_92475576192439826/SL2655招标文件-预审.docx,5.针对评审要素，需要补充的其他文件,parent_scoring_section,0.78,needs_manual_review,产品事实与结构化参数,,,,,"[""物资类通用""]",,needs_review,inventory_only_needs_original_evidence_or_manual_promotion,review_only,false,,,,rId28,word/media/image19.jpeg,632678dfa88b2420d4f23396550057bf504f76bc507d9eec93fb8697aa45dbdf,554,784,632678dfa88b2420d4f23396550057bf504f76bc507d9eec93fb8697aa45dbdf,Word内嵌媒体未导出；不得直接提升为正式图片资产
technical-media-0020,technical,media,technical-chapter-020,5,5.1.2.5.,5.1.2.5.各工序控制点工艺文件,,assets/template_words/技术补充文件.docx,（二）专项投标文件 / 5.针对评审要素，需要补充的其他文件 / 5.1.产品制造质量控制 / 5.1.2.生产工艺/质量管控体系 / 5.1.2.5.各工序控制点工艺文件,26,26,tender_scoring_derived,assets/template_words/包1_完整招标文件_92475576192439826/SL2655招标文件-预审.docx,5.针对评审要素，需要补充的其他文件,parent_scoring_section,0.78,needs_manual_review,产品事实与结构化参数,,,,,"[""物资类通用""]",,needs_review,inventory_only_needs_original_evidence_or_manual_promotion,review_only,false,,,,rId29,word/media/image20.jpeg,2edaf80994f0c3b49954be28df8287b880e684f861684618d0a78286efe4a639,554,784,2edaf80994f0c3b49954be28df8287b880e684f861684618d0a78286efe4a639,Word内嵌媒体未导出；不得直接提升为正式图片资产
technical-media-0021,technical,media,technical-chapter-020,5,5.1.2.5.,5.1.2.5.各工序控制点工艺文件,,assets/template_words/技术补充文件.docx,（二）专项投标文件 / 5.针对评审要素，需要补充的其他文件 / 5.1.产品制造质量控制 / 5.1.2.生产工艺/质量管控体系 / 5.1.2.5.各工序控制点工艺文件,26,26,tender_scoring_derived,assets/template_words/包1_完整招标文件_92475576192439826/SL2655招标文件-预审.docx,5.针对评审要素，需要补充的其他文件,parent_scoring_section,0.78,needs_manual_review,产品事实与结构化参数,,,,,"[""物资类通用""]",,needs_review,inventory_only_needs_original_evidence_or_manual_promotion,review_only,false,,,,rId30,word/media/image21.jpeg,b7414915ffcba7f49300f2bde89540afb7ab896fab44a88f733c919abeba6e6c,554,784,b7414915ffcba7f49300f2bde89540afb7ab896fab44a88f733c919abeba6e6c,Word内嵌媒体未导出；不得直接提升为正式图片资产
technical-media-0022,technical,media,technical-chapter-020,5,5.1.2.5.,5.1.2.5.各工序控制点工艺文件,,assets/template_words/技术补充文件.docx,（二）专项投标文件 / 5.针对评审要素，需要补充的其他文件 / 5.1.产品制造质量控制 / 5.1.2.生产工艺/质量管控体系 / 5.1.2.5.各工序控制点工艺文件,26,26,tender_scoring_derived,assets/template_words/包1_完整招标文件_92475576192439826/SL2655招标文件-预审.docx,5.针对评审要素，需要补充的其他文件,parent_scoring_section,0.78,needs_manual_review,产品事实与结构化参数,,,,,"[""物资类通用""]",,needs_review,inventory_only_needs_original_evidence_or_manual_promotion,review_only,false,,,,rId31,word/media/image22.jpeg,ee9e45d6905b273d3e7bd62ecb9f8bd33df508c71142f5cb1379200d2a580d08,554,784,ee9e45d6905b273d3e7bd62ecb9f8bd33df508c71142f5cb1379200d2a580d08,Word内嵌媒体未导出；不得直接提升为正式图片资产
technical-media-0023,technical,media,technical-chapter-020,5,5.1.2.5.,5.1.2.5.各工序控制点工艺文件,,assets/template_words/技术补充文件.docx,（二）专项投标文件 / 5.针对评审要素，需要补充的其他文件 / 5.1.产品制造质量控制 / 5.1.2.生产工艺/质量管控体系 / 5.1.2.5.各工序控制点工艺文件,26,26,tender_scoring_derived,assets/template_words/包1_完整招标文件_92475576192439826/SL2655招标文件-预审.docx,5.针对评审要素，需要补充的其他文件,parent_scoring_section,0.78,needs_manual_review,产品事实与结构化参数,,,,,"[""物资类通用""]",,needs_review,inventory_only_needs_original_evidence_or_manual_promotion,review_only,false,,,,rId32,word/media/image23.jpeg,7534321db75d5c8cad4e6ad81196e008d5eca5898b4c56b436a8df643eea3786,554,784,7534321db75d5c8cad4e6ad81196e008d5eca5898b4c56b436a8df643eea3786,Word内嵌媒体未导出；不得直接提升为正式图片资产
technical-media-0024,technical,media,technical-chapter-020,5,5.1.2.5.,5.1.2.5.各工序控制点工艺文件,,assets/template_words/技术补充文件.docx,（二）专项投标文件 / 5.针对评审要素，需要补充的其他文件 / 5.1.产品制造质量控制 / 5.1.2.生产工艺/质量管控体系 / 5.1.2.5.各工序控制点工艺文件,26,26,tender_scoring_derived,assets/template_words/包1_完整招标文件_92475576192439826/SL2655招标文件-预审.docx,5.针对评审要素，需要补充的其他文件,parent_scoring_section,0.78,needs_manual_review,产品事实与结构化参数,,,,,"[""物资类通用""]",,needs_review,inventory_only_needs_original_evidence_or_manual_promotion,review_only,false,,,,rId33,word/media/image24.jpeg,9e77c46984c6433666a74f9673273302936b033747ab29aff15ec5dedddfbdc3,554,784,9e77c46984c6433666a74f9673273302936b033747ab29aff15ec5dedddfbdc3,Word内嵌媒体未导出；不得直接提升为正式图片资产
technical-media-0025,technical,media,technical-chapter-020,5,5.1.2.5.,5.1.2.5.各工序控制点工艺文件,,assets/template_words/技术补充文件.docx,（二）专项投标文件 / 5.针对评审要素，需要补充的其他文件 / 5.1.产品制造质量控制 / 5.1.2.生产工艺/质量管控体系 / 5.1.2.5.各工序控制点工艺文件,26,26,tender_scoring_derived,assets/template_words/包1_完整招标文件_92475576192439826/SL2655招标文件-预审.docx,5.针对评审要素，需要补充的其他文件,parent_scoring_section,0.78,needs_manual_review,产品事实与结构化参数,,,,,"[""物资类通用""]",,needs_review,inventory_only_needs_original_evidence_or_manual_promotion,review_only,false,,,,rId34,word/media/image25.jpeg,507f034362d35ce7f1d1dc976caabc58899afbb1338bbdd565d5f9c9aed4c4e5,554,784,507f034362d35ce7f1d1dc976caabc58899afbb1338bbdd565d5f9c9aed4c4e5,Word内嵌媒体未导出；不得直接提升为正式图片资产
technical-media-0026,technical,media,technical-chapter-020,5,5.1.2.5.,5.1.2.5.各工序控制点工艺文件,,assets/template_words/技术补充文件.docx,（二）专项投标文件 / 5.针对评审要素，需要补充的其他文件 / 5.1.产品制造质量控制 / 5.1.2.生产工艺/质量管控体系 / 5.1.2.5.各工序控制点工艺文件,26,26,tender_scoring_derived,assets/template_words/包1_完整招标文件_92475576192439826/SL2655招标文件-预审.docx,5.针对评审要素，需要补充的其他文件,parent_scoring_section,0.78,needs_manual_review,产品事实与结构化参数,,,,,"[""物资类通用""]",,needs_review,inventory_only_needs_original_evidence_or_manual_promotion,review_only,false,,,,rId35,word/media/image26.jpeg,17a80d87339e8f767a99a564e3ff1a566bd5c788e0ad719cc21d5480ef9fe7e9,554,784,17a80d87339e8f767a99a564e3ff1a566bd5c788e0ad719cc21d5480ef9fe7e9,Word内嵌媒体未导出；不得直接提升为正式图片资产
technical-media-0027,technical,media,technical-chapter-020,5,5.1.2.5.,5.1.2.5.各工序控制点工艺文件,,assets/template_words/技术补充文件.docx,（二）专项投标文件 / 5.针对评审要素，需要补充的其他文件 / 5.1.产品制造质量控制 / 5.1.2.生产工艺/质量管控体系 / 5.1.2.5.各工序控制点工艺文件,26,26,tender_scoring_derived,assets/template_words/包1_完整招标文件_92475576192439826/SL2655招标文件-预审.docx,5.针对评审要素，需要补充的其他文件,parent_scoring_section,0.78,needs_manual_review,产品事实与结构化参数,,,,,"[""物资类通用""]",,needs_review,inventory_only_needs_original_evidence_or_manual_promotion,review_only,false,,,,rId36,word/media/image27.jpeg,d8827a51fd08930fa9b919cc5b8c0b28c97370e9d52bac02bba23705665df763,554,784,d8827a51fd08930fa9b919cc5b8c0b28c97370e9d52bac02bba23705665df763,Word内嵌媒体未导出；不得直接提升为正式图片资产
technical-media-0028,technical,media,technical-chapter-020,5,5.1.2.5.,5.1.2.5.各工序控制点工艺文件,,assets/template_words/技术补充文件.docx,（二）专项投标文件 / 5.针对评审要素，需要补充的其他文件 / 5.1.产品制造质量控制 / 5.1.2.生产工艺/质量管控体系 / 5.1.2.5.各工序控制点工艺文件,26,26,tender_scoring_derived,assets/template_words/包1_完整招标文件_92475576192439826/SL2655招标文件-预审.docx,5.针对评审要素，需要补充的其他文件,parent_scoring_section,0.78,needs_manual_review,产品事实与结构化参数,,,,,"[""物资类通用""]",,needs_review,inventory_only_needs_original_evidence_or_manual_promotion,review_only,false,,,,rId37,word/media/image28.jpeg,a1f824dc61d707ed8b17872b50e09fef914ea5b5bbc476dfb1b9ad952821cd6d,554,784,a1f824dc61d707ed8b17872b50e09fef914ea5b5bbc476dfb1b9ad952821cd6d,Word内嵌媒体未导出；不得直接提升为正式图片资产
technical-chapter-021,technical,chapter,technical-chapter-021,4,5.1.3.,5.1.3.生产制造环境,,assets/template_words/技术补充文件.docx,（二）专项投标文件 / 5.针对评审要素，需要补充的其他文件 / 5.1.产品制造质量控制 / 5.1.3.生产制造环境,47,47,tender_scoring_derived,assets/template_words/包1_完整招标文件_92475576192439826/SL2655招标文件-预审.docx,5.针对评审要素，需要补充的其他文件,parent_scoring_section,0.78,needs_manual_review,产品事实与结构化参数,,,,,"[""物资类通用""]",,needs_review,manual_review_before_skeleton_reuse,review_only,false,,,,,,,,,8eebd8be54a2b06bdcd52293833b28a83b1d780f72286a1cfd8533c26bca306a,
technical-media-0029,technical,media,technical-chapter-021,4,5.1.3.,5.1.3.生产制造环境,,assets/template_words/技术补充文件.docx,（二）专项投标文件 / 5.针对评审要素，需要补充的其他文件 / 5.1.产品制造质量控制 / 5.1.3.生产制造环境,48,48,tender_scoring_derived,assets/template_words/包1_完整招标文件_92475576192439826/SL2655招标文件-预审.docx,5.针对评审要素，需要补充的其他文件,parent_scoring_section,0.78,needs_manual_review,产品事实与结构化参数,,,,,"[""物资类通用""]",,needs_review,inventory_only_needs_original_evidence_or_manual_promotion,review_only,false,,,,rId38,word/media/image29.png,8eb750b7219d324a07e86ecf9692ef2b45065976e88ff124306f172ab6b2f3d6,796,520,8eb750b7219d324a07e86ecf9692ef2b45065976e88ff124306f172ab6b2f3d6,Word内嵌媒体未导出；不得直接提升为正式图片资产
technical-chapter-022,technical,chapter,technical-chapter-022,4,5.1.4.,5.1.4.试组装环境,,assets/template_words/技术补充文件.docx,（二）专项投标文件 / 5.针对评审要素，需要补充的其他文件 / 5.1.产品制造质量控制 / 5.1.4.试组装环境,48,48,tender_scoring_derived,assets/template_words/包1_完整招标文件_92475576192439826/SL2655招标文件-预审.docx,5.针对评审要素，需要补充的其他文件,parent_scoring_section,0.78,needs_manual_review,泰昌历史编制内容候选,,,,,"[""物资类通用""]",,needs_review,manual_review_before_skeleton_reuse,review_only,false,,,,,,,,,2b9de49cfff69040184cac0a490da6cb9e113a9dd46483fa21d3b042e483581a,
technical-media-0030,technical,media,technical-chapter-022,4,5.1.4.,5.1.4.试组装环境,,assets/template_words/技术补充文件.docx,（二）专项投标文件 / 5.针对评审要素，需要补充的其他文件 / 5.1.产品制造质量控制 / 5.1.4.试组装环境,49,49,tender_scoring_derived,assets/template_words/包1_完整招标文件_92475576192439826/SL2655招标文件-预审.docx,5.针对评审要素，需要补充的其他文件,parent_scoring_section,0.78,needs_manual_review,泰昌历史编制内容候选,,,,,"[""物资类通用""]",,needs_review,inventory_only_needs_original_evidence_or_manual_promotion,review_only,false,,,,rId39,word/media/image30.png,4e9fd741055fd5dd1dff13529cea7583e3070a36a702397ab3c50d9de6b777ac,812,509,4e9fd741055fd5dd1dff13529cea7583e3070a36a702397ab3c50d9de6b777ac,Word内嵌媒体未导出；不得直接提升为正式图片资产
technical-chapter-023,technical,chapter,technical-chapter-023,4,5.1.5.,5.1.5.资质核实,,assets/template_words/技术补充文件.docx,（二）专项投标文件 / 5.针对评审要素，需要补充的其他文件 / 5.1.产品制造质量控制 / 5.1.5.资质核实,49,49,tender_scoring_derived,assets/template_words/包1_完整招标文件_92475576192439826/SL2655招标文件-预审.docx,5.针对评审要素，需要补充的其他文件,parent_scoring_section,0.78,needs_manual_review,泰昌历史编制内容候选,,,,,"[""物资类通用""]",,needs_review,manual_review_before_skeleton_reuse,review_only,false,,,,,,,,,31074d7df14be6af835644102e19ec6c1bc708d651f2881121edaa38695ce8ee,
technical-media-0031,technical,media,technical-chapter-023,4,5.1.5.,5.1.5.资质核实,,assets/template_words/技术补充文件.docx,（二）专项投标文件 / 5.针对评审要素，需要补充的其他文件 / 5.1.产品制造质量控制 / 5.1.5.资质核实,50,50,tender_scoring_derived,assets/template_words/包1_完整招标文件_92475576192439826/SL2655招标文件-预审.docx,5.针对评审要素，需要补充的其他文件,parent_scoring_section,0.78,needs_manual_review,泰昌历史编制内容候选,,,,,"[""物资类通用""]",,needs_review,inventory_only_needs_original_evidence_or_manual_promotion,review_only,false,,,,rId13,word/media/image4.jpeg,6a61670906d9370c90bf69ecddf730ca9d45851420aca6cf024bedbf601168d1,1261,924,6a61670906d9370c90bf69ecddf730ca9d45851420aca6cf024bedbf601168d1,Word内嵌媒体未导出；不得直接提升为正式图片资产
technical-chapter-024,technical,chapter,technical-chapter-024,3,5.2.,5.2.履约风险,,assets/template_words/技术补充文件.docx,（二）专项投标文件 / 5.针对评审要素，需要补充的其他文件 / 5.2.履约风险,50,50,tender_scoring_derived,assets/template_words/包1_完整招标文件_92475576192439826/SL2655招标文件-预审.docx,5.针对评审要素，需要补充的其他文件,parent_scoring_section,0.78,needs_manual_review,泰昌历史编制内容候选,,,,,"[""物资类通用""]",,needs_review,manual_review_before_skeleton_reuse,review_only,false,,,,,,,,,9b99049a6ccad9f019f07b922bc5f6ec0896669adf01ad97ebf63086fd153d93,
technical-chapter-025,technical,chapter,technical-chapter-025,4,5.2.1.,5.2.1.履约风险,,assets/template_words/技术补充文件.docx,（二）专项投标文件 / 5.针对评审要素，需要补充的其他文件 / 5.2.履约风险 / 5.2.1.履约风险,50,51,tender_scoring_derived,assets/template_words/包1_完整招标文件_92475576192439826/SL2655招标文件-预审.docx,5.针对评审要素，需要补充的其他文件,parent_scoring_section,0.78,needs_manual_review,泰昌历史编制内容候选,,,,,"[""物资类通用""]",,needs_review,manual_review_before_skeleton_reuse,review_only,false,,,,,,,,,e28a0e6a7a4e5687cf9f4bd54750d3b40b019fbd3e56314da73a7cab13653068,
technical-chapter-026,technical,chapter,technical-chapter-026,4,5.2.2.,5.2.2.绩效评价,,assets/template_words/技术补充文件.docx,（二）专项投标文件 / 5.针对评审要素，需要补充的其他文件 / 5.2.履约风险 / 5.2.2.绩效评价,52,53,tender_scoring_derived,assets/template_words/包1_完整招标文件_92475576192439826/SL2655招标文件-预审.docx,5.针对评审要素，需要补充的其他文件,parent_scoring_section,0.78,needs_manual_review,泰昌历史编制内容候选,,,,,"[""物资类通用""]",,needs_review,manual_review_before_skeleton_reuse,review_only,false,,,,,,,,,f367fbe24f589d1df2237c8f355d559a759cdaaa25fe3bab9047cfe30a399d01,
technical-media-0032,technical,media,technical-chapter-026,4,5.2.2.,5.2.2.绩效评价,,assets/template_words/技术补充文件.docx,（二）专项投标文件 / 5.针对评审要素，需要补充的其他文件 / 5.2.履约风险 / 5.2.2.绩效评价,53,53,tender_scoring_derived,assets/template_words/包1_完整招标文件_92475576192439826/SL2655招标文件-预审.docx,5.针对评审要素，需要补充的其他文件,parent_scoring_section,0.78,needs_manual_review,泰昌历史编制内容候选,,,,,"[""物资类通用""]",,needs_review,inventory_only_needs_original_evidence_or_manual_promotion,review_only,false,,,,rId40,word/media/image31.png,f9ac91c249a4742daab1baf1dcced3b67f5cb15f8179025cb39e99bcdfd79d11,1876,829,f9ac91c249a4742daab1baf1dcced3b67f5cb15f8179025cb39e99bcdfd79d11,Word内嵌媒体未导出；不得直接提升为正式图片资产
technical-media-0033,technical,media,technical-chapter-026,4,5.2.2.,5.2.2.绩效评价,,assets/template_words/技术补充文件.docx,（二）专项投标文件 / 5.针对评审要素，需要补充的其他文件 / 5.2.履约风险 / 5.2.2.绩效评价,53,53,tender_scoring_derived,assets/template_words/包1_完整招标文件_92475576192439826/SL2655招标文件-预审.docx,5.针对评审要素，需要补充的其他文件,parent_scoring_section,0.78,needs_manual_review,泰昌历史编制内容候选,,,,,"[""物资类通用""]",,needs_review,inventory_only_needs_original_evidence_or_manual_promotion,review_only,false,,,,rId41,word/media/image32.png,7e46ef7d1729cf44eb0772d90292138a2ced46946d7ca227f090d615f93b796b,1917,632,7e46ef7d1729cf44eb0772d90292138a2ced46946d7ca227f090d615f93b796b,Word内嵌媒体未导出；不得直接提升为正式图片资产
technical-media-0034,technical,media,technical-chapter-026,4,5.2.2.,5.2.2.绩效评价,,assets/template_words/技术补充文件.docx,（二）专项投标文件 / 5.针对评审要素，需要补充的其他文件 / 5.2.履约风险 / 5.2.2.绩效评价,53,53,tender_scoring_derived,assets/template_words/包1_完整招标文件_92475576192439826/SL2655招标文件-预审.docx,5.针对评审要素，需要补充的其他文件,parent_scoring_section,0.78,needs_manual_review,泰昌历史编制内容候选,,,,,"[""物资类通用""]",,needs_review,inventory_only_needs_original_evidence_or_manual_promotion,review_only,false,,,,rId42,word/media/image33.png,74c9a81ea06eb7d6972995a7112ec73bf450d629264e027e7140419882495e04,1910,584,74c9a81ea06eb7d6972995a7112ec73bf450d629264e027e7140419882495e04,Word内嵌媒体未导出；不得直接提升为正式图片资产
technical-media-0035,technical,media,technical-chapter-026,4,5.2.2.,5.2.2.绩效评价,,assets/template_words/技术补充文件.docx,（二）专项投标文件 / 5.针对评审要素，需要补充的其他文件 / 5.2.履约风险 / 5.2.2.绩效评价,53,53,tender_scoring_derived,assets/template_words/包1_完整招标文件_92475576192439826/SL2655招标文件-预审.docx,5.针对评审要素，需要补充的其他文件,parent_scoring_section,0.78,needs_manual_review,泰昌历史编制内容候选,,,,,"[""物资类通用""]",,needs_review,inventory_only_needs_original_evidence_or_manual_promotion,review_only,false,,,,rId43,word/media/image34.png,8eff7d3390f141cc485a18e75ce1d4382244096970acf91e1d827ce87c92a671,1899,616,8eff7d3390f141cc485a18e75ce1d4382244096970acf91e1d827ce87c92a671,Word内嵌媒体未导出；不得直接提升为正式图片资产
technical-media-0036,technical,media,technical-chapter-026,4,5.2.2.,5.2.2.绩效评价,,assets/template_words/技术补充文件.docx,（二）专项投标文件 / 5.针对评审要素，需要补充的其他文件 / 5.2.履约风险 / 5.2.2.绩效评价,53,53,tender_scoring_derived,assets/template_words/包1_完整招标文件_92475576192439826/SL2655招标文件-预审.docx,5.针对评审要素，需要补充的其他文件,parent_scoring_section,0.78,needs_manual_review,泰昌历史编制内容候选,,,,,"[""物资类通用""]",,needs_review,inventory_only_needs_original_evidence_or_manual_promotion,review_only,false,,,,rId44,word/media/image35.png,e0e552131fc2b3b78b85bd30fd6cf6fdb259f223264381004f90f260279db431,1903,666,e0e552131fc2b3b78b85bd30fd6cf6fdb259f223264381004f90f260279db431,Word内嵌媒体未导出；不得直接提升为正式图片资产
technical-media-0037,technical,media,technical-chapter-026,4,5.2.2.,5.2.2.绩效评价,,assets/template_words/技术补充文件.docx,（二）专项投标文件 / 5.针对评审要素，需要补充的其他文件 / 5.2.履约风险 / 5.2.2.绩效评价,53,53,tender_scoring_derived,assets/template_words/包1_完整招标文件_92475576192439826/SL2655招标文件-预审.docx,5.针对评审要素，需要补充的其他文件,parent_scoring_section,0.78,needs_manual_review,泰昌历史编制内容候选,,,,,"[""物资类通用""]",,needs_review,inventory_only_needs_original_evidence_or_manual_promotion,review_only,false,,,,rId45,word/media/image36.png,c5c5834160292cdc376e8c7300e84a311a1cd3d2b6c052d3faf66d8afc996cc9,1916,552,c5c5834160292cdc376e8c7300e84a311a1cd3d2b6c052d3faf66d8afc996cc9,Word内嵌媒体未导出；不得直接提升为正式图片资产
technical-media-0038,technical,media,technical-chapter-026,4,5.2.2.,5.2.2.绩效评价,,assets/template_words/技术补充文件.docx,（二）专项投标文件 / 5.针对评审要素，需要补充的其他文件 / 5.2.履约风险 / 5.2.2.绩效评价,53,53,tender_scoring_derived,assets/template_words/包1_完整招标文件_92475576192439826/SL2655招标文件-预审.docx,5.针对评审要素，需要补充的其他文件,parent_scoring_section,0.78,needs_manual_review,泰昌历史编制内容候选,,,,,"[""物资类通用""]",,needs_review,inventory_only_needs_original_evidence_or_manual_promotion,review_only,false,,,,rId46,word/media/image37.png,7238d24775514d27941f55c7130f22822ef9369336d0315343d360d48c0a7e47,1915,709,7238d24775514d27941f55c7130f22822ef9369336d0315343d360d48c0a7e47,Word内嵌媒体未导出；不得直接提升为正式图片资产
technical-chapter-027,technical,chapter,technical-chapter-027,3,5.3.,5.3.绿色低碳生产及绿色回收,,assets/template_words/技术补充文件.docx,（二）专项投标文件 / 5.针对评审要素，需要补充的其他文件 / 5.3.绿色低碳生产及绿色回收,54,54,tender_scoring_derived,assets/template_words/包1_完整招标文件_92475576192439826/SL2655招标文件-预审.docx,5.针对评审要素，需要补充的其他文件,parent_scoring_section,0.78,needs_manual_review,产品事实与结构化参数,,,,,"[""物资类通用""]",,needs_review,manual_review_before_skeleton_reuse,review_only,false,,,,,,,,,a54280a5a2bfe3ac514237cca16635734f929fce205c199cc151308dbe05c3f6,
technical-chapter-028,technical,chapter,technical-chapter-028,4,5.3.1.,5.3.1.建立了绿色生产,,assets/template_words/技术补充文件.docx,（二）专项投标文件 / 5.针对评审要素，需要补充的其他文件 / 5.3.绿色低碳生产及绿色回收 / 5.3.1.建立了绿色生产,54,54,tender_scoring_derived,assets/template_words/包1_完整招标文件_92475576192439826/SL2655招标文件-预审.docx,5.针对评审要素，需要补充的其他文件,parent_scoring_section,0.78,needs_manual_review,产品事实与结构化参数,,,,,"[""物资类通用""]",,needs_review,manual_review_before_skeleton_reuse,review_only,false,,,,,,,,,af24f82c4cff7e42b295069b0ed2fe89ed92b95f42e67da910d479f77b0baad9,
technical-chapter-029,technical,chapter,technical-chapter-029,5,5.3.1.1.,5.3.1.1.ESG(环境、社会、公司治理)报告,,assets/template_words/技术补充文件.docx,（二）专项投标文件 / 5.针对评审要素，需要补充的其他文件 / 5.3.绿色低碳生产及绿色回收 / 5.3.1.建立了绿色生产 / 5.3.1.1.ESG(环境、社会、公司治理)报告,54,92,tender_scoring_derived,assets/template_words/包1_完整招标文件_92475576192439826/SL2655招标文件-预审.docx,5.针对评审要素，需要补充的其他文件,parent_scoring_section,0.78,needs_manual_review,正式证据包候选,,,,,"[""物资类通用""]",,needs_review,manual_review_before_skeleton_reuse,review_only,false,,,,,,,,,6d8a1bb5c1d843d293f18a59fbe429e99d11ca3a7608131386cbd3a43474b666,
technical-media-0039,technical,media,technical-chapter-029,5,5.3.1.1.,5.3.1.1.ESG(环境、社会、公司治理)报告,,assets/template_words/技术补充文件.docx,（二）专项投标文件 / 5.针对评审要素，需要补充的其他文件 / 5.3.绿色低碳生产及绿色回收 / 5.3.1.建立了绿色生产 / 5.3.1.1.ESG(环境、社会、公司治理)报告,54,54,tender_scoring_derived,assets/template_words/包1_完整招标文件_92475576192439826/SL2655招标文件-预审.docx,5.针对评审要素，需要补充的其他文件,parent_scoring_section,0.78,needs_manual_review,正式证据包候选,,,,,"[""物资类通用""]",,needs_review,inventory_only_needs_original_evidence_or_manual_promotion,review_only,false,,,,rId47,word/media/image38.jpeg,b53ba493193200c68f5bd1e70bcac88fe17f08abfe67931db02f1d580754ec86,1268,876,b53ba493193200c68f5bd1e70bcac88fe17f08abfe67931db02f1d580754ec86,Word内嵌媒体未导出；不得直接提升为正式图片资产
technical-media-0040,technical,media,technical-chapter-029,5,5.3.1.1.,5.3.1.1.ESG(环境、社会、公司治理)报告,,assets/template_words/技术补充文件.docx,（二）专项投标文件 / 5.针对评审要素，需要补充的其他文件 / 5.3.绿色低碳生产及绿色回收 / 5.3.1.建立了绿色生产 / 5.3.1.1.ESG(环境、社会、公司治理)报告,54,54,tender_scoring_derived,assets/template_words/包1_完整招标文件_92475576192439826/SL2655招标文件-预审.docx,5.针对评审要素，需要补充的其他文件,parent_scoring_section,0.78,needs_manual_review,正式证据包候选,,,,,"[""物资类通用""]",,needs_review,inventory_only_needs_original_evidence_or_manual_promotion,review_only,false,,,,rId48,word/media/image39.jpeg,027b9fe7e02841a1f1da4e6fb6dea49baf56ae9b55cb6583120f5778c931666f,1269,1795,027b9fe7e02841a1f1da4e6fb6dea49baf56ae9b55cb6583120f5778c931666f,Word内嵌媒体未导出；不得直接提升为正式图片资产
technical-media-0041,technical,media,technical-chapter-029,5,5.3.1.1.,5.3.1.1.ESG(环境、社会、公司治理)报告,,assets/template_words/技术补充文件.docx,（二）专项投标文件 / 5.针对评审要素，需要补充的其他文件 / 5.3.绿色低碳生产及绿色回收 / 5.3.1.建立了绿色生产 / 5.3.1.1.ESG(环境、社会、公司治理)报告,54,54,tender_scoring_derived,assets/template_words/包1_完整招标文件_92475576192439826/SL2655招标文件-预审.docx,5.针对评审要素，需要补充的其他文件,parent_scoring_section,0.78,needs_manual_review,正式证据包候选,,,,,"[""物资类通用""]",,needs_review,inventory_only_needs_original_evidence_or_manual_promotion,review_only,false,,,,rId49,word/media/image40.jpg,54b32e1aef1777a16a51ed6bf82304ee9e161240d910cdda04c2639ecc754d55,1654,2339,54b32e1aef1777a16a51ed6bf82304ee9e161240d910cdda04c2639ecc754d55,Word内嵌媒体未导出；不得直接提升为正式图片资产
technical-media-0042,technical,media,technical-chapter-029,5,5.3.1.1.,5.3.1.1.ESG(环境、社会、公司治理)报告,,assets/template_words/技术补充文件.docx,（二）专项投标文件 / 5.针对评审要素，需要补充的其他文件 / 5.3.绿色低碳生产及绿色回收 / 5.3.1.建立了绿色生产 / 5.3.1.1.ESG(环境、社会、公司治理)报告,54,54,tender_scoring_derived,assets/template_words/包1_完整招标文件_92475576192439826/SL2655招标文件-预审.docx,5.针对评审要素，需要补充的其他文件,parent_scoring_section,0.78,needs_manual_review,正式证据包候选,,,,,"[""物资类通用""]",,needs_review,inventory_only_needs_original_evidence_or_manual_promotion,review_only,false,,,,rId50,word/media/image41.jpg,53c1ea1e43c7f66fdb7fa67da802273918295004e46361c837a721c211939294,1654,2339,53c1ea1e43c7f66fdb7fa67da802273918295004e46361c837a721c211939294,Word内嵌媒体未导出；不得直接提升为正式图片资产
technical-media-0043,technical,media,technical-chapter-029,5,5.3.1.1.,5.3.1.1.ESG(环境、社会、公司治理)报告,,assets/template_words/技术补充文件.docx,（二）专项投标文件 / 5.针对评审要素，需要补充的其他文件 / 5.3.绿色低碳生产及绿色回收 / 5.3.1.建立了绿色生产 / 5.3.1.1.ESG(环境、社会、公司治理)报告,54,54,tender_scoring_derived,assets/template_words/包1_完整招标文件_92475576192439826/SL2655招标文件-预审.docx,5.针对评审要素，需要补充的其他文件,parent_scoring_section,0.78,needs_manual_review,正式证据包候选,,,,,"[""物资类通用""]",,needs_review,inventory_only_needs_original_evidence_or_manual_promotion,review_only,false,,,,rId51,word/media/image42.jpg,7676bfeb9066442e3b80ff6f21f0c4ec2e80d5c22d4a0c6c4a9d6fa0bd0605d6,1654,2339,7676bfeb9066442e3b80ff6f21f0c4ec2e80d5c22d4a0c6c4a9d6fa0bd0605d6,Word内嵌媒体未导出；不得直接提升为正式图片资产
technical-media-0044,technical,media,technical-chapter-029,5,5.3.1.1.,5.3.1.1.ESG(环境、社会、公司治理)报告,,assets/template_words/技术补充文件.docx,（二）专项投标文件 / 5.针对评审要素，需要补充的其他文件 / 5.3.绿色低碳生产及绿色回收 / 5.3.1.建立了绿色生产 / 5.3.1.1.ESG(环境、社会、公司治理)报告,54,54,tender_scoring_derived,assets/template_words/包1_完整招标文件_92475576192439826/SL2655招标文件-预审.docx,5.针对评审要素，需要补充的其他文件,parent_scoring_section,0.78,needs_manual_review,正式证据包候选,,,,,"[""物资类通用""]",,needs_review,inventory_only_needs_original_evidence_or_manual_promotion,review_only,false,,,,rId52,word/media/image43.jpg,188723a2fdb768419740a4712cfe0997efe269004187a30133c97ec5c255b818,1654,2339,188723a2fdb768419740a4712cfe0997efe269004187a30133c97ec5c255b818,Word内嵌媒体未导出；不得直接提升为正式图片资产
technical-media-0045,technical,media,technical-chapter-029,5,5.3.1.1.,5.3.1.1.ESG(环境、社会、公司治理)报告,,assets/template_words/技术补充文件.docx,（二）专项投标文件 / 5.针对评审要素，需要补充的其他文件 / 5.3.绿色低碳生产及绿色回收 / 5.3.1.建立了绿色生产 / 5.3.1.1.ESG(环境、社会、公司治理)报告,54,54,tender_scoring_derived,assets/template_words/包1_完整招标文件_92475576192439826/SL2655招标文件-预审.docx,5.针对评审要素，需要补充的其他文件,parent_scoring_section,0.78,needs_manual_review,正式证据包候选,,,,,"[""物资类通用""]",,needs_review,inventory_only_needs_original_evidence_or_manual_promotion,review_only,false,,,,rId53,word/media/image44.jpg,a0d028f62ad5d102213a2cfa528118bafd75815733c00c180a6039df16691ddb,1282,1766,a0d028f62ad5d102213a2cfa528118bafd75815733c00c180a6039df16691ddb,Word内嵌媒体未导出；不得直接提升为正式图片资产
technical-media-0046,technical,media,technical-chapter-029,5,5.3.1.1.,5.3.1.1.ESG(环境、社会、公司治理)报告,,assets/template_words/技术补充文件.docx,（二）专项投标文件 / 5.针对评审要素，需要补充的其他文件 / 5.3.绿色低碳生产及绿色回收 / 5.3.1.建立了绿色生产 / 5.3.1.1.ESG(环境、社会、公司治理)报告,54,54,tender_scoring_derived,assets/template_words/包1_完整招标文件_92475576192439826/SL2655招标文件-预审.docx,5.针对评审要素，需要补充的其他文件,parent_scoring_section,0.78,needs_manual_review,正式证据包候选,,,,,"[""物资类通用""]",,needs_review,inventory_only_needs_original_evidence_or_manual_promotion,review_only,false,,,,rId54,word/media/image45.jpg,22b77010820ac4f3b956e3fe20b782e1012b2057c371ddf9c54de82fbaab6c8d,1654,2339,22b77010820ac4f3b956e3fe20b782e1012b2057c371ddf9c54de82fbaab6c8d,Word内嵌媒体未导出；不得直接提升为正式图片资产
technical-media-0047,technical,media,technical-chapter-029,5,5.3.1.1.,5.3.1.1.ESG(环境、社会、公司治理)报告,,assets/template_words/技术补充文件.docx,（二）专项投标文件 / 5.针对评审要素，需要补充的其他文件 / 5.3.绿色低碳生产及绿色回收 / 5.3.1.建立了绿色生产 / 5.3.1.1.ESG(环境、社会、公司治理)报告,54,54,tender_scoring_derived,assets/template_words/包1_完整招标文件_92475576192439826/SL2655招标文件-预审.docx,5.针对评审要素，需要补充的其他文件,parent_scoring_section,0.78,needs_manual_review,正式证据包候选,,,,,"[""物资类通用""]",,needs_review,inventory_only_needs_original_evidence_or_manual_promotion,review_only,false,,,,rId55,word/media/image46.jpg,a161ad2bd2111efa115aa9d0ea246a4555d024c75b7e28f2b16403e53b076873,1654,2339,a161ad2bd2111efa115aa9d0ea246a4555d024c75b7e28f2b16403e53b076873,Word内嵌媒体未导出；不得直接提升为正式图片资产
technical-media-0048,technical,media,technical-chapter-029,5,5.3.1.1.,5.3.1.1.ESG(环境、社会、公司治理)报告,,assets/template_words/技术补充文件.docx,（二）专项投标文件 / 5.针对评审要素，需要补充的其他文件 / 5.3.绿色低碳生产及绿色回收 / 5.3.1.建立了绿色生产 / 5.3.1.1.ESG(环境、社会、公司治理)报告,54,54,tender_scoring_derived,assets/template_words/包1_完整招标文件_92475576192439826/SL2655招标文件-预审.docx,5.针对评审要素，需要补充的其他文件,parent_scoring_section,0.78,needs_manual_review,正式证据包候选,,,,,"[""物资类通用""]",,needs_review,inventory_only_needs_original_evidence_or_manual_promotion,review_only,false,,,,rId56,word/media/image47.jpeg,19e03489f3654cc41a966e920b70b7b0fe494989ecbef6180cb841b494c3ae3f,1267,1793,19e03489f3654cc41a966e920b70b7b0fe494989ecbef6180cb841b494c3ae3f,Word内嵌媒体未导出；不得直接提升为正式图片资产
technical-media-0049,technical,media,technical-chapter-029,5,5.3.1.1.,5.3.1.1.ESG(环境、社会、公司治理)报告,,assets/template_words/技术补充文件.docx,（二）专项投标文件 / 5.针对评审要素，需要补充的其他文件 / 5.3.绿色低碳生产及绿色回收 / 5.3.1.建立了绿色生产 / 5.3.1.1.ESG(环境、社会、公司治理)报告,54,54,tender_scoring_derived,assets/template_words/包1_完整招标文件_92475576192439826/SL2655招标文件-预审.docx,5.针对评审要素，需要补充的其他文件,parent_scoring_section,0.78,needs_manual_review,正式证据包候选,,,,,"[""物资类通用""]",,needs_review,inventory_only_needs_original_evidence_or_manual_promotion,review_only,false,,,,rId57,word/media/image48.jpg,f8f8b3192055512b072824f6725f5a432a4cf775f11b22a20c269dbe9301ea24,1819,2573,f8f8b3192055512b072824f6725f5a432a4cf775f11b22a20c269dbe9301ea24,Word内嵌媒体未导出；不得直接提升为正式图片资产
technical-media-0050,technical,media,technical-chapter-029,5,5.3.1.1.,5.3.1.1.ESG(环境、社会、公司治理)报告,,assets/template_words/技术补充文件.docx,（二）专项投标文件 / 5.针对评审要素，需要补充的其他文件 / 5.3.绿色低碳生产及绿色回收 / 5.3.1.建立了绿色生产 / 5.3.1.1.ESG(环境、社会、公司治理)报告,54,54,tender_scoring_derived,assets/template_words/包1_完整招标文件_92475576192439826/SL2655招标文件-预审.docx,5.针对评审要素，需要补充的其他文件,parent_scoring_section,0.78,needs_manual_review,正式证据包候选,,,,,"[""物资类通用""]",,needs_review,inventory_only_needs_original_evidence_or_manual_promotion,review_only,false,,,,rId58,word/media/image49.jpg,3ec9384927aaaaeb9bd0bb09ec1fc8b8f32298359170e7f1cfb02970ea33352d,1654,2339,3ec9384927aaaaeb9bd0bb09ec1fc8b8f32298359170e7f1cfb02970ea33352d,Word内嵌媒体未导出；不得直接提升为正式图片资产
technical-media-0051,technical,media,technical-chapter-029,5,5.3.1.1.,5.3.1.1.ESG(环境、社会、公司治理)报告,,assets/template_words/技术补充文件.docx,（二）专项投标文件 / 5.针对评审要素，需要补充的其他文件 / 5.3.绿色低碳生产及绿色回收 / 5.3.1.建立了绿色生产 / 5.3.1.1.ESG(环境、社会、公司治理)报告,54,54,tender_scoring_derived,assets/template_words/包1_完整招标文件_92475576192439826/SL2655招标文件-预审.docx,5.针对评审要素，需要补充的其他文件,parent_scoring_section,0.78,needs_manual_review,正式证据包候选,,,,,"[""物资类通用""]",,needs_review,inventory_only_needs_original_evidence_or_manual_promotion,review_only,false,,,,rId59,word/media/image50.jpg,519687962fae6d25ca600b70624b5c118791735ebddfbeb764ee733702b39efa,1654,2339,519687962fae6d25ca600b70624b5c118791735ebddfbeb764ee733702b39efa,Word内嵌媒体未导出；不得直接提升为正式图片资产
technical-media-0052,technical,media,technical-chapter-029,5,5.3.1.1.,5.3.1.1.ESG(环境、社会、公司治理)报告,,assets/template_words/技术补充文件.docx,（二）专项投标文件 / 5.针对评审要素，需要补充的其他文件 / 5.3.绿色低碳生产及绿色回收 / 5.3.1.建立了绿色生产 / 5.3.1.1.ESG(环境、社会、公司治理)报告,54,54,tender_scoring_derived,assets/template_words/包1_完整招标文件_92475576192439826/SL2655招标文件-预审.docx,5.针对评审要素，需要补充的其他文件,parent_scoring_section,0.78,needs_manual_review,正式证据包候选,,,,,"[""物资类通用""]",,needs_review,inventory_only_needs_original_evidence_or_manual_promotion,review_only,false,,,,rId60,word/media/image51.jpg,f5a8e578bba7788c34bc1ecd1fcc17c7f5dc8e0c1a29c2076076d000f3962a11,1654,2339,f5a8e578bba7788c34bc1ecd1fcc17c7f5dc8e0c1a29c2076076d000f3962a11,Word内嵌媒体未导出；不得直接提升为正式图片资产
technical-media-0053,technical,media,technical-chapter-029,5,5.3.1.1.,5.3.1.1.ESG(环境、社会、公司治理)报告,,assets/template_words/技术补充文件.docx,（二）专项投标文件 / 5.针对评审要素，需要补充的其他文件 / 5.3.绿色低碳生产及绿色回收 / 5.3.1.建立了绿色生产 / 5.3.1.1.ESG(环境、社会、公司治理)报告,54,54,tender_scoring_derived,assets/template_words/包1_完整招标文件_92475576192439826/SL2655招标文件-预审.docx,5.针对评审要素，需要补充的其他文件,parent_scoring_section,0.78,needs_manual_review,正式证据包候选,,,,,"[""物资类通用""]",,needs_review,inventory_only_needs_original_evidence_or_manual_promotion,review_only,false,,,,rId61,word/media/image52.jpg,ac859622cf6b7736c7bbd183325153d71ffb7f2ed1648510f117e8f853e89ab5,1654,2339,ac859622cf6b7736c7bbd183325153d71ffb7f2ed1648510f117e8f853e89ab5,Word内嵌媒体未导出；不得直接提升为正式图片资产
technical-media-0054,technical,media,technical-chapter-029,5,5.3.1.1.,5.3.1.1.ESG(环境、社会、公司治理)报告,,assets/template_words/技术补充文件.docx,（二）专项投标文件 / 5.针对评审要素，需要补充的其他文件 / 5.3.绿色低碳生产及绿色回收 / 5.3.1.建立了绿色生产 / 5.3.1.1.ESG(环境、社会、公司治理)报告,54,54,tender_scoring_derived,assets/template_words/包1_完整招标文件_92475576192439826/SL2655招标文件-预审.docx,5.针对评审要素，需要补充的其他文件,parent_scoring_section,0.78,needs_manual_review,正式证据包候选,,,,,"[""物资类通用""]",,needs_review,inventory_only_needs_original_evidence_or_manual_promotion,review_only,false,,,,rId62,word/media/image53.jpg,50699f200416f6611a01445841d4b0772aec2166d6fa46551e4a482a6a797649,1654,2339,50699f200416f6611a01445841d4b0772aec2166d6fa46551e4a482a6a797649,Word内嵌媒体未导出；不得直接提升为正式图片资产
technical-media-0055,technical,media,technical-chapter-029,5,5.3.1.1.,5.3.1.1.ESG(环境、社会、公司治理)报告,,assets/template_words/技术补充文件.docx,（二）专项投标文件 / 5.针对评审要素，需要补充的其他文件 / 5.3.绿色低碳生产及绿色回收 / 5.3.1.建立了绿色生产 / 5.3.1.1.ESG(环境、社会、公司治理)报告,54,54,tender_scoring_derived,assets/template_words/包1_完整招标文件_92475576192439826/SL2655招标文件-预审.docx,5.针对评审要素，需要补充的其他文件,parent_scoring_section,0.78,needs_manual_review,正式证据包候选,,,,,"[""物资类通用""]",,needs_review,inventory_only_needs_original_evidence_or_manual_promotion,review_only,false,,,,rId63,word/media/image54.jpg,47dc41d6bde97f536a191c7caf19a27781169bf9a2b5c3c64c7205b71c776d50,1241,1754,47dc41d6bde97f536a191c7caf19a27781169bf9a2b5c3c64c7205b71c776d50,Word内嵌媒体未导出；不得直接提升为正式图片资产
technical-media-0056,technical,media,technical-chapter-029,5,5.3.1.1.,5.3.1.1.ESG(环境、社会、公司治理)报告,,assets/template_words/技术补充文件.docx,（二）专项投标文件 / 5.针对评审要素，需要补充的其他文件 / 5.3.绿色低碳生产及绿色回收 / 5.3.1.建立了绿色生产 / 5.3.1.1.ESG(环境、社会、公司治理)报告,54,54,tender_scoring_derived,assets/template_words/包1_完整招标文件_92475576192439826/SL2655招标文件-预审.docx,5.针对评审要素，需要补充的其他文件,parent_scoring_section,0.78,needs_manual_review,正式证据包候选,,,,,"[""物资类通用""]",,needs_review,inventory_only_needs_original_evidence_or_manual_promotion,review_only,false,,,,rId64,word/media/image55.jpeg,0aad16dc138f6d5c9bf7f8088fafd64f2ffc91ecbaaf014e1c4844c237154999,1269,1795,0aad16dc138f6d5c9bf7f8088fafd64f2ffc91ecbaaf014e1c4844c237154999,Word内嵌媒体未导出；不得直接提升为正式图片资产
technical-media-0057,technical,media,technical-chapter-029,5,5.3.1.1.,5.3.1.1.ESG(环境、社会、公司治理)报告,,assets/template_words/技术补充文件.docx,（二）专项投标文件 / 5.针对评审要素，需要补充的其他文件 / 5.3.绿色低碳生产及绿色回收 / 5.3.1.建立了绿色生产 / 5.3.1.1.ESG(环境、社会、公司治理)报告,54,54,tender_scoring_derived,assets/template_words/包1_完整招标文件_92475576192439826/SL2655招标文件-预审.docx,5.针对评审要素，需要补充的其他文件,parent_scoring_section,0.78,needs_manual_review,正式证据包候选,,,,,"[""物资类通用""]",,needs_review,inventory_only_needs_original_evidence_or_manual_promotion,review_only,false,,,,rId65,word/media/image56.jpg,9fa23e38de83b035aaa99cd93cd8ae90a8e3c6370bf5e7da58f3fb91b2060bd8,1654,2339,9fa23e38de83b035aaa99cd93cd8ae90a8e3c6370bf5e7da58f3fb91b2060bd8,Word内嵌媒体未导出；不得直接提升为正式图片资产
technical-media-0058,technical,media,technical-chapter-029,5,5.3.1.1.,5.3.1.1.ESG(环境、社会、公司治理)报告,,assets/template_words/技术补充文件.docx,（二）专项投标文件 / 5.针对评审要素，需要补充的其他文件 / 5.3.绿色低碳生产及绿色回收 / 5.3.1.建立了绿色生产 / 5.3.1.1.ESG(环境、社会、公司治理)报告,54,54,tender_scoring_derived,assets/template_words/包1_完整招标文件_92475576192439826/SL2655招标文件-预审.docx,5.针对评审要素，需要补充的其他文件,parent_scoring_section,0.78,needs_manual_review,正式证据包候选,,,,,"[""物资类通用""]",,needs_review,inventory_only_needs_original_evidence_or_manual_promotion,review_only,false,,,,rId66,word/media/image57.jpg,ecbe4af54d4146566dc24029f6fbea4c5480d0a6aa8946d838bd359faa6bdc87,1654,2339,ecbe4af54d4146566dc24029f6fbea4c5480d0a6aa8946d838bd359faa6bdc87,Word内嵌媒体未导出；不得直接提升为正式图片资产
technical-media-0059,technical,media,technical-chapter-029,5,5.3.1.1.,5.3.1.1.ESG(环境、社会、公司治理)报告,,assets/template_words/技术补充文件.docx,（二）专项投标文件 / 5.针对评审要素，需要补充的其他文件 / 5.3.绿色低碳生产及绿色回收 / 5.3.1.建立了绿色生产 / 5.3.1.1.ESG(环境、社会、公司治理)报告,54,54,tender_scoring_derived,assets/template_words/包1_完整招标文件_92475576192439826/SL2655招标文件-预审.docx,5.针对评审要素，需要补充的其他文件,parent_scoring_section,0.78,needs_manual_review,正式证据包候选,,,,,"[""物资类通用""]",,needs_review,inventory_only_needs_original_evidence_or_manual_promotion,review_only,false,,,,rId67,word/media/image58.jpg,c2bb7eabfb0800e7b1969a3f6722e001628ec8c746a1a5bfd804a5a049a9af97,1654,2339,c2bb7eabfb0800e7b1969a3f6722e001628ec8c746a1a5bfd804a5a049a9af97,Word内嵌媒体未导出；不得直接提升为正式图片资产
technical-media-0060,technical,media,technical-chapter-029,5,5.3.1.1.,5.3.1.1.ESG(环境、社会、公司治理)报告,,assets/template_words/技术补充文件.docx,（二）专项投标文件 / 5.针对评审要素，需要补充的其他文件 / 5.3.绿色低碳生产及绿色回收 / 5.3.1.建立了绿色生产 / 5.3.1.1.ESG(环境、社会、公司治理)报告,54,54,tender_scoring_derived,assets/template_words/包1_完整招标文件_92475576192439826/SL2655招标文件-预审.docx,5.针对评审要素，需要补充的其他文件,parent_scoring_section,0.78,needs_manual_review,正式证据包候选,,,,,"[""物资类通用""]",,needs_review,inventory_only_needs_original_evidence_or_manual_promotion,review_only,false,,,,rId68,word/media/image59.jpg,4970ecb2a4e6bdf4cb5d6f28aa2bddf393a7e5ab2644343d099a8f902366afb1,1654,2339,4970ecb2a4e6bdf4cb5d6f28aa2bddf393a7e5ab2644343d099a8f902366afb1,Word内嵌媒体未导出；不得直接提升为正式图片资产
technical-media-0061,technical,media,technical-chapter-029,5,5.3.1.1.,5.3.1.1.ESG(环境、社会、公司治理)报告,,assets/template_words/技术补充文件.docx,（二）专项投标文件 / 5.针对评审要素，需要补充的其他文件 / 5.3.绿色低碳生产及绿色回收 / 5.3.1.建立了绿色生产 / 5.3.1.1.ESG(环境、社会、公司治理)报告,54,54,tender_scoring_derived,assets/template_words/包1_完整招标文件_92475576192439826/SL2655招标文件-预审.docx,5.针对评审要素，需要补充的其他文件,parent_scoring_section,0.78,needs_manual_review,正式证据包候选,,,,,"[""物资类通用""]",,needs_review,inventory_only_needs_original_evidence_or_manual_promotion,review_only,false,,,,rId69,word/media/image60.jpg,e30ef45e1f198d56d9981b076d0bdd4eddf465ba76b2e8d1abd6abf08787bb37,1654,2339,e30ef45e1f198d56d9981b076d0bdd4eddf465ba76b2e8d1abd6abf08787bb37,Word内嵌媒体未导出；不得直接提升为正式图片资产
technical-media-0062,technical,media,technical-chapter-029,5,5.3.1.1.,5.3.1.1.ESG(环境、社会、公司治理)报告,,assets/template_words/技术补充文件.docx,（二）专项投标文件 / 5.针对评审要素，需要补充的其他文件 / 5.3.绿色低碳生产及绿色回收 / 5.3.1.建立了绿色生产 / 5.3.1.1.ESG(环境、社会、公司治理)报告,54,54,tender_scoring_derived,assets/template_words/包1_完整招标文件_92475576192439826/SL2655招标文件-预审.docx,5.针对评审要素，需要补充的其他文件,parent_scoring_section,0.78,needs_manual_review,正式证据包候选,,,,,"[""物资类通用""]",,needs_review,inventory_only_needs_original_evidence_or_manual_promotion,review_only,false,,,,rId70,word/media/image61.jpg,7d7df167353c4e64195a430db91b1a20af85dc4708d3a136fffff2dd42a1403d,1654,2339,7d7df167353c4e64195a430db91b1a20af85dc4708d3a136fffff2dd42a1403d,Word内嵌媒体未导出；不得直接提升为正式图片资产
technical-media-0063,technical,media,technical-chapter-029,5,5.3.1.1.,5.3.1.1.ESG(环境、社会、公司治理)报告,,assets/template_words/技术补充文件.docx,（二）专项投标文件 / 5.针对评审要素，需要补充的其他文件 / 5.3.绿色低碳生产及绿色回收 / 5.3.1.建立了绿色生产 / 5.3.1.1.ESG(环境、社会、公司治理)报告,54,54,tender_scoring_derived,assets/template_words/包1_完整招标文件_92475576192439826/SL2655招标文件-预审.docx,5.针对评审要素，需要补充的其他文件,parent_scoring_section,0.78,needs_manual_review,正式证据包候选,,,,,"[""物资类通用""]",,needs_review,inventory_only_needs_original_evidence_or_manual_promotion,review_only,false,,,,rId71,word/media/image62.jpg,d384368f58e664b0a0d2ab5b2fb1c95d3e39e7cc36561fd8a286fb75eb120f8f,1654,2339,d384368f58e664b0a0d2ab5b2fb1c95d3e39e7cc36561fd8a286fb75eb120f8f,Word内嵌媒体未导出；不得直接提升为正式图片资产
technical-media-0064,technical,media,technical-chapter-029,5,5.3.1.1.,5.3.1.1.ESG(环境、社会、公司治理)报告,,assets/template_words/技术补充文件.docx,（二）专项投标文件 / 5.针对评审要素，需要补充的其他文件 / 5.3.绿色低碳生产及绿色回收 / 5.3.1.建立了绿色生产 / 5.3.1.1.ESG(环境、社会、公司治理)报告,54,54,tender_scoring_derived,assets/template_words/包1_完整招标文件_92475576192439826/SL2655招标文件-预审.docx,5.针对评审要素，需要补充的其他文件,parent_scoring_section,0.78,needs_manual_review,正式证据包候选,,,,,"[""物资类通用""]",,needs_review,inventory_only_needs_original_evidence_or_manual_promotion,review_only,false,,,,rId72,word/media/image63.jpg,f5ffc8858fd65ede793997e978fc99d99e582fa951efca1d4d3afa922501c87e,1654,2339,f5ffc8858fd65ede793997e978fc99d99e582fa951efca1d4d3afa922501c87e,Word内嵌媒体未导出；不得直接提升为正式图片资产
technical-media-0065,technical,media,technical-chapter-029,5,5.3.1.1.,5.3.1.1.ESG(环境、社会、公司治理)报告,,assets/template_words/技术补充文件.docx,（二）专项投标文件 / 5.针对评审要素，需要补充的其他文件 / 5.3.绿色低碳生产及绿色回收 / 5.3.1.建立了绿色生产 / 5.3.1.1.ESG(环境、社会、公司治理)报告,54,54,tender_scoring_derived,assets/template_words/包1_完整招标文件_92475576192439826/SL2655招标文件-预审.docx,5.针对评审要素，需要补充的其他文件,parent_scoring_section,0.78,needs_manual_review,正式证据包候选,,,,,"[""物资类通用""]",,needs_review,inventory_only_needs_original_evidence_or_manual_promotion,review_only,false,,,,rId73,word/media/image64.jpg,501de4054c85aa8765ecc623897193c049c739f6d4af29ea79bd8a1ddd49d838,1654,2339,501de4054c85aa8765ecc623897193c049c739f6d4af29ea79bd8a1ddd49d838,Word内嵌媒体未导出；不得直接提升为正式图片资产
technical-media-0066,technical,media,technical-chapter-029,5,5.3.1.1.,5.3.1.1.ESG(环境、社会、公司治理)报告,,assets/template_words/技术补充文件.docx,（二）专项投标文件 / 5.针对评审要素，需要补充的其他文件 / 5.3.绿色低碳生产及绿色回收 / 5.3.1.建立了绿色生产 / 5.3.1.1.ESG(环境、社会、公司治理)报告,54,54,tender_scoring_derived,assets/template_words/包1_完整招标文件_92475576192439826/SL2655招标文件-预审.docx,5.针对评审要素，需要补充的其他文件,parent_scoring_section,0.78,needs_manual_review,正式证据包候选,,,,,"[""物资类通用""]",,needs_review,inventory_only_needs_original_evidence_or_manual_promotion,review_only,false,,,,rId74,word/media/image65.jpg,6fed6f1cf1bcc90042cf7fcd7ea30ab0ef17638b90d96092656c42d57851ece4,1654,2339,6fed6f1cf1bcc90042cf7fcd7ea30ab0ef17638b90d96092656c42d57851ece4,Word内嵌媒体未导出；不得直接提升为正式图片资产
technical-media-0067,technical,media,technical-chapter-029,5,5.3.1.1.,5.3.1.1.ESG(环境、社会、公司治理)报告,,assets/template_words/技术补充文件.docx,（二）专项投标文件 / 5.针对评审要素，需要补充的其他文件 / 5.3.绿色低碳生产及绿色回收 / 5.3.1.建立了绿色生产 / 5.3.1.1.ESG(环境、社会、公司治理)报告,54,54,tender_scoring_derived,assets/template_words/包1_完整招标文件_92475576192439826/SL2655招标文件-预审.docx,5.针对评审要素，需要补充的其他文件,parent_scoring_section,0.78,needs_manual_review,正式证据包候选,,,,,"[""物资类通用""]",,needs_review,inventory_only_needs_original_evidence_or_manual_promotion,review_only,false,,,,rId75,word/media/image66.jpg,2f19ea5f9dd00119cd15f688e46131dfdb49362c2bd6b66f02f84c3ddbda4e54,1654,2339,2f19ea5f9dd00119cd15f688e46131dfdb49362c2bd6b66f02f84c3ddbda4e54,Word内嵌媒体未导出；不得直接提升为正式图片资产
technical-media-0068,technical,media,technical-chapter-029,5,5.3.1.1.,5.3.1.1.ESG(环境、社会、公司治理)报告,,assets/template_words/技术补充文件.docx,（二）专项投标文件 / 5.针对评审要素，需要补充的其他文件 / 5.3.绿色低碳生产及绿色回收 / 5.3.1.建立了绿色生产 / 5.3.1.1.ESG(环境、社会、公司治理)报告,54,54,tender_scoring_derived,assets/template_words/包1_完整招标文件_92475576192439826/SL2655招标文件-预审.docx,5.针对评审要素，需要补充的其他文件,parent_scoring_section,0.78,needs_manual_review,正式证据包候选,,,,,"[""物资类通用""]",,needs_review,inventory_only_needs_original_evidence_or_manual_promotion,review_only,false,,,,rId76,word/media/image67.jpg,e8c46e6c5b395eb98fd62963a9243ee283e792223c2f98a26f28f35009f8c059,1654,2339,e8c46e6c5b395eb98fd62963a9243ee283e792223c2f98a26f28f35009f8c059,Word内嵌媒体未导出；不得直接提升为正式图片资产
technical-media-0069,technical,media,technical-chapter-029,5,5.3.1.1.,5.3.1.1.ESG(环境、社会、公司治理)报告,,assets/template_words/技术补充文件.docx,（二）专项投标文件 / 5.针对评审要素，需要补充的其他文件 / 5.3.绿色低碳生产及绿色回收 / 5.3.1.建立了绿色生产 / 5.3.1.1.ESG(环境、社会、公司治理)报告,54,54,tender_scoring_derived,assets/template_words/包1_完整招标文件_92475576192439826/SL2655招标文件-预审.docx,5.针对评审要素，需要补充的其他文件,parent_scoring_section,0.78,needs_manual_review,正式证据包候选,,,,,"[""物资类通用""]",,needs_review,inventory_only_needs_original_evidence_or_manual_promotion,review_only,false,,,,rId77,word/media/image68.jpg,5279f545baf18cb5e7c1843ca15a17be53bbc418c7b2df3910975c3a1df20c2f,1654,2339,5279f545baf18cb5e7c1843ca15a17be53bbc418c7b2df3910975c3a1df20c2f,Word内嵌媒体未导出；不得直接提升为正式图片资产
technical-media-0070,technical,media,technical-chapter-029,5,5.3.1.1.,5.3.1.1.ESG(环境、社会、公司治理)报告,,assets/template_words/技术补充文件.docx,（二）专项投标文件 / 5.针对评审要素，需要补充的其他文件 / 5.3.绿色低碳生产及绿色回收 / 5.3.1.建立了绿色生产 / 5.3.1.1.ESG(环境、社会、公司治理)报告,54,54,tender_scoring_derived,assets/template_words/包1_完整招标文件_92475576192439826/SL2655招标文件-预审.docx,5.针对评审要素，需要补充的其他文件,parent_scoring_section,0.78,needs_manual_review,正式证据包候选,,,,,"[""物资类通用""]",,needs_review,inventory_only_needs_original_evidence_or_manual_promotion,review_only,false,,,,rId78,word/media/image69.jpg,67f8934f7796f71de6de9cc258257cb6f5864bd1556edbf5c3cdf57e18af4a28,1654,2339,67f8934f7796f71de6de9cc258257cb6f5864bd1556edbf5c3cdf57e18af4a28,Word内嵌媒体未导出；不得直接提升为正式图片资产
technical-media-0071,technical,media,technical-chapter-029,5,5.3.1.1.,5.3.1.1.ESG(环境、社会、公司治理)报告,,assets/template_words/技术补充文件.docx,（二）专项投标文件 / 5.针对评审要素，需要补充的其他文件 / 5.3.绿色低碳生产及绿色回收 / 5.3.1.建立了绿色生产 / 5.3.1.1.ESG(环境、社会、公司治理)报告,54,54,tender_scoring_derived,assets/template_words/包1_完整招标文件_92475576192439826/SL2655招标文件-预审.docx,5.针对评审要素，需要补充的其他文件,parent_scoring_section,0.78,needs_manual_review,正式证据包候选,,,,,"[""物资类通用""]",,needs_review,inventory_only_needs_original_evidence_or_manual_promotion,review_only,false,,,,rId79,word/media/image70.jpg,84d0c4d9f0c0247b21976840f5ac53da5ec7e04f69cce52d43c1346e6ad9b3b6,1654,2339,84d0c4d9f0c0247b21976840f5ac53da5ec7e04f69cce52d43c1346e6ad9b3b6,Word内嵌媒体未导出；不得直接提升为正式图片资产
technical-media-0072,technical,media,technical-chapter-029,5,5.3.1.1.,5.3.1.1.ESG(环境、社会、公司治理)报告,,assets/template_words/技术补充文件.docx,（二）专项投标文件 / 5.针对评审要素，需要补充的其他文件 / 5.3.绿色低碳生产及绿色回收 / 5.3.1.建立了绿色生产 / 5.3.1.1.ESG(环境、社会、公司治理)报告,54,54,tender_scoring_derived,assets/template_words/包1_完整招标文件_92475576192439826/SL2655招标文件-预审.docx,5.针对评审要素，需要补充的其他文件,parent_scoring_section,0.78,needs_manual_review,正式证据包候选,,,,,"[""物资类通用""]",,needs_review,inventory_only_needs_original_evidence_or_manual_promotion,review_only,false,,,,rId80,word/media/image71.jpg,fcc454fa145d64bb716006242e3a5ee9f39514d71563dec238eb627057766c52,1654,2339,fcc454fa145d64bb716006242e3a5ee9f39514d71563dec238eb627057766c52,Word内嵌媒体未导出；不得直接提升为正式图片资产
technical-media-0073,technical,media,technical-chapter-029,5,5.3.1.1.,5.3.1.1.ESG(环境、社会、公司治理)报告,,assets/template_words/技术补充文件.docx,（二）专项投标文件 / 5.针对评审要素，需要补充的其他文件 / 5.3.绿色低碳生产及绿色回收 / 5.3.1.建立了绿色生产 / 5.3.1.1.ESG(环境、社会、公司治理)报告,54,54,tender_scoring_derived,assets/template_words/包1_完整招标文件_92475576192439826/SL2655招标文件-预审.docx,5.针对评审要素，需要补充的其他文件,parent_scoring_section,0.78,needs_manual_review,正式证据包候选,,,,,"[""物资类通用""]",,needs_review,inventory_only_needs_original_evidence_or_manual_promotion,review_only,false,,,,rId81,word/media/image72.jpg,d7f85b7c051cae9048e229d60841833f24b1a6fb662494c6d8cf25db217c86a0,1654,2339,d7f85b7c051cae9048e229d60841833f24b1a6fb662494c6d8cf25db217c86a0,Word内嵌媒体未导出；不得直接提升为正式图片资产
technical-media-0074,technical,media,technical-chapter-029,5,5.3.1.1.,5.3.1.1.ESG(环境、社会、公司治理)报告,,assets/template_words/技术补充文件.docx,（二）专项投标文件 / 5.针对评审要素，需要补充的其他文件 / 5.3.绿色低碳生产及绿色回收 / 5.3.1.建立了绿色生产 / 5.3.1.1.ESG(环境、社会、公司治理)报告,54,54,tender_scoring_derived,assets/template_words/包1_完整招标文件_92475576192439826/SL2655招标文件-预审.docx,5.针对评审要素，需要补充的其他文件,parent_scoring_section,0.78,needs_manual_review,正式证据包候选,,,,,"[""物资类通用""]",,needs_review,inventory_only_needs_original_evidence_or_manual_promotion,review_only,false,,,,rId82,word/media/image73.jpg,02cc8a3c0a5347efcebd1f8229a4383cdfa8bce4ef659b9b32b9aa1b977142c1,1654,2339,02cc8a3c0a5347efcebd1f8229a4383cdfa8bce4ef659b9b32b9aa1b977142c1,Word内嵌媒体未导出；不得直接提升为正式图片资产
technical-media-0075,technical,media,technical-chapter-029,5,5.3.1.1.,5.3.1.1.ESG(环境、社会、公司治理)报告,,assets/template_words/技术补充文件.docx,（二）专项投标文件 / 5.针对评审要素，需要补充的其他文件 / 5.3.绿色低碳生产及绿色回收 / 5.3.1.建立了绿色生产 / 5.3.1.1.ESG(环境、社会、公司治理)报告,54,54,tender_scoring_derived,assets/template_words/包1_完整招标文件_92475576192439826/SL2655招标文件-预审.docx,5.针对评审要素，需要补充的其他文件,parent_scoring_section,0.78,needs_manual_review,正式证据包候选,,,,,"[""物资类通用""]",,needs_review,inventory_only_needs_original_evidence_or_manual_promotion,review_only,false,,,,rId83,word/media/image74.jpg,52560ad73352446c499e69d0ca8641b24b1898a1b933c79a07fbb5c40d89035b,1158,1544,52560ad73352446c499e69d0ca8641b24b1898a1b933c79a07fbb5c40d89035b,Word内嵌媒体未导出；不得直接提升为正式图片资产
technical-media-0076,technical,media,technical-chapter-029,5,5.3.1.1.,5.3.1.1.ESG(环境、社会、公司治理)报告,,assets/template_words/技术补充文件.docx,（二）专项投标文件 / 5.针对评审要素，需要补充的其他文件 / 5.3.绿色低碳生产及绿色回收 / 5.3.1.建立了绿色生产 / 5.3.1.1.ESG(环境、社会、公司治理)报告,54,54,tender_scoring_derived,assets/template_words/包1_完整招标文件_92475576192439826/SL2655招标文件-预审.docx,5.针对评审要素，需要补充的其他文件,parent_scoring_section,0.78,needs_manual_review,正式证据包候选,,,,,"[""物资类通用""]",,needs_review,inventory_only_needs_original_evidence_or_manual_promotion,review_only,false,,,,rId84,word/media/image75.jpg,ba88677238ebc45d33ca257b24e05beebf6b72dc5bc2893b1ba1335b68fddf06,1026,1521,ba88677238ebc45d33ca257b24e05beebf6b72dc5bc2893b1ba1335b68fddf06,Word内嵌媒体未导出；不得直接提升为正式图片资产
technical-media-0077,technical,media,technical-chapter-029,5,5.3.1.1.,5.3.1.1.ESG(环境、社会、公司治理)报告,,assets/template_words/技术补充文件.docx,（二）专项投标文件 / 5.针对评审要素，需要补充的其他文件 / 5.3.绿色低碳生产及绿色回收 / 5.3.1.建立了绿色生产 / 5.3.1.1.ESG(环境、社会、公司治理)报告,54,54,tender_scoring_derived,assets/template_words/包1_完整招标文件_92475576192439826/SL2655招标文件-预审.docx,5.针对评审要素，需要补充的其他文件,parent_scoring_section,0.78,needs_manual_review,正式证据包候选,,,,,"[""物资类通用""]",,needs_review,inventory_only_needs_original_evidence_or_manual_promotion,review_only,false,,,,rId85,word/media/image76.jpg,72244390c9dcaea2105a21bb02786856c196a167f8deb4f4080acbe2939b0af9,1654,2339,72244390c9dcaea2105a21bb02786856c196a167f8deb4f4080acbe2939b0af9,Word内嵌媒体未导出；不得直接提升为正式图片资产
technical-chapter-030,technical,chapter,technical-chapter-030,5,5.3.1.2,5.3.1.2废水、废气、废固报告,,assets/template_words/技术补充文件.docx,（二）专项投标文件 / 5.针对评审要素，需要补充的其他文件 / 5.3.绿色低碳生产及绿色回收 / 5.3.1.建立了绿色生产 / 5.3.1.2废水、废气、废固报告,93,127,tender_scoring_derived,assets/template_words/包1_完整招标文件_92475576192439826/SL2655招标文件-预审.docx,5.针对评审要素，需要补充的其他文件,parent_scoring_section,0.78,needs_manual_review,正式证据包候选,,,,,"[""物资类通用""]",,needs_review,manual_review_before_skeleton_reuse,review_only,false,,,,,,,,,173a802485d358d01375b4e5125103457307d9b8c554341e6a053fc4da2cebdb,
technical-media-0078,technical,media,technical-chapter-030,5,5.3.1.2,5.3.1.2废水、废气、废固报告,,assets/template_words/技术补充文件.docx,（二）专项投标文件 / 5.针对评审要素，需要补充的其他文件 / 5.3.绿色低碳生产及绿色回收 / 5.3.1.建立了绿色生产 / 5.3.1.2废水、废气、废固报告,94,94,tender_scoring_derived,assets/template_words/包1_完整招标文件_92475576192439826/SL2655招标文件-预审.docx,5.针对评审要素，需要补充的其他文件,parent_scoring_section,0.78,needs_manual_review,正式证据包候选,,,,,"[""物资类通用""]",,needs_review,inventory_only_needs_original_evidence_or_manual_promotion,review_only,false,,,,rId86,word/media/image77.jpeg,ae963dfcf71f9799cc19dd87f0391312b42e349ada9e3e9224770aca1556108e,1268,876,ae963dfcf71f9799cc19dd87f0391312b42e349ada9e3e9224770aca1556108e,Word内嵌媒体未导出；不得直接提升为正式图片资产
technical-media-0079,technical,media,technical-chapter-030,5,5.3.1.2,5.3.1.2废水、废气、废固报告,,assets/template_words/技术补充文件.docx,（二）专项投标文件 / 5.针对评审要素，需要补充的其他文件 / 5.3.绿色低碳生产及绿色回收 / 5.3.1.建立了绿色生产 / 5.3.1.2废水、废气、废固报告,94,94,tender_scoring_derived,assets/template_words/包1_完整招标文件_92475576192439826/SL2655招标文件-预审.docx,5.针对评审要素，需要补充的其他文件,parent_scoring_section,0.78,needs_manual_review,正式证据包候选,,,,,"[""物资类通用""]",,needs_review,inventory_only_needs_original_evidence_or_manual_promotion,review_only,false,,,,rId87,word/media/image78.jpeg,008a622e3cadaed0086bf3b694f2b4aac67f5035dc9508e3716452cc8c07ba48,1269,1795,008a622e3cadaed0086bf3b694f2b4aac67f5035dc9508e3716452cc8c07ba48,Word内嵌媒体未导出；不得直接提升为正式图片资产
technical-media-0080,technical,media,technical-chapter-030,5,5.3.1.2,5.3.1.2废水、废气、废固报告,,assets/template_words/技术补充文件.docx,（二）专项投标文件 / 5.针对评审要素，需要补充的其他文件 / 5.3.绿色低碳生产及绿色回收 / 5.3.1.建立了绿色生产 / 5.3.1.2废水、废气、废固报告,94,94,tender_scoring_derived,assets/template_words/包1_完整招标文件_92475576192439826/SL2655招标文件-预审.docx,5.针对评审要素，需要补充的其他文件,parent_scoring_section,0.78,needs_manual_review,正式证据包候选,,,,,"[""物资类通用""]",,needs_review,inventory_only_needs_original_evidence_or_manual_promotion,review_only,false,,,,rId88,word/media/image79.jpg,7676682119e67ac95c1aa46edef7c0246cd051acdc56254f041d06148e5b3d93,1654,2339,7676682119e67ac95c1aa46edef7c0246cd051acdc56254f041d06148e5b3d93,Word内嵌媒体未导出；不得直接提升为正式图片资产
technical-media-0081,technical,media,technical-chapter-030,5,5.3.1.2,5.3.1.2废水、废气、废固报告,,assets/template_words/技术补充文件.docx,（二）专项投标文件 / 5.针对评审要素，需要补充的其他文件 / 5.3.绿色低碳生产及绿色回收 / 5.3.1.建立了绿色生产 / 5.3.1.2废水、废气、废固报告,94,94,tender_scoring_derived,assets/template_words/包1_完整招标文件_92475576192439826/SL2655招标文件-预审.docx,5.针对评审要素，需要补充的其他文件,parent_scoring_section,0.78,needs_manual_review,正式证据包候选,,,,,"[""物资类通用""]",,needs_review,inventory_only_needs_original_evidence_or_manual_promotion,review_only,false,,,,rId89,word/media/image80.jpg,abc124dd59231e5210b800cc45e4fd0bb257c659497319bef94bdf35abf06bf8,1654,2339,abc124dd59231e5210b800cc45e4fd0bb257c659497319bef94bdf35abf06bf8,Word内嵌媒体未导出；不得直接提升为正式图片资产
technical-media-0082,technical,media,technical-chapter-030,5,5.3.1.2,5.3.1.2废水、废气、废固报告,,assets/template_words/技术补充文件.docx,（二）专项投标文件 / 5.针对评审要素，需要补充的其他文件 / 5.3.绿色低碳生产及绿色回收 / 5.3.1.建立了绿色生产 / 5.3.1.2废水、废气、废固报告,94,94,tender_scoring_derived,assets/template_words/包1_完整招标文件_92475576192439826/SL2655招标文件-预审.docx,5.针对评审要素，需要补充的其他文件,parent_scoring_section,0.78,needs_manual_review,正式证据包候选,,,,,"[""物资类通用""]",,needs_review,inventory_only_needs_original_evidence_or_manual_promotion,review_only,false,,,,rId90,word/media/image81.jpg,75a55052413c4c3f3f59fe2d8db711cfe85b9d3ead02cc11b7518b634d56816d,1654,2339,75a55052413c4c3f3f59fe2d8db711cfe85b9d3ead02cc11b7518b634d56816d,Word内嵌媒体未导出；不得直接提升为正式图片资产
technical-media-0083,technical,media,technical-chapter-030,5,5.3.1.2,5.3.1.2废水、废气、废固报告,,assets/template_words/技术补充文件.docx,（二）专项投标文件 / 5.针对评审要素，需要补充的其他文件 / 5.3.绿色低碳生产及绿色回收 / 5.3.1.建立了绿色生产 / 5.3.1.2废水、废气、废固报告,94,94,tender_scoring_derived,assets/template_words/包1_完整招标文件_92475576192439826/SL2655招标文件-预审.docx,5.针对评审要素，需要补充的其他文件,parent_scoring_section,0.78,needs_manual_review,正式证据包候选,,,,,"[""物资类通用""]",,needs_review,inventory_only_needs_original_evidence_or_manual_promotion,review_only,false,,,,rId91,word/media/image82.jpg,505574f70c8373493a09b4b45a54a0f00dc677b25d88a503d0bb18a67578dcd3,1654,2339,505574f70c8373493a09b4b45a54a0f00dc677b25d88a503d0bb18a67578dcd3,Word内嵌媒体未导出；不得直接提升为正式图片资产
technical-media-0084,technical,media,technical-chapter-030,5,5.3.1.2,5.3.1.2废水、废气、废固报告,,assets/template_words/技术补充文件.docx,（二）专项投标文件 / 5.针对评审要素，需要补充的其他文件 / 5.3.绿色低碳生产及绿色回收 / 5.3.1.建立了绿色生产 / 5.3.1.2废水、废气、废固报告,94,94,tender_scoring_derived,assets/template_words/包1_完整招标文件_92475576192439826/SL2655招标文件-预审.docx,5.针对评审要素，需要补充的其他文件,parent_scoring_section,0.78,needs_manual_review,正式证据包候选,,,,,"[""物资类通用""]",,needs_review,inventory_only_needs_original_evidence_or_manual_promotion,review_only,false,,,,rId92,word/media/image83.jpg,b723af831e8c1da0377ee03de1f0eaccf5f042666af713c77b0cc0fec3521fad,1290,1860,b723af831e8c1da0377ee03de1f0eaccf5f042666af713c77b0cc0fec3521fad,Word内嵌媒体未导出；不得直接提升为正式图片资产
technical-media-0085,technical,media,technical-chapter-030,5,5.3.1.2,5.3.1.2废水、废气、废固报告,,assets/template_words/技术补充文件.docx,（二）专项投标文件 / 5.针对评审要素，需要补充的其他文件 / 5.3.绿色低碳生产及绿色回收 / 5.3.1.建立了绿色生产 / 5.3.1.2废水、废气、废固报告,94,94,tender_scoring_derived,assets/template_words/包1_完整招标文件_92475576192439826/SL2655招标文件-预审.docx,5.针对评审要素，需要补充的其他文件,parent_scoring_section,0.78,needs_manual_review,正式证据包候选,,,,,"[""物资类通用""]",,needs_review,inventory_only_needs_original_evidence_or_manual_promotion,review_only,false,,,,rId93,word/media/image84.jpg,2a4552c37c164a62a9f58310079a8ac63ea59d1c3fd99252d1957b7515398b29,1654,2339,2a4552c37c164a62a9f58310079a8ac63ea59d1c3fd99252d1957b7515398b29,Word内嵌媒体未导出；不得直接提升为正式图片资产
technical-media-0086,technical,media,technical-chapter-030,5,5.3.1.2,5.3.1.2废水、废气、废固报告,,assets/template_words/技术补充文件.docx,（二）专项投标文件 / 5.针对评审要素，需要补充的其他文件 / 5.3.绿色低碳生产及绿色回收 / 5.3.1.建立了绿色生产 / 5.3.1.2废水、废气、废固报告,94,94,tender_scoring_derived,assets/template_words/包1_完整招标文件_92475576192439826/SL2655招标文件-预审.docx,5.针对评审要素，需要补充的其他文件,parent_scoring_section,0.78,needs_manual_review,正式证据包候选,,,,,"[""物资类通用""]",,needs_review,inventory_only_needs_original_evidence_or_manual_promotion,review_only,false,,,,rId94,word/media/image85.jpg,caf7494483ce39fa51d197e57f56f22b62cbedc84adfc0714eda87e8c813808a,1629,2304,caf7494483ce39fa51d197e57f56f22b62cbedc84adfc0714eda87e8c813808a,Word内嵌媒体未导出；不得直接提升为正式图片资产
technical-media-0087,technical,media,technical-chapter-030,5,5.3.1.2,5.3.1.2废水、废气、废固报告,,assets/template_words/技术补充文件.docx,（二）专项投标文件 / 5.针对评审要素，需要补充的其他文件 / 5.3.绿色低碳生产及绿色回收 / 5.3.1.建立了绿色生产 / 5.3.1.2废水、废气、废固报告,94,94,tender_scoring_derived,assets/template_words/包1_完整招标文件_92475576192439826/SL2655招标文件-预审.docx,5.针对评审要素，需要补充的其他文件,parent_scoring_section,0.78,needs_manual_review,正式证据包候选,,,,,"[""物资类通用""]",,needs_review,inventory_only_needs_original_evidence_or_manual_promotion,review_only,false,,,,rId95,word/media/image86.jpg,c9a1552f4a371d820af41f7c4e3b74dde3cd0c3c41364213e265b24f3c559743,1819,2573,c9a1552f4a371d820af41f7c4e3b74dde3cd0c3c41364213e265b24f3c559743,Word内嵌媒体未导出；不得直接提升为正式图片资产
technical-media-0088,technical,media,technical-chapter-030,5,5.3.1.2,5.3.1.2废水、废气、废固报告,,assets/template_words/技术补充文件.docx,（二）专项投标文件 / 5.针对评审要素，需要补充的其他文件 / 5.3.绿色低碳生产及绿色回收 / 5.3.1.建立了绿色生产 / 5.3.1.2废水、废气、废固报告,94,94,tender_scoring_derived,assets/template_words/包1_完整招标文件_92475576192439826/SL2655招标文件-预审.docx,5.针对评审要素，需要补充的其他文件,parent_scoring_section,0.78,needs_manual_review,正式证据包候选,,,,,"[""物资类通用""]",,needs_review,inventory_only_needs_original_evidence_or_manual_promotion,review_only,false,,,,rId96,word/media/image87.jpg,f22069c0d4878944fe9efc9cb8d73a0b6a9cc65d92133577fbb5380bb9d5dc50,1654,2339,f22069c0d4878944fe9efc9cb8d73a0b6a9cc65d92133577fbb5380bb9d5dc50,Word内嵌媒体未导出；不得直接提升为正式图片资产
technical-media-0089,technical,media,technical-chapter-030,5,5.3.1.2,5.3.1.2废水、废气、废固报告,,assets/template_words/技术补充文件.docx,（二）专项投标文件 / 5.针对评审要素，需要补充的其他文件 / 5.3.绿色低碳生产及绿色回收 / 5.3.1.建立了绿色生产 / 5.3.1.2废水、废气、废固报告,94,94,tender_scoring_derived,assets/template_words/包1_完整招标文件_92475576192439826/SL2655招标文件-预审.docx,5.针对评审要素，需要补充的其他文件,parent_scoring_section,0.78,needs_manual_review,正式证据包候选,,,,,"[""物资类通用""]",,needs_review,inventory_only_needs_original_evidence_or_manual_promotion,review_only,false,,,,rId97,word/media/image88.jpg,fc1f69aa3a7ed1b3c4fe655227ec7e5f266400c2100e8744287c0b13f0c93a14,1654,2339,fc1f69aa3a7ed1b3c4fe655227ec7e5f266400c2100e8744287c0b13f0c93a14,Word内嵌媒体未导出；不得直接提升为正式图片资产
technical-media-0090,technical,media,technical-chapter-030,5,5.3.1.2,5.3.1.2废水、废气、废固报告,,assets/template_words/技术补充文件.docx,（二）专项投标文件 / 5.针对评审要素，需要补充的其他文件 / 5.3.绿色低碳生产及绿色回收 / 5.3.1.建立了绿色生产 / 5.3.1.2废水、废气、废固报告,94,94,tender_scoring_derived,assets/template_words/包1_完整招标文件_92475576192439826/SL2655招标文件-预审.docx,5.针对评审要素，需要补充的其他文件,parent_scoring_section,0.78,needs_manual_review,正式证据包候选,,,,,"[""物资类通用""]",,needs_review,inventory_only_needs_original_evidence_or_manual_promotion,review_only,false,,,,rId98,word/media/image89.jpg,1f3bb15d9656d616d3d11e7f4d78df842f1727604f599bbab650085cf0908c15,1654,2339,1f3bb15d9656d616d3d11e7f4d78df842f1727604f599bbab650085cf0908c15,Word内嵌媒体未导出；不得直接提升为正式图片资产
technical-media-0091,technical,media,technical-chapter-030,5,5.3.1.2,5.3.1.2废水、废气、废固报告,,assets/template_words/技术补充文件.docx,（二）专项投标文件 / 5.针对评审要素，需要补充的其他文件 / 5.3.绿色低碳生产及绿色回收 / 5.3.1.建立了绿色生产 / 5.3.1.2废水、废气、废固报告,94,94,tender_scoring_derived,assets/template_words/包1_完整招标文件_92475576192439826/SL2655招标文件-预审.docx,5.针对评审要素，需要补充的其他文件,parent_scoring_section,0.78,needs_manual_review,正式证据包候选,,,,,"[""物资类通用""]",,needs_review,inventory_only_needs_original_evidence_or_manual_promotion,review_only,false,,,,rId99,word/media/image90.jpg,7f094295686f0fc0588f41eaf94aa648b0774d46e14a3d2088ec2ba7d2e45737,1654,2339,7f094295686f0fc0588f41eaf94aa648b0774d46e14a3d2088ec2ba7d2e45737,Word内嵌媒体未导出；不得直接提升为正式图片资产
technical-media-0092,technical,media,technical-chapter-030,5,5.3.1.2,5.3.1.2废水、废气、废固报告,,assets/template_words/技术补充文件.docx,（二）专项投标文件 / 5.针对评审要素，需要补充的其他文件 / 5.3.绿色低碳生产及绿色回收 / 5.3.1.建立了绿色生产 / 5.3.1.2废水、废气、废固报告,94,94,tender_scoring_derived,assets/template_words/包1_完整招标文件_92475576192439826/SL2655招标文件-预审.docx,5.针对评审要素，需要补充的其他文件,parent_scoring_section,0.78,needs_manual_review,正式证据包候选,,,,,"[""物资类通用""]",,needs_review,inventory_only_needs_original_evidence_or_manual_promotion,review_only,false,,,,rId100,word/media/image91.jpg,6abba9199af5af441b2a7f340eba83e4ebe5e4b5a57c22f9917159360f7baeba,1654,2339,6abba9199af5af441b2a7f340eba83e4ebe5e4b5a57c22f9917159360f7baeba,Word内嵌媒体未导出；不得直接提升为正式图片资产
technical-media-0093,technical,media,technical-chapter-030,5,5.3.1.2,5.3.1.2废水、废气、废固报告,,assets/template_words/技术补充文件.docx,（二）专项投标文件 / 5.针对评审要素，需要补充的其他文件 / 5.3.绿色低碳生产及绿色回收 / 5.3.1.建立了绿色生产 / 5.3.1.2废水、废气、废固报告,94,94,tender_scoring_derived,assets/template_words/包1_完整招标文件_92475576192439826/SL2655招标文件-预审.docx,5.针对评审要素，需要补充的其他文件,parent_scoring_section,0.78,needs_manual_review,正式证据包候选,,,,,"[""物资类通用""]",,needs_review,inventory_only_needs_original_evidence_or_manual_promotion,review_only,false,,,,rId101,word/media/image92.jpg,5012ac9c036ac86b2231839d13c6946d0b96015c717b3837bfc7feff2c7b3755,1654,2339,5012ac9c036ac86b2231839d13c6946d0b96015c717b3837bfc7feff2c7b3755,Word内嵌媒体未导出；不得直接提升为正式图片资产
technical-media-0094,technical,media,technical-chapter-030,5,5.3.1.2,5.3.1.2废水、废气、废固报告,,assets/template_words/技术补充文件.docx,（二）专项投标文件 / 5.针对评审要素，需要补充的其他文件 / 5.3.绿色低碳生产及绿色回收 / 5.3.1.建立了绿色生产 / 5.3.1.2废水、废气、废固报告,94,94,tender_scoring_derived,assets/template_words/包1_完整招标文件_92475576192439826/SL2655招标文件-预审.docx,5.针对评审要素，需要补充的其他文件,parent_scoring_section,0.78,needs_manual_review,正式证据包候选,,,,,"[""物资类通用""]",,needs_review,inventory_only_needs_original_evidence_or_manual_promotion,review_only,false,,,,rId102,word/media/image93.jpg,83d697a931a027d98f631d86204b2527475237f72ca4100959dc4b2ae4544fed,1654,2339,83d697a931a027d98f631d86204b2527475237f72ca4100959dc4b2ae4544fed,Word内嵌媒体未导出；不得直接提升为正式图片资产
technical-media-0095,technical,media,technical-chapter-030,5,5.3.1.2,5.3.1.2废水、废气、废固报告,,assets/template_words/技术补充文件.docx,（二）专项投标文件 / 5.针对评审要素，需要补充的其他文件 / 5.3.绿色低碳生产及绿色回收 / 5.3.1.建立了绿色生产 / 5.3.1.2废水、废气、废固报告,94,94,tender_scoring_derived,assets/template_words/包1_完整招标文件_92475576192439826/SL2655招标文件-预审.docx,5.针对评审要素，需要补充的其他文件,parent_scoring_section,0.78,needs_manual_review,正式证据包候选,,,,,"[""物资类通用""]",,needs_review,inventory_only_needs_original_evidence_or_manual_promotion,review_only,false,,,,rId103,word/media/image94.jpg,7e276076b1bf3e5f5d38090c8bd2f9adadbda7d9d15d3b90027b5292c1770caf,1654,2339,7e276076b1bf3e5f5d38090c8bd2f9adadbda7d9d15d3b90027b5292c1770caf,Word内嵌媒体未导出；不得直接提升为正式图片资产
technical-media-0096,technical,media,technical-chapter-030,5,5.3.1.2,5.3.1.2废水、废气、废固报告,,assets/template_words/技术补充文件.docx,（二）专项投标文件 / 5.针对评审要素，需要补充的其他文件 / 5.3.绿色低碳生产及绿色回收 / 5.3.1.建立了绿色生产 / 5.3.1.2废水、废气、废固报告,94,94,tender_scoring_derived,assets/template_words/包1_完整招标文件_92475576192439826/SL2655招标文件-预审.docx,5.针对评审要素，需要补充的其他文件,parent_scoring_section,0.78,needs_manual_review,正式证据包候选,,,,,"[""物资类通用""]",,needs_review,inventory_only_needs_original_evidence_or_manual_promotion,review_only,false,,,,rId104,word/media/image95.jpg,52c95a4974b1987552d0e0a41ed4d07b0d53cbd4babcad29413207e43954d3d2,1654,2339,52c95a4974b1987552d0e0a41ed4d07b0d53cbd4babcad29413207e43954d3d2,Word内嵌媒体未导出；不得直接提升为正式图片资产
technical-media-0097,technical,media,technical-chapter-030,5,5.3.1.2,5.3.1.2废水、废气、废固报告,,assets/template_words/技术补充文件.docx,（二）专项投标文件 / 5.针对评审要素，需要补充的其他文件 / 5.3.绿色低碳生产及绿色回收 / 5.3.1.建立了绿色生产 / 5.3.1.2废水、废气、废固报告,94,94,tender_scoring_derived,assets/template_words/包1_完整招标文件_92475576192439826/SL2655招标文件-预审.docx,5.针对评审要素，需要补充的其他文件,parent_scoring_section,0.78,needs_manual_review,正式证据包候选,,,,,"[""物资类通用""]",,needs_review,inventory_only_needs_original_evidence_or_manual_promotion,review_only,false,,,,rId105,word/media/image96.jpg,c2c1ed62ff99e26e54cc55d895b693d405ab00fd02d5609667a27721e8169e0a,1654,2339,c2c1ed62ff99e26e54cc55d895b693d405ab00fd02d5609667a27721e8169e0a,Word内嵌媒体未导出；不得直接提升为正式图片资产
technical-media-0098,technical,media,technical-chapter-030,5,5.3.1.2,5.3.1.2废水、废气、废固报告,,assets/template_words/技术补充文件.docx,（二）专项投标文件 / 5.针对评审要素，需要补充的其他文件 / 5.3.绿色低碳生产及绿色回收 / 5.3.1.建立了绿色生产 / 5.3.1.2废水、废气、废固报告,94,94,tender_scoring_derived,assets/template_words/包1_完整招标文件_92475576192439826/SL2655招标文件-预审.docx,5.针对评审要素，需要补充的其他文件,parent_scoring_section,0.78,needs_manual_review,正式证据包候选,,,,,"[""物资类通用""]",,needs_review,inventory_only_needs_original_evidence_or_manual_promotion,review_only,false,,,,rId106,word/media/image97.jpg,896b6e54ad4881c2024096a98d272e83897dbe16bac74ee777765c605a86ab91,1654,2339,896b6e54ad4881c2024096a98d272e83897dbe16bac74ee777765c605a86ab91,Word内嵌媒体未导出；不得直接提升为正式图片资产
technical-media-0099,technical,media,technical-chapter-030,5,5.3.1.2,5.3.1.2废水、废气、废固报告,,assets/template_words/技术补充文件.docx,（二）专项投标文件 / 5.针对评审要素，需要补充的其他文件 / 5.3.绿色低碳生产及绿色回收 / 5.3.1.建立了绿色生产 / 5.3.1.2废水、废气、废固报告,94,94,tender_scoring_derived,assets/template_words/包1_完整招标文件_92475576192439826/SL2655招标文件-预审.docx,5.针对评审要素，需要补充的其他文件,parent_scoring_section,0.78,needs_manual_review,正式证据包候选,,,,,"[""物资类通用""]",,needs_review,inventory_only_needs_original_evidence_or_manual_promotion,review_only,false,,,,rId107,word/media/image98.jpg,4ae368b5a75aa330492e3c6006120acf50d37b3cd550478ebff34e1157e030e6,1654,2339,4ae368b5a75aa330492e3c6006120acf50d37b3cd550478ebff34e1157e030e6,Word内嵌媒体未导出；不得直接提升为正式图片资产
technical-media-0100,technical,media,technical-chapter-030,5,5.3.1.2,5.3.1.2废水、废气、废固报告,,assets/template_words/技术补充文件.docx,（二）专项投标文件 / 5.针对评审要素，需要补充的其他文件 / 5.3.绿色低碳生产及绿色回收 / 5.3.1.建立了绿色生产 / 5.3.1.2废水、废气、废固报告,94,94,tender_scoring_derived,assets/template_words/包1_完整招标文件_92475576192439826/SL2655招标文件-预审.docx,5.针对评审要素，需要补充的其他文件,parent_scoring_section,0.78,needs_manual_review,正式证据包候选,,,,,"[""物资类通用""]",,needs_review,inventory_only_needs_original_evidence_or_manual_promotion,review_only,false,,,,rId108,word/media/image99.jpg,b8f2add01f97c112665ccf459a70c292055e1a079986518e53cc85d604f42d7d,1654,2339,b8f2add01f97c112665ccf459a70c292055e1a079986518e53cc85d604f42d7d,Word内嵌媒体未导出；不得直接提升为正式图片资产
technical-media-0101,technical,media,technical-chapter-030,5,5.3.1.2,5.3.1.2废水、废气、废固报告,,assets/template_words/技术补充文件.docx,（二）专项投标文件 / 5.针对评审要素，需要补充的其他文件 / 5.3.绿色低碳生产及绿色回收 / 5.3.1.建立了绿色生产 / 5.3.1.2废水、废气、废固报告,94,94,tender_scoring_derived,assets/template_words/包1_完整招标文件_92475576192439826/SL2655招标文件-预审.docx,5.针对评审要素，需要补充的其他文件,parent_scoring_section,0.78,needs_manual_review,正式证据包候选,,,,,"[""物资类通用""]",,needs_review,inventory_only_needs_original_evidence_or_manual_promotion,review_only,false,,,,rId109,word/media/image100.jpg,16f8e4105db610ef9ad1f92d563fd7fa1788542d9e9cc7c3700a1d45314a2ec3,1654,2339,16f8e4105db610ef9ad1f92d563fd7fa1788542d9e9cc7c3700a1d45314a2ec3,Word内嵌媒体未导出；不得直接提升为正式图片资产
technical-media-0102,technical,media,technical-chapter-030,5,5.3.1.2,5.3.1.2废水、废气、废固报告,,assets/template_words/技术补充文件.docx,（二）专项投标文件 / 5.针对评审要素，需要补充的其他文件 / 5.3.绿色低碳生产及绿色回收 / 5.3.1.建立了绿色生产 / 5.3.1.2废水、废气、废固报告,94,94,tender_scoring_derived,assets/template_words/包1_完整招标文件_92475576192439826/SL2655招标文件-预审.docx,5.针对评审要素，需要补充的其他文件,parent_scoring_section,0.78,needs_manual_review,正式证据包候选,,,,,"[""物资类通用""]",,needs_review,inventory_only_needs_original_evidence_or_manual_promotion,review_only,false,,,,rId110,word/media/image101.jpg,b5e7e6503b048ccb870d2ab8c567dcbf1da812e0cc8ddfc1af1ec11726369712,1654,2339,b5e7e6503b048ccb870d2ab8c567dcbf1da812e0cc8ddfc1af1ec11726369712,Word内嵌媒体未导出；不得直接提升为正式图片资产
technical-media-0103,technical,media,technical-chapter-030,5,5.3.1.2,5.3.1.2废水、废气、废固报告,,assets/template_words/技术补充文件.docx,（二）专项投标文件 / 5.针对评审要素，需要补充的其他文件 / 5.3.绿色低碳生产及绿色回收 / 5.3.1.建立了绿色生产 / 5.3.1.2废水、废气、废固报告,94,94,tender_scoring_derived,assets/template_words/包1_完整招标文件_92475576192439826/SL2655招标文件-预审.docx,5.针对评审要素，需要补充的其他文件,parent_scoring_section,0.78,needs_manual_review,正式证据包候选,,,,,"[""物资类通用""]",,needs_review,inventory_only_needs_original_evidence_or_manual_promotion,review_only,false,,,,rId111,word/media/image102.jpg,479898c47c7870c1d96be4afab55ba9197ae55f0dbaf9894b048c7bdc32bc2e1,1654,2339,479898c47c7870c1d96be4afab55ba9197ae55f0dbaf9894b048c7bdc32bc2e1,Word内嵌媒体未导出；不得直接提升为正式图片资产
technical-media-0104,technical,media,technical-chapter-030,5,5.3.1.2,5.3.1.2废水、废气、废固报告,,assets/template_words/技术补充文件.docx,（二）专项投标文件 / 5.针对评审要素，需要补充的其他文件 / 5.3.绿色低碳生产及绿色回收 / 5.3.1.建立了绿色生产 / 5.3.1.2废水、废气、废固报告,94,94,tender_scoring_derived,assets/template_words/包1_完整招标文件_92475576192439826/SL2655招标文件-预审.docx,5.针对评审要素，需要补充的其他文件,parent_scoring_section,0.78,needs_manual_review,正式证据包候选,,,,,"[""物资类通用""]",,needs_review,inventory_only_needs_original_evidence_or_manual_promotion,review_only,false,,,,rId112,word/media/image103.jpg,f6f6a57e66448f67112dcf237c767f9b28e4b101b68a0167edf577521429f964,1654,2339,f6f6a57e66448f67112dcf237c767f9b28e4b101b68a0167edf577521429f964,Word内嵌媒体未导出；不得直接提升为正式图片资产
technical-media-0105,technical,media,technical-chapter-030,5,5.3.1.2,5.3.1.2废水、废气、废固报告,,assets/template_words/技术补充文件.docx,（二）专项投标文件 / 5.针对评审要素，需要补充的其他文件 / 5.3.绿色低碳生产及绿色回收 / 5.3.1.建立了绿色生产 / 5.3.1.2废水、废气、废固报告,94,94,tender_scoring_derived,assets/template_words/包1_完整招标文件_92475576192439826/SL2655招标文件-预审.docx,5.针对评审要素，需要补充的其他文件,parent_scoring_section,0.78,needs_manual_review,正式证据包候选,,,,,"[""物资类通用""]",,needs_review,inventory_only_needs_original_evidence_or_manual_promotion,review_only,false,,,,rId113,word/media/image104.jpg,499873f6405540c10e11678f274279f9ecd017bb9f69eecc22a291668de10c58,1654,2339,499873f6405540c10e11678f274279f9ecd017bb9f69eecc22a291668de10c58,Word内嵌媒体未导出；不得直接提升为正式图片资产
technical-media-0106,technical,media,technical-chapter-030,5,5.3.1.2,5.3.1.2废水、废气、废固报告,,assets/template_words/技术补充文件.docx,（二）专项投标文件 / 5.针对评审要素，需要补充的其他文件 / 5.3.绿色低碳生产及绿色回收 / 5.3.1.建立了绿色生产 / 5.3.1.2废水、废气、废固报告,94,94,tender_scoring_derived,assets/template_words/包1_完整招标文件_92475576192439826/SL2655招标文件-预审.docx,5.针对评审要素，需要补充的其他文件,parent_scoring_section,0.78,needs_manual_review,正式证据包候选,,,,,"[""物资类通用""]",,needs_review,inventory_only_needs_original_evidence_or_manual_promotion,review_only,false,,,,rId114,word/media/image105.jpg,9986821bf3488d4ae04a8f9b21c06aa8f88a5eb44d39c8c9a6f6b4c6a09ddcea,1654,2339,9986821bf3488d4ae04a8f9b21c06aa8f88a5eb44d39c8c9a6f6b4c6a09ddcea,Word内嵌媒体未导出；不得直接提升为正式图片资产
technical-media-0107,technical,media,technical-chapter-030,5,5.3.1.2,5.3.1.2废水、废气、废固报告,,assets/template_words/技术补充文件.docx,（二）专项投标文件 / 5.针对评审要素，需要补充的其他文件 / 5.3.绿色低碳生产及绿色回收 / 5.3.1.建立了绿色生产 / 5.3.1.2废水、废气、废固报告,94,94,tender_scoring_derived,assets/template_words/包1_完整招标文件_92475576192439826/SL2655招标文件-预审.docx,5.针对评审要素，需要补充的其他文件,parent_scoring_section,0.78,needs_manual_review,正式证据包候选,,,,,"[""物资类通用""]",,needs_review,inventory_only_needs_original_evidence_or_manual_promotion,review_only,false,,,,rId115,word/media/image106.jpg,588d8803f7b67b04a43e4a0013cb1ed5f987a44b15c9b00aaba9c132eaa928b3,1819,2573,588d8803f7b67b04a43e4a0013cb1ed5f987a44b15c9b00aaba9c132eaa928b3,Word内嵌媒体未导出；不得直接提升为正式图片资产
technical-media-0108,technical,media,technical-chapter-030,5,5.3.1.2,5.3.1.2废水、废气、废固报告,,assets/template_words/技术补充文件.docx,（二）专项投标文件 / 5.针对评审要素，需要补充的其他文件 / 5.3.绿色低碳生产及绿色回收 / 5.3.1.建立了绿色生产 / 5.3.1.2废水、废气、废固报告,94,94,tender_scoring_derived,assets/template_words/包1_完整招标文件_92475576192439826/SL2655招标文件-预审.docx,5.针对评审要素，需要补充的其他文件,parent_scoring_section,0.78,needs_manual_review,正式证据包候选,,,,,"[""物资类通用""]",,needs_review,inventory_only_needs_original_evidence_or_manual_promotion,review_only,false,,,,rId116,word/media/image107.jpg,9faab1147ebaafa065624fd2f9808e2ef15677050d630a71f5f42cfe1f5568fe,1654,2339,9faab1147ebaafa065624fd2f9808e2ef15677050d630a71f5f42cfe1f5568fe,Word内嵌媒体未导出；不得直接提升为正式图片资产
technical-media-0109,technical,media,technical-chapter-030,5,5.3.1.2,5.3.1.2废水、废气、废固报告,,assets/template_words/技术补充文件.docx,（二）专项投标文件 / 5.针对评审要素，需要补充的其他文件 / 5.3.绿色低碳生产及绿色回收 / 5.3.1.建立了绿色生产 / 5.3.1.2废水、废气、废固报告,94,94,tender_scoring_derived,assets/template_words/包1_完整招标文件_92475576192439826/SL2655招标文件-预审.docx,5.针对评审要素，需要补充的其他文件,parent_scoring_section,0.78,needs_manual_review,正式证据包候选,,,,,"[""物资类通用""]",,needs_review,inventory_only_needs_original_evidence_or_manual_promotion,review_only,false,,,,rId117,word/media/image108.jpg,ba09806dd491589dff85535255125521d1a320f0e21a14b79a3c20f32352b35e,1654,2339,ba09806dd491589dff85535255125521d1a320f0e21a14b79a3c20f32352b35e,Word内嵌媒体未导出；不得直接提升为正式图片资产
technical-media-0110,technical,media,technical-chapter-030,5,5.3.1.2,5.3.1.2废水、废气、废固报告,,assets/template_words/技术补充文件.docx,（二）专项投标文件 / 5.针对评审要素，需要补充的其他文件 / 5.3.绿色低碳生产及绿色回收 / 5.3.1.建立了绿色生产 / 5.3.1.2废水、废气、废固报告,94,94,tender_scoring_derived,assets/template_words/包1_完整招标文件_92475576192439826/SL2655招标文件-预审.docx,5.针对评审要素，需要补充的其他文件,parent_scoring_section,0.78,needs_manual_review,正式证据包候选,,,,,"[""物资类通用""]",,needs_review,inventory_only_needs_original_evidence_or_manual_promotion,review_only,false,,,,rId118,word/media/image109.jpg,9fc2e200f1380cc03b9b37a78e7f94de68cd477d4d218839566a52232e962998,1654,2339,9fc2e200f1380cc03b9b37a78e7f94de68cd477d4d218839566a52232e962998,Word内嵌媒体未导出；不得直接提升为正式图片资产
technical-media-0111,technical,media,technical-chapter-030,5,5.3.1.2,5.3.1.2废水、废气、废固报告,,assets/template_words/技术补充文件.docx,（二）专项投标文件 / 5.针对评审要素，需要补充的其他文件 / 5.3.绿色低碳生产及绿色回收 / 5.3.1.建立了绿色生产 / 5.3.1.2废水、废气、废固报告,94,94,tender_scoring_derived,assets/template_words/包1_完整招标文件_92475576192439826/SL2655招标文件-预审.docx,5.针对评审要素，需要补充的其他文件,parent_scoring_section,0.78,needs_manual_review,正式证据包候选,,,,,"[""物资类通用""]",,needs_review,inventory_only_needs_original_evidence_or_manual_promotion,review_only,false,,,,rId119,word/media/image110.jpg,8f9d12a787446e50ee40a078e169fd53165c84873183815d3b977cd7179d6344,1654,2339,8f9d12a787446e50ee40a078e169fd53165c84873183815d3b977cd7179d6344,Word内嵌媒体未导出；不得直接提升为正式图片资产
technical-media-0112,technical,media,technical-chapter-030,5,5.3.1.2,5.3.1.2废水、废气、废固报告,,assets/template_words/技术补充文件.docx,（二）专项投标文件 / 5.针对评审要素，需要补充的其他文件 / 5.3.绿色低碳生产及绿色回收 / 5.3.1.建立了绿色生产 / 5.3.1.2废水、废气、废固报告,94,94,tender_scoring_derived,assets/template_words/包1_完整招标文件_92475576192439826/SL2655招标文件-预审.docx,5.针对评审要素，需要补充的其他文件,parent_scoring_section,0.78,needs_manual_review,正式证据包候选,,,,,"[""物资类通用""]",,needs_review,inventory_only_needs_original_evidence_or_manual_promotion,review_only,false,,,,rId120,word/media/image111.jpg,685812d25e29b09f6c3f5b146fb53fd45614e461f55be101e3e7b8a7458207d2,1654,2339,685812d25e29b09f6c3f5b146fb53fd45614e461f55be101e3e7b8a7458207d2,Word内嵌媒体未导出；不得直接提升为正式图片资产
technical-chapter-031,technical,chapter,technical-chapter-031,5,5.3.1.3.,5.3.1.3.现状环境影响评估报告,,assets/template_words/技术补充文件.docx,（二）专项投标文件 / 5.针对评审要素，需要补充的其他文件 / 5.3.绿色低碳生产及绿色回收 / 5.3.1.建立了绿色生产 / 5.3.1.3.现状环境影响评估报告,128,217,tender_scoring_derived,assets/template_words/包1_完整招标文件_92475576192439826/SL2655招标文件-预审.docx,5.针对评审要素，需要补充的其他文件,parent_scoring_section,0.78,needs_manual_review,正式证据包候选,,,,,"[""物资类通用""]",,needs_review,manual_review_before_skeleton_reuse,review_only,false,,,,,,,,,2b2fd302d94bef8e90944a75fa373d8760e2bdd387cba8742cc6eafa560cabfc,
technical-media-0113,technical,media,technical-chapter-031,5,5.3.1.3.,5.3.1.3.现状环境影响评估报告,,assets/template_words/技术补充文件.docx,（二）专项投标文件 / 5.针对评审要素，需要补充的其他文件 / 5.3.绿色低碳生产及绿色回收 / 5.3.1.建立了绿色生产 / 5.3.1.3.现状环境影响评估报告,128,128,tender_scoring_derived,assets/template_words/包1_完整招标文件_92475576192439826/SL2655招标文件-预审.docx,5.针对评审要素，需要补充的其他文件,parent_scoring_section,0.78,needs_manual_review,正式证据包候选,,,,,"[""物资类通用""]",,needs_review,inventory_only_needs_original_evidence_or_manual_promotion,review_only,false,,,,rId121,word/media/image112.jpeg,8e24f6a724ab97a277d1d2c86f891803db59984c28c196c5883f61389929cd77,2480,3507,8e24f6a724ab97a277d1d2c86f891803db59984c28c196c5883f61389929cd77,Word内嵌媒体未导出；不得直接提升为正式图片资产
technical-media-0114,technical,media,technical-chapter-031,5,5.3.1.3.,5.3.1.3.现状环境影响评估报告,,assets/template_words/技术补充文件.docx,（二）专项投标文件 / 5.针对评审要素，需要补充的其他文件 / 5.3.绿色低碳生产及绿色回收 / 5.3.1.建立了绿色生产 / 5.3.1.3.现状环境影响评估报告,128,128,tender_scoring_derived,assets/template_words/包1_完整招标文件_92475576192439826/SL2655招标文件-预审.docx,5.针对评审要素，需要补充的其他文件,parent_scoring_section,0.78,needs_manual_review,正式证据包候选,,,,,"[""物资类通用""]",,needs_review,inventory_only_needs_original_evidence_or_manual_promotion,review_only,false,,,,rId122,word/media/image113.jpeg,7d1d24a2e7f12ae1c9d2e7ea02fe5edaec20cb1c540c8fae1abbcdfb2146f1ea,1266,1794,7d1d24a2e7f12ae1c9d2e7ea02fe5edaec20cb1c540c8fae1abbcdfb2146f1ea,Word内嵌媒体未导出；不得直接提升为正式图片资产
technical-media-0115,technical,media,technical-chapter-031,5,5.3.1.3.,5.3.1.3.现状环境影响评估报告,,assets/template_words/技术补充文件.docx,（二）专项投标文件 / 5.针对评审要素，需要补充的其他文件 / 5.3.绿色低碳生产及绿色回收 / 5.3.1.建立了绿色生产 / 5.3.1.3.现状环境影响评估报告,128,128,tender_scoring_derived,assets/template_words/包1_完整招标文件_92475576192439826/SL2655招标文件-预审.docx,5.针对评审要素，需要补充的其他文件,parent_scoring_section,0.78,needs_manual_review,正式证据包候选,,,,,"[""物资类通用""]",,needs_review,inventory_only_needs_original_evidence_or_manual_promotion,review_only,false,,,,rId123,word/media/image114.jpeg,bbe38d2c7dee30948389dc25fe42c074fce74c1c46189affee0900a8f77f7f96,1266,1794,bbe38d2c7dee30948389dc25fe42c074fce74c1c46189affee0900a8f77f7f96,Word内嵌媒体未导出；不得直接提升为正式图片资产
technical-media-0116,technical,media,technical-chapter-031,5,5.3.1.3.,5.3.1.3.现状环境影响评估报告,,assets/template_words/技术补充文件.docx,（二）专项投标文件 / 5.针对评审要素，需要补充的其他文件 / 5.3.绿色低碳生产及绿色回收 / 5.3.1.建立了绿色生产 / 5.3.1.3.现状环境影响评估报告,128,128,tender_scoring_derived,assets/template_words/包1_完整招标文件_92475576192439826/SL2655招标文件-预审.docx,5.针对评审要素，需要补充的其他文件,parent_scoring_section,0.78,needs_manual_review,正式证据包候选,,,,,"[""物资类通用""]",,needs_review,inventory_only_needs_original_evidence_or_manual_promotion,review_only,false,,,,rId124,word/media/image115.jpeg,7dbc70784a36053d79fe5a601ad065eea400999a0660474e13993cd1c2f0d4bb,1266,1794,7dbc70784a36053d79fe5a601ad065eea400999a0660474e13993cd1c2f0d4bb,Word内嵌媒体未导出；不得直接提升为正式图片资产
technical-media-0117,technical,media,technical-chapter-031,5,5.3.1.3.,5.3.1.3.现状环境影响评估报告,,assets/template_words/技术补充文件.docx,（二）专项投标文件 / 5.针对评审要素，需要补充的其他文件 / 5.3.绿色低碳生产及绿色回收 / 5.3.1.建立了绿色生产 / 5.3.1.3.现状环境影响评估报告,128,128,tender_scoring_derived,assets/template_words/包1_完整招标文件_92475576192439826/SL2655招标文件-预审.docx,5.针对评审要素，需要补充的其他文件,parent_scoring_section,0.78,needs_manual_review,正式证据包候选,,,,,"[""物资类通用""]",,needs_review,inventory_only_needs_original_evidence_or_manual_promotion,review_only,false,,,,rId125,word/media/image116.jpeg,b2006428acf2873c9c774620c1721a97d2424928f4799409e86f08cc404af1d0,2480,3507,b2006428acf2873c9c774620c1721a97d2424928f4799409e86f08cc404af1d0,Word内嵌媒体未导出；不得直接提升为正式图片资产
technical-media-0118,technical,media,technical-chapter-031,5,5.3.1.3.,5.3.1.3.现状环境影响评估报告,,assets/template_words/技术补充文件.docx,（二）专项投标文件 / 5.针对评审要素，需要补充的其他文件 / 5.3.绿色低碳生产及绿色回收 / 5.3.1.建立了绿色生产 / 5.3.1.3.现状环境影响评估报告,128,128,tender_scoring_derived,assets/template_words/包1_完整招标文件_92475576192439826/SL2655招标文件-预审.docx,5.针对评审要素，需要补充的其他文件,parent_scoring_section,0.78,needs_manual_review,正式证据包候选,,,,,"[""物资类通用""]",,needs_review,inventory_only_needs_original_evidence_or_manual_promotion,review_only,false,,,,rId126,word/media/image117.jpeg,993640090a656b25cdce4684e9464de4c040760296847853f703ad0c8c9b3d31,2480,3507,993640090a656b25cdce4684e9464de4c040760296847853f703ad0c8c9b3d31,Word内嵌媒体未导出；不得直接提升为正式图片资产
technical-media-0119,technical,media,technical-chapter-031,5,5.3.1.3.,5.3.1.3.现状环境影响评估报告,,assets/template_words/技术补充文件.docx,（二）专项投标文件 / 5.针对评审要素，需要补充的其他文件 / 5.3.绿色低碳生产及绿色回收 / 5.3.1.建立了绿色生产 / 5.3.1.3.现状环境影响评估报告,128,128,tender_scoring_derived,assets/template_words/包1_完整招标文件_92475576192439826/SL2655招标文件-预审.docx,5.针对评审要素，需要补充的其他文件,parent_scoring_section,0.78,needs_manual_review,正式证据包候选,,,,,"[""物资类通用""]",,needs_review,inventory_only_needs_original_evidence_or_manual_promotion,review_only,false,,,,rId127,word/media/image118.jpeg,47dfbd34a32b588e1bd59470918b25f7289664602e450bd4dd339ab559a8187f,1266,1794,47dfbd34a32b588e1bd59470918b25f7289664602e450bd4dd339ab559a8187f,Word内嵌媒体未导出；不得直接提升为正式图片资产
technical-media-0120,technical,media,technical-chapter-031,5,5.3.1.3.,5.3.1.3.现状环境影响评估报告,,assets/template_words/技术补充文件.docx,（二）专项投标文件 / 5.针对评审要素，需要补充的其他文件 / 5.3.绿色低碳生产及绿色回收 / 5.3.1.建立了绿色生产 / 5.3.1.3.现状环境影响评估报告,128,128,tender_scoring_derived,assets/template_words/包1_完整招标文件_92475576192439826/SL2655招标文件-预审.docx,5.针对评审要素，需要补充的其他文件,parent_scoring_section,0.78,needs_manual_review,正式证据包候选,,,,,"[""物资类通用""]",,needs_review,inventory_only_needs_original_evidence_or_manual_promotion,review_only,false,,,,rId128,word/media/image119.jpeg,15e045907d29a4fd81f083cf246a70d5248ae9a8d1bc55a2323e0dc4bbc56c46,2480,3507,15e045907d29a4fd81f083cf246a70d5248ae9a8d1bc55a2323e0dc4bbc56c46,Word内嵌媒体未导出；不得直接提升为正式图片资产
technical-media-0121,technical,media,technical-chapter-031,5,5.3.1.3.,5.3.1.3.现状环境影响评估报告,,assets/template_words/技术补充文件.docx,（二）专项投标文件 / 5.针对评审要素，需要补充的其他文件 / 5.3.绿色低碳生产及绿色回收 / 5.3.1.建立了绿色生产 / 5.3.1.3.现状环境影响评估报告,128,128,tender_scoring_derived,assets/template_words/包1_完整招标文件_92475576192439826/SL2655招标文件-预审.docx,5.针对评审要素，需要补充的其他文件,parent_scoring_section,0.78,needs_manual_review,正式证据包候选,,,,,"[""物资类通用""]",,needs_review,inventory_only_needs_original_evidence_or_manual_promotion,review_only,false,,,,rId129,word/media/image120.jpeg,bb7519dfc61be6ec193f527a77f0ec24c38205689472f95898e6b014f89d6215,2480,3507,bb7519dfc61be6ec193f527a77f0ec24c38205689472f95898e6b014f89d6215,Word内嵌媒体未导出；不得直接提升为正式图片资产
technical-media-0122,technical,media,technical-chapter-031,5,5.3.1.3.,5.3.1.3.现状环境影响评估报告,,assets/template_words/技术补充文件.docx,（二）专项投标文件 / 5.针对评审要素，需要补充的其他文件 / 5.3.绿色低碳生产及绿色回收 / 5.3.1.建立了绿色生产 / 5.3.1.3.现状环境影响评估报告,128,128,tender_scoring_derived,assets/template_words/包1_完整招标文件_92475576192439826/SL2655招标文件-预审.docx,5.针对评审要素，需要补充的其他文件,parent_scoring_section,0.78,needs_manual_review,正式证据包候选,,,,,"[""物资类通用""]",,needs_review,inventory_only_needs_original_evidence_or_manual_promotion,review_only,false,,,,rId130,word/media/image121.jpeg,f3c5130a731320a4ffab7902dc3eba222c714806a4513c7a929684dc83d5e967,1266,1794,f3c5130a731320a4ffab7902dc3eba222c714806a4513c7a929684dc83d5e967,Word内嵌媒体未导出；不得直接提升为正式图片资产
technical-media-0123,technical,media,technical-chapter-031,5,5.3.1.3.,5.3.1.3.现状环境影响评估报告,,assets/template_words/技术补充文件.docx,（二）专项投标文件 / 5.针对评审要素，需要补充的其他文件 / 5.3.绿色低碳生产及绿色回收 / 5.3.1.建立了绿色生产 / 5.3.1.3.现状环境影响评估报告,128,128,tender_scoring_derived,assets/template_words/包1_完整招标文件_92475576192439826/SL2655招标文件-预审.docx,5.针对评审要素，需要补充的其他文件,parent_scoring_section,0.78,needs_manual_review,正式证据包候选,,,,,"[""物资类通用""]",,needs_review,inventory_only_needs_original_evidence_or_manual_promotion,review_only,false,,,,rId131,word/media/image122.jpeg,94f33be3e1899ed94b2e5c206df57343762376b81c120427392ac0a2cb36152e,2480,3507,94f33be3e1899ed94b2e5c206df57343762376b81c120427392ac0a2cb36152e,Word内嵌媒体未导出；不得直接提升为正式图片资产
technical-media-0124,technical,media,technical-chapter-031,5,5.3.1.3.,5.3.1.3.现状环境影响评估报告,,assets/template_words/技术补充文件.docx,（二）专项投标文件 / 5.针对评审要素，需要补充的其他文件 / 5.3.绿色低碳生产及绿色回收 / 5.3.1.建立了绿色生产 / 5.3.1.3.现状环境影响评估报告,128,128,tender_scoring_derived,assets/template_words/包1_完整招标文件_92475576192439826/SL2655招标文件-预审.docx,5.针对评审要素，需要补充的其他文件,parent_scoring_section,0.78,needs_manual_review,正式证据包候选,,,,,"[""物资类通用""]",,needs_review,inventory_only_needs_original_evidence_or_manual_promotion,review_only,false,,,,rId132,word/media/image123.jpeg,643dd28150bce48492e553b7b7c74a5ca735a020e2888eff059df2a8522aae9a,1266,1794,643dd28150bce48492e553b7b7c74a5ca735a020e2888eff059df2a8522aae9a,Word内嵌媒体未导出；不得直接提升为正式图片资产
technical-media-0125,technical,media,technical-chapter-031,5,5.3.1.3.,5.3.1.3.现状环境影响评估报告,,assets/template_words/技术补充文件.docx,（二）专项投标文件 / 5.针对评审要素，需要补充的其他文件 / 5.3.绿色低碳生产及绿色回收 / 5.3.1.建立了绿色生产 / 5.3.1.3.现状环境影响评估报告,128,128,tender_scoring_derived,assets/template_words/包1_完整招标文件_92475576192439826/SL2655招标文件-预审.docx,5.针对评审要素，需要补充的其他文件,parent_scoring_section,0.78,needs_manual_review,正式证据包候选,,,,,"[""物资类通用""]",,needs_review,inventory_only_needs_original_evidence_or_manual_promotion,review_only,false,,,,rId133,word/media/image124.jpeg,337bb43a0e8919924f3adf2f163ef5ffaa6eee59dfb0e9d9a2fc9b2589b1ad77,2480,3507,337bb43a0e8919924f3adf2f163ef5ffaa6eee59dfb0e9d9a2fc9b2589b1ad77,Word内嵌媒体未导出；不得直接提升为正式图片资产
technical-media-0126,technical,media,technical-chapter-031,5,5.3.1.3.,5.3.1.3.现状环境影响评估报告,,assets/template_words/技术补充文件.docx,（二）专项投标文件 / 5.针对评审要素，需要补充的其他文件 / 5.3.绿色低碳生产及绿色回收 / 5.3.1.建立了绿色生产 / 5.3.1.3.现状环境影响评估报告,128,128,tender_scoring_derived,assets/template_words/包1_完整招标文件_92475576192439826/SL2655招标文件-预审.docx,5.针对评审要素，需要补充的其他文件,parent_scoring_section,0.78,needs_manual_review,正式证据包候选,,,,,"[""物资类通用""]",,needs_review,inventory_only_needs_original_evidence_or_manual_promotion,review_only,false,,,,rId134,word/media/image125.jpeg,5d95cd885079ef019a18453a0b9ec16a74e7078e1f9a91153cf5ce177412df7a,1266,1794,5d95cd885079ef019a18453a0b9ec16a74e7078e1f9a91153cf5ce177412df7a,Word内嵌媒体未导出；不得直接提升为正式图片资产
technical-media-0127,technical,media,technical-chapter-031,5,5.3.1.3.,5.3.1.3.现状环境影响评估报告,,assets/template_words/技术补充文件.docx,（二）专项投标文件 / 5.针对评审要素，需要补充的其他文件 / 5.3.绿色低碳生产及绿色回收 / 5.3.1.建立了绿色生产 / 5.3.1.3.现状环境影响评估报告,128,128,tender_scoring_derived,assets/template_words/包1_完整招标文件_92475576192439826/SL2655招标文件-预审.docx,5.针对评审要素，需要补充的其他文件,parent_scoring_section,0.78,needs_manual_review,正式证据包候选,,,,,"[""物资类通用""]",,needs_review,inventory_only_needs_original_evidence_or_manual_promotion,review_only,false,,,,rId135,word/media/image126.jpeg,ab3353880325d22b5429960ecce976790704e263e9dcaae174eda29fdca3a8b8,2480,3507,ab3353880325d22b5429960ecce976790704e263e9dcaae174eda29fdca3a8b8,Word内嵌媒体未导出；不得直接提升为正式图片资产
technical-media-0128,technical,media,technical-chapter-031,5,5.3.1.3.,5.3.1.3.现状环境影响评估报告,,assets/template_words/技术补充文件.docx,（二）专项投标文件 / 5.针对评审要素，需要补充的其他文件 / 5.3.绿色低碳生产及绿色回收 / 5.3.1.建立了绿色生产 / 5.3.1.3.现状环境影响评估报告,128,128,tender_scoring_derived,assets/template_words/包1_完整招标文件_92475576192439826/SL2655招标文件-预审.docx,5.针对评审要素，需要补充的其他文件,parent_scoring_section,0.78,needs_manual_review,正式证据包候选,,,,,"[""物资类通用""]",,needs_review,inventory_only_needs_original_evidence_or_manual_promotion,review_only,false,,,,rId136,word/media/image127.jpeg,b2b9a951b94f1b3225135e52a2d8c223f6b73831b2c29cd6582dde1e4e2728fa,2480,3507,b2b9a951b94f1b3225135e52a2d8c223f6b73831b2c29cd6582dde1e4e2728fa,Word内嵌媒体未导出；不得直接提升为正式图片资产
technical-media-0129,technical,media,technical-chapter-031,5,5.3.1.3.,5.3.1.3.现状环境影响评估报告,,assets/template_words/技术补充文件.docx,（二）专项投标文件 / 5.针对评审要素，需要补充的其他文件 / 5.3.绿色低碳生产及绿色回收 / 5.3.1.建立了绿色生产 / 5.3.1.3.现状环境影响评估报告,128,128,tender_scoring_derived,assets/template_words/包1_完整招标文件_92475576192439826/SL2655招标文件-预审.docx,5.针对评审要素，需要补充的其他文件,parent_scoring_section,0.78,needs_manual_review,正式证据包候选,,,,,"[""物资类通用""]",,needs_review,inventory_only_needs_original_evidence_or_manual_promotion,review_only,false,,,,rId137,word/media/image128.jpeg,5ea7609d266696f2645b111297a8a8dfc1c44070fdddbc8fdb01c011148ec128,2480,3507,5ea7609d266696f2645b111297a8a8dfc1c44070fdddbc8fdb01c011148ec128,Word内嵌媒体未导出；不得直接提升为正式图片资产
technical-media-0130,technical,media,technical-chapter-031,5,5.3.1.3.,5.3.1.3.现状环境影响评估报告,,assets/template_words/技术补充文件.docx,（二）专项投标文件 / 5.针对评审要素，需要补充的其他文件 / 5.3.绿色低碳生产及绿色回收 / 5.3.1.建立了绿色生产 / 5.3.1.3.现状环境影响评估报告,128,128,tender_scoring_derived,assets/template_words/包1_完整招标文件_92475576192439826/SL2655招标文件-预审.docx,5.针对评审要素，需要补充的其他文件,parent_scoring_section,0.78,needs_manual_review,正式证据包候选,,,,,"[""物资类通用""]",,needs_review,inventory_only_needs_original_evidence_or_manual_promotion,review_only,false,,,,rId138,word/media/image129.jpeg,9f82795c7f45965df6390754dd848877022e96ad2efd54c8ec901a90eba09cbd,2480,3507,9f82795c7f45965df6390754dd848877022e96ad2efd54c8ec901a90eba09cbd,Word内嵌媒体未导出；不得直接提升为正式图片资产
technical-media-0131,technical,media,technical-chapter-031,5,5.3.1.3.,5.3.1.3.现状环境影响评估报告,,assets/template_words/技术补充文件.docx,（二）专项投标文件 / 5.针对评审要素，需要补充的其他文件 / 5.3.绿色低碳生产及绿色回收 / 5.3.1.建立了绿色生产 / 5.3.1.3.现状环境影响评估报告,128,128,tender_scoring_derived,assets/template_words/包1_完整招标文件_92475576192439826/SL2655招标文件-预审.docx,5.针对评审要素，需要补充的其他文件,parent_scoring_section,0.78,needs_manual_review,正式证据包候选,,,,,"[""物资类通用""]",,needs_review,inventory_only_needs_original_evidence_or_manual_promotion,review_only,false,,,,rId139,word/media/image130.jpeg,9101c0589ed2af680f3f5802b58af437004e37393b29e2aebd195ccc2dbb1727,2480,3507,9101c0589ed2af680f3f5802b58af437004e37393b29e2aebd195ccc2dbb1727,Word内嵌媒体未导出；不得直接提升为正式图片资产
technical-media-0132,technical,media,technical-chapter-031,5,5.3.1.3.,5.3.1.3.现状环境影响评估报告,,assets/template_words/技术补充文件.docx,（二）专项投标文件 / 5.针对评审要素，需要补充的其他文件 / 5.3.绿色低碳生产及绿色回收 / 5.3.1.建立了绿色生产 / 5.3.1.3.现状环境影响评估报告,128,128,tender_scoring_derived,assets/template_words/包1_完整招标文件_92475576192439826/SL2655招标文件-预审.docx,5.针对评审要素，需要补充的其他文件,parent_scoring_section,0.78,needs_manual_review,正式证据包候选,,,,,"[""物资类通用""]",,needs_review,inventory_only_needs_original_evidence_or_manual_promotion,review_only,false,,,,rId140,word/media/image131.jpeg,fde1f096c69e065fa4d3c87cc5d25a236f016387bb0dda50a3f649ad0c08120b,2480,3507,fde1f096c69e065fa4d3c87cc5d25a236f016387bb0dda50a3f649ad0c08120b,Word内嵌媒体未导出；不得直接提升为正式图片资产
technical-media-0133,technical,media,technical-chapter-031,5,5.3.1.3.,5.3.1.3.现状环境影响评估报告,,assets/template_words/技术补充文件.docx,（二）专项投标文件 / 5.针对评审要素，需要补充的其他文件 / 5.3.绿色低碳生产及绿色回收 / 5.3.1.建立了绿色生产 / 5.3.1.3.现状环境影响评估报告,128,128,tender_scoring_derived,assets/template_words/包1_完整招标文件_92475576192439826/SL2655招标文件-预审.docx,5.针对评审要素，需要补充的其他文件,parent_scoring_section,0.78,needs_manual_review,正式证据包候选,,,,,"[""物资类通用""]",,needs_review,inventory_only_needs_original_evidence_or_manual_promotion,review_only,false,,,,rId141,word/media/image132.jpeg,1cd65e41fc3658da45dc05011e34a75da83ebb6b4052950aa03944d8790d1d52,2480,3507,1cd65e41fc3658da45dc05011e34a75da83ebb6b4052950aa03944d8790d1d52,Word内嵌媒体未导出；不得直接提升为正式图片资产
technical-media-0134,technical,media,technical-chapter-031,5,5.3.1.3.,5.3.1.3.现状环境影响评估报告,,assets/template_words/技术补充文件.docx,（二）专项投标文件 / 5.针对评审要素，需要补充的其他文件 / 5.3.绿色低碳生产及绿色回收 / 5.3.1.建立了绿色生产 / 5.3.1.3.现状环境影响评估报告,128,128,tender_scoring_derived,assets/template_words/包1_完整招标文件_92475576192439826/SL2655招标文件-预审.docx,5.针对评审要素，需要补充的其他文件,parent_scoring_section,0.78,needs_manual_review,正式证据包候选,,,,,"[""物资类通用""]",,needs_review,inventory_only_needs_original_evidence_or_manual_promotion,review_only,false,,,,rId142,word/media/image133.jpeg,9ef0a72b549a609ff1f0558d023bde09f694b3c13e4921e9b8d4e17c8ed444a4,2480,3507,9ef0a72b549a609ff1f0558d023bde09f694b3c13e4921e9b8d4e17c8ed444a4,Word内嵌媒体未导出；不得直接提升为正式图片资产
technical-media-0135,technical,media,technical-chapter-031,5,5.3.1.3.,5.3.1.3.现状环境影响评估报告,,assets/template_words/技术补充文件.docx,（二）专项投标文件 / 5.针对评审要素，需要补充的其他文件 / 5.3.绿色低碳生产及绿色回收 / 5.3.1.建立了绿色生产 / 5.3.1.3.现状环境影响评估报告,128,128,tender_scoring_derived,assets/template_words/包1_完整招标文件_92475576192439826/SL2655招标文件-预审.docx,5.针对评审要素，需要补充的其他文件,parent_scoring_section,0.78,needs_manual_review,正式证据包候选,,,,,"[""物资类通用""]",,needs_review,inventory_only_needs_original_evidence_or_manual_promotion,review_only,false,,,,rId143,word/media/image134.jpeg,effb6806b9ebdc8a5b5513850b40c367dd37d03cbde7661043049b8fc4e2586e,1266,1794,effb6806b9ebdc8a5b5513850b40c367dd37d03cbde7661043049b8fc4e2586e,Word内嵌媒体未导出；不得直接提升为正式图片资产
technical-media-0136,technical,media,technical-chapter-031,5,5.3.1.3.,5.3.1.3.现状环境影响评估报告,,assets/template_words/技术补充文件.docx,（二）专项投标文件 / 5.针对评审要素，需要补充的其他文件 / 5.3.绿色低碳生产及绿色回收 / 5.3.1.建立了绿色生产 / 5.3.1.3.现状环境影响评估报告,128,128,tender_scoring_derived,assets/template_words/包1_完整招标文件_92475576192439826/SL2655招标文件-预审.docx,5.针对评审要素，需要补充的其他文件,parent_scoring_section,0.78,needs_manual_review,正式证据包候选,,,,,"[""物资类通用""]",,needs_review,inventory_only_needs_original_evidence_or_manual_promotion,review_only,false,,,,rId144,word/media/image135.jpeg,ddc76de9a85a3849acdb1eb52e98e709b59b6567ac873daddf82fe35bd6d6437,1266,1794,ddc76de9a85a3849acdb1eb52e98e709b59b6567ac873daddf82fe35bd6d6437,Word内嵌媒体未导出；不得直接提升为正式图片资产
technical-media-0137,technical,media,technical-chapter-031,5,5.3.1.3.,5.3.1.3.现状环境影响评估报告,,assets/template_words/技术补充文件.docx,（二）专项投标文件 / 5.针对评审要素，需要补充的其他文件 / 5.3.绿色低碳生产及绿色回收 / 5.3.1.建立了绿色生产 / 5.3.1.3.现状环境影响评估报告,128,128,tender_scoring_derived,assets/template_words/包1_完整招标文件_92475576192439826/SL2655招标文件-预审.docx,5.针对评审要素，需要补充的其他文件,parent_scoring_section,0.78,needs_manual_review,正式证据包候选,,,,,"[""物资类通用""]",,needs_review,inventory_only_needs_original_evidence_or_manual_promotion,review_only,false,,,,rId145,word/media/image136.jpeg,9b9d318a5b35714f7c97340e8513925f924208545d8bfed4f3732cadf414bfc3,1266,1794,9b9d318a5b35714f7c97340e8513925f924208545d8bfed4f3732cadf414bfc3,Word内嵌媒体未导出；不得直接提升为正式图片资产
technical-media-0138,technical,media,technical-chapter-031,5,5.3.1.3.,5.3.1.3.现状环境影响评估报告,,assets/template_words/技术补充文件.docx,（二）专项投标文件 / 5.针对评审要素，需要补充的其他文件 / 5.3.绿色低碳生产及绿色回收 / 5.3.1.建立了绿色生产 / 5.3.1.3.现状环境影响评估报告,128,128,tender_scoring_derived,assets/template_words/包1_完整招标文件_92475576192439826/SL2655招标文件-预审.docx,5.针对评审要素，需要补充的其他文件,parent_scoring_section,0.78,needs_manual_review,正式证据包候选,,,,,"[""物资类通用""]",,needs_review,inventory_only_needs_original_evidence_or_manual_promotion,review_only,false,,,,rId146,word/media/image137.jpeg,0e273dd622dc112d10f886b9e9cf0e9396bd3a9fb0d229ce2a36bbc3a4eee6de,1266,1794,0e273dd622dc112d10f886b9e9cf0e9396bd3a9fb0d229ce2a36bbc3a4eee6de,Word内嵌媒体未导出；不得直接提升为正式图片资产
technical-media-0139,technical,media,technical-chapter-031,5,5.3.1.3.,5.3.1.3.现状环境影响评估报告,,assets/template_words/技术补充文件.docx,（二）专项投标文件 / 5.针对评审要素，需要补充的其他文件 / 5.3.绿色低碳生产及绿色回收 / 5.3.1.建立了绿色生产 / 5.3.1.3.现状环境影响评估报告,128,128,tender_scoring_derived,assets/template_words/包1_完整招标文件_92475576192439826/SL2655招标文件-预审.docx,5.针对评审要素，需要补充的其他文件,parent_scoring_section,0.78,needs_manual_review,正式证据包候选,,,,,"[""物资类通用""]",,needs_review,inventory_only_needs_original_evidence_or_manual_promotion,review_only,false,,,,rId147,word/media/image138.jpeg,53f6d46711bf082d4ff78005278b662d65813d5db0ff022ac04c202ef78479cf,2480,3507,53f6d46711bf082d4ff78005278b662d65813d5db0ff022ac04c202ef78479cf,Word内嵌媒体未导出；不得直接提升为正式图片资产
technical-media-0140,technical,media,technical-chapter-031,5,5.3.1.3.,5.3.1.3.现状环境影响评估报告,,assets/template_words/技术补充文件.docx,（二）专项投标文件 / 5.针对评审要素，需要补充的其他文件 / 5.3.绿色低碳生产及绿色回收 / 5.3.1.建立了绿色生产 / 5.3.1.3.现状环境影响评估报告,128,128,tender_scoring_derived,assets/template_words/包1_完整招标文件_92475576192439826/SL2655招标文件-预审.docx,5.针对评审要素，需要补充的其他文件,parent_scoring_section,0.78,needs_manual_review,正式证据包候选,,,,,"[""物资类通用""]",,needs_review,inventory_only_needs_original_evidence_or_manual_promotion,review_only,false,,,,rId148,word/media/image139.jpeg,b49f2c4536e09c3d482813a31cfb86512ef663a8256ab4f6c059b891254c8fce,2480,3507,b49f2c4536e09c3d482813a31cfb86512ef663a8256ab4f6c059b891254c8fce,Word内嵌媒体未导出；不得直接提升为正式图片资产
technical-media-0141,technical,media,technical-chapter-031,5,5.3.1.3.,5.3.1.3.现状环境影响评估报告,,assets/template_words/技术补充文件.docx,（二）专项投标文件 / 5.针对评审要素，需要补充的其他文件 / 5.3.绿色低碳生产及绿色回收 / 5.3.1.建立了绿色生产 / 5.3.1.3.现状环境影响评估报告,128,128,tender_scoring_derived,assets/template_words/包1_完整招标文件_92475576192439826/SL2655招标文件-预审.docx,5.针对评审要素，需要补充的其他文件,parent_scoring_section,0.78,needs_manual_review,正式证据包候选,,,,,"[""物资类通用""]",,needs_review,inventory_only_needs_original_evidence_or_manual_promotion,review_only,false,,,,rId149,word/media/image140.jpeg,417d73c14cc0b1f060fe45a657b8b14feb353ec171c35b78bc52b6e31dde0d26,1266,896,417d73c14cc0b1f060fe45a657b8b14feb353ec171c35b78bc52b6e31dde0d26,Word内嵌媒体未导出；不得直接提升为正式图片资产
technical-media-0142,technical,media,technical-chapter-031,5,5.3.1.3.,5.3.1.3.现状环境影响评估报告,,assets/template_words/技术补充文件.docx,（二）专项投标文件 / 5.针对评审要素，需要补充的其他文件 / 5.3.绿色低碳生产及绿色回收 / 5.3.1.建立了绿色生产 / 5.3.1.3.现状环境影响评估报告,128,128,tender_scoring_derived,assets/template_words/包1_完整招标文件_92475576192439826/SL2655招标文件-预审.docx,5.针对评审要素，需要补充的其他文件,parent_scoring_section,0.78,needs_manual_review,正式证据包候选,,,,,"[""物资类通用""]",,needs_review,inventory_only_needs_original_evidence_or_manual_promotion,review_only,false,,,,rId150,word/media/image141.jpeg,6b6bcf302f2a3973c57896d3392cbf1605e39946beb6b787d87fa01dd510982c,1266,896,6b6bcf302f2a3973c57896d3392cbf1605e39946beb6b787d87fa01dd510982c,Word内嵌媒体未导出；不得直接提升为正式图片资产
technical-media-0143,technical,media,technical-chapter-031,5,5.3.1.3.,5.3.1.3.现状环境影响评估报告,,assets/template_words/技术补充文件.docx,（二）专项投标文件 / 5.针对评审要素，需要补充的其他文件 / 5.3.绿色低碳生产及绿色回收 / 5.3.1.建立了绿色生产 / 5.3.1.3.现状环境影响评估报告,128,128,tender_scoring_derived,assets/template_words/包1_完整招标文件_92475576192439826/SL2655招标文件-预审.docx,5.针对评审要素，需要补充的其他文件,parent_scoring_section,0.78,needs_manual_review,正式证据包候选,,,,,"[""物资类通用""]",,needs_review,inventory_only_needs_original_evidence_or_manual_promotion,review_only,false,,,,rId151,word/media/image142.jpeg,f212e0832ff0655ad235175054907ecb425c24ae146fcac6f985c1bc653d5454,2480,3507,f212e0832ff0655ad235175054907ecb425c24ae146fcac6f985c1bc653d5454,Word内嵌媒体未导出；不得直接提升为正式图片资产
technical-media-0144,technical,media,technical-chapter-031,5,5.3.1.3.,5.3.1.3.现状环境影响评估报告,,assets/template_words/技术补充文件.docx,（二）专项投标文件 / 5.针对评审要素，需要补充的其他文件 / 5.3.绿色低碳生产及绿色回收 / 5.3.1.建立了绿色生产 / 5.3.1.3.现状环境影响评估报告,128,128,tender_scoring_derived,assets/template_words/包1_完整招标文件_92475576192439826/SL2655招标文件-预审.docx,5.针对评审要素，需要补充的其他文件,parent_scoring_section,0.78,needs_manual_review,正式证据包候选,,,,,"[""物资类通用""]",,needs_review,inventory_only_needs_original_evidence_or_manual_promotion,review_only,false,,,,rId152,word/media/image143.jpeg,1e8ba91366960a93a8b9c2e40a6aaac7ee29c1e78829064315bd38a73604e69b,2480,3507,1e8ba91366960a93a8b9c2e40a6aaac7ee29c1e78829064315bd38a73604e69b,Word内嵌媒体未导出；不得直接提升为正式图片资产
technical-media-0145,technical,media,technical-chapter-031,5,5.3.1.3.,5.3.1.3.现状环境影响评估报告,,assets/template_words/技术补充文件.docx,（二）专项投标文件 / 5.针对评审要素，需要补充的其他文件 / 5.3.绿色低碳生产及绿色回收 / 5.3.1.建立了绿色生产 / 5.3.1.3.现状环境影响评估报告,128,128,tender_scoring_derived,assets/template_words/包1_完整招标文件_92475576192439826/SL2655招标文件-预审.docx,5.针对评审要素，需要补充的其他文件,parent_scoring_section,0.78,needs_manual_review,正式证据包候选,,,,,"[""物资类通用""]",,needs_review,inventory_only_needs_original_evidence_or_manual_promotion,review_only,false,,,,rId153,word/media/image144.jpeg,a739db0f454fd5b8b8d6c004aa76ac799a87e91c354fa1f1e68bd4770b8a9769,1266,1794,a739db0f454fd5b8b8d6c004aa76ac799a87e91c354fa1f1e68bd4770b8a9769,Word内嵌媒体未导出；不得直接提升为正式图片资产
technical-media-0146,technical,media,technical-chapter-031,5,5.3.1.3.,5.3.1.3.现状环境影响评估报告,,assets/template_words/技术补充文件.docx,（二）专项投标文件 / 5.针对评审要素，需要补充的其他文件 / 5.3.绿色低碳生产及绿色回收 / 5.3.1.建立了绿色生产 / 5.3.1.3.现状环境影响评估报告,128,128,tender_scoring_derived,assets/template_words/包1_完整招标文件_92475576192439826/SL2655招标文件-预审.docx,5.针对评审要素，需要补充的其他文件,parent_scoring_section,0.78,needs_manual_review,正式证据包候选,,,,,"[""物资类通用""]",,needs_review,inventory_only_needs_original_evidence_or_manual_promotion,review_only,false,,,,rId154,word/media/image145.jpeg,41798c5585e51efa99ddb9c426d605290260772d3777ff07df3da9ee2ddce49d,1266,1794,41798c5585e51efa99ddb9c426d605290260772d3777ff07df3da9ee2ddce49d,Word内嵌媒体未导出；不得直接提升为正式图片资产
technical-media-0147,technical,media,technical-chapter-031,5,5.3.1.3.,5.3.1.3.现状环境影响评估报告,,assets/template_words/技术补充文件.docx,（二）专项投标文件 / 5.针对评审要素，需要补充的其他文件 / 5.3.绿色低碳生产及绿色回收 / 5.3.1.建立了绿色生产 / 5.3.1.3.现状环境影响评估报告,128,128,tender_scoring_derived,assets/template_words/包1_完整招标文件_92475576192439826/SL2655招标文件-预审.docx,5.针对评审要素，需要补充的其他文件,parent_scoring_section,0.78,needs_manual_review,正式证据包候选,,,,,"[""物资类通用""]",,needs_review,inventory_only_needs_original_evidence_or_manual_promotion,review_only,false,,,,rId155,word/media/image146.jpeg,2a956dd1af9c562e1d11cb772b1fed5372f2c909f657a8248ceaa0b9789bd4db,2480,3507,2a956dd1af9c562e1d11cb772b1fed5372f2c909f657a8248ceaa0b9789bd4db,Word内嵌媒体未导出；不得直接提升为正式图片资产
technical-media-0148,technical,media,technical-chapter-031,5,5.3.1.3.,5.3.1.3.现状环境影响评估报告,,assets/template_words/技术补充文件.docx,（二）专项投标文件 / 5.针对评审要素，需要补充的其他文件 / 5.3.绿色低碳生产及绿色回收 / 5.3.1.建立了绿色生产 / 5.3.1.3.现状环境影响评估报告,128,128,tender_scoring_derived,assets/template_words/包1_完整招标文件_92475576192439826/SL2655招标文件-预审.docx,5.针对评审要素，需要补充的其他文件,parent_scoring_section,0.78,needs_manual_review,正式证据包候选,,,,,"[""物资类通用""]",,needs_review,inventory_only_needs_original_evidence_or_manual_promotion,review_only,false,,,,rId156,word/media/image147.jpeg,871ffd8627f54298eecb96f601f44c1fa97c95ca987198599a376983ecd524fa,2480,3507,871ffd8627f54298eecb96f601f44c1fa97c95ca987198599a376983ecd524fa,Word内嵌媒体未导出；不得直接提升为正式图片资产
technical-media-0149,technical,media,technical-chapter-031,5,5.3.1.3.,5.3.1.3.现状环境影响评估报告,,assets/template_words/技术补充文件.docx,（二）专项投标文件 / 5.针对评审要素，需要补充的其他文件 / 5.3.绿色低碳生产及绿色回收 / 5.3.1.建立了绿色生产 / 5.3.1.3.现状环境影响评估报告,128,128,tender_scoring_derived,assets/template_words/包1_完整招标文件_92475576192439826/SL2655招标文件-预审.docx,5.针对评审要素，需要补充的其他文件,parent_scoring_section,0.78,needs_manual_review,正式证据包候选,,,,,"[""物资类通用""]",,needs_review,inventory_only_needs_original_evidence_or_manual_promotion,review_only,false,,,,rId157,word/media/image148.jpeg,bf56d311bc5c6dbec05552d8a9e014d48927ac246bbf24d44c0e5d0552f2b70c,1266,1794,bf56d311bc5c6dbec05552d8a9e014d48927ac246bbf24d44c0e5d0552f2b70c,Word内嵌媒体未导出；不得直接提升为正式图片资产
technical-media-0150,technical,media,technical-chapter-031,5,5.3.1.3.,5.3.1.3.现状环境影响评估报告,,assets/template_words/技术补充文件.docx,（二）专项投标文件 / 5.针对评审要素，需要补充的其他文件 / 5.3.绿色低碳生产及绿色回收 / 5.3.1.建立了绿色生产 / 5.3.1.3.现状环境影响评估报告,128,128,tender_scoring_derived,assets/template_words/包1_完整招标文件_92475576192439826/SL2655招标文件-预审.docx,5.针对评审要素，需要补充的其他文件,parent_scoring_section,0.78,needs_manual_review,正式证据包候选,,,,,"[""物资类通用""]",,needs_review,inventory_only_needs_original_evidence_or_manual_promotion,review_only,false,,,,rId158,word/media/image149.jpeg,1c7e013e3e83c60fa26505b89e460a79039dda45f9f77a1d670b663f0010de69,1266,1794,1c7e013e3e83c60fa26505b89e460a79039dda45f9f77a1d670b663f0010de69,Word内嵌媒体未导出；不得直接提升为正式图片资产
technical-media-0151,technical,media,technical-chapter-031,5,5.3.1.3.,5.3.1.3.现状环境影响评估报告,,assets/template_words/技术补充文件.docx,（二）专项投标文件 / 5.针对评审要素，需要补充的其他文件 / 5.3.绿色低碳生产及绿色回收 / 5.3.1.建立了绿色生产 / 5.3.1.3.现状环境影响评估报告,128,128,tender_scoring_derived,assets/template_words/包1_完整招标文件_92475576192439826/SL2655招标文件-预审.docx,5.针对评审要素，需要补充的其他文件,parent_scoring_section,0.78,needs_manual_review,正式证据包候选,,,,,"[""物资类通用""]",,needs_review,inventory_only_needs_original_evidence_or_manual_promotion,review_only,false,,,,rId159,word/media/image150.jpeg,bca34dbfdd132abbe5846da0514d7f96d60bab070d7cc1aba370f12223114617,1266,1794,bca34dbfdd132abbe5846da0514d7f96d60bab070d7cc1aba370f12223114617,Word内嵌媒体未导出；不得直接提升为正式图片资产
technical-media-0152,technical,media,technical-chapter-031,5,5.3.1.3.,5.3.1.3.现状环境影响评估报告,,assets/template_words/技术补充文件.docx,（二）专项投标文件 / 5.针对评审要素，需要补充的其他文件 / 5.3.绿色低碳生产及绿色回收 / 5.3.1.建立了绿色生产 / 5.3.1.3.现状环境影响评估报告,128,128,tender_scoring_derived,assets/template_words/包1_完整招标文件_92475576192439826/SL2655招标文件-预审.docx,5.针对评审要素，需要补充的其他文件,parent_scoring_section,0.78,needs_manual_review,正式证据包候选,,,,,"[""物资类通用""]",,needs_review,inventory_only_needs_original_evidence_or_manual_promotion,review_only,false,,,,rId160,word/media/image151.jpeg,18348308a8332af1996b520bb9dc3696f270bca917164b594fa7aa26fce3ab03,2480,3507,18348308a8332af1996b520bb9dc3696f270bca917164b594fa7aa26fce3ab03,Word内嵌媒体未导出；不得直接提升为正式图片资产
technical-media-0153,technical,media,technical-chapter-031,5,5.3.1.3.,5.3.1.3.现状环境影响评估报告,,assets/template_words/技术补充文件.docx,（二）专项投标文件 / 5.针对评审要素，需要补充的其他文件 / 5.3.绿色低碳生产及绿色回收 / 5.3.1.建立了绿色生产 / 5.3.1.3.现状环境影响评估报告,128,128,tender_scoring_derived,assets/template_words/包1_完整招标文件_92475576192439826/SL2655招标文件-预审.docx,5.针对评审要素，需要补充的其他文件,parent_scoring_section,0.78,needs_manual_review,正式证据包候选,,,,,"[""物资类通用""]",,needs_review,inventory_only_needs_original_evidence_or_manual_promotion,review_only,false,,,,rId161,word/media/image152.jpeg,8aa3d95c2441e97a841b07a055ec1ece0fc01eb47b21b1cd1682559728380b17,1266,1794,8aa3d95c2441e97a841b07a055ec1ece0fc01eb47b21b1cd1682559728380b17,Word内嵌媒体未导出；不得直接提升为正式图片资产
technical-media-0154,technical,media,technical-chapter-031,5,5.3.1.3.,5.3.1.3.现状环境影响评估报告,,assets/template_words/技术补充文件.docx,（二）专项投标文件 / 5.针对评审要素，需要补充的其他文件 / 5.3.绿色低碳生产及绿色回收 / 5.3.1.建立了绿色生产 / 5.3.1.3.现状环境影响评估报告,128,128,tender_scoring_derived,assets/template_words/包1_完整招标文件_92475576192439826/SL2655招标文件-预审.docx,5.针对评审要素，需要补充的其他文件,parent_scoring_section,0.78,needs_manual_review,正式证据包候选,,,,,"[""物资类通用""]",,needs_review,inventory_only_needs_original_evidence_or_manual_promotion,review_only,false,,,,rId162,word/media/image153.jpeg,f2ef0fafdab33a4e5754499e6b278d394edc213af79a42cee4a65893202dcdfe,1266,1794,f2ef0fafdab33a4e5754499e6b278d394edc213af79a42cee4a65893202dcdfe,Word内嵌媒体未导出；不得直接提升为正式图片资产
technical-media-0155,technical,media,technical-chapter-031,5,5.3.1.3.,5.3.1.3.现状环境影响评估报告,,assets/template_words/技术补充文件.docx,（二）专项投标文件 / 5.针对评审要素，需要补充的其他文件 / 5.3.绿色低碳生产及绿色回收 / 5.3.1.建立了绿色生产 / 5.3.1.3.现状环境影响评估报告,128,128,tender_scoring_derived,assets/template_words/包1_完整招标文件_92475576192439826/SL2655招标文件-预审.docx,5.针对评审要素，需要补充的其他文件,parent_scoring_section,0.78,needs_manual_review,正式证据包候选,,,,,"[""物资类通用""]",,needs_review,inventory_only_needs_original_evidence_or_manual_promotion,review_only,false,,,,rId163,word/media/image154.jpeg,6e0a38902e07eb3cf7b3c7129038072811972cc7f9d8ed628be4cd0b9c055686,1266,1794,6e0a38902e07eb3cf7b3c7129038072811972cc7f9d8ed628be4cd0b9c055686,Word内嵌媒体未导出；不得直接提升为正式图片资产
technical-media-0156,technical,media,technical-chapter-031,5,5.3.1.3.,5.3.1.3.现状环境影响评估报告,,assets/template_words/技术补充文件.docx,（二）专项投标文件 / 5.针对评审要素，需要补充的其他文件 / 5.3.绿色低碳生产及绿色回收 / 5.3.1.建立了绿色生产 / 5.3.1.3.现状环境影响评估报告,128,128,tender_scoring_derived,assets/template_words/包1_完整招标文件_92475576192439826/SL2655招标文件-预审.docx,5.针对评审要素，需要补充的其他文件,parent_scoring_section,0.78,needs_manual_review,正式证据包候选,,,,,"[""物资类通用""]",,needs_review,inventory_only_needs_original_evidence_or_manual_promotion,review_only,false,,,,rId164,word/media/image155.jpeg,48d6cd9a077951f25be184f785ea27257a3beb8a6aa349420496387959d471c0,1266,1794,48d6cd9a077951f25be184f785ea27257a3beb8a6aa349420496387959d471c0,Word内嵌媒体未导出；不得直接提升为正式图片资产
technical-media-0157,technical,media,technical-chapter-031,5,5.3.1.3.,5.3.1.3.现状环境影响评估报告,,assets/template_words/技术补充文件.docx,（二）专项投标文件 / 5.针对评审要素，需要补充的其他文件 / 5.3.绿色低碳生产及绿色回收 / 5.3.1.建立了绿色生产 / 5.3.1.3.现状环境影响评估报告,128,128,tender_scoring_derived,assets/template_words/包1_完整招标文件_92475576192439826/SL2655招标文件-预审.docx,5.针对评审要素，需要补充的其他文件,parent_scoring_section,0.78,needs_manual_review,正式证据包候选,,,,,"[""物资类通用""]",,needs_review,inventory_only_needs_original_evidence_or_manual_promotion,review_only,false,,,,rId165,word/media/image156.jpeg,e1bbebc6d77785cff773f9c567c12d8ae18edf6b4e28a358aad71cebf3ca45ad,2480,3507,e1bbebc6d77785cff773f9c567c12d8ae18edf6b4e28a358aad71cebf3ca45ad,Word内嵌媒体未导出；不得直接提升为正式图片资产
technical-media-0158,technical,media,technical-chapter-031,5,5.3.1.3.,5.3.1.3.现状环境影响评估报告,,assets/template_words/技术补充文件.docx,（二）专项投标文件 / 5.针对评审要素，需要补充的其他文件 / 5.3.绿色低碳生产及绿色回收 / 5.3.1.建立了绿色生产 / 5.3.1.3.现状环境影响评估报告,128,128,tender_scoring_derived,assets/template_words/包1_完整招标文件_92475576192439826/SL2655招标文件-预审.docx,5.针对评审要素，需要补充的其他文件,parent_scoring_section,0.78,needs_manual_review,正式证据包候选,,,,,"[""物资类通用""]",,needs_review,inventory_only_needs_original_evidence_or_manual_promotion,review_only,false,,,,rId166,word/media/image157.jpeg,269e306f8cf107e4ad1c07fbdbdfc1ed657665c35e371076750635f54aab7be2,2480,3507,269e306f8cf107e4ad1c07fbdbdfc1ed657665c35e371076750635f54aab7be2,Word内嵌媒体未导出；不得直接提升为正式图片资产
technical-media-0159,technical,media,technical-chapter-031,5,5.3.1.3.,5.3.1.3.现状环境影响评估报告,,assets/template_words/技术补充文件.docx,（二）专项投标文件 / 5.针对评审要素，需要补充的其他文件 / 5.3.绿色低碳生产及绿色回收 / 5.3.1.建立了绿色生产 / 5.3.1.3.现状环境影响评估报告,128,128,tender_scoring_derived,assets/template_words/包1_完整招标文件_92475576192439826/SL2655招标文件-预审.docx,5.针对评审要素，需要补充的其他文件,parent_scoring_section,0.78,needs_manual_review,正式证据包候选,,,,,"[""物资类通用""]",,needs_review,inventory_only_needs_original_evidence_or_manual_promotion,review_only,false,,,,rId167,word/media/image158.jpeg,7d91cb870a134b93ad4e202c98e774675faef2396d0586c93052a77bed478d61,2480,3507,7d91cb870a134b93ad4e202c98e774675faef2396d0586c93052a77bed478d61,Word内嵌媒体未导出；不得直接提升为正式图片资产
technical-media-0160,technical,media,technical-chapter-031,5,5.3.1.3.,5.3.1.3.现状环境影响评估报告,,assets/template_words/技术补充文件.docx,（二）专项投标文件 / 5.针对评审要素，需要补充的其他文件 / 5.3.绿色低碳生产及绿色回收 / 5.3.1.建立了绿色生产 / 5.3.1.3.现状环境影响评估报告,128,128,tender_scoring_derived,assets/template_words/包1_完整招标文件_92475576192439826/SL2655招标文件-预审.docx,5.针对评审要素，需要补充的其他文件,parent_scoring_section,0.78,needs_manual_review,正式证据包候选,,,,,"[""物资类通用""]",,needs_review,inventory_only_needs_original_evidence_or_manual_promotion,review_only,false,,,,rId168,word/media/image159.jpeg,44f89d0468be8babad49b3f2e36540d8493bf3b16b2c9b9ab06587ac075c99af,2480,3507,44f89d0468be8babad49b3f2e36540d8493bf3b16b2c9b9ab06587ac075c99af,Word内嵌媒体未导出；不得直接提升为正式图片资产
technical-media-0161,technical,media,technical-chapter-031,5,5.3.1.3.,5.3.1.3.现状环境影响评估报告,,assets/template_words/技术补充文件.docx,（二）专项投标文件 / 5.针对评审要素，需要补充的其他文件 / 5.3.绿色低碳生产及绿色回收 / 5.3.1.建立了绿色生产 / 5.3.1.3.现状环境影响评估报告,128,128,tender_scoring_derived,assets/template_words/包1_完整招标文件_92475576192439826/SL2655招标文件-预审.docx,5.针对评审要素，需要补充的其他文件,parent_scoring_section,0.78,needs_manual_review,正式证据包候选,,,,,"[""物资类通用""]",,needs_review,inventory_only_needs_original_evidence_or_manual_promotion,review_only,false,,,,rId169,word/media/image160.jpeg,18329592421b0465a8eae366d7b8ddb4dd2edb125563ec73e6ca35b8126ec0cc,1266,1794,18329592421b0465a8eae366d7b8ddb4dd2edb125563ec73e6ca35b8126ec0cc,Word内嵌媒体未导出；不得直接提升为正式图片资产
technical-media-0162,technical,media,technical-chapter-031,5,5.3.1.3.,5.3.1.3.现状环境影响评估报告,,assets/template_words/技术补充文件.docx,（二）专项投标文件 / 5.针对评审要素，需要补充的其他文件 / 5.3.绿色低碳生产及绿色回收 / 5.3.1.建立了绿色生产 / 5.3.1.3.现状环境影响评估报告,128,128,tender_scoring_derived,assets/template_words/包1_完整招标文件_92475576192439826/SL2655招标文件-预审.docx,5.针对评审要素，需要补充的其他文件,parent_scoring_section,0.78,needs_manual_review,正式证据包候选,,,,,"[""物资类通用""]",,needs_review,inventory_only_needs_original_evidence_or_manual_promotion,review_only,false,,,,rId170,word/media/image161.jpeg,facc29f07481a92ebc54e2955cda7cd244514dbaf349a3bfe5f6b3a9faa73ebf,1266,1794,facc29f07481a92ebc54e2955cda7cd244514dbaf349a3bfe5f6b3a9faa73ebf,Word内嵌媒体未导出；不得直接提升为正式图片资产
technical-media-0163,technical,media,technical-chapter-031,5,5.3.1.3.,5.3.1.3.现状环境影响评估报告,,assets/template_words/技术补充文件.docx,（二）专项投标文件 / 5.针对评审要素，需要补充的其他文件 / 5.3.绿色低碳生产及绿色回收 / 5.3.1.建立了绿色生产 / 5.3.1.3.现状环境影响评估报告,128,128,tender_scoring_derived,assets/template_words/包1_完整招标文件_92475576192439826/SL2655招标文件-预审.docx,5.针对评审要素，需要补充的其他文件,parent_scoring_section,0.78,needs_manual_review,正式证据包候选,,,,,"[""物资类通用""]",,needs_review,inventory_only_needs_original_evidence_or_manual_promotion,review_only,false,,,,rId171,word/media/image162.jpeg,ebed20ff147f06734b2c3a5faa8d28a47ee6ad6a0cc13a7c9100ad7c303c138c,1266,1794,ebed20ff147f06734b2c3a5faa8d28a47ee6ad6a0cc13a7c9100ad7c303c138c,Word内嵌媒体未导出；不得直接提升为正式图片资产
technical-media-0164,technical,media,technical-chapter-031,5,5.3.1.3.,5.3.1.3.现状环境影响评估报告,,assets/template_words/技术补充文件.docx,（二）专项投标文件 / 5.针对评审要素，需要补充的其他文件 / 5.3.绿色低碳生产及绿色回收 / 5.3.1.建立了绿色生产 / 5.3.1.3.现状环境影响评估报告,128,128,tender_scoring_derived,assets/template_words/包1_完整招标文件_92475576192439826/SL2655招标文件-预审.docx,5.针对评审要素，需要补充的其他文件,parent_scoring_section,0.78,needs_manual_review,正式证据包候选,,,,,"[""物资类通用""]",,needs_review,inventory_only_needs_original_evidence_or_manual_promotion,review_only,false,,,,rId172,word/media/image163.jpeg,847fe1a5345c69c02ea02954267b1969a982b0e88e0ac0df0e5cbcea262fe666,1266,896,847fe1a5345c69c02ea02954267b1969a982b0e88e0ac0df0e5cbcea262fe666,Word内嵌媒体未导出；不得直接提升为正式图片资产
technical-media-0165,technical,media,technical-chapter-031,5,5.3.1.3.,5.3.1.3.现状环境影响评估报告,,assets/template_words/技术补充文件.docx,（二）专项投标文件 / 5.针对评审要素，需要补充的其他文件 / 5.3.绿色低碳生产及绿色回收 / 5.3.1.建立了绿色生产 / 5.3.1.3.现状环境影响评估报告,128,128,tender_scoring_derived,assets/template_words/包1_完整招标文件_92475576192439826/SL2655招标文件-预审.docx,5.针对评审要素，需要补充的其他文件,parent_scoring_section,0.78,needs_manual_review,正式证据包候选,,,,,"[""物资类通用""]",,needs_review,inventory_only_needs_original_evidence_or_manual_promotion,review_only,false,,,,rId173,word/media/image164.jpeg,3fb9454388d631aefc554557d507b3e941463ad6f213e0625178484062938709,1266,1794,3fb9454388d631aefc554557d507b3e941463ad6f213e0625178484062938709,Word内嵌媒体未导出；不得直接提升为正式图片资产
technical-media-0166,technical,media,technical-chapter-031,5,5.3.1.3.,5.3.1.3.现状环境影响评估报告,,assets/template_words/技术补充文件.docx,（二）专项投标文件 / 5.针对评审要素，需要补充的其他文件 / 5.3.绿色低碳生产及绿色回收 / 5.3.1.建立了绿色生产 / 5.3.1.3.现状环境影响评估报告,128,128,tender_scoring_derived,assets/template_words/包1_完整招标文件_92475576192439826/SL2655招标文件-预审.docx,5.针对评审要素，需要补充的其他文件,parent_scoring_section,0.78,needs_manual_review,正式证据包候选,,,,,"[""物资类通用""]",,needs_review,inventory_only_needs_original_evidence_or_manual_promotion,review_only,false,,,,rId174,word/media/image165.jpeg,05f4b06d246a57b210272ed5903492eba4a2bd2ad491d2f3e13c8c49a9577a34,1266,1794,05f4b06d246a57b210272ed5903492eba4a2bd2ad491d2f3e13c8c49a9577a34,Word内嵌媒体未导出；不得直接提升为正式图片资产
technical-media-0167,technical,media,technical-chapter-031,5,5.3.1.3.,5.3.1.3.现状环境影响评估报告,,assets/template_words/技术补充文件.docx,（二）专项投标文件 / 5.针对评审要素，需要补充的其他文件 / 5.3.绿色低碳生产及绿色回收 / 5.3.1.建立了绿色生产 / 5.3.1.3.现状环境影响评估报告,128,128,tender_scoring_derived,assets/template_words/包1_完整招标文件_92475576192439826/SL2655招标文件-预审.docx,5.针对评审要素，需要补充的其他文件,parent_scoring_section,0.78,needs_manual_review,正式证据包候选,,,,,"[""物资类通用""]",,needs_review,inventory_only_needs_original_evidence_or_manual_promotion,review_only,false,,,,rId175,word/media/image166.jpeg,cbd8af6f26ad8af3224556f11cde29734d793e4f9933ab615eb0b69b6839503e,1266,1794,cbd8af6f26ad8af3224556f11cde29734d793e4f9933ab615eb0b69b6839503e,Word内嵌媒体未导出；不得直接提升为正式图片资产
technical-media-0168,technical,media,technical-chapter-031,5,5.3.1.3.,5.3.1.3.现状环境影响评估报告,,assets/template_words/技术补充文件.docx,（二）专项投标文件 / 5.针对评审要素，需要补充的其他文件 / 5.3.绿色低碳生产及绿色回收 / 5.3.1.建立了绿色生产 / 5.3.1.3.现状环境影响评估报告,128,128,tender_scoring_derived,assets/template_words/包1_完整招标文件_92475576192439826/SL2655招标文件-预审.docx,5.针对评审要素，需要补充的其他文件,parent_scoring_section,0.78,needs_manual_review,正式证据包候选,,,,,"[""物资类通用""]",,needs_review,inventory_only_needs_original_evidence_or_manual_promotion,review_only,false,,,,rId176,word/media/image167.jpeg,f7278568c39d6478d664fa407a160c3ffe34868878f57e0349cd487a90ddebea,2480,3507,f7278568c39d6478d664fa407a160c3ffe34868878f57e0349cd487a90ddebea,Word内嵌媒体未导出；不得直接提升为正式图片资产
technical-media-0169,technical,media,technical-chapter-031,5,5.3.1.3.,5.3.1.3.现状环境影响评估报告,,assets/template_words/技术补充文件.docx,（二）专项投标文件 / 5.针对评审要素，需要补充的其他文件 / 5.3.绿色低碳生产及绿色回收 / 5.3.1.建立了绿色生产 / 5.3.1.3.现状环境影响评估报告,128,128,tender_scoring_derived,assets/template_words/包1_完整招标文件_92475576192439826/SL2655招标文件-预审.docx,5.针对评审要素，需要补充的其他文件,parent_scoring_section,0.78,needs_manual_review,正式证据包候选,,,,,"[""物资类通用""]",,needs_review,inventory_only_needs_original_evidence_or_manual_promotion,review_only,false,,,,rId177,word/media/image168.jpeg,dcd1e45b50b3de0e2e72ded6100dbae5273e076edcee57b0e5724d3ab2985c96,1266,896,dcd1e45b50b3de0e2e72ded6100dbae5273e076edcee57b0e5724d3ab2985c96,Word内嵌媒体未导出；不得直接提升为正式图片资产
technical-media-0170,technical,media,technical-chapter-031,5,5.3.1.3.,5.3.1.3.现状环境影响评估报告,,assets/template_words/技术补充文件.docx,（二）专项投标文件 / 5.针对评审要素，需要补充的其他文件 / 5.3.绿色低碳生产及绿色回收 / 5.3.1.建立了绿色生产 / 5.3.1.3.现状环境影响评估报告,128,128,tender_scoring_derived,assets/template_words/包1_完整招标文件_92475576192439826/SL2655招标文件-预审.docx,5.针对评审要素，需要补充的其他文件,parent_scoring_section,0.78,needs_manual_review,正式证据包候选,,,,,"[""物资类通用""]",,needs_review,inventory_only_needs_original_evidence_or_manual_promotion,review_only,false,,,,rId178,word/media/image169.jpeg,8c56379e9694a11d96eb0c6a50ec166ed7b9112cb6e68456541d273b9e032973,1266,896,8c56379e9694a11d96eb0c6a50ec166ed7b9112cb6e68456541d273b9e032973,Word内嵌媒体未导出；不得直接提升为正式图片资产
technical-media-0171,technical,media,technical-chapter-031,5,5.3.1.3.,5.3.1.3.现状环境影响评估报告,,assets/template_words/技术补充文件.docx,（二）专项投标文件 / 5.针对评审要素，需要补充的其他文件 / 5.3.绿色低碳生产及绿色回收 / 5.3.1.建立了绿色生产 / 5.3.1.3.现状环境影响评估报告,128,128,tender_scoring_derived,assets/template_words/包1_完整招标文件_92475576192439826/SL2655招标文件-预审.docx,5.针对评审要素，需要补充的其他文件,parent_scoring_section,0.78,needs_manual_review,正式证据包候选,,,,,"[""物资类通用""]",,needs_review,inventory_only_needs_original_evidence_or_manual_promotion,review_only,false,,,,rId179,word/media/image170.jpeg,2642135ea4252a275889b714cbd77d43daf2f7493cffa16c1da72e958492331f,1266,1794,2642135ea4252a275889b714cbd77d43daf2f7493cffa16c1da72e958492331f,Word内嵌媒体未导出；不得直接提升为正式图片资产
technical-media-0172,technical,media,technical-chapter-031,5,5.3.1.3.,5.3.1.3.现状环境影响评估报告,,assets/template_words/技术补充文件.docx,（二）专项投标文件 / 5.针对评审要素，需要补充的其他文件 / 5.3.绿色低碳生产及绿色回收 / 5.3.1.建立了绿色生产 / 5.3.1.3.现状环境影响评估报告,128,128,tender_scoring_derived,assets/template_words/包1_完整招标文件_92475576192439826/SL2655招标文件-预审.docx,5.针对评审要素，需要补充的其他文件,parent_scoring_section,0.78,needs_manual_review,正式证据包候选,,,,,"[""物资类通用""]",,needs_review,inventory_only_needs_original_evidence_or_manual_promotion,review_only,false,,,,rId180,word/media/image171.jpeg,fc06fdde27589a33293da753a475ca4b0eab633d3b045bb1d5665ea099346689,1266,896,fc06fdde27589a33293da753a475ca4b0eab633d3b045bb1d5665ea099346689,Word内嵌媒体未导出；不得直接提升为正式图片资产
technical-media-0173,technical,media,technical-chapter-031,5,5.3.1.3.,5.3.1.3.现状环境影响评估报告,,assets/template_words/技术补充文件.docx,（二）专项投标文件 / 5.针对评审要素，需要补充的其他文件 / 5.3.绿色低碳生产及绿色回收 / 5.3.1.建立了绿色生产 / 5.3.1.3.现状环境影响评估报告,128,128,tender_scoring_derived,assets/template_words/包1_完整招标文件_92475576192439826/SL2655招标文件-预审.docx,5.针对评审要素，需要补充的其他文件,parent_scoring_section,0.78,needs_manual_review,正式证据包候选,,,,,"[""物资类通用""]",,needs_review,inventory_only_needs_original_evidence_or_manual_promotion,review_only,false,,,,rId181,word/media/image172.jpeg,1f45ed5a92289b7d52916072c8c6765fdba68b466a715c6bcdd8880bc3cc4264,1266,896,1f45ed5a92289b7d52916072c8c6765fdba68b466a715c6bcdd8880bc3cc4264,Word内嵌媒体未导出；不得直接提升为正式图片资产
technical-media-0174,technical,media,technical-chapter-031,5,5.3.1.3.,5.3.1.3.现状环境影响评估报告,,assets/template_words/技术补充文件.docx,（二）专项投标文件 / 5.针对评审要素，需要补充的其他文件 / 5.3.绿色低碳生产及绿色回收 / 5.3.1.建立了绿色生产 / 5.3.1.3.现状环境影响评估报告,128,128,tender_scoring_derived,assets/template_words/包1_完整招标文件_92475576192439826/SL2655招标文件-预审.docx,5.针对评审要素，需要补充的其他文件,parent_scoring_section,0.78,needs_manual_review,正式证据包候选,,,,,"[""物资类通用""]",,needs_review,inventory_only_needs_original_evidence_or_manual_promotion,review_only,false,,,,rId182,word/media/image173.jpeg,956246a8565a665e992559009d3e50fe72f82a3b5061f867434f6970bd662bf8,1266,896,956246a8565a665e992559009d3e50fe72f82a3b5061f867434f6970bd662bf8,Word内嵌媒体未导出；不得直接提升为正式图片资产
technical-media-0175,technical,media,technical-chapter-031,5,5.3.1.3.,5.3.1.3.现状环境影响评估报告,,assets/template_words/技术补充文件.docx,（二）专项投标文件 / 5.针对评审要素，需要补充的其他文件 / 5.3.绿色低碳生产及绿色回收 / 5.3.1.建立了绿色生产 / 5.3.1.3.现状环境影响评估报告,128,128,tender_scoring_derived,assets/template_words/包1_完整招标文件_92475576192439826/SL2655招标文件-预审.docx,5.针对评审要素，需要补充的其他文件,parent_scoring_section,0.78,needs_manual_review,正式证据包候选,,,,,"[""物资类通用""]",,needs_review,inventory_only_needs_original_evidence_or_manual_promotion,review_only,false,,,,rId183,word/media/image174.jpeg,d6f2b92d37e226bd9831d2cdd69d5831e349b5fa6e516ca82c7cb59f2c12ff44,1266,896,d6f2b92d37e226bd9831d2cdd69d5831e349b5fa6e516ca82c7cb59f2c12ff44,Word内嵌媒体未导出；不得直接提升为正式图片资产
technical-media-0176,technical,media,technical-chapter-031,5,5.3.1.3.,5.3.1.3.现状环境影响评估报告,,assets/template_words/技术补充文件.docx,（二）专项投标文件 / 5.针对评审要素，需要补充的其他文件 / 5.3.绿色低碳生产及绿色回收 / 5.3.1.建立了绿色生产 / 5.3.1.3.现状环境影响评估报告,128,128,tender_scoring_derived,assets/template_words/包1_完整招标文件_92475576192439826/SL2655招标文件-预审.docx,5.针对评审要素，需要补充的其他文件,parent_scoring_section,0.78,needs_manual_review,正式证据包候选,,,,,"[""物资类通用""]",,needs_review,inventory_only_needs_original_evidence_or_manual_promotion,review_only,false,,,,rId184,word/media/image175.jpeg,6fa27dea07c981162df28142bfc4c1ce01fcaf783d97be985a27fde80b3ed6cc,1266,896,6fa27dea07c981162df28142bfc4c1ce01fcaf783d97be985a27fde80b3ed6cc,Word内嵌媒体未导出；不得直接提升为正式图片资产
technical-media-0177,technical,media,technical-chapter-031,5,5.3.1.3.,5.3.1.3.现状环境影响评估报告,,assets/template_words/技术补充文件.docx,（二）专项投标文件 / 5.针对评审要素，需要补充的其他文件 / 5.3.绿色低碳生产及绿色回收 / 5.3.1.建立了绿色生产 / 5.3.1.3.现状环境影响评估报告,128,128,tender_scoring_derived,assets/template_words/包1_完整招标文件_92475576192439826/SL2655招标文件-预审.docx,5.针对评审要素，需要补充的其他文件,parent_scoring_section,0.78,needs_manual_review,正式证据包候选,,,,,"[""物资类通用""]",,needs_review,inventory_only_needs_original_evidence_or_manual_promotion,review_only,false,,,,rId185,word/media/image176.jpeg,9a1776a672141ffda9d63b7eaa4afb36725933fac1a0065ab1a310f9875d65e7,1266,896,9a1776a672141ffda9d63b7eaa4afb36725933fac1a0065ab1a310f9875d65e7,Word内嵌媒体未导出；不得直接提升为正式图片资产
technical-media-0178,technical,media,technical-chapter-031,5,5.3.1.3.,5.3.1.3.现状环境影响评估报告,,assets/template_words/技术补充文件.docx,（二）专项投标文件 / 5.针对评审要素，需要补充的其他文件 / 5.3.绿色低碳生产及绿色回收 / 5.3.1.建立了绿色生产 / 5.3.1.3.现状环境影响评估报告,128,128,tender_scoring_derived,assets/template_words/包1_完整招标文件_92475576192439826/SL2655招标文件-预审.docx,5.针对评审要素，需要补充的其他文件,parent_scoring_section,0.78,needs_manual_review,正式证据包候选,,,,,"[""物资类通用""]",,needs_review,inventory_only_needs_original_evidence_or_manual_promotion,review_only,false,,,,rId186,word/media/image177.jpeg,797052cc7e24168b5eb3eeb8634c6208769b4e3f766e6ad3b262b5d3738a9ef0,1266,896,797052cc7e24168b5eb3eeb8634c6208769b4e3f766e6ad3b262b5d3738a9ef0,Word内嵌媒体未导出；不得直接提升为正式图片资产
technical-media-0179,technical,media,technical-chapter-031,5,5.3.1.3.,5.3.1.3.现状环境影响评估报告,,assets/template_words/技术补充文件.docx,（二）专项投标文件 / 5.针对评审要素，需要补充的其他文件 / 5.3.绿色低碳生产及绿色回收 / 5.3.1.建立了绿色生产 / 5.3.1.3.现状环境影响评估报告,128,128,tender_scoring_derived,assets/template_words/包1_完整招标文件_92475576192439826/SL2655招标文件-预审.docx,5.针对评审要素，需要补充的其他文件,parent_scoring_section,0.78,needs_manual_review,正式证据包候选,,,,,"[""物资类通用""]",,needs_review,inventory_only_needs_original_evidence_or_manual_promotion,review_only,false,,,,rId187,word/media/image178.jpeg,1d7699a120bdd2cff304c017d6b48f3a9853a3bd089393399ef749a5a0e1c81f,1266,896,1d7699a120bdd2cff304c017d6b48f3a9853a3bd089393399ef749a5a0e1c81f,Word内嵌媒体未导出；不得直接提升为正式图片资产
technical-media-0180,technical,media,technical-chapter-031,5,5.3.1.3.,5.3.1.3.现状环境影响评估报告,,assets/template_words/技术补充文件.docx,（二）专项投标文件 / 5.针对评审要素，需要补充的其他文件 / 5.3.绿色低碳生产及绿色回收 / 5.3.1.建立了绿色生产 / 5.3.1.3.现状环境影响评估报告,128,128,tender_scoring_derived,assets/template_words/包1_完整招标文件_92475576192439826/SL2655招标文件-预审.docx,5.针对评审要素，需要补充的其他文件,parent_scoring_section,0.78,needs_manual_review,正式证据包候选,,,,,"[""物资类通用""]",,needs_review,inventory_only_needs_original_evidence_or_manual_promotion,review_only,false,,,,rId188,word/media/image179.jpeg,4d06d19fa6e8a901b8b884ca585698c4a397edf97723016fd740b60048cdd182,1266,896,4d06d19fa6e8a901b8b884ca585698c4a397edf97723016fd740b60048cdd182,Word内嵌媒体未导出；不得直接提升为正式图片资产
technical-media-0181,technical,media,technical-chapter-031,5,5.3.1.3.,5.3.1.3.现状环境影响评估报告,,assets/template_words/技术补充文件.docx,（二）专项投标文件 / 5.针对评审要素，需要补充的其他文件 / 5.3.绿色低碳生产及绿色回收 / 5.3.1.建立了绿色生产 / 5.3.1.3.现状环境影响评估报告,128,128,tender_scoring_derived,assets/template_words/包1_完整招标文件_92475576192439826/SL2655招标文件-预审.docx,5.针对评审要素，需要补充的其他文件,parent_scoring_section,0.78,needs_manual_review,正式证据包候选,,,,,"[""物资类通用""]",,needs_review,inventory_only_needs_original_evidence_or_manual_promotion,review_only,false,,,,rId189,word/media/image180.jpeg,45195f8bee4e47710ca597eb6c3c3ebceb3284c6db080bb71b2918601271b7a4,1266,896,45195f8bee4e47710ca597eb6c3c3ebceb3284c6db080bb71b2918601271b7a4,Word内嵌媒体未导出；不得直接提升为正式图片资产
technical-media-0182,technical,media,technical-chapter-031,5,5.3.1.3.,5.3.1.3.现状环境影响评估报告,,assets/template_words/技术补充文件.docx,（二）专项投标文件 / 5.针对评审要素，需要补充的其他文件 / 5.3.绿色低碳生产及绿色回收 / 5.3.1.建立了绿色生产 / 5.3.1.3.现状环境影响评估报告,128,128,tender_scoring_derived,assets/template_words/包1_完整招标文件_92475576192439826/SL2655招标文件-预审.docx,5.针对评审要素，需要补充的其他文件,parent_scoring_section,0.78,needs_manual_review,正式证据包候选,,,,,"[""物资类通用""]",,needs_review,inventory_only_needs_original_evidence_or_manual_promotion,review_only,false,,,,rId190,word/media/image181.jpeg,129a7e6af77b22cf1ef6b1b9045682366e629a2644581f2f60e15a8456b0ea65,1266,896,129a7e6af77b22cf1ef6b1b9045682366e629a2644581f2f60e15a8456b0ea65,Word内嵌媒体未导出；不得直接提升为正式图片资产
technical-media-0183,technical,media,technical-chapter-031,5,5.3.1.3.,5.3.1.3.现状环境影响评估报告,,assets/template_words/技术补充文件.docx,（二）专项投标文件 / 5.针对评审要素，需要补充的其他文件 / 5.3.绿色低碳生产及绿色回收 / 5.3.1.建立了绿色生产 / 5.3.1.3.现状环境影响评估报告,128,128,tender_scoring_derived,assets/template_words/包1_完整招标文件_92475576192439826/SL2655招标文件-预审.docx,5.针对评审要素，需要补充的其他文件,parent_scoring_section,0.78,needs_manual_review,正式证据包候选,,,,,"[""物资类通用""]",,needs_review,inventory_only_needs_original_evidence_or_manual_promotion,review_only,false,,,,rId191,word/media/image182.jpeg,dbf025261d689648d4ab7cdd250880b270f8f7fee1256266f7a1cde87d8ffcb9,1266,896,dbf025261d689648d4ab7cdd250880b270f8f7fee1256266f7a1cde87d8ffcb9,Word内嵌媒体未导出；不得直接提升为正式图片资产
technical-media-0184,technical,media,technical-chapter-031,5,5.3.1.3.,5.3.1.3.现状环境影响评估报告,,assets/template_words/技术补充文件.docx,（二）专项投标文件 / 5.针对评审要素，需要补充的其他文件 / 5.3.绿色低碳生产及绿色回收 / 5.3.1.建立了绿色生产 / 5.3.1.3.现状环境影响评估报告,128,128,tender_scoring_derived,assets/template_words/包1_完整招标文件_92475576192439826/SL2655招标文件-预审.docx,5.针对评审要素，需要补充的其他文件,parent_scoring_section,0.78,needs_manual_review,正式证据包候选,,,,,"[""物资类通用""]",,needs_review,inventory_only_needs_original_evidence_or_manual_promotion,review_only,false,,,,rId192,word/media/image183.jpeg,2a1c872b67a3a7db46b3313009322a8dcdff534a9700896b85c340d3f3805783,1266,896,2a1c872b67a3a7db46b3313009322a8dcdff534a9700896b85c340d3f3805783,Word内嵌媒体未导出；不得直接提升为正式图片资产
technical-media-0185,technical,media,technical-chapter-031,5,5.3.1.3.,5.3.1.3.现状环境影响评估报告,,assets/template_words/技术补充文件.docx,（二）专项投标文件 / 5.针对评审要素，需要补充的其他文件 / 5.3.绿色低碳生产及绿色回收 / 5.3.1.建立了绿色生产 / 5.3.1.3.现状环境影响评估报告,128,128,tender_scoring_derived,assets/template_words/包1_完整招标文件_92475576192439826/SL2655招标文件-预审.docx,5.针对评审要素，需要补充的其他文件,parent_scoring_section,0.78,needs_manual_review,正式证据包候选,,,,,"[""物资类通用""]",,needs_review,inventory_only_needs_original_evidence_or_manual_promotion,review_only,false,,,,rId193,word/media/image184.jpeg,c12fe72eb8f3241c200f60ea786e626ca516be879117d3452258a60393b598da,1266,896,c12fe72eb8f3241c200f60ea786e626ca516be879117d3452258a60393b598da,Word内嵌媒体未导出；不得直接提升为正式图片资产
technical-media-0186,technical,media,technical-chapter-031,5,5.3.1.3.,5.3.1.3.现状环境影响评估报告,,assets/template_words/技术补充文件.docx,（二）专项投标文件 / 5.针对评审要素，需要补充的其他文件 / 5.3.绿色低碳生产及绿色回收 / 5.3.1.建立了绿色生产 / 5.3.1.3.现状环境影响评估报告,128,128,tender_scoring_derived,assets/template_words/包1_完整招标文件_92475576192439826/SL2655招标文件-预审.docx,5.针对评审要素，需要补充的其他文件,parent_scoring_section,0.78,needs_manual_review,正式证据包候选,,,,,"[""物资类通用""]",,needs_review,inventory_only_needs_original_evidence_or_manual_promotion,review_only,false,,,,rId194,word/media/image185.jpeg,09c1811bab2bfac3e34f6b24df4f92dd420825e0f479003e49e9e17f1ae16e0e,1266,896,09c1811bab2bfac3e34f6b24df4f92dd420825e0f479003e49e9e17f1ae16e0e,Word内嵌媒体未导出；不得直接提升为正式图片资产
technical-media-0187,technical,media,technical-chapter-031,5,5.3.1.3.,5.3.1.3.现状环境影响评估报告,,assets/template_words/技术补充文件.docx,（二）专项投标文件 / 5.针对评审要素，需要补充的其他文件 / 5.3.绿色低碳生产及绿色回收 / 5.3.1.建立了绿色生产 / 5.3.1.3.现状环境影响评估报告,128,128,tender_scoring_derived,assets/template_words/包1_完整招标文件_92475576192439826/SL2655招标文件-预审.docx,5.针对评审要素，需要补充的其他文件,parent_scoring_section,0.78,needs_manual_review,正式证据包候选,,,,,"[""物资类通用""]",,needs_review,inventory_only_needs_original_evidence_or_manual_promotion,review_only,false,,,,rId195,word/media/image186.jpeg,907dc5d91f6a5d7206423b2cd24c72d282a4c87e329c724cbf432311fde012ff,1266,896,907dc5d91f6a5d7206423b2cd24c72d282a4c87e329c724cbf432311fde012ff,Word内嵌媒体未导出；不得直接提升为正式图片资产
technical-media-0188,technical,media,technical-chapter-031,5,5.3.1.3.,5.3.1.3.现状环境影响评估报告,,assets/template_words/技术补充文件.docx,（二）专项投标文件 / 5.针对评审要素，需要补充的其他文件 / 5.3.绿色低碳生产及绿色回收 / 5.3.1.建立了绿色生产 / 5.3.1.3.现状环境影响评估报告,128,128,tender_scoring_derived,assets/template_words/包1_完整招标文件_92475576192439826/SL2655招标文件-预审.docx,5.针对评审要素，需要补充的其他文件,parent_scoring_section,0.78,needs_manual_review,正式证据包候选,,,,,"[""物资类通用""]",,needs_review,inventory_only_needs_original_evidence_or_manual_promotion,review_only,false,,,,rId196,word/media/image187.jpeg,a636c8f0462e7c80c281abdb00f25448f75f6a4dd946f2b1cc30c177a9a65dbe,1266,896,a636c8f0462e7c80c281abdb00f25448f75f6a4dd946f2b1cc30c177a9a65dbe,Word内嵌媒体未导出；不得直接提升为正式图片资产
technical-media-0189,technical,media,technical-chapter-031,5,5.3.1.3.,5.3.1.3.现状环境影响评估报告,,assets/template_words/技术补充文件.docx,（二）专项投标文件 / 5.针对评审要素，需要补充的其他文件 / 5.3.绿色低碳生产及绿色回收 / 5.3.1.建立了绿色生产 / 5.3.1.3.现状环境影响评估报告,128,128,tender_scoring_derived,assets/template_words/包1_完整招标文件_92475576192439826/SL2655招标文件-预审.docx,5.针对评审要素，需要补充的其他文件,parent_scoring_section,0.78,needs_manual_review,正式证据包候选,,,,,"[""物资类通用""]",,needs_review,inventory_only_needs_original_evidence_or_manual_promotion,review_only,false,,,,rId197,word/media/image188.jpeg,460e556efd2fc6ce3ed0726d7fa480b971482a7901927d98594d3ac92c6186fd,1266,896,460e556efd2fc6ce3ed0726d7fa480b971482a7901927d98594d3ac92c6186fd,Word内嵌媒体未导出；不得直接提升为正式图片资产
technical-media-0190,technical,media,technical-chapter-031,5,5.3.1.3.,5.3.1.3.现状环境影响评估报告,,assets/template_words/技术补充文件.docx,（二）专项投标文件 / 5.针对评审要素，需要补充的其他文件 / 5.3.绿色低碳生产及绿色回收 / 5.3.1.建立了绿色生产 / 5.3.1.3.现状环境影响评估报告,128,128,tender_scoring_derived,assets/template_words/包1_完整招标文件_92475576192439826/SL2655招标文件-预审.docx,5.针对评审要素，需要补充的其他文件,parent_scoring_section,0.78,needs_manual_review,正式证据包候选,,,,,"[""物资类通用""]",,needs_review,inventory_only_needs_original_evidence_or_manual_promotion,review_only,false,,,,rId198,word/media/image189.jpeg,18dfc0395d8edd86b06494f728321fe980e171c6ee99e0d1e390ea690ff7227b,1266,896,18dfc0395d8edd86b06494f728321fe980e171c6ee99e0d1e390ea690ff7227b,Word内嵌媒体未导出；不得直接提升为正式图片资产
technical-media-0191,technical,media,technical-chapter-031,5,5.3.1.3.,5.3.1.3.现状环境影响评估报告,,assets/template_words/技术补充文件.docx,（二）专项投标文件 / 5.针对评审要素，需要补充的其他文件 / 5.3.绿色低碳生产及绿色回收 / 5.3.1.建立了绿色生产 / 5.3.1.3.现状环境影响评估报告,128,128,tender_scoring_derived,assets/template_words/包1_完整招标文件_92475576192439826/SL2655招标文件-预审.docx,5.针对评审要素，需要补充的其他文件,parent_scoring_section,0.78,needs_manual_review,正式证据包候选,,,,,"[""物资类通用""]",,needs_review,inventory_only_needs_original_evidence_or_manual_promotion,review_only,false,,,,rId199,word/media/image190.jpeg,bf3744267213a5b9332cd6638767488bfe5ea26709e08d6085fb95e0d9075d9f,1266,896,bf3744267213a5b9332cd6638767488bfe5ea26709e08d6085fb95e0d9075d9f,Word内嵌媒体未导出；不得直接提升为正式图片资产
technical-media-0192,technical,media,technical-chapter-031,5,5.3.1.3.,5.3.1.3.现状环境影响评估报告,,assets/template_words/技术补充文件.docx,（二）专项投标文件 / 5.针对评审要素，需要补充的其他文件 / 5.3.绿色低碳生产及绿色回收 / 5.3.1.建立了绿色生产 / 5.3.1.3.现状环境影响评估报告,128,128,tender_scoring_derived,assets/template_words/包1_完整招标文件_92475576192439826/SL2655招标文件-预审.docx,5.针对评审要素，需要补充的其他文件,parent_scoring_section,0.78,needs_manual_review,正式证据包候选,,,,,"[""物资类通用""]",,needs_review,inventory_only_needs_original_evidence_or_manual_promotion,review_only,false,,,,rId200,word/media/image191.jpeg,d618cc382e34bbc29e00aae8e09e2cefd90acd98d0d99f0868e774ee365e06e8,1266,896,d618cc382e34bbc29e00aae8e09e2cefd90acd98d0d99f0868e774ee365e06e8,Word内嵌媒体未导出；不得直接提升为正式图片资产
technical-media-0193,technical,media,technical-chapter-031,5,5.3.1.3.,5.3.1.3.现状环境影响评估报告,,assets/template_words/技术补充文件.docx,（二）专项投标文件 / 5.针对评审要素，需要补充的其他文件 / 5.3.绿色低碳生产及绿色回收 / 5.3.1.建立了绿色生产 / 5.3.1.3.现状环境影响评估报告,128,128,tender_scoring_derived,assets/template_words/包1_完整招标文件_92475576192439826/SL2655招标文件-预审.docx,5.针对评审要素，需要补充的其他文件,parent_scoring_section,0.78,needs_manual_review,正式证据包候选,,,,,"[""物资类通用""]",,needs_review,inventory_only_needs_original_evidence_or_manual_promotion,review_only,false,,,,rId201,word/media/image192.jpeg,cbfa1adbe08d5c953bc60fe48eecdca525172b25d2be7ed764bcbc53e3355c57,1266,896,cbfa1adbe08d5c953bc60fe48eecdca525172b25d2be7ed764bcbc53e3355c57,Word内嵌媒体未导出；不得直接提升为正式图片资产
technical-media-0194,technical,media,technical-chapter-031,5,5.3.1.3.,5.3.1.3.现状环境影响评估报告,,assets/template_words/技术补充文件.docx,（二）专项投标文件 / 5.针对评审要素，需要补充的其他文件 / 5.3.绿色低碳生产及绿色回收 / 5.3.1.建立了绿色生产 / 5.3.1.3.现状环境影响评估报告,128,128,tender_scoring_derived,assets/template_words/包1_完整招标文件_92475576192439826/SL2655招标文件-预审.docx,5.针对评审要素，需要补充的其他文件,parent_scoring_section,0.78,needs_manual_review,正式证据包候选,,,,,"[""物资类通用""]",,needs_review,inventory_only_needs_original_evidence_or_manual_promotion,review_only,false,,,,rId202,word/media/image193.jpeg,93398ed9505c900f521a40a7250013d8037269466507d0ee11001b97503920ac,1266,896,93398ed9505c900f521a40a7250013d8037269466507d0ee11001b97503920ac,Word内嵌媒体未导出；不得直接提升为正式图片资产
technical-media-0195,technical,media,technical-chapter-031,5,5.3.1.3.,5.3.1.3.现状环境影响评估报告,,assets/template_words/技术补充文件.docx,（二）专项投标文件 / 5.针对评审要素，需要补充的其他文件 / 5.3.绿色低碳生产及绿色回收 / 5.3.1.建立了绿色生产 / 5.3.1.3.现状环境影响评估报告,128,128,tender_scoring_derived,assets/template_words/包1_完整招标文件_92475576192439826/SL2655招标文件-预审.docx,5.针对评审要素，需要补充的其他文件,parent_scoring_section,0.78,needs_manual_review,正式证据包候选,,,,,"[""物资类通用""]",,needs_review,inventory_only_needs_original_evidence_or_manual_promotion,review_only,false,,,,rId203,word/media/image194.jpeg,7d3bbfaeec6195463e91886c268f67b775a2ec8610132d321d6328e72fe4758b,1266,896,7d3bbfaeec6195463e91886c268f67b775a2ec8610132d321d6328e72fe4758b,Word内嵌媒体未导出；不得直接提升为正式图片资产
technical-media-0196,technical,media,technical-chapter-031,5,5.3.1.3.,5.3.1.3.现状环境影响评估报告,,assets/template_words/技术补充文件.docx,（二）专项投标文件 / 5.针对评审要素，需要补充的其他文件 / 5.3.绿色低碳生产及绿色回收 / 5.3.1.建立了绿色生产 / 5.3.1.3.现状环境影响评估报告,128,128,tender_scoring_derived,assets/template_words/包1_完整招标文件_92475576192439826/SL2655招标文件-预审.docx,5.针对评审要素，需要补充的其他文件,parent_scoring_section,0.78,needs_manual_review,正式证据包候选,,,,,"[""物资类通用""]",,needs_review,inventory_only_needs_original_evidence_or_manual_promotion,review_only,false,,,,rId204,word/media/image195.jpeg,ef642cc9bbd436c10e5adf4e4d5af9f4ba4617c8822cc5f049184c6885b7a94a,1266,896,ef642cc9bbd436c10e5adf4e4d5af9f4ba4617c8822cc5f049184c6885b7a94a,Word内嵌媒体未导出；不得直接提升为正式图片资产
technical-media-0197,technical,media,technical-chapter-031,5,5.3.1.3.,5.3.1.3.现状环境影响评估报告,,assets/template_words/技术补充文件.docx,（二）专项投标文件 / 5.针对评审要素，需要补充的其他文件 / 5.3.绿色低碳生产及绿色回收 / 5.3.1.建立了绿色生产 / 5.3.1.3.现状环境影响评估报告,128,128,tender_scoring_derived,assets/template_words/包1_完整招标文件_92475576192439826/SL2655招标文件-预审.docx,5.针对评审要素，需要补充的其他文件,parent_scoring_section,0.78,needs_manual_review,正式证据包候选,,,,,"[""物资类通用""]",,needs_review,inventory_only_needs_original_evidence_or_manual_promotion,review_only,false,,,,rId205,word/media/image196.jpeg,0f2d0b4d3c24ad74f47b7c2887ac0fb7c4e05b95ca2454b57991bb336d6b6900,1266,896,0f2d0b4d3c24ad74f47b7c2887ac0fb7c4e05b95ca2454b57991bb336d6b6900,Word内嵌媒体未导出；不得直接提升为正式图片资产
technical-media-0198,technical,media,technical-chapter-031,5,5.3.1.3.,5.3.1.3.现状环境影响评估报告,,assets/template_words/技术补充文件.docx,（二）专项投标文件 / 5.针对评审要素，需要补充的其他文件 / 5.3.绿色低碳生产及绿色回收 / 5.3.1.建立了绿色生产 / 5.3.1.3.现状环境影响评估报告,128,128,tender_scoring_derived,assets/template_words/包1_完整招标文件_92475576192439826/SL2655招标文件-预审.docx,5.针对评审要素，需要补充的其他文件,parent_scoring_section,0.78,needs_manual_review,正式证据包候选,,,,,"[""物资类通用""]",,needs_review,inventory_only_needs_original_evidence_or_manual_promotion,review_only,false,,,,rId206,word/media/image197.jpeg,e4937144f78c917cce35d891010431dfbad6bc063128a8841657d83a76122534,1266,896,e4937144f78c917cce35d891010431dfbad6bc063128a8841657d83a76122534,Word内嵌媒体未导出；不得直接提升为正式图片资产
technical-media-0199,technical,media,technical-chapter-031,5,5.3.1.3.,5.3.1.3.现状环境影响评估报告,,assets/template_words/技术补充文件.docx,（二）专项投标文件 / 5.针对评审要素，需要补充的其他文件 / 5.3.绿色低碳生产及绿色回收 / 5.3.1.建立了绿色生产 / 5.3.1.3.现状环境影响评估报告,128,128,tender_scoring_derived,assets/template_words/包1_完整招标文件_92475576192439826/SL2655招标文件-预审.docx,5.针对评审要素，需要补充的其他文件,parent_scoring_section,0.78,needs_manual_review,正式证据包候选,,,,,"[""物资类通用""]",,needs_review,inventory_only_needs_original_evidence_or_manual_promotion,review_only,false,,,,rId207,word/media/image198.jpeg,87ad2a1ccddf2a192547bf53d1b08fa48c1d355c650cbdfd92a0f8b9b7e70cdb,1266,896,87ad2a1ccddf2a192547bf53d1b08fa48c1d355c650cbdfd92a0f8b9b7e70cdb,Word内嵌媒体未导出；不得直接提升为正式图片资产
technical-media-0200,technical,media,technical-chapter-031,5,5.3.1.3.,5.3.1.3.现状环境影响评估报告,,assets/template_words/技术补充文件.docx,（二）专项投标文件 / 5.针对评审要素，需要补充的其他文件 / 5.3.绿色低碳生产及绿色回收 / 5.3.1.建立了绿色生产 / 5.3.1.3.现状环境影响评估报告,128,128,tender_scoring_derived,assets/template_words/包1_完整招标文件_92475576192439826/SL2655招标文件-预审.docx,5.针对评审要素，需要补充的其他文件,parent_scoring_section,0.78,needs_manual_review,正式证据包候选,,,,,"[""物资类通用""]",,needs_review,inventory_only_needs_original_evidence_or_manual_promotion,review_only,false,,,,rId208,word/media/image199.jpeg,c4af23301f74fb31d8ef6fa7cd5e0d3ad860bbcdf345cc8418d24e8fd15356a9,1266,896,c4af23301f74fb31d8ef6fa7cd5e0d3ad860bbcdf345cc8418d24e8fd15356a9,Word内嵌媒体未导出；不得直接提升为正式图片资产
technical-media-0201,technical,media,technical-chapter-031,5,5.3.1.3.,5.3.1.3.现状环境影响评估报告,,assets/template_words/技术补充文件.docx,（二）专项投标文件 / 5.针对评审要素，需要补充的其他文件 / 5.3.绿色低碳生产及绿色回收 / 5.3.1.建立了绿色生产 / 5.3.1.3.现状环境影响评估报告,128,128,tender_scoring_derived,assets/template_words/包1_完整招标文件_92475576192439826/SL2655招标文件-预审.docx,5.针对评审要素，需要补充的其他文件,parent_scoring_section,0.78,needs_manual_review,正式证据包候选,,,,,"[""物资类通用""]",,needs_review,inventory_only_needs_original_evidence_or_manual_promotion,review_only,false,,,,rId209,word/media/image200.jpeg,31c270ea5c69f62f477b3c53ee683b56228f689a9f21706547fe8d805d2bf11e,1266,896,31c270ea5c69f62f477b3c53ee683b56228f689a9f21706547fe8d805d2bf11e,Word内嵌媒体未导出；不得直接提升为正式图片资产
technical-media-0202,technical,media,technical-chapter-031,5,5.3.1.3.,5.3.1.3.现状环境影响评估报告,,assets/template_words/技术补充文件.docx,（二）专项投标文件 / 5.针对评审要素，需要补充的其他文件 / 5.3.绿色低碳生产及绿色回收 / 5.3.1.建立了绿色生产 / 5.3.1.3.现状环境影响评估报告,128,128,tender_scoring_derived,assets/template_words/包1_完整招标文件_92475576192439826/SL2655招标文件-预审.docx,5.针对评审要素，需要补充的其他文件,parent_scoring_section,0.78,needs_manual_review,正式证据包候选,,,,,"[""物资类通用""]",,needs_review,inventory_only_needs_original_evidence_or_manual_promotion,review_only,false,,,,rId210,word/media/image201.jpeg,b5f835eecad5da3df19dea7e70a6bee97f4a0fbfc73d93dafe2976a9f21fe245,1266,896,b5f835eecad5da3df19dea7e70a6bee97f4a0fbfc73d93dafe2976a9f21fe245,Word内嵌媒体未导出；不得直接提升为正式图片资产
technical-media-0203,technical,media,technical-chapter-031,5,5.3.1.3.,5.3.1.3.现状环境影响评估报告,,assets/template_words/技术补充文件.docx,（二）专项投标文件 / 5.针对评审要素，需要补充的其他文件 / 5.3.绿色低碳生产及绿色回收 / 5.3.1.建立了绿色生产 / 5.3.1.3.现状环境影响评估报告,128,128,tender_scoring_derived,assets/template_words/包1_完整招标文件_92475576192439826/SL2655招标文件-预审.docx,5.针对评审要素，需要补充的其他文件,parent_scoring_section,0.78,needs_manual_review,正式证据包候选,,,,,"[""物资类通用""]",,needs_review,inventory_only_needs_original_evidence_or_manual_promotion,review_only,false,,,,rId211,word/media/image202.jpeg,e97c06c633a17d44138476d0cb74a73a86c82067653dd007e5f7700e9f37cbe0,1266,896,e97c06c633a17d44138476d0cb74a73a86c82067653dd007e5f7700e9f37cbe0,Word内嵌媒体未导出；不得直接提升为正式图片资产
technical-media-0204,technical,media,technical-chapter-031,5,5.3.1.3.,5.3.1.3.现状环境影响评估报告,,assets/template_words/技术补充文件.docx,（二）专项投标文件 / 5.针对评审要素，需要补充的其他文件 / 5.3.绿色低碳生产及绿色回收 / 5.3.1.建立了绿色生产 / 5.3.1.3.现状环境影响评估报告,128,128,tender_scoring_derived,assets/template_words/包1_完整招标文件_92475576192439826/SL2655招标文件-预审.docx,5.针对评审要素，需要补充的其他文件,parent_scoring_section,0.78,needs_manual_review,正式证据包候选,,,,,"[""物资类通用""]",,needs_review,inventory_only_needs_original_evidence_or_manual_promotion,review_only,false,,,,rId212,word/media/image203.jpeg,7167ca95781d13fffada8f95c0b68372ea26a3f512e0fc5e22dc1bf1e34d1687,1266,1794,7167ca95781d13fffada8f95c0b68372ea26a3f512e0fc5e22dc1bf1e34d1687,Word内嵌媒体未导出；不得直接提升为正式图片资产
technical-media-0205,technical,media,technical-chapter-031,5,5.3.1.3.,5.3.1.3.现状环境影响评估报告,,assets/template_words/技术补充文件.docx,（二）专项投标文件 / 5.针对评审要素，需要补充的其他文件 / 5.3.绿色低碳生产及绿色回收 / 5.3.1.建立了绿色生产 / 5.3.1.3.现状环境影响评估报告,128,128,tender_scoring_derived,assets/template_words/包1_完整招标文件_92475576192439826/SL2655招标文件-预审.docx,5.针对评审要素，需要补充的其他文件,parent_scoring_section,0.78,needs_manual_review,正式证据包候选,,,,,"[""物资类通用""]",,needs_review,inventory_only_needs_original_evidence_or_manual_promotion,review_only,false,,,,rId213,word/media/image204.jpeg,6f378f37f3d9726674ad92b526bffc943cc22f6ea1039b521c4d9f178d6572c2,1266,1794,6f378f37f3d9726674ad92b526bffc943cc22f6ea1039b521c4d9f178d6572c2,Word内嵌媒体未导出；不得直接提升为正式图片资产
technical-media-0206,technical,media,technical-chapter-031,5,5.3.1.3.,5.3.1.3.现状环境影响评估报告,,assets/template_words/技术补充文件.docx,（二）专项投标文件 / 5.针对评审要素，需要补充的其他文件 / 5.3.绿色低碳生产及绿色回收 / 5.3.1.建立了绿色生产 / 5.3.1.3.现状环境影响评估报告,128,128,tender_scoring_derived,assets/template_words/包1_完整招标文件_92475576192439826/SL2655招标文件-预审.docx,5.针对评审要素，需要补充的其他文件,parent_scoring_section,0.78,needs_manual_review,正式证据包候选,,,,,"[""物资类通用""]",,needs_review,inventory_only_needs_original_evidence_or_manual_promotion,review_only,false,,,,rId214,word/media/image205.jpeg,e532619bdb66aeb9b43064d73be15c4ab35452989fabbe3778fc3dcfc71e2e07,1266,1794,e532619bdb66aeb9b43064d73be15c4ab35452989fabbe3778fc3dcfc71e2e07,Word内嵌媒体未导出；不得直接提升为正式图片资产
technical-media-0207,technical,media,technical-chapter-031,5,5.3.1.3.,5.3.1.3.现状环境影响评估报告,,assets/template_words/技术补充文件.docx,（二）专项投标文件 / 5.针对评审要素，需要补充的其他文件 / 5.3.绿色低碳生产及绿色回收 / 5.3.1.建立了绿色生产 / 5.3.1.3.现状环境影响评估报告,128,128,tender_scoring_derived,assets/template_words/包1_完整招标文件_92475576192439826/SL2655招标文件-预审.docx,5.针对评审要素，需要补充的其他文件,parent_scoring_section,0.78,needs_manual_review,正式证据包候选,,,,,"[""物资类通用""]",,needs_review,inventory_only_needs_original_evidence_or_manual_promotion,review_only,false,,,,rId215,word/media/image206.jpeg,14eada201b5a1b1dfa5eb9e4133b7a98878707361abb8fc46c654ad51b51a5f6,2480,3507,14eada201b5a1b1dfa5eb9e4133b7a98878707361abb8fc46c654ad51b51a5f6,Word内嵌媒体未导出；不得直接提升为正式图片资产
technical-media-0208,technical,media,technical-chapter-031,5,5.3.1.3.,5.3.1.3.现状环境影响评估报告,,assets/template_words/技术补充文件.docx,（二）专项投标文件 / 5.针对评审要素，需要补充的其他文件 / 5.3.绿色低碳生产及绿色回收 / 5.3.1.建立了绿色生产 / 5.3.1.3.现状环境影响评估报告,128,128,tender_scoring_derived,assets/template_words/包1_完整招标文件_92475576192439826/SL2655招标文件-预审.docx,5.针对评审要素，需要补充的其他文件,parent_scoring_section,0.78,needs_manual_review,正式证据包候选,,,,,"[""物资类通用""]",,needs_review,inventory_only_needs_original_evidence_or_manual_promotion,review_only,false,,,,rId216,word/media/image207.jpeg,243a5e315cac2d81d05a72ea98e399e27106120b13fd404b949d484ef9f467e0,2480,3507,243a5e315cac2d81d05a72ea98e399e27106120b13fd404b949d484ef9f467e0,Word内嵌媒体未导出；不得直接提升为正式图片资产
technical-media-0209,technical,media,technical-chapter-031,5,5.3.1.3.,5.3.1.3.现状环境影响评估报告,,assets/template_words/技术补充文件.docx,（二）专项投标文件 / 5.针对评审要素，需要补充的其他文件 / 5.3.绿色低碳生产及绿色回收 / 5.3.1.建立了绿色生产 / 5.3.1.3.现状环境影响评估报告,128,128,tender_scoring_derived,assets/template_words/包1_完整招标文件_92475576192439826/SL2655招标文件-预审.docx,5.针对评审要素，需要补充的其他文件,parent_scoring_section,0.78,needs_manual_review,正式证据包候选,,,,,"[""物资类通用""]",,needs_review,inventory_only_needs_original_evidence_or_manual_promotion,review_only,false,,,,rId217,word/media/image208.jpeg,fe03037ef1dede2608a9233124fc4dfaf42c2d5d6bbecfa192d382e705f6a716,2480,3507,fe03037ef1dede2608a9233124fc4dfaf42c2d5d6bbecfa192d382e705f6a716,Word内嵌媒体未导出；不得直接提升为正式图片资产
technical-media-0210,technical,media,technical-chapter-031,5,5.3.1.3.,5.3.1.3.现状环境影响评估报告,,assets/template_words/技术补充文件.docx,（二）专项投标文件 / 5.针对评审要素，需要补充的其他文件 / 5.3.绿色低碳生产及绿色回收 / 5.3.1.建立了绿色生产 / 5.3.1.3.现状环境影响评估报告,128,128,tender_scoring_derived,assets/template_words/包1_完整招标文件_92475576192439826/SL2655招标文件-预审.docx,5.针对评审要素，需要补充的其他文件,parent_scoring_section,0.78,needs_manual_review,正式证据包候选,,,,,"[""物资类通用""]",,needs_review,inventory_only_needs_original_evidence_or_manual_promotion,review_only,false,,,,rId218,word/media/image209.jpeg,0c9d3db2992fa6c0947e1037fbb2e0c0804ce3a9caa8b65b14815c9cde34e109,2480,3507,0c9d3db2992fa6c0947e1037fbb2e0c0804ce3a9caa8b65b14815c9cde34e109,Word内嵌媒体未导出；不得直接提升为正式图片资产
technical-media-0211,technical,media,technical-chapter-031,5,5.3.1.3.,5.3.1.3.现状环境影响评估报告,,assets/template_words/技术补充文件.docx,（二）专项投标文件 / 5.针对评审要素，需要补充的其他文件 / 5.3.绿色低碳生产及绿色回收 / 5.3.1.建立了绿色生产 / 5.3.1.3.现状环境影响评估报告,128,128,tender_scoring_derived,assets/template_words/包1_完整招标文件_92475576192439826/SL2655招标文件-预审.docx,5.针对评审要素，需要补充的其他文件,parent_scoring_section,0.78,needs_manual_review,正式证据包候选,,,,,"[""物资类通用""]",,needs_review,inventory_only_needs_original_evidence_or_manual_promotion,review_only,false,,,,rId219,word/media/image210.jpeg,1393e09bba405f82a4af004e0e5fca422d64dd61fee4f928f3426bd64e38a0b2,2480,3507,1393e09bba405f82a4af004e0e5fca422d64dd61fee4f928f3426bd64e38a0b2,Word内嵌媒体未导出；不得直接提升为正式图片资产
technical-media-0212,technical,media,technical-chapter-031,5,5.3.1.3.,5.3.1.3.现状环境影响评估报告,,assets/template_words/技术补充文件.docx,（二）专项投标文件 / 5.针对评审要素，需要补充的其他文件 / 5.3.绿色低碳生产及绿色回收 / 5.3.1.建立了绿色生产 / 5.3.1.3.现状环境影响评估报告,128,128,tender_scoring_derived,assets/template_words/包1_完整招标文件_92475576192439826/SL2655招标文件-预审.docx,5.针对评审要素，需要补充的其他文件,parent_scoring_section,0.78,needs_manual_review,正式证据包候选,,,,,"[""物资类通用""]",,needs_review,inventory_only_needs_original_evidence_or_manual_promotion,review_only,false,,,,rId220,word/media/image211.jpeg,d0274ac9d196c08640ee7cad22a11cacab3c4a586616ead6097edb9233b13faa,2480,3507,d0274ac9d196c08640ee7cad22a11cacab3c4a586616ead6097edb9233b13faa,Word内嵌媒体未导出；不得直接提升为正式图片资产
technical-media-0213,technical,media,technical-chapter-031,5,5.3.1.3.,5.3.1.3.现状环境影响评估报告,,assets/template_words/技术补充文件.docx,（二）专项投标文件 / 5.针对评审要素，需要补充的其他文件 / 5.3.绿色低碳生产及绿色回收 / 5.3.1.建立了绿色生产 / 5.3.1.3.现状环境影响评估报告,128,128,tender_scoring_derived,assets/template_words/包1_完整招标文件_92475576192439826/SL2655招标文件-预审.docx,5.针对评审要素，需要补充的其他文件,parent_scoring_section,0.78,needs_manual_review,正式证据包候选,,,,,"[""物资类通用""]",,needs_review,inventory_only_needs_original_evidence_or_manual_promotion,review_only,false,,,,rId221,word/media/image212.jpeg,c8c61095bf5479acc55310b11f49a1363fdf8dd43a02fc9360323ee72bae2ce3,2480,3507,c8c61095bf5479acc55310b11f49a1363fdf8dd43a02fc9360323ee72bae2ce3,Word内嵌媒体未导出；不得直接提升为正式图片资产
technical-media-0214,technical,media,technical-chapter-031,5,5.3.1.3.,5.3.1.3.现状环境影响评估报告,,assets/template_words/技术补充文件.docx,（二）专项投标文件 / 5.针对评审要素，需要补充的其他文件 / 5.3.绿色低碳生产及绿色回收 / 5.3.1.建立了绿色生产 / 5.3.1.3.现状环境影响评估报告,128,128,tender_scoring_derived,assets/template_words/包1_完整招标文件_92475576192439826/SL2655招标文件-预审.docx,5.针对评审要素，需要补充的其他文件,parent_scoring_section,0.78,needs_manual_review,正式证据包候选,,,,,"[""物资类通用""]",,needs_review,inventory_only_needs_original_evidence_or_manual_promotion,review_only,false,,,,rId222,word/media/image213.jpeg,0bfda44641e2fd39b58e1dc50ac06dacf20f129be02e06bacfd46afbd96e0450,2480,3507,0bfda44641e2fd39b58e1dc50ac06dacf20f129be02e06bacfd46afbd96e0450,Word内嵌媒体未导出；不得直接提升为正式图片资产
technical-media-0215,technical,media,technical-chapter-031,5,5.3.1.3.,5.3.1.3.现状环境影响评估报告,,assets/template_words/技术补充文件.docx,（二）专项投标文件 / 5.针对评审要素，需要补充的其他文件 / 5.3.绿色低碳生产及绿色回收 / 5.3.1.建立了绿色生产 / 5.3.1.3.现状环境影响评估报告,128,128,tender_scoring_derived,assets/template_words/包1_完整招标文件_92475576192439826/SL2655招标文件-预审.docx,5.针对评审要素，需要补充的其他文件,parent_scoring_section,0.78,needs_manual_review,正式证据包候选,,,,,"[""物资类通用""]",,needs_review,inventory_only_needs_original_evidence_or_manual_promotion,review_only,false,,,,rId223,word/media/image214.jpeg,27d45bfaecca6b10b021a628715ab4397e9c65c9e2bc77dc5b5e99ee18cd26f9,2480,3507,27d45bfaecca6b10b021a628715ab4397e9c65c9e2bc77dc5b5e99ee18cd26f9,Word内嵌媒体未导出；不得直接提升为正式图片资产
technical-media-0216,technical,media,technical-chapter-031,5,5.3.1.3.,5.3.1.3.现状环境影响评估报告,,assets/template_words/技术补充文件.docx,（二）专项投标文件 / 5.针对评审要素，需要补充的其他文件 / 5.3.绿色低碳生产及绿色回收 / 5.3.1.建立了绿色生产 / 5.3.1.3.现状环境影响评估报告,128,128,tender_scoring_derived,assets/template_words/包1_完整招标文件_92475576192439826/SL2655招标文件-预审.docx,5.针对评审要素，需要补充的其他文件,parent_scoring_section,0.78,needs_manual_review,正式证据包候选,,,,,"[""物资类通用""]",,needs_review,inventory_only_needs_original_evidence_or_manual_promotion,review_only,false,,,,rId224,word/media/image215.jpeg,b630e6eac6d57dfab5e52a9bef9c22e814969094598d5ba3240e344861779059,2480,3507,b630e6eac6d57dfab5e52a9bef9c22e814969094598d5ba3240e344861779059,Word内嵌媒体未导出；不得直接提升为正式图片资产
technical-media-0217,technical,media,technical-chapter-031,5,5.3.1.3.,5.3.1.3.现状环境影响评估报告,,assets/template_words/技术补充文件.docx,（二）专项投标文件 / 5.针对评审要素，需要补充的其他文件 / 5.3.绿色低碳生产及绿色回收 / 5.3.1.建立了绿色生产 / 5.3.1.3.现状环境影响评估报告,128,128,tender_scoring_derived,assets/template_words/包1_完整招标文件_92475576192439826/SL2655招标文件-预审.docx,5.针对评审要素，需要补充的其他文件,parent_scoring_section,0.78,needs_manual_review,正式证据包候选,,,,,"[""物资类通用""]",,needs_review,inventory_only_needs_original_evidence_or_manual_promotion,review_only,false,,,,rId225,word/media/image216.jpeg,b16e56f9cafc28e0fb0de1541d68a982432ba183f61c3260bececd7ccbff5140,1266,1794,b16e56f9cafc28e0fb0de1541d68a982432ba183f61c3260bececd7ccbff5140,Word内嵌媒体未导出；不得直接提升为正式图片资产
technical-media-0218,technical,media,technical-chapter-031,5,5.3.1.3.,5.3.1.3.现状环境影响评估报告,,assets/template_words/技术补充文件.docx,（二）专项投标文件 / 5.针对评审要素，需要补充的其他文件 / 5.3.绿色低碳生产及绿色回收 / 5.3.1.建立了绿色生产 / 5.3.1.3.现状环境影响评估报告,128,128,tender_scoring_derived,assets/template_words/包1_完整招标文件_92475576192439826/SL2655招标文件-预审.docx,5.针对评审要素，需要补充的其他文件,parent_scoring_section,0.78,needs_manual_review,正式证据包候选,,,,,"[""物资类通用""]",,needs_review,inventory_only_needs_original_evidence_or_manual_promotion,review_only,false,,,,rId226,word/media/image217.jpeg,29da3b347c2441d62f0fd2263384829c04fa4442a293699e67478e85ff2cb50c,1266,1794,29da3b347c2441d62f0fd2263384829c04fa4442a293699e67478e85ff2cb50c,Word内嵌媒体未导出；不得直接提升为正式图片资产
technical-media-0219,technical,media,technical-chapter-031,5,5.3.1.3.,5.3.1.3.现状环境影响评估报告,,assets/template_words/技术补充文件.docx,（二）专项投标文件 / 5.针对评审要素，需要补充的其他文件 / 5.3.绿色低碳生产及绿色回收 / 5.3.1.建立了绿色生产 / 5.3.1.3.现状环境影响评估报告,128,128,tender_scoring_derived,assets/template_words/包1_完整招标文件_92475576192439826/SL2655招标文件-预审.docx,5.针对评审要素，需要补充的其他文件,parent_scoring_section,0.78,needs_manual_review,正式证据包候选,,,,,"[""物资类通用""]",,needs_review,inventory_only_needs_original_evidence_or_manual_promotion,review_only,false,,,,rId227,word/media/image218.jpeg,61bc444155ff62f00d4e6df72c28654c64f614de2c5d1f9d4790f61ce2e72637,2480,3507,61bc444155ff62f00d4e6df72c28654c64f614de2c5d1f9d4790f61ce2e72637,Word内嵌媒体未导出；不得直接提升为正式图片资产
technical-media-0220,technical,media,technical-chapter-031,5,5.3.1.3.,5.3.1.3.现状环境影响评估报告,,assets/template_words/技术补充文件.docx,（二）专项投标文件 / 5.针对评审要素，需要补充的其他文件 / 5.3.绿色低碳生产及绿色回收 / 5.3.1.建立了绿色生产 / 5.3.1.3.现状环境影响评估报告,128,128,tender_scoring_derived,assets/template_words/包1_完整招标文件_92475576192439826/SL2655招标文件-预审.docx,5.针对评审要素，需要补充的其他文件,parent_scoring_section,0.78,needs_manual_review,正式证据包候选,,,,,"[""物资类通用""]",,needs_review,inventory_only_needs_original_evidence_or_manual_promotion,review_only,false,,,,rId228,word/media/image219.jpeg,427d2c5357d95c28d19c59b964f33bea89e691d4e3b71598a295d6b245a84ab9,2480,3507,427d2c5357d95c28d19c59b964f33bea89e691d4e3b71598a295d6b245a84ab9,Word内嵌媒体未导出；不得直接提升为正式图片资产
technical-chapter-032,technical,chapter,technical-chapter-032,5,5.3.1.4.,5.3.1.4.绿色发展规划报告,,assets/template_words/技术补充文件.docx,（二）专项投标文件 / 5.针对评审要素，需要补充的其他文件 / 5.3.绿色低碳生产及绿色回收 / 5.3.1.建立了绿色生产 / 5.3.1.4.绿色发展规划报告,218,235,tender_scoring_derived,assets/template_words/包1_完整招标文件_92475576192439826/SL2655招标文件-预审.docx,5.针对评审要素，需要补充的其他文件,parent_scoring_section,0.78,needs_manual_review,正式证据包候选,,,,,"[""物资类通用""]",,needs_review,manual_review_before_skeleton_reuse,review_only,false,,,,,,,,,340c8844e8e885d5c2c26bfc93a01de6aa5672fcc48c8ca89e53c30bb5bbdd50,
technical-media-0221,technical,media,technical-chapter-032,5,5.3.1.4.,5.3.1.4.绿色发展规划报告,,assets/template_words/技术补充文件.docx,（二）专项投标文件 / 5.针对评审要素，需要补充的其他文件 / 5.3.绿色低碳生产及绿色回收 / 5.3.1.建立了绿色生产 / 5.3.1.4.绿色发展规划报告,219,219,tender_scoring_derived,assets/template_words/包1_完整招标文件_92475576192439826/SL2655招标文件-预审.docx,5.针对评审要素，需要补充的其他文件,parent_scoring_section,0.78,needs_manual_review,正式证据包候选,,,,,"[""物资类通用""]",,needs_review,inventory_only_needs_original_evidence_or_manual_promotion,review_only,false,,,,rId229,word/media/image220.jpg,4c3552deaef989e1d737cc85c657fd08bbe5c3bd9892d73507c2c7bcc9c44467,1654,2339,4c3552deaef989e1d737cc85c657fd08bbe5c3bd9892d73507c2c7bcc9c44467,Word内嵌媒体未导出；不得直接提升为正式图片资产
technical-media-0222,technical,media,technical-chapter-032,5,5.3.1.4.,5.3.1.4.绿色发展规划报告,,assets/template_words/技术补充文件.docx,（二）专项投标文件 / 5.针对评审要素，需要补充的其他文件 / 5.3.绿色低碳生产及绿色回收 / 5.3.1.建立了绿色生产 / 5.3.1.4.绿色发展规划报告,219,219,tender_scoring_derived,assets/template_words/包1_完整招标文件_92475576192439826/SL2655招标文件-预审.docx,5.针对评审要素，需要补充的其他文件,parent_scoring_section,0.78,needs_manual_review,正式证据包候选,,,,,"[""物资类通用""]",,needs_review,inventory_only_needs_original_evidence_or_manual_promotion,review_only,false,,,,rId230,word/media/image221.jpg,d3edd400316dc0f8305df3671adb84e11787f2420091bab8842ed0f2fa157196,1654,2339,d3edd400316dc0f8305df3671adb84e11787f2420091bab8842ed0f2fa157196,Word内嵌媒体未导出；不得直接提升为正式图片资产
technical-media-0223,technical,media,technical-chapter-032,5,5.3.1.4.,5.3.1.4.绿色发展规划报告,,assets/template_words/技术补充文件.docx,（二）专项投标文件 / 5.针对评审要素，需要补充的其他文件 / 5.3.绿色低碳生产及绿色回收 / 5.3.1.建立了绿色生产 / 5.3.1.4.绿色发展规划报告,219,219,tender_scoring_derived,assets/template_words/包1_完整招标文件_92475576192439826/SL2655招标文件-预审.docx,5.针对评审要素，需要补充的其他文件,parent_scoring_section,0.78,needs_manual_review,正式证据包候选,,,,,"[""物资类通用""]",,needs_review,inventory_only_needs_original_evidence_or_manual_promotion,review_only,false,,,,rId231,word/media/image222.jpg,867f0d4dbb1e5b3dd043770048c24d877ef93f63a72a1c7546a45499d81dde6f,1522,2152,867f0d4dbb1e5b3dd043770048c24d877ef93f63a72a1c7546a45499d81dde6f,Word内嵌媒体未导出；不得直接提升为正式图片资产
technical-media-0224,technical,media,technical-chapter-032,5,5.3.1.4.,5.3.1.4.绿色发展规划报告,,assets/template_words/技术补充文件.docx,（二）专项投标文件 / 5.针对评审要素，需要补充的其他文件 / 5.3.绿色低碳生产及绿色回收 / 5.3.1.建立了绿色生产 / 5.3.1.4.绿色发展规划报告,219,219,tender_scoring_derived,assets/template_words/包1_完整招标文件_92475576192439826/SL2655招标文件-预审.docx,5.针对评审要素，需要补充的其他文件,parent_scoring_section,0.78,needs_manual_review,正式证据包候选,,,,,"[""物资类通用""]",,needs_review,inventory_only_needs_original_evidence_or_manual_promotion,review_only,false,,,,rId232,word/media/image223.jpg,733a1a5db697d234e52e0761e640cab08cb246799487fb502ddf0bd30eb6d419,1522,2152,733a1a5db697d234e52e0761e640cab08cb246799487fb502ddf0bd30eb6d419,Word内嵌媒体未导出；不得直接提升为正式图片资产
technical-media-0225,technical,media,technical-chapter-032,5,5.3.1.4.,5.3.1.4.绿色发展规划报告,,assets/template_words/技术补充文件.docx,（二）专项投标文件 / 5.针对评审要素，需要补充的其他文件 / 5.3.绿色低碳生产及绿色回收 / 5.3.1.建立了绿色生产 / 5.3.1.4.绿色发展规划报告,219,219,tender_scoring_derived,assets/template_words/包1_完整招标文件_92475576192439826/SL2655招标文件-预审.docx,5.针对评审要素，需要补充的其他文件,parent_scoring_section,0.78,needs_manual_review,正式证据包候选,,,,,"[""物资类通用""]",,needs_review,inventory_only_needs_original_evidence_or_manual_promotion,review_only,false,,,,rId233,word/media/image224.jpg,d75b6546afcc512c69a1e745c297e65ee1209657911a3e6d4fbcdc440791f370,1522,2152,d75b6546afcc512c69a1e745c297e65ee1209657911a3e6d4fbcdc440791f370,Word内嵌媒体未导出；不得直接提升为正式图片资产
technical-media-0226,technical,media,technical-chapter-032,5,5.3.1.4.,5.3.1.4.绿色发展规划报告,,assets/template_words/技术补充文件.docx,（二）专项投标文件 / 5.针对评审要素，需要补充的其他文件 / 5.3.绿色低碳生产及绿色回收 / 5.3.1.建立了绿色生产 / 5.3.1.4.绿色发展规划报告,219,219,tender_scoring_derived,assets/template_words/包1_完整招标文件_92475576192439826/SL2655招标文件-预审.docx,5.针对评审要素，需要补充的其他文件,parent_scoring_section,0.78,needs_manual_review,正式证据包候选,,,,,"[""物资类通用""]",,needs_review,inventory_only_needs_original_evidence_or_manual_promotion,review_only,false,,,,rId234,word/media/image225.jpg,c26a63c9330d52595d88abbbd57df05bd001456465d480b5d28fab7bb0d2fc14,1522,2152,c26a63c9330d52595d88abbbd57df05bd001456465d480b5d28fab7bb0d2fc14,Word内嵌媒体未导出；不得直接提升为正式图片资产
technical-media-0227,technical,media,technical-chapter-032,5,5.3.1.4.,5.3.1.4.绿色发展规划报告,,assets/template_words/技术补充文件.docx,（二）专项投标文件 / 5.针对评审要素，需要补充的其他文件 / 5.3.绿色低碳生产及绿色回收 / 5.3.1.建立了绿色生产 / 5.3.1.4.绿色发展规划报告,219,219,tender_scoring_derived,assets/template_words/包1_完整招标文件_92475576192439826/SL2655招标文件-预审.docx,5.针对评审要素，需要补充的其他文件,parent_scoring_section,0.78,needs_manual_review,正式证据包候选,,,,,"[""物资类通用""]",,needs_review,inventory_only_needs_original_evidence_or_manual_promotion,review_only,false,,,,rId235,word/media/image226.jpg,a64ce01b4022ab7fde9002abb4b35352dc4e4927d3c2bc31732a61eb4c130c94,1522,2152,a64ce01b4022ab7fde9002abb4b35352dc4e4927d3c2bc31732a61eb4c130c94,Word内嵌媒体未导出；不得直接提升为正式图片资产
technical-media-0228,technical,media,technical-chapter-032,5,5.3.1.4.,5.3.1.4.绿色发展规划报告,,assets/template_words/技术补充文件.docx,（二）专项投标文件 / 5.针对评审要素，需要补充的其他文件 / 5.3.绿色低碳生产及绿色回收 / 5.3.1.建立了绿色生产 / 5.3.1.4.绿色发展规划报告,219,219,tender_scoring_derived,assets/template_words/包1_完整招标文件_92475576192439826/SL2655招标文件-预审.docx,5.针对评审要素，需要补充的其他文件,parent_scoring_section,0.78,needs_manual_review,正式证据包候选,,,,,"[""物资类通用""]",,needs_review,inventory_only_needs_original_evidence_or_manual_promotion,review_only,false,,,,rId236,word/media/image227.jpg,d5bdeb81698a777b4e1c3d7a94cf38bbf72b3739f71935e84aeb6cda1f7265e5,1522,2152,d5bdeb81698a777b4e1c3d7a94cf38bbf72b3739f71935e84aeb6cda1f7265e5,Word内嵌媒体未导出；不得直接提升为正式图片资产
technical-media-0229,technical,media,technical-chapter-032,5,5.3.1.4.,5.3.1.4.绿色发展规划报告,,assets/template_words/技术补充文件.docx,（二）专项投标文件 / 5.针对评审要素，需要补充的其他文件 / 5.3.绿色低碳生产及绿色回收 / 5.3.1.建立了绿色生产 / 5.3.1.4.绿色发展规划报告,219,219,tender_scoring_derived,assets/template_words/包1_完整招标文件_92475576192439826/SL2655招标文件-预审.docx,5.针对评审要素，需要补充的其他文件,parent_scoring_section,0.78,needs_manual_review,正式证据包候选,,,,,"[""物资类通用""]",,needs_review,inventory_only_needs_original_evidence_or_manual_promotion,review_only,false,,,,rId237,word/media/image228.jpg,f0ff8dd9b015c06dc1c366c9c696470b998d1c1af77070e04d5f2ced88198c0b,1522,2152,f0ff8dd9b015c06dc1c366c9c696470b998d1c1af77070e04d5f2ced88198c0b,Word内嵌媒体未导出；不得直接提升为正式图片资产
technical-media-0230,technical,media,technical-chapter-032,5,5.3.1.4.,5.3.1.4.绿色发展规划报告,,assets/template_words/技术补充文件.docx,（二）专项投标文件 / 5.针对评审要素，需要补充的其他文件 / 5.3.绿色低碳生产及绿色回收 / 5.3.1.建立了绿色生产 / 5.3.1.4.绿色发展规划报告,219,219,tender_scoring_derived,assets/template_words/包1_完整招标文件_92475576192439826/SL2655招标文件-预审.docx,5.针对评审要素，需要补充的其他文件,parent_scoring_section,0.78,needs_manual_review,正式证据包候选,,,,,"[""物资类通用""]",,needs_review,inventory_only_needs_original_evidence_or_manual_promotion,review_only,false,,,,rId238,word/media/image229.jpg,42101cdc767c69edb31df4af1ba9cd02e4e4a7327c955442e1b38e3b41cd8b56,1522,2152,42101cdc767c69edb31df4af1ba9cd02e4e4a7327c955442e1b38e3b41cd8b56,Word内嵌媒体未导出；不得直接提升为正式图片资产
technical-media-0231,technical,media,technical-chapter-032,5,5.3.1.4.,5.3.1.4.绿色发展规划报告,,assets/template_words/技术补充文件.docx,（二）专项投标文件 / 5.针对评审要素，需要补充的其他文件 / 5.3.绿色低碳生产及绿色回收 / 5.3.1.建立了绿色生产 / 5.3.1.4.绿色发展规划报告,219,219,tender_scoring_derived,assets/template_words/包1_完整招标文件_92475576192439826/SL2655招标文件-预审.docx,5.针对评审要素，需要补充的其他文件,parent_scoring_section,0.78,needs_manual_review,正式证据包候选,,,,,"[""物资类通用""]",,needs_review,inventory_only_needs_original_evidence_or_manual_promotion,review_only,false,,,,rId239,word/media/image230.jpg,a8cbd999fcb94a4e73294597d3ca69720c03dc5de3ffcc8ebfb050702b1d397a,1522,2152,a8cbd999fcb94a4e73294597d3ca69720c03dc5de3ffcc8ebfb050702b1d397a,Word内嵌媒体未导出；不得直接提升为正式图片资产
technical-media-0232,technical,media,technical-chapter-032,5,5.3.1.4.,5.3.1.4.绿色发展规划报告,,assets/template_words/技术补充文件.docx,（二）专项投标文件 / 5.针对评审要素，需要补充的其他文件 / 5.3.绿色低碳生产及绿色回收 / 5.3.1.建立了绿色生产 / 5.3.1.4.绿色发展规划报告,219,219,tender_scoring_derived,assets/template_words/包1_完整招标文件_92475576192439826/SL2655招标文件-预审.docx,5.针对评审要素，需要补充的其他文件,parent_scoring_section,0.78,needs_manual_review,正式证据包候选,,,,,"[""物资类通用""]",,needs_review,inventory_only_needs_original_evidence_or_manual_promotion,review_only,false,,,,rId240,word/media/image231.jpg,e4f080fcfb9c3190419ac9b30afb9a28c9c1423d66b273838dbedfb07744d151,1522,2152,e4f080fcfb9c3190419ac9b30afb9a28c9c1423d66b273838dbedfb07744d151,Word内嵌媒体未导出；不得直接提升为正式图片资产
technical-media-0233,technical,media,technical-chapter-032,5,5.3.1.4.,5.3.1.4.绿色发展规划报告,,assets/template_words/技术补充文件.docx,（二）专项投标文件 / 5.针对评审要素，需要补充的其他文件 / 5.3.绿色低碳生产及绿色回收 / 5.3.1.建立了绿色生产 / 5.3.1.4.绿色发展规划报告,219,219,tender_scoring_derived,assets/template_words/包1_完整招标文件_92475576192439826/SL2655招标文件-预审.docx,5.针对评审要素，需要补充的其他文件,parent_scoring_section,0.78,needs_manual_review,正式证据包候选,,,,,"[""物资类通用""]",,needs_review,inventory_only_needs_original_evidence_or_manual_promotion,review_only,false,,,,rId241,word/media/image232.jpg,d6bb9eccd0820827239eb3b634c2bf3b0832941d127d002c00619ce5f27fbc1e,1522,2152,d6bb9eccd0820827239eb3b634c2bf3b0832941d127d002c00619ce5f27fbc1e,Word内嵌媒体未导出；不得直接提升为正式图片资产
technical-media-0234,technical,media,technical-chapter-032,5,5.3.1.4.,5.3.1.4.绿色发展规划报告,,assets/template_words/技术补充文件.docx,（二）专项投标文件 / 5.针对评审要素，需要补充的其他文件 / 5.3.绿色低碳生产及绿色回收 / 5.3.1.建立了绿色生产 / 5.3.1.4.绿色发展规划报告,219,219,tender_scoring_derived,assets/template_words/包1_完整招标文件_92475576192439826/SL2655招标文件-预审.docx,5.针对评审要素，需要补充的其他文件,parent_scoring_section,0.78,needs_manual_review,正式证据包候选,,,,,"[""物资类通用""]",,needs_review,inventory_only_needs_original_evidence_or_manual_promotion,review_only,false,,,,rId242,word/media/image233.jpg,9b80277181bc0615c95d9fc2ba8f05b97e84d9dda259ae67c7fe459900d592e5,1522,2152,9b80277181bc0615c95d9fc2ba8f05b97e84d9dda259ae67c7fe459900d592e5,Word内嵌媒体未导出；不得直接提升为正式图片资产
technical-media-0235,technical,media,technical-chapter-032,5,5.3.1.4.,5.3.1.4.绿色发展规划报告,,assets/template_words/技术补充文件.docx,（二）专项投标文件 / 5.针对评审要素，需要补充的其他文件 / 5.3.绿色低碳生产及绿色回收 / 5.3.1.建立了绿色生产 / 5.3.1.4.绿色发展规划报告,219,219,tender_scoring_derived,assets/template_words/包1_完整招标文件_92475576192439826/SL2655招标文件-预审.docx,5.针对评审要素，需要补充的其他文件,parent_scoring_section,0.78,needs_manual_review,正式证据包候选,,,,,"[""物资类通用""]",,needs_review,inventory_only_needs_original_evidence_or_manual_promotion,review_only,false,,,,rId243,word/media/image234.jpg,8eff34d384ac79f37f365801b5b1e9151885c8e7768a4172c127b9043237160d,1522,2152,8eff34d384ac79f37f365801b5b1e9151885c8e7768a4172c127b9043237160d,Word内嵌媒体未导出；不得直接提升为正式图片资产
technical-media-0236,technical,media,technical-chapter-032,5,5.3.1.4.,5.3.1.4.绿色发展规划报告,,assets/template_words/技术补充文件.docx,（二）专项投标文件 / 5.针对评审要素，需要补充的其他文件 / 5.3.绿色低碳生产及绿色回收 / 5.3.1.建立了绿色生产 / 5.3.1.4.绿色发展规划报告,219,219,tender_scoring_derived,assets/template_words/包1_完整招标文件_92475576192439826/SL2655招标文件-预审.docx,5.针对评审要素，需要补充的其他文件,parent_scoring_section,0.78,needs_manual_review,正式证据包候选,,,,,"[""物资类通用""]",,needs_review,inventory_only_needs_original_evidence_or_manual_promotion,review_only,false,,,,rId244,word/media/image235.jpg,4c61af9e6a6f66a457dcc3dea1b975e0ebd32196d0cc05642840347e03114f0c,1522,2152,4c61af9e6a6f66a457dcc3dea1b975e0ebd32196d0cc05642840347e03114f0c,Word内嵌媒体未导出；不得直接提升为正式图片资产
technical-media-0237,technical,media,technical-chapter-032,5,5.3.1.4.,5.3.1.4.绿色发展规划报告,,assets/template_words/技术补充文件.docx,（二）专项投标文件 / 5.针对评审要素，需要补充的其他文件 / 5.3.绿色低碳生产及绿色回收 / 5.3.1.建立了绿色生产 / 5.3.1.4.绿色发展规划报告,219,219,tender_scoring_derived,assets/template_words/包1_完整招标文件_92475576192439826/SL2655招标文件-预审.docx,5.针对评审要素，需要补充的其他文件,parent_scoring_section,0.78,needs_manual_review,正式证据包候选,,,,,"[""物资类通用""]",,needs_review,inventory_only_needs_original_evidence_or_manual_promotion,review_only,false,,,,rId245,word/media/image236.jpg,4e0cb7ea46aae0bf1c21d13f5a6827853070bb4e727410f91ea76079a0760872,1522,2152,4e0cb7ea46aae0bf1c21d13f5a6827853070bb4e727410f91ea76079a0760872,Word内嵌媒体未导出；不得直接提升为正式图片资产
technical-media-0238,technical,media,technical-chapter-032,5,5.3.1.4.,5.3.1.4.绿色发展规划报告,,assets/template_words/技术补充文件.docx,（二）专项投标文件 / 5.针对评审要素，需要补充的其他文件 / 5.3.绿色低碳生产及绿色回收 / 5.3.1.建立了绿色生产 / 5.3.1.4.绿色发展规划报告,219,219,tender_scoring_derived,assets/template_words/包1_完整招标文件_92475576192439826/SL2655招标文件-预审.docx,5.针对评审要素，需要补充的其他文件,parent_scoring_section,0.78,needs_manual_review,正式证据包候选,,,,,"[""物资类通用""]",,needs_review,inventory_only_needs_original_evidence_or_manual_promotion,review_only,false,,,,rId246,word/media/image237.jpg,3e1819220cbb9c33a4e90eec205363cced439886f46f2cef58e034643f5ce4ec,1819,2573,3e1819220cbb9c33a4e90eec205363cced439886f46f2cef58e034643f5ce4ec,Word内嵌媒体未导出；不得直接提升为正式图片资产
technical-chapter-033,technical,chapter,technical-chapter-033,5,5.3.1.5.,5.3.1.5.碳足迹报告,,assets/template_words/技术补充文件.docx,（二）专项投标文件 / 5.针对评审要素，需要补充的其他文件 / 5.3.绿色低碳生产及绿色回收 / 5.3.1.建立了绿色生产 / 5.3.1.5.碳足迹报告,236,252,tender_scoring_derived,assets/template_words/包1_完整招标文件_92475576192439826/SL2655招标文件-预审.docx,5.针对评审要素，需要补充的其他文件,parent_scoring_section,0.78,needs_manual_review,正式证据包候选,,,,,"[""物资类通用""]",,needs_review,manual_review_before_skeleton_reuse,review_only,false,,,,,,,,,e60bc6aa7ec461bcd666289cee7f9352c27fbd615176a68cc65f8b693d8d00d1,
technical-media-0239,technical,media,technical-chapter-033,5,5.3.1.5.,5.3.1.5.碳足迹报告,,assets/template_words/技术补充文件.docx,（二）专项投标文件 / 5.针对评审要素，需要补充的其他文件 / 5.3.绿色低碳生产及绿色回收 / 5.3.1.建立了绿色生产 / 5.3.1.5.碳足迹报告,237,237,tender_scoring_derived,assets/template_words/包1_完整招标文件_92475576192439826/SL2655招标文件-预审.docx,5.针对评审要素，需要补充的其他文件,parent_scoring_section,0.78,needs_manual_review,正式证据包候选,,,,,"[""物资类通用""]",,needs_review,inventory_only_needs_original_evidence_or_manual_promotion,review_only,false,,,,rId247,word/media/image238.jpg,303ad8ba7da88972e3c54f0996bbb3b4f96363201ad72bef131b21b4cbf49b28,1654,2339,303ad8ba7da88972e3c54f0996bbb3b4f96363201ad72bef131b21b4cbf49b28,Word内嵌媒体未导出；不得直接提升为正式图片资产
technical-media-0240,technical,media,technical-chapter-033,5,5.3.1.5.,5.3.1.5.碳足迹报告,,assets/template_words/技术补充文件.docx,（二）专项投标文件 / 5.针对评审要素，需要补充的其他文件 / 5.3.绿色低碳生产及绿色回收 / 5.3.1.建立了绿色生产 / 5.3.1.5.碳足迹报告,237,237,tender_scoring_derived,assets/template_words/包1_完整招标文件_92475576192439826/SL2655招标文件-预审.docx,5.针对评审要素，需要补充的其他文件,parent_scoring_section,0.78,needs_manual_review,正式证据包候选,,,,,"[""物资类通用""]",,needs_review,inventory_only_needs_original_evidence_or_manual_promotion,review_only,false,,,,rId248,word/media/image239.jpg,0fc306096c4c0c1c500dd9d374dd1fa7fb5283e6a242b9b1f6d7a5d72955d6fc,1522,2152,0fc306096c4c0c1c500dd9d374dd1fa7fb5283e6a242b9b1f6d7a5d72955d6fc,Word内嵌媒体未导出；不得直接提升为正式图片资产
technical-media-0241,technical,media,technical-chapter-033,5,5.3.1.5.,5.3.1.5.碳足迹报告,,assets/template_words/技术补充文件.docx,（二）专项投标文件 / 5.针对评审要素，需要补充的其他文件 / 5.3.绿色低碳生产及绿色回收 / 5.3.1.建立了绿色生产 / 5.3.1.5.碳足迹报告,237,237,tender_scoring_derived,assets/template_words/包1_完整招标文件_92475576192439826/SL2655招标文件-预审.docx,5.针对评审要素，需要补充的其他文件,parent_scoring_section,0.78,needs_manual_review,正式证据包候选,,,,,"[""物资类通用""]",,needs_review,inventory_only_needs_original_evidence_or_manual_promotion,review_only,false,,,,rId249,word/media/image240.jpg,6aaac021695f1a60fe61032f3f9191052d75b05d819fa097dc46547012ac9694,1522,2152,6aaac021695f1a60fe61032f3f9191052d75b05d819fa097dc46547012ac9694,Word内嵌媒体未导出；不得直接提升为正式图片资产
technical-media-0242,technical,media,technical-chapter-033,5,5.3.1.5.,5.3.1.5.碳足迹报告,,assets/template_words/技术补充文件.docx,（二）专项投标文件 / 5.针对评审要素，需要补充的其他文件 / 5.3.绿色低碳生产及绿色回收 / 5.3.1.建立了绿色生产 / 5.3.1.5.碳足迹报告,237,237,tender_scoring_derived,assets/template_words/包1_完整招标文件_92475576192439826/SL2655招标文件-预审.docx,5.针对评审要素，需要补充的其他文件,parent_scoring_section,0.78,needs_manual_review,正式证据包候选,,,,,"[""物资类通用""]",,needs_review,inventory_only_needs_original_evidence_or_manual_promotion,review_only,false,,,,rId250,word/media/image241.jpg,ee6c9dd2e0b98bbb198d9ce467e015fa7b80a57a912977caea921f165d3c0198,1522,2152,ee6c9dd2e0b98bbb198d9ce467e015fa7b80a57a912977caea921f165d3c0198,Word内嵌媒体未导出；不得直接提升为正式图片资产
technical-media-0243,technical,media,technical-chapter-033,5,5.3.1.5.,5.3.1.5.碳足迹报告,,assets/template_words/技术补充文件.docx,（二）专项投标文件 / 5.针对评审要素，需要补充的其他文件 / 5.3.绿色低碳生产及绿色回收 / 5.3.1.建立了绿色生产 / 5.3.1.5.碳足迹报告,237,237,tender_scoring_derived,assets/template_words/包1_完整招标文件_92475576192439826/SL2655招标文件-预审.docx,5.针对评审要素，需要补充的其他文件,parent_scoring_section,0.78,needs_manual_review,正式证据包候选,,,,,"[""物资类通用""]",,needs_review,inventory_only_needs_original_evidence_or_manual_promotion,review_only,false,,,,rId251,word/media/image242.jpg,552f9bb1cc271772ddf4db7091bd3f2792adb9933b9ab4a90e59b8bf80844263,1522,2152,552f9bb1cc271772ddf4db7091bd3f2792adb9933b9ab4a90e59b8bf80844263,Word内嵌媒体未导出；不得直接提升为正式图片资产
technical-media-0244,technical,media,technical-chapter-033,5,5.3.1.5.,5.3.1.5.碳足迹报告,,assets/template_words/技术补充文件.docx,（二）专项投标文件 / 5.针对评审要素，需要补充的其他文件 / 5.3.绿色低碳生产及绿色回收 / 5.3.1.建立了绿色生产 / 5.3.1.5.碳足迹报告,237,237,tender_scoring_derived,assets/template_words/包1_完整招标文件_92475576192439826/SL2655招标文件-预审.docx,5.针对评审要素，需要补充的其他文件,parent_scoring_section,0.78,needs_manual_review,正式证据包候选,,,,,"[""物资类通用""]",,needs_review,inventory_only_needs_original_evidence_or_manual_promotion,review_only,false,,,,rId252,word/media/image243.jpg,2c0191685ee9e16323f0d2befdc8985c2b6a3a97627938c8e092078f48320f94,1522,2152,2c0191685ee9e16323f0d2befdc8985c2b6a3a97627938c8e092078f48320f94,Word内嵌媒体未导出；不得直接提升为正式图片资产
technical-media-0245,technical,media,technical-chapter-033,5,5.3.1.5.,5.3.1.5.碳足迹报告,,assets/template_words/技术补充文件.docx,（二）专项投标文件 / 5.针对评审要素，需要补充的其他文件 / 5.3.绿色低碳生产及绿色回收 / 5.3.1.建立了绿色生产 / 5.3.1.5.碳足迹报告,237,237,tender_scoring_derived,assets/template_words/包1_完整招标文件_92475576192439826/SL2655招标文件-预审.docx,5.针对评审要素，需要补充的其他文件,parent_scoring_section,0.78,needs_manual_review,正式证据包候选,,,,,"[""物资类通用""]",,needs_review,inventory_only_needs_original_evidence_or_manual_promotion,review_only,false,,,,rId253,word/media/image244.jpg,5eb4d659037ce1d5b4ae1e3f42cfb5416a10d5d6b96b8ed8db71e4d79a3e52b7,1522,2152,5eb4d659037ce1d5b4ae1e3f42cfb5416a10d5d6b96b8ed8db71e4d79a3e52b7,Word内嵌媒体未导出；不得直接提升为正式图片资产
technical-media-0246,technical,media,technical-chapter-033,5,5.3.1.5.,5.3.1.5.碳足迹报告,,assets/template_words/技术补充文件.docx,（二）专项投标文件 / 5.针对评审要素，需要补充的其他文件 / 5.3.绿色低碳生产及绿色回收 / 5.3.1.建立了绿色生产 / 5.3.1.5.碳足迹报告,237,237,tender_scoring_derived,assets/template_words/包1_完整招标文件_92475576192439826/SL2655招标文件-预审.docx,5.针对评审要素，需要补充的其他文件,parent_scoring_section,0.78,needs_manual_review,正式证据包候选,,,,,"[""物资类通用""]",,needs_review,inventory_only_needs_original_evidence_or_manual_promotion,review_only,false,,,,rId254,word/media/image245.jpg,636fd8b0eb8f4558c3028fa3faa7693eeecbbe41c423fd64776450b88312eaad,1522,2152,636fd8b0eb8f4558c3028fa3faa7693eeecbbe41c423fd64776450b88312eaad,Word内嵌媒体未导出；不得直接提升为正式图片资产
technical-media-0247,technical,media,technical-chapter-033,5,5.3.1.5.,5.3.1.5.碳足迹报告,,assets/template_words/技术补充文件.docx,（二）专项投标文件 / 5.针对评审要素，需要补充的其他文件 / 5.3.绿色低碳生产及绿色回收 / 5.3.1.建立了绿色生产 / 5.3.1.5.碳足迹报告,237,237,tender_scoring_derived,assets/template_words/包1_完整招标文件_92475576192439826/SL2655招标文件-预审.docx,5.针对评审要素，需要补充的其他文件,parent_scoring_section,0.78,needs_manual_review,正式证据包候选,,,,,"[""物资类通用""]",,needs_review,inventory_only_needs_original_evidence_or_manual_promotion,review_only,false,,,,rId255,word/media/image246.jpg,383f3e970b5df1eeb73112bd27c25f2b23f02b4a7aa3184d3c32a073f087ec5f,1522,2152,383f3e970b5df1eeb73112bd27c25f2b23f02b4a7aa3184d3c32a073f087ec5f,Word内嵌媒体未导出；不得直接提升为正式图片资产
technical-media-0248,technical,media,technical-chapter-033,5,5.3.1.5.,5.3.1.5.碳足迹报告,,assets/template_words/技术补充文件.docx,（二）专项投标文件 / 5.针对评审要素，需要补充的其他文件 / 5.3.绿色低碳生产及绿色回收 / 5.3.1.建立了绿色生产 / 5.3.1.5.碳足迹报告,237,237,tender_scoring_derived,assets/template_words/包1_完整招标文件_92475576192439826/SL2655招标文件-预审.docx,5.针对评审要素，需要补充的其他文件,parent_scoring_section,0.78,needs_manual_review,正式证据包候选,,,,,"[""物资类通用""]",,needs_review,inventory_only_needs_original_evidence_or_manual_promotion,review_only,false,,,,rId256,word/media/image247.jpg,d93d3e52a0fcd69b90c7fd106ccaa5a3e0d3c9c5f740b23277281111505070f9,1522,2152,d93d3e52a0fcd69b90c7fd106ccaa5a3e0d3c9c5f740b23277281111505070f9,Word内嵌媒体未导出；不得直接提升为正式图片资产
technical-media-0249,technical,media,technical-chapter-033,5,5.3.1.5.,5.3.1.5.碳足迹报告,,assets/template_words/技术补充文件.docx,（二）专项投标文件 / 5.针对评审要素，需要补充的其他文件 / 5.3.绿色低碳生产及绿色回收 / 5.3.1.建立了绿色生产 / 5.3.1.5.碳足迹报告,237,237,tender_scoring_derived,assets/template_words/包1_完整招标文件_92475576192439826/SL2655招标文件-预审.docx,5.针对评审要素，需要补充的其他文件,parent_scoring_section,0.78,needs_manual_review,正式证据包候选,,,,,"[""物资类通用""]",,needs_review,inventory_only_needs_original_evidence_or_manual_promotion,review_only,false,,,,rId257,word/media/image248.jpg,7f3af12ee1d2e8f81a714d9a21ac53d098d72b22a8bafeafd058437c9bbc1c04,1522,2152,7f3af12ee1d2e8f81a714d9a21ac53d098d72b22a8bafeafd058437c9bbc1c04,Word内嵌媒体未导出；不得直接提升为正式图片资产
technical-media-0250,technical,media,technical-chapter-033,5,5.3.1.5.,5.3.1.5.碳足迹报告,,assets/template_words/技术补充文件.docx,（二）专项投标文件 / 5.针对评审要素，需要补充的其他文件 / 5.3.绿色低碳生产及绿色回收 / 5.3.1.建立了绿色生产 / 5.3.1.5.碳足迹报告,237,237,tender_scoring_derived,assets/template_words/包1_完整招标文件_92475576192439826/SL2655招标文件-预审.docx,5.针对评审要素，需要补充的其他文件,parent_scoring_section,0.78,needs_manual_review,正式证据包候选,,,,,"[""物资类通用""]",,needs_review,inventory_only_needs_original_evidence_or_manual_promotion,review_only,false,,,,rId258,word/media/image249.jpg,0c13ee5e37949b8e34a3be1958a8b874853de7027dfa230e6cec27072a4a22ba,1522,2152,0c13ee5e37949b8e34a3be1958a8b874853de7027dfa230e6cec27072a4a22ba,Word内嵌媒体未导出；不得直接提升为正式图片资产
technical-media-0251,technical,media,technical-chapter-033,5,5.3.1.5.,5.3.1.5.碳足迹报告,,assets/template_words/技术补充文件.docx,（二）专项投标文件 / 5.针对评审要素，需要补充的其他文件 / 5.3.绿色低碳生产及绿色回收 / 5.3.1.建立了绿色生产 / 5.3.1.5.碳足迹报告,237,237,tender_scoring_derived,assets/template_words/包1_完整招标文件_92475576192439826/SL2655招标文件-预审.docx,5.针对评审要素，需要补充的其他文件,parent_scoring_section,0.78,needs_manual_review,正式证据包候选,,,,,"[""物资类通用""]",,needs_review,inventory_only_needs_original_evidence_or_manual_promotion,review_only,false,,,,rId259,word/media/image250.jpg,48d34b916a671c4ac38d52e9335d903c8da3792d05f82f4c9922d8f2e81e7903,1522,2152,48d34b916a671c4ac38d52e9335d903c8da3792d05f82f4c9922d8f2e81e7903,Word内嵌媒体未导出；不得直接提升为正式图片资产
technical-media-0252,technical,media,technical-chapter-033,5,5.3.1.5.,5.3.1.5.碳足迹报告,,assets/template_words/技术补充文件.docx,（二）专项投标文件 / 5.针对评审要素，需要补充的其他文件 / 5.3.绿色低碳生产及绿色回收 / 5.3.1.建立了绿色生产 / 5.3.1.5.碳足迹报告,237,237,tender_scoring_derived,assets/template_words/包1_完整招标文件_92475576192439826/SL2655招标文件-预审.docx,5.针对评审要素，需要补充的其他文件,parent_scoring_section,0.78,needs_manual_review,正式证据包候选,,,,,"[""物资类通用""]",,needs_review,inventory_only_needs_original_evidence_or_manual_promotion,review_only,false,,,,rId260,word/media/image251.jpg,c3d3e194d342c60d5547a11063fc4a3966518ccd939c2e3c7e8d6906174e6611,1522,2152,c3d3e194d342c60d5547a11063fc4a3966518ccd939c2e3c7e8d6906174e6611,Word内嵌媒体未导出；不得直接提升为正式图片资产
technical-media-0253,technical,media,technical-chapter-033,5,5.3.1.5.,5.3.1.5.碳足迹报告,,assets/template_words/技术补充文件.docx,（二）专项投标文件 / 5.针对评审要素，需要补充的其他文件 / 5.3.绿色低碳生产及绿色回收 / 5.3.1.建立了绿色生产 / 5.3.1.5.碳足迹报告,237,237,tender_scoring_derived,assets/template_words/包1_完整招标文件_92475576192439826/SL2655招标文件-预审.docx,5.针对评审要素，需要补充的其他文件,parent_scoring_section,0.78,needs_manual_review,正式证据包候选,,,,,"[""物资类通用""]",,needs_review,inventory_only_needs_original_evidence_or_manual_promotion,review_only,false,,,,rId261,word/media/image252.jpg,ec4783db9de62843c9024868c143910c864eb11316f591ac87180808185e6e8b,1522,2152,ec4783db9de62843c9024868c143910c864eb11316f591ac87180808185e6e8b,Word内嵌媒体未导出；不得直接提升为正式图片资产
technical-media-0254,technical,media,technical-chapter-033,5,5.3.1.5.,5.3.1.5.碳足迹报告,,assets/template_words/技术补充文件.docx,（二）专项投标文件 / 5.针对评审要素，需要补充的其他文件 / 5.3.绿色低碳生产及绿色回收 / 5.3.1.建立了绿色生产 / 5.3.1.5.碳足迹报告,237,237,tender_scoring_derived,assets/template_words/包1_完整招标文件_92475576192439826/SL2655招标文件-预审.docx,5.针对评审要素，需要补充的其他文件,parent_scoring_section,0.78,needs_manual_review,正式证据包候选,,,,,"[""物资类通用""]",,needs_review,inventory_only_needs_original_evidence_or_manual_promotion,review_only,false,,,,rId262,word/media/image253.jpg,3bd8214070dbf14c53c0e2d210f721fa6af7439fe4fd7796b3b8721cbbac6b21,1522,2152,3bd8214070dbf14c53c0e2d210f721fa6af7439fe4fd7796b3b8721cbbac6b21,Word内嵌媒体未导出；不得直接提升为正式图片资产
technical-media-0255,technical,media,technical-chapter-033,5,5.3.1.5.,5.3.1.5.碳足迹报告,,assets/template_words/技术补充文件.docx,（二）专项投标文件 / 5.针对评审要素，需要补充的其他文件 / 5.3.绿色低碳生产及绿色回收 / 5.3.1.建立了绿色生产 / 5.3.1.5.碳足迹报告,237,237,tender_scoring_derived,assets/template_words/包1_完整招标文件_92475576192439826/SL2655招标文件-预审.docx,5.针对评审要素，需要补充的其他文件,parent_scoring_section,0.78,needs_manual_review,正式证据包候选,,,,,"[""物资类通用""]",,needs_review,inventory_only_needs_original_evidence_or_manual_promotion,review_only,false,,,,rId263,word/media/image254.jpg,dadeea12b5c4a2c84210a78fd89bd0e82a2de3788ea34aed2b31b28295c0ec84,1819,2573,dadeea12b5c4a2c84210a78fd89bd0e82a2de3788ea34aed2b31b28295c0ec84,Word内嵌媒体未导出；不得直接提升为正式图片资产
technical-chapter-034,technical,chapter,technical-chapter-034,5,5.3.1.6.,5.3.1.6.绿色电力认证证书,5.3.1.6.绿色电力认证证书,assets/template_words/技术补充文件.docx,（二）专项投标文件 / 5.针对评审要素，需要补充的其他文件 / 5.3.绿色低碳生产及绿色回收 / 5.3.1.建立了绿色生产 / 5.3.1.6.绿色电力认证证书,253,253,tender_scoring_derived,assets/template_words/包1_完整招标文件_92475576192439826/SL2655招标文件-预审.docx,5.针对评审要素，需要补充的其他文件,parent_scoring_section,0.78,needs_manual_review,正式证据包候选,,,,,"[""物资类通用""]",,needs_review,manual_review_before_skeleton_reuse,review_only,false,,,,,,,,,fbabbd28c77b0ce3330c2419ac2e893be6823daf50bdb58ec634141edc555d1d,
technical-media-0256,technical,media,technical-chapter-034,5,5.3.1.6.,5.3.1.6.绿色电力认证证书,,assets/template_words/技术补充文件.docx,（二）专项投标文件 / 5.针对评审要素，需要补充的其他文件 / 5.3.绿色低碳生产及绿色回收 / 5.3.1.建立了绿色生产 / 5.3.1.6.绿色电力认证证书,254,254,tender_scoring_derived,assets/template_words/包1_完整招标文件_92475576192439826/SL2655招标文件-预审.docx,5.针对评审要素，需要补充的其他文件,parent_scoring_section,0.78,needs_manual_review,正式证据包候选,,,,,"[""物资类通用""]",,needs_review,inventory_only_needs_original_evidence_or_manual_promotion,review_only,false,,,,rId264,word/media/image255.jpeg,644d3d635473947df614ce5230dbd745f2fc97fb61ca82a0afcbd9261ad0dcd3,1820,2570,644d3d635473947df614ce5230dbd745f2fc97fb61ca82a0afcbd9261ad0dcd3,Word内嵌媒体未导出；不得直接提升为正式图片资产
technical-chapter-035,technical,chapter,technical-chapter-035,5,5.3.1.7.,5.3.1.7.绿色供应链认证证书,5.3.1.7.绿色供应链认证证书,assets/template_words/技术补充文件.docx,（二）专项投标文件 / 5.针对评审要素，需要补充的其他文件 / 5.3.绿色低碳生产及绿色回收 / 5.3.1.建立了绿色生产 / 5.3.1.7.绿色供应链认证证书,254,254,tender_scoring_derived,assets/template_words/包1_完整招标文件_92475576192439826/SL2655招标文件-预审.docx,5.针对评审要素，需要补充的其他文件,parent_scoring_section,0.78,needs_manual_review,正式证据包候选,,,,,"[""物资类通用""]",,needs_review,manual_review_before_skeleton_reuse,review_only,false,,,,,,,,,32120360d726a2ec03fb1b3f1db06b94bb5dad489aa6b3cc81b06001ab103f43,
technical-media-0257,technical,media,technical-chapter-035,5,5.3.1.7.,5.3.1.7.绿色供应链认证证书,,assets/template_words/技术补充文件.docx,（二）专项投标文件 / 5.针对评审要素，需要补充的其他文件 / 5.3.绿色低碳生产及绿色回收 / 5.3.1.建立了绿色生产 / 5.3.1.7.绿色供应链认证证书,255,255,tender_scoring_derived,assets/template_words/包1_完整招标文件_92475576192439826/SL2655招标文件-预审.docx,5.针对评审要素，需要补充的其他文件,parent_scoring_section,0.78,needs_manual_review,正式证据包候选,,,,,"[""物资类通用""]",,needs_review,inventory_only_needs_original_evidence_or_manual_promotion,review_only,false,,,,rId265,word/media/image256.jpeg,cd65ffcc5b4379d052c8c739f1baf154a143849f472b9cd884244d4f73d0baae,1820,2570,cd65ffcc5b4379d052c8c739f1baf154a143849f472b9cd884244d4f73d0baae,Word内嵌媒体未导出；不得直接提升为正式图片资产
technical-chapter-036,technical,chapter,technical-chapter-036,5,5.3.1.8.,5.3.1.8.绿色电力证书交易凭证,5.3.1.8.绿色电力证书交易凭证,assets/template_words/技术补充文件.docx,（二）专项投标文件 / 5.针对评审要素，需要补充的其他文件 / 5.3.绿色低碳生产及绿色回收 / 5.3.1.建立了绿色生产 / 5.3.1.8.绿色电力证书交易凭证,255,257,tender_scoring_derived,assets/template_words/包1_完整招标文件_92475576192439826/SL2655招标文件-预审.docx,5.针对评审要素，需要补充的其他文件,parent_scoring_section,0.78,needs_manual_review,正式证据包候选,,,,,"[""物资类通用""]",,needs_review,manual_review_before_skeleton_reuse,review_only,false,,,,,,,,,95eb4eacf3407eba247c83f3184ebbc96e5022b721a8a0d1c8e61d2db2ac2b42,
technical-media-0258,technical,media,technical-chapter-036,5,5.3.1.8.,5.3.1.8.绿色电力证书交易凭证,,assets/template_words/技术补充文件.docx,（二）专项投标文件 / 5.针对评审要素，需要补充的其他文件 / 5.3.绿色低碳生产及绿色回收 / 5.3.1.建立了绿色生产 / 5.3.1.8.绿色电力证书交易凭证,256,256,tender_scoring_derived,assets/template_words/包1_完整招标文件_92475576192439826/SL2655招标文件-预审.docx,5.针对评审要素，需要补充的其他文件,parent_scoring_section,0.78,needs_manual_review,正式证据包候选,,,,,"[""物资类通用""]",,needs_review,inventory_only_needs_original_evidence_or_manual_promotion,review_only,false,,,,rId266,word/media/image257.jpeg,aae6a3d28d2606d8d67861602edfbd16608549ac4fe4afd79008c70906603e95,1748,2480,aae6a3d28d2606d8d67861602edfbd16608549ac4fe4afd79008c70906603e95,Word内嵌媒体未导出；不得直接提升为正式图片资产
technical-media-0259,technical,media,technical-chapter-036,5,5.3.1.8.,5.3.1.8.绿色电力证书交易凭证,,assets/template_words/技术补充文件.docx,（二）专项投标文件 / 5.针对评审要素，需要补充的其他文件 / 5.3.绿色低碳生产及绿色回收 / 5.3.1.建立了绿色生产 / 5.3.1.8.绿色电力证书交易凭证,256,256,tender_scoring_derived,assets/template_words/包1_完整招标文件_92475576192439826/SL2655招标文件-预审.docx,5.针对评审要素，需要补充的其他文件,parent_scoring_section,0.78,needs_manual_review,正式证据包候选,,,,,"[""物资类通用""]",,needs_review,inventory_only_needs_original_evidence_or_manual_promotion,review_only,false,,,,rId267,word/media/image258.jpeg,0f61c512ce315b5f6923ea7058ded960bbb7ac9f1b7fd75e069d3429b0ddc4e5,1748,2480,0f61c512ce315b5f6923ea7058ded960bbb7ac9f1b7fd75e069d3429b0ddc4e5,Word内嵌媒体未导出；不得直接提升为正式图片资产
technical-media-0260,technical,media,technical-chapter-036,5,5.3.1.8.,5.3.1.8.绿色电力证书交易凭证,,assets/template_words/技术补充文件.docx,（二）专项投标文件 / 5.针对评审要素，需要补充的其他文件 / 5.3.绿色低碳生产及绿色回收 / 5.3.1.建立了绿色生产 / 5.3.1.8.绿色电力证书交易凭证,256,256,tender_scoring_derived,assets/template_words/包1_完整招标文件_92475576192439826/SL2655招标文件-预审.docx,5.针对评审要素，需要补充的其他文件,parent_scoring_section,0.78,needs_manual_review,正式证据包候选,,,,,"[""物资类通用""]",,needs_review,inventory_only_needs_original_evidence_or_manual_promotion,review_only,false,,,,rId268,word/media/image259.jpeg,50d6c8cbdd3b567994add4877e4a9e23bedbed971b47872c7e50f1091df28bb2,1748,2480,50d6c8cbdd3b567994add4877e4a9e23bedbed971b47872c7e50f1091df28bb2,Word内嵌媒体未导出；不得直接提升为正式图片资产
technical-chapter-037,technical,chapter,technical-chapter-037,5,5.3.1.9.,5.3.1.9.创新激励机制评价报告,,assets/template_words/技术补充文件.docx,（二）专项投标文件 / 5.针对评审要素，需要补充的其他文件 / 5.3.绿色低碳生产及绿色回收 / 5.3.1.建立了绿色生产 / 5.3.1.9.创新激励机制评价报告,258,269,tender_scoring_derived,assets/template_words/包1_完整招标文件_92475576192439826/SL2655招标文件-预审.docx,5.针对评审要素，需要补充的其他文件,parent_scoring_section,0.78,needs_manual_review,正式证据包候选,,,,,"[""物资类通用""]",,needs_review,manual_review_before_skeleton_reuse,review_only,false,,,,,,,,,e96fad82f545118150174d603927605cb7eb430443b9374a88376956342d9c04,
technical-media-0261,technical,media,technical-chapter-037,5,5.3.1.9.,5.3.1.9.创新激励机制评价报告,,assets/template_words/技术补充文件.docx,（二）专项投标文件 / 5.针对评审要素，需要补充的其他文件 / 5.3.绿色低碳生产及绿色回收 / 5.3.1.建立了绿色生产 / 5.3.1.9.创新激励机制评价报告,259,259,tender_scoring_derived,assets/template_words/包1_完整招标文件_92475576192439826/SL2655招标文件-预审.docx,5.针对评审要素，需要补充的其他文件,parent_scoring_section,0.78,needs_manual_review,正式证据包候选,,,,,"[""物资类通用""]",,needs_review,inventory_only_needs_original_evidence_or_manual_promotion,review_only,false,,,,rId269,word/media/image260.jpg,16605eb0d50b6037c95027d38a3f636325abe33fa58cc9df0f6841f15dd7e31f,1654,2339,16605eb0d50b6037c95027d38a3f636325abe33fa58cc9df0f6841f15dd7e31f,Word内嵌媒体未导出；不得直接提升为正式图片资产
technical-media-0262,technical,media,technical-chapter-037,5,5.3.1.9.,5.3.1.9.创新激励机制评价报告,,assets/template_words/技术补充文件.docx,（二）专项投标文件 / 5.针对评审要素，需要补充的其他文件 / 5.3.绿色低碳生产及绿色回收 / 5.3.1.建立了绿色生产 / 5.3.1.9.创新激励机制评价报告,259,259,tender_scoring_derived,assets/template_words/包1_完整招标文件_92475576192439826/SL2655招标文件-预审.docx,5.针对评审要素，需要补充的其他文件,parent_scoring_section,0.78,needs_manual_review,正式证据包候选,,,,,"[""物资类通用""]",,needs_review,inventory_only_needs_original_evidence_or_manual_promotion,review_only,false,,,,rId270,word/media/image261.jpg,f3ba71090e791066e560da6bde407b1d78898786ab4d34177d97c5704cbc66d8,1522,2152,f3ba71090e791066e560da6bde407b1d78898786ab4d34177d97c5704cbc66d8,Word内嵌媒体未导出；不得直接提升为正式图片资产
technical-media-0263,technical,media,technical-chapter-037,5,5.3.1.9.,5.3.1.9.创新激励机制评价报告,,assets/template_words/技术补充文件.docx,（二）专项投标文件 / 5.针对评审要素，需要补充的其他文件 / 5.3.绿色低碳生产及绿色回收 / 5.3.1.建立了绿色生产 / 5.3.1.9.创新激励机制评价报告,259,259,tender_scoring_derived,assets/template_words/包1_完整招标文件_92475576192439826/SL2655招标文件-预审.docx,5.针对评审要素，需要补充的其他文件,parent_scoring_section,0.78,needs_manual_review,正式证据包候选,,,,,"[""物资类通用""]",,needs_review,inventory_only_needs_original_evidence_or_manual_promotion,review_only,false,,,,rId271,word/media/image262.jpg,23daa83952e37d3f085577aed2ed6289990005289c1d2b5257682a211b832bc5,1522,2152,23daa83952e37d3f085577aed2ed6289990005289c1d2b5257682a211b832bc5,Word内嵌媒体未导出；不得直接提升为正式图片资产
technical-media-0264,technical,media,technical-chapter-037,5,5.3.1.9.,5.3.1.9.创新激励机制评价报告,,assets/template_words/技术补充文件.docx,（二）专项投标文件 / 5.针对评审要素，需要补充的其他文件 / 5.3.绿色低碳生产及绿色回收 / 5.3.1.建立了绿色生产 / 5.3.1.9.创新激励机制评价报告,259,259,tender_scoring_derived,assets/template_words/包1_完整招标文件_92475576192439826/SL2655招标文件-预审.docx,5.针对评审要素，需要补充的其他文件,parent_scoring_section,0.78,needs_manual_review,正式证据包候选,,,,,"[""物资类通用""]",,needs_review,inventory_only_needs_original_evidence_or_manual_promotion,review_only,false,,,,rId272,word/media/image263.jpg,42c57dfc5205552f9f254c02ef9779564c62a64d6f082406b59fdd418bacd34a,1522,2152,42c57dfc5205552f9f254c02ef9779564c62a64d6f082406b59fdd418bacd34a,Word内嵌媒体未导出；不得直接提升为正式图片资产
technical-media-0265,technical,media,technical-chapter-037,5,5.3.1.9.,5.3.1.9.创新激励机制评价报告,,assets/template_words/技术补充文件.docx,（二）专项投标文件 / 5.针对评审要素，需要补充的其他文件 / 5.3.绿色低碳生产及绿色回收 / 5.3.1.建立了绿色生产 / 5.3.1.9.创新激励机制评价报告,259,259,tender_scoring_derived,assets/template_words/包1_完整招标文件_92475576192439826/SL2655招标文件-预审.docx,5.针对评审要素，需要补充的其他文件,parent_scoring_section,0.78,needs_manual_review,正式证据包候选,,,,,"[""物资类通用""]",,needs_review,inventory_only_needs_original_evidence_or_manual_promotion,review_only,false,,,,rId273,word/media/image264.jpg,b3748c3bf0aed63ad7df37e33556ac4ce372a927ef00ef5f63059e116f05d467,1522,2152,b3748c3bf0aed63ad7df37e33556ac4ce372a927ef00ef5f63059e116f05d467,Word内嵌媒体未导出；不得直接提升为正式图片资产
technical-media-0266,technical,media,technical-chapter-037,5,5.3.1.9.,5.3.1.9.创新激励机制评价报告,,assets/template_words/技术补充文件.docx,（二）专项投标文件 / 5.针对评审要素，需要补充的其他文件 / 5.3.绿色低碳生产及绿色回收 / 5.3.1.建立了绿色生产 / 5.3.1.9.创新激励机制评价报告,259,259,tender_scoring_derived,assets/template_words/包1_完整招标文件_92475576192439826/SL2655招标文件-预审.docx,5.针对评审要素，需要补充的其他文件,parent_scoring_section,0.78,needs_manual_review,正式证据包候选,,,,,"[""物资类通用""]",,needs_review,inventory_only_needs_original_evidence_or_manual_promotion,review_only,false,,,,rId274,word/media/image265.jpg,de7ef56a2968f641ac69669f9fca3abdc44eb8bc0155565b9405f0bb1d07565e,1522,2152,de7ef56a2968f641ac69669f9fca3abdc44eb8bc0155565b9405f0bb1d07565e,Word内嵌媒体未导出；不得直接提升为正式图片资产
technical-media-0267,technical,media,technical-chapter-037,5,5.3.1.9.,5.3.1.9.创新激励机制评价报告,,assets/template_words/技术补充文件.docx,（二）专项投标文件 / 5.针对评审要素，需要补充的其他文件 / 5.3.绿色低碳生产及绿色回收 / 5.3.1.建立了绿色生产 / 5.3.1.9.创新激励机制评价报告,259,259,tender_scoring_derived,assets/template_words/包1_完整招标文件_92475576192439826/SL2655招标文件-预审.docx,5.针对评审要素，需要补充的其他文件,parent_scoring_section,0.78,needs_manual_review,正式证据包候选,,,,,"[""物资类通用""]",,needs_review,inventory_only_needs_original_evidence_or_manual_promotion,review_only,false,,,,rId275,word/media/image266.jpg,3bd63813953c130818c0de3c6788cb4e118e092323f1e93e42d73563faffed4b,1522,2152,3bd63813953c130818c0de3c6788cb4e118e092323f1e93e42d73563faffed4b,Word内嵌媒体未导出；不得直接提升为正式图片资产
technical-media-0268,technical,media,technical-chapter-037,5,5.3.1.9.,5.3.1.9.创新激励机制评价报告,,assets/template_words/技术补充文件.docx,（二）专项投标文件 / 5.针对评审要素，需要补充的其他文件 / 5.3.绿色低碳生产及绿色回收 / 5.3.1.建立了绿色生产 / 5.3.1.9.创新激励机制评价报告,259,259,tender_scoring_derived,assets/template_words/包1_完整招标文件_92475576192439826/SL2655招标文件-预审.docx,5.针对评审要素，需要补充的其他文件,parent_scoring_section,0.78,needs_manual_review,正式证据包候选,,,,,"[""物资类通用""]",,needs_review,inventory_only_needs_original_evidence_or_manual_promotion,review_only,false,,,,rId276,word/media/image267.jpg,4cda9d5c46d9d5d75046d3ad2060d161f145c689be7095464fe22f33738df7b1,1522,2152,4cda9d5c46d9d5d75046d3ad2060d161f145c689be7095464fe22f33738df7b1,Word内嵌媒体未导出；不得直接提升为正式图片资产
technical-media-0269,technical,media,technical-chapter-037,5,5.3.1.9.,5.3.1.9.创新激励机制评价报告,,assets/template_words/技术补充文件.docx,（二）专项投标文件 / 5.针对评审要素，需要补充的其他文件 / 5.3.绿色低碳生产及绿色回收 / 5.3.1.建立了绿色生产 / 5.3.1.9.创新激励机制评价报告,259,259,tender_scoring_derived,assets/template_words/包1_完整招标文件_92475576192439826/SL2655招标文件-预审.docx,5.针对评审要素，需要补充的其他文件,parent_scoring_section,0.78,needs_manual_review,正式证据包候选,,,,,"[""物资类通用""]",,needs_review,inventory_only_needs_original_evidence_or_manual_promotion,review_only,false,,,,rId277,word/media/image268.jpg,027b1348a928c17d48bb49a7de5f2799e7bbe13025ee2e68a590afa235a2745f,1522,2152,027b1348a928c17d48bb49a7de5f2799e7bbe13025ee2e68a590afa235a2745f,Word内嵌媒体未导出；不得直接提升为正式图片资产
technical-media-0270,technical,media,technical-chapter-037,5,5.3.1.9.,5.3.1.9.创新激励机制评价报告,,assets/template_words/技术补充文件.docx,（二）专项投标文件 / 5.针对评审要素，需要补充的其他文件 / 5.3.绿色低碳生产及绿色回收 / 5.3.1.建立了绿色生产 / 5.3.1.9.创新激励机制评价报告,259,259,tender_scoring_derived,assets/template_words/包1_完整招标文件_92475576192439826/SL2655招标文件-预审.docx,5.针对评审要素，需要补充的其他文件,parent_scoring_section,0.78,needs_manual_review,正式证据包候选,,,,,"[""物资类通用""]",,needs_review,inventory_only_needs_original_evidence_or_manual_promotion,review_only,false,,,,rId278,word/media/image269.jpg,20a9acbd67e2e8f9d1f60084c517e45b917bfe0a5d09a0f3c878642c354ca25b,1522,2152,20a9acbd67e2e8f9d1f60084c517e45b917bfe0a5d09a0f3c878642c354ca25b,Word内嵌媒体未导出；不得直接提升为正式图片资产
technical-media-0271,technical,media,technical-chapter-037,5,5.3.1.9.,5.3.1.9.创新激励机制评价报告,,assets/template_words/技术补充文件.docx,（二）专项投标文件 / 5.针对评审要素，需要补充的其他文件 / 5.3.绿色低碳生产及绿色回收 / 5.3.1.建立了绿色生产 / 5.3.1.9.创新激励机制评价报告,259,259,tender_scoring_derived,assets/template_words/包1_完整招标文件_92475576192439826/SL2655招标文件-预审.docx,5.针对评审要素，需要补充的其他文件,parent_scoring_section,0.78,needs_manual_review,正式证据包候选,,,,,"[""物资类通用""]",,needs_review,inventory_only_needs_original_evidence_or_manual_promotion,review_only,false,,,,rId279,word/media/image270.jpg,83614390806f61b66b096d8abd084dd805554cf0edc6f295f462d93f9ddd592f,1522,2152,83614390806f61b66b096d8abd084dd805554cf0edc6f295f462d93f9ddd592f,Word内嵌媒体未导出；不得直接提升为正式图片资产
technical-media-0272,technical,media,technical-chapter-037,5,5.3.1.9.,5.3.1.9.创新激励机制评价报告,,assets/template_words/技术补充文件.docx,（二）专项投标文件 / 5.针对评审要素，需要补充的其他文件 / 5.3.绿色低碳生产及绿色回收 / 5.3.1.建立了绿色生产 / 5.3.1.9.创新激励机制评价报告,259,259,tender_scoring_derived,assets/template_words/包1_完整招标文件_92475576192439826/SL2655招标文件-预审.docx,5.针对评审要素，需要补充的其他文件,parent_scoring_section,0.78,needs_manual_review,正式证据包候选,,,,,"[""物资类通用""]",,needs_review,inventory_only_needs_original_evidence_or_manual_promotion,review_only,false,,,,rId280,word/media/image271.jpg,8a3512b24ad8ed33397e57494599d8fa0044ad440ee20f0153934369de058070,1819,2573,8a3512b24ad8ed33397e57494599d8fa0044ad440ee20f0153934369de058070,Word内嵌媒体未导出；不得直接提升为正式图片资产
technical-chapter-038,technical,chapter,technical-chapter-038,5,5.3.1.10.,5.3.1.10.智能制造优秀场景报告,,assets/template_words/技术补充文件.docx,（二）专项投标文件 / 5.针对评审要素，需要补充的其他文件 / 5.3.绿色低碳生产及绿色回收 / 5.3.1.建立了绿色生产 / 5.3.1.10.智能制造优秀场景报告,270,281,tender_scoring_derived,assets/template_words/包1_完整招标文件_92475576192439826/SL2655招标文件-预审.docx,5.针对评审要素，需要补充的其他文件,parent_scoring_section,0.78,needs_manual_review,正式证据包候选,,,,,"[""物资类通用""]",,needs_review,manual_review_before_skeleton_reuse,review_only,false,,,,,,,,,9edbc2024ee5db0498fcb9b511945362b108be3611f67dbd26c86685a33a5c50,
technical-media-0273,technical,media,technical-chapter-038,5,5.3.1.10.,5.3.1.10.智能制造优秀场景报告,,assets/template_words/技术补充文件.docx,（二）专项投标文件 / 5.针对评审要素，需要补充的其他文件 / 5.3.绿色低碳生产及绿色回收 / 5.3.1.建立了绿色生产 / 5.3.1.10.智能制造优秀场景报告,271,271,tender_scoring_derived,assets/template_words/包1_完整招标文件_92475576192439826/SL2655招标文件-预审.docx,5.针对评审要素，需要补充的其他文件,parent_scoring_section,0.78,needs_manual_review,正式证据包候选,,,,,"[""物资类通用""]",,needs_review,inventory_only_needs_original_evidence_or_manual_promotion,review_only,false,,,,rId281,word/media/image272.jpg,45d69a0fca274a18783b22ee4530640137f80a9666b6a35c59fb72268ee781e5,1654,2339,45d69a0fca274a18783b22ee4530640137f80a9666b6a35c59fb72268ee781e5,Word内嵌媒体未导出；不得直接提升为正式图片资产
technical-media-0274,technical,media,technical-chapter-038,5,5.3.1.10.,5.3.1.10.智能制造优秀场景报告,,assets/template_words/技术补充文件.docx,（二）专项投标文件 / 5.针对评审要素，需要补充的其他文件 / 5.3.绿色低碳生产及绿色回收 / 5.3.1.建立了绿色生产 / 5.3.1.10.智能制造优秀场景报告,271,271,tender_scoring_derived,assets/template_words/包1_完整招标文件_92475576192439826/SL2655招标文件-预审.docx,5.针对评审要素，需要补充的其他文件,parent_scoring_section,0.78,needs_manual_review,正式证据包候选,,,,,"[""物资类通用""]",,needs_review,inventory_only_needs_original_evidence_or_manual_promotion,review_only,false,,,,rId282,word/media/image273.jpg,69c9e9f12755debb7067d0355910b636decfe6325c0cab6569d4b50568b22086,1522,2152,69c9e9f12755debb7067d0355910b636decfe6325c0cab6569d4b50568b22086,Word内嵌媒体未导出；不得直接提升为正式图片资产
technical-media-0275,technical,media,technical-chapter-038,5,5.3.1.10.,5.3.1.10.智能制造优秀场景报告,,assets/template_words/技术补充文件.docx,（二）专项投标文件 / 5.针对评审要素，需要补充的其他文件 / 5.3.绿色低碳生产及绿色回收 / 5.3.1.建立了绿色生产 / 5.3.1.10.智能制造优秀场景报告,271,271,tender_scoring_derived,assets/template_words/包1_完整招标文件_92475576192439826/SL2655招标文件-预审.docx,5.针对评审要素，需要补充的其他文件,parent_scoring_section,0.78,needs_manual_review,正式证据包候选,,,,,"[""物资类通用""]",,needs_review,inventory_only_needs_original_evidence_or_manual_promotion,review_only,false,,,,rId283,word/media/image274.jpg,aa93e2429696d353e2b625c7b518673964bd64384d5ea85071a4ea36de3df00b,794,1146,aa93e2429696d353e2b625c7b518673964bd64384d5ea85071a4ea36de3df00b,Word内嵌媒体未导出；不得直接提升为正式图片资产
technical-media-0276,technical,media,technical-chapter-038,5,5.3.1.10.,5.3.1.10.智能制造优秀场景报告,,assets/template_words/技术补充文件.docx,（二）专项投标文件 / 5.针对评审要素，需要补充的其他文件 / 5.3.绿色低碳生产及绿色回收 / 5.3.1.建立了绿色生产 / 5.3.1.10.智能制造优秀场景报告,271,271,tender_scoring_derived,assets/template_words/包1_完整招标文件_92475576192439826/SL2655招标文件-预审.docx,5.针对评审要素，需要补充的其他文件,parent_scoring_section,0.78,needs_manual_review,正式证据包候选,,,,,"[""物资类通用""]",,needs_review,inventory_only_needs_original_evidence_or_manual_promotion,review_only,false,,,,rId284,word/media/image275.jpg,a1ad04130ea09e5b65802e94b2e889ff210e6a219a37b5aaaf89956d13df6e87,794,1146,a1ad04130ea09e5b65802e94b2e889ff210e6a219a37b5aaaf89956d13df6e87,Word内嵌媒体未导出；不得直接提升为正式图片资产
technical-media-0277,technical,media,technical-chapter-038,5,5.3.1.10.,5.3.1.10.智能制造优秀场景报告,,assets/template_words/技术补充文件.docx,（二）专项投标文件 / 5.针对评审要素，需要补充的其他文件 / 5.3.绿色低碳生产及绿色回收 / 5.3.1.建立了绿色生产 / 5.3.1.10.智能制造优秀场景报告,271,271,tender_scoring_derived,assets/template_words/包1_完整招标文件_92475576192439826/SL2655招标文件-预审.docx,5.针对评审要素，需要补充的其他文件,parent_scoring_section,0.78,needs_manual_review,正式证据包候选,,,,,"[""物资类通用""]",,needs_review,inventory_only_needs_original_evidence_or_manual_promotion,review_only,false,,,,rId285,word/media/image276.jpg,6574d6687b11f4617e2fc15ceeabd6e17340f15eab9a00062629c8af36cf6415,827,1170,6574d6687b11f4617e2fc15ceeabd6e17340f15eab9a00062629c8af36cf6415,Word内嵌媒体未导出；不得直接提升为正式图片资产
technical-media-0278,technical,media,technical-chapter-038,5,5.3.1.10.,5.3.1.10.智能制造优秀场景报告,,assets/template_words/技术补充文件.docx,（二）专项投标文件 / 5.针对评审要素，需要补充的其他文件 / 5.3.绿色低碳生产及绿色回收 / 5.3.1.建立了绿色生产 / 5.3.1.10.智能制造优秀场景报告,271,271,tender_scoring_derived,assets/template_words/包1_完整招标文件_92475576192439826/SL2655招标文件-预审.docx,5.针对评审要素，需要补充的其他文件,parent_scoring_section,0.78,needs_manual_review,正式证据包候选,,,,,"[""物资类通用""]",,needs_review,inventory_only_needs_original_evidence_or_manual_promotion,review_only,false,,,,rId286,word/media/image277.jpg,224c9cfcd097b408c200b6fc11324b9131e4d0f71c8dd33cb29b3a53dc33c73c,794,1146,224c9cfcd097b408c200b6fc11324b9131e4d0f71c8dd33cb29b3a53dc33c73c,Word内嵌媒体未导出；不得直接提升为正式图片资产
technical-media-0279,technical,media,technical-chapter-038,5,5.3.1.10.,5.3.1.10.智能制造优秀场景报告,,assets/template_words/技术补充文件.docx,（二）专项投标文件 / 5.针对评审要素，需要补充的其他文件 / 5.3.绿色低碳生产及绿色回收 / 5.3.1.建立了绿色生产 / 5.3.1.10.智能制造优秀场景报告,271,271,tender_scoring_derived,assets/template_words/包1_完整招标文件_92475576192439826/SL2655招标文件-预审.docx,5.针对评审要素，需要补充的其他文件,parent_scoring_section,0.78,needs_manual_review,正式证据包候选,,,,,"[""物资类通用""]",,needs_review,inventory_only_needs_original_evidence_or_manual_promotion,review_only,false,,,,rId287,word/media/image278.jpg,3ce6f86dc59bcff4634ea2232467ab17edb4807b7e6895acf71ec94f85abdd49,794,1146,3ce6f86dc59bcff4634ea2232467ab17edb4807b7e6895acf71ec94f85abdd49,Word内嵌媒体未导出；不得直接提升为正式图片资产
technical-media-0280,technical,media,technical-chapter-038,5,5.3.1.10.,5.3.1.10.智能制造优秀场景报告,,assets/template_words/技术补充文件.docx,（二）专项投标文件 / 5.针对评审要素，需要补充的其他文件 / 5.3.绿色低碳生产及绿色回收 / 5.3.1.建立了绿色生产 / 5.3.1.10.智能制造优秀场景报告,271,271,tender_scoring_derived,assets/template_words/包1_完整招标文件_92475576192439826/SL2655招标文件-预审.docx,5.针对评审要素，需要补充的其他文件,parent_scoring_section,0.78,needs_manual_review,正式证据包候选,,,,,"[""物资类通用""]",,needs_review,inventory_only_needs_original_evidence_or_manual_promotion,review_only,false,,,,rId288,word/media/image279.jpg,200942ad7ad93a53516143cf6968087474272c13373d10ed72a41c6477ad1969,794,1146,200942ad7ad93a53516143cf6968087474272c13373d10ed72a41c6477ad1969,Word内嵌媒体未导出；不得直接提升为正式图片资产
technical-media-0281,technical,media,technical-chapter-038,5,5.3.1.10.,5.3.1.10.智能制造优秀场景报告,,assets/template_words/技术补充文件.docx,（二）专项投标文件 / 5.针对评审要素，需要补充的其他文件 / 5.3.绿色低碳生产及绿色回收 / 5.3.1.建立了绿色生产 / 5.3.1.10.智能制造优秀场景报告,271,271,tender_scoring_derived,assets/template_words/包1_完整招标文件_92475576192439826/SL2655招标文件-预审.docx,5.针对评审要素，需要补充的其他文件,parent_scoring_section,0.78,needs_manual_review,正式证据包候选,,,,,"[""物资类通用""]",,needs_review,inventory_only_needs_original_evidence_or_manual_promotion,review_only,false,,,,rId289,word/media/image280.jpg,c206767bb3a58cecedfeaee40e0b85001ee50ddb68a136552418a91b62272765,794,1146,c206767bb3a58cecedfeaee40e0b85001ee50ddb68a136552418a91b62272765,Word内嵌媒体未导出；不得直接提升为正式图片资产
technical-media-0282,technical,media,technical-chapter-038,5,5.3.1.10.,5.3.1.10.智能制造优秀场景报告,,assets/template_words/技术补充文件.docx,（二）专项投标文件 / 5.针对评审要素，需要补充的其他文件 / 5.3.绿色低碳生产及绿色回收 / 5.3.1.建立了绿色生产 / 5.3.1.10.智能制造优秀场景报告,271,271,tender_scoring_derived,assets/template_words/包1_完整招标文件_92475576192439826/SL2655招标文件-预审.docx,5.针对评审要素，需要补充的其他文件,parent_scoring_section,0.78,needs_manual_review,正式证据包候选,,,,,"[""物资类通用""]",,needs_review,inventory_only_needs_original_evidence_or_manual_promotion,review_only,false,,,,rId290,word/media/image281.jpg,2215f7c9fe7a79f83beb5fd5560e12de7de4d1db66927236e5a1044b5c837445,794,1146,2215f7c9fe7a79f83beb5fd5560e12de7de4d1db66927236e5a1044b5c837445,Word内嵌媒体未导出；不得直接提升为正式图片资产
technical-media-0283,technical,media,technical-chapter-038,5,5.3.1.10.,5.3.1.10.智能制造优秀场景报告,,assets/template_words/技术补充文件.docx,（二）专项投标文件 / 5.针对评审要素，需要补充的其他文件 / 5.3.绿色低碳生产及绿色回收 / 5.3.1.建立了绿色生产 / 5.3.1.10.智能制造优秀场景报告,271,271,tender_scoring_derived,assets/template_words/包1_完整招标文件_92475576192439826/SL2655招标文件-预审.docx,5.针对评审要素，需要补充的其他文件,parent_scoring_section,0.78,needs_manual_review,正式证据包候选,,,,,"[""物资类通用""]",,needs_review,inventory_only_needs_original_evidence_or_manual_promotion,review_only,false,,,,rId291,word/media/image282.jpg,6f5d3a362cda6bf98b6cd23c8f898c349107527934bd8870d01c26633e7aaa97,794,1146,6f5d3a362cda6bf98b6cd23c8f898c349107527934bd8870d01c26633e7aaa97,Word内嵌媒体未导出；不得直接提升为正式图片资产
technical-media-0284,technical,media,technical-chapter-038,5,5.3.1.10.,5.3.1.10.智能制造优秀场景报告,,assets/template_words/技术补充文件.docx,（二）专项投标文件 / 5.针对评审要素，需要补充的其他文件 / 5.3.绿色低碳生产及绿色回收 / 5.3.1.建立了绿色生产 / 5.3.1.10.智能制造优秀场景报告,271,271,tender_scoring_derived,assets/template_words/包1_完整招标文件_92475576192439826/SL2655招标文件-预审.docx,5.针对评审要素，需要补充的其他文件,parent_scoring_section,0.78,needs_manual_review,正式证据包候选,,,,,"[""物资类通用""]",,needs_review,inventory_only_needs_original_evidence_or_manual_promotion,review_only,false,,,,rId292,word/media/image283.jpg,1ccfeac72ed7c3bc4b291b054ab8c3528b0c79f873ca52bc401bbf281faa1b46,1819,2573,1ccfeac72ed7c3bc4b291b054ab8c3528b0c79f873ca52bc401bbf281faa1b46,Word内嵌媒体未导出；不得直接提升为正式图片资产
technical-chapter-039,technical,chapter,technical-chapter-039,5,5.3.1.11.,5.3.1.11.数字领航企业评价报告,,assets/template_words/技术补充文件.docx,（二）专项投标文件 / 5.针对评审要素，需要补充的其他文件 / 5.3.绿色低碳生产及绿色回收 / 5.3.1.建立了绿色生产 / 5.3.1.11.数字领航企业评价报告,282,298,tender_scoring_derived,assets/template_words/包1_完整招标文件_92475576192439826/SL2655招标文件-预审.docx,5.针对评审要素，需要补充的其他文件,parent_scoring_section,0.78,needs_manual_review,正式证据包候选,,,,,"[""物资类通用""]",,needs_review,manual_review_before_skeleton_reuse,review_only,false,,,,,,,,,d795801437d5dd9f441ee0e5ef47c81b9888bd561a2e35494a7be88c558de6be,
technical-media-0285,technical,media,technical-chapter-039,5,5.3.1.11.,5.3.1.11.数字领航企业评价报告,,assets/template_words/技术补充文件.docx,（二）专项投标文件 / 5.针对评审要素，需要补充的其他文件 / 5.3.绿色低碳生产及绿色回收 / 5.3.1.建立了绿色生产 / 5.3.1.11.数字领航企业评价报告,283,283,tender_scoring_derived,assets/template_words/包1_完整招标文件_92475576192439826/SL2655招标文件-预审.docx,5.针对评审要素，需要补充的其他文件,parent_scoring_section,0.78,needs_manual_review,正式证据包候选,,,,,"[""物资类通用""]",,needs_review,inventory_only_needs_original_evidence_or_manual_promotion,review_only,false,,,,rId293,word/media/image284.jpg,c13222344128d19874e68c4ebe6d034b71c35e4902885765f570318e57f18a62,1654,2339,c13222344128d19874e68c4ebe6d034b71c35e4902885765f570318e57f18a62,Word内嵌媒体未导出；不得直接提升为正式图片资产
technical-media-0286,technical,media,technical-chapter-039,5,5.3.1.11.,5.3.1.11.数字领航企业评价报告,,assets/template_words/技术补充文件.docx,（二）专项投标文件 / 5.针对评审要素，需要补充的其他文件 / 5.3.绿色低碳生产及绿色回收 / 5.3.1.建立了绿色生产 / 5.3.1.11.数字领航企业评价报告,283,283,tender_scoring_derived,assets/template_words/包1_完整招标文件_92475576192439826/SL2655招标文件-预审.docx,5.针对评审要素，需要补充的其他文件,parent_scoring_section,0.78,needs_manual_review,正式证据包候选,,,,,"[""物资类通用""]",,needs_review,inventory_only_needs_original_evidence_or_manual_promotion,review_only,false,,,,rId294,word/media/image285.jpg,6b949f888e05fac1d735c8ddde858a63e7d88bbfab8dcc94629e363355b36166,1522,2152,6b949f888e05fac1d735c8ddde858a63e7d88bbfab8dcc94629e363355b36166,Word内嵌媒体未导出；不得直接提升为正式图片资产
technical-media-0287,technical,media,technical-chapter-039,5,5.3.1.11.,5.3.1.11.数字领航企业评价报告,,assets/template_words/技术补充文件.docx,（二）专项投标文件 / 5.针对评审要素，需要补充的其他文件 / 5.3.绿色低碳生产及绿色回收 / 5.3.1.建立了绿色生产 / 5.3.1.11.数字领航企业评价报告,283,283,tender_scoring_derived,assets/template_words/包1_完整招标文件_92475576192439826/SL2655招标文件-预审.docx,5.针对评审要素，需要补充的其他文件,parent_scoring_section,0.78,needs_manual_review,正式证据包候选,,,,,"[""物资类通用""]",,needs_review,inventory_only_needs_original_evidence_or_manual_promotion,review_only,false,,,,rId295,word/media/image286.jpg,9064f7fab63f61ae66667db9aee9e66e84916798a37d20b61b6f68678ddf3af6,1522,2152,9064f7fab63f61ae66667db9aee9e66e84916798a37d20b61b6f68678ddf3af6,Word内嵌媒体未导出；不得直接提升为正式图片资产
technical-media-0288,technical,media,technical-chapter-039,5,5.3.1.11.,5.3.1.11.数字领航企业评价报告,,assets/template_words/技术补充文件.docx,（二）专项投标文件 / 5.针对评审要素，需要补充的其他文件 / 5.3.绿色低碳生产及绿色回收 / 5.3.1.建立了绿色生产 / 5.3.1.11.数字领航企业评价报告,283,283,tender_scoring_derived,assets/template_words/包1_完整招标文件_92475576192439826/SL2655招标文件-预审.docx,5.针对评审要素，需要补充的其他文件,parent_scoring_section,0.78,needs_manual_review,正式证据包候选,,,,,"[""物资类通用""]",,needs_review,inventory_only_needs_original_evidence_or_manual_promotion,review_only,false,,,,rId296,word/media/image287.jpg,94f0ae0ac30f031ab59bd612e8e141f474d7e0d224a894ff1952dc7b498349f2,1522,2152,94f0ae0ac30f031ab59bd612e8e141f474d7e0d224a894ff1952dc7b498349f2,Word内嵌媒体未导出；不得直接提升为正式图片资产
technical-media-0289,technical,media,technical-chapter-039,5,5.3.1.11.,5.3.1.11.数字领航企业评价报告,,assets/template_words/技术补充文件.docx,（二）专项投标文件 / 5.针对评审要素，需要补充的其他文件 / 5.3.绿色低碳生产及绿色回收 / 5.3.1.建立了绿色生产 / 5.3.1.11.数字领航企业评价报告,283,283,tender_scoring_derived,assets/template_words/包1_完整招标文件_92475576192439826/SL2655招标文件-预审.docx,5.针对评审要素，需要补充的其他文件,parent_scoring_section,0.78,needs_manual_review,正式证据包候选,,,,,"[""物资类通用""]",,needs_review,inventory_only_needs_original_evidence_or_manual_promotion,review_only,false,,,,rId297,word/media/image288.jpg,94d8cd3e5881b7f23ad99c3a62975adb3fae5a68e87b4d61a588ec14ece19e90,1522,2152,94d8cd3e5881b7f23ad99c3a62975adb3fae5a68e87b4d61a588ec14ece19e90,Word内嵌媒体未导出；不得直接提升为正式图片资产
technical-media-0290,technical,media,technical-chapter-039,5,5.3.1.11.,5.3.1.11.数字领航企业评价报告,,assets/template_words/技术补充文件.docx,（二）专项投标文件 / 5.针对评审要素，需要补充的其他文件 / 5.3.绿色低碳生产及绿色回收 / 5.3.1.建立了绿色生产 / 5.3.1.11.数字领航企业评价报告,283,283,tender_scoring_derived,assets/template_words/包1_完整招标文件_92475576192439826/SL2655招标文件-预审.docx,5.针对评审要素，需要补充的其他文件,parent_scoring_section,0.78,needs_manual_review,正式证据包候选,,,,,"[""物资类通用""]",,needs_review,inventory_only_needs_original_evidence_or_manual_promotion,review_only,false,,,,rId298,word/media/image289.jpg,66854a7d8ec3e93333bb4494d56deb82a902f5f59f174f4546ec52c199f6aa63,1522,2152,66854a7d8ec3e93333bb4494d56deb82a902f5f59f174f4546ec52c199f6aa63,Word内嵌媒体未导出；不得直接提升为正式图片资产
technical-media-0291,technical,media,technical-chapter-039,5,5.3.1.11.,5.3.1.11.数字领航企业评价报告,,assets/template_words/技术补充文件.docx,（二）专项投标文件 / 5.针对评审要素，需要补充的其他文件 / 5.3.绿色低碳生产及绿色回收 / 5.3.1.建立了绿色生产 / 5.3.1.11.数字领航企业评价报告,283,283,tender_scoring_derived,assets/template_words/包1_完整招标文件_92475576192439826/SL2655招标文件-预审.docx,5.针对评审要素，需要补充的其他文件,parent_scoring_section,0.78,needs_manual_review,正式证据包候选,,,,,"[""物资类通用""]",,needs_review,inventory_only_needs_original_evidence_or_manual_promotion,review_only,false,,,,rId299,word/media/image290.jpg,d776f6d17df0424d80c24fb94288496c0624bdbd009924e0f298225d851b3e44,1522,2152,d776f6d17df0424d80c24fb94288496c0624bdbd009924e0f298225d851b3e44,Word内嵌媒体未导出；不得直接提升为正式图片资产
technical-media-0292,technical,media,technical-chapter-039,5,5.3.1.11.,5.3.1.11.数字领航企业评价报告,,assets/template_words/技术补充文件.docx,（二）专项投标文件 / 5.针对评审要素，需要补充的其他文件 / 5.3.绿色低碳生产及绿色回收 / 5.3.1.建立了绿色生产 / 5.3.1.11.数字领航企业评价报告,283,283,tender_scoring_derived,assets/template_words/包1_完整招标文件_92475576192439826/SL2655招标文件-预审.docx,5.针对评审要素，需要补充的其他文件,parent_scoring_section,0.78,needs_manual_review,正式证据包候选,,,,,"[""物资类通用""]",,needs_review,inventory_only_needs_original_evidence_or_manual_promotion,review_only,false,,,,rId300,word/media/image291.jpg,0bc95e9deda2d5ba68fc980339e3e7736138c9f1ee92b8f222bbe9fdff1ebeee,1654,2339,0bc95e9deda2d5ba68fc980339e3e7736138c9f1ee92b8f222bbe9fdff1ebeee,Word内嵌媒体未导出；不得直接提升为正式图片资产
technical-media-0293,technical,media,technical-chapter-039,5,5.3.1.11.,5.3.1.11.数字领航企业评价报告,,assets/template_words/技术补充文件.docx,（二）专项投标文件 / 5.针对评审要素，需要补充的其他文件 / 5.3.绿色低碳生产及绿色回收 / 5.3.1.建立了绿色生产 / 5.3.1.11.数字领航企业评价报告,283,283,tender_scoring_derived,assets/template_words/包1_完整招标文件_92475576192439826/SL2655招标文件-预审.docx,5.针对评审要素，需要补充的其他文件,parent_scoring_section,0.78,needs_manual_review,正式证据包候选,,,,,"[""物资类通用""]",,needs_review,inventory_only_needs_original_evidence_or_manual_promotion,review_only,false,,,,rId301,word/media/image292.jpg,086cd197ada3fde2a511402fdb05fdfa2681ec67867f75316a1d3e4a0f3a6c7b,1522,2152,086cd197ada3fde2a511402fdb05fdfa2681ec67867f75316a1d3e4a0f3a6c7b,Word内嵌媒体未导出；不得直接提升为正式图片资产
technical-media-0294,technical,media,technical-chapter-039,5,5.3.1.11.,5.3.1.11.数字领航企业评价报告,,assets/template_words/技术补充文件.docx,（二）专项投标文件 / 5.针对评审要素，需要补充的其他文件 / 5.3.绿色低碳生产及绿色回收 / 5.3.1.建立了绿色生产 / 5.3.1.11.数字领航企业评价报告,283,283,tender_scoring_derived,assets/template_words/包1_完整招标文件_92475576192439826/SL2655招标文件-预审.docx,5.针对评审要素，需要补充的其他文件,parent_scoring_section,0.78,needs_manual_review,正式证据包候选,,,,,"[""物资类通用""]",,needs_review,inventory_only_needs_original_evidence_or_manual_promotion,review_only,false,,,,rId302,word/media/image293.jpg,fa78dc6e39c1cbcc70a4f4d0e030f43ca32727edf4fa2581aa664ddce2ebbff9,1522,2152,fa78dc6e39c1cbcc70a4f4d0e030f43ca32727edf4fa2581aa664ddce2ebbff9,Word内嵌媒体未导出；不得直接提升为正式图片资产
technical-media-0295,technical,media,technical-chapter-039,5,5.3.1.11.,5.3.1.11.数字领航企业评价报告,,assets/template_words/技术补充文件.docx,（二）专项投标文件 / 5.针对评审要素，需要补充的其他文件 / 5.3.绿色低碳生产及绿色回收 / 5.3.1.建立了绿色生产 / 5.3.1.11.数字领航企业评价报告,283,283,tender_scoring_derived,assets/template_words/包1_完整招标文件_92475576192439826/SL2655招标文件-预审.docx,5.针对评审要素，需要补充的其他文件,parent_scoring_section,0.78,needs_manual_review,正式证据包候选,,,,,"[""物资类通用""]",,needs_review,inventory_only_needs_original_evidence_or_manual_promotion,review_only,false,,,,rId303,word/media/image294.jpg,12611128b30f87640853f57ea3db509f10c139064e5210620bb2d9f41edfab24,1522,2152,12611128b30f87640853f57ea3db509f10c139064e5210620bb2d9f41edfab24,Word内嵌媒体未导出；不得直接提升为正式图片资产
technical-media-0296,technical,media,technical-chapter-039,5,5.3.1.11.,5.3.1.11.数字领航企业评价报告,,assets/template_words/技术补充文件.docx,（二）专项投标文件 / 5.针对评审要素，需要补充的其他文件 / 5.3.绿色低碳生产及绿色回收 / 5.3.1.建立了绿色生产 / 5.3.1.11.数字领航企业评价报告,283,283,tender_scoring_derived,assets/template_words/包1_完整招标文件_92475576192439826/SL2655招标文件-预审.docx,5.针对评审要素，需要补充的其他文件,parent_scoring_section,0.78,needs_manual_review,正式证据包候选,,,,,"[""物资类通用""]",,needs_review,inventory_only_needs_original_evidence_or_manual_promotion,review_only,false,,,,rId304,word/media/image295.jpg,f4acd75ed1b6840537425474b83b3c856c42fb9a693eeb00adda3c32090db783,1522,2152,f4acd75ed1b6840537425474b83b3c856c42fb9a693eeb00adda3c32090db783,Word内嵌媒体未导出；不得直接提升为正式图片资产
technical-media-0297,technical,media,technical-chapter-039,5,5.3.1.11.,5.3.1.11.数字领航企业评价报告,,assets/template_words/技术补充文件.docx,（二）专项投标文件 / 5.针对评审要素，需要补充的其他文件 / 5.3.绿色低碳生产及绿色回收 / 5.3.1.建立了绿色生产 / 5.3.1.11.数字领航企业评价报告,283,283,tender_scoring_derived,assets/template_words/包1_完整招标文件_92475576192439826/SL2655招标文件-预审.docx,5.针对评审要素，需要补充的其他文件,parent_scoring_section,0.78,needs_manual_review,正式证据包候选,,,,,"[""物资类通用""]",,needs_review,inventory_only_needs_original_evidence_or_manual_promotion,review_only,false,,,,rId305,word/media/image296.jpg,d76a986a813e717fecf373d5862b881f74a5a2d2588c0237eed4f615b37c5149,1522,2152,d76a986a813e717fecf373d5862b881f74a5a2d2588c0237eed4f615b37c5149,Word内嵌媒体未导出；不得直接提升为正式图片资产
technical-media-0298,technical,media,technical-chapter-039,5,5.3.1.11.,5.3.1.11.数字领航企业评价报告,,assets/template_words/技术补充文件.docx,（二）专项投标文件 / 5.针对评审要素，需要补充的其他文件 / 5.3.绿色低碳生产及绿色回收 / 5.3.1.建立了绿色生产 / 5.3.1.11.数字领航企业评价报告,283,283,tender_scoring_derived,assets/template_words/包1_完整招标文件_92475576192439826/SL2655招标文件-预审.docx,5.针对评审要素，需要补充的其他文件,parent_scoring_section,0.78,needs_manual_review,正式证据包候选,,,,,"[""物资类通用""]",,needs_review,inventory_only_needs_original_evidence_or_manual_promotion,review_only,false,,,,rId306,word/media/image297.jpg,90f1fcf6d60c0b5f3067243d95a27dafd31ba72b4b833b4944341e4d12a92aea,1522,2152,90f1fcf6d60c0b5f3067243d95a27dafd31ba72b4b833b4944341e4d12a92aea,Word内嵌媒体未导出；不得直接提升为正式图片资产
technical-media-0299,technical,media,technical-chapter-039,5,5.3.1.11.,5.3.1.11.数字领航企业评价报告,,assets/template_words/技术补充文件.docx,（二）专项投标文件 / 5.针对评审要素，需要补充的其他文件 / 5.3.绿色低碳生产及绿色回收 / 5.3.1.建立了绿色生产 / 5.3.1.11.数字领航企业评价报告,283,283,tender_scoring_derived,assets/template_words/包1_完整招标文件_92475576192439826/SL2655招标文件-预审.docx,5.针对评审要素，需要补充的其他文件,parent_scoring_section,0.78,needs_manual_review,正式证据包候选,,,,,"[""物资类通用""]",,needs_review,inventory_only_needs_original_evidence_or_manual_promotion,review_only,false,,,,rId307,word/media/image298.jpg,cae4573286f527a715c97f97cab3854e89d576c9ef27132042801aca5ac1abd2,1522,2152,cae4573286f527a715c97f97cab3854e89d576c9ef27132042801aca5ac1abd2,Word内嵌媒体未导出；不得直接提升为正式图片资产
technical-media-0300,technical,media,technical-chapter-039,5,5.3.1.11.,5.3.1.11.数字领航企业评价报告,,assets/template_words/技术补充文件.docx,（二）专项投标文件 / 5.针对评审要素，需要补充的其他文件 / 5.3.绿色低碳生产及绿色回收 / 5.3.1.建立了绿色生产 / 5.3.1.11.数字领航企业评价报告,283,283,tender_scoring_derived,assets/template_words/包1_完整招标文件_92475576192439826/SL2655招标文件-预审.docx,5.针对评审要素，需要补充的其他文件,parent_scoring_section,0.78,needs_manual_review,正式证据包候选,,,,,"[""物资类通用""]",,needs_review,inventory_only_needs_original_evidence_or_manual_promotion,review_only,false,,,,rId308,word/media/image299.jpg,862beec1c5f9e36633b81b23f1055e9316086d2bd733681371e71044038bd3ef,1522,2152,862beec1c5f9e36633b81b23f1055e9316086d2bd733681371e71044038bd3ef,Word内嵌媒体未导出；不得直接提升为正式图片资产
technical-media-0301,technical,media,technical-chapter-039,5,5.3.1.11.,5.3.1.11.数字领航企业评价报告,,assets/template_words/技术补充文件.docx,（二）专项投标文件 / 5.针对评审要素，需要补充的其他文件 / 5.3.绿色低碳生产及绿色回收 / 5.3.1.建立了绿色生产 / 5.3.1.11.数字领航企业评价报告,283,283,tender_scoring_derived,assets/template_words/包1_完整招标文件_92475576192439826/SL2655招标文件-预审.docx,5.针对评审要素，需要补充的其他文件,parent_scoring_section,0.78,needs_manual_review,正式证据包候选,,,,,"[""物资类通用""]",,needs_review,inventory_only_needs_original_evidence_or_manual_promotion,review_only,false,,,,rId309,word/media/image300.jpg,072591db6f41e1d4b22eec67c25d358d0231c3329cc2a7276961a15b39e7263c,1819,2573,072591db6f41e1d4b22eec67c25d358d0231c3329cc2a7276961a15b39e7263c,Word内嵌媒体未导出；不得直接提升为正式图片资产
technical-chapter-040,technical,chapter,technical-chapter-040,4,5.3.2.,5.3.2.绿色回收制度的证明材料,,assets/template_words/技术补充文件.docx,（二）专项投标文件 / 5.针对评审要素，需要补充的其他文件 / 5.3.绿色低碳生产及绿色回收 / 5.3.2.绿色回收制度的证明材料,299,302,tender_scoring_derived,assets/template_words/包1_完整招标文件_92475576192439826/SL2655招标文件-预审.docx,5.针对评审要素，需要补充的其他文件,parent_scoring_section,0.78,needs_manual_review,正式证据包候选,,,,,"[""物资类通用""]",,needs_review,manual_review_before_skeleton_reuse,review_only,false,,,,,,,,,f0efc56c890b468336ecc2c82c23c10dbc34677edd296a33799caee5d1bd54af,
technical-chapter-041,technical,chapter,technical-chapter-041,2,6.,6.招标文件规定的其他应提交的技术文件,,assets/template_words/技术补充文件.docx,（二）专项投标文件 / 6.招标文件规定的其他应提交的技术文件,303,303,tender_mandated,assets/template_words/包1_完整招标文件_92475576192439826/SL2655招标文件-预审.docx,招标文件规定的其他应提交的技术文件,normalized_exact,0.98,source_matched,招标原文/评分项引用,,,,,"[""物资类通用""]",,needs_review,historical_reference_skeleton_candidate,review_only,false,,,,,,,,,ff4543c03ed624a2d843177055ef70b2c9b471c9eca634379cd168a5cf81f99f,
technical-chapter-042,technical,chapter,technical-chapter-042,3,6.1.,6.1.发明专利证书,6.1.发明专利证书,assets/template_words/技术补充文件.docx,（二）专项投标文件 / 6.招标文件规定的其他应提交的技术文件 / 6.1.发明专利证书,303,303,reference_layout_only,assets/template_words/包1_完整招标文件_92475576192439826/SL2655招标文件-预审.docx,,evidence_layout_heuristic,0.68,needs_manual_review,正式证据包候选,,,,,"[""物资类通用""]",,needs_review,manual_review_before_skeleton_reuse,review_only,false,,,,,,,,,fe72a0c60d05dd7d3a1aa05ff51202001a2638954155347ce6a71d19098ec059,
technical-media-0302,technical,media,technical-chapter-042,3,6.1.,6.1.发明专利证书,,assets/template_words/技术补充文件.docx,（二）专项投标文件 / 6.招标文件规定的其他应提交的技术文件 / 6.1.发明专利证书,303,303,reference_layout_only,assets/template_words/包1_完整招标文件_92475576192439826/SL2655招标文件-预审.docx,,evidence_layout_heuristic,0.68,needs_manual_review,正式证据包候选,,,,,"[""物资类通用""]",,needs_review,inventory_only_needs_original_evidence_or_manual_promotion,review_only,false,,,,rId310,word/media/image301.jpeg,2030dcde062379d9e39e5fe6ee0442044e67cee879e77cb35d2cb8682ef0e4a0,1167,1651,2030dcde062379d9e39e5fe6ee0442044e67cee879e77cb35d2cb8682ef0e4a0,Word内嵌媒体未导出；不得直接提升为正式图片资产
technical-chapter-043,technical,chapter,technical-chapter-043,3,6.2.,6.2.中华人民共和国国家版权局计算机软件著作权登记证书,6.2.中华人民共和国国家版权局计算机软件著作权登记证书,assets/template_words/技术补充文件.docx,（二）专项投标文件 / 6.招标文件规定的其他应提交的技术文件 / 6.2.中华人民共和国国家版权局计算机软件著作权登记证书,304,304,reference_layout_only,assets/template_words/包1_完整招标文件_92475576192439826/SL2655招标文件-预审.docx,,evidence_layout_heuristic,0.68,needs_manual_review,正式证据包候选,,,,,"[""物资类通用""]",,needs_review,manual_review_before_skeleton_reuse,review_only,false,,,,,,,,,da8f9053a78c4ca49854bbfb4760908cb43ddf05e375bcb809d71c9854469cef,
technical-media-0303,technical,media,technical-chapter-043,3,6.2.,6.2.中华人民共和国国家版权局计算机软件著作权登记证书,,assets/template_words/技术补充文件.docx,（二）专项投标文件 / 6.招标文件规定的其他应提交的技术文件 / 6.2.中华人民共和国国家版权局计算机软件著作权登记证书,305,305,reference_layout_only,assets/template_words/包1_完整招标文件_92475576192439826/SL2655招标文件-预审.docx,,evidence_layout_heuristic,0.68,needs_manual_review,正式证据包候选,,,,,"[""物资类通用""]",,needs_review,inventory_only_needs_original_evidence_or_manual_promotion,review_only,false,,,,rId311,word/media/image302.jpeg,b09b31bd7db402c5abf517b3981914d84593055241f8a460954c2e5aba86b083,744,1007,b09b31bd7db402c5abf517b3981914d84593055241f8a460954c2e5aba86b083,Word内嵌媒体未导出；不得直接提升为正式图片资产
technical-chapter-044,technical,chapter,technical-chapter-044,2,7.,7.技术服务，包括培训、安装指导等,,assets/template_words/技术补充文件.docx,（二）专项投标文件 / 7.技术服务，包括培训、安装指导等,305,305,tender_mandated,assets/template_words/包1_完整招标文件_92475576192439826/SL2655招标文件-预审.docx,技术服务，包括培训、安装指导等,normalized_exact,0.98,source_matched,泰昌历史编制内容候选,,,,,"[""物资类通用""]",,needs_review,historical_reference_skeleton_candidate,review_only,false,,,,,,,,,d7364cbeaf11baebe6dd081c94f7be3bf3403d34573aee0df552e4747b38bf7a,
technical-chapter-045,technical,chapter,technical-chapter-045,3,7.1.,7.1.技术服务及培训方案,,assets/template_words/技术补充文件.docx,（二）专项投标文件 / 7.技术服务，包括培训、安装指导等 / 7.1.技术服务及培训方案,305,306,taichang_habitual_addition,assets/template_words/包1_完整招标文件_92475576192439826/SL2655招标文件-预审.docx,,historical_writing_heuristic,0.66,needs_manual_review,泰昌历史编制内容候选,,,,,"[""物资类通用""]",,needs_review,manual_review_before_skeleton_reuse,review_only,false,,,,,,,,,3188d5ab16e05a93f2df8beb35ba8d58b003a8999e7b541f459f823e5b9f5bd1,
technical-media-0304,technical,media,technical-chapter-045,3,7.1.,7.1.技术服务及培训方案,,assets/template_words/技术补充文件.docx,（二）专项投标文件 / 7.技术服务，包括培训、安装指导等 / 7.1.技术服务及培训方案,305,305,taichang_habitual_addition,assets/template_words/包1_完整招标文件_92475576192439826/SL2655招标文件-预审.docx,,historical_writing_heuristic,0.66,needs_manual_review,泰昌历史编制内容候选,,,,,"[""物资类通用""]",,needs_review,inventory_only_needs_original_evidence_or_manual_promotion,review_only,false,,,,rId312,word/media/image303.png,4c8dd0dc0bdac2ff1a4980e1eae6d53c5a1c5b65a2e79aa793d44c399d51cd47,339,346,4c8dd0dc0bdac2ff1a4980e1eae6d53c5a1c5b65a2e79aa793d44c399d51cd47,Word内嵌媒体未导出；不得直接提升为正式图片资产
technical-chapter-046,technical,chapter,technical-chapter-046,3,7.2.,7.2.安装指导方案,,assets/template_words/技术补充文件.docx,（二）专项投标文件 / 7.技术服务，包括培训、安装指导等 / 7.2.安装指导方案,307,308,taichang_habitual_addition,assets/template_words/包1_完整招标文件_92475576192439826/SL2655招标文件-预审.docx,,historical_writing_heuristic,0.66,needs_manual_review,泰昌历史编制内容候选,,,,,"[""物资类通用""]",,needs_review,manual_review_before_skeleton_reuse,review_only,false,,,,,,,,,f1135e490da2dc58293d394c96bd8f35263d4705c55db233b8c4bb950b60e518,
technical-media-0305,technical,media,technical-chapter-046,3,7.2.,7.2.安装指导方案,,assets/template_words/技术补充文件.docx,（二）专项投标文件 / 7.技术服务，包括培训、安装指导等 / 7.2.安装指导方案,308,308,taichang_habitual_addition,assets/template_words/包1_完整招标文件_92475576192439826/SL2655招标文件-预审.docx,,historical_writing_heuristic,0.66,needs_manual_review,泰昌历史编制内容候选,,,,,"[""物资类通用""]",,needs_review,inventory_only_needs_original_evidence_or_manual_promotion,review_only,false,,,,rId312,word/media/image303.png,4c8dd0dc0bdac2ff1a4980e1eae6d53c5a1c5b65a2e79aa793d44c399d51cd47,339,346,4c8dd0dc0bdac2ff1a4980e1eae6d53c5a1c5b65a2e79aa793d44c399d51cd47,Word内嵌媒体未导出；不得直接提升为正式图片资产
technical-chapter-047,technical,chapter,technical-chapter-047,3,7.3.,7.3.备品备件,,assets/template_words/技术补充文件.docx,（二）专项投标文件 / 7.技术服务，包括培训、安装指导等 / 7.3.备品备件,309,309,taichang_habitual_addition,assets/template_words/包1_完整招标文件_92475576192439826/SL2655招标文件-预审.docx,,historical_writing_heuristic,0.66,needs_manual_review,泰昌历史编制内容候选,,,,,"[""物资类通用""]",,needs_review,manual_review_before_skeleton_reuse,review_only,false,,,,,,,,,5dc7b519a9ef6e5d891ea6c5f9eaae0be8d46fb2ddbbd0faaff8655efd06466c,
technical-table-006,technical,table,technical-chapter-047,3,7.3.,7.3.备品备件,,assets/template_words/技术补充文件.docx,（二）专项投标文件 / 7.技术服务，包括培训、安装指导等 / 7.3.备品备件,310,310,taichang_habitual_addition,assets/template_words/包1_完整招标文件_92475576192439826/SL2655招标文件-预审.docx,,historical_writing_heuristic,0.66,needs_manual_review,泰昌历史编制内容候选,,,,,"[""物资类通用""]",,needs_review,preserve_structure_review_before_reuse,review_only,false,6,13,6,,,,,,b6d7d693d3f2ea8cdb43294d74b0ba86f28dab99647ac3f9d92aff30cfc79c40,首行：序号 | 名 称 | 型号和规格 | 数量（米） | 制造商 | 备注
technical-fact-0017,technical,fact_candidate,technical-chapter-047,3,7.3.,候选产品规格 φ50,,assets/template_words/技术补充文件.docx,（二）专项投标文件 / 7.技术服务，包括培训、安装指导等 / 7.3.备品备件,310,310,taichang_habitual_addition,assets/template_words/包1_完整招标文件_92475576192439826/SL2655招标文件-预审.docx,,historical_writing_heuristic,0.66,needs_manual_review,产品事实与结构化参数,candidate_product_spec,historical_product_list_only,product_list_specification,"[""MPP"", ""电缆保护管""]","[""MPP"", ""电缆保护管""]",φ50,coverage_unconfirmed,verify_report_and_current_goods_list_coverage,review_only,false,,,,,,,,,8e3a9c538331a13f117d6299164d9054f7c0c1a6536e985a307b1070746f50b5,产品清单规格不等于该规格已有检验报告支持
technical-fact-0018,technical,fact_candidate,technical-chapter-047,3,7.3.,候选产品规格 φ250,,assets/template_words/技术补充文件.docx,（二）专项投标文件 / 7.技术服务，包括培训、安装指导等 / 7.3.备品备件,310,310,taichang_habitual_addition,assets/template_words/包1_完整招标文件_92475576192439826/SL2655招标文件-预审.docx,,historical_writing_heuristic,0.66,needs_manual_review,产品事实与结构化参数,candidate_product_spec,historical_product_list_only,product_list_specification,"[""MPP"", ""电缆保护管""]","[""MPP"", ""电缆保护管""]",φ250,coverage_unconfirmed,verify_report_and_current_goods_list_coverage,review_only,false,,,,,,,,,ad468beef8fa30a54a786a92ce904c23f32e93e5577ef9e02dda5fac500420f4,产品清单规格不等于该规格已有检验报告支持
technical-fact-0019,technical,fact_candidate,technical-chapter-047,3,7.3.,候选产品规格 φ150,,assets/template_words/技术补充文件.docx,（二）专项投标文件 / 7.技术服务，包括培训、安装指导等 / 7.3.备品备件,310,310,taichang_habitual_addition,assets/template_words/包1_完整招标文件_92475576192439826/SL2655招标文件-预审.docx,,historical_writing_heuristic,0.66,needs_manual_review,产品事实与结构化参数,candidate_product_spec,historical_product_list_only,product_list_specification,"[""MPP"", ""电缆保护管""]","[""MPP"", ""电缆保护管""]",φ150,coverage_unconfirmed,verify_report_and_current_goods_list_coverage,review_only,false,,,,,,,,,581a6a62e76acc9d7090c54717180228e12c245c7ed38c7a51c2d9fe6fd53a99,产品清单规格不等于该规格已有检验报告支持
technical-fact-0020,technical,fact_candidate,technical-chapter-047,3,7.3.,候选产品规格 φ200,,assets/template_words/技术补充文件.docx,（二）专项投标文件 / 7.技术服务，包括培训、安装指导等 / 7.3.备品备件,310,310,taichang_habitual_addition,assets/template_words/包1_完整招标文件_92475576192439826/SL2655招标文件-预审.docx,,historical_writing_heuristic,0.66,needs_manual_review,产品事实与结构化参数,candidate_product_spec,historical_product_list_only,product_list_specification,"[""MPP"", ""电缆保护管""]","[""MPP"", ""电缆保护管""]",φ200,coverage_unconfirmed,verify_report_and_current_goods_list_coverage,review_only,false,,,,,,,,,076c091a5249bcfc42a0a60a9828dd2aee1af66ffbb6b05b16bca9c372eb9e9d,产品清单规格不等于该规格已有检验报告支持
technical-fact-0021,technical,fact_candidate,technical-chapter-047,3,7.3.,候选产品规格 φ100,,assets/template_words/技术补充文件.docx,（二）专项投标文件 / 7.技术服务，包括培训、安装指导等 / 7.3.备品备件,310,310,taichang_habitual_addition,assets/template_words/包1_完整招标文件_92475576192439826/SL2655招标文件-预审.docx,,historical_writing_heuristic,0.66,needs_manual_review,产品事实与结构化参数,candidate_product_spec,historical_product_list_only,product_list_specification,"[""MPP"", ""电缆保护管""]","[""MPP"", ""电缆保护管""]",φ100,coverage_unconfirmed,verify_report_and_current_goods_list_coverage,review_only,false,,,,,,,,,45cf225a968fef7e66e84ffbd21a82e4588f71189b389fa18d09e5b9558d9b4c,产品清单规格不等于该规格已有检验报告支持
technical-fact-0022,technical,fact_candidate,technical-chapter-047,3,7.3.,候选产品规格 φ175,,assets/template_words/技术补充文件.docx,（二）专项投标文件 / 7.技术服务，包括培训、安装指导等 / 7.3.备品备件,310,310,taichang_habitual_addition,assets/template_words/包1_完整招标文件_92475576192439826/SL2655招标文件-预审.docx,,historical_writing_heuristic,0.66,needs_manual_review,产品事实与结构化参数,candidate_product_spec,historical_product_list_only,product_list_specification,"[""MPP"", ""电缆保护管""]","[""MPP"", ""电缆保护管""]",φ175,coverage_unconfirmed,verify_report_and_current_goods_list_coverage,review_only,false,,,,,,,,,ec346e1bfd79174fc4ba64b571cb476bd1c6840d27ca5b5d9b9a5667c7185b33,产品清单规格不等于该规格已有检验报告支持
technical-chapter-048,technical,chapter,technical-chapter-048,3,7.4.,7.4.故障响应处理方案,,assets/template_words/技术补充文件.docx,（二）专项投标文件 / 7.技术服务，包括培训、安装指导等 / 7.4.故障响应处理方案,310,311,taichang_habitual_addition,assets/template_words/包1_完整招标文件_92475576192439826/SL2655招标文件-预审.docx,,historical_writing_heuristic,0.66,needs_manual_review,项目专属响应/承诺/偏差,,,,,"[""物资类通用""]",,needs_review,manual_review_before_skeleton_reuse,review_only,false,,,,,,,,,28abb6cef8d511fce732607d4f47bdd9e2302022b11eca61b6c3e855e061860d,
technical-chapter-049,technical,chapter,technical-chapter-049,2,8.,8.售后服务保障及承诺,8.售后服务保障及承诺,assets/template_words/技术补充文件.docx,（二）专项投标文件 / 8.售后服务保障及承诺,312,312,tender_mandated,assets/template_words/包1_完整招标文件_92475576192439826/SL2655招标文件-预审.docx,售后服务保障及承诺,normalized_exact,0.98,source_matched,项目专属响应/承诺/偏差,,,,,"[""物资类通用""]",,needs_review,historical_reference_skeleton_candidate,review_only,false,,,,,,,,,3c10854259eb0f22d7dcfa5ace9729a73d164b0048faadd6ffa209cdfd29595d,
technical-chapter-050,technical,chapter,technical-chapter-050,3,8.1.,8.1.售后服务保障,,assets/template_words/技术补充文件.docx,（二）专项投标文件 / 8.售后服务保障及承诺 / 8.1.售后服务保障,312,314,tender_mandated,assets/template_words/包1_完整招标文件_92475576192439826/SL2655招标文件-预审.docx,售后服务保障及承诺,normalized_contains,0.853,source_matched,泰昌历史编制内容候选,,,,,"[""物资类通用""]",,needs_review,historical_reference_skeleton_candidate,review_only,false,,,,,,,,,7620f474c59d607b22387f567089eb9e7a2b8a5e3a55b4cc6ff917985029781e,
technical-media-0306,technical,media,technical-chapter-050,3,8.1.,8.1.售后服务保障,,assets/template_words/技术补充文件.docx,（二）专项投标文件 / 8.售后服务保障及承诺 / 8.1.售后服务保障,314,314,tender_mandated,assets/template_words/包1_完整招标文件_92475576192439826/SL2655招标文件-预审.docx,售后服务保障及承诺,normalized_contains,0.853,source_matched,泰昌历史编制内容候选,,,,,"[""物资类通用""]",,needs_review,inventory_only_needs_original_evidence_or_manual_promotion,review_only,false,,,,rId312,word/media/image303.png,4c8dd0dc0bdac2ff1a4980e1eae6d53c5a1c5b65a2e79aa793d44c399d51cd47,339,346,4c8dd0dc0bdac2ff1a4980e1eae6d53c5a1c5b65a2e79aa793d44c399d51cd47,Word内嵌媒体未导出；不得直接提升为正式图片资产
technical-chapter-051,technical,chapter,technical-chapter-051,3,8.2.,8.2.服务承诺,8.2.服务承诺,assets/template_words/技术补充文件.docx,（二）专项投标文件 / 8.售后服务保障及承诺 / 8.2.服务承诺,315,315,taichang_habitual_addition,assets/template_words/包1_完整招标文件_92475576192439826/SL2655招标文件-预审.docx,,historical_writing_heuristic,0.66,needs_manual_review,项目专属响应/承诺/偏差,,,,,"[""物资类通用""]",,needs_review,manual_review_before_skeleton_reuse,review_only,false,,,,,,,,,5ad79be6839463d4148b9c606e5129e32028ebd68952019297120d4c2ecf99be,
technical-media-0307,technical,media,technical-chapter-051,3,8.2.,8.2.服务承诺,,assets/template_words/技术补充文件.docx,（二）专项投标文件 / 8.售后服务保障及承诺 / 8.2.服务承诺,316,316,taichang_habitual_addition,assets/template_words/包1_完整招标文件_92475576192439826/SL2655招标文件-预审.docx,,historical_writing_heuristic,0.66,needs_manual_review,项目专属响应/承诺/偏差,,,,,"[""物资类通用""]",,needs_review,inventory_only_needs_original_evidence_or_manual_promotion,review_only,false,,,,rId312,word/media/image303.png,4c8dd0dc0bdac2ff1a4980e1eae6d53c5a1c5b65a2e79aa793d44c399d51cd47,339,346,4c8dd0dc0bdac2ff1a4980e1eae6d53c5a1c5b65a2e79aa793d44c399d51cd47,Word内嵌媒体未导出；不得直接提升为正式图片资产
technical-chapter-052,technical,chapter,technical-chapter-052,2,9.,9.质量保证措施方案,,assets/template_words/技术补充文件.docx,（二）专项投标文件 / 9.质量保证措施方案,316,316,tender_mandated,assets/template_words/包1_完整招标文件_92475576192439826/SL2655招标文件-预审.docx,质量保证措施方案,normalized_exact,0.98,source_matched,泰昌历史编制内容候选,,,,,"[""物资类通用""]",,needs_review,historical_reference_skeleton_candidate,review_only,false,,,,,,,,,96aef50f2e57fec4af07b5053e1c9d4e2c3d8de23fad22f82992bbd7c6dca7cb,
technical-media-0308,technical,media,technical-chapter-052,2,9.,9.质量保证措施方案,,assets/template_words/技术补充文件.docx,（二）专项投标文件 / 9.质量保证措施方案,317,317,tender_mandated,assets/template_words/包1_完整招标文件_92475576192439826/SL2655招标文件-预审.docx,质量保证措施方案,normalized_exact,0.98,source_matched,泰昌历史编制内容候选,,,,,"[""物资类通用""]",,needs_review,inventory_only_needs_original_evidence_or_manual_promotion,review_only,false,,,,rId312,word/media/image303.png,4c8dd0dc0bdac2ff1a4980e1eae6d53c5a1c5b65a2e79aa793d44c399d51cd47,339,346,4c8dd0dc0bdac2ff1a4980e1eae6d53c5a1c5b65a2e79aa793d44c399d51cd47,Word内嵌媒体未导出；不得直接提升为正式图片资产
technical-chapter-053,technical,chapter,technical-chapter-053,2,10.,10.认证证书,10.认证证书,assets/template_words/技术补充文件.docx,（二）专项投标文件 / 10.认证证书,317,317,tender_mandated,assets/template_words/包1_完整招标文件_92475576192439826/SL2655招标文件-预审.docx,认证证书,normalized_exact,0.98,source_matched,正式证据包候选,,,,,"[""物资类通用""]",,needs_review,historical_reference_skeleton_candidate,review_only,false,,,,,,,,,1e21b7542e4c4473ced974d1f5391167546689cba69f67be5582c1f62d6790fa,
technical-fact-0023,technical,fact_candidate,technical-chapter-053,2,10.,历史项目招标编号 SL265,,assets/template_words/技术补充文件.docx,（二）专项投标文件 / 10.认证证书,318,318,tender_mandated,assets/template_words/包1_完整招标文件_92475576192439826/SL2655招标文件-预审.docx,认证证书,normalized_exact,0.98,source_matched,泰昌历史编制内容候选,project_identifier,historical_document_text,not_a_parameter_value,"[""架空绝缘导线""]","[""架空绝缘导线""]",SL265,project_conflict_check_required,project_specific_do_not_reuse,review_only,false,,,,,,,,,738feab51fe7e166450efd6b11cc5871ec72e2ba8f1234721608c3582c2b4a70,项目专属字段；生成新标书时必须由本次招标文件覆盖
technical-fact-0024,technical,fact_candidate,technical-chapter-053,2,10.,历史项目招标编号 SL265A,,assets/template_words/技术补充文件.docx,（二）专项投标文件 / 10.认证证书,318,318,tender_mandated,assets/template_words/包1_完整招标文件_92475576192439826/SL2655招标文件-预审.docx,认证证书,normalized_exact,0.98,source_matched,泰昌历史编制内容候选,project_identifier,historical_document_text,not_a_parameter_value,"[""架空绝缘导线""]","[""架空绝缘导线""]",SL265A,project_conflict_check_required,project_specific_do_not_reuse,review_only,false,,,,,,,,,1da507cb8ca761d8e60d300c90d82705f6b7d5fdcecbced2456de38fa79e2b3c,项目专属字段；生成新标书时必须由本次招标文件覆盖
technical-fact-0025,technical,fact_candidate,technical-chapter-053,2,10.,候选产品规格 200,,assets/template_words/技术补充文件.docx,（二）专项投标文件 / 10.认证证书,318,318,tender_mandated,assets/template_words/包1_完整招标文件_92475576192439826/SL2655招标文件-预审.docx,认证证书,normalized_exact,0.98,source_matched,产品事实与结构化参数,candidate_product_spec,historical_product_list_only,product_list_specification,"[""架空绝缘导线""]","[""架空绝缘导线""]",200,coverage_unconfirmed,verify_report_and_current_goods_list_coverage,review_only,false,,,,,,,,,1e0dbd60795ef883369a0e31cb3f16ad10beca7cfe04248e2b9c2bacdff0ddef,产品清单规格不等于该规格已有检验报告支持
technical-table-007,technical,table,technical-chapter-053,2,10.,10.认证证书,10.认证证书,assets/template_words/技术补充文件.docx,（二）专项投标文件 / 10.认证证书,318,318,tender_mandated,assets/template_words/包1_完整招标文件_92475576192439826/SL2655招标文件-预审.docx,认证证书,normalized_exact,0.98,source_matched,正式证据包候选,,,,,"[""物资类通用""]",,needs_review,preserve_structure_review_before_reuse,review_only,false,7,5,5,,,,,,82237f8a5322b6c41db59c05feb74aaeeac2ac712ebc1a26c31da684eb065d5f,首行：信息事项 | 认证机构 | 证书编号 | 认证事项范围 | 有效期限
technical-chapter-054,technical,chapter,technical-chapter-054,3,10.1.,10.1.质量管理体系认证证书,10.1.质量管理体系认证证书,assets/template_words/技术补充文件.docx,（二）专项投标文件 / 10.认证证书 / 10.1.质量管理体系认证证书,318,320,reference_layout_only,assets/template_words/包1_完整招标文件_92475576192439826/SL2655招标文件-预审.docx,,evidence_layout_heuristic,0.68,needs_manual_review,正式证据包候选,,,,,"[""物资类通用""]",,needs_review,manual_review_before_skeleton_reuse,review_only,false,,,,,,,,,803b6d04b1e8833d13cc33ccac31557abbaf659d5eb3ef4ddbe6a186f4f03456,
technical-media-0309,technical,media,technical-chapter-054,3,10.1.,10.1.质量管理体系认证证书,,assets/template_words/技术补充文件.docx,（二）专项投标文件 / 10.认证证书 / 10.1.质量管理体系认证证书,319,319,reference_layout_only,assets/template_words/包1_完整招标文件_92475576192439826/SL2655招标文件-预审.docx,,evidence_layout_heuristic,0.68,needs_manual_review,正式证据包候选,,,,,"[""物资类通用""]",,needs_review,inventory_only_needs_original_evidence_or_manual_promotion,review_only,false,,,,rId313,word/media/image304.jpeg,ff35c4b67fb13525dc75cc6451c186d2e736a61a427998e6c6c7b94480f89c7e,1654,2339,ff35c4b67fb13525dc75cc6451c186d2e736a61a427998e6c6c7b94480f89c7e,Word内嵌媒体未导出；不得直接提升为正式图片资产
technical-media-0310,technical,media,technical-chapter-054,3,10.1.,10.1.质量管理体系认证证书,,assets/template_words/技术补充文件.docx,（二）专项投标文件 / 10.认证证书 / 10.1.质量管理体系认证证书,319,319,reference_layout_only,assets/template_words/包1_完整招标文件_92475576192439826/SL2655招标文件-预审.docx,,evidence_layout_heuristic,0.68,needs_manual_review,正式证据包候选,,,,,"[""物资类通用""]",,needs_review,inventory_only_needs_original_evidence_or_manual_promotion,review_only,false,,,,rId314,word/media/image305.jpeg,9e593fb7c374d2b4227cb92d4699c3f2cec5499d7390a456a55ece0fc1e95e6f,1654,2339,9e593fb7c374d2b4227cb92d4699c3f2cec5499d7390a456a55ece0fc1e95e6f,Word内嵌媒体未导出；不得直接提升为正式图片资产
technical-chapter-055,technical,chapter,technical-chapter-055,3,10.2.,10.2.职业健康安全管理体系认证证书,10.2.职业健康安全管理体系认证证书,assets/template_words/技术补充文件.docx,（二）专项投标文件 / 10.认证证书 / 10.2.职业健康安全管理体系认证证书,321,323,reference_layout_only,assets/template_words/包1_完整招标文件_92475576192439826/SL2655招标文件-预审.docx,,evidence_layout_heuristic,0.68,needs_manual_review,正式证据包候选,,,,,"[""物资类通用""]",,needs_review,manual_review_before_skeleton_reuse,review_only,false,,,,,,,,,1ff094236eeace1f59ca6dcd177bef30a725d423685831b7bb73a88b38f23e4d,
technical-media-0311,technical,media,technical-chapter-055,3,10.2.,10.2.职业健康安全管理体系认证证书,,assets/template_words/技术补充文件.docx,（二）专项投标文件 / 10.认证证书 / 10.2.职业健康安全管理体系认证证书,322,322,reference_layout_only,assets/template_words/包1_完整招标文件_92475576192439826/SL2655招标文件-预审.docx,,evidence_layout_heuristic,0.68,needs_manual_review,正式证据包候选,,,,,"[""物资类通用""]",,needs_review,inventory_only_needs_original_evidence_or_manual_promotion,review_only,false,,,,rId315,word/media/image306.jpeg,4311398d8c536b134ab23db094162e10bba50bb5306c3ad85fdd217403ff7bcc,1654,2339,4311398d8c536b134ab23db094162e10bba50bb5306c3ad85fdd217403ff7bcc,Word内嵌媒体未导出；不得直接提升为正式图片资产
technical-media-0312,technical,media,technical-chapter-055,3,10.2.,10.2.职业健康安全管理体系认证证书,,assets/template_words/技术补充文件.docx,（二）专项投标文件 / 10.认证证书 / 10.2.职业健康安全管理体系认证证书,322,322,reference_layout_only,assets/template_words/包1_完整招标文件_92475576192439826/SL2655招标文件-预审.docx,,evidence_layout_heuristic,0.68,needs_manual_review,正式证据包候选,,,,,"[""物资类通用""]",,needs_review,inventory_only_needs_original_evidence_or_manual_promotion,review_only,false,,,,rId316,word/media/image307.jpeg,d6fbcdeedc1a3ca0715d4705a1155d52f09f40a52bebbbc2fd5997b627d3ef57,1266,1794,d6fbcdeedc1a3ca0715d4705a1155d52f09f40a52bebbbc2fd5997b627d3ef57,Word内嵌媒体未导出；不得直接提升为正式图片资产
technical-media-0313,technical,media,technical-chapter-055,3,10.2.,10.2.职业健康安全管理体系认证证书,,assets/template_words/技术补充文件.docx,（二）专项投标文件 / 10.认证证书 / 10.2.职业健康安全管理体系认证证书,322,322,reference_layout_only,assets/template_words/包1_完整招标文件_92475576192439826/SL2655招标文件-预审.docx,,evidence_layout_heuristic,0.68,needs_manual_review,正式证据包候选,,,,,"[""物资类通用""]",,needs_review,inventory_only_needs_original_evidence_or_manual_promotion,review_only,false,,,,rId317,word/media/image308.jpeg,97475001330d47adf6eca8c6b5c0e9ad6926c8fae3dcb92253c7890b6f178f8c,1266,1794,97475001330d47adf6eca8c6b5c0e9ad6926c8fae3dcb92253c7890b6f178f8c,Word内嵌媒体未导出；不得直接提升为正式图片资产
technical-chapter-056,technical,chapter,technical-chapter-056,3,10.3.,10.3.环境管理体系认证证书,10.3.环境管理体系认证证书,assets/template_words/技术补充文件.docx,（二）专项投标文件 / 10.认证证书 / 10.3.环境管理体系认证证书,324,325,reference_layout_only,assets/template_words/包1_完整招标文件_92475576192439826/SL2655招标文件-预审.docx,,evidence_layout_heuristic,0.68,needs_manual_review,正式证据包候选,,,,,"[""物资类通用""]",,needs_review,manual_review_before_skeleton_reuse,review_only,false,,,,,,,,,51dd2f8e948f2fd01fed4dc0b260d8ae3f92cfe86077bc1155a7ed8afc68559c,
technical-media-0314,technical,media,technical-chapter-056,3,10.3.,10.3.环境管理体系认证证书,,assets/template_words/技术补充文件.docx,（二）专项投标文件 / 10.认证证书 / 10.3.环境管理体系认证证书,325,325,reference_layout_only,assets/template_words/包1_完整招标文件_92475576192439826/SL2655招标文件-预审.docx,,evidence_layout_heuristic,0.68,needs_manual_review,正式证据包候选,,,,,"[""物资类通用""]",,needs_review,inventory_only_needs_original_evidence_or_manual_promotion,review_only,false,,,,rId318,word/media/image309.jpeg,5471bfe25f8e5352f8c78312cf1400e03b17c6e21e5646a2c8f6510b8fa96c52,1654,2340,5471bfe25f8e5352f8c78312cf1400e03b17c6e21e5646a2c8f6510b8fa96c52,Word内嵌媒体未导出；不得直接提升为正式图片资产
technical-media-0315,technical,media,technical-chapter-056,3,10.3.,10.3.环境管理体系认证证书,,assets/template_words/技术补充文件.docx,（二）专项投标文件 / 10.认证证书 / 10.3.环境管理体系认证证书,325,325,reference_layout_only,assets/template_words/包1_完整招标文件_92475576192439826/SL2655招标文件-预审.docx,,evidence_layout_heuristic,0.68,needs_manual_review,正式证据包候选,,,,,"[""物资类通用""]",,needs_review,inventory_only_needs_original_evidence_or_manual_promotion,review_only,false,,,,rId319,word/media/image310.jpeg,87e41dd5286cbcb1a583c6781fa7583e69c0707ac24e911ae549b37ea8a6f5f7,1654,2340,87e41dd5286cbcb1a583c6781fa7583e69c0707ac24e911ae549b37ea8a6f5f7,Word内嵌媒体未导出；不得直接提升为正式图片资产
technical-chapter-057,technical,chapter,technical-chapter-057,2,11.,11.主要技术人员、项目经理及其相关证书,11.主要技术人员、项目经理及其相关证书,assets/template_words/技术补充文件.docx,（二）专项投标文件 / 11.主要技术人员、项目经理及其相关证书,326,326,tender_mandated,assets/template_words/包1_完整招标文件_92475576192439826/SL2655招标文件-预审.docx,主要技术人员、项目经理及其相关证书,normalized_exact,0.98,source_matched,正式证据包候选,,,,,"[""物资类通用""]",,needs_review,historical_reference_skeleton_candidate,review_only,false,,,,,,,,,ba77d0bbf29af2cc1ce8450d477b78f2bd939dab7afd9675c9a9c173a505f425,
technical-fact-0026,technical,fact_candidate,technical-chapter-057,2,11.,历史项目招标编号 SL265,,assets/template_words/技术补充文件.docx,（二）专项投标文件 / 11.主要技术人员、项目经理及其相关证书,327,327,tender_mandated,assets/template_words/包1_完整招标文件_92475576192439826/SL2655招标文件-预审.docx,主要技术人员、项目经理及其相关证书,normalized_exact,0.98,source_matched,泰昌历史编制内容候选,project_identifier,historical_document_text,not_a_parameter_value,"[""架空绝缘导线""]","[""架空绝缘导线""]",SL265,project_conflict_check_required,project_specific_do_not_reuse,review_only,false,,,,,,,,,738feab51fe7e166450efd6b11cc5871ec72e2ba8f1234721608c3582c2b4a70,项目专属字段；生成新标书时必须由本次招标文件覆盖
technical-fact-0027,technical,fact_candidate,technical-chapter-057,2,11.,历史项目招标编号 SL265A,,assets/template_words/技术补充文件.docx,（二）专项投标文件 / 11.主要技术人员、项目经理及其相关证书,327,327,tender_mandated,assets/template_words/包1_完整招标文件_92475576192439826/SL2655招标文件-预审.docx,主要技术人员、项目经理及其相关证书,normalized_exact,0.98,source_matched,泰昌历史编制内容候选,project_identifier,historical_document_text,not_a_parameter_value,"[""架空绝缘导线""]","[""架空绝缘导线""]",SL265A,project_conflict_check_required,project_specific_do_not_reuse,review_only,false,,,,,,,,,1da507cb8ca761d8e60d300c90d82705f6b7d5fdcecbced2456de38fa79e2b3c,项目专属字段；生成新标书时必须由本次招标文件覆盖
technical-fact-0028,technical,fact_candidate,technical-chapter-057,2,11.,候选产品规格 200,,assets/template_words/技术补充文件.docx,（二）专项投标文件 / 11.主要技术人员、项目经理及其相关证书,327,327,tender_mandated,assets/template_words/包1_完整招标文件_92475576192439826/SL2655招标文件-预审.docx,主要技术人员、项目经理及其相关证书,normalized_exact,0.98,source_matched,产品事实与结构化参数,candidate_product_spec,historical_product_list_only,product_list_specification,"[""架空绝缘导线""]","[""架空绝缘导线""]",200,coverage_unconfirmed,verify_report_and_current_goods_list_coverage,review_only,false,,,,,,,,,1e0dbd60795ef883369a0e31cb3f16ad10beca7cfe04248e2b9c2bacdff0ddef,产品清单规格不等于该规格已有检验报告支持
technical-table-008,technical,table,technical-chapter-057,2,11.,11.主要技术人员、项目经理及其相关证书,11.主要技术人员、项目经理及其相关证书,assets/template_words/技术补充文件.docx,（二）专项投标文件 / 11.主要技术人员、项目经理及其相关证书,327,327,tender_mandated,assets/template_words/包1_完整招标文件_92475576192439826/SL2655招标文件-预审.docx,主要技术人员、项目经理及其相关证书,normalized_exact,0.98,source_matched,正式证据包候选,,,,,"[""物资类通用""]",,needs_review,preserve_structure_review_before_reuse,review_only,false,8,7,6,,,,,,85af2226724097a970a75fb49b2afc359e53899897ccc4ad1dc2e5f6e465da52,首行：序号 | 岗位 | 现担任职务 / 专业 | 工作经历 | 通讯电话和地址 | 备注
technical-chapter-058,technical,chapter,technical-chapter-058,3,附：,附：试验人员证书,附：试验人员证书,assets/template_words/技术补充文件.docx,（二）专项投标文件 / 11.主要技术人员、项目经理及其相关证书 / 附：试验人员证书,327,328,reference_layout_only,assets/template_words/包1_完整招标文件_92475576192439826/SL2655招标文件-预审.docx,,evidence_layout_heuristic,0.68,needs_manual_review,产品事实与结构化参数,,,,,"[""物资类通用""]",,needs_review,manual_review_before_skeleton_reuse,review_only,false,,,,,,,,,036217460ca550a9f09dba6273390a1ff124df34d25bf1a068c6a17a0f5bd212,
technical-media-0316,technical,media,technical-chapter-058,3,附：,附：试验人员证书,,assets/template_words/技术补充文件.docx,（二）专项投标文件 / 11.主要技术人员、项目经理及其相关证书 / 附：试验人员证书,328,328,reference_layout_only,assets/template_words/包1_完整招标文件_92475576192439826/SL2655招标文件-预审.docx,,evidence_layout_heuristic,0.68,needs_manual_review,产品事实与结构化参数,,,,,"[""物资类通用""]",,needs_review,inventory_only_needs_original_evidence_or_manual_promotion,review_only,false,,,,rId320,word/media/image311.jpeg,199309ab491a97f8b34ce26719c73307450eba62433dda934ab5815bb65547e2,659,405,199309ab491a97f8b34ce26719c73307450eba62433dda934ab5815bb65547e2,Word内嵌媒体未导出；不得直接提升为正式图片资产
technical-media-0317,technical,media,technical-chapter-058,3,附：,附：试验人员证书,,assets/template_words/技术补充文件.docx,（二）专项投标文件 / 11.主要技术人员、项目经理及其相关证书 / 附：试验人员证书,328,328,reference_layout_only,assets/template_words/包1_完整招标文件_92475576192439826/SL2655招标文件-预审.docx,,evidence_layout_heuristic,0.68,needs_manual_review,产品事实与结构化参数,,,,,"[""物资类通用""]",,needs_review,inventory_only_needs_original_evidence_or_manual_promotion,review_only,false,,,,rId321,word/media/image312.jpeg,220b9cfe319de7714a9cdfcf548561609f8f169ea3d003c7deeabef83dde32bb,1658,2345,220b9cfe319de7714a9cdfcf548561609f8f169ea3d003c7deeabef83dde32bb,Word内嵌媒体未导出；不得直接提升为正式图片资产
technical-media-0318,technical,media,technical-chapter-058,3,附：,附：试验人员证书,,assets/template_words/技术补充文件.docx,（二）专项投标文件 / 11.主要技术人员、项目经理及其相关证书 / 附：试验人员证书,328,328,reference_layout_only,assets/template_words/包1_完整招标文件_92475576192439826/SL2655招标文件-预审.docx,,evidence_layout_heuristic,0.68,needs_manual_review,产品事实与结构化参数,,,,,"[""物资类通用""]",,needs_review,inventory_only_needs_original_evidence_or_manual_promotion,review_only,false,,,,rId322,word/media/image313.png,3d5710d8f04aa365ece97daa69a71d31323f619feed8d235fc590afdd393391a,1082,1530,3d5710d8f04aa365ece97daa69a71d31323f619feed8d235fc590afdd393391a,Word内嵌媒体未导出；不得直接提升为正式图片资产
technical-media-0319,technical,media,technical-chapter-058,3,附：,附：试验人员证书,,assets/template_words/技术补充文件.docx,（二）专项投标文件 / 11.主要技术人员、项目经理及其相关证书 / 附：试验人员证书,328,328,reference_layout_only,assets/template_words/包1_完整招标文件_92475576192439826/SL2655招标文件-预审.docx,,evidence_layout_heuristic,0.68,needs_manual_review,产品事实与结构化参数,,,,,"[""物资类通用""]",,needs_review,inventory_only_needs_original_evidence_or_manual_promotion,review_only,false,,,,rId323,word/media/image314.png,f0a68c9573e4626ca205b5e35f7be099baddd3edc3740fa30ffbd70909d40c1b,1080,1524,f0a68c9573e4626ca205b5e35f7be099baddd3edc3740fa30ffbd70909d40c1b,Word内嵌媒体未导出；不得直接提升为正式图片资产
technical-media-0320,technical,media,technical-chapter-058,3,附：,附：试验人员证书,,assets/template_words/技术补充文件.docx,（二）专项投标文件 / 11.主要技术人员、项目经理及其相关证书 / 附：试验人员证书,329,329,reference_layout_only,assets/template_words/包1_完整招标文件_92475576192439826/SL2655招标文件-预审.docx,,evidence_layout_heuristic,0.68,needs_manual_review,产品事实与结构化参数,,,,,"[""物资类通用""]",,needs_review,inventory_only_needs_original_evidence_or_manual_promotion,review_only,false,,,,rId324,word/media/image315.jpeg,f04788bc0e00d22745bc14ef22726b749ab920b0db374103133adcbdab387b8a,721,460,f04788bc0e00d22745bc14ef22726b749ab920b0db374103133adcbdab387b8a,Word内嵌媒体未导出；不得直接提升为正式图片资产
technical-chapter-059,technical,chapter,technical-chapter-059,2,12.,12.检测检验报告（包括型式试验报告、检测报告、鉴定报告、检定报告、校准证书或报告、检测试验报告等相关报告）,12.检测检验报告（包括型式试验报告、检测报告、鉴定报告、检定报告、校准证书或报告、检测试验报告等相关报告）,assets/template_words/技术补充文件.docx,（二）专项投标文件 / 12.检测检验报告（包括型式试验报告、检测报告、鉴定报告、检定报告、校准证书或报告、检测试验报告等相关报告）,329,329,tender_mandated,assets/template_words/包1_完整招标文件_92475576192439826/SL2655招标文件-预审.docx,检测检验报告（包括型式试验报告、检测报告、鉴定报告、检定报告、校准证书或报告、检测试验报告等相关报告）,normalized_exact,0.98,source_matched,产品事实与结构化参数,,,,,"[""物资类通用""]",,needs_review,historical_reference_skeleton_candidate,review_only,false,,,,,,,,,9441a7e03331915dd9d73b42ece6721acc1cb1b5a47398bfd086c51b0453a107,
technical-chapter-060,technical,chapter,technical-chapter-060,3,12.1.,12.1.检测报告,,assets/template_words/技术补充文件.docx,（二）专项投标文件 / 12.检测检验报告（包括型式试验报告、检测报告、鉴定报告、检定报告、校准证书或报告、检测试验报告等相关报告） / 12.1.检测报告,329,329,reference_layout_only,assets/template_words/包1_完整招标文件_92475576192439826/SL2655招标文件-预审.docx,,evidence_layout_heuristic,0.68,needs_manual_review,产品事实与结构化参数,,,,,"[""物资类通用""]",,needs_review,manual_review_before_skeleton_reuse,review_only,false,,,,,,,,,13ef3ee785fb4c2cf582beb5c05cc5cf59149ed3588e06fc0457132933ebe5d1,
technical-table-009,technical,table,technical-chapter-060,3,12.1.,12.1.检测报告,,assets/template_words/技术补充文件.docx,（二）专项投标文件 / 12.检测检验报告（包括型式试验报告、检测报告、鉴定报告、检定报告、校准证书或报告、检测试验报告等相关报告） / 12.1.检测报告,329,329,reference_layout_only,assets/template_words/包1_完整招标文件_92475576192439826/SL2655招标文件-预审.docx,,evidence_layout_heuristic,0.68,needs_manual_review,产品事实与结构化参数,,,,,"[""物资类通用""]",,needs_review,preserve_structure_review_before_reuse,review_only,false,9,6,10,,,,,,113d11429dc914b89c7fd2b8d590c61d9bf898516bba80beeb09e44e67954e95,首行：序号 | 证书编号 | 证书名称 | 产品名称 | 产品型号 | 委托单位 | 报告日期 | 报告有效期 | 报告出具机构 | 相关附件
technical-fact-0029,technical,fact_candidate,technical-chapter-060,3,12.1.,检验/检测报告编号 2024100312005501713,,assets/template_words/技术补充文件.docx,（二）专项投标文件 / 12.检测检验报告（包括型式试验报告、检测报告、鉴定报告、检定报告、校准证书或报告、检测试验报告等相关报告） / 12.1.检测报告,329,329,reference_layout_only,assets/template_words/包1_完整招标文件_92475576192439826/SL2655招标文件-预审.docx,,evidence_layout_heuristic,0.68,needs_manual_review,产品事实与结构化参数,report_identifier,existing_structured_evidence,measured_report_value_reference,[],"[""物资类通用""]",2024100312005501713,existing_evidence_matched,duplicate_existing_asset_reference_only,review_only,false,,,,,,,,,25b231617c916ce208800a2b58f9488e4d110aec68d94ff7e639fac58a4aa3de,历史标书中的报告索引；不得仅凭 Word 内截图建立正式报告事实
technical-fact-0030,technical,fact_candidate,technical-chapter-060,3,12.1.,候选产品规格 250×15,,assets/template_words/技术补充文件.docx,（二）专项投标文件 / 12.检测检验报告（包括型式试验报告、检测报告、鉴定报告、检定报告、校准证书或报告、检测试验报告等相关报告） / 12.1.检测报告,329,329,reference_layout_only,assets/template_words/包1_完整招标文件_92475576192439826/SL2655招标文件-预审.docx,,evidence_layout_heuristic,0.68,needs_manual_review,产品事实与结构化参数,candidate_product_spec,historical_product_list_only,product_list_specification,"[""PVC-C""]","[""PVC-C""]",250×15,coverage_unconfirmed,verify_report_and_current_goods_list_coverage,review_only,false,,,,,,,,,622e65b00757de8342e5dddbd9b7b5c39a9379f9eccb0c0d08732581733c087d,产品清单规格不等于该规格已有检验报告支持
technical-fact-0031,technical,fact_candidate,technical-chapter-060,3,12.1.,检验/检测报告编号 2024100312005501712,,assets/template_words/技术补充文件.docx,（二）专项投标文件 / 12.检测检验报告（包括型式试验报告、检测报告、鉴定报告、检定报告、校准证书或报告、检测试验报告等相关报告） / 12.1.检测报告,329,329,reference_layout_only,assets/template_words/包1_完整招标文件_92475576192439826/SL2655招标文件-预审.docx,,evidence_layout_heuristic,0.68,needs_manual_review,产品事实与结构化参数,report_identifier,existing_structured_evidence,measured_report_value_reference,[],"[""物资类通用""]",2024100312005501712,existing_evidence_matched,duplicate_existing_asset_reference_only,review_only,false,,,,,,,,,c3b82d06a0011f74feb08f59318d803d31dfefc00bd58df875bbfac6d6634214,历史标书中的报告索引；不得仅凭 Word 内截图建立正式报告事实
technical-fact-0032,technical,fact_candidate,technical-chapter-060,3,12.1.,候选产品规格 250×22,,assets/template_words/技术补充文件.docx,（二）专项投标文件 / 12.检测检验报告（包括型式试验报告、检测报告、鉴定报告、检定报告、校准证书或报告、检测试验报告等相关报告） / 12.1.检测报告,329,329,reference_layout_only,assets/template_words/包1_完整招标文件_92475576192439826/SL2655招标文件-预审.docx,,evidence_layout_heuristic,0.68,needs_manual_review,产品事实与结构化参数,candidate_product_spec,historical_product_list_only,product_list_specification,"[""MPP""]","[""MPP""]",250×22,coverage_unconfirmed,verify_report_and_current_goods_list_coverage,review_only,false,,,,,,,,,a79339c5d50401c92eec6e388626510025eabd7677dcc4d0a997b12be2d56a2a,产品清单规格不等于该规格已有检验报告支持
technical-fact-0033,technical,fact_candidate,technical-chapter-060,3,12.1.,检验/检测报告编号 2024400312005505333,,assets/template_words/技术补充文件.docx,（二）专项投标文件 / 12.检测检验报告（包括型式试验报告、检测报告、鉴定报告、检定报告、校准证书或报告、检测试验报告等相关报告） / 12.1.检测报告,329,329,reference_layout_only,assets/template_words/包1_完整招标文件_92475576192439826/SL2655招标文件-预审.docx,,evidence_layout_heuristic,0.68,needs_manual_review,产品事实与结构化参数,report_identifier,historical_index_only,not_a_parameter_value,[],"[""物资类通用""]",2024400312005505333,needs_original_evidence,needs_original_evidence,review_only,false,,,,,,,,,8970fc98960e15dad22b79040c708f1f5a53cb7af2e6e96856548e10505124f6,历史标书中的报告索引；不得仅凭 Word 内截图建立正式报告事实
technical-fact-0034,technical,fact_candidate,technical-chapter-060,3,12.1.,检验/检测报告编号 2025200312005503479,,assets/template_words/技术补充文件.docx,（二）专项投标文件 / 12.检测检验报告（包括型式试验报告、检测报告、鉴定报告、检定报告、校准证书或报告、检测试验报告等相关报告） / 12.1.检测报告,329,329,reference_layout_only,assets/template_words/包1_完整招标文件_92475576192439826/SL2655招标文件-预审.docx,,evidence_layout_heuristic,0.68,needs_manual_review,产品事实与结构化参数,report_identifier,historical_index_only,not_a_parameter_value,[],"[""物资类通用""]",2025200312005503479,needs_original_evidence,needs_original_evidence,review_only,false,,,,,,,,,9c7dff05a2d932fdccc7ebe01041f58982462ae694a1501b7d3a61429dd6184c,历史标书中的报告索引；不得仅凭 Word 内截图建立正式报告事实
technical-fact-0035,technical,fact_candidate,technical-chapter-060,3,12.1.,候选产品规格 150×9.5,,assets/template_words/技术补充文件.docx,（二）专项投标文件 / 12.检测检验报告（包括型式试验报告、检测报告、鉴定报告、检定报告、校准证书或报告、检测试验报告等相关报告） / 12.1.检测报告,329,329,reference_layout_only,assets/template_words/包1_完整招标文件_92475576192439826/SL2655招标文件-预审.docx,,evidence_layout_heuristic,0.68,needs_manual_review,产品事实与结构化参数,candidate_product_spec,historical_product_list_only,product_list_specification,"[""UPVC""]","[""UPVC""]",150×9.5,coverage_unconfirmed,verify_report_and_current_goods_list_coverage,review_only,false,,,,,,,,,f68f4264375ecb0f6e7b0c035e975c3a214242a5a6c09cab2cbd5e91cb88cf9d,产品清单规格不等于该规格已有检验报告支持
technical-chapter-061,technical,chapter,technical-chapter-061,4,12.1.1.,12.1.1.CPVC电缆保护管检验报告,,assets/template_words/技术补充文件.docx,（二）专项投标文件 / 12.检测检验报告（包括型式试验报告、检测报告、鉴定报告、检定报告、校准证书或报告、检测试验报告等相关报告） / 12.1.检测报告 / 12.1.1.CPVC电缆保护管检验报告,330,334,reference_layout_only,assets/template_words/包1_完整招标文件_92475576192439826/SL2655招标文件-预审.docx,,evidence_layout_heuristic,0.68,needs_manual_review,正式证据包候选,,,,,"[""CPVC"", ""电缆保护管""]",,needs_review,manual_review_before_skeleton_reuse,review_only,false,,,,,,,,,b6567dfdf843fdbe441b0ed6be826cf286a0e1bd1a7ad96a53eb2196a3b4b95a,
technical-media-0321,technical,media,technical-chapter-061,4,12.1.1.,12.1.1.CPVC电缆保护管检验报告,,assets/template_words/技术补充文件.docx,（二）专项投标文件 / 12.检测检验报告（包括型式试验报告、检测报告、鉴定报告、检定报告、校准证书或报告、检测试验报告等相关报告） / 12.1.检测报告 / 12.1.1.CPVC电缆保护管检验报告,331,331,reference_layout_only,assets/template_words/包1_完整招标文件_92475576192439826/SL2655招标文件-预审.docx,,evidence_layout_heuristic,0.68,needs_manual_review,正式证据包候选,,,,,"[""CPVC"", ""电缆保护管""]",,needs_review,inventory_only_needs_original_evidence_or_manual_promotion,review_only,false,,,,rId327,word/media/image316.jpeg,142b224b9de58e24ac7bedb6fa9462fce886db19200930d83b9003bbdab1848d,1268,1794,142b224b9de58e24ac7bedb6fa9462fce886db19200930d83b9003bbdab1848d,Word内嵌媒体未导出；不得直接提升为正式图片资产
technical-media-0322,technical,media,technical-chapter-061,4,12.1.1.,12.1.1.CPVC电缆保护管检验报告,,assets/template_words/技术补充文件.docx,（二）专项投标文件 / 12.检测检验报告（包括型式试验报告、检测报告、鉴定报告、检定报告、校准证书或报告、检测试验报告等相关报告） / 12.1.检测报告 / 12.1.1.CPVC电缆保护管检验报告,331,331,reference_layout_only,assets/template_words/包1_完整招标文件_92475576192439826/SL2655招标文件-预审.docx,,evidence_layout_heuristic,0.68,needs_manual_review,正式证据包候选,,,,,"[""CPVC"", ""电缆保护管""]",,needs_review,inventory_only_needs_original_evidence_or_manual_promotion,review_only,false,,,,rId328,word/media/image317.jpeg,97438998db68b876daecba5392d80213d8838845952d4457d956457b9766a98c,1267,1793,97438998db68b876daecba5392d80213d8838845952d4457d956457b9766a98c,Word内嵌媒体未导出；不得直接提升为正式图片资产
technical-media-0323,technical,media,technical-chapter-061,4,12.1.1.,12.1.1.CPVC电缆保护管检验报告,,assets/template_words/技术补充文件.docx,（二）专项投标文件 / 12.检测检验报告（包括型式试验报告、检测报告、鉴定报告、检定报告、校准证书或报告、检测试验报告等相关报告） / 12.1.检测报告 / 12.1.1.CPVC电缆保护管检验报告,331,331,reference_layout_only,assets/template_words/包1_完整招标文件_92475576192439826/SL2655招标文件-预审.docx,,evidence_layout_heuristic,0.68,needs_manual_review,正式证据包候选,,,,,"[""CPVC"", ""电缆保护管""]",,needs_review,inventory_only_needs_original_evidence_or_manual_promotion,review_only,false,,,,rId329,word/media/image318.jpeg,009648ce09525ef14c3d6fa456ffe695d45f33878a53958c1d22a4777be6cdd4,1654,2339,009648ce09525ef14c3d6fa456ffe695d45f33878a53958c1d22a4777be6cdd4,Word内嵌媒体未导出；不得直接提升为正式图片资产
technical-media-0324,technical,media,technical-chapter-061,4,12.1.1.,12.1.1.CPVC电缆保护管检验报告,,assets/template_words/技术补充文件.docx,（二）专项投标文件 / 12.检测检验报告（包括型式试验报告、检测报告、鉴定报告、检定报告、校准证书或报告、检测试验报告等相关报告） / 12.1.检测报告 / 12.1.1.CPVC电缆保护管检验报告,331,331,reference_layout_only,assets/template_words/包1_完整招标文件_92475576192439826/SL2655招标文件-预审.docx,,evidence_layout_heuristic,0.68,needs_manual_review,正式证据包候选,,,,,"[""CPVC"", ""电缆保护管""]",,needs_review,inventory_only_needs_original_evidence_or_manual_promotion,review_only,false,,,,rId330,word/media/image319.jpeg,a244040622f239318bdabfc47e543761f167df2ab44ddc8b89e432ab535acf3c,1654,2339,a244040622f239318bdabfc47e543761f167df2ab44ddc8b89e432ab535acf3c,Word内嵌媒体未导出；不得直接提升为正式图片资产
technical-media-0325,technical,media,technical-chapter-061,4,12.1.1.,12.1.1.CPVC电缆保护管检验报告,,assets/template_words/技术补充文件.docx,（二）专项投标文件 / 12.检测检验报告（包括型式试验报告、检测报告、鉴定报告、检定报告、校准证书或报告、检测试验报告等相关报告） / 12.1.检测报告 / 12.1.1.CPVC电缆保护管检验报告,331,331,reference_layout_only,assets/template_words/包1_完整招标文件_92475576192439826/SL2655招标文件-预审.docx,,evidence_layout_heuristic,0.68,needs_manual_review,正式证据包候选,,,,,"[""CPVC"", ""电缆保护管""]",,needs_review,inventory_only_needs_original_evidence_or_manual_promotion,review_only,false,,,,rId331,word/media/image320.jpeg,e109262a05a9cef219911534c168033f8463e56cccebca5a82c1b867d2c1c7c5,1654,2339,e109262a05a9cef219911534c168033f8463e56cccebca5a82c1b867d2c1c7c5,Word内嵌媒体未导出；不得直接提升为正式图片资产
technical-chapter-062,technical,chapter,technical-chapter-062,4,12.1.2.,12.1.2.MPP电缆保护管检验报告,,assets/template_words/技术补充文件.docx,（二）专项投标文件 / 12.检测检验报告（包括型式试验报告、检测报告、鉴定报告、检定报告、校准证书或报告、检测试验报告等相关报告） / 12.1.检测报告 / 12.1.2.MPP电缆保护管检验报告,335,339,reference_layout_only,assets/template_words/包1_完整招标文件_92475576192439826/SL2655招标文件-预审.docx,,evidence_layout_heuristic,0.68,needs_manual_review,正式证据包候选,,,,,"[""MPP"", ""电缆保护管""]",,needs_review,manual_review_before_skeleton_reuse,review_only,false,,,,,,,,,b45276ed016378a2d4fb79c1058749bb1757ea0d19fe20b05c921acf7fce8961,
technical-media-0326,technical,media,technical-chapter-062,4,12.1.2.,12.1.2.MPP电缆保护管检验报告,,assets/template_words/技术补充文件.docx,（二）专项投标文件 / 12.检测检验报告（包括型式试验报告、检测报告、鉴定报告、检定报告、校准证书或报告、检测试验报告等相关报告） / 12.1.检测报告 / 12.1.2.MPP电缆保护管检验报告,336,336,reference_layout_only,assets/template_words/包1_完整招标文件_92475576192439826/SL2655招标文件-预审.docx,,evidence_layout_heuristic,0.68,needs_manual_review,正式证据包候选,,,,,"[""MPP"", ""电缆保护管""]",,needs_review,inventory_only_needs_original_evidence_or_manual_promotion,review_only,false,,,,rId332,word/media/image321.jpeg,22b60c228091d61411ba2aec5e4000b7322d54d9b29278a05adb298643ff78fa,1268,1794,22b60c228091d61411ba2aec5e4000b7322d54d9b29278a05adb298643ff78fa,Word内嵌媒体未导出；不得直接提升为正式图片资产
technical-media-0327,technical,media,technical-chapter-062,4,12.1.2.,12.1.2.MPP电缆保护管检验报告,,assets/template_words/技术补充文件.docx,（二）专项投标文件 / 12.检测检验报告（包括型式试验报告、检测报告、鉴定报告、检定报告、校准证书或报告、检测试验报告等相关报告） / 12.1.检测报告 / 12.1.2.MPP电缆保护管检验报告,336,336,reference_layout_only,assets/template_words/包1_完整招标文件_92475576192439826/SL2655招标文件-预审.docx,,evidence_layout_heuristic,0.68,needs_manual_review,正式证据包候选,,,,,"[""MPP"", ""电缆保护管""]",,needs_review,inventory_only_needs_original_evidence_or_manual_promotion,review_only,false,,,,rId333,word/media/image322.jpeg,3ebcecac43a227b3964d196bc43621aae40aabcf264afd66f8f44c92fb9cf2b7,1267,1793,3ebcecac43a227b3964d196bc43621aae40aabcf264afd66f8f44c92fb9cf2b7,Word内嵌媒体未导出；不得直接提升为正式图片资产
technical-media-0328,technical,media,technical-chapter-062,4,12.1.2.,12.1.2.MPP电缆保护管检验报告,,assets/template_words/技术补充文件.docx,（二）专项投标文件 / 12.检测检验报告（包括型式试验报告、检测报告、鉴定报告、检定报告、校准证书或报告、检测试验报告等相关报告） / 12.1.检测报告 / 12.1.2.MPP电缆保护管检验报告,336,336,reference_layout_only,assets/template_words/包1_完整招标文件_92475576192439826/SL2655招标文件-预审.docx,,evidence_layout_heuristic,0.68,needs_manual_review,正式证据包候选,,,,,"[""MPP"", ""电缆保护管""]",,needs_review,inventory_only_needs_original_evidence_or_manual_promotion,review_only,false,,,,rId334,word/media/image323.jpeg,dc2a3d0688080a44859620a98c125b1bc1567322e8969d246b08647c185de136,1654,2339,dc2a3d0688080a44859620a98c125b1bc1567322e8969d246b08647c185de136,Word内嵌媒体未导出；不得直接提升为正式图片资产
technical-media-0329,technical,media,technical-chapter-062,4,12.1.2.,12.1.2.MPP电缆保护管检验报告,,assets/template_words/技术补充文件.docx,（二）专项投标文件 / 12.检测检验报告（包括型式试验报告、检测报告、鉴定报告、检定报告、校准证书或报告、检测试验报告等相关报告） / 12.1.检测报告 / 12.1.2.MPP电缆保护管检验报告,336,336,reference_layout_only,assets/template_words/包1_完整招标文件_92475576192439826/SL2655招标文件-预审.docx,,evidence_layout_heuristic,0.68,needs_manual_review,正式证据包候选,,,,,"[""MPP"", ""电缆保护管""]",,needs_review,inventory_only_needs_original_evidence_or_manual_promotion,review_only,false,,,,rId335,word/media/image324.jpeg,c6f3e230a759cf655f2a23c376927764f8a3a6a94266ac224145f4fb91280332,1654,2339,c6f3e230a759cf655f2a23c376927764f8a3a6a94266ac224145f4fb91280332,Word内嵌媒体未导出；不得直接提升为正式图片资产
technical-media-0330,technical,media,technical-chapter-062,4,12.1.2.,12.1.2.MPP电缆保护管检验报告,,assets/template_words/技术补充文件.docx,（二）专项投标文件 / 12.检测检验报告（包括型式试验报告、检测报告、鉴定报告、检定报告、校准证书或报告、检测试验报告等相关报告） / 12.1.检测报告 / 12.1.2.MPP电缆保护管检验报告,336,336,reference_layout_only,assets/template_words/包1_完整招标文件_92475576192439826/SL2655招标文件-预审.docx,,evidence_layout_heuristic,0.68,needs_manual_review,正式证据包候选,,,,,"[""MPP"", ""电缆保护管""]",,needs_review,inventory_only_needs_original_evidence_or_manual_promotion,review_only,false,,,,rId336,word/media/image325.jpeg,5b22991a166af53d98da0c3b1308ef0d28deee24664221b0459a7aeb18cec9a8,1654,2339,5b22991a166af53d98da0c3b1308ef0d28deee24664221b0459a7aeb18cec9a8,Word内嵌媒体未导出；不得直接提升为正式图片资产
technical-chapter-063,technical,chapter,technical-chapter-063,4,12.1.3.,12.1.3.N-HAP电缆保护管,,assets/template_words/技术补充文件.docx,（二）专项投标文件 / 12.检测检验报告（包括型式试验报告、检测报告、鉴定报告、检定报告、校准证书或报告、检测试验报告等相关报告） / 12.1.检测报告 / 12.1.3.N-HAP电缆保护管,340,344,uncertain,assets/template_words/包1_完整招标文件_92475576192439826/SL2655招标文件-预审.docx,,none,0.35,needs_manual_review,泰昌历史编制内容候选,,,,,"[""N-HAP"", ""电缆保护管""]",,needs_review,manual_review_before_skeleton_reuse,review_only,false,,,,,,,,,5558ce28923cfc816c862fd5d71475a9d6513279452511bae455b2508b6fc3a4,
technical-media-0331,technical,media,technical-chapter-063,4,12.1.3.,12.1.3.N-HAP电缆保护管,,assets/template_words/技术补充文件.docx,（二）专项投标文件 / 12.检测检验报告（包括型式试验报告、检测报告、鉴定报告、检定报告、校准证书或报告、检测试验报告等相关报告） / 12.1.检测报告 / 12.1.3.N-HAP电缆保护管,341,341,uncertain,assets/template_words/包1_完整招标文件_92475576192439826/SL2655招标文件-预审.docx,,none,0.35,needs_manual_review,泰昌历史编制内容候选,,,,,"[""N-HAP"", ""电缆保护管""]",,needs_review,inventory_only_needs_original_evidence_or_manual_promotion,review_only,false,,,,rId337,word/media/image326.jpeg,f274b5349bf33e8bde341e3387cf31474cc2fb07c0975cae4b2c44ecf6c44032,1269,1795,f274b5349bf33e8bde341e3387cf31474cc2fb07c0975cae4b2c44ecf6c44032,Word内嵌媒体未导出；不得直接提升为正式图片资产
technical-media-0332,technical,media,technical-chapter-063,4,12.1.3.,12.1.3.N-HAP电缆保护管,,assets/template_words/技术补充文件.docx,（二）专项投标文件 / 12.检测检验报告（包括型式试验报告、检测报告、鉴定报告、检定报告、校准证书或报告、检测试验报告等相关报告） / 12.1.检测报告 / 12.1.3.N-HAP电缆保护管,341,341,uncertain,assets/template_words/包1_完整招标文件_92475576192439826/SL2655招标文件-预审.docx,,none,0.35,needs_manual_review,泰昌历史编制内容候选,,,,,"[""N-HAP"", ""电缆保护管""]",,needs_review,inventory_only_needs_original_evidence_or_manual_promotion,review_only,false,,,,rId338,word/media/image327.jpg,13ea9b3b07174e7afa7bc300ac72f5520a8e33e2ca4d387f0ce8a8241cba71cb,1100,1275,13ea9b3b07174e7afa7bc300ac72f5520a8e33e2ca4d387f0ce8a8241cba71cb,Word内嵌媒体未导出；不得直接提升为正式图片资产
technical-media-0333,technical,media,technical-chapter-063,4,12.1.3.,12.1.3.N-HAP电缆保护管,,assets/template_words/技术补充文件.docx,（二）专项投标文件 / 12.检测检验报告（包括型式试验报告、检测报告、鉴定报告、检定报告、校准证书或报告、检测试验报告等相关报告） / 12.1.检测报告 / 12.1.3.N-HAP电缆保护管,341,341,uncertain,assets/template_words/包1_完整招标文件_92475576192439826/SL2655招标文件-预审.docx,,none,0.35,needs_manual_review,泰昌历史编制内容候选,,,,,"[""N-HAP"", ""电缆保护管""]",,needs_review,inventory_only_needs_original_evidence_or_manual_promotion,review_only,false,,,,rId339,word/media/image328.jpg,dff56b24111c928c47b34833d3b7134d47e2f02c13a1a2327b51f3e73f9194e8,1654,2339,dff56b24111c928c47b34833d3b7134d47e2f02c13a1a2327b51f3e73f9194e8,Word内嵌媒体未导出；不得直接提升为正式图片资产
technical-media-0334,technical,media,technical-chapter-063,4,12.1.3.,12.1.3.N-HAP电缆保护管,,assets/template_words/技术补充文件.docx,（二）专项投标文件 / 12.检测检验报告（包括型式试验报告、检测报告、鉴定报告、检定报告、校准证书或报告、检测试验报告等相关报告） / 12.1.检测报告 / 12.1.3.N-HAP电缆保护管,341,341,uncertain,assets/template_words/包1_完整招标文件_92475576192439826/SL2655招标文件-预审.docx,,none,0.35,needs_manual_review,泰昌历史编制内容候选,,,,,"[""N-HAP"", ""电缆保护管""]",,needs_review,inventory_only_needs_original_evidence_or_manual_promotion,review_only,false,,,,rId340,word/media/image329.jpg,3ac4dfdfa160377bb6c58b9b26098f92e0e674ab73151bccad4eb4e413c2d221,1654,2339,3ac4dfdfa160377bb6c58b9b26098f92e0e674ab73151bccad4eb4e413c2d221,Word内嵌媒体未导出；不得直接提升为正式图片资产
technical-media-0335,technical,media,technical-chapter-063,4,12.1.3.,12.1.3.N-HAP电缆保护管,,assets/template_words/技术补充文件.docx,（二）专项投标文件 / 12.检测检验报告（包括型式试验报告、检测报告、鉴定报告、检定报告、校准证书或报告、检测试验报告等相关报告） / 12.1.检测报告 / 12.1.3.N-HAP电缆保护管,341,341,uncertain,assets/template_words/包1_完整招标文件_92475576192439826/SL2655招标文件-预审.docx,,none,0.35,needs_manual_review,泰昌历史编制内容候选,,,,,"[""N-HAP"", ""电缆保护管""]",,needs_review,inventory_only_needs_original_evidence_or_manual_promotion,review_only,false,,,,rId341,word/media/image330.jpg,f6d7e502fbc8d4f8860faa1806d1d7eba14d7db0d1614feafe03967b999512f0,1654,2339,f6d7e502fbc8d4f8860faa1806d1d7eba14d7db0d1614feafe03967b999512f0,Word内嵌媒体未导出；不得直接提升为正式图片资产
technical-chapter-064,technical,chapter,technical-chapter-064,4,12.1.4.,12.1.4.硬聚氯乙烯塑料(UPVC)电力电缆导管,,assets/template_words/技术补充文件.docx,（二）专项投标文件 / 12.检测检验报告（包括型式试验报告、检测报告、鉴定报告、检定报告、校准证书或报告、检测试验报告等相关报告） / 12.1.检测报告 / 12.1.4.硬聚氯乙烯塑料(UPVC)电力电缆导管,345,348,uncertain,assets/template_words/包1_完整招标文件_92475576192439826/SL2655招标文件-预审.docx,,none,0.35,needs_manual_review,泰昌历史编制内容候选,,,,,"[""UPVC""]",,needs_review,manual_review_before_skeleton_reuse,review_only,false,,,,,,,,,0a78d342fd2c3c5cd5a6495d2a40892914ec950786dcff12a02f92de04bb9449,
technical-media-0336,technical,media,technical-chapter-064,4,12.1.4.,12.1.4.硬聚氯乙烯塑料(UPVC)电力电缆导管,,assets/template_words/技术补充文件.docx,（二）专项投标文件 / 12.检测检验报告（包括型式试验报告、检测报告、鉴定报告、检定报告、校准证书或报告、检测试验报告等相关报告） / 12.1.检测报告 / 12.1.4.硬聚氯乙烯塑料(UPVC)电力电缆导管,346,346,uncertain,assets/template_words/包1_完整招标文件_92475576192439826/SL2655招标文件-预审.docx,,none,0.35,needs_manual_review,泰昌历史编制内容候选,,,,,"[""UPVC""]",,needs_review,inventory_only_needs_original_evidence_or_manual_promotion,review_only,false,,,,rId342,word/media/image331.jpeg,7f6864dc1295c48ec2776e89c95eb178302a402074bc72118186ac3fef2037a2,1268,1793,7f6864dc1295c48ec2776e89c95eb178302a402074bc72118186ac3fef2037a2,Word内嵌媒体未导出；不得直接提升为正式图片资产
technical-media-0337,technical,media,technical-chapter-064,4,12.1.4.,12.1.4.硬聚氯乙烯塑料(UPVC)电力电缆导管,,assets/template_words/技术补充文件.docx,（二）专项投标文件 / 12.检测检验报告（包括型式试验报告、检测报告、鉴定报告、检定报告、校准证书或报告、检测试验报告等相关报告） / 12.1.检测报告 / 12.1.4.硬聚氯乙烯塑料(UPVC)电力电缆导管,346,346,uncertain,assets/template_words/包1_完整招标文件_92475576192439826/SL2655招标文件-预审.docx,,none,0.35,needs_manual_review,泰昌历史编制内容候选,,,,,"[""UPVC""]",,needs_review,inventory_only_needs_original_evidence_or_manual_promotion,review_only,false,,,,rId343,word/media/image332.jpeg,fbbf63e1896ae490603821cfac9a8050032d7403a930251a7862690b94a0000f,1100,1275,fbbf63e1896ae490603821cfac9a8050032d7403a930251a7862690b94a0000f,Word内嵌媒体未导出；不得直接提升为正式图片资产
technical-media-0338,technical,media,technical-chapter-064,4,12.1.4.,12.1.4.硬聚氯乙烯塑料(UPVC)电力电缆导管,,assets/template_words/技术补充文件.docx,（二）专项投标文件 / 12.检测检验报告（包括型式试验报告、检测报告、鉴定报告、检定报告、校准证书或报告、检测试验报告等相关报告） / 12.1.检测报告 / 12.1.4.硬聚氯乙烯塑料(UPVC)电力电缆导管,346,346,uncertain,assets/template_words/包1_完整招标文件_92475576192439826/SL2655招标文件-预审.docx,,none,0.35,needs_manual_review,泰昌历史编制内容候选,,,,,"[""UPVC""]",,needs_review,inventory_only_needs_original_evidence_or_manual_promotion,review_only,false,,,,rId344,word/media/image333.jpeg,2470d45287c2372c00843633fa9039da1e49104849dd441fd84ea93a48dba43c,1654,2339,2470d45287c2372c00843633fa9039da1e49104849dd441fd84ea93a48dba43c,Word内嵌媒体未导出；不得直接提升为正式图片资产
technical-media-0339,technical,media,technical-chapter-064,4,12.1.4.,12.1.4.硬聚氯乙烯塑料(UPVC)电力电缆导管,,assets/template_words/技术补充文件.docx,（二）专项投标文件 / 12.检测检验报告（包括型式试验报告、检测报告、鉴定报告、检定报告、校准证书或报告、检测试验报告等相关报告） / 12.1.检测报告 / 12.1.4.硬聚氯乙烯塑料(UPVC)电力电缆导管,346,346,uncertain,assets/template_words/包1_完整招标文件_92475576192439826/SL2655招标文件-预审.docx,,none,0.35,needs_manual_review,泰昌历史编制内容候选,,,,,"[""UPVC""]",,needs_review,inventory_only_needs_original_evidence_or_manual_promotion,review_only,false,,,,rId345,word/media/image334.jpeg,4e1e4fda940d2c100ee757403b5c7a4932cf5b132cf6ed19941d3f20dd862c8f,1654,2339,4e1e4fda940d2c100ee757403b5c7a4932cf5b132cf6ed19941d3f20dd862c8f,Word内嵌媒体未导出；不得直接提升为正式图片资产
technical-chapter-065,technical,chapter,technical-chapter-065,3,12.2.,12.2.更新校准证书,12.2.更新校准证书,assets/template_words/技术补充文件.docx,（二）专项投标文件 / 12.检测检验报告（包括型式试验报告、检测报告、鉴定报告、检定报告、校准证书或报告、检测试验报告等相关报告） / 12.2.更新校准证书,349,349,reference_layout_only,assets/template_words/包1_完整招标文件_92475576192439826/SL2655招标文件-预审.docx,,evidence_layout_heuristic,0.68,needs_manual_review,正式证据包候选,,,,,"[""物资类通用""]",,needs_review,manual_review_before_skeleton_reuse,review_only,false,,,,,,,,,d38406b2c2730889eb90a6f682e1aea1fcdf8b465eaed707957a92a4d2efc0fc,
technical-table-010,technical,table,technical-chapter-065,3,12.2.,12.2.更新校准证书,12.2.更新校准证书,assets/template_words/技术补充文件.docx,（二）专项投标文件 / 12.检测检验报告（包括型式试验报告、检测报告、鉴定报告、检定报告、校准证书或报告、检测试验报告等相关报告） / 12.2.更新校准证书,350,350,reference_layout_only,assets/template_words/包1_完整招标文件_92475576192439826/SL2655招标文件-预审.docx,,evidence_layout_heuristic,0.68,needs_manual_review,正式证据包候选,,,,,"[""物资类通用""]",,needs_review,preserve_structure_review_before_reuse,review_only,false,10,7,6,,,,,,10614bbbeb1c3fe946578b3633d67f8e94d28a7b69bb098ecd6e14e74a76f15b,首行：序号 | 设备名称 | 设备型号 | 数量 | 最近检定时间 | 制造商原产地
technical-fact-0036,technical,fact_candidate,technical-chapter-065,3,12.2.,电子拉力试验机,,assets/template_words/技术补充文件.docx,（二）专项投标文件 / 12.检测检验报告（包括型式试验报告、检测报告、鉴定报告、检定报告、校准证书或报告、检测试验报告等相关报告） / 12.2.更新校准证书,350,350,reference_layout_only,assets/template_words/包1_完整招标文件_92475576192439826/SL2655招标文件-预审.docx,,evidence_layout_heuristic,0.68,needs_manual_review,产品事实与结构化参数,testing_equipment_candidate,historical_bid_evidence_index,not_a_parameter_value,[],"[""物资类通用""]",电子拉力试验机,needs_current_asset_match,deduplicate_by_equipment_model_and_management_no,review_only,false,,,,,,,,,fd9a8ba66bfcf9c2bcede49b4d1b20a56c515ca400808c74380e657e7682e5f9,需与现有设备资产按设备型号、管理编号和有效证据归并
technical-fact-0037,technical,fact_candidate,technical-chapter-065,3,12.2.,微机控制电子万能试验机,,assets/template_words/技术补充文件.docx,（二）专项投标文件 / 12.检测检验报告（包括型式试验报告、检测报告、鉴定报告、检定报告、校准证书或报告、检测试验报告等相关报告） / 12.2.更新校准证书,350,350,reference_layout_only,assets/template_words/包1_完整招标文件_92475576192439826/SL2655招标文件-预审.docx,,evidence_layout_heuristic,0.68,needs_manual_review,产品事实与结构化参数,testing_equipment_candidate,historical_bid_evidence_index,not_a_parameter_value,[],"[""物资类通用""]",微机控制电子万能试验机,needs_current_asset_match,deduplicate_by_equipment_model_and_management_no,review_only,false,,,,,,,,,eb333477d9408624874248e3140b4f953d73f39ca8fedfef653af6e1e40ff817,需与现有设备资产按设备型号、管理编号和有效证据归并
technical-fact-0038,technical,fact_candidate,technical-chapter-065,3,12.2.,熔体流动速率仪,,assets/template_words/技术补充文件.docx,（二）专项投标文件 / 12.检测检验报告（包括型式试验报告、检测报告、鉴定报告、检定报告、校准证书或报告、检测试验报告等相关报告） / 12.2.更新校准证书,350,350,reference_layout_only,assets/template_words/包1_完整招标文件_92475576192439826/SL2655招标文件-预审.docx,,evidence_layout_heuristic,0.68,needs_manual_review,泰昌历史编制内容候选,testing_equipment_candidate,historical_bid_evidence_index,not_a_parameter_value,[],"[""物资类通用""]",熔体流动速率仪,needs_current_asset_match,deduplicate_by_equipment_model_and_management_no,review_only,false,,,,,,,,,ac26e084ccac8cc4317d365873ae9274422c34119d9f7835a26f014719f8bccf,需与现有设备资产按设备型号、管理编号和有效证据归并
technical-fact-0039,technical,fact_candidate,technical-chapter-065,3,12.2.,锤击试验装置,,assets/template_words/技术补充文件.docx,（二）专项投标文件 / 12.检测检验报告（包括型式试验报告、检测报告、鉴定报告、检定报告、校准证书或报告、检测试验报告等相关报告） / 12.2.更新校准证书,350,350,reference_layout_only,assets/template_words/包1_完整招标文件_92475576192439826/SL2655招标文件-预审.docx,,evidence_layout_heuristic,0.68,needs_manual_review,产品事实与结构化参数,testing_equipment_candidate,historical_bid_evidence_index,not_a_parameter_value,[],"[""物资类通用""]",锤击试验装置,needs_current_asset_match,deduplicate_by_equipment_model_and_management_no,review_only,false,,,,,,,,,d1fbc41ef07be12f70886b605f4d841762f21746571f2f24b71ada6f9170ea9e,需与现有设备资产按设备型号、管理编号和有效证据归并
technical-fact-0040,technical,fact_candidate,technical-chapter-065,3,12.2.,电子天平,,assets/template_words/技术补充文件.docx,（二）专项投标文件 / 12.检测检验报告（包括型式试验报告、检测报告、鉴定报告、检定报告、校准证书或报告、检测试验报告等相关报告） / 12.2.更新校准证书,350,350,reference_layout_only,assets/template_words/包1_完整招标文件_92475576192439826/SL2655招标文件-预审.docx,,evidence_layout_heuristic,0.68,needs_manual_review,泰昌历史编制内容候选,testing_equipment_candidate,historical_bid_evidence_index,not_a_parameter_value,[],"[""物资类通用""]",电子天平,needs_current_asset_match,deduplicate_by_equipment_model_and_management_no,review_only,false,,,,,,,,,b184468f76dd2b4590929e6bedfca739b150a2781c6021600719131bfc084213,需与现有设备资产按设备型号、管理编号和有效证据归并
technical-chapter-066,technical,chapter,technical-chapter-066,4,12.2.1.,12.2.1.电子拉力试验机,,assets/template_words/技术补充文件.docx,（二）专项投标文件 / 12.检测检验报告（包括型式试验报告、检测报告、鉴定报告、检定报告、校准证书或报告、检测试验报告等相关报告） / 12.2.更新校准证书 / 12.2.1.电子拉力试验机,350,352,uncertain,assets/template_words/包1_完整招标文件_92475576192439826/SL2655招标文件-预审.docx,,none,0.35,needs_manual_review,产品事实与结构化参数,,,,,"[""物资类通用""]",,needs_review,manual_review_before_skeleton_reuse,review_only,false,,,,,,,,,21637dc9c603a22e3504b13709eb7573c64dfb183006c765dcbf4cffd56041b0,
technical-fact-0041,technical,fact_candidate,technical-chapter-066,4,12.2.1.,电子拉力试验机,,assets/template_words/技术补充文件.docx,（二）专项投标文件 / 12.检测检验报告（包括型式试验报告、检测报告、鉴定报告、检定报告、校准证书或报告、检测试验报告等相关报告） / 12.2.更新校准证书 / 12.2.1.电子拉力试验机,350,350,uncertain,assets/template_words/包1_完整招标文件_92475576192439826/SL2655招标文件-预审.docx,,none,0.35,needs_manual_review,产品事实与结构化参数,testing_equipment_candidate,historical_bid_evidence_index,not_a_parameter_value,[],"[""物资类通用""]",电子拉力试验机,needs_current_asset_match,deduplicate_by_equipment_model_and_management_no,review_only,false,,,,,,,,,fd9a8ba66bfcf9c2bcede49b4d1b20a56c515ca400808c74380e657e7682e5f9,需与现有设备资产按设备型号、管理编号和有效证据归并
technical-media-0340,technical,media,technical-chapter-066,4,12.2.1.,12.2.1.电子拉力试验机,,assets/template_words/技术补充文件.docx,（二）专项投标文件 / 12.检测检验报告（包括型式试验报告、检测报告、鉴定报告、检定报告、校准证书或报告、检测试验报告等相关报告） / 12.2.更新校准证书 / 12.2.1.电子拉力试验机,351,351,uncertain,assets/template_words/包1_完整招标文件_92475576192439826/SL2655招标文件-预审.docx,,none,0.35,needs_manual_review,产品事实与结构化参数,,,,,"[""物资类通用""]",,needs_review,inventory_only_needs_original_evidence_or_manual_promotion,review_only,false,,,,rId346,word/media/image335.jpg,b6cb199c702c8a6068c991cc1b13ef31c919584363f7be00bdcb65164a390e36,1658,2366,b6cb199c702c8a6068c991cc1b13ef31c919584363f7be00bdcb65164a390e36,Word内嵌媒体未导出；不得直接提升为正式图片资产
technical-media-0341,technical,media,technical-chapter-066,4,12.2.1.,12.2.1.电子拉力试验机,,assets/template_words/技术补充文件.docx,（二）专项投标文件 / 12.检测检验报告（包括型式试验报告、检测报告、鉴定报告、检定报告、校准证书或报告、检测试验报告等相关报告） / 12.2.更新校准证书 / 12.2.1.电子拉力试验机,351,351,uncertain,assets/template_words/包1_完整招标文件_92475576192439826/SL2655招标文件-预审.docx,,none,0.35,needs_manual_review,产品事实与结构化参数,,,,,"[""物资类通用""]",,needs_review,inventory_only_needs_original_evidence_or_manual_promotion,review_only,false,,,,rId347,word/media/image336.jpg,14407c0ad971be5491be7980aa9a07d071ce47d6d03dada58d8c06ddf7ac30c4,1658,2366,14407c0ad971be5491be7980aa9a07d071ce47d6d03dada58d8c06ddf7ac30c4,Word内嵌媒体未导出；不得直接提升为正式图片资产
technical-media-0342,technical,media,technical-chapter-066,4,12.2.1.,12.2.1.电子拉力试验机,,assets/template_words/技术补充文件.docx,（二）专项投标文件 / 12.检测检验报告（包括型式试验报告、检测报告、鉴定报告、检定报告、校准证书或报告、检测试验报告等相关报告） / 12.2.更新校准证书 / 12.2.1.电子拉力试验机,351,351,uncertain,assets/template_words/包1_完整招标文件_92475576192439826/SL2655招标文件-预审.docx,,none,0.35,needs_manual_review,产品事实与结构化参数,,,,,"[""物资类通用""]",,needs_review,inventory_only_needs_original_evidence_or_manual_promotion,review_only,false,,,,rId348,word/media/image337.jpg,e8a82476a801544aa8d684a047150f3c965db50a7006e2654185b59a21b82e78,1661,2366,e8a82476a801544aa8d684a047150f3c965db50a7006e2654185b59a21b82e78,Word内嵌媒体未导出；不得直接提升为正式图片资产
technical-chapter-067,technical,chapter,technical-chapter-067,4,12.2.2.,12.2.2.微机控制电子万能试验机,,assets/template_words/技术补充文件.docx,（二）专项投标文件 / 12.检测检验报告（包括型式试验报告、检测报告、鉴定报告、检定报告、校准证书或报告、检测试验报告等相关报告） / 12.2.更新校准证书 / 12.2.2.微机控制电子万能试验机,353,355,uncertain,assets/template_words/包1_完整招标文件_92475576192439826/SL2655招标文件-预审.docx,,none,0.35,needs_manual_review,产品事实与结构化参数,,,,,"[""物资类通用""]",,needs_review,manual_review_before_skeleton_reuse,review_only,false,,,,,,,,,9e386891fe7c40be2c9ee0cbcd1e43995f29258a4e2d859045fcef2394369bea,
technical-fact-0042,technical,fact_candidate,technical-chapter-067,4,12.2.2.,微机控制电子万能试验机,,assets/template_words/技术补充文件.docx,（二）专项投标文件 / 12.检测检验报告（包括型式试验报告、检测报告、鉴定报告、检定报告、校准证书或报告、检测试验报告等相关报告） / 12.2.更新校准证书 / 12.2.2.微机控制电子万能试验机,353,353,uncertain,assets/template_words/包1_完整招标文件_92475576192439826/SL2655招标文件-预审.docx,,none,0.35,needs_manual_review,产品事实与结构化参数,testing_equipment_candidate,historical_bid_evidence_index,not_a_parameter_value,[],"[""物资类通用""]",微机控制电子万能试验机,needs_current_asset_match,deduplicate_by_equipment_model_and_management_no,review_only,false,,,,,,,,,eb333477d9408624874248e3140b4f953d73f39ca8fedfef653af6e1e40ff817,需与现有设备资产按设备型号、管理编号和有效证据归并
technical-media-0343,technical,media,technical-chapter-067,4,12.2.2.,12.2.2.微机控制电子万能试验机,,assets/template_words/技术补充文件.docx,（二）专项投标文件 / 12.检测检验报告（包括型式试验报告、检测报告、鉴定报告、检定报告、校准证书或报告、检测试验报告等相关报告） / 12.2.更新校准证书 / 12.2.2.微机控制电子万能试验机,354,354,uncertain,assets/template_words/包1_完整招标文件_92475576192439826/SL2655招标文件-预审.docx,,none,0.35,needs_manual_review,产品事实与结构化参数,,,,,"[""物资类通用""]",,needs_review,inventory_only_needs_original_evidence_or_manual_promotion,review_only,false,,,,rId349,word/media/image338.jpg,3d699586b7f7bfc33523329d77670e82c14928822388e78c2561b0e42d7291cf,1658,2373,3d699586b7f7bfc33523329d77670e82c14928822388e78c2561b0e42d7291cf,Word内嵌媒体未导出；不得直接提升为正式图片资产
technical-media-0344,technical,media,technical-chapter-067,4,12.2.2.,12.2.2.微机控制电子万能试验机,,assets/template_words/技术补充文件.docx,（二）专项投标文件 / 12.检测检验报告（包括型式试验报告、检测报告、鉴定报告、检定报告、校准证书或报告、检测试验报告等相关报告） / 12.2.更新校准证书 / 12.2.2.微机控制电子万能试验机,354,354,uncertain,assets/template_words/包1_完整招标文件_92475576192439826/SL2655招标文件-预审.docx,,none,0.35,needs_manual_review,产品事实与结构化参数,,,,,"[""物资类通用""]",,needs_review,inventory_only_needs_original_evidence_or_manual_promotion,review_only,false,,,,rId350,word/media/image339.jpg,f76e96dbeb059fc8eb75b7a4109bac39a93eebdffe84e1cc18159aebb1a11c30,1658,2370,f76e96dbeb059fc8eb75b7a4109bac39a93eebdffe84e1cc18159aebb1a11c30,Word内嵌媒体未导出；不得直接提升为正式图片资产
technical-media-0345,technical,media,technical-chapter-067,4,12.2.2.,12.2.2.微机控制电子万能试验机,,assets/template_words/技术补充文件.docx,（二）专项投标文件 / 12.检测检验报告（包括型式试验报告、检测报告、鉴定报告、检定报告、校准证书或报告、检测试验报告等相关报告） / 12.2.更新校准证书 / 12.2.2.微机控制电子万能试验机,354,354,uncertain,assets/template_words/包1_完整招标文件_92475576192439826/SL2655招标文件-预审.docx,,none,0.35,needs_manual_review,产品事实与结构化参数,,,,,"[""物资类通用""]",,needs_review,inventory_only_needs_original_evidence_or_manual_promotion,review_only,false,,,,rId351,word/media/image340.jpg,3ea49e085ca3d231fe8c4cd11a6124a325178ae1010b8e1a2fa766be875735ba,1659,2370,3ea49e085ca3d231fe8c4cd11a6124a325178ae1010b8e1a2fa766be875735ba,Word内嵌媒体未导出；不得直接提升为正式图片资产
technical-chapter-068,technical,chapter,technical-chapter-068,4,12.2.3.,12.2.3.熔体流动速率仪,,assets/template_words/技术补充文件.docx,（二）专项投标文件 / 12.检测检验报告（包括型式试验报告、检测报告、鉴定报告、检定报告、校准证书或报告、检测试验报告等相关报告） / 12.2.更新校准证书 / 12.2.3.熔体流动速率仪,356,358,uncertain,assets/template_words/包1_完整招标文件_92475576192439826/SL2655招标文件-预审.docx,,none,0.35,needs_manual_review,泰昌历史编制内容候选,,,,,"[""物资类通用""]",,needs_review,manual_review_before_skeleton_reuse,review_only,false,,,,,,,,,effaf5f561d06071ab1c33b276b41dbd519e539f5e4b9fc5834bad5e2db634b4,
technical-fact-0043,technical,fact_candidate,technical-chapter-068,4,12.2.3.,熔体流动速率仪,,assets/template_words/技术补充文件.docx,（二）专项投标文件 / 12.检测检验报告（包括型式试验报告、检测报告、鉴定报告、检定报告、校准证书或报告、检测试验报告等相关报告） / 12.2.更新校准证书 / 12.2.3.熔体流动速率仪,356,356,uncertain,assets/template_words/包1_完整招标文件_92475576192439826/SL2655招标文件-预审.docx,,none,0.35,needs_manual_review,泰昌历史编制内容候选,testing_equipment_candidate,historical_bid_evidence_index,not_a_parameter_value,[],"[""物资类通用""]",熔体流动速率仪,needs_current_asset_match,deduplicate_by_equipment_model_and_management_no,review_only,false,,,,,,,,,ac26e084ccac8cc4317d365873ae9274422c34119d9f7835a26f014719f8bccf,需与现有设备资产按设备型号、管理编号和有效证据归并
technical-media-0346,technical,media,technical-chapter-068,4,12.2.3.,12.2.3.熔体流动速率仪,,assets/template_words/技术补充文件.docx,（二）专项投标文件 / 12.检测检验报告（包括型式试验报告、检测报告、鉴定报告、检定报告、校准证书或报告、检测试验报告等相关报告） / 12.2.更新校准证书 / 12.2.3.熔体流动速率仪,357,357,uncertain,assets/template_words/包1_完整招标文件_92475576192439826/SL2655招标文件-预审.docx,,none,0.35,needs_manual_review,泰昌历史编制内容候选,,,,,"[""物资类通用""]",,needs_review,inventory_only_needs_original_evidence_or_manual_promotion,review_only,false,,,,rId352,word/media/image341.jpg,830aad80148e63329ec71ef1b7851922d7595d327459d1ee266cf07b566fd462,1658,2365,830aad80148e63329ec71ef1b7851922d7595d327459d1ee266cf07b566fd462,Word内嵌媒体未导出；不得直接提升为正式图片资产
technical-media-0347,technical,media,technical-chapter-068,4,12.2.3.,12.2.3.熔体流动速率仪,,assets/template_words/技术补充文件.docx,（二）专项投标文件 / 12.检测检验报告（包括型式试验报告、检测报告、鉴定报告、检定报告、校准证书或报告、检测试验报告等相关报告） / 12.2.更新校准证书 / 12.2.3.熔体流动速率仪,357,357,uncertain,assets/template_words/包1_完整招标文件_92475576192439826/SL2655招标文件-预审.docx,,none,0.35,needs_manual_review,泰昌历史编制内容候选,,,,,"[""物资类通用""]",,needs_review,inventory_only_needs_original_evidence_or_manual_promotion,review_only,false,,,,rId353,word/media/image342.jpg,9a25d3c40542e865d5111fb2dc9e040b4419f75603456a8a2a1625e18ef3bcc1,1658,2365,9a25d3c40542e865d5111fb2dc9e040b4419f75603456a8a2a1625e18ef3bcc1,Word内嵌媒体未导出；不得直接提升为正式图片资产
technical-media-0348,technical,media,technical-chapter-068,4,12.2.3.,12.2.3.熔体流动速率仪,,assets/template_words/技术补充文件.docx,（二）专项投标文件 / 12.检测检验报告（包括型式试验报告、检测报告、鉴定报告、检定报告、校准证书或报告、检测试验报告等相关报告） / 12.2.更新校准证书 / 12.2.3.熔体流动速率仪,357,357,uncertain,assets/template_words/包1_完整招标文件_92475576192439826/SL2655招标文件-预审.docx,,none,0.35,needs_manual_review,泰昌历史编制内容候选,,,,,"[""物资类通用""]",,needs_review,inventory_only_needs_original_evidence_or_manual_promotion,review_only,false,,,,rId354,word/media/image343.jpg,354b76be815cf218dc31fd02acaa41b146bb2bf7c217cbfddee2127e278dcbfe,1657,2365,354b76be815cf218dc31fd02acaa41b146bb2bf7c217cbfddee2127e278dcbfe,Word内嵌媒体未导出；不得直接提升为正式图片资产
technical-chapter-069,technical,chapter,technical-chapter-069,4,12.2.4.,12.2.4.热变型、维卡软化点温度测定仪,,assets/template_words/技术补充文件.docx,（二）专项投标文件 / 12.检测检验报告（包括型式试验报告、检测报告、鉴定报告、检定报告、校准证书或报告、检测试验报告等相关报告） / 12.2.更新校准证书 / 12.2.4.热变型、维卡软化点温度测定仪,359,361,uncertain,assets/template_words/包1_完整招标文件_92475576192439826/SL2655招标文件-预审.docx,,none,0.35,needs_manual_review,泰昌历史编制内容候选,,,,,"[""物资类通用""]",,needs_review,manual_review_before_skeleton_reuse,review_only,false,,,,,,,,,9a525ef64c4e6a420c1e3aee7910dbb2cb6b3ad05d1032d55010f806eeaeeed7,
technical-fact-0044,technical,fact_candidate,technical-chapter-069,4,12.2.4.,热变型、维卡软化点温度测定仪,,assets/template_words/技术补充文件.docx,（二）专项投标文件 / 12.检测检验报告（包括型式试验报告、检测报告、鉴定报告、检定报告、校准证书或报告、检测试验报告等相关报告） / 12.2.更新校准证书 / 12.2.4.热变型、维卡软化点温度测定仪,359,359,uncertain,assets/template_words/包1_完整招标文件_92475576192439826/SL2655招标文件-预审.docx,,none,0.35,needs_manual_review,泰昌历史编制内容候选,testing_equipment_candidate,historical_bid_evidence_index,not_a_parameter_value,[],"[""物资类通用""]",热变型、维卡软化点温度测定仪,needs_current_asset_match,deduplicate_by_equipment_model_and_management_no,review_only,false,,,,,,,,,c5794f82b89b1000e100bb081894aaab59489669c3db1a0ba0f9f0d22a31a871,需与现有设备资产按设备型号、管理编号和有效证据归并
technical-media-0349,technical,media,technical-chapter-069,4,12.2.4.,12.2.4.热变型、维卡软化点温度测定仪,,assets/template_words/技术补充文件.docx,（二）专项投标文件 / 12.检测检验报告（包括型式试验报告、检测报告、鉴定报告、检定报告、校准证书或报告、检测试验报告等相关报告） / 12.2.更新校准证书 / 12.2.4.热变型、维卡软化点温度测定仪,360,360,uncertain,assets/template_words/包1_完整招标文件_92475576192439826/SL2655招标文件-预审.docx,,none,0.35,needs_manual_review,泰昌历史编制内容候选,,,,,"[""物资类通用""]",,needs_review,inventory_only_needs_original_evidence_or_manual_promotion,review_only,false,,,,rId355,word/media/image344.jpg,f09034e618d14555db29b5d0ba9c0ba01d0e5e48ac25f29e148d3b3ef9a0c1ff,1658,2366,f09034e618d14555db29b5d0ba9c0ba01d0e5e48ac25f29e148d3b3ef9a0c1ff,Word内嵌媒体未导出；不得直接提升为正式图片资产
technical-media-0350,technical,media,technical-chapter-069,4,12.2.4.,12.2.4.热变型、维卡软化点温度测定仪,,assets/template_words/技术补充文件.docx,（二）专项投标文件 / 12.检测检验报告（包括型式试验报告、检测报告、鉴定报告、检定报告、校准证书或报告、检测试验报告等相关报告） / 12.2.更新校准证书 / 12.2.4.热变型、维卡软化点温度测定仪,360,360,uncertain,assets/template_words/包1_完整招标文件_92475576192439826/SL2655招标文件-预审.docx,,none,0.35,needs_manual_review,泰昌历史编制内容候选,,,,,"[""物资类通用""]",,needs_review,inventory_only_needs_original_evidence_or_manual_promotion,review_only,false,,,,rId356,word/media/image345.jpg,368e096e88655393e8ebbfe3a4519cdb7b3d6581f1959f5bdcf8872cca34c2cd,1662,2366,368e096e88655393e8ebbfe3a4519cdb7b3d6581f1959f5bdcf8872cca34c2cd,Word内嵌媒体未导出；不得直接提升为正式图片资产
technical-media-0351,technical,media,technical-chapter-069,4,12.2.4.,12.2.4.热变型、维卡软化点温度测定仪,,assets/template_words/技术补充文件.docx,（二）专项投标文件 / 12.检测检验报告（包括型式试验报告、检测报告、鉴定报告、检定报告、校准证书或报告、检测试验报告等相关报告） / 12.2.更新校准证书 / 12.2.4.热变型、维卡软化点温度测定仪,360,360,uncertain,assets/template_words/包1_完整招标文件_92475576192439826/SL2655招标文件-预审.docx,,none,0.35,needs_manual_review,泰昌历史编制内容候选,,,,,"[""物资类通用""]",,needs_review,inventory_only_needs_original_evidence_or_manual_promotion,review_only,false,,,,rId357,word/media/image346.jpg,185b6382b8c0feb99097e761fe918c73e763c90718ecdcd36688a8a4e2fd4adf,1658,2349,185b6382b8c0feb99097e761fe918c73e763c90718ecdcd36688a8a4e2fd4adf,Word内嵌媒体未导出；不得直接提升为正式图片资产
technical-chapter-070,technical,chapter,technical-chapter-070,4,12.2.5.,12.2.5.锤击试验装置,,assets/template_words/技术补充文件.docx,（二）专项投标文件 / 12.检测检验报告（包括型式试验报告、检测报告、鉴定报告、检定报告、校准证书或报告、检测试验报告等相关报告） / 12.2.更新校准证书 / 12.2.5.锤击试验装置,362,364,uncertain,assets/template_words/包1_完整招标文件_92475576192439826/SL2655招标文件-预审.docx,,none,0.35,needs_manual_review,产品事实与结构化参数,,,,,"[""物资类通用""]",,needs_review,manual_review_before_skeleton_reuse,review_only,false,,,,,,,,,ede0e852d70c3d26136da933faa49abe93835ab914b81de4acfaa2ce5e201d33,
technical-fact-0045,technical,fact_candidate,technical-chapter-070,4,12.2.5.,锤击试验装置,,assets/template_words/技术补充文件.docx,（二）专项投标文件 / 12.检测检验报告（包括型式试验报告、检测报告、鉴定报告、检定报告、校准证书或报告、检测试验报告等相关报告） / 12.2.更新校准证书 / 12.2.5.锤击试验装置,362,362,uncertain,assets/template_words/包1_完整招标文件_92475576192439826/SL2655招标文件-预审.docx,,none,0.35,needs_manual_review,产品事实与结构化参数,testing_equipment_candidate,historical_bid_evidence_index,not_a_parameter_value,[],"[""物资类通用""]",锤击试验装置,needs_current_asset_match,deduplicate_by_equipment_model_and_management_no,review_only,false,,,,,,,,,d1fbc41ef07be12f70886b605f4d841762f21746571f2f24b71ada6f9170ea9e,需与现有设备资产按设备型号、管理编号和有效证据归并
technical-media-0352,technical,media,technical-chapter-070,4,12.2.5.,12.2.5.锤击试验装置,,assets/template_words/技术补充文件.docx,（二）专项投标文件 / 12.检测检验报告（包括型式试验报告、检测报告、鉴定报告、检定报告、校准证书或报告、检测试验报告等相关报告） / 12.2.更新校准证书 / 12.2.5.锤击试验装置,363,363,uncertain,assets/template_words/包1_完整招标文件_92475576192439826/SL2655招标文件-预审.docx,,none,0.35,needs_manual_review,产品事实与结构化参数,,,,,"[""物资类通用""]",,needs_review,inventory_only_needs_original_evidence_or_manual_promotion,review_only,false,,,,rId358,word/media/image347.jpg,3cd400c8b6a262b00d5c3512f79d6726c795dc609df1ab015b5835ad7037f663,1662,2366,3cd400c8b6a262b00d5c3512f79d6726c795dc609df1ab015b5835ad7037f663,Word内嵌媒体未导出；不得直接提升为正式图片资产
technical-media-0353,technical,media,technical-chapter-070,4,12.2.5.,12.2.5.锤击试验装置,,assets/template_words/技术补充文件.docx,（二）专项投标文件 / 12.检测检验报告（包括型式试验报告、检测报告、鉴定报告、检定报告、校准证书或报告、检测试验报告等相关报告） / 12.2.更新校准证书 / 12.2.5.锤击试验装置,363,363,uncertain,assets/template_words/包1_完整招标文件_92475576192439826/SL2655招标文件-预审.docx,,none,0.35,needs_manual_review,产品事实与结构化参数,,,,,"[""物资类通用""]",,needs_review,inventory_only_needs_original_evidence_or_manual_promotion,review_only,false,,,,rId359,word/media/image348.jpg,f378aafaf30f066d48948a8d65fdb1a9f9aff3b2cfef3ae0cc10725b507190d4,1661,2365,f378aafaf30f066d48948a8d65fdb1a9f9aff3b2cfef3ae0cc10725b507190d4,Word内嵌媒体未导出；不得直接提升为正式图片资产
technical-media-0354,technical,media,technical-chapter-070,4,12.2.5.,12.2.5.锤击试验装置,,assets/template_words/技术补充文件.docx,（二）专项投标文件 / 12.检测检验报告（包括型式试验报告、检测报告、鉴定报告、检定报告、校准证书或报告、检测试验报告等相关报告） / 12.2.更新校准证书 / 12.2.5.锤击试验装置,363,363,uncertain,assets/template_words/包1_完整招标文件_92475576192439826/SL2655招标文件-预审.docx,,none,0.35,needs_manual_review,产品事实与结构化参数,,,,,"[""物资类通用""]",,needs_review,inventory_only_needs_original_evidence_or_manual_promotion,review_only,false,,,,rId360,word/media/image349.jpg,7711a24cfaeeb603ab8e97cb02c0088cd9f7d866bb031b3b603495d8be864c53,1658,2366,7711a24cfaeeb603ab8e97cb02c0088cd9f7d866bb031b3b603495d8be864c53,Word内嵌媒体未导出；不得直接提升为正式图片资产
technical-chapter-071,technical,chapter,technical-chapter-071,4,12.2.6.,12.2.6.电子天平,,assets/template_words/技术补充文件.docx,（二）专项投标文件 / 12.检测检验报告（包括型式试验报告、检测报告、鉴定报告、检定报告、校准证书或报告、检测试验报告等相关报告） / 12.2.更新校准证书 / 12.2.6.电子天平,365,367,uncertain,assets/template_words/包1_完整招标文件_92475576192439826/SL2655招标文件-预审.docx,,none,0.35,needs_manual_review,泰昌历史编制内容候选,,,,,"[""物资类通用""]",,needs_review,manual_review_before_skeleton_reuse,review_only,false,,,,,,,,,869e4285e39f2b364bc53398fc8bfa2401e801fbc5921e996cbf083c7226823b,
technical-fact-0046,technical,fact_candidate,technical-chapter-071,4,12.2.6.,电子天平,,assets/template_words/技术补充文件.docx,（二）专项投标文件 / 12.检测检验报告（包括型式试验报告、检测报告、鉴定报告、检定报告、校准证书或报告、检测试验报告等相关报告） / 12.2.更新校准证书 / 12.2.6.电子天平,365,365,uncertain,assets/template_words/包1_完整招标文件_92475576192439826/SL2655招标文件-预审.docx,,none,0.35,needs_manual_review,泰昌历史编制内容候选,testing_equipment_candidate,historical_bid_evidence_index,not_a_parameter_value,[],"[""物资类通用""]",电子天平,needs_current_asset_match,deduplicate_by_equipment_model_and_management_no,review_only,false,,,,,,,,,b184468f76dd2b4590929e6bedfca739b150a2781c6021600719131bfc084213,需与现有设备资产按设备型号、管理编号和有效证据归并
technical-media-0355,technical,media,technical-chapter-071,4,12.2.6.,12.2.6.电子天平,,assets/template_words/技术补充文件.docx,（二）专项投标文件 / 12.检测检验报告（包括型式试验报告、检测报告、鉴定报告、检定报告、校准证书或报告、检测试验报告等相关报告） / 12.2.更新校准证书 / 12.2.6.电子天平,366,366,uncertain,assets/template_words/包1_完整招标文件_92475576192439826/SL2655招标文件-预审.docx,,none,0.35,needs_manual_review,泰昌历史编制内容候选,,,,,"[""物资类通用""]",,needs_review,inventory_only_needs_original_evidence_or_manual_promotion,review_only,false,,,,rId361,word/media/image350.jpg,2f8807e62f03134a3f44e6bce6ebf01e9833f048de00237b6e4ef589357d6e22,1664,2365,2f8807e62f03134a3f44e6bce6ebf01e9833f048de00237b6e4ef589357d6e22,Word内嵌媒体未导出；不得直接提升为正式图片资产
technical-media-0356,technical,media,technical-chapter-071,4,12.2.6.,12.2.6.电子天平,,assets/template_words/技术补充文件.docx,（二）专项投标文件 / 12.检测检验报告（包括型式试验报告、检测报告、鉴定报告、检定报告、校准证书或报告、检测试验报告等相关报告） / 12.2.更新校准证书 / 12.2.6.电子天平,366,366,uncertain,assets/template_words/包1_完整招标文件_92475576192439826/SL2655招标文件-预审.docx,,none,0.35,needs_manual_review,泰昌历史编制内容候选,,,,,"[""物资类通用""]",,needs_review,inventory_only_needs_original_evidence_or_manual_promotion,review_only,false,,,,rId362,word/media/image351.jpg,e230197cfa19a38225e6315632b0691c00125568622518f8b2971fc438405ba9,1663,2366,e230197cfa19a38225e6315632b0691c00125568622518f8b2971fc438405ba9,Word内嵌媒体未导出；不得直接提升为正式图片资产
technical-media-0357,technical,media,technical-chapter-071,4,12.2.6.,12.2.6.电子天平,,assets/template_words/技术补充文件.docx,（二）专项投标文件 / 12.检测检验报告（包括型式试验报告、检测报告、鉴定报告、检定报告、校准证书或报告、检测试验报告等相关报告） / 12.2.更新校准证书 / 12.2.6.电子天平,366,366,uncertain,assets/template_words/包1_完整招标文件_92475576192439826/SL2655招标文件-预审.docx,,none,0.35,needs_manual_review,泰昌历史编制内容候选,,,,,"[""物资类通用""]",,needs_review,inventory_only_needs_original_evidence_or_manual_promotion,review_only,false,,,,rId363,word/media/image352.jpg,fb76bada541d32907b1b9a2c7cc09f8569e1211d9744a7bc05e9d3b28e7487ff,1661,2366,fb76bada541d32907b1b9a2c7cc09f8569e1211d9744a7bc05e9d3b28e7487ff,Word内嵌媒体未导出；不得直接提升为正式图片资产
technical-chapter-072,technical,chapter,technical-chapter-072,2,13.,13.其他,,assets/template_words/技术补充文件.docx,（二）专项投标文件 / 13.其他,368,368,tender_mandated,assets/template_words/包1_完整招标文件_92475576192439826/SL2655招标文件-预审.docx,其他,normalized_exact,0.98,source_matched,泰昌历史编制内容候选,,,,,"[""物资类通用""]",,needs_review,historical_reference_skeleton_candidate,review_only,false,,,,,,,,,d03ff0a5c5b59b2c4252a859e1049c7cf171bb31401bb7ab01a93c0c0c212946,
technical-chapter-073,technical,chapter,technical-chapter-073,3,13.1.,13.1.投标人自述的企业名称变更原因说明、市场监督管理部门出具的‘名称变更证明’相关证明材料、有权机构出具的‘资格资质变更证明’等相关证明材料。（如有）,13.1.投标人自述的企业名称变更原因说明、市场监督管理部门出具的‘名称变更证明’相关证明材料、有权机构出具的‘资格资质变更证明’等相关证明材料。（如有）,assets/template_words/技术补充文件.docx,（二）专项投标文件 / 13.其他 / 13.1.投标人自述的企业名称变更原因说明、市场监督管理部门出具的‘名称变更证明’相关证明材料、有权机构出具的‘资格资质变更证明’等相关证明材料。（如有）,368,368,tender_conditional,assets/template_words/包1_完整招标文件_92475576192439826/SL2655招标文件-预审.docx,投标人自述的企业名称变更原因说明、市场监督管理部门出具的‘名称变更证明’相关证明材料、有权机构出具的‘资格资质变更证明’等相关证明材料。（如有）,normalized_exact,0.98,source_matched,正式证据包候选,,,,,"[""物资类通用""]",,needs_review,historical_reference_skeleton_candidate,review_only,false,,,,,,,,,d243ec20136e6d4d565f2d55495b21d70d9f2130c40f974f5937534b30e4e352,
