access_scope,allowed_for_bid,applicable_sections,applicable_volumes,approved_candidate,bid_volume,candidate_id,caption_policy,category_label,classification_confidence,content_sha256,decision,dedup_status,dedup_status_label,description,doc_owner,enterprise,evidence_bundle_id,evidence_type,evidence_type_label,fact_source_allowed_for_enterprise,formal_bid_ready,formal_caption,ingestion_action,ingestion_block_reason,ingestion_eligible,ingestion_readiness,manual_review_required,material_category,media_sha256,origin_source_domain,origin_type,product_families,quality_tier,quality_tier_after_review,quality_tier_label,ready_for_ingestion,record_type,requires_fact_cross_check_for_precise_values,review_status,review_status_after_review,review_status_label,reviewed_at,reviewed_target_library_label,reviewed_title,reviewer,sensitivity,sensitivity_label,source_authorization_basis,source_authorized,source_display_name,source_document_name,source_domain,source_file,source_page,source_section,tags,target_library,target_library_label,tenant_visibility,title,usage_restriction,validity_status,visible_field_violations
taichang_tenant_internal,False,"[""专项投标文件/5.针对评审要素，需要补充的其他文件/5.1.产品制造质量控制/5.1.2.生产工艺/质量管控体系/5.1.2.1.电缆保护管MPP工艺流程""]","[""技术标""]",False,technical,technical-media-0005,suppressed_document_page_caption,企业证明材料,0.45,99db87ea295d372313af2af157652c8408e15dcb2a0409f4d2bfbce008e3ae04,系统自动接收为知识资料,new,未发现重复，仍需审核,来源于泰昌技术补充文件，历史位置为“专项投标文件/5.针对评审要素，需要补充的其他文件/5.1.产品制造质量控制/5.1.2.生产工艺/质量管控体系/5.1.2.1.电缆保护管MPP工艺流程”。当前仅用于泰昌资料人工复核，未获准进入正式标书。,河北泰昌电力器材科技有限公司,河北泰昌电力器材科技有限公司,,enterprise_evidence,企业证明材料,True,False,,extract_word_media_as_knowledge_only,尚未通过P0-06人工批准,False,ready_for_extraction_and_validation,True,电缆保护管,99db87ea295d372313af2af157652c8408e15dcb2a0409f4d2bfbce008e3ae04,mixed_historical_bid,tender_scoring_derived,"[""MPP电缆保护管""]",review_only,knowledge_only,仅限人工复核,True,media,True,needs_customer_confirmation,policy_auto_accepted,需要客户确认,2026-07-13,产品库资料,泰昌电缆保护管MPP工艺流程知识资料第001项,系统分级策略,internal,企业内部资料,客户主动提供历史技术标/商务标用于系统整理与复用,True,泰昌技术补充文件,泰昌技术补充文件,enterprise_fact,assets/template_words/技术补充文件.docx,19,（二）专项投标文件/5.针对评审要素，需要补充的其他文件/5.1.产品制造质量控制/5.1.2.生产工艺/质量管控体系/5.1.2.1.电缆保护管MPP工艺流程,"[""泰昌"", ""企业证明材料"", ""历史标书候选"", ""技术标"", ""MPP电缆保护管""]",product_library,产品库资料,taichang_only,泰昌企业证明材料历史候选第19页,仅作泰昌内部知识资料；不得作为精确参数、有效证书或正式投标附件直接引用,needs_review,[]
taichang_tenant_internal,False,"[""专项投标文件/5.针对评审要素，需要补充的其他文件/5.1.产品制造质量控制/5.1.2.生产工艺/质量管控体系/5.1.2.2.电缆保护管CPVC工艺流程""]","[""技术标""]",False,technical,technical-media-0006,suppressed_document_page_caption,企业证明材料,0.45,009c93d2fbf3f8ef5351b3a2d19ec13a429c99a0b08a7c6abd3725a86b1716b2,系统自动接收为知识资料,new,未发现重复，仍需审核,来源于泰昌技术补充文件，历史位置为“专项投标文件/5.针对评审要素，需要补充的其他文件/5.1.产品制造质量控制/5.1.2.生产工艺/质量管控体系/5.1.2.2.电缆保护管CPVC工艺流程”。当前仅用于泰昌资料人工复核，未获准进入正式标书。,河北泰昌电力器材科技有限公司,河北泰昌电力器材科技有限公司,,enterprise_evidence,企业证明材料,True,False,,extract_word_media_as_knowledge_only,尚未通过P0-06人工批准,False,ready_for_extraction_and_validation,True,电缆保护管,009c93d2fbf3f8ef5351b3a2d19ec13a429c99a0b08a7c6abd3725a86b1716b2,mixed_historical_bid,tender_scoring_derived,"[""CPVC电缆保护管""]",review_only,knowledge_only,仅限人工复核,True,media,True,needs_customer_confirmation,policy_auto_accepted,需要客户确认,2026-07-13,产品库资料,泰昌电缆保护管CPVC工艺流程知识资料第001项,系统分级策略,internal,企业内部资料,客户主动提供历史技术标/商务标用于系统整理与复用,True,泰昌技术补充文件,泰昌技术补充文件,enterprise_fact,assets/template_words/技术补充文件.docx,22,（二）专项投标文件/5.针对评审要素，需要补充的其他文件/5.1.产品制造质量控制/5.1.2.生产工艺/质量管控体系/5.1.2.2.电缆保护管CPVC工艺流程,"[""泰昌"", ""企业证明材料"", ""历史标书候选"", ""技术标"", ""CPVC电缆保护管""]",product_library,产品库资料,taichang_only,泰昌企业证明材料历史候选第22页,仅作泰昌内部知识资料；不得作为精确参数、有效证书或正式投标附件直接引用,needs_review,[]
taichang_tenant_internal,False,"[""专项投标文件/5.针对评审要素，需要补充的其他文件/5.1.产品制造质量控制/5.1.2.生产工艺/质量管控体系/5.1.2.5.各工序控制点工艺文件""]","[""技术标""]",False,technical,technical-media-0007,formal_material_caption,生产制造能力,0.85,659e82a90ddfc09181a2411f7481e1352f7676985524c37626de319c4038c71f,系统自动接收为知识资料,new,未发现重复，仍需审核,来源于泰昌技术补充文件，历史位置为“专项投标文件/5.针对评审要素，需要补充的其他文件/5.1.产品制造质量控制/5.1.2.生产工艺/质量管控体系/5.1.2.5.各工序控制点工艺文件”。当前仅用于泰昌资料人工复核，未获准进入正式标书。,河北泰昌电力器材科技有限公司,河北泰昌电力器材科技有限公司,,production_capacity,生产制造能力,True,False,资料：泰昌生产制造能力,extract_word_media_as_knowledge_only,尚未通过P0-06人工批准,False,ready_for_extraction_and_validation,True,电缆保护管,659e82a90ddfc09181a2411f7481e1352f7676985524c37626de319c4038c71f,mixed_historical_bid,tender_scoring_derived,"[""电缆保护管通用""]",review_only,knowledge_only,仅限人工复核,True,media,True,needs_customer_confirmation,policy_auto_accepted,需要客户确认,2026-07-13,产品库资料,泰昌各工序控制点工艺文件知识资料第001项,系统分级策略,internal,企业内部资料,客户主动提供历史技术标/商务标用于系统整理与复用,True,泰昌技术补充文件,泰昌技术补充文件,enterprise_fact,assets/template_words/技术补充文件.docx,26,（二）专项投标文件/5.针对评审要素，需要补充的其他文件/5.1.产品制造质量控制/5.1.2.生产工艺/质量管控体系/5.1.2.5.各工序控制点工艺文件,"[""泰昌"", ""生产制造能力"", ""历史标书候选"", ""技术标"", ""电缆保护管通用""]",product_library,产品库资料,taichang_only,泰昌生产制造能力历史候选第26页,仅作泰昌内部知识资料；不得作为精确参数、有效证书或正式投标附件直接引用,needs_review,[]
taichang_tenant_internal,False,"[""专项投标文件/5.针对评审要素，需要补充的其他文件/5.1.产品制造质量控制/5.1.2.生产工艺/质量管控体系/5.1.2.5.各工序控制点工艺文件""]","[""技术标""]",False,technical,technical-media-0008,formal_material_caption,生产制造能力,0.85,3f3577ad327c2d683e69ba7ed371fedab3f9fdef2b92868ff56d2883a57951f8,系统自动接收为知识资料,new,未发现重复，仍需审核,来源于泰昌技术补充文件，历史位置为“专项投标文件/5.针对评审要素，需要补充的其他文件/5.1.产品制造质量控制/5.1.2.生产工艺/质量管控体系/5.1.2.5.各工序控制点工艺文件”。当前仅用于泰昌资料人工复核，未获准进入正式标书。,河北泰昌电力器材科技有限公司,河北泰昌电力器材科技有限公司,,production_capacity,生产制造能力,True,False,资料：泰昌生产制造能力,extract_word_media_as_knowledge_only,尚未通过P0-06人工批准,False,ready_for_extraction_and_validation,True,电缆保护管,3f3577ad327c2d683e69ba7ed371fedab3f9fdef2b92868ff56d2883a57951f8,mixed_historical_bid,tender_scoring_derived,"[""电缆保护管通用""]",review_only,knowledge_only,仅限人工复核,True,media,True,needs_customer_confirmation,policy_auto_accepted,需要客户确认,2026-07-13,产品库资料,泰昌各工序控制点工艺文件知识资料第002项,系统分级策略,internal,企业内部资料,客户主动提供历史技术标/商务标用于系统整理与复用,True,泰昌技术补充文件,泰昌技术补充文件,enterprise_fact,assets/template_words/技术补充文件.docx,26,（二）专项投标文件/5.针对评审要素，需要补充的其他文件/5.1.产品制造质量控制/5.1.2.生产工艺/质量管控体系/5.1.2.5.各工序控制点工艺文件,"[""泰昌"", ""生产制造能力"", ""历史标书候选"", ""技术标"", ""电缆保护管通用""]",product_library,产品库资料,taichang_only,泰昌生产制造能力历史候选第26页,仅作泰昌内部知识资料；不得作为精确参数、有效证书或正式投标附件直接引用,needs_review,[]
taichang_tenant_internal,False,"[""专项投标文件/5.针对评审要素，需要补充的其他文件/5.1.产品制造质量控制/5.1.2.生产工艺/质量管控体系/5.1.2.5.各工序控制点工艺文件""]","[""技术标""]",False,technical,technical-media-0009,formal_material_caption,生产制造能力,0.85,255bb29290085204e51f7ebde27a64deb12d03a70239f5e64d934d85f4bc1d61,系统自动接收为知识资料,new,未发现重复，仍需审核,来源于泰昌技术补充文件，历史位置为“专项投标文件/5.针对评审要素，需要补充的其他文件/5.1.产品制造质量控制/5.1.2.生产工艺/质量管控体系/5.1.2.5.各工序控制点工艺文件”。当前仅用于泰昌资料人工复核，未获准进入正式标书。,河北泰昌电力器材科技有限公司,河北泰昌电力器材科技有限公司,,production_capacity,生产制造能力,True,False,资料：泰昌生产制造能力,extract_word_media_as_knowledge_only,尚未通过P0-06人工批准,False,ready_for_extraction_and_validation,True,电缆保护管,255bb29290085204e51f7ebde27a64deb12d03a70239f5e64d934d85f4bc1d61,mixed_historical_bid,tender_scoring_derived,"[""电缆保护管通用""]",review_only,knowledge_only,仅限人工复核,True,media,True,needs_customer_confirmation,policy_auto_accepted,需要客户确认,2026-07-13,产品库资料,泰昌各工序控制点工艺文件知识资料第003项,系统分级策略,internal,企业内部资料,客户主动提供历史技术标/商务标用于系统整理与复用,True,泰昌技术补充文件,泰昌技术补充文件,enterprise_fact,assets/template_words/技术补充文件.docx,26,（二）专项投标文件/5.针对评审要素，需要补充的其他文件/5.1.产品制造质量控制/5.1.2.生产工艺/质量管控体系/5.1.2.5.各工序控制点工艺文件,"[""泰昌"", ""生产制造能力"", ""历史标书候选"", ""技术标"", ""电缆保护管通用""]",product_library,产品库资料,taichang_only,泰昌生产制造能力历史候选第26页,仅作泰昌内部知识资料；不得作为精确参数、有效证书或正式投标附件直接引用,needs_review,[]
taichang_tenant_internal,False,"[""专项投标文件/5.针对评审要素，需要补充的其他文件/5.1.产品制造质量控制/5.1.2.生产工艺/质量管控体系/5.1.2.5.各工序控制点工艺文件""]","[""技术标""]",False,technical,technical-media-0010,formal_material_caption,生产制造能力,0.85,2da7e1fc594e3f785a3ca918877e437c3bae136cb3e9815fb3862b946c98b1ed,系统自动接收为知识资料,new,未发现重复，仍需审核,来源于泰昌技术补充文件，历史位置为“专项投标文件/5.针对评审要素，需要补充的其他文件/5.1.产品制造质量控制/5.1.2.生产工艺/质量管控体系/5.1.2.5.各工序控制点工艺文件”。当前仅用于泰昌资料人工复核，未获准进入正式标书。,河北泰昌电力器材科技有限公司,河北泰昌电力器材科技有限公司,,production_capacity,生产制造能力,True,False,资料：泰昌生产制造能力,extract_word_media_as_knowledge_only,尚未通过P0-06人工批准,False,ready_for_extraction_and_validation,True,电缆保护管,2da7e1fc594e3f785a3ca918877e437c3bae136cb3e9815fb3862b946c98b1ed,mixed_historical_bid,tender_scoring_derived,"[""电缆保护管通用""]",review_only,knowledge_only,仅限人工复核,True,media,True,needs_customer_confirmation,policy_auto_accepted,需要客户确认,2026-07-13,产品库资料,泰昌各工序控制点工艺文件知识资料第004项,系统分级策略,internal,企业内部资料,客户主动提供历史技术标/商务标用于系统整理与复用,True,泰昌技术补充文件,泰昌技术补充文件,enterprise_fact,assets/template_words/技术补充文件.docx,26,（二）专项投标文件/5.针对评审要素，需要补充的其他文件/5.1.产品制造质量控制/5.1.2.生产工艺/质量管控体系/5.1.2.5.各工序控制点工艺文件,"[""泰昌"", ""生产制造能力"", ""历史标书候选"", ""技术标"", ""电缆保护管通用""]",product_library,产品库资料,taichang_only,泰昌生产制造能力历史候选第26页,仅作泰昌内部知识资料；不得作为精确参数、有效证书或正式投标附件直接引用,needs_review,[]
taichang_tenant_internal,False,"[""专项投标文件/5.针对评审要素，需要补充的其他文件/5.1.产品制造质量控制/5.1.2.生产工艺/质量管控体系/5.1.2.5.各工序控制点工艺文件""]","[""技术标""]",False,technical,technical-media-0011,formal_material_caption,生产制造能力,0.85,d0309ee31a5894123432884b38b5e7a0446009883bd3ab936a3d91384433456c,系统自动接收为知识资料,new,未发现重复，仍需审核,来源于泰昌技术补充文件，历史位置为“专项投标文件/5.针对评审要素，需要补充的其他文件/5.1.产品制造质量控制/5.1.2.生产工艺/质量管控体系/5.1.2.5.各工序控制点工艺文件”。当前仅用于泰昌资料人工复核，未获准进入正式标书。,河北泰昌电力器材科技有限公司,河北泰昌电力器材科技有限公司,,production_capacity,生产制造能力,True,False,资料：泰昌生产制造能力,extract_word_media_as_knowledge_only,尚未通过P0-06人工批准,False,ready_for_extraction_and_validation,True,电缆保护管,d0309ee31a5894123432884b38b5e7a0446009883bd3ab936a3d91384433456c,mixed_historical_bid,tender_scoring_derived,"[""电缆保护管通用""]",review_only,knowledge_only,仅限人工复核,True,media,True,needs_customer_confirmation,policy_auto_accepted,需要客户确认,2026-07-13,产品库资料,泰昌各工序控制点工艺文件知识资料第005项,系统分级策略,internal,企业内部资料,客户主动提供历史技术标/商务标用于系统整理与复用,True,泰昌技术补充文件,泰昌技术补充文件,enterprise_fact,assets/template_words/技术补充文件.docx,26,（二）专项投标文件/5.针对评审要素，需要补充的其他文件/5.1.产品制造质量控制/5.1.2.生产工艺/质量管控体系/5.1.2.5.各工序控制点工艺文件,"[""泰昌"", ""生产制造能力"", ""历史标书候选"", ""技术标"", ""电缆保护管通用""]",product_library,产品库资料,taichang_only,泰昌生产制造能力历史候选第26页,仅作泰昌内部知识资料；不得作为精确参数、有效证书或正式投标附件直接引用,needs_review,[]
taichang_tenant_internal,False,"[""专项投标文件/5.针对评审要素，需要补充的其他文件/5.1.产品制造质量控制/5.1.2.生产工艺/质量管控体系/5.1.2.5.各工序控制点工艺文件""]","[""技术标""]",False,technical,technical-media-0012,formal_material_caption,生产制造能力,0.85,2836a61a1f6ac9be97e8e8d19981f32f0878fc0e784524bb7a419aa78856b5ca,系统自动接收为知识资料,new,未发现重复，仍需审核,来源于泰昌技术补充文件，历史位置为“专项投标文件/5.针对评审要素，需要补充的其他文件/5.1.产品制造质量控制/5.1.2.生产工艺/质量管控体系/5.1.2.5.各工序控制点工艺文件”。当前仅用于泰昌资料人工复核，未获准进入正式标书。,河北泰昌电力器材科技有限公司,河北泰昌电力器材科技有限公司,,production_capacity,生产制造能力,True,False,资料：泰昌生产制造能力,extract_word_media_as_knowledge_only,尚未通过P0-06人工批准,False,ready_for_extraction_and_validation,True,电缆保护管,2836a61a1f6ac9be97e8e8d19981f32f0878fc0e784524bb7a419aa78856b5ca,mixed_historical_bid,tender_scoring_derived,"[""电缆保护管通用""]",review_only,knowledge_only,仅限人工复核,True,media,True,needs_customer_confirmation,policy_auto_accepted,需要客户确认,2026-07-13,产品库资料,泰昌各工序控制点工艺文件知识资料第006项,系统分级策略,internal,企业内部资料,客户主动提供历史技术标/商务标用于系统整理与复用,True,泰昌技术补充文件,泰昌技术补充文件,enterprise_fact,assets/template_words/技术补充文件.docx,26,（二）专项投标文件/5.针对评审要素，需要补充的其他文件/5.1.产品制造质量控制/5.1.2.生产工艺/质量管控体系/5.1.2.5.各工序控制点工艺文件,"[""泰昌"", ""生产制造能力"", ""历史标书候选"", ""技术标"", ""电缆保护管通用""]",product_library,产品库资料,taichang_only,泰昌生产制造能力历史候选第26页,仅作泰昌内部知识资料；不得作为精确参数、有效证书或正式投标附件直接引用,needs_review,[]
taichang_tenant_internal,False,"[""专项投标文件/5.针对评审要素，需要补充的其他文件/5.1.产品制造质量控制/5.1.2.生产工艺/质量管控体系/5.1.2.5.各工序控制点工艺文件""]","[""技术标""]",False,technical,technical-media-0013,formal_material_caption,生产制造能力,0.85,24cd2d27cfea760921ddaa87e11e81f48c3166b402886953abac8d858f2e9158,系统自动接收为知识资料,new,未发现重复，仍需审核,来源于泰昌技术补充文件，历史位置为“专项投标文件/5.针对评审要素，需要补充的其他文件/5.1.产品制造质量控制/5.1.2.生产工艺/质量管控体系/5.1.2.5.各工序控制点工艺文件”。当前仅用于泰昌资料人工复核，未获准进入正式标书。,河北泰昌电力器材科技有限公司,河北泰昌电力器材科技有限公司,,production_capacity,生产制造能力,True,False,资料：泰昌生产制造能力,extract_word_media_as_knowledge_only,尚未通过P0-06人工批准,False,ready_for_extraction_and_validation,True,电缆保护管,24cd2d27cfea760921ddaa87e11e81f48c3166b402886953abac8d858f2e9158,mixed_historical_bid,tender_scoring_derived,"[""电缆保护管通用""]",review_only,knowledge_only,仅限人工复核,True,media,True,needs_customer_confirmation,policy_auto_accepted,需要客户确认,2026-07-13,产品库资料,泰昌各工序控制点工艺文件知识资料第007项,系统分级策略,internal,企业内部资料,客户主动提供历史技术标/商务标用于系统整理与复用,True,泰昌技术补充文件,泰昌技术补充文件,enterprise_fact,assets/template_words/技术补充文件.docx,26,（二）专项投标文件/5.针对评审要素，需要补充的其他文件/5.1.产品制造质量控制/5.1.2.生产工艺/质量管控体系/5.1.2.5.各工序控制点工艺文件,"[""泰昌"", ""生产制造能力"", ""历史标书候选"", ""技术标"", ""电缆保护管通用""]",product_library,产品库资料,taichang_only,泰昌生产制造能力历史候选第26页,仅作泰昌内部知识资料；不得作为精确参数、有效证书或正式投标附件直接引用,needs_review,[]
taichang_tenant_internal,False,"[""专项投标文件/5.针对评审要素，需要补充的其他文件/5.1.产品制造质量控制/5.1.2.生产工艺/质量管控体系/5.1.2.5.各工序控制点工艺文件""]","[""技术标""]",False,technical,technical-media-0014,formal_material_caption,生产制造能力,0.85,73187779e13a4342e3364af6b88b44121898f44ed6c0d3cd14f40b282a5158e3,系统自动接收为知识资料,new,未发现重复，仍需审核,来源于泰昌技术补充文件，历史位置为“专项投标文件/5.针对评审要素，需要补充的其他文件/5.1.产品制造质量控制/5.1.2.生产工艺/质量管控体系/5.1.2.5.各工序控制点工艺文件”。当前仅用于泰昌资料人工复核，未获准进入正式标书。,河北泰昌电力器材科技有限公司,河北泰昌电力器材科技有限公司,,production_capacity,生产制造能力,True,False,资料：泰昌生产制造能力,extract_word_media_as_knowledge_only,尚未通过P0-06人工批准,False,ready_for_extraction_and_validation,True,电缆保护管,73187779e13a4342e3364af6b88b44121898f44ed6c0d3cd14f40b282a5158e3,mixed_historical_bid,tender_scoring_derived,"[""电缆保护管通用""]",review_only,knowledge_only,仅限人工复核,True,media,True,needs_customer_confirmation,policy_auto_accepted,需要客户确认,2026-07-13,产品库资料,泰昌各工序控制点工艺文件知识资料第008项,系统分级策略,internal,企业内部资料,客户主动提供历史技术标/商务标用于系统整理与复用,True,泰昌技术补充文件,泰昌技术补充文件,enterprise_fact,assets/template_words/技术补充文件.docx,26,（二）专项投标文件/5.针对评审要素，需要补充的其他文件/5.1.产品制造质量控制/5.1.2.生产工艺/质量管控体系/5.1.2.5.各工序控制点工艺文件,"[""泰昌"", ""生产制造能力"", ""历史标书候选"", ""技术标"", ""电缆保护管通用""]",product_library,产品库资料,taichang_only,泰昌生产制造能力历史候选第26页,仅作泰昌内部知识资料；不得作为精确参数、有效证书或正式投标附件直接引用,needs_review,[]
taichang_tenant_internal,False,"[""专项投标文件/5.针对评审要素，需要补充的其他文件/5.1.产品制造质量控制/5.1.2.生产工艺/质量管控体系/5.1.2.5.各工序控制点工艺文件""]","[""技术标""]",False,technical,technical-media-0015,formal_material_caption,生产制造能力,0.85,dcb52085fc769b2f33177065efe62641ebfa13e844019ea4f24fcc1a7e082c8f,系统自动接收为知识资料,new,未发现重复，仍需审核,来源于泰昌技术补充文件，历史位置为“专项投标文件/5.针对评审要素，需要补充的其他文件/5.1.产品制造质量控制/5.1.2.生产工艺/质量管控体系/5.1.2.5.各工序控制点工艺文件”。当前仅用于泰昌资料人工复核，未获准进入正式标书。,河北泰昌电力器材科技有限公司,河北泰昌电力器材科技有限公司,,production_capacity,生产制造能力,True,False,资料：泰昌生产制造能力,extract_word_media_as_knowledge_only,尚未通过P0-06人工批准,False,ready_for_extraction_and_validation,True,电缆保护管,dcb52085fc769b2f33177065efe62641ebfa13e844019ea4f24fcc1a7e082c8f,mixed_historical_bid,tender_scoring_derived,"[""电缆保护管通用""]",review_only,knowledge_only,仅限人工复核,True,media,True,needs_customer_confirmation,policy_auto_accepted,需要客户确认,2026-07-13,产品库资料,泰昌各工序控制点工艺文件知识资料第009项,系统分级策略,internal,企业内部资料,客户主动提供历史技术标/商务标用于系统整理与复用,True,泰昌技术补充文件,泰昌技术补充文件,enterprise_fact,assets/template_words/技术补充文件.docx,26,（二）专项投标文件/5.针对评审要素，需要补充的其他文件/5.1.产品制造质量控制/5.1.2.生产工艺/质量管控体系/5.1.2.5.各工序控制点工艺文件,"[""泰昌"", ""生产制造能力"", ""历史标书候选"", ""技术标"", ""电缆保护管通用""]",product_library,产品库资料,taichang_only,泰昌生产制造能力历史候选第26页,仅作泰昌内部知识资料；不得作为精确参数、有效证书或正式投标附件直接引用,needs_review,[]
taichang_tenant_internal,False,"[""专项投标文件/5.针对评审要素，需要补充的其他文件/5.1.产品制造质量控制/5.1.2.生产工艺/质量管控体系/5.1.2.5.各工序控制点工艺文件""]","[""技术标""]",False,technical,technical-media-0016,formal_material_caption,生产制造能力,0.85,4bccc3ea0de2e60452c6d01beaca58bccd692f27e091b48973d6d0923322528a,系统自动接收为知识资料,new,未发现重复，仍需审核,来源于泰昌技术补充文件，历史位置为“专项投标文件/5.针对评审要素，需要补充的其他文件/5.1.产品制造质量控制/5.1.2.生产工艺/质量管控体系/5.1.2.5.各工序控制点工艺文件”。当前仅用于泰昌资料人工复核，未获准进入正式标书。,河北泰昌电力器材科技有限公司,河北泰昌电力器材科技有限公司,,production_capacity,生产制造能力,True,False,资料：泰昌生产制造能力,extract_word_media_as_knowledge_only,尚未通过P0-06人工批准,False,ready_for_extraction_and_validation,True,电缆保护管,4bccc3ea0de2e60452c6d01beaca58bccd692f27e091b48973d6d0923322528a,mixed_historical_bid,tender_scoring_derived,"[""电缆保护管通用""]",review_only,knowledge_only,仅限人工复核,True,media,True,needs_customer_confirmation,policy_auto_accepted,需要客户确认,2026-07-13,产品库资料,泰昌各工序控制点工艺文件知识资料第010项,系统分级策略,internal,企业内部资料,客户主动提供历史技术标/商务标用于系统整理与复用,True,泰昌技术补充文件,泰昌技术补充文件,enterprise_fact,assets/template_words/技术补充文件.docx,26,（二）专项投标文件/5.针对评审要素，需要补充的其他文件/5.1.产品制造质量控制/5.1.2.生产工艺/质量管控体系/5.1.2.5.各工序控制点工艺文件,"[""泰昌"", ""生产制造能力"", ""历史标书候选"", ""技术标"", ""电缆保护管通用""]",product_library,产品库资料,taichang_only,泰昌生产制造能力历史候选第26页,仅作泰昌内部知识资料；不得作为精确参数、有效证书或正式投标附件直接引用,needs_review,[]
taichang_tenant_internal,False,"[""专项投标文件/5.针对评审要素，需要补充的其他文件/5.1.产品制造质量控制/5.1.2.生产工艺/质量管控体系/5.1.2.5.各工序控制点工艺文件""]","[""技术标""]",False,technical,technical-media-0017,formal_material_caption,生产制造能力,0.85,271a1543c59e6947480acf38aaf44c082a897645f5da7ad0d4662f26628d6395,系统自动接收为知识资料,new,未发现重复，仍需审核,来源于泰昌技术补充文件，历史位置为“专项投标文件/5.针对评审要素，需要补充的其他文件/5.1.产品制造质量控制/5.1.2.生产工艺/质量管控体系/5.1.2.5.各工序控制点工艺文件”。当前仅用于泰昌资料人工复核，未获准进入正式标书。,河北泰昌电力器材科技有限公司,河北泰昌电力器材科技有限公司,,production_capacity,生产制造能力,True,False,资料：泰昌生产制造能力,extract_word_media_as_knowledge_only,尚未通过P0-06人工批准,False,ready_for_extraction_and_validation,True,电缆保护管,271a1543c59e6947480acf38aaf44c082a897645f5da7ad0d4662f26628d6395,mixed_historical_bid,tender_scoring_derived,"[""电缆保护管通用""]",review_only,knowledge_only,仅限人工复核,True,media,True,needs_customer_confirmation,policy_auto_accepted,需要客户确认,2026-07-13,产品库资料,泰昌各工序控制点工艺文件知识资料第011项,系统分级策略,internal,企业内部资料,客户主动提供历史技术标/商务标用于系统整理与复用,True,泰昌技术补充文件,泰昌技术补充文件,enterprise_fact,assets/template_words/技术补充文件.docx,26,（二）专项投标文件/5.针对评审要素，需要补充的其他文件/5.1.产品制造质量控制/5.1.2.生产工艺/质量管控体系/5.1.2.5.各工序控制点工艺文件,"[""泰昌"", ""生产制造能力"", ""历史标书候选"", ""技术标"", ""电缆保护管通用""]",product_library,产品库资料,taichang_only,泰昌生产制造能力历史候选第26页,仅作泰昌内部知识资料；不得作为精确参数、有效证书或正式投标附件直接引用,needs_review,[]
taichang_tenant_internal,False,"[""专项投标文件/5.针对评审要素，需要补充的其他文件/5.1.产品制造质量控制/5.1.2.生产工艺/质量管控体系/5.1.2.5.各工序控制点工艺文件""]","[""技术标""]",False,technical,technical-media-0018,formal_material_caption,生产制造能力,0.85,79a55f8823e590b51fcb7a6443ecc42b70175d82b25ad922c6c41421cf351ec3,系统自动接收为知识资料,new,未发现重复，仍需审核,来源于泰昌技术补充文件，历史位置为“专项投标文件/5.针对评审要素，需要补充的其他文件/5.1.产品制造质量控制/5.1.2.生产工艺/质量管控体系/5.1.2.5.各工序控制点工艺文件”。当前仅用于泰昌资料人工复核，未获准进入正式标书。,河北泰昌电力器材科技有限公司,河北泰昌电力器材科技有限公司,,production_capacity,生产制造能力,True,False,资料：泰昌生产制造能力,extract_word_media_as_knowledge_only,尚未通过P0-06人工批准,False,ready_for_extraction_and_validation,True,电缆保护管,79a55f8823e590b51fcb7a6443ecc42b70175d82b25ad922c6c41421cf351ec3,mixed_historical_bid,tender_scoring_derived,"[""电缆保护管通用""]",review_only,knowledge_only,仅限人工复核,True,media,True,needs_customer_confirmation,policy_auto_accepted,需要客户确认,2026-07-13,产品库资料,泰昌各工序控制点工艺文件知识资料第012项,系统分级策略,internal,企业内部资料,客户主动提供历史技术标/商务标用于系统整理与复用,True,泰昌技术补充文件,泰昌技术补充文件,enterprise_fact,assets/template_words/技术补充文件.docx,26,（二）专项投标文件/5.针对评审要素，需要补充的其他文件/5.1.产品制造质量控制/5.1.2.生产工艺/质量管控体系/5.1.2.5.各工序控制点工艺文件,"[""泰昌"", ""生产制造能力"", ""历史标书候选"", ""技术标"", ""电缆保护管通用""]",product_library,产品库资料,taichang_only,泰昌生产制造能力历史候选第26页,仅作泰昌内部知识资料；不得作为精确参数、有效证书或正式投标附件直接引用,needs_review,[]
taichang_tenant_internal,False,"[""专项投标文件/5.针对评审要素，需要补充的其他文件/5.1.产品制造质量控制/5.1.2.生产工艺/质量管控体系/5.1.2.5.各工序控制点工艺文件""]","[""技术标""]",False,technical,technical-media-0019,formal_material_caption,生产制造能力,0.85,632678dfa88b2420d4f23396550057bf504f76bc507d9eec93fb8697aa45dbdf,系统自动接收为知识资料,new,未发现重复，仍需审核,来源于泰昌技术补充文件，历史位置为“专项投标文件/5.针对评审要素，需要补充的其他文件/5.1.产品制造质量控制/5.1.2.生产工艺/质量管控体系/5.1.2.5.各工序控制点工艺文件”。当前仅用于泰昌资料人工复核，未获准进入正式标书。,河北泰昌电力器材科技有限公司,河北泰昌电力器材科技有限公司,,production_capacity,生产制造能力,True,False,资料：泰昌生产制造能力,extract_word_media_as_knowledge_only,尚未通过P0-06人工批准,False,ready_for_extraction_and_validation,True,电缆保护管,632678dfa88b2420d4f23396550057bf504f76bc507d9eec93fb8697aa45dbdf,mixed_historical_bid,tender_scoring_derived,"[""电缆保护管通用""]",review_only,knowledge_only,仅限人工复核,True,media,True,needs_customer_confirmation,policy_auto_accepted,需要客户确认,2026-07-13,产品库资料,泰昌各工序控制点工艺文件知识资料第013项,系统分级策略,internal,企业内部资料,客户主动提供历史技术标/商务标用于系统整理与复用,True,泰昌技术补充文件,泰昌技术补充文件,enterprise_fact,assets/template_words/技术补充文件.docx,26,（二）专项投标文件/5.针对评审要素，需要补充的其他文件/5.1.产品制造质量控制/5.1.2.生产工艺/质量管控体系/5.1.2.5.各工序控制点工艺文件,"[""泰昌"", ""生产制造能力"", ""历史标书候选"", ""技术标"", ""电缆保护管通用""]",product_library,产品库资料,taichang_only,泰昌生产制造能力历史候选第26页,仅作泰昌内部知识资料；不得作为精确参数、有效证书或正式投标附件直接引用,needs_review,[]
taichang_tenant_internal,False,"[""专项投标文件/5.针对评审要素，需要补充的其他文件/5.1.产品制造质量控制/5.1.2.生产工艺/质量管控体系/5.1.2.5.各工序控制点工艺文件""]","[""技术标""]",False,technical,technical-media-0020,formal_material_caption,生产制造能力,0.85,2edaf80994f0c3b49954be28df8287b880e684f861684618d0a78286efe4a639,系统自动接收为知识资料,new,未发现重复，仍需审核,来源于泰昌技术补充文件，历史位置为“专项投标文件/5.针对评审要素，需要补充的其他文件/5.1.产品制造质量控制/5.1.2.生产工艺/质量管控体系/5.1.2.5.各工序控制点工艺文件”。当前仅用于泰昌资料人工复核，未获准进入正式标书。,河北泰昌电力器材科技有限公司,河北泰昌电力器材科技有限公司,,production_capacity,生产制造能力,True,False,资料：泰昌生产制造能力,extract_word_media_as_knowledge_only,尚未通过P0-06人工批准,False,ready_for_extraction_and_validation,True,电缆保护管,2edaf80994f0c3b49954be28df8287b880e684f861684618d0a78286efe4a639,mixed_historical_bid,tender_scoring_derived,"[""电缆保护管通用""]",review_only,knowledge_only,仅限人工复核,True,media,True,needs_customer_confirmation,policy_auto_accepted,需要客户确认,2026-07-13,产品库资料,泰昌各工序控制点工艺文件知识资料第014项,系统分级策略,internal,企业内部资料,客户主动提供历史技术标/商务标用于系统整理与复用,True,泰昌技术补充文件,泰昌技术补充文件,enterprise_fact,assets/template_words/技术补充文件.docx,26,（二）专项投标文件/5.针对评审要素，需要补充的其他文件/5.1.产品制造质量控制/5.1.2.生产工艺/质量管控体系/5.1.2.5.各工序控制点工艺文件,"[""泰昌"", ""生产制造能力"", ""历史标书候选"", ""技术标"", ""电缆保护管通用""]",product_library,产品库资料,taichang_only,泰昌生产制造能力历史候选第26页,仅作泰昌内部知识资料；不得作为精确参数、有效证书或正式投标附件直接引用,needs_review,[]
taichang_tenant_internal,False,"[""专项投标文件/5.针对评审要素，需要补充的其他文件/5.1.产品制造质量控制/5.1.2.生产工艺/质量管控体系/5.1.2.5.各工序控制点工艺文件""]","[""技术标""]",False,technical,technical-media-0021,formal_material_caption,生产制造能力,0.85,b7414915ffcba7f49300f2bde89540afb7ab896fab44a88f733c919abeba6e6c,系统自动接收为知识资料,new,未发现重复，仍需审核,来源于泰昌技术补充文件，历史位置为“专项投标文件/5.针对评审要素，需要补充的其他文件/5.1.产品制造质量控制/5.1.2.生产工艺/质量管控体系/5.1.2.5.各工序控制点工艺文件”。当前仅用于泰昌资料人工复核，未获准进入正式标书。,河北泰昌电力器材科技有限公司,河北泰昌电力器材科技有限公司,,production_capacity,生产制造能力,True,False,资料：泰昌生产制造能力,extract_word_media_as_knowledge_only,尚未通过P0-06人工批准,False,ready_for_extraction_and_validation,True,电缆保护管,b7414915ffcba7f49300f2bde89540afb7ab896fab44a88f733c919abeba6e6c,mixed_historical_bid,tender_scoring_derived,"[""电缆保护管通用""]",review_only,knowledge_only,仅限人工复核,True,media,True,needs_customer_confirmation,policy_auto_accepted,需要客户确认,2026-07-13,产品库资料,泰昌各工序控制点工艺文件知识资料第015项,系统分级策略,internal,企业内部资料,客户主动提供历史技术标/商务标用于系统整理与复用,True,泰昌技术补充文件,泰昌技术补充文件,enterprise_fact,assets/template_words/技术补充文件.docx,26,（二）专项投标文件/5.针对评审要素，需要补充的其他文件/5.1.产品制造质量控制/5.1.2.生产工艺/质量管控体系/5.1.2.5.各工序控制点工艺文件,"[""泰昌"", ""生产制造能力"", ""历史标书候选"", ""技术标"", ""电缆保护管通用""]",product_library,产品库资料,taichang_only,泰昌生产制造能力历史候选第26页,仅作泰昌内部知识资料；不得作为精确参数、有效证书或正式投标附件直接引用,needs_review,[]
taichang_tenant_internal,False,"[""专项投标文件/5.针对评审要素，需要补充的其他文件/5.1.产品制造质量控制/5.1.2.生产工艺/质量管控体系/5.1.2.5.各工序控制点工艺文件""]","[""技术标""]",False,technical,technical-media-0022,formal_material_caption,生产制造能力,0.85,ee9e45d6905b273d3e7bd62ecb9f8bd33df508c71142f5cb1379200d2a580d08,系统自动接收为知识资料,new,未发现重复，仍需审核,来源于泰昌技术补充文件，历史位置为“专项投标文件/5.针对评审要素，需要补充的其他文件/5.1.产品制造质量控制/5.1.2.生产工艺/质量管控体系/5.1.2.5.各工序控制点工艺文件”。当前仅用于泰昌资料人工复核，未获准进入正式标书。,河北泰昌电力器材科技有限公司,河北泰昌电力器材科技有限公司,,production_capacity,生产制造能力,True,False,资料：泰昌生产制造能力,extract_word_media_as_knowledge_only,尚未通过P0-06人工批准,False,ready_for_extraction_and_validation,True,电缆保护管,ee9e45d6905b273d3e7bd62ecb9f8bd33df508c71142f5cb1379200d2a580d08,mixed_historical_bid,tender_scoring_derived,"[""电缆保护管通用""]",review_only,knowledge_only,仅限人工复核,True,media,True,needs_customer_confirmation,policy_auto_accepted,需要客户确认,2026-07-13,产品库资料,泰昌各工序控制点工艺文件知识资料第016项,系统分级策略,internal,企业内部资料,客户主动提供历史技术标/商务标用于系统整理与复用,True,泰昌技术补充文件,泰昌技术补充文件,enterprise_fact,assets/template_words/技术补充文件.docx,26,（二）专项投标文件/5.针对评审要素，需要补充的其他文件/5.1.产品制造质量控制/5.1.2.生产工艺/质量管控体系/5.1.2.5.各工序控制点工艺文件,"[""泰昌"", ""生产制造能力"", ""历史标书候选"", ""技术标"", ""电缆保护管通用""]",product_library,产品库资料,taichang_only,泰昌生产制造能力历史候选第26页,仅作泰昌内部知识资料；不得作为精确参数、有效证书或正式投标附件直接引用,needs_review,[]
taichang_tenant_internal,False,"[""专项投标文件/5.针对评审要素，需要补充的其他文件/5.1.产品制造质量控制/5.1.2.生产工艺/质量管控体系/5.1.2.5.各工序控制点工艺文件""]","[""技术标""]",False,technical,technical-media-0023,formal_material_caption,生产制造能力,0.85,7534321db75d5c8cad4e6ad81196e008d5eca5898b4c56b436a8df643eea3786,系统自动接收为知识资料,new,未发现重复，仍需审核,来源于泰昌技术补充文件，历史位置为“专项投标文件/5.针对评审要素，需要补充的其他文件/5.1.产品制造质量控制/5.1.2.生产工艺/质量管控体系/5.1.2.5.各工序控制点工艺文件”。当前仅用于泰昌资料人工复核，未获准进入正式标书。,河北泰昌电力器材科技有限公司,河北泰昌电力器材科技有限公司,,production_capacity,生产制造能力,True,False,资料：泰昌生产制造能力,extract_word_media_as_knowledge_only,尚未通过P0-06人工批准,False,ready_for_extraction_and_validation,True,电缆保护管,7534321db75d5c8cad4e6ad81196e008d5eca5898b4c56b436a8df643eea3786,mixed_historical_bid,tender_scoring_derived,"[""电缆保护管通用""]",review_only,knowledge_only,仅限人工复核,True,media,True,needs_customer_confirmation,policy_auto_accepted,需要客户确认,2026-07-13,产品库资料,泰昌各工序控制点工艺文件知识资料第017项,系统分级策略,internal,企业内部资料,客户主动提供历史技术标/商务标用于系统整理与复用,True,泰昌技术补充文件,泰昌技术补充文件,enterprise_fact,assets/template_words/技术补充文件.docx,26,（二）专项投标文件/5.针对评审要素，需要补充的其他文件/5.1.产品制造质量控制/5.1.2.生产工艺/质量管控体系/5.1.2.5.各工序控制点工艺文件,"[""泰昌"", ""生产制造能力"", ""历史标书候选"", ""技术标"", ""电缆保护管通用""]",product_library,产品库资料,taichang_only,泰昌生产制造能力历史候选第26页,仅作泰昌内部知识资料；不得作为精确参数、有效证书或正式投标附件直接引用,needs_review,[]
taichang_tenant_internal,False,"[""专项投标文件/5.针对评审要素，需要补充的其他文件/5.1.产品制造质量控制/5.1.2.生产工艺/质量管控体系/5.1.2.5.各工序控制点工艺文件""]","[""技术标""]",False,technical,technical-media-0024,formal_material_caption,生产制造能力,0.85,9e77c46984c6433666a74f9673273302936b033747ab29aff15ec5dedddfbdc3,系统自动接收为知识资料,new,未发现重复，仍需审核,来源于泰昌技术补充文件，历史位置为“专项投标文件/5.针对评审要素，需要补充的其他文件/5.1.产品制造质量控制/5.1.2.生产工艺/质量管控体系/5.1.2.5.各工序控制点工艺文件”。当前仅用于泰昌资料人工复核，未获准进入正式标书。,河北泰昌电力器材科技有限公司,河北泰昌电力器材科技有限公司,,production_capacity,生产制造能力,True,False,资料：泰昌生产制造能力,extract_word_media_as_knowledge_only,尚未通过P0-06人工批准,False,ready_for_extraction_and_validation,True,电缆保护管,9e77c46984c6433666a74f9673273302936b033747ab29aff15ec5dedddfbdc3,mixed_historical_bid,tender_scoring_derived,"[""电缆保护管通用""]",review_only,knowledge_only,仅限人工复核,True,media,True,needs_customer_confirmation,policy_auto_accepted,需要客户确认,2026-07-13,产品库资料,泰昌各工序控制点工艺文件知识资料第018项,系统分级策略,internal,企业内部资料,客户主动提供历史技术标/商务标用于系统整理与复用,True,泰昌技术补充文件,泰昌技术补充文件,enterprise_fact,assets/template_words/技术补充文件.docx,26,（二）专项投标文件/5.针对评审要素，需要补充的其他文件/5.1.产品制造质量控制/5.1.2.生产工艺/质量管控体系/5.1.2.5.各工序控制点工艺文件,"[""泰昌"", ""生产制造能力"", ""历史标书候选"", ""技术标"", ""电缆保护管通用""]",product_library,产品库资料,taichang_only,泰昌生产制造能力历史候选第26页,仅作泰昌内部知识资料；不得作为精确参数、有效证书或正式投标附件直接引用,needs_review,[]
taichang_tenant_internal,False,"[""专项投标文件/5.针对评审要素，需要补充的其他文件/5.1.产品制造质量控制/5.1.2.生产工艺/质量管控体系/5.1.2.5.各工序控制点工艺文件""]","[""技术标""]",False,technical,technical-media-0025,formal_material_caption,生产制造能力,0.85,507f034362d35ce7f1d1dc976caabc58899afbb1338bbdd565d5f9c9aed4c4e5,系统自动接收为知识资料,new,未发现重复，仍需审核,来源于泰昌技术补充文件，历史位置为“专项投标文件/5.针对评审要素，需要补充的其他文件/5.1.产品制造质量控制/5.1.2.生产工艺/质量管控体系/5.1.2.5.各工序控制点工艺文件”。当前仅用于泰昌资料人工复核，未获准进入正式标书。,河北泰昌电力器材科技有限公司,河北泰昌电力器材科技有限公司,,production_capacity,生产制造能力,True,False,资料：泰昌生产制造能力,extract_word_media_as_knowledge_only,尚未通过P0-06人工批准,False,ready_for_extraction_and_validation,True,电缆保护管,507f034362d35ce7f1d1dc976caabc58899afbb1338bbdd565d5f9c9aed4c4e5,mixed_historical_bid,tender_scoring_derived,"[""电缆保护管通用""]",review_only,knowledge_only,仅限人工复核,True,media,True,needs_customer_confirmation,policy_auto_accepted,需要客户确认,2026-07-13,产品库资料,泰昌各工序控制点工艺文件知识资料第019项,系统分级策略,internal,企业内部资料,客户主动提供历史技术标/商务标用于系统整理与复用,True,泰昌技术补充文件,泰昌技术补充文件,enterprise_fact,assets/template_words/技术补充文件.docx,26,（二）专项投标文件/5.针对评审要素，需要补充的其他文件/5.1.产品制造质量控制/5.1.2.生产工艺/质量管控体系/5.1.2.5.各工序控制点工艺文件,"[""泰昌"", ""生产制造能力"", ""历史标书候选"", ""技术标"", ""电缆保护管通用""]",product_library,产品库资料,taichang_only,泰昌生产制造能力历史候选第26页,仅作泰昌内部知识资料；不得作为精确参数、有效证书或正式投标附件直接引用,needs_review,[]
taichang_tenant_internal,False,"[""专项投标文件/5.针对评审要素，需要补充的其他文件/5.1.产品制造质量控制/5.1.2.生产工艺/质量管控体系/5.1.2.5.各工序控制点工艺文件""]","[""技术标""]",False,technical,technical-media-0026,formal_material_caption,生产制造能力,0.85,17a80d87339e8f767a99a564e3ff1a566bd5c788e0ad719cc21d5480ef9fe7e9,系统自动接收为知识资料,new,未发现重复，仍需审核,来源于泰昌技术补充文件，历史位置为“专项投标文件/5.针对评审要素，需要补充的其他文件/5.1.产品制造质量控制/5.1.2.生产工艺/质量管控体系/5.1.2.5.各工序控制点工艺文件”。当前仅用于泰昌资料人工复核，未获准进入正式标书。,河北泰昌电力器材科技有限公司,河北泰昌电力器材科技有限公司,,production_capacity,生产制造能力,True,False,资料：泰昌生产制造能力,extract_word_media_as_knowledge_only,尚未通过P0-06人工批准,False,ready_for_extraction_and_validation,True,电缆保护管,17a80d87339e8f767a99a564e3ff1a566bd5c788e0ad719cc21d5480ef9fe7e9,mixed_historical_bid,tender_scoring_derived,"[""电缆保护管通用""]",review_only,knowledge_only,仅限人工复核,True,media,True,needs_customer_confirmation,policy_auto_accepted,需要客户确认,2026-07-13,产品库资料,泰昌各工序控制点工艺文件知识资料第020项,系统分级策略,internal,企业内部资料,客户主动提供历史技术标/商务标用于系统整理与复用,True,泰昌技术补充文件,泰昌技术补充文件,enterprise_fact,assets/template_words/技术补充文件.docx,26,（二）专项投标文件/5.针对评审要素，需要补充的其他文件/5.1.产品制造质量控制/5.1.2.生产工艺/质量管控体系/5.1.2.5.各工序控制点工艺文件,"[""泰昌"", ""生产制造能力"", ""历史标书候选"", ""技术标"", ""电缆保护管通用""]",product_library,产品库资料,taichang_only,泰昌生产制造能力历史候选第26页,仅作泰昌内部知识资料；不得作为精确参数、有效证书或正式投标附件直接引用,needs_review,[]
taichang_tenant_internal,False,"[""专项投标文件/5.针对评审要素，需要补充的其他文件/5.1.产品制造质量控制/5.1.2.生产工艺/质量管控体系/5.1.2.5.各工序控制点工艺文件""]","[""技术标""]",False,technical,technical-media-0027,formal_material_caption,生产制造能力,0.85,d8827a51fd08930fa9b919cc5b8c0b28c97370e9d52bac02bba23705665df763,系统自动接收为知识资料,new,未发现重复，仍需审核,来源于泰昌技术补充文件，历史位置为“专项投标文件/5.针对评审要素，需要补充的其他文件/5.1.产品制造质量控制/5.1.2.生产工艺/质量管控体系/5.1.2.5.各工序控制点工艺文件”。当前仅用于泰昌资料人工复核，未获准进入正式标书。,河北泰昌电力器材科技有限公司,河北泰昌电力器材科技有限公司,,production_capacity,生产制造能力,True,False,资料：泰昌生产制造能力,extract_word_media_as_knowledge_only,尚未通过P0-06人工批准,False,ready_for_extraction_and_validation,True,电缆保护管,d8827a51fd08930fa9b919cc5b8c0b28c97370e9d52bac02bba23705665df763,mixed_historical_bid,tender_scoring_derived,"[""电缆保护管通用""]",review_only,knowledge_only,仅限人工复核,True,media,True,needs_customer_confirmation,policy_auto_accepted,需要客户确认,2026-07-13,产品库资料,泰昌各工序控制点工艺文件知识资料第021项,系统分级策略,internal,企业内部资料,客户主动提供历史技术标/商务标用于系统整理与复用,True,泰昌技术补充文件,泰昌技术补充文件,enterprise_fact,assets/template_words/技术补充文件.docx,26,（二）专项投标文件/5.针对评审要素，需要补充的其他文件/5.1.产品制造质量控制/5.1.2.生产工艺/质量管控体系/5.1.2.5.各工序控制点工艺文件,"[""泰昌"", ""生产制造能力"", ""历史标书候选"", ""技术标"", ""电缆保护管通用""]",product_library,产品库资料,taichang_only,泰昌生产制造能力历史候选第26页,仅作泰昌内部知识资料；不得作为精确参数、有效证书或正式投标附件直接引用,needs_review,[]
taichang_tenant_internal,False,"[""专项投标文件/5.针对评审要素，需要补充的其他文件/5.1.产品制造质量控制/5.1.2.生产工艺/质量管控体系/5.1.2.5.各工序控制点工艺文件""]","[""技术标""]",False,technical,technical-media-0028,formal_material_caption,生产制造能力,0.85,a1f824dc61d707ed8b17872b50e09fef914ea5b5bbc476dfb1b9ad952821cd6d,系统自动接收为知识资料,new,未发现重复，仍需审核,来源于泰昌技术补充文件，历史位置为“专项投标文件/5.针对评审要素，需要补充的其他文件/5.1.产品制造质量控制/5.1.2.生产工艺/质量管控体系/5.1.2.5.各工序控制点工艺文件”。当前仅用于泰昌资料人工复核，未获准进入正式标书。,河北泰昌电力器材科技有限公司,河北泰昌电力器材科技有限公司,,production_capacity,生产制造能力,True,False,资料：泰昌生产制造能力,extract_word_media_as_knowledge_only,尚未通过P0-06人工批准,False,ready_for_extraction_and_validation,True,电缆保护管,a1f824dc61d707ed8b17872b50e09fef914ea5b5bbc476dfb1b9ad952821cd6d,mixed_historical_bid,tender_scoring_derived,"[""电缆保护管通用""]",review_only,knowledge_only,仅限人工复核,True,media,True,needs_customer_confirmation,policy_auto_accepted,需要客户确认,2026-07-13,产品库资料,泰昌各工序控制点工艺文件知识资料第022项,系统分级策略,internal,企业内部资料,客户主动提供历史技术标/商务标用于系统整理与复用,True,泰昌技术补充文件,泰昌技术补充文件,enterprise_fact,assets/template_words/技术补充文件.docx,26,（二）专项投标文件/5.针对评审要素，需要补充的其他文件/5.1.产品制造质量控制/5.1.2.生产工艺/质量管控体系/5.1.2.5.各工序控制点工艺文件,"[""泰昌"", ""生产制造能力"", ""历史标书候选"", ""技术标"", ""电缆保护管通用""]",product_library,产品库资料,taichang_only,泰昌生产制造能力历史候选第26页,仅作泰昌内部知识资料；不得作为精确参数、有效证书或正式投标附件直接引用,needs_review,[]
taichang_tenant_internal,False,"[""专项投标文件/5.针对评审要素，需要补充的其他文件/5.1.产品制造质量控制/5.1.3.生产制造环境""]","[""技术标""]",False,technical,technical-media-0029,suppressed_document_page_caption,企业证明材料,0.45,8eb750b7219d324a07e86ecf9692ef2b45065976e88ff124306f172ab6b2f3d6,系统自动接收为知识资料,new,未发现重复，仍需审核,来源于泰昌技术补充文件，历史位置为“专项投标文件/5.针对评审要素，需要补充的其他文件/5.1.产品制造质量控制/5.1.3.生产制造环境”。当前仅用于泰昌资料人工复核，未获准进入正式标书。,河北泰昌电力器材科技有限公司,河北泰昌电力器材科技有限公司,,enterprise_evidence,企业证明材料,True,False,,extract_word_media_as_knowledge_only,尚未通过P0-06人工批准,False,ready_for_extraction_and_validation,True,泰昌企业资料,8eb750b7219d324a07e86ecf9692ef2b45065976e88ff124306f172ab6b2f3d6,mixed_historical_bid,tender_scoring_derived,[],review_only,knowledge_only,仅限人工复核,True,media,True,needs_customer_confirmation,policy_auto_accepted,需要客户确认,2026-07-13,产品库资料,泰昌生产制造环境知识资料第001项,系统分级策略,internal,企业内部资料,客户主动提供历史技术标/商务标用于系统整理与复用,True,泰昌技术补充文件,泰昌技术补充文件,enterprise_fact,assets/template_words/技术补充文件.docx,48,（二）专项投标文件/5.针对评审要素，需要补充的其他文件/5.1.产品制造质量控制/5.1.3.生产制造环境,"[""泰昌"", ""企业证明材料"", ""历史标书候选"", ""技术标""]",product_library,产品库资料,taichang_only,泰昌企业证明材料历史候选第48页,仅作泰昌内部知识资料；不得作为精确参数、有效证书或正式投标附件直接引用,needs_review,[]
taichang_tenant_internal,False,"[""专项投标文件/5.针对评审要素，需要补充的其他文件/5.1.产品制造质量控制/5.1.4.试组装环境""]","[""技术标""]",False,technical,technical-media-0030,suppressed_document_page_caption,企业证明材料,0.45,4e9fd741055fd5dd1dff13529cea7583e3070a36a702397ab3c50d9de6b777ac,系统自动接收为知识资料,new,未发现重复，仍需审核,来源于泰昌技术补充文件，历史位置为“专项投标文件/5.针对评审要素，需要补充的其他文件/5.1.产品制造质量控制/5.1.4.试组装环境”。当前仅用于泰昌资料人工复核，未获准进入正式标书。,河北泰昌电力器材科技有限公司,河北泰昌电力器材科技有限公司,,enterprise_evidence,企业证明材料,True,False,,extract_word_media_as_knowledge_only,尚未通过P0-06人工批准,False,ready_for_extraction_and_validation,True,泰昌企业资料,4e9fd741055fd5dd1dff13529cea7583e3070a36a702397ab3c50d9de6b777ac,mixed_historical_bid,tender_scoring_derived,[],review_only,knowledge_only,仅限人工复核,True,media,True,needs_customer_confirmation,policy_auto_accepted,需要客户确认,2026-07-13,产品库资料,泰昌试组装环境知识资料第001项,系统分级策略,internal,企业内部资料,客户主动提供历史技术标/商务标用于系统整理与复用,True,泰昌技术补充文件,泰昌技术补充文件,enterprise_fact,assets/template_words/技术补充文件.docx,49,（二）专项投标文件/5.针对评审要素，需要补充的其他文件/5.1.产品制造质量控制/5.1.4.试组装环境,"[""泰昌"", ""企业证明材料"", ""历史标书候选"", ""技术标""]",product_library,产品库资料,taichang_only,泰昌企业证明材料历史候选第49页,仅作泰昌内部知识资料；不得作为精确参数、有效证书或正式投标附件直接引用,needs_review,[]
taichang_tenant_internal,False,"[""专项投标文件/5.针对评审要素，需要补充的其他文件/5.3.绿色低碳生产及绿色回收/5.3.1.建立了绿色生产/5.3.1.1.ESG(环境、社会、公司治理)报告""]","[""技术标""]",False,technical,technical-media-0039,formal_material_caption,绿色低碳资料,0.9,b53ba493193200c68f5bd1e70bcac88fe17f08abfe67931db02f1d580754ec86,系统自动接收为知识资料,new,未发现重复，仍需审核,来源于泰昌技术补充文件，历史位置为“专项投标文件/5.针对评审要素，需要补充的其他文件/5.3.绿色低碳生产及绿色回收/5.3.1.建立了绿色生产/5.3.1.1.ESG(环境、社会、公司治理)报告”。当前仅用于泰昌资料人工复核，未获准进入正式标书。,河北泰昌电力器材科技有限公司,河北泰昌电力器材科技有限公司,,green_low_carbon,绿色低碳资料,True,False,资料：泰昌绿色低碳资料,extract_word_media_as_knowledge_only,尚未通过P0-06人工批准,False,ready_for_extraction_and_validation,True,泰昌企业资料,b53ba493193200c68f5bd1e70bcac88fe17f08abfe67931db02f1d580754ec86,mixed_historical_bid,tender_scoring_derived,[],review_only,knowledge_only,仅限人工复核,True,media,True,needs_customer_confirmation,policy_auto_accepted,需要客户确认,2026-07-13,产品库资料,泰昌ESG(环境、社会、公司治理)报告知识资料第001项,系统分级策略,internal,企业内部资料,客户主动提供历史技术标/商务标用于系统整理与复用,True,泰昌技术补充文件,泰昌技术补充文件,enterprise_fact,assets/template_words/技术补充文件.docx,54,（二）专项投标文件/5.针对评审要素，需要补充的其他文件/5.3.绿色低碳生产及绿色回收/5.3.1.建立了绿色生产/5.3.1.1.ESG(环境、社会、公司治理)报告,"[""泰昌"", ""绿色低碳资料"", ""历史标书候选"", ""技术标""]",product_library,产品库资料,taichang_only,泰昌绿色低碳资料历史候选第54页,仅作泰昌内部知识资料；不得作为精确参数、有效证书或正式投标附件直接引用,needs_review,[]
taichang_tenant_internal,False,"[""专项投标文件/5.针对评审要素，需要补充的其他文件/5.3.绿色低碳生产及绿色回收/5.3.1.建立了绿色生产/5.3.1.1.ESG(环境、社会、公司治理)报告""]","[""技术标""]",False,technical,technical-media-0075,formal_material_caption,绿色低碳资料,0.9,52560ad73352446c499e69d0ca8641b24b1898a1b933c79a07fbb5c40d89035b,系统自动接收为知识资料,new,未发现重复，仍需审核,来源于泰昌技术补充文件，历史位置为“专项投标文件/5.针对评审要素，需要补充的其他文件/5.3.绿色低碳生产及绿色回收/5.3.1.建立了绿色生产/5.3.1.1.ESG(环境、社会、公司治理)报告”。当前仅用于泰昌资料人工复核，未获准进入正式标书。,河北泰昌电力器材科技有限公司,河北泰昌电力器材科技有限公司,,green_low_carbon,绿色低碳资料,True,False,资料：泰昌绿色低碳资料,extract_word_media_as_knowledge_only,尚未通过P0-06人工批准,False,ready_for_extraction_and_validation,True,泰昌企业资料,52560ad73352446c499e69d0ca8641b24b1898a1b933c79a07fbb5c40d89035b,mixed_historical_bid,tender_scoring_derived,[],review_only,knowledge_only,仅限人工复核,True,media,True,needs_customer_confirmation,policy_auto_accepted,需要客户确认,2026-07-13,产品库资料,泰昌ESG(环境、社会、公司治理)报告知识资料第002项,系统分级策略,internal,企业内部资料,客户主动提供历史技术标/商务标用于系统整理与复用,True,泰昌技术补充文件,泰昌技术补充文件,enterprise_fact,assets/template_words/技术补充文件.docx,54,（二）专项投标文件/5.针对评审要素，需要补充的其他文件/5.3.绿色低碳生产及绿色回收/5.3.1.建立了绿色生产/5.3.1.1.ESG(环境、社会、公司治理)报告,"[""泰昌"", ""绿色低碳资料"", ""历史标书候选"", ""技术标""]",product_library,产品库资料,taichang_only,泰昌绿色低碳资料历史候选第54页,仅作泰昌内部知识资料；不得作为精确参数、有效证书或正式投标附件直接引用,needs_review,[]
taichang_tenant_internal,False,"[""专项投标文件/5.针对评审要素，需要补充的其他文件/5.3.绿色低碳生产及绿色回收/5.3.1.建立了绿色生产/5.3.1.1.ESG(环境、社会、公司治理)报告""]","[""技术标""]",False,technical,technical-media-0076,formal_material_caption,绿色低碳资料,0.9,ba88677238ebc45d33ca257b24e05beebf6b72dc5bc2893b1ba1335b68fddf06,系统自动接收为知识资料,new,未发现重复，仍需审核,来源于泰昌技术补充文件，历史位置为“专项投标文件/5.针对评审要素，需要补充的其他文件/5.3.绿色低碳生产及绿色回收/5.3.1.建立了绿色生产/5.3.1.1.ESG(环境、社会、公司治理)报告”。当前仅用于泰昌资料人工复核，未获准进入正式标书。,河北泰昌电力器材科技有限公司,河北泰昌电力器材科技有限公司,,green_low_carbon,绿色低碳资料,True,False,资料：泰昌绿色低碳资料,extract_word_media_as_knowledge_only,尚未通过P0-06人工批准,False,ready_for_extraction_and_validation,True,泰昌企业资料,ba88677238ebc45d33ca257b24e05beebf6b72dc5bc2893b1ba1335b68fddf06,mixed_historical_bid,tender_scoring_derived,[],review_only,knowledge_only,仅限人工复核,True,media,True,needs_customer_confirmation,policy_auto_accepted,需要客户确认,2026-07-13,产品库资料,泰昌ESG(环境、社会、公司治理)报告知识资料第003项,系统分级策略,internal,企业内部资料,客户主动提供历史技术标/商务标用于系统整理与复用,True,泰昌技术补充文件,泰昌技术补充文件,enterprise_fact,assets/template_words/技术补充文件.docx,54,（二）专项投标文件/5.针对评审要素，需要补充的其他文件/5.3.绿色低碳生产及绿色回收/5.3.1.建立了绿色生产/5.3.1.1.ESG(环境、社会、公司治理)报告,"[""泰昌"", ""绿色低碳资料"", ""历史标书候选"", ""技术标""]",product_library,产品库资料,taichang_only,泰昌绿色低碳资料历史候选第54页,仅作泰昌内部知识资料；不得作为精确参数、有效证书或正式投标附件直接引用,needs_review,[]
taichang_tenant_internal,False,"[""专项投标文件/5.针对评审要素，需要补充的其他文件/5.3.绿色低碳生产及绿色回收/5.3.1.建立了绿色生产/5.3.1.2废水、废气、废固报告""]","[""技术标""]",False,technical,technical-media-0090,formal_material_caption,绿色低碳资料,0.9,1f3bb15d9656d616d3d11e7f4d78df842f1727604f599bbab650085cf0908c15,系统自动接收为知识资料,new,未发现重复，仍需审核,来源于泰昌技术补充文件，历史位置为“专项投标文件/5.针对评审要素，需要补充的其他文件/5.3.绿色低碳生产及绿色回收/5.3.1.建立了绿色生产/5.3.1.2废水、废气、废固报告”。当前仅用于泰昌资料人工复核，未获准进入正式标书。,河北泰昌电力器材科技有限公司,河北泰昌电力器材科技有限公司,,green_low_carbon,绿色低碳资料,True,False,资料：泰昌绿色低碳资料,extract_word_media_as_knowledge_only,尚未通过P0-06人工批准,False,ready_for_extraction_and_validation,True,泰昌企业资料,1f3bb15d9656d616d3d11e7f4d78df842f1727604f599bbab650085cf0908c15,mixed_historical_bid,tender_scoring_derived,[],review_only,knowledge_only,仅限人工复核,True,media,True,needs_customer_confirmation,policy_auto_accepted,需要客户确认,2026-07-13,产品库资料,泰昌废水、废气、废固报告知识资料第001项,系统分级策略,internal,企业内部资料,客户主动提供历史技术标/商务标用于系统整理与复用,True,泰昌技术补充文件,泰昌技术补充文件,enterprise_fact,assets/template_words/技术补充文件.docx,94,（二）专项投标文件/5.针对评审要素，需要补充的其他文件/5.3.绿色低碳生产及绿色回收/5.3.1.建立了绿色生产/5.3.1.2废水、废气、废固报告,"[""泰昌"", ""绿色低碳资料"", ""历史标书候选"", ""技术标""]",product_library,产品库资料,taichang_only,泰昌绿色低碳资料历史候选第94页,仅作泰昌内部知识资料；不得作为精确参数、有效证书或正式投标附件直接引用,needs_review,[]
taichang_tenant_internal,False,"[""专项投标文件/5.针对评审要素，需要补充的其他文件/5.3.绿色低碳生产及绿色回收/5.3.1.建立了绿色生产/5.3.1.3.现状环境影响评估报告""]","[""技术标""]",False,technical,technical-media-0113,formal_material_caption,绿色低碳资料,0.9,8e24f6a724ab97a277d1d2c86f891803db59984c28c196c5883f61389929cd77,系统自动接收为知识资料,new,未发现重复，仍需审核,来源于泰昌技术补充文件，历史位置为“专项投标文件/5.针对评审要素，需要补充的其他文件/5.3.绿色低碳生产及绿色回收/5.3.1.建立了绿色生产/5.3.1.3.现状环境影响评估报告”。当前仅用于泰昌资料人工复核，未获准进入正式标书。,河北泰昌电力器材科技有限公司,河北泰昌电力器材科技有限公司,,green_low_carbon,绿色低碳资料,True,False,资料：泰昌绿色低碳资料,extract_word_media_as_knowledge_only,尚未通过P0-06人工批准,False,ready_for_extraction_and_validation,True,泰昌企业资料,8e24f6a724ab97a277d1d2c86f891803db59984c28c196c5883f61389929cd77,mixed_historical_bid,tender_scoring_derived,[],review_only,knowledge_only,仅限人工复核,True,media,True,needs_customer_confirmation,policy_auto_accepted,需要客户确认,2026-07-13,产品库资料,泰昌现状环境影响评估报告知识资料第001项,系统分级策略,internal,企业内部资料,客户主动提供历史技术标/商务标用于系统整理与复用,True,泰昌技术补充文件,泰昌技术补充文件,enterprise_fact,assets/template_words/技术补充文件.docx,128,（二）专项投标文件/5.针对评审要素，需要补充的其他文件/5.3.绿色低碳生产及绿色回收/5.3.1.建立了绿色生产/5.3.1.3.现状环境影响评估报告,"[""泰昌"", ""绿色低碳资料"", ""历史标书候选"", ""技术标""]",product_library,产品库资料,taichang_only,泰昌绿色低碳资料历史候选第128页,仅作泰昌内部知识资料；不得作为精确参数、有效证书或正式投标附件直接引用,needs_review,[]
taichang_tenant_internal,False,"[""专项投标文件/5.针对评审要素，需要补充的其他文件/5.3.绿色低碳生产及绿色回收/5.3.1.建立了绿色生产/5.3.1.3.现状环境影响评估报告""]","[""技术标""]",False,technical,technical-media-0114,formal_material_caption,绿色低碳资料,0.9,7d1d24a2e7f12ae1c9d2e7ea02fe5edaec20cb1c540c8fae1abbcdfb2146f1ea,系统自动接收为知识资料,new,未发现重复，仍需审核,来源于泰昌技术补充文件，历史位置为“专项投标文件/5.针对评审要素，需要补充的其他文件/5.3.绿色低碳生产及绿色回收/5.3.1.建立了绿色生产/5.3.1.3.现状环境影响评估报告”。当前仅用于泰昌资料人工复核，未获准进入正式标书。,河北泰昌电力器材科技有限公司,河北泰昌电力器材科技有限公司,,green_low_carbon,绿色低碳资料,True,False,资料：泰昌绿色低碳资料,extract_word_media_as_knowledge_only,尚未通过P0-06人工批准,False,ready_for_extraction_and_validation,True,泰昌企业资料,7d1d24a2e7f12ae1c9d2e7ea02fe5edaec20cb1c540c8fae1abbcdfb2146f1ea,mixed_historical_bid,tender_scoring_derived,[],review_only,knowledge_only,仅限人工复核,True,media,True,needs_customer_confirmation,policy_auto_accepted,需要客户确认,2026-07-13,产品库资料,泰昌现状环境影响评估报告知识资料第002项,系统分级策略,internal,企业内部资料,客户主动提供历史技术标/商务标用于系统整理与复用,True,泰昌技术补充文件,泰昌技术补充文件,enterprise_fact,assets/template_words/技术补充文件.docx,128,（二）专项投标文件/5.针对评审要素，需要补充的其他文件/5.3.绿色低碳生产及绿色回收/5.3.1.建立了绿色生产/5.3.1.3.现状环境影响评估报告,"[""泰昌"", ""绿色低碳资料"", ""历史标书候选"", ""技术标""]",product_library,产品库资料,taichang_only,泰昌绿色低碳资料历史候选第128页,仅作泰昌内部知识资料；不得作为精确参数、有效证书或正式投标附件直接引用,needs_review,[]
taichang_tenant_internal,False,"[""专项投标文件/5.针对评审要素，需要补充的其他文件/5.3.绿色低碳生产及绿色回收/5.3.1.建立了绿色生产/5.3.1.3.现状环境影响评估报告""]","[""技术标""]",False,technical,technical-media-0115,formal_material_caption,绿色低碳资料,0.9,bbe38d2c7dee30948389dc25fe42c074fce74c1c46189affee0900a8f77f7f96,系统自动接收为知识资料,new,未发现重复，仍需审核,来源于泰昌技术补充文件，历史位置为“专项投标文件/5.针对评审要素，需要补充的其他文件/5.3.绿色低碳生产及绿色回收/5.3.1.建立了绿色生产/5.3.1.3.现状环境影响评估报告”。当前仅用于泰昌资料人工复核，未获准进入正式标书。,河北泰昌电力器材科技有限公司,河北泰昌电力器材科技有限公司,,green_low_carbon,绿色低碳资料,True,False,资料：泰昌绿色低碳资料,extract_word_media_as_knowledge_only,尚未通过P0-06人工批准,False,ready_for_extraction_and_validation,True,泰昌企业资料,bbe38d2c7dee30948389dc25fe42c074fce74c1c46189affee0900a8f77f7f96,mixed_historical_bid,tender_scoring_derived,[],review_only,knowledge_only,仅限人工复核,True,media,True,needs_customer_confirmation,policy_auto_accepted,需要客户确认,2026-07-13,产品库资料,泰昌现状环境影响评估报告知识资料第003项,系统分级策略,internal,企业内部资料,客户主动提供历史技术标/商务标用于系统整理与复用,True,泰昌技术补充文件,泰昌技术补充文件,enterprise_fact,assets/template_words/技术补充文件.docx,128,（二）专项投标文件/5.针对评审要素，需要补充的其他文件/5.3.绿色低碳生产及绿色回收/5.3.1.建立了绿色生产/5.3.1.3.现状环境影响评估报告,"[""泰昌"", ""绿色低碳资料"", ""历史标书候选"", ""技术标""]",product_library,产品库资料,taichang_only,泰昌绿色低碳资料历史候选第128页,仅作泰昌内部知识资料；不得作为精确参数、有效证书或正式投标附件直接引用,needs_review,[]
taichang_tenant_internal,False,"[""专项投标文件/5.针对评审要素，需要补充的其他文件/5.3.绿色低碳生产及绿色回收/5.3.1.建立了绿色生产/5.3.1.3.现状环境影响评估报告""]","[""技术标""]",False,technical,technical-media-0116,formal_material_caption,绿色低碳资料,0.9,7dbc70784a36053d79fe5a601ad065eea400999a0660474e13993cd1c2f0d4bb,系统自动接收为知识资料,new,未发现重复，仍需审核,来源于泰昌技术补充文件，历史位置为“专项投标文件/5.针对评审要素，需要补充的其他文件/5.3.绿色低碳生产及绿色回收/5.3.1.建立了绿色生产/5.3.1.3.现状环境影响评估报告”。当前仅用于泰昌资料人工复核，未获准进入正式标书。,河北泰昌电力器材科技有限公司,河北泰昌电力器材科技有限公司,,green_low_carbon,绿色低碳资料,True,False,资料：泰昌绿色低碳资料,extract_word_media_as_knowledge_only,尚未通过P0-06人工批准,False,ready_for_extraction_and_validation,True,泰昌企业资料,7dbc70784a36053d79fe5a601ad065eea400999a0660474e13993cd1c2f0d4bb,mixed_historical_bid,tender_scoring_derived,[],review_only,knowledge_only,仅限人工复核,True,media,True,needs_customer_confirmation,policy_auto_accepted,需要客户确认,2026-07-13,产品库资料,泰昌现状环境影响评估报告知识资料第004项,系统分级策略,internal,企业内部资料,客户主动提供历史技术标/商务标用于系统整理与复用,True,泰昌技术补充文件,泰昌技术补充文件,enterprise_fact,assets/template_words/技术补充文件.docx,128,（二）专项投标文件/5.针对评审要素，需要补充的其他文件/5.3.绿色低碳生产及绿色回收/5.3.1.建立了绿色生产/5.3.1.3.现状环境影响评估报告,"[""泰昌"", ""绿色低碳资料"", ""历史标书候选"", ""技术标""]",product_library,产品库资料,taichang_only,泰昌绿色低碳资料历史候选第128页,仅作泰昌内部知识资料；不得作为精确参数、有效证书或正式投标附件直接引用,needs_review,[]
taichang_tenant_internal,False,"[""专项投标文件/5.针对评审要素，需要补充的其他文件/5.3.绿色低碳生产及绿色回收/5.3.1.建立了绿色生产/5.3.1.3.现状环境影响评估报告""]","[""技术标""]",False,technical,technical-media-0117,formal_material_caption,绿色低碳资料,0.9,b2006428acf2873c9c774620c1721a97d2424928f4799409e86f08cc404af1d0,系统自动接收为知识资料,new,未发现重复，仍需审核,来源于泰昌技术补充文件，历史位置为“专项投标文件/5.针对评审要素，需要补充的其他文件/5.3.绿色低碳生产及绿色回收/5.3.1.建立了绿色生产/5.3.1.3.现状环境影响评估报告”。当前仅用于泰昌资料人工复核，未获准进入正式标书。,河北泰昌电力器材科技有限公司,河北泰昌电力器材科技有限公司,,green_low_carbon,绿色低碳资料,True,False,资料：泰昌绿色低碳资料,extract_word_media_as_knowledge_only,尚未通过P0-06人工批准,False,ready_for_extraction_and_validation,True,泰昌企业资料,b2006428acf2873c9c774620c1721a97d2424928f4799409e86f08cc404af1d0,mixed_historical_bid,tender_scoring_derived,[],review_only,knowledge_only,仅限人工复核,True,media,True,needs_customer_confirmation,policy_auto_accepted,需要客户确认,2026-07-13,产品库资料,泰昌现状环境影响评估报告知识资料第005项,系统分级策略,internal,企业内部资料,客户主动提供历史技术标/商务标用于系统整理与复用,True,泰昌技术补充文件,泰昌技术补充文件,enterprise_fact,assets/template_words/技术补充文件.docx,128,（二）专项投标文件/5.针对评审要素，需要补充的其他文件/5.3.绿色低碳生产及绿色回收/5.3.1.建立了绿色生产/5.3.1.3.现状环境影响评估报告,"[""泰昌"", ""绿色低碳资料"", ""历史标书候选"", ""技术标""]",product_library,产品库资料,taichang_only,泰昌绿色低碳资料历史候选第128页,仅作泰昌内部知识资料；不得作为精确参数、有效证书或正式投标附件直接引用,needs_review,[]
taichang_tenant_internal,False,"[""专项投标文件/5.针对评审要素，需要补充的其他文件/5.3.绿色低碳生产及绿色回收/5.3.1.建立了绿色生产/5.3.1.3.现状环境影响评估报告""]","[""技术标""]",False,technical,technical-media-0118,formal_material_caption,绿色低碳资料,0.9,993640090a656b25cdce4684e9464de4c040760296847853f703ad0c8c9b3d31,系统自动接收为知识资料,new,未发现重复，仍需审核,来源于泰昌技术补充文件，历史位置为“专项投标文件/5.针对评审要素，需要补充的其他文件/5.3.绿色低碳生产及绿色回收/5.3.1.建立了绿色生产/5.3.1.3.现状环境影响评估报告”。当前仅用于泰昌资料人工复核，未获准进入正式标书。,河北泰昌电力器材科技有限公司,河北泰昌电力器材科技有限公司,,green_low_carbon,绿色低碳资料,True,False,资料：泰昌绿色低碳资料,extract_word_media_as_knowledge_only,尚未通过P0-06人工批准,False,ready_for_extraction_and_validation,True,泰昌企业资料,993640090a656b25cdce4684e9464de4c040760296847853f703ad0c8c9b3d31,mixed_historical_bid,tender_scoring_derived,[],review_only,knowledge_only,仅限人工复核,True,media,True,needs_customer_confirmation,policy_auto_accepted,需要客户确认,2026-07-13,产品库资料,泰昌现状环境影响评估报告知识资料第006项,系统分级策略,internal,企业内部资料,客户主动提供历史技术标/商务标用于系统整理与复用,True,泰昌技术补充文件,泰昌技术补充文件,enterprise_fact,assets/template_words/技术补充文件.docx,128,（二）专项投标文件/5.针对评审要素，需要补充的其他文件/5.3.绿色低碳生产及绿色回收/5.3.1.建立了绿色生产/5.3.1.3.现状环境影响评估报告,"[""泰昌"", ""绿色低碳资料"", ""历史标书候选"", ""技术标""]",product_library,产品库资料,taichang_only,泰昌绿色低碳资料历史候选第128页,仅作泰昌内部知识资料；不得作为精确参数、有效证书或正式投标附件直接引用,needs_review,[]
taichang_tenant_internal,False,"[""专项投标文件/5.针对评审要素，需要补充的其他文件/5.3.绿色低碳生产及绿色回收/5.3.1.建立了绿色生产/5.3.1.3.现状环境影响评估报告""]","[""技术标""]",False,technical,technical-media-0119,formal_material_caption,绿色低碳资料,0.9,47dfbd34a32b588e1bd59470918b25f7289664602e450bd4dd339ab559a8187f,系统自动接收为知识资料,new,未发现重复，仍需审核,来源于泰昌技术补充文件，历史位置为“专项投标文件/5.针对评审要素，需要补充的其他文件/5.3.绿色低碳生产及绿色回收/5.3.1.建立了绿色生产/5.3.1.3.现状环境影响评估报告”。当前仅用于泰昌资料人工复核，未获准进入正式标书。,河北泰昌电力器材科技有限公司,河北泰昌电力器材科技有限公司,,green_low_carbon,绿色低碳资料,True,False,资料：泰昌绿色低碳资料,extract_word_media_as_knowledge_only,尚未通过P0-06人工批准,False,ready_for_extraction_and_validation,True,泰昌企业资料,47dfbd34a32b588e1bd59470918b25f7289664602e450bd4dd339ab559a8187f,mixed_historical_bid,tender_scoring_derived,[],review_only,knowledge_only,仅限人工复核,True,media,True,needs_customer_confirmation,policy_auto_accepted,需要客户确认,2026-07-13,产品库资料,泰昌现状环境影响评估报告知识资料第007项,系统分级策略,internal,企业内部资料,客户主动提供历史技术标/商务标用于系统整理与复用,True,泰昌技术补充文件,泰昌技术补充文件,enterprise_fact,assets/template_words/技术补充文件.docx,128,（二）专项投标文件/5.针对评审要素，需要补充的其他文件/5.3.绿色低碳生产及绿色回收/5.3.1.建立了绿色生产/5.3.1.3.现状环境影响评估报告,"[""泰昌"", ""绿色低碳资料"", ""历史标书候选"", ""技术标""]",product_library,产品库资料,taichang_only,泰昌绿色低碳资料历史候选第128页,仅作泰昌内部知识资料；不得作为精确参数、有效证书或正式投标附件直接引用,needs_review,[]
taichang_tenant_internal,False,"[""专项投标文件/5.针对评审要素，需要补充的其他文件/5.3.绿色低碳生产及绿色回收/5.3.1.建立了绿色生产/5.3.1.3.现状环境影响评估报告""]","[""技术标""]",False,technical,technical-media-0120,formal_material_caption,绿色低碳资料,0.9,15e045907d29a4fd81f083cf246a70d5248ae9a8d1bc55a2323e0dc4bbc56c46,系统自动接收为知识资料,new,未发现重复，仍需审核,来源于泰昌技术补充文件，历史位置为“专项投标文件/5.针对评审要素，需要补充的其他文件/5.3.绿色低碳生产及绿色回收/5.3.1.建立了绿色生产/5.3.1.3.现状环境影响评估报告”。当前仅用于泰昌资料人工复核，未获准进入正式标书。,河北泰昌电力器材科技有限公司,河北泰昌电力器材科技有限公司,,green_low_carbon,绿色低碳资料,True,False,资料：泰昌绿色低碳资料,extract_word_media_as_knowledge_only,尚未通过P0-06人工批准,False,ready_for_extraction_and_validation,True,泰昌企业资料,15e045907d29a4fd81f083cf246a70d5248ae9a8d1bc55a2323e0dc4bbc56c46,mixed_historical_bid,tender_scoring_derived,[],review_only,knowledge_only,仅限人工复核,True,media,True,needs_customer_confirmation,policy_auto_accepted,需要客户确认,2026-07-13,产品库资料,泰昌现状环境影响评估报告知识资料第008项,系统分级策略,internal,企业内部资料,客户主动提供历史技术标/商务标用于系统整理与复用,True,泰昌技术补充文件,泰昌技术补充文件,enterprise_fact,assets/template_words/技术补充文件.docx,128,（二）专项投标文件/5.针对评审要素，需要补充的其他文件/5.3.绿色低碳生产及绿色回收/5.3.1.建立了绿色生产/5.3.1.3.现状环境影响评估报告,"[""泰昌"", ""绿色低碳资料"", ""历史标书候选"", ""技术标""]",product_library,产品库资料,taichang_only,泰昌绿色低碳资料历史候选第128页,仅作泰昌内部知识资料；不得作为精确参数、有效证书或正式投标附件直接引用,needs_review,[]
taichang_tenant_internal,False,"[""专项投标文件/5.针对评审要素，需要补充的其他文件/5.3.绿色低碳生产及绿色回收/5.3.1.建立了绿色生产/5.3.1.3.现状环境影响评估报告""]","[""技术标""]",False,technical,technical-media-0121,formal_material_caption,绿色低碳资料,0.9,bb7519dfc61be6ec193f527a77f0ec24c38205689472f95898e6b014f89d6215,系统自动接收为知识资料,new,未发现重复，仍需审核,来源于泰昌技术补充文件，历史位置为“专项投标文件/5.针对评审要素，需要补充的其他文件/5.3.绿色低碳生产及绿色回收/5.3.1.建立了绿色生产/5.3.1.3.现状环境影响评估报告”。当前仅用于泰昌资料人工复核，未获准进入正式标书。,河北泰昌电力器材科技有限公司,河北泰昌电力器材科技有限公司,,green_low_carbon,绿色低碳资料,True,False,资料：泰昌绿色低碳资料,extract_word_media_as_knowledge_only,尚未通过P0-06人工批准,False,ready_for_extraction_and_validation,True,泰昌企业资料,bb7519dfc61be6ec193f527a77f0ec24c38205689472f95898e6b014f89d6215,mixed_historical_bid,tender_scoring_derived,[],review_only,knowledge_only,仅限人工复核,True,media,True,needs_customer_confirmation,policy_auto_accepted,需要客户确认,2026-07-13,产品库资料,泰昌现状环境影响评估报告知识资料第009项,系统分级策略,internal,企业内部资料,客户主动提供历史技术标/商务标用于系统整理与复用,True,泰昌技术补充文件,泰昌技术补充文件,enterprise_fact,assets/template_words/技术补充文件.docx,128,（二）专项投标文件/5.针对评审要素，需要补充的其他文件/5.3.绿色低碳生产及绿色回收/5.3.1.建立了绿色生产/5.3.1.3.现状环境影响评估报告,"[""泰昌"", ""绿色低碳资料"", ""历史标书候选"", ""技术标""]",product_library,产品库资料,taichang_only,泰昌绿色低碳资料历史候选第128页,仅作泰昌内部知识资料；不得作为精确参数、有效证书或正式投标附件直接引用,needs_review,[]
taichang_tenant_internal,False,"[""专项投标文件/5.针对评审要素，需要补充的其他文件/5.3.绿色低碳生产及绿色回收/5.3.1.建立了绿色生产/5.3.1.3.现状环境影响评估报告""]","[""技术标""]",False,technical,technical-media-0122,formal_material_caption,绿色低碳资料,0.9,f3c5130a731320a4ffab7902dc3eba222c714806a4513c7a929684dc83d5e967,系统自动接收为知识资料,new,未发现重复，仍需审核,来源于泰昌技术补充文件，历史位置为“专项投标文件/5.针对评审要素，需要补充的其他文件/5.3.绿色低碳生产及绿色回收/5.3.1.建立了绿色生产/5.3.1.3.现状环境影响评估报告”。当前仅用于泰昌资料人工复核，未获准进入正式标书。,河北泰昌电力器材科技有限公司,河北泰昌电力器材科技有限公司,,green_low_carbon,绿色低碳资料,True,False,资料：泰昌绿色低碳资料,extract_word_media_as_knowledge_only,尚未通过P0-06人工批准,False,ready_for_extraction_and_validation,True,泰昌企业资料,f3c5130a731320a4ffab7902dc3eba222c714806a4513c7a929684dc83d5e967,mixed_historical_bid,tender_scoring_derived,[],review_only,knowledge_only,仅限人工复核,True,media,True,needs_customer_confirmation,policy_auto_accepted,需要客户确认,2026-07-13,产品库资料,泰昌现状环境影响评估报告知识资料第010项,系统分级策略,internal,企业内部资料,客户主动提供历史技术标/商务标用于系统整理与复用,True,泰昌技术补充文件,泰昌技术补充文件,enterprise_fact,assets/template_words/技术补充文件.docx,128,（二）专项投标文件/5.针对评审要素，需要补充的其他文件/5.3.绿色低碳生产及绿色回收/5.3.1.建立了绿色生产/5.3.1.3.现状环境影响评估报告,"[""泰昌"", ""绿色低碳资料"", ""历史标书候选"", ""技术标""]",product_library,产品库资料,taichang_only,泰昌绿色低碳资料历史候选第128页,仅作泰昌内部知识资料；不得作为精确参数、有效证书或正式投标附件直接引用,needs_review,[]
taichang_tenant_internal,False,"[""专项投标文件/5.针对评审要素，需要补充的其他文件/5.3.绿色低碳生产及绿色回收/5.3.1.建立了绿色生产/5.3.1.3.现状环境影响评估报告""]","[""技术标""]",False,technical,technical-media-0123,formal_material_caption,绿色低碳资料,0.9,94f33be3e1899ed94b2e5c206df57343762376b81c120427392ac0a2cb36152e,系统自动接收为知识资料,new,未发现重复，仍需审核,来源于泰昌技术补充文件，历史位置为“专项投标文件/5.针对评审要素，需要补充的其他文件/5.3.绿色低碳生产及绿色回收/5.3.1.建立了绿色生产/5.3.1.3.现状环境影响评估报告”。当前仅用于泰昌资料人工复核，未获准进入正式标书。,河北泰昌电力器材科技有限公司,河北泰昌电力器材科技有限公司,,green_low_carbon,绿色低碳资料,True,False,资料：泰昌绿色低碳资料,extract_word_media_as_knowledge_only,尚未通过P0-06人工批准,False,ready_for_extraction_and_validation,True,泰昌企业资料,94f33be3e1899ed94b2e5c206df57343762376b81c120427392ac0a2cb36152e,mixed_historical_bid,tender_scoring_derived,[],review_only,knowledge_only,仅限人工复核,True,media,True,needs_customer_confirmation,policy_auto_accepted,需要客户确认,2026-07-13,产品库资料,泰昌现状环境影响评估报告知识资料第011项,系统分级策略,internal,企业内部资料,客户主动提供历史技术标/商务标用于系统整理与复用,True,泰昌技术补充文件,泰昌技术补充文件,enterprise_fact,assets/template_words/技术补充文件.docx,128,（二）专项投标文件/5.针对评审要素，需要补充的其他文件/5.3.绿色低碳生产及绿色回收/5.3.1.建立了绿色生产/5.3.1.3.现状环境影响评估报告,"[""泰昌"", ""绿色低碳资料"", ""历史标书候选"", ""技术标""]",product_library,产品库资料,taichang_only,泰昌绿色低碳资料历史候选第128页,仅作泰昌内部知识资料；不得作为精确参数、有效证书或正式投标附件直接引用,needs_review,[]
taichang_tenant_internal,False,"[""专项投标文件/5.针对评审要素，需要补充的其他文件/5.3.绿色低碳生产及绿色回收/5.3.1.建立了绿色生产/5.3.1.3.现状环境影响评估报告""]","[""技术标""]",False,technical,technical-media-0124,formal_material_caption,绿色低碳资料,0.9,643dd28150bce48492e553b7b7c74a5ca735a020e2888eff059df2a8522aae9a,系统自动接收为知识资料,new,未发现重复，仍需审核,来源于泰昌技术补充文件，历史位置为“专项投标文件/5.针对评审要素，需要补充的其他文件/5.3.绿色低碳生产及绿色回收/5.3.1.建立了绿色生产/5.3.1.3.现状环境影响评估报告”。当前仅用于泰昌资料人工复核，未获准进入正式标书。,河北泰昌电力器材科技有限公司,河北泰昌电力器材科技有限公司,,green_low_carbon,绿色低碳资料,True,False,资料：泰昌绿色低碳资料,extract_word_media_as_knowledge_only,尚未通过P0-06人工批准,False,ready_for_extraction_and_validation,True,泰昌企业资料,643dd28150bce48492e553b7b7c74a5ca735a020e2888eff059df2a8522aae9a,mixed_historical_bid,tender_scoring_derived,[],review_only,knowledge_only,仅限人工复核,True,media,True,needs_customer_confirmation,policy_auto_accepted,需要客户确认,2026-07-13,产品库资料,泰昌现状环境影响评估报告知识资料第012项,系统分级策略,internal,企业内部资料,客户主动提供历史技术标/商务标用于系统整理与复用,True,泰昌技术补充文件,泰昌技术补充文件,enterprise_fact,assets/template_words/技术补充文件.docx,128,（二）专项投标文件/5.针对评审要素，需要补充的其他文件/5.3.绿色低碳生产及绿色回收/5.3.1.建立了绿色生产/5.3.1.3.现状环境影响评估报告,"[""泰昌"", ""绿色低碳资料"", ""历史标书候选"", ""技术标""]",product_library,产品库资料,taichang_only,泰昌绿色低碳资料历史候选第128页,仅作泰昌内部知识资料；不得作为精确参数、有效证书或正式投标附件直接引用,needs_review,[]
taichang_tenant_internal,False,"[""专项投标文件/5.针对评审要素，需要补充的其他文件/5.3.绿色低碳生产及绿色回收/5.3.1.建立了绿色生产/5.3.1.3.现状环境影响评估报告""]","[""技术标""]",False,technical,technical-media-0125,formal_material_caption,绿色低碳资料,0.9,337bb43a0e8919924f3adf2f163ef5ffaa6eee59dfb0e9d9a2fc9b2589b1ad77,系统自动接收为知识资料,new,未发现重复，仍需审核,来源于泰昌技术补充文件，历史位置为“专项投标文件/5.针对评审要素，需要补充的其他文件/5.3.绿色低碳生产及绿色回收/5.3.1.建立了绿色生产/5.3.1.3.现状环境影响评估报告”。当前仅用于泰昌资料人工复核，未获准进入正式标书。,河北泰昌电力器材科技有限公司,河北泰昌电力器材科技有限公司,,green_low_carbon,绿色低碳资料,True,False,资料：泰昌绿色低碳资料,extract_word_media_as_knowledge_only,尚未通过P0-06人工批准,False,ready_for_extraction_and_validation,True,泰昌企业资料,337bb43a0e8919924f3adf2f163ef5ffaa6eee59dfb0e9d9a2fc9b2589b1ad77,mixed_historical_bid,tender_scoring_derived,[],review_only,knowledge_only,仅限人工复核,True,media,True,needs_customer_confirmation,policy_auto_accepted,需要客户确认,2026-07-13,产品库资料,泰昌现状环境影响评估报告知识资料第013项,系统分级策略,internal,企业内部资料,客户主动提供历史技术标/商务标用于系统整理与复用,True,泰昌技术补充文件,泰昌技术补充文件,enterprise_fact,assets/template_words/技术补充文件.docx,128,（二）专项投标文件/5.针对评审要素，需要补充的其他文件/5.3.绿色低碳生产及绿色回收/5.3.1.建立了绿色生产/5.3.1.3.现状环境影响评估报告,"[""泰昌"", ""绿色低碳资料"", ""历史标书候选"", ""技术标""]",product_library,产品库资料,taichang_only,泰昌绿色低碳资料历史候选第128页,仅作泰昌内部知识资料；不得作为精确参数、有效证书或正式投标附件直接引用,needs_review,[]
taichang_tenant_internal,False,"[""专项投标文件/5.针对评审要素，需要补充的其他文件/5.3.绿色低碳生产及绿色回收/5.3.1.建立了绿色生产/5.3.1.3.现状环境影响评估报告""]","[""技术标""]",False,technical,technical-media-0126,formal_material_caption,绿色低碳资料,0.9,5d95cd885079ef019a18453a0b9ec16a74e7078e1f9a91153cf5ce177412df7a,系统自动接收为知识资料,new,未发现重复，仍需审核,来源于泰昌技术补充文件，历史位置为“专项投标文件/5.针对评审要素，需要补充的其他文件/5.3.绿色低碳生产及绿色回收/5.3.1.建立了绿色生产/5.3.1.3.现状环境影响评估报告”。当前仅用于泰昌资料人工复核，未获准进入正式标书。,河北泰昌电力器材科技有限公司,河北泰昌电力器材科技有限公司,,green_low_carbon,绿色低碳资料,True,False,资料：泰昌绿色低碳资料,extract_word_media_as_knowledge_only,尚未通过P0-06人工批准,False,ready_for_extraction_and_validation,True,泰昌企业资料,5d95cd885079ef019a18453a0b9ec16a74e7078e1f9a91153cf5ce177412df7a,mixed_historical_bid,tender_scoring_derived,[],review_only,knowledge_only,仅限人工复核,True,media,True,needs_customer_confirmation,policy_auto_accepted,需要客户确认,2026-07-13,产品库资料,泰昌现状环境影响评估报告知识资料第014项,系统分级策略,internal,企业内部资料,客户主动提供历史技术标/商务标用于系统整理与复用,True,泰昌技术补充文件,泰昌技术补充文件,enterprise_fact,assets/template_words/技术补充文件.docx,128,（二）专项投标文件/5.针对评审要素，需要补充的其他文件/5.3.绿色低碳生产及绿色回收/5.3.1.建立了绿色生产/5.3.1.3.现状环境影响评估报告,"[""泰昌"", ""绿色低碳资料"", ""历史标书候选"", ""技术标""]",product_library,产品库资料,taichang_only,泰昌绿色低碳资料历史候选第128页,仅作泰昌内部知识资料；不得作为精确参数、有效证书或正式投标附件直接引用,needs_review,[]
taichang_tenant_internal,False,"[""专项投标文件/5.针对评审要素，需要补充的其他文件/5.3.绿色低碳生产及绿色回收/5.3.1.建立了绿色生产/5.3.1.3.现状环境影响评估报告""]","[""技术标""]",False,technical,technical-media-0127,formal_material_caption,绿色低碳资料,0.9,ab3353880325d22b5429960ecce976790704e263e9dcaae174eda29fdca3a8b8,系统自动接收为知识资料,new,未发现重复，仍需审核,来源于泰昌技术补充文件，历史位置为“专项投标文件/5.针对评审要素，需要补充的其他文件/5.3.绿色低碳生产及绿色回收/5.3.1.建立了绿色生产/5.3.1.3.现状环境影响评估报告”。当前仅用于泰昌资料人工复核，未获准进入正式标书。,河北泰昌电力器材科技有限公司,河北泰昌电力器材科技有限公司,,green_low_carbon,绿色低碳资料,True,False,资料：泰昌绿色低碳资料,extract_word_media_as_knowledge_only,尚未通过P0-06人工批准,False,ready_for_extraction_and_validation,True,泰昌企业资料,ab3353880325d22b5429960ecce976790704e263e9dcaae174eda29fdca3a8b8,mixed_historical_bid,tender_scoring_derived,[],review_only,knowledge_only,仅限人工复核,True,media,True,needs_customer_confirmation,policy_auto_accepted,需要客户确认,2026-07-13,产品库资料,泰昌现状环境影响评估报告知识资料第015项,系统分级策略,internal,企业内部资料,客户主动提供历史技术标/商务标用于系统整理与复用,True,泰昌技术补充文件,泰昌技术补充文件,enterprise_fact,assets/template_words/技术补充文件.docx,128,（二）专项投标文件/5.针对评审要素，需要补充的其他文件/5.3.绿色低碳生产及绿色回收/5.3.1.建立了绿色生产/5.3.1.3.现状环境影响评估报告,"[""泰昌"", ""绿色低碳资料"", ""历史标书候选"", ""技术标""]",product_library,产品库资料,taichang_only,泰昌绿色低碳资料历史候选第128页,仅作泰昌内部知识资料；不得作为精确参数、有效证书或正式投标附件直接引用,needs_review,[]
taichang_tenant_internal,False,"[""专项投标文件/5.针对评审要素，需要补充的其他文件/5.3.绿色低碳生产及绿色回收/5.3.1.建立了绿色生产/5.3.1.3.现状环境影响评估报告""]","[""技术标""]",False,technical,technical-media-0128,formal_material_caption,绿色低碳资料,0.9,b2b9a951b94f1b3225135e52a2d8c223f6b73831b2c29cd6582dde1e4e2728fa,系统自动接收为知识资料,new,未发现重复，仍需审核,来源于泰昌技术补充文件，历史位置为“专项投标文件/5.针对评审要素，需要补充的其他文件/5.3.绿色低碳生产及绿色回收/5.3.1.建立了绿色生产/5.3.1.3.现状环境影响评估报告”。当前仅用于泰昌资料人工复核，未获准进入正式标书。,河北泰昌电力器材科技有限公司,河北泰昌电力器材科技有限公司,,green_low_carbon,绿色低碳资料,True,False,资料：泰昌绿色低碳资料,extract_word_media_as_knowledge_only,尚未通过P0-06人工批准,False,ready_for_extraction_and_validation,True,泰昌企业资料,b2b9a951b94f1b3225135e52a2d8c223f6b73831b2c29cd6582dde1e4e2728fa,mixed_historical_bid,tender_scoring_derived,[],review_only,knowledge_only,仅限人工复核,True,media,True,needs_customer_confirmation,policy_auto_accepted,需要客户确认,2026-07-13,产品库资料,泰昌现状环境影响评估报告知识资料第016项,系统分级策略,internal,企业内部资料,客户主动提供历史技术标/商务标用于系统整理与复用,True,泰昌技术补充文件,泰昌技术补充文件,enterprise_fact,assets/template_words/技术补充文件.docx,128,（二）专项投标文件/5.针对评审要素，需要补充的其他文件/5.3.绿色低碳生产及绿色回收/5.3.1.建立了绿色生产/5.3.1.3.现状环境影响评估报告,"[""泰昌"", ""绿色低碳资料"", ""历史标书候选"", ""技术标""]",product_library,产品库资料,taichang_only,泰昌绿色低碳资料历史候选第128页,仅作泰昌内部知识资料；不得作为精确参数、有效证书或正式投标附件直接引用,needs_review,[]
taichang_tenant_internal,False,"[""专项投标文件/5.针对评审要素，需要补充的其他文件/5.3.绿色低碳生产及绿色回收/5.3.1.建立了绿色生产/5.3.1.3.现状环境影响评估报告""]","[""技术标""]",False,technical,technical-media-0129,formal_material_caption,绿色低碳资料,0.9,5ea7609d266696f2645b111297a8a8dfc1c44070fdddbc8fdb01c011148ec128,系统自动接收为知识资料,new,未发现重复，仍需审核,来源于泰昌技术补充文件，历史位置为“专项投标文件/5.针对评审要素，需要补充的其他文件/5.3.绿色低碳生产及绿色回收/5.3.1.建立了绿色生产/5.3.1.3.现状环境影响评估报告”。当前仅用于泰昌资料人工复核，未获准进入正式标书。,河北泰昌电力器材科技有限公司,河北泰昌电力器材科技有限公司,,green_low_carbon,绿色低碳资料,True,False,资料：泰昌绿色低碳资料,extract_word_media_as_knowledge_only,尚未通过P0-06人工批准,False,ready_for_extraction_and_validation,True,泰昌企业资料,5ea7609d266696f2645b111297a8a8dfc1c44070fdddbc8fdb01c011148ec128,mixed_historical_bid,tender_scoring_derived,[],review_only,knowledge_only,仅限人工复核,True,media,True,needs_customer_confirmation,policy_auto_accepted,需要客户确认,2026-07-13,产品库资料,泰昌现状环境影响评估报告知识资料第017项,系统分级策略,internal,企业内部资料,客户主动提供历史技术标/商务标用于系统整理与复用,True,泰昌技术补充文件,泰昌技术补充文件,enterprise_fact,assets/template_words/技术补充文件.docx,128,（二）专项投标文件/5.针对评审要素，需要补充的其他文件/5.3.绿色低碳生产及绿色回收/5.3.1.建立了绿色生产/5.3.1.3.现状环境影响评估报告,"[""泰昌"", ""绿色低碳资料"", ""历史标书候选"", ""技术标""]",product_library,产品库资料,taichang_only,泰昌绿色低碳资料历史候选第128页,仅作泰昌内部知识资料；不得作为精确参数、有效证书或正式投标附件直接引用,needs_review,[]
taichang_tenant_internal,False,"[""专项投标文件/5.针对评审要素，需要补充的其他文件/5.3.绿色低碳生产及绿色回收/5.3.1.建立了绿色生产/5.3.1.3.现状环境影响评估报告""]","[""技术标""]",False,technical,technical-media-0130,formal_material_caption,绿色低碳资料,0.9,9f82795c7f45965df6390754dd848877022e96ad2efd54c8ec901a90eba09cbd,系统自动接收为知识资料,new,未发现重复，仍需审核,来源于泰昌技术补充文件，历史位置为“专项投标文件/5.针对评审要素，需要补充的其他文件/5.3.绿色低碳生产及绿色回收/5.3.1.建立了绿色生产/5.3.1.3.现状环境影响评估报告”。当前仅用于泰昌资料人工复核，未获准进入正式标书。,河北泰昌电力器材科技有限公司,河北泰昌电力器材科技有限公司,,green_low_carbon,绿色低碳资料,True,False,资料：泰昌绿色低碳资料,extract_word_media_as_knowledge_only,尚未通过P0-06人工批准,False,ready_for_extraction_and_validation,True,泰昌企业资料,9f82795c7f45965df6390754dd848877022e96ad2efd54c8ec901a90eba09cbd,mixed_historical_bid,tender_scoring_derived,[],review_only,knowledge_only,仅限人工复核,True,media,True,needs_customer_confirmation,policy_auto_accepted,需要客户确认,2026-07-13,产品库资料,泰昌现状环境影响评估报告知识资料第018项,系统分级策略,internal,企业内部资料,客户主动提供历史技术标/商务标用于系统整理与复用,True,泰昌技术补充文件,泰昌技术补充文件,enterprise_fact,assets/template_words/技术补充文件.docx,128,（二）专项投标文件/5.针对评审要素，需要补充的其他文件/5.3.绿色低碳生产及绿色回收/5.3.1.建立了绿色生产/5.3.1.3.现状环境影响评估报告,"[""泰昌"", ""绿色低碳资料"", ""历史标书候选"", ""技术标""]",product_library,产品库资料,taichang_only,泰昌绿色低碳资料历史候选第128页,仅作泰昌内部知识资料；不得作为精确参数、有效证书或正式投标附件直接引用,needs_review,[]
taichang_tenant_internal,False,"[""专项投标文件/5.针对评审要素，需要补充的其他文件/5.3.绿色低碳生产及绿色回收/5.3.1.建立了绿色生产/5.3.1.3.现状环境影响评估报告""]","[""技术标""]",False,technical,technical-media-0131,formal_material_caption,绿色低碳资料,0.9,9101c0589ed2af680f3f5802b58af437004e37393b29e2aebd195ccc2dbb1727,系统自动接收为知识资料,new,未发现重复，仍需审核,来源于泰昌技术补充文件，历史位置为“专项投标文件/5.针对评审要素，需要补充的其他文件/5.3.绿色低碳生产及绿色回收/5.3.1.建立了绿色生产/5.3.1.3.现状环境影响评估报告”。当前仅用于泰昌资料人工复核，未获准进入正式标书。,河北泰昌电力器材科技有限公司,河北泰昌电力器材科技有限公司,,green_low_carbon,绿色低碳资料,True,False,资料：泰昌绿色低碳资料,extract_word_media_as_knowledge_only,尚未通过P0-06人工批准,False,ready_for_extraction_and_validation,True,泰昌企业资料,9101c0589ed2af680f3f5802b58af437004e37393b29e2aebd195ccc2dbb1727,mixed_historical_bid,tender_scoring_derived,[],review_only,knowledge_only,仅限人工复核,True,media,True,needs_customer_confirmation,policy_auto_accepted,需要客户确认,2026-07-13,产品库资料,泰昌现状环境影响评估报告知识资料第019项,系统分级策略,internal,企业内部资料,客户主动提供历史技术标/商务标用于系统整理与复用,True,泰昌技术补充文件,泰昌技术补充文件,enterprise_fact,assets/template_words/技术补充文件.docx,128,（二）专项投标文件/5.针对评审要素，需要补充的其他文件/5.3.绿色低碳生产及绿色回收/5.3.1.建立了绿色生产/5.3.1.3.现状环境影响评估报告,"[""泰昌"", ""绿色低碳资料"", ""历史标书候选"", ""技术标""]",product_library,产品库资料,taichang_only,泰昌绿色低碳资料历史候选第128页,仅作泰昌内部知识资料；不得作为精确参数、有效证书或正式投标附件直接引用,needs_review,[]
taichang_tenant_internal,False,"[""专项投标文件/5.针对评审要素，需要补充的其他文件/5.3.绿色低碳生产及绿色回收/5.3.1.建立了绿色生产/5.3.1.3.现状环境影响评估报告""]","[""技术标""]",False,technical,technical-media-0132,formal_material_caption,绿色低碳资料,0.9,fde1f096c69e065fa4d3c87cc5d25a236f016387bb0dda50a3f649ad0c08120b,系统自动接收为知识资料,new,未发现重复，仍需审核,来源于泰昌技术补充文件，历史位置为“专项投标文件/5.针对评审要素，需要补充的其他文件/5.3.绿色低碳生产及绿色回收/5.3.1.建立了绿色生产/5.3.1.3.现状环境影响评估报告”。当前仅用于泰昌资料人工复核，未获准进入正式标书。,河北泰昌电力器材科技有限公司,河北泰昌电力器材科技有限公司,,green_low_carbon,绿色低碳资料,True,False,资料：泰昌绿色低碳资料,extract_word_media_as_knowledge_only,尚未通过P0-06人工批准,False,ready_for_extraction_and_validation,True,泰昌企业资料,fde1f096c69e065fa4d3c87cc5d25a236f016387bb0dda50a3f649ad0c08120b,mixed_historical_bid,tender_scoring_derived,[],review_only,knowledge_only,仅限人工复核,True,media,True,needs_customer_confirmation,policy_auto_accepted,需要客户确认,2026-07-13,产品库资料,泰昌现状环境影响评估报告知识资料第020项,系统分级策略,internal,企业内部资料,客户主动提供历史技术标/商务标用于系统整理与复用,True,泰昌技术补充文件,泰昌技术补充文件,enterprise_fact,assets/template_words/技术补充文件.docx,128,（二）专项投标文件/5.针对评审要素，需要补充的其他文件/5.3.绿色低碳生产及绿色回收/5.3.1.建立了绿色生产/5.3.1.3.现状环境影响评估报告,"[""泰昌"", ""绿色低碳资料"", ""历史标书候选"", ""技术标""]",product_library,产品库资料,taichang_only,泰昌绿色低碳资料历史候选第128页,仅作泰昌内部知识资料；不得作为精确参数、有效证书或正式投标附件直接引用,needs_review,[]
taichang_tenant_internal,False,"[""专项投标文件/5.针对评审要素，需要补充的其他文件/5.3.绿色低碳生产及绿色回收/5.3.1.建立了绿色生产/5.3.1.3.现状环境影响评估报告""]","[""技术标""]",False,technical,technical-media-0133,formal_material_caption,绿色低碳资料,0.9,1cd65e41fc3658da45dc05011e34a75da83ebb6b4052950aa03944d8790d1d52,系统自动接收为知识资料,new,未发现重复，仍需审核,来源于泰昌技术补充文件，历史位置为“专项投标文件/5.针对评审要素，需要补充的其他文件/5.3.绿色低碳生产及绿色回收/5.3.1.建立了绿色生产/5.3.1.3.现状环境影响评估报告”。当前仅用于泰昌资料人工复核，未获准进入正式标书。,河北泰昌电力器材科技有限公司,河北泰昌电力器材科技有限公司,,green_low_carbon,绿色低碳资料,True,False,资料：泰昌绿色低碳资料,extract_word_media_as_knowledge_only,尚未通过P0-06人工批准,False,ready_for_extraction_and_validation,True,泰昌企业资料,1cd65e41fc3658da45dc05011e34a75da83ebb6b4052950aa03944d8790d1d52,mixed_historical_bid,tender_scoring_derived,[],review_only,knowledge_only,仅限人工复核,True,media,True,needs_customer_confirmation,policy_auto_accepted,需要客户确认,2026-07-13,产品库资料,泰昌现状环境影响评估报告知识资料第021项,系统分级策略,internal,企业内部资料,客户主动提供历史技术标/商务标用于系统整理与复用,True,泰昌技术补充文件,泰昌技术补充文件,enterprise_fact,assets/template_words/技术补充文件.docx,128,（二）专项投标文件/5.针对评审要素，需要补充的其他文件/5.3.绿色低碳生产及绿色回收/5.3.1.建立了绿色生产/5.3.1.3.现状环境影响评估报告,"[""泰昌"", ""绿色低碳资料"", ""历史标书候选"", ""技术标""]",product_library,产品库资料,taichang_only,泰昌绿色低碳资料历史候选第128页,仅作泰昌内部知识资料；不得作为精确参数、有效证书或正式投标附件直接引用,needs_review,[]
taichang_tenant_internal,False,"[""专项投标文件/5.针对评审要素，需要补充的其他文件/5.3.绿色低碳生产及绿色回收/5.3.1.建立了绿色生产/5.3.1.3.现状环境影响评估报告""]","[""技术标""]",False,technical,technical-media-0134,formal_material_caption,绿色低碳资料,0.9,9ef0a72b549a609ff1f0558d023bde09f694b3c13e4921e9b8d4e17c8ed444a4,系统自动接收为知识资料,new,未发现重复，仍需审核,来源于泰昌技术补充文件，历史位置为“专项投标文件/5.针对评审要素，需要补充的其他文件/5.3.绿色低碳生产及绿色回收/5.3.1.建立了绿色生产/5.3.1.3.现状环境影响评估报告”。当前仅用于泰昌资料人工复核，未获准进入正式标书。,河北泰昌电力器材科技有限公司,河北泰昌电力器材科技有限公司,,green_low_carbon,绿色低碳资料,True,False,资料：泰昌绿色低碳资料,extract_word_media_as_knowledge_only,尚未通过P0-06人工批准,False,ready_for_extraction_and_validation,True,泰昌企业资料,9ef0a72b549a609ff1f0558d023bde09f694b3c13e4921e9b8d4e17c8ed444a4,mixed_historical_bid,tender_scoring_derived,[],review_only,knowledge_only,仅限人工复核,True,media,True,needs_customer_confirmation,policy_auto_accepted,需要客户确认,2026-07-13,产品库资料,泰昌现状环境影响评估报告知识资料第022项,系统分级策略,internal,企业内部资料,客户主动提供历史技术标/商务标用于系统整理与复用,True,泰昌技术补充文件,泰昌技术补充文件,enterprise_fact,assets/template_words/技术补充文件.docx,128,（二）专项投标文件/5.针对评审要素，需要补充的其他文件/5.3.绿色低碳生产及绿色回收/5.3.1.建立了绿色生产/5.3.1.3.现状环境影响评估报告,"[""泰昌"", ""绿色低碳资料"", ""历史标书候选"", ""技术标""]",product_library,产品库资料,taichang_only,泰昌绿色低碳资料历史候选第128页,仅作泰昌内部知识资料；不得作为精确参数、有效证书或正式投标附件直接引用,needs_review,[]
taichang_tenant_internal,False,"[""专项投标文件/5.针对评审要素，需要补充的其他文件/5.3.绿色低碳生产及绿色回收/5.3.1.建立了绿色生产/5.3.1.3.现状环境影响评估报告""]","[""技术标""]",False,technical,technical-media-0135,formal_material_caption,绿色低碳资料,0.9,effb6806b9ebdc8a5b5513850b40c367dd37d03cbde7661043049b8fc4e2586e,系统自动接收为知识资料,new,未发现重复，仍需审核,来源于泰昌技术补充文件，历史位置为“专项投标文件/5.针对评审要素，需要补充的其他文件/5.3.绿色低碳生产及绿色回收/5.3.1.建立了绿色生产/5.3.1.3.现状环境影响评估报告”。当前仅用于泰昌资料人工复核，未获准进入正式标书。,河北泰昌电力器材科技有限公司,河北泰昌电力器材科技有限公司,,green_low_carbon,绿色低碳资料,True,False,资料：泰昌绿色低碳资料,extract_word_media_as_knowledge_only,尚未通过P0-06人工批准,False,ready_for_extraction_and_validation,True,泰昌企业资料,effb6806b9ebdc8a5b5513850b40c367dd37d03cbde7661043049b8fc4e2586e,mixed_historical_bid,tender_scoring_derived,[],review_only,knowledge_only,仅限人工复核,True,media,True,needs_customer_confirmation,policy_auto_accepted,需要客户确认,2026-07-13,产品库资料,泰昌现状环境影响评估报告知识资料第023项,系统分级策略,internal,企业内部资料,客户主动提供历史技术标/商务标用于系统整理与复用,True,泰昌技术补充文件,泰昌技术补充文件,enterprise_fact,assets/template_words/技术补充文件.docx,128,（二）专项投标文件/5.针对评审要素，需要补充的其他文件/5.3.绿色低碳生产及绿色回收/5.3.1.建立了绿色生产/5.3.1.3.现状环境影响评估报告,"[""泰昌"", ""绿色低碳资料"", ""历史标书候选"", ""技术标""]",product_library,产品库资料,taichang_only,泰昌绿色低碳资料历史候选第128页,仅作泰昌内部知识资料；不得作为精确参数、有效证书或正式投标附件直接引用,needs_review,[]
taichang_tenant_internal,False,"[""专项投标文件/5.针对评审要素，需要补充的其他文件/5.3.绿色低碳生产及绿色回收/5.3.1.建立了绿色生产/5.3.1.3.现状环境影响评估报告""]","[""技术标""]",False,technical,technical-media-0136,formal_material_caption,绿色低碳资料,0.9,ddc76de9a85a3849acdb1eb52e98e709b59b6567ac873daddf82fe35bd6d6437,系统自动接收为知识资料,new,未发现重复，仍需审核,来源于泰昌技术补充文件，历史位置为“专项投标文件/5.针对评审要素，需要补充的其他文件/5.3.绿色低碳生产及绿色回收/5.3.1.建立了绿色生产/5.3.1.3.现状环境影响评估报告”。当前仅用于泰昌资料人工复核，未获准进入正式标书。,河北泰昌电力器材科技有限公司,河北泰昌电力器材科技有限公司,,green_low_carbon,绿色低碳资料,True,False,资料：泰昌绿色低碳资料,extract_word_media_as_knowledge_only,尚未通过P0-06人工批准,False,ready_for_extraction_and_validation,True,泰昌企业资料,ddc76de9a85a3849acdb1eb52e98e709b59b6567ac873daddf82fe35bd6d6437,mixed_historical_bid,tender_scoring_derived,[],review_only,knowledge_only,仅限人工复核,True,media,True,needs_customer_confirmation,policy_auto_accepted,需要客户确认,2026-07-13,产品库资料,泰昌现状环境影响评估报告知识资料第024项,系统分级策略,internal,企业内部资料,客户主动提供历史技术标/商务标用于系统整理与复用,True,泰昌技术补充文件,泰昌技术补充文件,enterprise_fact,assets/template_words/技术补充文件.docx,128,（二）专项投标文件/5.针对评审要素，需要补充的其他文件/5.3.绿色低碳生产及绿色回收/5.3.1.建立了绿色生产/5.3.1.3.现状环境影响评估报告,"[""泰昌"", ""绿色低碳资料"", ""历史标书候选"", ""技术标""]",product_library,产品库资料,taichang_only,泰昌绿色低碳资料历史候选第128页,仅作泰昌内部知识资料；不得作为精确参数、有效证书或正式投标附件直接引用,needs_review,[]
taichang_tenant_internal,False,"[""专项投标文件/5.针对评审要素，需要补充的其他文件/5.3.绿色低碳生产及绿色回收/5.3.1.建立了绿色生产/5.3.1.3.现状环境影响评估报告""]","[""技术标""]",False,technical,technical-media-0137,formal_material_caption,绿色低碳资料,0.9,9b9d318a5b35714f7c97340e8513925f924208545d8bfed4f3732cadf414bfc3,系统自动接收为知识资料,new,未发现重复，仍需审核,来源于泰昌技术补充文件，历史位置为“专项投标文件/5.针对评审要素，需要补充的其他文件/5.3.绿色低碳生产及绿色回收/5.3.1.建立了绿色生产/5.3.1.3.现状环境影响评估报告”。当前仅用于泰昌资料人工复核，未获准进入正式标书。,河北泰昌电力器材科技有限公司,河北泰昌电力器材科技有限公司,,green_low_carbon,绿色低碳资料,True,False,资料：泰昌绿色低碳资料,extract_word_media_as_knowledge_only,尚未通过P0-06人工批准,False,ready_for_extraction_and_validation,True,泰昌企业资料,9b9d318a5b35714f7c97340e8513925f924208545d8bfed4f3732cadf414bfc3,mixed_historical_bid,tender_scoring_derived,[],review_only,knowledge_only,仅限人工复核,True,media,True,needs_customer_confirmation,policy_auto_accepted,需要客户确认,2026-07-13,产品库资料,泰昌现状环境影响评估报告知识资料第025项,系统分级策略,internal,企业内部资料,客户主动提供历史技术标/商务标用于系统整理与复用,True,泰昌技术补充文件,泰昌技术补充文件,enterprise_fact,assets/template_words/技术补充文件.docx,128,（二）专项投标文件/5.针对评审要素，需要补充的其他文件/5.3.绿色低碳生产及绿色回收/5.3.1.建立了绿色生产/5.3.1.3.现状环境影响评估报告,"[""泰昌"", ""绿色低碳资料"", ""历史标书候选"", ""技术标""]",product_library,产品库资料,taichang_only,泰昌绿色低碳资料历史候选第128页,仅作泰昌内部知识资料；不得作为精确参数、有效证书或正式投标附件直接引用,needs_review,[]
taichang_tenant_internal,False,"[""专项投标文件/5.针对评审要素，需要补充的其他文件/5.3.绿色低碳生产及绿色回收/5.3.1.建立了绿色生产/5.3.1.3.现状环境影响评估报告""]","[""技术标""]",False,technical,technical-media-0138,formal_material_caption,绿色低碳资料,0.9,0e273dd622dc112d10f886b9e9cf0e9396bd3a9fb0d229ce2a36bbc3a4eee6de,系统自动接收为知识资料,new,未发现重复，仍需审核,来源于泰昌技术补充文件，历史位置为“专项投标文件/5.针对评审要素，需要补充的其他文件/5.3.绿色低碳生产及绿色回收/5.3.1.建立了绿色生产/5.3.1.3.现状环境影响评估报告”。当前仅用于泰昌资料人工复核，未获准进入正式标书。,河北泰昌电力器材科技有限公司,河北泰昌电力器材科技有限公司,,green_low_carbon,绿色低碳资料,True,False,资料：泰昌绿色低碳资料,extract_word_media_as_knowledge_only,尚未通过P0-06人工批准,False,ready_for_extraction_and_validation,True,泰昌企业资料,0e273dd622dc112d10f886b9e9cf0e9396bd3a9fb0d229ce2a36bbc3a4eee6de,mixed_historical_bid,tender_scoring_derived,[],review_only,knowledge_only,仅限人工复核,True,media,True,needs_customer_confirmation,policy_auto_accepted,需要客户确认,2026-07-13,产品库资料,泰昌现状环境影响评估报告知识资料第026项,系统分级策略,internal,企业内部资料,客户主动提供历史技术标/商务标用于系统整理与复用,True,泰昌技术补充文件,泰昌技术补充文件,enterprise_fact,assets/template_words/技术补充文件.docx,128,（二）专项投标文件/5.针对评审要素，需要补充的其他文件/5.3.绿色低碳生产及绿色回收/5.3.1.建立了绿色生产/5.3.1.3.现状环境影响评估报告,"[""泰昌"", ""绿色低碳资料"", ""历史标书候选"", ""技术标""]",product_library,产品库资料,taichang_only,泰昌绿色低碳资料历史候选第128页,仅作泰昌内部知识资料；不得作为精确参数、有效证书或正式投标附件直接引用,needs_review,[]
taichang_tenant_internal,False,"[""专项投标文件/5.针对评审要素，需要补充的其他文件/5.3.绿色低碳生产及绿色回收/5.3.1.建立了绿色生产/5.3.1.3.现状环境影响评估报告""]","[""技术标""]",False,technical,technical-media-0139,formal_material_caption,绿色低碳资料,0.9,53f6d46711bf082d4ff78005278b662d65813d5db0ff022ac04c202ef78479cf,系统自动接收为知识资料,new,未发现重复，仍需审核,来源于泰昌技术补充文件，历史位置为“专项投标文件/5.针对评审要素，需要补充的其他文件/5.3.绿色低碳生产及绿色回收/5.3.1.建立了绿色生产/5.3.1.3.现状环境影响评估报告”。当前仅用于泰昌资料人工复核，未获准进入正式标书。,河北泰昌电力器材科技有限公司,河北泰昌电力器材科技有限公司,,green_low_carbon,绿色低碳资料,True,False,资料：泰昌绿色低碳资料,extract_word_media_as_knowledge_only,尚未通过P0-06人工批准,False,ready_for_extraction_and_validation,True,泰昌企业资料,53f6d46711bf082d4ff78005278b662d65813d5db0ff022ac04c202ef78479cf,mixed_historical_bid,tender_scoring_derived,[],review_only,knowledge_only,仅限人工复核,True,media,True,needs_customer_confirmation,policy_auto_accepted,需要客户确认,2026-07-13,产品库资料,泰昌现状环境影响评估报告知识资料第027项,系统分级策略,internal,企业内部资料,客户主动提供历史技术标/商务标用于系统整理与复用,True,泰昌技术补充文件,泰昌技术补充文件,enterprise_fact,assets/template_words/技术补充文件.docx,128,（二）专项投标文件/5.针对评审要素，需要补充的其他文件/5.3.绿色低碳生产及绿色回收/5.3.1.建立了绿色生产/5.3.1.3.现状环境影响评估报告,"[""泰昌"", ""绿色低碳资料"", ""历史标书候选"", ""技术标""]",product_library,产品库资料,taichang_only,泰昌绿色低碳资料历史候选第128页,仅作泰昌内部知识资料；不得作为精确参数、有效证书或正式投标附件直接引用,needs_review,[]
taichang_tenant_internal,False,"[""专项投标文件/5.针对评审要素，需要补充的其他文件/5.3.绿色低碳生产及绿色回收/5.3.1.建立了绿色生产/5.3.1.3.现状环境影响评估报告""]","[""技术标""]",False,technical,technical-media-0140,formal_material_caption,绿色低碳资料,0.9,b49f2c4536e09c3d482813a31cfb86512ef663a8256ab4f6c059b891254c8fce,系统自动接收为知识资料,new,未发现重复，仍需审核,来源于泰昌技术补充文件，历史位置为“专项投标文件/5.针对评审要素，需要补充的其他文件/5.3.绿色低碳生产及绿色回收/5.3.1.建立了绿色生产/5.3.1.3.现状环境影响评估报告”。当前仅用于泰昌资料人工复核，未获准进入正式标书。,河北泰昌电力器材科技有限公司,河北泰昌电力器材科技有限公司,,green_low_carbon,绿色低碳资料,True,False,资料：泰昌绿色低碳资料,extract_word_media_as_knowledge_only,尚未通过P0-06人工批准,False,ready_for_extraction_and_validation,True,泰昌企业资料,b49f2c4536e09c3d482813a31cfb86512ef663a8256ab4f6c059b891254c8fce,mixed_historical_bid,tender_scoring_derived,[],review_only,knowledge_only,仅限人工复核,True,media,True,needs_customer_confirmation,policy_auto_accepted,需要客户确认,2026-07-13,产品库资料,泰昌现状环境影响评估报告知识资料第028项,系统分级策略,internal,企业内部资料,客户主动提供历史技术标/商务标用于系统整理与复用,True,泰昌技术补充文件,泰昌技术补充文件,enterprise_fact,assets/template_words/技术补充文件.docx,128,（二）专项投标文件/5.针对评审要素，需要补充的其他文件/5.3.绿色低碳生产及绿色回收/5.3.1.建立了绿色生产/5.3.1.3.现状环境影响评估报告,"[""泰昌"", ""绿色低碳资料"", ""历史标书候选"", ""技术标""]",product_library,产品库资料,taichang_only,泰昌绿色低碳资料历史候选第128页,仅作泰昌内部知识资料；不得作为精确参数、有效证书或正式投标附件直接引用,needs_review,[]
taichang_tenant_internal,False,"[""专项投标文件/5.针对评审要素，需要补充的其他文件/5.3.绿色低碳生产及绿色回收/5.3.1.建立了绿色生产/5.3.1.3.现状环境影响评估报告""]","[""技术标""]",False,technical,technical-media-0141,formal_material_caption,绿色低碳资料,0.9,417d73c14cc0b1f060fe45a657b8b14feb353ec171c35b78bc52b6e31dde0d26,系统自动接收为知识资料,new,未发现重复，仍需审核,来源于泰昌技术补充文件，历史位置为“专项投标文件/5.针对评审要素，需要补充的其他文件/5.3.绿色低碳生产及绿色回收/5.3.1.建立了绿色生产/5.3.1.3.现状环境影响评估报告”。当前仅用于泰昌资料人工复核，未获准进入正式标书。,河北泰昌电力器材科技有限公司,河北泰昌电力器材科技有限公司,,green_low_carbon,绿色低碳资料,True,False,资料：泰昌绿色低碳资料,extract_word_media_as_knowledge_only,尚未通过P0-06人工批准,False,ready_for_extraction_and_validation,True,泰昌企业资料,417d73c14cc0b1f060fe45a657b8b14feb353ec171c35b78bc52b6e31dde0d26,mixed_historical_bid,tender_scoring_derived,[],review_only,knowledge_only,仅限人工复核,True,media,True,needs_customer_confirmation,policy_auto_accepted,需要客户确认,2026-07-13,产品库资料,泰昌现状环境影响评估报告知识资料第029项,系统分级策略,internal,企业内部资料,客户主动提供历史技术标/商务标用于系统整理与复用,True,泰昌技术补充文件,泰昌技术补充文件,enterprise_fact,assets/template_words/技术补充文件.docx,128,（二）专项投标文件/5.针对评审要素，需要补充的其他文件/5.3.绿色低碳生产及绿色回收/5.3.1.建立了绿色生产/5.3.1.3.现状环境影响评估报告,"[""泰昌"", ""绿色低碳资料"", ""历史标书候选"", ""技术标""]",product_library,产品库资料,taichang_only,泰昌绿色低碳资料历史候选第128页,仅作泰昌内部知识资料；不得作为精确参数、有效证书或正式投标附件直接引用,needs_review,[]
taichang_tenant_internal,False,"[""专项投标文件/5.针对评审要素，需要补充的其他文件/5.3.绿色低碳生产及绿色回收/5.3.1.建立了绿色生产/5.3.1.3.现状环境影响评估报告""]","[""技术标""]",False,technical,technical-media-0142,formal_material_caption,绿色低碳资料,0.9,6b6bcf302f2a3973c57896d3392cbf1605e39946beb6b787d87fa01dd510982c,系统自动接收为知识资料,new,未发现重复，仍需审核,来源于泰昌技术补充文件，历史位置为“专项投标文件/5.针对评审要素，需要补充的其他文件/5.3.绿色低碳生产及绿色回收/5.3.1.建立了绿色生产/5.3.1.3.现状环境影响评估报告”。当前仅用于泰昌资料人工复核，未获准进入正式标书。,河北泰昌电力器材科技有限公司,河北泰昌电力器材科技有限公司,,green_low_carbon,绿色低碳资料,True,False,资料：泰昌绿色低碳资料,extract_word_media_as_knowledge_only,尚未通过P0-06人工批准,False,ready_for_extraction_and_validation,True,泰昌企业资料,6b6bcf302f2a3973c57896d3392cbf1605e39946beb6b787d87fa01dd510982c,mixed_historical_bid,tender_scoring_derived,[],review_only,knowledge_only,仅限人工复核,True,media,True,needs_customer_confirmation,policy_auto_accepted,需要客户确认,2026-07-13,产品库资料,泰昌现状环境影响评估报告知识资料第030项,系统分级策略,internal,企业内部资料,客户主动提供历史技术标/商务标用于系统整理与复用,True,泰昌技术补充文件,泰昌技术补充文件,enterprise_fact,assets/template_words/技术补充文件.docx,128,（二）专项投标文件/5.针对评审要素，需要补充的其他文件/5.3.绿色低碳生产及绿色回收/5.3.1.建立了绿色生产/5.3.1.3.现状环境影响评估报告,"[""泰昌"", ""绿色低碳资料"", ""历史标书候选"", ""技术标""]",product_library,产品库资料,taichang_only,泰昌绿色低碳资料历史候选第128页,仅作泰昌内部知识资料；不得作为精确参数、有效证书或正式投标附件直接引用,needs_review,[]
taichang_tenant_internal,False,"[""专项投标文件/5.针对评审要素，需要补充的其他文件/5.3.绿色低碳生产及绿色回收/5.3.1.建立了绿色生产/5.3.1.3.现状环境影响评估报告""]","[""技术标""]",False,technical,technical-media-0143,formal_material_caption,绿色低碳资料,0.9,f212e0832ff0655ad235175054907ecb425c24ae146fcac6f985c1bc653d5454,系统自动接收为知识资料,new,未发现重复，仍需审核,来源于泰昌技术补充文件，历史位置为“专项投标文件/5.针对评审要素，需要补充的其他文件/5.3.绿色低碳生产及绿色回收/5.3.1.建立了绿色生产/5.3.1.3.现状环境影响评估报告”。当前仅用于泰昌资料人工复核，未获准进入正式标书。,河北泰昌电力器材科技有限公司,河北泰昌电力器材科技有限公司,,green_low_carbon,绿色低碳资料,True,False,资料：泰昌绿色低碳资料,extract_word_media_as_knowledge_only,尚未通过P0-06人工批准,False,ready_for_extraction_and_validation,True,泰昌企业资料,f212e0832ff0655ad235175054907ecb425c24ae146fcac6f985c1bc653d5454,mixed_historical_bid,tender_scoring_derived,[],review_only,knowledge_only,仅限人工复核,True,media,True,needs_customer_confirmation,policy_auto_accepted,需要客户确认,2026-07-13,产品库资料,泰昌现状环境影响评估报告知识资料第031项,系统分级策略,internal,企业内部资料,客户主动提供历史技术标/商务标用于系统整理与复用,True,泰昌技术补充文件,泰昌技术补充文件,enterprise_fact,assets/template_words/技术补充文件.docx,128,（二）专项投标文件/5.针对评审要素，需要补充的其他文件/5.3.绿色低碳生产及绿色回收/5.3.1.建立了绿色生产/5.3.1.3.现状环境影响评估报告,"[""泰昌"", ""绿色低碳资料"", ""历史标书候选"", ""技术标""]",product_library,产品库资料,taichang_only,泰昌绿色低碳资料历史候选第128页,仅作泰昌内部知识资料；不得作为精确参数、有效证书或正式投标附件直接引用,needs_review,[]
taichang_tenant_internal,False,"[""专项投标文件/5.针对评审要素，需要补充的其他文件/5.3.绿色低碳生产及绿色回收/5.3.1.建立了绿色生产/5.3.1.3.现状环境影响评估报告""]","[""技术标""]",False,technical,technical-media-0144,formal_material_caption,绿色低碳资料,0.9,1e8ba91366960a93a8b9c2e40a6aaac7ee29c1e78829064315bd38a73604e69b,系统自动接收为知识资料,new,未发现重复，仍需审核,来源于泰昌技术补充文件，历史位置为“专项投标文件/5.针对评审要素，需要补充的其他文件/5.3.绿色低碳生产及绿色回收/5.3.1.建立了绿色生产/5.3.1.3.现状环境影响评估报告”。当前仅用于泰昌资料人工复核，未获准进入正式标书。,河北泰昌电力器材科技有限公司,河北泰昌电力器材科技有限公司,,green_low_carbon,绿色低碳资料,True,False,资料：泰昌绿色低碳资料,extract_word_media_as_knowledge_only,尚未通过P0-06人工批准,False,ready_for_extraction_and_validation,True,泰昌企业资料,1e8ba91366960a93a8b9c2e40a6aaac7ee29c1e78829064315bd38a73604e69b,mixed_historical_bid,tender_scoring_derived,[],review_only,knowledge_only,仅限人工复核,True,media,True,needs_customer_confirmation,policy_auto_accepted,需要客户确认,2026-07-13,产品库资料,泰昌现状环境影响评估报告知识资料第032项,系统分级策略,internal,企业内部资料,客户主动提供历史技术标/商务标用于系统整理与复用,True,泰昌技术补充文件,泰昌技术补充文件,enterprise_fact,assets/template_words/技术补充文件.docx,128,（二）专项投标文件/5.针对评审要素，需要补充的其他文件/5.3.绿色低碳生产及绿色回收/5.3.1.建立了绿色生产/5.3.1.3.现状环境影响评估报告,"[""泰昌"", ""绿色低碳资料"", ""历史标书候选"", ""技术标""]",product_library,产品库资料,taichang_only,泰昌绿色低碳资料历史候选第128页,仅作泰昌内部知识资料；不得作为精确参数、有效证书或正式投标附件直接引用,needs_review,[]
taichang_tenant_internal,False,"[""专项投标文件/5.针对评审要素，需要补充的其他文件/5.3.绿色低碳生产及绿色回收/5.3.1.建立了绿色生产/5.3.1.3.现状环境影响评估报告""]","[""技术标""]",False,technical,technical-media-0145,formal_material_caption,绿色低碳资料,0.9,a739db0f454fd5b8b8d6c004aa76ac799a87e91c354fa1f1e68bd4770b8a9769,系统自动接收为知识资料,new,未发现重复，仍需审核,来源于泰昌技术补充文件，历史位置为“专项投标文件/5.针对评审要素，需要补充的其他文件/5.3.绿色低碳生产及绿色回收/5.3.1.建立了绿色生产/5.3.1.3.现状环境影响评估报告”。当前仅用于泰昌资料人工复核，未获准进入正式标书。,河北泰昌电力器材科技有限公司,河北泰昌电力器材科技有限公司,,green_low_carbon,绿色低碳资料,True,False,资料：泰昌绿色低碳资料,extract_word_media_as_knowledge_only,尚未通过P0-06人工批准,False,ready_for_extraction_and_validation,True,泰昌企业资料,a739db0f454fd5b8b8d6c004aa76ac799a87e91c354fa1f1e68bd4770b8a9769,mixed_historical_bid,tender_scoring_derived,[],review_only,knowledge_only,仅限人工复核,True,media,True,needs_customer_confirmation,policy_auto_accepted,需要客户确认,2026-07-13,产品库资料,泰昌现状环境影响评估报告知识资料第033项,系统分级策略,internal,企业内部资料,客户主动提供历史技术标/商务标用于系统整理与复用,True,泰昌技术补充文件,泰昌技术补充文件,enterprise_fact,assets/template_words/技术补充文件.docx,128,（二）专项投标文件/5.针对评审要素，需要补充的其他文件/5.3.绿色低碳生产及绿色回收/5.3.1.建立了绿色生产/5.3.1.3.现状环境影响评估报告,"[""泰昌"", ""绿色低碳资料"", ""历史标书候选"", ""技术标""]",product_library,产品库资料,taichang_only,泰昌绿色低碳资料历史候选第128页,仅作泰昌内部知识资料；不得作为精确参数、有效证书或正式投标附件直接引用,needs_review,[]
taichang_tenant_internal,False,"[""专项投标文件/5.针对评审要素，需要补充的其他文件/5.3.绿色低碳生产及绿色回收/5.3.1.建立了绿色生产/5.3.1.3.现状环境影响评估报告""]","[""技术标""]",False,technical,technical-media-0146,formal_material_caption,绿色低碳资料,0.9,41798c5585e51efa99ddb9c426d605290260772d3777ff07df3da9ee2ddce49d,系统自动接收为知识资料,new,未发现重复，仍需审核,来源于泰昌技术补充文件，历史位置为“专项投标文件/5.针对评审要素，需要补充的其他文件/5.3.绿色低碳生产及绿色回收/5.3.1.建立了绿色生产/5.3.1.3.现状环境影响评估报告”。当前仅用于泰昌资料人工复核，未获准进入正式标书。,河北泰昌电力器材科技有限公司,河北泰昌电力器材科技有限公司,,green_low_carbon,绿色低碳资料,True,False,资料：泰昌绿色低碳资料,extract_word_media_as_knowledge_only,尚未通过P0-06人工批准,False,ready_for_extraction_and_validation,True,泰昌企业资料,41798c5585e51efa99ddb9c426d605290260772d3777ff07df3da9ee2ddce49d,mixed_historical_bid,tender_scoring_derived,[],review_only,knowledge_only,仅限人工复核,True,media,True,needs_customer_confirmation,policy_auto_accepted,需要客户确认,2026-07-13,产品库资料,泰昌现状环境影响评估报告知识资料第034项,系统分级策略,internal,企业内部资料,客户主动提供历史技术标/商务标用于系统整理与复用,True,泰昌技术补充文件,泰昌技术补充文件,enterprise_fact,assets/template_words/技术补充文件.docx,128,（二）专项投标文件/5.针对评审要素，需要补充的其他文件/5.3.绿色低碳生产及绿色回收/5.3.1.建立了绿色生产/5.3.1.3.现状环境影响评估报告,"[""泰昌"", ""绿色低碳资料"", ""历史标书候选"", ""技术标""]",product_library,产品库资料,taichang_only,泰昌绿色低碳资料历史候选第128页,仅作泰昌内部知识资料；不得作为精确参数、有效证书或正式投标附件直接引用,needs_review,[]
taichang_tenant_internal,False,"[""专项投标文件/5.针对评审要素，需要补充的其他文件/5.3.绿色低碳生产及绿色回收/5.3.1.建立了绿色生产/5.3.1.3.现状环境影响评估报告""]","[""技术标""]",False,technical,technical-media-0147,formal_material_caption,绿色低碳资料,0.9,2a956dd1af9c562e1d11cb772b1fed5372f2c909f657a8248ceaa0b9789bd4db,系统自动接收为知识资料,new,未发现重复，仍需审核,来源于泰昌技术补充文件，历史位置为“专项投标文件/5.针对评审要素，需要补充的其他文件/5.3.绿色低碳生产及绿色回收/5.3.1.建立了绿色生产/5.3.1.3.现状环境影响评估报告”。当前仅用于泰昌资料人工复核，未获准进入正式标书。,河北泰昌电力器材科技有限公司,河北泰昌电力器材科技有限公司,,green_low_carbon,绿色低碳资料,True,False,资料：泰昌绿色低碳资料,extract_word_media_as_knowledge_only,尚未通过P0-06人工批准,False,ready_for_extraction_and_validation,True,泰昌企业资料,2a956dd1af9c562e1d11cb772b1fed5372f2c909f657a8248ceaa0b9789bd4db,mixed_historical_bid,tender_scoring_derived,[],review_only,knowledge_only,仅限人工复核,True,media,True,needs_customer_confirmation,policy_auto_accepted,需要客户确认,2026-07-13,产品库资料,泰昌现状环境影响评估报告知识资料第035项,系统分级策略,internal,企业内部资料,客户主动提供历史技术标/商务标用于系统整理与复用,True,泰昌技术补充文件,泰昌技术补充文件,enterprise_fact,assets/template_words/技术补充文件.docx,128,（二）专项投标文件/5.针对评审要素，需要补充的其他文件/5.3.绿色低碳生产及绿色回收/5.3.1.建立了绿色生产/5.3.1.3.现状环境影响评估报告,"[""泰昌"", ""绿色低碳资料"", ""历史标书候选"", ""技术标""]",product_library,产品库资料,taichang_only,泰昌绿色低碳资料历史候选第128页,仅作泰昌内部知识资料；不得作为精确参数、有效证书或正式投标附件直接引用,needs_review,[]
taichang_tenant_internal,False,"[""专项投标文件/5.针对评审要素，需要补充的其他文件/5.3.绿色低碳生产及绿色回收/5.3.1.建立了绿色生产/5.3.1.3.现状环境影响评估报告""]","[""技术标""]",False,technical,technical-media-0148,formal_material_caption,绿色低碳资料,0.9,871ffd8627f54298eecb96f601f44c1fa97c95ca987198599a376983ecd524fa,系统自动接收为知识资料,new,未发现重复，仍需审核,来源于泰昌技术补充文件，历史位置为“专项投标文件/5.针对评审要素，需要补充的其他文件/5.3.绿色低碳生产及绿色回收/5.3.1.建立了绿色生产/5.3.1.3.现状环境影响评估报告”。当前仅用于泰昌资料人工复核，未获准进入正式标书。,河北泰昌电力器材科技有限公司,河北泰昌电力器材科技有限公司,,green_low_carbon,绿色低碳资料,True,False,资料：泰昌绿色低碳资料,extract_word_media_as_knowledge_only,尚未通过P0-06人工批准,False,ready_for_extraction_and_validation,True,泰昌企业资料,871ffd8627f54298eecb96f601f44c1fa97c95ca987198599a376983ecd524fa,mixed_historical_bid,tender_scoring_derived,[],review_only,knowledge_only,仅限人工复核,True,media,True,needs_customer_confirmation,policy_auto_accepted,需要客户确认,2026-07-13,产品库资料,泰昌现状环境影响评估报告知识资料第036项,系统分级策略,internal,企业内部资料,客户主动提供历史技术标/商务标用于系统整理与复用,True,泰昌技术补充文件,泰昌技术补充文件,enterprise_fact,assets/template_words/技术补充文件.docx,128,（二）专项投标文件/5.针对评审要素，需要补充的其他文件/5.3.绿色低碳生产及绿色回收/5.3.1.建立了绿色生产/5.3.1.3.现状环境影响评估报告,"[""泰昌"", ""绿色低碳资料"", ""历史标书候选"", ""技术标""]",product_library,产品库资料,taichang_only,泰昌绿色低碳资料历史候选第128页,仅作泰昌内部知识资料；不得作为精确参数、有效证书或正式投标附件直接引用,needs_review,[]
taichang_tenant_internal,False,"[""专项投标文件/5.针对评审要素，需要补充的其他文件/5.3.绿色低碳生产及绿色回收/5.3.1.建立了绿色生产/5.3.1.3.现状环境影响评估报告""]","[""技术标""]",False,technical,technical-media-0149,formal_material_caption,绿色低碳资料,0.9,bf56d311bc5c6dbec05552d8a9e014d48927ac246bbf24d44c0e5d0552f2b70c,系统自动接收为知识资料,new,未发现重复，仍需审核,来源于泰昌技术补充文件，历史位置为“专项投标文件/5.针对评审要素，需要补充的其他文件/5.3.绿色低碳生产及绿色回收/5.3.1.建立了绿色生产/5.3.1.3.现状环境影响评估报告”。当前仅用于泰昌资料人工复核，未获准进入正式标书。,河北泰昌电力器材科技有限公司,河北泰昌电力器材科技有限公司,,green_low_carbon,绿色低碳资料,True,False,资料：泰昌绿色低碳资料,extract_word_media_as_knowledge_only,尚未通过P0-06人工批准,False,ready_for_extraction_and_validation,True,泰昌企业资料,bf56d311bc5c6dbec05552d8a9e014d48927ac246bbf24d44c0e5d0552f2b70c,mixed_historical_bid,tender_scoring_derived,[],review_only,knowledge_only,仅限人工复核,True,media,True,needs_customer_confirmation,policy_auto_accepted,需要客户确认,2026-07-13,产品库资料,泰昌现状环境影响评估报告知识资料第037项,系统分级策略,internal,企业内部资料,客户主动提供历史技术标/商务标用于系统整理与复用,True,泰昌技术补充文件,泰昌技术补充文件,enterprise_fact,assets/template_words/技术补充文件.docx,128,（二）专项投标文件/5.针对评审要素，需要补充的其他文件/5.3.绿色低碳生产及绿色回收/5.3.1.建立了绿色生产/5.3.1.3.现状环境影响评估报告,"[""泰昌"", ""绿色低碳资料"", ""历史标书候选"", ""技术标""]",product_library,产品库资料,taichang_only,泰昌绿色低碳资料历史候选第128页,仅作泰昌内部知识资料；不得作为精确参数、有效证书或正式投标附件直接引用,needs_review,[]
taichang_tenant_internal,False,"[""专项投标文件/5.针对评审要素，需要补充的其他文件/5.3.绿色低碳生产及绿色回收/5.3.1.建立了绿色生产/5.3.1.3.现状环境影响评估报告""]","[""技术标""]",False,technical,technical-media-0150,formal_material_caption,绿色低碳资料,0.9,1c7e013e3e83c60fa26505b89e460a79039dda45f9f77a1d670b663f0010de69,系统自动接收为知识资料,new,未发现重复，仍需审核,来源于泰昌技术补充文件，历史位置为“专项投标文件/5.针对评审要素，需要补充的其他文件/5.3.绿色低碳生产及绿色回收/5.3.1.建立了绿色生产/5.3.1.3.现状环境影响评估报告”。当前仅用于泰昌资料人工复核，未获准进入正式标书。,河北泰昌电力器材科技有限公司,河北泰昌电力器材科技有限公司,,green_low_carbon,绿色低碳资料,True,False,资料：泰昌绿色低碳资料,extract_word_media_as_knowledge_only,尚未通过P0-06人工批准,False,ready_for_extraction_and_validation,True,泰昌企业资料,1c7e013e3e83c60fa26505b89e460a79039dda45f9f77a1d670b663f0010de69,mixed_historical_bid,tender_scoring_derived,[],review_only,knowledge_only,仅限人工复核,True,media,True,needs_customer_confirmation,policy_auto_accepted,需要客户确认,2026-07-13,产品库资料,泰昌现状环境影响评估报告知识资料第038项,系统分级策略,internal,企业内部资料,客户主动提供历史技术标/商务标用于系统整理与复用,True,泰昌技术补充文件,泰昌技术补充文件,enterprise_fact,assets/template_words/技术补充文件.docx,128,（二）专项投标文件/5.针对评审要素，需要补充的其他文件/5.3.绿色低碳生产及绿色回收/5.3.1.建立了绿色生产/5.3.1.3.现状环境影响评估报告,"[""泰昌"", ""绿色低碳资料"", ""历史标书候选"", ""技术标""]",product_library,产品库资料,taichang_only,泰昌绿色低碳资料历史候选第128页,仅作泰昌内部知识资料；不得作为精确参数、有效证书或正式投标附件直接引用,needs_review,[]
taichang_tenant_internal,False,"[""专项投标文件/5.针对评审要素，需要补充的其他文件/5.3.绿色低碳生产及绿色回收/5.3.1.建立了绿色生产/5.3.1.3.现状环境影响评估报告""]","[""技术标""]",False,technical,technical-media-0151,formal_material_caption,绿色低碳资料,0.9,bca34dbfdd132abbe5846da0514d7f96d60bab070d7cc1aba370f12223114617,系统自动接收为知识资料,new,未发现重复，仍需审核,来源于泰昌技术补充文件，历史位置为“专项投标文件/5.针对评审要素，需要补充的其他文件/5.3.绿色低碳生产及绿色回收/5.3.1.建立了绿色生产/5.3.1.3.现状环境影响评估报告”。当前仅用于泰昌资料人工复核，未获准进入正式标书。,河北泰昌电力器材科技有限公司,河北泰昌电力器材科技有限公司,,green_low_carbon,绿色低碳资料,True,False,资料：泰昌绿色低碳资料,extract_word_media_as_knowledge_only,尚未通过P0-06人工批准,False,ready_for_extraction_and_validation,True,泰昌企业资料,bca34dbfdd132abbe5846da0514d7f96d60bab070d7cc1aba370f12223114617,mixed_historical_bid,tender_scoring_derived,[],review_only,knowledge_only,仅限人工复核,True,media,True,needs_customer_confirmation,policy_auto_accepted,需要客户确认,2026-07-13,产品库资料,泰昌现状环境影响评估报告知识资料第039项,系统分级策略,internal,企业内部资料,客户主动提供历史技术标/商务标用于系统整理与复用,True,泰昌技术补充文件,泰昌技术补充文件,enterprise_fact,assets/template_words/技术补充文件.docx,128,（二）专项投标文件/5.针对评审要素，需要补充的其他文件/5.3.绿色低碳生产及绿色回收/5.3.1.建立了绿色生产/5.3.1.3.现状环境影响评估报告,"[""泰昌"", ""绿色低碳资料"", ""历史标书候选"", ""技术标""]",product_library,产品库资料,taichang_only,泰昌绿色低碳资料历史候选第128页,仅作泰昌内部知识资料；不得作为精确参数、有效证书或正式投标附件直接引用,needs_review,[]
taichang_tenant_internal,False,"[""专项投标文件/5.针对评审要素，需要补充的其他文件/5.3.绿色低碳生产及绿色回收/5.3.1.建立了绿色生产/5.3.1.3.现状环境影响评估报告""]","[""技术标""]",False,technical,technical-media-0152,formal_material_caption,绿色低碳资料,0.9,18348308a8332af1996b520bb9dc3696f270bca917164b594fa7aa26fce3ab03,系统自动接收为知识资料,new,未发现重复，仍需审核,来源于泰昌技术补充文件，历史位置为“专项投标文件/5.针对评审要素，需要补充的其他文件/5.3.绿色低碳生产及绿色回收/5.3.1.建立了绿色生产/5.3.1.3.现状环境影响评估报告”。当前仅用于泰昌资料人工复核，未获准进入正式标书。,河北泰昌电力器材科技有限公司,河北泰昌电力器材科技有限公司,,green_low_carbon,绿色低碳资料,True,False,资料：泰昌绿色低碳资料,extract_word_media_as_knowledge_only,尚未通过P0-06人工批准,False,ready_for_extraction_and_validation,True,泰昌企业资料,18348308a8332af1996b520bb9dc3696f270bca917164b594fa7aa26fce3ab03,mixed_historical_bid,tender_scoring_derived,[],review_only,knowledge_only,仅限人工复核,True,media,True,needs_customer_confirmation,policy_auto_accepted,需要客户确认,2026-07-13,产品库资料,泰昌现状环境影响评估报告知识资料第040项,系统分级策略,internal,企业内部资料,客户主动提供历史技术标/商务标用于系统整理与复用,True,泰昌技术补充文件,泰昌技术补充文件,enterprise_fact,assets/template_words/技术补充文件.docx,128,（二）专项投标文件/5.针对评审要素，需要补充的其他文件/5.3.绿色低碳生产及绿色回收/5.3.1.建立了绿色生产/5.3.1.3.现状环境影响评估报告,"[""泰昌"", ""绿色低碳资料"", ""历史标书候选"", ""技术标""]",product_library,产品库资料,taichang_only,泰昌绿色低碳资料历史候选第128页,仅作泰昌内部知识资料；不得作为精确参数、有效证书或正式投标附件直接引用,needs_review,[]
taichang_tenant_internal,False,"[""专项投标文件/5.针对评审要素，需要补充的其他文件/5.3.绿色低碳生产及绿色回收/5.3.1.建立了绿色生产/5.3.1.3.现状环境影响评估报告""]","[""技术标""]",False,technical,technical-media-0153,formal_material_caption,绿色低碳资料,0.9,8aa3d95c2441e97a841b07a055ec1ece0fc01eb47b21b1cd1682559728380b17,系统自动接收为知识资料,new,未发现重复，仍需审核,来源于泰昌技术补充文件，历史位置为“专项投标文件/5.针对评审要素，需要补充的其他文件/5.3.绿色低碳生产及绿色回收/5.3.1.建立了绿色生产/5.3.1.3.现状环境影响评估报告”。当前仅用于泰昌资料人工复核，未获准进入正式标书。,河北泰昌电力器材科技有限公司,河北泰昌电力器材科技有限公司,,green_low_carbon,绿色低碳资料,True,False,资料：泰昌绿色低碳资料,extract_word_media_as_knowledge_only,尚未通过P0-06人工批准,False,ready_for_extraction_and_validation,True,泰昌企业资料,8aa3d95c2441e97a841b07a055ec1ece0fc01eb47b21b1cd1682559728380b17,mixed_historical_bid,tender_scoring_derived,[],review_only,knowledge_only,仅限人工复核,True,media,True,needs_customer_confirmation,policy_auto_accepted,需要客户确认,2026-07-13,产品库资料,泰昌现状环境影响评估报告知识资料第041项,系统分级策略,internal,企业内部资料,客户主动提供历史技术标/商务标用于系统整理与复用,True,泰昌技术补充文件,泰昌技术补充文件,enterprise_fact,assets/template_words/技术补充文件.docx,128,（二）专项投标文件/5.针对评审要素，需要补充的其他文件/5.3.绿色低碳生产及绿色回收/5.3.1.建立了绿色生产/5.3.1.3.现状环境影响评估报告,"[""泰昌"", ""绿色低碳资料"", ""历史标书候选"", ""技术标""]",product_library,产品库资料,taichang_only,泰昌绿色低碳资料历史候选第128页,仅作泰昌内部知识资料；不得作为精确参数、有效证书或正式投标附件直接引用,needs_review,[]
taichang_tenant_internal,False,"[""专项投标文件/5.针对评审要素，需要补充的其他文件/5.3.绿色低碳生产及绿色回收/5.3.1.建立了绿色生产/5.3.1.3.现状环境影响评估报告""]","[""技术标""]",False,technical,technical-media-0154,formal_material_caption,绿色低碳资料,0.9,f2ef0fafdab33a4e5754499e6b278d394edc213af79a42cee4a65893202dcdfe,系统自动接收为知识资料,new,未发现重复，仍需审核,来源于泰昌技术补充文件，历史位置为“专项投标文件/5.针对评审要素，需要补充的其他文件/5.3.绿色低碳生产及绿色回收/5.3.1.建立了绿色生产/5.3.1.3.现状环境影响评估报告”。当前仅用于泰昌资料人工复核，未获准进入正式标书。,河北泰昌电力器材科技有限公司,河北泰昌电力器材科技有限公司,,green_low_carbon,绿色低碳资料,True,False,资料：泰昌绿色低碳资料,extract_word_media_as_knowledge_only,尚未通过P0-06人工批准,False,ready_for_extraction_and_validation,True,泰昌企业资料,f2ef0fafdab33a4e5754499e6b278d394edc213af79a42cee4a65893202dcdfe,mixed_historical_bid,tender_scoring_derived,[],review_only,knowledge_only,仅限人工复核,True,media,True,needs_customer_confirmation,policy_auto_accepted,需要客户确认,2026-07-13,产品库资料,泰昌现状环境影响评估报告知识资料第042项,系统分级策略,internal,企业内部资料,客户主动提供历史技术标/商务标用于系统整理与复用,True,泰昌技术补充文件,泰昌技术补充文件,enterprise_fact,assets/template_words/技术补充文件.docx,128,（二）专项投标文件/5.针对评审要素，需要补充的其他文件/5.3.绿色低碳生产及绿色回收/5.3.1.建立了绿色生产/5.3.1.3.现状环境影响评估报告,"[""泰昌"", ""绿色低碳资料"", ""历史标书候选"", ""技术标""]",product_library,产品库资料,taichang_only,泰昌绿色低碳资料历史候选第128页,仅作泰昌内部知识资料；不得作为精确参数、有效证书或正式投标附件直接引用,needs_review,[]
taichang_tenant_internal,False,"[""专项投标文件/5.针对评审要素，需要补充的其他文件/5.3.绿色低碳生产及绿色回收/5.3.1.建立了绿色生产/5.3.1.3.现状环境影响评估报告""]","[""技术标""]",False,technical,technical-media-0155,formal_material_caption,绿色低碳资料,0.9,6e0a38902e07eb3cf7b3c7129038072811972cc7f9d8ed628be4cd0b9c055686,系统自动接收为知识资料,new,未发现重复，仍需审核,来源于泰昌技术补充文件，历史位置为“专项投标文件/5.针对评审要素，需要补充的其他文件/5.3.绿色低碳生产及绿色回收/5.3.1.建立了绿色生产/5.3.1.3.现状环境影响评估报告”。当前仅用于泰昌资料人工复核，未获准进入正式标书。,河北泰昌电力器材科技有限公司,河北泰昌电力器材科技有限公司,,green_low_carbon,绿色低碳资料,True,False,资料：泰昌绿色低碳资料,extract_word_media_as_knowledge_only,尚未通过P0-06人工批准,False,ready_for_extraction_and_validation,True,泰昌企业资料,6e0a38902e07eb3cf7b3c7129038072811972cc7f9d8ed628be4cd0b9c055686,mixed_historical_bid,tender_scoring_derived,[],review_only,knowledge_only,仅限人工复核,True,media,True,needs_customer_confirmation,policy_auto_accepted,需要客户确认,2026-07-13,产品库资料,泰昌现状环境影响评估报告知识资料第043项,系统分级策略,internal,企业内部资料,客户主动提供历史技术标/商务标用于系统整理与复用,True,泰昌技术补充文件,泰昌技术补充文件,enterprise_fact,assets/template_words/技术补充文件.docx,128,（二）专项投标文件/5.针对评审要素，需要补充的其他文件/5.3.绿色低碳生产及绿色回收/5.3.1.建立了绿色生产/5.3.1.3.现状环境影响评估报告,"[""泰昌"", ""绿色低碳资料"", ""历史标书候选"", ""技术标""]",product_library,产品库资料,taichang_only,泰昌绿色低碳资料历史候选第128页,仅作泰昌内部知识资料；不得作为精确参数、有效证书或正式投标附件直接引用,needs_review,[]
taichang_tenant_internal,False,"[""专项投标文件/5.针对评审要素，需要补充的其他文件/5.3.绿色低碳生产及绿色回收/5.3.1.建立了绿色生产/5.3.1.3.现状环境影响评估报告""]","[""技术标""]",False,technical,technical-media-0157,formal_material_caption,绿色低碳资料,0.9,e1bbebc6d77785cff773f9c567c12d8ae18edf6b4e28a358aad71cebf3ca45ad,系统自动接收为知识资料,new,未发现重复，仍需审核,来源于泰昌技术补充文件，历史位置为“专项投标文件/5.针对评审要素，需要补充的其他文件/5.3.绿色低碳生产及绿色回收/5.3.1.建立了绿色生产/5.3.1.3.现状环境影响评估报告”。当前仅用于泰昌资料人工复核，未获准进入正式标书。,河北泰昌电力器材科技有限公司,河北泰昌电力器材科技有限公司,,green_low_carbon,绿色低碳资料,True,False,资料：泰昌绿色低碳资料,extract_word_media_as_knowledge_only,尚未通过P0-06人工批准,False,ready_for_extraction_and_validation,True,泰昌企业资料,e1bbebc6d77785cff773f9c567c12d8ae18edf6b4e28a358aad71cebf3ca45ad,mixed_historical_bid,tender_scoring_derived,[],review_only,knowledge_only,仅限人工复核,True,media,True,needs_customer_confirmation,policy_auto_accepted,需要客户确认,2026-07-13,产品库资料,泰昌现状环境影响评估报告知识资料第044项,系统分级策略,internal,企业内部资料,客户主动提供历史技术标/商务标用于系统整理与复用,True,泰昌技术补充文件,泰昌技术补充文件,enterprise_fact,assets/template_words/技术补充文件.docx,128,（二）专项投标文件/5.针对评审要素，需要补充的其他文件/5.3.绿色低碳生产及绿色回收/5.3.1.建立了绿色生产/5.3.1.3.现状环境影响评估报告,"[""泰昌"", ""绿色低碳资料"", ""历史标书候选"", ""技术标""]",product_library,产品库资料,taichang_only,泰昌绿色低碳资料历史候选第128页,仅作泰昌内部知识资料；不得作为精确参数、有效证书或正式投标附件直接引用,needs_review,[]
taichang_tenant_internal,False,"[""专项投标文件/5.针对评审要素，需要补充的其他文件/5.3.绿色低碳生产及绿色回收/5.3.1.建立了绿色生产/5.3.1.3.现状环境影响评估报告""]","[""技术标""]",False,technical,technical-media-0158,formal_material_caption,绿色低碳资料,0.9,269e306f8cf107e4ad1c07fbdbdfc1ed657665c35e371076750635f54aab7be2,系统自动接收为知识资料,new,未发现重复，仍需审核,来源于泰昌技术补充文件，历史位置为“专项投标文件/5.针对评审要素，需要补充的其他文件/5.3.绿色低碳生产及绿色回收/5.3.1.建立了绿色生产/5.3.1.3.现状环境影响评估报告”。当前仅用于泰昌资料人工复核，未获准进入正式标书。,河北泰昌电力器材科技有限公司,河北泰昌电力器材科技有限公司,,green_low_carbon,绿色低碳资料,True,False,资料：泰昌绿色低碳资料,extract_word_media_as_knowledge_only,尚未通过P0-06人工批准,False,ready_for_extraction_and_validation,True,泰昌企业资料,269e306f8cf107e4ad1c07fbdbdfc1ed657665c35e371076750635f54aab7be2,mixed_historical_bid,tender_scoring_derived,[],review_only,knowledge_only,仅限人工复核,True,media,True,needs_customer_confirmation,policy_auto_accepted,需要客户确认,2026-07-13,产品库资料,泰昌现状环境影响评估报告知识资料第045项,系统分级策略,internal,企业内部资料,客户主动提供历史技术标/商务标用于系统整理与复用,True,泰昌技术补充文件,泰昌技术补充文件,enterprise_fact,assets/template_words/技术补充文件.docx,128,（二）专项投标文件/5.针对评审要素，需要补充的其他文件/5.3.绿色低碳生产及绿色回收/5.3.1.建立了绿色生产/5.3.1.3.现状环境影响评估报告,"[""泰昌"", ""绿色低碳资料"", ""历史标书候选"", ""技术标""]",product_library,产品库资料,taichang_only,泰昌绿色低碳资料历史候选第128页,仅作泰昌内部知识资料；不得作为精确参数、有效证书或正式投标附件直接引用,needs_review,[]
taichang_tenant_internal,False,"[""专项投标文件/5.针对评审要素，需要补充的其他文件/5.3.绿色低碳生产及绿色回收/5.3.1.建立了绿色生产/5.3.1.3.现状环境影响评估报告""]","[""技术标""]",False,technical,technical-media-0159,formal_material_caption,绿色低碳资料,0.9,7d91cb870a134b93ad4e202c98e774675faef2396d0586c93052a77bed478d61,系统自动接收为知识资料,new,未发现重复，仍需审核,来源于泰昌技术补充文件，历史位置为“专项投标文件/5.针对评审要素，需要补充的其他文件/5.3.绿色低碳生产及绿色回收/5.3.1.建立了绿色生产/5.3.1.3.现状环境影响评估报告”。当前仅用于泰昌资料人工复核，未获准进入正式标书。,河北泰昌电力器材科技有限公司,河北泰昌电力器材科技有限公司,,green_low_carbon,绿色低碳资料,True,False,资料：泰昌绿色低碳资料,extract_word_media_as_knowledge_only,尚未通过P0-06人工批准,False,ready_for_extraction_and_validation,True,泰昌企业资料,7d91cb870a134b93ad4e202c98e774675faef2396d0586c93052a77bed478d61,mixed_historical_bid,tender_scoring_derived,[],review_only,knowledge_only,仅限人工复核,True,media,True,needs_customer_confirmation,policy_auto_accepted,需要客户确认,2026-07-13,产品库资料,泰昌现状环境影响评估报告知识资料第046项,系统分级策略,internal,企业内部资料,客户主动提供历史技术标/商务标用于系统整理与复用,True,泰昌技术补充文件,泰昌技术补充文件,enterprise_fact,assets/template_words/技术补充文件.docx,128,（二）专项投标文件/5.针对评审要素，需要补充的其他文件/5.3.绿色低碳生产及绿色回收/5.3.1.建立了绿色生产/5.3.1.3.现状环境影响评估报告,"[""泰昌"", ""绿色低碳资料"", ""历史标书候选"", ""技术标""]",product_library,产品库资料,taichang_only,泰昌绿色低碳资料历史候选第128页,仅作泰昌内部知识资料；不得作为精确参数、有效证书或正式投标附件直接引用,needs_review,[]
taichang_tenant_internal,False,"[""专项投标文件/5.针对评审要素，需要补充的其他文件/5.3.绿色低碳生产及绿色回收/5.3.1.建立了绿色生产/5.3.1.3.现状环境影响评估报告""]","[""技术标""]",False,technical,technical-media-0160,formal_material_caption,绿色低碳资料,0.9,44f89d0468be8babad49b3f2e36540d8493bf3b16b2c9b9ab06587ac075c99af,系统自动接收为知识资料,new,未发现重复，仍需审核,来源于泰昌技术补充文件，历史位置为“专项投标文件/5.针对评审要素，需要补充的其他文件/5.3.绿色低碳生产及绿色回收/5.3.1.建立了绿色生产/5.3.1.3.现状环境影响评估报告”。当前仅用于泰昌资料人工复核，未获准进入正式标书。,河北泰昌电力器材科技有限公司,河北泰昌电力器材科技有限公司,,green_low_carbon,绿色低碳资料,True,False,资料：泰昌绿色低碳资料,extract_word_media_as_knowledge_only,尚未通过P0-06人工批准,False,ready_for_extraction_and_validation,True,泰昌企业资料,44f89d0468be8babad49b3f2e36540d8493bf3b16b2c9b9ab06587ac075c99af,mixed_historical_bid,tender_scoring_derived,[],review_only,knowledge_only,仅限人工复核,True,media,True,needs_customer_confirmation,policy_auto_accepted,需要客户确认,2026-07-13,产品库资料,泰昌现状环境影响评估报告知识资料第047项,系统分级策略,internal,企业内部资料,客户主动提供历史技术标/商务标用于系统整理与复用,True,泰昌技术补充文件,泰昌技术补充文件,enterprise_fact,assets/template_words/技术补充文件.docx,128,（二）专项投标文件/5.针对评审要素，需要补充的其他文件/5.3.绿色低碳生产及绿色回收/5.3.1.建立了绿色生产/5.3.1.3.现状环境影响评估报告,"[""泰昌"", ""绿色低碳资料"", ""历史标书候选"", ""技术标""]",product_library,产品库资料,taichang_only,泰昌绿色低碳资料历史候选第128页,仅作泰昌内部知识资料；不得作为精确参数、有效证书或正式投标附件直接引用,needs_review,[]
taichang_tenant_internal,False,"[""专项投标文件/5.针对评审要素，需要补充的其他文件/5.3.绿色低碳生产及绿色回收/5.3.1.建立了绿色生产/5.3.1.3.现状环境影响评估报告""]","[""技术标""]",False,technical,technical-media-0161,formal_material_caption,绿色低碳资料,0.9,18329592421b0465a8eae366d7b8ddb4dd2edb125563ec73e6ca35b8126ec0cc,系统自动接收为知识资料,new,未发现重复，仍需审核,来源于泰昌技术补充文件，历史位置为“专项投标文件/5.针对评审要素，需要补充的其他文件/5.3.绿色低碳生产及绿色回收/5.3.1.建立了绿色生产/5.3.1.3.现状环境影响评估报告”。当前仅用于泰昌资料人工复核，未获准进入正式标书。,河北泰昌电力器材科技有限公司,河北泰昌电力器材科技有限公司,,green_low_carbon,绿色低碳资料,True,False,资料：泰昌绿色低碳资料,extract_word_media_as_knowledge_only,尚未通过P0-06人工批准,False,ready_for_extraction_and_validation,True,泰昌企业资料,18329592421b0465a8eae366d7b8ddb4dd2edb125563ec73e6ca35b8126ec0cc,mixed_historical_bid,tender_scoring_derived,[],review_only,knowledge_only,仅限人工复核,True,media,True,needs_customer_confirmation,policy_auto_accepted,需要客户确认,2026-07-13,产品库资料,泰昌现状环境影响评估报告知识资料第048项,系统分级策略,internal,企业内部资料,客户主动提供历史技术标/商务标用于系统整理与复用,True,泰昌技术补充文件,泰昌技术补充文件,enterprise_fact,assets/template_words/技术补充文件.docx,128,（二）专项投标文件/5.针对评审要素，需要补充的其他文件/5.3.绿色低碳生产及绿色回收/5.3.1.建立了绿色生产/5.3.1.3.现状环境影响评估报告,"[""泰昌"", ""绿色低碳资料"", ""历史标书候选"", ""技术标""]",product_library,产品库资料,taichang_only,泰昌绿色低碳资料历史候选第128页,仅作泰昌内部知识资料；不得作为精确参数、有效证书或正式投标附件直接引用,needs_review,[]
taichang_tenant_internal,False,"[""专项投标文件/5.针对评审要素，需要补充的其他文件/5.3.绿色低碳生产及绿色回收/5.3.1.建立了绿色生产/5.3.1.3.现状环境影响评估报告""]","[""技术标""]",False,technical,technical-media-0162,formal_material_caption,绿色低碳资料,0.9,facc29f07481a92ebc54e2955cda7cd244514dbaf349a3bfe5f6b3a9faa73ebf,系统自动接收为知识资料,new,未发现重复，仍需审核,来源于泰昌技术补充文件，历史位置为“专项投标文件/5.针对评审要素，需要补充的其他文件/5.3.绿色低碳生产及绿色回收/5.3.1.建立了绿色生产/5.3.1.3.现状环境影响评估报告”。当前仅用于泰昌资料人工复核，未获准进入正式标书。,河北泰昌电力器材科技有限公司,河北泰昌电力器材科技有限公司,,green_low_carbon,绿色低碳资料,True,False,资料：泰昌绿色低碳资料,extract_word_media_as_knowledge_only,尚未通过P0-06人工批准,False,ready_for_extraction_and_validation,True,泰昌企业资料,facc29f07481a92ebc54e2955cda7cd244514dbaf349a3bfe5f6b3a9faa73ebf,mixed_historical_bid,tender_scoring_derived,[],review_only,knowledge_only,仅限人工复核,True,media,True,needs_customer_confirmation,policy_auto_accepted,需要客户确认,2026-07-13,产品库资料,泰昌现状环境影响评估报告知识资料第049项,系统分级策略,internal,企业内部资料,客户主动提供历史技术标/商务标用于系统整理与复用,True,泰昌技术补充文件,泰昌技术补充文件,enterprise_fact,assets/template_words/技术补充文件.docx,128,（二）专项投标文件/5.针对评审要素，需要补充的其他文件/5.3.绿色低碳生产及绿色回收/5.3.1.建立了绿色生产/5.3.1.3.现状环境影响评估报告,"[""泰昌"", ""绿色低碳资料"", ""历史标书候选"", ""技术标""]",product_library,产品库资料,taichang_only,泰昌绿色低碳资料历史候选第128页,仅作泰昌内部知识资料；不得作为精确参数、有效证书或正式投标附件直接引用,needs_review,[]
taichang_tenant_internal,False,"[""专项投标文件/5.针对评审要素，需要补充的其他文件/5.3.绿色低碳生产及绿色回收/5.3.1.建立了绿色生产/5.3.1.3.现状环境影响评估报告""]","[""技术标""]",False,technical,technical-media-0163,formal_material_caption,绿色低碳资料,0.9,ebed20ff147f06734b2c3a5faa8d28a47ee6ad6a0cc13a7c9100ad7c303c138c,系统自动接收为知识资料,new,未发现重复，仍需审核,来源于泰昌技术补充文件，历史位置为“专项投标文件/5.针对评审要素，需要补充的其他文件/5.3.绿色低碳生产及绿色回收/5.3.1.建立了绿色生产/5.3.1.3.现状环境影响评估报告”。当前仅用于泰昌资料人工复核，未获准进入正式标书。,河北泰昌电力器材科技有限公司,河北泰昌电力器材科技有限公司,,green_low_carbon,绿色低碳资料,True,False,资料：泰昌绿色低碳资料,extract_word_media_as_knowledge_only,尚未通过P0-06人工批准,False,ready_for_extraction_and_validation,True,泰昌企业资料,ebed20ff147f06734b2c3a5faa8d28a47ee6ad6a0cc13a7c9100ad7c303c138c,mixed_historical_bid,tender_scoring_derived,[],review_only,knowledge_only,仅限人工复核,True,media,True,needs_customer_confirmation,policy_auto_accepted,需要客户确认,2026-07-13,产品库资料,泰昌现状环境影响评估报告知识资料第050项,系统分级策略,internal,企业内部资料,客户主动提供历史技术标/商务标用于系统整理与复用,True,泰昌技术补充文件,泰昌技术补充文件,enterprise_fact,assets/template_words/技术补充文件.docx,128,（二）专项投标文件/5.针对评审要素，需要补充的其他文件/5.3.绿色低碳生产及绿色回收/5.3.1.建立了绿色生产/5.3.1.3.现状环境影响评估报告,"[""泰昌"", ""绿色低碳资料"", ""历史标书候选"", ""技术标""]",product_library,产品库资料,taichang_only,泰昌绿色低碳资料历史候选第128页,仅作泰昌内部知识资料；不得作为精确参数、有效证书或正式投标附件直接引用,needs_review,[]
taichang_tenant_internal,False,"[""专项投标文件/5.针对评审要素，需要补充的其他文件/5.3.绿色低碳生产及绿色回收/5.3.1.建立了绿色生产/5.3.1.3.现状环境影响评估报告""]","[""技术标""]",False,technical,technical-media-0164,formal_material_caption,绿色低碳资料,0.9,847fe1a5345c69c02ea02954267b1969a982b0e88e0ac0df0e5cbcea262fe666,系统自动接收为知识资料,new,未发现重复，仍需审核,来源于泰昌技术补充文件，历史位置为“专项投标文件/5.针对评审要素，需要补充的其他文件/5.3.绿色低碳生产及绿色回收/5.3.1.建立了绿色生产/5.3.1.3.现状环境影响评估报告”。当前仅用于泰昌资料人工复核，未获准进入正式标书。,河北泰昌电力器材科技有限公司,河北泰昌电力器材科技有限公司,,green_low_carbon,绿色低碳资料,True,False,资料：泰昌绿色低碳资料,extract_word_media_as_knowledge_only,尚未通过P0-06人工批准,False,ready_for_extraction_and_validation,True,泰昌企业资料,847fe1a5345c69c02ea02954267b1969a982b0e88e0ac0df0e5cbcea262fe666,mixed_historical_bid,tender_scoring_derived,[],review_only,knowledge_only,仅限人工复核,True,media,True,needs_customer_confirmation,policy_auto_accepted,需要客户确认,2026-07-13,产品库资料,泰昌现状环境影响评估报告知识资料第051项,系统分级策略,internal,企业内部资料,客户主动提供历史技术标/商务标用于系统整理与复用,True,泰昌技术补充文件,泰昌技术补充文件,enterprise_fact,assets/template_words/技术补充文件.docx,128,（二）专项投标文件/5.针对评审要素，需要补充的其他文件/5.3.绿色低碳生产及绿色回收/5.3.1.建立了绿色生产/5.3.1.3.现状环境影响评估报告,"[""泰昌"", ""绿色低碳资料"", ""历史标书候选"", ""技术标""]",product_library,产品库资料,taichang_only,泰昌绿色低碳资料历史候选第128页,仅作泰昌内部知识资料；不得作为精确参数、有效证书或正式投标附件直接引用,needs_review,[]
taichang_tenant_internal,False,"[""专项投标文件/5.针对评审要素，需要补充的其他文件/5.3.绿色低碳生产及绿色回收/5.3.1.建立了绿色生产/5.3.1.3.现状环境影响评估报告""]","[""技术标""]",False,technical,technical-media-0165,formal_material_caption,绿色低碳资料,0.9,3fb9454388d631aefc554557d507b3e941463ad6f213e0625178484062938709,系统自动接收为知识资料,new,未发现重复，仍需审核,来源于泰昌技术补充文件，历史位置为“专项投标文件/5.针对评审要素，需要补充的其他文件/5.3.绿色低碳生产及绿色回收/5.3.1.建立了绿色生产/5.3.1.3.现状环境影响评估报告”。当前仅用于泰昌资料人工复核，未获准进入正式标书。,河北泰昌电力器材科技有限公司,河北泰昌电力器材科技有限公司,,green_low_carbon,绿色低碳资料,True,False,资料：泰昌绿色低碳资料,extract_word_media_as_knowledge_only,尚未通过P0-06人工批准,False,ready_for_extraction_and_validation,True,泰昌企业资料,3fb9454388d631aefc554557d507b3e941463ad6f213e0625178484062938709,mixed_historical_bid,tender_scoring_derived,[],review_only,knowledge_only,仅限人工复核,True,media,True,needs_customer_confirmation,policy_auto_accepted,需要客户确认,2026-07-13,产品库资料,泰昌现状环境影响评估报告知识资料第052项,系统分级策略,internal,企业内部资料,客户主动提供历史技术标/商务标用于系统整理与复用,True,泰昌技术补充文件,泰昌技术补充文件,enterprise_fact,assets/template_words/技术补充文件.docx,128,（二）专项投标文件/5.针对评审要素，需要补充的其他文件/5.3.绿色低碳生产及绿色回收/5.3.1.建立了绿色生产/5.3.1.3.现状环境影响评估报告,"[""泰昌"", ""绿色低碳资料"", ""历史标书候选"", ""技术标""]",product_library,产品库资料,taichang_only,泰昌绿色低碳资料历史候选第128页,仅作泰昌内部知识资料；不得作为精确参数、有效证书或正式投标附件直接引用,needs_review,[]
taichang_tenant_internal,False,"[""专项投标文件/5.针对评审要素，需要补充的其他文件/5.3.绿色低碳生产及绿色回收/5.3.1.建立了绿色生产/5.3.1.3.现状环境影响评估报告""]","[""技术标""]",False,technical,technical-media-0166,formal_material_caption,绿色低碳资料,0.9,05f4b06d246a57b210272ed5903492eba4a2bd2ad491d2f3e13c8c49a9577a34,系统自动接收为知识资料,new,未发现重复，仍需审核,来源于泰昌技术补充文件，历史位置为“专项投标文件/5.针对评审要素，需要补充的其他文件/5.3.绿色低碳生产及绿色回收/5.3.1.建立了绿色生产/5.3.1.3.现状环境影响评估报告”。当前仅用于泰昌资料人工复核，未获准进入正式标书。,河北泰昌电力器材科技有限公司,河北泰昌电力器材科技有限公司,,green_low_carbon,绿色低碳资料,True,False,资料：泰昌绿色低碳资料,extract_word_media_as_knowledge_only,尚未通过P0-06人工批准,False,ready_for_extraction_and_validation,True,泰昌企业资料,05f4b06d246a57b210272ed5903492eba4a2bd2ad491d2f3e13c8c49a9577a34,mixed_historical_bid,tender_scoring_derived,[],review_only,knowledge_only,仅限人工复核,True,media,True,needs_customer_confirmation,policy_auto_accepted,需要客户确认,2026-07-13,产品库资料,泰昌现状环境影响评估报告知识资料第053项,系统分级策略,internal,企业内部资料,客户主动提供历史技术标/商务标用于系统整理与复用,True,泰昌技术补充文件,泰昌技术补充文件,enterprise_fact,assets/template_words/技术补充文件.docx,128,（二）专项投标文件/5.针对评审要素，需要补充的其他文件/5.3.绿色低碳生产及绿色回收/5.3.1.建立了绿色生产/5.3.1.3.现状环境影响评估报告,"[""泰昌"", ""绿色低碳资料"", ""历史标书候选"", ""技术标""]",product_library,产品库资料,taichang_only,泰昌绿色低碳资料历史候选第128页,仅作泰昌内部知识资料；不得作为精确参数、有效证书或正式投标附件直接引用,needs_review,[]
taichang_tenant_internal,False,"[""专项投标文件/5.针对评审要素，需要补充的其他文件/5.3.绿色低碳生产及绿色回收/5.3.1.建立了绿色生产/5.3.1.3.现状环境影响评估报告""]","[""技术标""]",False,technical,technical-media-0167,formal_material_caption,绿色低碳资料,0.9,cbd8af6f26ad8af3224556f11cde29734d793e4f9933ab615eb0b69b6839503e,系统自动接收为知识资料,new,未发现重复，仍需审核,来源于泰昌技术补充文件，历史位置为“专项投标文件/5.针对评审要素，需要补充的其他文件/5.3.绿色低碳生产及绿色回收/5.3.1.建立了绿色生产/5.3.1.3.现状环境影响评估报告”。当前仅用于泰昌资料人工复核，未获准进入正式标书。,河北泰昌电力器材科技有限公司,河北泰昌电力器材科技有限公司,,green_low_carbon,绿色低碳资料,True,False,资料：泰昌绿色低碳资料,extract_word_media_as_knowledge_only,尚未通过P0-06人工批准,False,ready_for_extraction_and_validation,True,泰昌企业资料,cbd8af6f26ad8af3224556f11cde29734d793e4f9933ab615eb0b69b6839503e,mixed_historical_bid,tender_scoring_derived,[],review_only,knowledge_only,仅限人工复核,True,media,True,needs_customer_confirmation,policy_auto_accepted,需要客户确认,2026-07-13,产品库资料,泰昌现状环境影响评估报告知识资料第054项,系统分级策略,internal,企业内部资料,客户主动提供历史技术标/商务标用于系统整理与复用,True,泰昌技术补充文件,泰昌技术补充文件,enterprise_fact,assets/template_words/技术补充文件.docx,128,（二）专项投标文件/5.针对评审要素，需要补充的其他文件/5.3.绿色低碳生产及绿色回收/5.3.1.建立了绿色生产/5.3.1.3.现状环境影响评估报告,"[""泰昌"", ""绿色低碳资料"", ""历史标书候选"", ""技术标""]",product_library,产品库资料,taichang_only,泰昌绿色低碳资料历史候选第128页,仅作泰昌内部知识资料；不得作为精确参数、有效证书或正式投标附件直接引用,needs_review,[]
taichang_tenant_internal,False,"[""专项投标文件/5.针对评审要素，需要补充的其他文件/5.3.绿色低碳生产及绿色回收/5.3.1.建立了绿色生产/5.3.1.3.现状环境影响评估报告""]","[""技术标""]",False,technical,technical-media-0168,formal_material_caption,绿色低碳资料,0.9,f7278568c39d6478d664fa407a160c3ffe34868878f57e0349cd487a90ddebea,系统自动接收为知识资料,new,未发现重复，仍需审核,来源于泰昌技术补充文件，历史位置为“专项投标文件/5.针对评审要素，需要补充的其他文件/5.3.绿色低碳生产及绿色回收/5.3.1.建立了绿色生产/5.3.1.3.现状环境影响评估报告”。当前仅用于泰昌资料人工复核，未获准进入正式标书。,河北泰昌电力器材科技有限公司,河北泰昌电力器材科技有限公司,,green_low_carbon,绿色低碳资料,True,False,资料：泰昌绿色低碳资料,extract_word_media_as_knowledge_only,尚未通过P0-06人工批准,False,ready_for_extraction_and_validation,True,泰昌企业资料,f7278568c39d6478d664fa407a160c3ffe34868878f57e0349cd487a90ddebea,mixed_historical_bid,tender_scoring_derived,[],review_only,knowledge_only,仅限人工复核,True,media,True,needs_customer_confirmation,policy_auto_accepted,需要客户确认,2026-07-13,产品库资料,泰昌现状环境影响评估报告知识资料第055项,系统分级策略,internal,企业内部资料,客户主动提供历史技术标/商务标用于系统整理与复用,True,泰昌技术补充文件,泰昌技术补充文件,enterprise_fact,assets/template_words/技术补充文件.docx,128,（二）专项投标文件/5.针对评审要素，需要补充的其他文件/5.3.绿色低碳生产及绿色回收/5.3.1.建立了绿色生产/5.3.1.3.现状环境影响评估报告,"[""泰昌"", ""绿色低碳资料"", ""历史标书候选"", ""技术标""]",product_library,产品库资料,taichang_only,泰昌绿色低碳资料历史候选第128页,仅作泰昌内部知识资料；不得作为精确参数、有效证书或正式投标附件直接引用,needs_review,[]
taichang_tenant_internal,False,"[""专项投标文件/5.针对评审要素，需要补充的其他文件/5.3.绿色低碳生产及绿色回收/5.3.1.建立了绿色生产/5.3.1.3.现状环境影响评估报告""]","[""技术标""]",False,technical,technical-media-0169,formal_material_caption,绿色低碳资料,0.9,dcd1e45b50b3de0e2e72ded6100dbae5273e076edcee57b0e5724d3ab2985c96,系统自动接收为知识资料,new,未发现重复，仍需审核,来源于泰昌技术补充文件，历史位置为“专项投标文件/5.针对评审要素，需要补充的其他文件/5.3.绿色低碳生产及绿色回收/5.3.1.建立了绿色生产/5.3.1.3.现状环境影响评估报告”。当前仅用于泰昌资料人工复核，未获准进入正式标书。,河北泰昌电力器材科技有限公司,河北泰昌电力器材科技有限公司,,green_low_carbon,绿色低碳资料,True,False,资料：泰昌绿色低碳资料,extract_word_media_as_knowledge_only,尚未通过P0-06人工批准,False,ready_for_extraction_and_validation,True,泰昌企业资料,dcd1e45b50b3de0e2e72ded6100dbae5273e076edcee57b0e5724d3ab2985c96,mixed_historical_bid,tender_scoring_derived,[],review_only,knowledge_only,仅限人工复核,True,media,True,needs_customer_confirmation,policy_auto_accepted,需要客户确认,2026-07-13,产品库资料,泰昌现状环境影响评估报告知识资料第056项,系统分级策略,internal,企业内部资料,客户主动提供历史技术标/商务标用于系统整理与复用,True,泰昌技术补充文件,泰昌技术补充文件,enterprise_fact,assets/template_words/技术补充文件.docx,128,（二）专项投标文件/5.针对评审要素，需要补充的其他文件/5.3.绿色低碳生产及绿色回收/5.3.1.建立了绿色生产/5.3.1.3.现状环境影响评估报告,"[""泰昌"", ""绿色低碳资料"", ""历史标书候选"", ""技术标""]",product_library,产品库资料,taichang_only,泰昌绿色低碳资料历史候选第128页,仅作泰昌内部知识资料；不得作为精确参数、有效证书或正式投标附件直接引用,needs_review,[]
taichang_tenant_internal,False,"[""专项投标文件/5.针对评审要素，需要补充的其他文件/5.3.绿色低碳生产及绿色回收/5.3.1.建立了绿色生产/5.3.1.3.现状环境影响评估报告""]","[""技术标""]",False,technical,technical-media-0170,formal_material_caption,绿色低碳资料,0.9,8c56379e9694a11d96eb0c6a50ec166ed7b9112cb6e68456541d273b9e032973,系统自动接收为知识资料,new,未发现重复，仍需审核,来源于泰昌技术补充文件，历史位置为“专项投标文件/5.针对评审要素，需要补充的其他文件/5.3.绿色低碳生产及绿色回收/5.3.1.建立了绿色生产/5.3.1.3.现状环境影响评估报告”。当前仅用于泰昌资料人工复核，未获准进入正式标书。,河北泰昌电力器材科技有限公司,河北泰昌电力器材科技有限公司,,green_low_carbon,绿色低碳资料,True,False,资料：泰昌绿色低碳资料,extract_word_media_as_knowledge_only,尚未通过P0-06人工批准,False,ready_for_extraction_and_validation,True,泰昌企业资料,8c56379e9694a11d96eb0c6a50ec166ed7b9112cb6e68456541d273b9e032973,mixed_historical_bid,tender_scoring_derived,[],review_only,knowledge_only,仅限人工复核,True,media,True,needs_customer_confirmation,policy_auto_accepted,需要客户确认,2026-07-13,产品库资料,泰昌现状环境影响评估报告知识资料第057项,系统分级策略,internal,企业内部资料,客户主动提供历史技术标/商务标用于系统整理与复用,True,泰昌技术补充文件,泰昌技术补充文件,enterprise_fact,assets/template_words/技术补充文件.docx,128,（二）专项投标文件/5.针对评审要素，需要补充的其他文件/5.3.绿色低碳生产及绿色回收/5.3.1.建立了绿色生产/5.3.1.3.现状环境影响评估报告,"[""泰昌"", ""绿色低碳资料"", ""历史标书候选"", ""技术标""]",product_library,产品库资料,taichang_only,泰昌绿色低碳资料历史候选第128页,仅作泰昌内部知识资料；不得作为精确参数、有效证书或正式投标附件直接引用,needs_review,[]
taichang_tenant_internal,False,"[""专项投标文件/5.针对评审要素，需要补充的其他文件/5.3.绿色低碳生产及绿色回收/5.3.1.建立了绿色生产/5.3.1.3.现状环境影响评估报告""]","[""技术标""]",False,technical,technical-media-0171,formal_material_caption,绿色低碳资料,0.9,2642135ea4252a275889b714cbd77d43daf2f7493cffa16c1da72e958492331f,系统自动接收为知识资料,new,未发现重复，仍需审核,来源于泰昌技术补充文件，历史位置为“专项投标文件/5.针对评审要素，需要补充的其他文件/5.3.绿色低碳生产及绿色回收/5.3.1.建立了绿色生产/5.3.1.3.现状环境影响评估报告”。当前仅用于泰昌资料人工复核，未获准进入正式标书。,河北泰昌电力器材科技有限公司,河北泰昌电力器材科技有限公司,,green_low_carbon,绿色低碳资料,True,False,资料：泰昌绿色低碳资料,extract_word_media_as_knowledge_only,尚未通过P0-06人工批准,False,ready_for_extraction_and_validation,True,泰昌企业资料,2642135ea4252a275889b714cbd77d43daf2f7493cffa16c1da72e958492331f,mixed_historical_bid,tender_scoring_derived,[],review_only,knowledge_only,仅限人工复核,True,media,True,needs_customer_confirmation,policy_auto_accepted,需要客户确认,2026-07-13,产品库资料,泰昌现状环境影响评估报告知识资料第058项,系统分级策略,internal,企业内部资料,客户主动提供历史技术标/商务标用于系统整理与复用,True,泰昌技术补充文件,泰昌技术补充文件,enterprise_fact,assets/template_words/技术补充文件.docx,128,（二）专项投标文件/5.针对评审要素，需要补充的其他文件/5.3.绿色低碳生产及绿色回收/5.3.1.建立了绿色生产/5.3.1.3.现状环境影响评估报告,"[""泰昌"", ""绿色低碳资料"", ""历史标书候选"", ""技术标""]",product_library,产品库资料,taichang_only,泰昌绿色低碳资料历史候选第128页,仅作泰昌内部知识资料；不得作为精确参数、有效证书或正式投标附件直接引用,needs_review,[]
taichang_tenant_internal,False,"[""专项投标文件/5.针对评审要素，需要补充的其他文件/5.3.绿色低碳生产及绿色回收/5.3.1.建立了绿色生产/5.3.1.3.现状环境影响评估报告""]","[""技术标""]",False,technical,technical-media-0172,formal_material_caption,绿色低碳资料,0.9,fc06fdde27589a33293da753a475ca4b0eab633d3b045bb1d5665ea099346689,系统自动接收为知识资料,new,未发现重复，仍需审核,来源于泰昌技术补充文件，历史位置为“专项投标文件/5.针对评审要素，需要补充的其他文件/5.3.绿色低碳生产及绿色回收/5.3.1.建立了绿色生产/5.3.1.3.现状环境影响评估报告”。当前仅用于泰昌资料人工复核，未获准进入正式标书。,河北泰昌电力器材科技有限公司,河北泰昌电力器材科技有限公司,,green_low_carbon,绿色低碳资料,True,False,资料：泰昌绿色低碳资料,extract_word_media_as_knowledge_only,尚未通过P0-06人工批准,False,ready_for_extraction_and_validation,True,泰昌企业资料,fc06fdde27589a33293da753a475ca4b0eab633d3b045bb1d5665ea099346689,mixed_historical_bid,tender_scoring_derived,[],review_only,knowledge_only,仅限人工复核,True,media,True,needs_customer_confirmation,policy_auto_accepted,需要客户确认,2026-07-13,产品库资料,泰昌现状环境影响评估报告知识资料第059项,系统分级策略,internal,企业内部资料,客户主动提供历史技术标/商务标用于系统整理与复用,True,泰昌技术补充文件,泰昌技术补充文件,enterprise_fact,assets/template_words/技术补充文件.docx,128,（二）专项投标文件/5.针对评审要素，需要补充的其他文件/5.3.绿色低碳生产及绿色回收/5.3.1.建立了绿色生产/5.3.1.3.现状环境影响评估报告,"[""泰昌"", ""绿色低碳资料"", ""历史标书候选"", ""技术标""]",product_library,产品库资料,taichang_only,泰昌绿色低碳资料历史候选第128页,仅作泰昌内部知识资料；不得作为精确参数、有效证书或正式投标附件直接引用,needs_review,[]
taichang_tenant_internal,False,"[""专项投标文件/5.针对评审要素，需要补充的其他文件/5.3.绿色低碳生产及绿色回收/5.3.1.建立了绿色生产/5.3.1.3.现状环境影响评估报告""]","[""技术标""]",False,technical,technical-media-0173,formal_material_caption,绿色低碳资料,0.9,1f45ed5a92289b7d52916072c8c6765fdba68b466a715c6bcdd8880bc3cc4264,系统自动接收为知识资料,new,未发现重复，仍需审核,来源于泰昌技术补充文件，历史位置为“专项投标文件/5.针对评审要素，需要补充的其他文件/5.3.绿色低碳生产及绿色回收/5.3.1.建立了绿色生产/5.3.1.3.现状环境影响评估报告”。当前仅用于泰昌资料人工复核，未获准进入正式标书。,河北泰昌电力器材科技有限公司,河北泰昌电力器材科技有限公司,,green_low_carbon,绿色低碳资料,True,False,资料：泰昌绿色低碳资料,extract_word_media_as_knowledge_only,尚未通过P0-06人工批准,False,ready_for_extraction_and_validation,True,泰昌企业资料,1f45ed5a92289b7d52916072c8c6765fdba68b466a715c6bcdd8880bc3cc4264,mixed_historical_bid,tender_scoring_derived,[],review_only,knowledge_only,仅限人工复核,True,media,True,needs_customer_confirmation,policy_auto_accepted,需要客户确认,2026-07-13,产品库资料,泰昌现状环境影响评估报告知识资料第060项,系统分级策略,internal,企业内部资料,客户主动提供历史技术标/商务标用于系统整理与复用,True,泰昌技术补充文件,泰昌技术补充文件,enterprise_fact,assets/template_words/技术补充文件.docx,128,（二）专项投标文件/5.针对评审要素，需要补充的其他文件/5.3.绿色低碳生产及绿色回收/5.3.1.建立了绿色生产/5.3.1.3.现状环境影响评估报告,"[""泰昌"", ""绿色低碳资料"", ""历史标书候选"", ""技术标""]",product_library,产品库资料,taichang_only,泰昌绿色低碳资料历史候选第128页,仅作泰昌内部知识资料；不得作为精确参数、有效证书或正式投标附件直接引用,needs_review,[]
taichang_tenant_internal,False,"[""专项投标文件/5.针对评审要素，需要补充的其他文件/5.3.绿色低碳生产及绿色回收/5.3.1.建立了绿色生产/5.3.1.3.现状环境影响评估报告""]","[""技术标""]",False,technical,technical-media-0174,formal_material_caption,绿色低碳资料,0.9,956246a8565a665e992559009d3e50fe72f82a3b5061f867434f6970bd662bf8,系统自动接收为知识资料,new,未发现重复，仍需审核,来源于泰昌技术补充文件，历史位置为“专项投标文件/5.针对评审要素，需要补充的其他文件/5.3.绿色低碳生产及绿色回收/5.3.1.建立了绿色生产/5.3.1.3.现状环境影响评估报告”。当前仅用于泰昌资料人工复核，未获准进入正式标书。,河北泰昌电力器材科技有限公司,河北泰昌电力器材科技有限公司,,green_low_carbon,绿色低碳资料,True,False,资料：泰昌绿色低碳资料,extract_word_media_as_knowledge_only,尚未通过P0-06人工批准,False,ready_for_extraction_and_validation,True,泰昌企业资料,956246a8565a665e992559009d3e50fe72f82a3b5061f867434f6970bd662bf8,mixed_historical_bid,tender_scoring_derived,[],review_only,knowledge_only,仅限人工复核,True,media,True,needs_customer_confirmation,policy_auto_accepted,需要客户确认,2026-07-13,产品库资料,泰昌现状环境影响评估报告知识资料第061项,系统分级策略,internal,企业内部资料,客户主动提供历史技术标/商务标用于系统整理与复用,True,泰昌技术补充文件,泰昌技术补充文件,enterprise_fact,assets/template_words/技术补充文件.docx,128,（二）专项投标文件/5.针对评审要素，需要补充的其他文件/5.3.绿色低碳生产及绿色回收/5.3.1.建立了绿色生产/5.3.1.3.现状环境影响评估报告,"[""泰昌"", ""绿色低碳资料"", ""历史标书候选"", ""技术标""]",product_library,产品库资料,taichang_only,泰昌绿色低碳资料历史候选第128页,仅作泰昌内部知识资料；不得作为精确参数、有效证书或正式投标附件直接引用,needs_review,[]
taichang_tenant_internal,False,"[""专项投标文件/5.针对评审要素，需要补充的其他文件/5.3.绿色低碳生产及绿色回收/5.3.1.建立了绿色生产/5.3.1.3.现状环境影响评估报告""]","[""技术标""]",False,technical,technical-media-0175,formal_material_caption,绿色低碳资料,0.9,d6f2b92d37e226bd9831d2cdd69d5831e349b5fa6e516ca82c7cb59f2c12ff44,系统自动接收为知识资料,new,未发现重复，仍需审核,来源于泰昌技术补充文件，历史位置为“专项投标文件/5.针对评审要素，需要补充的其他文件/5.3.绿色低碳生产及绿色回收/5.3.1.建立了绿色生产/5.3.1.3.现状环境影响评估报告”。当前仅用于泰昌资料人工复核，未获准进入正式标书。,河北泰昌电力器材科技有限公司,河北泰昌电力器材科技有限公司,,green_low_carbon,绿色低碳资料,True,False,资料：泰昌绿色低碳资料,extract_word_media_as_knowledge_only,尚未通过P0-06人工批准,False,ready_for_extraction_and_validation,True,泰昌企业资料,d6f2b92d37e226bd9831d2cdd69d5831e349b5fa6e516ca82c7cb59f2c12ff44,mixed_historical_bid,tender_scoring_derived,[],review_only,knowledge_only,仅限人工复核,True,media,True,needs_customer_confirmation,policy_auto_accepted,需要客户确认,2026-07-13,产品库资料,泰昌现状环境影响评估报告知识资料第062项,系统分级策略,internal,企业内部资料,客户主动提供历史技术标/商务标用于系统整理与复用,True,泰昌技术补充文件,泰昌技术补充文件,enterprise_fact,assets/template_words/技术补充文件.docx,128,（二）专项投标文件/5.针对评审要素，需要补充的其他文件/5.3.绿色低碳生产及绿色回收/5.3.1.建立了绿色生产/5.3.1.3.现状环境影响评估报告,"[""泰昌"", ""绿色低碳资料"", ""历史标书候选"", ""技术标""]",product_library,产品库资料,taichang_only,泰昌绿色低碳资料历史候选第128页,仅作泰昌内部知识资料；不得作为精确参数、有效证书或正式投标附件直接引用,needs_review,[]
taichang_tenant_internal,False,"[""专项投标文件/5.针对评审要素，需要补充的其他文件/5.3.绿色低碳生产及绿色回收/5.3.1.建立了绿色生产/5.3.1.3.现状环境影响评估报告""]","[""技术标""]",False,technical,technical-media-0176,formal_material_caption,绿色低碳资料,0.9,6fa27dea07c981162df28142bfc4c1ce01fcaf783d97be985a27fde80b3ed6cc,系统自动接收为知识资料,new,未发现重复，仍需审核,来源于泰昌技术补充文件，历史位置为“专项投标文件/5.针对评审要素，需要补充的其他文件/5.3.绿色低碳生产及绿色回收/5.3.1.建立了绿色生产/5.3.1.3.现状环境影响评估报告”。当前仅用于泰昌资料人工复核，未获准进入正式标书。,河北泰昌电力器材科技有限公司,河北泰昌电力器材科技有限公司,,green_low_carbon,绿色低碳资料,True,False,资料：泰昌绿色低碳资料,extract_word_media_as_knowledge_only,尚未通过P0-06人工批准,False,ready_for_extraction_and_validation,True,泰昌企业资料,6fa27dea07c981162df28142bfc4c1ce01fcaf783d97be985a27fde80b3ed6cc,mixed_historical_bid,tender_scoring_derived,[],review_only,knowledge_only,仅限人工复核,True,media,True,needs_customer_confirmation,policy_auto_accepted,需要客户确认,2026-07-13,产品库资料,泰昌现状环境影响评估报告知识资料第063项,系统分级策略,internal,企业内部资料,客户主动提供历史技术标/商务标用于系统整理与复用,True,泰昌技术补充文件,泰昌技术补充文件,enterprise_fact,assets/template_words/技术补充文件.docx,128,（二）专项投标文件/5.针对评审要素，需要补充的其他文件/5.3.绿色低碳生产及绿色回收/5.3.1.建立了绿色生产/5.3.1.3.现状环境影响评估报告,"[""泰昌"", ""绿色低碳资料"", ""历史标书候选"", ""技术标""]",product_library,产品库资料,taichang_only,泰昌绿色低碳资料历史候选第128页,仅作泰昌内部知识资料；不得作为精确参数、有效证书或正式投标附件直接引用,needs_review,[]
taichang_tenant_internal,False,"[""专项投标文件/5.针对评审要素，需要补充的其他文件/5.3.绿色低碳生产及绿色回收/5.3.1.建立了绿色生产/5.3.1.3.现状环境影响评估报告""]","[""技术标""]",False,technical,technical-media-0177,formal_material_caption,绿色低碳资料,0.9,9a1776a672141ffda9d63b7eaa4afb36725933fac1a0065ab1a310f9875d65e7,系统自动接收为知识资料,new,未发现重复，仍需审核,来源于泰昌技术补充文件，历史位置为“专项投标文件/5.针对评审要素，需要补充的其他文件/5.3.绿色低碳生产及绿色回收/5.3.1.建立了绿色生产/5.3.1.3.现状环境影响评估报告”。当前仅用于泰昌资料人工复核，未获准进入正式标书。,河北泰昌电力器材科技有限公司,河北泰昌电力器材科技有限公司,,green_low_carbon,绿色低碳资料,True,False,资料：泰昌绿色低碳资料,extract_word_media_as_knowledge_only,尚未通过P0-06人工批准,False,ready_for_extraction_and_validation,True,泰昌企业资料,9a1776a672141ffda9d63b7eaa4afb36725933fac1a0065ab1a310f9875d65e7,mixed_historical_bid,tender_scoring_derived,[],review_only,knowledge_only,仅限人工复核,True,media,True,needs_customer_confirmation,policy_auto_accepted,需要客户确认,2026-07-13,产品库资料,泰昌现状环境影响评估报告知识资料第064项,系统分级策略,internal,企业内部资料,客户主动提供历史技术标/商务标用于系统整理与复用,True,泰昌技术补充文件,泰昌技术补充文件,enterprise_fact,assets/template_words/技术补充文件.docx,128,（二）专项投标文件/5.针对评审要素，需要补充的其他文件/5.3.绿色低碳生产及绿色回收/5.3.1.建立了绿色生产/5.3.1.3.现状环境影响评估报告,"[""泰昌"", ""绿色低碳资料"", ""历史标书候选"", ""技术标""]",product_library,产品库资料,taichang_only,泰昌绿色低碳资料历史候选第128页,仅作泰昌内部知识资料；不得作为精确参数、有效证书或正式投标附件直接引用,needs_review,[]
taichang_tenant_internal,False,"[""专项投标文件/5.针对评审要素，需要补充的其他文件/5.3.绿色低碳生产及绿色回收/5.3.1.建立了绿色生产/5.3.1.3.现状环境影响评估报告""]","[""技术标""]",False,technical,technical-media-0178,formal_material_caption,绿色低碳资料,0.9,797052cc7e24168b5eb3eeb8634c6208769b4e3f766e6ad3b262b5d3738a9ef0,系统自动接收为知识资料,new,未发现重复，仍需审核,来源于泰昌技术补充文件，历史位置为“专项投标文件/5.针对评审要素，需要补充的其他文件/5.3.绿色低碳生产及绿色回收/5.3.1.建立了绿色生产/5.3.1.3.现状环境影响评估报告”。当前仅用于泰昌资料人工复核，未获准进入正式标书。,河北泰昌电力器材科技有限公司,河北泰昌电力器材科技有限公司,,green_low_carbon,绿色低碳资料,True,False,资料：泰昌绿色低碳资料,extract_word_media_as_knowledge_only,尚未通过P0-06人工批准,False,ready_for_extraction_and_validation,True,泰昌企业资料,797052cc7e24168b5eb3eeb8634c6208769b4e3f766e6ad3b262b5d3738a9ef0,mixed_historical_bid,tender_scoring_derived,[],review_only,knowledge_only,仅限人工复核,True,media,True,needs_customer_confirmation,policy_auto_accepted,需要客户确认,2026-07-13,产品库资料,泰昌现状环境影响评估报告知识资料第065项,系统分级策略,internal,企业内部资料,客户主动提供历史技术标/商务标用于系统整理与复用,True,泰昌技术补充文件,泰昌技术补充文件,enterprise_fact,assets/template_words/技术补充文件.docx,128,（二）专项投标文件/5.针对评审要素，需要补充的其他文件/5.3.绿色低碳生产及绿色回收/5.3.1.建立了绿色生产/5.3.1.3.现状环境影响评估报告,"[""泰昌"", ""绿色低碳资料"", ""历史标书候选"", ""技术标""]",product_library,产品库资料,taichang_only,泰昌绿色低碳资料历史候选第128页,仅作泰昌内部知识资料；不得作为精确参数、有效证书或正式投标附件直接引用,needs_review,[]
taichang_tenant_internal,False,"[""专项投标文件/5.针对评审要素，需要补充的其他文件/5.3.绿色低碳生产及绿色回收/5.3.1.建立了绿色生产/5.3.1.3.现状环境影响评估报告""]","[""技术标""]",False,technical,technical-media-0179,formal_material_caption,绿色低碳资料,0.9,1d7699a120bdd2cff304c017d6b48f3a9853a3bd089393399ef749a5a0e1c81f,系统自动接收为知识资料,new,未发现重复，仍需审核,来源于泰昌技术补充文件，历史位置为“专项投标文件/5.针对评审要素，需要补充的其他文件/5.3.绿色低碳生产及绿色回收/5.3.1.建立了绿色生产/5.3.1.3.现状环境影响评估报告”。当前仅用于泰昌资料人工复核，未获准进入正式标书。,河北泰昌电力器材科技有限公司,河北泰昌电力器材科技有限公司,,green_low_carbon,绿色低碳资料,True,False,资料：泰昌绿色低碳资料,extract_word_media_as_knowledge_only,尚未通过P0-06人工批准,False,ready_for_extraction_and_validation,True,泰昌企业资料,1d7699a120bdd2cff304c017d6b48f3a9853a3bd089393399ef749a5a0e1c81f,mixed_historical_bid,tender_scoring_derived,[],review_only,knowledge_only,仅限人工复核,True,media,True,needs_customer_confirmation,policy_auto_accepted,需要客户确认,2026-07-13,产品库资料,泰昌现状环境影响评估报告知识资料第066项,系统分级策略,internal,企业内部资料,客户主动提供历史技术标/商务标用于系统整理与复用,True,泰昌技术补充文件,泰昌技术补充文件,enterprise_fact,assets/template_words/技术补充文件.docx,128,（二）专项投标文件/5.针对评审要素，需要补充的其他文件/5.3.绿色低碳生产及绿色回收/5.3.1.建立了绿色生产/5.3.1.3.现状环境影响评估报告,"[""泰昌"", ""绿色低碳资料"", ""历史标书候选"", ""技术标""]",product_library,产品库资料,taichang_only,泰昌绿色低碳资料历史候选第128页,仅作泰昌内部知识资料；不得作为精确参数、有效证书或正式投标附件直接引用,needs_review,[]
taichang_tenant_internal,False,"[""专项投标文件/5.针对评审要素，需要补充的其他文件/5.3.绿色低碳生产及绿色回收/5.3.1.建立了绿色生产/5.3.1.3.现状环境影响评估报告""]","[""技术标""]",False,technical,technical-media-0180,formal_material_caption,绿色低碳资料,0.9,4d06d19fa6e8a901b8b884ca585698c4a397edf97723016fd740b60048cdd182,系统自动接收为知识资料,new,未发现重复，仍需审核,来源于泰昌技术补充文件，历史位置为“专项投标文件/5.针对评审要素，需要补充的其他文件/5.3.绿色低碳生产及绿色回收/5.3.1.建立了绿色生产/5.3.1.3.现状环境影响评估报告”。当前仅用于泰昌资料人工复核，未获准进入正式标书。,河北泰昌电力器材科技有限公司,河北泰昌电力器材科技有限公司,,green_low_carbon,绿色低碳资料,True,False,资料：泰昌绿色低碳资料,extract_word_media_as_knowledge_only,尚未通过P0-06人工批准,False,ready_for_extraction_and_validation,True,泰昌企业资料,4d06d19fa6e8a901b8b884ca585698c4a397edf97723016fd740b60048cdd182,mixed_historical_bid,tender_scoring_derived,[],review_only,knowledge_only,仅限人工复核,True,media,True,needs_customer_confirmation,policy_auto_accepted,需要客户确认,2026-07-13,产品库资料,泰昌现状环境影响评估报告知识资料第067项,系统分级策略,internal,企业内部资料,客户主动提供历史技术标/商务标用于系统整理与复用,True,泰昌技术补充文件,泰昌技术补充文件,enterprise_fact,assets/template_words/技术补充文件.docx,128,（二）专项投标文件/5.针对评审要素，需要补充的其他文件/5.3.绿色低碳生产及绿色回收/5.3.1.建立了绿色生产/5.3.1.3.现状环境影响评估报告,"[""泰昌"", ""绿色低碳资料"", ""历史标书候选"", ""技术标""]",product_library,产品库资料,taichang_only,泰昌绿色低碳资料历史候选第128页,仅作泰昌内部知识资料；不得作为精确参数、有效证书或正式投标附件直接引用,needs_review,[]
taichang_tenant_internal,False,"[""专项投标文件/5.针对评审要素，需要补充的其他文件/5.3.绿色低碳生产及绿色回收/5.3.1.建立了绿色生产/5.3.1.3.现状环境影响评估报告""]","[""技术标""]",False,technical,technical-media-0181,formal_material_caption,绿色低碳资料,0.9,45195f8bee4e47710ca597eb6c3c3ebceb3284c6db080bb71b2918601271b7a4,系统自动接收为知识资料,new,未发现重复，仍需审核,来源于泰昌技术补充文件，历史位置为“专项投标文件/5.针对评审要素，需要补充的其他文件/5.3.绿色低碳生产及绿色回收/5.3.1.建立了绿色生产/5.3.1.3.现状环境影响评估报告”。当前仅用于泰昌资料人工复核，未获准进入正式标书。,河北泰昌电力器材科技有限公司,河北泰昌电力器材科技有限公司,,green_low_carbon,绿色低碳资料,True,False,资料：泰昌绿色低碳资料,extract_word_media_as_knowledge_only,尚未通过P0-06人工批准,False,ready_for_extraction_and_validation,True,泰昌企业资料,45195f8bee4e47710ca597eb6c3c3ebceb3284c6db080bb71b2918601271b7a4,mixed_historical_bid,tender_scoring_derived,[],review_only,knowledge_only,仅限人工复核,True,media,True,needs_customer_confirmation,policy_auto_accepted,需要客户确认,2026-07-13,产品库资料,泰昌现状环境影响评估报告知识资料第068项,系统分级策略,internal,企业内部资料,客户主动提供历史技术标/商务标用于系统整理与复用,True,泰昌技术补充文件,泰昌技术补充文件,enterprise_fact,assets/template_words/技术补充文件.docx,128,（二）专项投标文件/5.针对评审要素，需要补充的其他文件/5.3.绿色低碳生产及绿色回收/5.3.1.建立了绿色生产/5.3.1.3.现状环境影响评估报告,"[""泰昌"", ""绿色低碳资料"", ""历史标书候选"", ""技术标""]",product_library,产品库资料,taichang_only,泰昌绿色低碳资料历史候选第128页,仅作泰昌内部知识资料；不得作为精确参数、有效证书或正式投标附件直接引用,needs_review,[]
taichang_tenant_internal,False,"[""专项投标文件/5.针对评审要素，需要补充的其他文件/5.3.绿色低碳生产及绿色回收/5.3.1.建立了绿色生产/5.3.1.3.现状环境影响评估报告""]","[""技术标""]",False,technical,technical-media-0182,formal_material_caption,绿色低碳资料,0.9,129a7e6af77b22cf1ef6b1b9045682366e629a2644581f2f60e15a8456b0ea65,系统自动接收为知识资料,new,未发现重复，仍需审核,来源于泰昌技术补充文件，历史位置为“专项投标文件/5.针对评审要素，需要补充的其他文件/5.3.绿色低碳生产及绿色回收/5.3.1.建立了绿色生产/5.3.1.3.现状环境影响评估报告”。当前仅用于泰昌资料人工复核，未获准进入正式标书。,河北泰昌电力器材科技有限公司,河北泰昌电力器材科技有限公司,,green_low_carbon,绿色低碳资料,True,False,资料：泰昌绿色低碳资料,extract_word_media_as_knowledge_only,尚未通过P0-06人工批准,False,ready_for_extraction_and_validation,True,泰昌企业资料,129a7e6af77b22cf1ef6b1b9045682366e629a2644581f2f60e15a8456b0ea65,mixed_historical_bid,tender_scoring_derived,[],review_only,knowledge_only,仅限人工复核,True,media,True,needs_customer_confirmation,policy_auto_accepted,需要客户确认,2026-07-13,产品库资料,泰昌现状环境影响评估报告知识资料第069项,系统分级策略,internal,企业内部资料,客户主动提供历史技术标/商务标用于系统整理与复用,True,泰昌技术补充文件,泰昌技术补充文件,enterprise_fact,assets/template_words/技术补充文件.docx,128,（二）专项投标文件/5.针对评审要素，需要补充的其他文件/5.3.绿色低碳生产及绿色回收/5.3.1.建立了绿色生产/5.3.1.3.现状环境影响评估报告,"[""泰昌"", ""绿色低碳资料"", ""历史标书候选"", ""技术标""]",product_library,产品库资料,taichang_only,泰昌绿色低碳资料历史候选第128页,仅作泰昌内部知识资料；不得作为精确参数、有效证书或正式投标附件直接引用,needs_review,[]
taichang_tenant_internal,False,"[""专项投标文件/5.针对评审要素，需要补充的其他文件/5.3.绿色低碳生产及绿色回收/5.3.1.建立了绿色生产/5.3.1.3.现状环境影响评估报告""]","[""技术标""]",False,technical,technical-media-0183,formal_material_caption,绿色低碳资料,0.9,dbf025261d689648d4ab7cdd250880b270f8f7fee1256266f7a1cde87d8ffcb9,系统自动接收为知识资料,new,未发现重复，仍需审核,来源于泰昌技术补充文件，历史位置为“专项投标文件/5.针对评审要素，需要补充的其他文件/5.3.绿色低碳生产及绿色回收/5.3.1.建立了绿色生产/5.3.1.3.现状环境影响评估报告”。当前仅用于泰昌资料人工复核，未获准进入正式标书。,河北泰昌电力器材科技有限公司,河北泰昌电力器材科技有限公司,,green_low_carbon,绿色低碳资料,True,False,资料：泰昌绿色低碳资料,extract_word_media_as_knowledge_only,尚未通过P0-06人工批准,False,ready_for_extraction_and_validation,True,泰昌企业资料,dbf025261d689648d4ab7cdd250880b270f8f7fee1256266f7a1cde87d8ffcb9,mixed_historical_bid,tender_scoring_derived,[],review_only,knowledge_only,仅限人工复核,True,media,True,needs_customer_confirmation,policy_auto_accepted,需要客户确认,2026-07-13,产品库资料,泰昌现状环境影响评估报告知识资料第070项,系统分级策略,internal,企业内部资料,客户主动提供历史技术标/商务标用于系统整理与复用,True,泰昌技术补充文件,泰昌技术补充文件,enterprise_fact,assets/template_words/技术补充文件.docx,128,（二）专项投标文件/5.针对评审要素，需要补充的其他文件/5.3.绿色低碳生产及绿色回收/5.3.1.建立了绿色生产/5.3.1.3.现状环境影响评估报告,"[""泰昌"", ""绿色低碳资料"", ""历史标书候选"", ""技术标""]",product_library,产品库资料,taichang_only,泰昌绿色低碳资料历史候选第128页,仅作泰昌内部知识资料；不得作为精确参数、有效证书或正式投标附件直接引用,needs_review,[]
taichang_tenant_internal,False,"[""专项投标文件/5.针对评审要素，需要补充的其他文件/5.3.绿色低碳生产及绿色回收/5.3.1.建立了绿色生产/5.3.1.3.现状环境影响评估报告""]","[""技术标""]",False,technical,technical-media-0184,formal_material_caption,绿色低碳资料,0.9,2a1c872b67a3a7db46b3313009322a8dcdff534a9700896b85c340d3f3805783,系统自动接收为知识资料,new,未发现重复，仍需审核,来源于泰昌技术补充文件，历史位置为“专项投标文件/5.针对评审要素，需要补充的其他文件/5.3.绿色低碳生产及绿色回收/5.3.1.建立了绿色生产/5.3.1.3.现状环境影响评估报告”。当前仅用于泰昌资料人工复核，未获准进入正式标书。,河北泰昌电力器材科技有限公司,河北泰昌电力器材科技有限公司,,green_low_carbon,绿色低碳资料,True,False,资料：泰昌绿色低碳资料,extract_word_media_as_knowledge_only,尚未通过P0-06人工批准,False,ready_for_extraction_and_validation,True,泰昌企业资料,2a1c872b67a3a7db46b3313009322a8dcdff534a9700896b85c340d3f3805783,mixed_historical_bid,tender_scoring_derived,[],review_only,knowledge_only,仅限人工复核,True,media,True,needs_customer_confirmation,policy_auto_accepted,需要客户确认,2026-07-13,产品库资料,泰昌现状环境影响评估报告知识资料第071项,系统分级策略,internal,企业内部资料,客户主动提供历史技术标/商务标用于系统整理与复用,True,泰昌技术补充文件,泰昌技术补充文件,enterprise_fact,assets/template_words/技术补充文件.docx,128,（二）专项投标文件/5.针对评审要素，需要补充的其他文件/5.3.绿色低碳生产及绿色回收/5.3.1.建立了绿色生产/5.3.1.3.现状环境影响评估报告,"[""泰昌"", ""绿色低碳资料"", ""历史标书候选"", ""技术标""]",product_library,产品库资料,taichang_only,泰昌绿色低碳资料历史候选第128页,仅作泰昌内部知识资料；不得作为精确参数、有效证书或正式投标附件直接引用,needs_review,[]
taichang_tenant_internal,False,"[""专项投标文件/5.针对评审要素，需要补充的其他文件/5.3.绿色低碳生产及绿色回收/5.3.1.建立了绿色生产/5.3.1.3.现状环境影响评估报告""]","[""技术标""]",False,technical,technical-media-0185,formal_material_caption,绿色低碳资料,0.9,c12fe72eb8f3241c200f60ea786e626ca516be879117d3452258a60393b598da,系统自动接收为知识资料,new,未发现重复，仍需审核,来源于泰昌技术补充文件，历史位置为“专项投标文件/5.针对评审要素，需要补充的其他文件/5.3.绿色低碳生产及绿色回收/5.3.1.建立了绿色生产/5.3.1.3.现状环境影响评估报告”。当前仅用于泰昌资料人工复核，未获准进入正式标书。,河北泰昌电力器材科技有限公司,河北泰昌电力器材科技有限公司,,green_low_carbon,绿色低碳资料,True,False,资料：泰昌绿色低碳资料,extract_word_media_as_knowledge_only,尚未通过P0-06人工批准,False,ready_for_extraction_and_validation,True,泰昌企业资料,c12fe72eb8f3241c200f60ea786e626ca516be879117d3452258a60393b598da,mixed_historical_bid,tender_scoring_derived,[],review_only,knowledge_only,仅限人工复核,True,media,True,needs_customer_confirmation,policy_auto_accepted,需要客户确认,2026-07-13,产品库资料,泰昌现状环境影响评估报告知识资料第072项,系统分级策略,internal,企业内部资料,客户主动提供历史技术标/商务标用于系统整理与复用,True,泰昌技术补充文件,泰昌技术补充文件,enterprise_fact,assets/template_words/技术补充文件.docx,128,（二）专项投标文件/5.针对评审要素，需要补充的其他文件/5.3.绿色低碳生产及绿色回收/5.3.1.建立了绿色生产/5.3.1.3.现状环境影响评估报告,"[""泰昌"", ""绿色低碳资料"", ""历史标书候选"", ""技术标""]",product_library,产品库资料,taichang_only,泰昌绿色低碳资料历史候选第128页,仅作泰昌内部知识资料；不得作为精确参数、有效证书或正式投标附件直接引用,needs_review,[]
taichang_tenant_internal,False,"[""专项投标文件/5.针对评审要素，需要补充的其他文件/5.3.绿色低碳生产及绿色回收/5.3.1.建立了绿色生产/5.3.1.3.现状环境影响评估报告""]","[""技术标""]",False,technical,technical-media-0186,formal_material_caption,绿色低碳资料,0.9,09c1811bab2bfac3e34f6b24df4f92dd420825e0f479003e49e9e17f1ae16e0e,系统自动接收为知识资料,new,未发现重复，仍需审核,来源于泰昌技术补充文件，历史位置为“专项投标文件/5.针对评审要素，需要补充的其他文件/5.3.绿色低碳生产及绿色回收/5.3.1.建立了绿色生产/5.3.1.3.现状环境影响评估报告”。当前仅用于泰昌资料人工复核，未获准进入正式标书。,河北泰昌电力器材科技有限公司,河北泰昌电力器材科技有限公司,,green_low_carbon,绿色低碳资料,True,False,资料：泰昌绿色低碳资料,extract_word_media_as_knowledge_only,尚未通过P0-06人工批准,False,ready_for_extraction_and_validation,True,泰昌企业资料,09c1811bab2bfac3e34f6b24df4f92dd420825e0f479003e49e9e17f1ae16e0e,mixed_historical_bid,tender_scoring_derived,[],review_only,knowledge_only,仅限人工复核,True,media,True,needs_customer_confirmation,policy_auto_accepted,需要客户确认,2026-07-13,产品库资料,泰昌现状环境影响评估报告知识资料第073项,系统分级策略,internal,企业内部资料,客户主动提供历史技术标/商务标用于系统整理与复用,True,泰昌技术补充文件,泰昌技术补充文件,enterprise_fact,assets/template_words/技术补充文件.docx,128,（二）专项投标文件/5.针对评审要素，需要补充的其他文件/5.3.绿色低碳生产及绿色回收/5.3.1.建立了绿色生产/5.3.1.3.现状环境影响评估报告,"[""泰昌"", ""绿色低碳资料"", ""历史标书候选"", ""技术标""]",product_library,产品库资料,taichang_only,泰昌绿色低碳资料历史候选第128页,仅作泰昌内部知识资料；不得作为精确参数、有效证书或正式投标附件直接引用,needs_review,[]
taichang_tenant_internal,False,"[""专项投标文件/5.针对评审要素，需要补充的其他文件/5.3.绿色低碳生产及绿色回收/5.3.1.建立了绿色生产/5.3.1.3.现状环境影响评估报告""]","[""技术标""]",False,technical,technical-media-0187,formal_material_caption,绿色低碳资料,0.9,907dc5d91f6a5d7206423b2cd24c72d282a4c87e329c724cbf432311fde012ff,系统自动接收为知识资料,new,未发现重复，仍需审核,来源于泰昌技术补充文件，历史位置为“专项投标文件/5.针对评审要素，需要补充的其他文件/5.3.绿色低碳生产及绿色回收/5.3.1.建立了绿色生产/5.3.1.3.现状环境影响评估报告”。当前仅用于泰昌资料人工复核，未获准进入正式标书。,河北泰昌电力器材科技有限公司,河北泰昌电力器材科技有限公司,,green_low_carbon,绿色低碳资料,True,False,资料：泰昌绿色低碳资料,extract_word_media_as_knowledge_only,尚未通过P0-06人工批准,False,ready_for_extraction_and_validation,True,泰昌企业资料,907dc5d91f6a5d7206423b2cd24c72d282a4c87e329c724cbf432311fde012ff,mixed_historical_bid,tender_scoring_derived,[],review_only,knowledge_only,仅限人工复核,True,media,True,needs_customer_confirmation,policy_auto_accepted,需要客户确认,2026-07-13,产品库资料,泰昌现状环境影响评估报告知识资料第074项,系统分级策略,internal,企业内部资料,客户主动提供历史技术标/商务标用于系统整理与复用,True,泰昌技术补充文件,泰昌技术补充文件,enterprise_fact,assets/template_words/技术补充文件.docx,128,（二）专项投标文件/5.针对评审要素，需要补充的其他文件/5.3.绿色低碳生产及绿色回收/5.3.1.建立了绿色生产/5.3.1.3.现状环境影响评估报告,"[""泰昌"", ""绿色低碳资料"", ""历史标书候选"", ""技术标""]",product_library,产品库资料,taichang_only,泰昌绿色低碳资料历史候选第128页,仅作泰昌内部知识资料；不得作为精确参数、有效证书或正式投标附件直接引用,needs_review,[]
taichang_tenant_internal,False,"[""专项投标文件/5.针对评审要素，需要补充的其他文件/5.3.绿色低碳生产及绿色回收/5.3.1.建立了绿色生产/5.3.1.3.现状环境影响评估报告""]","[""技术标""]",False,technical,technical-media-0188,formal_material_caption,绿色低碳资料,0.9,a636c8f0462e7c80c281abdb00f25448f75f6a4dd946f2b1cc30c177a9a65dbe,系统自动接收为知识资料,new,未发现重复，仍需审核,来源于泰昌技术补充文件，历史位置为“专项投标文件/5.针对评审要素，需要补充的其他文件/5.3.绿色低碳生产及绿色回收/5.3.1.建立了绿色生产/5.3.1.3.现状环境影响评估报告”。当前仅用于泰昌资料人工复核，未获准进入正式标书。,河北泰昌电力器材科技有限公司,河北泰昌电力器材科技有限公司,,green_low_carbon,绿色低碳资料,True,False,资料：泰昌绿色低碳资料,extract_word_media_as_knowledge_only,尚未通过P0-06人工批准,False,ready_for_extraction_and_validation,True,泰昌企业资料,a636c8f0462e7c80c281abdb00f25448f75f6a4dd946f2b1cc30c177a9a65dbe,mixed_historical_bid,tender_scoring_derived,[],review_only,knowledge_only,仅限人工复核,True,media,True,needs_customer_confirmation,policy_auto_accepted,需要客户确认,2026-07-13,产品库资料,泰昌现状环境影响评估报告知识资料第075项,系统分级策略,internal,企业内部资料,客户主动提供历史技术标/商务标用于系统整理与复用,True,泰昌技术补充文件,泰昌技术补充文件,enterprise_fact,assets/template_words/技术补充文件.docx,128,（二）专项投标文件/5.针对评审要素，需要补充的其他文件/5.3.绿色低碳生产及绿色回收/5.3.1.建立了绿色生产/5.3.1.3.现状环境影响评估报告,"[""泰昌"", ""绿色低碳资料"", ""历史标书候选"", ""技术标""]",product_library,产品库资料,taichang_only,泰昌绿色低碳资料历史候选第128页,仅作泰昌内部知识资料；不得作为精确参数、有效证书或正式投标附件直接引用,needs_review,[]
taichang_tenant_internal,False,"[""专项投标文件/5.针对评审要素，需要补充的其他文件/5.3.绿色低碳生产及绿色回收/5.3.1.建立了绿色生产/5.3.1.3.现状环境影响评估报告""]","[""技术标""]",False,technical,technical-media-0189,formal_material_caption,绿色低碳资料,0.9,460e556efd2fc6ce3ed0726d7fa480b971482a7901927d98594d3ac92c6186fd,系统自动接收为知识资料,new,未发现重复，仍需审核,来源于泰昌技术补充文件，历史位置为“专项投标文件/5.针对评审要素，需要补充的其他文件/5.3.绿色低碳生产及绿色回收/5.3.1.建立了绿色生产/5.3.1.3.现状环境影响评估报告”。当前仅用于泰昌资料人工复核，未获准进入正式标书。,河北泰昌电力器材科技有限公司,河北泰昌电力器材科技有限公司,,green_low_carbon,绿色低碳资料,True,False,资料：泰昌绿色低碳资料,extract_word_media_as_knowledge_only,尚未通过P0-06人工批准,False,ready_for_extraction_and_validation,True,泰昌企业资料,460e556efd2fc6ce3ed0726d7fa480b971482a7901927d98594d3ac92c6186fd,mixed_historical_bid,tender_scoring_derived,[],review_only,knowledge_only,仅限人工复核,True,media,True,needs_customer_confirmation,policy_auto_accepted,需要客户确认,2026-07-13,产品库资料,泰昌现状环境影响评估报告知识资料第076项,系统分级策略,internal,企业内部资料,客户主动提供历史技术标/商务标用于系统整理与复用,True,泰昌技术补充文件,泰昌技术补充文件,enterprise_fact,assets/template_words/技术补充文件.docx,128,（二）专项投标文件/5.针对评审要素，需要补充的其他文件/5.3.绿色低碳生产及绿色回收/5.3.1.建立了绿色生产/5.3.1.3.现状环境影响评估报告,"[""泰昌"", ""绿色低碳资料"", ""历史标书候选"", ""技术标""]",product_library,产品库资料,taichang_only,泰昌绿色低碳资料历史候选第128页,仅作泰昌内部知识资料；不得作为精确参数、有效证书或正式投标附件直接引用,needs_review,[]
taichang_tenant_internal,False,"[""专项投标文件/5.针对评审要素，需要补充的其他文件/5.3.绿色低碳生产及绿色回收/5.3.1.建立了绿色生产/5.3.1.3.现状环境影响评估报告""]","[""技术标""]",False,technical,technical-media-0190,formal_material_caption,绿色低碳资料,0.9,18dfc0395d8edd86b06494f728321fe980e171c6ee99e0d1e390ea690ff7227b,系统自动接收为知识资料,new,未发现重复，仍需审核,来源于泰昌技术补充文件，历史位置为“专项投标文件/5.针对评审要素，需要补充的其他文件/5.3.绿色低碳生产及绿色回收/5.3.1.建立了绿色生产/5.3.1.3.现状环境影响评估报告”。当前仅用于泰昌资料人工复核，未获准进入正式标书。,河北泰昌电力器材科技有限公司,河北泰昌电力器材科技有限公司,,green_low_carbon,绿色低碳资料,True,False,资料：泰昌绿色低碳资料,extract_word_media_as_knowledge_only,尚未通过P0-06人工批准,False,ready_for_extraction_and_validation,True,泰昌企业资料,18dfc0395d8edd86b06494f728321fe980e171c6ee99e0d1e390ea690ff7227b,mixed_historical_bid,tender_scoring_derived,[],review_only,knowledge_only,仅限人工复核,True,media,True,needs_customer_confirmation,policy_auto_accepted,需要客户确认,2026-07-13,产品库资料,泰昌现状环境影响评估报告知识资料第077项,系统分级策略,internal,企业内部资料,客户主动提供历史技术标/商务标用于系统整理与复用,True,泰昌技术补充文件,泰昌技术补充文件,enterprise_fact,assets/template_words/技术补充文件.docx,128,（二）专项投标文件/5.针对评审要素，需要补充的其他文件/5.3.绿色低碳生产及绿色回收/5.3.1.建立了绿色生产/5.3.1.3.现状环境影响评估报告,"[""泰昌"", ""绿色低碳资料"", ""历史标书候选"", ""技术标""]",product_library,产品库资料,taichang_only,泰昌绿色低碳资料历史候选第128页,仅作泰昌内部知识资料；不得作为精确参数、有效证书或正式投标附件直接引用,needs_review,[]
taichang_tenant_internal,False,"[""专项投标文件/5.针对评审要素，需要补充的其他文件/5.3.绿色低碳生产及绿色回收/5.3.1.建立了绿色生产/5.3.1.3.现状环境影响评估报告""]","[""技术标""]",False,technical,technical-media-0191,formal_material_caption,绿色低碳资料,0.9,bf3744267213a5b9332cd6638767488bfe5ea26709e08d6085fb95e0d9075d9f,系统自动接收为知识资料,new,未发现重复，仍需审核,来源于泰昌技术补充文件，历史位置为“专项投标文件/5.针对评审要素，需要补充的其他文件/5.3.绿色低碳生产及绿色回收/5.3.1.建立了绿色生产/5.3.1.3.现状环境影响评估报告”。当前仅用于泰昌资料人工复核，未获准进入正式标书。,河北泰昌电力器材科技有限公司,河北泰昌电力器材科技有限公司,,green_low_carbon,绿色低碳资料,True,False,资料：泰昌绿色低碳资料,extract_word_media_as_knowledge_only,尚未通过P0-06人工批准,False,ready_for_extraction_and_validation,True,泰昌企业资料,bf3744267213a5b9332cd6638767488bfe5ea26709e08d6085fb95e0d9075d9f,mixed_historical_bid,tender_scoring_derived,[],review_only,knowledge_only,仅限人工复核,True,media,True,needs_customer_confirmation,policy_auto_accepted,需要客户确认,2026-07-13,产品库资料,泰昌现状环境影响评估报告知识资料第078项,系统分级策略,internal,企业内部资料,客户主动提供历史技术标/商务标用于系统整理与复用,True,泰昌技术补充文件,泰昌技术补充文件,enterprise_fact,assets/template_words/技术补充文件.docx,128,（二）专项投标文件/5.针对评审要素，需要补充的其他文件/5.3.绿色低碳生产及绿色回收/5.3.1.建立了绿色生产/5.3.1.3.现状环境影响评估报告,"[""泰昌"", ""绿色低碳资料"", ""历史标书候选"", ""技术标""]",product_library,产品库资料,taichang_only,泰昌绿色低碳资料历史候选第128页,仅作泰昌内部知识资料；不得作为精确参数、有效证书或正式投标附件直接引用,needs_review,[]
taichang_tenant_internal,False,"[""专项投标文件/5.针对评审要素，需要补充的其他文件/5.3.绿色低碳生产及绿色回收/5.3.1.建立了绿色生产/5.3.1.3.现状环境影响评估报告""]","[""技术标""]",False,technical,technical-media-0192,formal_material_caption,绿色低碳资料,0.9,d618cc382e34bbc29e00aae8e09e2cefd90acd98d0d99f0868e774ee365e06e8,系统自动接收为知识资料,new,未发现重复，仍需审核,来源于泰昌技术补充文件，历史位置为“专项投标文件/5.针对评审要素，需要补充的其他文件/5.3.绿色低碳生产及绿色回收/5.3.1.建立了绿色生产/5.3.1.3.现状环境影响评估报告”。当前仅用于泰昌资料人工复核，未获准进入正式标书。,河北泰昌电力器材科技有限公司,河北泰昌电力器材科技有限公司,,green_low_carbon,绿色低碳资料,True,False,资料：泰昌绿色低碳资料,extract_word_media_as_knowledge_only,尚未通过P0-06人工批准,False,ready_for_extraction_and_validation,True,泰昌企业资料,d618cc382e34bbc29e00aae8e09e2cefd90acd98d0d99f0868e774ee365e06e8,mixed_historical_bid,tender_scoring_derived,[],review_only,knowledge_only,仅限人工复核,True,media,True,needs_customer_confirmation,policy_auto_accepted,需要客户确认,2026-07-13,产品库资料,泰昌现状环境影响评估报告知识资料第079项,系统分级策略,internal,企业内部资料,客户主动提供历史技术标/商务标用于系统整理与复用,True,泰昌技术补充文件,泰昌技术补充文件,enterprise_fact,assets/template_words/技术补充文件.docx,128,（二）专项投标文件/5.针对评审要素，需要补充的其他文件/5.3.绿色低碳生产及绿色回收/5.3.1.建立了绿色生产/5.3.1.3.现状环境影响评估报告,"[""泰昌"", ""绿色低碳资料"", ""历史标书候选"", ""技术标""]",product_library,产品库资料,taichang_only,泰昌绿色低碳资料历史候选第128页,仅作泰昌内部知识资料；不得作为精确参数、有效证书或正式投标附件直接引用,needs_review,[]
taichang_tenant_internal,False,"[""专项投标文件/5.针对评审要素，需要补充的其他文件/5.3.绿色低碳生产及绿色回收/5.3.1.建立了绿色生产/5.3.1.3.现状环境影响评估报告""]","[""技术标""]",False,technical,technical-media-0193,formal_material_caption,绿色低碳资料,0.9,cbfa1adbe08d5c953bc60fe48eecdca525172b25d2be7ed764bcbc53e3355c57,系统自动接收为知识资料,new,未发现重复，仍需审核,来源于泰昌技术补充文件，历史位置为“专项投标文件/5.针对评审要素，需要补充的其他文件/5.3.绿色低碳生产及绿色回收/5.3.1.建立了绿色生产/5.3.1.3.现状环境影响评估报告”。当前仅用于泰昌资料人工复核，未获准进入正式标书。,河北泰昌电力器材科技有限公司,河北泰昌电力器材科技有限公司,,green_low_carbon,绿色低碳资料,True,False,资料：泰昌绿色低碳资料,extract_word_media_as_knowledge_only,尚未通过P0-06人工批准,False,ready_for_extraction_and_validation,True,泰昌企业资料,cbfa1adbe08d5c953bc60fe48eecdca525172b25d2be7ed764bcbc53e3355c57,mixed_historical_bid,tender_scoring_derived,[],review_only,knowledge_only,仅限人工复核,True,media,True,needs_customer_confirmation,policy_auto_accepted,需要客户确认,2026-07-13,产品库资料,泰昌现状环境影响评估报告知识资料第080项,系统分级策略,internal,企业内部资料,客户主动提供历史技术标/商务标用于系统整理与复用,True,泰昌技术补充文件,泰昌技术补充文件,enterprise_fact,assets/template_words/技术补充文件.docx,128,（二）专项投标文件/5.针对评审要素，需要补充的其他文件/5.3.绿色低碳生产及绿色回收/5.3.1.建立了绿色生产/5.3.1.3.现状环境影响评估报告,"[""泰昌"", ""绿色低碳资料"", ""历史标书候选"", ""技术标""]",product_library,产品库资料,taichang_only,泰昌绿色低碳资料历史候选第128页,仅作泰昌内部知识资料；不得作为精确参数、有效证书或正式投标附件直接引用,needs_review,[]
taichang_tenant_internal,False,"[""专项投标文件/5.针对评审要素，需要补充的其他文件/5.3.绿色低碳生产及绿色回收/5.3.1.建立了绿色生产/5.3.1.3.现状环境影响评估报告""]","[""技术标""]",False,technical,technical-media-0194,formal_material_caption,绿色低碳资料,0.9,93398ed9505c900f521a40a7250013d8037269466507d0ee11001b97503920ac,系统自动接收为知识资料,new,未发现重复，仍需审核,来源于泰昌技术补充文件，历史位置为“专项投标文件/5.针对评审要素，需要补充的其他文件/5.3.绿色低碳生产及绿色回收/5.3.1.建立了绿色生产/5.3.1.3.现状环境影响评估报告”。当前仅用于泰昌资料人工复核，未获准进入正式标书。,河北泰昌电力器材科技有限公司,河北泰昌电力器材科技有限公司,,green_low_carbon,绿色低碳资料,True,False,资料：泰昌绿色低碳资料,extract_word_media_as_knowledge_only,尚未通过P0-06人工批准,False,ready_for_extraction_and_validation,True,泰昌企业资料,93398ed9505c900f521a40a7250013d8037269466507d0ee11001b97503920ac,mixed_historical_bid,tender_scoring_derived,[],review_only,knowledge_only,仅限人工复核,True,media,True,needs_customer_confirmation,policy_auto_accepted,需要客户确认,2026-07-13,产品库资料,泰昌现状环境影响评估报告知识资料第081项,系统分级策略,internal,企业内部资料,客户主动提供历史技术标/商务标用于系统整理与复用,True,泰昌技术补充文件,泰昌技术补充文件,enterprise_fact,assets/template_words/技术补充文件.docx,128,（二）专项投标文件/5.针对评审要素，需要补充的其他文件/5.3.绿色低碳生产及绿色回收/5.3.1.建立了绿色生产/5.3.1.3.现状环境影响评估报告,"[""泰昌"", ""绿色低碳资料"", ""历史标书候选"", ""技术标""]",product_library,产品库资料,taichang_only,泰昌绿色低碳资料历史候选第128页,仅作泰昌内部知识资料；不得作为精确参数、有效证书或正式投标附件直接引用,needs_review,[]
taichang_tenant_internal,False,"[""专项投标文件/5.针对评审要素，需要补充的其他文件/5.3.绿色低碳生产及绿色回收/5.3.1.建立了绿色生产/5.3.1.3.现状环境影响评估报告""]","[""技术标""]",False,technical,technical-media-0195,formal_material_caption,绿色低碳资料,0.9,7d3bbfaeec6195463e91886c268f67b775a2ec8610132d321d6328e72fe4758b,系统自动接收为知识资料,new,未发现重复，仍需审核,来源于泰昌技术补充文件，历史位置为“专项投标文件/5.针对评审要素，需要补充的其他文件/5.3.绿色低碳生产及绿色回收/5.3.1.建立了绿色生产/5.3.1.3.现状环境影响评估报告”。当前仅用于泰昌资料人工复核，未获准进入正式标书。,河北泰昌电力器材科技有限公司,河北泰昌电力器材科技有限公司,,green_low_carbon,绿色低碳资料,True,False,资料：泰昌绿色低碳资料,extract_word_media_as_knowledge_only,尚未通过P0-06人工批准,False,ready_for_extraction_and_validation,True,泰昌企业资料,7d3bbfaeec6195463e91886c268f67b775a2ec8610132d321d6328e72fe4758b,mixed_historical_bid,tender_scoring_derived,[],review_only,knowledge_only,仅限人工复核,True,media,True,needs_customer_confirmation,policy_auto_accepted,需要客户确认,2026-07-13,产品库资料,泰昌现状环境影响评估报告知识资料第082项,系统分级策略,internal,企业内部资料,客户主动提供历史技术标/商务标用于系统整理与复用,True,泰昌技术补充文件,泰昌技术补充文件,enterprise_fact,assets/template_words/技术补充文件.docx,128,（二）专项投标文件/5.针对评审要素，需要补充的其他文件/5.3.绿色低碳生产及绿色回收/5.3.1.建立了绿色生产/5.3.1.3.现状环境影响评估报告,"[""泰昌"", ""绿色低碳资料"", ""历史标书候选"", ""技术标""]",product_library,产品库资料,taichang_only,泰昌绿色低碳资料历史候选第128页,仅作泰昌内部知识资料；不得作为精确参数、有效证书或正式投标附件直接引用,needs_review,[]
taichang_tenant_internal,False,"[""专项投标文件/5.针对评审要素，需要补充的其他文件/5.3.绿色低碳生产及绿色回收/5.3.1.建立了绿色生产/5.3.1.3.现状环境影响评估报告""]","[""技术标""]",False,technical,technical-media-0196,formal_material_caption,绿色低碳资料,0.9,ef642cc9bbd436c10e5adf4e4d5af9f4ba4617c8822cc5f049184c6885b7a94a,系统自动接收为知识资料,new,未发现重复，仍需审核,来源于泰昌技术补充文件，历史位置为“专项投标文件/5.针对评审要素，需要补充的其他文件/5.3.绿色低碳生产及绿色回收/5.3.1.建立了绿色生产/5.3.1.3.现状环境影响评估报告”。当前仅用于泰昌资料人工复核，未获准进入正式标书。,河北泰昌电力器材科技有限公司,河北泰昌电力器材科技有限公司,,green_low_carbon,绿色低碳资料,True,False,资料：泰昌绿色低碳资料,extract_word_media_as_knowledge_only,尚未通过P0-06人工批准,False,ready_for_extraction_and_validation,True,泰昌企业资料,ef642cc9bbd436c10e5adf4e4d5af9f4ba4617c8822cc5f049184c6885b7a94a,mixed_historical_bid,tender_scoring_derived,[],review_only,knowledge_only,仅限人工复核,True,media,True,needs_customer_confirmation,policy_auto_accepted,需要客户确认,2026-07-13,产品库资料,泰昌现状环境影响评估报告知识资料第083项,系统分级策略,internal,企业内部资料,客户主动提供历史技术标/商务标用于系统整理与复用,True,泰昌技术补充文件,泰昌技术补充文件,enterprise_fact,assets/template_words/技术补充文件.docx,128,（二）专项投标文件/5.针对评审要素，需要补充的其他文件/5.3.绿色低碳生产及绿色回收/5.3.1.建立了绿色生产/5.3.1.3.现状环境影响评估报告,"[""泰昌"", ""绿色低碳资料"", ""历史标书候选"", ""技术标""]",product_library,产品库资料,taichang_only,泰昌绿色低碳资料历史候选第128页,仅作泰昌内部知识资料；不得作为精确参数、有效证书或正式投标附件直接引用,needs_review,[]
taichang_tenant_internal,False,"[""专项投标文件/5.针对评审要素，需要补充的其他文件/5.3.绿色低碳生产及绿色回收/5.3.1.建立了绿色生产/5.3.1.3.现状环境影响评估报告""]","[""技术标""]",False,technical,technical-media-0197,formal_material_caption,绿色低碳资料,0.9,0f2d0b4d3c24ad74f47b7c2887ac0fb7c4e05b95ca2454b57991bb336d6b6900,系统自动接收为知识资料,new,未发现重复，仍需审核,来源于泰昌技术补充文件，历史位置为“专项投标文件/5.针对评审要素，需要补充的其他文件/5.3.绿色低碳生产及绿色回收/5.3.1.建立了绿色生产/5.3.1.3.现状环境影响评估报告”。当前仅用于泰昌资料人工复核，未获准进入正式标书。,河北泰昌电力器材科技有限公司,河北泰昌电力器材科技有限公司,,green_low_carbon,绿色低碳资料,True,False,资料：泰昌绿色低碳资料,extract_word_media_as_knowledge_only,尚未通过P0-06人工批准,False,ready_for_extraction_and_validation,True,泰昌企业资料,0f2d0b4d3c24ad74f47b7c2887ac0fb7c4e05b95ca2454b57991bb336d6b6900,mixed_historical_bid,tender_scoring_derived,[],review_only,knowledge_only,仅限人工复核,True,media,True,needs_customer_confirmation,policy_auto_accepted,需要客户确认,2026-07-13,产品库资料,泰昌现状环境影响评估报告知识资料第084项,系统分级策略,internal,企业内部资料,客户主动提供历史技术标/商务标用于系统整理与复用,True,泰昌技术补充文件,泰昌技术补充文件,enterprise_fact,assets/template_words/技术补充文件.docx,128,（二）专项投标文件/5.针对评审要素，需要补充的其他文件/5.3.绿色低碳生产及绿色回收/5.3.1.建立了绿色生产/5.3.1.3.现状环境影响评估报告,"[""泰昌"", ""绿色低碳资料"", ""历史标书候选"", ""技术标""]",product_library,产品库资料,taichang_only,泰昌绿色低碳资料历史候选第128页,仅作泰昌内部知识资料；不得作为精确参数、有效证书或正式投标附件直接引用,needs_review,[]
taichang_tenant_internal,False,"[""专项投标文件/5.针对评审要素，需要补充的其他文件/5.3.绿色低碳生产及绿色回收/5.3.1.建立了绿色生产/5.3.1.3.现状环境影响评估报告""]","[""技术标""]",False,technical,technical-media-0198,formal_material_caption,绿色低碳资料,0.9,e4937144f78c917cce35d891010431dfbad6bc063128a8841657d83a76122534,系统自动接收为知识资料,new,未发现重复，仍需审核,来源于泰昌技术补充文件，历史位置为“专项投标文件/5.针对评审要素，需要补充的其他文件/5.3.绿色低碳生产及绿色回收/5.3.1.建立了绿色生产/5.3.1.3.现状环境影响评估报告”。当前仅用于泰昌资料人工复核，未获准进入正式标书。,河北泰昌电力器材科技有限公司,河北泰昌电力器材科技有限公司,,green_low_carbon,绿色低碳资料,True,False,资料：泰昌绿色低碳资料,extract_word_media_as_knowledge_only,尚未通过P0-06人工批准,False,ready_for_extraction_and_validation,True,泰昌企业资料,e4937144f78c917cce35d891010431dfbad6bc063128a8841657d83a76122534,mixed_historical_bid,tender_scoring_derived,[],review_only,knowledge_only,仅限人工复核,True,media,True,needs_customer_confirmation,policy_auto_accepted,需要客户确认,2026-07-13,产品库资料,泰昌现状环境影响评估报告知识资料第085项,系统分级策略,internal,企业内部资料,客户主动提供历史技术标/商务标用于系统整理与复用,True,泰昌技术补充文件,泰昌技术补充文件,enterprise_fact,assets/template_words/技术补充文件.docx,128,（二）专项投标文件/5.针对评审要素，需要补充的其他文件/5.3.绿色低碳生产及绿色回收/5.3.1.建立了绿色生产/5.3.1.3.现状环境影响评估报告,"[""泰昌"", ""绿色低碳资料"", ""历史标书候选"", ""技术标""]",product_library,产品库资料,taichang_only,泰昌绿色低碳资料历史候选第128页,仅作泰昌内部知识资料；不得作为精确参数、有效证书或正式投标附件直接引用,needs_review,[]
taichang_tenant_internal,False,"[""专项投标文件/5.针对评审要素，需要补充的其他文件/5.3.绿色低碳生产及绿色回收/5.3.1.建立了绿色生产/5.3.1.3.现状环境影响评估报告""]","[""技术标""]",False,technical,technical-media-0199,formal_material_caption,绿色低碳资料,0.9,87ad2a1ccddf2a192547bf53d1b08fa48c1d355c650cbdfd92a0f8b9b7e70cdb,系统自动接收为知识资料,new,未发现重复，仍需审核,来源于泰昌技术补充文件，历史位置为“专项投标文件/5.针对评审要素，需要补充的其他文件/5.3.绿色低碳生产及绿色回收/5.3.1.建立了绿色生产/5.3.1.3.现状环境影响评估报告”。当前仅用于泰昌资料人工复核，未获准进入正式标书。,河北泰昌电力器材科技有限公司,河北泰昌电力器材科技有限公司,,green_low_carbon,绿色低碳资料,True,False,资料：泰昌绿色低碳资料,extract_word_media_as_knowledge_only,尚未通过P0-06人工批准,False,ready_for_extraction_and_validation,True,泰昌企业资料,87ad2a1ccddf2a192547bf53d1b08fa48c1d355c650cbdfd92a0f8b9b7e70cdb,mixed_historical_bid,tender_scoring_derived,[],review_only,knowledge_only,仅限人工复核,True,media,True,needs_customer_confirmation,policy_auto_accepted,需要客户确认,2026-07-13,产品库资料,泰昌现状环境影响评估报告知识资料第086项,系统分级策略,internal,企业内部资料,客户主动提供历史技术标/商务标用于系统整理与复用,True,泰昌技术补充文件,泰昌技术补充文件,enterprise_fact,assets/template_words/技术补充文件.docx,128,（二）专项投标文件/5.针对评审要素，需要补充的其他文件/5.3.绿色低碳生产及绿色回收/5.3.1.建立了绿色生产/5.3.1.3.现状环境影响评估报告,"[""泰昌"", ""绿色低碳资料"", ""历史标书候选"", ""技术标""]",product_library,产品库资料,taichang_only,泰昌绿色低碳资料历史候选第128页,仅作泰昌内部知识资料；不得作为精确参数、有效证书或正式投标附件直接引用,needs_review,[]
taichang_tenant_internal,False,"[""专项投标文件/5.针对评审要素，需要补充的其他文件/5.3.绿色低碳生产及绿色回收/5.3.1.建立了绿色生产/5.3.1.3.现状环境影响评估报告""]","[""技术标""]",False,technical,technical-media-0200,formal_material_caption,绿色低碳资料,0.9,c4af23301f74fb31d8ef6fa7cd5e0d3ad860bbcdf345cc8418d24e8fd15356a9,系统自动接收为知识资料,new,未发现重复，仍需审核,来源于泰昌技术补充文件，历史位置为“专项投标文件/5.针对评审要素，需要补充的其他文件/5.3.绿色低碳生产及绿色回收/5.3.1.建立了绿色生产/5.3.1.3.现状环境影响评估报告”。当前仅用于泰昌资料人工复核，未获准进入正式标书。,河北泰昌电力器材科技有限公司,河北泰昌电力器材科技有限公司,,green_low_carbon,绿色低碳资料,True,False,资料：泰昌绿色低碳资料,extract_word_media_as_knowledge_only,尚未通过P0-06人工批准,False,ready_for_extraction_and_validation,True,泰昌企业资料,c4af23301f74fb31d8ef6fa7cd5e0d3ad860bbcdf345cc8418d24e8fd15356a9,mixed_historical_bid,tender_scoring_derived,[],review_only,knowledge_only,仅限人工复核,True,media,True,needs_customer_confirmation,policy_auto_accepted,需要客户确认,2026-07-13,产品库资料,泰昌现状环境影响评估报告知识资料第087项,系统分级策略,internal,企业内部资料,客户主动提供历史技术标/商务标用于系统整理与复用,True,泰昌技术补充文件,泰昌技术补充文件,enterprise_fact,assets/template_words/技术补充文件.docx,128,（二）专项投标文件/5.针对评审要素，需要补充的其他文件/5.3.绿色低碳生产及绿色回收/5.3.1.建立了绿色生产/5.3.1.3.现状环境影响评估报告,"[""泰昌"", ""绿色低碳资料"", ""历史标书候选"", ""技术标""]",product_library,产品库资料,taichang_only,泰昌绿色低碳资料历史候选第128页,仅作泰昌内部知识资料；不得作为精确参数、有效证书或正式投标附件直接引用,needs_review,[]
taichang_tenant_internal,False,"[""专项投标文件/5.针对评审要素，需要补充的其他文件/5.3.绿色低碳生产及绿色回收/5.3.1.建立了绿色生产/5.3.1.3.现状环境影响评估报告""]","[""技术标""]",False,technical,technical-media-0201,formal_material_caption,绿色低碳资料,0.9,31c270ea5c69f62f477b3c53ee683b56228f689a9f21706547fe8d805d2bf11e,系统自动接收为知识资料,new,未发现重复，仍需审核,来源于泰昌技术补充文件，历史位置为“专项投标文件/5.针对评审要素，需要补充的其他文件/5.3.绿色低碳生产及绿色回收/5.3.1.建立了绿色生产/5.3.1.3.现状环境影响评估报告”。当前仅用于泰昌资料人工复核，未获准进入正式标书。,河北泰昌电力器材科技有限公司,河北泰昌电力器材科技有限公司,,green_low_carbon,绿色低碳资料,True,False,资料：泰昌绿色低碳资料,extract_word_media_as_knowledge_only,尚未通过P0-06人工批准,False,ready_for_extraction_and_validation,True,泰昌企业资料,31c270ea5c69f62f477b3c53ee683b56228f689a9f21706547fe8d805d2bf11e,mixed_historical_bid,tender_scoring_derived,[],review_only,knowledge_only,仅限人工复核,True,media,True,needs_customer_confirmation,policy_auto_accepted,需要客户确认,2026-07-13,产品库资料,泰昌现状环境影响评估报告知识资料第088项,系统分级策略,internal,企业内部资料,客户主动提供历史技术标/商务标用于系统整理与复用,True,泰昌技术补充文件,泰昌技术补充文件,enterprise_fact,assets/template_words/技术补充文件.docx,128,（二）专项投标文件/5.针对评审要素，需要补充的其他文件/5.3.绿色低碳生产及绿色回收/5.3.1.建立了绿色生产/5.3.1.3.现状环境影响评估报告,"[""泰昌"", ""绿色低碳资料"", ""历史标书候选"", ""技术标""]",product_library,产品库资料,taichang_only,泰昌绿色低碳资料历史候选第128页,仅作泰昌内部知识资料；不得作为精确参数、有效证书或正式投标附件直接引用,needs_review,[]
taichang_tenant_internal,False,"[""专项投标文件/5.针对评审要素，需要补充的其他文件/5.3.绿色低碳生产及绿色回收/5.3.1.建立了绿色生产/5.3.1.3.现状环境影响评估报告""]","[""技术标""]",False,technical,technical-media-0202,formal_material_caption,绿色低碳资料,0.9,b5f835eecad5da3df19dea7e70a6bee97f4a0fbfc73d93dafe2976a9f21fe245,系统自动接收为知识资料,new,未发现重复，仍需审核,来源于泰昌技术补充文件，历史位置为“专项投标文件/5.针对评审要素，需要补充的其他文件/5.3.绿色低碳生产及绿色回收/5.3.1.建立了绿色生产/5.3.1.3.现状环境影响评估报告”。当前仅用于泰昌资料人工复核，未获准进入正式标书。,河北泰昌电力器材科技有限公司,河北泰昌电力器材科技有限公司,,green_low_carbon,绿色低碳资料,True,False,资料：泰昌绿色低碳资料,extract_word_media_as_knowledge_only,尚未通过P0-06人工批准,False,ready_for_extraction_and_validation,True,泰昌企业资料,b5f835eecad5da3df19dea7e70a6bee97f4a0fbfc73d93dafe2976a9f21fe245,mixed_historical_bid,tender_scoring_derived,[],review_only,knowledge_only,仅限人工复核,True,media,True,needs_customer_confirmation,policy_auto_accepted,需要客户确认,2026-07-13,产品库资料,泰昌现状环境影响评估报告知识资料第089项,系统分级策略,internal,企业内部资料,客户主动提供历史技术标/商务标用于系统整理与复用,True,泰昌技术补充文件,泰昌技术补充文件,enterprise_fact,assets/template_words/技术补充文件.docx,128,（二）专项投标文件/5.针对评审要素，需要补充的其他文件/5.3.绿色低碳生产及绿色回收/5.3.1.建立了绿色生产/5.3.1.3.现状环境影响评估报告,"[""泰昌"", ""绿色低碳资料"", ""历史标书候选"", ""技术标""]",product_library,产品库资料,taichang_only,泰昌绿色低碳资料历史候选第128页,仅作泰昌内部知识资料；不得作为精确参数、有效证书或正式投标附件直接引用,needs_review,[]
taichang_tenant_internal,False,"[""专项投标文件/5.针对评审要素，需要补充的其他文件/5.3.绿色低碳生产及绿色回收/5.3.1.建立了绿色生产/5.3.1.3.现状环境影响评估报告""]","[""技术标""]",False,technical,technical-media-0203,formal_material_caption,绿色低碳资料,0.9,e97c06c633a17d44138476d0cb74a73a86c82067653dd007e5f7700e9f37cbe0,系统自动接收为知识资料,new,未发现重复，仍需审核,来源于泰昌技术补充文件，历史位置为“专项投标文件/5.针对评审要素，需要补充的其他文件/5.3.绿色低碳生产及绿色回收/5.3.1.建立了绿色生产/5.3.1.3.现状环境影响评估报告”。当前仅用于泰昌资料人工复核，未获准进入正式标书。,河北泰昌电力器材科技有限公司,河北泰昌电力器材科技有限公司,,green_low_carbon,绿色低碳资料,True,False,资料：泰昌绿色低碳资料,extract_word_media_as_knowledge_only,尚未通过P0-06人工批准,False,ready_for_extraction_and_validation,True,泰昌企业资料,e97c06c633a17d44138476d0cb74a73a86c82067653dd007e5f7700e9f37cbe0,mixed_historical_bid,tender_scoring_derived,[],review_only,knowledge_only,仅限人工复核,True,media,True,needs_customer_confirmation,policy_auto_accepted,需要客户确认,2026-07-13,产品库资料,泰昌现状环境影响评估报告知识资料第090项,系统分级策略,internal,企业内部资料,客户主动提供历史技术标/商务标用于系统整理与复用,True,泰昌技术补充文件,泰昌技术补充文件,enterprise_fact,assets/template_words/技术补充文件.docx,128,（二）专项投标文件/5.针对评审要素，需要补充的其他文件/5.3.绿色低碳生产及绿色回收/5.3.1.建立了绿色生产/5.3.1.3.现状环境影响评估报告,"[""泰昌"", ""绿色低碳资料"", ""历史标书候选"", ""技术标""]",product_library,产品库资料,taichang_only,泰昌绿色低碳资料历史候选第128页,仅作泰昌内部知识资料；不得作为精确参数、有效证书或正式投标附件直接引用,needs_review,[]
taichang_tenant_internal,False,"[""专项投标文件/5.针对评审要素，需要补充的其他文件/5.3.绿色低碳生产及绿色回收/5.3.1.建立了绿色生产/5.3.1.3.现状环境影响评估报告""]","[""技术标""]",False,technical,technical-media-0204,formal_material_caption,绿色低碳资料,0.9,7167ca95781d13fffada8f95c0b68372ea26a3f512e0fc5e22dc1bf1e34d1687,系统自动接收为知识资料,new,未发现重复，仍需审核,来源于泰昌技术补充文件，历史位置为“专项投标文件/5.针对评审要素，需要补充的其他文件/5.3.绿色低碳生产及绿色回收/5.3.1.建立了绿色生产/5.3.1.3.现状环境影响评估报告”。当前仅用于泰昌资料人工复核，未获准进入正式标书。,河北泰昌电力器材科技有限公司,河北泰昌电力器材科技有限公司,,green_low_carbon,绿色低碳资料,True,False,资料：泰昌绿色低碳资料,extract_word_media_as_knowledge_only,尚未通过P0-06人工批准,False,ready_for_extraction_and_validation,True,泰昌企业资料,7167ca95781d13fffada8f95c0b68372ea26a3f512e0fc5e22dc1bf1e34d1687,mixed_historical_bid,tender_scoring_derived,[],review_only,knowledge_only,仅限人工复核,True,media,True,needs_customer_confirmation,policy_auto_accepted,需要客户确认,2026-07-13,产品库资料,泰昌现状环境影响评估报告知识资料第091项,系统分级策略,internal,企业内部资料,客户主动提供历史技术标/商务标用于系统整理与复用,True,泰昌技术补充文件,泰昌技术补充文件,enterprise_fact,assets/template_words/技术补充文件.docx,128,（二）专项投标文件/5.针对评审要素，需要补充的其他文件/5.3.绿色低碳生产及绿色回收/5.3.1.建立了绿色生产/5.3.1.3.现状环境影响评估报告,"[""泰昌"", ""绿色低碳资料"", ""历史标书候选"", ""技术标""]",product_library,产品库资料,taichang_only,泰昌绿色低碳资料历史候选第128页,仅作泰昌内部知识资料；不得作为精确参数、有效证书或正式投标附件直接引用,needs_review,[]
taichang_tenant_internal,False,"[""专项投标文件/5.针对评审要素，需要补充的其他文件/5.3.绿色低碳生产及绿色回收/5.3.1.建立了绿色生产/5.3.1.3.现状环境影响评估报告""]","[""技术标""]",False,technical,technical-media-0205,formal_material_caption,绿色低碳资料,0.9,6f378f37f3d9726674ad92b526bffc943cc22f6ea1039b521c4d9f178d6572c2,系统自动接收为知识资料,new,未发现重复，仍需审核,来源于泰昌技术补充文件，历史位置为“专项投标文件/5.针对评审要素，需要补充的其他文件/5.3.绿色低碳生产及绿色回收/5.3.1.建立了绿色生产/5.3.1.3.现状环境影响评估报告”。当前仅用于泰昌资料人工复核，未获准进入正式标书。,河北泰昌电力器材科技有限公司,河北泰昌电力器材科技有限公司,,green_low_carbon,绿色低碳资料,True,False,资料：泰昌绿色低碳资料,extract_word_media_as_knowledge_only,尚未通过P0-06人工批准,False,ready_for_extraction_and_validation,True,泰昌企业资料,6f378f37f3d9726674ad92b526bffc943cc22f6ea1039b521c4d9f178d6572c2,mixed_historical_bid,tender_scoring_derived,[],review_only,knowledge_only,仅限人工复核,True,media,True,needs_customer_confirmation,policy_auto_accepted,需要客户确认,2026-07-13,产品库资料,泰昌现状环境影响评估报告知识资料第092项,系统分级策略,internal,企业内部资料,客户主动提供历史技术标/商务标用于系统整理与复用,True,泰昌技术补充文件,泰昌技术补充文件,enterprise_fact,assets/template_words/技术补充文件.docx,128,（二）专项投标文件/5.针对评审要素，需要补充的其他文件/5.3.绿色低碳生产及绿色回收/5.3.1.建立了绿色生产/5.3.1.3.现状环境影响评估报告,"[""泰昌"", ""绿色低碳资料"", ""历史标书候选"", ""技术标""]",product_library,产品库资料,taichang_only,泰昌绿色低碳资料历史候选第128页,仅作泰昌内部知识资料；不得作为精确参数、有效证书或正式投标附件直接引用,needs_review,[]
taichang_tenant_internal,False,"[""专项投标文件/5.针对评审要素，需要补充的其他文件/5.3.绿色低碳生产及绿色回收/5.3.1.建立了绿色生产/5.3.1.3.现状环境影响评估报告""]","[""技术标""]",False,technical,technical-media-0206,formal_material_caption,绿色低碳资料,0.9,e532619bdb66aeb9b43064d73be15c4ab35452989fabbe3778fc3dcfc71e2e07,系统自动接收为知识资料,new,未发现重复，仍需审核,来源于泰昌技术补充文件，历史位置为“专项投标文件/5.针对评审要素，需要补充的其他文件/5.3.绿色低碳生产及绿色回收/5.3.1.建立了绿色生产/5.3.1.3.现状环境影响评估报告”。当前仅用于泰昌资料人工复核，未获准进入正式标书。,河北泰昌电力器材科技有限公司,河北泰昌电力器材科技有限公司,,green_low_carbon,绿色低碳资料,True,False,资料：泰昌绿色低碳资料,extract_word_media_as_knowledge_only,尚未通过P0-06人工批准,False,ready_for_extraction_and_validation,True,泰昌企业资料,e532619bdb66aeb9b43064d73be15c4ab35452989fabbe3778fc3dcfc71e2e07,mixed_historical_bid,tender_scoring_derived,[],review_only,knowledge_only,仅限人工复核,True,media,True,needs_customer_confirmation,policy_auto_accepted,需要客户确认,2026-07-13,产品库资料,泰昌现状环境影响评估报告知识资料第093项,系统分级策略,internal,企业内部资料,客户主动提供历史技术标/商务标用于系统整理与复用,True,泰昌技术补充文件,泰昌技术补充文件,enterprise_fact,assets/template_words/技术补充文件.docx,128,（二）专项投标文件/5.针对评审要素，需要补充的其他文件/5.3.绿色低碳生产及绿色回收/5.3.1.建立了绿色生产/5.3.1.3.现状环境影响评估报告,"[""泰昌"", ""绿色低碳资料"", ""历史标书候选"", ""技术标""]",product_library,产品库资料,taichang_only,泰昌绿色低碳资料历史候选第128页,仅作泰昌内部知识资料；不得作为精确参数、有效证书或正式投标附件直接引用,needs_review,[]
taichang_tenant_internal,False,"[""专项投标文件/5.针对评审要素，需要补充的其他文件/5.3.绿色低碳生产及绿色回收/5.3.1.建立了绿色生产/5.3.1.3.现状环境影响评估报告""]","[""技术标""]",False,technical,technical-media-0207,formal_material_caption,绿色低碳资料,0.9,14eada201b5a1b1dfa5eb9e4133b7a98878707361abb8fc46c654ad51b51a5f6,系统自动接收为知识资料,new,未发现重复，仍需审核,来源于泰昌技术补充文件，历史位置为“专项投标文件/5.针对评审要素，需要补充的其他文件/5.3.绿色低碳生产及绿色回收/5.3.1.建立了绿色生产/5.3.1.3.现状环境影响评估报告”。当前仅用于泰昌资料人工复核，未获准进入正式标书。,河北泰昌电力器材科技有限公司,河北泰昌电力器材科技有限公司,,green_low_carbon,绿色低碳资料,True,False,资料：泰昌绿色低碳资料,extract_word_media_as_knowledge_only,尚未通过P0-06人工批准,False,ready_for_extraction_and_validation,True,泰昌企业资料,14eada201b5a1b1dfa5eb9e4133b7a98878707361abb8fc46c654ad51b51a5f6,mixed_historical_bid,tender_scoring_derived,[],review_only,knowledge_only,仅限人工复核,True,media,True,needs_customer_confirmation,policy_auto_accepted,需要客户确认,2026-07-13,产品库资料,泰昌现状环境影响评估报告知识资料第094项,系统分级策略,internal,企业内部资料,客户主动提供历史技术标/商务标用于系统整理与复用,True,泰昌技术补充文件,泰昌技术补充文件,enterprise_fact,assets/template_words/技术补充文件.docx,128,（二）专项投标文件/5.针对评审要素，需要补充的其他文件/5.3.绿色低碳生产及绿色回收/5.3.1.建立了绿色生产/5.3.1.3.现状环境影响评估报告,"[""泰昌"", ""绿色低碳资料"", ""历史标书候选"", ""技术标""]",product_library,产品库资料,taichang_only,泰昌绿色低碳资料历史候选第128页,仅作泰昌内部知识资料；不得作为精确参数、有效证书或正式投标附件直接引用,needs_review,[]
taichang_tenant_internal,False,"[""专项投标文件/5.针对评审要素，需要补充的其他文件/5.3.绿色低碳生产及绿色回收/5.3.1.建立了绿色生产/5.3.1.3.现状环境影响评估报告""]","[""技术标""]",False,technical,technical-media-0208,formal_material_caption,绿色低碳资料,0.9,243a5e315cac2d81d05a72ea98e399e27106120b13fd404b949d484ef9f467e0,系统自动接收为知识资料,new,未发现重复，仍需审核,来源于泰昌技术补充文件，历史位置为“专项投标文件/5.针对评审要素，需要补充的其他文件/5.3.绿色低碳生产及绿色回收/5.3.1.建立了绿色生产/5.3.1.3.现状环境影响评估报告”。当前仅用于泰昌资料人工复核，未获准进入正式标书。,河北泰昌电力器材科技有限公司,河北泰昌电力器材科技有限公司,,green_low_carbon,绿色低碳资料,True,False,资料：泰昌绿色低碳资料,extract_word_media_as_knowledge_only,尚未通过P0-06人工批准,False,ready_for_extraction_and_validation,True,泰昌企业资料,243a5e315cac2d81d05a72ea98e399e27106120b13fd404b949d484ef9f467e0,mixed_historical_bid,tender_scoring_derived,[],review_only,knowledge_only,仅限人工复核,True,media,True,needs_customer_confirmation,policy_auto_accepted,需要客户确认,2026-07-13,产品库资料,泰昌现状环境影响评估报告知识资料第095项,系统分级策略,internal,企业内部资料,客户主动提供历史技术标/商务标用于系统整理与复用,True,泰昌技术补充文件,泰昌技术补充文件,enterprise_fact,assets/template_words/技术补充文件.docx,128,（二）专项投标文件/5.针对评审要素，需要补充的其他文件/5.3.绿色低碳生产及绿色回收/5.3.1.建立了绿色生产/5.3.1.3.现状环境影响评估报告,"[""泰昌"", ""绿色低碳资料"", ""历史标书候选"", ""技术标""]",product_library,产品库资料,taichang_only,泰昌绿色低碳资料历史候选第128页,仅作泰昌内部知识资料；不得作为精确参数、有效证书或正式投标附件直接引用,needs_review,[]
taichang_tenant_internal,False,"[""专项投标文件/5.针对评审要素，需要补充的其他文件/5.3.绿色低碳生产及绿色回收/5.3.1.建立了绿色生产/5.3.1.3.现状环境影响评估报告""]","[""技术标""]",False,technical,technical-media-0209,formal_material_caption,绿色低碳资料,0.9,fe03037ef1dede2608a9233124fc4dfaf42c2d5d6bbecfa192d382e705f6a716,系统自动接收为知识资料,new,未发现重复，仍需审核,来源于泰昌技术补充文件，历史位置为“专项投标文件/5.针对评审要素，需要补充的其他文件/5.3.绿色低碳生产及绿色回收/5.3.1.建立了绿色生产/5.3.1.3.现状环境影响评估报告”。当前仅用于泰昌资料人工复核，未获准进入正式标书。,河北泰昌电力器材科技有限公司,河北泰昌电力器材科技有限公司,,green_low_carbon,绿色低碳资料,True,False,资料：泰昌绿色低碳资料,extract_word_media_as_knowledge_only,尚未通过P0-06人工批准,False,ready_for_extraction_and_validation,True,泰昌企业资料,fe03037ef1dede2608a9233124fc4dfaf42c2d5d6bbecfa192d382e705f6a716,mixed_historical_bid,tender_scoring_derived,[],review_only,knowledge_only,仅限人工复核,True,media,True,needs_customer_confirmation,policy_auto_accepted,需要客户确认,2026-07-13,产品库资料,泰昌现状环境影响评估报告知识资料第096项,系统分级策略,internal,企业内部资料,客户主动提供历史技术标/商务标用于系统整理与复用,True,泰昌技术补充文件,泰昌技术补充文件,enterprise_fact,assets/template_words/技术补充文件.docx,128,（二）专项投标文件/5.针对评审要素，需要补充的其他文件/5.3.绿色低碳生产及绿色回收/5.3.1.建立了绿色生产/5.3.1.3.现状环境影响评估报告,"[""泰昌"", ""绿色低碳资料"", ""历史标书候选"", ""技术标""]",product_library,产品库资料,taichang_only,泰昌绿色低碳资料历史候选第128页,仅作泰昌内部知识资料；不得作为精确参数、有效证书或正式投标附件直接引用,needs_review,[]
taichang_tenant_internal,False,"[""专项投标文件/5.针对评审要素，需要补充的其他文件/5.3.绿色低碳生产及绿色回收/5.3.1.建立了绿色生产/5.3.1.3.现状环境影响评估报告""]","[""技术标""]",False,technical,technical-media-0210,formal_material_caption,绿色低碳资料,0.9,0c9d3db2992fa6c0947e1037fbb2e0c0804ce3a9caa8b65b14815c9cde34e109,系统自动接收为知识资料,new,未发现重复，仍需审核,来源于泰昌技术补充文件，历史位置为“专项投标文件/5.针对评审要素，需要补充的其他文件/5.3.绿色低碳生产及绿色回收/5.3.1.建立了绿色生产/5.3.1.3.现状环境影响评估报告”。当前仅用于泰昌资料人工复核，未获准进入正式标书。,河北泰昌电力器材科技有限公司,河北泰昌电力器材科技有限公司,,green_low_carbon,绿色低碳资料,True,False,资料：泰昌绿色低碳资料,extract_word_media_as_knowledge_only,尚未通过P0-06人工批准,False,ready_for_extraction_and_validation,True,泰昌企业资料,0c9d3db2992fa6c0947e1037fbb2e0c0804ce3a9caa8b65b14815c9cde34e109,mixed_historical_bid,tender_scoring_derived,[],review_only,knowledge_only,仅限人工复核,True,media,True,needs_customer_confirmation,policy_auto_accepted,需要客户确认,2026-07-13,产品库资料,泰昌现状环境影响评估报告知识资料第097项,系统分级策略,internal,企业内部资料,客户主动提供历史技术标/商务标用于系统整理与复用,True,泰昌技术补充文件,泰昌技术补充文件,enterprise_fact,assets/template_words/技术补充文件.docx,128,（二）专项投标文件/5.针对评审要素，需要补充的其他文件/5.3.绿色低碳生产及绿色回收/5.3.1.建立了绿色生产/5.3.1.3.现状环境影响评估报告,"[""泰昌"", ""绿色低碳资料"", ""历史标书候选"", ""技术标""]",product_library,产品库资料,taichang_only,泰昌绿色低碳资料历史候选第128页,仅作泰昌内部知识资料；不得作为精确参数、有效证书或正式投标附件直接引用,needs_review,[]
taichang_tenant_internal,False,"[""专项投标文件/5.针对评审要素，需要补充的其他文件/5.3.绿色低碳生产及绿色回收/5.3.1.建立了绿色生产/5.3.1.3.现状环境影响评估报告""]","[""技术标""]",False,technical,technical-media-0211,formal_material_caption,绿色低碳资料,0.9,1393e09bba405f82a4af004e0e5fca422d64dd61fee4f928f3426bd64e38a0b2,系统自动接收为知识资料,new,未发现重复，仍需审核,来源于泰昌技术补充文件，历史位置为“专项投标文件/5.针对评审要素，需要补充的其他文件/5.3.绿色低碳生产及绿色回收/5.3.1.建立了绿色生产/5.3.1.3.现状环境影响评估报告”。当前仅用于泰昌资料人工复核，未获准进入正式标书。,河北泰昌电力器材科技有限公司,河北泰昌电力器材科技有限公司,,green_low_carbon,绿色低碳资料,True,False,资料：泰昌绿色低碳资料,extract_word_media_as_knowledge_only,尚未通过P0-06人工批准,False,ready_for_extraction_and_validation,True,泰昌企业资料,1393e09bba405f82a4af004e0e5fca422d64dd61fee4f928f3426bd64e38a0b2,mixed_historical_bid,tender_scoring_derived,[],review_only,knowledge_only,仅限人工复核,True,media,True,needs_customer_confirmation,policy_auto_accepted,需要客户确认,2026-07-13,产品库资料,泰昌现状环境影响评估报告知识资料第098项,系统分级策略,internal,企业内部资料,客户主动提供历史技术标/商务标用于系统整理与复用,True,泰昌技术补充文件,泰昌技术补充文件,enterprise_fact,assets/template_words/技术补充文件.docx,128,（二）专项投标文件/5.针对评审要素，需要补充的其他文件/5.3.绿色低碳生产及绿色回收/5.3.1.建立了绿色生产/5.3.1.3.现状环境影响评估报告,"[""泰昌"", ""绿色低碳资料"", ""历史标书候选"", ""技术标""]",product_library,产品库资料,taichang_only,泰昌绿色低碳资料历史候选第128页,仅作泰昌内部知识资料；不得作为精确参数、有效证书或正式投标附件直接引用,needs_review,[]
taichang_tenant_internal,False,"[""专项投标文件/5.针对评审要素，需要补充的其他文件/5.3.绿色低碳生产及绿色回收/5.3.1.建立了绿色生产/5.3.1.3.现状环境影响评估报告""]","[""技术标""]",False,technical,technical-media-0212,formal_material_caption,绿色低碳资料,0.9,d0274ac9d196c08640ee7cad22a11cacab3c4a586616ead6097edb9233b13faa,系统自动接收为知识资料,new,未发现重复，仍需审核,来源于泰昌技术补充文件，历史位置为“专项投标文件/5.针对评审要素，需要补充的其他文件/5.3.绿色低碳生产及绿色回收/5.3.1.建立了绿色生产/5.3.1.3.现状环境影响评估报告”。当前仅用于泰昌资料人工复核，未获准进入正式标书。,河北泰昌电力器材科技有限公司,河北泰昌电力器材科技有限公司,,green_low_carbon,绿色低碳资料,True,False,资料：泰昌绿色低碳资料,extract_word_media_as_knowledge_only,尚未通过P0-06人工批准,False,ready_for_extraction_and_validation,True,泰昌企业资料,d0274ac9d196c08640ee7cad22a11cacab3c4a586616ead6097edb9233b13faa,mixed_historical_bid,tender_scoring_derived,[],review_only,knowledge_only,仅限人工复核,True,media,True,needs_customer_confirmation,policy_auto_accepted,需要客户确认,2026-07-13,产品库资料,泰昌现状环境影响评估报告知识资料第099项,系统分级策略,internal,企业内部资料,客户主动提供历史技术标/商务标用于系统整理与复用,True,泰昌技术补充文件,泰昌技术补充文件,enterprise_fact,assets/template_words/技术补充文件.docx,128,（二）专项投标文件/5.针对评审要素，需要补充的其他文件/5.3.绿色低碳生产及绿色回收/5.3.1.建立了绿色生产/5.3.1.3.现状环境影响评估报告,"[""泰昌"", ""绿色低碳资料"", ""历史标书候选"", ""技术标""]",product_library,产品库资料,taichang_only,泰昌绿色低碳资料历史候选第128页,仅作泰昌内部知识资料；不得作为精确参数、有效证书或正式投标附件直接引用,needs_review,[]
taichang_tenant_internal,False,"[""专项投标文件/5.针对评审要素，需要补充的其他文件/5.3.绿色低碳生产及绿色回收/5.3.1.建立了绿色生产/5.3.1.3.现状环境影响评估报告""]","[""技术标""]",False,technical,technical-media-0213,formal_material_caption,绿色低碳资料,0.9,c8c61095bf5479acc55310b11f49a1363fdf8dd43a02fc9360323ee72bae2ce3,系统自动接收为知识资料,new,未发现重复，仍需审核,来源于泰昌技术补充文件，历史位置为“专项投标文件/5.针对评审要素，需要补充的其他文件/5.3.绿色低碳生产及绿色回收/5.3.1.建立了绿色生产/5.3.1.3.现状环境影响评估报告”。当前仅用于泰昌资料人工复核，未获准进入正式标书。,河北泰昌电力器材科技有限公司,河北泰昌电力器材科技有限公司,,green_low_carbon,绿色低碳资料,True,False,资料：泰昌绿色低碳资料,extract_word_media_as_knowledge_only,尚未通过P0-06人工批准,False,ready_for_extraction_and_validation,True,泰昌企业资料,c8c61095bf5479acc55310b11f49a1363fdf8dd43a02fc9360323ee72bae2ce3,mixed_historical_bid,tender_scoring_derived,[],review_only,knowledge_only,仅限人工复核,True,media,True,needs_customer_confirmation,policy_auto_accepted,需要客户确认,2026-07-13,产品库资料,泰昌现状环境影响评估报告知识资料第100项,系统分级策略,internal,企业内部资料,客户主动提供历史技术标/商务标用于系统整理与复用,True,泰昌技术补充文件,泰昌技术补充文件,enterprise_fact,assets/template_words/技术补充文件.docx,128,（二）专项投标文件/5.针对评审要素，需要补充的其他文件/5.3.绿色低碳生产及绿色回收/5.3.1.建立了绿色生产/5.3.1.3.现状环境影响评估报告,"[""泰昌"", ""绿色低碳资料"", ""历史标书候选"", ""技术标""]",product_library,产品库资料,taichang_only,泰昌绿色低碳资料历史候选第128页,仅作泰昌内部知识资料；不得作为精确参数、有效证书或正式投标附件直接引用,needs_review,[]
taichang_tenant_internal,False,"[""专项投标文件/5.针对评审要素，需要补充的其他文件/5.3.绿色低碳生产及绿色回收/5.3.1.建立了绿色生产/5.3.1.3.现状环境影响评估报告""]","[""技术标""]",False,technical,technical-media-0214,formal_material_caption,绿色低碳资料,0.9,0bfda44641e2fd39b58e1dc50ac06dacf20f129be02e06bacfd46afbd96e0450,系统自动接收为知识资料,new,未发现重复，仍需审核,来源于泰昌技术补充文件，历史位置为“专项投标文件/5.针对评审要素，需要补充的其他文件/5.3.绿色低碳生产及绿色回收/5.3.1.建立了绿色生产/5.3.1.3.现状环境影响评估报告”。当前仅用于泰昌资料人工复核，未获准进入正式标书。,河北泰昌电力器材科技有限公司,河北泰昌电力器材科技有限公司,,green_low_carbon,绿色低碳资料,True,False,资料：泰昌绿色低碳资料,extract_word_media_as_knowledge_only,尚未通过P0-06人工批准,False,ready_for_extraction_and_validation,True,泰昌企业资料,0bfda44641e2fd39b58e1dc50ac06dacf20f129be02e06bacfd46afbd96e0450,mixed_historical_bid,tender_scoring_derived,[],review_only,knowledge_only,仅限人工复核,True,media,True,needs_customer_confirmation,policy_auto_accepted,需要客户确认,2026-07-13,产品库资料,泰昌现状环境影响评估报告知识资料第101项,系统分级策略,internal,企业内部资料,客户主动提供历史技术标/商务标用于系统整理与复用,True,泰昌技术补充文件,泰昌技术补充文件,enterprise_fact,assets/template_words/技术补充文件.docx,128,（二）专项投标文件/5.针对评审要素，需要补充的其他文件/5.3.绿色低碳生产及绿色回收/5.3.1.建立了绿色生产/5.3.1.3.现状环境影响评估报告,"[""泰昌"", ""绿色低碳资料"", ""历史标书候选"", ""技术标""]",product_library,产品库资料,taichang_only,泰昌绿色低碳资料历史候选第128页,仅作泰昌内部知识资料；不得作为精确参数、有效证书或正式投标附件直接引用,needs_review,[]
taichang_tenant_internal,False,"[""专项投标文件/5.针对评审要素，需要补充的其他文件/5.3.绿色低碳生产及绿色回收/5.3.1.建立了绿色生产/5.3.1.3.现状环境影响评估报告""]","[""技术标""]",False,technical,technical-media-0215,formal_material_caption,绿色低碳资料,0.9,27d45bfaecca6b10b021a628715ab4397e9c65c9e2bc77dc5b5e99ee18cd26f9,系统自动接收为知识资料,new,未发现重复，仍需审核,来源于泰昌技术补充文件，历史位置为“专项投标文件/5.针对评审要素，需要补充的其他文件/5.3.绿色低碳生产及绿色回收/5.3.1.建立了绿色生产/5.3.1.3.现状环境影响评估报告”。当前仅用于泰昌资料人工复核，未获准进入正式标书。,河北泰昌电力器材科技有限公司,河北泰昌电力器材科技有限公司,,green_low_carbon,绿色低碳资料,True,False,资料：泰昌绿色低碳资料,extract_word_media_as_knowledge_only,尚未通过P0-06人工批准,False,ready_for_extraction_and_validation,True,泰昌企业资料,27d45bfaecca6b10b021a628715ab4397e9c65c9e2bc77dc5b5e99ee18cd26f9,mixed_historical_bid,tender_scoring_derived,[],review_only,knowledge_only,仅限人工复核,True,media,True,needs_customer_confirmation,policy_auto_accepted,需要客户确认,2026-07-13,产品库资料,泰昌现状环境影响评估报告知识资料第102项,系统分级策略,internal,企业内部资料,客户主动提供历史技术标/商务标用于系统整理与复用,True,泰昌技术补充文件,泰昌技术补充文件,enterprise_fact,assets/template_words/技术补充文件.docx,128,（二）专项投标文件/5.针对评审要素，需要补充的其他文件/5.3.绿色低碳生产及绿色回收/5.3.1.建立了绿色生产/5.3.1.3.现状环境影响评估报告,"[""泰昌"", ""绿色低碳资料"", ""历史标书候选"", ""技术标""]",product_library,产品库资料,taichang_only,泰昌绿色低碳资料历史候选第128页,仅作泰昌内部知识资料；不得作为精确参数、有效证书或正式投标附件直接引用,needs_review,[]
taichang_tenant_internal,False,"[""专项投标文件/5.针对评审要素，需要补充的其他文件/5.3.绿色低碳生产及绿色回收/5.3.1.建立了绿色生产/5.3.1.3.现状环境影响评估报告""]","[""技术标""]",False,technical,technical-media-0216,formal_material_caption,绿色低碳资料,0.9,b630e6eac6d57dfab5e52a9bef9c22e814969094598d5ba3240e344861779059,系统自动接收为知识资料,new,未发现重复，仍需审核,来源于泰昌技术补充文件，历史位置为“专项投标文件/5.针对评审要素，需要补充的其他文件/5.3.绿色低碳生产及绿色回收/5.3.1.建立了绿色生产/5.3.1.3.现状环境影响评估报告”。当前仅用于泰昌资料人工复核，未获准进入正式标书。,河北泰昌电力器材科技有限公司,河北泰昌电力器材科技有限公司,,green_low_carbon,绿色低碳资料,True,False,资料：泰昌绿色低碳资料,extract_word_media_as_knowledge_only,尚未通过P0-06人工批准,False,ready_for_extraction_and_validation,True,泰昌企业资料,b630e6eac6d57dfab5e52a9bef9c22e814969094598d5ba3240e344861779059,mixed_historical_bid,tender_scoring_derived,[],review_only,knowledge_only,仅限人工复核,True,media,True,needs_customer_confirmation,policy_auto_accepted,需要客户确认,2026-07-13,产品库资料,泰昌现状环境影响评估报告知识资料第103项,系统分级策略,internal,企业内部资料,客户主动提供历史技术标/商务标用于系统整理与复用,True,泰昌技术补充文件,泰昌技术补充文件,enterprise_fact,assets/template_words/技术补充文件.docx,128,（二）专项投标文件/5.针对评审要素，需要补充的其他文件/5.3.绿色低碳生产及绿色回收/5.3.1.建立了绿色生产/5.3.1.3.现状环境影响评估报告,"[""泰昌"", ""绿色低碳资料"", ""历史标书候选"", ""技术标""]",product_library,产品库资料,taichang_only,泰昌绿色低碳资料历史候选第128页,仅作泰昌内部知识资料；不得作为精确参数、有效证书或正式投标附件直接引用,needs_review,[]
taichang_tenant_internal,False,"[""专项投标文件/5.针对评审要素，需要补充的其他文件/5.3.绿色低碳生产及绿色回收/5.3.1.建立了绿色生产/5.3.1.3.现状环境影响评估报告""]","[""技术标""]",False,technical,technical-media-0217,formal_material_caption,绿色低碳资料,0.9,b16e56f9cafc28e0fb0de1541d68a982432ba183f61c3260bececd7ccbff5140,系统自动接收为知识资料,new,未发现重复，仍需审核,来源于泰昌技术补充文件，历史位置为“专项投标文件/5.针对评审要素，需要补充的其他文件/5.3.绿色低碳生产及绿色回收/5.3.1.建立了绿色生产/5.3.1.3.现状环境影响评估报告”。当前仅用于泰昌资料人工复核，未获准进入正式标书。,河北泰昌电力器材科技有限公司,河北泰昌电力器材科技有限公司,,green_low_carbon,绿色低碳资料,True,False,资料：泰昌绿色低碳资料,extract_word_media_as_knowledge_only,尚未通过P0-06人工批准,False,ready_for_extraction_and_validation,True,泰昌企业资料,b16e56f9cafc28e0fb0de1541d68a982432ba183f61c3260bececd7ccbff5140,mixed_historical_bid,tender_scoring_derived,[],review_only,knowledge_only,仅限人工复核,True,media,True,needs_customer_confirmation,policy_auto_accepted,需要客户确认,2026-07-13,产品库资料,泰昌现状环境影响评估报告知识资料第104项,系统分级策略,internal,企业内部资料,客户主动提供历史技术标/商务标用于系统整理与复用,True,泰昌技术补充文件,泰昌技术补充文件,enterprise_fact,assets/template_words/技术补充文件.docx,128,（二）专项投标文件/5.针对评审要素，需要补充的其他文件/5.3.绿色低碳生产及绿色回收/5.3.1.建立了绿色生产/5.3.1.3.现状环境影响评估报告,"[""泰昌"", ""绿色低碳资料"", ""历史标书候选"", ""技术标""]",product_library,产品库资料,taichang_only,泰昌绿色低碳资料历史候选第128页,仅作泰昌内部知识资料；不得作为精确参数、有效证书或正式投标附件直接引用,needs_review,[]
taichang_tenant_internal,False,"[""专项投标文件/5.针对评审要素，需要补充的其他文件/5.3.绿色低碳生产及绿色回收/5.3.1.建立了绿色生产/5.3.1.3.现状环境影响评估报告""]","[""技术标""]",False,technical,technical-media-0218,formal_material_caption,绿色低碳资料,0.9,29da3b347c2441d62f0fd2263384829c04fa4442a293699e67478e85ff2cb50c,系统自动接收为知识资料,new,未发现重复，仍需审核,来源于泰昌技术补充文件，历史位置为“专项投标文件/5.针对评审要素，需要补充的其他文件/5.3.绿色低碳生产及绿色回收/5.3.1.建立了绿色生产/5.3.1.3.现状环境影响评估报告”。当前仅用于泰昌资料人工复核，未获准进入正式标书。,河北泰昌电力器材科技有限公司,河北泰昌电力器材科技有限公司,,green_low_carbon,绿色低碳资料,True,False,资料：泰昌绿色低碳资料,extract_word_media_as_knowledge_only,尚未通过P0-06人工批准,False,ready_for_extraction_and_validation,True,泰昌企业资料,29da3b347c2441d62f0fd2263384829c04fa4442a293699e67478e85ff2cb50c,mixed_historical_bid,tender_scoring_derived,[],review_only,knowledge_only,仅限人工复核,True,media,True,needs_customer_confirmation,policy_auto_accepted,需要客户确认,2026-07-13,产品库资料,泰昌现状环境影响评估报告知识资料第105项,系统分级策略,internal,企业内部资料,客户主动提供历史技术标/商务标用于系统整理与复用,True,泰昌技术补充文件,泰昌技术补充文件,enterprise_fact,assets/template_words/技术补充文件.docx,128,（二）专项投标文件/5.针对评审要素，需要补充的其他文件/5.3.绿色低碳生产及绿色回收/5.3.1.建立了绿色生产/5.3.1.3.现状环境影响评估报告,"[""泰昌"", ""绿色低碳资料"", ""历史标书候选"", ""技术标""]",product_library,产品库资料,taichang_only,泰昌绿色低碳资料历史候选第128页,仅作泰昌内部知识资料；不得作为精确参数、有效证书或正式投标附件直接引用,needs_review,[]
taichang_tenant_internal,False,"[""专项投标文件/5.针对评审要素，需要补充的其他文件/5.3.绿色低碳生产及绿色回收/5.3.1.建立了绿色生产/5.3.1.3.现状环境影响评估报告""]","[""技术标""]",False,technical,technical-media-0219,formal_material_caption,绿色低碳资料,0.9,61bc444155ff62f00d4e6df72c28654c64f614de2c5d1f9d4790f61ce2e72637,系统自动接收为知识资料,new,未发现重复，仍需审核,来源于泰昌技术补充文件，历史位置为“专项投标文件/5.针对评审要素，需要补充的其他文件/5.3.绿色低碳生产及绿色回收/5.3.1.建立了绿色生产/5.3.1.3.现状环境影响评估报告”。当前仅用于泰昌资料人工复核，未获准进入正式标书。,河北泰昌电力器材科技有限公司,河北泰昌电力器材科技有限公司,,green_low_carbon,绿色低碳资料,True,False,资料：泰昌绿色低碳资料,extract_word_media_as_knowledge_only,尚未通过P0-06人工批准,False,ready_for_extraction_and_validation,True,泰昌企业资料,61bc444155ff62f00d4e6df72c28654c64f614de2c5d1f9d4790f61ce2e72637,mixed_historical_bid,tender_scoring_derived,[],review_only,knowledge_only,仅限人工复核,True,media,True,needs_customer_confirmation,policy_auto_accepted,需要客户确认,2026-07-13,产品库资料,泰昌现状环境影响评估报告知识资料第106项,系统分级策略,internal,企业内部资料,客户主动提供历史技术标/商务标用于系统整理与复用,True,泰昌技术补充文件,泰昌技术补充文件,enterprise_fact,assets/template_words/技术补充文件.docx,128,（二）专项投标文件/5.针对评审要素，需要补充的其他文件/5.3.绿色低碳生产及绿色回收/5.3.1.建立了绿色生产/5.3.1.3.现状环境影响评估报告,"[""泰昌"", ""绿色低碳资料"", ""历史标书候选"", ""技术标""]",product_library,产品库资料,taichang_only,泰昌绿色低碳资料历史候选第128页,仅作泰昌内部知识资料；不得作为精确参数、有效证书或正式投标附件直接引用,needs_review,[]
taichang_tenant_internal,False,"[""专项投标文件/5.针对评审要素，需要补充的其他文件/5.3.绿色低碳生产及绿色回收/5.3.1.建立了绿色生产/5.3.1.3.现状环境影响评估报告""]","[""技术标""]",False,technical,technical-media-0220,formal_material_caption,绿色低碳资料,0.9,427d2c5357d95c28d19c59b964f33bea89e691d4e3b71598a295d6b245a84ab9,系统自动接收为知识资料,new,未发现重复，仍需审核,来源于泰昌技术补充文件，历史位置为“专项投标文件/5.针对评审要素，需要补充的其他文件/5.3.绿色低碳生产及绿色回收/5.3.1.建立了绿色生产/5.3.1.3.现状环境影响评估报告”。当前仅用于泰昌资料人工复核，未获准进入正式标书。,河北泰昌电力器材科技有限公司,河北泰昌电力器材科技有限公司,,green_low_carbon,绿色低碳资料,True,False,资料：泰昌绿色低碳资料,extract_word_media_as_knowledge_only,尚未通过P0-06人工批准,False,ready_for_extraction_and_validation,True,泰昌企业资料,427d2c5357d95c28d19c59b964f33bea89e691d4e3b71598a295d6b245a84ab9,mixed_historical_bid,tender_scoring_derived,[],review_only,knowledge_only,仅限人工复核,True,media,True,needs_customer_confirmation,policy_auto_accepted,需要客户确认,2026-07-13,产品库资料,泰昌现状环境影响评估报告知识资料第107项,系统分级策略,internal,企业内部资料,客户主动提供历史技术标/商务标用于系统整理与复用,True,泰昌技术补充文件,泰昌技术补充文件,enterprise_fact,assets/template_words/技术补充文件.docx,128,（二）专项投标文件/5.针对评审要素，需要补充的其他文件/5.3.绿色低碳生产及绿色回收/5.3.1.建立了绿色生产/5.3.1.3.现状环境影响评估报告,"[""泰昌"", ""绿色低碳资料"", ""历史标书候选"", ""技术标""]",product_library,产品库资料,taichang_only,泰昌绿色低碳资料历史候选第128页,仅作泰昌内部知识资料；不得作为精确参数、有效证书或正式投标附件直接引用,needs_review,[]
taichang_tenant_internal,False,"[""专项投标文件/5.针对评审要素，需要补充的其他文件/5.3.绿色低碳生产及绿色回收/5.3.1.建立了绿色生产/5.3.1.4.绿色发展规划报告""]","[""技术标""]",False,technical,technical-media-0227,formal_material_caption,绿色低碳资料,0.9,a64ce01b4022ab7fde9002abb4b35352dc4e4927d3c2bc31732a61eb4c130c94,系统自动接收为知识资料,new,未发现重复，仍需审核,来源于泰昌技术补充文件，历史位置为“专项投标文件/5.针对评审要素，需要补充的其他文件/5.3.绿色低碳生产及绿色回收/5.3.1.建立了绿色生产/5.3.1.4.绿色发展规划报告”。当前仅用于泰昌资料人工复核，未获准进入正式标书。,河北泰昌电力器材科技有限公司,河北泰昌电力器材科技有限公司,,green_low_carbon,绿色低碳资料,True,False,资料：泰昌绿色低碳资料,extract_word_media_as_knowledge_only,尚未通过P0-06人工批准,False,ready_for_extraction_and_validation,True,泰昌企业资料,a64ce01b4022ab7fde9002abb4b35352dc4e4927d3c2bc31732a61eb4c130c94,mixed_historical_bid,tender_scoring_derived,[],review_only,knowledge_only,仅限人工复核,True,media,True,needs_customer_confirmation,policy_auto_accepted,需要客户确认,2026-07-13,产品库资料,泰昌绿色发展规划报告知识资料第001项,系统分级策略,internal,企业内部资料,客户主动提供历史技术标/商务标用于系统整理与复用,True,泰昌技术补充文件,泰昌技术补充文件,enterprise_fact,assets/template_words/技术补充文件.docx,219,（二）专项投标文件/5.针对评审要素，需要补充的其他文件/5.3.绿色低碳生产及绿色回收/5.3.1.建立了绿色生产/5.3.1.4.绿色发展规划报告,"[""泰昌"", ""绿色低碳资料"", ""历史标书候选"", ""技术标""]",product_library,产品库资料,taichang_only,泰昌绿色低碳资料历史候选第219页,仅作泰昌内部知识资料；不得作为精确参数、有效证书或正式投标附件直接引用,needs_review,[]
taichang_tenant_internal,False,"[""专项投标文件/5.针对评审要素，需要补充的其他文件/5.3.绿色低碳生产及绿色回收/5.3.1.建立了绿色生产/5.3.1.9.创新激励机制评价报告""]","[""技术标""]",False,technical,technical-media-0261,suppressed_document_page_caption,企业证明材料,0.45,16605eb0d50b6037c95027d38a3f636325abe33fa58cc9df0f6841f15dd7e31f,系统自动接收为知识资料,new,未发现重复，仍需审核,来源于泰昌技术补充文件，历史位置为“专项投标文件/5.针对评审要素，需要补充的其他文件/5.3.绿色低碳生产及绿色回收/5.3.1.建立了绿色生产/5.3.1.9.创新激励机制评价报告”。当前仅用于泰昌资料人工复核，未获准进入正式标书。,河北泰昌电力器材科技有限公司,河北泰昌电力器材科技有限公司,,enterprise_evidence,企业证明材料,True,False,,extract_word_media_as_knowledge_only,尚未通过P0-06人工批准,False,ready_for_extraction_and_validation,True,泰昌企业资料,16605eb0d50b6037c95027d38a3f636325abe33fa58cc9df0f6841f15dd7e31f,mixed_historical_bid,tender_scoring_derived,[],review_only,knowledge_only,仅限人工复核,True,media,True,needs_customer_confirmation,policy_auto_accepted,需要客户确认,2026-07-13,产品库资料,泰昌创新激励机制评价报告知识资料第001项,系统分级策略,internal,企业内部资料,客户主动提供历史技术标/商务标用于系统整理与复用,True,泰昌技术补充文件,泰昌技术补充文件,enterprise_fact,assets/template_words/技术补充文件.docx,259,（二）专项投标文件/5.针对评审要素，需要补充的其他文件/5.3.绿色低碳生产及绿色回收/5.3.1.建立了绿色生产/5.3.1.9.创新激励机制评价报告,"[""泰昌"", ""企业证明材料"", ""历史标书候选"", ""技术标""]",product_library,产品库资料,taichang_only,泰昌企业证明材料历史候选第259页,仅作泰昌内部知识资料；不得作为精确参数、有效证书或正式投标附件直接引用,needs_review,[]
taichang_tenant_internal,False,"[""专项投标文件/5.针对评审要素，需要补充的其他文件/5.3.绿色低碳生产及绿色回收/5.3.1.建立了绿色生产/5.3.1.9.创新激励机制评价报告""]","[""技术标""]",False,technical,technical-media-0262,suppressed_document_page_caption,企业证明材料,0.45,f3ba71090e791066e560da6bde407b1d78898786ab4d34177d97c5704cbc66d8,系统自动接收为知识资料,new,未发现重复，仍需审核,来源于泰昌技术补充文件，历史位置为“专项投标文件/5.针对评审要素，需要补充的其他文件/5.3.绿色低碳生产及绿色回收/5.3.1.建立了绿色生产/5.3.1.9.创新激励机制评价报告”。当前仅用于泰昌资料人工复核，未获准进入正式标书。,河北泰昌电力器材科技有限公司,河北泰昌电力器材科技有限公司,,enterprise_evidence,企业证明材料,True,False,,extract_word_media_as_knowledge_only,尚未通过P0-06人工批准,False,ready_for_extraction_and_validation,True,泰昌企业资料,f3ba71090e791066e560da6bde407b1d78898786ab4d34177d97c5704cbc66d8,mixed_historical_bid,tender_scoring_derived,[],review_only,knowledge_only,仅限人工复核,True,media,True,needs_customer_confirmation,policy_auto_accepted,需要客户确认,2026-07-13,产品库资料,泰昌创新激励机制评价报告知识资料第002项,系统分级策略,internal,企业内部资料,客户主动提供历史技术标/商务标用于系统整理与复用,True,泰昌技术补充文件,泰昌技术补充文件,enterprise_fact,assets/template_words/技术补充文件.docx,259,（二）专项投标文件/5.针对评审要素，需要补充的其他文件/5.3.绿色低碳生产及绿色回收/5.3.1.建立了绿色生产/5.3.1.9.创新激励机制评价报告,"[""泰昌"", ""企业证明材料"", ""历史标书候选"", ""技术标""]",product_library,产品库资料,taichang_only,泰昌企业证明材料历史候选第259页,仅作泰昌内部知识资料；不得作为精确参数、有效证书或正式投标附件直接引用,needs_review,[]
taichang_tenant_internal,False,"[""专项投标文件/5.针对评审要素，需要补充的其他文件/5.3.绿色低碳生产及绿色回收/5.3.1.建立了绿色生产/5.3.1.9.创新激励机制评价报告""]","[""技术标""]",False,technical,technical-media-0264,suppressed_document_page_caption,企业证明材料,0.45,42c57dfc5205552f9f254c02ef9779564c62a64d6f082406b59fdd418bacd34a,系统自动接收为知识资料,new,未发现重复，仍需审核,来源于泰昌技术补充文件，历史位置为“专项投标文件/5.针对评审要素，需要补充的其他文件/5.3.绿色低碳生产及绿色回收/5.3.1.建立了绿色生产/5.3.1.9.创新激励机制评价报告”。当前仅用于泰昌资料人工复核，未获准进入正式标书。,河北泰昌电力器材科技有限公司,河北泰昌电力器材科技有限公司,,enterprise_evidence,企业证明材料,True,False,,extract_word_media_as_knowledge_only,尚未通过P0-06人工批准,False,ready_for_extraction_and_validation,True,泰昌企业资料,42c57dfc5205552f9f254c02ef9779564c62a64d6f082406b59fdd418bacd34a,mixed_historical_bid,tender_scoring_derived,[],review_only,knowledge_only,仅限人工复核,True,media,True,needs_customer_confirmation,policy_auto_accepted,需要客户确认,2026-07-13,产品库资料,泰昌创新激励机制评价报告知识资料第003项,系统分级策略,internal,企业内部资料,客户主动提供历史技术标/商务标用于系统整理与复用,True,泰昌技术补充文件,泰昌技术补充文件,enterprise_fact,assets/template_words/技术补充文件.docx,259,（二）专项投标文件/5.针对评审要素，需要补充的其他文件/5.3.绿色低碳生产及绿色回收/5.3.1.建立了绿色生产/5.3.1.9.创新激励机制评价报告,"[""泰昌"", ""企业证明材料"", ""历史标书候选"", ""技术标""]",product_library,产品库资料,taichang_only,泰昌企业证明材料历史候选第259页,仅作泰昌内部知识资料；不得作为精确参数、有效证书或正式投标附件直接引用,needs_review,[]
taichang_tenant_internal,False,"[""专项投标文件/5.针对评审要素，需要补充的其他文件/5.3.绿色低碳生产及绿色回收/5.3.1.建立了绿色生产/5.3.1.9.创新激励机制评价报告""]","[""技术标""]",False,technical,technical-media-0265,suppressed_document_page_caption,企业证明材料,0.45,b3748c3bf0aed63ad7df37e33556ac4ce372a927ef00ef5f63059e116f05d467,系统自动接收为知识资料,new,未发现重复，仍需审核,来源于泰昌技术补充文件，历史位置为“专项投标文件/5.针对评审要素，需要补充的其他文件/5.3.绿色低碳生产及绿色回收/5.3.1.建立了绿色生产/5.3.1.9.创新激励机制评价报告”。当前仅用于泰昌资料人工复核，未获准进入正式标书。,河北泰昌电力器材科技有限公司,河北泰昌电力器材科技有限公司,,enterprise_evidence,企业证明材料,True,False,,extract_word_media_as_knowledge_only,尚未通过P0-06人工批准,False,ready_for_extraction_and_validation,True,泰昌企业资料,b3748c3bf0aed63ad7df37e33556ac4ce372a927ef00ef5f63059e116f05d467,mixed_historical_bid,tender_scoring_derived,[],review_only,knowledge_only,仅限人工复核,True,media,True,needs_customer_confirmation,policy_auto_accepted,需要客户确认,2026-07-13,产品库资料,泰昌创新激励机制评价报告知识资料第004项,系统分级策略,internal,企业内部资料,客户主动提供历史技术标/商务标用于系统整理与复用,True,泰昌技术补充文件,泰昌技术补充文件,enterprise_fact,assets/template_words/技术补充文件.docx,259,（二）专项投标文件/5.针对评审要素，需要补充的其他文件/5.3.绿色低碳生产及绿色回收/5.3.1.建立了绿色生产/5.3.1.9.创新激励机制评价报告,"[""泰昌"", ""企业证明材料"", ""历史标书候选"", ""技术标""]",product_library,产品库资料,taichang_only,泰昌企业证明材料历史候选第259页,仅作泰昌内部知识资料；不得作为精确参数、有效证书或正式投标附件直接引用,needs_review,[]
taichang_tenant_internal,False,"[""专项投标文件/5.针对评审要素，需要补充的其他文件/5.3.绿色低碳生产及绿色回收/5.3.1.建立了绿色生产/5.3.1.9.创新激励机制评价报告""]","[""技术标""]",False,technical,technical-media-0266,suppressed_document_page_caption,企业证明材料,0.45,de7ef56a2968f641ac69669f9fca3abdc44eb8bc0155565b9405f0bb1d07565e,系统自动接收为知识资料,new,未发现重复，仍需审核,来源于泰昌技术补充文件，历史位置为“专项投标文件/5.针对评审要素，需要补充的其他文件/5.3.绿色低碳生产及绿色回收/5.3.1.建立了绿色生产/5.3.1.9.创新激励机制评价报告”。当前仅用于泰昌资料人工复核，未获准进入正式标书。,河北泰昌电力器材科技有限公司,河北泰昌电力器材科技有限公司,,enterprise_evidence,企业证明材料,True,False,,extract_word_media_as_knowledge_only,尚未通过P0-06人工批准,False,ready_for_extraction_and_validation,True,泰昌企业资料,de7ef56a2968f641ac69669f9fca3abdc44eb8bc0155565b9405f0bb1d07565e,mixed_historical_bid,tender_scoring_derived,[],review_only,knowledge_only,仅限人工复核,True,media,True,needs_customer_confirmation,policy_auto_accepted,需要客户确认,2026-07-13,产品库资料,泰昌创新激励机制评价报告知识资料第005项,系统分级策略,internal,企业内部资料,客户主动提供历史技术标/商务标用于系统整理与复用,True,泰昌技术补充文件,泰昌技术补充文件,enterprise_fact,assets/template_words/技术补充文件.docx,259,（二）专项投标文件/5.针对评审要素，需要补充的其他文件/5.3.绿色低碳生产及绿色回收/5.3.1.建立了绿色生产/5.3.1.9.创新激励机制评价报告,"[""泰昌"", ""企业证明材料"", ""历史标书候选"", ""技术标""]",product_library,产品库资料,taichang_only,泰昌企业证明材料历史候选第259页,仅作泰昌内部知识资料；不得作为精确参数、有效证书或正式投标附件直接引用,needs_review,[]
taichang_tenant_internal,False,"[""专项投标文件/5.针对评审要素，需要补充的其他文件/5.3.绿色低碳生产及绿色回收/5.3.1.建立了绿色生产/5.3.1.9.创新激励机制评价报告""]","[""技术标""]",False,technical,technical-media-0267,suppressed_document_page_caption,企业证明材料,0.45,3bd63813953c130818c0de3c6788cb4e118e092323f1e93e42d73563faffed4b,系统自动接收为知识资料,new,未发现重复，仍需审核,来源于泰昌技术补充文件，历史位置为“专项投标文件/5.针对评审要素，需要补充的其他文件/5.3.绿色低碳生产及绿色回收/5.3.1.建立了绿色生产/5.3.1.9.创新激励机制评价报告”。当前仅用于泰昌资料人工复核，未获准进入正式标书。,河北泰昌电力器材科技有限公司,河北泰昌电力器材科技有限公司,,enterprise_evidence,企业证明材料,True,False,,extract_word_media_as_knowledge_only,尚未通过P0-06人工批准,False,ready_for_extraction_and_validation,True,泰昌企业资料,3bd63813953c130818c0de3c6788cb4e118e092323f1e93e42d73563faffed4b,mixed_historical_bid,tender_scoring_derived,[],review_only,knowledge_only,仅限人工复核,True,media,True,needs_customer_confirmation,policy_auto_accepted,需要客户确认,2026-07-13,产品库资料,泰昌创新激励机制评价报告知识资料第006项,系统分级策略,internal,企业内部资料,客户主动提供历史技术标/商务标用于系统整理与复用,True,泰昌技术补充文件,泰昌技术补充文件,enterprise_fact,assets/template_words/技术补充文件.docx,259,（二）专项投标文件/5.针对评审要素，需要补充的其他文件/5.3.绿色低碳生产及绿色回收/5.3.1.建立了绿色生产/5.3.1.9.创新激励机制评价报告,"[""泰昌"", ""企业证明材料"", ""历史标书候选"", ""技术标""]",product_library,产品库资料,taichang_only,泰昌企业证明材料历史候选第259页,仅作泰昌内部知识资料；不得作为精确参数、有效证书或正式投标附件直接引用,needs_review,[]
taichang_tenant_internal,False,"[""专项投标文件/5.针对评审要素，需要补充的其他文件/5.3.绿色低碳生产及绿色回收/5.3.1.建立了绿色生产/5.3.1.9.创新激励机制评价报告""]","[""技术标""]",False,technical,technical-media-0269,suppressed_document_page_caption,企业证明材料,0.45,027b1348a928c17d48bb49a7de5f2799e7bbe13025ee2e68a590afa235a2745f,系统自动接收为知识资料,new,未发现重复，仍需审核,来源于泰昌技术补充文件，历史位置为“专项投标文件/5.针对评审要素，需要补充的其他文件/5.3.绿色低碳生产及绿色回收/5.3.1.建立了绿色生产/5.3.1.9.创新激励机制评价报告”。当前仅用于泰昌资料人工复核，未获准进入正式标书。,河北泰昌电力器材科技有限公司,河北泰昌电力器材科技有限公司,,enterprise_evidence,企业证明材料,True,False,,extract_word_media_as_knowledge_only,尚未通过P0-06人工批准,False,ready_for_extraction_and_validation,True,泰昌企业资料,027b1348a928c17d48bb49a7de5f2799e7bbe13025ee2e68a590afa235a2745f,mixed_historical_bid,tender_scoring_derived,[],review_only,knowledge_only,仅限人工复核,True,media,True,needs_customer_confirmation,policy_auto_accepted,需要客户确认,2026-07-13,产品库资料,泰昌创新激励机制评价报告知识资料第007项,系统分级策略,internal,企业内部资料,客户主动提供历史技术标/商务标用于系统整理与复用,True,泰昌技术补充文件,泰昌技术补充文件,enterprise_fact,assets/template_words/技术补充文件.docx,259,（二）专项投标文件/5.针对评审要素，需要补充的其他文件/5.3.绿色低碳生产及绿色回收/5.3.1.建立了绿色生产/5.3.1.9.创新激励机制评价报告,"[""泰昌"", ""企业证明材料"", ""历史标书候选"", ""技术标""]",product_library,产品库资料,taichang_only,泰昌企业证明材料历史候选第259页,仅作泰昌内部知识资料；不得作为精确参数、有效证书或正式投标附件直接引用,needs_review,[]
taichang_tenant_internal,False,"[""专项投标文件/5.针对评审要素，需要补充的其他文件/5.3.绿色低碳生产及绿色回收/5.3.1.建立了绿色生产/5.3.1.9.创新激励机制评价报告""]","[""技术标""]",False,technical,technical-media-0271,suppressed_document_page_caption,企业证明材料,0.45,83614390806f61b66b096d8abd084dd805554cf0edc6f295f462d93f9ddd592f,系统自动接收为知识资料,new,未发现重复，仍需审核,来源于泰昌技术补充文件，历史位置为“专项投标文件/5.针对评审要素，需要补充的其他文件/5.3.绿色低碳生产及绿色回收/5.3.1.建立了绿色生产/5.3.1.9.创新激励机制评价报告”。当前仅用于泰昌资料人工复核，未获准进入正式标书。,河北泰昌电力器材科技有限公司,河北泰昌电力器材科技有限公司,,enterprise_evidence,企业证明材料,True,False,,extract_word_media_as_knowledge_only,尚未通过P0-06人工批准,False,ready_for_extraction_and_validation,True,泰昌企业资料,83614390806f61b66b096d8abd084dd805554cf0edc6f295f462d93f9ddd592f,mixed_historical_bid,tender_scoring_derived,[],review_only,knowledge_only,仅限人工复核,True,media,True,needs_customer_confirmation,policy_auto_accepted,需要客户确认,2026-07-13,产品库资料,泰昌创新激励机制评价报告知识资料第008项,系统分级策略,internal,企业内部资料,客户主动提供历史技术标/商务标用于系统整理与复用,True,泰昌技术补充文件,泰昌技术补充文件,enterprise_fact,assets/template_words/技术补充文件.docx,259,（二）专项投标文件/5.针对评审要素，需要补充的其他文件/5.3.绿色低碳生产及绿色回收/5.3.1.建立了绿色生产/5.3.1.9.创新激励机制评价报告,"[""泰昌"", ""企业证明材料"", ""历史标书候选"", ""技术标""]",product_library,产品库资料,taichang_only,泰昌企业证明材料历史候选第259页,仅作泰昌内部知识资料；不得作为精确参数、有效证书或正式投标附件直接引用,needs_review,[]
taichang_tenant_internal,False,"[""专项投标文件/5.针对评审要素，需要补充的其他文件/5.3.绿色低碳生产及绿色回收/5.3.1.建立了绿色生产/5.3.1.10.智能制造优秀场景报告""]","[""技术标""]",False,technical,technical-media-0273,suppressed_document_page_caption,企业证明材料,0.45,45d69a0fca274a18783b22ee4530640137f80a9666b6a35c59fb72268ee781e5,系统自动接收为知识资料,new,未发现重复，仍需审核,来源于泰昌技术补充文件，历史位置为“专项投标文件/5.针对评审要素，需要补充的其他文件/5.3.绿色低碳生产及绿色回收/5.3.1.建立了绿色生产/5.3.1.10.智能制造优秀场景报告”。当前仅用于泰昌资料人工复核，未获准进入正式标书。,河北泰昌电力器材科技有限公司,河北泰昌电力器材科技有限公司,,enterprise_evidence,企业证明材料,True,False,,extract_word_media_as_knowledge_only,尚未通过P0-06人工批准,False,ready_for_extraction_and_validation,True,泰昌企业资料,45d69a0fca274a18783b22ee4530640137f80a9666b6a35c59fb72268ee781e5,mixed_historical_bid,tender_scoring_derived,[],review_only,knowledge_only,仅限人工复核,True,media,True,needs_customer_confirmation,policy_auto_accepted,需要客户确认,2026-07-13,产品库资料,泰昌智能制造优秀场景报告知识资料第001项,系统分级策略,internal,企业内部资料,客户主动提供历史技术标/商务标用于系统整理与复用,True,泰昌技术补充文件,泰昌技术补充文件,enterprise_fact,assets/template_words/技术补充文件.docx,271,（二）专项投标文件/5.针对评审要素，需要补充的其他文件/5.3.绿色低碳生产及绿色回收/5.3.1.建立了绿色生产/5.3.1.10.智能制造优秀场景报告,"[""泰昌"", ""企业证明材料"", ""历史标书候选"", ""技术标""]",product_library,产品库资料,taichang_only,泰昌企业证明材料历史候选第271页,仅作泰昌内部知识资料；不得作为精确参数、有效证书或正式投标附件直接引用,needs_review,[]
taichang_tenant_internal,False,"[""专项投标文件/5.针对评审要素，需要补充的其他文件/5.3.绿色低碳生产及绿色回收/5.3.1.建立了绿色生产/5.3.1.10.智能制造优秀场景报告""]","[""技术标""]",False,technical,technical-media-0274,suppressed_document_page_caption,企业证明材料,0.45,69c9e9f12755debb7067d0355910b636decfe6325c0cab6569d4b50568b22086,系统自动接收为知识资料,new,未发现重复，仍需审核,来源于泰昌技术补充文件，历史位置为“专项投标文件/5.针对评审要素，需要补充的其他文件/5.3.绿色低碳生产及绿色回收/5.3.1.建立了绿色生产/5.3.1.10.智能制造优秀场景报告”。当前仅用于泰昌资料人工复核，未获准进入正式标书。,河北泰昌电力器材科技有限公司,河北泰昌电力器材科技有限公司,,enterprise_evidence,企业证明材料,True,False,,extract_word_media_as_knowledge_only,尚未通过P0-06人工批准,False,ready_for_extraction_and_validation,True,泰昌企业资料,69c9e9f12755debb7067d0355910b636decfe6325c0cab6569d4b50568b22086,mixed_historical_bid,tender_scoring_derived,[],review_only,knowledge_only,仅限人工复核,True,media,True,needs_customer_confirmation,policy_auto_accepted,需要客户确认,2026-07-13,产品库资料,泰昌智能制造优秀场景报告知识资料第002项,系统分级策略,internal,企业内部资料,客户主动提供历史技术标/商务标用于系统整理与复用,True,泰昌技术补充文件,泰昌技术补充文件,enterprise_fact,assets/template_words/技术补充文件.docx,271,（二）专项投标文件/5.针对评审要素，需要补充的其他文件/5.3.绿色低碳生产及绿色回收/5.3.1.建立了绿色生产/5.3.1.10.智能制造优秀场景报告,"[""泰昌"", ""企业证明材料"", ""历史标书候选"", ""技术标""]",product_library,产品库资料,taichang_only,泰昌企业证明材料历史候选第271页,仅作泰昌内部知识资料；不得作为精确参数、有效证书或正式投标附件直接引用,needs_review,[]
taichang_tenant_internal,False,"[""专项投标文件/5.针对评审要素，需要补充的其他文件/5.3.绿色低碳生产及绿色回收/5.3.1.建立了绿色生产/5.3.1.10.智能制造优秀场景报告""]","[""技术标""]",False,technical,technical-media-0275,suppressed_document_page_caption,企业证明材料,0.45,aa93e2429696d353e2b625c7b518673964bd64384d5ea85071a4ea36de3df00b,系统自动接收为知识资料,new,未发现重复，仍需审核,来源于泰昌技术补充文件，历史位置为“专项投标文件/5.针对评审要素，需要补充的其他文件/5.3.绿色低碳生产及绿色回收/5.3.1.建立了绿色生产/5.3.1.10.智能制造优秀场景报告”。当前仅用于泰昌资料人工复核，未获准进入正式标书。,河北泰昌电力器材科技有限公司,河北泰昌电力器材科技有限公司,,enterprise_evidence,企业证明材料,True,False,,extract_word_media_as_knowledge_only,尚未通过P0-06人工批准,False,ready_for_extraction_and_validation,True,泰昌企业资料,aa93e2429696d353e2b625c7b518673964bd64384d5ea85071a4ea36de3df00b,mixed_historical_bid,tender_scoring_derived,[],review_only,knowledge_only,仅限人工复核,True,media,True,needs_customer_confirmation,policy_auto_accepted,需要客户确认,2026-07-13,产品库资料,泰昌智能制造优秀场景报告知识资料第003项,系统分级策略,internal,企业内部资料,客户主动提供历史技术标/商务标用于系统整理与复用,True,泰昌技术补充文件,泰昌技术补充文件,enterprise_fact,assets/template_words/技术补充文件.docx,271,（二）专项投标文件/5.针对评审要素，需要补充的其他文件/5.3.绿色低碳生产及绿色回收/5.3.1.建立了绿色生产/5.3.1.10.智能制造优秀场景报告,"[""泰昌"", ""企业证明材料"", ""历史标书候选"", ""技术标""]",product_library,产品库资料,taichang_only,泰昌企业证明材料历史候选第271页,仅作泰昌内部知识资料；不得作为精确参数、有效证书或正式投标附件直接引用,needs_review,[]
taichang_tenant_internal,False,"[""专项投标文件/5.针对评审要素，需要补充的其他文件/5.3.绿色低碳生产及绿色回收/5.3.1.建立了绿色生产/5.3.1.10.智能制造优秀场景报告""]","[""技术标""]",False,technical,technical-media-0276,suppressed_document_page_caption,企业证明材料,0.45,a1ad04130ea09e5b65802e94b2e889ff210e6a219a37b5aaaf89956d13df6e87,系统自动接收为知识资料,new,未发现重复，仍需审核,来源于泰昌技术补充文件，历史位置为“专项投标文件/5.针对评审要素，需要补充的其他文件/5.3.绿色低碳生产及绿色回收/5.3.1.建立了绿色生产/5.3.1.10.智能制造优秀场景报告”。当前仅用于泰昌资料人工复核，未获准进入正式标书。,河北泰昌电力器材科技有限公司,河北泰昌电力器材科技有限公司,,enterprise_evidence,企业证明材料,True,False,,extract_word_media_as_knowledge_only,尚未通过P0-06人工批准,False,ready_for_extraction_and_validation,True,泰昌企业资料,a1ad04130ea09e5b65802e94b2e889ff210e6a219a37b5aaaf89956d13df6e87,mixed_historical_bid,tender_scoring_derived,[],review_only,knowledge_only,仅限人工复核,True,media,True,needs_customer_confirmation,policy_auto_accepted,需要客户确认,2026-07-13,产品库资料,泰昌智能制造优秀场景报告知识资料第004项,系统分级策略,internal,企业内部资料,客户主动提供历史技术标/商务标用于系统整理与复用,True,泰昌技术补充文件,泰昌技术补充文件,enterprise_fact,assets/template_words/技术补充文件.docx,271,（二）专项投标文件/5.针对评审要素，需要补充的其他文件/5.3.绿色低碳生产及绿色回收/5.3.1.建立了绿色生产/5.3.1.10.智能制造优秀场景报告,"[""泰昌"", ""企业证明材料"", ""历史标书候选"", ""技术标""]",product_library,产品库资料,taichang_only,泰昌企业证明材料历史候选第271页,仅作泰昌内部知识资料；不得作为精确参数、有效证书或正式投标附件直接引用,needs_review,[]
taichang_tenant_internal,False,"[""专项投标文件/5.针对评审要素，需要补充的其他文件/5.3.绿色低碳生产及绿色回收/5.3.1.建立了绿色生产/5.3.1.10.智能制造优秀场景报告""]","[""技术标""]",False,technical,technical-media-0277,suppressed_document_page_caption,企业证明材料,0.45,6574d6687b11f4617e2fc15ceeabd6e17340f15eab9a00062629c8af36cf6415,系统自动接收为知识资料,new,未发现重复，仍需审核,来源于泰昌技术补充文件，历史位置为“专项投标文件/5.针对评审要素，需要补充的其他文件/5.3.绿色低碳生产及绿色回收/5.3.1.建立了绿色生产/5.3.1.10.智能制造优秀场景报告”。当前仅用于泰昌资料人工复核，未获准进入正式标书。,河北泰昌电力器材科技有限公司,河北泰昌电力器材科技有限公司,,enterprise_evidence,企业证明材料,True,False,,extract_word_media_as_knowledge_only,尚未通过P0-06人工批准,False,ready_for_extraction_and_validation,True,泰昌企业资料,6574d6687b11f4617e2fc15ceeabd6e17340f15eab9a00062629c8af36cf6415,mixed_historical_bid,tender_scoring_derived,[],review_only,knowledge_only,仅限人工复核,True,media,True,needs_customer_confirmation,policy_auto_accepted,需要客户确认,2026-07-13,产品库资料,泰昌智能制造优秀场景报告知识资料第005项,系统分级策略,internal,企业内部资料,客户主动提供历史技术标/商务标用于系统整理与复用,True,泰昌技术补充文件,泰昌技术补充文件,enterprise_fact,assets/template_words/技术补充文件.docx,271,（二）专项投标文件/5.针对评审要素，需要补充的其他文件/5.3.绿色低碳生产及绿色回收/5.3.1.建立了绿色生产/5.3.1.10.智能制造优秀场景报告,"[""泰昌"", ""企业证明材料"", ""历史标书候选"", ""技术标""]",product_library,产品库资料,taichang_only,泰昌企业证明材料历史候选第271页,仅作泰昌内部知识资料；不得作为精确参数、有效证书或正式投标附件直接引用,needs_review,[]
taichang_tenant_internal,False,"[""专项投标文件/5.针对评审要素，需要补充的其他文件/5.3.绿色低碳生产及绿色回收/5.3.1.建立了绿色生产/5.3.1.10.智能制造优秀场景报告""]","[""技术标""]",False,technical,technical-media-0278,suppressed_document_page_caption,企业证明材料,0.45,224c9cfcd097b408c200b6fc11324b9131e4d0f71c8dd33cb29b3a53dc33c73c,系统自动接收为知识资料,new,未发现重复，仍需审核,来源于泰昌技术补充文件，历史位置为“专项投标文件/5.针对评审要素，需要补充的其他文件/5.3.绿色低碳生产及绿色回收/5.3.1.建立了绿色生产/5.3.1.10.智能制造优秀场景报告”。当前仅用于泰昌资料人工复核，未获准进入正式标书。,河北泰昌电力器材科技有限公司,河北泰昌电力器材科技有限公司,,enterprise_evidence,企业证明材料,True,False,,extract_word_media_as_knowledge_only,尚未通过P0-06人工批准,False,ready_for_extraction_and_validation,True,泰昌企业资料,224c9cfcd097b408c200b6fc11324b9131e4d0f71c8dd33cb29b3a53dc33c73c,mixed_historical_bid,tender_scoring_derived,[],review_only,knowledge_only,仅限人工复核,True,media,True,needs_customer_confirmation,policy_auto_accepted,需要客户确认,2026-07-13,产品库资料,泰昌智能制造优秀场景报告知识资料第006项,系统分级策略,internal,企业内部资料,客户主动提供历史技术标/商务标用于系统整理与复用,True,泰昌技术补充文件,泰昌技术补充文件,enterprise_fact,assets/template_words/技术补充文件.docx,271,（二）专项投标文件/5.针对评审要素，需要补充的其他文件/5.3.绿色低碳生产及绿色回收/5.3.1.建立了绿色生产/5.3.1.10.智能制造优秀场景报告,"[""泰昌"", ""企业证明材料"", ""历史标书候选"", ""技术标""]",product_library,产品库资料,taichang_only,泰昌企业证明材料历史候选第271页,仅作泰昌内部知识资料；不得作为精确参数、有效证书或正式投标附件直接引用,needs_review,[]
taichang_tenant_internal,False,"[""专项投标文件/5.针对评审要素，需要补充的其他文件/5.3.绿色低碳生产及绿色回收/5.3.1.建立了绿色生产/5.3.1.10.智能制造优秀场景报告""]","[""技术标""]",False,technical,technical-media-0280,suppressed_document_page_caption,企业证明材料,0.45,200942ad7ad93a53516143cf6968087474272c13373d10ed72a41c6477ad1969,系统自动接收为知识资料,new,未发现重复，仍需审核,来源于泰昌技术补充文件，历史位置为“专项投标文件/5.针对评审要素，需要补充的其他文件/5.3.绿色低碳生产及绿色回收/5.3.1.建立了绿色生产/5.3.1.10.智能制造优秀场景报告”。当前仅用于泰昌资料人工复核，未获准进入正式标书。,河北泰昌电力器材科技有限公司,河北泰昌电力器材科技有限公司,,enterprise_evidence,企业证明材料,True,False,,extract_word_media_as_knowledge_only,尚未通过P0-06人工批准,False,ready_for_extraction_and_validation,True,泰昌企业资料,200942ad7ad93a53516143cf6968087474272c13373d10ed72a41c6477ad1969,mixed_historical_bid,tender_scoring_derived,[],review_only,knowledge_only,仅限人工复核,True,media,True,needs_customer_confirmation,policy_auto_accepted,需要客户确认,2026-07-13,产品库资料,泰昌智能制造优秀场景报告知识资料第007项,系统分级策略,internal,企业内部资料,客户主动提供历史技术标/商务标用于系统整理与复用,True,泰昌技术补充文件,泰昌技术补充文件,enterprise_fact,assets/template_words/技术补充文件.docx,271,（二）专项投标文件/5.针对评审要素，需要补充的其他文件/5.3.绿色低碳生产及绿色回收/5.3.1.建立了绿色生产/5.3.1.10.智能制造优秀场景报告,"[""泰昌"", ""企业证明材料"", ""历史标书候选"", ""技术标""]",product_library,产品库资料,taichang_only,泰昌企业证明材料历史候选第271页,仅作泰昌内部知识资料；不得作为精确参数、有效证书或正式投标附件直接引用,needs_review,[]
taichang_tenant_internal,False,"[""专项投标文件/5.针对评审要素，需要补充的其他文件/5.3.绿色低碳生产及绿色回收/5.3.1.建立了绿色生产/5.3.1.10.智能制造优秀场景报告""]","[""技术标""]",False,technical,technical-media-0281,suppressed_document_page_caption,企业证明材料,0.45,c206767bb3a58cecedfeaee40e0b85001ee50ddb68a136552418a91b62272765,系统自动接收为知识资料,new,未发现重复，仍需审核,来源于泰昌技术补充文件，历史位置为“专项投标文件/5.针对评审要素，需要补充的其他文件/5.3.绿色低碳生产及绿色回收/5.3.1.建立了绿色生产/5.3.1.10.智能制造优秀场景报告”。当前仅用于泰昌资料人工复核，未获准进入正式标书。,河北泰昌电力器材科技有限公司,河北泰昌电力器材科技有限公司,,enterprise_evidence,企业证明材料,True,False,,extract_word_media_as_knowledge_only,尚未通过P0-06人工批准,False,ready_for_extraction_and_validation,True,泰昌企业资料,c206767bb3a58cecedfeaee40e0b85001ee50ddb68a136552418a91b62272765,mixed_historical_bid,tender_scoring_derived,[],review_only,knowledge_only,仅限人工复核,True,media,True,needs_customer_confirmation,policy_auto_accepted,需要客户确认,2026-07-13,产品库资料,泰昌智能制造优秀场景报告知识资料第008项,系统分级策略,internal,企业内部资料,客户主动提供历史技术标/商务标用于系统整理与复用,True,泰昌技术补充文件,泰昌技术补充文件,enterprise_fact,assets/template_words/技术补充文件.docx,271,（二）专项投标文件/5.针对评审要素，需要补充的其他文件/5.3.绿色低碳生产及绿色回收/5.3.1.建立了绿色生产/5.3.1.10.智能制造优秀场景报告,"[""泰昌"", ""企业证明材料"", ""历史标书候选"", ""技术标""]",product_library,产品库资料,taichang_only,泰昌企业证明材料历史候选第271页,仅作泰昌内部知识资料；不得作为精确参数、有效证书或正式投标附件直接引用,needs_review,[]
taichang_tenant_internal,False,"[""专项投标文件/5.针对评审要素，需要补充的其他文件/5.3.绿色低碳生产及绿色回收/5.3.1.建立了绿色生产/5.3.1.10.智能制造优秀场景报告""]","[""技术标""]",False,technical,technical-media-0282,suppressed_document_page_caption,企业证明材料,0.45,2215f7c9fe7a79f83beb5fd5560e12de7de4d1db66927236e5a1044b5c837445,系统自动接收为知识资料,new,未发现重复，仍需审核,来源于泰昌技术补充文件，历史位置为“专项投标文件/5.针对评审要素，需要补充的其他文件/5.3.绿色低碳生产及绿色回收/5.3.1.建立了绿色生产/5.3.1.10.智能制造优秀场景报告”。当前仅用于泰昌资料人工复核，未获准进入正式标书。,河北泰昌电力器材科技有限公司,河北泰昌电力器材科技有限公司,,enterprise_evidence,企业证明材料,True,False,,extract_word_media_as_knowledge_only,尚未通过P0-06人工批准,False,ready_for_extraction_and_validation,True,泰昌企业资料,2215f7c9fe7a79f83beb5fd5560e12de7de4d1db66927236e5a1044b5c837445,mixed_historical_bid,tender_scoring_derived,[],review_only,knowledge_only,仅限人工复核,True,media,True,needs_customer_confirmation,policy_auto_accepted,需要客户确认,2026-07-13,产品库资料,泰昌智能制造优秀场景报告知识资料第009项,系统分级策略,internal,企业内部资料,客户主动提供历史技术标/商务标用于系统整理与复用,True,泰昌技术补充文件,泰昌技术补充文件,enterprise_fact,assets/template_words/技术补充文件.docx,271,（二）专项投标文件/5.针对评审要素，需要补充的其他文件/5.3.绿色低碳生产及绿色回收/5.3.1.建立了绿色生产/5.3.1.10.智能制造优秀场景报告,"[""泰昌"", ""企业证明材料"", ""历史标书候选"", ""技术标""]",product_library,产品库资料,taichang_only,泰昌企业证明材料历史候选第271页,仅作泰昌内部知识资料；不得作为精确参数、有效证书或正式投标附件直接引用,needs_review,[]
taichang_tenant_internal,False,"[""专项投标文件/5.针对评审要素，需要补充的其他文件/5.3.绿色低碳生产及绿色回收/5.3.1.建立了绿色生产/5.3.1.11.数字领航企业评价报告""]","[""技术标""]",False,technical,technical-media-0285,suppressed_document_page_caption,企业证明材料,0.45,c13222344128d19874e68c4ebe6d034b71c35e4902885765f570318e57f18a62,系统自动接收为知识资料,new,未发现重复，仍需审核,来源于泰昌技术补充文件，历史位置为“专项投标文件/5.针对评审要素，需要补充的其他文件/5.3.绿色低碳生产及绿色回收/5.3.1.建立了绿色生产/5.3.1.11.数字领航企业评价报告”。当前仅用于泰昌资料人工复核，未获准进入正式标书。,河北泰昌电力器材科技有限公司,河北泰昌电力器材科技有限公司,,enterprise_evidence,企业证明材料,True,False,,extract_word_media_as_knowledge_only,尚未通过P0-06人工批准,False,ready_for_extraction_and_validation,True,泰昌企业资料,c13222344128d19874e68c4ebe6d034b71c35e4902885765f570318e57f18a62,mixed_historical_bid,tender_scoring_derived,[],review_only,knowledge_only,仅限人工复核,True,media,True,needs_customer_confirmation,policy_auto_accepted,需要客户确认,2026-07-13,产品库资料,泰昌数字领航企业评价报告知识资料第001项,系统分级策略,internal,企业内部资料,客户主动提供历史技术标/商务标用于系统整理与复用,True,泰昌技术补充文件,泰昌技术补充文件,enterprise_fact,assets/template_words/技术补充文件.docx,283,（二）专项投标文件/5.针对评审要素，需要补充的其他文件/5.3.绿色低碳生产及绿色回收/5.3.1.建立了绿色生产/5.3.1.11.数字领航企业评价报告,"[""泰昌"", ""企业证明材料"", ""历史标书候选"", ""技术标""]",product_library,产品库资料,taichang_only,泰昌企业证明材料历史候选第283页,仅作泰昌内部知识资料；不得作为精确参数、有效证书或正式投标附件直接引用,needs_review,[]
taichang_tenant_internal,False,"[""专项投标文件/5.针对评审要素，需要补充的其他文件/5.3.绿色低碳生产及绿色回收/5.3.1.建立了绿色生产/5.3.1.11.数字领航企业评价报告""]","[""技术标""]",False,technical,technical-media-0286,suppressed_document_page_caption,企业证明材料,0.45,6b949f888e05fac1d735c8ddde858a63e7d88bbfab8dcc94629e363355b36166,系统自动接收为知识资料,new,未发现重复，仍需审核,来源于泰昌技术补充文件，历史位置为“专项投标文件/5.针对评审要素，需要补充的其他文件/5.3.绿色低碳生产及绿色回收/5.3.1.建立了绿色生产/5.3.1.11.数字领航企业评价报告”。当前仅用于泰昌资料人工复核，未获准进入正式标书。,河北泰昌电力器材科技有限公司,河北泰昌电力器材科技有限公司,,enterprise_evidence,企业证明材料,True,False,,extract_word_media_as_knowledge_only,尚未通过P0-06人工批准,False,ready_for_extraction_and_validation,True,泰昌企业资料,6b949f888e05fac1d735c8ddde858a63e7d88bbfab8dcc94629e363355b36166,mixed_historical_bid,tender_scoring_derived,[],review_only,knowledge_only,仅限人工复核,True,media,True,needs_customer_confirmation,policy_auto_accepted,需要客户确认,2026-07-13,产品库资料,泰昌数字领航企业评价报告知识资料第002项,系统分级策略,internal,企业内部资料,客户主动提供历史技术标/商务标用于系统整理与复用,True,泰昌技术补充文件,泰昌技术补充文件,enterprise_fact,assets/template_words/技术补充文件.docx,283,（二）专项投标文件/5.针对评审要素，需要补充的其他文件/5.3.绿色低碳生产及绿色回收/5.3.1.建立了绿色生产/5.3.1.11.数字领航企业评价报告,"[""泰昌"", ""企业证明材料"", ""历史标书候选"", ""技术标""]",product_library,产品库资料,taichang_only,泰昌企业证明材料历史候选第283页,仅作泰昌内部知识资料；不得作为精确参数、有效证书或正式投标附件直接引用,needs_review,[]
taichang_tenant_internal,False,"[""专项投标文件/5.针对评审要素，需要补充的其他文件/5.3.绿色低碳生产及绿色回收/5.3.1.建立了绿色生产/5.3.1.11.数字领航企业评价报告""]","[""技术标""]",False,technical,technical-media-0287,suppressed_document_page_caption,企业证明材料,0.45,9064f7fab63f61ae66667db9aee9e66e84916798a37d20b61b6f68678ddf3af6,系统自动接收为知识资料,new,未发现重复，仍需审核,来源于泰昌技术补充文件，历史位置为“专项投标文件/5.针对评审要素，需要补充的其他文件/5.3.绿色低碳生产及绿色回收/5.3.1.建立了绿色生产/5.3.1.11.数字领航企业评价报告”。当前仅用于泰昌资料人工复核，未获准进入正式标书。,河北泰昌电力器材科技有限公司,河北泰昌电力器材科技有限公司,,enterprise_evidence,企业证明材料,True,False,,extract_word_media_as_knowledge_only,尚未通过P0-06人工批准,False,ready_for_extraction_and_validation,True,泰昌企业资料,9064f7fab63f61ae66667db9aee9e66e84916798a37d20b61b6f68678ddf3af6,mixed_historical_bid,tender_scoring_derived,[],review_only,knowledge_only,仅限人工复核,True,media,True,needs_customer_confirmation,policy_auto_accepted,需要客户确认,2026-07-13,产品库资料,泰昌数字领航企业评价报告知识资料第003项,系统分级策略,internal,企业内部资料,客户主动提供历史技术标/商务标用于系统整理与复用,True,泰昌技术补充文件,泰昌技术补充文件,enterprise_fact,assets/template_words/技术补充文件.docx,283,（二）专项投标文件/5.针对评审要素，需要补充的其他文件/5.3.绿色低碳生产及绿色回收/5.3.1.建立了绿色生产/5.3.1.11.数字领航企业评价报告,"[""泰昌"", ""企业证明材料"", ""历史标书候选"", ""技术标""]",product_library,产品库资料,taichang_only,泰昌企业证明材料历史候选第283页,仅作泰昌内部知识资料；不得作为精确参数、有效证书或正式投标附件直接引用,needs_review,[]
taichang_tenant_internal,False,"[""专项投标文件/5.针对评审要素，需要补充的其他文件/5.3.绿色低碳生产及绿色回收/5.3.1.建立了绿色生产/5.3.1.11.数字领航企业评价报告""]","[""技术标""]",False,technical,technical-media-0289,suppressed_document_page_caption,企业证明材料,0.45,94d8cd3e5881b7f23ad99c3a62975adb3fae5a68e87b4d61a588ec14ece19e90,系统自动接收为知识资料,new,未发现重复，仍需审核,来源于泰昌技术补充文件，历史位置为“专项投标文件/5.针对评审要素，需要补充的其他文件/5.3.绿色低碳生产及绿色回收/5.3.1.建立了绿色生产/5.3.1.11.数字领航企业评价报告”。当前仅用于泰昌资料人工复核，未获准进入正式标书。,河北泰昌电力器材科技有限公司,河北泰昌电力器材科技有限公司,,enterprise_evidence,企业证明材料,True,False,,extract_word_media_as_knowledge_only,尚未通过P0-06人工批准,False,ready_for_extraction_and_validation,True,泰昌企业资料,94d8cd3e5881b7f23ad99c3a62975adb3fae5a68e87b4d61a588ec14ece19e90,mixed_historical_bid,tender_scoring_derived,[],review_only,knowledge_only,仅限人工复核,True,media,True,needs_customer_confirmation,policy_auto_accepted,需要客户确认,2026-07-13,产品库资料,泰昌数字领航企业评价报告知识资料第004项,系统分级策略,internal,企业内部资料,客户主动提供历史技术标/商务标用于系统整理与复用,True,泰昌技术补充文件,泰昌技术补充文件,enterprise_fact,assets/template_words/技术补充文件.docx,283,（二）专项投标文件/5.针对评审要素，需要补充的其他文件/5.3.绿色低碳生产及绿色回收/5.3.1.建立了绿色生产/5.3.1.11.数字领航企业评价报告,"[""泰昌"", ""企业证明材料"", ""历史标书候选"", ""技术标""]",product_library,产品库资料,taichang_only,泰昌企业证明材料历史候选第283页,仅作泰昌内部知识资料；不得作为精确参数、有效证书或正式投标附件直接引用,needs_review,[]
taichang_tenant_internal,False,"[""专项投标文件/5.针对评审要素，需要补充的其他文件/5.3.绿色低碳生产及绿色回收/5.3.1.建立了绿色生产/5.3.1.11.数字领航企业评价报告""]","[""技术标""]",False,technical,technical-media-0290,suppressed_document_page_caption,企业证明材料,0.45,66854a7d8ec3e93333bb4494d56deb82a902f5f59f174f4546ec52c199f6aa63,系统自动接收为知识资料,new,未发现重复，仍需审核,来源于泰昌技术补充文件，历史位置为“专项投标文件/5.针对评审要素，需要补充的其他文件/5.3.绿色低碳生产及绿色回收/5.3.1.建立了绿色生产/5.3.1.11.数字领航企业评价报告”。当前仅用于泰昌资料人工复核，未获准进入正式标书。,河北泰昌电力器材科技有限公司,河北泰昌电力器材科技有限公司,,enterprise_evidence,企业证明材料,True,False,,extract_word_media_as_knowledge_only,尚未通过P0-06人工批准,False,ready_for_extraction_and_validation,True,泰昌企业资料,66854a7d8ec3e93333bb4494d56deb82a902f5f59f174f4546ec52c199f6aa63,mixed_historical_bid,tender_scoring_derived,[],review_only,knowledge_only,仅限人工复核,True,media,True,needs_customer_confirmation,policy_auto_accepted,需要客户确认,2026-07-13,产品库资料,泰昌数字领航企业评价报告知识资料第005项,系统分级策略,internal,企业内部资料,客户主动提供历史技术标/商务标用于系统整理与复用,True,泰昌技术补充文件,泰昌技术补充文件,enterprise_fact,assets/template_words/技术补充文件.docx,283,（二）专项投标文件/5.针对评审要素，需要补充的其他文件/5.3.绿色低碳生产及绿色回收/5.3.1.建立了绿色生产/5.3.1.11.数字领航企业评价报告,"[""泰昌"", ""企业证明材料"", ""历史标书候选"", ""技术标""]",product_library,产品库资料,taichang_only,泰昌企业证明材料历史候选第283页,仅作泰昌内部知识资料；不得作为精确参数、有效证书或正式投标附件直接引用,needs_review,[]
taichang_tenant_internal,False,"[""专项投标文件/5.针对评审要素，需要补充的其他文件/5.3.绿色低碳生产及绿色回收/5.3.1.建立了绿色生产/5.3.1.11.数字领航企业评价报告""]","[""技术标""]",False,technical,technical-media-0291,suppressed_document_page_caption,企业证明材料,0.45,d776f6d17df0424d80c24fb94288496c0624bdbd009924e0f298225d851b3e44,系统自动接收为知识资料,new,未发现重复，仍需审核,来源于泰昌技术补充文件，历史位置为“专项投标文件/5.针对评审要素，需要补充的其他文件/5.3.绿色低碳生产及绿色回收/5.3.1.建立了绿色生产/5.3.1.11.数字领航企业评价报告”。当前仅用于泰昌资料人工复核，未获准进入正式标书。,河北泰昌电力器材科技有限公司,河北泰昌电力器材科技有限公司,,enterprise_evidence,企业证明材料,True,False,,extract_word_media_as_knowledge_only,尚未通过P0-06人工批准,False,ready_for_extraction_and_validation,True,泰昌企业资料,d776f6d17df0424d80c24fb94288496c0624bdbd009924e0f298225d851b3e44,mixed_historical_bid,tender_scoring_derived,[],review_only,knowledge_only,仅限人工复核,True,media,True,needs_customer_confirmation,policy_auto_accepted,需要客户确认,2026-07-13,产品库资料,泰昌数字领航企业评价报告知识资料第006项,系统分级策略,internal,企业内部资料,客户主动提供历史技术标/商务标用于系统整理与复用,True,泰昌技术补充文件,泰昌技术补充文件,enterprise_fact,assets/template_words/技术补充文件.docx,283,（二）专项投标文件/5.针对评审要素，需要补充的其他文件/5.3.绿色低碳生产及绿色回收/5.3.1.建立了绿色生产/5.3.1.11.数字领航企业评价报告,"[""泰昌"", ""企业证明材料"", ""历史标书候选"", ""技术标""]",product_library,产品库资料,taichang_only,泰昌企业证明材料历史候选第283页,仅作泰昌内部知识资料；不得作为精确参数、有效证书或正式投标附件直接引用,needs_review,[]
taichang_tenant_internal,False,"[""专项投标文件/5.针对评审要素，需要补充的其他文件/5.3.绿色低碳生产及绿色回收/5.3.1.建立了绿色生产/5.3.1.11.数字领航企业评价报告""]","[""技术标""]",False,technical,technical-media-0292,suppressed_document_page_caption,企业证明材料,0.45,0bc95e9deda2d5ba68fc980339e3e7736138c9f1ee92b8f222bbe9fdff1ebeee,系统自动接收为知识资料,new,未发现重复，仍需审核,来源于泰昌技术补充文件，历史位置为“专项投标文件/5.针对评审要素，需要补充的其他文件/5.3.绿色低碳生产及绿色回收/5.3.1.建立了绿色生产/5.3.1.11.数字领航企业评价报告”。当前仅用于泰昌资料人工复核，未获准进入正式标书。,河北泰昌电力器材科技有限公司,河北泰昌电力器材科技有限公司,,enterprise_evidence,企业证明材料,True,False,,extract_word_media_as_knowledge_only,尚未通过P0-06人工批准,False,ready_for_extraction_and_validation,True,泰昌企业资料,0bc95e9deda2d5ba68fc980339e3e7736138c9f1ee92b8f222bbe9fdff1ebeee,mixed_historical_bid,tender_scoring_derived,[],review_only,knowledge_only,仅限人工复核,True,media,True,needs_customer_confirmation,policy_auto_accepted,需要客户确认,2026-07-13,产品库资料,泰昌数字领航企业评价报告知识资料第007项,系统分级策略,internal,企业内部资料,客户主动提供历史技术标/商务标用于系统整理与复用,True,泰昌技术补充文件,泰昌技术补充文件,enterprise_fact,assets/template_words/技术补充文件.docx,283,（二）专项投标文件/5.针对评审要素，需要补充的其他文件/5.3.绿色低碳生产及绿色回收/5.3.1.建立了绿色生产/5.3.1.11.数字领航企业评价报告,"[""泰昌"", ""企业证明材料"", ""历史标书候选"", ""技术标""]",product_library,产品库资料,taichang_only,泰昌企业证明材料历史候选第283页,仅作泰昌内部知识资料；不得作为精确参数、有效证书或正式投标附件直接引用,needs_review,[]
taichang_tenant_internal,False,"[""专项投标文件/5.针对评审要素，需要补充的其他文件/5.3.绿色低碳生产及绿色回收/5.3.1.建立了绿色生产/5.3.1.11.数字领航企业评价报告""]","[""技术标""]",False,technical,technical-media-0294,suppressed_document_page_caption,企业证明材料,0.45,fa78dc6e39c1cbcc70a4f4d0e030f43ca32727edf4fa2581aa664ddce2ebbff9,系统自动接收为知识资料,new,未发现重复，仍需审核,来源于泰昌技术补充文件，历史位置为“专项投标文件/5.针对评审要素，需要补充的其他文件/5.3.绿色低碳生产及绿色回收/5.3.1.建立了绿色生产/5.3.1.11.数字领航企业评价报告”。当前仅用于泰昌资料人工复核，未获准进入正式标书。,河北泰昌电力器材科技有限公司,河北泰昌电力器材科技有限公司,,enterprise_evidence,企业证明材料,True,False,,extract_word_media_as_knowledge_only,尚未通过P0-06人工批准,False,ready_for_extraction_and_validation,True,泰昌企业资料,fa78dc6e39c1cbcc70a4f4d0e030f43ca32727edf4fa2581aa664ddce2ebbff9,mixed_historical_bid,tender_scoring_derived,[],review_only,knowledge_only,仅限人工复核,True,media,True,needs_customer_confirmation,policy_auto_accepted,需要客户确认,2026-07-13,产品库资料,泰昌数字领航企业评价报告知识资料第008项,系统分级策略,internal,企业内部资料,客户主动提供历史技术标/商务标用于系统整理与复用,True,泰昌技术补充文件,泰昌技术补充文件,enterprise_fact,assets/template_words/技术补充文件.docx,283,（二）专项投标文件/5.针对评审要素，需要补充的其他文件/5.3.绿色低碳生产及绿色回收/5.3.1.建立了绿色生产/5.3.1.11.数字领航企业评价报告,"[""泰昌"", ""企业证明材料"", ""历史标书候选"", ""技术标""]",product_library,产品库资料,taichang_only,泰昌企业证明材料历史候选第283页,仅作泰昌内部知识资料；不得作为精确参数、有效证书或正式投标附件直接引用,needs_review,[]
taichang_tenant_internal,False,"[""专项投标文件/5.针对评审要素，需要补充的其他文件/5.3.绿色低碳生产及绿色回收/5.3.1.建立了绿色生产/5.3.1.11.数字领航企业评价报告""]","[""技术标""]",False,technical,technical-media-0295,suppressed_document_page_caption,企业证明材料,0.45,12611128b30f87640853f57ea3db509f10c139064e5210620bb2d9f41edfab24,系统自动接收为知识资料,new,未发现重复，仍需审核,来源于泰昌技术补充文件，历史位置为“专项投标文件/5.针对评审要素，需要补充的其他文件/5.3.绿色低碳生产及绿色回收/5.3.1.建立了绿色生产/5.3.1.11.数字领航企业评价报告”。当前仅用于泰昌资料人工复核，未获准进入正式标书。,河北泰昌电力器材科技有限公司,河北泰昌电力器材科技有限公司,,enterprise_evidence,企业证明材料,True,False,,extract_word_media_as_knowledge_only,尚未通过P0-06人工批准,False,ready_for_extraction_and_validation,True,泰昌企业资料,12611128b30f87640853f57ea3db509f10c139064e5210620bb2d9f41edfab24,mixed_historical_bid,tender_scoring_derived,[],review_only,knowledge_only,仅限人工复核,True,media,True,needs_customer_confirmation,policy_auto_accepted,需要客户确认,2026-07-13,产品库资料,泰昌数字领航企业评价报告知识资料第009项,系统分级策略,internal,企业内部资料,客户主动提供历史技术标/商务标用于系统整理与复用,True,泰昌技术补充文件,泰昌技术补充文件,enterprise_fact,assets/template_words/技术补充文件.docx,283,（二）专项投标文件/5.针对评审要素，需要补充的其他文件/5.3.绿色低碳生产及绿色回收/5.3.1.建立了绿色生产/5.3.1.11.数字领航企业评价报告,"[""泰昌"", ""企业证明材料"", ""历史标书候选"", ""技术标""]",product_library,产品库资料,taichang_only,泰昌企业证明材料历史候选第283页,仅作泰昌内部知识资料；不得作为精确参数、有效证书或正式投标附件直接引用,needs_review,[]
taichang_tenant_internal,False,"[""专项投标文件/5.针对评审要素，需要补充的其他文件/5.3.绿色低碳生产及绿色回收/5.3.1.建立了绿色生产/5.3.1.11.数字领航企业评价报告""]","[""技术标""]",False,technical,technical-media-0296,suppressed_document_page_caption,企业证明材料,0.45,f4acd75ed1b6840537425474b83b3c856c42fb9a693eeb00adda3c32090db783,系统自动接收为知识资料,new,未发现重复，仍需审核,来源于泰昌技术补充文件，历史位置为“专项投标文件/5.针对评审要素，需要补充的其他文件/5.3.绿色低碳生产及绿色回收/5.3.1.建立了绿色生产/5.3.1.11.数字领航企业评价报告”。当前仅用于泰昌资料人工复核，未获准进入正式标书。,河北泰昌电力器材科技有限公司,河北泰昌电力器材科技有限公司,,enterprise_evidence,企业证明材料,True,False,,extract_word_media_as_knowledge_only,尚未通过P0-06人工批准,False,ready_for_extraction_and_validation,True,泰昌企业资料,f4acd75ed1b6840537425474b83b3c856c42fb9a693eeb00adda3c32090db783,mixed_historical_bid,tender_scoring_derived,[],review_only,knowledge_only,仅限人工复核,True,media,True,needs_customer_confirmation,policy_auto_accepted,需要客户确认,2026-07-13,产品库资料,泰昌数字领航企业评价报告知识资料第010项,系统分级策略,internal,企业内部资料,客户主动提供历史技术标/商务标用于系统整理与复用,True,泰昌技术补充文件,泰昌技术补充文件,enterprise_fact,assets/template_words/技术补充文件.docx,283,（二）专项投标文件/5.针对评审要素，需要补充的其他文件/5.3.绿色低碳生产及绿色回收/5.3.1.建立了绿色生产/5.3.1.11.数字领航企业评价报告,"[""泰昌"", ""企业证明材料"", ""历史标书候选"", ""技术标""]",product_library,产品库资料,taichang_only,泰昌企业证明材料历史候选第283页,仅作泰昌内部知识资料；不得作为精确参数、有效证书或正式投标附件直接引用,needs_review,[]
taichang_tenant_internal,False,"[""专项投标文件/5.针对评审要素，需要补充的其他文件/5.3.绿色低碳生产及绿色回收/5.3.1.建立了绿色生产/5.3.1.11.数字领航企业评价报告""]","[""技术标""]",False,technical,technical-media-0297,suppressed_document_page_caption,企业证明材料,0.45,d76a986a813e717fecf373d5862b881f74a5a2d2588c0237eed4f615b37c5149,系统自动接收为知识资料,new,未发现重复，仍需审核,来源于泰昌技术补充文件，历史位置为“专项投标文件/5.针对评审要素，需要补充的其他文件/5.3.绿色低碳生产及绿色回收/5.3.1.建立了绿色生产/5.3.1.11.数字领航企业评价报告”。当前仅用于泰昌资料人工复核，未获准进入正式标书。,河北泰昌电力器材科技有限公司,河北泰昌电力器材科技有限公司,,enterprise_evidence,企业证明材料,True,False,,extract_word_media_as_knowledge_only,尚未通过P0-06人工批准,False,ready_for_extraction_and_validation,True,泰昌企业资料,d76a986a813e717fecf373d5862b881f74a5a2d2588c0237eed4f615b37c5149,mixed_historical_bid,tender_scoring_derived,[],review_only,knowledge_only,仅限人工复核,True,media,True,needs_customer_confirmation,policy_auto_accepted,需要客户确认,2026-07-13,产品库资料,泰昌数字领航企业评价报告知识资料第011项,系统分级策略,internal,企业内部资料,客户主动提供历史技术标/商务标用于系统整理与复用,True,泰昌技术补充文件,泰昌技术补充文件,enterprise_fact,assets/template_words/技术补充文件.docx,283,（二）专项投标文件/5.针对评审要素，需要补充的其他文件/5.3.绿色低碳生产及绿色回收/5.3.1.建立了绿色生产/5.3.1.11.数字领航企业评价报告,"[""泰昌"", ""企业证明材料"", ""历史标书候选"", ""技术标""]",product_library,产品库资料,taichang_only,泰昌企业证明材料历史候选第283页,仅作泰昌内部知识资料；不得作为精确参数、有效证书或正式投标附件直接引用,needs_review,[]
taichang_tenant_internal,False,"[""专项投标文件/5.针对评审要素，需要补充的其他文件/5.3.绿色低碳生产及绿色回收/5.3.1.建立了绿色生产/5.3.1.11.数字领航企业评价报告""]","[""技术标""]",False,technical,technical-media-0298,suppressed_document_page_caption,企业证明材料,0.45,90f1fcf6d60c0b5f3067243d95a27dafd31ba72b4b833b4944341e4d12a92aea,系统自动接收为知识资料,new,未发现重复，仍需审核,来源于泰昌技术补充文件，历史位置为“专项投标文件/5.针对评审要素，需要补充的其他文件/5.3.绿色低碳生产及绿色回收/5.3.1.建立了绿色生产/5.3.1.11.数字领航企业评价报告”。当前仅用于泰昌资料人工复核，未获准进入正式标书。,河北泰昌电力器材科技有限公司,河北泰昌电力器材科技有限公司,,enterprise_evidence,企业证明材料,True,False,,extract_word_media_as_knowledge_only,尚未通过P0-06人工批准,False,ready_for_extraction_and_validation,True,泰昌企业资料,90f1fcf6d60c0b5f3067243d95a27dafd31ba72b4b833b4944341e4d12a92aea,mixed_historical_bid,tender_scoring_derived,[],review_only,knowledge_only,仅限人工复核,True,media,True,needs_customer_confirmation,policy_auto_accepted,需要客户确认,2026-07-13,产品库资料,泰昌数字领航企业评价报告知识资料第012项,系统分级策略,internal,企业内部资料,客户主动提供历史技术标/商务标用于系统整理与复用,True,泰昌技术补充文件,泰昌技术补充文件,enterprise_fact,assets/template_words/技术补充文件.docx,283,（二）专项投标文件/5.针对评审要素，需要补充的其他文件/5.3.绿色低碳生产及绿色回收/5.3.1.建立了绿色生产/5.3.1.11.数字领航企业评价报告,"[""泰昌"", ""企业证明材料"", ""历史标书候选"", ""技术标""]",product_library,产品库资料,taichang_only,泰昌企业证明材料历史候选第283页,仅作泰昌内部知识资料；不得作为精确参数、有效证书或正式投标附件直接引用,needs_review,[]
taichang_tenant_internal,False,"[""专项投标文件/5.针对评审要素，需要补充的其他文件/5.3.绿色低碳生产及绿色回收/5.3.1.建立了绿色生产/5.3.1.11.数字领航企业评价报告""]","[""技术标""]",False,technical,technical-media-0299,suppressed_document_page_caption,企业证明材料,0.45,cae4573286f527a715c97f97cab3854e89d576c9ef27132042801aca5ac1abd2,系统自动接收为知识资料,new,未发现重复，仍需审核,来源于泰昌技术补充文件，历史位置为“专项投标文件/5.针对评审要素，需要补充的其他文件/5.3.绿色低碳生产及绿色回收/5.3.1.建立了绿色生产/5.3.1.11.数字领航企业评价报告”。当前仅用于泰昌资料人工复核，未获准进入正式标书。,河北泰昌电力器材科技有限公司,河北泰昌电力器材科技有限公司,,enterprise_evidence,企业证明材料,True,False,,extract_word_media_as_knowledge_only,尚未通过P0-06人工批准,False,ready_for_extraction_and_validation,True,泰昌企业资料,cae4573286f527a715c97f97cab3854e89d576c9ef27132042801aca5ac1abd2,mixed_historical_bid,tender_scoring_derived,[],review_only,knowledge_only,仅限人工复核,True,media,True,needs_customer_confirmation,policy_auto_accepted,需要客户确认,2026-07-13,产品库资料,泰昌数字领航企业评价报告知识资料第013项,系统分级策略,internal,企业内部资料,客户主动提供历史技术标/商务标用于系统整理与复用,True,泰昌技术补充文件,泰昌技术补充文件,enterprise_fact,assets/template_words/技术补充文件.docx,283,（二）专项投标文件/5.针对评审要素，需要补充的其他文件/5.3.绿色低碳生产及绿色回收/5.3.1.建立了绿色生产/5.3.1.11.数字领航企业评价报告,"[""泰昌"", ""企业证明材料"", ""历史标书候选"", ""技术标""]",product_library,产品库资料,taichang_only,泰昌企业证明材料历史候选第283页,仅作泰昌内部知识资料；不得作为精确参数、有效证书或正式投标附件直接引用,needs_review,[]
taichang_tenant_internal,False,"[""专项投标文件/5.针对评审要素，需要补充的其他文件/5.3.绿色低碳生产及绿色回收/5.3.1.建立了绿色生产/5.3.1.11.数字领航企业评价报告""]","[""技术标""]",False,technical,technical-media-0300,suppressed_document_page_caption,企业证明材料,0.45,862beec1c5f9e36633b81b23f1055e9316086d2bd733681371e71044038bd3ef,系统自动接收为知识资料,new,未发现重复，仍需审核,来源于泰昌技术补充文件，历史位置为“专项投标文件/5.针对评审要素，需要补充的其他文件/5.3.绿色低碳生产及绿色回收/5.3.1.建立了绿色生产/5.3.1.11.数字领航企业评价报告”。当前仅用于泰昌资料人工复核，未获准进入正式标书。,河北泰昌电力器材科技有限公司,河北泰昌电力器材科技有限公司,,enterprise_evidence,企业证明材料,True,False,,extract_word_media_as_knowledge_only,尚未通过P0-06人工批准,False,ready_for_extraction_and_validation,True,泰昌企业资料,862beec1c5f9e36633b81b23f1055e9316086d2bd733681371e71044038bd3ef,mixed_historical_bid,tender_scoring_derived,[],review_only,knowledge_only,仅限人工复核,True,media,True,needs_customer_confirmation,policy_auto_accepted,需要客户确认,2026-07-13,产品库资料,泰昌数字领航企业评价报告知识资料第014项,系统分级策略,internal,企业内部资料,客户主动提供历史技术标/商务标用于系统整理与复用,True,泰昌技术补充文件,泰昌技术补充文件,enterprise_fact,assets/template_words/技术补充文件.docx,283,（二）专项投标文件/5.针对评审要素，需要补充的其他文件/5.3.绿色低碳生产及绿色回收/5.3.1.建立了绿色生产/5.3.1.11.数字领航企业评价报告,"[""泰昌"", ""企业证明材料"", ""历史标书候选"", ""技术标""]",product_library,产品库资料,taichang_only,泰昌企业证明材料历史候选第283页,仅作泰昌内部知识资料；不得作为精确参数、有效证书或正式投标附件直接引用,needs_review,[]
