access_scope,applicable_sections,applicable_volumes,approved_candidate,bid_volume,candidate_id,caption_policy,category_label,classification_confidence,content_sha256,decision,dedup_confirmation,dedup_status,dedup_status_label,description,doc_owner,enterprise,evidence_bundle_id,evidence_type,evidence_type_label,fact_source_allowed_for_enterprise,formal_caption,formal_display_quality_verified,ingestion_action,ingestion_block_reason,ingestion_eligible,machine_recommendation,manual_review_required,material_category,media_sha256,origin_type,original_evidence_path,original_evidence_verified,product_boundary_verified,product_families,quality_tier,quality_tier_label,record_type,required_check,review_group_id,review_notes,review_status,review_status_label,reviewed_at,reviewed_target_library_label,reviewed_title,reviewer,sensitive_authorized,sensitivity,sensitivity_label,source_display_name,source_document_name,source_domain,source_file,source_page,source_section,tags,target_library,target_library_label,tenant_visibility,timeliness_verified,title,validity_status,visible_field_violations
taichang_tenant_internal,"[""补充文件/12.其他/12.1.发明专利证书""]","[""商务标""]",False,business,business-media-0332,suppressed_document_page_caption,企业证明材料,0.45,6251cfac24d45e78658b397a98f19386714dce683db252b72fbd4810d15113cc,,,new,未发现重复，仍需审核,来源于泰昌商务补充文件，历史位置为“补充文件/12.其他/12.1.发明专利证书”。当前仅用于泰昌资料人工复核，未获准进入正式标书。,河北泰昌电力器材科技有限公司,河北泰昌电力器材科技有限公司,,enterprise_evidence,企业证明材料,False,,否,blocked,尚未通过P0-06人工批准,False,核验原始证据,True,泰昌企业资料,6251cfac24d45e78658b397a98f19386714dce683db252b72fbd4810d15113cc,reference_layout_only,,否,不适用,[],review_only,仅限人工复核,media,确认资料归属泰昌、内容真实、时效有效、中文展示合规且目标库正确,P006-G001,,needs_customer_confirmation,需要客户确认,,资信库资料,泰昌企业证明材料历史候选第319页,,不适用,internal,企业内部资料,泰昌商务补充文件,泰昌商务补充文件,mixed_historical_bid,assets/template_words/商务补充文件.docx,319,(三)补充文件/12.其他/12.1.发明专利证书,"[""泰昌"", ""企业证明材料"", ""历史标书候选"", ""商务标""]",qualification_library,资信库资料,taichang_only,不适用,泰昌企业证明材料历史候选第319页,needs_review,[]
taichang_tenant_internal,"[""补充文件/12.其他/12.3.河北省守合同重信用企业""]","[""商务标""]",False,business,business-media-0334,suppressed_document_page_caption,项目业绩,0.8,411e6303bf345711d09a217d21f6273b0f2d2910822c8f03d84cd9cf2a20155d,,,new,未发现重复，仍需审核,来源于泰昌商务补充文件，历史位置为“补充文件/12.其他/12.3.河北省守合同重信用企业”。当前仅用于泰昌资料人工复核，未获准进入正式标书。,河北泰昌电力器材科技有限公司,河北泰昌电力器材科技有限公司,,project_performance,项目业绩,False,,否,blocked,尚未通过P0-06人工批准,False,核验原始证据,True,泰昌企业资料,411e6303bf345711d09a217d21f6273b0f2d2910822c8f03d84cd9cf2a20155d,uncertain,,否,不适用,[],review_only,仅限人工复核,media,确认资料归属泰昌、内容真实、时效有效、中文展示合规且目标库正确,P006-G002,,needs_customer_confirmation,需要客户确认,,资信库资料,泰昌项目业绩历史候选第322页,,不适用,internal,企业内部资料,泰昌商务补充文件,泰昌商务补充文件,mixed_historical_bid,assets/template_words/商务补充文件.docx,322,(三)补充文件/12.其他/12.3.河北省守合同重信用企业,"[""泰昌"", ""项目业绩"", ""历史标书候选"", ""商务标""]",qualification_library,资信库资料,taichang_only,否,泰昌项目业绩历史候选第322页,needs_review,[]
taichang_tenant_internal,"[""补充文件/12.其他/12.4.中国裁判文书网查询截图""]","[""商务标""]",False,business,business-media-0335,suppressed_document_page_caption,企业证明材料,0.45,b84574ed438102c502c2e5f780c78db8cf71b3e37dcf19eada55eb9c947fb5a7,,,new,未发现重复，仍需审核,来源于泰昌商务补充文件，历史位置为“补充文件/12.其他/12.4.中国裁判文书网查询截图”。当前仅用于泰昌资料人工复核，未获准进入正式标书。,河北泰昌电力器材科技有限公司,河北泰昌电力器材科技有限公司,,enterprise_evidence,企业证明材料,False,,否,blocked,尚未通过P0-06人工批准,False,核验原始证据,True,泰昌企业资料,b84574ed438102c502c2e5f780c78db8cf71b3e37dcf19eada55eb9c947fb5a7,reference_layout_only,,否,不适用,[],review_only,仅限人工复核,media,确认资料归属泰昌、内容真实、时效有效、中文展示合规且目标库正确,P006-G003,,needs_customer_confirmation,需要客户确认,,资信库资料,泰昌企业证明材料历史候选第323页,,不适用,internal,企业内部资料,泰昌商务补充文件,泰昌商务补充文件,mixed_historical_bid,assets/template_words/商务补充文件.docx,323,(三)补充文件/12.其他/12.4.中国裁判文书网查询截图,"[""泰昌"", ""企业证明材料"", ""历史标书候选"", ""商务标""]",qualification_library,资信库资料,taichang_only,不适用,泰昌企业证明材料历史候选第323页,needs_review,[]
taichang_tenant_internal,"[""补充文件/12.其他/12.4.中国裁判文书网查询截图""]","[""商务标""]",False,business,business-media-0336,suppressed_document_page_caption,企业证明材料,0.45,0d3729728a514f965ef671ad22f7928c028e3032155ec2ab0d2df1f7a54c875e,,,new,未发现重复，仍需审核,来源于泰昌商务补充文件，历史位置为“补充文件/12.其他/12.4.中国裁判文书网查询截图”。当前仅用于泰昌资料人工复核，未获准进入正式标书。,河北泰昌电力器材科技有限公司,河北泰昌电力器材科技有限公司,,enterprise_evidence,企业证明材料,False,,否,blocked,尚未通过P0-06人工批准,False,核验原始证据,True,泰昌企业资料,0d3729728a514f965ef671ad22f7928c028e3032155ec2ab0d2df1f7a54c875e,reference_layout_only,,否,不适用,[],review_only,仅限人工复核,media,确认资料归属泰昌、内容真实、时效有效、中文展示合规且目标库正确,P006-G003,,needs_customer_confirmation,需要客户确认,,资信库资料,泰昌企业证明材料历史候选第323页,,不适用,internal,企业内部资料,泰昌商务补充文件,泰昌商务补充文件,mixed_historical_bid,assets/template_words/商务补充文件.docx,323,(三)补充文件/12.其他/12.4.中国裁判文书网查询截图,"[""泰昌"", ""企业证明材料"", ""历史标书候选"", ""商务标""]",qualification_library,资信库资料,taichang_only,不适用,泰昌企业证明材料历史候选第323页,needs_review,[]
taichang_tenant_internal,"[""补充文件/12.其他/12.5.中国执行信息公开网查询截图""]","[""商务标""]",False,business,business-media-0337,suppressed_document_page_caption,企业证明材料,0.45,41e352174d36eaae72e996245bc9f46eb415da89c453d4cd8ba346378d4abbd3,,,new,未发现重复，仍需审核,来源于泰昌商务补充文件，历史位置为“补充文件/12.其他/12.5.中国执行信息公开网查询截图”。当前仅用于泰昌资料人工复核，未获准进入正式标书。,河北泰昌电力器材科技有限公司,河北泰昌电力器材科技有限公司,,enterprise_evidence,企业证明材料,False,,否,blocked,尚未通过P0-06人工批准,False,核验原始证据,True,泰昌企业资料,41e352174d36eaae72e996245bc9f46eb415da89c453d4cd8ba346378d4abbd3,reference_layout_only,,否,不适用,[],review_only,仅限人工复核,media,确认资料归属泰昌、内容真实、时效有效、中文展示合规且目标库正确,P006-G004,,needs_customer_confirmation,需要客户确认,,资信库资料,泰昌企业证明材料历史候选第324页,,不适用,internal,企业内部资料,泰昌商务补充文件,泰昌商务补充文件,mixed_historical_bid,assets/template_words/商务补充文件.docx,324,(三)补充文件/12.其他/12.5.中国执行信息公开网查询截图,"[""泰昌"", ""企业证明材料"", ""历史标书候选"", ""商务标""]",qualification_library,资信库资料,taichang_only,不适用,泰昌企业证明材料历史候选第324页,needs_review,[]
taichang_tenant_internal,"[""补充文件/12.其他/12.5.中国执行信息公开网查询截图""]","[""商务标""]",False,business,business-media-0338,suppressed_document_page_caption,企业证明材料,0.45,297f4a024b03bce2e6538af56b13dcfe6c18253dac16326635551a233c38cc53,,,new,未发现重复，仍需审核,来源于泰昌商务补充文件，历史位置为“补充文件/12.其他/12.5.中国执行信息公开网查询截图”。当前仅用于泰昌资料人工复核，未获准进入正式标书。,河北泰昌电力器材科技有限公司,河北泰昌电力器材科技有限公司,,enterprise_evidence,企业证明材料,False,,否,blocked,尚未通过P0-06人工批准,False,核验原始证据,True,泰昌企业资料,297f4a024b03bce2e6538af56b13dcfe6c18253dac16326635551a233c38cc53,reference_layout_only,,否,不适用,[],review_only,仅限人工复核,media,确认资料归属泰昌、内容真实、时效有效、中文展示合规且目标库正确,P006-G004,,needs_customer_confirmation,需要客户确认,,资信库资料,泰昌企业证明材料历史候选第324页,,不适用,internal,企业内部资料,泰昌商务补充文件,泰昌商务补充文件,mixed_historical_bid,assets/template_words/商务补充文件.docx,324,(三)补充文件/12.其他/12.5.中国执行信息公开网查询截图,"[""泰昌"", ""企业证明材料"", ""历史标书候选"", ""商务标""]",qualification_library,资信库资料,taichang_only,不适用,泰昌企业证明材料历史候选第324页,needs_review,[]
taichang_tenant_internal,"[""补充文件/12.其他/12.6.一般纳税人查询截图""]","[""商务标""]",False,business,business-media-0339,suppressed_document_page_caption,财务资料,0.9,8eb61530c18d11fa15a2319e9da9a3497c13726c561732fe3b0c060147074d69,,,new,未发现重复，仍需审核,来源于泰昌商务补充文件，历史位置为“补充文件/12.其他/12.6.一般纳税人查询截图”。当前仅用于泰昌资料人工复核，未获准进入正式标书。,河北泰昌电力器材科技有限公司,河北泰昌电力器材科技有限公司,,finance,财务资料,False,,否,blocked,尚未通过P0-06人工批准,False,核验原始证据,True,泰昌企业资料,8eb61530c18d11fa15a2319e9da9a3497c13726c561732fe3b0c060147074d69,reference_layout_only,,否,不适用,[],review_only,仅限人工复核,media,确认资料归属泰昌、内容真实、时效有效、中文展示合规且目标库正确,P006-G005,,needs_customer_confirmation,需要客户确认,,资信库资料,泰昌财务资料历史候选第325页,,不适用,internal,企业内部资料,泰昌商务补充文件,泰昌商务补充文件,mixed_historical_bid,assets/template_words/商务补充文件.docx,325,(三)补充文件/12.其他/12.6.一般纳税人查询截图,"[""泰昌"", ""财务资料"", ""历史标书候选"", ""商务标""]",qualification_library,资信库资料,taichang_only,否,泰昌财务资料历史候选第325页,needs_review,[]
taichang_tenant_internal,"[""补充文件/12.其他/12.6.一般纳税人查询截图""]","[""商务标""]",False,business,business-media-0340,suppressed_document_page_caption,财务资料,0.9,e2b35314ada5ca6665049aa59f06e50e4bd7ac62a96768f7429137db091d3110,,,new,未发现重复，仍需审核,来源于泰昌商务补充文件，历史位置为“补充文件/12.其他/12.6.一般纳税人查询截图”。当前仅用于泰昌资料人工复核，未获准进入正式标书。,河北泰昌电力器材科技有限公司,河北泰昌电力器材科技有限公司,,finance,财务资料,False,,否,blocked,尚未通过P0-06人工批准,False,核验原始证据,True,泰昌企业资料,e2b35314ada5ca6665049aa59f06e50e4bd7ac62a96768f7429137db091d3110,reference_layout_only,,否,不适用,[],review_only,仅限人工复核,media,确认资料归属泰昌、内容真实、时效有效、中文展示合规且目标库正确,P006-G005,,needs_customer_confirmation,需要客户确认,,资信库资料,泰昌财务资料历史候选第325页,,不适用,internal,企业内部资料,泰昌商务补充文件,泰昌商务补充文件,mixed_historical_bid,assets/template_words/商务补充文件.docx,325,(三)补充文件/12.其他/12.6.一般纳税人查询截图,"[""泰昌"", ""财务资料"", ""历史标书候选"", ""商务标""]",qualification_library,资信库资料,taichang_only,否,泰昌财务资料历史候选第325页,needs_review,[]
taichang_tenant_internal,"[""补充文件/2.投标人情况/附：国家企业信用信息公示系统（http://www.gsxt.gov.cn）查询的股东（企业或自然人）名称及详细出资情况截图""]","[""商务标""]",False,business,business-media-0003,suppressed_document_page_caption,企业证明材料,0.45,e392b4ea069af61a956088c2803512a2292873c1bb8a5b1b3d2d18a238a803f5,,,new,未发现重复，仍需审核,来源于泰昌商务补充文件，历史位置为“补充文件/2.投标人情况/附：国家企业信用信息公示系统（http://www.gsxt.gov.cn）查询的股东（企业或自然人）名称及详细出资情况截图”。当前仅用于泰昌资料人工复核，未获准进入正式标书。,河北泰昌电力器材科技有限公司,河北泰昌电力器材科技有限公司,,enterprise_evidence,企业证明材料,False,,否,blocked,尚未通过P0-06人工批准,False,延后授权,True,泰昌企业资料,e392b4ea069af61a956088c2803512a2292873c1bb8a5b1b3d2d18a238a803f5,reference_layout_only,,否,不适用,[],restricted,受限资料,media,身份、银行、财务、社保、股权或授权资料必须确认权限和使用范围,P006-G006,,needs_customer_confirmation,需要客户确认,,资信库资料,泰昌企业证明材料历史候选第9页,,否,sensitive,敏感资料,泰昌商务补充文件,泰昌商务补充文件,mixed_historical_bid,assets/template_words/商务补充文件.docx,9,(三)补充文件/2.投标人情况/附：国家企业信用信息公示系统（http://www.gsxt.gov.cn）查询的股东（企业或自然人）名称及详细出资情况截图,"[""泰昌"", ""企业证明材料"", ""历史标书候选"", ""商务标""]",qualification_library,资信库资料,taichang_only,不适用,泰昌企业证明材料历史候选第9页,needs_review,[]
taichang_tenant_internal,"[""补充文件/2.投标人情况/附：股权证明材料""]","[""商务标""]",False,business,business-media-0004,suppressed_document_page_caption,企业证明材料,0.45,27b367b237548fc2949b487117355d11679012cda1505ea66f6124d9fe9db4c6,,,new,未发现重复，仍需审核,来源于泰昌商务补充文件，历史位置为“补充文件/2.投标人情况/附：股权证明材料”。当前仅用于泰昌资料人工复核，未获准进入正式标书。,河北泰昌电力器材科技有限公司,河北泰昌电力器材科技有限公司,,enterprise_evidence,企业证明材料,False,,否,blocked,尚未通过P0-06人工批准,False,核验原始证据,True,泰昌企业资料,27b367b237548fc2949b487117355d11679012cda1505ea66f6124d9fe9db4c6,reference_layout_only,,否,不适用,[],review_only,仅限人工复核,media,确认资料归属泰昌、内容真实、时效有效、中文展示合规且目标库正确,P006-G007,,needs_customer_confirmation,需要客户确认,,资信库资料,泰昌企业证明材料历史候选第11页,,不适用,internal,企业内部资料,泰昌商务补充文件,泰昌商务补充文件,mixed_historical_bid,assets/template_words/商务补充文件.docx,11,(三)补充文件/2.投标人情况/附：股权证明材料,"[""泰昌"", ""企业证明材料"", ""历史标书候选"", ""商务标""]",qualification_library,资信库资料,taichang_only,不适用,泰昌企业证明材料历史候选第11页,needs_review,[]
taichang_tenant_internal,"[""补充文件/3.企业法人营业执照""]","[""商务标""]",False,business,business-media-0005,suppressed_document_page_caption,基础证照,0.85,e0a3ad8d2724c820f73929c352cbd9bc06c46482a9b56ae808eebd41c2f3f0b5,,,new,未发现重复，仍需审核,来源于泰昌商务补充文件，历史位置为“补充文件/3.企业法人营业执照”。当前仅用于泰昌资料人工复核，未获准进入正式标书。,河北泰昌电力器材科技有限公司,河北泰昌电力器材科技有限公司,,business_license,基础证照,False,,否,blocked,尚未通过P0-06人工批准,False,核验原始证据,True,泰昌企业资料,e0a3ad8d2724c820f73929c352cbd9bc06c46482a9b56ae808eebd41c2f3f0b5,reference_layout_only,,否,不适用,[],review_only,仅限人工复核,media,确认资料归属泰昌、内容真实、时效有效、中文展示合规且目标库正确,P006-G008,,needs_customer_confirmation,需要客户确认,,资信库资料,泰昌基础证照历史候选第12页,,不适用,internal,企业内部资料,泰昌商务补充文件,泰昌商务补充文件,mixed_historical_bid,assets/template_words/商务补充文件.docx,12,(三)补充文件/3.企业法人营业执照,"[""泰昌"", ""基础证照"", ""历史标书候选"", ""商务标""]",qualification_library,资信库资料,taichang_only,否,泰昌基础证照历史候选第12页,needs_review,[]
taichang_tenant_internal,"[""补充文件/5.符合招标文件投标人资格要求的证明文件/5.2查询报告及截图/5.2.1.国家企业信用信息公示系统查询结果/（1）营业执照信息查询截图""]","[""商务标""]",False,business,business-media-0009,suppressed_document_page_caption,基础证照,0.85,0cd0b60034d10b7ce5a5507bc5953349d6a3176b49a76e3951dccaaa67becc60,,,new,未发现重复，仍需审核,来源于泰昌商务补充文件，历史位置为“补充文件/5.符合招标文件投标人资格要求的证明文件/5.2查询报告及截图/5.2.1.国家企业信用信息公示系统查询结果/（1）营业执照信息查询截图”。当前仅用于泰昌资料人工复核，未获准进入正式标书。,河北泰昌电力器材科技有限公司,河北泰昌电力器材科技有限公司,,business_license,基础证照,False,,否,blocked,尚未通过P0-06人工批准,False,核验原始证据,True,泰昌企业资料,0cd0b60034d10b7ce5a5507bc5953349d6a3176b49a76e3951dccaaa67becc60,reference_layout_only,,否,不适用,[],review_only,仅限人工复核,media,确认资料归属泰昌、内容真实、时效有效、中文展示合规且目标库正确,P006-G009,,needs_customer_confirmation,需要客户确认,,资信库资料,泰昌基础证照历史候选第15页,,不适用,internal,企业内部资料,泰昌商务补充文件,泰昌商务补充文件,mixed_historical_bid,assets/template_words/商务补充文件.docx,15,(三)补充文件/5.符合招标文件投标人资格要求的证明文件/5.2查询报告及截图/5.2.1.国家企业信用信息公示系统查询结果/（1）营业执照信息查询截图,"[""泰昌"", ""基础证照"", ""历史标书候选"", ""商务标""]",qualification_library,资信库资料,taichang_only,否,泰昌基础证照历史候选第15页,needs_review,[]
taichang_tenant_internal,"[""补充文件/5.符合招标文件投标人资格要求的证明文件/5.2查询报告及截图/5.2.1.国家企业信用信息公示系统查询结果/（2）清算信息查询截图""]","[""商务标""]",False,business,business-media-0010,suppressed_document_page_caption,企业证明材料,0.45,60aef5ff73ee0ab53d8aa93d543dfe9ecdfa82e2c7cdf58ff0f48d8fe61a8e22,,,new,未发现重复，仍需审核,来源于泰昌商务补充文件，历史位置为“补充文件/5.符合招标文件投标人资格要求的证明文件/5.2查询报告及截图/5.2.1.国家企业信用信息公示系统查询结果/（2）清算信息查询截图”。当前仅用于泰昌资料人工复核，未获准进入正式标书。,河北泰昌电力器材科技有限公司,河北泰昌电力器材科技有限公司,,enterprise_evidence,企业证明材料,False,,否,blocked,尚未通过P0-06人工批准,False,核验原始证据,True,泰昌企业资料,60aef5ff73ee0ab53d8aa93d543dfe9ecdfa82e2c7cdf58ff0f48d8fe61a8e22,reference_layout_only,,否,不适用,[],review_only,仅限人工复核,media,确认资料归属泰昌、内容真实、时效有效、中文展示合规且目标库正确,P006-G010,,needs_customer_confirmation,需要客户确认,,资信库资料,泰昌企业证明材料历史候选第15页,,不适用,internal,企业内部资料,泰昌商务补充文件,泰昌商务补充文件,mixed_historical_bid,assets/template_words/商务补充文件.docx,15,(三)补充文件/5.符合招标文件投标人资格要求的证明文件/5.2查询报告及截图/5.2.1.国家企业信用信息公示系统查询结果/（2）清算信息查询截图,"[""泰昌"", ""企业证明材料"", ""历史标书候选"", ""商务标""]",qualification_library,资信库资料,taichang_only,不适用,泰昌企业证明材料历史候选第15页,needs_review,[]
taichang_tenant_internal,"[""补充文件/5.符合招标文件投标人资格要求的证明文件/5.2查询报告及截图/5.2.1.国家企业信用信息公示系统查询结果/（3）行政处罚信息查询截图""]","[""商务标""]",False,business,business-media-0011,suppressed_document_page_caption,企业证明材料,0.45,e027fba8f8f16581c0135615a1a51390cbcd55baec3d547cb93d4eeb928a745f,,,new,未发现重复，仍需审核,来源于泰昌商务补充文件，历史位置为“补充文件/5.符合招标文件投标人资格要求的证明文件/5.2查询报告及截图/5.2.1.国家企业信用信息公示系统查询结果/（3）行政处罚信息查询截图”。当前仅用于泰昌资料人工复核，未获准进入正式标书。,河北泰昌电力器材科技有限公司,河北泰昌电力器材科技有限公司,,enterprise_evidence,企业证明材料,False,,否,blocked,尚未通过P0-06人工批准,False,核验原始证据,True,泰昌企业资料,e027fba8f8f16581c0135615a1a51390cbcd55baec3d547cb93d4eeb928a745f,reference_layout_only,,否,不适用,[],review_only,仅限人工复核,media,确认资料归属泰昌、内容真实、时效有效、中文展示合规且目标库正确,P006-G011,,needs_customer_confirmation,需要客户确认,,资信库资料,泰昌企业证明材料历史候选第17页,,不适用,internal,企业内部资料,泰昌商务补充文件,泰昌商务补充文件,mixed_historical_bid,assets/template_words/商务补充文件.docx,17,(三)补充文件/5.符合招标文件投标人资格要求的证明文件/5.2查询报告及截图/5.2.1.国家企业信用信息公示系统查询结果/（3）行政处罚信息查询截图,"[""泰昌"", ""企业证明材料"", ""历史标书候选"", ""商务标""]",qualification_library,资信库资料,taichang_only,不适用,泰昌企业证明材料历史候选第17页,needs_review,[]
taichang_tenant_internal,"[""补充文件/5.符合招标文件投标人资格要求的证明文件/5.2查询报告及截图/5.2.1.国家企业信用信息公示系统查询结果/（4）纳入经营异常名录信息查询截图""]","[""商务标""]",False,business,business-media-0012,suppressed_document_page_caption,企业证明材料,0.45,f5ca248d5140064fe1eba652f1a8a8af2f8cdc7bd7dc95d32027e84d7050e9cc,,,new,未发现重复，仍需审核,来源于泰昌商务补充文件，历史位置为“补充文件/5.符合招标文件投标人资格要求的证明文件/5.2查询报告及截图/5.2.1.国家企业信用信息公示系统查询结果/（4）纳入经营异常名录信息查询截图”。当前仅用于泰昌资料人工复核，未获准进入正式标书。,河北泰昌电力器材科技有限公司,河北泰昌电力器材科技有限公司,,enterprise_evidence,企业证明材料,False,,否,blocked,尚未通过P0-06人工批准,False,核验原始证据,True,泰昌企业资料,f5ca248d5140064fe1eba652f1a8a8af2f8cdc7bd7dc95d32027e84d7050e9cc,reference_layout_only,,否,不适用,[],review_only,仅限人工复核,media,确认资料归属泰昌、内容真实、时效有效、中文展示合规且目标库正确,P006-G012,,needs_customer_confirmation,需要客户确认,,资信库资料,泰昌企业证明材料历史候选第16页,,不适用,internal,企业内部资料,泰昌商务补充文件,泰昌商务补充文件,mixed_historical_bid,assets/template_words/商务补充文件.docx,16,(三)补充文件/5.符合招标文件投标人资格要求的证明文件/5.2查询报告及截图/5.2.1.国家企业信用信息公示系统查询结果/（4）纳入经营异常名录信息查询截图,"[""泰昌"", ""企业证明材料"", ""历史标书候选"", ""商务标""]",qualification_library,资信库资料,taichang_only,不适用,泰昌企业证明材料历史候选第16页,needs_review,[]
taichang_tenant_internal,"[""补充文件/5.符合招标文件投标人资格要求的证明文件/5.2查询报告及截图/5.2.1.国家企业信用信息公示系统查询结果/（5）纳入严重违反失信企业名单（黑名单）信息查询截图""]","[""商务标""]",False,business,business-media-0013,suppressed_document_page_caption,企业证明材料,0.45,354c64b4357a21482463e76f5a616e2843a121ae10ae4298c4490befbb1e19e3,,,new,未发现重复，仍需审核,来源于泰昌商务补充文件，历史位置为“补充文件/5.符合招标文件投标人资格要求的证明文件/5.2查询报告及截图/5.2.1.国家企业信用信息公示系统查询结果/（5）纳入严重违反失信企业名单（黑名单）信息查询截图”。当前仅用于泰昌资料人工复核，未获准进入正式标书。,河北泰昌电力器材科技有限公司,河北泰昌电力器材科技有限公司,,enterprise_evidence,企业证明材料,False,,否,blocked,尚未通过P0-06人工批准,False,核验原始证据,True,泰昌企业资料,354c64b4357a21482463e76f5a616e2843a121ae10ae4298c4490befbb1e19e3,reference_layout_only,,否,不适用,[],review_only,仅限人工复核,media,确认资料归属泰昌、内容真实、时效有效、中文展示合规且目标库正确,P006-G013,,needs_customer_confirmation,需要客户确认,,资信库资料,泰昌企业证明材料历史候选第18页,,不适用,internal,企业内部资料,泰昌商务补充文件,泰昌商务补充文件,mixed_historical_bid,assets/template_words/商务补充文件.docx,18,(三)补充文件/5.符合招标文件投标人资格要求的证明文件/5.2查询报告及截图/5.2.1.国家企业信用信息公示系统查询结果/（5）纳入严重违反失信企业名单（黑名单）信息查询截图,"[""泰昌"", ""企业证明材料"", ""历史标书候选"", ""商务标""]",qualification_library,资信库资料,taichang_only,不适用,泰昌企业证明材料历史候选第18页,needs_review,[]
taichang_tenant_internal,"[""补充文件/5.符合招标文件投标人资格要求的证明文件/5.2查询报告及截图/5.2.1.国家企业信用信息公示系统查询结果/（6）股东及出资信息查询截图""]","[""商务标""]",False,business,business-media-0014,suppressed_document_page_caption,企业证明材料,0.45,895fb6bc11a294f4011761285004609400c1b582807b46edad3daddc0d9cee8c,,,new,未发现重复，仍需审核,来源于泰昌商务补充文件，历史位置为“补充文件/5.符合招标文件投标人资格要求的证明文件/5.2查询报告及截图/5.2.1.国家企业信用信息公示系统查询结果/（6）股东及出资信息查询截图”。当前仅用于泰昌资料人工复核，未获准进入正式标书。,河北泰昌电力器材科技有限公司,河北泰昌电力器材科技有限公司,,enterprise_evidence,企业证明材料,False,,否,blocked,尚未通过P0-06人工批准,False,延后授权,True,泰昌企业资料,895fb6bc11a294f4011761285004609400c1b582807b46edad3daddc0d9cee8c,reference_layout_only,,否,不适用,[],restricted,受限资料,media,身份、银行、财务、社保、股权或授权资料必须确认权限和使用范围,P006-G014,,needs_customer_confirmation,需要客户确认,,资信库资料,泰昌企业证明材料历史候选第19页,,否,sensitive,敏感资料,泰昌商务补充文件,泰昌商务补充文件,mixed_historical_bid,assets/template_words/商务补充文件.docx,19,(三)补充文件/5.符合招标文件投标人资格要求的证明文件/5.2查询报告及截图/5.2.1.国家企业信用信息公示系统查询结果/（6）股东及出资信息查询截图,"[""泰昌"", ""企业证明材料"", ""历史标书候选"", ""商务标""]",qualification_library,资信库资料,taichang_only,不适用,泰昌企业证明材料历史候选第19页,needs_review,[]
taichang_tenant_internal,"[""补充文件/5.符合招标文件投标人资格要求的证明文件/5.2查询报告及截图/5.2.1.国家企业信用信息公示系统查询结果/（6）股东及出资信息查询截图""]","[""商务标""]",False,business,business-media-0015,suppressed_document_page_caption,企业证明材料,0.45,e52f2066d22a628bfbd8be188512a43f5790fdb40422e194fd620d90699352ed,,,new,未发现重复，仍需审核,来源于泰昌商务补充文件，历史位置为“补充文件/5.符合招标文件投标人资格要求的证明文件/5.2查询报告及截图/5.2.1.国家企业信用信息公示系统查询结果/（6）股东及出资信息查询截图”。当前仅用于泰昌资料人工复核，未获准进入正式标书。,河北泰昌电力器材科技有限公司,河北泰昌电力器材科技有限公司,,enterprise_evidence,企业证明材料,False,,否,blocked,尚未通过P0-06人工批准,False,延后授权,True,泰昌企业资料,e52f2066d22a628bfbd8be188512a43f5790fdb40422e194fd620d90699352ed,reference_layout_only,,否,不适用,[],restricted,受限资料,media,身份、银行、财务、社保、股权或授权资料必须确认权限和使用范围,P006-G014,,needs_customer_confirmation,需要客户确认,,资信库资料,泰昌企业证明材料历史候选第19页,,否,sensitive,敏感资料,泰昌商务补充文件,泰昌商务补充文件,mixed_historical_bid,assets/template_words/商务补充文件.docx,19,(三)补充文件/5.符合招标文件投标人资格要求的证明文件/5.2查询报告及截图/5.2.1.国家企业信用信息公示系统查询结果/（6）股东及出资信息查询截图,"[""泰昌"", ""企业证明材料"", ""历史标书候选"", ""商务标""]",qualification_library,资信库资料,taichang_only,不适用,泰昌企业证明材料历史候选第19页,needs_review,[]
taichang_tenant_internal,"[""补充文件/5.符合招标文件投标人资格要求的证明文件/5.2查询报告及截图/5.2.1.国家企业信用信息公示系统查询结果/（6）股东及出资信息查询截图""]","[""商务标""]",False,business,business-media-0016,suppressed_document_page_caption,企业证明材料,0.45,23ed77d5a17474c3b69c7c73e4ce99319d2c6c85cac90914d844c6b96541f331,,,new,未发现重复，仍需审核,来源于泰昌商务补充文件，历史位置为“补充文件/5.符合招标文件投标人资格要求的证明文件/5.2查询报告及截图/5.2.1.国家企业信用信息公示系统查询结果/（6）股东及出资信息查询截图”。当前仅用于泰昌资料人工复核，未获准进入正式标书。,河北泰昌电力器材科技有限公司,河北泰昌电力器材科技有限公司,,enterprise_evidence,企业证明材料,False,,否,blocked,尚未通过P0-06人工批准,False,延后授权,True,泰昌企业资料,23ed77d5a17474c3b69c7c73e4ce99319d2c6c85cac90914d844c6b96541f331,reference_layout_only,,否,不适用,[],restricted,受限资料,media,身份、银行、财务、社保、股权或授权资料必须确认权限和使用范围,P006-G014,,needs_customer_confirmation,需要客户确认,,资信库资料,泰昌企业证明材料历史候选第19页,,否,sensitive,敏感资料,泰昌商务补充文件,泰昌商务补充文件,mixed_historical_bid,assets/template_words/商务补充文件.docx,19,(三)补充文件/5.符合招标文件投标人资格要求的证明文件/5.2查询报告及截图/5.2.1.国家企业信用信息公示系统查询结果/（6）股东及出资信息查询截图,"[""泰昌"", ""企业证明材料"", ""历史标书候选"", ""商务标""]",qualification_library,资信库资料,taichang_only,不适用,泰昌企业证明材料历史候选第19页,needs_review,[]
taichang_tenant_internal,"[""补充文件/5.符合招标文件投标人资格要求的证明文件/5.2查询报告及截图/5.2.1.国家企业信用信息公示系统查询结果/（7）国家企业信用信息公示系统查询截图""]","[""商务标""]",False,business,business-media-0017,suppressed_document_page_caption,企业证明材料,0.45,3be56f99f8eaffcf58057a120166ae497577aa3a9c6fc8c626fb2255a9dac2e6,,,new,未发现重复，仍需审核,来源于泰昌商务补充文件，历史位置为“补充文件/5.符合招标文件投标人资格要求的证明文件/5.2查询报告及截图/5.2.1.国家企业信用信息公示系统查询结果/（7）国家企业信用信息公示系统查询截图”。当前仅用于泰昌资料人工复核，未获准进入正式标书。,河北泰昌电力器材科技有限公司,河北泰昌电力器材科技有限公司,,enterprise_evidence,企业证明材料,False,,否,blocked,尚未通过P0-06人工批准,False,核验原始证据,True,泰昌企业资料,3be56f99f8eaffcf58057a120166ae497577aa3a9c6fc8c626fb2255a9dac2e6,reference_layout_only,,否,不适用,[],review_only,仅限人工复核,media,确认资料归属泰昌、内容真实、时效有效、中文展示合规且目标库正确,P006-G015,,needs_customer_confirmation,需要客户确认,,资信库资料,泰昌企业证明材料历史候选第20页,,不适用,internal,企业内部资料,泰昌商务补充文件,泰昌商务补充文件,mixed_historical_bid,assets/template_words/商务补充文件.docx,20,(三)补充文件/5.符合招标文件投标人资格要求的证明文件/5.2查询报告及截图/5.2.1.国家企业信用信息公示系统查询结果/（7）国家企业信用信息公示系统查询截图,"[""泰昌"", ""企业证明材料"", ""历史标书候选"", ""商务标""]",qualification_library,资信库资料,taichang_only,不适用,泰昌企业证明材料历史候选第20页,needs_review,[]
taichang_tenant_internal,"[""补充文件/5.符合招标文件投标人资格要求的证明文件/5.2查询报告及截图/5.2.1.国家企业信用信息公示系统查询结果/（7）国家企业信用信息公示系统查询截图""]","[""商务标""]",False,business,business-media-0018,suppressed_document_page_caption,企业证明材料,0.45,f0cc2d8225a2ed233543e0541586ed0155bc80a0a534a40b1a190814fd6fd2cd,,,new,未发现重复，仍需审核,来源于泰昌商务补充文件，历史位置为“补充文件/5.符合招标文件投标人资格要求的证明文件/5.2查询报告及截图/5.2.1.国家企业信用信息公示系统查询结果/（7）国家企业信用信息公示系统查询截图”。当前仅用于泰昌资料人工复核，未获准进入正式标书。,河北泰昌电力器材科技有限公司,河北泰昌电力器材科技有限公司,,enterprise_evidence,企业证明材料,False,,否,blocked,尚未通过P0-06人工批准,False,核验原始证据,True,泰昌企业资料,f0cc2d8225a2ed233543e0541586ed0155bc80a0a534a40b1a190814fd6fd2cd,reference_layout_only,,否,不适用,[],review_only,仅限人工复核,media,确认资料归属泰昌、内容真实、时效有效、中文展示合规且目标库正确,P006-G015,,needs_customer_confirmation,需要客户确认,,资信库资料,泰昌企业证明材料历史候选第20页,,不适用,internal,企业内部资料,泰昌商务补充文件,泰昌商务补充文件,mixed_historical_bid,assets/template_words/商务补充文件.docx,20,(三)补充文件/5.符合招标文件投标人资格要求的证明文件/5.2查询报告及截图/5.2.1.国家企业信用信息公示系统查询结果/（7）国家企业信用信息公示系统查询截图,"[""泰昌"", ""企业证明材料"", ""历史标书候选"", ""商务标""]",qualification_library,资信库资料,taichang_only,不适用,泰昌企业证明材料历史候选第20页,needs_review,[]
taichang_tenant_internal,"[""补充文件/5.符合招标文件投标人资格要求的证明文件/5.2查询报告及截图/5.2.1.国家企业信用信息公示系统查询结果/（7）国家企业信用信息公示系统查询截图""]","[""商务标""]",False,business,business-media-0019,suppressed_document_page_caption,企业证明材料,0.45,29bd13281b87c68ffe8d69a12cbeeafc0c99abf8dd4b047eefd0c06557d901d3,,,new,未发现重复，仍需审核,来源于泰昌商务补充文件，历史位置为“补充文件/5.符合招标文件投标人资格要求的证明文件/5.2查询报告及截图/5.2.1.国家企业信用信息公示系统查询结果/（7）国家企业信用信息公示系统查询截图”。当前仅用于泰昌资料人工复核，未获准进入正式标书。,河北泰昌电力器材科技有限公司,河北泰昌电力器材科技有限公司,,enterprise_evidence,企业证明材料,False,,否,blocked,尚未通过P0-06人工批准,False,核验原始证据,True,泰昌企业资料,29bd13281b87c68ffe8d69a12cbeeafc0c99abf8dd4b047eefd0c06557d901d3,reference_layout_only,,否,不适用,[],review_only,仅限人工复核,media,确认资料归属泰昌、内容真实、时效有效、中文展示合规且目标库正确,P006-G015,,needs_customer_confirmation,需要客户确认,,资信库资料,泰昌企业证明材料历史候选第20页,,不适用,internal,企业内部资料,泰昌商务补充文件,泰昌商务补充文件,mixed_historical_bid,assets/template_words/商务补充文件.docx,20,(三)补充文件/5.符合招标文件投标人资格要求的证明文件/5.2查询报告及截图/5.2.1.国家企业信用信息公示系统查询结果/（7）国家企业信用信息公示系统查询截图,"[""泰昌"", ""企业证明材料"", ""历史标书候选"", ""商务标""]",qualification_library,资信库资料,taichang_only,不适用,泰昌企业证明材料历史候选第20页,needs_review,[]
taichang_tenant_internal,"[""补充文件/5.符合招标文件投标人资格要求的证明文件/5.2查询报告及截图/5.2.1.国家企业信用信息公示系统查询结果/（7）国家企业信用信息公示系统查询截图""]","[""商务标""]",False,business,business-media-0020,suppressed_document_page_caption,企业证明材料,0.45,6cce7a534f5adde0b286c976ad1fc3244ad71346839bb2cff498ad0529e3a5ae,,,new,未发现重复，仍需审核,来源于泰昌商务补充文件，历史位置为“补充文件/5.符合招标文件投标人资格要求的证明文件/5.2查询报告及截图/5.2.1.国家企业信用信息公示系统查询结果/（7）国家企业信用信息公示系统查询截图”。当前仅用于泰昌资料人工复核，未获准进入正式标书。,河北泰昌电力器材科技有限公司,河北泰昌电力器材科技有限公司,,enterprise_evidence,企业证明材料,False,,否,blocked,尚未通过P0-06人工批准,False,核验原始证据,True,泰昌企业资料,6cce7a534f5adde0b286c976ad1fc3244ad71346839bb2cff498ad0529e3a5ae,reference_layout_only,,否,不适用,[],review_only,仅限人工复核,media,确认资料归属泰昌、内容真实、时效有效、中文展示合规且目标库正确,P006-G015,,needs_customer_confirmation,需要客户确认,,资信库资料,泰昌企业证明材料历史候选第20页,,不适用,internal,企业内部资料,泰昌商务补充文件,泰昌商务补充文件,mixed_historical_bid,assets/template_words/商务补充文件.docx,20,(三)补充文件/5.符合招标文件投标人资格要求的证明文件/5.2查询报告及截图/5.2.1.国家企业信用信息公示系统查询结果/（7）国家企业信用信息公示系统查询截图,"[""泰昌"", ""企业证明材料"", ""历史标书候选"", ""商务标""]",qualification_library,资信库资料,taichang_only,不适用,泰昌企业证明材料历史候选第20页,needs_review,[]
taichang_tenant_internal,"[""补充文件/5.符合招标文件投标人资格要求的证明文件/5.2查询报告及截图/5.2.1.国家企业信用信息公示系统查询结果/（7）国家企业信用信息公示系统查询截图""]","[""商务标""]",False,business,business-media-0021,suppressed_document_page_caption,企业证明材料,0.45,07038e453dfc10b2b091cc1767a0df2feb7e38827c7fd53c3be4b59edb0661b3,,,new,未发现重复，仍需审核,来源于泰昌商务补充文件，历史位置为“补充文件/5.符合招标文件投标人资格要求的证明文件/5.2查询报告及截图/5.2.1.国家企业信用信息公示系统查询结果/（7）国家企业信用信息公示系统查询截图”。当前仅用于泰昌资料人工复核，未获准进入正式标书。,河北泰昌电力器材科技有限公司,河北泰昌电力器材科技有限公司,,enterprise_evidence,企业证明材料,False,,否,blocked,尚未通过P0-06人工批准,False,核验原始证据,True,泰昌企业资料,07038e453dfc10b2b091cc1767a0df2feb7e38827c7fd53c3be4b59edb0661b3,reference_layout_only,,否,不适用,[],review_only,仅限人工复核,media,确认资料归属泰昌、内容真实、时效有效、中文展示合规且目标库正确,P006-G015,,needs_customer_confirmation,需要客户确认,,资信库资料,泰昌企业证明材料历史候选第20页,,不适用,internal,企业内部资料,泰昌商务补充文件,泰昌商务补充文件,mixed_historical_bid,assets/template_words/商务补充文件.docx,20,(三)补充文件/5.符合招标文件投标人资格要求的证明文件/5.2查询报告及截图/5.2.1.国家企业信用信息公示系统查询结果/（7）国家企业信用信息公示系统查询截图,"[""泰昌"", ""企业证明材料"", ""历史标书候选"", ""商务标""]",qualification_library,资信库资料,taichang_only,不适用,泰昌企业证明材料历史候选第20页,needs_review,[]
taichang_tenant_internal,"[""补充文件/5.符合招标文件投标人资格要求的证明文件/5.2查询报告及截图/5.2.1.国家企业信用信息公示系统查询结果/（7）国家企业信用信息公示系统查询截图""]","[""商务标""]",False,business,business-media-0022,suppressed_document_page_caption,企业证明材料,0.45,c004c0c154d57516f1ac3627704680b7ac871e2ae93e8db0b70098d8b6b44477,,,new,未发现重复，仍需审核,来源于泰昌商务补充文件，历史位置为“补充文件/5.符合招标文件投标人资格要求的证明文件/5.2查询报告及截图/5.2.1.国家企业信用信息公示系统查询结果/（7）国家企业信用信息公示系统查询截图”。当前仅用于泰昌资料人工复核，未获准进入正式标书。,河北泰昌电力器材科技有限公司,河北泰昌电力器材科技有限公司,,enterprise_evidence,企业证明材料,False,,否,blocked,尚未通过P0-06人工批准,False,核验原始证据,True,泰昌企业资料,c004c0c154d57516f1ac3627704680b7ac871e2ae93e8db0b70098d8b6b44477,reference_layout_only,,否,不适用,[],review_only,仅限人工复核,media,确认资料归属泰昌、内容真实、时效有效、中文展示合规且目标库正确,P006-G015,,needs_customer_confirmation,需要客户确认,,资信库资料,泰昌企业证明材料历史候选第20页,,不适用,internal,企业内部资料,泰昌商务补充文件,泰昌商务补充文件,mixed_historical_bid,assets/template_words/商务补充文件.docx,20,(三)补充文件/5.符合招标文件投标人资格要求的证明文件/5.2查询报告及截图/5.2.1.国家企业信用信息公示系统查询结果/（7）国家企业信用信息公示系统查询截图,"[""泰昌"", ""企业证明材料"", ""历史标书候选"", ""商务标""]",qualification_library,资信库资料,taichang_only,不适用,泰昌企业证明材料历史候选第20页,needs_review,[]
taichang_tenant_internal,"[""补充文件/5.符合招标文件投标人资格要求的证明文件/5.2查询报告及截图/5.2.1.国家企业信用信息公示系统查询结果/（7）国家企业信用信息公示系统查询截图""]","[""商务标""]",False,business,business-media-0023,suppressed_document_page_caption,企业证明材料,0.45,862533b4e41735c9a9987b8931c4d50e307700164e6330c12c964034352422ef,,,new,未发现重复，仍需审核,来源于泰昌商务补充文件，历史位置为“补充文件/5.符合招标文件投标人资格要求的证明文件/5.2查询报告及截图/5.2.1.国家企业信用信息公示系统查询结果/（7）国家企业信用信息公示系统查询截图”。当前仅用于泰昌资料人工复核，未获准进入正式标书。,河北泰昌电力器材科技有限公司,河北泰昌电力器材科技有限公司,,enterprise_evidence,企业证明材料,False,,否,blocked,尚未通过P0-06人工批准,False,核验原始证据,True,泰昌企业资料,862533b4e41735c9a9987b8931c4d50e307700164e6330c12c964034352422ef,reference_layout_only,,否,不适用,[],review_only,仅限人工复核,media,确认资料归属泰昌、内容真实、时效有效、中文展示合规且目标库正确,P006-G015,,needs_customer_confirmation,需要客户确认,,资信库资料,泰昌企业证明材料历史候选第20页,,不适用,internal,企业内部资料,泰昌商务补充文件,泰昌商务补充文件,mixed_historical_bid,assets/template_words/商务补充文件.docx,20,(三)补充文件/5.符合招标文件投标人资格要求的证明文件/5.2查询报告及截图/5.2.1.国家企业信用信息公示系统查询结果/（7）国家企业信用信息公示系统查询截图,"[""泰昌"", ""企业证明材料"", ""历史标书候选"", ""商务标""]",qualification_library,资信库资料,taichang_only,不适用,泰昌企业证明材料历史候选第20页,needs_review,[]
taichang_tenant_internal,"[""补充文件/5.符合招标文件投标人资格要求的证明文件/5.2查询报告及截图/5.2.1.国家企业信用信息公示系统查询结果/（7）国家企业信用信息公示系统查询截图""]","[""商务标""]",False,business,business-media-0024,suppressed_document_page_caption,企业证明材料,0.45,79f7564f1713c6c9adfab22a10ed243ceffb160518c02f041e545385e994282d,,,new,未发现重复，仍需审核,来源于泰昌商务补充文件，历史位置为“补充文件/5.符合招标文件投标人资格要求的证明文件/5.2查询报告及截图/5.2.1.国家企业信用信息公示系统查询结果/（7）国家企业信用信息公示系统查询截图”。当前仅用于泰昌资料人工复核，未获准进入正式标书。,河北泰昌电力器材科技有限公司,河北泰昌电力器材科技有限公司,,enterprise_evidence,企业证明材料,False,,否,blocked,尚未通过P0-06人工批准,False,核验原始证据,True,泰昌企业资料,79f7564f1713c6c9adfab22a10ed243ceffb160518c02f041e545385e994282d,reference_layout_only,,否,不适用,[],review_only,仅限人工复核,media,确认资料归属泰昌、内容真实、时效有效、中文展示合规且目标库正确,P006-G015,,needs_customer_confirmation,需要客户确认,,资信库资料,泰昌企业证明材料历史候选第20页,,不适用,internal,企业内部资料,泰昌商务补充文件,泰昌商务补充文件,mixed_historical_bid,assets/template_words/商务补充文件.docx,20,(三)补充文件/5.符合招标文件投标人资格要求的证明文件/5.2查询报告及截图/5.2.1.国家企业信用信息公示系统查询结果/（7）国家企业信用信息公示系统查询截图,"[""泰昌"", ""企业证明材料"", ""历史标书候选"", ""商务标""]",qualification_library,资信库资料,taichang_only,不适用,泰昌企业证明材料历史候选第20页,needs_review,[]
taichang_tenant_internal,"[""补充文件/5.符合招标文件投标人资格要求的证明文件/5.2查询报告及截图/5.2.1.国家企业信用信息公示系统查询结果/（7）国家企业信用信息公示系统查询截图""]","[""商务标""]",False,business,business-media-0025,suppressed_document_page_caption,企业证明材料,0.45,8103b162b7b50ed92acd7da4e5bae5fa31e6251e00db06ba985248d227a00e83,,,new,未发现重复，仍需审核,来源于泰昌商务补充文件，历史位置为“补充文件/5.符合招标文件投标人资格要求的证明文件/5.2查询报告及截图/5.2.1.国家企业信用信息公示系统查询结果/（7）国家企业信用信息公示系统查询截图”。当前仅用于泰昌资料人工复核，未获准进入正式标书。,河北泰昌电力器材科技有限公司,河北泰昌电力器材科技有限公司,,enterprise_evidence,企业证明材料,False,,否,blocked,尚未通过P0-06人工批准,False,核验原始证据,True,泰昌企业资料,8103b162b7b50ed92acd7da4e5bae5fa31e6251e00db06ba985248d227a00e83,reference_layout_only,,否,不适用,[],review_only,仅限人工复核,media,确认资料归属泰昌、内容真实、时效有效、中文展示合规且目标库正确,P006-G015,,needs_customer_confirmation,需要客户确认,,资信库资料,泰昌企业证明材料历史候选第20页,,不适用,internal,企业内部资料,泰昌商务补充文件,泰昌商务补充文件,mixed_historical_bid,assets/template_words/商务补充文件.docx,20,(三)补充文件/5.符合招标文件投标人资格要求的证明文件/5.2查询报告及截图/5.2.1.国家企业信用信息公示系统查询结果/（7）国家企业信用信息公示系统查询截图,"[""泰昌"", ""企业证明材料"", ""历史标书候选"", ""商务标""]",qualification_library,资信库资料,taichang_only,不适用,泰昌企业证明材料历史候选第20页,needs_review,[]
taichang_tenant_internal,"[""补充文件/5.符合招标文件投标人资格要求的证明文件/5.2查询报告及截图/5.2.1.国家企业信用信息公示系统查询结果/（7）国家企业信用信息公示系统查询截图""]","[""商务标""]",False,business,business-media-0026,suppressed_document_page_caption,企业证明材料,0.45,90e7c3ece03236eefba740c2514346c8cd6f36f6036b00b9d72414cabab98efd,,,new,未发现重复，仍需审核,来源于泰昌商务补充文件，历史位置为“补充文件/5.符合招标文件投标人资格要求的证明文件/5.2查询报告及截图/5.2.1.国家企业信用信息公示系统查询结果/（7）国家企业信用信息公示系统查询截图”。当前仅用于泰昌资料人工复核，未获准进入正式标书。,河北泰昌电力器材科技有限公司,河北泰昌电力器材科技有限公司,,enterprise_evidence,企业证明材料,False,,否,blocked,尚未通过P0-06人工批准,False,核验原始证据,True,泰昌企业资料,90e7c3ece03236eefba740c2514346c8cd6f36f6036b00b9d72414cabab98efd,reference_layout_only,,否,不适用,[],review_only,仅限人工复核,media,确认资料归属泰昌、内容真实、时效有效、中文展示合规且目标库正确,P006-G015,,needs_customer_confirmation,需要客户确认,,资信库资料,泰昌企业证明材料历史候选第20页,,不适用,internal,企业内部资料,泰昌商务补充文件,泰昌商务补充文件,mixed_historical_bid,assets/template_words/商务补充文件.docx,20,(三)补充文件/5.符合招标文件投标人资格要求的证明文件/5.2查询报告及截图/5.2.1.国家企业信用信息公示系统查询结果/（7）国家企业信用信息公示系统查询截图,"[""泰昌"", ""企业证明材料"", ""历史标书候选"", ""商务标""]",qualification_library,资信库资料,taichang_only,不适用,泰昌企业证明材料历史候选第20页,needs_review,[]
taichang_tenant_internal,"[""补充文件/5.符合招标文件投标人资格要求的证明文件/5.2查询报告及截图/5.2.1.国家企业信用信息公示系统查询结果/（7）国家企业信用信息公示系统查询截图""]","[""商务标""]",False,business,business-media-0027,suppressed_document_page_caption,企业证明材料,0.45,938c42e1f38734d0bef40466eecff6b0eb72a50d2e16b13647da165922564d22,,,new,未发现重复，仍需审核,来源于泰昌商务补充文件，历史位置为“补充文件/5.符合招标文件投标人资格要求的证明文件/5.2查询报告及截图/5.2.1.国家企业信用信息公示系统查询结果/（7）国家企业信用信息公示系统查询截图”。当前仅用于泰昌资料人工复核，未获准进入正式标书。,河北泰昌电力器材科技有限公司,河北泰昌电力器材科技有限公司,,enterprise_evidence,企业证明材料,False,,否,blocked,尚未通过P0-06人工批准,False,核验原始证据,True,泰昌企业资料,938c42e1f38734d0bef40466eecff6b0eb72a50d2e16b13647da165922564d22,reference_layout_only,,否,不适用,[],review_only,仅限人工复核,media,确认资料归属泰昌、内容真实、时效有效、中文展示合规且目标库正确,P006-G015,,needs_customer_confirmation,需要客户确认,,资信库资料,泰昌企业证明材料历史候选第20页,,不适用,internal,企业内部资料,泰昌商务补充文件,泰昌商务补充文件,mixed_historical_bid,assets/template_words/商务补充文件.docx,20,(三)补充文件/5.符合招标文件投标人资格要求的证明文件/5.2查询报告及截图/5.2.1.国家企业信用信息公示系统查询结果/（7）国家企业信用信息公示系统查询截图,"[""泰昌"", ""企业证明材料"", ""历史标书候选"", ""商务标""]",qualification_library,资信库资料,taichang_only,不适用,泰昌企业证明材料历史候选第20页,needs_review,[]
taichang_tenant_internal,"[""补充文件/5.符合招标文件投标人资格要求的证明文件/5.2查询报告及截图/5.2.1.国家企业信用信息公示系统查询结果/（7）国家企业信用信息公示系统查询截图""]","[""商务标""]",False,business,business-media-0028,suppressed_document_page_caption,企业证明材料,0.45,b734e5ee2440479d5c9f47ac55bfafa008a9b9f17fa538194b6e1b0eff9e42c7,,,new,未发现重复，仍需审核,来源于泰昌商务补充文件，历史位置为“补充文件/5.符合招标文件投标人资格要求的证明文件/5.2查询报告及截图/5.2.1.国家企业信用信息公示系统查询结果/（7）国家企业信用信息公示系统查询截图”。当前仅用于泰昌资料人工复核，未获准进入正式标书。,河北泰昌电力器材科技有限公司,河北泰昌电力器材科技有限公司,,enterprise_evidence,企业证明材料,False,,否,blocked,尚未通过P0-06人工批准,False,核验原始证据,True,泰昌企业资料,b734e5ee2440479d5c9f47ac55bfafa008a9b9f17fa538194b6e1b0eff9e42c7,reference_layout_only,,否,不适用,[],review_only,仅限人工复核,media,确认资料归属泰昌、内容真实、时效有效、中文展示合规且目标库正确,P006-G015,,needs_customer_confirmation,需要客户确认,,资信库资料,泰昌企业证明材料历史候选第20页,,不适用,internal,企业内部资料,泰昌商务补充文件,泰昌商务补充文件,mixed_historical_bid,assets/template_words/商务补充文件.docx,20,(三)补充文件/5.符合招标文件投标人资格要求的证明文件/5.2查询报告及截图/5.2.1.国家企业信用信息公示系统查询结果/（7）国家企业信用信息公示系统查询截图,"[""泰昌"", ""企业证明材料"", ""历史标书候选"", ""商务标""]",qualification_library,资信库资料,taichang_only,不适用,泰昌企业证明材料历史候选第20页,needs_review,[]
taichang_tenant_internal,"[""补充文件/5.符合招标文件投标人资格要求的证明文件/5.2查询报告及截图/5.2.1.国家企业信用信息公示系统查询结果/（7）国家企业信用信息公示系统查询截图""]","[""商务标""]",False,business,business-media-0029,suppressed_document_page_caption,企业证明材料,0.45,ccaac18ee92c6c2b7ac4de9947a7b9ec2dd37372cbab906a7949ae2e6efabf7c,,,new,未发现重复，仍需审核,来源于泰昌商务补充文件，历史位置为“补充文件/5.符合招标文件投标人资格要求的证明文件/5.2查询报告及截图/5.2.1.国家企业信用信息公示系统查询结果/（7）国家企业信用信息公示系统查询截图”。当前仅用于泰昌资料人工复核，未获准进入正式标书。,河北泰昌电力器材科技有限公司,河北泰昌电力器材科技有限公司,,enterprise_evidence,企业证明材料,False,,否,blocked,尚未通过P0-06人工批准,False,核验原始证据,True,泰昌企业资料,ccaac18ee92c6c2b7ac4de9947a7b9ec2dd37372cbab906a7949ae2e6efabf7c,reference_layout_only,,否,不适用,[],review_only,仅限人工复核,media,确认资料归属泰昌、内容真实、时效有效、中文展示合规且目标库正确,P006-G015,,needs_customer_confirmation,需要客户确认,,资信库资料,泰昌企业证明材料历史候选第20页,,不适用,internal,企业内部资料,泰昌商务补充文件,泰昌商务补充文件,mixed_historical_bid,assets/template_words/商务补充文件.docx,20,(三)补充文件/5.符合招标文件投标人资格要求的证明文件/5.2查询报告及截图/5.2.1.国家企业信用信息公示系统查询结果/（7）国家企业信用信息公示系统查询截图,"[""泰昌"", ""企业证明材料"", ""历史标书候选"", ""商务标""]",qualification_library,资信库资料,taichang_only,不适用,泰昌企业证明材料历史候选第20页,needs_review,[]
taichang_tenant_internal,"[""补充文件/5.符合招标文件投标人资格要求的证明文件/5.2查询报告及截图/5.2.1.国家企业信用信息公示系统查询结果/（7）国家企业信用信息公示系统查询截图""]","[""商务标""]",False,business,business-media-0030,suppressed_document_page_caption,企业证明材料,0.45,7819c22c50813c23d2d8ee1104bb0ea9a90b46e4ea05574daf96540658eaa96a,,,new,未发现重复，仍需审核,来源于泰昌商务补充文件，历史位置为“补充文件/5.符合招标文件投标人资格要求的证明文件/5.2查询报告及截图/5.2.1.国家企业信用信息公示系统查询结果/（7）国家企业信用信息公示系统查询截图”。当前仅用于泰昌资料人工复核，未获准进入正式标书。,河北泰昌电力器材科技有限公司,河北泰昌电力器材科技有限公司,,enterprise_evidence,企业证明材料,False,,否,blocked,尚未通过P0-06人工批准,False,核验原始证据,True,泰昌企业资料,7819c22c50813c23d2d8ee1104bb0ea9a90b46e4ea05574daf96540658eaa96a,reference_layout_only,,否,不适用,[],review_only,仅限人工复核,media,确认资料归属泰昌、内容真实、时效有效、中文展示合规且目标库正确,P006-G015,,needs_customer_confirmation,需要客户确认,,资信库资料,泰昌企业证明材料历史候选第20页,,不适用,internal,企业内部资料,泰昌商务补充文件,泰昌商务补充文件,mixed_historical_bid,assets/template_words/商务补充文件.docx,20,(三)补充文件/5.符合招标文件投标人资格要求的证明文件/5.2查询报告及截图/5.2.1.国家企业信用信息公示系统查询结果/（7）国家企业信用信息公示系统查询截图,"[""泰昌"", ""企业证明材料"", ""历史标书候选"", ""商务标""]",qualification_library,资信库资料,taichang_only,不适用,泰昌企业证明材料历史候选第20页,needs_review,[]
taichang_tenant_internal,"[""补充文件/5.符合招标文件投标人资格要求的证明文件/5.2查询报告及截图/5.2.1.国家企业信用信息公示系统查询结果/（7）国家企业信用信息公示系统查询截图""]","[""商务标""]",False,business,business-media-0031,suppressed_document_page_caption,企业证明材料,0.45,b7614e94f9f8afd126fc3b09d31cf33d566d735ceea205089c9b2228da775d8d,,,new,未发现重复，仍需审核,来源于泰昌商务补充文件，历史位置为“补充文件/5.符合招标文件投标人资格要求的证明文件/5.2查询报告及截图/5.2.1.国家企业信用信息公示系统查询结果/（7）国家企业信用信息公示系统查询截图”。当前仅用于泰昌资料人工复核，未获准进入正式标书。,河北泰昌电力器材科技有限公司,河北泰昌电力器材科技有限公司,,enterprise_evidence,企业证明材料,False,,否,blocked,尚未通过P0-06人工批准,False,核验原始证据,True,泰昌企业资料,b7614e94f9f8afd126fc3b09d31cf33d566d735ceea205089c9b2228da775d8d,reference_layout_only,,否,不适用,[],review_only,仅限人工复核,media,确认资料归属泰昌、内容真实、时效有效、中文展示合规且目标库正确,P006-G015,,needs_customer_confirmation,需要客户确认,,资信库资料,泰昌企业证明材料历史候选第20页,,不适用,internal,企业内部资料,泰昌商务补充文件,泰昌商务补充文件,mixed_historical_bid,assets/template_words/商务补充文件.docx,20,(三)补充文件/5.符合招标文件投标人资格要求的证明文件/5.2查询报告及截图/5.2.1.国家企业信用信息公示系统查询结果/（7）国家企业信用信息公示系统查询截图,"[""泰昌"", ""企业证明材料"", ""历史标书候选"", ""商务标""]",qualification_library,资信库资料,taichang_only,不适用,泰昌企业证明材料历史候选第20页,needs_review,[]
taichang_tenant_internal,"[""补充文件/5.符合招标文件投标人资格要求的证明文件/5.2查询报告及截图/5.2.1.国家企业信用信息公示系统查询结果/（7）国家企业信用信息公示系统查询截图""]","[""商务标""]",False,business,business-media-0032,suppressed_document_page_caption,企业证明材料,0.45,d2ec425c41a9314d40acb17eac904ea0a77a6348ce707de530b0456a5d9c894d,,,new,未发现重复，仍需审核,来源于泰昌商务补充文件，历史位置为“补充文件/5.符合招标文件投标人资格要求的证明文件/5.2查询报告及截图/5.2.1.国家企业信用信息公示系统查询结果/（7）国家企业信用信息公示系统查询截图”。当前仅用于泰昌资料人工复核，未获准进入正式标书。,河北泰昌电力器材科技有限公司,河北泰昌电力器材科技有限公司,,enterprise_evidence,企业证明材料,False,,否,blocked,尚未通过P0-06人工批准,False,核验原始证据,True,泰昌企业资料,d2ec425c41a9314d40acb17eac904ea0a77a6348ce707de530b0456a5d9c894d,reference_layout_only,,否,不适用,[],review_only,仅限人工复核,media,确认资料归属泰昌、内容真实、时效有效、中文展示合规且目标库正确,P006-G015,,needs_customer_confirmation,需要客户确认,,资信库资料,泰昌企业证明材料历史候选第20页,,不适用,internal,企业内部资料,泰昌商务补充文件,泰昌商务补充文件,mixed_historical_bid,assets/template_words/商务补充文件.docx,20,(三)补充文件/5.符合招标文件投标人资格要求的证明文件/5.2查询报告及截图/5.2.1.国家企业信用信息公示系统查询结果/（7）国家企业信用信息公示系统查询截图,"[""泰昌"", ""企业证明材料"", ""历史标书候选"", ""商务标""]",qualification_library,资信库资料,taichang_only,不适用,泰昌企业证明材料历史候选第20页,needs_review,[]
taichang_tenant_internal,"[""补充文件/5.符合招标文件投标人资格要求的证明文件/5.2查询报告及截图/5.2.1.国家企业信用信息公示系统查询结果/（7）国家企业信用信息公示系统查询截图""]","[""商务标""]",False,business,business-media-0033,suppressed_document_page_caption,企业证明材料,0.45,276b69609e2224b8945d40f9e5f437d5867c47efc0287050a70f57c75e76280d,,,new,未发现重复，仍需审核,来源于泰昌商务补充文件，历史位置为“补充文件/5.符合招标文件投标人资格要求的证明文件/5.2查询报告及截图/5.2.1.国家企业信用信息公示系统查询结果/（7）国家企业信用信息公示系统查询截图”。当前仅用于泰昌资料人工复核，未获准进入正式标书。,河北泰昌电力器材科技有限公司,河北泰昌电力器材科技有限公司,,enterprise_evidence,企业证明材料,False,,否,blocked,尚未通过P0-06人工批准,False,核验原始证据,True,泰昌企业资料,276b69609e2224b8945d40f9e5f437d5867c47efc0287050a70f57c75e76280d,reference_layout_only,,否,不适用,[],review_only,仅限人工复核,media,确认资料归属泰昌、内容真实、时效有效、中文展示合规且目标库正确,P006-G015,,needs_customer_confirmation,需要客户确认,,资信库资料,泰昌企业证明材料历史候选第20页,,不适用,internal,企业内部资料,泰昌商务补充文件,泰昌商务补充文件,mixed_historical_bid,assets/template_words/商务补充文件.docx,20,(三)补充文件/5.符合招标文件投标人资格要求的证明文件/5.2查询报告及截图/5.2.1.国家企业信用信息公示系统查询结果/（7）国家企业信用信息公示系统查询截图,"[""泰昌"", ""企业证明材料"", ""历史标书候选"", ""商务标""]",qualification_library,资信库资料,taichang_only,不适用,泰昌企业证明材料历史候选第20页,needs_review,[]
taichang_tenant_internal,"[""补充文件/5.符合招标文件投标人资格要求的证明文件/5.2查询报告及截图/5.2.1.国家企业信用信息公示系统查询结果/（7）国家企业信用信息公示系统查询截图""]","[""商务标""]",False,business,business-media-0034,suppressed_document_page_caption,企业证明材料,0.45,5d76fe49ae437e1f20cc703b5d990cffe66ef1730a60798347cfc8aac5df3973,,,new,未发现重复，仍需审核,来源于泰昌商务补充文件，历史位置为“补充文件/5.符合招标文件投标人资格要求的证明文件/5.2查询报告及截图/5.2.1.国家企业信用信息公示系统查询结果/（7）国家企业信用信息公示系统查询截图”。当前仅用于泰昌资料人工复核，未获准进入正式标书。,河北泰昌电力器材科技有限公司,河北泰昌电力器材科技有限公司,,enterprise_evidence,企业证明材料,False,,否,blocked,尚未通过P0-06人工批准,False,核验原始证据,True,泰昌企业资料,5d76fe49ae437e1f20cc703b5d990cffe66ef1730a60798347cfc8aac5df3973,reference_layout_only,,否,不适用,[],review_only,仅限人工复核,media,确认资料归属泰昌、内容真实、时效有效、中文展示合规且目标库正确,P006-G015,,needs_customer_confirmation,需要客户确认,,资信库资料,泰昌企业证明材料历史候选第20页,,不适用,internal,企业内部资料,泰昌商务补充文件,泰昌商务补充文件,mixed_historical_bid,assets/template_words/商务补充文件.docx,20,(三)补充文件/5.符合招标文件投标人资格要求的证明文件/5.2查询报告及截图/5.2.1.国家企业信用信息公示系统查询结果/（7）国家企业信用信息公示系统查询截图,"[""泰昌"", ""企业证明材料"", ""历史标书候选"", ""商务标""]",qualification_library,资信库资料,taichang_only,不适用,泰昌企业证明材料历史候选第20页,needs_review,[]
taichang_tenant_internal,"[""补充文件/5.符合招标文件投标人资格要求的证明文件/5.2查询报告及截图/5.2.1.国家企业信用信息公示系统查询结果/（7）国家企业信用信息公示系统查询截图""]","[""商务标""]",False,business,business-media-0035,suppressed_document_page_caption,企业证明材料,0.45,3da42751effa9d9c08bfdc140032ce8d8ba72f96411e56fffa8575550d6fe0c8,,,new,未发现重复，仍需审核,来源于泰昌商务补充文件，历史位置为“补充文件/5.符合招标文件投标人资格要求的证明文件/5.2查询报告及截图/5.2.1.国家企业信用信息公示系统查询结果/（7）国家企业信用信息公示系统查询截图”。当前仅用于泰昌资料人工复核，未获准进入正式标书。,河北泰昌电力器材科技有限公司,河北泰昌电力器材科技有限公司,,enterprise_evidence,企业证明材料,False,,否,blocked,尚未通过P0-06人工批准,False,核验原始证据,True,泰昌企业资料,3da42751effa9d9c08bfdc140032ce8d8ba72f96411e56fffa8575550d6fe0c8,reference_layout_only,,否,不适用,[],review_only,仅限人工复核,media,确认资料归属泰昌、内容真实、时效有效、中文展示合规且目标库正确,P006-G015,,needs_customer_confirmation,需要客户确认,,资信库资料,泰昌企业证明材料历史候选第20页,,不适用,internal,企业内部资料,泰昌商务补充文件,泰昌商务补充文件,mixed_historical_bid,assets/template_words/商务补充文件.docx,20,(三)补充文件/5.符合招标文件投标人资格要求的证明文件/5.2查询报告及截图/5.2.1.国家企业信用信息公示系统查询结果/（7）国家企业信用信息公示系统查询截图,"[""泰昌"", ""企业证明材料"", ""历史标书候选"", ""商务标""]",qualification_library,资信库资料,taichang_only,不适用,泰昌企业证明材料历史候选第20页,needs_review,[]
taichang_tenant_internal,"[""补充文件/5.符合招标文件投标人资格要求的证明文件/5.2查询报告及截图/5.2.1.国家企业信用信息公示系统查询结果/（7）国家企业信用信息公示系统查询截图""]","[""商务标""]",False,business,business-media-0036,suppressed_document_page_caption,企业证明材料,0.45,1c67c6849478398e9bb9e39d853feca5586c5f7ae11e688f8b941499677ab2fe,,,new,未发现重复，仍需审核,来源于泰昌商务补充文件，历史位置为“补充文件/5.符合招标文件投标人资格要求的证明文件/5.2查询报告及截图/5.2.1.国家企业信用信息公示系统查询结果/（7）国家企业信用信息公示系统查询截图”。当前仅用于泰昌资料人工复核，未获准进入正式标书。,河北泰昌电力器材科技有限公司,河北泰昌电力器材科技有限公司,,enterprise_evidence,企业证明材料,False,,否,blocked,尚未通过P0-06人工批准,False,核验原始证据,True,泰昌企业资料,1c67c6849478398e9bb9e39d853feca5586c5f7ae11e688f8b941499677ab2fe,reference_layout_only,,否,不适用,[],review_only,仅限人工复核,media,确认资料归属泰昌、内容真实、时效有效、中文展示合规且目标库正确,P006-G015,,needs_customer_confirmation,需要客户确认,,资信库资料,泰昌企业证明材料历史候选第20页,,不适用,internal,企业内部资料,泰昌商务补充文件,泰昌商务补充文件,mixed_historical_bid,assets/template_words/商务补充文件.docx,20,(三)补充文件/5.符合招标文件投标人资格要求的证明文件/5.2查询报告及截图/5.2.1.国家企业信用信息公示系统查询结果/（7）国家企业信用信息公示系统查询截图,"[""泰昌"", ""企业证明材料"", ""历史标书候选"", ""商务标""]",qualification_library,资信库资料,taichang_only,不适用,泰昌企业证明材料历史候选第20页,needs_review,[]
taichang_tenant_internal,"[""补充文件/5.符合招标文件投标人资格要求的证明文件/5.2查询报告及截图/5.2.1.国家企业信用信息公示系统查询结果/（7）国家企业信用信息公示系统查询截图""]","[""商务标""]",False,business,business-media-0037,suppressed_document_page_caption,企业证明材料,0.45,733fd1f46083892a1dcc6580ae13e00c45e4127615db8149719410eaadb3535d,,,new,未发现重复，仍需审核,来源于泰昌商务补充文件，历史位置为“补充文件/5.符合招标文件投标人资格要求的证明文件/5.2查询报告及截图/5.2.1.国家企业信用信息公示系统查询结果/（7）国家企业信用信息公示系统查询截图”。当前仅用于泰昌资料人工复核，未获准进入正式标书。,河北泰昌电力器材科技有限公司,河北泰昌电力器材科技有限公司,,enterprise_evidence,企业证明材料,False,,否,blocked,尚未通过P0-06人工批准,False,核验原始证据,True,泰昌企业资料,733fd1f46083892a1dcc6580ae13e00c45e4127615db8149719410eaadb3535d,reference_layout_only,,否,不适用,[],review_only,仅限人工复核,media,确认资料归属泰昌、内容真实、时效有效、中文展示合规且目标库正确,P006-G015,,needs_customer_confirmation,需要客户确认,,资信库资料,泰昌企业证明材料历史候选第20页,,不适用,internal,企业内部资料,泰昌商务补充文件,泰昌商务补充文件,mixed_historical_bid,assets/template_words/商务补充文件.docx,20,(三)补充文件/5.符合招标文件投标人资格要求的证明文件/5.2查询报告及截图/5.2.1.国家企业信用信息公示系统查询结果/（7）国家企业信用信息公示系统查询截图,"[""泰昌"", ""企业证明材料"", ""历史标书候选"", ""商务标""]",qualification_library,资信库资料,taichang_only,不适用,泰昌企业证明材料历史候选第20页,needs_review,[]
taichang_tenant_internal,"[""补充文件/5.符合招标文件投标人资格要求的证明文件/5.2查询报告及截图/5.2.1.国家企业信用信息公示系统查询结果/（7）国家企业信用信息公示系统查询截图""]","[""商务标""]",False,business,business-media-0038,suppressed_document_page_caption,企业证明材料,0.45,fc75b73fe74b87176b9aa86fbebc52d1ad470a38d73cfef47a9f2be46bb5edc5,,,new,未发现重复，仍需审核,来源于泰昌商务补充文件，历史位置为“补充文件/5.符合招标文件投标人资格要求的证明文件/5.2查询报告及截图/5.2.1.国家企业信用信息公示系统查询结果/（7）国家企业信用信息公示系统查询截图”。当前仅用于泰昌资料人工复核，未获准进入正式标书。,河北泰昌电力器材科技有限公司,河北泰昌电力器材科技有限公司,,enterprise_evidence,企业证明材料,False,,否,blocked,尚未通过P0-06人工批准,False,核验原始证据,True,泰昌企业资料,fc75b73fe74b87176b9aa86fbebc52d1ad470a38d73cfef47a9f2be46bb5edc5,reference_layout_only,,否,不适用,[],review_only,仅限人工复核,media,确认资料归属泰昌、内容真实、时效有效、中文展示合规且目标库正确,P006-G015,,needs_customer_confirmation,需要客户确认,,资信库资料,泰昌企业证明材料历史候选第20页,,不适用,internal,企业内部资料,泰昌商务补充文件,泰昌商务补充文件,mixed_historical_bid,assets/template_words/商务补充文件.docx,20,(三)补充文件/5.符合招标文件投标人资格要求的证明文件/5.2查询报告及截图/5.2.1.国家企业信用信息公示系统查询结果/（7）国家企业信用信息公示系统查询截图,"[""泰昌"", ""企业证明材料"", ""历史标书候选"", ""商务标""]",qualification_library,资信库资料,taichang_only,不适用,泰昌企业证明材料历史候选第20页,needs_review,[]
taichang_tenant_internal,"[""补充文件/5.符合招标文件投标人资格要求的证明文件/5.2查询报告及截图/5.2.1.国家企业信用信息公示系统查询结果/（7）国家企业信用信息公示系统查询截图""]","[""商务标""]",False,business,business-media-0039,suppressed_document_page_caption,企业证明材料,0.45,25878a1df871873689d2ce7b3d8ae025b60beeaf4ae7fc7c7638190bc68c7593,,,new,未发现重复，仍需审核,来源于泰昌商务补充文件，历史位置为“补充文件/5.符合招标文件投标人资格要求的证明文件/5.2查询报告及截图/5.2.1.国家企业信用信息公示系统查询结果/（7）国家企业信用信息公示系统查询截图”。当前仅用于泰昌资料人工复核，未获准进入正式标书。,河北泰昌电力器材科技有限公司,河北泰昌电力器材科技有限公司,,enterprise_evidence,企业证明材料,False,,否,blocked,尚未通过P0-06人工批准,False,核验原始证据,True,泰昌企业资料,25878a1df871873689d2ce7b3d8ae025b60beeaf4ae7fc7c7638190bc68c7593,reference_layout_only,,否,不适用,[],review_only,仅限人工复核,media,确认资料归属泰昌、内容真实、时效有效、中文展示合规且目标库正确,P006-G015,,needs_customer_confirmation,需要客户确认,,资信库资料,泰昌企业证明材料历史候选第20页,,不适用,internal,企业内部资料,泰昌商务补充文件,泰昌商务补充文件,mixed_historical_bid,assets/template_words/商务补充文件.docx,20,(三)补充文件/5.符合招标文件投标人资格要求的证明文件/5.2查询报告及截图/5.2.1.国家企业信用信息公示系统查询结果/（7）国家企业信用信息公示系统查询截图,"[""泰昌"", ""企业证明材料"", ""历史标书候选"", ""商务标""]",qualification_library,资信库资料,taichang_only,不适用,泰昌企业证明材料历史候选第20页,needs_review,[]
taichang_tenant_internal,"[""补充文件/5.符合招标文件投标人资格要求的证明文件/5.2查询报告及截图/5.2.1.国家企业信用信息公示系统查询结果/（7）国家企业信用信息公示系统查询截图""]","[""商务标""]",False,business,business-media-0040,suppressed_document_page_caption,企业证明材料,0.45,1407a490167ed37647844fd68f9c9950f47c8ba963e567e8028c2763245c8e70,,,new,未发现重复，仍需审核,来源于泰昌商务补充文件，历史位置为“补充文件/5.符合招标文件投标人资格要求的证明文件/5.2查询报告及截图/5.2.1.国家企业信用信息公示系统查询结果/（7）国家企业信用信息公示系统查询截图”。当前仅用于泰昌资料人工复核，未获准进入正式标书。,河北泰昌电力器材科技有限公司,河北泰昌电力器材科技有限公司,,enterprise_evidence,企业证明材料,False,,否,blocked,尚未通过P0-06人工批准,False,核验原始证据,True,泰昌企业资料,1407a490167ed37647844fd68f9c9950f47c8ba963e567e8028c2763245c8e70,reference_layout_only,,否,不适用,[],review_only,仅限人工复核,media,确认资料归属泰昌、内容真实、时效有效、中文展示合规且目标库正确,P006-G015,,needs_customer_confirmation,需要客户确认,,资信库资料,泰昌企业证明材料历史候选第20页,,不适用,internal,企业内部资料,泰昌商务补充文件,泰昌商务补充文件,mixed_historical_bid,assets/template_words/商务补充文件.docx,20,(三)补充文件/5.符合招标文件投标人资格要求的证明文件/5.2查询报告及截图/5.2.1.国家企业信用信息公示系统查询结果/（7）国家企业信用信息公示系统查询截图,"[""泰昌"", ""企业证明材料"", ""历史标书候选"", ""商务标""]",qualification_library,资信库资料,taichang_only,不适用,泰昌企业证明材料历史候选第20页,needs_review,[]
taichang_tenant_internal,"[""补充文件/5.符合招标文件投标人资格要求的证明文件/5.2查询报告及截图/5.2.1.国家企业信用信息公示系统查询结果/（7）国家企业信用信息公示系统查询截图""]","[""商务标""]",False,business,business-media-0041,suppressed_document_page_caption,企业证明材料,0.45,2e147a29772973926b0dfd5a365a1bb599ca0f0252b319c73f5078966a166146,,,new,未发现重复，仍需审核,来源于泰昌商务补充文件，历史位置为“补充文件/5.符合招标文件投标人资格要求的证明文件/5.2查询报告及截图/5.2.1.国家企业信用信息公示系统查询结果/（7）国家企业信用信息公示系统查询截图”。当前仅用于泰昌资料人工复核，未获准进入正式标书。,河北泰昌电力器材科技有限公司,河北泰昌电力器材科技有限公司,,enterprise_evidence,企业证明材料,False,,否,blocked,尚未通过P0-06人工批准,False,核验原始证据,True,泰昌企业资料,2e147a29772973926b0dfd5a365a1bb599ca0f0252b319c73f5078966a166146,reference_layout_only,,否,不适用,[],review_only,仅限人工复核,media,确认资料归属泰昌、内容真实、时效有效、中文展示合规且目标库正确,P006-G015,,needs_customer_confirmation,需要客户确认,,资信库资料,泰昌企业证明材料历史候选第20页,,不适用,internal,企业内部资料,泰昌商务补充文件,泰昌商务补充文件,mixed_historical_bid,assets/template_words/商务补充文件.docx,20,(三)补充文件/5.符合招标文件投标人资格要求的证明文件/5.2查询报告及截图/5.2.1.国家企业信用信息公示系统查询结果/（7）国家企业信用信息公示系统查询截图,"[""泰昌"", ""企业证明材料"", ""历史标书候选"", ""商务标""]",qualification_library,资信库资料,taichang_only,不适用,泰昌企业证明材料历史候选第20页,needs_review,[]
taichang_tenant_internal,"[""补充文件/5.符合招标文件投标人资格要求的证明文件/5.2查询报告及截图/5.2.1.国家企业信用信息公示系统查询结果/（7）国家企业信用信息公示系统查询截图""]","[""商务标""]",False,business,business-media-0042,suppressed_document_page_caption,企业证明材料,0.45,762587b9416fa3f6514e734472a023e84529830f5d003159c835654d36fb4031,,,new,未发现重复，仍需审核,来源于泰昌商务补充文件，历史位置为“补充文件/5.符合招标文件投标人资格要求的证明文件/5.2查询报告及截图/5.2.1.国家企业信用信息公示系统查询结果/（7）国家企业信用信息公示系统查询截图”。当前仅用于泰昌资料人工复核，未获准进入正式标书。,河北泰昌电力器材科技有限公司,河北泰昌电力器材科技有限公司,,enterprise_evidence,企业证明材料,False,,否,blocked,尚未通过P0-06人工批准,False,核验原始证据,True,泰昌企业资料,762587b9416fa3f6514e734472a023e84529830f5d003159c835654d36fb4031,reference_layout_only,,否,不适用,[],review_only,仅限人工复核,media,确认资料归属泰昌、内容真实、时效有效、中文展示合规且目标库正确,P006-G015,,needs_customer_confirmation,需要客户确认,,资信库资料,泰昌企业证明材料历史候选第20页,,不适用,internal,企业内部资料,泰昌商务补充文件,泰昌商务补充文件,mixed_historical_bid,assets/template_words/商务补充文件.docx,20,(三)补充文件/5.符合招标文件投标人资格要求的证明文件/5.2查询报告及截图/5.2.1.国家企业信用信息公示系统查询结果/（7）国家企业信用信息公示系统查询截图,"[""泰昌"", ""企业证明材料"", ""历史标书候选"", ""商务标""]",qualification_library,资信库资料,taichang_only,不适用,泰昌企业证明材料历史候选第20页,needs_review,[]
taichang_tenant_internal,"[""补充文件/5.符合招标文件投标人资格要求的证明文件/5.2查询报告及截图/5.2.1.国家企业信用信息公示系统查询结果/（7）国家企业信用信息公示系统查询截图""]","[""商务标""]",False,business,business-media-0043,suppressed_document_page_caption,企业证明材料,0.45,d1863474c9d78ec3073e4aef107bf1be5fad8b93604cad70d5ec6e126405956a,,,new,未发现重复，仍需审核,来源于泰昌商务补充文件，历史位置为“补充文件/5.符合招标文件投标人资格要求的证明文件/5.2查询报告及截图/5.2.1.国家企业信用信息公示系统查询结果/（7）国家企业信用信息公示系统查询截图”。当前仅用于泰昌资料人工复核，未获准进入正式标书。,河北泰昌电力器材科技有限公司,河北泰昌电力器材科技有限公司,,enterprise_evidence,企业证明材料,False,,否,blocked,尚未通过P0-06人工批准,False,核验原始证据,True,泰昌企业资料,d1863474c9d78ec3073e4aef107bf1be5fad8b93604cad70d5ec6e126405956a,reference_layout_only,,否,不适用,[],review_only,仅限人工复核,media,确认资料归属泰昌、内容真实、时效有效、中文展示合规且目标库正确,P006-G015,,needs_customer_confirmation,需要客户确认,,资信库资料,泰昌企业证明材料历史候选第20页,,不适用,internal,企业内部资料,泰昌商务补充文件,泰昌商务补充文件,mixed_historical_bid,assets/template_words/商务补充文件.docx,20,(三)补充文件/5.符合招标文件投标人资格要求的证明文件/5.2查询报告及截图/5.2.1.国家企业信用信息公示系统查询结果/（7）国家企业信用信息公示系统查询截图,"[""泰昌"", ""企业证明材料"", ""历史标书候选"", ""商务标""]",qualification_library,资信库资料,taichang_only,不适用,泰昌企业证明材料历史候选第20页,needs_review,[]
taichang_tenant_internal,"[""补充文件/5.符合招标文件投标人资格要求的证明文件/5.2查询报告及截图/5.2.1.国家企业信用信息公示系统查询结果/（7）国家企业信用信息公示系统查询截图""]","[""商务标""]",False,business,business-media-0044,suppressed_document_page_caption,企业证明材料,0.45,6b0ec51859995ced006e155ba9519ed947aa8ed76aa14d3f8ab0e6044297569c,,,new,未发现重复，仍需审核,来源于泰昌商务补充文件，历史位置为“补充文件/5.符合招标文件投标人资格要求的证明文件/5.2查询报告及截图/5.2.1.国家企业信用信息公示系统查询结果/（7）国家企业信用信息公示系统查询截图”。当前仅用于泰昌资料人工复核，未获准进入正式标书。,河北泰昌电力器材科技有限公司,河北泰昌电力器材科技有限公司,,enterprise_evidence,企业证明材料,False,,否,blocked,尚未通过P0-06人工批准,False,核验原始证据,True,泰昌企业资料,6b0ec51859995ced006e155ba9519ed947aa8ed76aa14d3f8ab0e6044297569c,reference_layout_only,,否,不适用,[],review_only,仅限人工复核,media,确认资料归属泰昌、内容真实、时效有效、中文展示合规且目标库正确,P006-G015,,needs_customer_confirmation,需要客户确认,,资信库资料,泰昌企业证明材料历史候选第20页,,不适用,internal,企业内部资料,泰昌商务补充文件,泰昌商务补充文件,mixed_historical_bid,assets/template_words/商务补充文件.docx,20,(三)补充文件/5.符合招标文件投标人资格要求的证明文件/5.2查询报告及截图/5.2.1.国家企业信用信息公示系统查询结果/（7）国家企业信用信息公示系统查询截图,"[""泰昌"", ""企业证明材料"", ""历史标书候选"", ""商务标""]",qualification_library,资信库资料,taichang_only,不适用,泰昌企业证明材料历史候选第20页,needs_review,[]
taichang_tenant_internal,"[""补充文件/5.符合招标文件投标人资格要求的证明文件/5.2查询报告及截图/5.2.1.国家企业信用信息公示系统查询结果/（7）国家企业信用信息公示系统查询截图""]","[""商务标""]",False,business,business-media-0045,suppressed_document_page_caption,企业证明材料,0.45,aa93e7c2acc11d35f4813bf2e87c966c41565d9d15d9a498ced30360903df80b,,,new,未发现重复，仍需审核,来源于泰昌商务补充文件，历史位置为“补充文件/5.符合招标文件投标人资格要求的证明文件/5.2查询报告及截图/5.2.1.国家企业信用信息公示系统查询结果/（7）国家企业信用信息公示系统查询截图”。当前仅用于泰昌资料人工复核，未获准进入正式标书。,河北泰昌电力器材科技有限公司,河北泰昌电力器材科技有限公司,,enterprise_evidence,企业证明材料,False,,否,blocked,尚未通过P0-06人工批准,False,核验原始证据,True,泰昌企业资料,aa93e7c2acc11d35f4813bf2e87c966c41565d9d15d9a498ced30360903df80b,reference_layout_only,,否,不适用,[],review_only,仅限人工复核,media,确认资料归属泰昌、内容真实、时效有效、中文展示合规且目标库正确,P006-G015,,needs_customer_confirmation,需要客户确认,,资信库资料,泰昌企业证明材料历史候选第20页,,不适用,internal,企业内部资料,泰昌商务补充文件,泰昌商务补充文件,mixed_historical_bid,assets/template_words/商务补充文件.docx,20,(三)补充文件/5.符合招标文件投标人资格要求的证明文件/5.2查询报告及截图/5.2.1.国家企业信用信息公示系统查询结果/（7）国家企业信用信息公示系统查询截图,"[""泰昌"", ""企业证明材料"", ""历史标书候选"", ""商务标""]",qualification_library,资信库资料,taichang_only,不适用,泰昌企业证明材料历史候选第20页,needs_review,[]
taichang_tenant_internal,"[""补充文件/5.符合招标文件投标人资格要求的证明文件/5.2查询报告及截图/5.2.1.国家企业信用信息公示系统查询结果/（7）国家企业信用信息公示系统查询截图""]","[""商务标""]",False,business,business-media-0046,suppressed_document_page_caption,企业证明材料,0.45,de0bed79e919de35e1c9fafc9cd21f6ccd67f4959a84c21319336316deb274a3,,,new,未发现重复，仍需审核,来源于泰昌商务补充文件，历史位置为“补充文件/5.符合招标文件投标人资格要求的证明文件/5.2查询报告及截图/5.2.1.国家企业信用信息公示系统查询结果/（7）国家企业信用信息公示系统查询截图”。当前仅用于泰昌资料人工复核，未获准进入正式标书。,河北泰昌电力器材科技有限公司,河北泰昌电力器材科技有限公司,,enterprise_evidence,企业证明材料,False,,否,blocked,尚未通过P0-06人工批准,False,核验原始证据,True,泰昌企业资料,de0bed79e919de35e1c9fafc9cd21f6ccd67f4959a84c21319336316deb274a3,reference_layout_only,,否,不适用,[],review_only,仅限人工复核,media,确认资料归属泰昌、内容真实、时效有效、中文展示合规且目标库正确,P006-G015,,needs_customer_confirmation,需要客户确认,,资信库资料,泰昌企业证明材料历史候选第20页,,不适用,internal,企业内部资料,泰昌商务补充文件,泰昌商务补充文件,mixed_historical_bid,assets/template_words/商务补充文件.docx,20,(三)补充文件/5.符合招标文件投标人资格要求的证明文件/5.2查询报告及截图/5.2.1.国家企业信用信息公示系统查询结果/（7）国家企业信用信息公示系统查询截图,"[""泰昌"", ""企业证明材料"", ""历史标书候选"", ""商务标""]",qualification_library,资信库资料,taichang_only,不适用,泰昌企业证明材料历史候选第20页,needs_review,[]
taichang_tenant_internal,"[""补充文件/5.符合招标文件投标人资格要求的证明文件/5.2查询报告及截图/5.2.1.国家企业信用信息公示系统查询结果/（7）国家企业信用信息公示系统查询截图""]","[""商务标""]",False,business,business-media-0047,suppressed_document_page_caption,企业证明材料,0.45,db890694adec2bef56cf0d1a50763fac813ab7f5bd2c4831eebe005a4ba0525b,,,new,未发现重复，仍需审核,来源于泰昌商务补充文件，历史位置为“补充文件/5.符合招标文件投标人资格要求的证明文件/5.2查询报告及截图/5.2.1.国家企业信用信息公示系统查询结果/（7）国家企业信用信息公示系统查询截图”。当前仅用于泰昌资料人工复核，未获准进入正式标书。,河北泰昌电力器材科技有限公司,河北泰昌电力器材科技有限公司,,enterprise_evidence,企业证明材料,False,,否,blocked,尚未通过P0-06人工批准,False,核验原始证据,True,泰昌企业资料,db890694adec2bef56cf0d1a50763fac813ab7f5bd2c4831eebe005a4ba0525b,reference_layout_only,,否,不适用,[],review_only,仅限人工复核,media,确认资料归属泰昌、内容真实、时效有效、中文展示合规且目标库正确,P006-G015,,needs_customer_confirmation,需要客户确认,,资信库资料,泰昌企业证明材料历史候选第20页,,不适用,internal,企业内部资料,泰昌商务补充文件,泰昌商务补充文件,mixed_historical_bid,assets/template_words/商务补充文件.docx,20,(三)补充文件/5.符合招标文件投标人资格要求的证明文件/5.2查询报告及截图/5.2.1.国家企业信用信息公示系统查询结果/（7）国家企业信用信息公示系统查询截图,"[""泰昌"", ""企业证明材料"", ""历史标书候选"", ""商务标""]",qualification_library,资信库资料,taichang_only,不适用,泰昌企业证明材料历史候选第20页,needs_review,[]
taichang_tenant_internal,"[""补充文件/5.符合招标文件投标人资格要求的证明文件/5.2查询报告及截图/5.2.1.国家企业信用信息公示系统查询结果/（7）国家企业信用信息公示系统查询截图""]","[""商务标""]",False,business,business-media-0048,suppressed_document_page_caption,企业证明材料,0.45,3bb05837dbb6f95249deb4602375185705d080305623f4de31b675113cf098f3,,,new,未发现重复，仍需审核,来源于泰昌商务补充文件，历史位置为“补充文件/5.符合招标文件投标人资格要求的证明文件/5.2查询报告及截图/5.2.1.国家企业信用信息公示系统查询结果/（7）国家企业信用信息公示系统查询截图”。当前仅用于泰昌资料人工复核，未获准进入正式标书。,河北泰昌电力器材科技有限公司,河北泰昌电力器材科技有限公司,,enterprise_evidence,企业证明材料,False,,否,blocked,尚未通过P0-06人工批准,False,核验原始证据,True,泰昌企业资料,3bb05837dbb6f95249deb4602375185705d080305623f4de31b675113cf098f3,reference_layout_only,,否,不适用,[],review_only,仅限人工复核,media,确认资料归属泰昌、内容真实、时效有效、中文展示合规且目标库正确,P006-G015,,needs_customer_confirmation,需要客户确认,,资信库资料,泰昌企业证明材料历史候选第20页,,不适用,internal,企业内部资料,泰昌商务补充文件,泰昌商务补充文件,mixed_historical_bid,assets/template_words/商务补充文件.docx,20,(三)补充文件/5.符合招标文件投标人资格要求的证明文件/5.2查询报告及截图/5.2.1.国家企业信用信息公示系统查询结果/（7）国家企业信用信息公示系统查询截图,"[""泰昌"", ""企业证明材料"", ""历史标书候选"", ""商务标""]",qualification_library,资信库资料,taichang_only,不适用,泰昌企业证明材料历史候选第20页,needs_review,[]
taichang_tenant_internal,"[""补充文件/5.符合招标文件投标人资格要求的证明文件/5.2查询报告及截图/5.2.1.国家企业信用信息公示系统查询结果/（7）国家企业信用信息公示系统查询截图""]","[""商务标""]",False,business,business-media-0049,suppressed_document_page_caption,企业证明材料,0.45,a40ca74d0d9d70f112309b301b7e2903335af99d4552b51f982e9f399b3bc85a,,,new,未发现重复，仍需审核,来源于泰昌商务补充文件，历史位置为“补充文件/5.符合招标文件投标人资格要求的证明文件/5.2查询报告及截图/5.2.1.国家企业信用信息公示系统查询结果/（7）国家企业信用信息公示系统查询截图”。当前仅用于泰昌资料人工复核，未获准进入正式标书。,河北泰昌电力器材科技有限公司,河北泰昌电力器材科技有限公司,,enterprise_evidence,企业证明材料,False,,否,blocked,尚未通过P0-06人工批准,False,核验原始证据,True,泰昌企业资料,a40ca74d0d9d70f112309b301b7e2903335af99d4552b51f982e9f399b3bc85a,reference_layout_only,,否,不适用,[],review_only,仅限人工复核,media,确认资料归属泰昌、内容真实、时效有效、中文展示合规且目标库正确,P006-G015,,needs_customer_confirmation,需要客户确认,,资信库资料,泰昌企业证明材料历史候选第20页,,不适用,internal,企业内部资料,泰昌商务补充文件,泰昌商务补充文件,mixed_historical_bid,assets/template_words/商务补充文件.docx,20,(三)补充文件/5.符合招标文件投标人资格要求的证明文件/5.2查询报告及截图/5.2.1.国家企业信用信息公示系统查询结果/（7）国家企业信用信息公示系统查询截图,"[""泰昌"", ""企业证明材料"", ""历史标书候选"", ""商务标""]",qualification_library,资信库资料,taichang_only,不适用,泰昌企业证明材料历史候选第20页,needs_review,[]
taichang_tenant_internal,"[""补充文件/5.符合招标文件投标人资格要求的证明文件/5.2查询报告及截图/5.2.1.国家企业信用信息公示系统查询结果/（7）国家企业信用信息公示系统查询截图""]","[""商务标""]",False,business,business-media-0050,suppressed_document_page_caption,企业证明材料,0.45,cac7d1aa201e7d30c2a5f1098f62be0668f10c80e4fa574158937373c7e88f58,,,new,未发现重复，仍需审核,来源于泰昌商务补充文件，历史位置为“补充文件/5.符合招标文件投标人资格要求的证明文件/5.2查询报告及截图/5.2.1.国家企业信用信息公示系统查询结果/（7）国家企业信用信息公示系统查询截图”。当前仅用于泰昌资料人工复核，未获准进入正式标书。,河北泰昌电力器材科技有限公司,河北泰昌电力器材科技有限公司,,enterprise_evidence,企业证明材料,False,,否,blocked,尚未通过P0-06人工批准,False,核验原始证据,True,泰昌企业资料,cac7d1aa201e7d30c2a5f1098f62be0668f10c80e4fa574158937373c7e88f58,reference_layout_only,,否,不适用,[],review_only,仅限人工复核,media,确认资料归属泰昌、内容真实、时效有效、中文展示合规且目标库正确,P006-G015,,needs_customer_confirmation,需要客户确认,,资信库资料,泰昌企业证明材料历史候选第20页,,不适用,internal,企业内部资料,泰昌商务补充文件,泰昌商务补充文件,mixed_historical_bid,assets/template_words/商务补充文件.docx,20,(三)补充文件/5.符合招标文件投标人资格要求的证明文件/5.2查询报告及截图/5.2.1.国家企业信用信息公示系统查询结果/（7）国家企业信用信息公示系统查询截图,"[""泰昌"", ""企业证明材料"", ""历史标书候选"", ""商务标""]",qualification_library,资信库资料,taichang_only,不适用,泰昌企业证明材料历史候选第20页,needs_review,[]
taichang_tenant_internal,"[""补充文件/5.符合招标文件投标人资格要求的证明文件/5.2查询报告及截图/5.2.1.国家企业信用信息公示系统查询结果/（7）国家企业信用信息公示系统查询截图""]","[""商务标""]",False,business,business-media-0051,suppressed_document_page_caption,企业证明材料,0.45,d7a1e93abb144ffa264120bdb7de8309cd87025739b28caa0063feccadcf0ca6,,,new,未发现重复，仍需审核,来源于泰昌商务补充文件，历史位置为“补充文件/5.符合招标文件投标人资格要求的证明文件/5.2查询报告及截图/5.2.1.国家企业信用信息公示系统查询结果/（7）国家企业信用信息公示系统查询截图”。当前仅用于泰昌资料人工复核，未获准进入正式标书。,河北泰昌电力器材科技有限公司,河北泰昌电力器材科技有限公司,,enterprise_evidence,企业证明材料,False,,否,blocked,尚未通过P0-06人工批准,False,核验原始证据,True,泰昌企业资料,d7a1e93abb144ffa264120bdb7de8309cd87025739b28caa0063feccadcf0ca6,reference_layout_only,,否,不适用,[],review_only,仅限人工复核,media,确认资料归属泰昌、内容真实、时效有效、中文展示合规且目标库正确,P006-G015,,needs_customer_confirmation,需要客户确认,,资信库资料,泰昌企业证明材料历史候选第20页,,不适用,internal,企业内部资料,泰昌商务补充文件,泰昌商务补充文件,mixed_historical_bid,assets/template_words/商务补充文件.docx,20,(三)补充文件/5.符合招标文件投标人资格要求的证明文件/5.2查询报告及截图/5.2.1.国家企业信用信息公示系统查询结果/（7）国家企业信用信息公示系统查询截图,"[""泰昌"", ""企业证明材料"", ""历史标书候选"", ""商务标""]",qualification_library,资信库资料,taichang_only,不适用,泰昌企业证明材料历史候选第20页,needs_review,[]
taichang_tenant_internal,"[""补充文件/5.符合招标文件投标人资格要求的证明文件/5.2查询报告及截图/5.2.1.国家企业信用信息公示系统查询结果/（7）国家企业信用信息公示系统查询截图""]","[""商务标""]",False,business,business-media-0052,suppressed_document_page_caption,企业证明材料,0.45,d068fd718dfc6b154741e2f4a08b699832826eb02b4cb62d15b175672e3fcab8,,,new,未发现重复，仍需审核,来源于泰昌商务补充文件，历史位置为“补充文件/5.符合招标文件投标人资格要求的证明文件/5.2查询报告及截图/5.2.1.国家企业信用信息公示系统查询结果/（7）国家企业信用信息公示系统查询截图”。当前仅用于泰昌资料人工复核，未获准进入正式标书。,河北泰昌电力器材科技有限公司,河北泰昌电力器材科技有限公司,,enterprise_evidence,企业证明材料,False,,否,blocked,尚未通过P0-06人工批准,False,核验原始证据,True,泰昌企业资料,d068fd718dfc6b154741e2f4a08b699832826eb02b4cb62d15b175672e3fcab8,reference_layout_only,,否,不适用,[],review_only,仅限人工复核,media,确认资料归属泰昌、内容真实、时效有效、中文展示合规且目标库正确,P006-G015,,needs_customer_confirmation,需要客户确认,,资信库资料,泰昌企业证明材料历史候选第20页,,不适用,internal,企业内部资料,泰昌商务补充文件,泰昌商务补充文件,mixed_historical_bid,assets/template_words/商务补充文件.docx,20,(三)补充文件/5.符合招标文件投标人资格要求的证明文件/5.2查询报告及截图/5.2.1.国家企业信用信息公示系统查询结果/（7）国家企业信用信息公示系统查询截图,"[""泰昌"", ""企业证明材料"", ""历史标书候选"", ""商务标""]",qualification_library,资信库资料,taichang_only,不适用,泰昌企业证明材料历史候选第20页,needs_review,[]
taichang_tenant_internal,"[""补充文件/5.符合招标文件投标人资格要求的证明文件/5.2查询报告及截图/5.2.1.国家企业信用信息公示系统查询结果/（7）国家企业信用信息公示系统查询截图""]","[""商务标""]",False,business,business-media-0053,suppressed_document_page_caption,企业证明材料,0.45,d3f899fb6093512dcfde9205ad3acf525bad5a763f59b32406dc3de982e91b6b,,,possible_visual_duplicate,视觉疑似重复,来源于泰昌商务补充文件，历史位置为“补充文件/5.符合招标文件投标人资格要求的证明文件/5.2查询报告及截图/5.2.1.国家企业信用信息公示系统查询结果/（7）国家企业信用信息公示系统查询截图”。当前仅用于泰昌资料人工复核，未获准进入正式标书。,河北泰昌电力器材科技有限公司,河北泰昌电力器材科技有限公司,taichang-visual-review-2737d7c1ce4962906426,enterprise_evidence,企业证明材料,False,,否,blocked,尚未通过P0-06人工批准,False,优先核重,True,泰昌企业资料,d3f899fb6093512dcfde9205ad3acf525bad5a763f59b32406dc3de982e91b6b,reference_layout_only,,否,不适用,[],review_only,仅限人工复核,media,查看原件并确认是新资产、重复资产或同一证据的不同载体,P006-G015,,needs_manual_review,需要人工复核,,资信库资料,泰昌企业证明材料历史候选第20页,,不适用,internal,企业内部资料,泰昌商务补充文件,泰昌商务补充文件,mixed_historical_bid,assets/template_words/商务补充文件.docx,20,(三)补充文件/5.符合招标文件投标人资格要求的证明文件/5.2查询报告及截图/5.2.1.国家企业信用信息公示系统查询结果/（7）国家企业信用信息公示系统查询截图,"[""泰昌"", ""企业证明材料"", ""历史标书候选"", ""商务标""]",qualification_library,资信库资料,taichang_only,不适用,泰昌企业证明材料历史候选第20页,needs_review,[]
taichang_tenant_internal,"[""补充文件/5.符合招标文件投标人资格要求的证明文件/5.2查询报告及截图/5.2.2.信用中国”（www.creditchina.gov.cn）中的查询结果""]","[""商务标""]",False,business,business-media-0054,suppressed_document_page_caption,企业证明材料,0.45,39c850079ff42241b22c3a728f7e9687ec702ca266827db03f0e4061554b6718,,,new,未发现重复，仍需审核,来源于泰昌商务补充文件，历史位置为“补充文件/5.符合招标文件投标人资格要求的证明文件/5.2查询报告及截图/5.2.2.信用中国”（www.creditchina.gov.cn）中的查询结果”。当前仅用于泰昌资料人工复核，未获准进入正式标书。,河北泰昌电力器材科技有限公司,河北泰昌电力器材科技有限公司,,enterprise_evidence,企业证明材料,False,,否,blocked,尚未通过P0-06人工批准,False,核验原始证据,True,泰昌企业资料,39c850079ff42241b22c3a728f7e9687ec702ca266827db03f0e4061554b6718,uncertain,,否,不适用,[],review_only,仅限人工复核,media,确认资料归属泰昌、内容真实、时效有效、中文展示合规且目标库正确,P006-G016,,needs_customer_confirmation,需要客户确认,,资信库资料,泰昌企业证明材料历史候选第57页,,不适用,internal,企业内部资料,泰昌商务补充文件,泰昌商务补充文件,mixed_historical_bid,assets/template_words/商务补充文件.docx,57,(三)补充文件/5.符合招标文件投标人资格要求的证明文件/5.2查询报告及截图/5.2.2.信用中国”（www.creditchina.gov.cn）中的查询结果,"[""泰昌"", ""企业证明材料"", ""历史标书候选"", ""商务标""]",qualification_library,资信库资料,taichang_only,不适用,泰昌企业证明材料历史候选第57页,needs_review,[]
taichang_tenant_internal,"[""补充文件/5.符合招标文件投标人资格要求的证明文件/5.2查询报告及截图/5.2.2.信用中国”（www.creditchina.gov.cn）中的查询结果""]","[""商务标""]",False,business,business-media-0055,suppressed_document_page_caption,企业证明材料,0.45,2d290d5e4e2517313c89eb770713cdd51363c143e3c97066d57f58e430b2ac97,,,new,未发现重复，仍需审核,来源于泰昌商务补充文件，历史位置为“补充文件/5.符合招标文件投标人资格要求的证明文件/5.2查询报告及截图/5.2.2.信用中国”（www.creditchina.gov.cn）中的查询结果”。当前仅用于泰昌资料人工复核，未获准进入正式标书。,河北泰昌电力器材科技有限公司,河北泰昌电力器材科技有限公司,,enterprise_evidence,企业证明材料,False,,否,blocked,尚未通过P0-06人工批准,False,核验原始证据,True,泰昌企业资料,2d290d5e4e2517313c89eb770713cdd51363c143e3c97066d57f58e430b2ac97,uncertain,,否,不适用,[],review_only,仅限人工复核,media,确认资料归属泰昌、内容真实、时效有效、中文展示合规且目标库正确,P006-G016,,needs_customer_confirmation,需要客户确认,,资信库资料,泰昌企业证明材料历史候选第57页,,不适用,internal,企业内部资料,泰昌商务补充文件,泰昌商务补充文件,mixed_historical_bid,assets/template_words/商务补充文件.docx,57,(三)补充文件/5.符合招标文件投标人资格要求的证明文件/5.2查询报告及截图/5.2.2.信用中国”（www.creditchina.gov.cn）中的查询结果,"[""泰昌"", ""企业证明材料"", ""历史标书候选"", ""商务标""]",qualification_library,资信库资料,taichang_only,不适用,泰昌企业证明材料历史候选第57页,needs_review,[]
taichang_tenant_internal,"[""补充文件/5.符合招标文件投标人资格要求的证明文件/5.2查询报告及截图/5.2.2.信用中国”（www.creditchina.gov.cn）中的查询结果""]","[""商务标""]",False,business,business-media-0056,suppressed_document_page_caption,企业证明材料,0.45,431a4b2c1ac6afc0eee696e32fc9241bfc6919972e3832169b3dc2b44498a6b2,,,possible_visual_duplicate,视觉疑似重复,来源于泰昌商务补充文件，历史位置为“补充文件/5.符合招标文件投标人资格要求的证明文件/5.2查询报告及截图/5.2.2.信用中国”（www.creditchina.gov.cn）中的查询结果”。当前仅用于泰昌资料人工复核，未获准进入正式标书。,河北泰昌电力器材科技有限公司,河北泰昌电力器材科技有限公司,taichang-visual-review-4e4d9f197f8fc9c1a4d5,enterprise_evidence,企业证明材料,False,,否,blocked,尚未通过P0-06人工批准,False,优先核重,True,泰昌企业资料,431a4b2c1ac6afc0eee696e32fc9241bfc6919972e3832169b3dc2b44498a6b2,uncertain,,否,不适用,[],review_only,仅限人工复核,media,查看原件并确认是新资产、重复资产或同一证据的不同载体,P006-G016,,needs_manual_review,需要人工复核,,资信库资料,泰昌企业证明材料历史候选第57页,,不适用,internal,企业内部资料,泰昌商务补充文件,泰昌商务补充文件,mixed_historical_bid,assets/template_words/商务补充文件.docx,57,(三)补充文件/5.符合招标文件投标人资格要求的证明文件/5.2查询报告及截图/5.2.2.信用中国”（www.creditchina.gov.cn）中的查询结果,"[""泰昌"", ""企业证明材料"", ""历史标书候选"", ""商务标""]",qualification_library,资信库资料,taichang_only,不适用,泰昌企业证明材料历史候选第57页,needs_review,[]
taichang_tenant_internal,"[""补充文件/5.符合招标文件投标人资格要求的证明文件/5.2查询报告及截图/5.2.2.信用中国”（www.creditchina.gov.cn）中的查询结果""]","[""商务标""]",False,business,business-media-0057,suppressed_document_page_caption,企业证明材料,0.45,ebff0b63d6055e468fdf3a012356e72c4eebbaf30f7d85c7d01985fed648279b,,,possible_visual_duplicate,视觉疑似重复,来源于泰昌商务补充文件，历史位置为“补充文件/5.符合招标文件投标人资格要求的证明文件/5.2查询报告及截图/5.2.2.信用中国”（www.creditchina.gov.cn）中的查询结果”。当前仅用于泰昌资料人工复核，未获准进入正式标书。,河北泰昌电力器材科技有限公司,河北泰昌电力器材科技有限公司,taichang-visual-review-38841215579946ee07af,enterprise_evidence,企业证明材料,False,,否,blocked,尚未通过P0-06人工批准,False,优先核重,True,泰昌企业资料,ebff0b63d6055e468fdf3a012356e72c4eebbaf30f7d85c7d01985fed648279b,uncertain,,否,不适用,[],review_only,仅限人工复核,media,查看原件并确认是新资产、重复资产或同一证据的不同载体,P006-G016,,needs_manual_review,需要人工复核,,资信库资料,泰昌企业证明材料历史候选第57页,,不适用,internal,企业内部资料,泰昌商务补充文件,泰昌商务补充文件,mixed_historical_bid,assets/template_words/商务补充文件.docx,57,(三)补充文件/5.符合招标文件投标人资格要求的证明文件/5.2查询报告及截图/5.2.2.信用中国”（www.creditchina.gov.cn）中的查询结果,"[""泰昌"", ""企业证明材料"", ""历史标书候选"", ""商务标""]",qualification_library,资信库资料,taichang_only,不适用,泰昌企业证明材料历史候选第57页,needs_review,[]
taichang_tenant_internal,"[""补充文件/5.符合招标文件投标人资格要求的证明文件/5.2查询报告及截图/5.2.2.信用中国”（www.creditchina.gov.cn）中的查询结果""]","[""商务标""]",False,business,business-media-0058,suppressed_document_page_caption,企业证明材料,0.45,98c2da32ec6b19b940f810b81999a1308be45f140adc4b170bc94624c52e8636,,,possible_visual_duplicate,视觉疑似重复,来源于泰昌商务补充文件，历史位置为“补充文件/5.符合招标文件投标人资格要求的证明文件/5.2查询报告及截图/5.2.2.信用中国”（www.creditchina.gov.cn）中的查询结果”。当前仅用于泰昌资料人工复核，未获准进入正式标书。,河北泰昌电力器材科技有限公司,河北泰昌电力器材科技有限公司,taichang-visual-review-27029a4bd120470c3f3a,enterprise_evidence,企业证明材料,False,,否,blocked,尚未通过P0-06人工批准,False,优先核重,True,泰昌企业资料,98c2da32ec6b19b940f810b81999a1308be45f140adc4b170bc94624c52e8636,uncertain,,否,不适用,[],review_only,仅限人工复核,media,查看原件并确认是新资产、重复资产或同一证据的不同载体,P006-G016,,needs_manual_review,需要人工复核,,资信库资料,泰昌企业证明材料历史候选第57页,,不适用,internal,企业内部资料,泰昌商务补充文件,泰昌商务补充文件,mixed_historical_bid,assets/template_words/商务补充文件.docx,57,(三)补充文件/5.符合招标文件投标人资格要求的证明文件/5.2查询报告及截图/5.2.2.信用中国”（www.creditchina.gov.cn）中的查询结果,"[""泰昌"", ""企业证明材料"", ""历史标书候选"", ""商务标""]",qualification_library,资信库资料,taichang_only,不适用,泰昌企业证明材料历史候选第57页,needs_review,[]
taichang_tenant_internal,"[""补充文件/5.符合招标文件投标人资格要求的证明文件/5.2查询报告及截图/5.2.2.信用中国”（www.creditchina.gov.cn）中的查询结果""]","[""商务标""]",False,business,business-media-0059,suppressed_document_page_caption,企业证明材料,0.45,99bc84e786a34966dc48740144264b96216ef2a2eae1ba85e9bbc7e0176581da,,,possible_visual_duplicate,视觉疑似重复,来源于泰昌商务补充文件，历史位置为“补充文件/5.符合招标文件投标人资格要求的证明文件/5.2查询报告及截图/5.2.2.信用中国”（www.creditchina.gov.cn）中的查询结果”。当前仅用于泰昌资料人工复核，未获准进入正式标书。,河北泰昌电力器材科技有限公司,河北泰昌电力器材科技有限公司,taichang-visual-review-e67deedee6e743558c36,enterprise_evidence,企业证明材料,False,,否,blocked,尚未通过P0-06人工批准,False,优先核重,True,泰昌企业资料,99bc84e786a34966dc48740144264b96216ef2a2eae1ba85e9bbc7e0176581da,uncertain,,否,不适用,[],review_only,仅限人工复核,media,查看原件并确认是新资产、重复资产或同一证据的不同载体,P006-G016,,needs_manual_review,需要人工复核,,资信库资料,泰昌企业证明材料历史候选第57页,,不适用,internal,企业内部资料,泰昌商务补充文件,泰昌商务补充文件,mixed_historical_bid,assets/template_words/商务补充文件.docx,57,(三)补充文件/5.符合招标文件投标人资格要求的证明文件/5.2查询报告及截图/5.2.2.信用中国”（www.creditchina.gov.cn）中的查询结果,"[""泰昌"", ""企业证明材料"", ""历史标书候选"", ""商务标""]",qualification_library,资信库资料,taichang_only,不适用,泰昌企业证明材料历史候选第57页,needs_review,[]
taichang_tenant_internal,"[""补充文件/5.符合招标文件投标人资格要求的证明文件/5.2查询报告及截图/5.2.2.信用中国”（www.creditchina.gov.cn）中的查询结果""]","[""商务标""]",False,business,business-media-0060,suppressed_document_page_caption,企业证明材料,0.45,f219fce04bd549fb6cc1f92912cc8b79cee45a3b43080db72fa5988cb849a9bc,,,possible_visual_duplicate,视觉疑似重复,来源于泰昌商务补充文件，历史位置为“补充文件/5.符合招标文件投标人资格要求的证明文件/5.2查询报告及截图/5.2.2.信用中国”（www.creditchina.gov.cn）中的查询结果”。当前仅用于泰昌资料人工复核，未获准进入正式标书。,河北泰昌电力器材科技有限公司,河北泰昌电力器材科技有限公司,taichang-visual-review-487d214a1564ded3d94d,enterprise_evidence,企业证明材料,False,,否,blocked,尚未通过P0-06人工批准,False,优先核重,True,泰昌企业资料,f219fce04bd549fb6cc1f92912cc8b79cee45a3b43080db72fa5988cb849a9bc,uncertain,,否,不适用,[],review_only,仅限人工复核,media,查看原件并确认是新资产、重复资产或同一证据的不同载体,P006-G016,,needs_manual_review,需要人工复核,,资信库资料,泰昌企业证明材料历史候选第57页,,不适用,internal,企业内部资料,泰昌商务补充文件,泰昌商务补充文件,mixed_historical_bid,assets/template_words/商务补充文件.docx,57,(三)补充文件/5.符合招标文件投标人资格要求的证明文件/5.2查询报告及截图/5.2.2.信用中国”（www.creditchina.gov.cn）中的查询结果,"[""泰昌"", ""企业证明材料"", ""历史标书候选"", ""商务标""]",qualification_library,资信库资料,taichang_only,不适用,泰昌企业证明材料历史候选第57页,needs_review,[]
taichang_tenant_internal,"[""补充文件/6.财务状况/6.1.新增2024年审计报告""]","[""商务标""]",False,business,business-media-0061,suppressed_document_page_caption,财务资料,0.9,c4e0092ac6da98a1f615215fd77e9676faccadc945529224b33229377394e6e9,,,new,未发现重复，仍需审核,来源于泰昌商务补充文件，历史位置为“补充文件/6.财务状况/6.1.新增2024年审计报告”。当前仅用于泰昌资料人工复核，未获准进入正式标书。,河北泰昌电力器材科技有限公司,河北泰昌电力器材科技有限公司,,finance,财务资料,False,,否,blocked,尚未通过P0-06人工批准,False,延后授权,True,泰昌企业资料,c4e0092ac6da98a1f615215fd77e9676faccadc945529224b33229377394e6e9,reference_layout_only,,否,不适用,[],restricted,受限资料,media,身份、银行、财务、社保、股权或授权资料必须确认权限和使用范围,P006-G017,,needs_customer_confirmation,需要客户确认,,资信库资料,泰昌财务资料历史候选第65页,,否,sensitive,敏感资料,泰昌商务补充文件,泰昌商务补充文件,mixed_historical_bid,assets/template_words/商务补充文件.docx,65,(三)补充文件/6.财务状况/6.1.新增2024年审计报告,"[""泰昌"", ""财务资料"", ""历史标书候选"", ""商务标""]",qualification_library,资信库资料,taichang_only,否,泰昌财务资料历史候选第65页,needs_review,[]
taichang_tenant_internal,"[""补充文件/6.财务状况/6.1.新增2024年审计报告""]","[""商务标""]",False,business,business-media-0062,suppressed_document_page_caption,财务资料,0.9,bbc159622bbad926dc6994ab9734dd5d145ecbe625cf3a84afdbafac535e65dc,,,new,未发现重复，仍需审核,来源于泰昌商务补充文件，历史位置为“补充文件/6.财务状况/6.1.新增2024年审计报告”。当前仅用于泰昌资料人工复核，未获准进入正式标书。,河北泰昌电力器材科技有限公司,河北泰昌电力器材科技有限公司,,finance,财务资料,False,,否,blocked,尚未通过P0-06人工批准,False,延后授权,True,泰昌企业资料,bbc159622bbad926dc6994ab9734dd5d145ecbe625cf3a84afdbafac535e65dc,reference_layout_only,,否,不适用,[],restricted,受限资料,media,身份、银行、财务、社保、股权或授权资料必须确认权限和使用范围,P006-G017,,needs_customer_confirmation,需要客户确认,,资信库资料,泰昌财务资料历史候选第65页,,否,sensitive,敏感资料,泰昌商务补充文件,泰昌商务补充文件,mixed_historical_bid,assets/template_words/商务补充文件.docx,65,(三)补充文件/6.财务状况/6.1.新增2024年审计报告,"[""泰昌"", ""财务资料"", ""历史标书候选"", ""商务标""]",qualification_library,资信库资料,taichang_only,否,泰昌财务资料历史候选第65页,needs_review,[]
taichang_tenant_internal,"[""补充文件/6.财务状况/6.1.新增2024年审计报告""]","[""商务标""]",False,business,business-media-0063,suppressed_document_page_caption,财务资料,0.9,91fec8d639640cb986f1011e7e9b0ea37242accf3ed9bfd200ff9bdcb487ad82,,,new,未发现重复，仍需审核,来源于泰昌商务补充文件，历史位置为“补充文件/6.财务状况/6.1.新增2024年审计报告”。当前仅用于泰昌资料人工复核，未获准进入正式标书。,河北泰昌电力器材科技有限公司,河北泰昌电力器材科技有限公司,,finance,财务资料,False,,否,blocked,尚未通过P0-06人工批准,False,延后授权,True,泰昌企业资料,91fec8d639640cb986f1011e7e9b0ea37242accf3ed9bfd200ff9bdcb487ad82,reference_layout_only,,否,不适用,[],restricted,受限资料,media,身份、银行、财务、社保、股权或授权资料必须确认权限和使用范围,P006-G017,,needs_customer_confirmation,需要客户确认,,资信库资料,泰昌财务资料历史候选第65页,,否,sensitive,敏感资料,泰昌商务补充文件,泰昌商务补充文件,mixed_historical_bid,assets/template_words/商务补充文件.docx,65,(三)补充文件/6.财务状况/6.1.新增2024年审计报告,"[""泰昌"", ""财务资料"", ""历史标书候选"", ""商务标""]",qualification_library,资信库资料,taichang_only,否,泰昌财务资料历史候选第65页,needs_review,[]
taichang_tenant_internal,"[""补充文件/6.财务状况/6.1.新增2024年审计报告""]","[""商务标""]",False,business,business-media-0064,suppressed_document_page_caption,财务资料,0.9,6928880316c7cfeb898fd7ae98ea6eccd2aba42191595b8cf324a51e78711c19,,,new,未发现重复，仍需审核,来源于泰昌商务补充文件，历史位置为“补充文件/6.财务状况/6.1.新增2024年审计报告”。当前仅用于泰昌资料人工复核，未获准进入正式标书。,河北泰昌电力器材科技有限公司,河北泰昌电力器材科技有限公司,,finance,财务资料,False,,否,blocked,尚未通过P0-06人工批准,False,延后授权,True,泰昌企业资料,6928880316c7cfeb898fd7ae98ea6eccd2aba42191595b8cf324a51e78711c19,reference_layout_only,,否,不适用,[],restricted,受限资料,media,身份、银行、财务、社保、股权或授权资料必须确认权限和使用范围,P006-G017,,needs_customer_confirmation,需要客户确认,,资信库资料,泰昌财务资料历史候选第65页,,否,sensitive,敏感资料,泰昌商务补充文件,泰昌商务补充文件,mixed_historical_bid,assets/template_words/商务补充文件.docx,65,(三)补充文件/6.财务状况/6.1.新增2024年审计报告,"[""泰昌"", ""财务资料"", ""历史标书候选"", ""商务标""]",qualification_library,资信库资料,taichang_only,否,泰昌财务资料历史候选第65页,needs_review,[]
taichang_tenant_internal,"[""补充文件/6.财务状况/6.1.新增2024年审计报告""]","[""商务标""]",False,business,business-media-0065,suppressed_document_page_caption,财务资料,0.9,eafd1c8cf57a773f3bf6593cfbd603659f294e548b9d823b206e3bfdc4a0303b,,,new,未发现重复，仍需审核,来源于泰昌商务补充文件，历史位置为“补充文件/6.财务状况/6.1.新增2024年审计报告”。当前仅用于泰昌资料人工复核，未获准进入正式标书。,河北泰昌电力器材科技有限公司,河北泰昌电力器材科技有限公司,,finance,财务资料,False,,否,blocked,尚未通过P0-06人工批准,False,延后授权,True,泰昌企业资料,eafd1c8cf57a773f3bf6593cfbd603659f294e548b9d823b206e3bfdc4a0303b,reference_layout_only,,否,不适用,[],restricted,受限资料,media,身份、银行、财务、社保、股权或授权资料必须确认权限和使用范围,P006-G017,,needs_customer_confirmation,需要客户确认,,资信库资料,泰昌财务资料历史候选第65页,,否,sensitive,敏感资料,泰昌商务补充文件,泰昌商务补充文件,mixed_historical_bid,assets/template_words/商务补充文件.docx,65,(三)补充文件/6.财务状况/6.1.新增2024年审计报告,"[""泰昌"", ""财务资料"", ""历史标书候选"", ""商务标""]",qualification_library,资信库资料,taichang_only,否,泰昌财务资料历史候选第65页,needs_review,[]
taichang_tenant_internal,"[""补充文件/6.财务状况/6.1.新增2024年审计报告""]","[""商务标""]",False,business,business-media-0067,suppressed_document_page_caption,财务资料,0.9,4fb687371dab1199cc7b62e6c902c057a682d28a69f46c379a0ad763c272f1e5,,,possible_visual_duplicate,视觉疑似重复,来源于泰昌商务补充文件，历史位置为“补充文件/6.财务状况/6.1.新增2024年审计报告”。当前仅用于泰昌资料人工复核，未获准进入正式标书。,河北泰昌电力器材科技有限公司,河北泰昌电力器材科技有限公司,taichang-visual-review-940db22ebb86f71dd199,finance,财务资料,False,,否,blocked,尚未通过P0-06人工批准,False,优先核重,True,泰昌企业资料,4fb687371dab1199cc7b62e6c902c057a682d28a69f46c379a0ad763c272f1e5,reference_layout_only,,否,不适用,[],restricted,受限资料,media,查看原件并确认是新资产、重复资产或同一证据的不同载体,P006-G017,,needs_manual_review,需要人工复核,,资信库资料,泰昌财务资料历史候选第65页,,否,sensitive,敏感资料,泰昌商务补充文件,泰昌商务补充文件,mixed_historical_bid,assets/template_words/商务补充文件.docx,65,(三)补充文件/6.财务状况/6.1.新增2024年审计报告,"[""泰昌"", ""财务资料"", ""历史标书候选"", ""商务标""]",qualification_library,资信库资料,taichang_only,否,泰昌财务资料历史候选第65页,needs_review,[]
taichang_tenant_internal,"[""补充文件/6.财务状况/6.1.新增2024年审计报告""]","[""商务标""]",False,business,business-media-0068,suppressed_document_page_caption,财务资料,0.9,3c37d3361d44d8536f70e8726c6bcbdba4412934ac8a95557df229e61dc5602d,,,possible_visual_duplicate,视觉疑似重复,来源于泰昌商务补充文件，历史位置为“补充文件/6.财务状况/6.1.新增2024年审计报告”。当前仅用于泰昌资料人工复核，未获准进入正式标书。,河北泰昌电力器材科技有限公司,河北泰昌电力器材科技有限公司,taichang-visual-review-fbd9bada6b1a539e985a,finance,财务资料,False,,否,blocked,尚未通过P0-06人工批准,False,优先核重,True,泰昌企业资料,3c37d3361d44d8536f70e8726c6bcbdba4412934ac8a95557df229e61dc5602d,reference_layout_only,,否,不适用,[],restricted,受限资料,media,查看原件并确认是新资产、重复资产或同一证据的不同载体,P006-G017,,needs_manual_review,需要人工复核,,资信库资料,泰昌财务资料历史候选第65页,,否,sensitive,敏感资料,泰昌商务补充文件,泰昌商务补充文件,mixed_historical_bid,assets/template_words/商务补充文件.docx,65,(三)补充文件/6.财务状况/6.1.新增2024年审计报告,"[""泰昌"", ""财务资料"", ""历史标书候选"", ""商务标""]",qualification_library,资信库资料,taichang_only,否,泰昌财务资料历史候选第65页,needs_review,[]
taichang_tenant_internal,"[""补充文件/6.财务状况/6.1.新增2024年审计报告""]","[""商务标""]",False,business,business-media-0069,suppressed_document_page_caption,财务资料,0.9,bd25cffa381984a8cc6ce132d431c0f5e20d72b0b8a685930ac91e919ff572bf,,,new,未发现重复，仍需审核,来源于泰昌商务补充文件，历史位置为“补充文件/6.财务状况/6.1.新增2024年审计报告”。当前仅用于泰昌资料人工复核，未获准进入正式标书。,河北泰昌电力器材科技有限公司,河北泰昌电力器材科技有限公司,,finance,财务资料,False,,否,blocked,尚未通过P0-06人工批准,False,延后授权,True,泰昌企业资料,bd25cffa381984a8cc6ce132d431c0f5e20d72b0b8a685930ac91e919ff572bf,reference_layout_only,,否,不适用,[],restricted,受限资料,media,身份、银行、财务、社保、股权或授权资料必须确认权限和使用范围,P006-G017,,needs_customer_confirmation,需要客户确认,,资信库资料,泰昌财务资料历史候选第65页,,否,sensitive,敏感资料,泰昌商务补充文件,泰昌商务补充文件,mixed_historical_bid,assets/template_words/商务补充文件.docx,65,(三)补充文件/6.财务状况/6.1.新增2024年审计报告,"[""泰昌"", ""财务资料"", ""历史标书候选"", ""商务标""]",qualification_library,资信库资料,taichang_only,否,泰昌财务资料历史候选第65页,needs_review,[]
taichang_tenant_internal,"[""补充文件/6.财务状况/6.1.新增2024年审计报告""]","[""商务标""]",False,business,business-media-0070,suppressed_document_page_caption,财务资料,0.9,9ebeb4dec6a6d3458a7ae34dd69b03b4fea5e6cc956127f941bcb634a8171ddd,,,new,未发现重复，仍需审核,来源于泰昌商务补充文件，历史位置为“补充文件/6.财务状况/6.1.新增2024年审计报告”。当前仅用于泰昌资料人工复核，未获准进入正式标书。,河北泰昌电力器材科技有限公司,河北泰昌电力器材科技有限公司,,finance,财务资料,False,,否,blocked,尚未通过P0-06人工批准,False,延后授权,True,泰昌企业资料,9ebeb4dec6a6d3458a7ae34dd69b03b4fea5e6cc956127f941bcb634a8171ddd,reference_layout_only,,否,不适用,[],restricted,受限资料,media,身份、银行、财务、社保、股权或授权资料必须确认权限和使用范围,P006-G017,,needs_customer_confirmation,需要客户确认,,资信库资料,泰昌财务资料历史候选第65页,,否,sensitive,敏感资料,泰昌商务补充文件,泰昌商务补充文件,mixed_historical_bid,assets/template_words/商务补充文件.docx,65,(三)补充文件/6.财务状况/6.1.新增2024年审计报告,"[""泰昌"", ""财务资料"", ""历史标书候选"", ""商务标""]",qualification_library,资信库资料,taichang_only,否,泰昌财务资料历史候选第65页,needs_review,[]
taichang_tenant_internal,"[""补充文件/6.财务状况/6.1.新增2024年审计报告""]","[""商务标""]",False,business,business-media-0071,suppressed_document_page_caption,财务资料,0.9,3aefa46645c3b6d65ae9fad6d57aa2bc4c080a08c582aeedd65173f1d7133a7d,,,new,未发现重复，仍需审核,来源于泰昌商务补充文件，历史位置为“补充文件/6.财务状况/6.1.新增2024年审计报告”。当前仅用于泰昌资料人工复核，未获准进入正式标书。,河北泰昌电力器材科技有限公司,河北泰昌电力器材科技有限公司,,finance,财务资料,False,,否,blocked,尚未通过P0-06人工批准,False,延后授权,True,泰昌企业资料,3aefa46645c3b6d65ae9fad6d57aa2bc4c080a08c582aeedd65173f1d7133a7d,reference_layout_only,,否,不适用,[],restricted,受限资料,media,身份、银行、财务、社保、股权或授权资料必须确认权限和使用范围,P006-G017,,needs_customer_confirmation,需要客户确认,,资信库资料,泰昌财务资料历史候选第65页,,否,sensitive,敏感资料,泰昌商务补充文件,泰昌商务补充文件,mixed_historical_bid,assets/template_words/商务补充文件.docx,65,(三)补充文件/6.财务状况/6.1.新增2024年审计报告,"[""泰昌"", ""财务资料"", ""历史标书候选"", ""商务标""]",qualification_library,资信库资料,taichang_only,否,泰昌财务资料历史候选第65页,needs_review,[]
taichang_tenant_internal,"[""补充文件/6.财务状况/6.1.新增2024年审计报告""]","[""商务标""]",False,business,business-media-0072,suppressed_document_page_caption,财务资料,0.9,0e8271bacf3175c16a3387a4b2115fef1a52034db93164b3e5feb3a970a04c19,,,new,未发现重复，仍需审核,来源于泰昌商务补充文件，历史位置为“补充文件/6.财务状况/6.1.新增2024年审计报告”。当前仅用于泰昌资料人工复核，未获准进入正式标书。,河北泰昌电力器材科技有限公司,河北泰昌电力器材科技有限公司,,finance,财务资料,False,,否,blocked,尚未通过P0-06人工批准,False,延后授权,True,泰昌企业资料,0e8271bacf3175c16a3387a4b2115fef1a52034db93164b3e5feb3a970a04c19,reference_layout_only,,否,不适用,[],restricted,受限资料,media,身份、银行、财务、社保、股权或授权资料必须确认权限和使用范围,P006-G017,,needs_customer_confirmation,需要客户确认,,资信库资料,泰昌财务资料历史候选第65页,,否,sensitive,敏感资料,泰昌商务补充文件,泰昌商务补充文件,mixed_historical_bid,assets/template_words/商务补充文件.docx,65,(三)补充文件/6.财务状况/6.1.新增2024年审计报告,"[""泰昌"", ""财务资料"", ""历史标书候选"", ""商务标""]",qualification_library,资信库资料,taichang_only,否,泰昌财务资料历史候选第65页,needs_review,[]
taichang_tenant_internal,"[""补充文件/6.财务状况/6.1.新增2024年审计报告""]","[""商务标""]",False,business,business-media-0073,suppressed_document_page_caption,财务资料,0.9,8e4ebcb9bf0b16c8d9c3ff3a49c6416bacdc992590ff7d942d194250f81194ed,,,new,未发现重复，仍需审核,来源于泰昌商务补充文件，历史位置为“补充文件/6.财务状况/6.1.新增2024年审计报告”。当前仅用于泰昌资料人工复核，未获准进入正式标书。,河北泰昌电力器材科技有限公司,河北泰昌电力器材科技有限公司,,finance,财务资料,False,,否,blocked,尚未通过P0-06人工批准,False,延后授权,True,泰昌企业资料,8e4ebcb9bf0b16c8d9c3ff3a49c6416bacdc992590ff7d942d194250f81194ed,reference_layout_only,,否,不适用,[],restricted,受限资料,media,身份、银行、财务、社保、股权或授权资料必须确认权限和使用范围,P006-G017,,needs_customer_confirmation,需要客户确认,,资信库资料,泰昌财务资料历史候选第65页,,否,sensitive,敏感资料,泰昌商务补充文件,泰昌商务补充文件,mixed_historical_bid,assets/template_words/商务补充文件.docx,65,(三)补充文件/6.财务状况/6.1.新增2024年审计报告,"[""泰昌"", ""财务资料"", ""历史标书候选"", ""商务标""]",qualification_library,资信库资料,taichang_only,否,泰昌财务资料历史候选第65页,needs_review,[]
taichang_tenant_internal,"[""补充文件/6.财务状况/6.1.新增2024年审计报告""]","[""商务标""]",False,business,business-media-0074,suppressed_document_page_caption,财务资料,0.9,5f2da5b3dd82d1d4f968d2b543f597ec599649d86e095c8678637e12ff4834a3,,,new,未发现重复，仍需审核,来源于泰昌商务补充文件，历史位置为“补充文件/6.财务状况/6.1.新增2024年审计报告”。当前仅用于泰昌资料人工复核，未获准进入正式标书。,河北泰昌电力器材科技有限公司,河北泰昌电力器材科技有限公司,,finance,财务资料,False,,否,blocked,尚未通过P0-06人工批准,False,延后授权,True,泰昌企业资料,5f2da5b3dd82d1d4f968d2b543f597ec599649d86e095c8678637e12ff4834a3,reference_layout_only,,否,不适用,[],restricted,受限资料,media,身份、银行、财务、社保、股权或授权资料必须确认权限和使用范围,P006-G017,,needs_customer_confirmation,需要客户确认,,资信库资料,泰昌财务资料历史候选第65页,,否,sensitive,敏感资料,泰昌商务补充文件,泰昌商务补充文件,mixed_historical_bid,assets/template_words/商务补充文件.docx,65,(三)补充文件/6.财务状况/6.1.新增2024年审计报告,"[""泰昌"", ""财务资料"", ""历史标书候选"", ""商务标""]",qualification_library,资信库资料,taichang_only,否,泰昌财务资料历史候选第65页,needs_review,[]
taichang_tenant_internal,"[""补充文件/6.财务状况/6.1.新增2024年审计报告""]","[""商务标""]",False,business,business-media-0075,suppressed_document_page_caption,财务资料,0.9,ce94aba82e9916c272edad5084fd2bcde883c845274340544fc7794b1b316cf9,,,new,未发现重复，仍需审核,来源于泰昌商务补充文件，历史位置为“补充文件/6.财务状况/6.1.新增2024年审计报告”。当前仅用于泰昌资料人工复核，未获准进入正式标书。,河北泰昌电力器材科技有限公司,河北泰昌电力器材科技有限公司,,finance,财务资料,False,,否,blocked,尚未通过P0-06人工批准,False,延后授权,True,泰昌企业资料,ce94aba82e9916c272edad5084fd2bcde883c845274340544fc7794b1b316cf9,reference_layout_only,,否,不适用,[],restricted,受限资料,media,身份、银行、财务、社保、股权或授权资料必须确认权限和使用范围,P006-G017,,needs_customer_confirmation,需要客户确认,,资信库资料,泰昌财务资料历史候选第65页,,否,sensitive,敏感资料,泰昌商务补充文件,泰昌商务补充文件,mixed_historical_bid,assets/template_words/商务补充文件.docx,65,(三)补充文件/6.财务状况/6.1.新增2024年审计报告,"[""泰昌"", ""财务资料"", ""历史标书候选"", ""商务标""]",qualification_library,资信库资料,taichang_only,否,泰昌财务资料历史候选第65页,needs_review,[]
taichang_tenant_internal,"[""补充文件/6.财务状况/6.1.新增2024年审计报告""]","[""商务标""]",False,business,business-media-0076,suppressed_document_page_caption,财务资料,0.9,aa4f8f2f9f649aabe2eab6c2625a29485edc1f8c823b01d223b28fb8461b9b5d,,,new,未发现重复，仍需审核,来源于泰昌商务补充文件，历史位置为“补充文件/6.财务状况/6.1.新增2024年审计报告”。当前仅用于泰昌资料人工复核，未获准进入正式标书。,河北泰昌电力器材科技有限公司,河北泰昌电力器材科技有限公司,,finance,财务资料,False,,否,blocked,尚未通过P0-06人工批准,False,延后授权,True,泰昌企业资料,aa4f8f2f9f649aabe2eab6c2625a29485edc1f8c823b01d223b28fb8461b9b5d,reference_layout_only,,否,不适用,[],restricted,受限资料,media,身份、银行、财务、社保、股权或授权资料必须确认权限和使用范围,P006-G017,,needs_customer_confirmation,需要客户确认,,资信库资料,泰昌财务资料历史候选第65页,,否,sensitive,敏感资料,泰昌商务补充文件,泰昌商务补充文件,mixed_historical_bid,assets/template_words/商务补充文件.docx,65,(三)补充文件/6.财务状况/6.1.新增2024年审计报告,"[""泰昌"", ""财务资料"", ""历史标书候选"", ""商务标""]",qualification_library,资信库资料,taichang_only,否,泰昌财务资料历史候选第65页,needs_review,[]
taichang_tenant_internal,"[""补充文件/6.财务状况/6.1.新增2024年审计报告""]","[""商务标""]",False,business,business-media-0077,suppressed_document_page_caption,财务资料,0.9,391a0cf25e9e064a414a33f896a7e397c421f42d37314cdd8ba96e138a043e4b,,,new,未发现重复，仍需审核,来源于泰昌商务补充文件，历史位置为“补充文件/6.财务状况/6.1.新增2024年审计报告”。当前仅用于泰昌资料人工复核，未获准进入正式标书。,河北泰昌电力器材科技有限公司,河北泰昌电力器材科技有限公司,,finance,财务资料,False,,否,blocked,尚未通过P0-06人工批准,False,延后授权,True,泰昌企业资料,391a0cf25e9e064a414a33f896a7e397c421f42d37314cdd8ba96e138a043e4b,reference_layout_only,,否,不适用,[],restricted,受限资料,media,身份、银行、财务、社保、股权或授权资料必须确认权限和使用范围,P006-G017,,needs_customer_confirmation,需要客户确认,,资信库资料,泰昌财务资料历史候选第65页,,否,sensitive,敏感资料,泰昌商务补充文件,泰昌商务补充文件,mixed_historical_bid,assets/template_words/商务补充文件.docx,65,(三)补充文件/6.财务状况/6.1.新增2024年审计报告,"[""泰昌"", ""财务资料"", ""历史标书候选"", ""商务标""]",qualification_library,资信库资料,taichang_only,否,泰昌财务资料历史候选第65页,needs_review,[]
taichang_tenant_internal,"[""补充文件/6.财务状况/6.1.新增2024年审计报告""]","[""商务标""]",False,business,business-media-0078,suppressed_document_page_caption,财务资料,0.9,af5f30f7c4a0936a86e16664849e57cdd9c79ed6f3cf588822b0b7abd79cc6b3,,,new,未发现重复，仍需审核,来源于泰昌商务补充文件，历史位置为“补充文件/6.财务状况/6.1.新增2024年审计报告”。当前仅用于泰昌资料人工复核，未获准进入正式标书。,河北泰昌电力器材科技有限公司,河北泰昌电力器材科技有限公司,,finance,财务资料,False,,否,blocked,尚未通过P0-06人工批准,False,延后授权,True,泰昌企业资料,af5f30f7c4a0936a86e16664849e57cdd9c79ed6f3cf588822b0b7abd79cc6b3,reference_layout_only,,否,不适用,[],restricted,受限资料,media,身份、银行、财务、社保、股权或授权资料必须确认权限和使用范围,P006-G017,,needs_customer_confirmation,需要客户确认,,资信库资料,泰昌财务资料历史候选第65页,,否,sensitive,敏感资料,泰昌商务补充文件,泰昌商务补充文件,mixed_historical_bid,assets/template_words/商务补充文件.docx,65,(三)补充文件/6.财务状况/6.1.新增2024年审计报告,"[""泰昌"", ""财务资料"", ""历史标书候选"", ""商务标""]",qualification_library,资信库资料,taichang_only,否,泰昌财务资料历史候选第65页,needs_review,[]
taichang_tenant_internal,"[""补充文件/6.财务状况/6.1.新增2024年审计报告""]","[""商务标""]",False,business,business-media-0079,suppressed_document_page_caption,财务资料,0.9,5f5c671f6c3db0354b6c52b4d5ca5ab0aaeab6949d1c506b3ede616382f7e433,,,new,未发现重复，仍需审核,来源于泰昌商务补充文件，历史位置为“补充文件/6.财务状况/6.1.新增2024年审计报告”。当前仅用于泰昌资料人工复核，未获准进入正式标书。,河北泰昌电力器材科技有限公司,河北泰昌电力器材科技有限公司,,finance,财务资料,False,,否,blocked,尚未通过P0-06人工批准,False,延后授权,True,泰昌企业资料,5f5c671f6c3db0354b6c52b4d5ca5ab0aaeab6949d1c506b3ede616382f7e433,reference_layout_only,,否,不适用,[],restricted,受限资料,media,身份、银行、财务、社保、股权或授权资料必须确认权限和使用范围,P006-G017,,needs_customer_confirmation,需要客户确认,,资信库资料,泰昌财务资料历史候选第65页,,否,sensitive,敏感资料,泰昌商务补充文件,泰昌商务补充文件,mixed_historical_bid,assets/template_words/商务补充文件.docx,65,(三)补充文件/6.财务状况/6.1.新增2024年审计报告,"[""泰昌"", ""财务资料"", ""历史标书候选"", ""商务标""]",qualification_library,资信库资料,taichang_only,否,泰昌财务资料历史候选第65页,needs_review,[]
taichang_tenant_internal,"[""补充文件/6.财务状况/6.1.新增2024年审计报告""]","[""商务标""]",False,business,business-media-0080,suppressed_document_page_caption,财务资料,0.9,89bb453ce44bf938b8b8173c173192833fe27accc43c8a5be1f8b2ffa8a19313,,,new,未发现重复，仍需审核,来源于泰昌商务补充文件，历史位置为“补充文件/6.财务状况/6.1.新增2024年审计报告”。当前仅用于泰昌资料人工复核，未获准进入正式标书。,河北泰昌电力器材科技有限公司,河北泰昌电力器材科技有限公司,,finance,财务资料,False,,否,blocked,尚未通过P0-06人工批准,False,延后授权,True,泰昌企业资料,89bb453ce44bf938b8b8173c173192833fe27accc43c8a5be1f8b2ffa8a19313,reference_layout_only,,否,不适用,[],restricted,受限资料,media,身份、银行、财务、社保、股权或授权资料必须确认权限和使用范围,P006-G017,,needs_customer_confirmation,需要客户确认,,资信库资料,泰昌财务资料历史候选第65页,,否,sensitive,敏感资料,泰昌商务补充文件,泰昌商务补充文件,mixed_historical_bid,assets/template_words/商务补充文件.docx,65,(三)补充文件/6.财务状况/6.1.新增2024年审计报告,"[""泰昌"", ""财务资料"", ""历史标书候选"", ""商务标""]",qualification_library,资信库资料,taichang_only,否,泰昌财务资料历史候选第65页,needs_review,[]
taichang_tenant_internal,"[""补充文件/6.财务状况/6.1.新增2024年审计报告""]","[""商务标""]",False,business,business-media-0081,suppressed_document_page_caption,财务资料,0.9,36994e6c8d683b6df924f3ec2ea968ac00ee0efa5f7ed5d985864259a6a24f18,,,new,未发现重复，仍需审核,来源于泰昌商务补充文件，历史位置为“补充文件/6.财务状况/6.1.新增2024年审计报告”。当前仅用于泰昌资料人工复核，未获准进入正式标书。,河北泰昌电力器材科技有限公司,河北泰昌电力器材科技有限公司,,finance,财务资料,False,,否,blocked,尚未通过P0-06人工批准,False,延后授权,True,泰昌企业资料,36994e6c8d683b6df924f3ec2ea968ac00ee0efa5f7ed5d985864259a6a24f18,reference_layout_only,,否,不适用,[],restricted,受限资料,media,身份、银行、财务、社保、股权或授权资料必须确认权限和使用范围,P006-G017,,needs_customer_confirmation,需要客户确认,,资信库资料,泰昌财务资料历史候选第65页,,否,sensitive,敏感资料,泰昌商务补充文件,泰昌商务补充文件,mixed_historical_bid,assets/template_words/商务补充文件.docx,65,(三)补充文件/6.财务状况/6.1.新增2024年审计报告,"[""泰昌"", ""财务资料"", ""历史标书候选"", ""商务标""]",qualification_library,资信库资料,taichang_only,否,泰昌财务资料历史候选第65页,needs_review,[]
taichang_tenant_internal,"[""补充文件/6.财务状况/6.1.新增2024年审计报告""]","[""商务标""]",False,business,business-media-0082,suppressed_document_page_caption,财务资料,0.9,ff3ec2d36a366c0d4ffdeb3e901e890a25a3a29693d995bf6709ec87156e1ae7,,,new,未发现重复，仍需审核,来源于泰昌商务补充文件，历史位置为“补充文件/6.财务状况/6.1.新增2024年审计报告”。当前仅用于泰昌资料人工复核，未获准进入正式标书。,河北泰昌电力器材科技有限公司,河北泰昌电力器材科技有限公司,,finance,财务资料,False,,否,blocked,尚未通过P0-06人工批准,False,延后授权,True,泰昌企业资料,ff3ec2d36a366c0d4ffdeb3e901e890a25a3a29693d995bf6709ec87156e1ae7,reference_layout_only,,否,不适用,[],restricted,受限资料,media,身份、银行、财务、社保、股权或授权资料必须确认权限和使用范围,P006-G017,,needs_customer_confirmation,需要客户确认,,资信库资料,泰昌财务资料历史候选第65页,,否,sensitive,敏感资料,泰昌商务补充文件,泰昌商务补充文件,mixed_historical_bid,assets/template_words/商务补充文件.docx,65,(三)补充文件/6.财务状况/6.1.新增2024年审计报告,"[""泰昌"", ""财务资料"", ""历史标书候选"", ""商务标""]",qualification_library,资信库资料,taichang_only,否,泰昌财务资料历史候选第65页,needs_review,[]
taichang_tenant_internal,"[""补充文件/6.财务状况/6.1.新增2024年审计报告""]","[""商务标""]",False,business,business-media-0083,suppressed_document_page_caption,财务资料,0.9,7ff632fe07321d821663253b8d5ed04c361eb4029b7d0afa314a46f00fa80e32,,,new,未发现重复，仍需审核,来源于泰昌商务补充文件，历史位置为“补充文件/6.财务状况/6.1.新增2024年审计报告”。当前仅用于泰昌资料人工复核，未获准进入正式标书。,河北泰昌电力器材科技有限公司,河北泰昌电力器材科技有限公司,,finance,财务资料,False,,否,blocked,尚未通过P0-06人工批准,False,延后授权,True,泰昌企业资料,7ff632fe07321d821663253b8d5ed04c361eb4029b7d0afa314a46f00fa80e32,reference_layout_only,,否,不适用,[],restricted,受限资料,media,身份、银行、财务、社保、股权或授权资料必须确认权限和使用范围,P006-G017,,needs_customer_confirmation,需要客户确认,,资信库资料,泰昌财务资料历史候选第65页,,否,sensitive,敏感资料,泰昌商务补充文件,泰昌商务补充文件,mixed_historical_bid,assets/template_words/商务补充文件.docx,65,(三)补充文件/6.财务状况/6.1.新增2024年审计报告,"[""泰昌"", ""财务资料"", ""历史标书候选"", ""商务标""]",qualification_library,资信库资料,taichang_only,否,泰昌财务资料历史候选第65页,needs_review,[]
taichang_tenant_internal,"[""补充文件/6.财务状况/6.1.新增2024年审计报告""]","[""商务标""]",False,business,business-media-0084,suppressed_document_page_caption,财务资料,0.9,8bb1a9e4836727a536c5585a24ef956b7ac3effed40d43d2cdd16f4282a04308,,,new,未发现重复，仍需审核,来源于泰昌商务补充文件，历史位置为“补充文件/6.财务状况/6.1.新增2024年审计报告”。当前仅用于泰昌资料人工复核，未获准进入正式标书。,河北泰昌电力器材科技有限公司,河北泰昌电力器材科技有限公司,,finance,财务资料,False,,否,blocked,尚未通过P0-06人工批准,False,延后授权,True,泰昌企业资料,8bb1a9e4836727a536c5585a24ef956b7ac3effed40d43d2cdd16f4282a04308,reference_layout_only,,否,不适用,[],restricted,受限资料,media,身份、银行、财务、社保、股权或授权资料必须确认权限和使用范围,P006-G017,,needs_customer_confirmation,需要客户确认,,资信库资料,泰昌财务资料历史候选第65页,,否,sensitive,敏感资料,泰昌商务补充文件,泰昌商务补充文件,mixed_historical_bid,assets/template_words/商务补充文件.docx,65,(三)补充文件/6.财务状况/6.1.新增2024年审计报告,"[""泰昌"", ""财务资料"", ""历史标书候选"", ""商务标""]",qualification_library,资信库资料,taichang_only,否,泰昌财务资料历史候选第65页,needs_review,[]
taichang_tenant_internal,"[""补充文件/6.财务状况/6.1.新增2024年审计报告""]","[""商务标""]",False,business,business-media-0085,suppressed_document_page_caption,财务资料,0.9,d2206bd4d4b03aec322678cc52ec77aec6ce920e00de391785f2eeeba688c2fe,,,new,未发现重复，仍需审核,来源于泰昌商务补充文件，历史位置为“补充文件/6.财务状况/6.1.新增2024年审计报告”。当前仅用于泰昌资料人工复核，未获准进入正式标书。,河北泰昌电力器材科技有限公司,河北泰昌电力器材科技有限公司,,finance,财务资料,False,,否,blocked,尚未通过P0-06人工批准,False,延后授权,True,泰昌企业资料,d2206bd4d4b03aec322678cc52ec77aec6ce920e00de391785f2eeeba688c2fe,reference_layout_only,,否,不适用,[],restricted,受限资料,media,身份、银行、财务、社保、股权或授权资料必须确认权限和使用范围,P006-G017,,needs_customer_confirmation,需要客户确认,,资信库资料,泰昌财务资料历史候选第65页,,否,sensitive,敏感资料,泰昌商务补充文件,泰昌商务补充文件,mixed_historical_bid,assets/template_words/商务补充文件.docx,65,(三)补充文件/6.财务状况/6.1.新增2024年审计报告,"[""泰昌"", ""财务资料"", ""历史标书候选"", ""商务标""]",qualification_library,资信库资料,taichang_only,否,泰昌财务资料历史候选第65页,needs_review,[]
taichang_tenant_internal,"[""补充文件/6.财务状况/6.1.新增2024年审计报告""]","[""商务标""]",False,business,business-media-0086,suppressed_document_page_caption,财务资料,0.9,1deaa1e906669947180c384fb530106b94cf86d2163ad8e2ea8bef41f86081bb,,,new,未发现重复，仍需审核,来源于泰昌商务补充文件，历史位置为“补充文件/6.财务状况/6.1.新增2024年审计报告”。当前仅用于泰昌资料人工复核，未获准进入正式标书。,河北泰昌电力器材科技有限公司,河北泰昌电力器材科技有限公司,,finance,财务资料,False,,否,blocked,尚未通过P0-06人工批准,False,延后授权,True,泰昌企业资料,1deaa1e906669947180c384fb530106b94cf86d2163ad8e2ea8bef41f86081bb,reference_layout_only,,否,不适用,[],restricted,受限资料,media,身份、银行、财务、社保、股权或授权资料必须确认权限和使用范围,P006-G017,,needs_customer_confirmation,需要客户确认,,资信库资料,泰昌财务资料历史候选第65页,,否,sensitive,敏感资料,泰昌商务补充文件,泰昌商务补充文件,mixed_historical_bid,assets/template_words/商务补充文件.docx,65,(三)补充文件/6.财务状况/6.1.新增2024年审计报告,"[""泰昌"", ""财务资料"", ""历史标书候选"", ""商务标""]",qualification_library,资信库资料,taichang_only,否,泰昌财务资料历史候选第65页,needs_review,[]
taichang_tenant_internal,"[""补充文件/6.财务状况/6.1.新增2024年审计报告""]","[""商务标""]",False,business,business-media-0087,suppressed_document_page_caption,财务资料,0.9,f43e0846a3d31e3dba7dc372ef2ef5028e45ce1922dfcf3dd92f9fa51a1d164b,,,new,未发现重复，仍需审核,来源于泰昌商务补充文件，历史位置为“补充文件/6.财务状况/6.1.新增2024年审计报告”。当前仅用于泰昌资料人工复核，未获准进入正式标书。,河北泰昌电力器材科技有限公司,河北泰昌电力器材科技有限公司,,finance,财务资料,False,,否,blocked,尚未通过P0-06人工批准,False,延后授权,True,泰昌企业资料,f43e0846a3d31e3dba7dc372ef2ef5028e45ce1922dfcf3dd92f9fa51a1d164b,reference_layout_only,,否,不适用,[],restricted,受限资料,media,身份、银行、财务、社保、股权或授权资料必须确认权限和使用范围,P006-G017,,needs_customer_confirmation,需要客户确认,,资信库资料,泰昌财务资料历史候选第65页,,否,sensitive,敏感资料,泰昌商务补充文件,泰昌商务补充文件,mixed_historical_bid,assets/template_words/商务补充文件.docx,65,(三)补充文件/6.财务状况/6.1.新增2024年审计报告,"[""泰昌"", ""财务资料"", ""历史标书候选"", ""商务标""]",qualification_library,资信库资料,taichang_only,否,泰昌财务资料历史候选第65页,needs_review,[]
taichang_tenant_internal,"[""补充文件/6.财务状况/6.1.新增2024年审计报告""]","[""商务标""]",False,business,business-media-0088,suppressed_document_page_caption,财务资料,0.9,97a6678c68584dca2a3351a0245fbd61ba97d10ccebcb20f00dbc2b05ad5250b,,,new,未发现重复，仍需审核,来源于泰昌商务补充文件，历史位置为“补充文件/6.财务状况/6.1.新增2024年审计报告”。当前仅用于泰昌资料人工复核，未获准进入正式标书。,河北泰昌电力器材科技有限公司,河北泰昌电力器材科技有限公司,,finance,财务资料,False,,否,blocked,尚未通过P0-06人工批准,False,延后授权,True,泰昌企业资料,97a6678c68584dca2a3351a0245fbd61ba97d10ccebcb20f00dbc2b05ad5250b,reference_layout_only,,否,不适用,[],restricted,受限资料,media,身份、银行、财务、社保、股权或授权资料必须确认权限和使用范围,P006-G017,,needs_customer_confirmation,需要客户确认,,资信库资料,泰昌财务资料历史候选第65页,,否,sensitive,敏感资料,泰昌商务补充文件,泰昌商务补充文件,mixed_historical_bid,assets/template_words/商务补充文件.docx,65,(三)补充文件/6.财务状况/6.1.新增2024年审计报告,"[""泰昌"", ""财务资料"", ""历史标书候选"", ""商务标""]",qualification_library,资信库资料,taichang_only,否,泰昌财务资料历史候选第65页,needs_review,[]
taichang_tenant_internal,"[""补充文件/6.财务状况/6.1.新增2024年审计报告""]","[""商务标""]",False,business,business-media-0089,suppressed_document_page_caption,财务资料,0.9,67f1b6d874f58275d0dbfc0d9f5f56211fc65da02a7aea58dc5dc6c9cee53237,,,new,未发现重复，仍需审核,来源于泰昌商务补充文件，历史位置为“补充文件/6.财务状况/6.1.新增2024年审计报告”。当前仅用于泰昌资料人工复核，未获准进入正式标书。,河北泰昌电力器材科技有限公司,河北泰昌电力器材科技有限公司,,finance,财务资料,False,,否,blocked,尚未通过P0-06人工批准,False,延后授权,True,泰昌企业资料,67f1b6d874f58275d0dbfc0d9f5f56211fc65da02a7aea58dc5dc6c9cee53237,reference_layout_only,,否,不适用,[],restricted,受限资料,media,身份、银行、财务、社保、股权或授权资料必须确认权限和使用范围,P006-G017,,needs_customer_confirmation,需要客户确认,,资信库资料,泰昌财务资料历史候选第65页,,否,sensitive,敏感资料,泰昌商务补充文件,泰昌商务补充文件,mixed_historical_bid,assets/template_words/商务补充文件.docx,65,(三)补充文件/6.财务状况/6.1.新增2024年审计报告,"[""泰昌"", ""财务资料"", ""历史标书候选"", ""商务标""]",qualification_library,资信库资料,taichang_only,否,泰昌财务资料历史候选第65页,needs_review,[]
taichang_tenant_internal,"[""法定代表人（单位负责人）权委托书""]","[""商务标""]",False,business,business-media-0341,suppressed_document_page_caption,授权文件,0.9,15595b8ff2874c78b0bab8cbfa0fb5c043a3a2ab761e5e07d9fb0367aee3914a,,,new,未发现重复，仍需审核,来源于泰昌商务补充文件，历史位置为“法定代表人（单位负责人）权委托书”。当前仅用于泰昌资料人工复核，未获准进入正式标书。,河北泰昌电力器材科技有限公司,河北泰昌电力器材科技有限公司,,authorization,授权文件,False,,否,blocked,尚未通过P0-06人工批准,False,延后授权,True,泰昌企业资料,15595b8ff2874c78b0bab8cbfa0fb5c043a3a2ab761e5e07d9fb0367aee3914a,tender_mandated,,否,不适用,[],restricted,受限资料,media,身份、银行、财务、社保、股权或授权资料必须确认权限和使用范围,P006-G018,,needs_customer_confirmation,需要客户确认,,资信库资料,泰昌授权文件历史候选第325页,,否,restricted,受限资料,泰昌商务补充文件,泰昌商务补充文件,mixed_historical_bid,assets/template_words/商务补充文件.docx,325,（四）法定代表人（单位负责人）权委托书,"[""泰昌"", ""授权文件"", ""历史标书候选"", ""商务标""]",qualification_library,资信库资料,taichang_only,否,泰昌授权文件历史候选第325页,needs_review,[]
taichang_tenant_internal,"[""未归入章节""]","[""技术标""]",False,technical,technical-media-0001,suppressed_document_page_caption,企业证明材料,0.45,da2418eb84c5b466c62f92b2c08defbee1aa3eb16f09ef3d414132378b0987b2,,,possible_visual_duplicate,视觉疑似重复,来源于泰昌技术补充文件，历史位置为“未归入章节”。当前仅用于泰昌资料人工复核，未获准进入正式标书。,河北泰昌电力器材科技有限公司,河北泰昌电力器材科技有限公司,taichang-visual-review-2137b36704aaafab504a,enterprise_evidence,企业证明材料,False,,否,blocked,尚未通过P0-06人工批准,False,优先核重,True,泰昌企业资料,da2418eb84c5b466c62f92b2c08defbee1aa3eb16f09ef3d414132378b0987b2,uncertain,,否,不适用,[],review_only,仅限人工复核,media,查看原件并确认是新资产、重复资产或同一证据的不同载体,P006-G019,,needs_manual_review,需要人工复核,,产品库资料,泰昌企业证明材料历史候选第1页,,不适用,internal,企业内部资料,泰昌技术补充文件,泰昌技术补充文件,mixed_historical_bid,assets/template_words/技术补充文件.docx,1,未归入章节,"[""泰昌"", ""企业证明材料"", ""历史标书候选"", ""技术标""]",product_library,产品库资料,taichang_only,不适用,泰昌企业证明材料历史候选第1页,needs_review,[]
taichang_tenant_internal,"[""技术偏差表/1.技术偏差表""]","[""技术标""]",False,technical,technical-fact-0004,suppressed_document_page_caption,产品参数表,0.85,1e0dbd60795ef883369a0e31cb3f16ad10beca7cfe04248e2b9c2bacdff0ddef,,,new,未发现重复，仍需审核,来源于泰昌技术补充文件，历史位置为“技术偏差表/1.技术偏差表”。当前仅用于泰昌资料人工复核，未获准进入正式标书。,河北泰昌电力器材科技有限公司,河北泰昌电力器材科技有限公司,,product_parameter_table,产品参数表,False,,否,blocked,尚未通过P0-06人工批准,False,优先结构化核验,True,电缆保护管,,tender_mandated,,否,否,"[""电缆保护管通用""]",review_only,仅限人工复核,fact_candidate,核对产品族、规格型号、参数值和原始表格，批准后仍须走结构化抽取,P006-G020,,needs_customer_confirmation,需要客户确认,,产品库资料,泰昌产品参数表历史候选第4页,,不适用,internal,企业内部资料,泰昌技术补充文件,泰昌技术补充文件,mixed_historical_bid,assets/template_words/技术补充文件.docx,4,（一）技术偏差表/1.技术偏差表,"[""泰昌"", ""产品参数表"", ""历史标书候选"", ""技术标"", ""电缆保护管通用""]",product_library,产品库资料,taichang_only,不适用,泰昌产品参数表历史候选第4页,coverage_unconfirmed,[]
taichang_tenant_internal,"[""专项投标文件/1.业绩文件/1.1.资格预审通知书""]","[""技术标""]",False,technical,technical-media-0002,suppressed_document_page_caption,项目业绩,0.8,024217890bffe91af9a61079590d6b6538f9b6d5713a1c4c4744cc6eb1eeac24,,,new,未发现重复，仍需审核,来源于泰昌技术补充文件，历史位置为“专项投标文件/1.业绩文件/1.1.资格预审通知书”。当前仅用于泰昌资料人工复核，未获准进入正式标书。,河北泰昌电力器材科技有限公司,河北泰昌电力器材科技有限公司,,project_performance,项目业绩,False,,否,blocked,尚未通过P0-06人工批准,False,核验原始证据,True,泰昌企业资料,024217890bffe91af9a61079590d6b6538f9b6d5713a1c4c4744cc6eb1eeac24,reference_layout_only,,否,不适用,[],review_only,仅限人工复核,media,确认资料归属泰昌、内容真实、时效有效、中文展示合规且目标库正确,P006-G021,,needs_customer_confirmation,需要客户确认,,资信库资料,泰昌项目业绩历史候选第5页,,不适用,internal,企业内部资料,泰昌技术补充文件,泰昌技术补充文件,mixed_historical_bid,assets/template_words/技术补充文件.docx,5,（二）专项投标文件/1.业绩文件/1.1.资格预审通知书,"[""泰昌"", ""项目业绩"", ""历史标书候选"", ""技术标""]",qualification_library,资信库资料,taichang_only,否,泰昌项目业绩历史候选第5页,needs_review,[]
taichang_tenant_internal,"[""专项投标文件/10.认证证书/10.1.质量管理体系认证证书""]","[""技术标""]",False,technical,technical-media-0309,suppressed_document_page_caption,资质证书,0.9,ff35c4b67fb13525dc75cc6451c186d2e736a61a427998e6c6c7b94480f89c7e,,,possible_visual_duplicate,视觉疑似重复,来源于泰昌技术补充文件，历史位置为“专项投标文件/10.认证证书/10.1.质量管理体系认证证书”。当前仅用于泰昌资料人工复核，未获准进入正式标书。,河北泰昌电力器材科技有限公司,河北泰昌电力器材科技有限公司,taichang-visual-review-f4d951673c80e327d4c3,certification,资质证书,False,,否,blocked,尚未通过P0-06人工批准,False,优先核重,True,泰昌企业资料,ff35c4b67fb13525dc75cc6451c186d2e736a61a427998e6c6c7b94480f89c7e,reference_layout_only,,否,不适用,[],review_only,仅限人工复核,media,查看原件并确认是新资产、重复资产或同一证据的不同载体,P006-G022,,needs_manual_review,需要人工复核,,资信库资料,泰昌资质证书历史候选第319页,,不适用,internal,企业内部资料,泰昌技术补充文件,泰昌技术补充文件,mixed_historical_bid,assets/template_words/技术补充文件.docx,319,（二）专项投标文件/10.认证证书/10.1.质量管理体系认证证书,"[""泰昌"", ""资质证书"", ""历史标书候选"", ""技术标""]",qualification_library,资信库资料,taichang_only,否,泰昌资质证书历史候选第319页,needs_review,[]
taichang_tenant_internal,"[""专项投标文件/10.认证证书/10.1.质量管理体系认证证书""]","[""技术标""]",False,technical,technical-media-0310,suppressed_document_page_caption,资质证书,0.9,9e593fb7c374d2b4227cb92d4699c3f2cec5499d7390a456a55ece0fc1e95e6f,,,possible_visual_duplicate,视觉疑似重复,来源于泰昌技术补充文件，历史位置为“专项投标文件/10.认证证书/10.1.质量管理体系认证证书”。当前仅用于泰昌资料人工复核，未获准进入正式标书。,河北泰昌电力器材科技有限公司,河北泰昌电力器材科技有限公司,taichang-visual-review-4f1753a38b471c59b917,certification,资质证书,False,,否,blocked,尚未通过P0-06人工批准,False,优先核重,True,泰昌企业资料,9e593fb7c374d2b4227cb92d4699c3f2cec5499d7390a456a55ece0fc1e95e6f,reference_layout_only,,否,不适用,[],review_only,仅限人工复核,media,查看原件并确认是新资产、重复资产或同一证据的不同载体,P006-G022,,needs_manual_review,需要人工复核,,资信库资料,泰昌资质证书历史候选第319页,,不适用,internal,企业内部资料,泰昌技术补充文件,泰昌技术补充文件,mixed_historical_bid,assets/template_words/技术补充文件.docx,319,（二）专项投标文件/10.认证证书/10.1.质量管理体系认证证书,"[""泰昌"", ""资质证书"", ""历史标书候选"", ""技术标""]",qualification_library,资信库资料,taichang_only,否,泰昌资质证书历史候选第319页,needs_review,[]
taichang_tenant_internal,"[""专项投标文件/10.认证证书/10.2.职业健康安全管理体系认证证书""]","[""技术标""]",False,technical,technical-media-0311,suppressed_document_page_caption,资质证书,0.9,4311398d8c536b134ab23db094162e10bba50bb5306c3ad85fdd217403ff7bcc,,,possible_visual_duplicate,视觉疑似重复,来源于泰昌技术补充文件，历史位置为“专项投标文件/10.认证证书/10.2.职业健康安全管理体系认证证书”。当前仅用于泰昌资料人工复核，未获准进入正式标书。,河北泰昌电力器材科技有限公司,河北泰昌电力器材科技有限公司,taichang-visual-review-efec7235d7b75605f509,certification,资质证书,False,,否,blocked,尚未通过P0-06人工批准,False,延后补证,True,泰昌企业资料,4311398d8c536b134ab23db094162e10bba50bb5306c3ad85fdd217403ff7bcc,reference_layout_only,,否,不适用,[],review_only,仅限人工复核,media,历史证书已于2026年6月18日到期，必须提供有效续证，禁止正式引用旧证,P006-G023,,needs_manual_review,需要人工复核,,资信库资料,泰昌资质证书历史候选第322页,,不适用,internal,企业内部资料,泰昌技术补充文件,泰昌技术补充文件,mixed_historical_bid,assets/template_words/技术补充文件.docx,322,（二）专项投标文件/10.认证证书/10.2.职业健康安全管理体系认证证书,"[""泰昌"", ""资质证书"", ""历史标书候选"", ""技术标""]",qualification_library,资信库资料,taichang_only,否,泰昌资质证书历史候选第322页,needs_review,[]
taichang_tenant_internal,"[""专项投标文件/10.认证证书/10.2.职业健康安全管理体系认证证书""]","[""技术标""]",False,technical,technical-media-0312,suppressed_document_page_caption,资质证书,0.9,d6fbcdeedc1a3ca0715d4705a1155d52f09f40a52bebbbc2fd5997b627d3ef57,,,possible_visual_duplicate,视觉疑似重复,来源于泰昌技术补充文件，历史位置为“专项投标文件/10.认证证书/10.2.职业健康安全管理体系认证证书”。当前仅用于泰昌资料人工复核，未获准进入正式标书。,河北泰昌电力器材科技有限公司,河北泰昌电力器材科技有限公司,taichang-visual-review-f300f52daabe19c71d09,certification,资质证书,False,,否,blocked,尚未通过P0-06人工批准,False,延后补证,True,泰昌企业资料,d6fbcdeedc1a3ca0715d4705a1155d52f09f40a52bebbbc2fd5997b627d3ef57,reference_layout_only,,否,不适用,[],review_only,仅限人工复核,media,历史证书已于2026年6月18日到期，必须提供有效续证，禁止正式引用旧证,P006-G023,,needs_manual_review,需要人工复核,,资信库资料,泰昌资质证书历史候选第322页,,不适用,internal,企业内部资料,泰昌技术补充文件,泰昌技术补充文件,mixed_historical_bid,assets/template_words/技术补充文件.docx,322,（二）专项投标文件/10.认证证书/10.2.职业健康安全管理体系认证证书,"[""泰昌"", ""资质证书"", ""历史标书候选"", ""技术标""]",qualification_library,资信库资料,taichang_only,否,泰昌资质证书历史候选第322页,needs_review,[]
taichang_tenant_internal,"[""专项投标文件/10.认证证书/10.2.职业健康安全管理体系认证证书""]","[""技术标""]",False,technical,technical-media-0313,suppressed_document_page_caption,资质证书,0.9,97475001330d47adf6eca8c6b5c0e9ad6926c8fae3dcb92253c7890b6f178f8c,,,possible_visual_duplicate,视觉疑似重复,来源于泰昌技术补充文件，历史位置为“专项投标文件/10.认证证书/10.2.职业健康安全管理体系认证证书”。当前仅用于泰昌资料人工复核，未获准进入正式标书。,河北泰昌电力器材科技有限公司,河北泰昌电力器材科技有限公司,taichang-visual-review-4e00ae3bcd9b1e34c43d,certification,资质证书,False,,否,blocked,尚未通过P0-06人工批准,False,延后补证,True,泰昌企业资料,97475001330d47adf6eca8c6b5c0e9ad6926c8fae3dcb92253c7890b6f178f8c,reference_layout_only,,否,不适用,[],review_only,仅限人工复核,media,历史证书已于2026年6月18日到期，必须提供有效续证，禁止正式引用旧证,P006-G023,,needs_manual_review,需要人工复核,,资信库资料,泰昌资质证书历史候选第322页,,不适用,internal,企业内部资料,泰昌技术补充文件,泰昌技术补充文件,mixed_historical_bid,assets/template_words/技术补充文件.docx,322,（二）专项投标文件/10.认证证书/10.2.职业健康安全管理体系认证证书,"[""泰昌"", ""资质证书"", ""历史标书候选"", ""技术标""]",qualification_library,资信库资料,taichang_only,否,泰昌资质证书历史候选第322页,needs_review,[]
taichang_tenant_internal,"[""专项投标文件/10.认证证书/10.3.环境管理体系认证证书""]","[""技术标""]",False,technical,technical-media-0314,suppressed_document_page_caption,资质证书,0.9,5471bfe25f8e5352f8c78312cf1400e03b17c6e21e5646a2c8f6510b8fa96c52,,,possible_visual_duplicate,视觉疑似重复,来源于泰昌技术补充文件，历史位置为“专项投标文件/10.认证证书/10.3.环境管理体系认证证书”。当前仅用于泰昌资料人工复核，未获准进入正式标书。,河北泰昌电力器材科技有限公司,河北泰昌电力器材科技有限公司,taichang-visual-review-460d43617f1824017111,certification,资质证书,False,,否,blocked,尚未通过P0-06人工批准,False,优先核重,True,泰昌企业资料,5471bfe25f8e5352f8c78312cf1400e03b17c6e21e5646a2c8f6510b8fa96c52,reference_layout_only,,否,不适用,[],review_only,仅限人工复核,media,查看原件并确认是新资产、重复资产或同一证据的不同载体,P006-G024,,needs_manual_review,需要人工复核,,资信库资料,泰昌资质证书历史候选第325页,,不适用,internal,企业内部资料,泰昌技术补充文件,泰昌技术补充文件,mixed_historical_bid,assets/template_words/技术补充文件.docx,325,（二）专项投标文件/10.认证证书/10.3.环境管理体系认证证书,"[""泰昌"", ""资质证书"", ""历史标书候选"", ""技术标""]",qualification_library,资信库资料,taichang_only,否,泰昌资质证书历史候选第325页,needs_review,[]
taichang_tenant_internal,"[""专项投标文件/10.认证证书/10.3.环境管理体系认证证书""]","[""技术标""]",False,technical,technical-media-0315,suppressed_document_page_caption,资质证书,0.9,87e41dd5286cbcb1a583c6781fa7583e69c0707ac24e911ae549b37ea8a6f5f7,,,possible_visual_duplicate,视觉疑似重复,来源于泰昌技术补充文件，历史位置为“专项投标文件/10.认证证书/10.3.环境管理体系认证证书”。当前仅用于泰昌资料人工复核，未获准进入正式标书。,河北泰昌电力器材科技有限公司,河北泰昌电力器材科技有限公司,taichang-visual-review-40e93957f9700800d597,certification,资质证书,False,,否,blocked,尚未通过P0-06人工批准,False,优先核重,True,泰昌企业资料,87e41dd5286cbcb1a583c6781fa7583e69c0707ac24e911ae549b37ea8a6f5f7,reference_layout_only,,否,不适用,[],review_only,仅限人工复核,media,查看原件并确认是新资产、重复资产或同一证据的不同载体,P006-G024,,needs_manual_review,需要人工复核,,资信库资料,泰昌资质证书历史候选第325页,,不适用,internal,企业内部资料,泰昌技术补充文件,泰昌技术补充文件,mixed_historical_bid,assets/template_words/技术补充文件.docx,325,（二）专项投标文件/10.认证证书/10.3.环境管理体系认证证书,"[""泰昌"", ""资质证书"", ""历史标书候选"", ""技术标""]",qualification_library,资信库资料,taichang_only,否,泰昌资质证书历史候选第325页,needs_review,[]
taichang_tenant_internal,"[""专项投标文件/11.主要技术人员、项目经理及其相关证书/附：试验人员证书""]","[""技术标""]",False,technical,technical-media-0316,suppressed_document_page_caption,人员证书,0.9,199309ab491a97f8b34ce26719c73307450eba62433dda934ab5815bb65547e2,,,possible_visual_duplicate,视觉疑似重复,来源于泰昌技术补充文件，历史位置为“专项投标文件/11.主要技术人员、项目经理及其相关证书/附：试验人员证书”。当前仅用于泰昌资料人工复核，未获准进入正式标书。,河北泰昌电力器材科技有限公司,河北泰昌电力器材科技有限公司,taichang-visual-review-6e29cef6c66c2481fa8a,personnel_certificate,人员证书,False,,否,blocked,尚未通过P0-06人工批准,False,优先核重,True,泰昌企业资料,199309ab491a97f8b34ce26719c73307450eba62433dda934ab5815bb65547e2,reference_layout_only,,否,不适用,[],review_only,仅限人工复核,media,查看原件并确认是新资产、重复资产或同一证据的不同载体,P006-G025,,needs_manual_review,需要人工复核,,资信库资料,泰昌人员证书历史候选第328页,,不适用,internal,企业内部资料,泰昌技术补充文件,泰昌技术补充文件,mixed_historical_bid,assets/template_words/技术补充文件.docx,328,（二）专项投标文件/11.主要技术人员、项目经理及其相关证书/附：试验人员证书,"[""泰昌"", ""人员证书"", ""历史标书候选"", ""技术标""]",qualification_library,资信库资料,taichang_only,否,泰昌人员证书历史候选第328页,needs_review,[]
taichang_tenant_internal,"[""专项投标文件/11.主要技术人员、项目经理及其相关证书/附：试验人员证书""]","[""技术标""]",False,technical,technical-media-0317,suppressed_document_page_caption,人员证书,0.9,220b9cfe319de7714a9cdfcf548561609f8f169ea3d003c7deeabef83dde32bb,,,possible_visual_duplicate,视觉疑似重复,来源于泰昌技术补充文件，历史位置为“专项投标文件/11.主要技术人员、项目经理及其相关证书/附：试验人员证书”。当前仅用于泰昌资料人工复核，未获准进入正式标书。,河北泰昌电力器材科技有限公司,河北泰昌电力器材科技有限公司,taichang-visual-review-c66616c793b9ad256264,personnel_certificate,人员证书,False,,否,blocked,尚未通过P0-06人工批准,False,优先核重,True,泰昌企业资料,220b9cfe319de7714a9cdfcf548561609f8f169ea3d003c7deeabef83dde32bb,reference_layout_only,,否,不适用,[],review_only,仅限人工复核,media,查看原件并确认是新资产、重复资产或同一证据的不同载体,P006-G025,,needs_manual_review,需要人工复核,,资信库资料,泰昌人员证书历史候选第328页,,不适用,internal,企业内部资料,泰昌技术补充文件,泰昌技术补充文件,mixed_historical_bid,assets/template_words/技术补充文件.docx,328,（二）专项投标文件/11.主要技术人员、项目经理及其相关证书/附：试验人员证书,"[""泰昌"", ""人员证书"", ""历史标书候选"", ""技术标""]",qualification_library,资信库资料,taichang_only,否,泰昌人员证书历史候选第328页,needs_review,[]
taichang_tenant_internal,"[""专项投标文件/11.主要技术人员、项目经理及其相关证书/附：试验人员证书""]","[""技术标""]",False,technical,technical-media-0318,suppressed_document_page_caption,人员证书,0.9,3d5710d8f04aa365ece97daa69a71d31323f619feed8d235fc590afdd393391a,,,new,未发现重复，仍需审核,来源于泰昌技术补充文件，历史位置为“专项投标文件/11.主要技术人员、项目经理及其相关证书/附：试验人员证书”。当前仅用于泰昌资料人工复核，未获准进入正式标书。,河北泰昌电力器材科技有限公司,河北泰昌电力器材科技有限公司,,personnel_certificate,人员证书,False,,否,blocked,尚未通过P0-06人工批准,False,核验原始证据,True,泰昌企业资料,3d5710d8f04aa365ece97daa69a71d31323f619feed8d235fc590afdd393391a,reference_layout_only,,否,不适用,[],review_only,仅限人工复核,media,确认资料归属泰昌、内容真实、时效有效、中文展示合规且目标库正确,P006-G025,,needs_customer_confirmation,需要客户确认,,资信库资料,泰昌人员证书历史候选第328页,,不适用,internal,企业内部资料,泰昌技术补充文件,泰昌技术补充文件,mixed_historical_bid,assets/template_words/技术补充文件.docx,328,（二）专项投标文件/11.主要技术人员、项目经理及其相关证书/附：试验人员证书,"[""泰昌"", ""人员证书"", ""历史标书候选"", ""技术标""]",qualification_library,资信库资料,taichang_only,否,泰昌人员证书历史候选第328页,needs_review,[]
taichang_tenant_internal,"[""专项投标文件/11.主要技术人员、项目经理及其相关证书/附：试验人员证书""]","[""技术标""]",False,technical,technical-media-0319,suppressed_document_page_caption,人员证书,0.9,f0a68c9573e4626ca205b5e35f7be099baddd3edc3740fa30ffbd70909d40c1b,,,new,未发现重复，仍需审核,来源于泰昌技术补充文件，历史位置为“专项投标文件/11.主要技术人员、项目经理及其相关证书/附：试验人员证书”。当前仅用于泰昌资料人工复核，未获准进入正式标书。,河北泰昌电力器材科技有限公司,河北泰昌电力器材科技有限公司,,personnel_certificate,人员证书,False,,否,blocked,尚未通过P0-06人工批准,False,核验原始证据,True,泰昌企业资料,f0a68c9573e4626ca205b5e35f7be099baddd3edc3740fa30ffbd70909d40c1b,reference_layout_only,,否,不适用,[],review_only,仅限人工复核,media,确认资料归属泰昌、内容真实、时效有效、中文展示合规且目标库正确,P006-G025,,needs_customer_confirmation,需要客户确认,,资信库资料,泰昌人员证书历史候选第328页,,不适用,internal,企业内部资料,泰昌技术补充文件,泰昌技术补充文件,mixed_historical_bid,assets/template_words/技术补充文件.docx,328,（二）专项投标文件/11.主要技术人员、项目经理及其相关证书/附：试验人员证书,"[""泰昌"", ""人员证书"", ""历史标书候选"", ""技术标""]",qualification_library,资信库资料,taichang_only,否,泰昌人员证书历史候选第328页,needs_review,[]
taichang_tenant_internal,"[""专项投标文件/11.主要技术人员、项目经理及其相关证书/附：试验人员证书""]","[""技术标""]",False,technical,technical-media-0320,suppressed_document_page_caption,人员证书,0.9,f04788bc0e00d22745bc14ef22726b749ab920b0db374103133adcbdab387b8a,,,new,未发现重复，仍需审核,来源于泰昌技术补充文件，历史位置为“专项投标文件/11.主要技术人员、项目经理及其相关证书/附：试验人员证书”。当前仅用于泰昌资料人工复核，未获准进入正式标书。,河北泰昌电力器材科技有限公司,河北泰昌电力器材科技有限公司,,personnel_certificate,人员证书,False,,否,blocked,尚未通过P0-06人工批准,False,核验原始证据,True,泰昌企业资料,f04788bc0e00d22745bc14ef22726b749ab920b0db374103133adcbdab387b8a,reference_layout_only,,否,不适用,[],review_only,仅限人工复核,media,确认资料归属泰昌、内容真实、时效有效、中文展示合规且目标库正确,P006-G025,,needs_customer_confirmation,需要客户确认,,资信库资料,泰昌人员证书历史候选第329页,,不适用,internal,企业内部资料,泰昌技术补充文件,泰昌技术补充文件,mixed_historical_bid,assets/template_words/技术补充文件.docx,329,（二）专项投标文件/11.主要技术人员、项目经理及其相关证书/附：试验人员证书,"[""泰昌"", ""人员证书"", ""历史标书候选"", ""技术标""]",qualification_library,资信库资料,taichang_only,否,泰昌人员证书历史候选第329页,needs_review,[]
taichang_tenant_internal,"[""专项投标文件/12.检测检验报告（包括型式试验报告、检测报告、鉴定报告、检定报告、校准证书或报告、检测试验报告等相关报告）/12.1.检测报告""]","[""技术标""]",False,technical,technical-fact-0029,suppressed_document_page_caption,检验报告,0.95,25b231617c916ce208800a2b58f9488e4d110aec68d94ff7e639fac58a4aa3de,,,same_evidence_new_rendition,同一证据的不同载体,来源于泰昌技术补充文件，历史位置为“专项投标文件/12.检测检验报告（包括型式试验报告、检测报告、鉴定报告、检定报告、校准证书或报告、检测试验报告等相关报告）/12.1.检测报告”。当前仅用于泰昌资料人工复核，未获准进入正式标书。,河北泰昌电力器材科技有限公司,河北泰昌电力器材科技有限公司,taichang-inspection_report-2b730211b3f2852de62d,inspection_report,检验报告,False,,否,blocked,尚未通过P0-06人工批准,False,核验证据包,True,泰昌企业资料,,reference_layout_only,,否,否,[],review_only,仅限人工复核,fact_candidate,不得新建重复业务主记录，仅可在确认后关联为同一证据的不同载体,P006-G026,,needs_manual_review,需要人工复核,,产品库资料,泰昌检验报告历史候选第329页,,不适用,internal,企业内部资料,泰昌技术补充文件,泰昌技术补充文件,mixed_historical_bid,assets/template_words/技术补充文件.docx,329,（二）专项投标文件/12.检测检验报告（包括型式试验报告、检测报告、鉴定报告、检定报告、校准证书或报告、检测试验报告等相关报告）/12.1.检测报告,"[""泰昌"", ""检验报告"", ""历史标书候选"", ""技术标""]",product_library,产品库资料,taichang_only,否,泰昌检验报告历史候选第329页,existing_evidence_matched,[]
taichang_tenant_internal,"[""专项投标文件/12.检测检验报告（包括型式试验报告、检测报告、鉴定报告、检定报告、校准证书或报告、检测试验报告等相关报告）/12.1.检测报告""]","[""技术标""]",False,technical,technical-fact-0031,suppressed_document_page_caption,检验报告,0.95,c3b82d06a0011f74feb08f59318d803d31dfefc00bd58df875bbfac6d6634214,,,same_evidence_new_rendition,同一证据的不同载体,来源于泰昌技术补充文件，历史位置为“专项投标文件/12.检测检验报告（包括型式试验报告、检测报告、鉴定报告、检定报告、校准证书或报告、检测试验报告等相关报告）/12.1.检测报告”。当前仅用于泰昌资料人工复核，未获准进入正式标书。,河北泰昌电力器材科技有限公司,河北泰昌电力器材科技有限公司,taichang-inspection_report-6e9d465c680e04c15423,inspection_report,检验报告,False,,否,blocked,尚未通过P0-06人工批准,False,核验证据包,True,泰昌企业资料,,reference_layout_only,,否,否,[],review_only,仅限人工复核,fact_candidate,不得新建重复业务主记录，仅可在确认后关联为同一证据的不同载体,P006-G026,,needs_manual_review,需要人工复核,,产品库资料,泰昌检验报告历史候选第329页,,不适用,internal,企业内部资料,泰昌技术补充文件,泰昌技术补充文件,mixed_historical_bid,assets/template_words/技术补充文件.docx,329,（二）专项投标文件/12.检测检验报告（包括型式试验报告、检测报告、鉴定报告、检定报告、校准证书或报告、检测试验报告等相关报告）/12.1.检测报告,"[""泰昌"", ""检验报告"", ""历史标书候选"", ""技术标""]",product_library,产品库资料,taichang_only,否,泰昌检验报告历史候选第329页,existing_evidence_matched,[]
taichang_tenant_internal,"[""专项投标文件/12.检测检验报告（包括型式试验报告、检测报告、鉴定报告、检定报告、校准证书或报告、检测试验报告等相关报告）/12.1.检测报告""]","[""技术标""]",False,technical,technical-fact-0033,suppressed_document_page_caption,检验报告,0.95,8970fc98960e15dad22b79040c708f1f5a53cb7af2e6e96856548e10505124f6,,,new,未发现重复，仍需审核,来源于泰昌技术补充文件，历史位置为“专项投标文件/12.检测检验报告（包括型式试验报告、检测报告、鉴定报告、检定报告、校准证书或报告、检测试验报告等相关报告）/12.1.检测报告”。当前仅用于泰昌资料人工复核，未获准进入正式标书。,河北泰昌电力器材科技有限公司,河北泰昌电力器材科技有限公司,,inspection_report,检验报告,False,,否,blocked,尚未通过P0-06人工批准,False,优先核验原始报告,True,泰昌企业资料,,reference_layout_only,,否,否,[],review_only,仅限人工复核,fact_candidate,核对报告编号、产品、规格、检验值、日期和完整原始报告,P006-G026,,needs_customer_confirmation,需要客户确认,,产品库资料,泰昌检验报告历史候选第329页,,不适用,internal,企业内部资料,泰昌技术补充文件,泰昌技术补充文件,mixed_historical_bid,assets/template_words/技术补充文件.docx,329,（二）专项投标文件/12.检测检验报告（包括型式试验报告、检测报告、鉴定报告、检定报告、校准证书或报告、检测试验报告等相关报告）/12.1.检测报告,"[""泰昌"", ""检验报告"", ""历史标书候选"", ""技术标""]",product_library,产品库资料,taichang_only,否,泰昌检验报告历史候选第329页,needs_original_evidence,[]
taichang_tenant_internal,"[""专项投标文件/12.检测检验报告（包括型式试验报告、检测报告、鉴定报告、检定报告、校准证书或报告、检测试验报告等相关报告）/12.1.检测报告""]","[""技术标""]",False,technical,technical-fact-0034,suppressed_document_page_caption,检验报告,0.95,9c7dff05a2d932fdccc7ebe01041f58982462ae694a1501b7d3a61429dd6184c,,,new,未发现重复，仍需审核,来源于泰昌技术补充文件，历史位置为“专项投标文件/12.检测检验报告（包括型式试验报告、检测报告、鉴定报告、检定报告、校准证书或报告、检测试验报告等相关报告）/12.1.检测报告”。当前仅用于泰昌资料人工复核，未获准进入正式标书。,河北泰昌电力器材科技有限公司,河北泰昌电力器材科技有限公司,,inspection_report,检验报告,False,,否,blocked,尚未通过P0-06人工批准,False,优先核验原始报告,True,泰昌企业资料,,reference_layout_only,,否,否,[],review_only,仅限人工复核,fact_candidate,核对报告编号、产品、规格、检验值、日期和完整原始报告,P006-G026,,needs_customer_confirmation,需要客户确认,,产品库资料,泰昌检验报告历史候选第329页,,不适用,internal,企业内部资料,泰昌技术补充文件,泰昌技术补充文件,mixed_historical_bid,assets/template_words/技术补充文件.docx,329,（二）专项投标文件/12.检测检验报告（包括型式试验报告、检测报告、鉴定报告、检定报告、校准证书或报告、检测试验报告等相关报告）/12.1.检测报告,"[""泰昌"", ""检验报告"", ""历史标书候选"", ""技术标""]",product_library,产品库资料,taichang_only,否,泰昌检验报告历史候选第329页,needs_original_evidence,[]
taichang_tenant_internal,"[""专项投标文件/12.检测检验报告（包括型式试验报告、检测报告、鉴定报告、检定报告、校准证书或报告、检测试验报告等相关报告）/12.1.检测报告""]","[""技术标""]",False,technical,technical-fact-0030,suppressed_document_page_caption,产品参数表,0.85,622e65b00757de8342e5dddbd9b7b5c39a9379f9eccb0c0d08732581733c087d,,,new,未发现重复，仍需审核,来源于泰昌技术补充文件，历史位置为“专项投标文件/12.检测检验报告（包括型式试验报告、检测报告、鉴定报告、检定报告、校准证书或报告、检测试验报告等相关报告）/12.1.检测报告”。当前仅用于泰昌资料人工复核，未获准进入正式标书。,河北泰昌电力器材科技有限公司,河北泰昌电力器材科技有限公司,,product_parameter_table,产品参数表,False,,否,blocked,尚未通过P0-06人工批准,False,优先结构化核验,True,电缆保护管,,reference_layout_only,,否,否,"[""CPVC电缆保护管""]",review_only,仅限人工复核,fact_candidate,核对产品族、规格型号、参数值和原始表格，批准后仍须走结构化抽取,P006-G027,,needs_customer_confirmation,需要客户确认,,产品库资料,泰昌产品参数表历史候选第329页,,不适用,internal,企业内部资料,泰昌技术补充文件,泰昌技术补充文件,mixed_historical_bid,assets/template_words/技术补充文件.docx,329,（二）专项投标文件/12.检测检验报告（包括型式试验报告、检测报告、鉴定报告、检定报告、校准证书或报告、检测试验报告等相关报告）/12.1.检测报告,"[""泰昌"", ""产品参数表"", ""历史标书候选"", ""技术标"", ""CPVC电缆保护管""]",product_library,产品库资料,taichang_only,不适用,泰昌产品参数表历史候选第329页,coverage_unconfirmed,[]
taichang_tenant_internal,"[""专项投标文件/12.检测检验报告（包括型式试验报告、检测报告、鉴定报告、检定报告、校准证书或报告、检测试验报告等相关报告）/12.1.检测报告""]","[""技术标""]",False,technical,technical-fact-0032,suppressed_document_page_caption,产品参数表,0.85,a79339c5d50401c92eec6e388626510025eabd7677dcc4d0a997b12be2d56a2a,,,new,未发现重复，仍需审核,来源于泰昌技术补充文件，历史位置为“专项投标文件/12.检测检验报告（包括型式试验报告、检测报告、鉴定报告、检定报告、校准证书或报告、检测试验报告等相关报告）/12.1.检测报告”。当前仅用于泰昌资料人工复核，未获准进入正式标书。,河北泰昌电力器材科技有限公司,河北泰昌电力器材科技有限公司,,product_parameter_table,产品参数表,False,,否,blocked,尚未通过P0-06人工批准,False,优先结构化核验,True,电缆保护管,,reference_layout_only,,否,否,"[""MPP电缆保护管""]",review_only,仅限人工复核,fact_candidate,核对产品族、规格型号、参数值和原始表格，批准后仍须走结构化抽取,P006-G028,,needs_customer_confirmation,需要客户确认,,产品库资料,泰昌产品参数表历史候选第329页,,不适用,internal,企业内部资料,泰昌技术补充文件,泰昌技术补充文件,mixed_historical_bid,assets/template_words/技术补充文件.docx,329,（二）专项投标文件/12.检测检验报告（包括型式试验报告、检测报告、鉴定报告、检定报告、校准证书或报告、检测试验报告等相关报告）/12.1.检测报告,"[""泰昌"", ""产品参数表"", ""历史标书候选"", ""技术标"", ""MPP电缆保护管""]",product_library,产品库资料,taichang_only,不适用,泰昌产品参数表历史候选第329页,coverage_unconfirmed,[]
taichang_tenant_internal,"[""专项投标文件/12.检测检验报告（包括型式试验报告、检测报告、鉴定报告、检定报告、校准证书或报告、检测试验报告等相关报告）/12.1.检测报告""]","[""技术标""]",False,technical,technical-fact-0035,suppressed_document_page_caption,产品参数表,0.85,f68f4264375ecb0f6e7b0c035e975c3a214242a5a6c09cab2cbd5e91cb88cf9d,,,new,未发现重复，仍需审核,来源于泰昌技术补充文件，历史位置为“专项投标文件/12.检测检验报告（包括型式试验报告、检测报告、鉴定报告、检定报告、校准证书或报告、检测试验报告等相关报告）/12.1.检测报告”。当前仅用于泰昌资料人工复核，未获准进入正式标书。,河北泰昌电力器材科技有限公司,河北泰昌电力器材科技有限公司,,product_parameter_table,产品参数表,False,,否,blocked,尚未通过P0-06人工批准,False,优先结构化核验,True,电缆保护管,,reference_layout_only,,否,否,"[""UPVC电缆保护管""]",review_only,仅限人工复核,fact_candidate,核对产品族、规格型号、参数值和原始表格，批准后仍须走结构化抽取,P006-G029,,needs_customer_confirmation,需要客户确认,,产品库资料,泰昌产品参数表历史候选第329页,,不适用,internal,企业内部资料,泰昌技术补充文件,泰昌技术补充文件,mixed_historical_bid,assets/template_words/技术补充文件.docx,329,（二）专项投标文件/12.检测检验报告（包括型式试验报告、检测报告、鉴定报告、检定报告、校准证书或报告、检测试验报告等相关报告）/12.1.检测报告,"[""泰昌"", ""产品参数表"", ""历史标书候选"", ""技术标"", ""UPVC电缆保护管""]",product_library,产品库资料,taichang_only,不适用,泰昌产品参数表历史候选第329页,coverage_unconfirmed,[]
taichang_tenant_internal,"[""专项投标文件/12.检测检验报告（包括型式试验报告、检测报告、鉴定报告、检定报告、校准证书或报告、检测试验报告等相关报告）/12.1.检测报告/12.1.1.CPVC电缆保护管检验报告""]","[""技术标""]",False,technical,technical-media-0321,suppressed_document_page_caption,检验报告,0.95,142b224b9de58e24ac7bedb6fa9462fce886db19200930d83b9003bbdab1848d,,,possible_visual_duplicate,视觉疑似重复,来源于泰昌技术补充文件，历史位置为“专项投标文件/12.检测检验报告（包括型式试验报告、检测报告、鉴定报告、检定报告、校准证书或报告、检测试验报告等相关报告）/12.1.检测报告/12.1.1.CPVC电缆保护管检验报告”。当前仅用于泰昌资料人工复核，未获准进入正式标书。,河北泰昌电力器材科技有限公司,河北泰昌电力器材科技有限公司,taichang-visual-review-a2531afe697c0ccc158a,inspection_report,检验报告,False,,否,blocked,尚未通过P0-06人工批准,False,优先核重,True,电缆保护管,142b224b9de58e24ac7bedb6fa9462fce886db19200930d83b9003bbdab1848d,reference_layout_only,,否,否,"[""CPVC电缆保护管""]",review_only,仅限人工复核,media,查看原件并确认是新资产、重复资产或同一证据的不同载体,P006-G030,,needs_manual_review,需要人工复核,,产品库资料,泰昌检验报告历史候选第331页,,不适用,internal,企业内部资料,泰昌技术补充文件,泰昌技术补充文件,mixed_historical_bid,assets/template_words/技术补充文件.docx,331,（二）专项投标文件/12.检测检验报告（包括型式试验报告、检测报告、鉴定报告、检定报告、校准证书或报告、检测试验报告等相关报告）/12.1.检测报告/12.1.1.CPVC电缆保护管检验报告,"[""泰昌"", ""检验报告"", ""历史标书候选"", ""技术标"", ""CPVC电缆保护管""]",product_library,产品库资料,taichang_only,否,泰昌检验报告历史候选第331页,needs_review,[]
taichang_tenant_internal,"[""专项投标文件/12.检测检验报告（包括型式试验报告、检测报告、鉴定报告、检定报告、校准证书或报告、检测试验报告等相关报告）/12.1.检测报告/12.1.1.CPVC电缆保护管检验报告""]","[""技术标""]",False,technical,technical-media-0322,suppressed_document_page_caption,检验报告,0.95,97438998db68b876daecba5392d80213d8838845952d4457d956457b9766a98c,,,possible_visual_duplicate,视觉疑似重复,来源于泰昌技术补充文件，历史位置为“专项投标文件/12.检测检验报告（包括型式试验报告、检测报告、鉴定报告、检定报告、校准证书或报告、检测试验报告等相关报告）/12.1.检测报告/12.1.1.CPVC电缆保护管检验报告”。当前仅用于泰昌资料人工复核，未获准进入正式标书。,河北泰昌电力器材科技有限公司,河北泰昌电力器材科技有限公司,taichang-visual-review-b48195bfd1907c0d952f,inspection_report,检验报告,False,,否,blocked,尚未通过P0-06人工批准,False,优先核重,True,电缆保护管,97438998db68b876daecba5392d80213d8838845952d4457d956457b9766a98c,reference_layout_only,,否,否,"[""CPVC电缆保护管""]",review_only,仅限人工复核,media,查看原件并确认是新资产、重复资产或同一证据的不同载体,P006-G030,,needs_manual_review,需要人工复核,,产品库资料,泰昌检验报告历史候选第331页,,不适用,internal,企业内部资料,泰昌技术补充文件,泰昌技术补充文件,mixed_historical_bid,assets/template_words/技术补充文件.docx,331,（二）专项投标文件/12.检测检验报告（包括型式试验报告、检测报告、鉴定报告、检定报告、校准证书或报告、检测试验报告等相关报告）/12.1.检测报告/12.1.1.CPVC电缆保护管检验报告,"[""泰昌"", ""检验报告"", ""历史标书候选"", ""技术标"", ""CPVC电缆保护管""]",product_library,产品库资料,taichang_only,否,泰昌检验报告历史候选第331页,needs_review,[]
taichang_tenant_internal,"[""专项投标文件/12.检测检验报告（包括型式试验报告、检测报告、鉴定报告、检定报告、校准证书或报告、检测试验报告等相关报告）/12.1.检测报告/12.1.1.CPVC电缆保护管检验报告""]","[""技术标""]",False,technical,technical-media-0325,suppressed_document_page_caption,检验报告,0.95,e109262a05a9cef219911534c168033f8463e56cccebca5a82c1b867d2c1c7c5,,,possible_visual_duplicate,视觉疑似重复,来源于泰昌技术补充文件，历史位置为“专项投标文件/12.检测检验报告（包括型式试验报告、检测报告、鉴定报告、检定报告、校准证书或报告、检测试验报告等相关报告）/12.1.检测报告/12.1.1.CPVC电缆保护管检验报告”。当前仅用于泰昌资料人工复核，未获准进入正式标书。,河北泰昌电力器材科技有限公司,河北泰昌电力器材科技有限公司,taichang-visual-review-9aabbeb8948a3486eca4,inspection_report,检验报告,False,,否,blocked,尚未通过P0-06人工批准,False,优先核重,True,电缆保护管,e109262a05a9cef219911534c168033f8463e56cccebca5a82c1b867d2c1c7c5,reference_layout_only,,否,否,"[""CPVC电缆保护管""]",review_only,仅限人工复核,media,查看原件并确认是新资产、重复资产或同一证据的不同载体,P006-G030,,needs_manual_review,需要人工复核,,产品库资料,泰昌检验报告历史候选第331页,,不适用,internal,企业内部资料,泰昌技术补充文件,泰昌技术补充文件,mixed_historical_bid,assets/template_words/技术补充文件.docx,331,（二）专项投标文件/12.检测检验报告（包括型式试验报告、检测报告、鉴定报告、检定报告、校准证书或报告、检测试验报告等相关报告）/12.1.检测报告/12.1.1.CPVC电缆保护管检验报告,"[""泰昌"", ""检验报告"", ""历史标书候选"", ""技术标"", ""CPVC电缆保护管""]",product_library,产品库资料,taichang_only,否,泰昌检验报告历史候选第331页,needs_review,[]
taichang_tenant_internal,"[""专项投标文件/12.检测检验报告（包括型式试验报告、检测报告、鉴定报告、检定报告、校准证书或报告、检测试验报告等相关报告）/12.1.检测报告/12.1.2.MPP电缆保护管检验报告""]","[""技术标""]",False,technical,technical-media-0326,suppressed_document_page_caption,检验报告,0.95,22b60c228091d61411ba2aec5e4000b7322d54d9b29278a05adb298643ff78fa,,,possible_visual_duplicate,视觉疑似重复,来源于泰昌技术补充文件，历史位置为“专项投标文件/12.检测检验报告（包括型式试验报告、检测报告、鉴定报告、检定报告、校准证书或报告、检测试验报告等相关报告）/12.1.检测报告/12.1.2.MPP电缆保护管检验报告”。当前仅用于泰昌资料人工复核，未获准进入正式标书。,河北泰昌电力器材科技有限公司,河北泰昌电力器材科技有限公司,taichang-visual-review-a2531afe697c0ccc158a,inspection_report,检验报告,False,,否,blocked,尚未通过P0-06人工批准,False,优先核重,True,电缆保护管,22b60c228091d61411ba2aec5e4000b7322d54d9b29278a05adb298643ff78fa,reference_layout_only,,否,否,"[""MPP电缆保护管""]",review_only,仅限人工复核,media,查看原件并确认是新资产、重复资产或同一证据的不同载体,P006-G031,,needs_manual_review,需要人工复核,,产品库资料,泰昌检验报告历史候选第336页,,不适用,internal,企业内部资料,泰昌技术补充文件,泰昌技术补充文件,mixed_historical_bid,assets/template_words/技术补充文件.docx,336,（二）专项投标文件/12.检测检验报告（包括型式试验报告、检测报告、鉴定报告、检定报告、校准证书或报告、检测试验报告等相关报告）/12.1.检测报告/12.1.2.MPP电缆保护管检验报告,"[""泰昌"", ""检验报告"", ""历史标书候选"", ""技术标"", ""MPP电缆保护管""]",product_library,产品库资料,taichang_only,否,泰昌检验报告历史候选第336页,needs_review,[]
taichang_tenant_internal,"[""专项投标文件/12.检测检验报告（包括型式试验报告、检测报告、鉴定报告、检定报告、校准证书或报告、检测试验报告等相关报告）/12.1.检测报告/12.1.2.MPP电缆保护管检验报告""]","[""技术标""]",False,technical,technical-media-0327,suppressed_document_page_caption,检验报告,0.95,3ebcecac43a227b3964d196bc43621aae40aabcf264afd66f8f44c92fb9cf2b7,,,possible_visual_duplicate,视觉疑似重复,来源于泰昌技术补充文件，历史位置为“专项投标文件/12.检测检验报告（包括型式试验报告、检测报告、鉴定报告、检定报告、校准证书或报告、检测试验报告等相关报告）/12.1.检测报告/12.1.2.MPP电缆保护管检验报告”。当前仅用于泰昌资料人工复核，未获准进入正式标书。,河北泰昌电力器材科技有限公司,河北泰昌电力器材科技有限公司,taichang-visual-review-b48195bfd1907c0d952f,inspection_report,检验报告,False,,否,blocked,尚未通过P0-06人工批准,False,优先核重,True,电缆保护管,3ebcecac43a227b3964d196bc43621aae40aabcf264afd66f8f44c92fb9cf2b7,reference_layout_only,,否,否,"[""MPP电缆保护管""]",review_only,仅限人工复核,media,查看原件并确认是新资产、重复资产或同一证据的不同载体,P006-G031,,needs_manual_review,需要人工复核,,产品库资料,泰昌检验报告历史候选第336页,,不适用,internal,企业内部资料,泰昌技术补充文件,泰昌技术补充文件,mixed_historical_bid,assets/template_words/技术补充文件.docx,336,（二）专项投标文件/12.检测检验报告（包括型式试验报告、检测报告、鉴定报告、检定报告、校准证书或报告、检测试验报告等相关报告）/12.1.检测报告/12.1.2.MPP电缆保护管检验报告,"[""泰昌"", ""检验报告"", ""历史标书候选"", ""技术标"", ""MPP电缆保护管""]",product_library,产品库资料,taichang_only,否,泰昌检验报告历史候选第336页,needs_review,[]
taichang_tenant_internal,"[""专项投标文件/12.检测检验报告（包括型式试验报告、检测报告、鉴定报告、检定报告、校准证书或报告、检测试验报告等相关报告）/12.1.检测报告/12.1.2.MPP电缆保护管检验报告""]","[""技术标""]",False,technical,technical-media-0330,suppressed_document_page_caption,检验报告,0.95,5b22991a166af53d98da0c3b1308ef0d28deee24664221b0459a7aeb18cec9a8,,,possible_visual_duplicate,视觉疑似重复,来源于泰昌技术补充文件，历史位置为“专项投标文件/12.检测检验报告（包括型式试验报告、检测报告、鉴定报告、检定报告、校准证书或报告、检测试验报告等相关报告）/12.1.检测报告/12.1.2.MPP电缆保护管检验报告”。当前仅用于泰昌资料人工复核，未获准进入正式标书。,河北泰昌电力器材科技有限公司,河北泰昌电力器材科技有限公司,taichang-visual-review-a8d08d796f6da23d9864,inspection_report,检验报告,False,,否,blocked,尚未通过P0-06人工批准,False,优先核重,True,电缆保护管,5b22991a166af53d98da0c3b1308ef0d28deee24664221b0459a7aeb18cec9a8,reference_layout_only,,否,否,"[""MPP电缆保护管""]",review_only,仅限人工复核,media,查看原件并确认是新资产、重复资产或同一证据的不同载体,P006-G031,,needs_manual_review,需要人工复核,,产品库资料,泰昌检验报告历史候选第336页,,不适用,internal,企业内部资料,泰昌技术补充文件,泰昌技术补充文件,mixed_historical_bid,assets/template_words/技术补充文件.docx,336,（二）专项投标文件/12.检测检验报告（包括型式试验报告、检测报告、鉴定报告、检定报告、校准证书或报告、检测试验报告等相关报告）/12.1.检测报告/12.1.2.MPP电缆保护管检验报告,"[""泰昌"", ""检验报告"", ""历史标书候选"", ""技术标"", ""MPP电缆保护管""]",product_library,产品库资料,taichang_only,否,泰昌检验报告历史候选第336页,needs_review,[]
taichang_tenant_internal,"[""专项投标文件/12.检测检验报告（包括型式试验报告、检测报告、鉴定报告、检定报告、校准证书或报告、检测试验报告等相关报告）/12.1.检测报告/12.1.3.N-HAP电缆保护管""]","[""技术标""]",False,technical,technical-media-0331,suppressed_document_page_caption,企业证明材料,0.45,f274b5349bf33e8bde341e3387cf31474cc2fb07c0975cae4b2c44ecf6c44032,,,new,未发现重复，仍需审核,来源于泰昌技术补充文件，历史位置为“专项投标文件/12.检测检验报告（包括型式试验报告、检测报告、鉴定报告、检定报告、校准证书或报告、检测试验报告等相关报告）/12.1.检测报告/12.1.3.N-HAP电缆保护管”。当前仅用于泰昌资料人工复核，未获准进入正式标书。,河北泰昌电力器材科技有限公司,河北泰昌电力器材科技有限公司,,enterprise_evidence,企业证明材料,False,,否,blocked,尚未通过P0-06人工批准,False,核验原始证据,True,电缆保护管,f274b5349bf33e8bde341e3387cf31474cc2fb07c0975cae4b2c44ecf6c44032,uncertain,,否,不适用,"[""N-HAP电缆保护管""]",review_only,仅限人工复核,media,确认资料归属泰昌、内容真实、时效有效、中文展示合规且目标库正确,P006-G032,,needs_customer_confirmation,需要客户确认,,产品库资料,泰昌企业证明材料历史候选第341页,,不适用,internal,企业内部资料,泰昌技术补充文件,泰昌技术补充文件,mixed_historical_bid,assets/template_words/技术补充文件.docx,341,（二）专项投标文件/12.检测检验报告（包括型式试验报告、检测报告、鉴定报告、检定报告、校准证书或报告、检测试验报告等相关报告）/12.1.检测报告/12.1.3.N-HAP电缆保护管,"[""泰昌"", ""企业证明材料"", ""历史标书候选"", ""技术标"", ""N-HAP电缆保护管""]",product_library,产品库资料,taichang_only,不适用,泰昌企业证明材料历史候选第341页,needs_review,[]
taichang_tenant_internal,"[""专项投标文件/12.检测检验报告（包括型式试验报告、检测报告、鉴定报告、检定报告、校准证书或报告、检测试验报告等相关报告）/12.1.检测报告/12.1.3.N-HAP电缆保护管""]","[""技术标""]",False,technical,technical-media-0332,suppressed_document_page_caption,企业证明材料,0.45,13ea9b3b07174e7afa7bc300ac72f5520a8e33e2ca4d387f0ce8a8241cba71cb,,,new,未发现重复，仍需审核,来源于泰昌技术补充文件，历史位置为“专项投标文件/12.检测检验报告（包括型式试验报告、检测报告、鉴定报告、检定报告、校准证书或报告、检测试验报告等相关报告）/12.1.检测报告/12.1.3.N-HAP电缆保护管”。当前仅用于泰昌资料人工复核，未获准进入正式标书。,河北泰昌电力器材科技有限公司,河北泰昌电力器材科技有限公司,,enterprise_evidence,企业证明材料,False,,否,blocked,尚未通过P0-06人工批准,False,核验原始证据,True,电缆保护管,13ea9b3b07174e7afa7bc300ac72f5520a8e33e2ca4d387f0ce8a8241cba71cb,uncertain,,否,不适用,"[""N-HAP电缆保护管""]",review_only,仅限人工复核,media,确认资料归属泰昌、内容真实、时效有效、中文展示合规且目标库正确,P006-G032,,needs_customer_confirmation,需要客户确认,,产品库资料,泰昌企业证明材料历史候选第341页,,不适用,internal,企业内部资料,泰昌技术补充文件,泰昌技术补充文件,mixed_historical_bid,assets/template_words/技术补充文件.docx,341,（二）专项投标文件/12.检测检验报告（包括型式试验报告、检测报告、鉴定报告、检定报告、校准证书或报告、检测试验报告等相关报告）/12.1.检测报告/12.1.3.N-HAP电缆保护管,"[""泰昌"", ""企业证明材料"", ""历史标书候选"", ""技术标"", ""N-HAP电缆保护管""]",product_library,产品库资料,taichang_only,不适用,泰昌企业证明材料历史候选第341页,needs_review,[]
taichang_tenant_internal,"[""专项投标文件/12.检测检验报告（包括型式试验报告、检测报告、鉴定报告、检定报告、校准证书或报告、检测试验报告等相关报告）/12.1.检测报告/12.1.3.N-HAP电缆保护管""]","[""技术标""]",False,technical,technical-media-0333,suppressed_document_page_caption,企业证明材料,0.45,dff56b24111c928c47b34833d3b7134d47e2f02c13a1a2327b51f3e73f9194e8,,,new,未发现重复，仍需审核,来源于泰昌技术补充文件，历史位置为“专项投标文件/12.检测检验报告（包括型式试验报告、检测报告、鉴定报告、检定报告、校准证书或报告、检测试验报告等相关报告）/12.1.检测报告/12.1.3.N-HAP电缆保护管”。当前仅用于泰昌资料人工复核，未获准进入正式标书。,河北泰昌电力器材科技有限公司,河北泰昌电力器材科技有限公司,,enterprise_evidence,企业证明材料,False,,否,blocked,尚未通过P0-06人工批准,False,核验原始证据,True,电缆保护管,dff56b24111c928c47b34833d3b7134d47e2f02c13a1a2327b51f3e73f9194e8,uncertain,,否,不适用,"[""N-HAP电缆保护管""]",review_only,仅限人工复核,media,确认资料归属泰昌、内容真实、时效有效、中文展示合规且目标库正确,P006-G032,,needs_customer_confirmation,需要客户确认,,产品库资料,泰昌企业证明材料历史候选第341页,,不适用,internal,企业内部资料,泰昌技术补充文件,泰昌技术补充文件,mixed_historical_bid,assets/template_words/技术补充文件.docx,341,（二）专项投标文件/12.检测检验报告（包括型式试验报告、检测报告、鉴定报告、检定报告、校准证书或报告、检测试验报告等相关报告）/12.1.检测报告/12.1.3.N-HAP电缆保护管,"[""泰昌"", ""企业证明材料"", ""历史标书候选"", ""技术标"", ""N-HAP电缆保护管""]",product_library,产品库资料,taichang_only,不适用,泰昌企业证明材料历史候选第341页,needs_review,[]
taichang_tenant_internal,"[""专项投标文件/12.检测检验报告（包括型式试验报告、检测报告、鉴定报告、检定报告、校准证书或报告、检测试验报告等相关报告）/12.1.检测报告/12.1.3.N-HAP电缆保护管""]","[""技术标""]",False,technical,technical-media-0334,suppressed_document_page_caption,企业证明材料,0.45,3ac4dfdfa160377bb6c58b9b26098f92e0e674ab73151bccad4eb4e413c2d221,,,new,未发现重复，仍需审核,来源于泰昌技术补充文件，历史位置为“专项投标文件/12.检测检验报告（包括型式试验报告、检测报告、鉴定报告、检定报告、校准证书或报告、检测试验报告等相关报告）/12.1.检测报告/12.1.3.N-HAP电缆保护管”。当前仅用于泰昌资料人工复核，未获准进入正式标书。,河北泰昌电力器材科技有限公司,河北泰昌电力器材科技有限公司,,enterprise_evidence,企业证明材料,False,,否,blocked,尚未通过P0-06人工批准,False,核验原始证据,True,电缆保护管,3ac4dfdfa160377bb6c58b9b26098f92e0e674ab73151bccad4eb4e413c2d221,uncertain,,否,不适用,"[""N-HAP电缆保护管""]",review_only,仅限人工复核,media,确认资料归属泰昌、内容真实、时效有效、中文展示合规且目标库正确,P006-G032,,needs_customer_confirmation,需要客户确认,,产品库资料,泰昌企业证明材料历史候选第341页,,不适用,internal,企业内部资料,泰昌技术补充文件,泰昌技术补充文件,mixed_historical_bid,assets/template_words/技术补充文件.docx,341,（二）专项投标文件/12.检测检验报告（包括型式试验报告、检测报告、鉴定报告、检定报告、校准证书或报告、检测试验报告等相关报告）/12.1.检测报告/12.1.3.N-HAP电缆保护管,"[""泰昌"", ""企业证明材料"", ""历史标书候选"", ""技术标"", ""N-HAP电缆保护管""]",product_library,产品库资料,taichang_only,不适用,泰昌企业证明材料历史候选第341页,needs_review,[]
taichang_tenant_internal,"[""专项投标文件/12.检测检验报告（包括型式试验报告、检测报告、鉴定报告、检定报告、校准证书或报告、检测试验报告等相关报告）/12.1.检测报告/12.1.3.N-HAP电缆保护管""]","[""技术标""]",False,technical,technical-media-0335,suppressed_document_page_caption,企业证明材料,0.45,f6d7e502fbc8d4f8860faa1806d1d7eba14d7db0d1614feafe03967b999512f0,,,new,未发现重复，仍需审核,来源于泰昌技术补充文件，历史位置为“专项投标文件/12.检测检验报告（包括型式试验报告、检测报告、鉴定报告、检定报告、校准证书或报告、检测试验报告等相关报告）/12.1.检测报告/12.1.3.N-HAP电缆保护管”。当前仅用于泰昌资料人工复核，未获准进入正式标书。,河北泰昌电力器材科技有限公司,河北泰昌电力器材科技有限公司,,enterprise_evidence,企业证明材料,False,,否,blocked,尚未通过P0-06人工批准,False,核验原始证据,True,电缆保护管,f6d7e502fbc8d4f8860faa1806d1d7eba14d7db0d1614feafe03967b999512f0,uncertain,,否,不适用,"[""N-HAP电缆保护管""]",review_only,仅限人工复核,media,确认资料归属泰昌、内容真实、时效有效、中文展示合规且目标库正确,P006-G032,,needs_customer_confirmation,需要客户确认,,产品库资料,泰昌企业证明材料历史候选第341页,,不适用,internal,企业内部资料,泰昌技术补充文件,泰昌技术补充文件,mixed_historical_bid,assets/template_words/技术补充文件.docx,341,（二）专项投标文件/12.检测检验报告（包括型式试验报告、检测报告、鉴定报告、检定报告、校准证书或报告、检测试验报告等相关报告）/12.1.检测报告/12.1.3.N-HAP电缆保护管,"[""泰昌"", ""企业证明材料"", ""历史标书候选"", ""技术标"", ""N-HAP电缆保护管""]",product_library,产品库资料,taichang_only,不适用,泰昌企业证明材料历史候选第341页,needs_review,[]
taichang_tenant_internal,"[""专项投标文件/12.检测检验报告（包括型式试验报告、检测报告、鉴定报告、检定报告、校准证书或报告、检测试验报告等相关报告）/12.1.检测报告/12.1.4.硬聚氯乙烯塑料(UPVC)电力电缆导管""]","[""技术标""]",False,technical,technical-media-0336,suppressed_document_page_caption,企业证明材料,0.45,7f6864dc1295c48ec2776e89c95eb178302a402074bc72118186ac3fef2037a2,,,new,未发现重复，仍需审核,来源于泰昌技术补充文件，历史位置为“专项投标文件/12.检测检验报告（包括型式试验报告、检测报告、鉴定报告、检定报告、校准证书或报告、检测试验报告等相关报告）/12.1.检测报告/12.1.4.硬聚氯乙烯塑料(UPVC)电力电缆导管”。当前仅用于泰昌资料人工复核，未获准进入正式标书。,河北泰昌电力器材科技有限公司,河北泰昌电力器材科技有限公司,,enterprise_evidence,企业证明材料,False,,否,blocked,尚未通过P0-06人工批准,False,核验原始证据,True,电缆保护管,7f6864dc1295c48ec2776e89c95eb178302a402074bc72118186ac3fef2037a2,uncertain,,否,不适用,"[""UPVC电缆保护管""]",review_only,仅限人工复核,media,确认资料归属泰昌、内容真实、时效有效、中文展示合规且目标库正确,P006-G033,,needs_customer_confirmation,需要客户确认,,产品库资料,泰昌企业证明材料历史候选第346页,,不适用,internal,企业内部资料,泰昌技术补充文件,泰昌技术补充文件,mixed_historical_bid,assets/template_words/技术补充文件.docx,346,（二）专项投标文件/12.检测检验报告（包括型式试验报告、检测报告、鉴定报告、检定报告、校准证书或报告、检测试验报告等相关报告）/12.1.检测报告/12.1.4.硬聚氯乙烯塑料(UPVC)电力电缆导管,"[""泰昌"", ""企业证明材料"", ""历史标书候选"", ""技术标"", ""UPVC电缆保护管""]",product_library,产品库资料,taichang_only,不适用,泰昌企业证明材料历史候选第346页,needs_review,[]
taichang_tenant_internal,"[""专项投标文件/12.检测检验报告（包括型式试验报告、检测报告、鉴定报告、检定报告、校准证书或报告、检测试验报告等相关报告）/12.1.检测报告/12.1.4.硬聚氯乙烯塑料(UPVC)电力电缆导管""]","[""技术标""]",False,technical,technical-media-0337,suppressed_document_page_caption,企业证明材料,0.45,fbbf63e1896ae490603821cfac9a8050032d7403a930251a7862690b94a0000f,,,new,未发现重复，仍需审核,来源于泰昌技术补充文件，历史位置为“专项投标文件/12.检测检验报告（包括型式试验报告、检测报告、鉴定报告、检定报告、校准证书或报告、检测试验报告等相关报告）/12.1.检测报告/12.1.4.硬聚氯乙烯塑料(UPVC)电力电缆导管”。当前仅用于泰昌资料人工复核，未获准进入正式标书。,河北泰昌电力器材科技有限公司,河北泰昌电力器材科技有限公司,,enterprise_evidence,企业证明材料,False,,否,blocked,尚未通过P0-06人工批准,False,核验原始证据,True,电缆保护管,fbbf63e1896ae490603821cfac9a8050032d7403a930251a7862690b94a0000f,uncertain,,否,不适用,"[""UPVC电缆保护管""]",review_only,仅限人工复核,media,确认资料归属泰昌、内容真实、时效有效、中文展示合规且目标库正确,P006-G033,,needs_customer_confirmation,需要客户确认,,产品库资料,泰昌企业证明材料历史候选第346页,,不适用,internal,企业内部资料,泰昌技术补充文件,泰昌技术补充文件,mixed_historical_bid,assets/template_words/技术补充文件.docx,346,（二）专项投标文件/12.检测检验报告（包括型式试验报告、检测报告、鉴定报告、检定报告、校准证书或报告、检测试验报告等相关报告）/12.1.检测报告/12.1.4.硬聚氯乙烯塑料(UPVC)电力电缆导管,"[""泰昌"", ""企业证明材料"", ""历史标书候选"", ""技术标"", ""UPVC电缆保护管""]",product_library,产品库资料,taichang_only,不适用,泰昌企业证明材料历史候选第346页,needs_review,[]
taichang_tenant_internal,"[""专项投标文件/12.检测检验报告（包括型式试验报告、检测报告、鉴定报告、检定报告、校准证书或报告、检测试验报告等相关报告）/12.1.检测报告/12.1.4.硬聚氯乙烯塑料(UPVC)电力电缆导管""]","[""技术标""]",False,technical,technical-media-0338,suppressed_document_page_caption,企业证明材料,0.45,2470d45287c2372c00843633fa9039da1e49104849dd441fd84ea93a48dba43c,,,new,未发现重复，仍需审核,来源于泰昌技术补充文件，历史位置为“专项投标文件/12.检测检验报告（包括型式试验报告、检测报告、鉴定报告、检定报告、校准证书或报告、检测试验报告等相关报告）/12.1.检测报告/12.1.4.硬聚氯乙烯塑料(UPVC)电力电缆导管”。当前仅用于泰昌资料人工复核，未获准进入正式标书。,河北泰昌电力器材科技有限公司,河北泰昌电力器材科技有限公司,,enterprise_evidence,企业证明材料,False,,否,blocked,尚未通过P0-06人工批准,False,核验原始证据,True,电缆保护管,2470d45287c2372c00843633fa9039da1e49104849dd441fd84ea93a48dba43c,uncertain,,否,不适用,"[""UPVC电缆保护管""]",review_only,仅限人工复核,media,确认资料归属泰昌、内容真实、时效有效、中文展示合规且目标库正确,P006-G033,,needs_customer_confirmation,需要客户确认,,产品库资料,泰昌企业证明材料历史候选第346页,,不适用,internal,企业内部资料,泰昌技术补充文件,泰昌技术补充文件,mixed_historical_bid,assets/template_words/技术补充文件.docx,346,（二）专项投标文件/12.检测检验报告（包括型式试验报告、检测报告、鉴定报告、检定报告、校准证书或报告、检测试验报告等相关报告）/12.1.检测报告/12.1.4.硬聚氯乙烯塑料(UPVC)电力电缆导管,"[""泰昌"", ""企业证明材料"", ""历史标书候选"", ""技术标"", ""UPVC电缆保护管""]",product_library,产品库资料,taichang_only,不适用,泰昌企业证明材料历史候选第346页,needs_review,[]
taichang_tenant_internal,"[""专项投标文件/12.检测检验报告（包括型式试验报告、检测报告、鉴定报告、检定报告、校准证书或报告、检测试验报告等相关报告）/12.1.检测报告/12.1.4.硬聚氯乙烯塑料(UPVC)电力电缆导管""]","[""技术标""]",False,technical,technical-media-0339,suppressed_document_page_caption,企业证明材料,0.45,4e1e4fda940d2c100ee757403b5c7a4932cf5b132cf6ed19941d3f20dd862c8f,,,new,未发现重复，仍需审核,来源于泰昌技术补充文件，历史位置为“专项投标文件/12.检测检验报告（包括型式试验报告、检测报告、鉴定报告、检定报告、校准证书或报告、检测试验报告等相关报告）/12.1.检测报告/12.1.4.硬聚氯乙烯塑料(UPVC)电力电缆导管”。当前仅用于泰昌资料人工复核，未获准进入正式标书。,河北泰昌电力器材科技有限公司,河北泰昌电力器材科技有限公司,,enterprise_evidence,企业证明材料,False,,否,blocked,尚未通过P0-06人工批准,False,核验原始证据,True,电缆保护管,4e1e4fda940d2c100ee757403b5c7a4932cf5b132cf6ed19941d3f20dd862c8f,uncertain,,否,不适用,"[""UPVC电缆保护管""]",review_only,仅限人工复核,media,确认资料归属泰昌、内容真实、时效有效、中文展示合规且目标库正确,P006-G033,,needs_customer_confirmation,需要客户确认,,产品库资料,泰昌企业证明材料历史候选第346页,,不适用,internal,企业内部资料,泰昌技术补充文件,泰昌技术补充文件,mixed_historical_bid,assets/template_words/技术补充文件.docx,346,（二）专项投标文件/12.检测检验报告（包括型式试验报告、检测报告、鉴定报告、检定报告、校准证书或报告、检测试验报告等相关报告）/12.1.检测报告/12.1.4.硬聚氯乙烯塑料(UPVC)电力电缆导管,"[""泰昌"", ""企业证明材料"", ""历史标书候选"", ""技术标"", ""UPVC电缆保护管""]",product_library,产品库资料,taichang_only,不适用,泰昌企业证明材料历史候选第346页,needs_review,[]
taichang_tenant_internal,"[""专项投标文件/12.检测检验报告（包括型式试验报告、检测报告、鉴定报告、检定报告、校准证书或报告、检测试验报告等相关报告）/12.2.更新校准证书""]","[""技术标""]",False,technical,technical-fact-0036,formal_material_caption,试验检测能力,0.9,fd9a8ba66bfcf9c2bcede49b4d1b20a56c515ca400808c74380e657e7682e5f9,,,possible_text_duplicate,文本疑似重复,来源于泰昌技术补充文件，历史位置为“专项投标文件/12.检测检验报告（包括型式试验报告、检测报告、鉴定报告、检定报告、校准证书或报告、检测试验报告等相关报告）/12.2.更新校准证书”。当前仅用于泰昌资料人工复核，未获准进入正式标书。,河北泰昌电力器材科技有限公司,河北泰昌电力器材科技有限公司,,testing_capacity,试验检测能力,False,资料：泰昌试验检测能力,否,blocked,尚未通过P0-06人工批准,False,优先核重,True,电缆保护管,,reference_layout_only,,否,否,"[""电缆保护管通用""]",review_only,仅限人工复核,fact_candidate,查看原件并确认是新资产、重复资产或同一证据的不同载体,P006-G034,,needs_manual_review,需要人工复核,,产品库资料,泰昌试验检测能力历史候选第350页,,不适用,internal,企业内部资料,泰昌技术补充文件,泰昌技术补充文件,mixed_historical_bid,assets/template_words/技术补充文件.docx,350,（二）专项投标文件/12.检测检验报告（包括型式试验报告、检测报告、鉴定报告、检定报告、校准证书或报告、检测试验报告等相关报告）/12.2.更新校准证书,"[""泰昌"", ""试验检测能力"", ""历史标书候选"", ""技术标"", ""电缆保护管通用""]",product_library,产品库资料,taichang_only,否,泰昌试验检测能力历史候选第350页,needs_current_asset_match,[]
taichang_tenant_internal,"[""专项投标文件/12.检测检验报告（包括型式试验报告、检测报告、鉴定报告、检定报告、校准证书或报告、检测试验报告等相关报告）/12.2.更新校准证书""]","[""技术标""]",False,technical,technical-fact-0037,formal_material_caption,试验检测能力,0.9,eb333477d9408624874248e3140b4f953d73f39ca8fedfef653af6e1e40ff817,,,possible_text_duplicate,文本疑似重复,来源于泰昌技术补充文件，历史位置为“专项投标文件/12.检测检验报告（包括型式试验报告、检测报告、鉴定报告、检定报告、校准证书或报告、检测试验报告等相关报告）/12.2.更新校准证书”。当前仅用于泰昌资料人工复核，未获准进入正式标书。,河北泰昌电力器材科技有限公司,河北泰昌电力器材科技有限公司,,testing_capacity,试验检测能力,False,资料：泰昌试验检测能力,否,blocked,尚未通过P0-06人工批准,False,优先核重,True,电缆保护管,,reference_layout_only,,否,否,"[""电缆保护管通用""]",review_only,仅限人工复核,fact_candidate,查看原件并确认是新资产、重复资产或同一证据的不同载体,P006-G034,,needs_manual_review,需要人工复核,,产品库资料,泰昌试验检测能力历史候选第350页,,不适用,internal,企业内部资料,泰昌技术补充文件,泰昌技术补充文件,mixed_historical_bid,assets/template_words/技术补充文件.docx,350,（二）专项投标文件/12.检测检验报告（包括型式试验报告、检测报告、鉴定报告、检定报告、校准证书或报告、检测试验报告等相关报告）/12.2.更新校准证书,"[""泰昌"", ""试验检测能力"", ""历史标书候选"", ""技术标"", ""电缆保护管通用""]",product_library,产品库资料,taichang_only,否,泰昌试验检测能力历史候选第350页,needs_current_asset_match,[]
taichang_tenant_internal,"[""专项投标文件/12.检测检验报告（包括型式试验报告、检测报告、鉴定报告、检定报告、校准证书或报告、检测试验报告等相关报告）/12.2.更新校准证书""]","[""技术标""]",False,technical,technical-fact-0039,formal_material_caption,试验检测能力,0.9,d1fbc41ef07be12f70886b605f4d841762f21746571f2f24b71ada6f9170ea9e,,,possible_text_duplicate,文本疑似重复,来源于泰昌技术补充文件，历史位置为“专项投标文件/12.检测检验报告（包括型式试验报告、检测报告、鉴定报告、检定报告、校准证书或报告、检测试验报告等相关报告）/12.2.更新校准证书”。当前仅用于泰昌资料人工复核，未获准进入正式标书。,河北泰昌电力器材科技有限公司,河北泰昌电力器材科技有限公司,,testing_capacity,试验检测能力,False,资料：泰昌试验检测能力,否,blocked,尚未通过P0-06人工批准,False,优先核重,True,电缆保护管,,reference_layout_only,,否,否,"[""电缆保护管通用""]",review_only,仅限人工复核,fact_candidate,查看原件并确认是新资产、重复资产或同一证据的不同载体,P006-G034,,needs_manual_review,需要人工复核,,产品库资料,泰昌试验检测能力历史候选第350页,,不适用,internal,企业内部资料,泰昌技术补充文件,泰昌技术补充文件,mixed_historical_bid,assets/template_words/技术补充文件.docx,350,（二）专项投标文件/12.检测检验报告（包括型式试验报告、检测报告、鉴定报告、检定报告、校准证书或报告、检测试验报告等相关报告）/12.2.更新校准证书,"[""泰昌"", ""试验检测能力"", ""历史标书候选"", ""技术标"", ""电缆保护管通用""]",product_library,产品库资料,taichang_only,否,泰昌试验检测能力历史候选第350页,needs_current_asset_match,[]
taichang_tenant_internal,"[""专项投标文件/12.检测检验报告（包括型式试验报告、检测报告、鉴定报告、检定报告、校准证书或报告、检测试验报告等相关报告）/12.2.更新校准证书""]","[""技术标""]",False,technical,technical-fact-0040,formal_material_caption,试验检测能力,0.9,b184468f76dd2b4590929e6bedfca739b150a2781c6021600719131bfc084213,,,possible_text_duplicate,文本疑似重复,来源于泰昌技术补充文件，历史位置为“专项投标文件/12.检测检验报告（包括型式试验报告、检测报告、鉴定报告、检定报告、校准证书或报告、检测试验报告等相关报告）/12.2.更新校准证书”。当前仅用于泰昌资料人工复核，未获准进入正式标书。,河北泰昌电力器材科技有限公司,河北泰昌电力器材科技有限公司,,testing_capacity,试验检测能力,False,资料：泰昌试验检测能力,否,blocked,尚未通过P0-06人工批准,False,优先核重,True,电缆保护管,,reference_layout_only,,否,否,"[""电缆保护管通用""]",review_only,仅限人工复核,fact_candidate,查看原件并确认是新资产、重复资产或同一证据的不同载体,P006-G034,,needs_manual_review,需要人工复核,,产品库资料,泰昌试验检测能力历史候选第350页,,不适用,internal,企业内部资料,泰昌技术补充文件,泰昌技术补充文件,mixed_historical_bid,assets/template_words/技术补充文件.docx,350,（二）专项投标文件/12.检测检验报告（包括型式试验报告、检测报告、鉴定报告、检定报告、校准证书或报告、检测试验报告等相关报告）/12.2.更新校准证书,"[""泰昌"", ""试验检测能力"", ""历史标书候选"", ""技术标"", ""电缆保护管通用""]",product_library,产品库资料,taichang_only,否,泰昌试验检测能力历史候选第350页,needs_current_asset_match,[]
taichang_tenant_internal,"[""专项投标文件/12.检测检验报告（包括型式试验报告、检测报告、鉴定报告、检定报告、校准证书或报告、检测试验报告等相关报告）/12.2.更新校准证书/12.2.1.电子拉力试验机""]","[""技术标""]",False,technical,technical-media-0340,suppressed_document_page_caption,企业证明材料,0.45,b6cb199c702c8a6068c991cc1b13ef31c919584363f7be00bdcb65164a390e36,,,new,未发现重复，仍需审核,来源于泰昌技术补充文件，历史位置为“专项投标文件/12.检测检验报告（包括型式试验报告、检测报告、鉴定报告、检定报告、校准证书或报告、检测试验报告等相关报告）/12.2.更新校准证书/12.2.1.电子拉力试验机”。当前仅用于泰昌资料人工复核，未获准进入正式标书。,河北泰昌电力器材科技有限公司,河北泰昌电力器材科技有限公司,,enterprise_evidence,企业证明材料,False,,否,blocked,尚未通过P0-06人工批准,False,核验原始证据,True,泰昌企业资料,b6cb199c702c8a6068c991cc1b13ef31c919584363f7be00bdcb65164a390e36,uncertain,,否,不适用,[],review_only,仅限人工复核,media,确认资料归属泰昌、内容真实、时效有效、中文展示合规且目标库正确,P006-G035,,needs_customer_confirmation,需要客户确认,,产品库资料,泰昌企业证明材料历史候选第351页,,不适用,internal,企业内部资料,泰昌技术补充文件,泰昌技术补充文件,mixed_historical_bid,assets/template_words/技术补充文件.docx,351,（二）专项投标文件/12.检测检验报告（包括型式试验报告、检测报告、鉴定报告、检定报告、校准证书或报告、检测试验报告等相关报告）/12.2.更新校准证书/12.2.1.电子拉力试验机,"[""泰昌"", ""企业证明材料"", ""历史标书候选"", ""技术标""]",product_library,产品库资料,taichang_only,不适用,泰昌企业证明材料历史候选第351页,needs_review,[]
taichang_tenant_internal,"[""专项投标文件/12.检测检验报告（包括型式试验报告、检测报告、鉴定报告、检定报告、校准证书或报告、检测试验报告等相关报告）/12.2.更新校准证书/12.2.1.电子拉力试验机""]","[""技术标""]",False,technical,technical-media-0341,suppressed_document_page_caption,企业证明材料,0.45,14407c0ad971be5491be7980aa9a07d071ce47d6d03dada58d8c06ddf7ac30c4,,,new,未发现重复，仍需审核,来源于泰昌技术补充文件，历史位置为“专项投标文件/12.检测检验报告（包括型式试验报告、检测报告、鉴定报告、检定报告、校准证书或报告、检测试验报告等相关报告）/12.2.更新校准证书/12.2.1.电子拉力试验机”。当前仅用于泰昌资料人工复核，未获准进入正式标书。,河北泰昌电力器材科技有限公司,河北泰昌电力器材科技有限公司,,enterprise_evidence,企业证明材料,False,,否,blocked,尚未通过P0-06人工批准,False,核验原始证据,True,泰昌企业资料,14407c0ad971be5491be7980aa9a07d071ce47d6d03dada58d8c06ddf7ac30c4,uncertain,,否,不适用,[],review_only,仅限人工复核,media,确认资料归属泰昌、内容真实、时效有效、中文展示合规且目标库正确,P006-G035,,needs_customer_confirmation,需要客户确认,,产品库资料,泰昌企业证明材料历史候选第351页,,不适用,internal,企业内部资料,泰昌技术补充文件,泰昌技术补充文件,mixed_historical_bid,assets/template_words/技术补充文件.docx,351,（二）专项投标文件/12.检测检验报告（包括型式试验报告、检测报告、鉴定报告、检定报告、校准证书或报告、检测试验报告等相关报告）/12.2.更新校准证书/12.2.1.电子拉力试验机,"[""泰昌"", ""企业证明材料"", ""历史标书候选"", ""技术标""]",product_library,产品库资料,taichang_only,不适用,泰昌企业证明材料历史候选第351页,needs_review,[]
taichang_tenant_internal,"[""专项投标文件/12.检测检验报告（包括型式试验报告、检测报告、鉴定报告、检定报告、校准证书或报告、检测试验报告等相关报告）/12.2.更新校准证书/12.2.1.电子拉力试验机""]","[""技术标""]",False,technical,technical-media-0342,suppressed_document_page_caption,企业证明材料,0.45,e8a82476a801544aa8d684a047150f3c965db50a7006e2654185b59a21b82e78,,,new,未发现重复，仍需审核,来源于泰昌技术补充文件，历史位置为“专项投标文件/12.检测检验报告（包括型式试验报告、检测报告、鉴定报告、检定报告、校准证书或报告、检测试验报告等相关报告）/12.2.更新校准证书/12.2.1.电子拉力试验机”。当前仅用于泰昌资料人工复核，未获准进入正式标书。,河北泰昌电力器材科技有限公司,河北泰昌电力器材科技有限公司,,enterprise_evidence,企业证明材料,False,,否,blocked,尚未通过P0-06人工批准,False,核验原始证据,True,泰昌企业资料,e8a82476a801544aa8d684a047150f3c965db50a7006e2654185b59a21b82e78,uncertain,,否,不适用,[],review_only,仅限人工复核,media,确认资料归属泰昌、内容真实、时效有效、中文展示合规且目标库正确,P006-G035,,needs_customer_confirmation,需要客户确认,,产品库资料,泰昌企业证明材料历史候选第351页,,不适用,internal,企业内部资料,泰昌技术补充文件,泰昌技术补充文件,mixed_historical_bid,assets/template_words/技术补充文件.docx,351,（二）专项投标文件/12.检测检验报告（包括型式试验报告、检测报告、鉴定报告、检定报告、校准证书或报告、检测试验报告等相关报告）/12.2.更新校准证书/12.2.1.电子拉力试验机,"[""泰昌"", ""企业证明材料"", ""历史标书候选"", ""技术标""]",product_library,产品库资料,taichang_only,不适用,泰昌企业证明材料历史候选第351页,needs_review,[]
taichang_tenant_internal,"[""专项投标文件/12.检测检验报告（包括型式试验报告、检测报告、鉴定报告、检定报告、校准证书或报告、检测试验报告等相关报告）/12.2.更新校准证书/12.2.2.微机控制电子万能试验机""]","[""技术标""]",False,technical,technical-media-0343,formal_material_caption,试验检测能力,0.9,3d699586b7f7bfc33523329d77670e82c14928822388e78c2561b0e42d7291cf,,,new,未发现重复，仍需审核,来源于泰昌技术补充文件，历史位置为“专项投标文件/12.检测检验报告（包括型式试验报告、检测报告、鉴定报告、检定报告、校准证书或报告、检测试验报告等相关报告）/12.2.更新校准证书/12.2.2.微机控制电子万能试验机”。当前仅用于泰昌资料人工复核，未获准进入正式标书。,河北泰昌电力器材科技有限公司,河北泰昌电力器材科技有限公司,,testing_capacity,试验检测能力,False,资料：泰昌试验检测能力,否,blocked,尚未通过P0-06人工批准,False,核验最新校准证书,True,电缆保护管,3d699586b7f7bfc33523329d77670e82c14928822388e78c2561b0e42d7291cf,uncertain,,否,否,"[""电缆保护管通用""]",review_only,仅限人工复核,media,以可追溯的较新原始校准证书为准，不采用历史台账旧日期,P006-G036,,needs_customer_confirmation,需要客户确认,,产品库资料,泰昌试验检测能力历史候选第354页,,不适用,internal,企业内部资料,泰昌技术补充文件,泰昌技术补充文件,mixed_historical_bid,assets/template_words/技术补充文件.docx,354,（二）专项投标文件/12.检测检验报告（包括型式试验报告、检测报告、鉴定报告、检定报告、校准证书或报告、检测试验报告等相关报告）/12.2.更新校准证书/12.2.2.微机控制电子万能试验机,"[""泰昌"", ""试验检测能力"", ""历史标书候选"", ""技术标"", ""电缆保护管通用""]",product_library,产品库资料,taichang_only,否,泰昌试验检测能力历史候选第354页,needs_review,[]
taichang_tenant_internal,"[""专项投标文件/12.检测检验报告（包括型式试验报告、检测报告、鉴定报告、检定报告、校准证书或报告、检测试验报告等相关报告）/12.2.更新校准证书/12.2.2.微机控制电子万能试验机""]","[""技术标""]",False,technical,technical-media-0344,formal_material_caption,试验检测能力,0.9,f76e96dbeb059fc8eb75b7a4109bac39a93eebdffe84e1cc18159aebb1a11c30,,,new,未发现重复，仍需审核,来源于泰昌技术补充文件，历史位置为“专项投标文件/12.检测检验报告（包括型式试验报告、检测报告、鉴定报告、检定报告、校准证书或报告、检测试验报告等相关报告）/12.2.更新校准证书/12.2.2.微机控制电子万能试验机”。当前仅用于泰昌资料人工复核，未获准进入正式标书。,河北泰昌电力器材科技有限公司,河北泰昌电力器材科技有限公司,,testing_capacity,试验检测能力,False,资料：泰昌试验检测能力,否,blocked,尚未通过P0-06人工批准,False,核验最新校准证书,True,电缆保护管,f76e96dbeb059fc8eb75b7a4109bac39a93eebdffe84e1cc18159aebb1a11c30,uncertain,,否,否,"[""电缆保护管通用""]",review_only,仅限人工复核,media,以可追溯的较新原始校准证书为准，不采用历史台账旧日期,P006-G036,,needs_customer_confirmation,需要客户确认,,产品库资料,泰昌试验检测能力历史候选第354页,,不适用,internal,企业内部资料,泰昌技术补充文件,泰昌技术补充文件,mixed_historical_bid,assets/template_words/技术补充文件.docx,354,（二）专项投标文件/12.检测检验报告（包括型式试验报告、检测报告、鉴定报告、检定报告、校准证书或报告、检测试验报告等相关报告）/12.2.更新校准证书/12.2.2.微机控制电子万能试验机,"[""泰昌"", ""试验检测能力"", ""历史标书候选"", ""技术标"", ""电缆保护管通用""]",product_library,产品库资料,taichang_only,否,泰昌试验检测能力历史候选第354页,needs_review,[]
taichang_tenant_internal,"[""专项投标文件/12.检测检验报告（包括型式试验报告、检测报告、鉴定报告、检定报告、校准证书或报告、检测试验报告等相关报告）/12.2.更新校准证书/12.2.2.微机控制电子万能试验机""]","[""技术标""]",False,technical,technical-media-0345,formal_material_caption,试验检测能力,0.9,3ea49e085ca3d231fe8c4cd11a6124a325178ae1010b8e1a2fa766be875735ba,,,new,未发现重复，仍需审核,来源于泰昌技术补充文件，历史位置为“专项投标文件/12.检测检验报告（包括型式试验报告、检测报告、鉴定报告、检定报告、校准证书或报告、检测试验报告等相关报告）/12.2.更新校准证书/12.2.2.微机控制电子万能试验机”。当前仅用于泰昌资料人工复核，未获准进入正式标书。,河北泰昌电力器材科技有限公司,河北泰昌电力器材科技有限公司,,testing_capacity,试验检测能力,False,资料：泰昌试验检测能力,否,blocked,尚未通过P0-06人工批准,False,核验最新校准证书,True,电缆保护管,3ea49e085ca3d231fe8c4cd11a6124a325178ae1010b8e1a2fa766be875735ba,uncertain,,否,否,"[""电缆保护管通用""]",review_only,仅限人工复核,media,以可追溯的较新原始校准证书为准，不采用历史台账旧日期,P006-G036,,needs_customer_confirmation,需要客户确认,,产品库资料,泰昌试验检测能力历史候选第354页,,不适用,internal,企业内部资料,泰昌技术补充文件,泰昌技术补充文件,mixed_historical_bid,assets/template_words/技术补充文件.docx,354,（二）专项投标文件/12.检测检验报告（包括型式试验报告、检测报告、鉴定报告、检定报告、校准证书或报告、检测试验报告等相关报告）/12.2.更新校准证书/12.2.2.微机控制电子万能试验机,"[""泰昌"", ""试验检测能力"", ""历史标书候选"", ""技术标"", ""电缆保护管通用""]",product_library,产品库资料,taichang_only,否,泰昌试验检测能力历史候选第354页,needs_review,[]
taichang_tenant_internal,"[""专项投标文件/12.检测检验报告（包括型式试验报告、检测报告、鉴定报告、检定报告、校准证书或报告、检测试验报告等相关报告）/12.2.更新校准证书/12.2.3.熔体流动速率仪""]","[""技术标""]",False,technical,technical-media-0346,suppressed_document_page_caption,企业证明材料,0.45,830aad80148e63329ec71ef1b7851922d7595d327459d1ee266cf07b566fd462,,,new,未发现重复，仍需审核,来源于泰昌技术补充文件，历史位置为“专项投标文件/12.检测检验报告（包括型式试验报告、检测报告、鉴定报告、检定报告、校准证书或报告、检测试验报告等相关报告）/12.2.更新校准证书/12.2.3.熔体流动速率仪”。当前仅用于泰昌资料人工复核，未获准进入正式标书。,河北泰昌电力器材科技有限公司,河北泰昌电力器材科技有限公司,,enterprise_evidence,企业证明材料,False,,否,blocked,尚未通过P0-06人工批准,False,核验原始证据,True,泰昌企业资料,830aad80148e63329ec71ef1b7851922d7595d327459d1ee266cf07b566fd462,uncertain,,否,不适用,[],review_only,仅限人工复核,media,确认资料归属泰昌、内容真实、时效有效、中文展示合规且目标库正确,P006-G037,,needs_customer_confirmation,需要客户确认,,产品库资料,泰昌企业证明材料历史候选第357页,,不适用,internal,企业内部资料,泰昌技术补充文件,泰昌技术补充文件,mixed_historical_bid,assets/template_words/技术补充文件.docx,357,（二）专项投标文件/12.检测检验报告（包括型式试验报告、检测报告、鉴定报告、检定报告、校准证书或报告、检测试验报告等相关报告）/12.2.更新校准证书/12.2.3.熔体流动速率仪,"[""泰昌"", ""企业证明材料"", ""历史标书候选"", ""技术标""]",product_library,产品库资料,taichang_only,不适用,泰昌企业证明材料历史候选第357页,needs_review,[]
taichang_tenant_internal,"[""专项投标文件/12.检测检验报告（包括型式试验报告、检测报告、鉴定报告、检定报告、校准证书或报告、检测试验报告等相关报告）/12.2.更新校准证书/12.2.3.熔体流动速率仪""]","[""技术标""]",False,technical,technical-media-0347,suppressed_document_page_caption,企业证明材料,0.45,9a25d3c40542e865d5111fb2dc9e040b4419f75603456a8a2a1625e18ef3bcc1,,,new,未发现重复，仍需审核,来源于泰昌技术补充文件，历史位置为“专项投标文件/12.检测检验报告（包括型式试验报告、检测报告、鉴定报告、检定报告、校准证书或报告、检测试验报告等相关报告）/12.2.更新校准证书/12.2.3.熔体流动速率仪”。当前仅用于泰昌资料人工复核，未获准进入正式标书。,河北泰昌电力器材科技有限公司,河北泰昌电力器材科技有限公司,,enterprise_evidence,企业证明材料,False,,否,blocked,尚未通过P0-06人工批准,False,核验原始证据,True,泰昌企业资料,9a25d3c40542e865d5111fb2dc9e040b4419f75603456a8a2a1625e18ef3bcc1,uncertain,,否,不适用,[],review_only,仅限人工复核,media,确认资料归属泰昌、内容真实、时效有效、中文展示合规且目标库正确,P006-G037,,needs_customer_confirmation,需要客户确认,,产品库资料,泰昌企业证明材料历史候选第357页,,不适用,internal,企业内部资料,泰昌技术补充文件,泰昌技术补充文件,mixed_historical_bid,assets/template_words/技术补充文件.docx,357,（二）专项投标文件/12.检测检验报告（包括型式试验报告、检测报告、鉴定报告、检定报告、校准证书或报告、检测试验报告等相关报告）/12.2.更新校准证书/12.2.3.熔体流动速率仪,"[""泰昌"", ""企业证明材料"", ""历史标书候选"", ""技术标""]",product_library,产品库资料,taichang_only,不适用,泰昌企业证明材料历史候选第357页,needs_review,[]
taichang_tenant_internal,"[""专项投标文件/12.检测检验报告（包括型式试验报告、检测报告、鉴定报告、检定报告、校准证书或报告、检测试验报告等相关报告）/12.2.更新校准证书/12.2.3.熔体流动速率仪""]","[""技术标""]",False,technical,technical-media-0348,suppressed_document_page_caption,企业证明材料,0.45,354b76be815cf218dc31fd02acaa41b146bb2bf7c217cbfddee2127e278dcbfe,,,new,未发现重复，仍需审核,来源于泰昌技术补充文件，历史位置为“专项投标文件/12.检测检验报告（包括型式试验报告、检测报告、鉴定报告、检定报告、校准证书或报告、检测试验报告等相关报告）/12.2.更新校准证书/12.2.3.熔体流动速率仪”。当前仅用于泰昌资料人工复核，未获准进入正式标书。,河北泰昌电力器材科技有限公司,河北泰昌电力器材科技有限公司,,enterprise_evidence,企业证明材料,False,,否,blocked,尚未通过P0-06人工批准,False,核验原始证据,True,泰昌企业资料,354b76be815cf218dc31fd02acaa41b146bb2bf7c217cbfddee2127e278dcbfe,uncertain,,否,不适用,[],review_only,仅限人工复核,media,确认资料归属泰昌、内容真实、时效有效、中文展示合规且目标库正确,P006-G037,,needs_customer_confirmation,需要客户确认,,产品库资料,泰昌企业证明材料历史候选第357页,,不适用,internal,企业内部资料,泰昌技术补充文件,泰昌技术补充文件,mixed_historical_bid,assets/template_words/技术补充文件.docx,357,（二）专项投标文件/12.检测检验报告（包括型式试验报告、检测报告、鉴定报告、检定报告、校准证书或报告、检测试验报告等相关报告）/12.2.更新校准证书/12.2.3.熔体流动速率仪,"[""泰昌"", ""企业证明材料"", ""历史标书候选"", ""技术标""]",product_library,产品库资料,taichang_only,不适用,泰昌企业证明材料历史候选第357页,needs_review,[]
taichang_tenant_internal,"[""专项投标文件/12.检测检验报告（包括型式试验报告、检测报告、鉴定报告、检定报告、校准证书或报告、检测试验报告等相关报告）/12.2.更新校准证书/12.2.4.热变型、维卡软化点温度测定仪""]","[""技术标""]",False,technical,technical-fact-0044,formal_material_caption,试验检测能力,0.9,c5794f82b89b1000e100bb081894aaab59489669c3db1a0ba0f9f0d22a31a871,,,possible_text_duplicate,文本疑似重复,来源于泰昌技术补充文件，历史位置为“专项投标文件/12.检测检验报告（包括型式试验报告、检测报告、鉴定报告、检定报告、校准证书或报告、检测试验报告等相关报告）/12.2.更新校准证书/12.2.4.热变型、维卡软化点温度测定仪”。当前仅用于泰昌资料人工复核，未获准进入正式标书。,河北泰昌电力器材科技有限公司,河北泰昌电力器材科技有限公司,,testing_capacity,试验检测能力,False,资料：泰昌试验检测能力,否,blocked,尚未通过P0-06人工批准,False,优先核重,True,电缆保护管,,uncertain,,否,否,"[""电缆保护管通用""]",review_only,仅限人工复核,fact_candidate,查看原件并确认是新资产、重复资产或同一证据的不同载体,P006-G038,,needs_manual_review,需要人工复核,,产品库资料,泰昌试验检测能力历史候选第359页,,不适用,internal,企业内部资料,泰昌技术补充文件,泰昌技术补充文件,mixed_historical_bid,assets/template_words/技术补充文件.docx,359,（二）专项投标文件/12.检测检验报告（包括型式试验报告、检测报告、鉴定报告、检定报告、校准证书或报告、检测试验报告等相关报告）/12.2.更新校准证书/12.2.4.热变型、维卡软化点温度测定仪,"[""泰昌"", ""试验检测能力"", ""历史标书候选"", ""技术标"", ""电缆保护管通用""]",product_library,产品库资料,taichang_only,否,泰昌试验检测能力历史候选第359页,needs_current_asset_match,[]
taichang_tenant_internal,"[""专项投标文件/12.检测检验报告（包括型式试验报告、检测报告、鉴定报告、检定报告、校准证书或报告、检测试验报告等相关报告）/12.2.更新校准证书/12.2.4.热变型、维卡软化点温度测定仪""]","[""技术标""]",False,technical,technical-media-0349,formal_material_caption,试验检测能力,0.9,f09034e618d14555db29b5d0ba9c0ba01d0e5e48ac25f29e148d3b3ef9a0c1ff,,,new,未发现重复，仍需审核,来源于泰昌技术补充文件，历史位置为“专项投标文件/12.检测检验报告（包括型式试验报告、检测报告、鉴定报告、检定报告、校准证书或报告、检测试验报告等相关报告）/12.2.更新校准证书/12.2.4.热变型、维卡软化点温度测定仪”。当前仅用于泰昌资料人工复核，未获准进入正式标书。,河北泰昌电力器材科技有限公司,河北泰昌电力器材科技有限公司,,testing_capacity,试验检测能力,False,资料：泰昌试验检测能力,否,blocked,尚未通过P0-06人工批准,False,核验最新校准证书,True,电缆保护管,f09034e618d14555db29b5d0ba9c0ba01d0e5e48ac25f29e148d3b3ef9a0c1ff,uncertain,,否,否,"[""电缆保护管通用""]",review_only,仅限人工复核,media,以可追溯的较新原始校准证书为准，不采用历史台账旧日期,P006-G038,,needs_customer_confirmation,需要客户确认,,产品库资料,泰昌试验检测能力历史候选第360页,,不适用,internal,企业内部资料,泰昌技术补充文件,泰昌技术补充文件,mixed_historical_bid,assets/template_words/技术补充文件.docx,360,（二）专项投标文件/12.检测检验报告（包括型式试验报告、检测报告、鉴定报告、检定报告、校准证书或报告、检测试验报告等相关报告）/12.2.更新校准证书/12.2.4.热变型、维卡软化点温度测定仪,"[""泰昌"", ""试验检测能力"", ""历史标书候选"", ""技术标"", ""电缆保护管通用""]",product_library,产品库资料,taichang_only,否,泰昌试验检测能力历史候选第360页,needs_review,[]
taichang_tenant_internal,"[""专项投标文件/12.检测检验报告（包括型式试验报告、检测报告、鉴定报告、检定报告、校准证书或报告、检测试验报告等相关报告）/12.2.更新校准证书/12.2.4.热变型、维卡软化点温度测定仪""]","[""技术标""]",False,technical,technical-media-0350,formal_material_caption,试验检测能力,0.9,368e096e88655393e8ebbfe3a4519cdb7b3d6581f1959f5bdcf8872cca34c2cd,,,new,未发现重复，仍需审核,来源于泰昌技术补充文件，历史位置为“专项投标文件/12.检测检验报告（包括型式试验报告、检测报告、鉴定报告、检定报告、校准证书或报告、检测试验报告等相关报告）/12.2.更新校准证书/12.2.4.热变型、维卡软化点温度测定仪”。当前仅用于泰昌资料人工复核，未获准进入正式标书。,河北泰昌电力器材科技有限公司,河北泰昌电力器材科技有限公司,,testing_capacity,试验检测能力,False,资料：泰昌试验检测能力,否,blocked,尚未通过P0-06人工批准,False,核验最新校准证书,True,电缆保护管,368e096e88655393e8ebbfe3a4519cdb7b3d6581f1959f5bdcf8872cca34c2cd,uncertain,,否,否,"[""电缆保护管通用""]",review_only,仅限人工复核,media,以可追溯的较新原始校准证书为准，不采用历史台账旧日期,P006-G038,,needs_customer_confirmation,需要客户确认,,产品库资料,泰昌试验检测能力历史候选第360页,,不适用,internal,企业内部资料,泰昌技术补充文件,泰昌技术补充文件,mixed_historical_bid,assets/template_words/技术补充文件.docx,360,（二）专项投标文件/12.检测检验报告（包括型式试验报告、检测报告、鉴定报告、检定报告、校准证书或报告、检测试验报告等相关报告）/12.2.更新校准证书/12.2.4.热变型、维卡软化点温度测定仪,"[""泰昌"", ""试验检测能力"", ""历史标书候选"", ""技术标"", ""电缆保护管通用""]",product_library,产品库资料,taichang_only,否,泰昌试验检测能力历史候选第360页,needs_review,[]
taichang_tenant_internal,"[""专项投标文件/12.检测检验报告（包括型式试验报告、检测报告、鉴定报告、检定报告、校准证书或报告、检测试验报告等相关报告）/12.2.更新校准证书/12.2.4.热变型、维卡软化点温度测定仪""]","[""技术标""]",False,technical,technical-media-0351,formal_material_caption,试验检测能力,0.9,185b6382b8c0feb99097e761fe918c73e763c90718ecdcd36688a8a4e2fd4adf,,,new,未发现重复，仍需审核,来源于泰昌技术补充文件，历史位置为“专项投标文件/12.检测检验报告（包括型式试验报告、检测报告、鉴定报告、检定报告、校准证书或报告、检测试验报告等相关报告）/12.2.更新校准证书/12.2.4.热变型、维卡软化点温度测定仪”。当前仅用于泰昌资料人工复核，未获准进入正式标书。,河北泰昌电力器材科技有限公司,河北泰昌电力器材科技有限公司,,testing_capacity,试验检测能力,False,资料：泰昌试验检测能力,否,blocked,尚未通过P0-06人工批准,False,核验最新校准证书,True,电缆保护管,185b6382b8c0feb99097e761fe918c73e763c90718ecdcd36688a8a4e2fd4adf,uncertain,,否,否,"[""电缆保护管通用""]",review_only,仅限人工复核,media,以可追溯的较新原始校准证书为准，不采用历史台账旧日期,P006-G038,,needs_customer_confirmation,需要客户确认,,产品库资料,泰昌试验检测能力历史候选第360页,,不适用,internal,企业内部资料,泰昌技术补充文件,泰昌技术补充文件,mixed_historical_bid,assets/template_words/技术补充文件.docx,360,（二）专项投标文件/12.检测检验报告（包括型式试验报告、检测报告、鉴定报告、检定报告、校准证书或报告、检测试验报告等相关报告）/12.2.更新校准证书/12.2.4.热变型、维卡软化点温度测定仪,"[""泰昌"", ""试验检测能力"", ""历史标书候选"", ""技术标"", ""电缆保护管通用""]",product_library,产品库资料,taichang_only,否,泰昌试验检测能力历史候选第360页,needs_review,[]
taichang_tenant_internal,"[""专项投标文件/12.检测检验报告（包括型式试验报告、检测报告、鉴定报告、检定报告、校准证书或报告、检测试验报告等相关报告）/12.2.更新校准证书/12.2.5.锤击试验装置""]","[""技术标""]",False,technical,technical-media-0352,formal_material_caption,试验检测能力,0.9,3cd400c8b6a262b00d5c3512f79d6726c795dc609df1ab015b5835ad7037f663,,,new,未发现重复，仍需审核,来源于泰昌技术补充文件，历史位置为“专项投标文件/12.检测检验报告（包括型式试验报告、检测报告、鉴定报告、检定报告、校准证书或报告、检测试验报告等相关报告）/12.2.更新校准证书/12.2.5.锤击试验装置”。当前仅用于泰昌资料人工复核，未获准进入正式标书。,河北泰昌电力器材科技有限公司,河北泰昌电力器材科技有限公司,,testing_capacity,试验检测能力,False,资料：泰昌试验检测能力,否,blocked,尚未通过P0-06人工批准,False,核验最新校准证书,True,电缆保护管,3cd400c8b6a262b00d5c3512f79d6726c795dc609df1ab015b5835ad7037f663,uncertain,,否,否,"[""电缆保护管通用""]",review_only,仅限人工复核,media,以可追溯的较新原始校准证书为准，不采用历史台账旧日期,P006-G039,,needs_customer_confirmation,需要客户确认,,产品库资料,泰昌试验检测能力历史候选第363页,,不适用,internal,企业内部资料,泰昌技术补充文件,泰昌技术补充文件,mixed_historical_bid,assets/template_words/技术补充文件.docx,363,（二）专项投标文件/12.检测检验报告（包括型式试验报告、检测报告、鉴定报告、检定报告、校准证书或报告、检测试验报告等相关报告）/12.2.更新校准证书/12.2.5.锤击试验装置,"[""泰昌"", ""试验检测能力"", ""历史标书候选"", ""技术标"", ""电缆保护管通用""]",product_library,产品库资料,taichang_only,否,泰昌试验检测能力历史候选第363页,needs_review,[]
taichang_tenant_internal,"[""专项投标文件/12.检测检验报告（包括型式试验报告、检测报告、鉴定报告、检定报告、校准证书或报告、检测试验报告等相关报告）/12.2.更新校准证书/12.2.5.锤击试验装置""]","[""技术标""]",False,technical,technical-media-0353,formal_material_caption,试验检测能力,0.9,f378aafaf30f066d48948a8d65fdb1a9f9aff3b2cfef3ae0cc10725b507190d4,,,new,未发现重复，仍需审核,来源于泰昌技术补充文件，历史位置为“专项投标文件/12.检测检验报告（包括型式试验报告、检测报告、鉴定报告、检定报告、校准证书或报告、检测试验报告等相关报告）/12.2.更新校准证书/12.2.5.锤击试验装置”。当前仅用于泰昌资料人工复核，未获准进入正式标书。,河北泰昌电力器材科技有限公司,河北泰昌电力器材科技有限公司,,testing_capacity,试验检测能力,False,资料：泰昌试验检测能力,否,blocked,尚未通过P0-06人工批准,False,核验最新校准证书,True,电缆保护管,f378aafaf30f066d48948a8d65fdb1a9f9aff3b2cfef3ae0cc10725b507190d4,uncertain,,否,否,"[""电缆保护管通用""]",review_only,仅限人工复核,media,以可追溯的较新原始校准证书为准，不采用历史台账旧日期,P006-G039,,needs_customer_confirmation,需要客户确认,,产品库资料,泰昌试验检测能力历史候选第363页,,不适用,internal,企业内部资料,泰昌技术补充文件,泰昌技术补充文件,mixed_historical_bid,assets/template_words/技术补充文件.docx,363,（二）专项投标文件/12.检测检验报告（包括型式试验报告、检测报告、鉴定报告、检定报告、校准证书或报告、检测试验报告等相关报告）/12.2.更新校准证书/12.2.5.锤击试验装置,"[""泰昌"", ""试验检测能力"", ""历史标书候选"", ""技术标"", ""电缆保护管通用""]",product_library,产品库资料,taichang_only,否,泰昌试验检测能力历史候选第363页,needs_review,[]
taichang_tenant_internal,"[""专项投标文件/12.检测检验报告（包括型式试验报告、检测报告、鉴定报告、检定报告、校准证书或报告、检测试验报告等相关报告）/12.2.更新校准证书/12.2.5.锤击试验装置""]","[""技术标""]",False,technical,technical-media-0354,formal_material_caption,试验检测能力,0.9,7711a24cfaeeb603ab8e97cb02c0088cd9f7d866bb031b3b603495d8be864c53,,,new,未发现重复，仍需审核,来源于泰昌技术补充文件，历史位置为“专项投标文件/12.检测检验报告（包括型式试验报告、检测报告、鉴定报告、检定报告、校准证书或报告、检测试验报告等相关报告）/12.2.更新校准证书/12.2.5.锤击试验装置”。当前仅用于泰昌资料人工复核，未获准进入正式标书。,河北泰昌电力器材科技有限公司,河北泰昌电力器材科技有限公司,,testing_capacity,试验检测能力,False,资料：泰昌试验检测能力,否,blocked,尚未通过P0-06人工批准,False,核验最新校准证书,True,电缆保护管,7711a24cfaeeb603ab8e97cb02c0088cd9f7d866bb031b3b603495d8be864c53,uncertain,,否,否,"[""电缆保护管通用""]",review_only,仅限人工复核,media,以可追溯的较新原始校准证书为准，不采用历史台账旧日期,P006-G039,,needs_customer_confirmation,需要客户确认,,产品库资料,泰昌试验检测能力历史候选第363页,,不适用,internal,企业内部资料,泰昌技术补充文件,泰昌技术补充文件,mixed_historical_bid,assets/template_words/技术补充文件.docx,363,（二）专项投标文件/12.检测检验报告（包括型式试验报告、检测报告、鉴定报告、检定报告、校准证书或报告、检测试验报告等相关报告）/12.2.更新校准证书/12.2.5.锤击试验装置,"[""泰昌"", ""试验检测能力"", ""历史标书候选"", ""技术标"", ""电缆保护管通用""]",product_library,产品库资料,taichang_only,否,泰昌试验检测能力历史候选第363页,needs_review,[]
taichang_tenant_internal,"[""专项投标文件/12.检测检验报告（包括型式试验报告、检测报告、鉴定报告、检定报告、校准证书或报告、检测试验报告等相关报告）/12.2.更新校准证书/12.2.6.电子天平""]","[""技术标""]",False,technical,technical-media-0355,formal_material_caption,试验检测能力,0.9,2f8807e62f03134a3f44e6bce6ebf01e9833f048de00237b6e4ef589357d6e22,,,new,未发现重复，仍需审核,来源于泰昌技术补充文件，历史位置为“专项投标文件/12.检测检验报告（包括型式试验报告、检测报告、鉴定报告、检定报告、校准证书或报告、检测试验报告等相关报告）/12.2.更新校准证书/12.2.6.电子天平”。当前仅用于泰昌资料人工复核，未获准进入正式标书。,河北泰昌电力器材科技有限公司,河北泰昌电力器材科技有限公司,,testing_capacity,试验检测能力,False,资料：泰昌试验检测能力,否,blocked,尚未通过P0-06人工批准,False,核验最新校准证书,True,电缆保护管,2f8807e62f03134a3f44e6bce6ebf01e9833f048de00237b6e4ef589357d6e22,uncertain,,否,否,"[""电缆保护管通用""]",review_only,仅限人工复核,media,以可追溯的较新原始校准证书为准，不采用历史台账旧日期,P006-G040,,needs_customer_confirmation,需要客户确认,,产品库资料,泰昌试验检测能力历史候选第366页,,不适用,internal,企业内部资料,泰昌技术补充文件,泰昌技术补充文件,mixed_historical_bid,assets/template_words/技术补充文件.docx,366,（二）专项投标文件/12.检测检验报告（包括型式试验报告、检测报告、鉴定报告、检定报告、校准证书或报告、检测试验报告等相关报告）/12.2.更新校准证书/12.2.6.电子天平,"[""泰昌"", ""试验检测能力"", ""历史标书候选"", ""技术标"", ""电缆保护管通用""]",product_library,产品库资料,taichang_only,否,泰昌试验检测能力历史候选第366页,needs_review,[]
taichang_tenant_internal,"[""专项投标文件/12.检测检验报告（包括型式试验报告、检测报告、鉴定报告、检定报告、校准证书或报告、检测试验报告等相关报告）/12.2.更新校准证书/12.2.6.电子天平""]","[""技术标""]",False,technical,technical-media-0356,formal_material_caption,试验检测能力,0.9,e230197cfa19a38225e6315632b0691c00125568622518f8b2971fc438405ba9,,,new,未发现重复，仍需审核,来源于泰昌技术补充文件，历史位置为“专项投标文件/12.检测检验报告（包括型式试验报告、检测报告、鉴定报告、检定报告、校准证书或报告、检测试验报告等相关报告）/12.2.更新校准证书/12.2.6.电子天平”。当前仅用于泰昌资料人工复核，未获准进入正式标书。,河北泰昌电力器材科技有限公司,河北泰昌电力器材科技有限公司,,testing_capacity,试验检测能力,False,资料：泰昌试验检测能力,否,blocked,尚未通过P0-06人工批准,False,核验最新校准证书,True,电缆保护管,e230197cfa19a38225e6315632b0691c00125568622518f8b2971fc438405ba9,uncertain,,否,否,"[""电缆保护管通用""]",review_only,仅限人工复核,media,以可追溯的较新原始校准证书为准，不采用历史台账旧日期,P006-G040,,needs_customer_confirmation,需要客户确认,,产品库资料,泰昌试验检测能力历史候选第366页,,不适用,internal,企业内部资料,泰昌技术补充文件,泰昌技术补充文件,mixed_historical_bid,assets/template_words/技术补充文件.docx,366,（二）专项投标文件/12.检测检验报告（包括型式试验报告、检测报告、鉴定报告、检定报告、校准证书或报告、检测试验报告等相关报告）/12.2.更新校准证书/12.2.6.电子天平,"[""泰昌"", ""试验检测能力"", ""历史标书候选"", ""技术标"", ""电缆保护管通用""]",product_library,产品库资料,taichang_only,否,泰昌试验检测能力历史候选第366页,needs_review,[]
taichang_tenant_internal,"[""专项投标文件/12.检测检验报告（包括型式试验报告、检测报告、鉴定报告、检定报告、校准证书或报告、检测试验报告等相关报告）/12.2.更新校准证书/12.2.6.电子天平""]","[""技术标""]",False,technical,technical-media-0357,formal_material_caption,试验检测能力,0.9,fb76bada541d32907b1b9a2c7cc09f8569e1211d9744a7bc05e9d3b28e7487ff,,,new,未发现重复，仍需审核,来源于泰昌技术补充文件，历史位置为“专项投标文件/12.检测检验报告（包括型式试验报告、检测报告、鉴定报告、检定报告、校准证书或报告、检测试验报告等相关报告）/12.2.更新校准证书/12.2.6.电子天平”。当前仅用于泰昌资料人工复核，未获准进入正式标书。,河北泰昌电力器材科技有限公司,河北泰昌电力器材科技有限公司,,testing_capacity,试验检测能力,False,资料：泰昌试验检测能力,否,blocked,尚未通过P0-06人工批准,False,核验最新校准证书,True,电缆保护管,fb76bada541d32907b1b9a2c7cc09f8569e1211d9744a7bc05e9d3b28e7487ff,uncertain,,否,否,"[""电缆保护管通用""]",review_only,仅限人工复核,media,以可追溯的较新原始校准证书为准，不采用历史台账旧日期,P006-G040,,needs_customer_confirmation,需要客户确认,,产品库资料,泰昌试验检测能力历史候选第366页,,不适用,internal,企业内部资料,泰昌技术补充文件,泰昌技术补充文件,mixed_historical_bid,assets/template_words/技术补充文件.docx,366,（二）专项投标文件/12.检测检验报告（包括型式试验报告、检测报告、鉴定报告、检定报告、校准证书或报告、检测试验报告等相关报告）/12.2.更新校准证书/12.2.6.电子天平,"[""泰昌"", ""试验检测能力"", ""历史标书候选"", ""技术标"", ""电缆保护管通用""]",product_library,产品库资料,taichang_only,否,泰昌试验检测能力历史候选第366页,needs_review,[]
taichang_tenant_internal,"[""专项投标文件/4.符合招标文件投标人资格要求的证明文件/4.2、资质业绩凭证单""]","[""技术标""]",False,technical,technical-media-0004,suppressed_document_page_caption,项目业绩,0.8,6a61670906d9370c90bf69ecddf730ca9d45851420aca6cf024bedbf601168d1,,,new,未发现重复，仍需审核,来源于泰昌技术补充文件，历史位置为“专项投标文件/4.符合招标文件投标人资格要求的证明文件/4.2、资质业绩凭证单”。当前仅用于泰昌资料人工复核，未获准进入正式标书。,河北泰昌电力器材科技有限公司,河北泰昌电力器材科技有限公司,,project_performance,项目业绩,False,,否,blocked,尚未通过P0-06人工批准,False,核验原始证据,True,泰昌企业资料,6a61670906d9370c90bf69ecddf730ca9d45851420aca6cf024bedbf601168d1,tender_mandated,,否,不适用,[],review_only,仅限人工复核,media,确认资料归属泰昌、内容真实、时效有效、中文展示合规且目标库正确,P006-G041,,needs_customer_confirmation,需要客户确认,,资信库资料,泰昌项目业绩历史候选第15页,,不适用,internal,企业内部资料,泰昌技术补充文件,泰昌技术补充文件,mixed_historical_bid,assets/template_words/技术补充文件.docx,15,（二）专项投标文件/4.符合招标文件投标人资格要求的证明文件/4.2、资质业绩凭证单,"[""泰昌"", ""项目业绩"", ""历史标书候选"", ""技术标""]",qualification_library,资信库资料,taichang_only,否,泰昌项目业绩历史候选第15页,needs_review,[]
taichang_tenant_internal,"[""专项投标文件/5.针对评审要素，需要补充的其他文件/5.1.产品制造质量控制/5.1.1.原材料组部件进厂检验检测措施""]","[""技术标""]",False,technical,technical-fact-0016,suppressed_document_page_caption,产品参数表,0.85,ab7aedd0a3ca63f2a33abfd79f57ce90a813bf8c589cf61967fb5e9907862003,,,new,未发现重复，仍需审核,来源于泰昌技术补充文件，历史位置为“专项投标文件/5.针对评审要素，需要补充的其他文件/5.1.产品制造质量控制/5.1.1.原材料组部件进厂检验检测措施”。当前仅用于泰昌资料人工复核，未获准进入正式标书。,河北泰昌电力器材科技有限公司,河北泰昌电力器材科技有限公司,,product_parameter_table,产品参数表,False,,否,blocked,尚未通过P0-06人工批准,False,优先结构化核验,True,电缆保护管,,tender_scoring_derived,,否,否,"[""MPP电缆保护管""]",review_only,仅限人工复核,fact_candidate,核对产品族、规格型号、参数值和原始表格，批准后仍须走结构化抽取,P006-G042,,needs_customer_confirmation,需要客户确认,,产品库资料,泰昌产品参数表历史候选第17页,,不适用,internal,企业内部资料,泰昌技术补充文件,泰昌技术补充文件,mixed_historical_bid,assets/template_words/技术补充文件.docx,17,（二）专项投标文件/5.针对评审要素，需要补充的其他文件/5.1.产品制造质量控制/5.1.1.原材料组部件进厂检验检测措施,"[""泰昌"", ""产品参数表"", ""历史标书候选"", ""技术标"", ""MPP电缆保护管""]",product_library,产品库资料,taichang_only,不适用,泰昌产品参数表历史候选第17页,coverage_unconfirmed,[]
taichang_tenant_internal,"[""专项投标文件/5.针对评审要素，需要补充的其他文件/5.1.产品制造质量控制/5.1.1.原材料组部件进厂检验检测措施""]","[""技术标""]",False,technical,technical-fact-0015,suppressed_document_page_caption,产品参数表,0.85,0cb89c4fc37dc8408124bdbc239a93e6c32e047ca69cde6dcbbe9a82149532e0,,,new,未发现重复，仍需审核,来源于泰昌技术补充文件，历史位置为“专项投标文件/5.针对评审要素，需要补充的其他文件/5.1.产品制造质量控制/5.1.1.原材料组部件进厂检验检测措施”。当前仅用于泰昌资料人工复核，未获准进入正式标书。,河北泰昌电力器材科技有限公司,河北泰昌电力器材科技有限公司,,product_parameter_table,产品参数表,False,,否,blocked,尚未通过P0-06人工批准,False,优先结构化核验,True,电缆保护管,,tender_scoring_derived,,否,否,"[""MPP电缆保护管"", ""UPVC电缆保护管""]",review_only,仅限人工复核,fact_candidate,核对产品族、规格型号、参数值和原始表格，批准后仍须走结构化抽取,P006-G043,,needs_customer_confirmation,需要客户确认,,产品库资料,泰昌产品参数表历史候选第17页,,不适用,internal,企业内部资料,泰昌技术补充文件,泰昌技术补充文件,mixed_historical_bid,assets/template_words/技术补充文件.docx,17,（二）专项投标文件/5.针对评审要素，需要补充的其他文件/5.1.产品制造质量控制/5.1.1.原材料组部件进厂检验检测措施,"[""泰昌"", ""产品参数表"", ""历史标书候选"", ""技术标"", ""MPP电缆保护管"", ""UPVC电缆保护管""]",product_library,产品库资料,taichang_only,不适用,泰昌产品参数表历史候选第17页,needs_original_parameter_evidence,[]
taichang_tenant_internal,"[""专项投标文件/5.针对评审要素，需要补充的其他文件/5.1.产品制造质量控制/5.1.1.原材料组部件进厂检验检测措施""]","[""技术标""]",False,technical,technical-fact-0014,formal_material_caption,试验检测能力,0.9,ac26e084ccac8cc4317d365873ae9274422c34119d9f7835a26f014719f8bccf,,,new,未发现重复，仍需审核,来源于泰昌技术补充文件，历史位置为“专项投标文件/5.针对评审要素，需要补充的其他文件/5.1.产品制造质量控制/5.1.1.原材料组部件进厂检验检测措施”。当前仅用于泰昌资料人工复核，未获准进入正式标书。,河北泰昌电力器材科技有限公司,河北泰昌电力器材科技有限公司,,testing_capacity,试验检测能力,False,资料：泰昌试验检测能力,否,blocked,尚未通过P0-06人工批准,False,核验最新校准证书,True,电缆保护管,,tender_scoring_derived,,否,否,"[""电缆保护管通用""]",review_only,仅限人工复核,fact_candidate,以可追溯的较新原始校准证书为准，不采用历史台账旧日期,P006-G044,,needs_customer_confirmation,需要客户确认,,产品库资料,泰昌试验检测能力历史候选第16页,,不适用,internal,企业内部资料,泰昌技术补充文件,泰昌技术补充文件,mixed_historical_bid,assets/template_words/技术补充文件.docx,16,（二）专项投标文件/5.针对评审要素，需要补充的其他文件/5.1.产品制造质量控制/5.1.1.原材料组部件进厂检验检测措施,"[""泰昌"", ""试验检测能力"", ""历史标书候选"", ""技术标"", ""电缆保护管通用""]",product_library,产品库资料,taichang_only,否,泰昌试验检测能力历史候选第16页,needs_current_asset_match,[]
taichang_tenant_internal,"[""专项投标文件/5.针对评审要素，需要补充的其他文件/5.1.产品制造质量控制/5.1.2.生产工艺/质量管控体系/5.1.2.1.电缆保护管MPP工艺流程""]","[""技术标""]",False,technical,technical-media-0005,suppressed_document_page_caption,企业证明材料,0.45,99db87ea295d372313af2af157652c8408e15dcb2a0409f4d2bfbce008e3ae04,,,new,未发现重复，仍需审核,来源于泰昌技术补充文件，历史位置为“专项投标文件/5.针对评审要素，需要补充的其他文件/5.1.产品制造质量控制/5.1.2.生产工艺/质量管控体系/5.1.2.1.电缆保护管MPP工艺流程”。当前仅用于泰昌资料人工复核，未获准进入正式标书。,河北泰昌电力器材科技有限公司,河北泰昌电力器材科技有限公司,,enterprise_evidence,企业证明材料,False,,否,blocked,尚未通过P0-06人工批准,False,核验原始证据,True,电缆保护管,99db87ea295d372313af2af157652c8408e15dcb2a0409f4d2bfbce008e3ae04,tender_scoring_derived,,否,不适用,"[""MPP电缆保护管""]",review_only,仅限人工复核,media,确认资料归属泰昌、内容真实、时效有效、中文展示合规且目标库正确,P006-G045,,needs_customer_confirmation,需要客户确认,,产品库资料,泰昌企业证明材料历史候选第19页,,不适用,internal,企业内部资料,泰昌技术补充文件,泰昌技术补充文件,mixed_historical_bid,assets/template_words/技术补充文件.docx,19,（二）专项投标文件/5.针对评审要素，需要补充的其他文件/5.1.产品制造质量控制/5.1.2.生产工艺/质量管控体系/5.1.2.1.电缆保护管MPP工艺流程,"[""泰昌"", ""企业证明材料"", ""历史标书候选"", ""技术标"", ""MPP电缆保护管""]",product_library,产品库资料,taichang_only,不适用,泰昌企业证明材料历史候选第19页,needs_review,[]
taichang_tenant_internal,"[""专项投标文件/5.针对评审要素，需要补充的其他文件/5.1.产品制造质量控制/5.1.2.生产工艺/质量管控体系/5.1.2.2.电缆保护管CPVC工艺流程""]","[""技术标""]",False,technical,technical-media-0006,suppressed_document_page_caption,企业证明材料,0.45,009c93d2fbf3f8ef5351b3a2d19ec13a429c99a0b08a7c6abd3725a86b1716b2,,,new,未发现重复，仍需审核,来源于泰昌技术补充文件，历史位置为“专项投标文件/5.针对评审要素，需要补充的其他文件/5.1.产品制造质量控制/5.1.2.生产工艺/质量管控体系/5.1.2.2.电缆保护管CPVC工艺流程”。当前仅用于泰昌资料人工复核，未获准进入正式标书。,河北泰昌电力器材科技有限公司,河北泰昌电力器材科技有限公司,,enterprise_evidence,企业证明材料,False,,否,blocked,尚未通过P0-06人工批准,False,核验原始证据,True,电缆保护管,009c93d2fbf3f8ef5351b3a2d19ec13a429c99a0b08a7c6abd3725a86b1716b2,tender_scoring_derived,,否,不适用,"[""CPVC电缆保护管""]",review_only,仅限人工复核,media,确认资料归属泰昌、内容真实、时效有效、中文展示合规且目标库正确,P006-G046,,needs_customer_confirmation,需要客户确认,,产品库资料,泰昌企业证明材料历史候选第22页,,不适用,internal,企业内部资料,泰昌技术补充文件,泰昌技术补充文件,mixed_historical_bid,assets/template_words/技术补充文件.docx,22,（二）专项投标文件/5.针对评审要素，需要补充的其他文件/5.1.产品制造质量控制/5.1.2.生产工艺/质量管控体系/5.1.2.2.电缆保护管CPVC工艺流程,"[""泰昌"", ""企业证明材料"", ""历史标书候选"", ""技术标"", ""CPVC电缆保护管""]",product_library,产品库资料,taichang_only,不适用,泰昌企业证明材料历史候选第22页,needs_review,[]
taichang_tenant_internal,"[""专项投标文件/5.针对评审要素，需要补充的其他文件/5.1.产品制造质量控制/5.1.2.生产工艺/质量管控体系/5.1.2.5.各工序控制点工艺文件""]","[""技术标""]",False,technical,technical-media-0007,formal_material_caption,生产制造能力,0.85,659e82a90ddfc09181a2411f7481e1352f7676985524c37626de319c4038c71f,,,new,未发现重复，仍需审核,来源于泰昌技术补充文件，历史位置为“专项投标文件/5.针对评审要素，需要补充的其他文件/5.1.产品制造质量控制/5.1.2.生产工艺/质量管控体系/5.1.2.5.各工序控制点工艺文件”。当前仅用于泰昌资料人工复核，未获准进入正式标书。,河北泰昌电力器材科技有限公司,河北泰昌电力器材科技有限公司,,production_capacity,生产制造能力,False,资料：泰昌生产制造能力,否,blocked,尚未通过P0-06人工批准,False,核验整份原始资料,True,电缆保护管,659e82a90ddfc09181a2411f7481e1352f7676985524c37626de319c4038c71f,tender_scoring_derived,,否,否,"[""电缆保护管通用""]",review_only,仅限人工复核,media,连续内嵌页应按完整报告或证据包审核，不逐页新建业务资产,P006-G047,,needs_customer_confirmation,需要客户确认,,产品库资料,泰昌生产制造能力历史候选第26页,,不适用,internal,企业内部资料,泰昌技术补充文件,泰昌技术补充文件,mixed_historical_bid,assets/template_words/技术补充文件.docx,26,（二）专项投标文件/5.针对评审要素，需要补充的其他文件/5.1.产品制造质量控制/5.1.2.生产工艺/质量管控体系/5.1.2.5.各工序控制点工艺文件,"[""泰昌"", ""生产制造能力"", ""历史标书候选"", ""技术标"", ""电缆保护管通用""]",product_library,产品库资料,taichang_only,不适用,泰昌生产制造能力历史候选第26页,needs_review,[]
taichang_tenant_internal,"[""专项投标文件/5.针对评审要素，需要补充的其他文件/5.1.产品制造质量控制/5.1.2.生产工艺/质量管控体系/5.1.2.5.各工序控制点工艺文件""]","[""技术标""]",False,technical,technical-media-0008,formal_material_caption,生产制造能力,0.85,3f3577ad327c2d683e69ba7ed371fedab3f9fdef2b92868ff56d2883a57951f8,,,new,未发现重复，仍需审核,来源于泰昌技术补充文件，历史位置为“专项投标文件/5.针对评审要素，需要补充的其他文件/5.1.产品制造质量控制/5.1.2.生产工艺/质量管控体系/5.1.2.5.各工序控制点工艺文件”。当前仅用于泰昌资料人工复核，未获准进入正式标书。,河北泰昌电力器材科技有限公司,河北泰昌电力器材科技有限公司,,production_capacity,生产制造能力,False,资料：泰昌生产制造能力,否,blocked,尚未通过P0-06人工批准,False,核验整份原始资料,True,电缆保护管,3f3577ad327c2d683e69ba7ed371fedab3f9fdef2b92868ff56d2883a57951f8,tender_scoring_derived,,否,否,"[""电缆保护管通用""]",review_only,仅限人工复核,media,连续内嵌页应按完整报告或证据包审核，不逐页新建业务资产,P006-G047,,needs_customer_confirmation,需要客户确认,,产品库资料,泰昌生产制造能力历史候选第26页,,不适用,internal,企业内部资料,泰昌技术补充文件,泰昌技术补充文件,mixed_historical_bid,assets/template_words/技术补充文件.docx,26,（二）专项投标文件/5.针对评审要素，需要补充的其他文件/5.1.产品制造质量控制/5.1.2.生产工艺/质量管控体系/5.1.2.5.各工序控制点工艺文件,"[""泰昌"", ""生产制造能力"", ""历史标书候选"", ""技术标"", ""电缆保护管通用""]",product_library,产品库资料,taichang_only,不适用,泰昌生产制造能力历史候选第26页,needs_review,[]
taichang_tenant_internal,"[""专项投标文件/5.针对评审要素，需要补充的其他文件/5.1.产品制造质量控制/5.1.2.生产工艺/质量管控体系/5.1.2.5.各工序控制点工艺文件""]","[""技术标""]",False,technical,technical-media-0009,formal_material_caption,生产制造能力,0.85,255bb29290085204e51f7ebde27a64deb12d03a70239f5e64d934d85f4bc1d61,,,new,未发现重复，仍需审核,来源于泰昌技术补充文件，历史位置为“专项投标文件/5.针对评审要素，需要补充的其他文件/5.1.产品制造质量控制/5.1.2.生产工艺/质量管控体系/5.1.2.5.各工序控制点工艺文件”。当前仅用于泰昌资料人工复核，未获准进入正式标书。,河北泰昌电力器材科技有限公司,河北泰昌电力器材科技有限公司,,production_capacity,生产制造能力,False,资料：泰昌生产制造能力,否,blocked,尚未通过P0-06人工批准,False,核验整份原始资料,True,电缆保护管,255bb29290085204e51f7ebde27a64deb12d03a70239f5e64d934d85f4bc1d61,tender_scoring_derived,,否,否,"[""电缆保护管通用""]",review_only,仅限人工复核,media,连续内嵌页应按完整报告或证据包审核，不逐页新建业务资产,P006-G047,,needs_customer_confirmation,需要客户确认,,产品库资料,泰昌生产制造能力历史候选第26页,,不适用,internal,企业内部资料,泰昌技术补充文件,泰昌技术补充文件,mixed_historical_bid,assets/template_words/技术补充文件.docx,26,（二）专项投标文件/5.针对评审要素，需要补充的其他文件/5.1.产品制造质量控制/5.1.2.生产工艺/质量管控体系/5.1.2.5.各工序控制点工艺文件,"[""泰昌"", ""生产制造能力"", ""历史标书候选"", ""技术标"", ""电缆保护管通用""]",product_library,产品库资料,taichang_only,不适用,泰昌生产制造能力历史候选第26页,needs_review,[]
taichang_tenant_internal,"[""专项投标文件/5.针对评审要素，需要补充的其他文件/5.1.产品制造质量控制/5.1.2.生产工艺/质量管控体系/5.1.2.5.各工序控制点工艺文件""]","[""技术标""]",False,technical,technical-media-0010,formal_material_caption,生产制造能力,0.85,2da7e1fc594e3f785a3ca918877e437c3bae136cb3e9815fb3862b946c98b1ed,,,new,未发现重复，仍需审核,来源于泰昌技术补充文件，历史位置为“专项投标文件/5.针对评审要素，需要补充的其他文件/5.1.产品制造质量控制/5.1.2.生产工艺/质量管控体系/5.1.2.5.各工序控制点工艺文件”。当前仅用于泰昌资料人工复核，未获准进入正式标书。,河北泰昌电力器材科技有限公司,河北泰昌电力器材科技有限公司,,production_capacity,生产制造能力,False,资料：泰昌生产制造能力,否,blocked,尚未通过P0-06人工批准,False,核验整份原始资料,True,电缆保护管,2da7e1fc594e3f785a3ca918877e437c3bae136cb3e9815fb3862b946c98b1ed,tender_scoring_derived,,否,否,"[""电缆保护管通用""]",review_only,仅限人工复核,media,连续内嵌页应按完整报告或证据包审核，不逐页新建业务资产,P006-G047,,needs_customer_confirmation,需要客户确认,,产品库资料,泰昌生产制造能力历史候选第26页,,不适用,internal,企业内部资料,泰昌技术补充文件,泰昌技术补充文件,mixed_historical_bid,assets/template_words/技术补充文件.docx,26,（二）专项投标文件/5.针对评审要素，需要补充的其他文件/5.1.产品制造质量控制/5.1.2.生产工艺/质量管控体系/5.1.2.5.各工序控制点工艺文件,"[""泰昌"", ""生产制造能力"", ""历史标书候选"", ""技术标"", ""电缆保护管通用""]",product_library,产品库资料,taichang_only,不适用,泰昌生产制造能力历史候选第26页,needs_review,[]
taichang_tenant_internal,"[""专项投标文件/5.针对评审要素，需要补充的其他文件/5.1.产品制造质量控制/5.1.2.生产工艺/质量管控体系/5.1.2.5.各工序控制点工艺文件""]","[""技术标""]",False,technical,technical-media-0011,formal_material_caption,生产制造能力,0.85,d0309ee31a5894123432884b38b5e7a0446009883bd3ab936a3d91384433456c,,,new,未发现重复，仍需审核,来源于泰昌技术补充文件，历史位置为“专项投标文件/5.针对评审要素，需要补充的其他文件/5.1.产品制造质量控制/5.1.2.生产工艺/质量管控体系/5.1.2.5.各工序控制点工艺文件”。当前仅用于泰昌资料人工复核，未获准进入正式标书。,河北泰昌电力器材科技有限公司,河北泰昌电力器材科技有限公司,,production_capacity,生产制造能力,False,资料：泰昌生产制造能力,否,blocked,尚未通过P0-06人工批准,False,核验整份原始资料,True,电缆保护管,d0309ee31a5894123432884b38b5e7a0446009883bd3ab936a3d91384433456c,tender_scoring_derived,,否,否,"[""电缆保护管通用""]",review_only,仅限人工复核,media,连续内嵌页应按完整报告或证据包审核，不逐页新建业务资产,P006-G047,,needs_customer_confirmation,需要客户确认,,产品库资料,泰昌生产制造能力历史候选第26页,,不适用,internal,企业内部资料,泰昌技术补充文件,泰昌技术补充文件,mixed_historical_bid,assets/template_words/技术补充文件.docx,26,（二）专项投标文件/5.针对评审要素，需要补充的其他文件/5.1.产品制造质量控制/5.1.2.生产工艺/质量管控体系/5.1.2.5.各工序控制点工艺文件,"[""泰昌"", ""生产制造能力"", ""历史标书候选"", ""技术标"", ""电缆保护管通用""]",product_library,产品库资料,taichang_only,不适用,泰昌生产制造能力历史候选第26页,needs_review,[]
taichang_tenant_internal,"[""专项投标文件/5.针对评审要素，需要补充的其他文件/5.1.产品制造质量控制/5.1.2.生产工艺/质量管控体系/5.1.2.5.各工序控制点工艺文件""]","[""技术标""]",False,technical,technical-media-0012,formal_material_caption,生产制造能力,0.85,2836a61a1f6ac9be97e8e8d19981f32f0878fc0e784524bb7a419aa78856b5ca,,,new,未发现重复，仍需审核,来源于泰昌技术补充文件，历史位置为“专项投标文件/5.针对评审要素，需要补充的其他文件/5.1.产品制造质量控制/5.1.2.生产工艺/质量管控体系/5.1.2.5.各工序控制点工艺文件”。当前仅用于泰昌资料人工复核，未获准进入正式标书。,河北泰昌电力器材科技有限公司,河北泰昌电力器材科技有限公司,,production_capacity,生产制造能力,False,资料：泰昌生产制造能力,否,blocked,尚未通过P0-06人工批准,False,核验整份原始资料,True,电缆保护管,2836a61a1f6ac9be97e8e8d19981f32f0878fc0e784524bb7a419aa78856b5ca,tender_scoring_derived,,否,否,"[""电缆保护管通用""]",review_only,仅限人工复核,media,连续内嵌页应按完整报告或证据包审核，不逐页新建业务资产,P006-G047,,needs_customer_confirmation,需要客户确认,,产品库资料,泰昌生产制造能力历史候选第26页,,不适用,internal,企业内部资料,泰昌技术补充文件,泰昌技术补充文件,mixed_historical_bid,assets/template_words/技术补充文件.docx,26,（二）专项投标文件/5.针对评审要素，需要补充的其他文件/5.1.产品制造质量控制/5.1.2.生产工艺/质量管控体系/5.1.2.5.各工序控制点工艺文件,"[""泰昌"", ""生产制造能力"", ""历史标书候选"", ""技术标"", ""电缆保护管通用""]",product_library,产品库资料,taichang_only,不适用,泰昌生产制造能力历史候选第26页,needs_review,[]
taichang_tenant_internal,"[""专项投标文件/5.针对评审要素，需要补充的其他文件/5.1.产品制造质量控制/5.1.2.生产工艺/质量管控体系/5.1.2.5.各工序控制点工艺文件""]","[""技术标""]",False,technical,technical-media-0013,formal_material_caption,生产制造能力,0.85,24cd2d27cfea760921ddaa87e11e81f48c3166b402886953abac8d858f2e9158,,,new,未发现重复，仍需审核,来源于泰昌技术补充文件，历史位置为“专项投标文件/5.针对评审要素，需要补充的其他文件/5.1.产品制造质量控制/5.1.2.生产工艺/质量管控体系/5.1.2.5.各工序控制点工艺文件”。当前仅用于泰昌资料人工复核，未获准进入正式标书。,河北泰昌电力器材科技有限公司,河北泰昌电力器材科技有限公司,,production_capacity,生产制造能力,False,资料：泰昌生产制造能力,否,blocked,尚未通过P0-06人工批准,False,核验整份原始资料,True,电缆保护管,24cd2d27cfea760921ddaa87e11e81f48c3166b402886953abac8d858f2e9158,tender_scoring_derived,,否,否,"[""电缆保护管通用""]",review_only,仅限人工复核,media,连续内嵌页应按完整报告或证据包审核，不逐页新建业务资产,P006-G047,,needs_customer_confirmation,需要客户确认,,产品库资料,泰昌生产制造能力历史候选第26页,,不适用,internal,企业内部资料,泰昌技术补充文件,泰昌技术补充文件,mixed_historical_bid,assets/template_words/技术补充文件.docx,26,（二）专项投标文件/5.针对评审要素，需要补充的其他文件/5.1.产品制造质量控制/5.1.2.生产工艺/质量管控体系/5.1.2.5.各工序控制点工艺文件,"[""泰昌"", ""生产制造能力"", ""历史标书候选"", ""技术标"", ""电缆保护管通用""]",product_library,产品库资料,taichang_only,不适用,泰昌生产制造能力历史候选第26页,needs_review,[]
taichang_tenant_internal,"[""专项投标文件/5.针对评审要素，需要补充的其他文件/5.1.产品制造质量控制/5.1.2.生产工艺/质量管控体系/5.1.2.5.各工序控制点工艺文件""]","[""技术标""]",False,technical,technical-media-0014,formal_material_caption,生产制造能力,0.85,73187779e13a4342e3364af6b88b44121898f44ed6c0d3cd14f40b282a5158e3,,,new,未发现重复，仍需审核,来源于泰昌技术补充文件，历史位置为“专项投标文件/5.针对评审要素，需要补充的其他文件/5.1.产品制造质量控制/5.1.2.生产工艺/质量管控体系/5.1.2.5.各工序控制点工艺文件”。当前仅用于泰昌资料人工复核，未获准进入正式标书。,河北泰昌电力器材科技有限公司,河北泰昌电力器材科技有限公司,,production_capacity,生产制造能力,False,资料：泰昌生产制造能力,否,blocked,尚未通过P0-06人工批准,False,核验整份原始资料,True,电缆保护管,73187779e13a4342e3364af6b88b44121898f44ed6c0d3cd14f40b282a5158e3,tender_scoring_derived,,否,否,"[""电缆保护管通用""]",review_only,仅限人工复核,media,连续内嵌页应按完整报告或证据包审核，不逐页新建业务资产,P006-G047,,needs_customer_confirmation,需要客户确认,,产品库资料,泰昌生产制造能力历史候选第26页,,不适用,internal,企业内部资料,泰昌技术补充文件,泰昌技术补充文件,mixed_historical_bid,assets/template_words/技术补充文件.docx,26,（二）专项投标文件/5.针对评审要素，需要补充的其他文件/5.1.产品制造质量控制/5.1.2.生产工艺/质量管控体系/5.1.2.5.各工序控制点工艺文件,"[""泰昌"", ""生产制造能力"", ""历史标书候选"", ""技术标"", ""电缆保护管通用""]",product_library,产品库资料,taichang_only,不适用,泰昌生产制造能力历史候选第26页,needs_review,[]
taichang_tenant_internal,"[""专项投标文件/5.针对评审要素，需要补充的其他文件/5.1.产品制造质量控制/5.1.2.生产工艺/质量管控体系/5.1.2.5.各工序控制点工艺文件""]","[""技术标""]",False,technical,technical-media-0015,formal_material_caption,生产制造能力,0.85,dcb52085fc769b2f33177065efe62641ebfa13e844019ea4f24fcc1a7e082c8f,,,new,未发现重复，仍需审核,来源于泰昌技术补充文件，历史位置为“专项投标文件/5.针对评审要素，需要补充的其他文件/5.1.产品制造质量控制/5.1.2.生产工艺/质量管控体系/5.1.2.5.各工序控制点工艺文件”。当前仅用于泰昌资料人工复核，未获准进入正式标书。,河北泰昌电力器材科技有限公司,河北泰昌电力器材科技有限公司,,production_capacity,生产制造能力,False,资料：泰昌生产制造能力,否,blocked,尚未通过P0-06人工批准,False,核验整份原始资料,True,电缆保护管,dcb52085fc769b2f33177065efe62641ebfa13e844019ea4f24fcc1a7e082c8f,tender_scoring_derived,,否,否,"[""电缆保护管通用""]",review_only,仅限人工复核,media,连续内嵌页应按完整报告或证据包审核，不逐页新建业务资产,P006-G047,,needs_customer_confirmation,需要客户确认,,产品库资料,泰昌生产制造能力历史候选第26页,,不适用,internal,企业内部资料,泰昌技术补充文件,泰昌技术补充文件,mixed_historical_bid,assets/template_words/技术补充文件.docx,26,（二）专项投标文件/5.针对评审要素，需要补充的其他文件/5.1.产品制造质量控制/5.1.2.生产工艺/质量管控体系/5.1.2.5.各工序控制点工艺文件,"[""泰昌"", ""生产制造能力"", ""历史标书候选"", ""技术标"", ""电缆保护管通用""]",product_library,产品库资料,taichang_only,不适用,泰昌生产制造能力历史候选第26页,needs_review,[]
taichang_tenant_internal,"[""专项投标文件/5.针对评审要素，需要补充的其他文件/5.1.产品制造质量控制/5.1.2.生产工艺/质量管控体系/5.1.2.5.各工序控制点工艺文件""]","[""技术标""]",False,technical,technical-media-0016,formal_material_caption,生产制造能力,0.85,4bccc3ea0de2e60452c6d01beaca58bccd692f27e091b48973d6d0923322528a,,,new,未发现重复，仍需审核,来源于泰昌技术补充文件，历史位置为“专项投标文件/5.针对评审要素，需要补充的其他文件/5.1.产品制造质量控制/5.1.2.生产工艺/质量管控体系/5.1.2.5.各工序控制点工艺文件”。当前仅用于泰昌资料人工复核，未获准进入正式标书。,河北泰昌电力器材科技有限公司,河北泰昌电力器材科技有限公司,,production_capacity,生产制造能力,False,资料：泰昌生产制造能力,否,blocked,尚未通过P0-06人工批准,False,核验整份原始资料,True,电缆保护管,4bccc3ea0de2e60452c6d01beaca58bccd692f27e091b48973d6d0923322528a,tender_scoring_derived,,否,否,"[""电缆保护管通用""]",review_only,仅限人工复核,media,连续内嵌页应按完整报告或证据包审核，不逐页新建业务资产,P006-G047,,needs_customer_confirmation,需要客户确认,,产品库资料,泰昌生产制造能力历史候选第26页,,不适用,internal,企业内部资料,泰昌技术补充文件,泰昌技术补充文件,mixed_historical_bid,assets/template_words/技术补充文件.docx,26,（二）专项投标文件/5.针对评审要素，需要补充的其他文件/5.1.产品制造质量控制/5.1.2.生产工艺/质量管控体系/5.1.2.5.各工序控制点工艺文件,"[""泰昌"", ""生产制造能力"", ""历史标书候选"", ""技术标"", ""电缆保护管通用""]",product_library,产品库资料,taichang_only,不适用,泰昌生产制造能力历史候选第26页,needs_review,[]
taichang_tenant_internal,"[""专项投标文件/5.针对评审要素，需要补充的其他文件/5.1.产品制造质量控制/5.1.2.生产工艺/质量管控体系/5.1.2.5.各工序控制点工艺文件""]","[""技术标""]",False,technical,technical-media-0017,formal_material_caption,生产制造能力,0.85,271a1543c59e6947480acf38aaf44c082a897645f5da7ad0d4662f26628d6395,,,new,未发现重复，仍需审核,来源于泰昌技术补充文件，历史位置为“专项投标文件/5.针对评审要素，需要补充的其他文件/5.1.产品制造质量控制/5.1.2.生产工艺/质量管控体系/5.1.2.5.各工序控制点工艺文件”。当前仅用于泰昌资料人工复核，未获准进入正式标书。,河北泰昌电力器材科技有限公司,河北泰昌电力器材科技有限公司,,production_capacity,生产制造能力,False,资料：泰昌生产制造能力,否,blocked,尚未通过P0-06人工批准,False,核验整份原始资料,True,电缆保护管,271a1543c59e6947480acf38aaf44c082a897645f5da7ad0d4662f26628d6395,tender_scoring_derived,,否,否,"[""电缆保护管通用""]",review_only,仅限人工复核,media,连续内嵌页应按完整报告或证据包审核，不逐页新建业务资产,P006-G047,,needs_customer_confirmation,需要客户确认,,产品库资料,泰昌生产制造能力历史候选第26页,,不适用,internal,企业内部资料,泰昌技术补充文件,泰昌技术补充文件,mixed_historical_bid,assets/template_words/技术补充文件.docx,26,（二）专项投标文件/5.针对评审要素，需要补充的其他文件/5.1.产品制造质量控制/5.1.2.生产工艺/质量管控体系/5.1.2.5.各工序控制点工艺文件,"[""泰昌"", ""生产制造能力"", ""历史标书候选"", ""技术标"", ""电缆保护管通用""]",product_library,产品库资料,taichang_only,不适用,泰昌生产制造能力历史候选第26页,needs_review,[]
taichang_tenant_internal,"[""专项投标文件/5.针对评审要素，需要补充的其他文件/5.1.产品制造质量控制/5.1.2.生产工艺/质量管控体系/5.1.2.5.各工序控制点工艺文件""]","[""技术标""]",False,technical,technical-media-0018,formal_material_caption,生产制造能力,0.85,79a55f8823e590b51fcb7a6443ecc42b70175d82b25ad922c6c41421cf351ec3,,,new,未发现重复，仍需审核,来源于泰昌技术补充文件，历史位置为“专项投标文件/5.针对评审要素，需要补充的其他文件/5.1.产品制造质量控制/5.1.2.生产工艺/质量管控体系/5.1.2.5.各工序控制点工艺文件”。当前仅用于泰昌资料人工复核，未获准进入正式标书。,河北泰昌电力器材科技有限公司,河北泰昌电力器材科技有限公司,,production_capacity,生产制造能力,False,资料：泰昌生产制造能力,否,blocked,尚未通过P0-06人工批准,False,核验整份原始资料,True,电缆保护管,79a55f8823e590b51fcb7a6443ecc42b70175d82b25ad922c6c41421cf351ec3,tender_scoring_derived,,否,否,"[""电缆保护管通用""]",review_only,仅限人工复核,media,连续内嵌页应按完整报告或证据包审核，不逐页新建业务资产,P006-G047,,needs_customer_confirmation,需要客户确认,,产品库资料,泰昌生产制造能力历史候选第26页,,不适用,internal,企业内部资料,泰昌技术补充文件,泰昌技术补充文件,mixed_historical_bid,assets/template_words/技术补充文件.docx,26,（二）专项投标文件/5.针对评审要素，需要补充的其他文件/5.1.产品制造质量控制/5.1.2.生产工艺/质量管控体系/5.1.2.5.各工序控制点工艺文件,"[""泰昌"", ""生产制造能力"", ""历史标书候选"", ""技术标"", ""电缆保护管通用""]",product_library,产品库资料,taichang_only,不适用,泰昌生产制造能力历史候选第26页,needs_review,[]
taichang_tenant_internal,"[""专项投标文件/5.针对评审要素，需要补充的其他文件/5.1.产品制造质量控制/5.1.2.生产工艺/质量管控体系/5.1.2.5.各工序控制点工艺文件""]","[""技术标""]",False,technical,technical-media-0019,formal_material_caption,生产制造能力,0.85,632678dfa88b2420d4f23396550057bf504f76bc507d9eec93fb8697aa45dbdf,,,new,未发现重复，仍需审核,来源于泰昌技术补充文件，历史位置为“专项投标文件/5.针对评审要素，需要补充的其他文件/5.1.产品制造质量控制/5.1.2.生产工艺/质量管控体系/5.1.2.5.各工序控制点工艺文件”。当前仅用于泰昌资料人工复核，未获准进入正式标书。,河北泰昌电力器材科技有限公司,河北泰昌电力器材科技有限公司,,production_capacity,生产制造能力,False,资料：泰昌生产制造能力,否,blocked,尚未通过P0-06人工批准,False,核验整份原始资料,True,电缆保护管,632678dfa88b2420d4f23396550057bf504f76bc507d9eec93fb8697aa45dbdf,tender_scoring_derived,,否,否,"[""电缆保护管通用""]",review_only,仅限人工复核,media,连续内嵌页应按完整报告或证据包审核，不逐页新建业务资产,P006-G047,,needs_customer_confirmation,需要客户确认,,产品库资料,泰昌生产制造能力历史候选第26页,,不适用,internal,企业内部资料,泰昌技术补充文件,泰昌技术补充文件,mixed_historical_bid,assets/template_words/技术补充文件.docx,26,（二）专项投标文件/5.针对评审要素，需要补充的其他文件/5.1.产品制造质量控制/5.1.2.生产工艺/质量管控体系/5.1.2.5.各工序控制点工艺文件,"[""泰昌"", ""生产制造能力"", ""历史标书候选"", ""技术标"", ""电缆保护管通用""]",product_library,产品库资料,taichang_only,不适用,泰昌生产制造能力历史候选第26页,needs_review,[]
taichang_tenant_internal,"[""专项投标文件/5.针对评审要素，需要补充的其他文件/5.1.产品制造质量控制/5.1.2.生产工艺/质量管控体系/5.1.2.5.各工序控制点工艺文件""]","[""技术标""]",False,technical,technical-media-0020,formal_material_caption,生产制造能力,0.85,2edaf80994f0c3b49954be28df8287b880e684f861684618d0a78286efe4a639,,,new,未发现重复，仍需审核,来源于泰昌技术补充文件，历史位置为“专项投标文件/5.针对评审要素，需要补充的其他文件/5.1.产品制造质量控制/5.1.2.生产工艺/质量管控体系/5.1.2.5.各工序控制点工艺文件”。当前仅用于泰昌资料人工复核，未获准进入正式标书。,河北泰昌电力器材科技有限公司,河北泰昌电力器材科技有限公司,,production_capacity,生产制造能力,False,资料：泰昌生产制造能力,否,blocked,尚未通过P0-06人工批准,False,核验整份原始资料,True,电缆保护管,2edaf80994f0c3b49954be28df8287b880e684f861684618d0a78286efe4a639,tender_scoring_derived,,否,否,"[""电缆保护管通用""]",review_only,仅限人工复核,media,连续内嵌页应按完整报告或证据包审核，不逐页新建业务资产,P006-G047,,needs_customer_confirmation,需要客户确认,,产品库资料,泰昌生产制造能力历史候选第26页,,不适用,internal,企业内部资料,泰昌技术补充文件,泰昌技术补充文件,mixed_historical_bid,assets/template_words/技术补充文件.docx,26,（二）专项投标文件/5.针对评审要素，需要补充的其他文件/5.1.产品制造质量控制/5.1.2.生产工艺/质量管控体系/5.1.2.5.各工序控制点工艺文件,"[""泰昌"", ""生产制造能力"", ""历史标书候选"", ""技术标"", ""电缆保护管通用""]",product_library,产品库资料,taichang_only,不适用,泰昌生产制造能力历史候选第26页,needs_review,[]
taichang_tenant_internal,"[""专项投标文件/5.针对评审要素，需要补充的其他文件/5.1.产品制造质量控制/5.1.2.生产工艺/质量管控体系/5.1.2.5.各工序控制点工艺文件""]","[""技术标""]",False,technical,technical-media-0021,formal_material_caption,生产制造能力,0.85,b7414915ffcba7f49300f2bde89540afb7ab896fab44a88f733c919abeba6e6c,,,new,未发现重复，仍需审核,来源于泰昌技术补充文件，历史位置为“专项投标文件/5.针对评审要素，需要补充的其他文件/5.1.产品制造质量控制/5.1.2.生产工艺/质量管控体系/5.1.2.5.各工序控制点工艺文件”。当前仅用于泰昌资料人工复核，未获准进入正式标书。,河北泰昌电力器材科技有限公司,河北泰昌电力器材科技有限公司,,production_capacity,生产制造能力,False,资料：泰昌生产制造能力,否,blocked,尚未通过P0-06人工批准,False,核验整份原始资料,True,电缆保护管,b7414915ffcba7f49300f2bde89540afb7ab896fab44a88f733c919abeba6e6c,tender_scoring_derived,,否,否,"[""电缆保护管通用""]",review_only,仅限人工复核,media,连续内嵌页应按完整报告或证据包审核，不逐页新建业务资产,P006-G047,,needs_customer_confirmation,需要客户确认,,产品库资料,泰昌生产制造能力历史候选第26页,,不适用,internal,企业内部资料,泰昌技术补充文件,泰昌技术补充文件,mixed_historical_bid,assets/template_words/技术补充文件.docx,26,（二）专项投标文件/5.针对评审要素，需要补充的其他文件/5.1.产品制造质量控制/5.1.2.生产工艺/质量管控体系/5.1.2.5.各工序控制点工艺文件,"[""泰昌"", ""生产制造能力"", ""历史标书候选"", ""技术标"", ""电缆保护管通用""]",product_library,产品库资料,taichang_only,不适用,泰昌生产制造能力历史候选第26页,needs_review,[]
taichang_tenant_internal,"[""专项投标文件/5.针对评审要素，需要补充的其他文件/5.1.产品制造质量控制/5.1.2.生产工艺/质量管控体系/5.1.2.5.各工序控制点工艺文件""]","[""技术标""]",False,technical,technical-media-0022,formal_material_caption,生产制造能力,0.85,ee9e45d6905b273d3e7bd62ecb9f8bd33df508c71142f5cb1379200d2a580d08,,,new,未发现重复，仍需审核,来源于泰昌技术补充文件，历史位置为“专项投标文件/5.针对评审要素，需要补充的其他文件/5.1.产品制造质量控制/5.1.2.生产工艺/质量管控体系/5.1.2.5.各工序控制点工艺文件”。当前仅用于泰昌资料人工复核，未获准进入正式标书。,河北泰昌电力器材科技有限公司,河北泰昌电力器材科技有限公司,,production_capacity,生产制造能力,False,资料：泰昌生产制造能力,否,blocked,尚未通过P0-06人工批准,False,核验整份原始资料,True,电缆保护管,ee9e45d6905b273d3e7bd62ecb9f8bd33df508c71142f5cb1379200d2a580d08,tender_scoring_derived,,否,否,"[""电缆保护管通用""]",review_only,仅限人工复核,media,连续内嵌页应按完整报告或证据包审核，不逐页新建业务资产,P006-G047,,needs_customer_confirmation,需要客户确认,,产品库资料,泰昌生产制造能力历史候选第26页,,不适用,internal,企业内部资料,泰昌技术补充文件,泰昌技术补充文件,mixed_historical_bid,assets/template_words/技术补充文件.docx,26,（二）专项投标文件/5.针对评审要素，需要补充的其他文件/5.1.产品制造质量控制/5.1.2.生产工艺/质量管控体系/5.1.2.5.各工序控制点工艺文件,"[""泰昌"", ""生产制造能力"", ""历史标书候选"", ""技术标"", ""电缆保护管通用""]",product_library,产品库资料,taichang_only,不适用,泰昌生产制造能力历史候选第26页,needs_review,[]
taichang_tenant_internal,"[""专项投标文件/5.针对评审要素，需要补充的其他文件/5.1.产品制造质量控制/5.1.2.生产工艺/质量管控体系/5.1.2.5.各工序控制点工艺文件""]","[""技术标""]",False,technical,technical-media-0023,formal_material_caption,生产制造能力,0.85,7534321db75d5c8cad4e6ad81196e008d5eca5898b4c56b436a8df643eea3786,,,new,未发现重复，仍需审核,来源于泰昌技术补充文件，历史位置为“专项投标文件/5.针对评审要素，需要补充的其他文件/5.1.产品制造质量控制/5.1.2.生产工艺/质量管控体系/5.1.2.5.各工序控制点工艺文件”。当前仅用于泰昌资料人工复核，未获准进入正式标书。,河北泰昌电力器材科技有限公司,河北泰昌电力器材科技有限公司,,production_capacity,生产制造能力,False,资料：泰昌生产制造能力,否,blocked,尚未通过P0-06人工批准,False,核验整份原始资料,True,电缆保护管,7534321db75d5c8cad4e6ad81196e008d5eca5898b4c56b436a8df643eea3786,tender_scoring_derived,,否,否,"[""电缆保护管通用""]",review_only,仅限人工复核,media,连续内嵌页应按完整报告或证据包审核，不逐页新建业务资产,P006-G047,,needs_customer_confirmation,需要客户确认,,产品库资料,泰昌生产制造能力历史候选第26页,,不适用,internal,企业内部资料,泰昌技术补充文件,泰昌技术补充文件,mixed_historical_bid,assets/template_words/技术补充文件.docx,26,（二）专项投标文件/5.针对评审要素，需要补充的其他文件/5.1.产品制造质量控制/5.1.2.生产工艺/质量管控体系/5.1.2.5.各工序控制点工艺文件,"[""泰昌"", ""生产制造能力"", ""历史标书候选"", ""技术标"", ""电缆保护管通用""]",product_library,产品库资料,taichang_only,不适用,泰昌生产制造能力历史候选第26页,needs_review,[]
taichang_tenant_internal,"[""专项投标文件/5.针对评审要素，需要补充的其他文件/5.1.产品制造质量控制/5.1.2.生产工艺/质量管控体系/5.1.2.5.各工序控制点工艺文件""]","[""技术标""]",False,technical,technical-media-0024,formal_material_caption,生产制造能力,0.85,9e77c46984c6433666a74f9673273302936b033747ab29aff15ec5dedddfbdc3,,,new,未发现重复，仍需审核,来源于泰昌技术补充文件，历史位置为“专项投标文件/5.针对评审要素，需要补充的其他文件/5.1.产品制造质量控制/5.1.2.生产工艺/质量管控体系/5.1.2.5.各工序控制点工艺文件”。当前仅用于泰昌资料人工复核，未获准进入正式标书。,河北泰昌电力器材科技有限公司,河北泰昌电力器材科技有限公司,,production_capacity,生产制造能力,False,资料：泰昌生产制造能力,否,blocked,尚未通过P0-06人工批准,False,核验整份原始资料,True,电缆保护管,9e77c46984c6433666a74f9673273302936b033747ab29aff15ec5dedddfbdc3,tender_scoring_derived,,否,否,"[""电缆保护管通用""]",review_only,仅限人工复核,media,连续内嵌页应按完整报告或证据包审核，不逐页新建业务资产,P006-G047,,needs_customer_confirmation,需要客户确认,,产品库资料,泰昌生产制造能力历史候选第26页,,不适用,internal,企业内部资料,泰昌技术补充文件,泰昌技术补充文件,mixed_historical_bid,assets/template_words/技术补充文件.docx,26,（二）专项投标文件/5.针对评审要素，需要补充的其他文件/5.1.产品制造质量控制/5.1.2.生产工艺/质量管控体系/5.1.2.5.各工序控制点工艺文件,"[""泰昌"", ""生产制造能力"", ""历史标书候选"", ""技术标"", ""电缆保护管通用""]",product_library,产品库资料,taichang_only,不适用,泰昌生产制造能力历史候选第26页,needs_review,[]
taichang_tenant_internal,"[""专项投标文件/5.针对评审要素，需要补充的其他文件/5.1.产品制造质量控制/5.1.2.生产工艺/质量管控体系/5.1.2.5.各工序控制点工艺文件""]","[""技术标""]",False,technical,technical-media-0025,formal_material_caption,生产制造能力,0.85,507f034362d35ce7f1d1dc976caabc58899afbb1338bbdd565d5f9c9aed4c4e5,,,new,未发现重复，仍需审核,来源于泰昌技术补充文件，历史位置为“专项投标文件/5.针对评审要素，需要补充的其他文件/5.1.产品制造质量控制/5.1.2.生产工艺/质量管控体系/5.1.2.5.各工序控制点工艺文件”。当前仅用于泰昌资料人工复核，未获准进入正式标书。,河北泰昌电力器材科技有限公司,河北泰昌电力器材科技有限公司,,production_capacity,生产制造能力,False,资料：泰昌生产制造能力,否,blocked,尚未通过P0-06人工批准,False,核验整份原始资料,True,电缆保护管,507f034362d35ce7f1d1dc976caabc58899afbb1338bbdd565d5f9c9aed4c4e5,tender_scoring_derived,,否,否,"[""电缆保护管通用""]",review_only,仅限人工复核,media,连续内嵌页应按完整报告或证据包审核，不逐页新建业务资产,P006-G047,,needs_customer_confirmation,需要客户确认,,产品库资料,泰昌生产制造能力历史候选第26页,,不适用,internal,企业内部资料,泰昌技术补充文件,泰昌技术补充文件,mixed_historical_bid,assets/template_words/技术补充文件.docx,26,（二）专项投标文件/5.针对评审要素，需要补充的其他文件/5.1.产品制造质量控制/5.1.2.生产工艺/质量管控体系/5.1.2.5.各工序控制点工艺文件,"[""泰昌"", ""生产制造能力"", ""历史标书候选"", ""技术标"", ""电缆保护管通用""]",product_library,产品库资料,taichang_only,不适用,泰昌生产制造能力历史候选第26页,needs_review,[]
taichang_tenant_internal,"[""专项投标文件/5.针对评审要素，需要补充的其他文件/5.1.产品制造质量控制/5.1.2.生产工艺/质量管控体系/5.1.2.5.各工序控制点工艺文件""]","[""技术标""]",False,technical,technical-media-0026,formal_material_caption,生产制造能力,0.85,17a80d87339e8f767a99a564e3ff1a566bd5c788e0ad719cc21d5480ef9fe7e9,,,new,未发现重复，仍需审核,来源于泰昌技术补充文件，历史位置为“专项投标文件/5.针对评审要素，需要补充的其他文件/5.1.产品制造质量控制/5.1.2.生产工艺/质量管控体系/5.1.2.5.各工序控制点工艺文件”。当前仅用于泰昌资料人工复核，未获准进入正式标书。,河北泰昌电力器材科技有限公司,河北泰昌电力器材科技有限公司,,production_capacity,生产制造能力,False,资料：泰昌生产制造能力,否,blocked,尚未通过P0-06人工批准,False,核验整份原始资料,True,电缆保护管,17a80d87339e8f767a99a564e3ff1a566bd5c788e0ad719cc21d5480ef9fe7e9,tender_scoring_derived,,否,否,"[""电缆保护管通用""]",review_only,仅限人工复核,media,连续内嵌页应按完整报告或证据包审核，不逐页新建业务资产,P006-G047,,needs_customer_confirmation,需要客户确认,,产品库资料,泰昌生产制造能力历史候选第26页,,不适用,internal,企业内部资料,泰昌技术补充文件,泰昌技术补充文件,mixed_historical_bid,assets/template_words/技术补充文件.docx,26,（二）专项投标文件/5.针对评审要素，需要补充的其他文件/5.1.产品制造质量控制/5.1.2.生产工艺/质量管控体系/5.1.2.5.各工序控制点工艺文件,"[""泰昌"", ""生产制造能力"", ""历史标书候选"", ""技术标"", ""电缆保护管通用""]",product_library,产品库资料,taichang_only,不适用,泰昌生产制造能力历史候选第26页,needs_review,[]
taichang_tenant_internal,"[""专项投标文件/5.针对评审要素，需要补充的其他文件/5.1.产品制造质量控制/5.1.2.生产工艺/质量管控体系/5.1.2.5.各工序控制点工艺文件""]","[""技术标""]",False,technical,technical-media-0027,formal_material_caption,生产制造能力,0.85,d8827a51fd08930fa9b919cc5b8c0b28c97370e9d52bac02bba23705665df763,,,new,未发现重复，仍需审核,来源于泰昌技术补充文件，历史位置为“专项投标文件/5.针对评审要素，需要补充的其他文件/5.1.产品制造质量控制/5.1.2.生产工艺/质量管控体系/5.1.2.5.各工序控制点工艺文件”。当前仅用于泰昌资料人工复核，未获准进入正式标书。,河北泰昌电力器材科技有限公司,河北泰昌电力器材科技有限公司,,production_capacity,生产制造能力,False,资料：泰昌生产制造能力,否,blocked,尚未通过P0-06人工批准,False,核验整份原始资料,True,电缆保护管,d8827a51fd08930fa9b919cc5b8c0b28c97370e9d52bac02bba23705665df763,tender_scoring_derived,,否,否,"[""电缆保护管通用""]",review_only,仅限人工复核,media,连续内嵌页应按完整报告或证据包审核，不逐页新建业务资产,P006-G047,,needs_customer_confirmation,需要客户确认,,产品库资料,泰昌生产制造能力历史候选第26页,,不适用,internal,企业内部资料,泰昌技术补充文件,泰昌技术补充文件,mixed_historical_bid,assets/template_words/技术补充文件.docx,26,（二）专项投标文件/5.针对评审要素，需要补充的其他文件/5.1.产品制造质量控制/5.1.2.生产工艺/质量管控体系/5.1.2.5.各工序控制点工艺文件,"[""泰昌"", ""生产制造能力"", ""历史标书候选"", ""技术标"", ""电缆保护管通用""]",product_library,产品库资料,taichang_only,不适用,泰昌生产制造能力历史候选第26页,needs_review,[]
taichang_tenant_internal,"[""专项投标文件/5.针对评审要素，需要补充的其他文件/5.1.产品制造质量控制/5.1.2.生产工艺/质量管控体系/5.1.2.5.各工序控制点工艺文件""]","[""技术标""]",False,technical,technical-media-0028,formal_material_caption,生产制造能力,0.85,a1f824dc61d707ed8b17872b50e09fef914ea5b5bbc476dfb1b9ad952821cd6d,,,new,未发现重复，仍需审核,来源于泰昌技术补充文件，历史位置为“专项投标文件/5.针对评审要素，需要补充的其他文件/5.1.产品制造质量控制/5.1.2.生产工艺/质量管控体系/5.1.2.5.各工序控制点工艺文件”。当前仅用于泰昌资料人工复核，未获准进入正式标书。,河北泰昌电力器材科技有限公司,河北泰昌电力器材科技有限公司,,production_capacity,生产制造能力,False,资料：泰昌生产制造能力,否,blocked,尚未通过P0-06人工批准,False,核验整份原始资料,True,电缆保护管,a1f824dc61d707ed8b17872b50e09fef914ea5b5bbc476dfb1b9ad952821cd6d,tender_scoring_derived,,否,否,"[""电缆保护管通用""]",review_only,仅限人工复核,media,连续内嵌页应按完整报告或证据包审核，不逐页新建业务资产,P006-G047,,needs_customer_confirmation,需要客户确认,,产品库资料,泰昌生产制造能力历史候选第26页,,不适用,internal,企业内部资料,泰昌技术补充文件,泰昌技术补充文件,mixed_historical_bid,assets/template_words/技术补充文件.docx,26,（二）专项投标文件/5.针对评审要素，需要补充的其他文件/5.1.产品制造质量控制/5.1.2.生产工艺/质量管控体系/5.1.2.5.各工序控制点工艺文件,"[""泰昌"", ""生产制造能力"", ""历史标书候选"", ""技术标"", ""电缆保护管通用""]",product_library,产品库资料,taichang_only,不适用,泰昌生产制造能力历史候选第26页,needs_review,[]
taichang_tenant_internal,"[""专项投标文件/5.针对评审要素，需要补充的其他文件/5.1.产品制造质量控制/5.1.3.生产制造环境""]","[""技术标""]",False,technical,technical-media-0029,suppressed_document_page_caption,企业证明材料,0.45,8eb750b7219d324a07e86ecf9692ef2b45065976e88ff124306f172ab6b2f3d6,,,new,未发现重复，仍需审核,来源于泰昌技术补充文件，历史位置为“专项投标文件/5.针对评审要素，需要补充的其他文件/5.1.产品制造质量控制/5.1.3.生产制造环境”。当前仅用于泰昌资料人工复核，未获准进入正式标书。,河北泰昌电力器材科技有限公司,河北泰昌电力器材科技有限公司,,enterprise_evidence,企业证明材料,False,,否,blocked,尚未通过P0-06人工批准,False,核验原始证据,True,泰昌企业资料,8eb750b7219d324a07e86ecf9692ef2b45065976e88ff124306f172ab6b2f3d6,tender_scoring_derived,,否,不适用,[],review_only,仅限人工复核,media,确认资料归属泰昌、内容真实、时效有效、中文展示合规且目标库正确,P006-G048,,needs_customer_confirmation,需要客户确认,,产品库资料,泰昌企业证明材料历史候选第48页,,不适用,internal,企业内部资料,泰昌技术补充文件,泰昌技术补充文件,mixed_historical_bid,assets/template_words/技术补充文件.docx,48,（二）专项投标文件/5.针对评审要素，需要补充的其他文件/5.1.产品制造质量控制/5.1.3.生产制造环境,"[""泰昌"", ""企业证明材料"", ""历史标书候选"", ""技术标""]",product_library,产品库资料,taichang_only,不适用,泰昌企业证明材料历史候选第48页,needs_review,[]
taichang_tenant_internal,"[""专项投标文件/5.针对评审要素，需要补充的其他文件/5.1.产品制造质量控制/5.1.4.试组装环境""]","[""技术标""]",False,technical,technical-media-0030,suppressed_document_page_caption,企业证明材料,0.45,4e9fd741055fd5dd1dff13529cea7583e3070a36a702397ab3c50d9de6b777ac,,,new,未发现重复，仍需审核,来源于泰昌技术补充文件，历史位置为“专项投标文件/5.针对评审要素，需要补充的其他文件/5.1.产品制造质量控制/5.1.4.试组装环境”。当前仅用于泰昌资料人工复核，未获准进入正式标书。,河北泰昌电力器材科技有限公司,河北泰昌电力器材科技有限公司,,enterprise_evidence,企业证明材料,False,,否,blocked,尚未通过P0-06人工批准,False,核验原始证据,True,泰昌企业资料,4e9fd741055fd5dd1dff13529cea7583e3070a36a702397ab3c50d9de6b777ac,tender_scoring_derived,,否,不适用,[],review_only,仅限人工复核,media,确认资料归属泰昌、内容真实、时效有效、中文展示合规且目标库正确,P006-G049,,needs_customer_confirmation,需要客户确认,,产品库资料,泰昌企业证明材料历史候选第49页,,不适用,internal,企业内部资料,泰昌技术补充文件,泰昌技术补充文件,mixed_historical_bid,assets/template_words/技术补充文件.docx,49,（二）专项投标文件/5.针对评审要素，需要补充的其他文件/5.1.产品制造质量控制/5.1.4.试组装环境,"[""泰昌"", ""企业证明材料"", ""历史标书候选"", ""技术标""]",product_library,产品库资料,taichang_only,不适用,泰昌企业证明材料历史候选第49页,needs_review,[]
taichang_tenant_internal,"[""专项投标文件/5.针对评审要素，需要补充的其他文件/5.2.履约风险/5.2.2.绩效评价""]","[""技术标""]",False,technical,technical-media-0032,suppressed_document_page_caption,企业证明材料,0.45,f9ac91c249a4742daab1baf1dcced3b67f5cb15f8179025cb39e99bcdfd79d11,,,new,未发现重复，仍需审核,来源于泰昌技术补充文件，历史位置为“专项投标文件/5.针对评审要素，需要补充的其他文件/5.2.履约风险/5.2.2.绩效评价”。当前仅用于泰昌资料人工复核，未获准进入正式标书。,河北泰昌电力器材科技有限公司,河北泰昌电力器材科技有限公司,,enterprise_evidence,企业证明材料,False,,否,blocked,尚未通过P0-06人工批准,False,核验原始证据,True,泰昌企业资料,f9ac91c249a4742daab1baf1dcced3b67f5cb15f8179025cb39e99bcdfd79d11,tender_scoring_derived,,否,不适用,[],review_only,仅限人工复核,media,确认资料归属泰昌、内容真实、时效有效、中文展示合规且目标库正确,P006-G050,,needs_customer_confirmation,需要客户确认,,产品库资料,泰昌企业证明材料历史候选第53页,,不适用,internal,企业内部资料,泰昌技术补充文件,泰昌技术补充文件,mixed_historical_bid,assets/template_words/技术补充文件.docx,53,（二）专项投标文件/5.针对评审要素，需要补充的其他文件/5.2.履约风险/5.2.2.绩效评价,"[""泰昌"", ""企业证明材料"", ""历史标书候选"", ""技术标""]",product_library,产品库资料,taichang_only,不适用,泰昌企业证明材料历史候选第53页,needs_review,[]
taichang_tenant_internal,"[""专项投标文件/5.针对评审要素，需要补充的其他文件/5.2.履约风险/5.2.2.绩效评价""]","[""技术标""]",False,technical,technical-media-0033,suppressed_document_page_caption,企业证明材料,0.45,7e46ef7d1729cf44eb0772d90292138a2ced46946d7ca227f090d615f93b796b,,,new,未发现重复，仍需审核,来源于泰昌技术补充文件，历史位置为“专项投标文件/5.针对评审要素，需要补充的其他文件/5.2.履约风险/5.2.2.绩效评价”。当前仅用于泰昌资料人工复核，未获准进入正式标书。,河北泰昌电力器材科技有限公司,河北泰昌电力器材科技有限公司,,enterprise_evidence,企业证明材料,False,,否,blocked,尚未通过P0-06人工批准,False,核验原始证据,True,泰昌企业资料,7e46ef7d1729cf44eb0772d90292138a2ced46946d7ca227f090d615f93b796b,tender_scoring_derived,,否,不适用,[],review_only,仅限人工复核,media,确认资料归属泰昌、内容真实、时效有效、中文展示合规且目标库正确,P006-G050,,needs_customer_confirmation,需要客户确认,,产品库资料,泰昌企业证明材料历史候选第53页,,不适用,internal,企业内部资料,泰昌技术补充文件,泰昌技术补充文件,mixed_historical_bid,assets/template_words/技术补充文件.docx,53,（二）专项投标文件/5.针对评审要素，需要补充的其他文件/5.2.履约风险/5.2.2.绩效评价,"[""泰昌"", ""企业证明材料"", ""历史标书候选"", ""技术标""]",product_library,产品库资料,taichang_only,不适用,泰昌企业证明材料历史候选第53页,needs_review,[]
taichang_tenant_internal,"[""专项投标文件/5.针对评审要素，需要补充的其他文件/5.2.履约风险/5.2.2.绩效评价""]","[""技术标""]",False,technical,technical-media-0034,suppressed_document_page_caption,企业证明材料,0.45,74c9a81ea06eb7d6972995a7112ec73bf450d629264e027e7140419882495e04,,,new,未发现重复，仍需审核,来源于泰昌技术补充文件，历史位置为“专项投标文件/5.针对评审要素，需要补充的其他文件/5.2.履约风险/5.2.2.绩效评价”。当前仅用于泰昌资料人工复核，未获准进入正式标书。,河北泰昌电力器材科技有限公司,河北泰昌电力器材科技有限公司,,enterprise_evidence,企业证明材料,False,,否,blocked,尚未通过P0-06人工批准,False,核验原始证据,True,泰昌企业资料,74c9a81ea06eb7d6972995a7112ec73bf450d629264e027e7140419882495e04,tender_scoring_derived,,否,不适用,[],review_only,仅限人工复核,media,确认资料归属泰昌、内容真实、时效有效、中文展示合规且目标库正确,P006-G050,,needs_customer_confirmation,需要客户确认,,产品库资料,泰昌企业证明材料历史候选第53页,,不适用,internal,企业内部资料,泰昌技术补充文件,泰昌技术补充文件,mixed_historical_bid,assets/template_words/技术补充文件.docx,53,（二）专项投标文件/5.针对评审要素，需要补充的其他文件/5.2.履约风险/5.2.2.绩效评价,"[""泰昌"", ""企业证明材料"", ""历史标书候选"", ""技术标""]",product_library,产品库资料,taichang_only,不适用,泰昌企业证明材料历史候选第53页,needs_review,[]
taichang_tenant_internal,"[""专项投标文件/5.针对评审要素，需要补充的其他文件/5.2.履约风险/5.2.2.绩效评价""]","[""技术标""]",False,technical,technical-media-0035,suppressed_document_page_caption,企业证明材料,0.45,8eff7d3390f141cc485a18e75ce1d4382244096970acf91e1d827ce87c92a671,,,new,未发现重复，仍需审核,来源于泰昌技术补充文件，历史位置为“专项投标文件/5.针对评审要素，需要补充的其他文件/5.2.履约风险/5.2.2.绩效评价”。当前仅用于泰昌资料人工复核，未获准进入正式标书。,河北泰昌电力器材科技有限公司,河北泰昌电力器材科技有限公司,,enterprise_evidence,企业证明材料,False,,否,blocked,尚未通过P0-06人工批准,False,核验原始证据,True,泰昌企业资料,8eff7d3390f141cc485a18e75ce1d4382244096970acf91e1d827ce87c92a671,tender_scoring_derived,,否,不适用,[],review_only,仅限人工复核,media,确认资料归属泰昌、内容真实、时效有效、中文展示合规且目标库正确,P006-G050,,needs_customer_confirmation,需要客户确认,,产品库资料,泰昌企业证明材料历史候选第53页,,不适用,internal,企业内部资料,泰昌技术补充文件,泰昌技术补充文件,mixed_historical_bid,assets/template_words/技术补充文件.docx,53,（二）专项投标文件/5.针对评审要素，需要补充的其他文件/5.2.履约风险/5.2.2.绩效评价,"[""泰昌"", ""企业证明材料"", ""历史标书候选"", ""技术标""]",product_library,产品库资料,taichang_only,不适用,泰昌企业证明材料历史候选第53页,needs_review,[]
taichang_tenant_internal,"[""专项投标文件/5.针对评审要素，需要补充的其他文件/5.2.履约风险/5.2.2.绩效评价""]","[""技术标""]",False,technical,technical-media-0036,suppressed_document_page_caption,企业证明材料,0.45,e0e552131fc2b3b78b85bd30fd6cf6fdb259f223264381004f90f260279db431,,,new,未发现重复，仍需审核,来源于泰昌技术补充文件，历史位置为“专项投标文件/5.针对评审要素，需要补充的其他文件/5.2.履约风险/5.2.2.绩效评价”。当前仅用于泰昌资料人工复核，未获准进入正式标书。,河北泰昌电力器材科技有限公司,河北泰昌电力器材科技有限公司,,enterprise_evidence,企业证明材料,False,,否,blocked,尚未通过P0-06人工批准,False,核验原始证据,True,泰昌企业资料,e0e552131fc2b3b78b85bd30fd6cf6fdb259f223264381004f90f260279db431,tender_scoring_derived,,否,不适用,[],review_only,仅限人工复核,media,确认资料归属泰昌、内容真实、时效有效、中文展示合规且目标库正确,P006-G050,,needs_customer_confirmation,需要客户确认,,产品库资料,泰昌企业证明材料历史候选第53页,,不适用,internal,企业内部资料,泰昌技术补充文件,泰昌技术补充文件,mixed_historical_bid,assets/template_words/技术补充文件.docx,53,（二）专项投标文件/5.针对评审要素，需要补充的其他文件/5.2.履约风险/5.2.2.绩效评价,"[""泰昌"", ""企业证明材料"", ""历史标书候选"", ""技术标""]",product_library,产品库资料,taichang_only,不适用,泰昌企业证明材料历史候选第53页,needs_review,[]
taichang_tenant_internal,"[""专项投标文件/5.针对评审要素，需要补充的其他文件/5.2.履约风险/5.2.2.绩效评价""]","[""技术标""]",False,technical,technical-media-0037,suppressed_document_page_caption,企业证明材料,0.45,c5c5834160292cdc376e8c7300e84a311a1cd3d2b6c052d3faf66d8afc996cc9,,,new,未发现重复，仍需审核,来源于泰昌技术补充文件，历史位置为“专项投标文件/5.针对评审要素，需要补充的其他文件/5.2.履约风险/5.2.2.绩效评价”。当前仅用于泰昌资料人工复核，未获准进入正式标书。,河北泰昌电力器材科技有限公司,河北泰昌电力器材科技有限公司,,enterprise_evidence,企业证明材料,False,,否,blocked,尚未通过P0-06人工批准,False,核验原始证据,True,泰昌企业资料,c5c5834160292cdc376e8c7300e84a311a1cd3d2b6c052d3faf66d8afc996cc9,tender_scoring_derived,,否,不适用,[],review_only,仅限人工复核,media,确认资料归属泰昌、内容真实、时效有效、中文展示合规且目标库正确,P006-G050,,needs_customer_confirmation,需要客户确认,,产品库资料,泰昌企业证明材料历史候选第53页,,不适用,internal,企业内部资料,泰昌技术补充文件,泰昌技术补充文件,mixed_historical_bid,assets/template_words/技术补充文件.docx,53,（二）专项投标文件/5.针对评审要素，需要补充的其他文件/5.2.履约风险/5.2.2.绩效评价,"[""泰昌"", ""企业证明材料"", ""历史标书候选"", ""技术标""]",product_library,产品库资料,taichang_only,不适用,泰昌企业证明材料历史候选第53页,needs_review,[]
taichang_tenant_internal,"[""专项投标文件/5.针对评审要素，需要补充的其他文件/5.2.履约风险/5.2.2.绩效评价""]","[""技术标""]",False,technical,technical-media-0038,suppressed_document_page_caption,企业证明材料,0.45,7238d24775514d27941f55c7130f22822ef9369336d0315343d360d48c0a7e47,,,new,未发现重复，仍需审核,来源于泰昌技术补充文件，历史位置为“专项投标文件/5.针对评审要素，需要补充的其他文件/5.2.履约风险/5.2.2.绩效评价”。当前仅用于泰昌资料人工复核，未获准进入正式标书。,河北泰昌电力器材科技有限公司,河北泰昌电力器材科技有限公司,,enterprise_evidence,企业证明材料,False,,否,blocked,尚未通过P0-06人工批准,False,核验原始证据,True,泰昌企业资料,7238d24775514d27941f55c7130f22822ef9369336d0315343d360d48c0a7e47,tender_scoring_derived,,否,不适用,[],review_only,仅限人工复核,media,确认资料归属泰昌、内容真实、时效有效、中文展示合规且目标库正确,P006-G050,,needs_customer_confirmation,需要客户确认,,产品库资料,泰昌企业证明材料历史候选第53页,,不适用,internal,企业内部资料,泰昌技术补充文件,泰昌技术补充文件,mixed_historical_bid,assets/template_words/技术补充文件.docx,53,（二）专项投标文件/5.针对评审要素，需要补充的其他文件/5.2.履约风险/5.2.2.绩效评价,"[""泰昌"", ""企业证明材料"", ""历史标书候选"", ""技术标""]",product_library,产品库资料,taichang_only,不适用,泰昌企业证明材料历史候选第53页,needs_review,[]
taichang_tenant_internal,"[""专项投标文件/5.针对评审要素，需要补充的其他文件/5.3.绿色低碳生产及绿色回收/5.3.1.建立了绿色生产/5.3.1.1.ESG(环境、社会、公司治理)报告""]","[""技术标""]",False,technical,technical-media-0039,formal_material_caption,绿色低碳资料,0.9,b53ba493193200c68f5bd1e70bcac88fe17f08abfe67931db02f1d580754ec86,,,new,未发现重复，仍需审核,来源于泰昌技术补充文件，历史位置为“专项投标文件/5.针对评审要素，需要补充的其他文件/5.3.绿色低碳生产及绿色回收/5.3.1.建立了绿色生产/5.3.1.1.ESG(环境、社会、公司治理)报告”。当前仅用于泰昌资料人工复核，未获准进入正式标书。,河北泰昌电力器材科技有限公司,河北泰昌电力器材科技有限公司,,green_low_carbon,绿色低碳资料,False,资料：泰昌绿色低碳资料,否,blocked,尚未通过P0-06人工批准,False,核验整份原始资料,True,泰昌企业资料,b53ba493193200c68f5bd1e70bcac88fe17f08abfe67931db02f1d580754ec86,tender_scoring_derived,,否,不适用,[],review_only,仅限人工复核,media,连续内嵌页应按完整报告或证据包审核，不逐页新建业务资产,P006-G051,,needs_customer_confirmation,需要客户确认,,产品库资料,泰昌绿色低碳资料历史候选第54页,,不适用,internal,企业内部资料,泰昌技术补充文件,泰昌技术补充文件,mixed_historical_bid,assets/template_words/技术补充文件.docx,54,（二）专项投标文件/5.针对评审要素，需要补充的其他文件/5.3.绿色低碳生产及绿色回收/5.3.1.建立了绿色生产/5.3.1.1.ESG(环境、社会、公司治理)报告,"[""泰昌"", ""绿色低碳资料"", ""历史标书候选"", ""技术标""]",product_library,产品库资料,taichang_only,不适用,泰昌绿色低碳资料历史候选第54页,needs_review,[]
taichang_tenant_internal,"[""专项投标文件/5.针对评审要素，需要补充的其他文件/5.3.绿色低碳生产及绿色回收/5.3.1.建立了绿色生产/5.3.1.1.ESG(环境、社会、公司治理)报告""]","[""技术标""]",False,technical,technical-media-0040,formal_material_caption,绿色低碳资料,0.9,027b9fe7e02841a1f1da4e6fb6dea49baf56ae9b55cb6583120f5778c931666f,,,possible_visual_duplicate,视觉疑似重复,来源于泰昌技术补充文件，历史位置为“专项投标文件/5.针对评审要素，需要补充的其他文件/5.3.绿色低碳生产及绿色回收/5.3.1.建立了绿色生产/5.3.1.1.ESG(环境、社会、公司治理)报告”。当前仅用于泰昌资料人工复核，未获准进入正式标书。,河北泰昌电力器材科技有限公司,河北泰昌电力器材科技有限公司,taichang-visual-review-a4fbd2eda222cc20e9f4,green_low_carbon,绿色低碳资料,False,资料：泰昌绿色低碳资料,否,blocked,尚未通过P0-06人工批准,False,优先核重,True,泰昌企业资料,027b9fe7e02841a1f1da4e6fb6dea49baf56ae9b55cb6583120f5778c931666f,tender_scoring_derived,,否,不适用,[],review_only,仅限人工复核,media,查看原件并确认是新资产、重复资产或同一证据的不同载体,P006-G051,,needs_manual_review,需要人工复核,,产品库资料,泰昌绿色低碳资料历史候选第54页,,不适用,internal,企业内部资料,泰昌技术补充文件,泰昌技术补充文件,mixed_historical_bid,assets/template_words/技术补充文件.docx,54,（二）专项投标文件/5.针对评审要素，需要补充的其他文件/5.3.绿色低碳生产及绿色回收/5.3.1.建立了绿色生产/5.3.1.1.ESG(环境、社会、公司治理)报告,"[""泰昌"", ""绿色低碳资料"", ""历史标书候选"", ""技术标""]",product_library,产品库资料,taichang_only,不适用,泰昌绿色低碳资料历史候选第54页,needs_review,[]
taichang_tenant_internal,"[""专项投标文件/5.针对评审要素，需要补充的其他文件/5.3.绿色低碳生产及绿色回收/5.3.1.建立了绿色生产/5.3.1.1.ESG(环境、社会、公司治理)报告""]","[""技术标""]",False,technical,technical-media-0041,formal_material_caption,绿色低碳资料,0.9,54b32e1aef1777a16a51ed6bf82304ee9e161240d910cdda04c2639ecc754d55,,,possible_visual_duplicate,视觉疑似重复,来源于泰昌技术补充文件，历史位置为“专项投标文件/5.针对评审要素，需要补充的其他文件/5.3.绿色低碳生产及绿色回收/5.3.1.建立了绿色生产/5.3.1.1.ESG(环境、社会、公司治理)报告”。当前仅用于泰昌资料人工复核，未获准进入正式标书。,河北泰昌电力器材科技有限公司,河北泰昌电力器材科技有限公司,taichang-visual-review-d206438a771df7ba7ff5,green_low_carbon,绿色低碳资料,False,资料：泰昌绿色低碳资料,否,blocked,尚未通过P0-06人工批准,False,优先核重,True,泰昌企业资料,54b32e1aef1777a16a51ed6bf82304ee9e161240d910cdda04c2639ecc754d55,tender_scoring_derived,,否,不适用,[],review_only,仅限人工复核,media,查看原件并确认是新资产、重复资产或同一证据的不同载体,P006-G051,,needs_manual_review,需要人工复核,,产品库资料,泰昌绿色低碳资料历史候选第54页,,不适用,internal,企业内部资料,泰昌技术补充文件,泰昌技术补充文件,mixed_historical_bid,assets/template_words/技术补充文件.docx,54,（二）专项投标文件/5.针对评审要素，需要补充的其他文件/5.3.绿色低碳生产及绿色回收/5.3.1.建立了绿色生产/5.3.1.1.ESG(环境、社会、公司治理)报告,"[""泰昌"", ""绿色低碳资料"", ""历史标书候选"", ""技术标""]",product_library,产品库资料,taichang_only,不适用,泰昌绿色低碳资料历史候选第54页,needs_review,[]
taichang_tenant_internal,"[""专项投标文件/5.针对评审要素，需要补充的其他文件/5.3.绿色低碳生产及绿色回收/5.3.1.建立了绿色生产/5.3.1.1.ESG(环境、社会、公司治理)报告""]","[""技术标""]",False,technical,technical-media-0042,formal_material_caption,绿色低碳资料,0.9,53c1ea1e43c7f66fdb7fa67da802273918295004e46361c837a721c211939294,,,possible_visual_duplicate,视觉疑似重复,来源于泰昌技术补充文件，历史位置为“专项投标文件/5.针对评审要素，需要补充的其他文件/5.3.绿色低碳生产及绿色回收/5.3.1.建立了绿色生产/5.3.1.1.ESG(环境、社会、公司治理)报告”。当前仅用于泰昌资料人工复核，未获准进入正式标书。,河北泰昌电力器材科技有限公司,河北泰昌电力器材科技有限公司,taichang-visual-review-41a228e1c2dc45ac87e9,green_low_carbon,绿色低碳资料,False,资料：泰昌绿色低碳资料,否,blocked,尚未通过P0-06人工批准,False,优先核重,True,泰昌企业资料,53c1ea1e43c7f66fdb7fa67da802273918295004e46361c837a721c211939294,tender_scoring_derived,,否,不适用,[],review_only,仅限人工复核,media,查看原件并确认是新资产、重复资产或同一证据的不同载体,P006-G051,,needs_manual_review,需要人工复核,,产品库资料,泰昌绿色低碳资料历史候选第54页,,不适用,internal,企业内部资料,泰昌技术补充文件,泰昌技术补充文件,mixed_historical_bid,assets/template_words/技术补充文件.docx,54,（二）专项投标文件/5.针对评审要素，需要补充的其他文件/5.3.绿色低碳生产及绿色回收/5.3.1.建立了绿色生产/5.3.1.1.ESG(环境、社会、公司治理)报告,"[""泰昌"", ""绿色低碳资料"", ""历史标书候选"", ""技术标""]",product_library,产品库资料,taichang_only,不适用,泰昌绿色低碳资料历史候选第54页,needs_review,[]
taichang_tenant_internal,"[""专项投标文件/5.针对评审要素，需要补充的其他文件/5.3.绿色低碳生产及绿色回收/5.3.1.建立了绿色生产/5.3.1.1.ESG(环境、社会、公司治理)报告""]","[""技术标""]",False,technical,technical-media-0043,formal_material_caption,绿色低碳资料,0.9,7676bfeb9066442e3b80ff6f21f0c4ec2e80d5c22d4a0c6c4a9d6fa0bd0605d6,,,possible_visual_duplicate,视觉疑似重复,来源于泰昌技术补充文件，历史位置为“专项投标文件/5.针对评审要素，需要补充的其他文件/5.3.绿色低碳生产及绿色回收/5.3.1.建立了绿色生产/5.3.1.1.ESG(环境、社会、公司治理)报告”。当前仅用于泰昌资料人工复核，未获准进入正式标书。,河北泰昌电力器材科技有限公司,河北泰昌电力器材科技有限公司,taichang-visual-review-3ce2855a69a79b558bf1,green_low_carbon,绿色低碳资料,False,资料：泰昌绿色低碳资料,否,blocked,尚未通过P0-06人工批准,False,优先核重,True,泰昌企业资料,7676bfeb9066442e3b80ff6f21f0c4ec2e80d5c22d4a0c6c4a9d6fa0bd0605d6,tender_scoring_derived,,否,不适用,[],review_only,仅限人工复核,media,查看原件并确认是新资产、重复资产或同一证据的不同载体,P006-G051,,needs_manual_review,需要人工复核,,产品库资料,泰昌绿色低碳资料历史候选第54页,,不适用,internal,企业内部资料,泰昌技术补充文件,泰昌技术补充文件,mixed_historical_bid,assets/template_words/技术补充文件.docx,54,（二）专项投标文件/5.针对评审要素，需要补充的其他文件/5.3.绿色低碳生产及绿色回收/5.3.1.建立了绿色生产/5.3.1.1.ESG(环境、社会、公司治理)报告,"[""泰昌"", ""绿色低碳资料"", ""历史标书候选"", ""技术标""]",product_library,产品库资料,taichang_only,不适用,泰昌绿色低碳资料历史候选第54页,needs_review,[]
taichang_tenant_internal,"[""专项投标文件/5.针对评审要素，需要补充的其他文件/5.3.绿色低碳生产及绿色回收/5.3.1.建立了绿色生产/5.3.1.1.ESG(环境、社会、公司治理)报告""]","[""技术标""]",False,technical,technical-media-0044,formal_material_caption,绿色低碳资料,0.9,188723a2fdb768419740a4712cfe0997efe269004187a30133c97ec5c255b818,,,possible_visual_duplicate,视觉疑似重复,来源于泰昌技术补充文件，历史位置为“专项投标文件/5.针对评审要素，需要补充的其他文件/5.3.绿色低碳生产及绿色回收/5.3.1.建立了绿色生产/5.3.1.1.ESG(环境、社会、公司治理)报告”。当前仅用于泰昌资料人工复核，未获准进入正式标书。,河北泰昌电力器材科技有限公司,河北泰昌电力器材科技有限公司,taichang-visual-review-ae6c41ef7e21501fb827,green_low_carbon,绿色低碳资料,False,资料：泰昌绿色低碳资料,否,blocked,尚未通过P0-06人工批准,False,优先核重,True,泰昌企业资料,188723a2fdb768419740a4712cfe0997efe269004187a30133c97ec5c255b818,tender_scoring_derived,,否,不适用,[],review_only,仅限人工复核,media,查看原件并确认是新资产、重复资产或同一证据的不同载体,P006-G051,,needs_manual_review,需要人工复核,,产品库资料,泰昌绿色低碳资料历史候选第54页,,不适用,internal,企业内部资料,泰昌技术补充文件,泰昌技术补充文件,mixed_historical_bid,assets/template_words/技术补充文件.docx,54,（二）专项投标文件/5.针对评审要素，需要补充的其他文件/5.3.绿色低碳生产及绿色回收/5.3.1.建立了绿色生产/5.3.1.1.ESG(环境、社会、公司治理)报告,"[""泰昌"", ""绿色低碳资料"", ""历史标书候选"", ""技术标""]",product_library,产品库资料,taichang_only,不适用,泰昌绿色低碳资料历史候选第54页,needs_review,[]
taichang_tenant_internal,"[""专项投标文件/5.针对评审要素，需要补充的其他文件/5.3.绿色低碳生产及绿色回收/5.3.1.建立了绿色生产/5.3.1.1.ESG(环境、社会、公司治理)报告""]","[""技术标""]",False,technical,technical-media-0045,formal_material_caption,绿色低碳资料,0.9,a0d028f62ad5d102213a2cfa528118bafd75815733c00c180a6039df16691ddb,,,possible_visual_duplicate,视觉疑似重复,来源于泰昌技术补充文件，历史位置为“专项投标文件/5.针对评审要素，需要补充的其他文件/5.3.绿色低碳生产及绿色回收/5.3.1.建立了绿色生产/5.3.1.1.ESG(环境、社会、公司治理)报告”。当前仅用于泰昌资料人工复核，未获准进入正式标书。,河北泰昌电力器材科技有限公司,河北泰昌电力器材科技有限公司,taichang-visual-review-94d6b48c16a4caf978ca,green_low_carbon,绿色低碳资料,False,资料：泰昌绿色低碳资料,否,blocked,尚未通过P0-06人工批准,False,优先核重,True,泰昌企业资料,a0d028f62ad5d102213a2cfa528118bafd75815733c00c180a6039df16691ddb,tender_scoring_derived,,否,不适用,[],review_only,仅限人工复核,media,查看原件并确认是新资产、重复资产或同一证据的不同载体,P006-G051,,needs_manual_review,需要人工复核,,产品库资料,泰昌绿色低碳资料历史候选第54页,,不适用,internal,企业内部资料,泰昌技术补充文件,泰昌技术补充文件,mixed_historical_bid,assets/template_words/技术补充文件.docx,54,（二）专项投标文件/5.针对评审要素，需要补充的其他文件/5.3.绿色低碳生产及绿色回收/5.3.1.建立了绿色生产/5.3.1.1.ESG(环境、社会、公司治理)报告,"[""泰昌"", ""绿色低碳资料"", ""历史标书候选"", ""技术标""]",product_library,产品库资料,taichang_only,不适用,泰昌绿色低碳资料历史候选第54页,needs_review,[]
taichang_tenant_internal,"[""专项投标文件/5.针对评审要素，需要补充的其他文件/5.3.绿色低碳生产及绿色回收/5.3.1.建立了绿色生产/5.3.1.1.ESG(环境、社会、公司治理)报告""]","[""技术标""]",False,technical,technical-media-0046,formal_material_caption,绿色低碳资料,0.9,22b77010820ac4f3b956e3fe20b782e1012b2057c371ddf9c54de82fbaab6c8d,,,possible_visual_duplicate,视觉疑似重复,来源于泰昌技术补充文件，历史位置为“专项投标文件/5.针对评审要素，需要补充的其他文件/5.3.绿色低碳生产及绿色回收/5.3.1.建立了绿色生产/5.3.1.1.ESG(环境、社会、公司治理)报告”。当前仅用于泰昌资料人工复核，未获准进入正式标书。,河北泰昌电力器材科技有限公司,河北泰昌电力器材科技有限公司,taichang-visual-review-f1d8b503823a66d1cf68,green_low_carbon,绿色低碳资料,False,资料：泰昌绿色低碳资料,否,blocked,尚未通过P0-06人工批准,False,优先核重,True,泰昌企业资料,22b77010820ac4f3b956e3fe20b782e1012b2057c371ddf9c54de82fbaab6c8d,tender_scoring_derived,,否,不适用,[],review_only,仅限人工复核,media,查看原件并确认是新资产、重复资产或同一证据的不同载体,P006-G051,,needs_manual_review,需要人工复核,,产品库资料,泰昌绿色低碳资料历史候选第54页,,不适用,internal,企业内部资料,泰昌技术补充文件,泰昌技术补充文件,mixed_historical_bid,assets/template_words/技术补充文件.docx,54,（二）专项投标文件/5.针对评审要素，需要补充的其他文件/5.3.绿色低碳生产及绿色回收/5.3.1.建立了绿色生产/5.3.1.1.ESG(环境、社会、公司治理)报告,"[""泰昌"", ""绿色低碳资料"", ""历史标书候选"", ""技术标""]",product_library,产品库资料,taichang_only,不适用,泰昌绿色低碳资料历史候选第54页,needs_review,[]
taichang_tenant_internal,"[""专项投标文件/5.针对评审要素，需要补充的其他文件/5.3.绿色低碳生产及绿色回收/5.3.1.建立了绿色生产/5.3.1.1.ESG(环境、社会、公司治理)报告""]","[""技术标""]",False,technical,technical-media-0047,formal_material_caption,绿色低碳资料,0.9,a161ad2bd2111efa115aa9d0ea246a4555d024c75b7e28f2b16403e53b076873,,,possible_visual_duplicate,视觉疑似重复,来源于泰昌技术补充文件，历史位置为“专项投标文件/5.针对评审要素，需要补充的其他文件/5.3.绿色低碳生产及绿色回收/5.3.1.建立了绿色生产/5.3.1.1.ESG(环境、社会、公司治理)报告”。当前仅用于泰昌资料人工复核，未获准进入正式标书。,河北泰昌电力器材科技有限公司,河北泰昌电力器材科技有限公司,taichang-visual-review-7747ebb8f73e1a22fad3,green_low_carbon,绿色低碳资料,False,资料：泰昌绿色低碳资料,否,blocked,尚未通过P0-06人工批准,False,优先核重,True,泰昌企业资料,a161ad2bd2111efa115aa9d0ea246a4555d024c75b7e28f2b16403e53b076873,tender_scoring_derived,,否,不适用,[],review_only,仅限人工复核,media,查看原件并确认是新资产、重复资产或同一证据的不同载体,P006-G051,,needs_manual_review,需要人工复核,,产品库资料,泰昌绿色低碳资料历史候选第54页,,不适用,internal,企业内部资料,泰昌技术补充文件,泰昌技术补充文件,mixed_historical_bid,assets/template_words/技术补充文件.docx,54,（二）专项投标文件/5.针对评审要素，需要补充的其他文件/5.3.绿色低碳生产及绿色回收/5.3.1.建立了绿色生产/5.3.1.1.ESG(环境、社会、公司治理)报告,"[""泰昌"", ""绿色低碳资料"", ""历史标书候选"", ""技术标""]",product_library,产品库资料,taichang_only,不适用,泰昌绿色低碳资料历史候选第54页,needs_review,[]
taichang_tenant_internal,"[""专项投标文件/5.针对评审要素，需要补充的其他文件/5.3.绿色低碳生产及绿色回收/5.3.1.建立了绿色生产/5.3.1.1.ESG(环境、社会、公司治理)报告""]","[""技术标""]",False,technical,technical-media-0048,formal_material_caption,绿色低碳资料,0.9,19e03489f3654cc41a966e920b70b7b0fe494989ecbef6180cb841b494c3ae3f,,,possible_visual_duplicate,视觉疑似重复,来源于泰昌技术补充文件，历史位置为“专项投标文件/5.针对评审要素，需要补充的其他文件/5.3.绿色低碳生产及绿色回收/5.3.1.建立了绿色生产/5.3.1.1.ESG(环境、社会、公司治理)报告”。当前仅用于泰昌资料人工复核，未获准进入正式标书。,河北泰昌电力器材科技有限公司,河北泰昌电力器材科技有限公司,taichang-visual-review-24c1f013af37786a5355,green_low_carbon,绿色低碳资料,False,资料：泰昌绿色低碳资料,否,blocked,尚未通过P0-06人工批准,False,优先核重,True,泰昌企业资料,19e03489f3654cc41a966e920b70b7b0fe494989ecbef6180cb841b494c3ae3f,tender_scoring_derived,,否,不适用,[],review_only,仅限人工复核,media,查看原件并确认是新资产、重复资产或同一证据的不同载体,P006-G051,,needs_manual_review,需要人工复核,,产品库资料,泰昌绿色低碳资料历史候选第54页,,不适用,internal,企业内部资料,泰昌技术补充文件,泰昌技术补充文件,mixed_historical_bid,assets/template_words/技术补充文件.docx,54,（二）专项投标文件/5.针对评审要素，需要补充的其他文件/5.3.绿色低碳生产及绿色回收/5.3.1.建立了绿色生产/5.3.1.1.ESG(环境、社会、公司治理)报告,"[""泰昌"", ""绿色低碳资料"", ""历史标书候选"", ""技术标""]",product_library,产品库资料,taichang_only,不适用,泰昌绿色低碳资料历史候选第54页,needs_review,[]
taichang_tenant_internal,"[""专项投标文件/5.针对评审要素，需要补充的其他文件/5.3.绿色低碳生产及绿色回收/5.3.1.建立了绿色生产/5.3.1.1.ESG(环境、社会、公司治理)报告""]","[""技术标""]",False,technical,technical-media-0049,formal_material_caption,绿色低碳资料,0.9,f8f8b3192055512b072824f6725f5a432a4cf775f11b22a20c269dbe9301ea24,,,possible_visual_duplicate,视觉疑似重复,来源于泰昌技术补充文件，历史位置为“专项投标文件/5.针对评审要素，需要补充的其他文件/5.3.绿色低碳生产及绿色回收/5.3.1.建立了绿色生产/5.3.1.1.ESG(环境、社会、公司治理)报告”。当前仅用于泰昌资料人工复核，未获准进入正式标书。,河北泰昌电力器材科技有限公司,河北泰昌电力器材科技有限公司,taichang-visual-review-b7301da4368606383f38,green_low_carbon,绿色低碳资料,False,资料：泰昌绿色低碳资料,否,blocked,尚未通过P0-06人工批准,False,优先核重,True,泰昌企业资料,f8f8b3192055512b072824f6725f5a432a4cf775f11b22a20c269dbe9301ea24,tender_scoring_derived,,否,不适用,[],review_only,仅限人工复核,media,查看原件并确认是新资产、重复资产或同一证据的不同载体,P006-G051,,needs_manual_review,需要人工复核,,产品库资料,泰昌绿色低碳资料历史候选第54页,,不适用,internal,企业内部资料,泰昌技术补充文件,泰昌技术补充文件,mixed_historical_bid,assets/template_words/技术补充文件.docx,54,（二）专项投标文件/5.针对评审要素，需要补充的其他文件/5.3.绿色低碳生产及绿色回收/5.3.1.建立了绿色生产/5.3.1.1.ESG(环境、社会、公司治理)报告,"[""泰昌"", ""绿色低碳资料"", ""历史标书候选"", ""技术标""]",product_library,产品库资料,taichang_only,不适用,泰昌绿色低碳资料历史候选第54页,needs_review,[]
taichang_tenant_internal,"[""专项投标文件/5.针对评审要素，需要补充的其他文件/5.3.绿色低碳生产及绿色回收/5.3.1.建立了绿色生产/5.3.1.1.ESG(环境、社会、公司治理)报告""]","[""技术标""]",False,technical,technical-media-0050,formal_material_caption,绿色低碳资料,0.9,3ec9384927aaaaeb9bd0bb09ec1fc8b8f32298359170e7f1cfb02970ea33352d,,,possible_visual_duplicate,视觉疑似重复,来源于泰昌技术补充文件，历史位置为“专项投标文件/5.针对评审要素，需要补充的其他文件/5.3.绿色低碳生产及绿色回收/5.3.1.建立了绿色生产/5.3.1.1.ESG(环境、社会、公司治理)报告”。当前仅用于泰昌资料人工复核，未获准进入正式标书。,河北泰昌电力器材科技有限公司,河北泰昌电力器材科技有限公司,taichang-visual-review-d664cd359266047f0068,green_low_carbon,绿色低碳资料,False,资料：泰昌绿色低碳资料,否,blocked,尚未通过P0-06人工批准,False,优先核重,True,泰昌企业资料,3ec9384927aaaaeb9bd0bb09ec1fc8b8f32298359170e7f1cfb02970ea33352d,tender_scoring_derived,,否,不适用,[],review_only,仅限人工复核,media,查看原件并确认是新资产、重复资产或同一证据的不同载体,P006-G051,,needs_manual_review,需要人工复核,,产品库资料,泰昌绿色低碳资料历史候选第54页,,不适用,internal,企业内部资料,泰昌技术补充文件,泰昌技术补充文件,mixed_historical_bid,assets/template_words/技术补充文件.docx,54,（二）专项投标文件/5.针对评审要素，需要补充的其他文件/5.3.绿色低碳生产及绿色回收/5.3.1.建立了绿色生产/5.3.1.1.ESG(环境、社会、公司治理)报告,"[""泰昌"", ""绿色低碳资料"", ""历史标书候选"", ""技术标""]",product_library,产品库资料,taichang_only,不适用,泰昌绿色低碳资料历史候选第54页,needs_review,[]
taichang_tenant_internal,"[""专项投标文件/5.针对评审要素，需要补充的其他文件/5.3.绿色低碳生产及绿色回收/5.3.1.建立了绿色生产/5.3.1.1.ESG(环境、社会、公司治理)报告""]","[""技术标""]",False,technical,technical-media-0051,formal_material_caption,绿色低碳资料,0.9,519687962fae6d25ca600b70624b5c118791735ebddfbeb764ee733702b39efa,,,possible_visual_duplicate,视觉疑似重复,来源于泰昌技术补充文件，历史位置为“专项投标文件/5.针对评审要素，需要补充的其他文件/5.3.绿色低碳生产及绿色回收/5.3.1.建立了绿色生产/5.3.1.1.ESG(环境、社会、公司治理)报告”。当前仅用于泰昌资料人工复核，未获准进入正式标书。,河北泰昌电力器材科技有限公司,河北泰昌电力器材科技有限公司,taichang-visual-review-6bedfe9e76d34e427693,green_low_carbon,绿色低碳资料,False,资料：泰昌绿色低碳资料,否,blocked,尚未通过P0-06人工批准,False,优先核重,True,泰昌企业资料,519687962fae6d25ca600b70624b5c118791735ebddfbeb764ee733702b39efa,tender_scoring_derived,,否,不适用,[],review_only,仅限人工复核,media,查看原件并确认是新资产、重复资产或同一证据的不同载体,P006-G051,,needs_manual_review,需要人工复核,,产品库资料,泰昌绿色低碳资料历史候选第54页,,不适用,internal,企业内部资料,泰昌技术补充文件,泰昌技术补充文件,mixed_historical_bid,assets/template_words/技术补充文件.docx,54,（二）专项投标文件/5.针对评审要素，需要补充的其他文件/5.3.绿色低碳生产及绿色回收/5.3.1.建立了绿色生产/5.3.1.1.ESG(环境、社会、公司治理)报告,"[""泰昌"", ""绿色低碳资料"", ""历史标书候选"", ""技术标""]",product_library,产品库资料,taichang_only,不适用,泰昌绿色低碳资料历史候选第54页,needs_review,[]
taichang_tenant_internal,"[""专项投标文件/5.针对评审要素，需要补充的其他文件/5.3.绿色低碳生产及绿色回收/5.3.1.建立了绿色生产/5.3.1.1.ESG(环境、社会、公司治理)报告""]","[""技术标""]",False,technical,technical-media-0052,formal_material_caption,绿色低碳资料,0.9,f5a8e578bba7788c34bc1ecd1fcc17c7f5dc8e0c1a29c2076076d000f3962a11,,,possible_visual_duplicate,视觉疑似重复,来源于泰昌技术补充文件，历史位置为“专项投标文件/5.针对评审要素，需要补充的其他文件/5.3.绿色低碳生产及绿色回收/5.3.1.建立了绿色生产/5.3.1.1.ESG(环境、社会、公司治理)报告”。当前仅用于泰昌资料人工复核，未获准进入正式标书。,河北泰昌电力器材科技有限公司,河北泰昌电力器材科技有限公司,taichang-visual-review-98370399c94a151c4051,green_low_carbon,绿色低碳资料,False,资料：泰昌绿色低碳资料,否,blocked,尚未通过P0-06人工批准,False,优先核重,True,泰昌企业资料,f5a8e578bba7788c34bc1ecd1fcc17c7f5dc8e0c1a29c2076076d000f3962a11,tender_scoring_derived,,否,不适用,[],review_only,仅限人工复核,media,查看原件并确认是新资产、重复资产或同一证据的不同载体,P006-G051,,needs_manual_review,需要人工复核,,产品库资料,泰昌绿色低碳资料历史候选第54页,,不适用,internal,企业内部资料,泰昌技术补充文件,泰昌技术补充文件,mixed_historical_bid,assets/template_words/技术补充文件.docx,54,（二）专项投标文件/5.针对评审要素，需要补充的其他文件/5.3.绿色低碳生产及绿色回收/5.3.1.建立了绿色生产/5.3.1.1.ESG(环境、社会、公司治理)报告,"[""泰昌"", ""绿色低碳资料"", ""历史标书候选"", ""技术标""]",product_library,产品库资料,taichang_only,不适用,泰昌绿色低碳资料历史候选第54页,needs_review,[]
taichang_tenant_internal,"[""专项投标文件/5.针对评审要素，需要补充的其他文件/5.3.绿色低碳生产及绿色回收/5.3.1.建立了绿色生产/5.3.1.1.ESG(环境、社会、公司治理)报告""]","[""技术标""]",False,technical,technical-media-0053,formal_material_caption,绿色低碳资料,0.9,ac859622cf6b7736c7bbd183325153d71ffb7f2ed1648510f117e8f853e89ab5,,,possible_visual_duplicate,视觉疑似重复,来源于泰昌技术补充文件，历史位置为“专项投标文件/5.针对评审要素，需要补充的其他文件/5.3.绿色低碳生产及绿色回收/5.3.1.建立了绿色生产/5.3.1.1.ESG(环境、社会、公司治理)报告”。当前仅用于泰昌资料人工复核，未获准进入正式标书。,河北泰昌电力器材科技有限公司,河北泰昌电力器材科技有限公司,taichang-visual-review-2c010db57f66f8b040ad,green_low_carbon,绿色低碳资料,False,资料：泰昌绿色低碳资料,否,blocked,尚未通过P0-06人工批准,False,优先核重,True,泰昌企业资料,ac859622cf6b7736c7bbd183325153d71ffb7f2ed1648510f117e8f853e89ab5,tender_scoring_derived,,否,不适用,[],review_only,仅限人工复核,media,查看原件并确认是新资产、重复资产或同一证据的不同载体,P006-G051,,needs_manual_review,需要人工复核,,产品库资料,泰昌绿色低碳资料历史候选第54页,,不适用,internal,企业内部资料,泰昌技术补充文件,泰昌技术补充文件,mixed_historical_bid,assets/template_words/技术补充文件.docx,54,（二）专项投标文件/5.针对评审要素，需要补充的其他文件/5.3.绿色低碳生产及绿色回收/5.3.1.建立了绿色生产/5.3.1.1.ESG(环境、社会、公司治理)报告,"[""泰昌"", ""绿色低碳资料"", ""历史标书候选"", ""技术标""]",product_library,产品库资料,taichang_only,不适用,泰昌绿色低碳资料历史候选第54页,needs_review,[]
taichang_tenant_internal,"[""专项投标文件/5.针对评审要素，需要补充的其他文件/5.3.绿色低碳生产及绿色回收/5.3.1.建立了绿色生产/5.3.1.1.ESG(环境、社会、公司治理)报告""]","[""技术标""]",False,technical,technical-media-0054,formal_material_caption,绿色低碳资料,0.9,50699f200416f6611a01445841d4b0772aec2166d6fa46551e4a482a6a797649,,,possible_visual_duplicate,视觉疑似重复,来源于泰昌技术补充文件，历史位置为“专项投标文件/5.针对评审要素，需要补充的其他文件/5.3.绿色低碳生产及绿色回收/5.3.1.建立了绿色生产/5.3.1.1.ESG(环境、社会、公司治理)报告”。当前仅用于泰昌资料人工复核，未获准进入正式标书。,河北泰昌电力器材科技有限公司,河北泰昌电力器材科技有限公司,taichang-visual-review-b6fe8cffdca499d928fd,green_low_carbon,绿色低碳资料,False,资料：泰昌绿色低碳资料,否,blocked,尚未通过P0-06人工批准,False,优先核重,True,泰昌企业资料,50699f200416f6611a01445841d4b0772aec2166d6fa46551e4a482a6a797649,tender_scoring_derived,,否,不适用,[],review_only,仅限人工复核,media,查看原件并确认是新资产、重复资产或同一证据的不同载体,P006-G051,,needs_manual_review,需要人工复核,,产品库资料,泰昌绿色低碳资料历史候选第54页,,不适用,internal,企业内部资料,泰昌技术补充文件,泰昌技术补充文件,mixed_historical_bid,assets/template_words/技术补充文件.docx,54,（二）专项投标文件/5.针对评审要素，需要补充的其他文件/5.3.绿色低碳生产及绿色回收/5.3.1.建立了绿色生产/5.3.1.1.ESG(环境、社会、公司治理)报告,"[""泰昌"", ""绿色低碳资料"", ""历史标书候选"", ""技术标""]",product_library,产品库资料,taichang_only,不适用,泰昌绿色低碳资料历史候选第54页,needs_review,[]
taichang_tenant_internal,"[""专项投标文件/5.针对评审要素，需要补充的其他文件/5.3.绿色低碳生产及绿色回收/5.3.1.建立了绿色生产/5.3.1.1.ESG(环境、社会、公司治理)报告""]","[""技术标""]",False,technical,technical-media-0055,formal_material_caption,绿色低碳资料,0.9,47dc41d6bde97f536a191c7caf19a27781169bf9a2b5c3c64c7205b71c776d50,,,possible_visual_duplicate,视觉疑似重复,来源于泰昌技术补充文件，历史位置为“专项投标文件/5.针对评审要素，需要补充的其他文件/5.3.绿色低碳生产及绿色回收/5.3.1.建立了绿色生产/5.3.1.1.ESG(环境、社会、公司治理)报告”。当前仅用于泰昌资料人工复核，未获准进入正式标书。,河北泰昌电力器材科技有限公司,河北泰昌电力器材科技有限公司,taichang-visual-review-a632ececed8f1b8c3397,green_low_carbon,绿色低碳资料,False,资料：泰昌绿色低碳资料,否,blocked,尚未通过P0-06人工批准,False,优先核重,True,泰昌企业资料,47dc41d6bde97f536a191c7caf19a27781169bf9a2b5c3c64c7205b71c776d50,tender_scoring_derived,,否,不适用,[],review_only,仅限人工复核,media,查看原件并确认是新资产、重复资产或同一证据的不同载体,P006-G051,,needs_manual_review,需要人工复核,,产品库资料,泰昌绿色低碳资料历史候选第54页,,不适用,internal,企业内部资料,泰昌技术补充文件,泰昌技术补充文件,mixed_historical_bid,assets/template_words/技术补充文件.docx,54,（二）专项投标文件/5.针对评审要素，需要补充的其他文件/5.3.绿色低碳生产及绿色回收/5.3.1.建立了绿色生产/5.3.1.1.ESG(环境、社会、公司治理)报告,"[""泰昌"", ""绿色低碳资料"", ""历史标书候选"", ""技术标""]",product_library,产品库资料,taichang_only,不适用,泰昌绿色低碳资料历史候选第54页,needs_review,[]
taichang_tenant_internal,"[""专项投标文件/5.针对评审要素，需要补充的其他文件/5.3.绿色低碳生产及绿色回收/5.3.1.建立了绿色生产/5.3.1.1.ESG(环境、社会、公司治理)报告""]","[""技术标""]",False,technical,technical-media-0056,formal_material_caption,绿色低碳资料,0.9,0aad16dc138f6d5c9bf7f8088fafd64f2ffc91ecbaaf014e1c4844c237154999,,,possible_visual_duplicate,视觉疑似重复,来源于泰昌技术补充文件，历史位置为“专项投标文件/5.针对评审要素，需要补充的其他文件/5.3.绿色低碳生产及绿色回收/5.3.1.建立了绿色生产/5.3.1.1.ESG(环境、社会、公司治理)报告”。当前仅用于泰昌资料人工复核，未获准进入正式标书。,河北泰昌电力器材科技有限公司,河北泰昌电力器材科技有限公司,taichang-visual-review-82da468cd96e07de8e83,green_low_carbon,绿色低碳资料,False,资料：泰昌绿色低碳资料,否,blocked,尚未通过P0-06人工批准,False,优先核重,True,泰昌企业资料,0aad16dc138f6d5c9bf7f8088fafd64f2ffc91ecbaaf014e1c4844c237154999,tender_scoring_derived,,否,不适用,[],review_only,仅限人工复核,media,查看原件并确认是新资产、重复资产或同一证据的不同载体,P006-G051,,needs_manual_review,需要人工复核,,产品库资料,泰昌绿色低碳资料历史候选第54页,,不适用,internal,企业内部资料,泰昌技术补充文件,泰昌技术补充文件,mixed_historical_bid,assets/template_words/技术补充文件.docx,54,（二）专项投标文件/5.针对评审要素，需要补充的其他文件/5.3.绿色低碳生产及绿色回收/5.3.1.建立了绿色生产/5.3.1.1.ESG(环境、社会、公司治理)报告,"[""泰昌"", ""绿色低碳资料"", ""历史标书候选"", ""技术标""]",product_library,产品库资料,taichang_only,不适用,泰昌绿色低碳资料历史候选第54页,needs_review,[]
taichang_tenant_internal,"[""专项投标文件/5.针对评审要素，需要补充的其他文件/5.3.绿色低碳生产及绿色回收/5.3.1.建立了绿色生产/5.3.1.1.ESG(环境、社会、公司治理)报告""]","[""技术标""]",False,technical,technical-media-0057,formal_material_caption,绿色低碳资料,0.9,9fa23e38de83b035aaa99cd93cd8ae90a8e3c6370bf5e7da58f3fb91b2060bd8,,,possible_visual_duplicate,视觉疑似重复,来源于泰昌技术补充文件，历史位置为“专项投标文件/5.针对评审要素，需要补充的其他文件/5.3.绿色低碳生产及绿色回收/5.3.1.建立了绿色生产/5.3.1.1.ESG(环境、社会、公司治理)报告”。当前仅用于泰昌资料人工复核，未获准进入正式标书。,河北泰昌电力器材科技有限公司,河北泰昌电力器材科技有限公司,taichang-visual-review-65149011aa6834991a7d,green_low_carbon,绿色低碳资料,False,资料：泰昌绿色低碳资料,否,blocked,尚未通过P0-06人工批准,False,优先核重,True,泰昌企业资料,9fa23e38de83b035aaa99cd93cd8ae90a8e3c6370bf5e7da58f3fb91b2060bd8,tender_scoring_derived,,否,不适用,[],review_only,仅限人工复核,media,查看原件并确认是新资产、重复资产或同一证据的不同载体,P006-G051,,needs_manual_review,需要人工复核,,产品库资料,泰昌绿色低碳资料历史候选第54页,,不适用,internal,企业内部资料,泰昌技术补充文件,泰昌技术补充文件,mixed_historical_bid,assets/template_words/技术补充文件.docx,54,（二）专项投标文件/5.针对评审要素，需要补充的其他文件/5.3.绿色低碳生产及绿色回收/5.3.1.建立了绿色生产/5.3.1.1.ESG(环境、社会、公司治理)报告,"[""泰昌"", ""绿色低碳资料"", ""历史标书候选"", ""技术标""]",product_library,产品库资料,taichang_only,不适用,泰昌绿色低碳资料历史候选第54页,needs_review,[]
taichang_tenant_internal,"[""专项投标文件/5.针对评审要素，需要补充的其他文件/5.3.绿色低碳生产及绿色回收/5.3.1.建立了绿色生产/5.3.1.1.ESG(环境、社会、公司治理)报告""]","[""技术标""]",False,technical,technical-media-0058,formal_material_caption,绿色低碳资料,0.9,ecbe4af54d4146566dc24029f6fbea4c5480d0a6aa8946d838bd359faa6bdc87,,,possible_visual_duplicate,视觉疑似重复,来源于泰昌技术补充文件，历史位置为“专项投标文件/5.针对评审要素，需要补充的其他文件/5.3.绿色低碳生产及绿色回收/5.3.1.建立了绿色生产/5.3.1.1.ESG(环境、社会、公司治理)报告”。当前仅用于泰昌资料人工复核，未获准进入正式标书。,河北泰昌电力器材科技有限公司,河北泰昌电力器材科技有限公司,taichang-visual-review-1cfa4fecda4eccac64c9,green_low_carbon,绿色低碳资料,False,资料：泰昌绿色低碳资料,否,blocked,尚未通过P0-06人工批准,False,优先核重,True,泰昌企业资料,ecbe4af54d4146566dc24029f6fbea4c5480d0a6aa8946d838bd359faa6bdc87,tender_scoring_derived,,否,不适用,[],review_only,仅限人工复核,media,查看原件并确认是新资产、重复资产或同一证据的不同载体,P006-G051,,needs_manual_review,需要人工复核,,产品库资料,泰昌绿色低碳资料历史候选第54页,,不适用,internal,企业内部资料,泰昌技术补充文件,泰昌技术补充文件,mixed_historical_bid,assets/template_words/技术补充文件.docx,54,（二）专项投标文件/5.针对评审要素，需要补充的其他文件/5.3.绿色低碳生产及绿色回收/5.3.1.建立了绿色生产/5.3.1.1.ESG(环境、社会、公司治理)报告,"[""泰昌"", ""绿色低碳资料"", ""历史标书候选"", ""技术标""]",product_library,产品库资料,taichang_only,不适用,泰昌绿色低碳资料历史候选第54页,needs_review,[]
taichang_tenant_internal,"[""专项投标文件/5.针对评审要素，需要补充的其他文件/5.3.绿色低碳生产及绿色回收/5.3.1.建立了绿色生产/5.3.1.1.ESG(环境、社会、公司治理)报告""]","[""技术标""]",False,technical,technical-media-0059,formal_material_caption,绿色低碳资料,0.9,c2bb7eabfb0800e7b1969a3f6722e001628ec8c746a1a5bfd804a5a049a9af97,,,possible_visual_duplicate,视觉疑似重复,来源于泰昌技术补充文件，历史位置为“专项投标文件/5.针对评审要素，需要补充的其他文件/5.3.绿色低碳生产及绿色回收/5.3.1.建立了绿色生产/5.3.1.1.ESG(环境、社会、公司治理)报告”。当前仅用于泰昌资料人工复核，未获准进入正式标书。,河北泰昌电力器材科技有限公司,河北泰昌电力器材科技有限公司,taichang-visual-review-825b8573f07da5b648f0,green_low_carbon,绿色低碳资料,False,资料：泰昌绿色低碳资料,否,blocked,尚未通过P0-06人工批准,False,优先核重,True,泰昌企业资料,c2bb7eabfb0800e7b1969a3f6722e001628ec8c746a1a5bfd804a5a049a9af97,tender_scoring_derived,,否,不适用,[],review_only,仅限人工复核,media,查看原件并确认是新资产、重复资产或同一证据的不同载体,P006-G051,,needs_manual_review,需要人工复核,,产品库资料,泰昌绿色低碳资料历史候选第54页,,不适用,internal,企业内部资料,泰昌技术补充文件,泰昌技术补充文件,mixed_historical_bid,assets/template_words/技术补充文件.docx,54,（二）专项投标文件/5.针对评审要素，需要补充的其他文件/5.3.绿色低碳生产及绿色回收/5.3.1.建立了绿色生产/5.3.1.1.ESG(环境、社会、公司治理)报告,"[""泰昌"", ""绿色低碳资料"", ""历史标书候选"", ""技术标""]",product_library,产品库资料,taichang_only,不适用,泰昌绿色低碳资料历史候选第54页,needs_review,[]
taichang_tenant_internal,"[""专项投标文件/5.针对评审要素，需要补充的其他文件/5.3.绿色低碳生产及绿色回收/5.3.1.建立了绿色生产/5.3.1.1.ESG(环境、社会、公司治理)报告""]","[""技术标""]",False,technical,technical-media-0060,formal_material_caption,绿色低碳资料,0.9,4970ecb2a4e6bdf4cb5d6f28aa2bddf393a7e5ab2644343d099a8f902366afb1,,,possible_visual_duplicate,视觉疑似重复,来源于泰昌技术补充文件，历史位置为“专项投标文件/5.针对评审要素，需要补充的其他文件/5.3.绿色低碳生产及绿色回收/5.3.1.建立了绿色生产/5.3.1.1.ESG(环境、社会、公司治理)报告”。当前仅用于泰昌资料人工复核，未获准进入正式标书。,河北泰昌电力器材科技有限公司,河北泰昌电力器材科技有限公司,taichang-visual-review-867f3ab17804ca755741,green_low_carbon,绿色低碳资料,False,资料：泰昌绿色低碳资料,否,blocked,尚未通过P0-06人工批准,False,优先核重,True,泰昌企业资料,4970ecb2a4e6bdf4cb5d6f28aa2bddf393a7e5ab2644343d099a8f902366afb1,tender_scoring_derived,,否,不适用,[],review_only,仅限人工复核,media,查看原件并确认是新资产、重复资产或同一证据的不同载体,P006-G051,,needs_manual_review,需要人工复核,,产品库资料,泰昌绿色低碳资料历史候选第54页,,不适用,internal,企业内部资料,泰昌技术补充文件,泰昌技术补充文件,mixed_historical_bid,assets/template_words/技术补充文件.docx,54,（二）专项投标文件/5.针对评审要素，需要补充的其他文件/5.3.绿色低碳生产及绿色回收/5.3.1.建立了绿色生产/5.3.1.1.ESG(环境、社会、公司治理)报告,"[""泰昌"", ""绿色低碳资料"", ""历史标书候选"", ""技术标""]",product_library,产品库资料,taichang_only,不适用,泰昌绿色低碳资料历史候选第54页,needs_review,[]
taichang_tenant_internal,"[""专项投标文件/5.针对评审要素，需要补充的其他文件/5.3.绿色低碳生产及绿色回收/5.3.1.建立了绿色生产/5.3.1.1.ESG(环境、社会、公司治理)报告""]","[""技术标""]",False,technical,technical-media-0061,formal_material_caption,绿色低碳资料,0.9,e30ef45e1f198d56d9981b076d0bdd4eddf465ba76b2e8d1abd6abf08787bb37,,,possible_visual_duplicate,视觉疑似重复,来源于泰昌技术补充文件，历史位置为“专项投标文件/5.针对评审要素，需要补充的其他文件/5.3.绿色低碳生产及绿色回收/5.3.1.建立了绿色生产/5.3.1.1.ESG(环境、社会、公司治理)报告”。当前仅用于泰昌资料人工复核，未获准进入正式标书。,河北泰昌电力器材科技有限公司,河北泰昌电力器材科技有限公司,taichang-visual-review-fd7c970a1d51f33e2341,green_low_carbon,绿色低碳资料,False,资料：泰昌绿色低碳资料,否,blocked,尚未通过P0-06人工批准,False,优先核重,True,泰昌企业资料,e30ef45e1f198d56d9981b076d0bdd4eddf465ba76b2e8d1abd6abf08787bb37,tender_scoring_derived,,否,不适用,[],review_only,仅限人工复核,media,查看原件并确认是新资产、重复资产或同一证据的不同载体,P006-G051,,needs_manual_review,需要人工复核,,产品库资料,泰昌绿色低碳资料历史候选第54页,,不适用,internal,企业内部资料,泰昌技术补充文件,泰昌技术补充文件,mixed_historical_bid,assets/template_words/技术补充文件.docx,54,（二）专项投标文件/5.针对评审要素，需要补充的其他文件/5.3.绿色低碳生产及绿色回收/5.3.1.建立了绿色生产/5.3.1.1.ESG(环境、社会、公司治理)报告,"[""泰昌"", ""绿色低碳资料"", ""历史标书候选"", ""技术标""]",product_library,产品库资料,taichang_only,不适用,泰昌绿色低碳资料历史候选第54页,needs_review,[]
taichang_tenant_internal,"[""专项投标文件/5.针对评审要素，需要补充的其他文件/5.3.绿色低碳生产及绿色回收/5.3.1.建立了绿色生产/5.3.1.1.ESG(环境、社会、公司治理)报告""]","[""技术标""]",False,technical,technical-media-0062,formal_material_caption,绿色低碳资料,0.9,7d7df167353c4e64195a430db91b1a20af85dc4708d3a136fffff2dd42a1403d,,,possible_visual_duplicate,视觉疑似重复,来源于泰昌技术补充文件，历史位置为“专项投标文件/5.针对评审要素，需要补充的其他文件/5.3.绿色低碳生产及绿色回收/5.3.1.建立了绿色生产/5.3.1.1.ESG(环境、社会、公司治理)报告”。当前仅用于泰昌资料人工复核，未获准进入正式标书。,河北泰昌电力器材科技有限公司,河北泰昌电力器材科技有限公司,taichang-visual-review-647b5ee124b9d02b5837,green_low_carbon,绿色低碳资料,False,资料：泰昌绿色低碳资料,否,blocked,尚未通过P0-06人工批准,False,优先核重,True,泰昌企业资料,7d7df167353c4e64195a430db91b1a20af85dc4708d3a136fffff2dd42a1403d,tender_scoring_derived,,否,不适用,[],review_only,仅限人工复核,media,查看原件并确认是新资产、重复资产或同一证据的不同载体,P006-G051,,needs_manual_review,需要人工复核,,产品库资料,泰昌绿色低碳资料历史候选第54页,,不适用,internal,企业内部资料,泰昌技术补充文件,泰昌技术补充文件,mixed_historical_bid,assets/template_words/技术补充文件.docx,54,（二）专项投标文件/5.针对评审要素，需要补充的其他文件/5.3.绿色低碳生产及绿色回收/5.3.1.建立了绿色生产/5.3.1.1.ESG(环境、社会、公司治理)报告,"[""泰昌"", ""绿色低碳资料"", ""历史标书候选"", ""技术标""]",product_library,产品库资料,taichang_only,不适用,泰昌绿色低碳资料历史候选第54页,needs_review,[]
taichang_tenant_internal,"[""专项投标文件/5.针对评审要素，需要补充的其他文件/5.3.绿色低碳生产及绿色回收/5.3.1.建立了绿色生产/5.3.1.1.ESG(环境、社会、公司治理)报告""]","[""技术标""]",False,technical,technical-media-0063,formal_material_caption,绿色低碳资料,0.9,d384368f58e664b0a0d2ab5b2fb1c95d3e39e7cc36561fd8a286fb75eb120f8f,,,possible_visual_duplicate,视觉疑似重复,来源于泰昌技术补充文件，历史位置为“专项投标文件/5.针对评审要素，需要补充的其他文件/5.3.绿色低碳生产及绿色回收/5.3.1.建立了绿色生产/5.3.1.1.ESG(环境、社会、公司治理)报告”。当前仅用于泰昌资料人工复核，未获准进入正式标书。,河北泰昌电力器材科技有限公司,河北泰昌电力器材科技有限公司,taichang-visual-review-ed71691c5d0f839c03cd,green_low_carbon,绿色低碳资料,False,资料：泰昌绿色低碳资料,否,blocked,尚未通过P0-06人工批准,False,优先核重,True,泰昌企业资料,d384368f58e664b0a0d2ab5b2fb1c95d3e39e7cc36561fd8a286fb75eb120f8f,tender_scoring_derived,,否,不适用,[],review_only,仅限人工复核,media,查看原件并确认是新资产、重复资产或同一证据的不同载体,P006-G051,,needs_manual_review,需要人工复核,,产品库资料,泰昌绿色低碳资料历史候选第54页,,不适用,internal,企业内部资料,泰昌技术补充文件,泰昌技术补充文件,mixed_historical_bid,assets/template_words/技术补充文件.docx,54,（二）专项投标文件/5.针对评审要素，需要补充的其他文件/5.3.绿色低碳生产及绿色回收/5.3.1.建立了绿色生产/5.3.1.1.ESG(环境、社会、公司治理)报告,"[""泰昌"", ""绿色低碳资料"", ""历史标书候选"", ""技术标""]",product_library,产品库资料,taichang_only,不适用,泰昌绿色低碳资料历史候选第54页,needs_review,[]
taichang_tenant_internal,"[""专项投标文件/5.针对评审要素，需要补充的其他文件/5.3.绿色低碳生产及绿色回收/5.3.1.建立了绿色生产/5.3.1.1.ESG(环境、社会、公司治理)报告""]","[""技术标""]",False,technical,technical-media-0064,formal_material_caption,绿色低碳资料,0.9,f5ffc8858fd65ede793997e978fc99d99e582fa951efca1d4d3afa922501c87e,,,possible_visual_duplicate,视觉疑似重复,来源于泰昌技术补充文件，历史位置为“专项投标文件/5.针对评审要素，需要补充的其他文件/5.3.绿色低碳生产及绿色回收/5.3.1.建立了绿色生产/5.3.1.1.ESG(环境、社会、公司治理)报告”。当前仅用于泰昌资料人工复核，未获准进入正式标书。,河北泰昌电力器材科技有限公司,河北泰昌电力器材科技有限公司,taichang-visual-review-8ea4fcec5f19b48bd82e,green_low_carbon,绿色低碳资料,False,资料：泰昌绿色低碳资料,否,blocked,尚未通过P0-06人工批准,False,优先核重,True,泰昌企业资料,f5ffc8858fd65ede793997e978fc99d99e582fa951efca1d4d3afa922501c87e,tender_scoring_derived,,否,不适用,[],review_only,仅限人工复核,media,查看原件并确认是新资产、重复资产或同一证据的不同载体,P006-G051,,needs_manual_review,需要人工复核,,产品库资料,泰昌绿色低碳资料历史候选第54页,,不适用,internal,企业内部资料,泰昌技术补充文件,泰昌技术补充文件,mixed_historical_bid,assets/template_words/技术补充文件.docx,54,（二）专项投标文件/5.针对评审要素，需要补充的其他文件/5.3.绿色低碳生产及绿色回收/5.3.1.建立了绿色生产/5.3.1.1.ESG(环境、社会、公司治理)报告,"[""泰昌"", ""绿色低碳资料"", ""历史标书候选"", ""技术标""]",product_library,产品库资料,taichang_only,不适用,泰昌绿色低碳资料历史候选第54页,needs_review,[]
taichang_tenant_internal,"[""专项投标文件/5.针对评审要素，需要补充的其他文件/5.3.绿色低碳生产及绿色回收/5.3.1.建立了绿色生产/5.3.1.1.ESG(环境、社会、公司治理)报告""]","[""技术标""]",False,technical,technical-media-0065,formal_material_caption,绿色低碳资料,0.9,501de4054c85aa8765ecc623897193c049c739f6d4af29ea79bd8a1ddd49d838,,,possible_visual_duplicate,视觉疑似重复,来源于泰昌技术补充文件，历史位置为“专项投标文件/5.针对评审要素，需要补充的其他文件/5.3.绿色低碳生产及绿色回收/5.3.1.建立了绿色生产/5.3.1.1.ESG(环境、社会、公司治理)报告”。当前仅用于泰昌资料人工复核，未获准进入正式标书。,河北泰昌电力器材科技有限公司,河北泰昌电力器材科技有限公司,taichang-visual-review-c15723c5ee09e1e7018f,green_low_carbon,绿色低碳资料,False,资料：泰昌绿色低碳资料,否,blocked,尚未通过P0-06人工批准,False,优先核重,True,泰昌企业资料,501de4054c85aa8765ecc623897193c049c739f6d4af29ea79bd8a1ddd49d838,tender_scoring_derived,,否,不适用,[],review_only,仅限人工复核,media,查看原件并确认是新资产、重复资产或同一证据的不同载体,P006-G051,,needs_manual_review,需要人工复核,,产品库资料,泰昌绿色低碳资料历史候选第54页,,不适用,internal,企业内部资料,泰昌技术补充文件,泰昌技术补充文件,mixed_historical_bid,assets/template_words/技术补充文件.docx,54,（二）专项投标文件/5.针对评审要素，需要补充的其他文件/5.3.绿色低碳生产及绿色回收/5.3.1.建立了绿色生产/5.3.1.1.ESG(环境、社会、公司治理)报告,"[""泰昌"", ""绿色低碳资料"", ""历史标书候选"", ""技术标""]",product_library,产品库资料,taichang_only,不适用,泰昌绿色低碳资料历史候选第54页,needs_review,[]
taichang_tenant_internal,"[""专项投标文件/5.针对评审要素，需要补充的其他文件/5.3.绿色低碳生产及绿色回收/5.3.1.建立了绿色生产/5.3.1.1.ESG(环境、社会、公司治理)报告""]","[""技术标""]",False,technical,technical-media-0066,formal_material_caption,绿色低碳资料,0.9,6fed6f1cf1bcc90042cf7fcd7ea30ab0ef17638b90d96092656c42d57851ece4,,,possible_visual_duplicate,视觉疑似重复,来源于泰昌技术补充文件，历史位置为“专项投标文件/5.针对评审要素，需要补充的其他文件/5.3.绿色低碳生产及绿色回收/5.3.1.建立了绿色生产/5.3.1.1.ESG(环境、社会、公司治理)报告”。当前仅用于泰昌资料人工复核，未获准进入正式标书。,河北泰昌电力器材科技有限公司,河北泰昌电力器材科技有限公司,taichang-visual-review-9dfa2b7802ed510ed355,green_low_carbon,绿色低碳资料,False,资料：泰昌绿色低碳资料,否,blocked,尚未通过P0-06人工批准,False,优先核重,True,泰昌企业资料,6fed6f1cf1bcc90042cf7fcd7ea30ab0ef17638b90d96092656c42d57851ece4,tender_scoring_derived,,否,不适用,[],review_only,仅限人工复核,media,查看原件并确认是新资产、重复资产或同一证据的不同载体,P006-G051,,needs_manual_review,需要人工复核,,产品库资料,泰昌绿色低碳资料历史候选第54页,,不适用,internal,企业内部资料,泰昌技术补充文件,泰昌技术补充文件,mixed_historical_bid,assets/template_words/技术补充文件.docx,54,（二）专项投标文件/5.针对评审要素，需要补充的其他文件/5.3.绿色低碳生产及绿色回收/5.3.1.建立了绿色生产/5.3.1.1.ESG(环境、社会、公司治理)报告,"[""泰昌"", ""绿色低碳资料"", ""历史标书候选"", ""技术标""]",product_library,产品库资料,taichang_only,不适用,泰昌绿色低碳资料历史候选第54页,needs_review,[]
taichang_tenant_internal,"[""专项投标文件/5.针对评审要素，需要补充的其他文件/5.3.绿色低碳生产及绿色回收/5.3.1.建立了绿色生产/5.3.1.1.ESG(环境、社会、公司治理)报告""]","[""技术标""]",False,technical,technical-media-0067,formal_material_caption,绿色低碳资料,0.9,2f19ea5f9dd00119cd15f688e46131dfdb49362c2bd6b66f02f84c3ddbda4e54,,,possible_visual_duplicate,视觉疑似重复,来源于泰昌技术补充文件，历史位置为“专项投标文件/5.针对评审要素，需要补充的其他文件/5.3.绿色低碳生产及绿色回收/5.3.1.建立了绿色生产/5.3.1.1.ESG(环境、社会、公司治理)报告”。当前仅用于泰昌资料人工复核，未获准进入正式标书。,河北泰昌电力器材科技有限公司,河北泰昌电力器材科技有限公司,taichang-visual-review-2e3938205eccdd61ae52,green_low_carbon,绿色低碳资料,False,资料：泰昌绿色低碳资料,否,blocked,尚未通过P0-06人工批准,False,优先核重,True,泰昌企业资料,2f19ea5f9dd00119cd15f688e46131dfdb49362c2bd6b66f02f84c3ddbda4e54,tender_scoring_derived,,否,不适用,[],review_only,仅限人工复核,media,查看原件并确认是新资产、重复资产或同一证据的不同载体,P006-G051,,needs_manual_review,需要人工复核,,产品库资料,泰昌绿色低碳资料历史候选第54页,,不适用,internal,企业内部资料,泰昌技术补充文件,泰昌技术补充文件,mixed_historical_bid,assets/template_words/技术补充文件.docx,54,（二）专项投标文件/5.针对评审要素，需要补充的其他文件/5.3.绿色低碳生产及绿色回收/5.3.1.建立了绿色生产/5.3.1.1.ESG(环境、社会、公司治理)报告,"[""泰昌"", ""绿色低碳资料"", ""历史标书候选"", ""技术标""]",product_library,产品库资料,taichang_only,不适用,泰昌绿色低碳资料历史候选第54页,needs_review,[]
taichang_tenant_internal,"[""专项投标文件/5.针对评审要素，需要补充的其他文件/5.3.绿色低碳生产及绿色回收/5.3.1.建立了绿色生产/5.3.1.1.ESG(环境、社会、公司治理)报告""]","[""技术标""]",False,technical,technical-media-0068,formal_material_caption,绿色低碳资料,0.9,e8c46e6c5b395eb98fd62963a9243ee283e792223c2f98a26f28f35009f8c059,,,possible_visual_duplicate,视觉疑似重复,来源于泰昌技术补充文件，历史位置为“专项投标文件/5.针对评审要素，需要补充的其他文件/5.3.绿色低碳生产及绿色回收/5.3.1.建立了绿色生产/5.3.1.1.ESG(环境、社会、公司治理)报告”。当前仅用于泰昌资料人工复核，未获准进入正式标书。,河北泰昌电力器材科技有限公司,河北泰昌电力器材科技有限公司,taichang-visual-review-d7478b7ad3c9608bd73c,green_low_carbon,绿色低碳资料,False,资料：泰昌绿色低碳资料,否,blocked,尚未通过P0-06人工批准,False,优先核重,True,泰昌企业资料,e8c46e6c5b395eb98fd62963a9243ee283e792223c2f98a26f28f35009f8c059,tender_scoring_derived,,否,不适用,[],review_only,仅限人工复核,media,查看原件并确认是新资产、重复资产或同一证据的不同载体,P006-G051,,needs_manual_review,需要人工复核,,产品库资料,泰昌绿色低碳资料历史候选第54页,,不适用,internal,企业内部资料,泰昌技术补充文件,泰昌技术补充文件,mixed_historical_bid,assets/template_words/技术补充文件.docx,54,（二）专项投标文件/5.针对评审要素，需要补充的其他文件/5.3.绿色低碳生产及绿色回收/5.3.1.建立了绿色生产/5.3.1.1.ESG(环境、社会、公司治理)报告,"[""泰昌"", ""绿色低碳资料"", ""历史标书候选"", ""技术标""]",product_library,产品库资料,taichang_only,不适用,泰昌绿色低碳资料历史候选第54页,needs_review,[]
taichang_tenant_internal,"[""专项投标文件/5.针对评审要素，需要补充的其他文件/5.3.绿色低碳生产及绿色回收/5.3.1.建立了绿色生产/5.3.1.1.ESG(环境、社会、公司治理)报告""]","[""技术标""]",False,technical,technical-media-0069,formal_material_caption,绿色低碳资料,0.9,5279f545baf18cb5e7c1843ca15a17be53bbc418c7b2df3910975c3a1df20c2f,,,possible_visual_duplicate,视觉疑似重复,来源于泰昌技术补充文件，历史位置为“专项投标文件/5.针对评审要素，需要补充的其他文件/5.3.绿色低碳生产及绿色回收/5.3.1.建立了绿色生产/5.3.1.1.ESG(环境、社会、公司治理)报告”。当前仅用于泰昌资料人工复核，未获准进入正式标书。,河北泰昌电力器材科技有限公司,河北泰昌电力器材科技有限公司,taichang-visual-review-9012386529dfe2c38e29,green_low_carbon,绿色低碳资料,False,资料：泰昌绿色低碳资料,否,blocked,尚未通过P0-06人工批准,False,优先核重,True,泰昌企业资料,5279f545baf18cb5e7c1843ca15a17be53bbc418c7b2df3910975c3a1df20c2f,tender_scoring_derived,,否,不适用,[],review_only,仅限人工复核,media,查看原件并确认是新资产、重复资产或同一证据的不同载体,P006-G051,,needs_manual_review,需要人工复核,,产品库资料,泰昌绿色低碳资料历史候选第54页,,不适用,internal,企业内部资料,泰昌技术补充文件,泰昌技术补充文件,mixed_historical_bid,assets/template_words/技术补充文件.docx,54,（二）专项投标文件/5.针对评审要素，需要补充的其他文件/5.3.绿色低碳生产及绿色回收/5.3.1.建立了绿色生产/5.3.1.1.ESG(环境、社会、公司治理)报告,"[""泰昌"", ""绿色低碳资料"", ""历史标书候选"", ""技术标""]",product_library,产品库资料,taichang_only,不适用,泰昌绿色低碳资料历史候选第54页,needs_review,[]
taichang_tenant_internal,"[""专项投标文件/5.针对评审要素，需要补充的其他文件/5.3.绿色低碳生产及绿色回收/5.3.1.建立了绿色生产/5.3.1.1.ESG(环境、社会、公司治理)报告""]","[""技术标""]",False,technical,technical-media-0070,formal_material_caption,绿色低碳资料,0.9,67f8934f7796f71de6de9cc258257cb6f5864bd1556edbf5c3cdf57e18af4a28,,,possible_visual_duplicate,视觉疑似重复,来源于泰昌技术补充文件，历史位置为“专项投标文件/5.针对评审要素，需要补充的其他文件/5.3.绿色低碳生产及绿色回收/5.3.1.建立了绿色生产/5.3.1.1.ESG(环境、社会、公司治理)报告”。当前仅用于泰昌资料人工复核，未获准进入正式标书。,河北泰昌电力器材科技有限公司,河北泰昌电力器材科技有限公司,taichang-visual-review-d275cff73a9366410337,green_low_carbon,绿色低碳资料,False,资料：泰昌绿色低碳资料,否,blocked,尚未通过P0-06人工批准,False,优先核重,True,泰昌企业资料,67f8934f7796f71de6de9cc258257cb6f5864bd1556edbf5c3cdf57e18af4a28,tender_scoring_derived,,否,不适用,[],review_only,仅限人工复核,media,查看原件并确认是新资产、重复资产或同一证据的不同载体,P006-G051,,needs_manual_review,需要人工复核,,产品库资料,泰昌绿色低碳资料历史候选第54页,,不适用,internal,企业内部资料,泰昌技术补充文件,泰昌技术补充文件,mixed_historical_bid,assets/template_words/技术补充文件.docx,54,（二）专项投标文件/5.针对评审要素，需要补充的其他文件/5.3.绿色低碳生产及绿色回收/5.3.1.建立了绿色生产/5.3.1.1.ESG(环境、社会、公司治理)报告,"[""泰昌"", ""绿色低碳资料"", ""历史标书候选"", ""技术标""]",product_library,产品库资料,taichang_only,不适用,泰昌绿色低碳资料历史候选第54页,needs_review,[]
taichang_tenant_internal,"[""专项投标文件/5.针对评审要素，需要补充的其他文件/5.3.绿色低碳生产及绿色回收/5.3.1.建立了绿色生产/5.3.1.1.ESG(环境、社会、公司治理)报告""]","[""技术标""]",False,technical,technical-media-0071,formal_material_caption,绿色低碳资料,0.9,84d0c4d9f0c0247b21976840f5ac53da5ec7e04f69cce52d43c1346e6ad9b3b6,,,possible_visual_duplicate,视觉疑似重复,来源于泰昌技术补充文件，历史位置为“专项投标文件/5.针对评审要素，需要补充的其他文件/5.3.绿色低碳生产及绿色回收/5.3.1.建立了绿色生产/5.3.1.1.ESG(环境、社会、公司治理)报告”。当前仅用于泰昌资料人工复核，未获准进入正式标书。,河北泰昌电力器材科技有限公司,河北泰昌电力器材科技有限公司,taichang-visual-review-b5d940d4456a8f8f683c,green_low_carbon,绿色低碳资料,False,资料：泰昌绿色低碳资料,否,blocked,尚未通过P0-06人工批准,False,优先核重,True,泰昌企业资料,84d0c4d9f0c0247b21976840f5ac53da5ec7e04f69cce52d43c1346e6ad9b3b6,tender_scoring_derived,,否,不适用,[],review_only,仅限人工复核,media,查看原件并确认是新资产、重复资产或同一证据的不同载体,P006-G051,,needs_manual_review,需要人工复核,,产品库资料,泰昌绿色低碳资料历史候选第54页,,不适用,internal,企业内部资料,泰昌技术补充文件,泰昌技术补充文件,mixed_historical_bid,assets/template_words/技术补充文件.docx,54,（二）专项投标文件/5.针对评审要素，需要补充的其他文件/5.3.绿色低碳生产及绿色回收/5.3.1.建立了绿色生产/5.3.1.1.ESG(环境、社会、公司治理)报告,"[""泰昌"", ""绿色低碳资料"", ""历史标书候选"", ""技术标""]",product_library,产品库资料,taichang_only,不适用,泰昌绿色低碳资料历史候选第54页,needs_review,[]
taichang_tenant_internal,"[""专项投标文件/5.针对评审要素，需要补充的其他文件/5.3.绿色低碳生产及绿色回收/5.3.1.建立了绿色生产/5.3.1.1.ESG(环境、社会、公司治理)报告""]","[""技术标""]",False,technical,technical-media-0072,formal_material_caption,绿色低碳资料,0.9,fcc454fa145d64bb716006242e3a5ee9f39514d71563dec238eb627057766c52,,,possible_visual_duplicate,视觉疑似重复,来源于泰昌技术补充文件，历史位置为“专项投标文件/5.针对评审要素，需要补充的其他文件/5.3.绿色低碳生产及绿色回收/5.3.1.建立了绿色生产/5.3.1.1.ESG(环境、社会、公司治理)报告”。当前仅用于泰昌资料人工复核，未获准进入正式标书。,河北泰昌电力器材科技有限公司,河北泰昌电力器材科技有限公司,taichang-visual-review-53154b8e28b842812e4e,green_low_carbon,绿色低碳资料,False,资料：泰昌绿色低碳资料,否,blocked,尚未通过P0-06人工批准,False,优先核重,True,泰昌企业资料,fcc454fa145d64bb716006242e3a5ee9f39514d71563dec238eb627057766c52,tender_scoring_derived,,否,不适用,[],review_only,仅限人工复核,media,查看原件并确认是新资产、重复资产或同一证据的不同载体,P006-G051,,needs_manual_review,需要人工复核,,产品库资料,泰昌绿色低碳资料历史候选第54页,,不适用,internal,企业内部资料,泰昌技术补充文件,泰昌技术补充文件,mixed_historical_bid,assets/template_words/技术补充文件.docx,54,（二）专项投标文件/5.针对评审要素，需要补充的其他文件/5.3.绿色低碳生产及绿色回收/5.3.1.建立了绿色生产/5.3.1.1.ESG(环境、社会、公司治理)报告,"[""泰昌"", ""绿色低碳资料"", ""历史标书候选"", ""技术标""]",product_library,产品库资料,taichang_only,不适用,泰昌绿色低碳资料历史候选第54页,needs_review,[]
taichang_tenant_internal,"[""专项投标文件/5.针对评审要素，需要补充的其他文件/5.3.绿色低碳生产及绿色回收/5.3.1.建立了绿色生产/5.3.1.1.ESG(环境、社会、公司治理)报告""]","[""技术标""]",False,technical,technical-media-0073,formal_material_caption,绿色低碳资料,0.9,d7f85b7c051cae9048e229d60841833f24b1a6fb662494c6d8cf25db217c86a0,,,possible_visual_duplicate,视觉疑似重复,来源于泰昌技术补充文件，历史位置为“专项投标文件/5.针对评审要素，需要补充的其他文件/5.3.绿色低碳生产及绿色回收/5.3.1.建立了绿色生产/5.3.1.1.ESG(环境、社会、公司治理)报告”。当前仅用于泰昌资料人工复核，未获准进入正式标书。,河北泰昌电力器材科技有限公司,河北泰昌电力器材科技有限公司,taichang-visual-review-b1e9626dd9887d372129,green_low_carbon,绿色低碳资料,False,资料：泰昌绿色低碳资料,否,blocked,尚未通过P0-06人工批准,False,优先核重,True,泰昌企业资料,d7f85b7c051cae9048e229d60841833f24b1a6fb662494c6d8cf25db217c86a0,tender_scoring_derived,,否,不适用,[],review_only,仅限人工复核,media,查看原件并确认是新资产、重复资产或同一证据的不同载体,P006-G051,,needs_manual_review,需要人工复核,,产品库资料,泰昌绿色低碳资料历史候选第54页,,不适用,internal,企业内部资料,泰昌技术补充文件,泰昌技术补充文件,mixed_historical_bid,assets/template_words/技术补充文件.docx,54,（二）专项投标文件/5.针对评审要素，需要补充的其他文件/5.3.绿色低碳生产及绿色回收/5.3.1.建立了绿色生产/5.3.1.1.ESG(环境、社会、公司治理)报告,"[""泰昌"", ""绿色低碳资料"", ""历史标书候选"", ""技术标""]",product_library,产品库资料,taichang_only,不适用,泰昌绿色低碳资料历史候选第54页,needs_review,[]
taichang_tenant_internal,"[""专项投标文件/5.针对评审要素，需要补充的其他文件/5.3.绿色低碳生产及绿色回收/5.3.1.建立了绿色生产/5.3.1.1.ESG(环境、社会、公司治理)报告""]","[""技术标""]",False,technical,technical-media-0074,formal_material_caption,绿色低碳资料,0.9,02cc8a3c0a5347efcebd1f8229a4383cdfa8bce4ef659b9b32b9aa1b977142c1,,,possible_visual_duplicate,视觉疑似重复,来源于泰昌技术补充文件，历史位置为“专项投标文件/5.针对评审要素，需要补充的其他文件/5.3.绿色低碳生产及绿色回收/5.3.1.建立了绿色生产/5.3.1.1.ESG(环境、社会、公司治理)报告”。当前仅用于泰昌资料人工复核，未获准进入正式标书。,河北泰昌电力器材科技有限公司,河北泰昌电力器材科技有限公司,taichang-visual-review-ddbd67f48198571a2b5b,green_low_carbon,绿色低碳资料,False,资料：泰昌绿色低碳资料,否,blocked,尚未通过P0-06人工批准,False,优先核重,True,泰昌企业资料,02cc8a3c0a5347efcebd1f8229a4383cdfa8bce4ef659b9b32b9aa1b977142c1,tender_scoring_derived,,否,不适用,[],review_only,仅限人工复核,media,查看原件并确认是新资产、重复资产或同一证据的不同载体,P006-G051,,needs_manual_review,需要人工复核,,产品库资料,泰昌绿色低碳资料历史候选第54页,,不适用,internal,企业内部资料,泰昌技术补充文件,泰昌技术补充文件,mixed_historical_bid,assets/template_words/技术补充文件.docx,54,（二）专项投标文件/5.针对评审要素，需要补充的其他文件/5.3.绿色低碳生产及绿色回收/5.3.1.建立了绿色生产/5.3.1.1.ESG(环境、社会、公司治理)报告,"[""泰昌"", ""绿色低碳资料"", ""历史标书候选"", ""技术标""]",product_library,产品库资料,taichang_only,不适用,泰昌绿色低碳资料历史候选第54页,needs_review,[]
taichang_tenant_internal,"[""专项投标文件/5.针对评审要素，需要补充的其他文件/5.3.绿色低碳生产及绿色回收/5.3.1.建立了绿色生产/5.3.1.1.ESG(环境、社会、公司治理)报告""]","[""技术标""]",False,technical,technical-media-0075,formal_material_caption,绿色低碳资料,0.9,52560ad73352446c499e69d0ca8641b24b1898a1b933c79a07fbb5c40d89035b,,,new,未发现重复，仍需审核,来源于泰昌技术补充文件，历史位置为“专项投标文件/5.针对评审要素，需要补充的其他文件/5.3.绿色低碳生产及绿色回收/5.3.1.建立了绿色生产/5.3.1.1.ESG(环境、社会、公司治理)报告”。当前仅用于泰昌资料人工复核，未获准进入正式标书。,河北泰昌电力器材科技有限公司,河北泰昌电力器材科技有限公司,,green_low_carbon,绿色低碳资料,False,资料：泰昌绿色低碳资料,否,blocked,尚未通过P0-06人工批准,False,核验整份原始资料,True,泰昌企业资料,52560ad73352446c499e69d0ca8641b24b1898a1b933c79a07fbb5c40d89035b,tender_scoring_derived,,否,不适用,[],review_only,仅限人工复核,media,连续内嵌页应按完整报告或证据包审核，不逐页新建业务资产,P006-G051,,needs_customer_confirmation,需要客户确认,,产品库资料,泰昌绿色低碳资料历史候选第54页,,不适用,internal,企业内部资料,泰昌技术补充文件,泰昌技术补充文件,mixed_historical_bid,assets/template_words/技术补充文件.docx,54,（二）专项投标文件/5.针对评审要素，需要补充的其他文件/5.3.绿色低碳生产及绿色回收/5.3.1.建立了绿色生产/5.3.1.1.ESG(环境、社会、公司治理)报告,"[""泰昌"", ""绿色低碳资料"", ""历史标书候选"", ""技术标""]",product_library,产品库资料,taichang_only,不适用,泰昌绿色低碳资料历史候选第54页,needs_review,[]
taichang_tenant_internal,"[""专项投标文件/5.针对评审要素，需要补充的其他文件/5.3.绿色低碳生产及绿色回收/5.3.1.建立了绿色生产/5.3.1.1.ESG(环境、社会、公司治理)报告""]","[""技术标""]",False,technical,technical-media-0076,formal_material_caption,绿色低碳资料,0.9,ba88677238ebc45d33ca257b24e05beebf6b72dc5bc2893b1ba1335b68fddf06,,,new,未发现重复，仍需审核,来源于泰昌技术补充文件，历史位置为“专项投标文件/5.针对评审要素，需要补充的其他文件/5.3.绿色低碳生产及绿色回收/5.3.1.建立了绿色生产/5.3.1.1.ESG(环境、社会、公司治理)报告”。当前仅用于泰昌资料人工复核，未获准进入正式标书。,河北泰昌电力器材科技有限公司,河北泰昌电力器材科技有限公司,,green_low_carbon,绿色低碳资料,False,资料：泰昌绿色低碳资料,否,blocked,尚未通过P0-06人工批准,False,核验整份原始资料,True,泰昌企业资料,ba88677238ebc45d33ca257b24e05beebf6b72dc5bc2893b1ba1335b68fddf06,tender_scoring_derived,,否,不适用,[],review_only,仅限人工复核,media,连续内嵌页应按完整报告或证据包审核，不逐页新建业务资产,P006-G051,,needs_customer_confirmation,需要客户确认,,产品库资料,泰昌绿色低碳资料历史候选第54页,,不适用,internal,企业内部资料,泰昌技术补充文件,泰昌技术补充文件,mixed_historical_bid,assets/template_words/技术补充文件.docx,54,（二）专项投标文件/5.针对评审要素，需要补充的其他文件/5.3.绿色低碳生产及绿色回收/5.3.1.建立了绿色生产/5.3.1.1.ESG(环境、社会、公司治理)报告,"[""泰昌"", ""绿色低碳资料"", ""历史标书候选"", ""技术标""]",product_library,产品库资料,taichang_only,不适用,泰昌绿色低碳资料历史候选第54页,needs_review,[]
taichang_tenant_internal,"[""专项投标文件/5.针对评审要素，需要补充的其他文件/5.3.绿色低碳生产及绿色回收/5.3.1.建立了绿色生产/5.3.1.1.ESG(环境、社会、公司治理)报告""]","[""技术标""]",False,technical,technical-media-0077,formal_material_caption,绿色低碳资料,0.9,72244390c9dcaea2105a21bb02786856c196a167f8deb4f4080acbe2939b0af9,,,possible_visual_duplicate,视觉疑似重复,来源于泰昌技术补充文件，历史位置为“专项投标文件/5.针对评审要素，需要补充的其他文件/5.3.绿色低碳生产及绿色回收/5.3.1.建立了绿色生产/5.3.1.1.ESG(环境、社会、公司治理)报告”。当前仅用于泰昌资料人工复核，未获准进入正式标书。,河北泰昌电力器材科技有限公司,河北泰昌电力器材科技有限公司,taichang-visual-review-5356a247ca2ad3660c1e,green_low_carbon,绿色低碳资料,False,资料：泰昌绿色低碳资料,否,blocked,尚未通过P0-06人工批准,False,优先核重,True,泰昌企业资料,72244390c9dcaea2105a21bb02786856c196a167f8deb4f4080acbe2939b0af9,tender_scoring_derived,,否,不适用,[],review_only,仅限人工复核,media,查看原件并确认是新资产、重复资产或同一证据的不同载体,P006-G051,,needs_manual_review,需要人工复核,,产品库资料,泰昌绿色低碳资料历史候选第54页,,不适用,internal,企业内部资料,泰昌技术补充文件,泰昌技术补充文件,mixed_historical_bid,assets/template_words/技术补充文件.docx,54,（二）专项投标文件/5.针对评审要素，需要补充的其他文件/5.3.绿色低碳生产及绿色回收/5.3.1.建立了绿色生产/5.3.1.1.ESG(环境、社会、公司治理)报告,"[""泰昌"", ""绿色低碳资料"", ""历史标书候选"", ""技术标""]",product_library,产品库资料,taichang_only,不适用,泰昌绿色低碳资料历史候选第54页,needs_review,[]
taichang_tenant_internal,"[""专项投标文件/5.针对评审要素，需要补充的其他文件/5.3.绿色低碳生产及绿色回收/5.3.1.建立了绿色生产/5.3.1.10.智能制造优秀场景报告""]","[""技术标""]",False,technical,technical-media-0273,suppressed_document_page_caption,企业证明材料,0.45,45d69a0fca274a18783b22ee4530640137f80a9666b6a35c59fb72268ee781e5,,,new,未发现重复，仍需审核,来源于泰昌技术补充文件，历史位置为“专项投标文件/5.针对评审要素，需要补充的其他文件/5.3.绿色低碳生产及绿色回收/5.3.1.建立了绿色生产/5.3.1.10.智能制造优秀场景报告”。当前仅用于泰昌资料人工复核，未获准进入正式标书。,河北泰昌电力器材科技有限公司,河北泰昌电力器材科技有限公司,,enterprise_evidence,企业证明材料,False,,否,blocked,尚未通过P0-06人工批准,False,核验原始证据,True,泰昌企业资料,45d69a0fca274a18783b22ee4530640137f80a9666b6a35c59fb72268ee781e5,tender_scoring_derived,,否,不适用,[],review_only,仅限人工复核,media,确认资料归属泰昌、内容真实、时效有效、中文展示合规且目标库正确,P006-G052,,needs_customer_confirmation,需要客户确认,,产品库资料,泰昌企业证明材料历史候选第271页,,不适用,internal,企业内部资料,泰昌技术补充文件,泰昌技术补充文件,mixed_historical_bid,assets/template_words/技术补充文件.docx,271,（二）专项投标文件/5.针对评审要素，需要补充的其他文件/5.3.绿色低碳生产及绿色回收/5.3.1.建立了绿色生产/5.3.1.10.智能制造优秀场景报告,"[""泰昌"", ""企业证明材料"", ""历史标书候选"", ""技术标""]",product_library,产品库资料,taichang_only,不适用,泰昌企业证明材料历史候选第271页,needs_review,[]
taichang_tenant_internal,"[""专项投标文件/5.针对评审要素，需要补充的其他文件/5.3.绿色低碳生产及绿色回收/5.3.1.建立了绿色生产/5.3.1.10.智能制造优秀场景报告""]","[""技术标""]",False,technical,technical-media-0274,suppressed_document_page_caption,企业证明材料,0.45,69c9e9f12755debb7067d0355910b636decfe6325c0cab6569d4b50568b22086,,,new,未发现重复，仍需审核,来源于泰昌技术补充文件，历史位置为“专项投标文件/5.针对评审要素，需要补充的其他文件/5.3.绿色低碳生产及绿色回收/5.3.1.建立了绿色生产/5.3.1.10.智能制造优秀场景报告”。当前仅用于泰昌资料人工复核，未获准进入正式标书。,河北泰昌电力器材科技有限公司,河北泰昌电力器材科技有限公司,,enterprise_evidence,企业证明材料,False,,否,blocked,尚未通过P0-06人工批准,False,核验原始证据,True,泰昌企业资料,69c9e9f12755debb7067d0355910b636decfe6325c0cab6569d4b50568b22086,tender_scoring_derived,,否,不适用,[],review_only,仅限人工复核,media,确认资料归属泰昌、内容真实、时效有效、中文展示合规且目标库正确,P006-G052,,needs_customer_confirmation,需要客户确认,,产品库资料,泰昌企业证明材料历史候选第271页,,不适用,internal,企业内部资料,泰昌技术补充文件,泰昌技术补充文件,mixed_historical_bid,assets/template_words/技术补充文件.docx,271,（二）专项投标文件/5.针对评审要素，需要补充的其他文件/5.3.绿色低碳生产及绿色回收/5.3.1.建立了绿色生产/5.3.1.10.智能制造优秀场景报告,"[""泰昌"", ""企业证明材料"", ""历史标书候选"", ""技术标""]",product_library,产品库资料,taichang_only,不适用,泰昌企业证明材料历史候选第271页,needs_review,[]
taichang_tenant_internal,"[""专项投标文件/5.针对评审要素，需要补充的其他文件/5.3.绿色低碳生产及绿色回收/5.3.1.建立了绿色生产/5.3.1.10.智能制造优秀场景报告""]","[""技术标""]",False,technical,technical-media-0275,suppressed_document_page_caption,企业证明材料,0.45,aa93e2429696d353e2b625c7b518673964bd64384d5ea85071a4ea36de3df00b,,,new,未发现重复，仍需审核,来源于泰昌技术补充文件，历史位置为“专项投标文件/5.针对评审要素，需要补充的其他文件/5.3.绿色低碳生产及绿色回收/5.3.1.建立了绿色生产/5.3.1.10.智能制造优秀场景报告”。当前仅用于泰昌资料人工复核，未获准进入正式标书。,河北泰昌电力器材科技有限公司,河北泰昌电力器材科技有限公司,,enterprise_evidence,企业证明材料,False,,否,blocked,尚未通过P0-06人工批准,False,核验原始证据,True,泰昌企业资料,aa93e2429696d353e2b625c7b518673964bd64384d5ea85071a4ea36de3df00b,tender_scoring_derived,,否,不适用,[],review_only,仅限人工复核,media,确认资料归属泰昌、内容真实、时效有效、中文展示合规且目标库正确,P006-G052,,needs_customer_confirmation,需要客户确认,,产品库资料,泰昌企业证明材料历史候选第271页,,不适用,internal,企业内部资料,泰昌技术补充文件,泰昌技术补充文件,mixed_historical_bid,assets/template_words/技术补充文件.docx,271,（二）专项投标文件/5.针对评审要素，需要补充的其他文件/5.3.绿色低碳生产及绿色回收/5.3.1.建立了绿色生产/5.3.1.10.智能制造优秀场景报告,"[""泰昌"", ""企业证明材料"", ""历史标书候选"", ""技术标""]",product_library,产品库资料,taichang_only,不适用,泰昌企业证明材料历史候选第271页,needs_review,[]
taichang_tenant_internal,"[""专项投标文件/5.针对评审要素，需要补充的其他文件/5.3.绿色低碳生产及绿色回收/5.3.1.建立了绿色生产/5.3.1.10.智能制造优秀场景报告""]","[""技术标""]",False,technical,technical-media-0276,suppressed_document_page_caption,企业证明材料,0.45,a1ad04130ea09e5b65802e94b2e889ff210e6a219a37b5aaaf89956d13df6e87,,,new,未发现重复，仍需审核,来源于泰昌技术补充文件，历史位置为“专项投标文件/5.针对评审要素，需要补充的其他文件/5.3.绿色低碳生产及绿色回收/5.3.1.建立了绿色生产/5.3.1.10.智能制造优秀场景报告”。当前仅用于泰昌资料人工复核，未获准进入正式标书。,河北泰昌电力器材科技有限公司,河北泰昌电力器材科技有限公司,,enterprise_evidence,企业证明材料,False,,否,blocked,尚未通过P0-06人工批准,False,核验原始证据,True,泰昌企业资料,a1ad04130ea09e5b65802e94b2e889ff210e6a219a37b5aaaf89956d13df6e87,tender_scoring_derived,,否,不适用,[],review_only,仅限人工复核,media,确认资料归属泰昌、内容真实、时效有效、中文展示合规且目标库正确,P006-G052,,needs_customer_confirmation,需要客户确认,,产品库资料,泰昌企业证明材料历史候选第271页,,不适用,internal,企业内部资料,泰昌技术补充文件,泰昌技术补充文件,mixed_historical_bid,assets/template_words/技术补充文件.docx,271,（二）专项投标文件/5.针对评审要素，需要补充的其他文件/5.3.绿色低碳生产及绿色回收/5.3.1.建立了绿色生产/5.3.1.10.智能制造优秀场景报告,"[""泰昌"", ""企业证明材料"", ""历史标书候选"", ""技术标""]",product_library,产品库资料,taichang_only,不适用,泰昌企业证明材料历史候选第271页,needs_review,[]
taichang_tenant_internal,"[""专项投标文件/5.针对评审要素，需要补充的其他文件/5.3.绿色低碳生产及绿色回收/5.3.1.建立了绿色生产/5.3.1.10.智能制造优秀场景报告""]","[""技术标""]",False,technical,technical-media-0277,suppressed_document_page_caption,企业证明材料,0.45,6574d6687b11f4617e2fc15ceeabd6e17340f15eab9a00062629c8af36cf6415,,,new,未发现重复，仍需审核,来源于泰昌技术补充文件，历史位置为“专项投标文件/5.针对评审要素，需要补充的其他文件/5.3.绿色低碳生产及绿色回收/5.3.1.建立了绿色生产/5.3.1.10.智能制造优秀场景报告”。当前仅用于泰昌资料人工复核，未获准进入正式标书。,河北泰昌电力器材科技有限公司,河北泰昌电力器材科技有限公司,,enterprise_evidence,企业证明材料,False,,否,blocked,尚未通过P0-06人工批准,False,核验原始证据,True,泰昌企业资料,6574d6687b11f4617e2fc15ceeabd6e17340f15eab9a00062629c8af36cf6415,tender_scoring_derived,,否,不适用,[],review_only,仅限人工复核,media,确认资料归属泰昌、内容真实、时效有效、中文展示合规且目标库正确,P006-G052,,needs_customer_confirmation,需要客户确认,,产品库资料,泰昌企业证明材料历史候选第271页,,不适用,internal,企业内部资料,泰昌技术补充文件,泰昌技术补充文件,mixed_historical_bid,assets/template_words/技术补充文件.docx,271,（二）专项投标文件/5.针对评审要素，需要补充的其他文件/5.3.绿色低碳生产及绿色回收/5.3.1.建立了绿色生产/5.3.1.10.智能制造优秀场景报告,"[""泰昌"", ""企业证明材料"", ""历史标书候选"", ""技术标""]",product_library,产品库资料,taichang_only,不适用,泰昌企业证明材料历史候选第271页,needs_review,[]
taichang_tenant_internal,"[""专项投标文件/5.针对评审要素，需要补充的其他文件/5.3.绿色低碳生产及绿色回收/5.3.1.建立了绿色生产/5.3.1.10.智能制造优秀场景报告""]","[""技术标""]",False,technical,technical-media-0278,suppressed_document_page_caption,企业证明材料,0.45,224c9cfcd097b408c200b6fc11324b9131e4d0f71c8dd33cb29b3a53dc33c73c,,,new,未发现重复，仍需审核,来源于泰昌技术补充文件，历史位置为“专项投标文件/5.针对评审要素，需要补充的其他文件/5.3.绿色低碳生产及绿色回收/5.3.1.建立了绿色生产/5.3.1.10.智能制造优秀场景报告”。当前仅用于泰昌资料人工复核，未获准进入正式标书。,河北泰昌电力器材科技有限公司,河北泰昌电力器材科技有限公司,,enterprise_evidence,企业证明材料,False,,否,blocked,尚未通过P0-06人工批准,False,核验原始证据,True,泰昌企业资料,224c9cfcd097b408c200b6fc11324b9131e4d0f71c8dd33cb29b3a53dc33c73c,tender_scoring_derived,,否,不适用,[],review_only,仅限人工复核,media,确认资料归属泰昌、内容真实、时效有效、中文展示合规且目标库正确,P006-G052,,needs_customer_confirmation,需要客户确认,,产品库资料,泰昌企业证明材料历史候选第271页,,不适用,internal,企业内部资料,泰昌技术补充文件,泰昌技术补充文件,mixed_historical_bid,assets/template_words/技术补充文件.docx,271,（二）专项投标文件/5.针对评审要素，需要补充的其他文件/5.3.绿色低碳生产及绿色回收/5.3.1.建立了绿色生产/5.3.1.10.智能制造优秀场景报告,"[""泰昌"", ""企业证明材料"", ""历史标书候选"", ""技术标""]",product_library,产品库资料,taichang_only,不适用,泰昌企业证明材料历史候选第271页,needs_review,[]
taichang_tenant_internal,"[""专项投标文件/5.针对评审要素，需要补充的其他文件/5.3.绿色低碳生产及绿色回收/5.3.1.建立了绿色生产/5.3.1.10.智能制造优秀场景报告""]","[""技术标""]",False,technical,technical-media-0279,suppressed_document_page_caption,企业证明材料,0.45,3ce6f86dc59bcff4634ea2232467ab17edb4807b7e6895acf71ec94f85abdd49,,,possible_visual_duplicate,视觉疑似重复,来源于泰昌技术补充文件，历史位置为“专项投标文件/5.针对评审要素，需要补充的其他文件/5.3.绿色低碳生产及绿色回收/5.3.1.建立了绿色生产/5.3.1.10.智能制造优秀场景报告”。当前仅用于泰昌资料人工复核，未获准进入正式标书。,河北泰昌电力器材科技有限公司,河北泰昌电力器材科技有限公司,taichang-visual-review-686c47136489c9d8705e,enterprise_evidence,企业证明材料,False,,否,blocked,尚未通过P0-06人工批准,False,优先核重,True,泰昌企业资料,3ce6f86dc59bcff4634ea2232467ab17edb4807b7e6895acf71ec94f85abdd49,tender_scoring_derived,,否,不适用,[],review_only,仅限人工复核,media,查看原件并确认是新资产、重复资产或同一证据的不同载体,P006-G052,,needs_manual_review,需要人工复核,,产品库资料,泰昌企业证明材料历史候选第271页,,不适用,internal,企业内部资料,泰昌技术补充文件,泰昌技术补充文件,mixed_historical_bid,assets/template_words/技术补充文件.docx,271,（二）专项投标文件/5.针对评审要素，需要补充的其他文件/5.3.绿色低碳生产及绿色回收/5.3.1.建立了绿色生产/5.3.1.10.智能制造优秀场景报告,"[""泰昌"", ""企业证明材料"", ""历史标书候选"", ""技术标""]",product_library,产品库资料,taichang_only,不适用,泰昌企业证明材料历史候选第271页,needs_review,[]
taichang_tenant_internal,"[""专项投标文件/5.针对评审要素，需要补充的其他文件/5.3.绿色低碳生产及绿色回收/5.3.1.建立了绿色生产/5.3.1.10.智能制造优秀场景报告""]","[""技术标""]",False,technical,technical-media-0280,suppressed_document_page_caption,企业证明材料,0.45,200942ad7ad93a53516143cf6968087474272c13373d10ed72a41c6477ad1969,,,new,未发现重复，仍需审核,来源于泰昌技术补充文件，历史位置为“专项投标文件/5.针对评审要素，需要补充的其他文件/5.3.绿色低碳生产及绿色回收/5.3.1.建立了绿色生产/5.3.1.10.智能制造优秀场景报告”。当前仅用于泰昌资料人工复核，未获准进入正式标书。,河北泰昌电力器材科技有限公司,河北泰昌电力器材科技有限公司,,enterprise_evidence,企业证明材料,False,,否,blocked,尚未通过P0-06人工批准,False,核验原始证据,True,泰昌企业资料,200942ad7ad93a53516143cf6968087474272c13373d10ed72a41c6477ad1969,tender_scoring_derived,,否,不适用,[],review_only,仅限人工复核,media,确认资料归属泰昌、内容真实、时效有效、中文展示合规且目标库正确,P006-G052,,needs_customer_confirmation,需要客户确认,,产品库资料,泰昌企业证明材料历史候选第271页,,不适用,internal,企业内部资料,泰昌技术补充文件,泰昌技术补充文件,mixed_historical_bid,assets/template_words/技术补充文件.docx,271,（二）专项投标文件/5.针对评审要素，需要补充的其他文件/5.3.绿色低碳生产及绿色回收/5.3.1.建立了绿色生产/5.3.1.10.智能制造优秀场景报告,"[""泰昌"", ""企业证明材料"", ""历史标书候选"", ""技术标""]",product_library,产品库资料,taichang_only,不适用,泰昌企业证明材料历史候选第271页,needs_review,[]
taichang_tenant_internal,"[""专项投标文件/5.针对评审要素，需要补充的其他文件/5.3.绿色低碳生产及绿色回收/5.3.1.建立了绿色生产/5.3.1.10.智能制造优秀场景报告""]","[""技术标""]",False,technical,technical-media-0281,suppressed_document_page_caption,企业证明材料,0.45,c206767bb3a58cecedfeaee40e0b85001ee50ddb68a136552418a91b62272765,,,new,未发现重复，仍需审核,来源于泰昌技术补充文件，历史位置为“专项投标文件/5.针对评审要素，需要补充的其他文件/5.3.绿色低碳生产及绿色回收/5.3.1.建立了绿色生产/5.3.1.10.智能制造优秀场景报告”。当前仅用于泰昌资料人工复核，未获准进入正式标书。,河北泰昌电力器材科技有限公司,河北泰昌电力器材科技有限公司,,enterprise_evidence,企业证明材料,False,,否,blocked,尚未通过P0-06人工批准,False,核验原始证据,True,泰昌企业资料,c206767bb3a58cecedfeaee40e0b85001ee50ddb68a136552418a91b62272765,tender_scoring_derived,,否,不适用,[],review_only,仅限人工复核,media,确认资料归属泰昌、内容真实、时效有效、中文展示合规且目标库正确,P006-G052,,needs_customer_confirmation,需要客户确认,,产品库资料,泰昌企业证明材料历史候选第271页,,不适用,internal,企业内部资料,泰昌技术补充文件,泰昌技术补充文件,mixed_historical_bid,assets/template_words/技术补充文件.docx,271,（二）专项投标文件/5.针对评审要素，需要补充的其他文件/5.3.绿色低碳生产及绿色回收/5.3.1.建立了绿色生产/5.3.1.10.智能制造优秀场景报告,"[""泰昌"", ""企业证明材料"", ""历史标书候选"", ""技术标""]",product_library,产品库资料,taichang_only,不适用,泰昌企业证明材料历史候选第271页,needs_review,[]
taichang_tenant_internal,"[""专项投标文件/5.针对评审要素，需要补充的其他文件/5.3.绿色低碳生产及绿色回收/5.3.1.建立了绿色生产/5.3.1.10.智能制造优秀场景报告""]","[""技术标""]",False,technical,technical-media-0282,suppressed_document_page_caption,企业证明材料,0.45,2215f7c9fe7a79f83beb5fd5560e12de7de4d1db66927236e5a1044b5c837445,,,new,未发现重复，仍需审核,来源于泰昌技术补充文件，历史位置为“专项投标文件/5.针对评审要素，需要补充的其他文件/5.3.绿色低碳生产及绿色回收/5.3.1.建立了绿色生产/5.3.1.10.智能制造优秀场景报告”。当前仅用于泰昌资料人工复核，未获准进入正式标书。,河北泰昌电力器材科技有限公司,河北泰昌电力器材科技有限公司,,enterprise_evidence,企业证明材料,False,,否,blocked,尚未通过P0-06人工批准,False,核验原始证据,True,泰昌企业资料,2215f7c9fe7a79f83beb5fd5560e12de7de4d1db66927236e5a1044b5c837445,tender_scoring_derived,,否,不适用,[],review_only,仅限人工复核,media,确认资料归属泰昌、内容真实、时效有效、中文展示合规且目标库正确,P006-G052,,needs_customer_confirmation,需要客户确认,,产品库资料,泰昌企业证明材料历史候选第271页,,不适用,internal,企业内部资料,泰昌技术补充文件,泰昌技术补充文件,mixed_historical_bid,assets/template_words/技术补充文件.docx,271,（二）专项投标文件/5.针对评审要素，需要补充的其他文件/5.3.绿色低碳生产及绿色回收/5.3.1.建立了绿色生产/5.3.1.10.智能制造优秀场景报告,"[""泰昌"", ""企业证明材料"", ""历史标书候选"", ""技术标""]",product_library,产品库资料,taichang_only,不适用,泰昌企业证明材料历史候选第271页,needs_review,[]
taichang_tenant_internal,"[""专项投标文件/5.针对评审要素，需要补充的其他文件/5.3.绿色低碳生产及绿色回收/5.3.1.建立了绿色生产/5.3.1.10.智能制造优秀场景报告""]","[""技术标""]",False,technical,technical-media-0283,suppressed_document_page_caption,企业证明材料,0.45,6f5d3a362cda6bf98b6cd23c8f898c349107527934bd8870d01c26633e7aaa97,,,possible_visual_duplicate,视觉疑似重复,来源于泰昌技术补充文件，历史位置为“专项投标文件/5.针对评审要素，需要补充的其他文件/5.3.绿色低碳生产及绿色回收/5.3.1.建立了绿色生产/5.3.1.10.智能制造优秀场景报告”。当前仅用于泰昌资料人工复核，未获准进入正式标书。,河北泰昌电力器材科技有限公司,河北泰昌电力器材科技有限公司,taichang-visual-review-8dd6b06a02abfbbc3174,enterprise_evidence,企业证明材料,False,,否,blocked,尚未通过P0-06人工批准,False,优先核重,True,泰昌企业资料,6f5d3a362cda6bf98b6cd23c8f898c349107527934bd8870d01c26633e7aaa97,tender_scoring_derived,,否,不适用,[],review_only,仅限人工复核,media,查看原件并确认是新资产、重复资产或同一证据的不同载体,P006-G052,,needs_manual_review,需要人工复核,,产品库资料,泰昌企业证明材料历史候选第271页,,不适用,internal,企业内部资料,泰昌技术补充文件,泰昌技术补充文件,mixed_historical_bid,assets/template_words/技术补充文件.docx,271,（二）专项投标文件/5.针对评审要素，需要补充的其他文件/5.3.绿色低碳生产及绿色回收/5.3.1.建立了绿色生产/5.3.1.10.智能制造优秀场景报告,"[""泰昌"", ""企业证明材料"", ""历史标书候选"", ""技术标""]",product_library,产品库资料,taichang_only,不适用,泰昌企业证明材料历史候选第271页,needs_review,[]
taichang_tenant_internal,"[""专项投标文件/5.针对评审要素，需要补充的其他文件/5.3.绿色低碳生产及绿色回收/5.3.1.建立了绿色生产/5.3.1.10.智能制造优秀场景报告""]","[""技术标""]",False,technical,technical-media-0284,suppressed_document_page_caption,企业证明材料,0.45,1ccfeac72ed7c3bc4b291b054ab8c3528b0c79f873ca52bc401bbf281faa1b46,,,possible_visual_duplicate,视觉疑似重复,来源于泰昌技术补充文件，历史位置为“专项投标文件/5.针对评审要素，需要补充的其他文件/5.3.绿色低碳生产及绿色回收/5.3.1.建立了绿色生产/5.3.1.10.智能制造优秀场景报告”。当前仅用于泰昌资料人工复核，未获准进入正式标书。,河北泰昌电力器材科技有限公司,河北泰昌电力器材科技有限公司,taichang-visual-review-5596a96eb918595bae58,enterprise_evidence,企业证明材料,False,,否,blocked,尚未通过P0-06人工批准,False,优先核重,True,泰昌企业资料,1ccfeac72ed7c3bc4b291b054ab8c3528b0c79f873ca52bc401bbf281faa1b46,tender_scoring_derived,,否,不适用,[],review_only,仅限人工复核,media,查看原件并确认是新资产、重复资产或同一证据的不同载体,P006-G052,,needs_manual_review,需要人工复核,,产品库资料,泰昌企业证明材料历史候选第271页,,不适用,internal,企业内部资料,泰昌技术补充文件,泰昌技术补充文件,mixed_historical_bid,assets/template_words/技术补充文件.docx,271,（二）专项投标文件/5.针对评审要素，需要补充的其他文件/5.3.绿色低碳生产及绿色回收/5.3.1.建立了绿色生产/5.3.1.10.智能制造优秀场景报告,"[""泰昌"", ""企业证明材料"", ""历史标书候选"", ""技术标""]",product_library,产品库资料,taichang_only,不适用,泰昌企业证明材料历史候选第271页,needs_review,[]
taichang_tenant_internal,"[""专项投标文件/5.针对评审要素，需要补充的其他文件/5.3.绿色低碳生产及绿色回收/5.3.1.建立了绿色生产/5.3.1.11.数字领航企业评价报告""]","[""技术标""]",False,technical,technical-media-0285,suppressed_document_page_caption,企业证明材料,0.45,c13222344128d19874e68c4ebe6d034b71c35e4902885765f570318e57f18a62,,,new,未发现重复，仍需审核,来源于泰昌技术补充文件，历史位置为“专项投标文件/5.针对评审要素，需要补充的其他文件/5.3.绿色低碳生产及绿色回收/5.3.1.建立了绿色生产/5.3.1.11.数字领航企业评价报告”。当前仅用于泰昌资料人工复核，未获准进入正式标书。,河北泰昌电力器材科技有限公司,河北泰昌电力器材科技有限公司,,enterprise_evidence,企业证明材料,False,,否,blocked,尚未通过P0-06人工批准,False,核验原始证据,True,泰昌企业资料,c13222344128d19874e68c4ebe6d034b71c35e4902885765f570318e57f18a62,tender_scoring_derived,,否,不适用,[],review_only,仅限人工复核,media,确认资料归属泰昌、内容真实、时效有效、中文展示合规且目标库正确,P006-G053,,needs_customer_confirmation,需要客户确认,,产品库资料,泰昌企业证明材料历史候选第283页,,不适用,internal,企业内部资料,泰昌技术补充文件,泰昌技术补充文件,mixed_historical_bid,assets/template_words/技术补充文件.docx,283,（二）专项投标文件/5.针对评审要素，需要补充的其他文件/5.3.绿色低碳生产及绿色回收/5.3.1.建立了绿色生产/5.3.1.11.数字领航企业评价报告,"[""泰昌"", ""企业证明材料"", ""历史标书候选"", ""技术标""]",product_library,产品库资料,taichang_only,不适用,泰昌企业证明材料历史候选第283页,needs_review,[]
taichang_tenant_internal,"[""专项投标文件/5.针对评审要素，需要补充的其他文件/5.3.绿色低碳生产及绿色回收/5.3.1.建立了绿色生产/5.3.1.11.数字领航企业评价报告""]","[""技术标""]",False,technical,technical-media-0286,suppressed_document_page_caption,企业证明材料,0.45,6b949f888e05fac1d735c8ddde858a63e7d88bbfab8dcc94629e363355b36166,,,new,未发现重复，仍需审核,来源于泰昌技术补充文件，历史位置为“专项投标文件/5.针对评审要素，需要补充的其他文件/5.3.绿色低碳生产及绿色回收/5.3.1.建立了绿色生产/5.3.1.11.数字领航企业评价报告”。当前仅用于泰昌资料人工复核，未获准进入正式标书。,河北泰昌电力器材科技有限公司,河北泰昌电力器材科技有限公司,,enterprise_evidence,企业证明材料,False,,否,blocked,尚未通过P0-06人工批准,False,核验原始证据,True,泰昌企业资料,6b949f888e05fac1d735c8ddde858a63e7d88bbfab8dcc94629e363355b36166,tender_scoring_derived,,否,不适用,[],review_only,仅限人工复核,media,确认资料归属泰昌、内容真实、时效有效、中文展示合规且目标库正确,P006-G053,,needs_customer_confirmation,需要客户确认,,产品库资料,泰昌企业证明材料历史候选第283页,,不适用,internal,企业内部资料,泰昌技术补充文件,泰昌技术补充文件,mixed_historical_bid,assets/template_words/技术补充文件.docx,283,（二）专项投标文件/5.针对评审要素，需要补充的其他文件/5.3.绿色低碳生产及绿色回收/5.3.1.建立了绿色生产/5.3.1.11.数字领航企业评价报告,"[""泰昌"", ""企业证明材料"", ""历史标书候选"", ""技术标""]",product_library,产品库资料,taichang_only,不适用,泰昌企业证明材料历史候选第283页,needs_review,[]
taichang_tenant_internal,"[""专项投标文件/5.针对评审要素，需要补充的其他文件/5.3.绿色低碳生产及绿色回收/5.3.1.建立了绿色生产/5.3.1.11.数字领航企业评价报告""]","[""技术标""]",False,technical,technical-media-0287,suppressed_document_page_caption,企业证明材料,0.45,9064f7fab63f61ae66667db9aee9e66e84916798a37d20b61b6f68678ddf3af6,,,new,未发现重复，仍需审核,来源于泰昌技术补充文件，历史位置为“专项投标文件/5.针对评审要素，需要补充的其他文件/5.3.绿色低碳生产及绿色回收/5.3.1.建立了绿色生产/5.3.1.11.数字领航企业评价报告”。当前仅用于泰昌资料人工复核，未获准进入正式标书。,河北泰昌电力器材科技有限公司,河北泰昌电力器材科技有限公司,,enterprise_evidence,企业证明材料,False,,否,blocked,尚未通过P0-06人工批准,False,核验原始证据,True,泰昌企业资料,9064f7fab63f61ae66667db9aee9e66e84916798a37d20b61b6f68678ddf3af6,tender_scoring_derived,,否,不适用,[],review_only,仅限人工复核,media,确认资料归属泰昌、内容真实、时效有效、中文展示合规且目标库正确,P006-G053,,needs_customer_confirmation,需要客户确认,,产品库资料,泰昌企业证明材料历史候选第283页,,不适用,internal,企业内部资料,泰昌技术补充文件,泰昌技术补充文件,mixed_historical_bid,assets/template_words/技术补充文件.docx,283,（二）专项投标文件/5.针对评审要素，需要补充的其他文件/5.3.绿色低碳生产及绿色回收/5.3.1.建立了绿色生产/5.3.1.11.数字领航企业评价报告,"[""泰昌"", ""企业证明材料"", ""历史标书候选"", ""技术标""]",product_library,产品库资料,taichang_only,不适用,泰昌企业证明材料历史候选第283页,needs_review,[]
taichang_tenant_internal,"[""专项投标文件/5.针对评审要素，需要补充的其他文件/5.3.绿色低碳生产及绿色回收/5.3.1.建立了绿色生产/5.3.1.11.数字领航企业评价报告""]","[""技术标""]",False,technical,technical-media-0288,suppressed_document_page_caption,企业证明材料,0.45,94f0ae0ac30f031ab59bd612e8e141f474d7e0d224a894ff1952dc7b498349f2,,,possible_visual_duplicate,视觉疑似重复,来源于泰昌技术补充文件，历史位置为“专项投标文件/5.针对评审要素，需要补充的其他文件/5.3.绿色低碳生产及绿色回收/5.3.1.建立了绿色生产/5.3.1.11.数字领航企业评价报告”。当前仅用于泰昌资料人工复核，未获准进入正式标书。,河北泰昌电力器材科技有限公司,河北泰昌电力器材科技有限公司,taichang-visual-review-11ec55367904a546d202,enterprise_evidence,企业证明材料,False,,否,blocked,尚未通过P0-06人工批准,False,优先核重,True,泰昌企业资料,94f0ae0ac30f031ab59bd612e8e141f474d7e0d224a894ff1952dc7b498349f2,tender_scoring_derived,,否,不适用,[],review_only,仅限人工复核,media,查看原件并确认是新资产、重复资产或同一证据的不同载体,P006-G053,,needs_manual_review,需要人工复核,,产品库资料,泰昌企业证明材料历史候选第283页,,不适用,internal,企业内部资料,泰昌技术补充文件,泰昌技术补充文件,mixed_historical_bid,assets/template_words/技术补充文件.docx,283,（二）专项投标文件/5.针对评审要素，需要补充的其他文件/5.3.绿色低碳生产及绿色回收/5.3.1.建立了绿色生产/5.3.1.11.数字领航企业评价报告,"[""泰昌"", ""企业证明材料"", ""历史标书候选"", ""技术标""]",product_library,产品库资料,taichang_only,不适用,泰昌企业证明材料历史候选第283页,needs_review,[]
taichang_tenant_internal,"[""专项投标文件/5.针对评审要素，需要补充的其他文件/5.3.绿色低碳生产及绿色回收/5.3.1.建立了绿色生产/5.3.1.11.数字领航企业评价报告""]","[""技术标""]",False,technical,technical-media-0289,suppressed_document_page_caption,企业证明材料,0.45,94d8cd3e5881b7f23ad99c3a62975adb3fae5a68e87b4d61a588ec14ece19e90,,,new,未发现重复，仍需审核,来源于泰昌技术补充文件，历史位置为“专项投标文件/5.针对评审要素，需要补充的其他文件/5.3.绿色低碳生产及绿色回收/5.3.1.建立了绿色生产/5.3.1.11.数字领航企业评价报告”。当前仅用于泰昌资料人工复核，未获准进入正式标书。,河北泰昌电力器材科技有限公司,河北泰昌电力器材科技有限公司,,enterprise_evidence,企业证明材料,False,,否,blocked,尚未通过P0-06人工批准,False,核验原始证据,True,泰昌企业资料,94d8cd3e5881b7f23ad99c3a62975adb3fae5a68e87b4d61a588ec14ece19e90,tender_scoring_derived,,否,不适用,[],review_only,仅限人工复核,media,确认资料归属泰昌、内容真实、时效有效、中文展示合规且目标库正确,P006-G053,,needs_customer_confirmation,需要客户确认,,产品库资料,泰昌企业证明材料历史候选第283页,,不适用,internal,企业内部资料,泰昌技术补充文件,泰昌技术补充文件,mixed_historical_bid,assets/template_words/技术补充文件.docx,283,（二）专项投标文件/5.针对评审要素，需要补充的其他文件/5.3.绿色低碳生产及绿色回收/5.3.1.建立了绿色生产/5.3.1.11.数字领航企业评价报告,"[""泰昌"", ""企业证明材料"", ""历史标书候选"", ""技术标""]",product_library,产品库资料,taichang_only,不适用,泰昌企业证明材料历史候选第283页,needs_review,[]
taichang_tenant_internal,"[""专项投标文件/5.针对评审要素，需要补充的其他文件/5.3.绿色低碳生产及绿色回收/5.3.1.建立了绿色生产/5.3.1.11.数字领航企业评价报告""]","[""技术标""]",False,technical,technical-media-0290,suppressed_document_page_caption,企业证明材料,0.45,66854a7d8ec3e93333bb4494d56deb82a902f5f59f174f4546ec52c199f6aa63,,,new,未发现重复，仍需审核,来源于泰昌技术补充文件，历史位置为“专项投标文件/5.针对评审要素，需要补充的其他文件/5.3.绿色低碳生产及绿色回收/5.3.1.建立了绿色生产/5.3.1.11.数字领航企业评价报告”。当前仅用于泰昌资料人工复核，未获准进入正式标书。,河北泰昌电力器材科技有限公司,河北泰昌电力器材科技有限公司,,enterprise_evidence,企业证明材料,False,,否,blocked,尚未通过P0-06人工批准,False,核验原始证据,True,泰昌企业资料,66854a7d8ec3e93333bb4494d56deb82a902f5f59f174f4546ec52c199f6aa63,tender_scoring_derived,,否,不适用,[],review_only,仅限人工复核,media,确认资料归属泰昌、内容真实、时效有效、中文展示合规且目标库正确,P006-G053,,needs_customer_confirmation,需要客户确认,,产品库资料,泰昌企业证明材料历史候选第283页,,不适用,internal,企业内部资料,泰昌技术补充文件,泰昌技术补充文件,mixed_historical_bid,assets/template_words/技术补充文件.docx,283,（二）专项投标文件/5.针对评审要素，需要补充的其他文件/5.3.绿色低碳生产及绿色回收/5.3.1.建立了绿色生产/5.3.1.11.数字领航企业评价报告,"[""泰昌"", ""企业证明材料"", ""历史标书候选"", ""技术标""]",product_library,产品库资料,taichang_only,不适用,泰昌企业证明材料历史候选第283页,needs_review,[]
taichang_tenant_internal,"[""专项投标文件/5.针对评审要素，需要补充的其他文件/5.3.绿色低碳生产及绿色回收/5.3.1.建立了绿色生产/5.3.1.11.数字领航企业评价报告""]","[""技术标""]",False,technical,technical-media-0291,suppressed_document_page_caption,企业证明材料,0.45,d776f6d17df0424d80c24fb94288496c0624bdbd009924e0f298225d851b3e44,,,new,未发现重复，仍需审核,来源于泰昌技术补充文件，历史位置为“专项投标文件/5.针对评审要素，需要补充的其他文件/5.3.绿色低碳生产及绿色回收/5.3.1.建立了绿色生产/5.3.1.11.数字领航企业评价报告”。当前仅用于泰昌资料人工复核，未获准进入正式标书。,河北泰昌电力器材科技有限公司,河北泰昌电力器材科技有限公司,,enterprise_evidence,企业证明材料,False,,否,blocked,尚未通过P0-06人工批准,False,核验原始证据,True,泰昌企业资料,d776f6d17df0424d80c24fb94288496c0624bdbd009924e0f298225d851b3e44,tender_scoring_derived,,否,不适用,[],review_only,仅限人工复核,media,确认资料归属泰昌、内容真实、时效有效、中文展示合规且目标库正确,P006-G053,,needs_customer_confirmation,需要客户确认,,产品库资料,泰昌企业证明材料历史候选第283页,,不适用,internal,企业内部资料,泰昌技术补充文件,泰昌技术补充文件,mixed_historical_bid,assets/template_words/技术补充文件.docx,283,（二）专项投标文件/5.针对评审要素，需要补充的其他文件/5.3.绿色低碳生产及绿色回收/5.3.1.建立了绿色生产/5.3.1.11.数字领航企业评价报告,"[""泰昌"", ""企业证明材料"", ""历史标书候选"", ""技术标""]",product_library,产品库资料,taichang_only,不适用,泰昌企业证明材料历史候选第283页,needs_review,[]
taichang_tenant_internal,"[""专项投标文件/5.针对评审要素，需要补充的其他文件/5.3.绿色低碳生产及绿色回收/5.3.1.建立了绿色生产/5.3.1.11.数字领航企业评价报告""]","[""技术标""]",False,technical,technical-media-0292,suppressed_document_page_caption,企业证明材料,0.45,0bc95e9deda2d5ba68fc980339e3e7736138c9f1ee92b8f222bbe9fdff1ebeee,,,new,未发现重复，仍需审核,来源于泰昌技术补充文件，历史位置为“专项投标文件/5.针对评审要素，需要补充的其他文件/5.3.绿色低碳生产及绿色回收/5.3.1.建立了绿色生产/5.3.1.11.数字领航企业评价报告”。当前仅用于泰昌资料人工复核，未获准进入正式标书。,河北泰昌电力器材科技有限公司,河北泰昌电力器材科技有限公司,,enterprise_evidence,企业证明材料,False,,否,blocked,尚未通过P0-06人工批准,False,核验原始证据,True,泰昌企业资料,0bc95e9deda2d5ba68fc980339e3e7736138c9f1ee92b8f222bbe9fdff1ebeee,tender_scoring_derived,,否,不适用,[],review_only,仅限人工复核,media,确认资料归属泰昌、内容真实、时效有效、中文展示合规且目标库正确,P006-G053,,needs_customer_confirmation,需要客户确认,,产品库资料,泰昌企业证明材料历史候选第283页,,不适用,internal,企业内部资料,泰昌技术补充文件,泰昌技术补充文件,mixed_historical_bid,assets/template_words/技术补充文件.docx,283,（二）专项投标文件/5.针对评审要素，需要补充的其他文件/5.3.绿色低碳生产及绿色回收/5.3.1.建立了绿色生产/5.3.1.11.数字领航企业评价报告,"[""泰昌"", ""企业证明材料"", ""历史标书候选"", ""技术标""]",product_library,产品库资料,taichang_only,不适用,泰昌企业证明材料历史候选第283页,needs_review,[]
taichang_tenant_internal,"[""专项投标文件/5.针对评审要素，需要补充的其他文件/5.3.绿色低碳生产及绿色回收/5.3.1.建立了绿色生产/5.3.1.11.数字领航企业评价报告""]","[""技术标""]",False,technical,technical-media-0293,suppressed_document_page_caption,企业证明材料,0.45,086cd197ada3fde2a511402fdb05fdfa2681ec67867f75316a1d3e4a0f3a6c7b,,,possible_visual_duplicate,视觉疑似重复,来源于泰昌技术补充文件，历史位置为“专项投标文件/5.针对评审要素，需要补充的其他文件/5.3.绿色低碳生产及绿色回收/5.3.1.建立了绿色生产/5.3.1.11.数字领航企业评价报告”。当前仅用于泰昌资料人工复核，未获准进入正式标书。,河北泰昌电力器材科技有限公司,河北泰昌电力器材科技有限公司,taichang-visual-review-c89a71a0c0c36c7a4d88,enterprise_evidence,企业证明材料,False,,否,blocked,尚未通过P0-06人工批准,False,优先核重,True,泰昌企业资料,086cd197ada3fde2a511402fdb05fdfa2681ec67867f75316a1d3e4a0f3a6c7b,tender_scoring_derived,,否,不适用,[],review_only,仅限人工复核,media,查看原件并确认是新资产、重复资产或同一证据的不同载体,P006-G053,,needs_manual_review,需要人工复核,,产品库资料,泰昌企业证明材料历史候选第283页,,不适用,internal,企业内部资料,泰昌技术补充文件,泰昌技术补充文件,mixed_historical_bid,assets/template_words/技术补充文件.docx,283,（二）专项投标文件/5.针对评审要素，需要补充的其他文件/5.3.绿色低碳生产及绿色回收/5.3.1.建立了绿色生产/5.3.1.11.数字领航企业评价报告,"[""泰昌"", ""企业证明材料"", ""历史标书候选"", ""技术标""]",product_library,产品库资料,taichang_only,不适用,泰昌企业证明材料历史候选第283页,needs_review,[]
taichang_tenant_internal,"[""专项投标文件/5.针对评审要素，需要补充的其他文件/5.3.绿色低碳生产及绿色回收/5.3.1.建立了绿色生产/5.3.1.11.数字领航企业评价报告""]","[""技术标""]",False,technical,technical-media-0294,suppressed_document_page_caption,企业证明材料,0.45,fa78dc6e39c1cbcc70a4f4d0e030f43ca32727edf4fa2581aa664ddce2ebbff9,,,new,未发现重复，仍需审核,来源于泰昌技术补充文件，历史位置为“专项投标文件/5.针对评审要素，需要补充的其他文件/5.3.绿色低碳生产及绿色回收/5.3.1.建立了绿色生产/5.3.1.11.数字领航企业评价报告”。当前仅用于泰昌资料人工复核，未获准进入正式标书。,河北泰昌电力器材科技有限公司,河北泰昌电力器材科技有限公司,,enterprise_evidence,企业证明材料,False,,否,blocked,尚未通过P0-06人工批准,False,核验原始证据,True,泰昌企业资料,fa78dc6e39c1cbcc70a4f4d0e030f43ca32727edf4fa2581aa664ddce2ebbff9,tender_scoring_derived,,否,不适用,[],review_only,仅限人工复核,media,确认资料归属泰昌、内容真实、时效有效、中文展示合规且目标库正确,P006-G053,,needs_customer_confirmation,需要客户确认,,产品库资料,泰昌企业证明材料历史候选第283页,,不适用,internal,企业内部资料,泰昌技术补充文件,泰昌技术补充文件,mixed_historical_bid,assets/template_words/技术补充文件.docx,283,（二）专项投标文件/5.针对评审要素，需要补充的其他文件/5.3.绿色低碳生产及绿色回收/5.3.1.建立了绿色生产/5.3.1.11.数字领航企业评价报告,"[""泰昌"", ""企业证明材料"", ""历史标书候选"", ""技术标""]",product_library,产品库资料,taichang_only,不适用,泰昌企业证明材料历史候选第283页,needs_review,[]
taichang_tenant_internal,"[""专项投标文件/5.针对评审要素，需要补充的其他文件/5.3.绿色低碳生产及绿色回收/5.3.1.建立了绿色生产/5.3.1.11.数字领航企业评价报告""]","[""技术标""]",False,technical,technical-media-0295,suppressed_document_page_caption,企业证明材料,0.45,12611128b30f87640853f57ea3db509f10c139064e5210620bb2d9f41edfab24,,,new,未发现重复，仍需审核,来源于泰昌技术补充文件，历史位置为“专项投标文件/5.针对评审要素，需要补充的其他文件/5.3.绿色低碳生产及绿色回收/5.3.1.建立了绿色生产/5.3.1.11.数字领航企业评价报告”。当前仅用于泰昌资料人工复核，未获准进入正式标书。,河北泰昌电力器材科技有限公司,河北泰昌电力器材科技有限公司,,enterprise_evidence,企业证明材料,False,,否,blocked,尚未通过P0-06人工批准,False,核验原始证据,True,泰昌企业资料,12611128b30f87640853f57ea3db509f10c139064e5210620bb2d9f41edfab24,tender_scoring_derived,,否,不适用,[],review_only,仅限人工复核,media,确认资料归属泰昌、内容真实、时效有效、中文展示合规且目标库正确,P006-G053,,needs_customer_confirmation,需要客户确认,,产品库资料,泰昌企业证明材料历史候选第283页,,不适用,internal,企业内部资料,泰昌技术补充文件,泰昌技术补充文件,mixed_historical_bid,assets/template_words/技术补充文件.docx,283,（二）专项投标文件/5.针对评审要素，需要补充的其他文件/5.3.绿色低碳生产及绿色回收/5.3.1.建立了绿色生产/5.3.1.11.数字领航企业评价报告,"[""泰昌"", ""企业证明材料"", ""历史标书候选"", ""技术标""]",product_library,产品库资料,taichang_only,不适用,泰昌企业证明材料历史候选第283页,needs_review,[]
taichang_tenant_internal,"[""专项投标文件/5.针对评审要素，需要补充的其他文件/5.3.绿色低碳生产及绿色回收/5.3.1.建立了绿色生产/5.3.1.11.数字领航企业评价报告""]","[""技术标""]",False,technical,technical-media-0296,suppressed_document_page_caption,企业证明材料,0.45,f4acd75ed1b6840537425474b83b3c856c42fb9a693eeb00adda3c32090db783,,,new,未发现重复，仍需审核,来源于泰昌技术补充文件，历史位置为“专项投标文件/5.针对评审要素，需要补充的其他文件/5.3.绿色低碳生产及绿色回收/5.3.1.建立了绿色生产/5.3.1.11.数字领航企业评价报告”。当前仅用于泰昌资料人工复核，未获准进入正式标书。,河北泰昌电力器材科技有限公司,河北泰昌电力器材科技有限公司,,enterprise_evidence,企业证明材料,False,,否,blocked,尚未通过P0-06人工批准,False,核验原始证据,True,泰昌企业资料,f4acd75ed1b6840537425474b83b3c856c42fb9a693eeb00adda3c32090db783,tender_scoring_derived,,否,不适用,[],review_only,仅限人工复核,media,确认资料归属泰昌、内容真实、时效有效、中文展示合规且目标库正确,P006-G053,,needs_customer_confirmation,需要客户确认,,产品库资料,泰昌企业证明材料历史候选第283页,,不适用,internal,企业内部资料,泰昌技术补充文件,泰昌技术补充文件,mixed_historical_bid,assets/template_words/技术补充文件.docx,283,（二）专项投标文件/5.针对评审要素，需要补充的其他文件/5.3.绿色低碳生产及绿色回收/5.3.1.建立了绿色生产/5.3.1.11.数字领航企业评价报告,"[""泰昌"", ""企业证明材料"", ""历史标书候选"", ""技术标""]",product_library,产品库资料,taichang_only,不适用,泰昌企业证明材料历史候选第283页,needs_review,[]
taichang_tenant_internal,"[""专项投标文件/5.针对评审要素，需要补充的其他文件/5.3.绿色低碳生产及绿色回收/5.3.1.建立了绿色生产/5.3.1.11.数字领航企业评价报告""]","[""技术标""]",False,technical,technical-media-0297,suppressed_document_page_caption,企业证明材料,0.45,d76a986a813e717fecf373d5862b881f74a5a2d2588c0237eed4f615b37c5149,,,new,未发现重复，仍需审核,来源于泰昌技术补充文件，历史位置为“专项投标文件/5.针对评审要素，需要补充的其他文件/5.3.绿色低碳生产及绿色回收/5.3.1.建立了绿色生产/5.3.1.11.数字领航企业评价报告”。当前仅用于泰昌资料人工复核，未获准进入正式标书。,河北泰昌电力器材科技有限公司,河北泰昌电力器材科技有限公司,,enterprise_evidence,企业证明材料,False,,否,blocked,尚未通过P0-06人工批准,False,核验原始证据,True,泰昌企业资料,d76a986a813e717fecf373d5862b881f74a5a2d2588c0237eed4f615b37c5149,tender_scoring_derived,,否,不适用,[],review_only,仅限人工复核,media,确认资料归属泰昌、内容真实、时效有效、中文展示合规且目标库正确,P006-G053,,needs_customer_confirmation,需要客户确认,,产品库资料,泰昌企业证明材料历史候选第283页,,不适用,internal,企业内部资料,泰昌技术补充文件,泰昌技术补充文件,mixed_historical_bid,assets/template_words/技术补充文件.docx,283,（二）专项投标文件/5.针对评审要素，需要补充的其他文件/5.3.绿色低碳生产及绿色回收/5.3.1.建立了绿色生产/5.3.1.11.数字领航企业评价报告,"[""泰昌"", ""企业证明材料"", ""历史标书候选"", ""技术标""]",product_library,产品库资料,taichang_only,不适用,泰昌企业证明材料历史候选第283页,needs_review,[]
taichang_tenant_internal,"[""专项投标文件/5.针对评审要素，需要补充的其他文件/5.3.绿色低碳生产及绿色回收/5.3.1.建立了绿色生产/5.3.1.11.数字领航企业评价报告""]","[""技术标""]",False,technical,technical-media-0298,suppressed_document_page_caption,企业证明材料,0.45,90f1fcf6d60c0b5f3067243d95a27dafd31ba72b4b833b4944341e4d12a92aea,,,new,未发现重复，仍需审核,来源于泰昌技术补充文件，历史位置为“专项投标文件/5.针对评审要素，需要补充的其他文件/5.3.绿色低碳生产及绿色回收/5.3.1.建立了绿色生产/5.3.1.11.数字领航企业评价报告”。当前仅用于泰昌资料人工复核，未获准进入正式标书。,河北泰昌电力器材科技有限公司,河北泰昌电力器材科技有限公司,,enterprise_evidence,企业证明材料,False,,否,blocked,尚未通过P0-06人工批准,False,核验原始证据,True,泰昌企业资料,90f1fcf6d60c0b5f3067243d95a27dafd31ba72b4b833b4944341e4d12a92aea,tender_scoring_derived,,否,不适用,[],review_only,仅限人工复核,media,确认资料归属泰昌、内容真实、时效有效、中文展示合规且目标库正确,P006-G053,,needs_customer_confirmation,需要客户确认,,产品库资料,泰昌企业证明材料历史候选第283页,,不适用,internal,企业内部资料,泰昌技术补充文件,泰昌技术补充文件,mixed_historical_bid,assets/template_words/技术补充文件.docx,283,（二）专项投标文件/5.针对评审要素，需要补充的其他文件/5.3.绿色低碳生产及绿色回收/5.3.1.建立了绿色生产/5.3.1.11.数字领航企业评价报告,"[""泰昌"", ""企业证明材料"", ""历史标书候选"", ""技术标""]",product_library,产品库资料,taichang_only,不适用,泰昌企业证明材料历史候选第283页,needs_review,[]
taichang_tenant_internal,"[""专项投标文件/5.针对评审要素，需要补充的其他文件/5.3.绿色低碳生产及绿色回收/5.3.1.建立了绿色生产/5.3.1.11.数字领航企业评价报告""]","[""技术标""]",False,technical,technical-media-0299,suppressed_document_page_caption,企业证明材料,0.45,cae4573286f527a715c97f97cab3854e89d576c9ef27132042801aca5ac1abd2,,,new,未发现重复，仍需审核,来源于泰昌技术补充文件，历史位置为“专项投标文件/5.针对评审要素，需要补充的其他文件/5.3.绿色低碳生产及绿色回收/5.3.1.建立了绿色生产/5.3.1.11.数字领航企业评价报告”。当前仅用于泰昌资料人工复核，未获准进入正式标书。,河北泰昌电力器材科技有限公司,河北泰昌电力器材科技有限公司,,enterprise_evidence,企业证明材料,False,,否,blocked,尚未通过P0-06人工批准,False,核验原始证据,True,泰昌企业资料,cae4573286f527a715c97f97cab3854e89d576c9ef27132042801aca5ac1abd2,tender_scoring_derived,,否,不适用,[],review_only,仅限人工复核,media,确认资料归属泰昌、内容真实、时效有效、中文展示合规且目标库正确,P006-G053,,needs_customer_confirmation,需要客户确认,,产品库资料,泰昌企业证明材料历史候选第283页,,不适用,internal,企业内部资料,泰昌技术补充文件,泰昌技术补充文件,mixed_historical_bid,assets/template_words/技术补充文件.docx,283,（二）专项投标文件/5.针对评审要素，需要补充的其他文件/5.3.绿色低碳生产及绿色回收/5.3.1.建立了绿色生产/5.3.1.11.数字领航企业评价报告,"[""泰昌"", ""企业证明材料"", ""历史标书候选"", ""技术标""]",product_library,产品库资料,taichang_only,不适用,泰昌企业证明材料历史候选第283页,needs_review,[]
taichang_tenant_internal,"[""专项投标文件/5.针对评审要素，需要补充的其他文件/5.3.绿色低碳生产及绿色回收/5.3.1.建立了绿色生产/5.3.1.11.数字领航企业评价报告""]","[""技术标""]",False,technical,technical-media-0300,suppressed_document_page_caption,企业证明材料,0.45,862beec1c5f9e36633b81b23f1055e9316086d2bd733681371e71044038bd3ef,,,new,未发现重复，仍需审核,来源于泰昌技术补充文件，历史位置为“专项投标文件/5.针对评审要素，需要补充的其他文件/5.3.绿色低碳生产及绿色回收/5.3.1.建立了绿色生产/5.3.1.11.数字领航企业评价报告”。当前仅用于泰昌资料人工复核，未获准进入正式标书。,河北泰昌电力器材科技有限公司,河北泰昌电力器材科技有限公司,,enterprise_evidence,企业证明材料,False,,否,blocked,尚未通过P0-06人工批准,False,核验原始证据,True,泰昌企业资料,862beec1c5f9e36633b81b23f1055e9316086d2bd733681371e71044038bd3ef,tender_scoring_derived,,否,不适用,[],review_only,仅限人工复核,media,确认资料归属泰昌、内容真实、时效有效、中文展示合规且目标库正确,P006-G053,,needs_customer_confirmation,需要客户确认,,产品库资料,泰昌企业证明材料历史候选第283页,,不适用,internal,企业内部资料,泰昌技术补充文件,泰昌技术补充文件,mixed_historical_bid,assets/template_words/技术补充文件.docx,283,（二）专项投标文件/5.针对评审要素，需要补充的其他文件/5.3.绿色低碳生产及绿色回收/5.3.1.建立了绿色生产/5.3.1.11.数字领航企业评价报告,"[""泰昌"", ""企业证明材料"", ""历史标书候选"", ""技术标""]",product_library,产品库资料,taichang_only,不适用,泰昌企业证明材料历史候选第283页,needs_review,[]
taichang_tenant_internal,"[""专项投标文件/5.针对评审要素，需要补充的其他文件/5.3.绿色低碳生产及绿色回收/5.3.1.建立了绿色生产/5.3.1.11.数字领航企业评价报告""]","[""技术标""]",False,technical,technical-media-0301,suppressed_document_page_caption,企业证明材料,0.45,072591db6f41e1d4b22eec67c25d358d0231c3329cc2a7276961a15b39e7263c,,,possible_visual_duplicate,视觉疑似重复,来源于泰昌技术补充文件，历史位置为“专项投标文件/5.针对评审要素，需要补充的其他文件/5.3.绿色低碳生产及绿色回收/5.3.1.建立了绿色生产/5.3.1.11.数字领航企业评价报告”。当前仅用于泰昌资料人工复核，未获准进入正式标书。,河北泰昌电力器材科技有限公司,河北泰昌电力器材科技有限公司,taichang-visual-review-5596a96eb918595bae58,enterprise_evidence,企业证明材料,False,,否,blocked,尚未通过P0-06人工批准,False,优先核重,True,泰昌企业资料,072591db6f41e1d4b22eec67c25d358d0231c3329cc2a7276961a15b39e7263c,tender_scoring_derived,,否,不适用,[],review_only,仅限人工复核,media,查看原件并确认是新资产、重复资产或同一证据的不同载体,P006-G053,,needs_manual_review,需要人工复核,,产品库资料,泰昌企业证明材料历史候选第283页,,不适用,internal,企业内部资料,泰昌技术补充文件,泰昌技术补充文件,mixed_historical_bid,assets/template_words/技术补充文件.docx,283,（二）专项投标文件/5.针对评审要素，需要补充的其他文件/5.3.绿色低碳生产及绿色回收/5.3.1.建立了绿色生产/5.3.1.11.数字领航企业评价报告,"[""泰昌"", ""企业证明材料"", ""历史标书候选"", ""技术标""]",product_library,产品库资料,taichang_only,不适用,泰昌企业证明材料历史候选第283页,needs_review,[]
taichang_tenant_internal,"[""专项投标文件/5.针对评审要素，需要补充的其他文件/5.3.绿色低碳生产及绿色回收/5.3.1.建立了绿色生产/5.3.1.2废水、废气、废固报告""]","[""技术标""]",False,technical,technical-media-0078,formal_material_caption,绿色低碳资料,0.9,ae963dfcf71f9799cc19dd87f0391312b42e349ada9e3e9224770aca1556108e,,,possible_visual_duplicate,视觉疑似重复,来源于泰昌技术补充文件，历史位置为“专项投标文件/5.针对评审要素，需要补充的其他文件/5.3.绿色低碳生产及绿色回收/5.3.1.建立了绿色生产/5.3.1.2废水、废气、废固报告”。当前仅用于泰昌资料人工复核，未获准进入正式标书。,河北泰昌电力器材科技有限公司,河北泰昌电力器材科技有限公司,taichang-visual-review-51f8c0b4f12d7d68a7f2,green_low_carbon,绿色低碳资料,False,资料：泰昌绿色低碳资料,否,blocked,尚未通过P0-06人工批准,False,优先核重,True,泰昌企业资料,ae963dfcf71f9799cc19dd87f0391312b42e349ada9e3e9224770aca1556108e,tender_scoring_derived,,否,不适用,[],review_only,仅限人工复核,media,查看原件并确认是新资产、重复资产或同一证据的不同载体,P006-G054,,needs_manual_review,需要人工复核,,产品库资料,泰昌绿色低碳资料历史候选第94页,,不适用,internal,企业内部资料,泰昌技术补充文件,泰昌技术补充文件,mixed_historical_bid,assets/template_words/技术补充文件.docx,94,（二）专项投标文件/5.针对评审要素，需要补充的其他文件/5.3.绿色低碳生产及绿色回收/5.3.1.建立了绿色生产/5.3.1.2废水、废气、废固报告,"[""泰昌"", ""绿色低碳资料"", ""历史标书候选"", ""技术标""]",product_library,产品库资料,taichang_only,不适用,泰昌绿色低碳资料历史候选第94页,needs_review,[]
taichang_tenant_internal,"[""专项投标文件/5.针对评审要素，需要补充的其他文件/5.3.绿色低碳生产及绿色回收/5.3.1.建立了绿色生产/5.3.1.2废水、废气、废固报告""]","[""技术标""]",False,technical,technical-media-0079,formal_material_caption,绿色低碳资料,0.9,008a622e3cadaed0086bf3b694f2b4aac67f5035dc9508e3716452cc8c07ba48,,,possible_visual_duplicate,视觉疑似重复,来源于泰昌技术补充文件，历史位置为“专项投标文件/5.针对评审要素，需要补充的其他文件/5.3.绿色低碳生产及绿色回收/5.3.1.建立了绿色生产/5.3.1.2废水、废气、废固报告”。当前仅用于泰昌资料人工复核，未获准进入正式标书。,河北泰昌电力器材科技有限公司,河北泰昌电力器材科技有限公司,taichang-visual-review-a4fbd2eda222cc20e9f4,green_low_carbon,绿色低碳资料,False,资料：泰昌绿色低碳资料,否,blocked,尚未通过P0-06人工批准,False,优先核重,True,泰昌企业资料,008a622e3cadaed0086bf3b694f2b4aac67f5035dc9508e3716452cc8c07ba48,tender_scoring_derived,,否,不适用,[],review_only,仅限人工复核,media,查看原件并确认是新资产、重复资产或同一证据的不同载体,P006-G054,,needs_manual_review,需要人工复核,,产品库资料,泰昌绿色低碳资料历史候选第94页,,不适用,internal,企业内部资料,泰昌技术补充文件,泰昌技术补充文件,mixed_historical_bid,assets/template_words/技术补充文件.docx,94,（二）专项投标文件/5.针对评审要素，需要补充的其他文件/5.3.绿色低碳生产及绿色回收/5.3.1.建立了绿色生产/5.3.1.2废水、废气、废固报告,"[""泰昌"", ""绿色低碳资料"", ""历史标书候选"", ""技术标""]",product_library,产品库资料,taichang_only,不适用,泰昌绿色低碳资料历史候选第94页,needs_review,[]
taichang_tenant_internal,"[""专项投标文件/5.针对评审要素，需要补充的其他文件/5.3.绿色低碳生产及绿色回收/5.3.1.建立了绿色生产/5.3.1.2废水、废气、废固报告""]","[""技术标""]",False,technical,technical-media-0080,formal_material_caption,绿色低碳资料,0.9,7676682119e67ac95c1aa46edef7c0246cd051acdc56254f041d06148e5b3d93,,,possible_visual_duplicate,视觉疑似重复,来源于泰昌技术补充文件，历史位置为“专项投标文件/5.针对评审要素，需要补充的其他文件/5.3.绿色低碳生产及绿色回收/5.3.1.建立了绿色生产/5.3.1.2废水、废气、废固报告”。当前仅用于泰昌资料人工复核，未获准进入正式标书。,河北泰昌电力器材科技有限公司,河北泰昌电力器材科技有限公司,taichang-visual-review-54239ce8b771de3f5335,green_low_carbon,绿色低碳资料,False,资料：泰昌绿色低碳资料,否,blocked,尚未通过P0-06人工批准,False,优先核重,True,泰昌企业资料,7676682119e67ac95c1aa46edef7c0246cd051acdc56254f041d06148e5b3d93,tender_scoring_derived,,否,不适用,[],review_only,仅限人工复核,media,查看原件并确认是新资产、重复资产或同一证据的不同载体,P006-G054,,needs_manual_review,需要人工复核,,产品库资料,泰昌绿色低碳资料历史候选第94页,,不适用,internal,企业内部资料,泰昌技术补充文件,泰昌技术补充文件,mixed_historical_bid,assets/template_words/技术补充文件.docx,94,（二）专项投标文件/5.针对评审要素，需要补充的其他文件/5.3.绿色低碳生产及绿色回收/5.3.1.建立了绿色生产/5.3.1.2废水、废气、废固报告,"[""泰昌"", ""绿色低碳资料"", ""历史标书候选"", ""技术标""]",product_library,产品库资料,taichang_only,不适用,泰昌绿色低碳资料历史候选第94页,needs_review,[]
taichang_tenant_internal,"[""专项投标文件/5.针对评审要素，需要补充的其他文件/5.3.绿色低碳生产及绿色回收/5.3.1.建立了绿色生产/5.3.1.2废水、废气、废固报告""]","[""技术标""]",False,technical,technical-media-0081,formal_material_caption,绿色低碳资料,0.9,abc124dd59231e5210b800cc45e4fd0bb257c659497319bef94bdf35abf06bf8,,,possible_visual_duplicate,视觉疑似重复,来源于泰昌技术补充文件，历史位置为“专项投标文件/5.针对评审要素，需要补充的其他文件/5.3.绿色低碳生产及绿色回收/5.3.1.建立了绿色生产/5.3.1.2废水、废气、废固报告”。当前仅用于泰昌资料人工复核，未获准进入正式标书。,河北泰昌电力器材科技有限公司,河北泰昌电力器材科技有限公司,taichang-visual-review-85ba39fee376ac3a710a,green_low_carbon,绿色低碳资料,False,资料：泰昌绿色低碳资料,否,blocked,尚未通过P0-06人工批准,False,优先核重,True,泰昌企业资料,abc124dd59231e5210b800cc45e4fd0bb257c659497319bef94bdf35abf06bf8,tender_scoring_derived,,否,不适用,[],review_only,仅限人工复核,media,查看原件并确认是新资产、重复资产或同一证据的不同载体,P006-G054,,needs_manual_review,需要人工复核,,产品库资料,泰昌绿色低碳资料历史候选第94页,,不适用,internal,企业内部资料,泰昌技术补充文件,泰昌技术补充文件,mixed_historical_bid,assets/template_words/技术补充文件.docx,94,（二）专项投标文件/5.针对评审要素，需要补充的其他文件/5.3.绿色低碳生产及绿色回收/5.3.1.建立了绿色生产/5.3.1.2废水、废气、废固报告,"[""泰昌"", ""绿色低碳资料"", ""历史标书候选"", ""技术标""]",product_library,产品库资料,taichang_only,不适用,泰昌绿色低碳资料历史候选第94页,needs_review,[]
taichang_tenant_internal,"[""专项投标文件/5.针对评审要素，需要补充的其他文件/5.3.绿色低碳生产及绿色回收/5.3.1.建立了绿色生产/5.3.1.2废水、废气、废固报告""]","[""技术标""]",False,technical,technical-media-0082,formal_material_caption,绿色低碳资料,0.9,75a55052413c4c3f3f59fe2d8db711cfe85b9d3ead02cc11b7518b634d56816d,,,possible_visual_duplicate,视觉疑似重复,来源于泰昌技术补充文件，历史位置为“专项投标文件/5.针对评审要素，需要补充的其他文件/5.3.绿色低碳生产及绿色回收/5.3.1.建立了绿色生产/5.3.1.2废水、废气、废固报告”。当前仅用于泰昌资料人工复核，未获准进入正式标书。,河北泰昌电力器材科技有限公司,河北泰昌电力器材科技有限公司,taichang-visual-review-940b7a8e513a3712784c,green_low_carbon,绿色低碳资料,False,资料：泰昌绿色低碳资料,否,blocked,尚未通过P0-06人工批准,False,优先核重,True,泰昌企业资料,75a55052413c4c3f3f59fe2d8db711cfe85b9d3ead02cc11b7518b634d56816d,tender_scoring_derived,,否,不适用,[],review_only,仅限人工复核,media,查看原件并确认是新资产、重复资产或同一证据的不同载体,P006-G054,,needs_manual_review,需要人工复核,,产品库资料,泰昌绿色低碳资料历史候选第94页,,不适用,internal,企业内部资料,泰昌技术补充文件,泰昌技术补充文件,mixed_historical_bid,assets/template_words/技术补充文件.docx,94,（二）专项投标文件/5.针对评审要素，需要补充的其他文件/5.3.绿色低碳生产及绿色回收/5.3.1.建立了绿色生产/5.3.1.2废水、废气、废固报告,"[""泰昌"", ""绿色低碳资料"", ""历史标书候选"", ""技术标""]",product_library,产品库资料,taichang_only,不适用,泰昌绿色低碳资料历史候选第94页,needs_review,[]
taichang_tenant_internal,"[""专项投标文件/5.针对评审要素，需要补充的其他文件/5.3.绿色低碳生产及绿色回收/5.3.1.建立了绿色生产/5.3.1.2废水、废气、废固报告""]","[""技术标""]",False,technical,technical-media-0083,formal_material_caption,绿色低碳资料,0.9,505574f70c8373493a09b4b45a54a0f00dc677b25d88a503d0bb18a67578dcd3,,,possible_visual_duplicate,视觉疑似重复,来源于泰昌技术补充文件，历史位置为“专项投标文件/5.针对评审要素，需要补充的其他文件/5.3.绿色低碳生产及绿色回收/5.3.1.建立了绿色生产/5.3.1.2废水、废气、废固报告”。当前仅用于泰昌资料人工复核，未获准进入正式标书。,河北泰昌电力器材科技有限公司,河北泰昌电力器材科技有限公司,taichang-visual-review-4d75b6705b14d23c426c,green_low_carbon,绿色低碳资料,False,资料：泰昌绿色低碳资料,否,blocked,尚未通过P0-06人工批准,False,优先核重,True,泰昌企业资料,505574f70c8373493a09b4b45a54a0f00dc677b25d88a503d0bb18a67578dcd3,tender_scoring_derived,,否,不适用,[],review_only,仅限人工复核,media,查看原件并确认是新资产、重复资产或同一证据的不同载体,P006-G054,,needs_manual_review,需要人工复核,,产品库资料,泰昌绿色低碳资料历史候选第94页,,不适用,internal,企业内部资料,泰昌技术补充文件,泰昌技术补充文件,mixed_historical_bid,assets/template_words/技术补充文件.docx,94,（二）专项投标文件/5.针对评审要素，需要补充的其他文件/5.3.绿色低碳生产及绿色回收/5.3.1.建立了绿色生产/5.3.1.2废水、废气、废固报告,"[""泰昌"", ""绿色低碳资料"", ""历史标书候选"", ""技术标""]",product_library,产品库资料,taichang_only,不适用,泰昌绿色低碳资料历史候选第94页,needs_review,[]
taichang_tenant_internal,"[""专项投标文件/5.针对评审要素，需要补充的其他文件/5.3.绿色低碳生产及绿色回收/5.3.1.建立了绿色生产/5.3.1.2废水、废气、废固报告""]","[""技术标""]",False,technical,technical-media-0084,formal_material_caption,绿色低碳资料,0.9,b723af831e8c1da0377ee03de1f0eaccf5f042666af713c77b0cc0fec3521fad,,,possible_visual_duplicate,视觉疑似重复,来源于泰昌技术补充文件，历史位置为“专项投标文件/5.针对评审要素，需要补充的其他文件/5.3.绿色低碳生产及绿色回收/5.3.1.建立了绿色生产/5.3.1.2废水、废气、废固报告”。当前仅用于泰昌资料人工复核，未获准进入正式标书。,河北泰昌电力器材科技有限公司,河北泰昌电力器材科技有限公司,taichang-visual-review-af1a4b72a8ce5e79d6cf,green_low_carbon,绿色低碳资料,False,资料：泰昌绿色低碳资料,否,blocked,尚未通过P0-06人工批准,False,优先核重,True,泰昌企业资料,b723af831e8c1da0377ee03de1f0eaccf5f042666af713c77b0cc0fec3521fad,tender_scoring_derived,,否,不适用,[],review_only,仅限人工复核,media,查看原件并确认是新资产、重复资产或同一证据的不同载体,P006-G054,,needs_manual_review,需要人工复核,,产品库资料,泰昌绿色低碳资料历史候选第94页,,不适用,internal,企业内部资料,泰昌技术补充文件,泰昌技术补充文件,mixed_historical_bid,assets/template_words/技术补充文件.docx,94,（二）专项投标文件/5.针对评审要素，需要补充的其他文件/5.3.绿色低碳生产及绿色回收/5.3.1.建立了绿色生产/5.3.1.2废水、废气、废固报告,"[""泰昌"", ""绿色低碳资料"", ""历史标书候选"", ""技术标""]",product_library,产品库资料,taichang_only,不适用,泰昌绿色低碳资料历史候选第94页,needs_review,[]
taichang_tenant_internal,"[""专项投标文件/5.针对评审要素，需要补充的其他文件/5.3.绿色低碳生产及绿色回收/5.3.1.建立了绿色生产/5.3.1.2废水、废气、废固报告""]","[""技术标""]",False,technical,technical-media-0085,formal_material_caption,绿色低碳资料,0.9,2a4552c37c164a62a9f58310079a8ac63ea59d1c3fd99252d1957b7515398b29,,,possible_visual_duplicate,视觉疑似重复,来源于泰昌技术补充文件，历史位置为“专项投标文件/5.针对评审要素，需要补充的其他文件/5.3.绿色低碳生产及绿色回收/5.3.1.建立了绿色生产/5.3.1.2废水、废气、废固报告”。当前仅用于泰昌资料人工复核，未获准进入正式标书。,河北泰昌电力器材科技有限公司,河北泰昌电力器材科技有限公司,taichang-visual-review-061b504b27bd265037c1,green_low_carbon,绿色低碳资料,False,资料：泰昌绿色低碳资料,否,blocked,尚未通过P0-06人工批准,False,优先核重,True,泰昌企业资料,2a4552c37c164a62a9f58310079a8ac63ea59d1c3fd99252d1957b7515398b29,tender_scoring_derived,,否,不适用,[],review_only,仅限人工复核,media,查看原件并确认是新资产、重复资产或同一证据的不同载体,P006-G054,,needs_manual_review,需要人工复核,,产品库资料,泰昌绿色低碳资料历史候选第94页,,不适用,internal,企业内部资料,泰昌技术补充文件,泰昌技术补充文件,mixed_historical_bid,assets/template_words/技术补充文件.docx,94,（二）专项投标文件/5.针对评审要素，需要补充的其他文件/5.3.绿色低碳生产及绿色回收/5.3.1.建立了绿色生产/5.3.1.2废水、废气、废固报告,"[""泰昌"", ""绿色低碳资料"", ""历史标书候选"", ""技术标""]",product_library,产品库资料,taichang_only,不适用,泰昌绿色低碳资料历史候选第94页,needs_review,[]
taichang_tenant_internal,"[""专项投标文件/5.针对评审要素，需要补充的其他文件/5.3.绿色低碳生产及绿色回收/5.3.1.建立了绿色生产/5.3.1.2废水、废气、废固报告""]","[""技术标""]",False,technical,technical-media-0086,formal_material_caption,绿色低碳资料,0.9,caf7494483ce39fa51d197e57f56f22b62cbedc84adfc0714eda87e8c813808a,,,possible_visual_duplicate,视觉疑似重复,来源于泰昌技术补充文件，历史位置为“专项投标文件/5.针对评审要素，需要补充的其他文件/5.3.绿色低碳生产及绿色回收/5.3.1.建立了绿色生产/5.3.1.2废水、废气、废固报告”。当前仅用于泰昌资料人工复核，未获准进入正式标书。,河北泰昌电力器材科技有限公司,河北泰昌电力器材科技有限公司,taichang-visual-review-de66d3d0aa8f5a9c6f5a,green_low_carbon,绿色低碳资料,False,资料：泰昌绿色低碳资料,否,blocked,尚未通过P0-06人工批准,False,优先核重,True,泰昌企业资料,caf7494483ce39fa51d197e57f56f22b62cbedc84adfc0714eda87e8c813808a,tender_scoring_derived,,否,不适用,[],review_only,仅限人工复核,media,查看原件并确认是新资产、重复资产或同一证据的不同载体,P006-G054,,needs_manual_review,需要人工复核,,产品库资料,泰昌绿色低碳资料历史候选第94页,,不适用,internal,企业内部资料,泰昌技术补充文件,泰昌技术补充文件,mixed_historical_bid,assets/template_words/技术补充文件.docx,94,（二）专项投标文件/5.针对评审要素，需要补充的其他文件/5.3.绿色低碳生产及绿色回收/5.3.1.建立了绿色生产/5.3.1.2废水、废气、废固报告,"[""泰昌"", ""绿色低碳资料"", ""历史标书候选"", ""技术标""]",product_library,产品库资料,taichang_only,不适用,泰昌绿色低碳资料历史候选第94页,needs_review,[]
taichang_tenant_internal,"[""专项投标文件/5.针对评审要素，需要补充的其他文件/5.3.绿色低碳生产及绿色回收/5.3.1.建立了绿色生产/5.3.1.2废水、废气、废固报告""]","[""技术标""]",False,technical,technical-media-0087,formal_material_caption,绿色低碳资料,0.9,c9a1552f4a371d820af41f7c4e3b74dde3cd0c3c41364213e265b24f3c559743,,,possible_visual_duplicate,视觉疑似重复,来源于泰昌技术补充文件，历史位置为“专项投标文件/5.针对评审要素，需要补充的其他文件/5.3.绿色低碳生产及绿色回收/5.3.1.建立了绿色生产/5.3.1.2废水、废气、废固报告”。当前仅用于泰昌资料人工复核，未获准进入正式标书。,河北泰昌电力器材科技有限公司,河北泰昌电力器材科技有限公司,taichang-visual-review-f7f785dd03e46aef82ee,green_low_carbon,绿色低碳资料,False,资料：泰昌绿色低碳资料,否,blocked,尚未通过P0-06人工批准,False,优先核重,True,泰昌企业资料,c9a1552f4a371d820af41f7c4e3b74dde3cd0c3c41364213e265b24f3c559743,tender_scoring_derived,,否,不适用,[],review_only,仅限人工复核,media,查看原件并确认是新资产、重复资产或同一证据的不同载体,P006-G054,,needs_manual_review,需要人工复核,,产品库资料,泰昌绿色低碳资料历史候选第94页,,不适用,internal,企业内部资料,泰昌技术补充文件,泰昌技术补充文件,mixed_historical_bid,assets/template_words/技术补充文件.docx,94,（二）专项投标文件/5.针对评审要素，需要补充的其他文件/5.3.绿色低碳生产及绿色回收/5.3.1.建立了绿色生产/5.3.1.2废水、废气、废固报告,"[""泰昌"", ""绿色低碳资料"", ""历史标书候选"", ""技术标""]",product_library,产品库资料,taichang_only,不适用,泰昌绿色低碳资料历史候选第94页,needs_review,[]
taichang_tenant_internal,"[""专项投标文件/5.针对评审要素，需要补充的其他文件/5.3.绿色低碳生产及绿色回收/5.3.1.建立了绿色生产/5.3.1.2废水、废气、废固报告""]","[""技术标""]",False,technical,technical-media-0088,formal_material_caption,绿色低碳资料,0.9,f22069c0d4878944fe9efc9cb8d73a0b6a9cc65d92133577fbb5380bb9d5dc50,,,possible_visual_duplicate,视觉疑似重复,来源于泰昌技术补充文件，历史位置为“专项投标文件/5.针对评审要素，需要补充的其他文件/5.3.绿色低碳生产及绿色回收/5.3.1.建立了绿色生产/5.3.1.2废水、废气、废固报告”。当前仅用于泰昌资料人工复核，未获准进入正式标书。,河北泰昌电力器材科技有限公司,河北泰昌电力器材科技有限公司,taichang-visual-review-7284d60d3f310b296942,green_low_carbon,绿色低碳资料,False,资料：泰昌绿色低碳资料,否,blocked,尚未通过P0-06人工批准,False,优先核重,True,泰昌企业资料,f22069c0d4878944fe9efc9cb8d73a0b6a9cc65d92133577fbb5380bb9d5dc50,tender_scoring_derived,,否,不适用,[],review_only,仅限人工复核,media,查看原件并确认是新资产、重复资产或同一证据的不同载体,P006-G054,,needs_manual_review,需要人工复核,,产品库资料,泰昌绿色低碳资料历史候选第94页,,不适用,internal,企业内部资料,泰昌技术补充文件,泰昌技术补充文件,mixed_historical_bid,assets/template_words/技术补充文件.docx,94,（二）专项投标文件/5.针对评审要素，需要补充的其他文件/5.3.绿色低碳生产及绿色回收/5.3.1.建立了绿色生产/5.3.1.2废水、废气、废固报告,"[""泰昌"", ""绿色低碳资料"", ""历史标书候选"", ""技术标""]",product_library,产品库资料,taichang_only,不适用,泰昌绿色低碳资料历史候选第94页,needs_review,[]
taichang_tenant_internal,"[""专项投标文件/5.针对评审要素，需要补充的其他文件/5.3.绿色低碳生产及绿色回收/5.3.1.建立了绿色生产/5.3.1.2废水、废气、废固报告""]","[""技术标""]",False,technical,technical-media-0089,formal_material_caption,绿色低碳资料,0.9,fc1f69aa3a7ed1b3c4fe655227ec7e5f266400c2100e8744287c0b13f0c93a14,,,possible_visual_duplicate,视觉疑似重复,来源于泰昌技术补充文件，历史位置为“专项投标文件/5.针对评审要素，需要补充的其他文件/5.3.绿色低碳生产及绿色回收/5.3.1.建立了绿色生产/5.3.1.2废水、废气、废固报告”。当前仅用于泰昌资料人工复核，未获准进入正式标书。,河北泰昌电力器材科技有限公司,河北泰昌电力器材科技有限公司,taichang-visual-review-eee10762aebfdab59ea7,green_low_carbon,绿色低碳资料,False,资料：泰昌绿色低碳资料,否,blocked,尚未通过P0-06人工批准,False,优先核重,True,泰昌企业资料,fc1f69aa3a7ed1b3c4fe655227ec7e5f266400c2100e8744287c0b13f0c93a14,tender_scoring_derived,,否,不适用,[],review_only,仅限人工复核,media,查看原件并确认是新资产、重复资产或同一证据的不同载体,P006-G054,,needs_manual_review,需要人工复核,,产品库资料,泰昌绿色低碳资料历史候选第94页,,不适用,internal,企业内部资料,泰昌技术补充文件,泰昌技术补充文件,mixed_historical_bid,assets/template_words/技术补充文件.docx,94,（二）专项投标文件/5.针对评审要素，需要补充的其他文件/5.3.绿色低碳生产及绿色回收/5.3.1.建立了绿色生产/5.3.1.2废水、废气、废固报告,"[""泰昌"", ""绿色低碳资料"", ""历史标书候选"", ""技术标""]",product_library,产品库资料,taichang_only,不适用,泰昌绿色低碳资料历史候选第94页,needs_review,[]
taichang_tenant_internal,"[""专项投标文件/5.针对评审要素，需要补充的其他文件/5.3.绿色低碳生产及绿色回收/5.3.1.建立了绿色生产/5.3.1.2废水、废气、废固报告""]","[""技术标""]",False,technical,technical-media-0090,formal_material_caption,绿色低碳资料,0.9,1f3bb15d9656d616d3d11e7f4d78df842f1727604f599bbab650085cf0908c15,,,new,未发现重复，仍需审核,来源于泰昌技术补充文件，历史位置为“专项投标文件/5.针对评审要素，需要补充的其他文件/5.3.绿色低碳生产及绿色回收/5.3.1.建立了绿色生产/5.3.1.2废水、废气、废固报告”。当前仅用于泰昌资料人工复核，未获准进入正式标书。,河北泰昌电力器材科技有限公司,河北泰昌电力器材科技有限公司,,green_low_carbon,绿色低碳资料,False,资料：泰昌绿色低碳资料,否,blocked,尚未通过P0-06人工批准,False,核验整份原始资料,True,泰昌企业资料,1f3bb15d9656d616d3d11e7f4d78df842f1727604f599bbab650085cf0908c15,tender_scoring_derived,,否,不适用,[],review_only,仅限人工复核,media,连续内嵌页应按完整报告或证据包审核，不逐页新建业务资产,P006-G054,,needs_customer_confirmation,需要客户确认,,产品库资料,泰昌绿色低碳资料历史候选第94页,,不适用,internal,企业内部资料,泰昌技术补充文件,泰昌技术补充文件,mixed_historical_bid,assets/template_words/技术补充文件.docx,94,（二）专项投标文件/5.针对评审要素，需要补充的其他文件/5.3.绿色低碳生产及绿色回收/5.3.1.建立了绿色生产/5.3.1.2废水、废气、废固报告,"[""泰昌"", ""绿色低碳资料"", ""历史标书候选"", ""技术标""]",product_library,产品库资料,taichang_only,不适用,泰昌绿色低碳资料历史候选第94页,needs_review,[]
taichang_tenant_internal,"[""专项投标文件/5.针对评审要素，需要补充的其他文件/5.3.绿色低碳生产及绿色回收/5.3.1.建立了绿色生产/5.3.1.2废水、废气、废固报告""]","[""技术标""]",False,technical,technical-media-0091,formal_material_caption,绿色低碳资料,0.9,7f094295686f0fc0588f41eaf94aa648b0774d46e14a3d2088ec2ba7d2e45737,,,possible_visual_duplicate,视觉疑似重复,来源于泰昌技术补充文件，历史位置为“专项投标文件/5.针对评审要素，需要补充的其他文件/5.3.绿色低碳生产及绿色回收/5.3.1.建立了绿色生产/5.3.1.2废水、废气、废固报告”。当前仅用于泰昌资料人工复核，未获准进入正式标书。,河北泰昌电力器材科技有限公司,河北泰昌电力器材科技有限公司,taichang-visual-review-48785276dee125bf8e39,green_low_carbon,绿色低碳资料,False,资料：泰昌绿色低碳资料,否,blocked,尚未通过P0-06人工批准,False,优先核重,True,泰昌企业资料,7f094295686f0fc0588f41eaf94aa648b0774d46e14a3d2088ec2ba7d2e45737,tender_scoring_derived,,否,不适用,[],review_only,仅限人工复核,media,查看原件并确认是新资产、重复资产或同一证据的不同载体,P006-G054,,needs_manual_review,需要人工复核,,产品库资料,泰昌绿色低碳资料历史候选第94页,,不适用,internal,企业内部资料,泰昌技术补充文件,泰昌技术补充文件,mixed_historical_bid,assets/template_words/技术补充文件.docx,94,（二）专项投标文件/5.针对评审要素，需要补充的其他文件/5.3.绿色低碳生产及绿色回收/5.3.1.建立了绿色生产/5.3.1.2废水、废气、废固报告,"[""泰昌"", ""绿色低碳资料"", ""历史标书候选"", ""技术标""]",product_library,产品库资料,taichang_only,不适用,泰昌绿色低碳资料历史候选第94页,needs_review,[]
taichang_tenant_internal,"[""专项投标文件/5.针对评审要素，需要补充的其他文件/5.3.绿色低碳生产及绿色回收/5.3.1.建立了绿色生产/5.3.1.2废水、废气、废固报告""]","[""技术标""]",False,technical,technical-media-0092,formal_material_caption,绿色低碳资料,0.9,6abba9199af5af441b2a7f340eba83e4ebe5e4b5a57c22f9917159360f7baeba,,,possible_visual_duplicate,视觉疑似重复,来源于泰昌技术补充文件，历史位置为“专项投标文件/5.针对评审要素，需要补充的其他文件/5.3.绿色低碳生产及绿色回收/5.3.1.建立了绿色生产/5.3.1.2废水、废气、废固报告”。当前仅用于泰昌资料人工复核，未获准进入正式标书。,河北泰昌电力器材科技有限公司,河北泰昌电力器材科技有限公司,taichang-visual-review-b6fe8cffdca499d928fd,green_low_carbon,绿色低碳资料,False,资料：泰昌绿色低碳资料,否,blocked,尚未通过P0-06人工批准,False,优先核重,True,泰昌企业资料,6abba9199af5af441b2a7f340eba83e4ebe5e4b5a57c22f9917159360f7baeba,tender_scoring_derived,,否,不适用,[],review_only,仅限人工复核,media,查看原件并确认是新资产、重复资产或同一证据的不同载体,P006-G054,,needs_manual_review,需要人工复核,,产品库资料,泰昌绿色低碳资料历史候选第94页,,不适用,internal,企业内部资料,泰昌技术补充文件,泰昌技术补充文件,mixed_historical_bid,assets/template_words/技术补充文件.docx,94,（二）专项投标文件/5.针对评审要素，需要补充的其他文件/5.3.绿色低碳生产及绿色回收/5.3.1.建立了绿色生产/5.3.1.2废水、废气、废固报告,"[""泰昌"", ""绿色低碳资料"", ""历史标书候选"", ""技术标""]",product_library,产品库资料,taichang_only,不适用,泰昌绿色低碳资料历史候选第94页,needs_review,[]
taichang_tenant_internal,"[""专项投标文件/5.针对评审要素，需要补充的其他文件/5.3.绿色低碳生产及绿色回收/5.3.1.建立了绿色生产/5.3.1.2废水、废气、废固报告""]","[""技术标""]",False,technical,technical-media-0093,formal_material_caption,绿色低碳资料,0.9,5012ac9c036ac86b2231839d13c6946d0b96015c717b3837bfc7feff2c7b3755,,,possible_visual_duplicate,视觉疑似重复,来源于泰昌技术补充文件，历史位置为“专项投标文件/5.针对评审要素，需要补充的其他文件/5.3.绿色低碳生产及绿色回收/5.3.1.建立了绿色生产/5.3.1.2废水、废气、废固报告”。当前仅用于泰昌资料人工复核，未获准进入正式标书。,河北泰昌电力器材科技有限公司,河北泰昌电力器材科技有限公司,taichang-visual-review-53ccfcd700ee171ae7cb,green_low_carbon,绿色低碳资料,False,资料：泰昌绿色低碳资料,否,blocked,尚未通过P0-06人工批准,False,优先核重,True,泰昌企业资料,5012ac9c036ac86b2231839d13c6946d0b96015c717b3837bfc7feff2c7b3755,tender_scoring_derived,,否,不适用,[],review_only,仅限人工复核,media,查看原件并确认是新资产、重复资产或同一证据的不同载体,P006-G054,,needs_manual_review,需要人工复核,,产品库资料,泰昌绿色低碳资料历史候选第94页,,不适用,internal,企业内部资料,泰昌技术补充文件,泰昌技术补充文件,mixed_historical_bid,assets/template_words/技术补充文件.docx,94,（二）专项投标文件/5.针对评审要素，需要补充的其他文件/5.3.绿色低碳生产及绿色回收/5.3.1.建立了绿色生产/5.3.1.2废水、废气、废固报告,"[""泰昌"", ""绿色低碳资料"", ""历史标书候选"", ""技术标""]",product_library,产品库资料,taichang_only,不适用,泰昌绿色低碳资料历史候选第94页,needs_review,[]
taichang_tenant_internal,"[""专项投标文件/5.针对评审要素，需要补充的其他文件/5.3.绿色低碳生产及绿色回收/5.3.1.建立了绿色生产/5.3.1.2废水、废气、废固报告""]","[""技术标""]",False,technical,technical-media-0094,formal_material_caption,绿色低碳资料,0.9,83d697a931a027d98f631d86204b2527475237f72ca4100959dc4b2ae4544fed,,,possible_visual_duplicate,视觉疑似重复,来源于泰昌技术补充文件，历史位置为“专项投标文件/5.针对评审要素，需要补充的其他文件/5.3.绿色低碳生产及绿色回收/5.3.1.建立了绿色生产/5.3.1.2废水、废气、废固报告”。当前仅用于泰昌资料人工复核，未获准进入正式标书。,河北泰昌电力器材科技有限公司,河北泰昌电力器材科技有限公司,taichang-visual-review-82fcc7b55f699ab3a862,green_low_carbon,绿色低碳资料,False,资料：泰昌绿色低碳资料,否,blocked,尚未通过P0-06人工批准,False,优先核重,True,泰昌企业资料,83d697a931a027d98f631d86204b2527475237f72ca4100959dc4b2ae4544fed,tender_scoring_derived,,否,不适用,[],review_only,仅限人工复核,media,查看原件并确认是新资产、重复资产或同一证据的不同载体,P006-G054,,needs_manual_review,需要人工复核,,产品库资料,泰昌绿色低碳资料历史候选第94页,,不适用,internal,企业内部资料,泰昌技术补充文件,泰昌技术补充文件,mixed_historical_bid,assets/template_words/技术补充文件.docx,94,（二）专项投标文件/5.针对评审要素，需要补充的其他文件/5.3.绿色低碳生产及绿色回收/5.3.1.建立了绿色生产/5.3.1.2废水、废气、废固报告,"[""泰昌"", ""绿色低碳资料"", ""历史标书候选"", ""技术标""]",product_library,产品库资料,taichang_only,不适用,泰昌绿色低碳资料历史候选第94页,needs_review,[]
taichang_tenant_internal,"[""专项投标文件/5.针对评审要素，需要补充的其他文件/5.3.绿色低碳生产及绿色回收/5.3.1.建立了绿色生产/5.3.1.2废水、废气、废固报告""]","[""技术标""]",False,technical,technical-media-0095,formal_material_caption,绿色低碳资料,0.9,7e276076b1bf3e5f5d38090c8bd2f9adadbda7d9d15d3b90027b5292c1770caf,,,possible_visual_duplicate,视觉疑似重复,来源于泰昌技术补充文件，历史位置为“专项投标文件/5.针对评审要素，需要补充的其他文件/5.3.绿色低碳生产及绿色回收/5.3.1.建立了绿色生产/5.3.1.2废水、废气、废固报告”。当前仅用于泰昌资料人工复核，未获准进入正式标书。,河北泰昌电力器材科技有限公司,河北泰昌电力器材科技有限公司,taichang-visual-review-d22222f2e42ebcd19b82,green_low_carbon,绿色低碳资料,False,资料：泰昌绿色低碳资料,否,blocked,尚未通过P0-06人工批准,False,优先核重,True,泰昌企业资料,7e276076b1bf3e5f5d38090c8bd2f9adadbda7d9d15d3b90027b5292c1770caf,tender_scoring_derived,,否,不适用,[],review_only,仅限人工复核,media,查看原件并确认是新资产、重复资产或同一证据的不同载体,P006-G054,,needs_manual_review,需要人工复核,,产品库资料,泰昌绿色低碳资料历史候选第94页,,不适用,internal,企业内部资料,泰昌技术补充文件,泰昌技术补充文件,mixed_historical_bid,assets/template_words/技术补充文件.docx,94,（二）专项投标文件/5.针对评审要素，需要补充的其他文件/5.3.绿色低碳生产及绿色回收/5.3.1.建立了绿色生产/5.3.1.2废水、废气、废固报告,"[""泰昌"", ""绿色低碳资料"", ""历史标书候选"", ""技术标""]",product_library,产品库资料,taichang_only,不适用,泰昌绿色低碳资料历史候选第94页,needs_review,[]
taichang_tenant_internal,"[""专项投标文件/5.针对评审要素，需要补充的其他文件/5.3.绿色低碳生产及绿色回收/5.3.1.建立了绿色生产/5.3.1.2废水、废气、废固报告""]","[""技术标""]",False,technical,technical-media-0096,formal_material_caption,绿色低碳资料,0.9,52c95a4974b1987552d0e0a41ed4d07b0d53cbd4babcad29413207e43954d3d2,,,possible_visual_duplicate,视觉疑似重复,来源于泰昌技术补充文件，历史位置为“专项投标文件/5.针对评审要素，需要补充的其他文件/5.3.绿色低碳生产及绿色回收/5.3.1.建立了绿色生产/5.3.1.2废水、废气、废固报告”。当前仅用于泰昌资料人工复核，未获准进入正式标书。,河北泰昌电力器材科技有限公司,河北泰昌电力器材科技有限公司,taichang-visual-review-84fab749a03c95ea0121,green_low_carbon,绿色低碳资料,False,资料：泰昌绿色低碳资料,否,blocked,尚未通过P0-06人工批准,False,优先核重,True,泰昌企业资料,52c95a4974b1987552d0e0a41ed4d07b0d53cbd4babcad29413207e43954d3d2,tender_scoring_derived,,否,不适用,[],review_only,仅限人工复核,media,查看原件并确认是新资产、重复资产或同一证据的不同载体,P006-G054,,needs_manual_review,需要人工复核,,产品库资料,泰昌绿色低碳资料历史候选第94页,,不适用,internal,企业内部资料,泰昌技术补充文件,泰昌技术补充文件,mixed_historical_bid,assets/template_words/技术补充文件.docx,94,（二）专项投标文件/5.针对评审要素，需要补充的其他文件/5.3.绿色低碳生产及绿色回收/5.3.1.建立了绿色生产/5.3.1.2废水、废气、废固报告,"[""泰昌"", ""绿色低碳资料"", ""历史标书候选"", ""技术标""]",product_library,产品库资料,taichang_only,不适用,泰昌绿色低碳资料历史候选第94页,needs_review,[]
taichang_tenant_internal,"[""专项投标文件/5.针对评审要素，需要补充的其他文件/5.3.绿色低碳生产及绿色回收/5.3.1.建立了绿色生产/5.3.1.2废水、废气、废固报告""]","[""技术标""]",False,technical,technical-media-0097,formal_material_caption,绿色低碳资料,0.9,c2c1ed62ff99e26e54cc55d895b693d405ab00fd02d5609667a27721e8169e0a,,,possible_visual_duplicate,视觉疑似重复,来源于泰昌技术补充文件，历史位置为“专项投标文件/5.针对评审要素，需要补充的其他文件/5.3.绿色低碳生产及绿色回收/5.3.1.建立了绿色生产/5.3.1.2废水、废气、废固报告”。当前仅用于泰昌资料人工复核，未获准进入正式标书。,河北泰昌电力器材科技有限公司,河北泰昌电力器材科技有限公司,taichang-visual-review-432665b09a49c00cfc77,green_low_carbon,绿色低碳资料,False,资料：泰昌绿色低碳资料,否,blocked,尚未通过P0-06人工批准,False,优先核重,True,泰昌企业资料,c2c1ed62ff99e26e54cc55d895b693d405ab00fd02d5609667a27721e8169e0a,tender_scoring_derived,,否,不适用,[],review_only,仅限人工复核,media,查看原件并确认是新资产、重复资产或同一证据的不同载体,P006-G054,,needs_manual_review,需要人工复核,,产品库资料,泰昌绿色低碳资料历史候选第94页,,不适用,internal,企业内部资料,泰昌技术补充文件,泰昌技术补充文件,mixed_historical_bid,assets/template_words/技术补充文件.docx,94,（二）专项投标文件/5.针对评审要素，需要补充的其他文件/5.3.绿色低碳生产及绿色回收/5.3.1.建立了绿色生产/5.3.1.2废水、废气、废固报告,"[""泰昌"", ""绿色低碳资料"", ""历史标书候选"", ""技术标""]",product_library,产品库资料,taichang_only,不适用,泰昌绿色低碳资料历史候选第94页,needs_review,[]
taichang_tenant_internal,"[""专项投标文件/5.针对评审要素，需要补充的其他文件/5.3.绿色低碳生产及绿色回收/5.3.1.建立了绿色生产/5.3.1.2废水、废气、废固报告""]","[""技术标""]",False,technical,technical-media-0098,formal_material_caption,绿色低碳资料,0.9,896b6e54ad4881c2024096a98d272e83897dbe16bac74ee777765c605a86ab91,,,possible_visual_duplicate,视觉疑似重复,来源于泰昌技术补充文件，历史位置为“专项投标文件/5.针对评审要素，需要补充的其他文件/5.3.绿色低碳生产及绿色回收/5.3.1.建立了绿色生产/5.3.1.2废水、废气、废固报告”。当前仅用于泰昌资料人工复核，未获准进入正式标书。,河北泰昌电力器材科技有限公司,河北泰昌电力器材科技有限公司,taichang-visual-review-1768b6e3c2dab35f1d93,green_low_carbon,绿色低碳资料,False,资料：泰昌绿色低碳资料,否,blocked,尚未通过P0-06人工批准,False,优先核重,True,泰昌企业资料,896b6e54ad4881c2024096a98d272e83897dbe16bac74ee777765c605a86ab91,tender_scoring_derived,,否,不适用,[],review_only,仅限人工复核,media,查看原件并确认是新资产、重复资产或同一证据的不同载体,P006-G054,,needs_manual_review,需要人工复核,,产品库资料,泰昌绿色低碳资料历史候选第94页,,不适用,internal,企业内部资料,泰昌技术补充文件,泰昌技术补充文件,mixed_historical_bid,assets/template_words/技术补充文件.docx,94,（二）专项投标文件/5.针对评审要素，需要补充的其他文件/5.3.绿色低碳生产及绿色回收/5.3.1.建立了绿色生产/5.3.1.2废水、废气、废固报告,"[""泰昌"", ""绿色低碳资料"", ""历史标书候选"", ""技术标""]",product_library,产品库资料,taichang_only,不适用,泰昌绿色低碳资料历史候选第94页,needs_review,[]
taichang_tenant_internal,"[""专项投标文件/5.针对评审要素，需要补充的其他文件/5.3.绿色低碳生产及绿色回收/5.3.1.建立了绿色生产/5.3.1.2废水、废气、废固报告""]","[""技术标""]",False,technical,technical-media-0099,formal_material_caption,绿色低碳资料,0.9,4ae368b5a75aa330492e3c6006120acf50d37b3cd550478ebff34e1157e030e6,,,possible_visual_duplicate,视觉疑似重复,来源于泰昌技术补充文件，历史位置为“专项投标文件/5.针对评审要素，需要补充的其他文件/5.3.绿色低碳生产及绿色回收/5.3.1.建立了绿色生产/5.3.1.2废水、废气、废固报告”。当前仅用于泰昌资料人工复核，未获准进入正式标书。,河北泰昌电力器材科技有限公司,河北泰昌电力器材科技有限公司,taichang-visual-review-290cb8e7311fa166bcc6,green_low_carbon,绿色低碳资料,False,资料：泰昌绿色低碳资料,否,blocked,尚未通过P0-06人工批准,False,优先核重,True,泰昌企业资料,4ae368b5a75aa330492e3c6006120acf50d37b3cd550478ebff34e1157e030e6,tender_scoring_derived,,否,不适用,[],review_only,仅限人工复核,media,查看原件并确认是新资产、重复资产或同一证据的不同载体,P006-G054,,needs_manual_review,需要人工复核,,产品库资料,泰昌绿色低碳资料历史候选第94页,,不适用,internal,企业内部资料,泰昌技术补充文件,泰昌技术补充文件,mixed_historical_bid,assets/template_words/技术补充文件.docx,94,（二）专项投标文件/5.针对评审要素，需要补充的其他文件/5.3.绿色低碳生产及绿色回收/5.3.1.建立了绿色生产/5.3.1.2废水、废气、废固报告,"[""泰昌"", ""绿色低碳资料"", ""历史标书候选"", ""技术标""]",product_library,产品库资料,taichang_only,不适用,泰昌绿色低碳资料历史候选第94页,needs_review,[]
taichang_tenant_internal,"[""专项投标文件/5.针对评审要素，需要补充的其他文件/5.3.绿色低碳生产及绿色回收/5.3.1.建立了绿色生产/5.3.1.2废水、废气、废固报告""]","[""技术标""]",False,technical,technical-media-0100,formal_material_caption,绿色低碳资料,0.9,b8f2add01f97c112665ccf459a70c292055e1a079986518e53cc85d604f42d7d,,,possible_visual_duplicate,视觉疑似重复,来源于泰昌技术补充文件，历史位置为“专项投标文件/5.针对评审要素，需要补充的其他文件/5.3.绿色低碳生产及绿色回收/5.3.1.建立了绿色生产/5.3.1.2废水、废气、废固报告”。当前仅用于泰昌资料人工复核，未获准进入正式标书。,河北泰昌电力器材科技有限公司,河北泰昌电力器材科技有限公司,taichang-visual-review-a314c62b62deda8b46d3,green_low_carbon,绿色低碳资料,False,资料：泰昌绿色低碳资料,否,blocked,尚未通过P0-06人工批准,False,优先核重,True,泰昌企业资料,b8f2add01f97c112665ccf459a70c292055e1a079986518e53cc85d604f42d7d,tender_scoring_derived,,否,不适用,[],review_only,仅限人工复核,media,查看原件并确认是新资产、重复资产或同一证据的不同载体,P006-G054,,needs_manual_review,需要人工复核,,产品库资料,泰昌绿色低碳资料历史候选第94页,,不适用,internal,企业内部资料,泰昌技术补充文件,泰昌技术补充文件,mixed_historical_bid,assets/template_words/技术补充文件.docx,94,（二）专项投标文件/5.针对评审要素，需要补充的其他文件/5.3.绿色低碳生产及绿色回收/5.3.1.建立了绿色生产/5.3.1.2废水、废气、废固报告,"[""泰昌"", ""绿色低碳资料"", ""历史标书候选"", ""技术标""]",product_library,产品库资料,taichang_only,不适用,泰昌绿色低碳资料历史候选第94页,needs_review,[]
taichang_tenant_internal,"[""专项投标文件/5.针对评审要素，需要补充的其他文件/5.3.绿色低碳生产及绿色回收/5.3.1.建立了绿色生产/5.3.1.2废水、废气、废固报告""]","[""技术标""]",False,technical,technical-media-0101,formal_material_caption,绿色低碳资料,0.9,16f8e4105db610ef9ad1f92d563fd7fa1788542d9e9cc7c3700a1d45314a2ec3,,,possible_visual_duplicate,视觉疑似重复,来源于泰昌技术补充文件，历史位置为“专项投标文件/5.针对评审要素，需要补充的其他文件/5.3.绿色低碳生产及绿色回收/5.3.1.建立了绿色生产/5.3.1.2废水、废气、废固报告”。当前仅用于泰昌资料人工复核，未获准进入正式标书。,河北泰昌电力器材科技有限公司,河北泰昌电力器材科技有限公司,taichang-visual-review-6696ef55ee6a371d5f01,green_low_carbon,绿色低碳资料,False,资料：泰昌绿色低碳资料,否,blocked,尚未通过P0-06人工批准,False,优先核重,True,泰昌企业资料,16f8e4105db610ef9ad1f92d563fd7fa1788542d9e9cc7c3700a1d45314a2ec3,tender_scoring_derived,,否,不适用,[],review_only,仅限人工复核,media,查看原件并确认是新资产、重复资产或同一证据的不同载体,P006-G054,,needs_manual_review,需要人工复核,,产品库资料,泰昌绿色低碳资料历史候选第94页,,不适用,internal,企业内部资料,泰昌技术补充文件,泰昌技术补充文件,mixed_historical_bid,assets/template_words/技术补充文件.docx,94,（二）专项投标文件/5.针对评审要素，需要补充的其他文件/5.3.绿色低碳生产及绿色回收/5.3.1.建立了绿色生产/5.3.1.2废水、废气、废固报告,"[""泰昌"", ""绿色低碳资料"", ""历史标书候选"", ""技术标""]",product_library,产品库资料,taichang_only,不适用,泰昌绿色低碳资料历史候选第94页,needs_review,[]
taichang_tenant_internal,"[""专项投标文件/5.针对评审要素，需要补充的其他文件/5.3.绿色低碳生产及绿色回收/5.3.1.建立了绿色生产/5.3.1.2废水、废气、废固报告""]","[""技术标""]",False,technical,technical-media-0102,formal_material_caption,绿色低碳资料,0.9,b5e7e6503b048ccb870d2ab8c567dcbf1da812e0cc8ddfc1af1ec11726369712,,,possible_visual_duplicate,视觉疑似重复,来源于泰昌技术补充文件，历史位置为“专项投标文件/5.针对评审要素，需要补充的其他文件/5.3.绿色低碳生产及绿色回收/5.3.1.建立了绿色生产/5.3.1.2废水、废气、废固报告”。当前仅用于泰昌资料人工复核，未获准进入正式标书。,河北泰昌电力器材科技有限公司,河北泰昌电力器材科技有限公司,taichang-visual-review-82fcc7b55f699ab3a862,green_low_carbon,绿色低碳资料,False,资料：泰昌绿色低碳资料,否,blocked,尚未通过P0-06人工批准,False,优先核重,True,泰昌企业资料,b5e7e6503b048ccb870d2ab8c567dcbf1da812e0cc8ddfc1af1ec11726369712,tender_scoring_derived,,否,不适用,[],review_only,仅限人工复核,media,查看原件并确认是新资产、重复资产或同一证据的不同载体,P006-G054,,needs_manual_review,需要人工复核,,产品库资料,泰昌绿色低碳资料历史候选第94页,,不适用,internal,企业内部资料,泰昌技术补充文件,泰昌技术补充文件,mixed_historical_bid,assets/template_words/技术补充文件.docx,94,（二）专项投标文件/5.针对评审要素，需要补充的其他文件/5.3.绿色低碳生产及绿色回收/5.3.1.建立了绿色生产/5.3.1.2废水、废气、废固报告,"[""泰昌"", ""绿色低碳资料"", ""历史标书候选"", ""技术标""]",product_library,产品库资料,taichang_only,不适用,泰昌绿色低碳资料历史候选第94页,needs_review,[]
taichang_tenant_internal,"[""专项投标文件/5.针对评审要素，需要补充的其他文件/5.3.绿色低碳生产及绿色回收/5.3.1.建立了绿色生产/5.3.1.2废水、废气、废固报告""]","[""技术标""]",False,technical,technical-media-0103,formal_material_caption,绿色低碳资料,0.9,479898c47c7870c1d96be4afab55ba9197ae55f0dbaf9894b048c7bdc32bc2e1,,,possible_visual_duplicate,视觉疑似重复,来源于泰昌技术补充文件，历史位置为“专项投标文件/5.针对评审要素，需要补充的其他文件/5.3.绿色低碳生产及绿色回收/5.3.1.建立了绿色生产/5.3.1.2废水、废气、废固报告”。当前仅用于泰昌资料人工复核，未获准进入正式标书。,河北泰昌电力器材科技有限公司,河北泰昌电力器材科技有限公司,taichang-visual-review-ed71691c5d0f839c03cd,green_low_carbon,绿色低碳资料,False,资料：泰昌绿色低碳资料,否,blocked,尚未通过P0-06人工批准,False,优先核重,True,泰昌企业资料,479898c47c7870c1d96be4afab55ba9197ae55f0dbaf9894b048c7bdc32bc2e1,tender_scoring_derived,,否,不适用,[],review_only,仅限人工复核,media,查看原件并确认是新资产、重复资产或同一证据的不同载体,P006-G054,,needs_manual_review,需要人工复核,,产品库资料,泰昌绿色低碳资料历史候选第94页,,不适用,internal,企业内部资料,泰昌技术补充文件,泰昌技术补充文件,mixed_historical_bid,assets/template_words/技术补充文件.docx,94,（二）专项投标文件/5.针对评审要素，需要补充的其他文件/5.3.绿色低碳生产及绿色回收/5.3.1.建立了绿色生产/5.3.1.2废水、废气、废固报告,"[""泰昌"", ""绿色低碳资料"", ""历史标书候选"", ""技术标""]",product_library,产品库资料,taichang_only,不适用,泰昌绿色低碳资料历史候选第94页,needs_review,[]
taichang_tenant_internal,"[""专项投标文件/5.针对评审要素，需要补充的其他文件/5.3.绿色低碳生产及绿色回收/5.3.1.建立了绿色生产/5.3.1.2废水、废气、废固报告""]","[""技术标""]",False,technical,technical-media-0104,formal_material_caption,绿色低碳资料,0.9,f6f6a57e66448f67112dcf237c767f9b28e4b101b68a0167edf577521429f964,,,possible_visual_duplicate,视觉疑似重复,来源于泰昌技术补充文件，历史位置为“专项投标文件/5.针对评审要素，需要补充的其他文件/5.3.绿色低碳生产及绿色回收/5.3.1.建立了绿色生产/5.3.1.2废水、废气、废固报告”。当前仅用于泰昌资料人工复核，未获准进入正式标书。,河北泰昌电力器材科技有限公司,河北泰昌电力器材科技有限公司,taichang-visual-review-237de03be082f7692b2f,green_low_carbon,绿色低碳资料,False,资料：泰昌绿色低碳资料,否,blocked,尚未通过P0-06人工批准,False,优先核重,True,泰昌企业资料,f6f6a57e66448f67112dcf237c767f9b28e4b101b68a0167edf577521429f964,tender_scoring_derived,,否,不适用,[],review_only,仅限人工复核,media,查看原件并确认是新资产、重复资产或同一证据的不同载体,P006-G054,,needs_manual_review,需要人工复核,,产品库资料,泰昌绿色低碳资料历史候选第94页,,不适用,internal,企业内部资料,泰昌技术补充文件,泰昌技术补充文件,mixed_historical_bid,assets/template_words/技术补充文件.docx,94,（二）专项投标文件/5.针对评审要素，需要补充的其他文件/5.3.绿色低碳生产及绿色回收/5.3.1.建立了绿色生产/5.3.1.2废水、废气、废固报告,"[""泰昌"", ""绿色低碳资料"", ""历史标书候选"", ""技术标""]",product_library,产品库资料,taichang_only,不适用,泰昌绿色低碳资料历史候选第94页,needs_review,[]
taichang_tenant_internal,"[""专项投标文件/5.针对评审要素，需要补充的其他文件/5.3.绿色低碳生产及绿色回收/5.3.1.建立了绿色生产/5.3.1.2废水、废气、废固报告""]","[""技术标""]",False,technical,technical-media-0105,formal_material_caption,绿色低碳资料,0.9,499873f6405540c10e11678f274279f9ecd017bb9f69eecc22a291668de10c58,,,possible_visual_duplicate,视觉疑似重复,来源于泰昌技术补充文件，历史位置为“专项投标文件/5.针对评审要素，需要补充的其他文件/5.3.绿色低碳生产及绿色回收/5.3.1.建立了绿色生产/5.3.1.2废水、废气、废固报告”。当前仅用于泰昌资料人工复核，未获准进入正式标书。,河北泰昌电力器材科技有限公司,河北泰昌电力器材科技有限公司,taichang-visual-review-1b55d486b2ffa623cee3,green_low_carbon,绿色低碳资料,False,资料：泰昌绿色低碳资料,否,blocked,尚未通过P0-06人工批准,False,优先核重,True,泰昌企业资料,499873f6405540c10e11678f274279f9ecd017bb9f69eecc22a291668de10c58,tender_scoring_derived,,否,不适用,[],review_only,仅限人工复核,media,查看原件并确认是新资产、重复资产或同一证据的不同载体,P006-G054,,needs_manual_review,需要人工复核,,产品库资料,泰昌绿色低碳资料历史候选第94页,,不适用,internal,企业内部资料,泰昌技术补充文件,泰昌技术补充文件,mixed_historical_bid,assets/template_words/技术补充文件.docx,94,（二）专项投标文件/5.针对评审要素，需要补充的其他文件/5.3.绿色低碳生产及绿色回收/5.3.1.建立了绿色生产/5.3.1.2废水、废气、废固报告,"[""泰昌"", ""绿色低碳资料"", ""历史标书候选"", ""技术标""]",product_library,产品库资料,taichang_only,不适用,泰昌绿色低碳资料历史候选第94页,needs_review,[]
taichang_tenant_internal,"[""专项投标文件/5.针对评审要素，需要补充的其他文件/5.3.绿色低碳生产及绿色回收/5.3.1.建立了绿色生产/5.3.1.2废水、废气、废固报告""]","[""技术标""]",False,technical,technical-media-0106,formal_material_caption,绿色低碳资料,0.9,9986821bf3488d4ae04a8f9b21c06aa8f88a5eb44d39c8c9a6f6b4c6a09ddcea,,,possible_visual_duplicate,视觉疑似重复,来源于泰昌技术补充文件，历史位置为“专项投标文件/5.针对评审要素，需要补充的其他文件/5.3.绿色低碳生产及绿色回收/5.3.1.建立了绿色生产/5.3.1.2废水、废气、废固报告”。当前仅用于泰昌资料人工复核，未获准进入正式标书。,河北泰昌电力器材科技有限公司,河北泰昌电力器材科技有限公司,taichang-visual-review-5201c85412fa4e649d2e,green_low_carbon,绿色低碳资料,False,资料：泰昌绿色低碳资料,否,blocked,尚未通过P0-06人工批准,False,优先核重,True,泰昌企业资料,9986821bf3488d4ae04a8f9b21c06aa8f88a5eb44d39c8c9a6f6b4c6a09ddcea,tender_scoring_derived,,否,不适用,[],review_only,仅限人工复核,media,查看原件并确认是新资产、重复资产或同一证据的不同载体,P006-G054,,needs_manual_review,需要人工复核,,产品库资料,泰昌绿色低碳资料历史候选第94页,,不适用,internal,企业内部资料,泰昌技术补充文件,泰昌技术补充文件,mixed_historical_bid,assets/template_words/技术补充文件.docx,94,（二）专项投标文件/5.针对评审要素，需要补充的其他文件/5.3.绿色低碳生产及绿色回收/5.3.1.建立了绿色生产/5.3.1.2废水、废气、废固报告,"[""泰昌"", ""绿色低碳资料"", ""历史标书候选"", ""技术标""]",product_library,产品库资料,taichang_only,不适用,泰昌绿色低碳资料历史候选第94页,needs_review,[]
taichang_tenant_internal,"[""专项投标文件/5.针对评审要素，需要补充的其他文件/5.3.绿色低碳生产及绿色回收/5.3.1.建立了绿色生产/5.3.1.2废水、废气、废固报告""]","[""技术标""]",False,technical,technical-media-0107,formal_material_caption,绿色低碳资料,0.9,588d8803f7b67b04a43e4a0013cb1ed5f987a44b15c9b00aaba9c132eaa928b3,,,possible_visual_duplicate,视觉疑似重复,来源于泰昌技术补充文件，历史位置为“专项投标文件/5.针对评审要素，需要补充的其他文件/5.3.绿色低碳生产及绿色回收/5.3.1.建立了绿色生产/5.3.1.2废水、废气、废固报告”。当前仅用于泰昌资料人工复核，未获准进入正式标书。,河北泰昌电力器材科技有限公司,河北泰昌电力器材科技有限公司,taichang-visual-review-5c44ec2b7eff6b5a758b,green_low_carbon,绿色低碳资料,False,资料：泰昌绿色低碳资料,否,blocked,尚未通过P0-06人工批准,False,优先核重,True,泰昌企业资料,588d8803f7b67b04a43e4a0013cb1ed5f987a44b15c9b00aaba9c132eaa928b3,tender_scoring_derived,,否,不适用,[],review_only,仅限人工复核,media,查看原件并确认是新资产、重复资产或同一证据的不同载体,P006-G054,,needs_manual_review,需要人工复核,,产品库资料,泰昌绿色低碳资料历史候选第94页,,不适用,internal,企业内部资料,泰昌技术补充文件,泰昌技术补充文件,mixed_historical_bid,assets/template_words/技术补充文件.docx,94,（二）专项投标文件/5.针对评审要素，需要补充的其他文件/5.3.绿色低碳生产及绿色回收/5.3.1.建立了绿色生产/5.3.1.2废水、废气、废固报告,"[""泰昌"", ""绿色低碳资料"", ""历史标书候选"", ""技术标""]",product_library,产品库资料,taichang_only,不适用,泰昌绿色低碳资料历史候选第94页,needs_review,[]
taichang_tenant_internal,"[""专项投标文件/5.针对评审要素，需要补充的其他文件/5.3.绿色低碳生产及绿色回收/5.3.1.建立了绿色生产/5.3.1.2废水、废气、废固报告""]","[""技术标""]",False,technical,technical-media-0108,formal_material_caption,绿色低碳资料,0.9,9faab1147ebaafa065624fd2f9808e2ef15677050d630a71f5f42cfe1f5568fe,,,possible_visual_duplicate,视觉疑似重复,来源于泰昌技术补充文件，历史位置为“专项投标文件/5.针对评审要素，需要补充的其他文件/5.3.绿色低碳生产及绿色回收/5.3.1.建立了绿色生产/5.3.1.2废水、废气、废固报告”。当前仅用于泰昌资料人工复核，未获准进入正式标书。,河北泰昌电力器材科技有限公司,河北泰昌电力器材科技有限公司,taichang-visual-review-563e861273189c0c7c28,green_low_carbon,绿色低碳资料,False,资料：泰昌绿色低碳资料,否,blocked,尚未通过P0-06人工批准,False,优先核重,True,泰昌企业资料,9faab1147ebaafa065624fd2f9808e2ef15677050d630a71f5f42cfe1f5568fe,tender_scoring_derived,,否,不适用,[],review_only,仅限人工复核,media,查看原件并确认是新资产、重复资产或同一证据的不同载体,P006-G054,,needs_manual_review,需要人工复核,,产品库资料,泰昌绿色低碳资料历史候选第94页,,不适用,internal,企业内部资料,泰昌技术补充文件,泰昌技术补充文件,mixed_historical_bid,assets/template_words/技术补充文件.docx,94,（二）专项投标文件/5.针对评审要素，需要补充的其他文件/5.3.绿色低碳生产及绿色回收/5.3.1.建立了绿色生产/5.3.1.2废水、废气、废固报告,"[""泰昌"", ""绿色低碳资料"", ""历史标书候选"", ""技术标""]",product_library,产品库资料,taichang_only,不适用,泰昌绿色低碳资料历史候选第94页,needs_review,[]
taichang_tenant_internal,"[""专项投标文件/5.针对评审要素，需要补充的其他文件/5.3.绿色低碳生产及绿色回收/5.3.1.建立了绿色生产/5.3.1.2废水、废气、废固报告""]","[""技术标""]",False,technical,technical-media-0109,formal_material_caption,绿色低碳资料,0.9,ba09806dd491589dff85535255125521d1a320f0e21a14b79a3c20f32352b35e,,,possible_visual_duplicate,视觉疑似重复,来源于泰昌技术补充文件，历史位置为“专项投标文件/5.针对评审要素，需要补充的其他文件/5.3.绿色低碳生产及绿色回收/5.3.1.建立了绿色生产/5.3.1.2废水、废气、废固报告”。当前仅用于泰昌资料人工复核，未获准进入正式标书。,河北泰昌电力器材科技有限公司,河北泰昌电力器材科技有限公司,taichang-visual-review-87b5bcb05af280e21ef8,green_low_carbon,绿色低碳资料,False,资料：泰昌绿色低碳资料,否,blocked,尚未通过P0-06人工批准,False,优先核重,True,泰昌企业资料,ba09806dd491589dff85535255125521d1a320f0e21a14b79a3c20f32352b35e,tender_scoring_derived,,否,不适用,[],review_only,仅限人工复核,media,查看原件并确认是新资产、重复资产或同一证据的不同载体,P006-G054,,needs_manual_review,需要人工复核,,产品库资料,泰昌绿色低碳资料历史候选第94页,,不适用,internal,企业内部资料,泰昌技术补充文件,泰昌技术补充文件,mixed_historical_bid,assets/template_words/技术补充文件.docx,94,（二）专项投标文件/5.针对评审要素，需要补充的其他文件/5.3.绿色低碳生产及绿色回收/5.3.1.建立了绿色生产/5.3.1.2废水、废气、废固报告,"[""泰昌"", ""绿色低碳资料"", ""历史标书候选"", ""技术标""]",product_library,产品库资料,taichang_only,不适用,泰昌绿色低碳资料历史候选第94页,needs_review,[]
taichang_tenant_internal,"[""专项投标文件/5.针对评审要素，需要补充的其他文件/5.3.绿色低碳生产及绿色回收/5.3.1.建立了绿色生产/5.3.1.2废水、废气、废固报告""]","[""技术标""]",False,technical,technical-media-0110,formal_material_caption,绿色低碳资料,0.9,9fc2e200f1380cc03b9b37a78e7f94de68cd477d4d218839566a52232e962998,,,possible_visual_duplicate,视觉疑似重复,来源于泰昌技术补充文件，历史位置为“专项投标文件/5.针对评审要素，需要补充的其他文件/5.3.绿色低碳生产及绿色回收/5.3.1.建立了绿色生产/5.3.1.2废水、废气、废固报告”。当前仅用于泰昌资料人工复核，未获准进入正式标书。,河北泰昌电力器材科技有限公司,河北泰昌电力器材科技有限公司,taichang-visual-review-22d25ab9ecb81a60f30e,green_low_carbon,绿色低碳资料,False,资料：泰昌绿色低碳资料,否,blocked,尚未通过P0-06人工批准,False,优先核重,True,泰昌企业资料,9fc2e200f1380cc03b9b37a78e7f94de68cd477d4d218839566a52232e962998,tender_scoring_derived,,否,不适用,[],review_only,仅限人工复核,media,查看原件并确认是新资产、重复资产或同一证据的不同载体,P006-G054,,needs_manual_review,需要人工复核,,产品库资料,泰昌绿色低碳资料历史候选第94页,,不适用,internal,企业内部资料,泰昌技术补充文件,泰昌技术补充文件,mixed_historical_bid,assets/template_words/技术补充文件.docx,94,（二）专项投标文件/5.针对评审要素，需要补充的其他文件/5.3.绿色低碳生产及绿色回收/5.3.1.建立了绿色生产/5.3.1.2废水、废气、废固报告,"[""泰昌"", ""绿色低碳资料"", ""历史标书候选"", ""技术标""]",product_library,产品库资料,taichang_only,不适用,泰昌绿色低碳资料历史候选第94页,needs_review,[]
taichang_tenant_internal,"[""专项投标文件/5.针对评审要素，需要补充的其他文件/5.3.绿色低碳生产及绿色回收/5.3.1.建立了绿色生产/5.3.1.2废水、废气、废固报告""]","[""技术标""]",False,technical,technical-media-0111,formal_material_caption,绿色低碳资料,0.9,8f9d12a787446e50ee40a078e169fd53165c84873183815d3b977cd7179d6344,,,possible_visual_duplicate,视觉疑似重复,来源于泰昌技术补充文件，历史位置为“专项投标文件/5.针对评审要素，需要补充的其他文件/5.3.绿色低碳生产及绿色回收/5.3.1.建立了绿色生产/5.3.1.2废水、废气、废固报告”。当前仅用于泰昌资料人工复核，未获准进入正式标书。,河北泰昌电力器材科技有限公司,河北泰昌电力器材科技有限公司,taichang-visual-review-c0c450ff30e2c21edfd5,green_low_carbon,绿色低碳资料,False,资料：泰昌绿色低碳资料,否,blocked,尚未通过P0-06人工批准,False,优先核重,True,泰昌企业资料,8f9d12a787446e50ee40a078e169fd53165c84873183815d3b977cd7179d6344,tender_scoring_derived,,否,不适用,[],review_only,仅限人工复核,media,查看原件并确认是新资产、重复资产或同一证据的不同载体,P006-G054,,needs_manual_review,需要人工复核,,产品库资料,泰昌绿色低碳资料历史候选第94页,,不适用,internal,企业内部资料,泰昌技术补充文件,泰昌技术补充文件,mixed_historical_bid,assets/template_words/技术补充文件.docx,94,（二）专项投标文件/5.针对评审要素，需要补充的其他文件/5.3.绿色低碳生产及绿色回收/5.3.1.建立了绿色生产/5.3.1.2废水、废气、废固报告,"[""泰昌"", ""绿色低碳资料"", ""历史标书候选"", ""技术标""]",product_library,产品库资料,taichang_only,不适用,泰昌绿色低碳资料历史候选第94页,needs_review,[]
taichang_tenant_internal,"[""专项投标文件/5.针对评审要素，需要补充的其他文件/5.3.绿色低碳生产及绿色回收/5.3.1.建立了绿色生产/5.3.1.2废水、废气、废固报告""]","[""技术标""]",False,technical,technical-media-0112,formal_material_caption,绿色低碳资料,0.9,685812d25e29b09f6c3f5b146fb53fd45614e461f55be101e3e7b8a7458207d2,,,possible_visual_duplicate,视觉疑似重复,来源于泰昌技术补充文件，历史位置为“专项投标文件/5.针对评审要素，需要补充的其他文件/5.3.绿色低碳生产及绿色回收/5.3.1.建立了绿色生产/5.3.1.2废水、废气、废固报告”。当前仅用于泰昌资料人工复核，未获准进入正式标书。,河北泰昌电力器材科技有限公司,河北泰昌电力器材科技有限公司,taichang-visual-review-5356a247ca2ad3660c1e,green_low_carbon,绿色低碳资料,False,资料：泰昌绿色低碳资料,否,blocked,尚未通过P0-06人工批准,False,优先核重,True,泰昌企业资料,685812d25e29b09f6c3f5b146fb53fd45614e461f55be101e3e7b8a7458207d2,tender_scoring_derived,,否,不适用,[],review_only,仅限人工复核,media,查看原件并确认是新资产、重复资产或同一证据的不同载体,P006-G054,,needs_manual_review,需要人工复核,,产品库资料,泰昌绿色低碳资料历史候选第94页,,不适用,internal,企业内部资料,泰昌技术补充文件,泰昌技术补充文件,mixed_historical_bid,assets/template_words/技术补充文件.docx,94,（二）专项投标文件/5.针对评审要素，需要补充的其他文件/5.3.绿色低碳生产及绿色回收/5.3.1.建立了绿色生产/5.3.1.2废水、废气、废固报告,"[""泰昌"", ""绿色低碳资料"", ""历史标书候选"", ""技术标""]",product_library,产品库资料,taichang_only,不适用,泰昌绿色低碳资料历史候选第94页,needs_review,[]
taichang_tenant_internal,"[""专项投标文件/5.针对评审要素，需要补充的其他文件/5.3.绿色低碳生产及绿色回收/5.3.1.建立了绿色生产/5.3.1.3.现状环境影响评估报告""]","[""技术标""]",False,technical,technical-media-0113,formal_material_caption,绿色低碳资料,0.9,8e24f6a724ab97a277d1d2c86f891803db59984c28c196c5883f61389929cd77,,,new,未发现重复，仍需审核,来源于泰昌技术补充文件，历史位置为“专项投标文件/5.针对评审要素，需要补充的其他文件/5.3.绿色低碳生产及绿色回收/5.3.1.建立了绿色生产/5.3.1.3.现状环境影响评估报告”。当前仅用于泰昌资料人工复核，未获准进入正式标书。,河北泰昌电力器材科技有限公司,河北泰昌电力器材科技有限公司,,green_low_carbon,绿色低碳资料,False,资料：泰昌绿色低碳资料,否,blocked,尚未通过P0-06人工批准,False,核验整份原始资料,True,泰昌企业资料,8e24f6a724ab97a277d1d2c86f891803db59984c28c196c5883f61389929cd77,tender_scoring_derived,,否,不适用,[],review_only,仅限人工复核,media,连续内嵌页应按完整报告或证据包审核，不逐页新建业务资产,P006-G055,,needs_customer_confirmation,需要客户确认,,产品库资料,泰昌绿色低碳资料历史候选第128页,,不适用,internal,企业内部资料,泰昌技术补充文件,泰昌技术补充文件,mixed_historical_bid,assets/template_words/技术补充文件.docx,128,（二）专项投标文件/5.针对评审要素，需要补充的其他文件/5.3.绿色低碳生产及绿色回收/5.3.1.建立了绿色生产/5.3.1.3.现状环境影响评估报告,"[""泰昌"", ""绿色低碳资料"", ""历史标书候选"", ""技术标""]",product_library,产品库资料,taichang_only,不适用,泰昌绿色低碳资料历史候选第128页,needs_review,[]
taichang_tenant_internal,"[""专项投标文件/5.针对评审要素，需要补充的其他文件/5.3.绿色低碳生产及绿色回收/5.3.1.建立了绿色生产/5.3.1.3.现状环境影响评估报告""]","[""技术标""]",False,technical,technical-media-0114,formal_material_caption,绿色低碳资料,0.9,7d1d24a2e7f12ae1c9d2e7ea02fe5edaec20cb1c540c8fae1abbcdfb2146f1ea,,,new,未发现重复，仍需审核,来源于泰昌技术补充文件，历史位置为“专项投标文件/5.针对评审要素，需要补充的其他文件/5.3.绿色低碳生产及绿色回收/5.3.1.建立了绿色生产/5.3.1.3.现状环境影响评估报告”。当前仅用于泰昌资料人工复核，未获准进入正式标书。,河北泰昌电力器材科技有限公司,河北泰昌电力器材科技有限公司,,green_low_carbon,绿色低碳资料,False,资料：泰昌绿色低碳资料,否,blocked,尚未通过P0-06人工批准,False,核验整份原始资料,True,泰昌企业资料,7d1d24a2e7f12ae1c9d2e7ea02fe5edaec20cb1c540c8fae1abbcdfb2146f1ea,tender_scoring_derived,,否,不适用,[],review_only,仅限人工复核,media,连续内嵌页应按完整报告或证据包审核，不逐页新建业务资产,P006-G055,,needs_customer_confirmation,需要客户确认,,产品库资料,泰昌绿色低碳资料历史候选第128页,,不适用,internal,企业内部资料,泰昌技术补充文件,泰昌技术补充文件,mixed_historical_bid,assets/template_words/技术补充文件.docx,128,（二）专项投标文件/5.针对评审要素，需要补充的其他文件/5.3.绿色低碳生产及绿色回收/5.3.1.建立了绿色生产/5.3.1.3.现状环境影响评估报告,"[""泰昌"", ""绿色低碳资料"", ""历史标书候选"", ""技术标""]",product_library,产品库资料,taichang_only,不适用,泰昌绿色低碳资料历史候选第128页,needs_review,[]
taichang_tenant_internal,"[""专项投标文件/5.针对评审要素，需要补充的其他文件/5.3.绿色低碳生产及绿色回收/5.3.1.建立了绿色生产/5.3.1.3.现状环境影响评估报告""]","[""技术标""]",False,technical,technical-media-0115,formal_material_caption,绿色低碳资料,0.9,bbe38d2c7dee30948389dc25fe42c074fce74c1c46189affee0900a8f77f7f96,,,new,未发现重复，仍需审核,来源于泰昌技术补充文件，历史位置为“专项投标文件/5.针对评审要素，需要补充的其他文件/5.3.绿色低碳生产及绿色回收/5.3.1.建立了绿色生产/5.3.1.3.现状环境影响评估报告”。当前仅用于泰昌资料人工复核，未获准进入正式标书。,河北泰昌电力器材科技有限公司,河北泰昌电力器材科技有限公司,,green_low_carbon,绿色低碳资料,False,资料：泰昌绿色低碳资料,否,blocked,尚未通过P0-06人工批准,False,核验整份原始资料,True,泰昌企业资料,bbe38d2c7dee30948389dc25fe42c074fce74c1c46189affee0900a8f77f7f96,tender_scoring_derived,,否,不适用,[],review_only,仅限人工复核,media,连续内嵌页应按完整报告或证据包审核，不逐页新建业务资产,P006-G055,,needs_customer_confirmation,需要客户确认,,产品库资料,泰昌绿色低碳资料历史候选第128页,,不适用,internal,企业内部资料,泰昌技术补充文件,泰昌技术补充文件,mixed_historical_bid,assets/template_words/技术补充文件.docx,128,（二）专项投标文件/5.针对评审要素，需要补充的其他文件/5.3.绿色低碳生产及绿色回收/5.3.1.建立了绿色生产/5.3.1.3.现状环境影响评估报告,"[""泰昌"", ""绿色低碳资料"", ""历史标书候选"", ""技术标""]",product_library,产品库资料,taichang_only,不适用,泰昌绿色低碳资料历史候选第128页,needs_review,[]
taichang_tenant_internal,"[""专项投标文件/5.针对评审要素，需要补充的其他文件/5.3.绿色低碳生产及绿色回收/5.3.1.建立了绿色生产/5.3.1.3.现状环境影响评估报告""]","[""技术标""]",False,technical,technical-media-0116,formal_material_caption,绿色低碳资料,0.9,7dbc70784a36053d79fe5a601ad065eea400999a0660474e13993cd1c2f0d4bb,,,new,未发现重复，仍需审核,来源于泰昌技术补充文件，历史位置为“专项投标文件/5.针对评审要素，需要补充的其他文件/5.3.绿色低碳生产及绿色回收/5.3.1.建立了绿色生产/5.3.1.3.现状环境影响评估报告”。当前仅用于泰昌资料人工复核，未获准进入正式标书。,河北泰昌电力器材科技有限公司,河北泰昌电力器材科技有限公司,,green_low_carbon,绿色低碳资料,False,资料：泰昌绿色低碳资料,否,blocked,尚未通过P0-06人工批准,False,核验整份原始资料,True,泰昌企业资料,7dbc70784a36053d79fe5a601ad065eea400999a0660474e13993cd1c2f0d4bb,tender_scoring_derived,,否,不适用,[],review_only,仅限人工复核,media,连续内嵌页应按完整报告或证据包审核，不逐页新建业务资产,P006-G055,,needs_customer_confirmation,需要客户确认,,产品库资料,泰昌绿色低碳资料历史候选第128页,,不适用,internal,企业内部资料,泰昌技术补充文件,泰昌技术补充文件,mixed_historical_bid,assets/template_words/技术补充文件.docx,128,（二）专项投标文件/5.针对评审要素，需要补充的其他文件/5.3.绿色低碳生产及绿色回收/5.3.1.建立了绿色生产/5.3.1.3.现状环境影响评估报告,"[""泰昌"", ""绿色低碳资料"", ""历史标书候选"", ""技术标""]",product_library,产品库资料,taichang_only,不适用,泰昌绿色低碳资料历史候选第128页,needs_review,[]
taichang_tenant_internal,"[""专项投标文件/5.针对评审要素，需要补充的其他文件/5.3.绿色低碳生产及绿色回收/5.3.1.建立了绿色生产/5.3.1.3.现状环境影响评估报告""]","[""技术标""]",False,technical,technical-media-0117,formal_material_caption,绿色低碳资料,0.9,b2006428acf2873c9c774620c1721a97d2424928f4799409e86f08cc404af1d0,,,new,未发现重复，仍需审核,来源于泰昌技术补充文件，历史位置为“专项投标文件/5.针对评审要素，需要补充的其他文件/5.3.绿色低碳生产及绿色回收/5.3.1.建立了绿色生产/5.3.1.3.现状环境影响评估报告”。当前仅用于泰昌资料人工复核，未获准进入正式标书。,河北泰昌电力器材科技有限公司,河北泰昌电力器材科技有限公司,,green_low_carbon,绿色低碳资料,False,资料：泰昌绿色低碳资料,否,blocked,尚未通过P0-06人工批准,False,核验整份原始资料,True,泰昌企业资料,b2006428acf2873c9c774620c1721a97d2424928f4799409e86f08cc404af1d0,tender_scoring_derived,,否,不适用,[],review_only,仅限人工复核,media,连续内嵌页应按完整报告或证据包审核，不逐页新建业务资产,P006-G055,,needs_customer_confirmation,需要客户确认,,产品库资料,泰昌绿色低碳资料历史候选第128页,,不适用,internal,企业内部资料,泰昌技术补充文件,泰昌技术补充文件,mixed_historical_bid,assets/template_words/技术补充文件.docx,128,（二）专项投标文件/5.针对评审要素，需要补充的其他文件/5.3.绿色低碳生产及绿色回收/5.3.1.建立了绿色生产/5.3.1.3.现状环境影响评估报告,"[""泰昌"", ""绿色低碳资料"", ""历史标书候选"", ""技术标""]",product_library,产品库资料,taichang_only,不适用,泰昌绿色低碳资料历史候选第128页,needs_review,[]
taichang_tenant_internal,"[""专项投标文件/5.针对评审要素，需要补充的其他文件/5.3.绿色低碳生产及绿色回收/5.3.1.建立了绿色生产/5.3.1.3.现状环境影响评估报告""]","[""技术标""]",False,technical,technical-media-0118,formal_material_caption,绿色低碳资料,0.9,993640090a656b25cdce4684e9464de4c040760296847853f703ad0c8c9b3d31,,,new,未发现重复，仍需审核,来源于泰昌技术补充文件，历史位置为“专项投标文件/5.针对评审要素，需要补充的其他文件/5.3.绿色低碳生产及绿色回收/5.3.1.建立了绿色生产/5.3.1.3.现状环境影响评估报告”。当前仅用于泰昌资料人工复核，未获准进入正式标书。,河北泰昌电力器材科技有限公司,河北泰昌电力器材科技有限公司,,green_low_carbon,绿色低碳资料,False,资料：泰昌绿色低碳资料,否,blocked,尚未通过P0-06人工批准,False,核验整份原始资料,True,泰昌企业资料,993640090a656b25cdce4684e9464de4c040760296847853f703ad0c8c9b3d31,tender_scoring_derived,,否,不适用,[],review_only,仅限人工复核,media,连续内嵌页应按完整报告或证据包审核，不逐页新建业务资产,P006-G055,,needs_customer_confirmation,需要客户确认,,产品库资料,泰昌绿色低碳资料历史候选第128页,,不适用,internal,企业内部资料,泰昌技术补充文件,泰昌技术补充文件,mixed_historical_bid,assets/template_words/技术补充文件.docx,128,（二）专项投标文件/5.针对评审要素，需要补充的其他文件/5.3.绿色低碳生产及绿色回收/5.3.1.建立了绿色生产/5.3.1.3.现状环境影响评估报告,"[""泰昌"", ""绿色低碳资料"", ""历史标书候选"", ""技术标""]",product_library,产品库资料,taichang_only,不适用,泰昌绿色低碳资料历史候选第128页,needs_review,[]
taichang_tenant_internal,"[""专项投标文件/5.针对评审要素，需要补充的其他文件/5.3.绿色低碳生产及绿色回收/5.3.1.建立了绿色生产/5.3.1.3.现状环境影响评估报告""]","[""技术标""]",False,technical,technical-media-0119,formal_material_caption,绿色低碳资料,0.9,47dfbd34a32b588e1bd59470918b25f7289664602e450bd4dd339ab559a8187f,,,new,未发现重复，仍需审核,来源于泰昌技术补充文件，历史位置为“专项投标文件/5.针对评审要素，需要补充的其他文件/5.3.绿色低碳生产及绿色回收/5.3.1.建立了绿色生产/5.3.1.3.现状环境影响评估报告”。当前仅用于泰昌资料人工复核，未获准进入正式标书。,河北泰昌电力器材科技有限公司,河北泰昌电力器材科技有限公司,,green_low_carbon,绿色低碳资料,False,资料：泰昌绿色低碳资料,否,blocked,尚未通过P0-06人工批准,False,核验整份原始资料,True,泰昌企业资料,47dfbd34a32b588e1bd59470918b25f7289664602e450bd4dd339ab559a8187f,tender_scoring_derived,,否,不适用,[],review_only,仅限人工复核,media,连续内嵌页应按完整报告或证据包审核，不逐页新建业务资产,P006-G055,,needs_customer_confirmation,需要客户确认,,产品库资料,泰昌绿色低碳资料历史候选第128页,,不适用,internal,企业内部资料,泰昌技术补充文件,泰昌技术补充文件,mixed_historical_bid,assets/template_words/技术补充文件.docx,128,（二）专项投标文件/5.针对评审要素，需要补充的其他文件/5.3.绿色低碳生产及绿色回收/5.3.1.建立了绿色生产/5.3.1.3.现状环境影响评估报告,"[""泰昌"", ""绿色低碳资料"", ""历史标书候选"", ""技术标""]",product_library,产品库资料,taichang_only,不适用,泰昌绿色低碳资料历史候选第128页,needs_review,[]
taichang_tenant_internal,"[""专项投标文件/5.针对评审要素，需要补充的其他文件/5.3.绿色低碳生产及绿色回收/5.3.1.建立了绿色生产/5.3.1.3.现状环境影响评估报告""]","[""技术标""]",False,technical,technical-media-0120,formal_material_caption,绿色低碳资料,0.9,15e045907d29a4fd81f083cf246a70d5248ae9a8d1bc55a2323e0dc4bbc56c46,,,new,未发现重复，仍需审核,来源于泰昌技术补充文件，历史位置为“专项投标文件/5.针对评审要素，需要补充的其他文件/5.3.绿色低碳生产及绿色回收/5.3.1.建立了绿色生产/5.3.1.3.现状环境影响评估报告”。当前仅用于泰昌资料人工复核，未获准进入正式标书。,河北泰昌电力器材科技有限公司,河北泰昌电力器材科技有限公司,,green_low_carbon,绿色低碳资料,False,资料：泰昌绿色低碳资料,否,blocked,尚未通过P0-06人工批准,False,核验整份原始资料,True,泰昌企业资料,15e045907d29a4fd81f083cf246a70d5248ae9a8d1bc55a2323e0dc4bbc56c46,tender_scoring_derived,,否,不适用,[],review_only,仅限人工复核,media,连续内嵌页应按完整报告或证据包审核，不逐页新建业务资产,P006-G055,,needs_customer_confirmation,需要客户确认,,产品库资料,泰昌绿色低碳资料历史候选第128页,,不适用,internal,企业内部资料,泰昌技术补充文件,泰昌技术补充文件,mixed_historical_bid,assets/template_words/技术补充文件.docx,128,（二）专项投标文件/5.针对评审要素，需要补充的其他文件/5.3.绿色低碳生产及绿色回收/5.3.1.建立了绿色生产/5.3.1.3.现状环境影响评估报告,"[""泰昌"", ""绿色低碳资料"", ""历史标书候选"", ""技术标""]",product_library,产品库资料,taichang_only,不适用,泰昌绿色低碳资料历史候选第128页,needs_review,[]
taichang_tenant_internal,"[""专项投标文件/5.针对评审要素，需要补充的其他文件/5.3.绿色低碳生产及绿色回收/5.3.1.建立了绿色生产/5.3.1.3.现状环境影响评估报告""]","[""技术标""]",False,technical,technical-media-0121,formal_material_caption,绿色低碳资料,0.9,bb7519dfc61be6ec193f527a77f0ec24c38205689472f95898e6b014f89d6215,,,new,未发现重复，仍需审核,来源于泰昌技术补充文件，历史位置为“专项投标文件/5.针对评审要素，需要补充的其他文件/5.3.绿色低碳生产及绿色回收/5.3.1.建立了绿色生产/5.3.1.3.现状环境影响评估报告”。当前仅用于泰昌资料人工复核，未获准进入正式标书。,河北泰昌电力器材科技有限公司,河北泰昌电力器材科技有限公司,,green_low_carbon,绿色低碳资料,False,资料：泰昌绿色低碳资料,否,blocked,尚未通过P0-06人工批准,False,核验整份原始资料,True,泰昌企业资料,bb7519dfc61be6ec193f527a77f0ec24c38205689472f95898e6b014f89d6215,tender_scoring_derived,,否,不适用,[],review_only,仅限人工复核,media,连续内嵌页应按完整报告或证据包审核，不逐页新建业务资产,P006-G055,,needs_customer_confirmation,需要客户确认,,产品库资料,泰昌绿色低碳资料历史候选第128页,,不适用,internal,企业内部资料,泰昌技术补充文件,泰昌技术补充文件,mixed_historical_bid,assets/template_words/技术补充文件.docx,128,（二）专项投标文件/5.针对评审要素，需要补充的其他文件/5.3.绿色低碳生产及绿色回收/5.3.1.建立了绿色生产/5.3.1.3.现状环境影响评估报告,"[""泰昌"", ""绿色低碳资料"", ""历史标书候选"", ""技术标""]",product_library,产品库资料,taichang_only,不适用,泰昌绿色低碳资料历史候选第128页,needs_review,[]
taichang_tenant_internal,"[""专项投标文件/5.针对评审要素，需要补充的其他文件/5.3.绿色低碳生产及绿色回收/5.3.1.建立了绿色生产/5.3.1.3.现状环境影响评估报告""]","[""技术标""]",False,technical,technical-media-0122,formal_material_caption,绿色低碳资料,0.9,f3c5130a731320a4ffab7902dc3eba222c714806a4513c7a929684dc83d5e967,,,new,未发现重复，仍需审核,来源于泰昌技术补充文件，历史位置为“专项投标文件/5.针对评审要素，需要补充的其他文件/5.3.绿色低碳生产及绿色回收/5.3.1.建立了绿色生产/5.3.1.3.现状环境影响评估报告”。当前仅用于泰昌资料人工复核，未获准进入正式标书。,河北泰昌电力器材科技有限公司,河北泰昌电力器材科技有限公司,,green_low_carbon,绿色低碳资料,False,资料：泰昌绿色低碳资料,否,blocked,尚未通过P0-06人工批准,False,核验整份原始资料,True,泰昌企业资料,f3c5130a731320a4ffab7902dc3eba222c714806a4513c7a929684dc83d5e967,tender_scoring_derived,,否,不适用,[],review_only,仅限人工复核,media,连续内嵌页应按完整报告或证据包审核，不逐页新建业务资产,P006-G055,,needs_customer_confirmation,需要客户确认,,产品库资料,泰昌绿色低碳资料历史候选第128页,,不适用,internal,企业内部资料,泰昌技术补充文件,泰昌技术补充文件,mixed_historical_bid,assets/template_words/技术补充文件.docx,128,（二）专项投标文件/5.针对评审要素，需要补充的其他文件/5.3.绿色低碳生产及绿色回收/5.3.1.建立了绿色生产/5.3.1.3.现状环境影响评估报告,"[""泰昌"", ""绿色低碳资料"", ""历史标书候选"", ""技术标""]",product_library,产品库资料,taichang_only,不适用,泰昌绿色低碳资料历史候选第128页,needs_review,[]
taichang_tenant_internal,"[""专项投标文件/5.针对评审要素，需要补充的其他文件/5.3.绿色低碳生产及绿色回收/5.3.1.建立了绿色生产/5.3.1.3.现状环境影响评估报告""]","[""技术标""]",False,technical,technical-media-0123,formal_material_caption,绿色低碳资料,0.9,94f33be3e1899ed94b2e5c206df57343762376b81c120427392ac0a2cb36152e,,,new,未发现重复，仍需审核,来源于泰昌技术补充文件，历史位置为“专项投标文件/5.针对评审要素，需要补充的其他文件/5.3.绿色低碳生产及绿色回收/5.3.1.建立了绿色生产/5.3.1.3.现状环境影响评估报告”。当前仅用于泰昌资料人工复核，未获准进入正式标书。,河北泰昌电力器材科技有限公司,河北泰昌电力器材科技有限公司,,green_low_carbon,绿色低碳资料,False,资料：泰昌绿色低碳资料,否,blocked,尚未通过P0-06人工批准,False,核验整份原始资料,True,泰昌企业资料,94f33be3e1899ed94b2e5c206df57343762376b81c120427392ac0a2cb36152e,tender_scoring_derived,,否,不适用,[],review_only,仅限人工复核,media,连续内嵌页应按完整报告或证据包审核，不逐页新建业务资产,P006-G055,,needs_customer_confirmation,需要客户确认,,产品库资料,泰昌绿色低碳资料历史候选第128页,,不适用,internal,企业内部资料,泰昌技术补充文件,泰昌技术补充文件,mixed_historical_bid,assets/template_words/技术补充文件.docx,128,（二）专项投标文件/5.针对评审要素，需要补充的其他文件/5.3.绿色低碳生产及绿色回收/5.3.1.建立了绿色生产/5.3.1.3.现状环境影响评估报告,"[""泰昌"", ""绿色低碳资料"", ""历史标书候选"", ""技术标""]",product_library,产品库资料,taichang_only,不适用,泰昌绿色低碳资料历史候选第128页,needs_review,[]
taichang_tenant_internal,"[""专项投标文件/5.针对评审要素，需要补充的其他文件/5.3.绿色低碳生产及绿色回收/5.3.1.建立了绿色生产/5.3.1.3.现状环境影响评估报告""]","[""技术标""]",False,technical,technical-media-0124,formal_material_caption,绿色低碳资料,0.9,643dd28150bce48492e553b7b7c74a5ca735a020e2888eff059df2a8522aae9a,,,new,未发现重复，仍需审核,来源于泰昌技术补充文件，历史位置为“专项投标文件/5.针对评审要素，需要补充的其他文件/5.3.绿色低碳生产及绿色回收/5.3.1.建立了绿色生产/5.3.1.3.现状环境影响评估报告”。当前仅用于泰昌资料人工复核，未获准进入正式标书。,河北泰昌电力器材科技有限公司,河北泰昌电力器材科技有限公司,,green_low_carbon,绿色低碳资料,False,资料：泰昌绿色低碳资料,否,blocked,尚未通过P0-06人工批准,False,核验整份原始资料,True,泰昌企业资料,643dd28150bce48492e553b7b7c74a5ca735a020e2888eff059df2a8522aae9a,tender_scoring_derived,,否,不适用,[],review_only,仅限人工复核,media,连续内嵌页应按完整报告或证据包审核，不逐页新建业务资产,P006-G055,,needs_customer_confirmation,需要客户确认,,产品库资料,泰昌绿色低碳资料历史候选第128页,,不适用,internal,企业内部资料,泰昌技术补充文件,泰昌技术补充文件,mixed_historical_bid,assets/template_words/技术补充文件.docx,128,（二）专项投标文件/5.针对评审要素，需要补充的其他文件/5.3.绿色低碳生产及绿色回收/5.3.1.建立了绿色生产/5.3.1.3.现状环境影响评估报告,"[""泰昌"", ""绿色低碳资料"", ""历史标书候选"", ""技术标""]",product_library,产品库资料,taichang_only,不适用,泰昌绿色低碳资料历史候选第128页,needs_review,[]
taichang_tenant_internal,"[""专项投标文件/5.针对评审要素，需要补充的其他文件/5.3.绿色低碳生产及绿色回收/5.3.1.建立了绿色生产/5.3.1.3.现状环境影响评估报告""]","[""技术标""]",False,technical,technical-media-0125,formal_material_caption,绿色低碳资料,0.9,337bb43a0e8919924f3adf2f163ef5ffaa6eee59dfb0e9d9a2fc9b2589b1ad77,,,new,未发现重复，仍需审核,来源于泰昌技术补充文件，历史位置为“专项投标文件/5.针对评审要素，需要补充的其他文件/5.3.绿色低碳生产及绿色回收/5.3.1.建立了绿色生产/5.3.1.3.现状环境影响评估报告”。当前仅用于泰昌资料人工复核，未获准进入正式标书。,河北泰昌电力器材科技有限公司,河北泰昌电力器材科技有限公司,,green_low_carbon,绿色低碳资料,False,资料：泰昌绿色低碳资料,否,blocked,尚未通过P0-06人工批准,False,核验整份原始资料,True,泰昌企业资料,337bb43a0e8919924f3adf2f163ef5ffaa6eee59dfb0e9d9a2fc9b2589b1ad77,tender_scoring_derived,,否,不适用,[],review_only,仅限人工复核,media,连续内嵌页应按完整报告或证据包审核，不逐页新建业务资产,P006-G055,,needs_customer_confirmation,需要客户确认,,产品库资料,泰昌绿色低碳资料历史候选第128页,,不适用,internal,企业内部资料,泰昌技术补充文件,泰昌技术补充文件,mixed_historical_bid,assets/template_words/技术补充文件.docx,128,（二）专项投标文件/5.针对评审要素，需要补充的其他文件/5.3.绿色低碳生产及绿色回收/5.3.1.建立了绿色生产/5.3.1.3.现状环境影响评估报告,"[""泰昌"", ""绿色低碳资料"", ""历史标书候选"", ""技术标""]",product_library,产品库资料,taichang_only,不适用,泰昌绿色低碳资料历史候选第128页,needs_review,[]
taichang_tenant_internal,"[""专项投标文件/5.针对评审要素，需要补充的其他文件/5.3.绿色低碳生产及绿色回收/5.3.1.建立了绿色生产/5.3.1.3.现状环境影响评估报告""]","[""技术标""]",False,technical,technical-media-0126,formal_material_caption,绿色低碳资料,0.9,5d95cd885079ef019a18453a0b9ec16a74e7078e1f9a91153cf5ce177412df7a,,,new,未发现重复，仍需审核,来源于泰昌技术补充文件，历史位置为“专项投标文件/5.针对评审要素，需要补充的其他文件/5.3.绿色低碳生产及绿色回收/5.3.1.建立了绿色生产/5.3.1.3.现状环境影响评估报告”。当前仅用于泰昌资料人工复核，未获准进入正式标书。,河北泰昌电力器材科技有限公司,河北泰昌电力器材科技有限公司,,green_low_carbon,绿色低碳资料,False,资料：泰昌绿色低碳资料,否,blocked,尚未通过P0-06人工批准,False,核验整份原始资料,True,泰昌企业资料,5d95cd885079ef019a18453a0b9ec16a74e7078e1f9a91153cf5ce177412df7a,tender_scoring_derived,,否,不适用,[],review_only,仅限人工复核,media,连续内嵌页应按完整报告或证据包审核，不逐页新建业务资产,P006-G055,,needs_customer_confirmation,需要客户确认,,产品库资料,泰昌绿色低碳资料历史候选第128页,,不适用,internal,企业内部资料,泰昌技术补充文件,泰昌技术补充文件,mixed_historical_bid,assets/template_words/技术补充文件.docx,128,（二）专项投标文件/5.针对评审要素，需要补充的其他文件/5.3.绿色低碳生产及绿色回收/5.3.1.建立了绿色生产/5.3.1.3.现状环境影响评估报告,"[""泰昌"", ""绿色低碳资料"", ""历史标书候选"", ""技术标""]",product_library,产品库资料,taichang_only,不适用,泰昌绿色低碳资料历史候选第128页,needs_review,[]
taichang_tenant_internal,"[""专项投标文件/5.针对评审要素，需要补充的其他文件/5.3.绿色低碳生产及绿色回收/5.3.1.建立了绿色生产/5.3.1.3.现状环境影响评估报告""]","[""技术标""]",False,technical,technical-media-0127,formal_material_caption,绿色低碳资料,0.9,ab3353880325d22b5429960ecce976790704e263e9dcaae174eda29fdca3a8b8,,,new,未发现重复，仍需审核,来源于泰昌技术补充文件，历史位置为“专项投标文件/5.针对评审要素，需要补充的其他文件/5.3.绿色低碳生产及绿色回收/5.3.1.建立了绿色生产/5.3.1.3.现状环境影响评估报告”。当前仅用于泰昌资料人工复核，未获准进入正式标书。,河北泰昌电力器材科技有限公司,河北泰昌电力器材科技有限公司,,green_low_carbon,绿色低碳资料,False,资料：泰昌绿色低碳资料,否,blocked,尚未通过P0-06人工批准,False,核验整份原始资料,True,泰昌企业资料,ab3353880325d22b5429960ecce976790704e263e9dcaae174eda29fdca3a8b8,tender_scoring_derived,,否,不适用,[],review_only,仅限人工复核,media,连续内嵌页应按完整报告或证据包审核，不逐页新建业务资产,P006-G055,,needs_customer_confirmation,需要客户确认,,产品库资料,泰昌绿色低碳资料历史候选第128页,,不适用,internal,企业内部资料,泰昌技术补充文件,泰昌技术补充文件,mixed_historical_bid,assets/template_words/技术补充文件.docx,128,（二）专项投标文件/5.针对评审要素，需要补充的其他文件/5.3.绿色低碳生产及绿色回收/5.3.1.建立了绿色生产/5.3.1.3.现状环境影响评估报告,"[""泰昌"", ""绿色低碳资料"", ""历史标书候选"", ""技术标""]",product_library,产品库资料,taichang_only,不适用,泰昌绿色低碳资料历史候选第128页,needs_review,[]
taichang_tenant_internal,"[""专项投标文件/5.针对评审要素，需要补充的其他文件/5.3.绿色低碳生产及绿色回收/5.3.1.建立了绿色生产/5.3.1.3.现状环境影响评估报告""]","[""技术标""]",False,technical,technical-media-0128,formal_material_caption,绿色低碳资料,0.9,b2b9a951b94f1b3225135e52a2d8c223f6b73831b2c29cd6582dde1e4e2728fa,,,new,未发现重复，仍需审核,来源于泰昌技术补充文件，历史位置为“专项投标文件/5.针对评审要素，需要补充的其他文件/5.3.绿色低碳生产及绿色回收/5.3.1.建立了绿色生产/5.3.1.3.现状环境影响评估报告”。当前仅用于泰昌资料人工复核，未获准进入正式标书。,河北泰昌电力器材科技有限公司,河北泰昌电力器材科技有限公司,,green_low_carbon,绿色低碳资料,False,资料：泰昌绿色低碳资料,否,blocked,尚未通过P0-06人工批准,False,核验整份原始资料,True,泰昌企业资料,b2b9a951b94f1b3225135e52a2d8c223f6b73831b2c29cd6582dde1e4e2728fa,tender_scoring_derived,,否,不适用,[],review_only,仅限人工复核,media,连续内嵌页应按完整报告或证据包审核，不逐页新建业务资产,P006-G055,,needs_customer_confirmation,需要客户确认,,产品库资料,泰昌绿色低碳资料历史候选第128页,,不适用,internal,企业内部资料,泰昌技术补充文件,泰昌技术补充文件,mixed_historical_bid,assets/template_words/技术补充文件.docx,128,（二）专项投标文件/5.针对评审要素，需要补充的其他文件/5.3.绿色低碳生产及绿色回收/5.3.1.建立了绿色生产/5.3.1.3.现状环境影响评估报告,"[""泰昌"", ""绿色低碳资料"", ""历史标书候选"", ""技术标""]",product_library,产品库资料,taichang_only,不适用,泰昌绿色低碳资料历史候选第128页,needs_review,[]
taichang_tenant_internal,"[""专项投标文件/5.针对评审要素，需要补充的其他文件/5.3.绿色低碳生产及绿色回收/5.3.1.建立了绿色生产/5.3.1.3.现状环境影响评估报告""]","[""技术标""]",False,technical,technical-media-0129,formal_material_caption,绿色低碳资料,0.9,5ea7609d266696f2645b111297a8a8dfc1c44070fdddbc8fdb01c011148ec128,,,new,未发现重复，仍需审核,来源于泰昌技术补充文件，历史位置为“专项投标文件/5.针对评审要素，需要补充的其他文件/5.3.绿色低碳生产及绿色回收/5.3.1.建立了绿色生产/5.3.1.3.现状环境影响评估报告”。当前仅用于泰昌资料人工复核，未获准进入正式标书。,河北泰昌电力器材科技有限公司,河北泰昌电力器材科技有限公司,,green_low_carbon,绿色低碳资料,False,资料：泰昌绿色低碳资料,否,blocked,尚未通过P0-06人工批准,False,核验整份原始资料,True,泰昌企业资料,5ea7609d266696f2645b111297a8a8dfc1c44070fdddbc8fdb01c011148ec128,tender_scoring_derived,,否,不适用,[],review_only,仅限人工复核,media,连续内嵌页应按完整报告或证据包审核，不逐页新建业务资产,P006-G055,,needs_customer_confirmation,需要客户确认,,产品库资料,泰昌绿色低碳资料历史候选第128页,,不适用,internal,企业内部资料,泰昌技术补充文件,泰昌技术补充文件,mixed_historical_bid,assets/template_words/技术补充文件.docx,128,（二）专项投标文件/5.针对评审要素，需要补充的其他文件/5.3.绿色低碳生产及绿色回收/5.3.1.建立了绿色生产/5.3.1.3.现状环境影响评估报告,"[""泰昌"", ""绿色低碳资料"", ""历史标书候选"", ""技术标""]",product_library,产品库资料,taichang_only,不适用,泰昌绿色低碳资料历史候选第128页,needs_review,[]
taichang_tenant_internal,"[""专项投标文件/5.针对评审要素，需要补充的其他文件/5.3.绿色低碳生产及绿色回收/5.3.1.建立了绿色生产/5.3.1.3.现状环境影响评估报告""]","[""技术标""]",False,technical,technical-media-0130,formal_material_caption,绿色低碳资料,0.9,9f82795c7f45965df6390754dd848877022e96ad2efd54c8ec901a90eba09cbd,,,new,未发现重复，仍需审核,来源于泰昌技术补充文件，历史位置为“专项投标文件/5.针对评审要素，需要补充的其他文件/5.3.绿色低碳生产及绿色回收/5.3.1.建立了绿色生产/5.3.1.3.现状环境影响评估报告”。当前仅用于泰昌资料人工复核，未获准进入正式标书。,河北泰昌电力器材科技有限公司,河北泰昌电力器材科技有限公司,,green_low_carbon,绿色低碳资料,False,资料：泰昌绿色低碳资料,否,blocked,尚未通过P0-06人工批准,False,核验整份原始资料,True,泰昌企业资料,9f82795c7f45965df6390754dd848877022e96ad2efd54c8ec901a90eba09cbd,tender_scoring_derived,,否,不适用,[],review_only,仅限人工复核,media,连续内嵌页应按完整报告或证据包审核，不逐页新建业务资产,P006-G055,,needs_customer_confirmation,需要客户确认,,产品库资料,泰昌绿色低碳资料历史候选第128页,,不适用,internal,企业内部资料,泰昌技术补充文件,泰昌技术补充文件,mixed_historical_bid,assets/template_words/技术补充文件.docx,128,（二）专项投标文件/5.针对评审要素，需要补充的其他文件/5.3.绿色低碳生产及绿色回收/5.3.1.建立了绿色生产/5.3.1.3.现状环境影响评估报告,"[""泰昌"", ""绿色低碳资料"", ""历史标书候选"", ""技术标""]",product_library,产品库资料,taichang_only,不适用,泰昌绿色低碳资料历史候选第128页,needs_review,[]
taichang_tenant_internal,"[""专项投标文件/5.针对评审要素，需要补充的其他文件/5.3.绿色低碳生产及绿色回收/5.3.1.建立了绿色生产/5.3.1.3.现状环境影响评估报告""]","[""技术标""]",False,technical,technical-media-0131,formal_material_caption,绿色低碳资料,0.9,9101c0589ed2af680f3f5802b58af437004e37393b29e2aebd195ccc2dbb1727,,,new,未发现重复，仍需审核,来源于泰昌技术补充文件，历史位置为“专项投标文件/5.针对评审要素，需要补充的其他文件/5.3.绿色低碳生产及绿色回收/5.3.1.建立了绿色生产/5.3.1.3.现状环境影响评估报告”。当前仅用于泰昌资料人工复核，未获准进入正式标书。,河北泰昌电力器材科技有限公司,河北泰昌电力器材科技有限公司,,green_low_carbon,绿色低碳资料,False,资料：泰昌绿色低碳资料,否,blocked,尚未通过P0-06人工批准,False,核验整份原始资料,True,泰昌企业资料,9101c0589ed2af680f3f5802b58af437004e37393b29e2aebd195ccc2dbb1727,tender_scoring_derived,,否,不适用,[],review_only,仅限人工复核,media,连续内嵌页应按完整报告或证据包审核，不逐页新建业务资产,P006-G055,,needs_customer_confirmation,需要客户确认,,产品库资料,泰昌绿色低碳资料历史候选第128页,,不适用,internal,企业内部资料,泰昌技术补充文件,泰昌技术补充文件,mixed_historical_bid,assets/template_words/技术补充文件.docx,128,（二）专项投标文件/5.针对评审要素，需要补充的其他文件/5.3.绿色低碳生产及绿色回收/5.3.1.建立了绿色生产/5.3.1.3.现状环境影响评估报告,"[""泰昌"", ""绿色低碳资料"", ""历史标书候选"", ""技术标""]",product_library,产品库资料,taichang_only,不适用,泰昌绿色低碳资料历史候选第128页,needs_review,[]
taichang_tenant_internal,"[""专项投标文件/5.针对评审要素，需要补充的其他文件/5.3.绿色低碳生产及绿色回收/5.3.1.建立了绿色生产/5.3.1.3.现状环境影响评估报告""]","[""技术标""]",False,technical,technical-media-0132,formal_material_caption,绿色低碳资料,0.9,fde1f096c69e065fa4d3c87cc5d25a236f016387bb0dda50a3f649ad0c08120b,,,new,未发现重复，仍需审核,来源于泰昌技术补充文件，历史位置为“专项投标文件/5.针对评审要素，需要补充的其他文件/5.3.绿色低碳生产及绿色回收/5.3.1.建立了绿色生产/5.3.1.3.现状环境影响评估报告”。当前仅用于泰昌资料人工复核，未获准进入正式标书。,河北泰昌电力器材科技有限公司,河北泰昌电力器材科技有限公司,,green_low_carbon,绿色低碳资料,False,资料：泰昌绿色低碳资料,否,blocked,尚未通过P0-06人工批准,False,核验整份原始资料,True,泰昌企业资料,fde1f096c69e065fa4d3c87cc5d25a236f016387bb0dda50a3f649ad0c08120b,tender_scoring_derived,,否,不适用,[],review_only,仅限人工复核,media,连续内嵌页应按完整报告或证据包审核，不逐页新建业务资产,P006-G055,,needs_customer_confirmation,需要客户确认,,产品库资料,泰昌绿色低碳资料历史候选第128页,,不适用,internal,企业内部资料,泰昌技术补充文件,泰昌技术补充文件,mixed_historical_bid,assets/template_words/技术补充文件.docx,128,（二）专项投标文件/5.针对评审要素，需要补充的其他文件/5.3.绿色低碳生产及绿色回收/5.3.1.建立了绿色生产/5.3.1.3.现状环境影响评估报告,"[""泰昌"", ""绿色低碳资料"", ""历史标书候选"", ""技术标""]",product_library,产品库资料,taichang_only,不适用,泰昌绿色低碳资料历史候选第128页,needs_review,[]
taichang_tenant_internal,"[""专项投标文件/5.针对评审要素，需要补充的其他文件/5.3.绿色低碳生产及绿色回收/5.3.1.建立了绿色生产/5.3.1.3.现状环境影响评估报告""]","[""技术标""]",False,technical,technical-media-0133,formal_material_caption,绿色低碳资料,0.9,1cd65e41fc3658da45dc05011e34a75da83ebb6b4052950aa03944d8790d1d52,,,new,未发现重复，仍需审核,来源于泰昌技术补充文件，历史位置为“专项投标文件/5.针对评审要素，需要补充的其他文件/5.3.绿色低碳生产及绿色回收/5.3.1.建立了绿色生产/5.3.1.3.现状环境影响评估报告”。当前仅用于泰昌资料人工复核，未获准进入正式标书。,河北泰昌电力器材科技有限公司,河北泰昌电力器材科技有限公司,,green_low_carbon,绿色低碳资料,False,资料：泰昌绿色低碳资料,否,blocked,尚未通过P0-06人工批准,False,核验整份原始资料,True,泰昌企业资料,1cd65e41fc3658da45dc05011e34a75da83ebb6b4052950aa03944d8790d1d52,tender_scoring_derived,,否,不适用,[],review_only,仅限人工复核,media,连续内嵌页应按完整报告或证据包审核，不逐页新建业务资产,P006-G055,,needs_customer_confirmation,需要客户确认,,产品库资料,泰昌绿色低碳资料历史候选第128页,,不适用,internal,企业内部资料,泰昌技术补充文件,泰昌技术补充文件,mixed_historical_bid,assets/template_words/技术补充文件.docx,128,（二）专项投标文件/5.针对评审要素，需要补充的其他文件/5.3.绿色低碳生产及绿色回收/5.3.1.建立了绿色生产/5.3.1.3.现状环境影响评估报告,"[""泰昌"", ""绿色低碳资料"", ""历史标书候选"", ""技术标""]",product_library,产品库资料,taichang_only,不适用,泰昌绿色低碳资料历史候选第128页,needs_review,[]
taichang_tenant_internal,"[""专项投标文件/5.针对评审要素，需要补充的其他文件/5.3.绿色低碳生产及绿色回收/5.3.1.建立了绿色生产/5.3.1.3.现状环境影响评估报告""]","[""技术标""]",False,technical,technical-media-0134,formal_material_caption,绿色低碳资料,0.9,9ef0a72b549a609ff1f0558d023bde09f694b3c13e4921e9b8d4e17c8ed444a4,,,new,未发现重复，仍需审核,来源于泰昌技术补充文件，历史位置为“专项投标文件/5.针对评审要素，需要补充的其他文件/5.3.绿色低碳生产及绿色回收/5.3.1.建立了绿色生产/5.3.1.3.现状环境影响评估报告”。当前仅用于泰昌资料人工复核，未获准进入正式标书。,河北泰昌电力器材科技有限公司,河北泰昌电力器材科技有限公司,,green_low_carbon,绿色低碳资料,False,资料：泰昌绿色低碳资料,否,blocked,尚未通过P0-06人工批准,False,核验整份原始资料,True,泰昌企业资料,9ef0a72b549a609ff1f0558d023bde09f694b3c13e4921e9b8d4e17c8ed444a4,tender_scoring_derived,,否,不适用,[],review_only,仅限人工复核,media,连续内嵌页应按完整报告或证据包审核，不逐页新建业务资产,P006-G055,,needs_customer_confirmation,需要客户确认,,产品库资料,泰昌绿色低碳资料历史候选第128页,,不适用,internal,企业内部资料,泰昌技术补充文件,泰昌技术补充文件,mixed_historical_bid,assets/template_words/技术补充文件.docx,128,（二）专项投标文件/5.针对评审要素，需要补充的其他文件/5.3.绿色低碳生产及绿色回收/5.3.1.建立了绿色生产/5.3.1.3.现状环境影响评估报告,"[""泰昌"", ""绿色低碳资料"", ""历史标书候选"", ""技术标""]",product_library,产品库资料,taichang_only,不适用,泰昌绿色低碳资料历史候选第128页,needs_review,[]
taichang_tenant_internal,"[""专项投标文件/5.针对评审要素，需要补充的其他文件/5.3.绿色低碳生产及绿色回收/5.3.1.建立了绿色生产/5.3.1.3.现状环境影响评估报告""]","[""技术标""]",False,technical,technical-media-0135,formal_material_caption,绿色低碳资料,0.9,effb6806b9ebdc8a5b5513850b40c367dd37d03cbde7661043049b8fc4e2586e,,,new,未发现重复，仍需审核,来源于泰昌技术补充文件，历史位置为“专项投标文件/5.针对评审要素，需要补充的其他文件/5.3.绿色低碳生产及绿色回收/5.3.1.建立了绿色生产/5.3.1.3.现状环境影响评估报告”。当前仅用于泰昌资料人工复核，未获准进入正式标书。,河北泰昌电力器材科技有限公司,河北泰昌电力器材科技有限公司,,green_low_carbon,绿色低碳资料,False,资料：泰昌绿色低碳资料,否,blocked,尚未通过P0-06人工批准,False,核验整份原始资料,True,泰昌企业资料,effb6806b9ebdc8a5b5513850b40c367dd37d03cbde7661043049b8fc4e2586e,tender_scoring_derived,,否,不适用,[],review_only,仅限人工复核,media,连续内嵌页应按完整报告或证据包审核，不逐页新建业务资产,P006-G055,,needs_customer_confirmation,需要客户确认,,产品库资料,泰昌绿色低碳资料历史候选第128页,,不适用,internal,企业内部资料,泰昌技术补充文件,泰昌技术补充文件,mixed_historical_bid,assets/template_words/技术补充文件.docx,128,（二）专项投标文件/5.针对评审要素，需要补充的其他文件/5.3.绿色低碳生产及绿色回收/5.3.1.建立了绿色生产/5.3.1.3.现状环境影响评估报告,"[""泰昌"", ""绿色低碳资料"", ""历史标书候选"", ""技术标""]",product_library,产品库资料,taichang_only,不适用,泰昌绿色低碳资料历史候选第128页,needs_review,[]
taichang_tenant_internal,"[""专项投标文件/5.针对评审要素，需要补充的其他文件/5.3.绿色低碳生产及绿色回收/5.3.1.建立了绿色生产/5.3.1.3.现状环境影响评估报告""]","[""技术标""]",False,technical,technical-media-0136,formal_material_caption,绿色低碳资料,0.9,ddc76de9a85a3849acdb1eb52e98e709b59b6567ac873daddf82fe35bd6d6437,,,new,未发现重复，仍需审核,来源于泰昌技术补充文件，历史位置为“专项投标文件/5.针对评审要素，需要补充的其他文件/5.3.绿色低碳生产及绿色回收/5.3.1.建立了绿色生产/5.3.1.3.现状环境影响评估报告”。当前仅用于泰昌资料人工复核，未获准进入正式标书。,河北泰昌电力器材科技有限公司,河北泰昌电力器材科技有限公司,,green_low_carbon,绿色低碳资料,False,资料：泰昌绿色低碳资料,否,blocked,尚未通过P0-06人工批准,False,核验整份原始资料,True,泰昌企业资料,ddc76de9a85a3849acdb1eb52e98e709b59b6567ac873daddf82fe35bd6d6437,tender_scoring_derived,,否,不适用,[],review_only,仅限人工复核,media,连续内嵌页应按完整报告或证据包审核，不逐页新建业务资产,P006-G055,,needs_customer_confirmation,需要客户确认,,产品库资料,泰昌绿色低碳资料历史候选第128页,,不适用,internal,企业内部资料,泰昌技术补充文件,泰昌技术补充文件,mixed_historical_bid,assets/template_words/技术补充文件.docx,128,（二）专项投标文件/5.针对评审要素，需要补充的其他文件/5.3.绿色低碳生产及绿色回收/5.3.1.建立了绿色生产/5.3.1.3.现状环境影响评估报告,"[""泰昌"", ""绿色低碳资料"", ""历史标书候选"", ""技术标""]",product_library,产品库资料,taichang_only,不适用,泰昌绿色低碳资料历史候选第128页,needs_review,[]
taichang_tenant_internal,"[""专项投标文件/5.针对评审要素，需要补充的其他文件/5.3.绿色低碳生产及绿色回收/5.3.1.建立了绿色生产/5.3.1.3.现状环境影响评估报告""]","[""技术标""]",False,technical,technical-media-0137,formal_material_caption,绿色低碳资料,0.9,9b9d318a5b35714f7c97340e8513925f924208545d8bfed4f3732cadf414bfc3,,,new,未发现重复，仍需审核,来源于泰昌技术补充文件，历史位置为“专项投标文件/5.针对评审要素，需要补充的其他文件/5.3.绿色低碳生产及绿色回收/5.3.1.建立了绿色生产/5.3.1.3.现状环境影响评估报告”。当前仅用于泰昌资料人工复核，未获准进入正式标书。,河北泰昌电力器材科技有限公司,河北泰昌电力器材科技有限公司,,green_low_carbon,绿色低碳资料,False,资料：泰昌绿色低碳资料,否,blocked,尚未通过P0-06人工批准,False,核验整份原始资料,True,泰昌企业资料,9b9d318a5b35714f7c97340e8513925f924208545d8bfed4f3732cadf414bfc3,tender_scoring_derived,,否,不适用,[],review_only,仅限人工复核,media,连续内嵌页应按完整报告或证据包审核，不逐页新建业务资产,P006-G055,,needs_customer_confirmation,需要客户确认,,产品库资料,泰昌绿色低碳资料历史候选第128页,,不适用,internal,企业内部资料,泰昌技术补充文件,泰昌技术补充文件,mixed_historical_bid,assets/template_words/技术补充文件.docx,128,（二）专项投标文件/5.针对评审要素，需要补充的其他文件/5.3.绿色低碳生产及绿色回收/5.3.1.建立了绿色生产/5.3.1.3.现状环境影响评估报告,"[""泰昌"", ""绿色低碳资料"", ""历史标书候选"", ""技术标""]",product_library,产品库资料,taichang_only,不适用,泰昌绿色低碳资料历史候选第128页,needs_review,[]
taichang_tenant_internal,"[""专项投标文件/5.针对评审要素，需要补充的其他文件/5.3.绿色低碳生产及绿色回收/5.3.1.建立了绿色生产/5.3.1.3.现状环境影响评估报告""]","[""技术标""]",False,technical,technical-media-0138,formal_material_caption,绿色低碳资料,0.9,0e273dd622dc112d10f886b9e9cf0e9396bd3a9fb0d229ce2a36bbc3a4eee6de,,,new,未发现重复，仍需审核,来源于泰昌技术补充文件，历史位置为“专项投标文件/5.针对评审要素，需要补充的其他文件/5.3.绿色低碳生产及绿色回收/5.3.1.建立了绿色生产/5.3.1.3.现状环境影响评估报告”。当前仅用于泰昌资料人工复核，未获准进入正式标书。,河北泰昌电力器材科技有限公司,河北泰昌电力器材科技有限公司,,green_low_carbon,绿色低碳资料,False,资料：泰昌绿色低碳资料,否,blocked,尚未通过P0-06人工批准,False,核验整份原始资料,True,泰昌企业资料,0e273dd622dc112d10f886b9e9cf0e9396bd3a9fb0d229ce2a36bbc3a4eee6de,tender_scoring_derived,,否,不适用,[],review_only,仅限人工复核,media,连续内嵌页应按完整报告或证据包审核，不逐页新建业务资产,P006-G055,,needs_customer_confirmation,需要客户确认,,产品库资料,泰昌绿色低碳资料历史候选第128页,,不适用,internal,企业内部资料,泰昌技术补充文件,泰昌技术补充文件,mixed_historical_bid,assets/template_words/技术补充文件.docx,128,（二）专项投标文件/5.针对评审要素，需要补充的其他文件/5.3.绿色低碳生产及绿色回收/5.3.1.建立了绿色生产/5.3.1.3.现状环境影响评估报告,"[""泰昌"", ""绿色低碳资料"", ""历史标书候选"", ""技术标""]",product_library,产品库资料,taichang_only,不适用,泰昌绿色低碳资料历史候选第128页,needs_review,[]
taichang_tenant_internal,"[""专项投标文件/5.针对评审要素，需要补充的其他文件/5.3.绿色低碳生产及绿色回收/5.3.1.建立了绿色生产/5.3.1.3.现状环境影响评估报告""]","[""技术标""]",False,technical,technical-media-0139,formal_material_caption,绿色低碳资料,0.9,53f6d46711bf082d4ff78005278b662d65813d5db0ff022ac04c202ef78479cf,,,new,未发现重复，仍需审核,来源于泰昌技术补充文件，历史位置为“专项投标文件/5.针对评审要素，需要补充的其他文件/5.3.绿色低碳生产及绿色回收/5.3.1.建立了绿色生产/5.3.1.3.现状环境影响评估报告”。当前仅用于泰昌资料人工复核，未获准进入正式标书。,河北泰昌电力器材科技有限公司,河北泰昌电力器材科技有限公司,,green_low_carbon,绿色低碳资料,False,资料：泰昌绿色低碳资料,否,blocked,尚未通过P0-06人工批准,False,核验整份原始资料,True,泰昌企业资料,53f6d46711bf082d4ff78005278b662d65813d5db0ff022ac04c202ef78479cf,tender_scoring_derived,,否,不适用,[],review_only,仅限人工复核,media,连续内嵌页应按完整报告或证据包审核，不逐页新建业务资产,P006-G055,,needs_customer_confirmation,需要客户确认,,产品库资料,泰昌绿色低碳资料历史候选第128页,,不适用,internal,企业内部资料,泰昌技术补充文件,泰昌技术补充文件,mixed_historical_bid,assets/template_words/技术补充文件.docx,128,（二）专项投标文件/5.针对评审要素，需要补充的其他文件/5.3.绿色低碳生产及绿色回收/5.3.1.建立了绿色生产/5.3.1.3.现状环境影响评估报告,"[""泰昌"", ""绿色低碳资料"", ""历史标书候选"", ""技术标""]",product_library,产品库资料,taichang_only,不适用,泰昌绿色低碳资料历史候选第128页,needs_review,[]
taichang_tenant_internal,"[""专项投标文件/5.针对评审要素，需要补充的其他文件/5.3.绿色低碳生产及绿色回收/5.3.1.建立了绿色生产/5.3.1.3.现状环境影响评估报告""]","[""技术标""]",False,technical,technical-media-0140,formal_material_caption,绿色低碳资料,0.9,b49f2c4536e09c3d482813a31cfb86512ef663a8256ab4f6c059b891254c8fce,,,new,未发现重复，仍需审核,来源于泰昌技术补充文件，历史位置为“专项投标文件/5.针对评审要素，需要补充的其他文件/5.3.绿色低碳生产及绿色回收/5.3.1.建立了绿色生产/5.3.1.3.现状环境影响评估报告”。当前仅用于泰昌资料人工复核，未获准进入正式标书。,河北泰昌电力器材科技有限公司,河北泰昌电力器材科技有限公司,,green_low_carbon,绿色低碳资料,False,资料：泰昌绿色低碳资料,否,blocked,尚未通过P0-06人工批准,False,核验整份原始资料,True,泰昌企业资料,b49f2c4536e09c3d482813a31cfb86512ef663a8256ab4f6c059b891254c8fce,tender_scoring_derived,,否,不适用,[],review_only,仅限人工复核,media,连续内嵌页应按完整报告或证据包审核，不逐页新建业务资产,P006-G055,,needs_customer_confirmation,需要客户确认,,产品库资料,泰昌绿色低碳资料历史候选第128页,,不适用,internal,企业内部资料,泰昌技术补充文件,泰昌技术补充文件,mixed_historical_bid,assets/template_words/技术补充文件.docx,128,（二）专项投标文件/5.针对评审要素，需要补充的其他文件/5.3.绿色低碳生产及绿色回收/5.3.1.建立了绿色生产/5.3.1.3.现状环境影响评估报告,"[""泰昌"", ""绿色低碳资料"", ""历史标书候选"", ""技术标""]",product_library,产品库资料,taichang_only,不适用,泰昌绿色低碳资料历史候选第128页,needs_review,[]
taichang_tenant_internal,"[""专项投标文件/5.针对评审要素，需要补充的其他文件/5.3.绿色低碳生产及绿色回收/5.3.1.建立了绿色生产/5.3.1.3.现状环境影响评估报告""]","[""技术标""]",False,technical,technical-media-0141,formal_material_caption,绿色低碳资料,0.9,417d73c14cc0b1f060fe45a657b8b14feb353ec171c35b78bc52b6e31dde0d26,,,new,未发现重复，仍需审核,来源于泰昌技术补充文件，历史位置为“专项投标文件/5.针对评审要素，需要补充的其他文件/5.3.绿色低碳生产及绿色回收/5.3.1.建立了绿色生产/5.3.1.3.现状环境影响评估报告”。当前仅用于泰昌资料人工复核，未获准进入正式标书。,河北泰昌电力器材科技有限公司,河北泰昌电力器材科技有限公司,,green_low_carbon,绿色低碳资料,False,资料：泰昌绿色低碳资料,否,blocked,尚未通过P0-06人工批准,False,核验整份原始资料,True,泰昌企业资料,417d73c14cc0b1f060fe45a657b8b14feb353ec171c35b78bc52b6e31dde0d26,tender_scoring_derived,,否,不适用,[],review_only,仅限人工复核,media,连续内嵌页应按完整报告或证据包审核，不逐页新建业务资产,P006-G055,,needs_customer_confirmation,需要客户确认,,产品库资料,泰昌绿色低碳资料历史候选第128页,,不适用,internal,企业内部资料,泰昌技术补充文件,泰昌技术补充文件,mixed_historical_bid,assets/template_words/技术补充文件.docx,128,（二）专项投标文件/5.针对评审要素，需要补充的其他文件/5.3.绿色低碳生产及绿色回收/5.3.1.建立了绿色生产/5.3.1.3.现状环境影响评估报告,"[""泰昌"", ""绿色低碳资料"", ""历史标书候选"", ""技术标""]",product_library,产品库资料,taichang_only,不适用,泰昌绿色低碳资料历史候选第128页,needs_review,[]
taichang_tenant_internal,"[""专项投标文件/5.针对评审要素，需要补充的其他文件/5.3.绿色低碳生产及绿色回收/5.3.1.建立了绿色生产/5.3.1.3.现状环境影响评估报告""]","[""技术标""]",False,technical,technical-media-0142,formal_material_caption,绿色低碳资料,0.9,6b6bcf302f2a3973c57896d3392cbf1605e39946beb6b787d87fa01dd510982c,,,new,未发现重复，仍需审核,来源于泰昌技术补充文件，历史位置为“专项投标文件/5.针对评审要素，需要补充的其他文件/5.3.绿色低碳生产及绿色回收/5.3.1.建立了绿色生产/5.3.1.3.现状环境影响评估报告”。当前仅用于泰昌资料人工复核，未获准进入正式标书。,河北泰昌电力器材科技有限公司,河北泰昌电力器材科技有限公司,,green_low_carbon,绿色低碳资料,False,资料：泰昌绿色低碳资料,否,blocked,尚未通过P0-06人工批准,False,核验整份原始资料,True,泰昌企业资料,6b6bcf302f2a3973c57896d3392cbf1605e39946beb6b787d87fa01dd510982c,tender_scoring_derived,,否,不适用,[],review_only,仅限人工复核,media,连续内嵌页应按完整报告或证据包审核，不逐页新建业务资产,P006-G055,,needs_customer_confirmation,需要客户确认,,产品库资料,泰昌绿色低碳资料历史候选第128页,,不适用,internal,企业内部资料,泰昌技术补充文件,泰昌技术补充文件,mixed_historical_bid,assets/template_words/技术补充文件.docx,128,（二）专项投标文件/5.针对评审要素，需要补充的其他文件/5.3.绿色低碳生产及绿色回收/5.3.1.建立了绿色生产/5.3.1.3.现状环境影响评估报告,"[""泰昌"", ""绿色低碳资料"", ""历史标书候选"", ""技术标""]",product_library,产品库资料,taichang_only,不适用,泰昌绿色低碳资料历史候选第128页,needs_review,[]
taichang_tenant_internal,"[""专项投标文件/5.针对评审要素，需要补充的其他文件/5.3.绿色低碳生产及绿色回收/5.3.1.建立了绿色生产/5.3.1.3.现状环境影响评估报告""]","[""技术标""]",False,technical,technical-media-0143,formal_material_caption,绿色低碳资料,0.9,f212e0832ff0655ad235175054907ecb425c24ae146fcac6f985c1bc653d5454,,,new,未发现重复，仍需审核,来源于泰昌技术补充文件，历史位置为“专项投标文件/5.针对评审要素，需要补充的其他文件/5.3.绿色低碳生产及绿色回收/5.3.1.建立了绿色生产/5.3.1.3.现状环境影响评估报告”。当前仅用于泰昌资料人工复核，未获准进入正式标书。,河北泰昌电力器材科技有限公司,河北泰昌电力器材科技有限公司,,green_low_carbon,绿色低碳资料,False,资料：泰昌绿色低碳资料,否,blocked,尚未通过P0-06人工批准,False,核验整份原始资料,True,泰昌企业资料,f212e0832ff0655ad235175054907ecb425c24ae146fcac6f985c1bc653d5454,tender_scoring_derived,,否,不适用,[],review_only,仅限人工复核,media,连续内嵌页应按完整报告或证据包审核，不逐页新建业务资产,P006-G055,,needs_customer_confirmation,需要客户确认,,产品库资料,泰昌绿色低碳资料历史候选第128页,,不适用,internal,企业内部资料,泰昌技术补充文件,泰昌技术补充文件,mixed_historical_bid,assets/template_words/技术补充文件.docx,128,（二）专项投标文件/5.针对评审要素，需要补充的其他文件/5.3.绿色低碳生产及绿色回收/5.3.1.建立了绿色生产/5.3.1.3.现状环境影响评估报告,"[""泰昌"", ""绿色低碳资料"", ""历史标书候选"", ""技术标""]",product_library,产品库资料,taichang_only,不适用,泰昌绿色低碳资料历史候选第128页,needs_review,[]
taichang_tenant_internal,"[""专项投标文件/5.针对评审要素，需要补充的其他文件/5.3.绿色低碳生产及绿色回收/5.3.1.建立了绿色生产/5.3.1.3.现状环境影响评估报告""]","[""技术标""]",False,technical,technical-media-0144,formal_material_caption,绿色低碳资料,0.9,1e8ba91366960a93a8b9c2e40a6aaac7ee29c1e78829064315bd38a73604e69b,,,new,未发现重复，仍需审核,来源于泰昌技术补充文件，历史位置为“专项投标文件/5.针对评审要素，需要补充的其他文件/5.3.绿色低碳生产及绿色回收/5.3.1.建立了绿色生产/5.3.1.3.现状环境影响评估报告”。当前仅用于泰昌资料人工复核，未获准进入正式标书。,河北泰昌电力器材科技有限公司,河北泰昌电力器材科技有限公司,,green_low_carbon,绿色低碳资料,False,资料：泰昌绿色低碳资料,否,blocked,尚未通过P0-06人工批准,False,核验整份原始资料,True,泰昌企业资料,1e8ba91366960a93a8b9c2e40a6aaac7ee29c1e78829064315bd38a73604e69b,tender_scoring_derived,,否,不适用,[],review_only,仅限人工复核,media,连续内嵌页应按完整报告或证据包审核，不逐页新建业务资产,P006-G055,,needs_customer_confirmation,需要客户确认,,产品库资料,泰昌绿色低碳资料历史候选第128页,,不适用,internal,企业内部资料,泰昌技术补充文件,泰昌技术补充文件,mixed_historical_bid,assets/template_words/技术补充文件.docx,128,（二）专项投标文件/5.针对评审要素，需要补充的其他文件/5.3.绿色低碳生产及绿色回收/5.3.1.建立了绿色生产/5.3.1.3.现状环境影响评估报告,"[""泰昌"", ""绿色低碳资料"", ""历史标书候选"", ""技术标""]",product_library,产品库资料,taichang_only,不适用,泰昌绿色低碳资料历史候选第128页,needs_review,[]
taichang_tenant_internal,"[""专项投标文件/5.针对评审要素，需要补充的其他文件/5.3.绿色低碳生产及绿色回收/5.3.1.建立了绿色生产/5.3.1.3.现状环境影响评估报告""]","[""技术标""]",False,technical,technical-media-0145,formal_material_caption,绿色低碳资料,0.9,a739db0f454fd5b8b8d6c004aa76ac799a87e91c354fa1f1e68bd4770b8a9769,,,new,未发现重复，仍需审核,来源于泰昌技术补充文件，历史位置为“专项投标文件/5.针对评审要素，需要补充的其他文件/5.3.绿色低碳生产及绿色回收/5.3.1.建立了绿色生产/5.3.1.3.现状环境影响评估报告”。当前仅用于泰昌资料人工复核，未获准进入正式标书。,河北泰昌电力器材科技有限公司,河北泰昌电力器材科技有限公司,,green_low_carbon,绿色低碳资料,False,资料：泰昌绿色低碳资料,否,blocked,尚未通过P0-06人工批准,False,核验整份原始资料,True,泰昌企业资料,a739db0f454fd5b8b8d6c004aa76ac799a87e91c354fa1f1e68bd4770b8a9769,tender_scoring_derived,,否,不适用,[],review_only,仅限人工复核,media,连续内嵌页应按完整报告或证据包审核，不逐页新建业务资产,P006-G055,,needs_customer_confirmation,需要客户确认,,产品库资料,泰昌绿色低碳资料历史候选第128页,,不适用,internal,企业内部资料,泰昌技术补充文件,泰昌技术补充文件,mixed_historical_bid,assets/template_words/技术补充文件.docx,128,（二）专项投标文件/5.针对评审要素，需要补充的其他文件/5.3.绿色低碳生产及绿色回收/5.3.1.建立了绿色生产/5.3.1.3.现状环境影响评估报告,"[""泰昌"", ""绿色低碳资料"", ""历史标书候选"", ""技术标""]",product_library,产品库资料,taichang_only,不适用,泰昌绿色低碳资料历史候选第128页,needs_review,[]
taichang_tenant_internal,"[""专项投标文件/5.针对评审要素，需要补充的其他文件/5.3.绿色低碳生产及绿色回收/5.3.1.建立了绿色生产/5.3.1.3.现状环境影响评估报告""]","[""技术标""]",False,technical,technical-media-0146,formal_material_caption,绿色低碳资料,0.9,41798c5585e51efa99ddb9c426d605290260772d3777ff07df3da9ee2ddce49d,,,new,未发现重复，仍需审核,来源于泰昌技术补充文件，历史位置为“专项投标文件/5.针对评审要素，需要补充的其他文件/5.3.绿色低碳生产及绿色回收/5.3.1.建立了绿色生产/5.3.1.3.现状环境影响评估报告”。当前仅用于泰昌资料人工复核，未获准进入正式标书。,河北泰昌电力器材科技有限公司,河北泰昌电力器材科技有限公司,,green_low_carbon,绿色低碳资料,False,资料：泰昌绿色低碳资料,否,blocked,尚未通过P0-06人工批准,False,核验整份原始资料,True,泰昌企业资料,41798c5585e51efa99ddb9c426d605290260772d3777ff07df3da9ee2ddce49d,tender_scoring_derived,,否,不适用,[],review_only,仅限人工复核,media,连续内嵌页应按完整报告或证据包审核，不逐页新建业务资产,P006-G055,,needs_customer_confirmation,需要客户确认,,产品库资料,泰昌绿色低碳资料历史候选第128页,,不适用,internal,企业内部资料,泰昌技术补充文件,泰昌技术补充文件,mixed_historical_bid,assets/template_words/技术补充文件.docx,128,（二）专项投标文件/5.针对评审要素，需要补充的其他文件/5.3.绿色低碳生产及绿色回收/5.3.1.建立了绿色生产/5.3.1.3.现状环境影响评估报告,"[""泰昌"", ""绿色低碳资料"", ""历史标书候选"", ""技术标""]",product_library,产品库资料,taichang_only,不适用,泰昌绿色低碳资料历史候选第128页,needs_review,[]
taichang_tenant_internal,"[""专项投标文件/5.针对评审要素，需要补充的其他文件/5.3.绿色低碳生产及绿色回收/5.3.1.建立了绿色生产/5.3.1.3.现状环境影响评估报告""]","[""技术标""]",False,technical,technical-media-0147,formal_material_caption,绿色低碳资料,0.9,2a956dd1af9c562e1d11cb772b1fed5372f2c909f657a8248ceaa0b9789bd4db,,,new,未发现重复，仍需审核,来源于泰昌技术补充文件，历史位置为“专项投标文件/5.针对评审要素，需要补充的其他文件/5.3.绿色低碳生产及绿色回收/5.3.1.建立了绿色生产/5.3.1.3.现状环境影响评估报告”。当前仅用于泰昌资料人工复核，未获准进入正式标书。,河北泰昌电力器材科技有限公司,河北泰昌电力器材科技有限公司,,green_low_carbon,绿色低碳资料,False,资料：泰昌绿色低碳资料,否,blocked,尚未通过P0-06人工批准,False,核验整份原始资料,True,泰昌企业资料,2a956dd1af9c562e1d11cb772b1fed5372f2c909f657a8248ceaa0b9789bd4db,tender_scoring_derived,,否,不适用,[],review_only,仅限人工复核,media,连续内嵌页应按完整报告或证据包审核，不逐页新建业务资产,P006-G055,,needs_customer_confirmation,需要客户确认,,产品库资料,泰昌绿色低碳资料历史候选第128页,,不适用,internal,企业内部资料,泰昌技术补充文件,泰昌技术补充文件,mixed_historical_bid,assets/template_words/技术补充文件.docx,128,（二）专项投标文件/5.针对评审要素，需要补充的其他文件/5.3.绿色低碳生产及绿色回收/5.3.1.建立了绿色生产/5.3.1.3.现状环境影响评估报告,"[""泰昌"", ""绿色低碳资料"", ""历史标书候选"", ""技术标""]",product_library,产品库资料,taichang_only,不适用,泰昌绿色低碳资料历史候选第128页,needs_review,[]
taichang_tenant_internal,"[""专项投标文件/5.针对评审要素，需要补充的其他文件/5.3.绿色低碳生产及绿色回收/5.3.1.建立了绿色生产/5.3.1.3.现状环境影响评估报告""]","[""技术标""]",False,technical,technical-media-0148,formal_material_caption,绿色低碳资料,0.9,871ffd8627f54298eecb96f601f44c1fa97c95ca987198599a376983ecd524fa,,,new,未发现重复，仍需审核,来源于泰昌技术补充文件，历史位置为“专项投标文件/5.针对评审要素，需要补充的其他文件/5.3.绿色低碳生产及绿色回收/5.3.1.建立了绿色生产/5.3.1.3.现状环境影响评估报告”。当前仅用于泰昌资料人工复核，未获准进入正式标书。,河北泰昌电力器材科技有限公司,河北泰昌电力器材科技有限公司,,green_low_carbon,绿色低碳资料,False,资料：泰昌绿色低碳资料,否,blocked,尚未通过P0-06人工批准,False,核验整份原始资料,True,泰昌企业资料,871ffd8627f54298eecb96f601f44c1fa97c95ca987198599a376983ecd524fa,tender_scoring_derived,,否,不适用,[],review_only,仅限人工复核,media,连续内嵌页应按完整报告或证据包审核，不逐页新建业务资产,P006-G055,,needs_customer_confirmation,需要客户确认,,产品库资料,泰昌绿色低碳资料历史候选第128页,,不适用,internal,企业内部资料,泰昌技术补充文件,泰昌技术补充文件,mixed_historical_bid,assets/template_words/技术补充文件.docx,128,（二）专项投标文件/5.针对评审要素，需要补充的其他文件/5.3.绿色低碳生产及绿色回收/5.3.1.建立了绿色生产/5.3.1.3.现状环境影响评估报告,"[""泰昌"", ""绿色低碳资料"", ""历史标书候选"", ""技术标""]",product_library,产品库资料,taichang_only,不适用,泰昌绿色低碳资料历史候选第128页,needs_review,[]
taichang_tenant_internal,"[""专项投标文件/5.针对评审要素，需要补充的其他文件/5.3.绿色低碳生产及绿色回收/5.3.1.建立了绿色生产/5.3.1.3.现状环境影响评估报告""]","[""技术标""]",False,technical,technical-media-0149,formal_material_caption,绿色低碳资料,0.9,bf56d311bc5c6dbec05552d8a9e014d48927ac246bbf24d44c0e5d0552f2b70c,,,new,未发现重复，仍需审核,来源于泰昌技术补充文件，历史位置为“专项投标文件/5.针对评审要素，需要补充的其他文件/5.3.绿色低碳生产及绿色回收/5.3.1.建立了绿色生产/5.3.1.3.现状环境影响评估报告”。当前仅用于泰昌资料人工复核，未获准进入正式标书。,河北泰昌电力器材科技有限公司,河北泰昌电力器材科技有限公司,,green_low_carbon,绿色低碳资料,False,资料：泰昌绿色低碳资料,否,blocked,尚未通过P0-06人工批准,False,核验整份原始资料,True,泰昌企业资料,bf56d311bc5c6dbec05552d8a9e014d48927ac246bbf24d44c0e5d0552f2b70c,tender_scoring_derived,,否,不适用,[],review_only,仅限人工复核,media,连续内嵌页应按完整报告或证据包审核，不逐页新建业务资产,P006-G055,,needs_customer_confirmation,需要客户确认,,产品库资料,泰昌绿色低碳资料历史候选第128页,,不适用,internal,企业内部资料,泰昌技术补充文件,泰昌技术补充文件,mixed_historical_bid,assets/template_words/技术补充文件.docx,128,（二）专项投标文件/5.针对评审要素，需要补充的其他文件/5.3.绿色低碳生产及绿色回收/5.3.1.建立了绿色生产/5.3.1.3.现状环境影响评估报告,"[""泰昌"", ""绿色低碳资料"", ""历史标书候选"", ""技术标""]",product_library,产品库资料,taichang_only,不适用,泰昌绿色低碳资料历史候选第128页,needs_review,[]
taichang_tenant_internal,"[""专项投标文件/5.针对评审要素，需要补充的其他文件/5.3.绿色低碳生产及绿色回收/5.3.1.建立了绿色生产/5.3.1.3.现状环境影响评估报告""]","[""技术标""]",False,technical,technical-media-0150,formal_material_caption,绿色低碳资料,0.9,1c7e013e3e83c60fa26505b89e460a79039dda45f9f77a1d670b663f0010de69,,,new,未发现重复，仍需审核,来源于泰昌技术补充文件，历史位置为“专项投标文件/5.针对评审要素，需要补充的其他文件/5.3.绿色低碳生产及绿色回收/5.3.1.建立了绿色生产/5.3.1.3.现状环境影响评估报告”。当前仅用于泰昌资料人工复核，未获准进入正式标书。,河北泰昌电力器材科技有限公司,河北泰昌电力器材科技有限公司,,green_low_carbon,绿色低碳资料,False,资料：泰昌绿色低碳资料,否,blocked,尚未通过P0-06人工批准,False,核验整份原始资料,True,泰昌企业资料,1c7e013e3e83c60fa26505b89e460a79039dda45f9f77a1d670b663f0010de69,tender_scoring_derived,,否,不适用,[],review_only,仅限人工复核,media,连续内嵌页应按完整报告或证据包审核，不逐页新建业务资产,P006-G055,,needs_customer_confirmation,需要客户确认,,产品库资料,泰昌绿色低碳资料历史候选第128页,,不适用,internal,企业内部资料,泰昌技术补充文件,泰昌技术补充文件,mixed_historical_bid,assets/template_words/技术补充文件.docx,128,（二）专项投标文件/5.针对评审要素，需要补充的其他文件/5.3.绿色低碳生产及绿色回收/5.3.1.建立了绿色生产/5.3.1.3.现状环境影响评估报告,"[""泰昌"", ""绿色低碳资料"", ""历史标书候选"", ""技术标""]",product_library,产品库资料,taichang_only,不适用,泰昌绿色低碳资料历史候选第128页,needs_review,[]
taichang_tenant_internal,"[""专项投标文件/5.针对评审要素，需要补充的其他文件/5.3.绿色低碳生产及绿色回收/5.3.1.建立了绿色生产/5.3.1.3.现状环境影响评估报告""]","[""技术标""]",False,technical,technical-media-0151,formal_material_caption,绿色低碳资料,0.9,bca34dbfdd132abbe5846da0514d7f96d60bab070d7cc1aba370f12223114617,,,new,未发现重复，仍需审核,来源于泰昌技术补充文件，历史位置为“专项投标文件/5.针对评审要素，需要补充的其他文件/5.3.绿色低碳生产及绿色回收/5.3.1.建立了绿色生产/5.3.1.3.现状环境影响评估报告”。当前仅用于泰昌资料人工复核，未获准进入正式标书。,河北泰昌电力器材科技有限公司,河北泰昌电力器材科技有限公司,,green_low_carbon,绿色低碳资料,False,资料：泰昌绿色低碳资料,否,blocked,尚未通过P0-06人工批准,False,核验整份原始资料,True,泰昌企业资料,bca34dbfdd132abbe5846da0514d7f96d60bab070d7cc1aba370f12223114617,tender_scoring_derived,,否,不适用,[],review_only,仅限人工复核,media,连续内嵌页应按完整报告或证据包审核，不逐页新建业务资产,P006-G055,,needs_customer_confirmation,需要客户确认,,产品库资料,泰昌绿色低碳资料历史候选第128页,,不适用,internal,企业内部资料,泰昌技术补充文件,泰昌技术补充文件,mixed_historical_bid,assets/template_words/技术补充文件.docx,128,（二）专项投标文件/5.针对评审要素，需要补充的其他文件/5.3.绿色低碳生产及绿色回收/5.3.1.建立了绿色生产/5.3.1.3.现状环境影响评估报告,"[""泰昌"", ""绿色低碳资料"", ""历史标书候选"", ""技术标""]",product_library,产品库资料,taichang_only,不适用,泰昌绿色低碳资料历史候选第128页,needs_review,[]
taichang_tenant_internal,"[""专项投标文件/5.针对评审要素，需要补充的其他文件/5.3.绿色低碳生产及绿色回收/5.3.1.建立了绿色生产/5.3.1.3.现状环境影响评估报告""]","[""技术标""]",False,technical,technical-media-0152,formal_material_caption,绿色低碳资料,0.9,18348308a8332af1996b520bb9dc3696f270bca917164b594fa7aa26fce3ab03,,,new,未发现重复，仍需审核,来源于泰昌技术补充文件，历史位置为“专项投标文件/5.针对评审要素，需要补充的其他文件/5.3.绿色低碳生产及绿色回收/5.3.1.建立了绿色生产/5.3.1.3.现状环境影响评估报告”。当前仅用于泰昌资料人工复核，未获准进入正式标书。,河北泰昌电力器材科技有限公司,河北泰昌电力器材科技有限公司,,green_low_carbon,绿色低碳资料,False,资料：泰昌绿色低碳资料,否,blocked,尚未通过P0-06人工批准,False,核验整份原始资料,True,泰昌企业资料,18348308a8332af1996b520bb9dc3696f270bca917164b594fa7aa26fce3ab03,tender_scoring_derived,,否,不适用,[],review_only,仅限人工复核,media,连续内嵌页应按完整报告或证据包审核，不逐页新建业务资产,P006-G055,,needs_customer_confirmation,需要客户确认,,产品库资料,泰昌绿色低碳资料历史候选第128页,,不适用,internal,企业内部资料,泰昌技术补充文件,泰昌技术补充文件,mixed_historical_bid,assets/template_words/技术补充文件.docx,128,（二）专项投标文件/5.针对评审要素，需要补充的其他文件/5.3.绿色低碳生产及绿色回收/5.3.1.建立了绿色生产/5.3.1.3.现状环境影响评估报告,"[""泰昌"", ""绿色低碳资料"", ""历史标书候选"", ""技术标""]",product_library,产品库资料,taichang_only,不适用,泰昌绿色低碳资料历史候选第128页,needs_review,[]
taichang_tenant_internal,"[""专项投标文件/5.针对评审要素，需要补充的其他文件/5.3.绿色低碳生产及绿色回收/5.3.1.建立了绿色生产/5.3.1.3.现状环境影响评估报告""]","[""技术标""]",False,technical,technical-media-0153,formal_material_caption,绿色低碳资料,0.9,8aa3d95c2441e97a841b07a055ec1ece0fc01eb47b21b1cd1682559728380b17,,,new,未发现重复，仍需审核,来源于泰昌技术补充文件，历史位置为“专项投标文件/5.针对评审要素，需要补充的其他文件/5.3.绿色低碳生产及绿色回收/5.3.1.建立了绿色生产/5.3.1.3.现状环境影响评估报告”。当前仅用于泰昌资料人工复核，未获准进入正式标书。,河北泰昌电力器材科技有限公司,河北泰昌电力器材科技有限公司,,green_low_carbon,绿色低碳资料,False,资料：泰昌绿色低碳资料,否,blocked,尚未通过P0-06人工批准,False,核验整份原始资料,True,泰昌企业资料,8aa3d95c2441e97a841b07a055ec1ece0fc01eb47b21b1cd1682559728380b17,tender_scoring_derived,,否,不适用,[],review_only,仅限人工复核,media,连续内嵌页应按完整报告或证据包审核，不逐页新建业务资产,P006-G055,,needs_customer_confirmation,需要客户确认,,产品库资料,泰昌绿色低碳资料历史候选第128页,,不适用,internal,企业内部资料,泰昌技术补充文件,泰昌技术补充文件,mixed_historical_bid,assets/template_words/技术补充文件.docx,128,（二）专项投标文件/5.针对评审要素，需要补充的其他文件/5.3.绿色低碳生产及绿色回收/5.3.1.建立了绿色生产/5.3.1.3.现状环境影响评估报告,"[""泰昌"", ""绿色低碳资料"", ""历史标书候选"", ""技术标""]",product_library,产品库资料,taichang_only,不适用,泰昌绿色低碳资料历史候选第128页,needs_review,[]
taichang_tenant_internal,"[""专项投标文件/5.针对评审要素，需要补充的其他文件/5.3.绿色低碳生产及绿色回收/5.3.1.建立了绿色生产/5.3.1.3.现状环境影响评估报告""]","[""技术标""]",False,technical,technical-media-0154,formal_material_caption,绿色低碳资料,0.9,f2ef0fafdab33a4e5754499e6b278d394edc213af79a42cee4a65893202dcdfe,,,new,未发现重复，仍需审核,来源于泰昌技术补充文件，历史位置为“专项投标文件/5.针对评审要素，需要补充的其他文件/5.3.绿色低碳生产及绿色回收/5.3.1.建立了绿色生产/5.3.1.3.现状环境影响评估报告”。当前仅用于泰昌资料人工复核，未获准进入正式标书。,河北泰昌电力器材科技有限公司,河北泰昌电力器材科技有限公司,,green_low_carbon,绿色低碳资料,False,资料：泰昌绿色低碳资料,否,blocked,尚未通过P0-06人工批准,False,核验整份原始资料,True,泰昌企业资料,f2ef0fafdab33a4e5754499e6b278d394edc213af79a42cee4a65893202dcdfe,tender_scoring_derived,,否,不适用,[],review_only,仅限人工复核,media,连续内嵌页应按完整报告或证据包审核，不逐页新建业务资产,P006-G055,,needs_customer_confirmation,需要客户确认,,产品库资料,泰昌绿色低碳资料历史候选第128页,,不适用,internal,企业内部资料,泰昌技术补充文件,泰昌技术补充文件,mixed_historical_bid,assets/template_words/技术补充文件.docx,128,（二）专项投标文件/5.针对评审要素，需要补充的其他文件/5.3.绿色低碳生产及绿色回收/5.3.1.建立了绿色生产/5.3.1.3.现状环境影响评估报告,"[""泰昌"", ""绿色低碳资料"", ""历史标书候选"", ""技术标""]",product_library,产品库资料,taichang_only,不适用,泰昌绿色低碳资料历史候选第128页,needs_review,[]
taichang_tenant_internal,"[""专项投标文件/5.针对评审要素，需要补充的其他文件/5.3.绿色低碳生产及绿色回收/5.3.1.建立了绿色生产/5.3.1.3.现状环境影响评估报告""]","[""技术标""]",False,technical,technical-media-0155,formal_material_caption,绿色低碳资料,0.9,6e0a38902e07eb3cf7b3c7129038072811972cc7f9d8ed628be4cd0b9c055686,,,new,未发现重复，仍需审核,来源于泰昌技术补充文件，历史位置为“专项投标文件/5.针对评审要素，需要补充的其他文件/5.3.绿色低碳生产及绿色回收/5.3.1.建立了绿色生产/5.3.1.3.现状环境影响评估报告”。当前仅用于泰昌资料人工复核，未获准进入正式标书。,河北泰昌电力器材科技有限公司,河北泰昌电力器材科技有限公司,,green_low_carbon,绿色低碳资料,False,资料：泰昌绿色低碳资料,否,blocked,尚未通过P0-06人工批准,False,核验整份原始资料,True,泰昌企业资料,6e0a38902e07eb3cf7b3c7129038072811972cc7f9d8ed628be4cd0b9c055686,tender_scoring_derived,,否,不适用,[],review_only,仅限人工复核,media,连续内嵌页应按完整报告或证据包审核，不逐页新建业务资产,P006-G055,,needs_customer_confirmation,需要客户确认,,产品库资料,泰昌绿色低碳资料历史候选第128页,,不适用,internal,企业内部资料,泰昌技术补充文件,泰昌技术补充文件,mixed_historical_bid,assets/template_words/技术补充文件.docx,128,（二）专项投标文件/5.针对评审要素，需要补充的其他文件/5.3.绿色低碳生产及绿色回收/5.3.1.建立了绿色生产/5.3.1.3.现状环境影响评估报告,"[""泰昌"", ""绿色低碳资料"", ""历史标书候选"", ""技术标""]",product_library,产品库资料,taichang_only,不适用,泰昌绿色低碳资料历史候选第128页,needs_review,[]
taichang_tenant_internal,"[""专项投标文件/5.针对评审要素，需要补充的其他文件/5.3.绿色低碳生产及绿色回收/5.3.1.建立了绿色生产/5.3.1.3.现状环境影响评估报告""]","[""技术标""]",False,technical,technical-media-0156,formal_material_caption,绿色低碳资料,0.9,48d6cd9a077951f25be184f785ea27257a3beb8a6aa349420496387959d471c0,,,possible_visual_duplicate,视觉疑似重复,来源于泰昌技术补充文件，历史位置为“专项投标文件/5.针对评审要素，需要补充的其他文件/5.3.绿色低碳生产及绿色回收/5.3.1.建立了绿色生产/5.3.1.3.现状环境影响评估报告”。当前仅用于泰昌资料人工复核，未获准进入正式标书。,河北泰昌电力器材科技有限公司,河北泰昌电力器材科技有限公司,taichang-visual-review-498d9fc6b7be5c5ded3e,green_low_carbon,绿色低碳资料,False,资料：泰昌绿色低碳资料,否,blocked,尚未通过P0-06人工批准,False,优先核重,True,泰昌企业资料,48d6cd9a077951f25be184f785ea27257a3beb8a6aa349420496387959d471c0,tender_scoring_derived,,否,不适用,[],review_only,仅限人工复核,media,查看原件并确认是新资产、重复资产或同一证据的不同载体,P006-G055,,needs_manual_review,需要人工复核,,产品库资料,泰昌绿色低碳资料历史候选第128页,,不适用,internal,企业内部资料,泰昌技术补充文件,泰昌技术补充文件,mixed_historical_bid,assets/template_words/技术补充文件.docx,128,（二）专项投标文件/5.针对评审要素，需要补充的其他文件/5.3.绿色低碳生产及绿色回收/5.3.1.建立了绿色生产/5.3.1.3.现状环境影响评估报告,"[""泰昌"", ""绿色低碳资料"", ""历史标书候选"", ""技术标""]",product_library,产品库资料,taichang_only,不适用,泰昌绿色低碳资料历史候选第128页,needs_review,[]
taichang_tenant_internal,"[""专项投标文件/5.针对评审要素，需要补充的其他文件/5.3.绿色低碳生产及绿色回收/5.3.1.建立了绿色生产/5.3.1.3.现状环境影响评估报告""]","[""技术标""]",False,technical,technical-media-0157,formal_material_caption,绿色低碳资料,0.9,e1bbebc6d77785cff773f9c567c12d8ae18edf6b4e28a358aad71cebf3ca45ad,,,new,未发现重复，仍需审核,来源于泰昌技术补充文件，历史位置为“专项投标文件/5.针对评审要素，需要补充的其他文件/5.3.绿色低碳生产及绿色回收/5.3.1.建立了绿色生产/5.3.1.3.现状环境影响评估报告”。当前仅用于泰昌资料人工复核，未获准进入正式标书。,河北泰昌电力器材科技有限公司,河北泰昌电力器材科技有限公司,,green_low_carbon,绿色低碳资料,False,资料：泰昌绿色低碳资料,否,blocked,尚未通过P0-06人工批准,False,核验整份原始资料,True,泰昌企业资料,e1bbebc6d77785cff773f9c567c12d8ae18edf6b4e28a358aad71cebf3ca45ad,tender_scoring_derived,,否,不适用,[],review_only,仅限人工复核,media,连续内嵌页应按完整报告或证据包审核，不逐页新建业务资产,P006-G055,,needs_customer_confirmation,需要客户确认,,产品库资料,泰昌绿色低碳资料历史候选第128页,,不适用,internal,企业内部资料,泰昌技术补充文件,泰昌技术补充文件,mixed_historical_bid,assets/template_words/技术补充文件.docx,128,（二）专项投标文件/5.针对评审要素，需要补充的其他文件/5.3.绿色低碳生产及绿色回收/5.3.1.建立了绿色生产/5.3.1.3.现状环境影响评估报告,"[""泰昌"", ""绿色低碳资料"", ""历史标书候选"", ""技术标""]",product_library,产品库资料,taichang_only,不适用,泰昌绿色低碳资料历史候选第128页,needs_review,[]
taichang_tenant_internal,"[""专项投标文件/5.针对评审要素，需要补充的其他文件/5.3.绿色低碳生产及绿色回收/5.3.1.建立了绿色生产/5.3.1.3.现状环境影响评估报告""]","[""技术标""]",False,technical,technical-media-0158,formal_material_caption,绿色低碳资料,0.9,269e306f8cf107e4ad1c07fbdbdfc1ed657665c35e371076750635f54aab7be2,,,new,未发现重复，仍需审核,来源于泰昌技术补充文件，历史位置为“专项投标文件/5.针对评审要素，需要补充的其他文件/5.3.绿色低碳生产及绿色回收/5.3.1.建立了绿色生产/5.3.1.3.现状环境影响评估报告”。当前仅用于泰昌资料人工复核，未获准进入正式标书。,河北泰昌电力器材科技有限公司,河北泰昌电力器材科技有限公司,,green_low_carbon,绿色低碳资料,False,资料：泰昌绿色低碳资料,否,blocked,尚未通过P0-06人工批准,False,核验整份原始资料,True,泰昌企业资料,269e306f8cf107e4ad1c07fbdbdfc1ed657665c35e371076750635f54aab7be2,tender_scoring_derived,,否,不适用,[],review_only,仅限人工复核,media,连续内嵌页应按完整报告或证据包审核，不逐页新建业务资产,P006-G055,,needs_customer_confirmation,需要客户确认,,产品库资料,泰昌绿色低碳资料历史候选第128页,,不适用,internal,企业内部资料,泰昌技术补充文件,泰昌技术补充文件,mixed_historical_bid,assets/template_words/技术补充文件.docx,128,（二）专项投标文件/5.针对评审要素，需要补充的其他文件/5.3.绿色低碳生产及绿色回收/5.3.1.建立了绿色生产/5.3.1.3.现状环境影响评估报告,"[""泰昌"", ""绿色低碳资料"", ""历史标书候选"", ""技术标""]",product_library,产品库资料,taichang_only,不适用,泰昌绿色低碳资料历史候选第128页,needs_review,[]
taichang_tenant_internal,"[""专项投标文件/5.针对评审要素，需要补充的其他文件/5.3.绿色低碳生产及绿色回收/5.3.1.建立了绿色生产/5.3.1.3.现状环境影响评估报告""]","[""技术标""]",False,technical,technical-media-0159,formal_material_caption,绿色低碳资料,0.9,7d91cb870a134b93ad4e202c98e774675faef2396d0586c93052a77bed478d61,,,new,未发现重复，仍需审核,来源于泰昌技术补充文件，历史位置为“专项投标文件/5.针对评审要素，需要补充的其他文件/5.3.绿色低碳生产及绿色回收/5.3.1.建立了绿色生产/5.3.1.3.现状环境影响评估报告”。当前仅用于泰昌资料人工复核，未获准进入正式标书。,河北泰昌电力器材科技有限公司,河北泰昌电力器材科技有限公司,,green_low_carbon,绿色低碳资料,False,资料：泰昌绿色低碳资料,否,blocked,尚未通过P0-06人工批准,False,核验整份原始资料,True,泰昌企业资料,7d91cb870a134b93ad4e202c98e774675faef2396d0586c93052a77bed478d61,tender_scoring_derived,,否,不适用,[],review_only,仅限人工复核,media,连续内嵌页应按完整报告或证据包审核，不逐页新建业务资产,P006-G055,,needs_customer_confirmation,需要客户确认,,产品库资料,泰昌绿色低碳资料历史候选第128页,,不适用,internal,企业内部资料,泰昌技术补充文件,泰昌技术补充文件,mixed_historical_bid,assets/template_words/技术补充文件.docx,128,（二）专项投标文件/5.针对评审要素，需要补充的其他文件/5.3.绿色低碳生产及绿色回收/5.3.1.建立了绿色生产/5.3.1.3.现状环境影响评估报告,"[""泰昌"", ""绿色低碳资料"", ""历史标书候选"", ""技术标""]",product_library,产品库资料,taichang_only,不适用,泰昌绿色低碳资料历史候选第128页,needs_review,[]
taichang_tenant_internal,"[""专项投标文件/5.针对评审要素，需要补充的其他文件/5.3.绿色低碳生产及绿色回收/5.3.1.建立了绿色生产/5.3.1.3.现状环境影响评估报告""]","[""技术标""]",False,technical,technical-media-0160,formal_material_caption,绿色低碳资料,0.9,44f89d0468be8babad49b3f2e36540d8493bf3b16b2c9b9ab06587ac075c99af,,,new,未发现重复，仍需审核,来源于泰昌技术补充文件，历史位置为“专项投标文件/5.针对评审要素，需要补充的其他文件/5.3.绿色低碳生产及绿色回收/5.3.1.建立了绿色生产/5.3.1.3.现状环境影响评估报告”。当前仅用于泰昌资料人工复核，未获准进入正式标书。,河北泰昌电力器材科技有限公司,河北泰昌电力器材科技有限公司,,green_low_carbon,绿色低碳资料,False,资料：泰昌绿色低碳资料,否,blocked,尚未通过P0-06人工批准,False,核验整份原始资料,True,泰昌企业资料,44f89d0468be8babad49b3f2e36540d8493bf3b16b2c9b9ab06587ac075c99af,tender_scoring_derived,,否,不适用,[],review_only,仅限人工复核,media,连续内嵌页应按完整报告或证据包审核，不逐页新建业务资产,P006-G055,,needs_customer_confirmation,需要客户确认,,产品库资料,泰昌绿色低碳资料历史候选第128页,,不适用,internal,企业内部资料,泰昌技术补充文件,泰昌技术补充文件,mixed_historical_bid,assets/template_words/技术补充文件.docx,128,（二）专项投标文件/5.针对评审要素，需要补充的其他文件/5.3.绿色低碳生产及绿色回收/5.3.1.建立了绿色生产/5.3.1.3.现状环境影响评估报告,"[""泰昌"", ""绿色低碳资料"", ""历史标书候选"", ""技术标""]",product_library,产品库资料,taichang_only,不适用,泰昌绿色低碳资料历史候选第128页,needs_review,[]
taichang_tenant_internal,"[""专项投标文件/5.针对评审要素，需要补充的其他文件/5.3.绿色低碳生产及绿色回收/5.3.1.建立了绿色生产/5.3.1.3.现状环境影响评估报告""]","[""技术标""]",False,technical,technical-media-0161,formal_material_caption,绿色低碳资料,0.9,18329592421b0465a8eae366d7b8ddb4dd2edb125563ec73e6ca35b8126ec0cc,,,new,未发现重复，仍需审核,来源于泰昌技术补充文件，历史位置为“专项投标文件/5.针对评审要素，需要补充的其他文件/5.3.绿色低碳生产及绿色回收/5.3.1.建立了绿色生产/5.3.1.3.现状环境影响评估报告”。当前仅用于泰昌资料人工复核，未获准进入正式标书。,河北泰昌电力器材科技有限公司,河北泰昌电力器材科技有限公司,,green_low_carbon,绿色低碳资料,False,资料：泰昌绿色低碳资料,否,blocked,尚未通过P0-06人工批准,False,核验整份原始资料,True,泰昌企业资料,18329592421b0465a8eae366d7b8ddb4dd2edb125563ec73e6ca35b8126ec0cc,tender_scoring_derived,,否,不适用,[],review_only,仅限人工复核,media,连续内嵌页应按完整报告或证据包审核，不逐页新建业务资产,P006-G055,,needs_customer_confirmation,需要客户确认,,产品库资料,泰昌绿色低碳资料历史候选第128页,,不适用,internal,企业内部资料,泰昌技术补充文件,泰昌技术补充文件,mixed_historical_bid,assets/template_words/技术补充文件.docx,128,（二）专项投标文件/5.针对评审要素，需要补充的其他文件/5.3.绿色低碳生产及绿色回收/5.3.1.建立了绿色生产/5.3.1.3.现状环境影响评估报告,"[""泰昌"", ""绿色低碳资料"", ""历史标书候选"", ""技术标""]",product_library,产品库资料,taichang_only,不适用,泰昌绿色低碳资料历史候选第128页,needs_review,[]
taichang_tenant_internal,"[""专项投标文件/5.针对评审要素，需要补充的其他文件/5.3.绿色低碳生产及绿色回收/5.3.1.建立了绿色生产/5.3.1.3.现状环境影响评估报告""]","[""技术标""]",False,technical,technical-media-0162,formal_material_caption,绿色低碳资料,0.9,facc29f07481a92ebc54e2955cda7cd244514dbaf349a3bfe5f6b3a9faa73ebf,,,new,未发现重复，仍需审核,来源于泰昌技术补充文件，历史位置为“专项投标文件/5.针对评审要素，需要补充的其他文件/5.3.绿色低碳生产及绿色回收/5.3.1.建立了绿色生产/5.3.1.3.现状环境影响评估报告”。当前仅用于泰昌资料人工复核，未获准进入正式标书。,河北泰昌电力器材科技有限公司,河北泰昌电力器材科技有限公司,,green_low_carbon,绿色低碳资料,False,资料：泰昌绿色低碳资料,否,blocked,尚未通过P0-06人工批准,False,核验整份原始资料,True,泰昌企业资料,facc29f07481a92ebc54e2955cda7cd244514dbaf349a3bfe5f6b3a9faa73ebf,tender_scoring_derived,,否,不适用,[],review_only,仅限人工复核,media,连续内嵌页应按完整报告或证据包审核，不逐页新建业务资产,P006-G055,,needs_customer_confirmation,需要客户确认,,产品库资料,泰昌绿色低碳资料历史候选第128页,,不适用,internal,企业内部资料,泰昌技术补充文件,泰昌技术补充文件,mixed_historical_bid,assets/template_words/技术补充文件.docx,128,（二）专项投标文件/5.针对评审要素，需要补充的其他文件/5.3.绿色低碳生产及绿色回收/5.3.1.建立了绿色生产/5.3.1.3.现状环境影响评估报告,"[""泰昌"", ""绿色低碳资料"", ""历史标书候选"", ""技术标""]",product_library,产品库资料,taichang_only,不适用,泰昌绿色低碳资料历史候选第128页,needs_review,[]
taichang_tenant_internal,"[""专项投标文件/5.针对评审要素，需要补充的其他文件/5.3.绿色低碳生产及绿色回收/5.3.1.建立了绿色生产/5.3.1.3.现状环境影响评估报告""]","[""技术标""]",False,technical,technical-media-0163,formal_material_caption,绿色低碳资料,0.9,ebed20ff147f06734b2c3a5faa8d28a47ee6ad6a0cc13a7c9100ad7c303c138c,,,new,未发现重复，仍需审核,来源于泰昌技术补充文件，历史位置为“专项投标文件/5.针对评审要素，需要补充的其他文件/5.3.绿色低碳生产及绿色回收/5.3.1.建立了绿色生产/5.3.1.3.现状环境影响评估报告”。当前仅用于泰昌资料人工复核，未获准进入正式标书。,河北泰昌电力器材科技有限公司,河北泰昌电力器材科技有限公司,,green_low_carbon,绿色低碳资料,False,资料：泰昌绿色低碳资料,否,blocked,尚未通过P0-06人工批准,False,核验整份原始资料,True,泰昌企业资料,ebed20ff147f06734b2c3a5faa8d28a47ee6ad6a0cc13a7c9100ad7c303c138c,tender_scoring_derived,,否,不适用,[],review_only,仅限人工复核,media,连续内嵌页应按完整报告或证据包审核，不逐页新建业务资产,P006-G055,,needs_customer_confirmation,需要客户确认,,产品库资料,泰昌绿色低碳资料历史候选第128页,,不适用,internal,企业内部资料,泰昌技术补充文件,泰昌技术补充文件,mixed_historical_bid,assets/template_words/技术补充文件.docx,128,（二）专项投标文件/5.针对评审要素，需要补充的其他文件/5.3.绿色低碳生产及绿色回收/5.3.1.建立了绿色生产/5.3.1.3.现状环境影响评估报告,"[""泰昌"", ""绿色低碳资料"", ""历史标书候选"", ""技术标""]",product_library,产品库资料,taichang_only,不适用,泰昌绿色低碳资料历史候选第128页,needs_review,[]
taichang_tenant_internal,"[""专项投标文件/5.针对评审要素，需要补充的其他文件/5.3.绿色低碳生产及绿色回收/5.3.1.建立了绿色生产/5.3.1.3.现状环境影响评估报告""]","[""技术标""]",False,technical,technical-media-0164,formal_material_caption,绿色低碳资料,0.9,847fe1a5345c69c02ea02954267b1969a982b0e88e0ac0df0e5cbcea262fe666,,,new,未发现重复，仍需审核,来源于泰昌技术补充文件，历史位置为“专项投标文件/5.针对评审要素，需要补充的其他文件/5.3.绿色低碳生产及绿色回收/5.3.1.建立了绿色生产/5.3.1.3.现状环境影响评估报告”。当前仅用于泰昌资料人工复核，未获准进入正式标书。,河北泰昌电力器材科技有限公司,河北泰昌电力器材科技有限公司,,green_low_carbon,绿色低碳资料,False,资料：泰昌绿色低碳资料,否,blocked,尚未通过P0-06人工批准,False,核验整份原始资料,True,泰昌企业资料,847fe1a5345c69c02ea02954267b1969a982b0e88e0ac0df0e5cbcea262fe666,tender_scoring_derived,,否,不适用,[],review_only,仅限人工复核,media,连续内嵌页应按完整报告或证据包审核，不逐页新建业务资产,P006-G055,,needs_customer_confirmation,需要客户确认,,产品库资料,泰昌绿色低碳资料历史候选第128页,,不适用,internal,企业内部资料,泰昌技术补充文件,泰昌技术补充文件,mixed_historical_bid,assets/template_words/技术补充文件.docx,128,（二）专项投标文件/5.针对评审要素，需要补充的其他文件/5.3.绿色低碳生产及绿色回收/5.3.1.建立了绿色生产/5.3.1.3.现状环境影响评估报告,"[""泰昌"", ""绿色低碳资料"", ""历史标书候选"", ""技术标""]",product_library,产品库资料,taichang_only,不适用,泰昌绿色低碳资料历史候选第128页,needs_review,[]
taichang_tenant_internal,"[""专项投标文件/5.针对评审要素，需要补充的其他文件/5.3.绿色低碳生产及绿色回收/5.3.1.建立了绿色生产/5.3.1.3.现状环境影响评估报告""]","[""技术标""]",False,technical,technical-media-0165,formal_material_caption,绿色低碳资料,0.9,3fb9454388d631aefc554557d507b3e941463ad6f213e0625178484062938709,,,new,未发现重复，仍需审核,来源于泰昌技术补充文件，历史位置为“专项投标文件/5.针对评审要素，需要补充的其他文件/5.3.绿色低碳生产及绿色回收/5.3.1.建立了绿色生产/5.3.1.3.现状环境影响评估报告”。当前仅用于泰昌资料人工复核，未获准进入正式标书。,河北泰昌电力器材科技有限公司,河北泰昌电力器材科技有限公司,,green_low_carbon,绿色低碳资料,False,资料：泰昌绿色低碳资料,否,blocked,尚未通过P0-06人工批准,False,核验整份原始资料,True,泰昌企业资料,3fb9454388d631aefc554557d507b3e941463ad6f213e0625178484062938709,tender_scoring_derived,,否,不适用,[],review_only,仅限人工复核,media,连续内嵌页应按完整报告或证据包审核，不逐页新建业务资产,P006-G055,,needs_customer_confirmation,需要客户确认,,产品库资料,泰昌绿色低碳资料历史候选第128页,,不适用,internal,企业内部资料,泰昌技术补充文件,泰昌技术补充文件,mixed_historical_bid,assets/template_words/技术补充文件.docx,128,（二）专项投标文件/5.针对评审要素，需要补充的其他文件/5.3.绿色低碳生产及绿色回收/5.3.1.建立了绿色生产/5.3.1.3.现状环境影响评估报告,"[""泰昌"", ""绿色低碳资料"", ""历史标书候选"", ""技术标""]",product_library,产品库资料,taichang_only,不适用,泰昌绿色低碳资料历史候选第128页,needs_review,[]
taichang_tenant_internal,"[""专项投标文件/5.针对评审要素，需要补充的其他文件/5.3.绿色低碳生产及绿色回收/5.3.1.建立了绿色生产/5.3.1.3.现状环境影响评估报告""]","[""技术标""]",False,technical,technical-media-0166,formal_material_caption,绿色低碳资料,0.9,05f4b06d246a57b210272ed5903492eba4a2bd2ad491d2f3e13c8c49a9577a34,,,new,未发现重复，仍需审核,来源于泰昌技术补充文件，历史位置为“专项投标文件/5.针对评审要素，需要补充的其他文件/5.3.绿色低碳生产及绿色回收/5.3.1.建立了绿色生产/5.3.1.3.现状环境影响评估报告”。当前仅用于泰昌资料人工复核，未获准进入正式标书。,河北泰昌电力器材科技有限公司,河北泰昌电力器材科技有限公司,,green_low_carbon,绿色低碳资料,False,资料：泰昌绿色低碳资料,否,blocked,尚未通过P0-06人工批准,False,核验整份原始资料,True,泰昌企业资料,05f4b06d246a57b210272ed5903492eba4a2bd2ad491d2f3e13c8c49a9577a34,tender_scoring_derived,,否,不适用,[],review_only,仅限人工复核,media,连续内嵌页应按完整报告或证据包审核，不逐页新建业务资产,P006-G055,,needs_customer_confirmation,需要客户确认,,产品库资料,泰昌绿色低碳资料历史候选第128页,,不适用,internal,企业内部资料,泰昌技术补充文件,泰昌技术补充文件,mixed_historical_bid,assets/template_words/技术补充文件.docx,128,（二）专项投标文件/5.针对评审要素，需要补充的其他文件/5.3.绿色低碳生产及绿色回收/5.3.1.建立了绿色生产/5.3.1.3.现状环境影响评估报告,"[""泰昌"", ""绿色低碳资料"", ""历史标书候选"", ""技术标""]",product_library,产品库资料,taichang_only,不适用,泰昌绿色低碳资料历史候选第128页,needs_review,[]
taichang_tenant_internal,"[""专项投标文件/5.针对评审要素，需要补充的其他文件/5.3.绿色低碳生产及绿色回收/5.3.1.建立了绿色生产/5.3.1.3.现状环境影响评估报告""]","[""技术标""]",False,technical,technical-media-0167,formal_material_caption,绿色低碳资料,0.9,cbd8af6f26ad8af3224556f11cde29734d793e4f9933ab615eb0b69b6839503e,,,new,未发现重复，仍需审核,来源于泰昌技术补充文件，历史位置为“专项投标文件/5.针对评审要素，需要补充的其他文件/5.3.绿色低碳生产及绿色回收/5.3.1.建立了绿色生产/5.3.1.3.现状环境影响评估报告”。当前仅用于泰昌资料人工复核，未获准进入正式标书。,河北泰昌电力器材科技有限公司,河北泰昌电力器材科技有限公司,,green_low_carbon,绿色低碳资料,False,资料：泰昌绿色低碳资料,否,blocked,尚未通过P0-06人工批准,False,核验整份原始资料,True,泰昌企业资料,cbd8af6f26ad8af3224556f11cde29734d793e4f9933ab615eb0b69b6839503e,tender_scoring_derived,,否,不适用,[],review_only,仅限人工复核,media,连续内嵌页应按完整报告或证据包审核，不逐页新建业务资产,P006-G055,,needs_customer_confirmation,需要客户确认,,产品库资料,泰昌绿色低碳资料历史候选第128页,,不适用,internal,企业内部资料,泰昌技术补充文件,泰昌技术补充文件,mixed_historical_bid,assets/template_words/技术补充文件.docx,128,（二）专项投标文件/5.针对评审要素，需要补充的其他文件/5.3.绿色低碳生产及绿色回收/5.3.1.建立了绿色生产/5.3.1.3.现状环境影响评估报告,"[""泰昌"", ""绿色低碳资料"", ""历史标书候选"", ""技术标""]",product_library,产品库资料,taichang_only,不适用,泰昌绿色低碳资料历史候选第128页,needs_review,[]
taichang_tenant_internal,"[""专项投标文件/5.针对评审要素，需要补充的其他文件/5.3.绿色低碳生产及绿色回收/5.3.1.建立了绿色生产/5.3.1.3.现状环境影响评估报告""]","[""技术标""]",False,technical,technical-media-0168,formal_material_caption,绿色低碳资料,0.9,f7278568c39d6478d664fa407a160c3ffe34868878f57e0349cd487a90ddebea,,,new,未发现重复，仍需审核,来源于泰昌技术补充文件，历史位置为“专项投标文件/5.针对评审要素，需要补充的其他文件/5.3.绿色低碳生产及绿色回收/5.3.1.建立了绿色生产/5.3.1.3.现状环境影响评估报告”。当前仅用于泰昌资料人工复核，未获准进入正式标书。,河北泰昌电力器材科技有限公司,河北泰昌电力器材科技有限公司,,green_low_carbon,绿色低碳资料,False,资料：泰昌绿色低碳资料,否,blocked,尚未通过P0-06人工批准,False,核验整份原始资料,True,泰昌企业资料,f7278568c39d6478d664fa407a160c3ffe34868878f57e0349cd487a90ddebea,tender_scoring_derived,,否,不适用,[],review_only,仅限人工复核,media,连续内嵌页应按完整报告或证据包审核，不逐页新建业务资产,P006-G055,,needs_customer_confirmation,需要客户确认,,产品库资料,泰昌绿色低碳资料历史候选第128页,,不适用,internal,企业内部资料,泰昌技术补充文件,泰昌技术补充文件,mixed_historical_bid,assets/template_words/技术补充文件.docx,128,（二）专项投标文件/5.针对评审要素，需要补充的其他文件/5.3.绿色低碳生产及绿色回收/5.3.1.建立了绿色生产/5.3.1.3.现状环境影响评估报告,"[""泰昌"", ""绿色低碳资料"", ""历史标书候选"", ""技术标""]",product_library,产品库资料,taichang_only,不适用,泰昌绿色低碳资料历史候选第128页,needs_review,[]
taichang_tenant_internal,"[""专项投标文件/5.针对评审要素，需要补充的其他文件/5.3.绿色低碳生产及绿色回收/5.3.1.建立了绿色生产/5.3.1.3.现状环境影响评估报告""]","[""技术标""]",False,technical,technical-media-0169,formal_material_caption,绿色低碳资料,0.9,dcd1e45b50b3de0e2e72ded6100dbae5273e076edcee57b0e5724d3ab2985c96,,,new,未发现重复，仍需审核,来源于泰昌技术补充文件，历史位置为“专项投标文件/5.针对评审要素，需要补充的其他文件/5.3.绿色低碳生产及绿色回收/5.3.1.建立了绿色生产/5.3.1.3.现状环境影响评估报告”。当前仅用于泰昌资料人工复核，未获准进入正式标书。,河北泰昌电力器材科技有限公司,河北泰昌电力器材科技有限公司,,green_low_carbon,绿色低碳资料,False,资料：泰昌绿色低碳资料,否,blocked,尚未通过P0-06人工批准,False,核验整份原始资料,True,泰昌企业资料,dcd1e45b50b3de0e2e72ded6100dbae5273e076edcee57b0e5724d3ab2985c96,tender_scoring_derived,,否,不适用,[],review_only,仅限人工复核,media,连续内嵌页应按完整报告或证据包审核，不逐页新建业务资产,P006-G055,,needs_customer_confirmation,需要客户确认,,产品库资料,泰昌绿色低碳资料历史候选第128页,,不适用,internal,企业内部资料,泰昌技术补充文件,泰昌技术补充文件,mixed_historical_bid,assets/template_words/技术补充文件.docx,128,（二）专项投标文件/5.针对评审要素，需要补充的其他文件/5.3.绿色低碳生产及绿色回收/5.3.1.建立了绿色生产/5.3.1.3.现状环境影响评估报告,"[""泰昌"", ""绿色低碳资料"", ""历史标书候选"", ""技术标""]",product_library,产品库资料,taichang_only,不适用,泰昌绿色低碳资料历史候选第128页,needs_review,[]
taichang_tenant_internal,"[""专项投标文件/5.针对评审要素，需要补充的其他文件/5.3.绿色低碳生产及绿色回收/5.3.1.建立了绿色生产/5.3.1.3.现状环境影响评估报告""]","[""技术标""]",False,technical,technical-media-0170,formal_material_caption,绿色低碳资料,0.9,8c56379e9694a11d96eb0c6a50ec166ed7b9112cb6e68456541d273b9e032973,,,new,未发现重复，仍需审核,来源于泰昌技术补充文件，历史位置为“专项投标文件/5.针对评审要素，需要补充的其他文件/5.3.绿色低碳生产及绿色回收/5.3.1.建立了绿色生产/5.3.1.3.现状环境影响评估报告”。当前仅用于泰昌资料人工复核，未获准进入正式标书。,河北泰昌电力器材科技有限公司,河北泰昌电力器材科技有限公司,,green_low_carbon,绿色低碳资料,False,资料：泰昌绿色低碳资料,否,blocked,尚未通过P0-06人工批准,False,核验整份原始资料,True,泰昌企业资料,8c56379e9694a11d96eb0c6a50ec166ed7b9112cb6e68456541d273b9e032973,tender_scoring_derived,,否,不适用,[],review_only,仅限人工复核,media,连续内嵌页应按完整报告或证据包审核，不逐页新建业务资产,P006-G055,,needs_customer_confirmation,需要客户确认,,产品库资料,泰昌绿色低碳资料历史候选第128页,,不适用,internal,企业内部资料,泰昌技术补充文件,泰昌技术补充文件,mixed_historical_bid,assets/template_words/技术补充文件.docx,128,（二）专项投标文件/5.针对评审要素，需要补充的其他文件/5.3.绿色低碳生产及绿色回收/5.3.1.建立了绿色生产/5.3.1.3.现状环境影响评估报告,"[""泰昌"", ""绿色低碳资料"", ""历史标书候选"", ""技术标""]",product_library,产品库资料,taichang_only,不适用,泰昌绿色低碳资料历史候选第128页,needs_review,[]
taichang_tenant_internal,"[""专项投标文件/5.针对评审要素，需要补充的其他文件/5.3.绿色低碳生产及绿色回收/5.3.1.建立了绿色生产/5.3.1.3.现状环境影响评估报告""]","[""技术标""]",False,technical,technical-media-0171,formal_material_caption,绿色低碳资料,0.9,2642135ea4252a275889b714cbd77d43daf2f7493cffa16c1da72e958492331f,,,new,未发现重复，仍需审核,来源于泰昌技术补充文件，历史位置为“专项投标文件/5.针对评审要素，需要补充的其他文件/5.3.绿色低碳生产及绿色回收/5.3.1.建立了绿色生产/5.3.1.3.现状环境影响评估报告”。当前仅用于泰昌资料人工复核，未获准进入正式标书。,河北泰昌电力器材科技有限公司,河北泰昌电力器材科技有限公司,,green_low_carbon,绿色低碳资料,False,资料：泰昌绿色低碳资料,否,blocked,尚未通过P0-06人工批准,False,核验整份原始资料,True,泰昌企业资料,2642135ea4252a275889b714cbd77d43daf2f7493cffa16c1da72e958492331f,tender_scoring_derived,,否,不适用,[],review_only,仅限人工复核,media,连续内嵌页应按完整报告或证据包审核，不逐页新建业务资产,P006-G055,,needs_customer_confirmation,需要客户确认,,产品库资料,泰昌绿色低碳资料历史候选第128页,,不适用,internal,企业内部资料,泰昌技术补充文件,泰昌技术补充文件,mixed_historical_bid,assets/template_words/技术补充文件.docx,128,（二）专项投标文件/5.针对评审要素，需要补充的其他文件/5.3.绿色低碳生产及绿色回收/5.3.1.建立了绿色生产/5.3.1.3.现状环境影响评估报告,"[""泰昌"", ""绿色低碳资料"", ""历史标书候选"", ""技术标""]",product_library,产品库资料,taichang_only,不适用,泰昌绿色低碳资料历史候选第128页,needs_review,[]
taichang_tenant_internal,"[""专项投标文件/5.针对评审要素，需要补充的其他文件/5.3.绿色低碳生产及绿色回收/5.3.1.建立了绿色生产/5.3.1.3.现状环境影响评估报告""]","[""技术标""]",False,technical,technical-media-0172,formal_material_caption,绿色低碳资料,0.9,fc06fdde27589a33293da753a475ca4b0eab633d3b045bb1d5665ea099346689,,,new,未发现重复，仍需审核,来源于泰昌技术补充文件，历史位置为“专项投标文件/5.针对评审要素，需要补充的其他文件/5.3.绿色低碳生产及绿色回收/5.3.1.建立了绿色生产/5.3.1.3.现状环境影响评估报告”。当前仅用于泰昌资料人工复核，未获准进入正式标书。,河北泰昌电力器材科技有限公司,河北泰昌电力器材科技有限公司,,green_low_carbon,绿色低碳资料,False,资料：泰昌绿色低碳资料,否,blocked,尚未通过P0-06人工批准,False,核验整份原始资料,True,泰昌企业资料,fc06fdde27589a33293da753a475ca4b0eab633d3b045bb1d5665ea099346689,tender_scoring_derived,,否,不适用,[],review_only,仅限人工复核,media,连续内嵌页应按完整报告或证据包审核，不逐页新建业务资产,P006-G055,,needs_customer_confirmation,需要客户确认,,产品库资料,泰昌绿色低碳资料历史候选第128页,,不适用,internal,企业内部资料,泰昌技术补充文件,泰昌技术补充文件,mixed_historical_bid,assets/template_words/技术补充文件.docx,128,（二）专项投标文件/5.针对评审要素，需要补充的其他文件/5.3.绿色低碳生产及绿色回收/5.3.1.建立了绿色生产/5.3.1.3.现状环境影响评估报告,"[""泰昌"", ""绿色低碳资料"", ""历史标书候选"", ""技术标""]",product_library,产品库资料,taichang_only,不适用,泰昌绿色低碳资料历史候选第128页,needs_review,[]
taichang_tenant_internal,"[""专项投标文件/5.针对评审要素，需要补充的其他文件/5.3.绿色低碳生产及绿色回收/5.3.1.建立了绿色生产/5.3.1.3.现状环境影响评估报告""]","[""技术标""]",False,technical,technical-media-0173,formal_material_caption,绿色低碳资料,0.9,1f45ed5a92289b7d52916072c8c6765fdba68b466a715c6bcdd8880bc3cc4264,,,new,未发现重复，仍需审核,来源于泰昌技术补充文件，历史位置为“专项投标文件/5.针对评审要素，需要补充的其他文件/5.3.绿色低碳生产及绿色回收/5.3.1.建立了绿色生产/5.3.1.3.现状环境影响评估报告”。当前仅用于泰昌资料人工复核，未获准进入正式标书。,河北泰昌电力器材科技有限公司,河北泰昌电力器材科技有限公司,,green_low_carbon,绿色低碳资料,False,资料：泰昌绿色低碳资料,否,blocked,尚未通过P0-06人工批准,False,核验整份原始资料,True,泰昌企业资料,1f45ed5a92289b7d52916072c8c6765fdba68b466a715c6bcdd8880bc3cc4264,tender_scoring_derived,,否,不适用,[],review_only,仅限人工复核,media,连续内嵌页应按完整报告或证据包审核，不逐页新建业务资产,P006-G055,,needs_customer_confirmation,需要客户确认,,产品库资料,泰昌绿色低碳资料历史候选第128页,,不适用,internal,企业内部资料,泰昌技术补充文件,泰昌技术补充文件,mixed_historical_bid,assets/template_words/技术补充文件.docx,128,（二）专项投标文件/5.针对评审要素，需要补充的其他文件/5.3.绿色低碳生产及绿色回收/5.3.1.建立了绿色生产/5.3.1.3.现状环境影响评估报告,"[""泰昌"", ""绿色低碳资料"", ""历史标书候选"", ""技术标""]",product_library,产品库资料,taichang_only,不适用,泰昌绿色低碳资料历史候选第128页,needs_review,[]
taichang_tenant_internal,"[""专项投标文件/5.针对评审要素，需要补充的其他文件/5.3.绿色低碳生产及绿色回收/5.3.1.建立了绿色生产/5.3.1.3.现状环境影响评估报告""]","[""技术标""]",False,technical,technical-media-0174,formal_material_caption,绿色低碳资料,0.9,956246a8565a665e992559009d3e50fe72f82a3b5061f867434f6970bd662bf8,,,new,未发现重复，仍需审核,来源于泰昌技术补充文件，历史位置为“专项投标文件/5.针对评审要素，需要补充的其他文件/5.3.绿色低碳生产及绿色回收/5.3.1.建立了绿色生产/5.3.1.3.现状环境影响评估报告”。当前仅用于泰昌资料人工复核，未获准进入正式标书。,河北泰昌电力器材科技有限公司,河北泰昌电力器材科技有限公司,,green_low_carbon,绿色低碳资料,False,资料：泰昌绿色低碳资料,否,blocked,尚未通过P0-06人工批准,False,核验整份原始资料,True,泰昌企业资料,956246a8565a665e992559009d3e50fe72f82a3b5061f867434f6970bd662bf8,tender_scoring_derived,,否,不适用,[],review_only,仅限人工复核,media,连续内嵌页应按完整报告或证据包审核，不逐页新建业务资产,P006-G055,,needs_customer_confirmation,需要客户确认,,产品库资料,泰昌绿色低碳资料历史候选第128页,,不适用,internal,企业内部资料,泰昌技术补充文件,泰昌技术补充文件,mixed_historical_bid,assets/template_words/技术补充文件.docx,128,（二）专项投标文件/5.针对评审要素，需要补充的其他文件/5.3.绿色低碳生产及绿色回收/5.3.1.建立了绿色生产/5.3.1.3.现状环境影响评估报告,"[""泰昌"", ""绿色低碳资料"", ""历史标书候选"", ""技术标""]",product_library,产品库资料,taichang_only,不适用,泰昌绿色低碳资料历史候选第128页,needs_review,[]
taichang_tenant_internal,"[""专项投标文件/5.针对评审要素，需要补充的其他文件/5.3.绿色低碳生产及绿色回收/5.3.1.建立了绿色生产/5.3.1.3.现状环境影响评估报告""]","[""技术标""]",False,technical,technical-media-0175,formal_material_caption,绿色低碳资料,0.9,d6f2b92d37e226bd9831d2cdd69d5831e349b5fa6e516ca82c7cb59f2c12ff44,,,new,未发现重复，仍需审核,来源于泰昌技术补充文件，历史位置为“专项投标文件/5.针对评审要素，需要补充的其他文件/5.3.绿色低碳生产及绿色回收/5.3.1.建立了绿色生产/5.3.1.3.现状环境影响评估报告”。当前仅用于泰昌资料人工复核，未获准进入正式标书。,河北泰昌电力器材科技有限公司,河北泰昌电力器材科技有限公司,,green_low_carbon,绿色低碳资料,False,资料：泰昌绿色低碳资料,否,blocked,尚未通过P0-06人工批准,False,核验整份原始资料,True,泰昌企业资料,d6f2b92d37e226bd9831d2cdd69d5831e349b5fa6e516ca82c7cb59f2c12ff44,tender_scoring_derived,,否,不适用,[],review_only,仅限人工复核,media,连续内嵌页应按完整报告或证据包审核，不逐页新建业务资产,P006-G055,,needs_customer_confirmation,需要客户确认,,产品库资料,泰昌绿色低碳资料历史候选第128页,,不适用,internal,企业内部资料,泰昌技术补充文件,泰昌技术补充文件,mixed_historical_bid,assets/template_words/技术补充文件.docx,128,（二）专项投标文件/5.针对评审要素，需要补充的其他文件/5.3.绿色低碳生产及绿色回收/5.3.1.建立了绿色生产/5.3.1.3.现状环境影响评估报告,"[""泰昌"", ""绿色低碳资料"", ""历史标书候选"", ""技术标""]",product_library,产品库资料,taichang_only,不适用,泰昌绿色低碳资料历史候选第128页,needs_review,[]
taichang_tenant_internal,"[""专项投标文件/5.针对评审要素，需要补充的其他文件/5.3.绿色低碳生产及绿色回收/5.3.1.建立了绿色生产/5.3.1.3.现状环境影响评估报告""]","[""技术标""]",False,technical,technical-media-0176,formal_material_caption,绿色低碳资料,0.9,6fa27dea07c981162df28142bfc4c1ce01fcaf783d97be985a27fde80b3ed6cc,,,new,未发现重复，仍需审核,来源于泰昌技术补充文件，历史位置为“专项投标文件/5.针对评审要素，需要补充的其他文件/5.3.绿色低碳生产及绿色回收/5.3.1.建立了绿色生产/5.3.1.3.现状环境影响评估报告”。当前仅用于泰昌资料人工复核，未获准进入正式标书。,河北泰昌电力器材科技有限公司,河北泰昌电力器材科技有限公司,,green_low_carbon,绿色低碳资料,False,资料：泰昌绿色低碳资料,否,blocked,尚未通过P0-06人工批准,False,核验整份原始资料,True,泰昌企业资料,6fa27dea07c981162df28142bfc4c1ce01fcaf783d97be985a27fde80b3ed6cc,tender_scoring_derived,,否,不适用,[],review_only,仅限人工复核,media,连续内嵌页应按完整报告或证据包审核，不逐页新建业务资产,P006-G055,,needs_customer_confirmation,需要客户确认,,产品库资料,泰昌绿色低碳资料历史候选第128页,,不适用,internal,企业内部资料,泰昌技术补充文件,泰昌技术补充文件,mixed_historical_bid,assets/template_words/技术补充文件.docx,128,（二）专项投标文件/5.针对评审要素，需要补充的其他文件/5.3.绿色低碳生产及绿色回收/5.3.1.建立了绿色生产/5.3.1.3.现状环境影响评估报告,"[""泰昌"", ""绿色低碳资料"", ""历史标书候选"", ""技术标""]",product_library,产品库资料,taichang_only,不适用,泰昌绿色低碳资料历史候选第128页,needs_review,[]
taichang_tenant_internal,"[""专项投标文件/5.针对评审要素，需要补充的其他文件/5.3.绿色低碳生产及绿色回收/5.3.1.建立了绿色生产/5.3.1.3.现状环境影响评估报告""]","[""技术标""]",False,technical,technical-media-0177,formal_material_caption,绿色低碳资料,0.9,9a1776a672141ffda9d63b7eaa4afb36725933fac1a0065ab1a310f9875d65e7,,,new,未发现重复，仍需审核,来源于泰昌技术补充文件，历史位置为“专项投标文件/5.针对评审要素，需要补充的其他文件/5.3.绿色低碳生产及绿色回收/5.3.1.建立了绿色生产/5.3.1.3.现状环境影响评估报告”。当前仅用于泰昌资料人工复核，未获准进入正式标书。,河北泰昌电力器材科技有限公司,河北泰昌电力器材科技有限公司,,green_low_carbon,绿色低碳资料,False,资料：泰昌绿色低碳资料,否,blocked,尚未通过P0-06人工批准,False,核验整份原始资料,True,泰昌企业资料,9a1776a672141ffda9d63b7eaa4afb36725933fac1a0065ab1a310f9875d65e7,tender_scoring_derived,,否,不适用,[],review_only,仅限人工复核,media,连续内嵌页应按完整报告或证据包审核，不逐页新建业务资产,P006-G055,,needs_customer_confirmation,需要客户确认,,产品库资料,泰昌绿色低碳资料历史候选第128页,,不适用,internal,企业内部资料,泰昌技术补充文件,泰昌技术补充文件,mixed_historical_bid,assets/template_words/技术补充文件.docx,128,（二）专项投标文件/5.针对评审要素，需要补充的其他文件/5.3.绿色低碳生产及绿色回收/5.3.1.建立了绿色生产/5.3.1.3.现状环境影响评估报告,"[""泰昌"", ""绿色低碳资料"", ""历史标书候选"", ""技术标""]",product_library,产品库资料,taichang_only,不适用,泰昌绿色低碳资料历史候选第128页,needs_review,[]
taichang_tenant_internal,"[""专项投标文件/5.针对评审要素，需要补充的其他文件/5.3.绿色低碳生产及绿色回收/5.3.1.建立了绿色生产/5.3.1.3.现状环境影响评估报告""]","[""技术标""]",False,technical,technical-media-0178,formal_material_caption,绿色低碳资料,0.9,797052cc7e24168b5eb3eeb8634c6208769b4e3f766e6ad3b262b5d3738a9ef0,,,new,未发现重复，仍需审核,来源于泰昌技术补充文件，历史位置为“专项投标文件/5.针对评审要素，需要补充的其他文件/5.3.绿色低碳生产及绿色回收/5.3.1.建立了绿色生产/5.3.1.3.现状环境影响评估报告”。当前仅用于泰昌资料人工复核，未获准进入正式标书。,河北泰昌电力器材科技有限公司,河北泰昌电力器材科技有限公司,,green_low_carbon,绿色低碳资料,False,资料：泰昌绿色低碳资料,否,blocked,尚未通过P0-06人工批准,False,核验整份原始资料,True,泰昌企业资料,797052cc7e24168b5eb3eeb8634c6208769b4e3f766e6ad3b262b5d3738a9ef0,tender_scoring_derived,,否,不适用,[],review_only,仅限人工复核,media,连续内嵌页应按完整报告或证据包审核，不逐页新建业务资产,P006-G055,,needs_customer_confirmation,需要客户确认,,产品库资料,泰昌绿色低碳资料历史候选第128页,,不适用,internal,企业内部资料,泰昌技术补充文件,泰昌技术补充文件,mixed_historical_bid,assets/template_words/技术补充文件.docx,128,（二）专项投标文件/5.针对评审要素，需要补充的其他文件/5.3.绿色低碳生产及绿色回收/5.3.1.建立了绿色生产/5.3.1.3.现状环境影响评估报告,"[""泰昌"", ""绿色低碳资料"", ""历史标书候选"", ""技术标""]",product_library,产品库资料,taichang_only,不适用,泰昌绿色低碳资料历史候选第128页,needs_review,[]
taichang_tenant_internal,"[""专项投标文件/5.针对评审要素，需要补充的其他文件/5.3.绿色低碳生产及绿色回收/5.3.1.建立了绿色生产/5.3.1.3.现状环境影响评估报告""]","[""技术标""]",False,technical,technical-media-0179,formal_material_caption,绿色低碳资料,0.9,1d7699a120bdd2cff304c017d6b48f3a9853a3bd089393399ef749a5a0e1c81f,,,new,未发现重复，仍需审核,来源于泰昌技术补充文件，历史位置为“专项投标文件/5.针对评审要素，需要补充的其他文件/5.3.绿色低碳生产及绿色回收/5.3.1.建立了绿色生产/5.3.1.3.现状环境影响评估报告”。当前仅用于泰昌资料人工复核，未获准进入正式标书。,河北泰昌电力器材科技有限公司,河北泰昌电力器材科技有限公司,,green_low_carbon,绿色低碳资料,False,资料：泰昌绿色低碳资料,否,blocked,尚未通过P0-06人工批准,False,核验整份原始资料,True,泰昌企业资料,1d7699a120bdd2cff304c017d6b48f3a9853a3bd089393399ef749a5a0e1c81f,tender_scoring_derived,,否,不适用,[],review_only,仅限人工复核,media,连续内嵌页应按完整报告或证据包审核，不逐页新建业务资产,P006-G055,,needs_customer_confirmation,需要客户确认,,产品库资料,泰昌绿色低碳资料历史候选第128页,,不适用,internal,企业内部资料,泰昌技术补充文件,泰昌技术补充文件,mixed_historical_bid,assets/template_words/技术补充文件.docx,128,（二）专项投标文件/5.针对评审要素，需要补充的其他文件/5.3.绿色低碳生产及绿色回收/5.3.1.建立了绿色生产/5.3.1.3.现状环境影响评估报告,"[""泰昌"", ""绿色低碳资料"", ""历史标书候选"", ""技术标""]",product_library,产品库资料,taichang_only,不适用,泰昌绿色低碳资料历史候选第128页,needs_review,[]
taichang_tenant_internal,"[""专项投标文件/5.针对评审要素，需要补充的其他文件/5.3.绿色低碳生产及绿色回收/5.3.1.建立了绿色生产/5.3.1.3.现状环境影响评估报告""]","[""技术标""]",False,technical,technical-media-0180,formal_material_caption,绿色低碳资料,0.9,4d06d19fa6e8a901b8b884ca585698c4a397edf97723016fd740b60048cdd182,,,new,未发现重复，仍需审核,来源于泰昌技术补充文件，历史位置为“专项投标文件/5.针对评审要素，需要补充的其他文件/5.3.绿色低碳生产及绿色回收/5.3.1.建立了绿色生产/5.3.1.3.现状环境影响评估报告”。当前仅用于泰昌资料人工复核，未获准进入正式标书。,河北泰昌电力器材科技有限公司,河北泰昌电力器材科技有限公司,,green_low_carbon,绿色低碳资料,False,资料：泰昌绿色低碳资料,否,blocked,尚未通过P0-06人工批准,False,核验整份原始资料,True,泰昌企业资料,4d06d19fa6e8a901b8b884ca585698c4a397edf97723016fd740b60048cdd182,tender_scoring_derived,,否,不适用,[],review_only,仅限人工复核,media,连续内嵌页应按完整报告或证据包审核，不逐页新建业务资产,P006-G055,,needs_customer_confirmation,需要客户确认,,产品库资料,泰昌绿色低碳资料历史候选第128页,,不适用,internal,企业内部资料,泰昌技术补充文件,泰昌技术补充文件,mixed_historical_bid,assets/template_words/技术补充文件.docx,128,（二）专项投标文件/5.针对评审要素，需要补充的其他文件/5.3.绿色低碳生产及绿色回收/5.3.1.建立了绿色生产/5.3.1.3.现状环境影响评估报告,"[""泰昌"", ""绿色低碳资料"", ""历史标书候选"", ""技术标""]",product_library,产品库资料,taichang_only,不适用,泰昌绿色低碳资料历史候选第128页,needs_review,[]
taichang_tenant_internal,"[""专项投标文件/5.针对评审要素，需要补充的其他文件/5.3.绿色低碳生产及绿色回收/5.3.1.建立了绿色生产/5.3.1.3.现状环境影响评估报告""]","[""技术标""]",False,technical,technical-media-0181,formal_material_caption,绿色低碳资料,0.9,45195f8bee4e47710ca597eb6c3c3ebceb3284c6db080bb71b2918601271b7a4,,,new,未发现重复，仍需审核,来源于泰昌技术补充文件，历史位置为“专项投标文件/5.针对评审要素，需要补充的其他文件/5.3.绿色低碳生产及绿色回收/5.3.1.建立了绿色生产/5.3.1.3.现状环境影响评估报告”。当前仅用于泰昌资料人工复核，未获准进入正式标书。,河北泰昌电力器材科技有限公司,河北泰昌电力器材科技有限公司,,green_low_carbon,绿色低碳资料,False,资料：泰昌绿色低碳资料,否,blocked,尚未通过P0-06人工批准,False,核验整份原始资料,True,泰昌企业资料,45195f8bee4e47710ca597eb6c3c3ebceb3284c6db080bb71b2918601271b7a4,tender_scoring_derived,,否,不适用,[],review_only,仅限人工复核,media,连续内嵌页应按完整报告或证据包审核，不逐页新建业务资产,P006-G055,,needs_customer_confirmation,需要客户确认,,产品库资料,泰昌绿色低碳资料历史候选第128页,,不适用,internal,企业内部资料,泰昌技术补充文件,泰昌技术补充文件,mixed_historical_bid,assets/template_words/技术补充文件.docx,128,（二）专项投标文件/5.针对评审要素，需要补充的其他文件/5.3.绿色低碳生产及绿色回收/5.3.1.建立了绿色生产/5.3.1.3.现状环境影响评估报告,"[""泰昌"", ""绿色低碳资料"", ""历史标书候选"", ""技术标""]",product_library,产品库资料,taichang_only,不适用,泰昌绿色低碳资料历史候选第128页,needs_review,[]
taichang_tenant_internal,"[""专项投标文件/5.针对评审要素，需要补充的其他文件/5.3.绿色低碳生产及绿色回收/5.3.1.建立了绿色生产/5.3.1.3.现状环境影响评估报告""]","[""技术标""]",False,technical,technical-media-0182,formal_material_caption,绿色低碳资料,0.9,129a7e6af77b22cf1ef6b1b9045682366e629a2644581f2f60e15a8456b0ea65,,,new,未发现重复，仍需审核,来源于泰昌技术补充文件，历史位置为“专项投标文件/5.针对评审要素，需要补充的其他文件/5.3.绿色低碳生产及绿色回收/5.3.1.建立了绿色生产/5.3.1.3.现状环境影响评估报告”。当前仅用于泰昌资料人工复核，未获准进入正式标书。,河北泰昌电力器材科技有限公司,河北泰昌电力器材科技有限公司,,green_low_carbon,绿色低碳资料,False,资料：泰昌绿色低碳资料,否,blocked,尚未通过P0-06人工批准,False,核验整份原始资料,True,泰昌企业资料,129a7e6af77b22cf1ef6b1b9045682366e629a2644581f2f60e15a8456b0ea65,tender_scoring_derived,,否,不适用,[],review_only,仅限人工复核,media,连续内嵌页应按完整报告或证据包审核，不逐页新建业务资产,P006-G055,,needs_customer_confirmation,需要客户确认,,产品库资料,泰昌绿色低碳资料历史候选第128页,,不适用,internal,企业内部资料,泰昌技术补充文件,泰昌技术补充文件,mixed_historical_bid,assets/template_words/技术补充文件.docx,128,（二）专项投标文件/5.针对评审要素，需要补充的其他文件/5.3.绿色低碳生产及绿色回收/5.3.1.建立了绿色生产/5.3.1.3.现状环境影响评估报告,"[""泰昌"", ""绿色低碳资料"", ""历史标书候选"", ""技术标""]",product_library,产品库资料,taichang_only,不适用,泰昌绿色低碳资料历史候选第128页,needs_review,[]
taichang_tenant_internal,"[""专项投标文件/5.针对评审要素，需要补充的其他文件/5.3.绿色低碳生产及绿色回收/5.3.1.建立了绿色生产/5.3.1.3.现状环境影响评估报告""]","[""技术标""]",False,technical,technical-media-0183,formal_material_caption,绿色低碳资料,0.9,dbf025261d689648d4ab7cdd250880b270f8f7fee1256266f7a1cde87d8ffcb9,,,new,未发现重复，仍需审核,来源于泰昌技术补充文件，历史位置为“专项投标文件/5.针对评审要素，需要补充的其他文件/5.3.绿色低碳生产及绿色回收/5.3.1.建立了绿色生产/5.3.1.3.现状环境影响评估报告”。当前仅用于泰昌资料人工复核，未获准进入正式标书。,河北泰昌电力器材科技有限公司,河北泰昌电力器材科技有限公司,,green_low_carbon,绿色低碳资料,False,资料：泰昌绿色低碳资料,否,blocked,尚未通过P0-06人工批准,False,核验整份原始资料,True,泰昌企业资料,dbf025261d689648d4ab7cdd250880b270f8f7fee1256266f7a1cde87d8ffcb9,tender_scoring_derived,,否,不适用,[],review_only,仅限人工复核,media,连续内嵌页应按完整报告或证据包审核，不逐页新建业务资产,P006-G055,,needs_customer_confirmation,需要客户确认,,产品库资料,泰昌绿色低碳资料历史候选第128页,,不适用,internal,企业内部资料,泰昌技术补充文件,泰昌技术补充文件,mixed_historical_bid,assets/template_words/技术补充文件.docx,128,（二）专项投标文件/5.针对评审要素，需要补充的其他文件/5.3.绿色低碳生产及绿色回收/5.3.1.建立了绿色生产/5.3.1.3.现状环境影响评估报告,"[""泰昌"", ""绿色低碳资料"", ""历史标书候选"", ""技术标""]",product_library,产品库资料,taichang_only,不适用,泰昌绿色低碳资料历史候选第128页,needs_review,[]
taichang_tenant_internal,"[""专项投标文件/5.针对评审要素，需要补充的其他文件/5.3.绿色低碳生产及绿色回收/5.3.1.建立了绿色生产/5.3.1.3.现状环境影响评估报告""]","[""技术标""]",False,technical,technical-media-0184,formal_material_caption,绿色低碳资料,0.9,2a1c872b67a3a7db46b3313009322a8dcdff534a9700896b85c340d3f3805783,,,new,未发现重复，仍需审核,来源于泰昌技术补充文件，历史位置为“专项投标文件/5.针对评审要素，需要补充的其他文件/5.3.绿色低碳生产及绿色回收/5.3.1.建立了绿色生产/5.3.1.3.现状环境影响评估报告”。当前仅用于泰昌资料人工复核，未获准进入正式标书。,河北泰昌电力器材科技有限公司,河北泰昌电力器材科技有限公司,,green_low_carbon,绿色低碳资料,False,资料：泰昌绿色低碳资料,否,blocked,尚未通过P0-06人工批准,False,核验整份原始资料,True,泰昌企业资料,2a1c872b67a3a7db46b3313009322a8dcdff534a9700896b85c340d3f3805783,tender_scoring_derived,,否,不适用,[],review_only,仅限人工复核,media,连续内嵌页应按完整报告或证据包审核，不逐页新建业务资产,P006-G055,,needs_customer_confirmation,需要客户确认,,产品库资料,泰昌绿色低碳资料历史候选第128页,,不适用,internal,企业内部资料,泰昌技术补充文件,泰昌技术补充文件,mixed_historical_bid,assets/template_words/技术补充文件.docx,128,（二）专项投标文件/5.针对评审要素，需要补充的其他文件/5.3.绿色低碳生产及绿色回收/5.3.1.建立了绿色生产/5.3.1.3.现状环境影响评估报告,"[""泰昌"", ""绿色低碳资料"", ""历史标书候选"", ""技术标""]",product_library,产品库资料,taichang_only,不适用,泰昌绿色低碳资料历史候选第128页,needs_review,[]
taichang_tenant_internal,"[""专项投标文件/5.针对评审要素，需要补充的其他文件/5.3.绿色低碳生产及绿色回收/5.3.1.建立了绿色生产/5.3.1.3.现状环境影响评估报告""]","[""技术标""]",False,technical,technical-media-0185,formal_material_caption,绿色低碳资料,0.9,c12fe72eb8f3241c200f60ea786e626ca516be879117d3452258a60393b598da,,,new,未发现重复，仍需审核,来源于泰昌技术补充文件，历史位置为“专项投标文件/5.针对评审要素，需要补充的其他文件/5.3.绿色低碳生产及绿色回收/5.3.1.建立了绿色生产/5.3.1.3.现状环境影响评估报告”。当前仅用于泰昌资料人工复核，未获准进入正式标书。,河北泰昌电力器材科技有限公司,河北泰昌电力器材科技有限公司,,green_low_carbon,绿色低碳资料,False,资料：泰昌绿色低碳资料,否,blocked,尚未通过P0-06人工批准,False,核验整份原始资料,True,泰昌企业资料,c12fe72eb8f3241c200f60ea786e626ca516be879117d3452258a60393b598da,tender_scoring_derived,,否,不适用,[],review_only,仅限人工复核,media,连续内嵌页应按完整报告或证据包审核，不逐页新建业务资产,P006-G055,,needs_customer_confirmation,需要客户确认,,产品库资料,泰昌绿色低碳资料历史候选第128页,,不适用,internal,企业内部资料,泰昌技术补充文件,泰昌技术补充文件,mixed_historical_bid,assets/template_words/技术补充文件.docx,128,（二）专项投标文件/5.针对评审要素，需要补充的其他文件/5.3.绿色低碳生产及绿色回收/5.3.1.建立了绿色生产/5.3.1.3.现状环境影响评估报告,"[""泰昌"", ""绿色低碳资料"", ""历史标书候选"", ""技术标""]",product_library,产品库资料,taichang_only,不适用,泰昌绿色低碳资料历史候选第128页,needs_review,[]
taichang_tenant_internal,"[""专项投标文件/5.针对评审要素，需要补充的其他文件/5.3.绿色低碳生产及绿色回收/5.3.1.建立了绿色生产/5.3.1.3.现状环境影响评估报告""]","[""技术标""]",False,technical,technical-media-0186,formal_material_caption,绿色低碳资料,0.9,09c1811bab2bfac3e34f6b24df4f92dd420825e0f479003e49e9e17f1ae16e0e,,,new,未发现重复，仍需审核,来源于泰昌技术补充文件，历史位置为“专项投标文件/5.针对评审要素，需要补充的其他文件/5.3.绿色低碳生产及绿色回收/5.3.1.建立了绿色生产/5.3.1.3.现状环境影响评估报告”。当前仅用于泰昌资料人工复核，未获准进入正式标书。,河北泰昌电力器材科技有限公司,河北泰昌电力器材科技有限公司,,green_low_carbon,绿色低碳资料,False,资料：泰昌绿色低碳资料,否,blocked,尚未通过P0-06人工批准,False,核验整份原始资料,True,泰昌企业资料,09c1811bab2bfac3e34f6b24df4f92dd420825e0f479003e49e9e17f1ae16e0e,tender_scoring_derived,,否,不适用,[],review_only,仅限人工复核,media,连续内嵌页应按完整报告或证据包审核，不逐页新建业务资产,P006-G055,,needs_customer_confirmation,需要客户确认,,产品库资料,泰昌绿色低碳资料历史候选第128页,,不适用,internal,企业内部资料,泰昌技术补充文件,泰昌技术补充文件,mixed_historical_bid,assets/template_words/技术补充文件.docx,128,（二）专项投标文件/5.针对评审要素，需要补充的其他文件/5.3.绿色低碳生产及绿色回收/5.3.1.建立了绿色生产/5.3.1.3.现状环境影响评估报告,"[""泰昌"", ""绿色低碳资料"", ""历史标书候选"", ""技术标""]",product_library,产品库资料,taichang_only,不适用,泰昌绿色低碳资料历史候选第128页,needs_review,[]
taichang_tenant_internal,"[""专项投标文件/5.针对评审要素，需要补充的其他文件/5.3.绿色低碳生产及绿色回收/5.3.1.建立了绿色生产/5.3.1.3.现状环境影响评估报告""]","[""技术标""]",False,technical,technical-media-0187,formal_material_caption,绿色低碳资料,0.9,907dc5d91f6a5d7206423b2cd24c72d282a4c87e329c724cbf432311fde012ff,,,new,未发现重复，仍需审核,来源于泰昌技术补充文件，历史位置为“专项投标文件/5.针对评审要素，需要补充的其他文件/5.3.绿色低碳生产及绿色回收/5.3.1.建立了绿色生产/5.3.1.3.现状环境影响评估报告”。当前仅用于泰昌资料人工复核，未获准进入正式标书。,河北泰昌电力器材科技有限公司,河北泰昌电力器材科技有限公司,,green_low_carbon,绿色低碳资料,False,资料：泰昌绿色低碳资料,否,blocked,尚未通过P0-06人工批准,False,核验整份原始资料,True,泰昌企业资料,907dc5d91f6a5d7206423b2cd24c72d282a4c87e329c724cbf432311fde012ff,tender_scoring_derived,,否,不适用,[],review_only,仅限人工复核,media,连续内嵌页应按完整报告或证据包审核，不逐页新建业务资产,P006-G055,,needs_customer_confirmation,需要客户确认,,产品库资料,泰昌绿色低碳资料历史候选第128页,,不适用,internal,企业内部资料,泰昌技术补充文件,泰昌技术补充文件,mixed_historical_bid,assets/template_words/技术补充文件.docx,128,（二）专项投标文件/5.针对评审要素，需要补充的其他文件/5.3.绿色低碳生产及绿色回收/5.3.1.建立了绿色生产/5.3.1.3.现状环境影响评估报告,"[""泰昌"", ""绿色低碳资料"", ""历史标书候选"", ""技术标""]",product_library,产品库资料,taichang_only,不适用,泰昌绿色低碳资料历史候选第128页,needs_review,[]
taichang_tenant_internal,"[""专项投标文件/5.针对评审要素，需要补充的其他文件/5.3.绿色低碳生产及绿色回收/5.3.1.建立了绿色生产/5.3.1.3.现状环境影响评估报告""]","[""技术标""]",False,technical,technical-media-0188,formal_material_caption,绿色低碳资料,0.9,a636c8f0462e7c80c281abdb00f25448f75f6a4dd946f2b1cc30c177a9a65dbe,,,new,未发现重复，仍需审核,来源于泰昌技术补充文件，历史位置为“专项投标文件/5.针对评审要素，需要补充的其他文件/5.3.绿色低碳生产及绿色回收/5.3.1.建立了绿色生产/5.3.1.3.现状环境影响评估报告”。当前仅用于泰昌资料人工复核，未获准进入正式标书。,河北泰昌电力器材科技有限公司,河北泰昌电力器材科技有限公司,,green_low_carbon,绿色低碳资料,False,资料：泰昌绿色低碳资料,否,blocked,尚未通过P0-06人工批准,False,核验整份原始资料,True,泰昌企业资料,a636c8f0462e7c80c281abdb00f25448f75f6a4dd946f2b1cc30c177a9a65dbe,tender_scoring_derived,,否,不适用,[],review_only,仅限人工复核,media,连续内嵌页应按完整报告或证据包审核，不逐页新建业务资产,P006-G055,,needs_customer_confirmation,需要客户确认,,产品库资料,泰昌绿色低碳资料历史候选第128页,,不适用,internal,企业内部资料,泰昌技术补充文件,泰昌技术补充文件,mixed_historical_bid,assets/template_words/技术补充文件.docx,128,（二）专项投标文件/5.针对评审要素，需要补充的其他文件/5.3.绿色低碳生产及绿色回收/5.3.1.建立了绿色生产/5.3.1.3.现状环境影响评估报告,"[""泰昌"", ""绿色低碳资料"", ""历史标书候选"", ""技术标""]",product_library,产品库资料,taichang_only,不适用,泰昌绿色低碳资料历史候选第128页,needs_review,[]
taichang_tenant_internal,"[""专项投标文件/5.针对评审要素，需要补充的其他文件/5.3.绿色低碳生产及绿色回收/5.3.1.建立了绿色生产/5.3.1.3.现状环境影响评估报告""]","[""技术标""]",False,technical,technical-media-0189,formal_material_caption,绿色低碳资料,0.9,460e556efd2fc6ce3ed0726d7fa480b971482a7901927d98594d3ac92c6186fd,,,new,未发现重复，仍需审核,来源于泰昌技术补充文件，历史位置为“专项投标文件/5.针对评审要素，需要补充的其他文件/5.3.绿色低碳生产及绿色回收/5.3.1.建立了绿色生产/5.3.1.3.现状环境影响评估报告”。当前仅用于泰昌资料人工复核，未获准进入正式标书。,河北泰昌电力器材科技有限公司,河北泰昌电力器材科技有限公司,,green_low_carbon,绿色低碳资料,False,资料：泰昌绿色低碳资料,否,blocked,尚未通过P0-06人工批准,False,核验整份原始资料,True,泰昌企业资料,460e556efd2fc6ce3ed0726d7fa480b971482a7901927d98594d3ac92c6186fd,tender_scoring_derived,,否,不适用,[],review_only,仅限人工复核,media,连续内嵌页应按完整报告或证据包审核，不逐页新建业务资产,P006-G055,,needs_customer_confirmation,需要客户确认,,产品库资料,泰昌绿色低碳资料历史候选第128页,,不适用,internal,企业内部资料,泰昌技术补充文件,泰昌技术补充文件,mixed_historical_bid,assets/template_words/技术补充文件.docx,128,（二）专项投标文件/5.针对评审要素，需要补充的其他文件/5.3.绿色低碳生产及绿色回收/5.3.1.建立了绿色生产/5.3.1.3.现状环境影响评估报告,"[""泰昌"", ""绿色低碳资料"", ""历史标书候选"", ""技术标""]",product_library,产品库资料,taichang_only,不适用,泰昌绿色低碳资料历史候选第128页,needs_review,[]
taichang_tenant_internal,"[""专项投标文件/5.针对评审要素，需要补充的其他文件/5.3.绿色低碳生产及绿色回收/5.3.1.建立了绿色生产/5.3.1.3.现状环境影响评估报告""]","[""技术标""]",False,technical,technical-media-0190,formal_material_caption,绿色低碳资料,0.9,18dfc0395d8edd86b06494f728321fe980e171c6ee99e0d1e390ea690ff7227b,,,new,未发现重复，仍需审核,来源于泰昌技术补充文件，历史位置为“专项投标文件/5.针对评审要素，需要补充的其他文件/5.3.绿色低碳生产及绿色回收/5.3.1.建立了绿色生产/5.3.1.3.现状环境影响评估报告”。当前仅用于泰昌资料人工复核，未获准进入正式标书。,河北泰昌电力器材科技有限公司,河北泰昌电力器材科技有限公司,,green_low_carbon,绿色低碳资料,False,资料：泰昌绿色低碳资料,否,blocked,尚未通过P0-06人工批准,False,核验整份原始资料,True,泰昌企业资料,18dfc0395d8edd86b06494f728321fe980e171c6ee99e0d1e390ea690ff7227b,tender_scoring_derived,,否,不适用,[],review_only,仅限人工复核,media,连续内嵌页应按完整报告或证据包审核，不逐页新建业务资产,P006-G055,,needs_customer_confirmation,需要客户确认,,产品库资料,泰昌绿色低碳资料历史候选第128页,,不适用,internal,企业内部资料,泰昌技术补充文件,泰昌技术补充文件,mixed_historical_bid,assets/template_words/技术补充文件.docx,128,（二）专项投标文件/5.针对评审要素，需要补充的其他文件/5.3.绿色低碳生产及绿色回收/5.3.1.建立了绿色生产/5.3.1.3.现状环境影响评估报告,"[""泰昌"", ""绿色低碳资料"", ""历史标书候选"", ""技术标""]",product_library,产品库资料,taichang_only,不适用,泰昌绿色低碳资料历史候选第128页,needs_review,[]
taichang_tenant_internal,"[""专项投标文件/5.针对评审要素，需要补充的其他文件/5.3.绿色低碳生产及绿色回收/5.3.1.建立了绿色生产/5.3.1.3.现状环境影响评估报告""]","[""技术标""]",False,technical,technical-media-0191,formal_material_caption,绿色低碳资料,0.9,bf3744267213a5b9332cd6638767488bfe5ea26709e08d6085fb95e0d9075d9f,,,new,未发现重复，仍需审核,来源于泰昌技术补充文件，历史位置为“专项投标文件/5.针对评审要素，需要补充的其他文件/5.3.绿色低碳生产及绿色回收/5.3.1.建立了绿色生产/5.3.1.3.现状环境影响评估报告”。当前仅用于泰昌资料人工复核，未获准进入正式标书。,河北泰昌电力器材科技有限公司,河北泰昌电力器材科技有限公司,,green_low_carbon,绿色低碳资料,False,资料：泰昌绿色低碳资料,否,blocked,尚未通过P0-06人工批准,False,核验整份原始资料,True,泰昌企业资料,bf3744267213a5b9332cd6638767488bfe5ea26709e08d6085fb95e0d9075d9f,tender_scoring_derived,,否,不适用,[],review_only,仅限人工复核,media,连续内嵌页应按完整报告或证据包审核，不逐页新建业务资产,P006-G055,,needs_customer_confirmation,需要客户确认,,产品库资料,泰昌绿色低碳资料历史候选第128页,,不适用,internal,企业内部资料,泰昌技术补充文件,泰昌技术补充文件,mixed_historical_bid,assets/template_words/技术补充文件.docx,128,（二）专项投标文件/5.针对评审要素，需要补充的其他文件/5.3.绿色低碳生产及绿色回收/5.3.1.建立了绿色生产/5.3.1.3.现状环境影响评估报告,"[""泰昌"", ""绿色低碳资料"", ""历史标书候选"", ""技术标""]",product_library,产品库资料,taichang_only,不适用,泰昌绿色低碳资料历史候选第128页,needs_review,[]
taichang_tenant_internal,"[""专项投标文件/5.针对评审要素，需要补充的其他文件/5.3.绿色低碳生产及绿色回收/5.3.1.建立了绿色生产/5.3.1.3.现状环境影响评估报告""]","[""技术标""]",False,technical,technical-media-0192,formal_material_caption,绿色低碳资料,0.9,d618cc382e34bbc29e00aae8e09e2cefd90acd98d0d99f0868e774ee365e06e8,,,new,未发现重复，仍需审核,来源于泰昌技术补充文件，历史位置为“专项投标文件/5.针对评审要素，需要补充的其他文件/5.3.绿色低碳生产及绿色回收/5.3.1.建立了绿色生产/5.3.1.3.现状环境影响评估报告”。当前仅用于泰昌资料人工复核，未获准进入正式标书。,河北泰昌电力器材科技有限公司,河北泰昌电力器材科技有限公司,,green_low_carbon,绿色低碳资料,False,资料：泰昌绿色低碳资料,否,blocked,尚未通过P0-06人工批准,False,核验整份原始资料,True,泰昌企业资料,d618cc382e34bbc29e00aae8e09e2cefd90acd98d0d99f0868e774ee365e06e8,tender_scoring_derived,,否,不适用,[],review_only,仅限人工复核,media,连续内嵌页应按完整报告或证据包审核，不逐页新建业务资产,P006-G055,,needs_customer_confirmation,需要客户确认,,产品库资料,泰昌绿色低碳资料历史候选第128页,,不适用,internal,企业内部资料,泰昌技术补充文件,泰昌技术补充文件,mixed_historical_bid,assets/template_words/技术补充文件.docx,128,（二）专项投标文件/5.针对评审要素，需要补充的其他文件/5.3.绿色低碳生产及绿色回收/5.3.1.建立了绿色生产/5.3.1.3.现状环境影响评估报告,"[""泰昌"", ""绿色低碳资料"", ""历史标书候选"", ""技术标""]",product_library,产品库资料,taichang_only,不适用,泰昌绿色低碳资料历史候选第128页,needs_review,[]
taichang_tenant_internal,"[""专项投标文件/5.针对评审要素，需要补充的其他文件/5.3.绿色低碳生产及绿色回收/5.3.1.建立了绿色生产/5.3.1.3.现状环境影响评估报告""]","[""技术标""]",False,technical,technical-media-0193,formal_material_caption,绿色低碳资料,0.9,cbfa1adbe08d5c953bc60fe48eecdca525172b25d2be7ed764bcbc53e3355c57,,,new,未发现重复，仍需审核,来源于泰昌技术补充文件，历史位置为“专项投标文件/5.针对评审要素，需要补充的其他文件/5.3.绿色低碳生产及绿色回收/5.3.1.建立了绿色生产/5.3.1.3.现状环境影响评估报告”。当前仅用于泰昌资料人工复核，未获准进入正式标书。,河北泰昌电力器材科技有限公司,河北泰昌电力器材科技有限公司,,green_low_carbon,绿色低碳资料,False,资料：泰昌绿色低碳资料,否,blocked,尚未通过P0-06人工批准,False,核验整份原始资料,True,泰昌企业资料,cbfa1adbe08d5c953bc60fe48eecdca525172b25d2be7ed764bcbc53e3355c57,tender_scoring_derived,,否,不适用,[],review_only,仅限人工复核,media,连续内嵌页应按完整报告或证据包审核，不逐页新建业务资产,P006-G055,,needs_customer_confirmation,需要客户确认,,产品库资料,泰昌绿色低碳资料历史候选第128页,,不适用,internal,企业内部资料,泰昌技术补充文件,泰昌技术补充文件,mixed_historical_bid,assets/template_words/技术补充文件.docx,128,（二）专项投标文件/5.针对评审要素，需要补充的其他文件/5.3.绿色低碳生产及绿色回收/5.3.1.建立了绿色生产/5.3.1.3.现状环境影响评估报告,"[""泰昌"", ""绿色低碳资料"", ""历史标书候选"", ""技术标""]",product_library,产品库资料,taichang_only,不适用,泰昌绿色低碳资料历史候选第128页,needs_review,[]
taichang_tenant_internal,"[""专项投标文件/5.针对评审要素，需要补充的其他文件/5.3.绿色低碳生产及绿色回收/5.3.1.建立了绿色生产/5.3.1.3.现状环境影响评估报告""]","[""技术标""]",False,technical,technical-media-0194,formal_material_caption,绿色低碳资料,0.9,93398ed9505c900f521a40a7250013d8037269466507d0ee11001b97503920ac,,,new,未发现重复，仍需审核,来源于泰昌技术补充文件，历史位置为“专项投标文件/5.针对评审要素，需要补充的其他文件/5.3.绿色低碳生产及绿色回收/5.3.1.建立了绿色生产/5.3.1.3.现状环境影响评估报告”。当前仅用于泰昌资料人工复核，未获准进入正式标书。,河北泰昌电力器材科技有限公司,河北泰昌电力器材科技有限公司,,green_low_carbon,绿色低碳资料,False,资料：泰昌绿色低碳资料,否,blocked,尚未通过P0-06人工批准,False,核验整份原始资料,True,泰昌企业资料,93398ed9505c900f521a40a7250013d8037269466507d0ee11001b97503920ac,tender_scoring_derived,,否,不适用,[],review_only,仅限人工复核,media,连续内嵌页应按完整报告或证据包审核，不逐页新建业务资产,P006-G055,,needs_customer_confirmation,需要客户确认,,产品库资料,泰昌绿色低碳资料历史候选第128页,,不适用,internal,企业内部资料,泰昌技术补充文件,泰昌技术补充文件,mixed_historical_bid,assets/template_words/技术补充文件.docx,128,（二）专项投标文件/5.针对评审要素，需要补充的其他文件/5.3.绿色低碳生产及绿色回收/5.3.1.建立了绿色生产/5.3.1.3.现状环境影响评估报告,"[""泰昌"", ""绿色低碳资料"", ""历史标书候选"", ""技术标""]",product_library,产品库资料,taichang_only,不适用,泰昌绿色低碳资料历史候选第128页,needs_review,[]
taichang_tenant_internal,"[""专项投标文件/5.针对评审要素，需要补充的其他文件/5.3.绿色低碳生产及绿色回收/5.3.1.建立了绿色生产/5.3.1.3.现状环境影响评估报告""]","[""技术标""]",False,technical,technical-media-0195,formal_material_caption,绿色低碳资料,0.9,7d3bbfaeec6195463e91886c268f67b775a2ec8610132d321d6328e72fe4758b,,,new,未发现重复，仍需审核,来源于泰昌技术补充文件，历史位置为“专项投标文件/5.针对评审要素，需要补充的其他文件/5.3.绿色低碳生产及绿色回收/5.3.1.建立了绿色生产/5.3.1.3.现状环境影响评估报告”。当前仅用于泰昌资料人工复核，未获准进入正式标书。,河北泰昌电力器材科技有限公司,河北泰昌电力器材科技有限公司,,green_low_carbon,绿色低碳资料,False,资料：泰昌绿色低碳资料,否,blocked,尚未通过P0-06人工批准,False,核验整份原始资料,True,泰昌企业资料,7d3bbfaeec6195463e91886c268f67b775a2ec8610132d321d6328e72fe4758b,tender_scoring_derived,,否,不适用,[],review_only,仅限人工复核,media,连续内嵌页应按完整报告或证据包审核，不逐页新建业务资产,P006-G055,,needs_customer_confirmation,需要客户确认,,产品库资料,泰昌绿色低碳资料历史候选第128页,,不适用,internal,企业内部资料,泰昌技术补充文件,泰昌技术补充文件,mixed_historical_bid,assets/template_words/技术补充文件.docx,128,（二）专项投标文件/5.针对评审要素，需要补充的其他文件/5.3.绿色低碳生产及绿色回收/5.3.1.建立了绿色生产/5.3.1.3.现状环境影响评估报告,"[""泰昌"", ""绿色低碳资料"", ""历史标书候选"", ""技术标""]",product_library,产品库资料,taichang_only,不适用,泰昌绿色低碳资料历史候选第128页,needs_review,[]
taichang_tenant_internal,"[""专项投标文件/5.针对评审要素，需要补充的其他文件/5.3.绿色低碳生产及绿色回收/5.3.1.建立了绿色生产/5.3.1.3.现状环境影响评估报告""]","[""技术标""]",False,technical,technical-media-0196,formal_material_caption,绿色低碳资料,0.9,ef642cc9bbd436c10e5adf4e4d5af9f4ba4617c8822cc5f049184c6885b7a94a,,,new,未发现重复，仍需审核,来源于泰昌技术补充文件，历史位置为“专项投标文件/5.针对评审要素，需要补充的其他文件/5.3.绿色低碳生产及绿色回收/5.3.1.建立了绿色生产/5.3.1.3.现状环境影响评估报告”。当前仅用于泰昌资料人工复核，未获准进入正式标书。,河北泰昌电力器材科技有限公司,河北泰昌电力器材科技有限公司,,green_low_carbon,绿色低碳资料,False,资料：泰昌绿色低碳资料,否,blocked,尚未通过P0-06人工批准,False,核验整份原始资料,True,泰昌企业资料,ef642cc9bbd436c10e5adf4e4d5af9f4ba4617c8822cc5f049184c6885b7a94a,tender_scoring_derived,,否,不适用,[],review_only,仅限人工复核,media,连续内嵌页应按完整报告或证据包审核，不逐页新建业务资产,P006-G055,,needs_customer_confirmation,需要客户确认,,产品库资料,泰昌绿色低碳资料历史候选第128页,,不适用,internal,企业内部资料,泰昌技术补充文件,泰昌技术补充文件,mixed_historical_bid,assets/template_words/技术补充文件.docx,128,（二）专项投标文件/5.针对评审要素，需要补充的其他文件/5.3.绿色低碳生产及绿色回收/5.3.1.建立了绿色生产/5.3.1.3.现状环境影响评估报告,"[""泰昌"", ""绿色低碳资料"", ""历史标书候选"", ""技术标""]",product_library,产品库资料,taichang_only,不适用,泰昌绿色低碳资料历史候选第128页,needs_review,[]
taichang_tenant_internal,"[""专项投标文件/5.针对评审要素，需要补充的其他文件/5.3.绿色低碳生产及绿色回收/5.3.1.建立了绿色生产/5.3.1.3.现状环境影响评估报告""]","[""技术标""]",False,technical,technical-media-0197,formal_material_caption,绿色低碳资料,0.9,0f2d0b4d3c24ad74f47b7c2887ac0fb7c4e05b95ca2454b57991bb336d6b6900,,,new,未发现重复，仍需审核,来源于泰昌技术补充文件，历史位置为“专项投标文件/5.针对评审要素，需要补充的其他文件/5.3.绿色低碳生产及绿色回收/5.3.1.建立了绿色生产/5.3.1.3.现状环境影响评估报告”。当前仅用于泰昌资料人工复核，未获准进入正式标书。,河北泰昌电力器材科技有限公司,河北泰昌电力器材科技有限公司,,green_low_carbon,绿色低碳资料,False,资料：泰昌绿色低碳资料,否,blocked,尚未通过P0-06人工批准,False,核验整份原始资料,True,泰昌企业资料,0f2d0b4d3c24ad74f47b7c2887ac0fb7c4e05b95ca2454b57991bb336d6b6900,tender_scoring_derived,,否,不适用,[],review_only,仅限人工复核,media,连续内嵌页应按完整报告或证据包审核，不逐页新建业务资产,P006-G055,,needs_customer_confirmation,需要客户确认,,产品库资料,泰昌绿色低碳资料历史候选第128页,,不适用,internal,企业内部资料,泰昌技术补充文件,泰昌技术补充文件,mixed_historical_bid,assets/template_words/技术补充文件.docx,128,（二）专项投标文件/5.针对评审要素，需要补充的其他文件/5.3.绿色低碳生产及绿色回收/5.3.1.建立了绿色生产/5.3.1.3.现状环境影响评估报告,"[""泰昌"", ""绿色低碳资料"", ""历史标书候选"", ""技术标""]",product_library,产品库资料,taichang_only,不适用,泰昌绿色低碳资料历史候选第128页,needs_review,[]
taichang_tenant_internal,"[""专项投标文件/5.针对评审要素，需要补充的其他文件/5.3.绿色低碳生产及绿色回收/5.3.1.建立了绿色生产/5.3.1.3.现状环境影响评估报告""]","[""技术标""]",False,technical,technical-media-0198,formal_material_caption,绿色低碳资料,0.9,e4937144f78c917cce35d891010431dfbad6bc063128a8841657d83a76122534,,,new,未发现重复，仍需审核,来源于泰昌技术补充文件，历史位置为“专项投标文件/5.针对评审要素，需要补充的其他文件/5.3.绿色低碳生产及绿色回收/5.3.1.建立了绿色生产/5.3.1.3.现状环境影响评估报告”。当前仅用于泰昌资料人工复核，未获准进入正式标书。,河北泰昌电力器材科技有限公司,河北泰昌电力器材科技有限公司,,green_low_carbon,绿色低碳资料,False,资料：泰昌绿色低碳资料,否,blocked,尚未通过P0-06人工批准,False,核验整份原始资料,True,泰昌企业资料,e4937144f78c917cce35d891010431dfbad6bc063128a8841657d83a76122534,tender_scoring_derived,,否,不适用,[],review_only,仅限人工复核,media,连续内嵌页应按完整报告或证据包审核，不逐页新建业务资产,P006-G055,,needs_customer_confirmation,需要客户确认,,产品库资料,泰昌绿色低碳资料历史候选第128页,,不适用,internal,企业内部资料,泰昌技术补充文件,泰昌技术补充文件,mixed_historical_bid,assets/template_words/技术补充文件.docx,128,（二）专项投标文件/5.针对评审要素，需要补充的其他文件/5.3.绿色低碳生产及绿色回收/5.3.1.建立了绿色生产/5.3.1.3.现状环境影响评估报告,"[""泰昌"", ""绿色低碳资料"", ""历史标书候选"", ""技术标""]",product_library,产品库资料,taichang_only,不适用,泰昌绿色低碳资料历史候选第128页,needs_review,[]
taichang_tenant_internal,"[""专项投标文件/5.针对评审要素，需要补充的其他文件/5.3.绿色低碳生产及绿色回收/5.3.1.建立了绿色生产/5.3.1.3.现状环境影响评估报告""]","[""技术标""]",False,technical,technical-media-0199,formal_material_caption,绿色低碳资料,0.9,87ad2a1ccddf2a192547bf53d1b08fa48c1d355c650cbdfd92a0f8b9b7e70cdb,,,new,未发现重复，仍需审核,来源于泰昌技术补充文件，历史位置为“专项投标文件/5.针对评审要素，需要补充的其他文件/5.3.绿色低碳生产及绿色回收/5.3.1.建立了绿色生产/5.3.1.3.现状环境影响评估报告”。当前仅用于泰昌资料人工复核，未获准进入正式标书。,河北泰昌电力器材科技有限公司,河北泰昌电力器材科技有限公司,,green_low_carbon,绿色低碳资料,False,资料：泰昌绿色低碳资料,否,blocked,尚未通过P0-06人工批准,False,核验整份原始资料,True,泰昌企业资料,87ad2a1ccddf2a192547bf53d1b08fa48c1d355c650cbdfd92a0f8b9b7e70cdb,tender_scoring_derived,,否,不适用,[],review_only,仅限人工复核,media,连续内嵌页应按完整报告或证据包审核，不逐页新建业务资产,P006-G055,,needs_customer_confirmation,需要客户确认,,产品库资料,泰昌绿色低碳资料历史候选第128页,,不适用,internal,企业内部资料,泰昌技术补充文件,泰昌技术补充文件,mixed_historical_bid,assets/template_words/技术补充文件.docx,128,（二）专项投标文件/5.针对评审要素，需要补充的其他文件/5.3.绿色低碳生产及绿色回收/5.3.1.建立了绿色生产/5.3.1.3.现状环境影响评估报告,"[""泰昌"", ""绿色低碳资料"", ""历史标书候选"", ""技术标""]",product_library,产品库资料,taichang_only,不适用,泰昌绿色低碳资料历史候选第128页,needs_review,[]
taichang_tenant_internal,"[""专项投标文件/5.针对评审要素，需要补充的其他文件/5.3.绿色低碳生产及绿色回收/5.3.1.建立了绿色生产/5.3.1.3.现状环境影响评估报告""]","[""技术标""]",False,technical,technical-media-0200,formal_material_caption,绿色低碳资料,0.9,c4af23301f74fb31d8ef6fa7cd5e0d3ad860bbcdf345cc8418d24e8fd15356a9,,,new,未发现重复，仍需审核,来源于泰昌技术补充文件，历史位置为“专项投标文件/5.针对评审要素，需要补充的其他文件/5.3.绿色低碳生产及绿色回收/5.3.1.建立了绿色生产/5.3.1.3.现状环境影响评估报告”。当前仅用于泰昌资料人工复核，未获准进入正式标书。,河北泰昌电力器材科技有限公司,河北泰昌电力器材科技有限公司,,green_low_carbon,绿色低碳资料,False,资料：泰昌绿色低碳资料,否,blocked,尚未通过P0-06人工批准,False,核验整份原始资料,True,泰昌企业资料,c4af23301f74fb31d8ef6fa7cd5e0d3ad860bbcdf345cc8418d24e8fd15356a9,tender_scoring_derived,,否,不适用,[],review_only,仅限人工复核,media,连续内嵌页应按完整报告或证据包审核，不逐页新建业务资产,P006-G055,,needs_customer_confirmation,需要客户确认,,产品库资料,泰昌绿色低碳资料历史候选第128页,,不适用,internal,企业内部资料,泰昌技术补充文件,泰昌技术补充文件,mixed_historical_bid,assets/template_words/技术补充文件.docx,128,（二）专项投标文件/5.针对评审要素，需要补充的其他文件/5.3.绿色低碳生产及绿色回收/5.3.1.建立了绿色生产/5.3.1.3.现状环境影响评估报告,"[""泰昌"", ""绿色低碳资料"", ""历史标书候选"", ""技术标""]",product_library,产品库资料,taichang_only,不适用,泰昌绿色低碳资料历史候选第128页,needs_review,[]
taichang_tenant_internal,"[""专项投标文件/5.针对评审要素，需要补充的其他文件/5.3.绿色低碳生产及绿色回收/5.3.1.建立了绿色生产/5.3.1.3.现状环境影响评估报告""]","[""技术标""]",False,technical,technical-media-0201,formal_material_caption,绿色低碳资料,0.9,31c270ea5c69f62f477b3c53ee683b56228f689a9f21706547fe8d805d2bf11e,,,new,未发现重复，仍需审核,来源于泰昌技术补充文件，历史位置为“专项投标文件/5.针对评审要素，需要补充的其他文件/5.3.绿色低碳生产及绿色回收/5.3.1.建立了绿色生产/5.3.1.3.现状环境影响评估报告”。当前仅用于泰昌资料人工复核，未获准进入正式标书。,河北泰昌电力器材科技有限公司,河北泰昌电力器材科技有限公司,,green_low_carbon,绿色低碳资料,False,资料：泰昌绿色低碳资料,否,blocked,尚未通过P0-06人工批准,False,核验整份原始资料,True,泰昌企业资料,31c270ea5c69f62f477b3c53ee683b56228f689a9f21706547fe8d805d2bf11e,tender_scoring_derived,,否,不适用,[],review_only,仅限人工复核,media,连续内嵌页应按完整报告或证据包审核，不逐页新建业务资产,P006-G055,,needs_customer_confirmation,需要客户确认,,产品库资料,泰昌绿色低碳资料历史候选第128页,,不适用,internal,企业内部资料,泰昌技术补充文件,泰昌技术补充文件,mixed_historical_bid,assets/template_words/技术补充文件.docx,128,（二）专项投标文件/5.针对评审要素，需要补充的其他文件/5.3.绿色低碳生产及绿色回收/5.3.1.建立了绿色生产/5.3.1.3.现状环境影响评估报告,"[""泰昌"", ""绿色低碳资料"", ""历史标书候选"", ""技术标""]",product_library,产品库资料,taichang_only,不适用,泰昌绿色低碳资料历史候选第128页,needs_review,[]
taichang_tenant_internal,"[""专项投标文件/5.针对评审要素，需要补充的其他文件/5.3.绿色低碳生产及绿色回收/5.3.1.建立了绿色生产/5.3.1.3.现状环境影响评估报告""]","[""技术标""]",False,technical,technical-media-0202,formal_material_caption,绿色低碳资料,0.9,b5f835eecad5da3df19dea7e70a6bee97f4a0fbfc73d93dafe2976a9f21fe245,,,new,未发现重复，仍需审核,来源于泰昌技术补充文件，历史位置为“专项投标文件/5.针对评审要素，需要补充的其他文件/5.3.绿色低碳生产及绿色回收/5.3.1.建立了绿色生产/5.3.1.3.现状环境影响评估报告”。当前仅用于泰昌资料人工复核，未获准进入正式标书。,河北泰昌电力器材科技有限公司,河北泰昌电力器材科技有限公司,,green_low_carbon,绿色低碳资料,False,资料：泰昌绿色低碳资料,否,blocked,尚未通过P0-06人工批准,False,核验整份原始资料,True,泰昌企业资料,b5f835eecad5da3df19dea7e70a6bee97f4a0fbfc73d93dafe2976a9f21fe245,tender_scoring_derived,,否,不适用,[],review_only,仅限人工复核,media,连续内嵌页应按完整报告或证据包审核，不逐页新建业务资产,P006-G055,,needs_customer_confirmation,需要客户确认,,产品库资料,泰昌绿色低碳资料历史候选第128页,,不适用,internal,企业内部资料,泰昌技术补充文件,泰昌技术补充文件,mixed_historical_bid,assets/template_words/技术补充文件.docx,128,（二）专项投标文件/5.针对评审要素，需要补充的其他文件/5.3.绿色低碳生产及绿色回收/5.3.1.建立了绿色生产/5.3.1.3.现状环境影响评估报告,"[""泰昌"", ""绿色低碳资料"", ""历史标书候选"", ""技术标""]",product_library,产品库资料,taichang_only,不适用,泰昌绿色低碳资料历史候选第128页,needs_review,[]
taichang_tenant_internal,"[""专项投标文件/5.针对评审要素，需要补充的其他文件/5.3.绿色低碳生产及绿色回收/5.3.1.建立了绿色生产/5.3.1.3.现状环境影响评估报告""]","[""技术标""]",False,technical,technical-media-0203,formal_material_caption,绿色低碳资料,0.9,e97c06c633a17d44138476d0cb74a73a86c82067653dd007e5f7700e9f37cbe0,,,new,未发现重复，仍需审核,来源于泰昌技术补充文件，历史位置为“专项投标文件/5.针对评审要素，需要补充的其他文件/5.3.绿色低碳生产及绿色回收/5.3.1.建立了绿色生产/5.3.1.3.现状环境影响评估报告”。当前仅用于泰昌资料人工复核，未获准进入正式标书。,河北泰昌电力器材科技有限公司,河北泰昌电力器材科技有限公司,,green_low_carbon,绿色低碳资料,False,资料：泰昌绿色低碳资料,否,blocked,尚未通过P0-06人工批准,False,核验整份原始资料,True,泰昌企业资料,e97c06c633a17d44138476d0cb74a73a86c82067653dd007e5f7700e9f37cbe0,tender_scoring_derived,,否,不适用,[],review_only,仅限人工复核,media,连续内嵌页应按完整报告或证据包审核，不逐页新建业务资产,P006-G055,,needs_customer_confirmation,需要客户确认,,产品库资料,泰昌绿色低碳资料历史候选第128页,,不适用,internal,企业内部资料,泰昌技术补充文件,泰昌技术补充文件,mixed_historical_bid,assets/template_words/技术补充文件.docx,128,（二）专项投标文件/5.针对评审要素，需要补充的其他文件/5.3.绿色低碳生产及绿色回收/5.3.1.建立了绿色生产/5.3.1.3.现状环境影响评估报告,"[""泰昌"", ""绿色低碳资料"", ""历史标书候选"", ""技术标""]",product_library,产品库资料,taichang_only,不适用,泰昌绿色低碳资料历史候选第128页,needs_review,[]
taichang_tenant_internal,"[""专项投标文件/5.针对评审要素，需要补充的其他文件/5.3.绿色低碳生产及绿色回收/5.3.1.建立了绿色生产/5.3.1.3.现状环境影响评估报告""]","[""技术标""]",False,technical,technical-media-0204,formal_material_caption,绿色低碳资料,0.9,7167ca95781d13fffada8f95c0b68372ea26a3f512e0fc5e22dc1bf1e34d1687,,,new,未发现重复，仍需审核,来源于泰昌技术补充文件，历史位置为“专项投标文件/5.针对评审要素，需要补充的其他文件/5.3.绿色低碳生产及绿色回收/5.3.1.建立了绿色生产/5.3.1.3.现状环境影响评估报告”。当前仅用于泰昌资料人工复核，未获准进入正式标书。,河北泰昌电力器材科技有限公司,河北泰昌电力器材科技有限公司,,green_low_carbon,绿色低碳资料,False,资料：泰昌绿色低碳资料,否,blocked,尚未通过P0-06人工批准,False,核验整份原始资料,True,泰昌企业资料,7167ca95781d13fffada8f95c0b68372ea26a3f512e0fc5e22dc1bf1e34d1687,tender_scoring_derived,,否,不适用,[],review_only,仅限人工复核,media,连续内嵌页应按完整报告或证据包审核，不逐页新建业务资产,P006-G055,,needs_customer_confirmation,需要客户确认,,产品库资料,泰昌绿色低碳资料历史候选第128页,,不适用,internal,企业内部资料,泰昌技术补充文件,泰昌技术补充文件,mixed_historical_bid,assets/template_words/技术补充文件.docx,128,（二）专项投标文件/5.针对评审要素，需要补充的其他文件/5.3.绿色低碳生产及绿色回收/5.3.1.建立了绿色生产/5.3.1.3.现状环境影响评估报告,"[""泰昌"", ""绿色低碳资料"", ""历史标书候选"", ""技术标""]",product_library,产品库资料,taichang_only,不适用,泰昌绿色低碳资料历史候选第128页,needs_review,[]
taichang_tenant_internal,"[""专项投标文件/5.针对评审要素，需要补充的其他文件/5.3.绿色低碳生产及绿色回收/5.3.1.建立了绿色生产/5.3.1.3.现状环境影响评估报告""]","[""技术标""]",False,technical,technical-media-0205,formal_material_caption,绿色低碳资料,0.9,6f378f37f3d9726674ad92b526bffc943cc22f6ea1039b521c4d9f178d6572c2,,,new,未发现重复，仍需审核,来源于泰昌技术补充文件，历史位置为“专项投标文件/5.针对评审要素，需要补充的其他文件/5.3.绿色低碳生产及绿色回收/5.3.1.建立了绿色生产/5.3.1.3.现状环境影响评估报告”。当前仅用于泰昌资料人工复核，未获准进入正式标书。,河北泰昌电力器材科技有限公司,河北泰昌电力器材科技有限公司,,green_low_carbon,绿色低碳资料,False,资料：泰昌绿色低碳资料,否,blocked,尚未通过P0-06人工批准,False,核验整份原始资料,True,泰昌企业资料,6f378f37f3d9726674ad92b526bffc943cc22f6ea1039b521c4d9f178d6572c2,tender_scoring_derived,,否,不适用,[],review_only,仅限人工复核,media,连续内嵌页应按完整报告或证据包审核，不逐页新建业务资产,P006-G055,,needs_customer_confirmation,需要客户确认,,产品库资料,泰昌绿色低碳资料历史候选第128页,,不适用,internal,企业内部资料,泰昌技术补充文件,泰昌技术补充文件,mixed_historical_bid,assets/template_words/技术补充文件.docx,128,（二）专项投标文件/5.针对评审要素，需要补充的其他文件/5.3.绿色低碳生产及绿色回收/5.3.1.建立了绿色生产/5.3.1.3.现状环境影响评估报告,"[""泰昌"", ""绿色低碳资料"", ""历史标书候选"", ""技术标""]",product_library,产品库资料,taichang_only,不适用,泰昌绿色低碳资料历史候选第128页,needs_review,[]
taichang_tenant_internal,"[""专项投标文件/5.针对评审要素，需要补充的其他文件/5.3.绿色低碳生产及绿色回收/5.3.1.建立了绿色生产/5.3.1.3.现状环境影响评估报告""]","[""技术标""]",False,technical,technical-media-0206,formal_material_caption,绿色低碳资料,0.9,e532619bdb66aeb9b43064d73be15c4ab35452989fabbe3778fc3dcfc71e2e07,,,new,未发现重复，仍需审核,来源于泰昌技术补充文件，历史位置为“专项投标文件/5.针对评审要素，需要补充的其他文件/5.3.绿色低碳生产及绿色回收/5.3.1.建立了绿色生产/5.3.1.3.现状环境影响评估报告”。当前仅用于泰昌资料人工复核，未获准进入正式标书。,河北泰昌电力器材科技有限公司,河北泰昌电力器材科技有限公司,,green_low_carbon,绿色低碳资料,False,资料：泰昌绿色低碳资料,否,blocked,尚未通过P0-06人工批准,False,核验整份原始资料,True,泰昌企业资料,e532619bdb66aeb9b43064d73be15c4ab35452989fabbe3778fc3dcfc71e2e07,tender_scoring_derived,,否,不适用,[],review_only,仅限人工复核,media,连续内嵌页应按完整报告或证据包审核，不逐页新建业务资产,P006-G055,,needs_customer_confirmation,需要客户确认,,产品库资料,泰昌绿色低碳资料历史候选第128页,,不适用,internal,企业内部资料,泰昌技术补充文件,泰昌技术补充文件,mixed_historical_bid,assets/template_words/技术补充文件.docx,128,（二）专项投标文件/5.针对评审要素，需要补充的其他文件/5.3.绿色低碳生产及绿色回收/5.3.1.建立了绿色生产/5.3.1.3.现状环境影响评估报告,"[""泰昌"", ""绿色低碳资料"", ""历史标书候选"", ""技术标""]",product_library,产品库资料,taichang_only,不适用,泰昌绿色低碳资料历史候选第128页,needs_review,[]
taichang_tenant_internal,"[""专项投标文件/5.针对评审要素，需要补充的其他文件/5.3.绿色低碳生产及绿色回收/5.3.1.建立了绿色生产/5.3.1.3.现状环境影响评估报告""]","[""技术标""]",False,technical,technical-media-0207,formal_material_caption,绿色低碳资料,0.9,14eada201b5a1b1dfa5eb9e4133b7a98878707361abb8fc46c654ad51b51a5f6,,,new,未发现重复，仍需审核,来源于泰昌技术补充文件，历史位置为“专项投标文件/5.针对评审要素，需要补充的其他文件/5.3.绿色低碳生产及绿色回收/5.3.1.建立了绿色生产/5.3.1.3.现状环境影响评估报告”。当前仅用于泰昌资料人工复核，未获准进入正式标书。,河北泰昌电力器材科技有限公司,河北泰昌电力器材科技有限公司,,green_low_carbon,绿色低碳资料,False,资料：泰昌绿色低碳资料,否,blocked,尚未通过P0-06人工批准,False,核验整份原始资料,True,泰昌企业资料,14eada201b5a1b1dfa5eb9e4133b7a98878707361abb8fc46c654ad51b51a5f6,tender_scoring_derived,,否,不适用,[],review_only,仅限人工复核,media,连续内嵌页应按完整报告或证据包审核，不逐页新建业务资产,P006-G055,,needs_customer_confirmation,需要客户确认,,产品库资料,泰昌绿色低碳资料历史候选第128页,,不适用,internal,企业内部资料,泰昌技术补充文件,泰昌技术补充文件,mixed_historical_bid,assets/template_words/技术补充文件.docx,128,（二）专项投标文件/5.针对评审要素，需要补充的其他文件/5.3.绿色低碳生产及绿色回收/5.3.1.建立了绿色生产/5.3.1.3.现状环境影响评估报告,"[""泰昌"", ""绿色低碳资料"", ""历史标书候选"", ""技术标""]",product_library,产品库资料,taichang_only,不适用,泰昌绿色低碳资料历史候选第128页,needs_review,[]
taichang_tenant_internal,"[""专项投标文件/5.针对评审要素，需要补充的其他文件/5.3.绿色低碳生产及绿色回收/5.3.1.建立了绿色生产/5.3.1.3.现状环境影响评估报告""]","[""技术标""]",False,technical,technical-media-0208,formal_material_caption,绿色低碳资料,0.9,243a5e315cac2d81d05a72ea98e399e27106120b13fd404b949d484ef9f467e0,,,new,未发现重复，仍需审核,来源于泰昌技术补充文件，历史位置为“专项投标文件/5.针对评审要素，需要补充的其他文件/5.3.绿色低碳生产及绿色回收/5.3.1.建立了绿色生产/5.3.1.3.现状环境影响评估报告”。当前仅用于泰昌资料人工复核，未获准进入正式标书。,河北泰昌电力器材科技有限公司,河北泰昌电力器材科技有限公司,,green_low_carbon,绿色低碳资料,False,资料：泰昌绿色低碳资料,否,blocked,尚未通过P0-06人工批准,False,核验整份原始资料,True,泰昌企业资料,243a5e315cac2d81d05a72ea98e399e27106120b13fd404b949d484ef9f467e0,tender_scoring_derived,,否,不适用,[],review_only,仅限人工复核,media,连续内嵌页应按完整报告或证据包审核，不逐页新建业务资产,P006-G055,,needs_customer_confirmation,需要客户确认,,产品库资料,泰昌绿色低碳资料历史候选第128页,,不适用,internal,企业内部资料,泰昌技术补充文件,泰昌技术补充文件,mixed_historical_bid,assets/template_words/技术补充文件.docx,128,（二）专项投标文件/5.针对评审要素，需要补充的其他文件/5.3.绿色低碳生产及绿色回收/5.3.1.建立了绿色生产/5.3.1.3.现状环境影响评估报告,"[""泰昌"", ""绿色低碳资料"", ""历史标书候选"", ""技术标""]",product_library,产品库资料,taichang_only,不适用,泰昌绿色低碳资料历史候选第128页,needs_review,[]
taichang_tenant_internal,"[""专项投标文件/5.针对评审要素，需要补充的其他文件/5.3.绿色低碳生产及绿色回收/5.3.1.建立了绿色生产/5.3.1.3.现状环境影响评估报告""]","[""技术标""]",False,technical,technical-media-0209,formal_material_caption,绿色低碳资料,0.9,fe03037ef1dede2608a9233124fc4dfaf42c2d5d6bbecfa192d382e705f6a716,,,new,未发现重复，仍需审核,来源于泰昌技术补充文件，历史位置为“专项投标文件/5.针对评审要素，需要补充的其他文件/5.3.绿色低碳生产及绿色回收/5.3.1.建立了绿色生产/5.3.1.3.现状环境影响评估报告”。当前仅用于泰昌资料人工复核，未获准进入正式标书。,河北泰昌电力器材科技有限公司,河北泰昌电力器材科技有限公司,,green_low_carbon,绿色低碳资料,False,资料：泰昌绿色低碳资料,否,blocked,尚未通过P0-06人工批准,False,核验整份原始资料,True,泰昌企业资料,fe03037ef1dede2608a9233124fc4dfaf42c2d5d6bbecfa192d382e705f6a716,tender_scoring_derived,,否,不适用,[],review_only,仅限人工复核,media,连续内嵌页应按完整报告或证据包审核，不逐页新建业务资产,P006-G055,,needs_customer_confirmation,需要客户确认,,产品库资料,泰昌绿色低碳资料历史候选第128页,,不适用,internal,企业内部资料,泰昌技术补充文件,泰昌技术补充文件,mixed_historical_bid,assets/template_words/技术补充文件.docx,128,（二）专项投标文件/5.针对评审要素，需要补充的其他文件/5.3.绿色低碳生产及绿色回收/5.3.1.建立了绿色生产/5.3.1.3.现状环境影响评估报告,"[""泰昌"", ""绿色低碳资料"", ""历史标书候选"", ""技术标""]",product_library,产品库资料,taichang_only,不适用,泰昌绿色低碳资料历史候选第128页,needs_review,[]
taichang_tenant_internal,"[""专项投标文件/5.针对评审要素，需要补充的其他文件/5.3.绿色低碳生产及绿色回收/5.3.1.建立了绿色生产/5.3.1.3.现状环境影响评估报告""]","[""技术标""]",False,technical,technical-media-0210,formal_material_caption,绿色低碳资料,0.9,0c9d3db2992fa6c0947e1037fbb2e0c0804ce3a9caa8b65b14815c9cde34e109,,,new,未发现重复，仍需审核,来源于泰昌技术补充文件，历史位置为“专项投标文件/5.针对评审要素，需要补充的其他文件/5.3.绿色低碳生产及绿色回收/5.3.1.建立了绿色生产/5.3.1.3.现状环境影响评估报告”。当前仅用于泰昌资料人工复核，未获准进入正式标书。,河北泰昌电力器材科技有限公司,河北泰昌电力器材科技有限公司,,green_low_carbon,绿色低碳资料,False,资料：泰昌绿色低碳资料,否,blocked,尚未通过P0-06人工批准,False,核验整份原始资料,True,泰昌企业资料,0c9d3db2992fa6c0947e1037fbb2e0c0804ce3a9caa8b65b14815c9cde34e109,tender_scoring_derived,,否,不适用,[],review_only,仅限人工复核,media,连续内嵌页应按完整报告或证据包审核，不逐页新建业务资产,P006-G055,,needs_customer_confirmation,需要客户确认,,产品库资料,泰昌绿色低碳资料历史候选第128页,,不适用,internal,企业内部资料,泰昌技术补充文件,泰昌技术补充文件,mixed_historical_bid,assets/template_words/技术补充文件.docx,128,（二）专项投标文件/5.针对评审要素，需要补充的其他文件/5.3.绿色低碳生产及绿色回收/5.3.1.建立了绿色生产/5.3.1.3.现状环境影响评估报告,"[""泰昌"", ""绿色低碳资料"", ""历史标书候选"", ""技术标""]",product_library,产品库资料,taichang_only,不适用,泰昌绿色低碳资料历史候选第128页,needs_review,[]
taichang_tenant_internal,"[""专项投标文件/5.针对评审要素，需要补充的其他文件/5.3.绿色低碳生产及绿色回收/5.3.1.建立了绿色生产/5.3.1.3.现状环境影响评估报告""]","[""技术标""]",False,technical,technical-media-0211,formal_material_caption,绿色低碳资料,0.9,1393e09bba405f82a4af004e0e5fca422d64dd61fee4f928f3426bd64e38a0b2,,,new,未发现重复，仍需审核,来源于泰昌技术补充文件，历史位置为“专项投标文件/5.针对评审要素，需要补充的其他文件/5.3.绿色低碳生产及绿色回收/5.3.1.建立了绿色生产/5.3.1.3.现状环境影响评估报告”。当前仅用于泰昌资料人工复核，未获准进入正式标书。,河北泰昌电力器材科技有限公司,河北泰昌电力器材科技有限公司,,green_low_carbon,绿色低碳资料,False,资料：泰昌绿色低碳资料,否,blocked,尚未通过P0-06人工批准,False,核验整份原始资料,True,泰昌企业资料,1393e09bba405f82a4af004e0e5fca422d64dd61fee4f928f3426bd64e38a0b2,tender_scoring_derived,,否,不适用,[],review_only,仅限人工复核,media,连续内嵌页应按完整报告或证据包审核，不逐页新建业务资产,P006-G055,,needs_customer_confirmation,需要客户确认,,产品库资料,泰昌绿色低碳资料历史候选第128页,,不适用,internal,企业内部资料,泰昌技术补充文件,泰昌技术补充文件,mixed_historical_bid,assets/template_words/技术补充文件.docx,128,（二）专项投标文件/5.针对评审要素，需要补充的其他文件/5.3.绿色低碳生产及绿色回收/5.3.1.建立了绿色生产/5.3.1.3.现状环境影响评估报告,"[""泰昌"", ""绿色低碳资料"", ""历史标书候选"", ""技术标""]",product_library,产品库资料,taichang_only,不适用,泰昌绿色低碳资料历史候选第128页,needs_review,[]
taichang_tenant_internal,"[""专项投标文件/5.针对评审要素，需要补充的其他文件/5.3.绿色低碳生产及绿色回收/5.3.1.建立了绿色生产/5.3.1.3.现状环境影响评估报告""]","[""技术标""]",False,technical,technical-media-0212,formal_material_caption,绿色低碳资料,0.9,d0274ac9d196c08640ee7cad22a11cacab3c4a586616ead6097edb9233b13faa,,,new,未发现重复，仍需审核,来源于泰昌技术补充文件，历史位置为“专项投标文件/5.针对评审要素，需要补充的其他文件/5.3.绿色低碳生产及绿色回收/5.3.1.建立了绿色生产/5.3.1.3.现状环境影响评估报告”。当前仅用于泰昌资料人工复核，未获准进入正式标书。,河北泰昌电力器材科技有限公司,河北泰昌电力器材科技有限公司,,green_low_carbon,绿色低碳资料,False,资料：泰昌绿色低碳资料,否,blocked,尚未通过P0-06人工批准,False,核验整份原始资料,True,泰昌企业资料,d0274ac9d196c08640ee7cad22a11cacab3c4a586616ead6097edb9233b13faa,tender_scoring_derived,,否,不适用,[],review_only,仅限人工复核,media,连续内嵌页应按完整报告或证据包审核，不逐页新建业务资产,P006-G055,,needs_customer_confirmation,需要客户确认,,产品库资料,泰昌绿色低碳资料历史候选第128页,,不适用,internal,企业内部资料,泰昌技术补充文件,泰昌技术补充文件,mixed_historical_bid,assets/template_words/技术补充文件.docx,128,（二）专项投标文件/5.针对评审要素，需要补充的其他文件/5.3.绿色低碳生产及绿色回收/5.3.1.建立了绿色生产/5.3.1.3.现状环境影响评估报告,"[""泰昌"", ""绿色低碳资料"", ""历史标书候选"", ""技术标""]",product_library,产品库资料,taichang_only,不适用,泰昌绿色低碳资料历史候选第128页,needs_review,[]
taichang_tenant_internal,"[""专项投标文件/5.针对评审要素，需要补充的其他文件/5.3.绿色低碳生产及绿色回收/5.3.1.建立了绿色生产/5.3.1.3.现状环境影响评估报告""]","[""技术标""]",False,technical,technical-media-0213,formal_material_caption,绿色低碳资料,0.9,c8c61095bf5479acc55310b11f49a1363fdf8dd43a02fc9360323ee72bae2ce3,,,new,未发现重复，仍需审核,来源于泰昌技术补充文件，历史位置为“专项投标文件/5.针对评审要素，需要补充的其他文件/5.3.绿色低碳生产及绿色回收/5.3.1.建立了绿色生产/5.3.1.3.现状环境影响评估报告”。当前仅用于泰昌资料人工复核，未获准进入正式标书。,河北泰昌电力器材科技有限公司,河北泰昌电力器材科技有限公司,,green_low_carbon,绿色低碳资料,False,资料：泰昌绿色低碳资料,否,blocked,尚未通过P0-06人工批准,False,核验整份原始资料,True,泰昌企业资料,c8c61095bf5479acc55310b11f49a1363fdf8dd43a02fc9360323ee72bae2ce3,tender_scoring_derived,,否,不适用,[],review_only,仅限人工复核,media,连续内嵌页应按完整报告或证据包审核，不逐页新建业务资产,P006-G055,,needs_customer_confirmation,需要客户确认,,产品库资料,泰昌绿色低碳资料历史候选第128页,,不适用,internal,企业内部资料,泰昌技术补充文件,泰昌技术补充文件,mixed_historical_bid,assets/template_words/技术补充文件.docx,128,（二）专项投标文件/5.针对评审要素，需要补充的其他文件/5.3.绿色低碳生产及绿色回收/5.3.1.建立了绿色生产/5.3.1.3.现状环境影响评估报告,"[""泰昌"", ""绿色低碳资料"", ""历史标书候选"", ""技术标""]",product_library,产品库资料,taichang_only,不适用,泰昌绿色低碳资料历史候选第128页,needs_review,[]
taichang_tenant_internal,"[""专项投标文件/5.针对评审要素，需要补充的其他文件/5.3.绿色低碳生产及绿色回收/5.3.1.建立了绿色生产/5.3.1.3.现状环境影响评估报告""]","[""技术标""]",False,technical,technical-media-0214,formal_material_caption,绿色低碳资料,0.9,0bfda44641e2fd39b58e1dc50ac06dacf20f129be02e06bacfd46afbd96e0450,,,new,未发现重复，仍需审核,来源于泰昌技术补充文件，历史位置为“专项投标文件/5.针对评审要素，需要补充的其他文件/5.3.绿色低碳生产及绿色回收/5.3.1.建立了绿色生产/5.3.1.3.现状环境影响评估报告”。当前仅用于泰昌资料人工复核，未获准进入正式标书。,河北泰昌电力器材科技有限公司,河北泰昌电力器材科技有限公司,,green_low_carbon,绿色低碳资料,False,资料：泰昌绿色低碳资料,否,blocked,尚未通过P0-06人工批准,False,核验整份原始资料,True,泰昌企业资料,0bfda44641e2fd39b58e1dc50ac06dacf20f129be02e06bacfd46afbd96e0450,tender_scoring_derived,,否,不适用,[],review_only,仅限人工复核,media,连续内嵌页应按完整报告或证据包审核，不逐页新建业务资产,P006-G055,,needs_customer_confirmation,需要客户确认,,产品库资料,泰昌绿色低碳资料历史候选第128页,,不适用,internal,企业内部资料,泰昌技术补充文件,泰昌技术补充文件,mixed_historical_bid,assets/template_words/技术补充文件.docx,128,（二）专项投标文件/5.针对评审要素，需要补充的其他文件/5.3.绿色低碳生产及绿色回收/5.3.1.建立了绿色生产/5.3.1.3.现状环境影响评估报告,"[""泰昌"", ""绿色低碳资料"", ""历史标书候选"", ""技术标""]",product_library,产品库资料,taichang_only,不适用,泰昌绿色低碳资料历史候选第128页,needs_review,[]
taichang_tenant_internal,"[""专项投标文件/5.针对评审要素，需要补充的其他文件/5.3.绿色低碳生产及绿色回收/5.3.1.建立了绿色生产/5.3.1.3.现状环境影响评估报告""]","[""技术标""]",False,technical,technical-media-0215,formal_material_caption,绿色低碳资料,0.9,27d45bfaecca6b10b021a628715ab4397e9c65c9e2bc77dc5b5e99ee18cd26f9,,,new,未发现重复，仍需审核,来源于泰昌技术补充文件，历史位置为“专项投标文件/5.针对评审要素，需要补充的其他文件/5.3.绿色低碳生产及绿色回收/5.3.1.建立了绿色生产/5.3.1.3.现状环境影响评估报告”。当前仅用于泰昌资料人工复核，未获准进入正式标书。,河北泰昌电力器材科技有限公司,河北泰昌电力器材科技有限公司,,green_low_carbon,绿色低碳资料,False,资料：泰昌绿色低碳资料,否,blocked,尚未通过P0-06人工批准,False,核验整份原始资料,True,泰昌企业资料,27d45bfaecca6b10b021a628715ab4397e9c65c9e2bc77dc5b5e99ee18cd26f9,tender_scoring_derived,,否,不适用,[],review_only,仅限人工复核,media,连续内嵌页应按完整报告或证据包审核，不逐页新建业务资产,P006-G055,,needs_customer_confirmation,需要客户确认,,产品库资料,泰昌绿色低碳资料历史候选第128页,,不适用,internal,企业内部资料,泰昌技术补充文件,泰昌技术补充文件,mixed_historical_bid,assets/template_words/技术补充文件.docx,128,（二）专项投标文件/5.针对评审要素，需要补充的其他文件/5.3.绿色低碳生产及绿色回收/5.3.1.建立了绿色生产/5.3.1.3.现状环境影响评估报告,"[""泰昌"", ""绿色低碳资料"", ""历史标书候选"", ""技术标""]",product_library,产品库资料,taichang_only,不适用,泰昌绿色低碳资料历史候选第128页,needs_review,[]
taichang_tenant_internal,"[""专项投标文件/5.针对评审要素，需要补充的其他文件/5.3.绿色低碳生产及绿色回收/5.3.1.建立了绿色生产/5.3.1.3.现状环境影响评估报告""]","[""技术标""]",False,technical,technical-media-0216,formal_material_caption,绿色低碳资料,0.9,b630e6eac6d57dfab5e52a9bef9c22e814969094598d5ba3240e344861779059,,,new,未发现重复，仍需审核,来源于泰昌技术补充文件，历史位置为“专项投标文件/5.针对评审要素，需要补充的其他文件/5.3.绿色低碳生产及绿色回收/5.3.1.建立了绿色生产/5.3.1.3.现状环境影响评估报告”。当前仅用于泰昌资料人工复核，未获准进入正式标书。,河北泰昌电力器材科技有限公司,河北泰昌电力器材科技有限公司,,green_low_carbon,绿色低碳资料,False,资料：泰昌绿色低碳资料,否,blocked,尚未通过P0-06人工批准,False,核验整份原始资料,True,泰昌企业资料,b630e6eac6d57dfab5e52a9bef9c22e814969094598d5ba3240e344861779059,tender_scoring_derived,,否,不适用,[],review_only,仅限人工复核,media,连续内嵌页应按完整报告或证据包审核，不逐页新建业务资产,P006-G055,,needs_customer_confirmation,需要客户确认,,产品库资料,泰昌绿色低碳资料历史候选第128页,,不适用,internal,企业内部资料,泰昌技术补充文件,泰昌技术补充文件,mixed_historical_bid,assets/template_words/技术补充文件.docx,128,（二）专项投标文件/5.针对评审要素，需要补充的其他文件/5.3.绿色低碳生产及绿色回收/5.3.1.建立了绿色生产/5.3.1.3.现状环境影响评估报告,"[""泰昌"", ""绿色低碳资料"", ""历史标书候选"", ""技术标""]",product_library,产品库资料,taichang_only,不适用,泰昌绿色低碳资料历史候选第128页,needs_review,[]
taichang_tenant_internal,"[""专项投标文件/5.针对评审要素，需要补充的其他文件/5.3.绿色低碳生产及绿色回收/5.3.1.建立了绿色生产/5.3.1.3.现状环境影响评估报告""]","[""技术标""]",False,technical,technical-media-0217,formal_material_caption,绿色低碳资料,0.9,b16e56f9cafc28e0fb0de1541d68a982432ba183f61c3260bececd7ccbff5140,,,new,未发现重复，仍需审核,来源于泰昌技术补充文件，历史位置为“专项投标文件/5.针对评审要素，需要补充的其他文件/5.3.绿色低碳生产及绿色回收/5.3.1.建立了绿色生产/5.3.1.3.现状环境影响评估报告”。当前仅用于泰昌资料人工复核，未获准进入正式标书。,河北泰昌电力器材科技有限公司,河北泰昌电力器材科技有限公司,,green_low_carbon,绿色低碳资料,False,资料：泰昌绿色低碳资料,否,blocked,尚未通过P0-06人工批准,False,核验整份原始资料,True,泰昌企业资料,b16e56f9cafc28e0fb0de1541d68a982432ba183f61c3260bececd7ccbff5140,tender_scoring_derived,,否,不适用,[],review_only,仅限人工复核,media,连续内嵌页应按完整报告或证据包审核，不逐页新建业务资产,P006-G055,,needs_customer_confirmation,需要客户确认,,产品库资料,泰昌绿色低碳资料历史候选第128页,,不适用,internal,企业内部资料,泰昌技术补充文件,泰昌技术补充文件,mixed_historical_bid,assets/template_words/技术补充文件.docx,128,（二）专项投标文件/5.针对评审要素，需要补充的其他文件/5.3.绿色低碳生产及绿色回收/5.3.1.建立了绿色生产/5.3.1.3.现状环境影响评估报告,"[""泰昌"", ""绿色低碳资料"", ""历史标书候选"", ""技术标""]",product_library,产品库资料,taichang_only,不适用,泰昌绿色低碳资料历史候选第128页,needs_review,[]
taichang_tenant_internal,"[""专项投标文件/5.针对评审要素，需要补充的其他文件/5.3.绿色低碳生产及绿色回收/5.3.1.建立了绿色生产/5.3.1.3.现状环境影响评估报告""]","[""技术标""]",False,technical,technical-media-0218,formal_material_caption,绿色低碳资料,0.9,29da3b347c2441d62f0fd2263384829c04fa4442a293699e67478e85ff2cb50c,,,new,未发现重复，仍需审核,来源于泰昌技术补充文件，历史位置为“专项投标文件/5.针对评审要素，需要补充的其他文件/5.3.绿色低碳生产及绿色回收/5.3.1.建立了绿色生产/5.3.1.3.现状环境影响评估报告”。当前仅用于泰昌资料人工复核，未获准进入正式标书。,河北泰昌电力器材科技有限公司,河北泰昌电力器材科技有限公司,,green_low_carbon,绿色低碳资料,False,资料：泰昌绿色低碳资料,否,blocked,尚未通过P0-06人工批准,False,核验整份原始资料,True,泰昌企业资料,29da3b347c2441d62f0fd2263384829c04fa4442a293699e67478e85ff2cb50c,tender_scoring_derived,,否,不适用,[],review_only,仅限人工复核,media,连续内嵌页应按完整报告或证据包审核，不逐页新建业务资产,P006-G055,,needs_customer_confirmation,需要客户确认,,产品库资料,泰昌绿色低碳资料历史候选第128页,,不适用,internal,企业内部资料,泰昌技术补充文件,泰昌技术补充文件,mixed_historical_bid,assets/template_words/技术补充文件.docx,128,（二）专项投标文件/5.针对评审要素，需要补充的其他文件/5.3.绿色低碳生产及绿色回收/5.3.1.建立了绿色生产/5.3.1.3.现状环境影响评估报告,"[""泰昌"", ""绿色低碳资料"", ""历史标书候选"", ""技术标""]",product_library,产品库资料,taichang_only,不适用,泰昌绿色低碳资料历史候选第128页,needs_review,[]
taichang_tenant_internal,"[""专项投标文件/5.针对评审要素，需要补充的其他文件/5.3.绿色低碳生产及绿色回收/5.3.1.建立了绿色生产/5.3.1.3.现状环境影响评估报告""]","[""技术标""]",False,technical,technical-media-0219,formal_material_caption,绿色低碳资料,0.9,61bc444155ff62f00d4e6df72c28654c64f614de2c5d1f9d4790f61ce2e72637,,,new,未发现重复，仍需审核,来源于泰昌技术补充文件，历史位置为“专项投标文件/5.针对评审要素，需要补充的其他文件/5.3.绿色低碳生产及绿色回收/5.3.1.建立了绿色生产/5.3.1.3.现状环境影响评估报告”。当前仅用于泰昌资料人工复核，未获准进入正式标书。,河北泰昌电力器材科技有限公司,河北泰昌电力器材科技有限公司,,green_low_carbon,绿色低碳资料,False,资料：泰昌绿色低碳资料,否,blocked,尚未通过P0-06人工批准,False,核验整份原始资料,True,泰昌企业资料,61bc444155ff62f00d4e6df72c28654c64f614de2c5d1f9d4790f61ce2e72637,tender_scoring_derived,,否,不适用,[],review_only,仅限人工复核,media,连续内嵌页应按完整报告或证据包审核，不逐页新建业务资产,P006-G055,,needs_customer_confirmation,需要客户确认,,产品库资料,泰昌绿色低碳资料历史候选第128页,,不适用,internal,企业内部资料,泰昌技术补充文件,泰昌技术补充文件,mixed_historical_bid,assets/template_words/技术补充文件.docx,128,（二）专项投标文件/5.针对评审要素，需要补充的其他文件/5.3.绿色低碳生产及绿色回收/5.3.1.建立了绿色生产/5.3.1.3.现状环境影响评估报告,"[""泰昌"", ""绿色低碳资料"", ""历史标书候选"", ""技术标""]",product_library,产品库资料,taichang_only,不适用,泰昌绿色低碳资料历史候选第128页,needs_review,[]
taichang_tenant_internal,"[""专项投标文件/5.针对评审要素，需要补充的其他文件/5.3.绿色低碳生产及绿色回收/5.3.1.建立了绿色生产/5.3.1.3.现状环境影响评估报告""]","[""技术标""]",False,technical,technical-media-0220,formal_material_caption,绿色低碳资料,0.9,427d2c5357d95c28d19c59b964f33bea89e691d4e3b71598a295d6b245a84ab9,,,new,未发现重复，仍需审核,来源于泰昌技术补充文件，历史位置为“专项投标文件/5.针对评审要素，需要补充的其他文件/5.3.绿色低碳生产及绿色回收/5.3.1.建立了绿色生产/5.3.1.3.现状环境影响评估报告”。当前仅用于泰昌资料人工复核，未获准进入正式标书。,河北泰昌电力器材科技有限公司,河北泰昌电力器材科技有限公司,,green_low_carbon,绿色低碳资料,False,资料：泰昌绿色低碳资料,否,blocked,尚未通过P0-06人工批准,False,核验整份原始资料,True,泰昌企业资料,427d2c5357d95c28d19c59b964f33bea89e691d4e3b71598a295d6b245a84ab9,tender_scoring_derived,,否,不适用,[],review_only,仅限人工复核,media,连续内嵌页应按完整报告或证据包审核，不逐页新建业务资产,P006-G055,,needs_customer_confirmation,需要客户确认,,产品库资料,泰昌绿色低碳资料历史候选第128页,,不适用,internal,企业内部资料,泰昌技术补充文件,泰昌技术补充文件,mixed_historical_bid,assets/template_words/技术补充文件.docx,128,（二）专项投标文件/5.针对评审要素，需要补充的其他文件/5.3.绿色低碳生产及绿色回收/5.3.1.建立了绿色生产/5.3.1.3.现状环境影响评估报告,"[""泰昌"", ""绿色低碳资料"", ""历史标书候选"", ""技术标""]",product_library,产品库资料,taichang_only,不适用,泰昌绿色低碳资料历史候选第128页,needs_review,[]
taichang_tenant_internal,"[""专项投标文件/5.针对评审要素，需要补充的其他文件/5.3.绿色低碳生产及绿色回收/5.3.1.建立了绿色生产/5.3.1.4.绿色发展规划报告""]","[""技术标""]",False,technical,technical-media-0221,formal_material_caption,绿色低碳资料,0.9,4c3552deaef989e1d737cc85c657fd08bbe5c3bd9892d73507c2c7bcc9c44467,,,possible_visual_duplicate,视觉疑似重复,来源于泰昌技术补充文件，历史位置为“专项投标文件/5.针对评审要素，需要补充的其他文件/5.3.绿色低碳生产及绿色回收/5.3.1.建立了绿色生产/5.3.1.4.绿色发展规划报告”。当前仅用于泰昌资料人工复核，未获准进入正式标书。,河北泰昌电力器材科技有限公司,河北泰昌电力器材科技有限公司,taichang-visual-review-fb4ac90746304b79302d,green_low_carbon,绿色低碳资料,False,资料：泰昌绿色低碳资料,否,blocked,尚未通过P0-06人工批准,False,优先核重,True,泰昌企业资料,4c3552deaef989e1d737cc85c657fd08bbe5c3bd9892d73507c2c7bcc9c44467,tender_scoring_derived,,否,不适用,[],review_only,仅限人工复核,media,查看原件并确认是新资产、重复资产或同一证据的不同载体,P006-G056,,needs_manual_review,需要人工复核,,产品库资料,泰昌绿色低碳资料历史候选第219页,,不适用,internal,企业内部资料,泰昌技术补充文件,泰昌技术补充文件,mixed_historical_bid,assets/template_words/技术补充文件.docx,219,（二）专项投标文件/5.针对评审要素，需要补充的其他文件/5.3.绿色低碳生产及绿色回收/5.3.1.建立了绿色生产/5.3.1.4.绿色发展规划报告,"[""泰昌"", ""绿色低碳资料"", ""历史标书候选"", ""技术标""]",product_library,产品库资料,taichang_only,不适用,泰昌绿色低碳资料历史候选第219页,needs_review,[]
taichang_tenant_internal,"[""专项投标文件/5.针对评审要素，需要补充的其他文件/5.3.绿色低碳生产及绿色回收/5.3.1.建立了绿色生产/5.3.1.4.绿色发展规划报告""]","[""技术标""]",False,technical,technical-media-0222,formal_material_caption,绿色低碳资料,0.9,d3edd400316dc0f8305df3671adb84e11787f2420091bab8842ed0f2fa157196,,,possible_visual_duplicate,视觉疑似重复,来源于泰昌技术补充文件，历史位置为“专项投标文件/5.针对评审要素，需要补充的其他文件/5.3.绿色低碳生产及绿色回收/5.3.1.建立了绿色生产/5.3.1.4.绿色发展规划报告”。当前仅用于泰昌资料人工复核，未获准进入正式标书。,河北泰昌电力器材科技有限公司,河北泰昌电力器材科技有限公司,taichang-visual-review-d0001fb3a3750869ac23,green_low_carbon,绿色低碳资料,False,资料：泰昌绿色低碳资料,否,blocked,尚未通过P0-06人工批准,False,优先核重,True,泰昌企业资料,d3edd400316dc0f8305df3671adb84e11787f2420091bab8842ed0f2fa157196,tender_scoring_derived,,否,不适用,[],review_only,仅限人工复核,media,查看原件并确认是新资产、重复资产或同一证据的不同载体,P006-G056,,needs_manual_review,需要人工复核,,产品库资料,泰昌绿色低碳资料历史候选第219页,,不适用,internal,企业内部资料,泰昌技术补充文件,泰昌技术补充文件,mixed_historical_bid,assets/template_words/技术补充文件.docx,219,（二）专项投标文件/5.针对评审要素，需要补充的其他文件/5.3.绿色低碳生产及绿色回收/5.3.1.建立了绿色生产/5.3.1.4.绿色发展规划报告,"[""泰昌"", ""绿色低碳资料"", ""历史标书候选"", ""技术标""]",product_library,产品库资料,taichang_only,不适用,泰昌绿色低碳资料历史候选第219页,needs_review,[]
taichang_tenant_internal,"[""专项投标文件/5.针对评审要素，需要补充的其他文件/5.3.绿色低碳生产及绿色回收/5.3.1.建立了绿色生产/5.3.1.4.绿色发展规划报告""]","[""技术标""]",False,technical,technical-media-0223,formal_material_caption,绿色低碳资料,0.9,867f0d4dbb1e5b3dd043770048c24d877ef93f63a72a1c7546a45499d81dde6f,,,possible_visual_duplicate,视觉疑似重复,来源于泰昌技术补充文件，历史位置为“专项投标文件/5.针对评审要素，需要补充的其他文件/5.3.绿色低碳生产及绿色回收/5.3.1.建立了绿色生产/5.3.1.4.绿色发展规划报告”。当前仅用于泰昌资料人工复核，未获准进入正式标书。,河北泰昌电力器材科技有限公司,河北泰昌电力器材科技有限公司,taichang-visual-review-29f9081419c15eefdceb,green_low_carbon,绿色低碳资料,False,资料：泰昌绿色低碳资料,否,blocked,尚未通过P0-06人工批准,False,优先核重,True,泰昌企业资料,867f0d4dbb1e5b3dd043770048c24d877ef93f63a72a1c7546a45499d81dde6f,tender_scoring_derived,,否,不适用,[],review_only,仅限人工复核,media,查看原件并确认是新资产、重复资产或同一证据的不同载体,P006-G056,,needs_manual_review,需要人工复核,,产品库资料,泰昌绿色低碳资料历史候选第219页,,不适用,internal,企业内部资料,泰昌技术补充文件,泰昌技术补充文件,mixed_historical_bid,assets/template_words/技术补充文件.docx,219,（二）专项投标文件/5.针对评审要素，需要补充的其他文件/5.3.绿色低碳生产及绿色回收/5.3.1.建立了绿色生产/5.3.1.4.绿色发展规划报告,"[""泰昌"", ""绿色低碳资料"", ""历史标书候选"", ""技术标""]",product_library,产品库资料,taichang_only,不适用,泰昌绿色低碳资料历史候选第219页,needs_review,[]
taichang_tenant_internal,"[""专项投标文件/5.针对评审要素，需要补充的其他文件/5.3.绿色低碳生产及绿色回收/5.3.1.建立了绿色生产/5.3.1.4.绿色发展规划报告""]","[""技术标""]",False,technical,technical-media-0224,formal_material_caption,绿色低碳资料,0.9,733a1a5db697d234e52e0761e640cab08cb246799487fb502ddf0bd30eb6d419,,,possible_visual_duplicate,视觉疑似重复,来源于泰昌技术补充文件，历史位置为“专项投标文件/5.针对评审要素，需要补充的其他文件/5.3.绿色低碳生产及绿色回收/5.3.1.建立了绿色生产/5.3.1.4.绿色发展规划报告”。当前仅用于泰昌资料人工复核，未获准进入正式标书。,河北泰昌电力器材科技有限公司,河北泰昌电力器材科技有限公司,taichang-visual-review-c59e8e88af6ad7c876c1,green_low_carbon,绿色低碳资料,False,资料：泰昌绿色低碳资料,否,blocked,尚未通过P0-06人工批准,False,优先核重,True,泰昌企业资料,733a1a5db697d234e52e0761e640cab08cb246799487fb502ddf0bd30eb6d419,tender_scoring_derived,,否,不适用,[],review_only,仅限人工复核,media,查看原件并确认是新资产、重复资产或同一证据的不同载体,P006-G056,,needs_manual_review,需要人工复核,,产品库资料,泰昌绿色低碳资料历史候选第219页,,不适用,internal,企业内部资料,泰昌技术补充文件,泰昌技术补充文件,mixed_historical_bid,assets/template_words/技术补充文件.docx,219,（二）专项投标文件/5.针对评审要素，需要补充的其他文件/5.3.绿色低碳生产及绿色回收/5.3.1.建立了绿色生产/5.3.1.4.绿色发展规划报告,"[""泰昌"", ""绿色低碳资料"", ""历史标书候选"", ""技术标""]",product_library,产品库资料,taichang_only,不适用,泰昌绿色低碳资料历史候选第219页,needs_review,[]
taichang_tenant_internal,"[""专项投标文件/5.针对评审要素，需要补充的其他文件/5.3.绿色低碳生产及绿色回收/5.3.1.建立了绿色生产/5.3.1.4.绿色发展规划报告""]","[""技术标""]",False,technical,technical-media-0225,formal_material_caption,绿色低碳资料,0.9,d75b6546afcc512c69a1e745c297e65ee1209657911a3e6d4fbcdc440791f370,,,possible_visual_duplicate,视觉疑似重复,来源于泰昌技术补充文件，历史位置为“专项投标文件/5.针对评审要素，需要补充的其他文件/5.3.绿色低碳生产及绿色回收/5.3.1.建立了绿色生产/5.3.1.4.绿色发展规划报告”。当前仅用于泰昌资料人工复核，未获准进入正式标书。,河北泰昌电力器材科技有限公司,河北泰昌电力器材科技有限公司,taichang-visual-review-4fbb0395f3904c6d451d,green_low_carbon,绿色低碳资料,False,资料：泰昌绿色低碳资料,否,blocked,尚未通过P0-06人工批准,False,优先核重,True,泰昌企业资料,d75b6546afcc512c69a1e745c297e65ee1209657911a3e6d4fbcdc440791f370,tender_scoring_derived,,否,不适用,[],review_only,仅限人工复核,media,查看原件并确认是新资产、重复资产或同一证据的不同载体,P006-G056,,needs_manual_review,需要人工复核,,产品库资料,泰昌绿色低碳资料历史候选第219页,,不适用,internal,企业内部资料,泰昌技术补充文件,泰昌技术补充文件,mixed_historical_bid,assets/template_words/技术补充文件.docx,219,（二）专项投标文件/5.针对评审要素，需要补充的其他文件/5.3.绿色低碳生产及绿色回收/5.3.1.建立了绿色生产/5.3.1.4.绿色发展规划报告,"[""泰昌"", ""绿色低碳资料"", ""历史标书候选"", ""技术标""]",product_library,产品库资料,taichang_only,不适用,泰昌绿色低碳资料历史候选第219页,needs_review,[]
taichang_tenant_internal,"[""专项投标文件/5.针对评审要素，需要补充的其他文件/5.3.绿色低碳生产及绿色回收/5.3.1.建立了绿色生产/5.3.1.4.绿色发展规划报告""]","[""技术标""]",False,technical,technical-media-0226,formal_material_caption,绿色低碳资料,0.9,c26a63c9330d52595d88abbbd57df05bd001456465d480b5d28fab7bb0d2fc14,,,possible_visual_duplicate,视觉疑似重复,来源于泰昌技术补充文件，历史位置为“专项投标文件/5.针对评审要素，需要补充的其他文件/5.3.绿色低碳生产及绿色回收/5.3.1.建立了绿色生产/5.3.1.4.绿色发展规划报告”。当前仅用于泰昌资料人工复核，未获准进入正式标书。,河北泰昌电力器材科技有限公司,河北泰昌电力器材科技有限公司,taichang-visual-review-34399d7374af66150156,green_low_carbon,绿色低碳资料,False,资料：泰昌绿色低碳资料,否,blocked,尚未通过P0-06人工批准,False,优先核重,True,泰昌企业资料,c26a63c9330d52595d88abbbd57df05bd001456465d480b5d28fab7bb0d2fc14,tender_scoring_derived,,否,不适用,[],review_only,仅限人工复核,media,查看原件并确认是新资产、重复资产或同一证据的不同载体,P006-G056,,needs_manual_review,需要人工复核,,产品库资料,泰昌绿色低碳资料历史候选第219页,,不适用,internal,企业内部资料,泰昌技术补充文件,泰昌技术补充文件,mixed_historical_bid,assets/template_words/技术补充文件.docx,219,（二）专项投标文件/5.针对评审要素，需要补充的其他文件/5.3.绿色低碳生产及绿色回收/5.3.1.建立了绿色生产/5.3.1.4.绿色发展规划报告,"[""泰昌"", ""绿色低碳资料"", ""历史标书候选"", ""技术标""]",product_library,产品库资料,taichang_only,不适用,泰昌绿色低碳资料历史候选第219页,needs_review,[]
taichang_tenant_internal,"[""专项投标文件/5.针对评审要素，需要补充的其他文件/5.3.绿色低碳生产及绿色回收/5.3.1.建立了绿色生产/5.3.1.4.绿色发展规划报告""]","[""技术标""]",False,technical,technical-media-0227,formal_material_caption,绿色低碳资料,0.9,a64ce01b4022ab7fde9002abb4b35352dc4e4927d3c2bc31732a61eb4c130c94,,,new,未发现重复，仍需审核,来源于泰昌技术补充文件，历史位置为“专项投标文件/5.针对评审要素，需要补充的其他文件/5.3.绿色低碳生产及绿色回收/5.3.1.建立了绿色生产/5.3.1.4.绿色发展规划报告”。当前仅用于泰昌资料人工复核，未获准进入正式标书。,河北泰昌电力器材科技有限公司,河北泰昌电力器材科技有限公司,,green_low_carbon,绿色低碳资料,False,资料：泰昌绿色低碳资料,否,blocked,尚未通过P0-06人工批准,False,核验整份原始资料,True,泰昌企业资料,a64ce01b4022ab7fde9002abb4b35352dc4e4927d3c2bc31732a61eb4c130c94,tender_scoring_derived,,否,不适用,[],review_only,仅限人工复核,media,连续内嵌页应按完整报告或证据包审核，不逐页新建业务资产,P006-G056,,needs_customer_confirmation,需要客户确认,,产品库资料,泰昌绿色低碳资料历史候选第219页,,不适用,internal,企业内部资料,泰昌技术补充文件,泰昌技术补充文件,mixed_historical_bid,assets/template_words/技术补充文件.docx,219,（二）专项投标文件/5.针对评审要素，需要补充的其他文件/5.3.绿色低碳生产及绿色回收/5.3.1.建立了绿色生产/5.3.1.4.绿色发展规划报告,"[""泰昌"", ""绿色低碳资料"", ""历史标书候选"", ""技术标""]",product_library,产品库资料,taichang_only,不适用,泰昌绿色低碳资料历史候选第219页,needs_review,[]
taichang_tenant_internal,"[""专项投标文件/5.针对评审要素，需要补充的其他文件/5.3.绿色低碳生产及绿色回收/5.3.1.建立了绿色生产/5.3.1.4.绿色发展规划报告""]","[""技术标""]",False,technical,technical-media-0228,formal_material_caption,绿色低碳资料,0.9,d5bdeb81698a777b4e1c3d7a94cf38bbf72b3739f71935e84aeb6cda1f7265e5,,,possible_visual_duplicate,视觉疑似重复,来源于泰昌技术补充文件，历史位置为“专项投标文件/5.针对评审要素，需要补充的其他文件/5.3.绿色低碳生产及绿色回收/5.3.1.建立了绿色生产/5.3.1.4.绿色发展规划报告”。当前仅用于泰昌资料人工复核，未获准进入正式标书。,河北泰昌电力器材科技有限公司,河北泰昌电力器材科技有限公司,taichang-visual-review-961eccde904c785b4c14,green_low_carbon,绿色低碳资料,False,资料：泰昌绿色低碳资料,否,blocked,尚未通过P0-06人工批准,False,优先核重,True,泰昌企业资料,d5bdeb81698a777b4e1c3d7a94cf38bbf72b3739f71935e84aeb6cda1f7265e5,tender_scoring_derived,,否,不适用,[],review_only,仅限人工复核,media,查看原件并确认是新资产、重复资产或同一证据的不同载体,P006-G056,,needs_manual_review,需要人工复核,,产品库资料,泰昌绿色低碳资料历史候选第219页,,不适用,internal,企业内部资料,泰昌技术补充文件,泰昌技术补充文件,mixed_historical_bid,assets/template_words/技术补充文件.docx,219,（二）专项投标文件/5.针对评审要素，需要补充的其他文件/5.3.绿色低碳生产及绿色回收/5.3.1.建立了绿色生产/5.3.1.4.绿色发展规划报告,"[""泰昌"", ""绿色低碳资料"", ""历史标书候选"", ""技术标""]",product_library,产品库资料,taichang_only,不适用,泰昌绿色低碳资料历史候选第219页,needs_review,[]
taichang_tenant_internal,"[""专项投标文件/5.针对评审要素，需要补充的其他文件/5.3.绿色低碳生产及绿色回收/5.3.1.建立了绿色生产/5.3.1.4.绿色发展规划报告""]","[""技术标""]",False,technical,technical-media-0229,formal_material_caption,绿色低碳资料,0.9,f0ff8dd9b015c06dc1c366c9c696470b998d1c1af77070e04d5f2ced88198c0b,,,possible_visual_duplicate,视觉疑似重复,来源于泰昌技术补充文件，历史位置为“专项投标文件/5.针对评审要素，需要补充的其他文件/5.3.绿色低碳生产及绿色回收/5.3.1.建立了绿色生产/5.3.1.4.绿色发展规划报告”。当前仅用于泰昌资料人工复核，未获准进入正式标书。,河北泰昌电力器材科技有限公司,河北泰昌电力器材科技有限公司,taichang-visual-review-ceaf1b3afa5fd23ad5f2,green_low_carbon,绿色低碳资料,False,资料：泰昌绿色低碳资料,否,blocked,尚未通过P0-06人工批准,False,优先核重,True,泰昌企业资料,f0ff8dd9b015c06dc1c366c9c696470b998d1c1af77070e04d5f2ced88198c0b,tender_scoring_derived,,否,不适用,[],review_only,仅限人工复核,media,查看原件并确认是新资产、重复资产或同一证据的不同载体,P006-G056,,needs_manual_review,需要人工复核,,产品库资料,泰昌绿色低碳资料历史候选第219页,,不适用,internal,企业内部资料,泰昌技术补充文件,泰昌技术补充文件,mixed_historical_bid,assets/template_words/技术补充文件.docx,219,（二）专项投标文件/5.针对评审要素，需要补充的其他文件/5.3.绿色低碳生产及绿色回收/5.3.1.建立了绿色生产/5.3.1.4.绿色发展规划报告,"[""泰昌"", ""绿色低碳资料"", ""历史标书候选"", ""技术标""]",product_library,产品库资料,taichang_only,不适用,泰昌绿色低碳资料历史候选第219页,needs_review,[]
taichang_tenant_internal,"[""专项投标文件/5.针对评审要素，需要补充的其他文件/5.3.绿色低碳生产及绿色回收/5.3.1.建立了绿色生产/5.3.1.4.绿色发展规划报告""]","[""技术标""]",False,technical,technical-media-0230,formal_material_caption,绿色低碳资料,0.9,42101cdc767c69edb31df4af1ba9cd02e4e4a7327c955442e1b38e3b41cd8b56,,,possible_visual_duplicate,视觉疑似重复,来源于泰昌技术补充文件，历史位置为“专项投标文件/5.针对评审要素，需要补充的其他文件/5.3.绿色低碳生产及绿色回收/5.3.1.建立了绿色生产/5.3.1.4.绿色发展规划报告”。当前仅用于泰昌资料人工复核，未获准进入正式标书。,河北泰昌电力器材科技有限公司,河北泰昌电力器材科技有限公司,taichang-visual-review-c8152396a256f033a054,green_low_carbon,绿色低碳资料,False,资料：泰昌绿色低碳资料,否,blocked,尚未通过P0-06人工批准,False,优先核重,True,泰昌企业资料,42101cdc767c69edb31df4af1ba9cd02e4e4a7327c955442e1b38e3b41cd8b56,tender_scoring_derived,,否,不适用,[],review_only,仅限人工复核,media,查看原件并确认是新资产、重复资产或同一证据的不同载体,P006-G056,,needs_manual_review,需要人工复核,,产品库资料,泰昌绿色低碳资料历史候选第219页,,不适用,internal,企业内部资料,泰昌技术补充文件,泰昌技术补充文件,mixed_historical_bid,assets/template_words/技术补充文件.docx,219,（二）专项投标文件/5.针对评审要素，需要补充的其他文件/5.3.绿色低碳生产及绿色回收/5.3.1.建立了绿色生产/5.3.1.4.绿色发展规划报告,"[""泰昌"", ""绿色低碳资料"", ""历史标书候选"", ""技术标""]",product_library,产品库资料,taichang_only,不适用,泰昌绿色低碳资料历史候选第219页,needs_review,[]
taichang_tenant_internal,"[""专项投标文件/5.针对评审要素，需要补充的其他文件/5.3.绿色低碳生产及绿色回收/5.3.1.建立了绿色生产/5.3.1.4.绿色发展规划报告""]","[""技术标""]",False,technical,technical-media-0231,formal_material_caption,绿色低碳资料,0.9,a8cbd999fcb94a4e73294597d3ca69720c03dc5de3ffcc8ebfb050702b1d397a,,,possible_visual_duplicate,视觉疑似重复,来源于泰昌技术补充文件，历史位置为“专项投标文件/5.针对评审要素，需要补充的其他文件/5.3.绿色低碳生产及绿色回收/5.3.1.建立了绿色生产/5.3.1.4.绿色发展规划报告”。当前仅用于泰昌资料人工复核，未获准进入正式标书。,河北泰昌电力器材科技有限公司,河北泰昌电力器材科技有限公司,taichang-visual-review-c89a71a0c0c36c7a4d88,green_low_carbon,绿色低碳资料,False,资料：泰昌绿色低碳资料,否,blocked,尚未通过P0-06人工批准,False,优先核重,True,泰昌企业资料,a8cbd999fcb94a4e73294597d3ca69720c03dc5de3ffcc8ebfb050702b1d397a,tender_scoring_derived,,否,不适用,[],review_only,仅限人工复核,media,查看原件并确认是新资产、重复资产或同一证据的不同载体,P006-G056,,needs_manual_review,需要人工复核,,产品库资料,泰昌绿色低碳资料历史候选第219页,,不适用,internal,企业内部资料,泰昌技术补充文件,泰昌技术补充文件,mixed_historical_bid,assets/template_words/技术补充文件.docx,219,（二）专项投标文件/5.针对评审要素，需要补充的其他文件/5.3.绿色低碳生产及绿色回收/5.3.1.建立了绿色生产/5.3.1.4.绿色发展规划报告,"[""泰昌"", ""绿色低碳资料"", ""历史标书候选"", ""技术标""]",product_library,产品库资料,taichang_only,不适用,泰昌绿色低碳资料历史候选第219页,needs_review,[]
taichang_tenant_internal,"[""专项投标文件/5.针对评审要素，需要补充的其他文件/5.3.绿色低碳生产及绿色回收/5.3.1.建立了绿色生产/5.3.1.4.绿色发展规划报告""]","[""技术标""]",False,technical,technical-media-0232,formal_material_caption,绿色低碳资料,0.9,e4f080fcfb9c3190419ac9b30afb9a28c9c1423d66b273838dbedfb07744d151,,,possible_visual_duplicate,视觉疑似重复,来源于泰昌技术补充文件，历史位置为“专项投标文件/5.针对评审要素，需要补充的其他文件/5.3.绿色低碳生产及绿色回收/5.3.1.建立了绿色生产/5.3.1.4.绿色发展规划报告”。当前仅用于泰昌资料人工复核，未获准进入正式标书。,河北泰昌电力器材科技有限公司,河北泰昌电力器材科技有限公司,taichang-visual-review-686c47136489c9d8705e,green_low_carbon,绿色低碳资料,False,资料：泰昌绿色低碳资料,否,blocked,尚未通过P0-06人工批准,False,优先核重,True,泰昌企业资料,e4f080fcfb9c3190419ac9b30afb9a28c9c1423d66b273838dbedfb07744d151,tender_scoring_derived,,否,不适用,[],review_only,仅限人工复核,media,查看原件并确认是新资产、重复资产或同一证据的不同载体,P006-G056,,needs_manual_review,需要人工复核,,产品库资料,泰昌绿色低碳资料历史候选第219页,,不适用,internal,企业内部资料,泰昌技术补充文件,泰昌技术补充文件,mixed_historical_bid,assets/template_words/技术补充文件.docx,219,（二）专项投标文件/5.针对评审要素，需要补充的其他文件/5.3.绿色低碳生产及绿色回收/5.3.1.建立了绿色生产/5.3.1.4.绿色发展规划报告,"[""泰昌"", ""绿色低碳资料"", ""历史标书候选"", ""技术标""]",product_library,产品库资料,taichang_only,不适用,泰昌绿色低碳资料历史候选第219页,needs_review,[]
taichang_tenant_internal,"[""专项投标文件/5.针对评审要素，需要补充的其他文件/5.3.绿色低碳生产及绿色回收/5.3.1.建立了绿色生产/5.3.1.4.绿色发展规划报告""]","[""技术标""]",False,technical,technical-media-0233,formal_material_caption,绿色低碳资料,0.9,d6bb9eccd0820827239eb3b634c2bf3b0832941d127d002c00619ce5f27fbc1e,,,possible_visual_duplicate,视觉疑似重复,来源于泰昌技术补充文件，历史位置为“专项投标文件/5.针对评审要素，需要补充的其他文件/5.3.绿色低碳生产及绿色回收/5.3.1.建立了绿色生产/5.3.1.4.绿色发展规划报告”。当前仅用于泰昌资料人工复核，未获准进入正式标书。,河北泰昌电力器材科技有限公司,河北泰昌电力器材科技有限公司,taichang-visual-review-74651b9281fdb12c847f,green_low_carbon,绿色低碳资料,False,资料：泰昌绿色低碳资料,否,blocked,尚未通过P0-06人工批准,False,优先核重,True,泰昌企业资料,d6bb9eccd0820827239eb3b634c2bf3b0832941d127d002c00619ce5f27fbc1e,tender_scoring_derived,,否,不适用,[],review_only,仅限人工复核,media,查看原件并确认是新资产、重复资产或同一证据的不同载体,P006-G056,,needs_manual_review,需要人工复核,,产品库资料,泰昌绿色低碳资料历史候选第219页,,不适用,internal,企业内部资料,泰昌技术补充文件,泰昌技术补充文件,mixed_historical_bid,assets/template_words/技术补充文件.docx,219,（二）专项投标文件/5.针对评审要素，需要补充的其他文件/5.3.绿色低碳生产及绿色回收/5.3.1.建立了绿色生产/5.3.1.4.绿色发展规划报告,"[""泰昌"", ""绿色低碳资料"", ""历史标书候选"", ""技术标""]",product_library,产品库资料,taichang_only,不适用,泰昌绿色低碳资料历史候选第219页,needs_review,[]
taichang_tenant_internal,"[""专项投标文件/5.针对评审要素，需要补充的其他文件/5.3.绿色低碳生产及绿色回收/5.3.1.建立了绿色生产/5.3.1.4.绿色发展规划报告""]","[""技术标""]",False,technical,technical-media-0234,formal_material_caption,绿色低碳资料,0.9,9b80277181bc0615c95d9fc2ba8f05b97e84d9dda259ae67c7fe459900d592e5,,,possible_visual_duplicate,视觉疑似重复,来源于泰昌技术补充文件，历史位置为“专项投标文件/5.针对评审要素，需要补充的其他文件/5.3.绿色低碳生产及绿色回收/5.3.1.建立了绿色生产/5.3.1.4.绿色发展规划报告”。当前仅用于泰昌资料人工复核，未获准进入正式标书。,河北泰昌电力器材科技有限公司,河北泰昌电力器材科技有限公司,taichang-visual-review-ed945086fe3fa6382376,green_low_carbon,绿色低碳资料,False,资料：泰昌绿色低碳资料,否,blocked,尚未通过P0-06人工批准,False,优先核重,True,泰昌企业资料,9b80277181bc0615c95d9fc2ba8f05b97e84d9dda259ae67c7fe459900d592e5,tender_scoring_derived,,否,不适用,[],review_only,仅限人工复核,media,查看原件并确认是新资产、重复资产或同一证据的不同载体,P006-G056,,needs_manual_review,需要人工复核,,产品库资料,泰昌绿色低碳资料历史候选第219页,,不适用,internal,企业内部资料,泰昌技术补充文件,泰昌技术补充文件,mixed_historical_bid,assets/template_words/技术补充文件.docx,219,（二）专项投标文件/5.针对评审要素，需要补充的其他文件/5.3.绿色低碳生产及绿色回收/5.3.1.建立了绿色生产/5.3.1.4.绿色发展规划报告,"[""泰昌"", ""绿色低碳资料"", ""历史标书候选"", ""技术标""]",product_library,产品库资料,taichang_only,不适用,泰昌绿色低碳资料历史候选第219页,needs_review,[]
taichang_tenant_internal,"[""专项投标文件/5.针对评审要素，需要补充的其他文件/5.3.绿色低碳生产及绿色回收/5.3.1.建立了绿色生产/5.3.1.4.绿色发展规划报告""]","[""技术标""]",False,technical,technical-media-0235,formal_material_caption,绿色低碳资料,0.9,8eff34d384ac79f37f365801b5b1e9151885c8e7768a4172c127b9043237160d,,,possible_visual_duplicate,视觉疑似重复,来源于泰昌技术补充文件，历史位置为“专项投标文件/5.针对评审要素，需要补充的其他文件/5.3.绿色低碳生产及绿色回收/5.3.1.建立了绿色生产/5.3.1.4.绿色发展规划报告”。当前仅用于泰昌资料人工复核，未获准进入正式标书。,河北泰昌电力器材科技有限公司,河北泰昌电力器材科技有限公司,taichang-visual-review-11ec55367904a546d202,green_low_carbon,绿色低碳资料,False,资料：泰昌绿色低碳资料,否,blocked,尚未通过P0-06人工批准,False,优先核重,True,泰昌企业资料,8eff34d384ac79f37f365801b5b1e9151885c8e7768a4172c127b9043237160d,tender_scoring_derived,,否,不适用,[],review_only,仅限人工复核,media,查看原件并确认是新资产、重复资产或同一证据的不同载体,P006-G056,,needs_manual_review,需要人工复核,,产品库资料,泰昌绿色低碳资料历史候选第219页,,不适用,internal,企业内部资料,泰昌技术补充文件,泰昌技术补充文件,mixed_historical_bid,assets/template_words/技术补充文件.docx,219,（二）专项投标文件/5.针对评审要素，需要补充的其他文件/5.3.绿色低碳生产及绿色回收/5.3.1.建立了绿色生产/5.3.1.4.绿色发展规划报告,"[""泰昌"", ""绿色低碳资料"", ""历史标书候选"", ""技术标""]",product_library,产品库资料,taichang_only,不适用,泰昌绿色低碳资料历史候选第219页,needs_review,[]
taichang_tenant_internal,"[""专项投标文件/5.针对评审要素，需要补充的其他文件/5.3.绿色低碳生产及绿色回收/5.3.1.建立了绿色生产/5.3.1.4.绿色发展规划报告""]","[""技术标""]",False,technical,technical-media-0236,formal_material_caption,绿色低碳资料,0.9,4c61af9e6a6f66a457dcc3dea1b975e0ebd32196d0cc05642840347e03114f0c,,,possible_visual_duplicate,视觉疑似重复,来源于泰昌技术补充文件，历史位置为“专项投标文件/5.针对评审要素，需要补充的其他文件/5.3.绿色低碳生产及绿色回收/5.3.1.建立了绿色生产/5.3.1.4.绿色发展规划报告”。当前仅用于泰昌资料人工复核，未获准进入正式标书。,河北泰昌电力器材科技有限公司,河北泰昌电力器材科技有限公司,taichang-visual-review-b2b321a3de24fdc0751c,green_low_carbon,绿色低碳资料,False,资料：泰昌绿色低碳资料,否,blocked,尚未通过P0-06人工批准,False,优先核重,True,泰昌企业资料,4c61af9e6a6f66a457dcc3dea1b975e0ebd32196d0cc05642840347e03114f0c,tender_scoring_derived,,否,不适用,[],review_only,仅限人工复核,media,查看原件并确认是新资产、重复资产或同一证据的不同载体,P006-G056,,needs_manual_review,需要人工复核,,产品库资料,泰昌绿色低碳资料历史候选第219页,,不适用,internal,企业内部资料,泰昌技术补充文件,泰昌技术补充文件,mixed_historical_bid,assets/template_words/技术补充文件.docx,219,（二）专项投标文件/5.针对评审要素，需要补充的其他文件/5.3.绿色低碳生产及绿色回收/5.3.1.建立了绿色生产/5.3.1.4.绿色发展规划报告,"[""泰昌"", ""绿色低碳资料"", ""历史标书候选"", ""技术标""]",product_library,产品库资料,taichang_only,不适用,泰昌绿色低碳资料历史候选第219页,needs_review,[]
taichang_tenant_internal,"[""专项投标文件/5.针对评审要素，需要补充的其他文件/5.3.绿色低碳生产及绿色回收/5.3.1.建立了绿色生产/5.3.1.4.绿色发展规划报告""]","[""技术标""]",False,technical,technical-media-0237,formal_material_caption,绿色低碳资料,0.9,4e0cb7ea46aae0bf1c21d13f5a6827853070bb4e727410f91ea76079a0760872,,,possible_visual_duplicate,视觉疑似重复,来源于泰昌技术补充文件，历史位置为“专项投标文件/5.针对评审要素，需要补充的其他文件/5.3.绿色低碳生产及绿色回收/5.3.1.建立了绿色生产/5.3.1.4.绿色发展规划报告”。当前仅用于泰昌资料人工复核，未获准进入正式标书。,河北泰昌电力器材科技有限公司,河北泰昌电力器材科技有限公司,taichang-visual-review-5e9169a0de6e127d9374,green_low_carbon,绿色低碳资料,False,资料：泰昌绿色低碳资料,否,blocked,尚未通过P0-06人工批准,False,优先核重,True,泰昌企业资料,4e0cb7ea46aae0bf1c21d13f5a6827853070bb4e727410f91ea76079a0760872,tender_scoring_derived,,否,不适用,[],review_only,仅限人工复核,media,查看原件并确认是新资产、重复资产或同一证据的不同载体,P006-G056,,needs_manual_review,需要人工复核,,产品库资料,泰昌绿色低碳资料历史候选第219页,,不适用,internal,企业内部资料,泰昌技术补充文件,泰昌技术补充文件,mixed_historical_bid,assets/template_words/技术补充文件.docx,219,（二）专项投标文件/5.针对评审要素，需要补充的其他文件/5.3.绿色低碳生产及绿色回收/5.3.1.建立了绿色生产/5.3.1.4.绿色发展规划报告,"[""泰昌"", ""绿色低碳资料"", ""历史标书候选"", ""技术标""]",product_library,产品库资料,taichang_only,不适用,泰昌绿色低碳资料历史候选第219页,needs_review,[]
taichang_tenant_internal,"[""专项投标文件/5.针对评审要素，需要补充的其他文件/5.3.绿色低碳生产及绿色回收/5.3.1.建立了绿色生产/5.3.1.4.绿色发展规划报告""]","[""技术标""]",False,technical,technical-media-0238,formal_material_caption,绿色低碳资料,0.9,3e1819220cbb9c33a4e90eec205363cced439886f46f2cef58e034643f5ce4ec,,,possible_visual_duplicate,视觉疑似重复,来源于泰昌技术补充文件，历史位置为“专项投标文件/5.针对评审要素，需要补充的其他文件/5.3.绿色低碳生产及绿色回收/5.3.1.建立了绿色生产/5.3.1.4.绿色发展规划报告”。当前仅用于泰昌资料人工复核，未获准进入正式标书。,河北泰昌电力器材科技有限公司,河北泰昌电力器材科技有限公司,taichang-visual-review-5596a96eb918595bae58,green_low_carbon,绿色低碳资料,False,资料：泰昌绿色低碳资料,否,blocked,尚未通过P0-06人工批准,False,优先核重,True,泰昌企业资料,3e1819220cbb9c33a4e90eec205363cced439886f46f2cef58e034643f5ce4ec,tender_scoring_derived,,否,不适用,[],review_only,仅限人工复核,media,查看原件并确认是新资产、重复资产或同一证据的不同载体,P006-G056,,needs_manual_review,需要人工复核,,产品库资料,泰昌绿色低碳资料历史候选第219页,,不适用,internal,企业内部资料,泰昌技术补充文件,泰昌技术补充文件,mixed_historical_bid,assets/template_words/技术补充文件.docx,219,（二）专项投标文件/5.针对评审要素，需要补充的其他文件/5.3.绿色低碳生产及绿色回收/5.3.1.建立了绿色生产/5.3.1.4.绿色发展规划报告,"[""泰昌"", ""绿色低碳资料"", ""历史标书候选"", ""技术标""]",product_library,产品库资料,taichang_only,不适用,泰昌绿色低碳资料历史候选第219页,needs_review,[]
taichang_tenant_internal,"[""专项投标文件/5.针对评审要素，需要补充的其他文件/5.3.绿色低碳生产及绿色回收/5.3.1.建立了绿色生产/5.3.1.5.碳足迹报告""]","[""技术标""]",False,technical,technical-media-0239,formal_material_caption,绿色低碳资料,0.9,303ad8ba7da88972e3c54f0996bbb3b4f96363201ad72bef131b21b4cbf49b28,,,possible_visual_duplicate,视觉疑似重复,来源于泰昌技术补充文件，历史位置为“专项投标文件/5.针对评审要素，需要补充的其他文件/5.3.绿色低碳生产及绿色回收/5.3.1.建立了绿色生产/5.3.1.5.碳足迹报告”。当前仅用于泰昌资料人工复核，未获准进入正式标书。,河北泰昌电力器材科技有限公司,河北泰昌电力器材科技有限公司,taichang-visual-review-0c198dba58a9de4f0381,green_low_carbon,绿色低碳资料,False,资料：泰昌绿色低碳资料,否,blocked,尚未通过P0-06人工批准,False,优先核重,True,泰昌企业资料,303ad8ba7da88972e3c54f0996bbb3b4f96363201ad72bef131b21b4cbf49b28,tender_scoring_derived,,否,不适用,[],review_only,仅限人工复核,media,查看原件并确认是新资产、重复资产或同一证据的不同载体,P006-G057,,needs_manual_review,需要人工复核,,产品库资料,泰昌绿色低碳资料历史候选第237页,,不适用,internal,企业内部资料,泰昌技术补充文件,泰昌技术补充文件,mixed_historical_bid,assets/template_words/技术补充文件.docx,237,（二）专项投标文件/5.针对评审要素，需要补充的其他文件/5.3.绿色低碳生产及绿色回收/5.3.1.建立了绿色生产/5.3.1.5.碳足迹报告,"[""泰昌"", ""绿色低碳资料"", ""历史标书候选"", ""技术标""]",product_library,产品库资料,taichang_only,不适用,泰昌绿色低碳资料历史候选第237页,needs_review,[]
taichang_tenant_internal,"[""专项投标文件/5.针对评审要素，需要补充的其他文件/5.3.绿色低碳生产及绿色回收/5.3.1.建立了绿色生产/5.3.1.5.碳足迹报告""]","[""技术标""]",False,technical,technical-media-0240,formal_material_caption,绿色低碳资料,0.9,0fc306096c4c0c1c500dd9d374dd1fa7fb5283e6a242b9b1f6d7a5d72955d6fc,,,possible_visual_duplicate,视觉疑似重复,来源于泰昌技术补充文件，历史位置为“专项投标文件/5.针对评审要素，需要补充的其他文件/5.3.绿色低碳生产及绿色回收/5.3.1.建立了绿色生产/5.3.1.5.碳足迹报告”。当前仅用于泰昌资料人工复核，未获准进入正式标书。,河北泰昌电力器材科技有限公司,河北泰昌电力器材科技有限公司,taichang-visual-review-7ae6dc6f28b6d12e83bc,green_low_carbon,绿色低碳资料,False,资料：泰昌绿色低碳资料,否,blocked,尚未通过P0-06人工批准,False,优先核重,True,泰昌企业资料,0fc306096c4c0c1c500dd9d374dd1fa7fb5283e6a242b9b1f6d7a5d72955d6fc,tender_scoring_derived,,否,不适用,[],review_only,仅限人工复核,media,查看原件并确认是新资产、重复资产或同一证据的不同载体,P006-G057,,needs_manual_review,需要人工复核,,产品库资料,泰昌绿色低碳资料历史候选第237页,,不适用,internal,企业内部资料,泰昌技术补充文件,泰昌技术补充文件,mixed_historical_bid,assets/template_words/技术补充文件.docx,237,（二）专项投标文件/5.针对评审要素，需要补充的其他文件/5.3.绿色低碳生产及绿色回收/5.3.1.建立了绿色生产/5.3.1.5.碳足迹报告,"[""泰昌"", ""绿色低碳资料"", ""历史标书候选"", ""技术标""]",product_library,产品库资料,taichang_only,不适用,泰昌绿色低碳资料历史候选第237页,needs_review,[]
taichang_tenant_internal,"[""专项投标文件/5.针对评审要素，需要补充的其他文件/5.3.绿色低碳生产及绿色回收/5.3.1.建立了绿色生产/5.3.1.5.碳足迹报告""]","[""技术标""]",False,technical,technical-media-0241,formal_material_caption,绿色低碳资料,0.9,6aaac021695f1a60fe61032f3f9191052d75b05d819fa097dc46547012ac9694,,,possible_visual_duplicate,视觉疑似重复,来源于泰昌技术补充文件，历史位置为“专项投标文件/5.针对评审要素，需要补充的其他文件/5.3.绿色低碳生产及绿色回收/5.3.1.建立了绿色生产/5.3.1.5.碳足迹报告”。当前仅用于泰昌资料人工复核，未获准进入正式标书。,河北泰昌电力器材科技有限公司,河北泰昌电力器材科技有限公司,taichang-visual-review-0a9d1148a4045b90bf46,green_low_carbon,绿色低碳资料,False,资料：泰昌绿色低碳资料,否,blocked,尚未通过P0-06人工批准,False,优先核重,True,泰昌企业资料,6aaac021695f1a60fe61032f3f9191052d75b05d819fa097dc46547012ac9694,tender_scoring_derived,,否,不适用,[],review_only,仅限人工复核,media,查看原件并确认是新资产、重复资产或同一证据的不同载体,P006-G057,,needs_manual_review,需要人工复核,,产品库资料,泰昌绿色低碳资料历史候选第237页,,不适用,internal,企业内部资料,泰昌技术补充文件,泰昌技术补充文件,mixed_historical_bid,assets/template_words/技术补充文件.docx,237,（二）专项投标文件/5.针对评审要素，需要补充的其他文件/5.3.绿色低碳生产及绿色回收/5.3.1.建立了绿色生产/5.3.1.5.碳足迹报告,"[""泰昌"", ""绿色低碳资料"", ""历史标书候选"", ""技术标""]",product_library,产品库资料,taichang_only,不适用,泰昌绿色低碳资料历史候选第237页,needs_review,[]
taichang_tenant_internal,"[""专项投标文件/5.针对评审要素，需要补充的其他文件/5.3.绿色低碳生产及绿色回收/5.3.1.建立了绿色生产/5.3.1.5.碳足迹报告""]","[""技术标""]",False,technical,technical-media-0242,formal_material_caption,绿色低碳资料,0.9,ee6c9dd2e0b98bbb198d9ce467e015fa7b80a57a912977caea921f165d3c0198,,,possible_visual_duplicate,视觉疑似重复,来源于泰昌技术补充文件，历史位置为“专项投标文件/5.针对评审要素，需要补充的其他文件/5.3.绿色低碳生产及绿色回收/5.3.1.建立了绿色生产/5.3.1.5.碳足迹报告”。当前仅用于泰昌资料人工复核，未获准进入正式标书。,河北泰昌电力器材科技有限公司,河北泰昌电力器材科技有限公司,taichang-visual-review-aecf5be4a995f2d87412,green_low_carbon,绿色低碳资料,False,资料：泰昌绿色低碳资料,否,blocked,尚未通过P0-06人工批准,False,优先核重,True,泰昌企业资料,ee6c9dd2e0b98bbb198d9ce467e015fa7b80a57a912977caea921f165d3c0198,tender_scoring_derived,,否,不适用,[],review_only,仅限人工复核,media,查看原件并确认是新资产、重复资产或同一证据的不同载体,P006-G057,,needs_manual_review,需要人工复核,,产品库资料,泰昌绿色低碳资料历史候选第237页,,不适用,internal,企业内部资料,泰昌技术补充文件,泰昌技术补充文件,mixed_historical_bid,assets/template_words/技术补充文件.docx,237,（二）专项投标文件/5.针对评审要素，需要补充的其他文件/5.3.绿色低碳生产及绿色回收/5.3.1.建立了绿色生产/5.3.1.5.碳足迹报告,"[""泰昌"", ""绿色低碳资料"", ""历史标书候选"", ""技术标""]",product_library,产品库资料,taichang_only,不适用,泰昌绿色低碳资料历史候选第237页,needs_review,[]
taichang_tenant_internal,"[""专项投标文件/5.针对评审要素，需要补充的其他文件/5.3.绿色低碳生产及绿色回收/5.3.1.建立了绿色生产/5.3.1.5.碳足迹报告""]","[""技术标""]",False,technical,technical-media-0243,formal_material_caption,绿色低碳资料,0.9,552f9bb1cc271772ddf4db7091bd3f2792adb9933b9ab4a90e59b8bf80844263,,,possible_visual_duplicate,视觉疑似重复,来源于泰昌技术补充文件，历史位置为“专项投标文件/5.针对评审要素，需要补充的其他文件/5.3.绿色低碳生产及绿色回收/5.3.1.建立了绿色生产/5.3.1.5.碳足迹报告”。当前仅用于泰昌资料人工复核，未获准进入正式标书。,河北泰昌电力器材科技有限公司,河北泰昌电力器材科技有限公司,taichang-visual-review-a26cecb91912dee7a646,green_low_carbon,绿色低碳资料,False,资料：泰昌绿色低碳资料,否,blocked,尚未通过P0-06人工批准,False,优先核重,True,泰昌企业资料,552f9bb1cc271772ddf4db7091bd3f2792adb9933b9ab4a90e59b8bf80844263,tender_scoring_derived,,否,不适用,[],review_only,仅限人工复核,media,查看原件并确认是新资产、重复资产或同一证据的不同载体,P006-G057,,needs_manual_review,需要人工复核,,产品库资料,泰昌绿色低碳资料历史候选第237页,,不适用,internal,企业内部资料,泰昌技术补充文件,泰昌技术补充文件,mixed_historical_bid,assets/template_words/技术补充文件.docx,237,（二）专项投标文件/5.针对评审要素，需要补充的其他文件/5.3.绿色低碳生产及绿色回收/5.3.1.建立了绿色生产/5.3.1.5.碳足迹报告,"[""泰昌"", ""绿色低碳资料"", ""历史标书候选"", ""技术标""]",product_library,产品库资料,taichang_only,不适用,泰昌绿色低碳资料历史候选第237页,needs_review,[]
taichang_tenant_internal,"[""专项投标文件/5.针对评审要素，需要补充的其他文件/5.3.绿色低碳生产及绿色回收/5.3.1.建立了绿色生产/5.3.1.5.碳足迹报告""]","[""技术标""]",False,technical,technical-media-0244,formal_material_caption,绿色低碳资料,0.9,2c0191685ee9e16323f0d2befdc8985c2b6a3a97627938c8e092078f48320f94,,,possible_visual_duplicate,视觉疑似重复,来源于泰昌技术补充文件，历史位置为“专项投标文件/5.针对评审要素，需要补充的其他文件/5.3.绿色低碳生产及绿色回收/5.3.1.建立了绿色生产/5.3.1.5.碳足迹报告”。当前仅用于泰昌资料人工复核，未获准进入正式标书。,河北泰昌电力器材科技有限公司,河北泰昌电力器材科技有限公司,taichang-visual-review-4193af8b157571f424cc,green_low_carbon,绿色低碳资料,False,资料：泰昌绿色低碳资料,否,blocked,尚未通过P0-06人工批准,False,优先核重,True,泰昌企业资料,2c0191685ee9e16323f0d2befdc8985c2b6a3a97627938c8e092078f48320f94,tender_scoring_derived,,否,不适用,[],review_only,仅限人工复核,media,查看原件并确认是新资产、重复资产或同一证据的不同载体,P006-G057,,needs_manual_review,需要人工复核,,产品库资料,泰昌绿色低碳资料历史候选第237页,,不适用,internal,企业内部资料,泰昌技术补充文件,泰昌技术补充文件,mixed_historical_bid,assets/template_words/技术补充文件.docx,237,（二）专项投标文件/5.针对评审要素，需要补充的其他文件/5.3.绿色低碳生产及绿色回收/5.3.1.建立了绿色生产/5.3.1.5.碳足迹报告,"[""泰昌"", ""绿色低碳资料"", ""历史标书候选"", ""技术标""]",product_library,产品库资料,taichang_only,不适用,泰昌绿色低碳资料历史候选第237页,needs_review,[]
taichang_tenant_internal,"[""专项投标文件/5.针对评审要素，需要补充的其他文件/5.3.绿色低碳生产及绿色回收/5.3.1.建立了绿色生产/5.3.1.5.碳足迹报告""]","[""技术标""]",False,technical,technical-media-0245,formal_material_caption,绿色低碳资料,0.9,5eb4d659037ce1d5b4ae1e3f42cfb5416a10d5d6b96b8ed8db71e4d79a3e52b7,,,possible_visual_duplicate,视觉疑似重复,来源于泰昌技术补充文件，历史位置为“专项投标文件/5.针对评审要素，需要补充的其他文件/5.3.绿色低碳生产及绿色回收/5.3.1.建立了绿色生产/5.3.1.5.碳足迹报告”。当前仅用于泰昌资料人工复核，未获准进入正式标书。,河北泰昌电力器材科技有限公司,河北泰昌电力器材科技有限公司,taichang-visual-review-a9be305128238355fc5a,green_low_carbon,绿色低碳资料,False,资料：泰昌绿色低碳资料,否,blocked,尚未通过P0-06人工批准,False,优先核重,True,泰昌企业资料,5eb4d659037ce1d5b4ae1e3f42cfb5416a10d5d6b96b8ed8db71e4d79a3e52b7,tender_scoring_derived,,否,不适用,[],review_only,仅限人工复核,media,查看原件并确认是新资产、重复资产或同一证据的不同载体,P006-G057,,needs_manual_review,需要人工复核,,产品库资料,泰昌绿色低碳资料历史候选第237页,,不适用,internal,企业内部资料,泰昌技术补充文件,泰昌技术补充文件,mixed_historical_bid,assets/template_words/技术补充文件.docx,237,（二）专项投标文件/5.针对评审要素，需要补充的其他文件/5.3.绿色低碳生产及绿色回收/5.3.1.建立了绿色生产/5.3.1.5.碳足迹报告,"[""泰昌"", ""绿色低碳资料"", ""历史标书候选"", ""技术标""]",product_library,产品库资料,taichang_only,不适用,泰昌绿色低碳资料历史候选第237页,needs_review,[]
taichang_tenant_internal,"[""专项投标文件/5.针对评审要素，需要补充的其他文件/5.3.绿色低碳生产及绿色回收/5.3.1.建立了绿色生产/5.3.1.5.碳足迹报告""]","[""技术标""]",False,technical,technical-media-0246,formal_material_caption,绿色低碳资料,0.9,636fd8b0eb8f4558c3028fa3faa7693eeecbbe41c423fd64776450b88312eaad,,,possible_visual_duplicate,视觉疑似重复,来源于泰昌技术补充文件，历史位置为“专项投标文件/5.针对评审要素，需要补充的其他文件/5.3.绿色低碳生产及绿色回收/5.3.1.建立了绿色生产/5.3.1.5.碳足迹报告”。当前仅用于泰昌资料人工复核，未获准进入正式标书。,河北泰昌电力器材科技有限公司,河北泰昌电力器材科技有限公司,taichang-visual-review-a7461efa360ec8698dfe,green_low_carbon,绿色低碳资料,False,资料：泰昌绿色低碳资料,否,blocked,尚未通过P0-06人工批准,False,优先核重,True,泰昌企业资料,636fd8b0eb8f4558c3028fa3faa7693eeecbbe41c423fd64776450b88312eaad,tender_scoring_derived,,否,不适用,[],review_only,仅限人工复核,media,查看原件并确认是新资产、重复资产或同一证据的不同载体,P006-G057,,needs_manual_review,需要人工复核,,产品库资料,泰昌绿色低碳资料历史候选第237页,,不适用,internal,企业内部资料,泰昌技术补充文件,泰昌技术补充文件,mixed_historical_bid,assets/template_words/技术补充文件.docx,237,（二）专项投标文件/5.针对评审要素，需要补充的其他文件/5.3.绿色低碳生产及绿色回收/5.3.1.建立了绿色生产/5.3.1.5.碳足迹报告,"[""泰昌"", ""绿色低碳资料"", ""历史标书候选"", ""技术标""]",product_library,产品库资料,taichang_only,不适用,泰昌绿色低碳资料历史候选第237页,needs_review,[]
taichang_tenant_internal,"[""专项投标文件/5.针对评审要素，需要补充的其他文件/5.3.绿色低碳生产及绿色回收/5.3.1.建立了绿色生产/5.3.1.5.碳足迹报告""]","[""技术标""]",False,technical,technical-media-0247,formal_material_caption,绿色低碳资料,0.9,383f3e970b5df1eeb73112bd27c25f2b23f02b4a7aa3184d3c32a073f087ec5f,,,possible_visual_duplicate,视觉疑似重复,来源于泰昌技术补充文件，历史位置为“专项投标文件/5.针对评审要素，需要补充的其他文件/5.3.绿色低碳生产及绿色回收/5.3.1.建立了绿色生产/5.3.1.5.碳足迹报告”。当前仅用于泰昌资料人工复核，未获准进入正式标书。,河北泰昌电力器材科技有限公司,河北泰昌电力器材科技有限公司,taichang-visual-review-1c95bebf5edf8278f64a,green_low_carbon,绿色低碳资料,False,资料：泰昌绿色低碳资料,否,blocked,尚未通过P0-06人工批准,False,优先核重,True,泰昌企业资料,383f3e970b5df1eeb73112bd27c25f2b23f02b4a7aa3184d3c32a073f087ec5f,tender_scoring_derived,,否,不适用,[],review_only,仅限人工复核,media,查看原件并确认是新资产、重复资产或同一证据的不同载体,P006-G057,,needs_manual_review,需要人工复核,,产品库资料,泰昌绿色低碳资料历史候选第237页,,不适用,internal,企业内部资料,泰昌技术补充文件,泰昌技术补充文件,mixed_historical_bid,assets/template_words/技术补充文件.docx,237,（二）专项投标文件/5.针对评审要素，需要补充的其他文件/5.3.绿色低碳生产及绿色回收/5.3.1.建立了绿色生产/5.3.1.5.碳足迹报告,"[""泰昌"", ""绿色低碳资料"", ""历史标书候选"", ""技术标""]",product_library,产品库资料,taichang_only,不适用,泰昌绿色低碳资料历史候选第237页,needs_review,[]
taichang_tenant_internal,"[""专项投标文件/5.针对评审要素，需要补充的其他文件/5.3.绿色低碳生产及绿色回收/5.3.1.建立了绿色生产/5.3.1.5.碳足迹报告""]","[""技术标""]",False,technical,technical-media-0248,formal_material_caption,绿色低碳资料,0.9,d93d3e52a0fcd69b90c7fd106ccaa5a3e0d3c9c5f740b23277281111505070f9,,,possible_visual_duplicate,视觉疑似重复,来源于泰昌技术补充文件，历史位置为“专项投标文件/5.针对评审要素，需要补充的其他文件/5.3.绿色低碳生产及绿色回收/5.3.1.建立了绿色生产/5.3.1.5.碳足迹报告”。当前仅用于泰昌资料人工复核，未获准进入正式标书。,河北泰昌电力器材科技有限公司,河北泰昌电力器材科技有限公司,taichang-visual-review-c533e196ab97f21ad48d,green_low_carbon,绿色低碳资料,False,资料：泰昌绿色低碳资料,否,blocked,尚未通过P0-06人工批准,False,优先核重,True,泰昌企业资料,d93d3e52a0fcd69b90c7fd106ccaa5a3e0d3c9c5f740b23277281111505070f9,tender_scoring_derived,,否,不适用,[],review_only,仅限人工复核,media,查看原件并确认是新资产、重复资产或同一证据的不同载体,P006-G057,,needs_manual_review,需要人工复核,,产品库资料,泰昌绿色低碳资料历史候选第237页,,不适用,internal,企业内部资料,泰昌技术补充文件,泰昌技术补充文件,mixed_historical_bid,assets/template_words/技术补充文件.docx,237,（二）专项投标文件/5.针对评审要素，需要补充的其他文件/5.3.绿色低碳生产及绿色回收/5.3.1.建立了绿色生产/5.3.1.5.碳足迹报告,"[""泰昌"", ""绿色低碳资料"", ""历史标书候选"", ""技术标""]",product_library,产品库资料,taichang_only,不适用,泰昌绿色低碳资料历史候选第237页,needs_review,[]
taichang_tenant_internal,"[""专项投标文件/5.针对评审要素，需要补充的其他文件/5.3.绿色低碳生产及绿色回收/5.3.1.建立了绿色生产/5.3.1.5.碳足迹报告""]","[""技术标""]",False,technical,technical-media-0249,formal_material_caption,绿色低碳资料,0.9,7f3af12ee1d2e8f81a714d9a21ac53d098d72b22a8bafeafd058437c9bbc1c04,,,possible_visual_duplicate,视觉疑似重复,来源于泰昌技术补充文件，历史位置为“专项投标文件/5.针对评审要素，需要补充的其他文件/5.3.绿色低碳生产及绿色回收/5.3.1.建立了绿色生产/5.3.1.5.碳足迹报告”。当前仅用于泰昌资料人工复核，未获准进入正式标书。,河北泰昌电力器材科技有限公司,河北泰昌电力器材科技有限公司,taichang-visual-review-0b827cf12f49560e260c,green_low_carbon,绿色低碳资料,False,资料：泰昌绿色低碳资料,否,blocked,尚未通过P0-06人工批准,False,优先核重,True,泰昌企业资料,7f3af12ee1d2e8f81a714d9a21ac53d098d72b22a8bafeafd058437c9bbc1c04,tender_scoring_derived,,否,不适用,[],review_only,仅限人工复核,media,查看原件并确认是新资产、重复资产或同一证据的不同载体,P006-G057,,needs_manual_review,需要人工复核,,产品库资料,泰昌绿色低碳资料历史候选第237页,,不适用,internal,企业内部资料,泰昌技术补充文件,泰昌技术补充文件,mixed_historical_bid,assets/template_words/技术补充文件.docx,237,（二）专项投标文件/5.针对评审要素，需要补充的其他文件/5.3.绿色低碳生产及绿色回收/5.3.1.建立了绿色生产/5.3.1.5.碳足迹报告,"[""泰昌"", ""绿色低碳资料"", ""历史标书候选"", ""技术标""]",product_library,产品库资料,taichang_only,不适用,泰昌绿色低碳资料历史候选第237页,needs_review,[]
taichang_tenant_internal,"[""专项投标文件/5.针对评审要素，需要补充的其他文件/5.3.绿色低碳生产及绿色回收/5.3.1.建立了绿色生产/5.3.1.5.碳足迹报告""]","[""技术标""]",False,technical,technical-media-0250,formal_material_caption,绿色低碳资料,0.9,0c13ee5e37949b8e34a3be1958a8b874853de7027dfa230e6cec27072a4a22ba,,,possible_visual_duplicate,视觉疑似重复,来源于泰昌技术补充文件，历史位置为“专项投标文件/5.针对评审要素，需要补充的其他文件/5.3.绿色低碳生产及绿色回收/5.3.1.建立了绿色生产/5.3.1.5.碳足迹报告”。当前仅用于泰昌资料人工复核，未获准进入正式标书。,河北泰昌电力器材科技有限公司,河北泰昌电力器材科技有限公司,taichang-visual-review-f10b6620a9fd39c6ef31,green_low_carbon,绿色低碳资料,False,资料：泰昌绿色低碳资料,否,blocked,尚未通过P0-06人工批准,False,优先核重,True,泰昌企业资料,0c13ee5e37949b8e34a3be1958a8b874853de7027dfa230e6cec27072a4a22ba,tender_scoring_derived,,否,不适用,[],review_only,仅限人工复核,media,查看原件并确认是新资产、重复资产或同一证据的不同载体,P006-G057,,needs_manual_review,需要人工复核,,产品库资料,泰昌绿色低碳资料历史候选第237页,,不适用,internal,企业内部资料,泰昌技术补充文件,泰昌技术补充文件,mixed_historical_bid,assets/template_words/技术补充文件.docx,237,（二）专项投标文件/5.针对评审要素，需要补充的其他文件/5.3.绿色低碳生产及绿色回收/5.3.1.建立了绿色生产/5.3.1.5.碳足迹报告,"[""泰昌"", ""绿色低碳资料"", ""历史标书候选"", ""技术标""]",product_library,产品库资料,taichang_only,不适用,泰昌绿色低碳资料历史候选第237页,needs_review,[]
taichang_tenant_internal,"[""专项投标文件/5.针对评审要素，需要补充的其他文件/5.3.绿色低碳生产及绿色回收/5.3.1.建立了绿色生产/5.3.1.5.碳足迹报告""]","[""技术标""]",False,technical,technical-media-0251,formal_material_caption,绿色低碳资料,0.9,48d34b916a671c4ac38d52e9335d903c8da3792d05f82f4c9922d8f2e81e7903,,,possible_visual_duplicate,视觉疑似重复,来源于泰昌技术补充文件，历史位置为“专项投标文件/5.针对评审要素，需要补充的其他文件/5.3.绿色低碳生产及绿色回收/5.3.1.建立了绿色生产/5.3.1.5.碳足迹报告”。当前仅用于泰昌资料人工复核，未获准进入正式标书。,河北泰昌电力器材科技有限公司,河北泰昌电力器材科技有限公司,taichang-visual-review-aa2606db4b9237ddd045,green_low_carbon,绿色低碳资料,False,资料：泰昌绿色低碳资料,否,blocked,尚未通过P0-06人工批准,False,优先核重,True,泰昌企业资料,48d34b916a671c4ac38d52e9335d903c8da3792d05f82f4c9922d8f2e81e7903,tender_scoring_derived,,否,不适用,[],review_only,仅限人工复核,media,查看原件并确认是新资产、重复资产或同一证据的不同载体,P006-G057,,needs_manual_review,需要人工复核,,产品库资料,泰昌绿色低碳资料历史候选第237页,,不适用,internal,企业内部资料,泰昌技术补充文件,泰昌技术补充文件,mixed_historical_bid,assets/template_words/技术补充文件.docx,237,（二）专项投标文件/5.针对评审要素，需要补充的其他文件/5.3.绿色低碳生产及绿色回收/5.3.1.建立了绿色生产/5.3.1.5.碳足迹报告,"[""泰昌"", ""绿色低碳资料"", ""历史标书候选"", ""技术标""]",product_library,产品库资料,taichang_only,不适用,泰昌绿色低碳资料历史候选第237页,needs_review,[]
taichang_tenant_internal,"[""专项投标文件/5.针对评审要素，需要补充的其他文件/5.3.绿色低碳生产及绿色回收/5.3.1.建立了绿色生产/5.3.1.5.碳足迹报告""]","[""技术标""]",False,technical,technical-media-0252,formal_material_caption,绿色低碳资料,0.9,c3d3e194d342c60d5547a11063fc4a3966518ccd939c2e3c7e8d6906174e6611,,,possible_visual_duplicate,视觉疑似重复,来源于泰昌技术补充文件，历史位置为“专项投标文件/5.针对评审要素，需要补充的其他文件/5.3.绿色低碳生产及绿色回收/5.3.1.建立了绿色生产/5.3.1.5.碳足迹报告”。当前仅用于泰昌资料人工复核，未获准进入正式标书。,河北泰昌电力器材科技有限公司,河北泰昌电力器材科技有限公司,taichang-visual-review-b0cd02f497fe7ad59921,green_low_carbon,绿色低碳资料,False,资料：泰昌绿色低碳资料,否,blocked,尚未通过P0-06人工批准,False,优先核重,True,泰昌企业资料,c3d3e194d342c60d5547a11063fc4a3966518ccd939c2e3c7e8d6906174e6611,tender_scoring_derived,,否,不适用,[],review_only,仅限人工复核,media,查看原件并确认是新资产、重复资产或同一证据的不同载体,P006-G057,,needs_manual_review,需要人工复核,,产品库资料,泰昌绿色低碳资料历史候选第237页,,不适用,internal,企业内部资料,泰昌技术补充文件,泰昌技术补充文件,mixed_historical_bid,assets/template_words/技术补充文件.docx,237,（二）专项投标文件/5.针对评审要素，需要补充的其他文件/5.3.绿色低碳生产及绿色回收/5.3.1.建立了绿色生产/5.3.1.5.碳足迹报告,"[""泰昌"", ""绿色低碳资料"", ""历史标书候选"", ""技术标""]",product_library,产品库资料,taichang_only,不适用,泰昌绿色低碳资料历史候选第237页,needs_review,[]
taichang_tenant_internal,"[""专项投标文件/5.针对评审要素，需要补充的其他文件/5.3.绿色低碳生产及绿色回收/5.3.1.建立了绿色生产/5.3.1.5.碳足迹报告""]","[""技术标""]",False,technical,technical-media-0253,formal_material_caption,绿色低碳资料,0.9,ec4783db9de62843c9024868c143910c864eb11316f591ac87180808185e6e8b,,,possible_visual_duplicate,视觉疑似重复,来源于泰昌技术补充文件，历史位置为“专项投标文件/5.针对评审要素，需要补充的其他文件/5.3.绿色低碳生产及绿色回收/5.3.1.建立了绿色生产/5.3.1.5.碳足迹报告”。当前仅用于泰昌资料人工复核，未获准进入正式标书。,河北泰昌电力器材科技有限公司,河北泰昌电力器材科技有限公司,taichang-visual-review-ff4a91371828ce00846d,green_low_carbon,绿色低碳资料,False,资料：泰昌绿色低碳资料,否,blocked,尚未通过P0-06人工批准,False,优先核重,True,泰昌企业资料,ec4783db9de62843c9024868c143910c864eb11316f591ac87180808185e6e8b,tender_scoring_derived,,否,不适用,[],review_only,仅限人工复核,media,查看原件并确认是新资产、重复资产或同一证据的不同载体,P006-G057,,needs_manual_review,需要人工复核,,产品库资料,泰昌绿色低碳资料历史候选第237页,,不适用,internal,企业内部资料,泰昌技术补充文件,泰昌技术补充文件,mixed_historical_bid,assets/template_words/技术补充文件.docx,237,（二）专项投标文件/5.针对评审要素，需要补充的其他文件/5.3.绿色低碳生产及绿色回收/5.3.1.建立了绿色生产/5.3.1.5.碳足迹报告,"[""泰昌"", ""绿色低碳资料"", ""历史标书候选"", ""技术标""]",product_library,产品库资料,taichang_only,不适用,泰昌绿色低碳资料历史候选第237页,needs_review,[]
taichang_tenant_internal,"[""专项投标文件/5.针对评审要素，需要补充的其他文件/5.3.绿色低碳生产及绿色回收/5.3.1.建立了绿色生产/5.3.1.5.碳足迹报告""]","[""技术标""]",False,technical,technical-media-0254,formal_material_caption,绿色低碳资料,0.9,3bd8214070dbf14c53c0e2d210f721fa6af7439fe4fd7796b3b8721cbbac6b21,,,possible_visual_duplicate,视觉疑似重复,来源于泰昌技术补充文件，历史位置为“专项投标文件/5.针对评审要素，需要补充的其他文件/5.3.绿色低碳生产及绿色回收/5.3.1.建立了绿色生产/5.3.1.5.碳足迹报告”。当前仅用于泰昌资料人工复核，未获准进入正式标书。,河北泰昌电力器材科技有限公司,河北泰昌电力器材科技有限公司,taichang-visual-review-8dd6b06a02abfbbc3174,green_low_carbon,绿色低碳资料,False,资料：泰昌绿色低碳资料,否,blocked,尚未通过P0-06人工批准,False,优先核重,True,泰昌企业资料,3bd8214070dbf14c53c0e2d210f721fa6af7439fe4fd7796b3b8721cbbac6b21,tender_scoring_derived,,否,不适用,[],review_only,仅限人工复核,media,查看原件并确认是新资产、重复资产或同一证据的不同载体,P006-G057,,needs_manual_review,需要人工复核,,产品库资料,泰昌绿色低碳资料历史候选第237页,,不适用,internal,企业内部资料,泰昌技术补充文件,泰昌技术补充文件,mixed_historical_bid,assets/template_words/技术补充文件.docx,237,（二）专项投标文件/5.针对评审要素，需要补充的其他文件/5.3.绿色低碳生产及绿色回收/5.3.1.建立了绿色生产/5.3.1.5.碳足迹报告,"[""泰昌"", ""绿色低碳资料"", ""历史标书候选"", ""技术标""]",product_library,产品库资料,taichang_only,不适用,泰昌绿色低碳资料历史候选第237页,needs_review,[]
taichang_tenant_internal,"[""专项投标文件/5.针对评审要素，需要补充的其他文件/5.3.绿色低碳生产及绿色回收/5.3.1.建立了绿色生产/5.3.1.5.碳足迹报告""]","[""技术标""]",False,technical,technical-media-0255,formal_material_caption,绿色低碳资料,0.9,dadeea12b5c4a2c84210a78fd89bd0e82a2de3788ea34aed2b31b28295c0ec84,,,possible_visual_duplicate,视觉疑似重复,来源于泰昌技术补充文件，历史位置为“专项投标文件/5.针对评审要素，需要补充的其他文件/5.3.绿色低碳生产及绿色回收/5.3.1.建立了绿色生产/5.3.1.5.碳足迹报告”。当前仅用于泰昌资料人工复核，未获准进入正式标书。,河北泰昌电力器材科技有限公司,河北泰昌电力器材科技有限公司,taichang-visual-review-5596a96eb918595bae58,green_low_carbon,绿色低碳资料,False,资料：泰昌绿色低碳资料,否,blocked,尚未通过P0-06人工批准,False,优先核重,True,泰昌企业资料,dadeea12b5c4a2c84210a78fd89bd0e82a2de3788ea34aed2b31b28295c0ec84,tender_scoring_derived,,否,不适用,[],review_only,仅限人工复核,media,查看原件并确认是新资产、重复资产或同一证据的不同载体,P006-G057,,needs_manual_review,需要人工复核,,产品库资料,泰昌绿色低碳资料历史候选第237页,,不适用,internal,企业内部资料,泰昌技术补充文件,泰昌技术补充文件,mixed_historical_bid,assets/template_words/技术补充文件.docx,237,（二）专项投标文件/5.针对评审要素，需要补充的其他文件/5.3.绿色低碳生产及绿色回收/5.3.1.建立了绿色生产/5.3.1.5.碳足迹报告,"[""泰昌"", ""绿色低碳资料"", ""历史标书候选"", ""技术标""]",product_library,产品库资料,taichang_only,不适用,泰昌绿色低碳资料历史候选第237页,needs_review,[]
taichang_tenant_internal,"[""专项投标文件/5.针对评审要素，需要补充的其他文件/5.3.绿色低碳生产及绿色回收/5.3.1.建立了绿色生产/5.3.1.6.绿色电力认证证书""]","[""技术标""]",False,technical,technical-media-0256,suppressed_document_page_caption,资质证书,0.9,644d3d635473947df614ce5230dbd745f2fc97fb61ca82a0afcbd9261ad0dcd3,,,possible_visual_duplicate,视觉疑似重复,来源于泰昌技术补充文件，历史位置为“专项投标文件/5.针对评审要素，需要补充的其他文件/5.3.绿色低碳生产及绿色回收/5.3.1.建立了绿色生产/5.3.1.6.绿色电力认证证书”。当前仅用于泰昌资料人工复核，未获准进入正式标书。,河北泰昌电力器材科技有限公司,河北泰昌电力器材科技有限公司,taichang-visual-review-50bdf68cda35179741c3,certification,资质证书,False,,否,blocked,尚未通过P0-06人工批准,False,优先核重,True,泰昌企业资料,644d3d635473947df614ce5230dbd745f2fc97fb61ca82a0afcbd9261ad0dcd3,tender_scoring_derived,,否,不适用,[],review_only,仅限人工复核,media,查看原件并确认是新资产、重复资产或同一证据的不同载体,P006-G058,,needs_manual_review,需要人工复核,,资信库资料,泰昌资质证书历史候选第254页,,不适用,internal,企业内部资料,泰昌技术补充文件,泰昌技术补充文件,mixed_historical_bid,assets/template_words/技术补充文件.docx,254,（二）专项投标文件/5.针对评审要素，需要补充的其他文件/5.3.绿色低碳生产及绿色回收/5.3.1.建立了绿色生产/5.3.1.6.绿色电力认证证书,"[""泰昌"", ""资质证书"", ""历史标书候选"", ""技术标""]",qualification_library,资信库资料,taichang_only,否,泰昌资质证书历史候选第254页,needs_review,[]
taichang_tenant_internal,"[""专项投标文件/5.针对评审要素，需要补充的其他文件/5.3.绿色低碳生产及绿色回收/5.3.1.建立了绿色生产/5.3.1.7.绿色供应链认证证书""]","[""技术标""]",False,technical,technical-media-0257,suppressed_document_page_caption,资质证书,0.9,cd65ffcc5b4379d052c8c739f1baf154a143849f472b9cd884244d4f73d0baae,,,possible_visual_duplicate,视觉疑似重复,来源于泰昌技术补充文件，历史位置为“专项投标文件/5.针对评审要素，需要补充的其他文件/5.3.绿色低碳生产及绿色回收/5.3.1.建立了绿色生产/5.3.1.7.绿色供应链认证证书”。当前仅用于泰昌资料人工复核，未获准进入正式标书。,河北泰昌电力器材科技有限公司,河北泰昌电力器材科技有限公司,taichang-visual-review-50bdf68cda35179741c3,certification,资质证书,False,,否,blocked,尚未通过P0-06人工批准,False,优先核重,True,泰昌企业资料,cd65ffcc5b4379d052c8c739f1baf154a143849f472b9cd884244d4f73d0baae,tender_scoring_derived,,否,不适用,[],review_only,仅限人工复核,media,查看原件并确认是新资产、重复资产或同一证据的不同载体,P006-G059,,needs_manual_review,需要人工复核,,资信库资料,泰昌资质证书历史候选第255页,,不适用,internal,企业内部资料,泰昌技术补充文件,泰昌技术补充文件,mixed_historical_bid,assets/template_words/技术补充文件.docx,255,（二）专项投标文件/5.针对评审要素，需要补充的其他文件/5.3.绿色低碳生产及绿色回收/5.3.1.建立了绿色生产/5.3.1.7.绿色供应链认证证书,"[""泰昌"", ""资质证书"", ""历史标书候选"", ""技术标""]",qualification_library,资信库资料,taichang_only,否,泰昌资质证书历史候选第255页,needs_review,[]
taichang_tenant_internal,"[""专项投标文件/5.针对评审要素，需要补充的其他文件/5.3.绿色低碳生产及绿色回收/5.3.1.建立了绿色生产/5.3.1.8.绿色电力证书交易凭证""]","[""技术标""]",False,technical,technical-media-0258,formal_material_caption,绿色低碳资料,0.9,aae6a3d28d2606d8d67861602edfbd16608549ac4fe4afd79008c70906603e95,,,new,未发现重复，仍需审核,来源于泰昌技术补充文件，历史位置为“专项投标文件/5.针对评审要素，需要补充的其他文件/5.3.绿色低碳生产及绿色回收/5.3.1.建立了绿色生产/5.3.1.8.绿色电力证书交易凭证”。当前仅用于泰昌资料人工复核，未获准进入正式标书。,河北泰昌电力器材科技有限公司,河北泰昌电力器材科技有限公司,,green_low_carbon,绿色低碳资料,False,资料：泰昌绿色低碳资料,否,blocked,尚未通过P0-06人工批准,False,核验整份原始资料,True,泰昌企业资料,aae6a3d28d2606d8d67861602edfbd16608549ac4fe4afd79008c70906603e95,tender_scoring_derived,,否,不适用,[],review_only,仅限人工复核,media,连续内嵌页应按完整报告或证据包审核，不逐页新建业务资产,P006-G060,,needs_customer_confirmation,需要客户确认,,产品库资料,泰昌绿色低碳资料历史候选第256页,,不适用,internal,企业内部资料,泰昌技术补充文件,泰昌技术补充文件,mixed_historical_bid,assets/template_words/技术补充文件.docx,256,（二）专项投标文件/5.针对评审要素，需要补充的其他文件/5.3.绿色低碳生产及绿色回收/5.3.1.建立了绿色生产/5.3.1.8.绿色电力证书交易凭证,"[""泰昌"", ""绿色低碳资料"", ""历史标书候选"", ""技术标""]",product_library,产品库资料,taichang_only,不适用,泰昌绿色低碳资料历史候选第256页,needs_review,[]
taichang_tenant_internal,"[""专项投标文件/5.针对评审要素，需要补充的其他文件/5.3.绿色低碳生产及绿色回收/5.3.1.建立了绿色生产/5.3.1.8.绿色电力证书交易凭证""]","[""技术标""]",False,technical,technical-media-0259,formal_material_caption,绿色低碳资料,0.9,0f61c512ce315b5f6923ea7058ded960bbb7ac9f1b7fd75e069d3429b0ddc4e5,,,new,未发现重复，仍需审核,来源于泰昌技术补充文件，历史位置为“专项投标文件/5.针对评审要素，需要补充的其他文件/5.3.绿色低碳生产及绿色回收/5.3.1.建立了绿色生产/5.3.1.8.绿色电力证书交易凭证”。当前仅用于泰昌资料人工复核，未获准进入正式标书。,河北泰昌电力器材科技有限公司,河北泰昌电力器材科技有限公司,,green_low_carbon,绿色低碳资料,False,资料：泰昌绿色低碳资料,否,blocked,尚未通过P0-06人工批准,False,核验整份原始资料,True,泰昌企业资料,0f61c512ce315b5f6923ea7058ded960bbb7ac9f1b7fd75e069d3429b0ddc4e5,tender_scoring_derived,,否,不适用,[],review_only,仅限人工复核,media,连续内嵌页应按完整报告或证据包审核，不逐页新建业务资产,P006-G060,,needs_customer_confirmation,需要客户确认,,产品库资料,泰昌绿色低碳资料历史候选第256页,,不适用,internal,企业内部资料,泰昌技术补充文件,泰昌技术补充文件,mixed_historical_bid,assets/template_words/技术补充文件.docx,256,（二）专项投标文件/5.针对评审要素，需要补充的其他文件/5.3.绿色低碳生产及绿色回收/5.3.1.建立了绿色生产/5.3.1.8.绿色电力证书交易凭证,"[""泰昌"", ""绿色低碳资料"", ""历史标书候选"", ""技术标""]",product_library,产品库资料,taichang_only,不适用,泰昌绿色低碳资料历史候选第256页,needs_review,[]
taichang_tenant_internal,"[""专项投标文件/5.针对评审要素，需要补充的其他文件/5.3.绿色低碳生产及绿色回收/5.3.1.建立了绿色生产/5.3.1.8.绿色电力证书交易凭证""]","[""技术标""]",False,technical,technical-media-0260,formal_material_caption,绿色低碳资料,0.9,50d6c8cbdd3b567994add4877e4a9e23bedbed971b47872c7e50f1091df28bb2,,,new,未发现重复，仍需审核,来源于泰昌技术补充文件，历史位置为“专项投标文件/5.针对评审要素，需要补充的其他文件/5.3.绿色低碳生产及绿色回收/5.3.1.建立了绿色生产/5.3.1.8.绿色电力证书交易凭证”。当前仅用于泰昌资料人工复核，未获准进入正式标书。,河北泰昌电力器材科技有限公司,河北泰昌电力器材科技有限公司,,green_low_carbon,绿色低碳资料,False,资料：泰昌绿色低碳资料,否,blocked,尚未通过P0-06人工批准,False,核验整份原始资料,True,泰昌企业资料,50d6c8cbdd3b567994add4877e4a9e23bedbed971b47872c7e50f1091df28bb2,tender_scoring_derived,,否,不适用,[],review_only,仅限人工复核,media,连续内嵌页应按完整报告或证据包审核，不逐页新建业务资产,P006-G060,,needs_customer_confirmation,需要客户确认,,产品库资料,泰昌绿色低碳资料历史候选第256页,,不适用,internal,企业内部资料,泰昌技术补充文件,泰昌技术补充文件,mixed_historical_bid,assets/template_words/技术补充文件.docx,256,（二）专项投标文件/5.针对评审要素，需要补充的其他文件/5.3.绿色低碳生产及绿色回收/5.3.1.建立了绿色生产/5.3.1.8.绿色电力证书交易凭证,"[""泰昌"", ""绿色低碳资料"", ""历史标书候选"", ""技术标""]",product_library,产品库资料,taichang_only,不适用,泰昌绿色低碳资料历史候选第256页,needs_review,[]
taichang_tenant_internal,"[""专项投标文件/5.针对评审要素，需要补充的其他文件/5.3.绿色低碳生产及绿色回收/5.3.1.建立了绿色生产/5.3.1.9.创新激励机制评价报告""]","[""技术标""]",False,technical,technical-media-0261,suppressed_document_page_caption,企业证明材料,0.45,16605eb0d50b6037c95027d38a3f636325abe33fa58cc9df0f6841f15dd7e31f,,,new,未发现重复，仍需审核,来源于泰昌技术补充文件，历史位置为“专项投标文件/5.针对评审要素，需要补充的其他文件/5.3.绿色低碳生产及绿色回收/5.3.1.建立了绿色生产/5.3.1.9.创新激励机制评价报告”。当前仅用于泰昌资料人工复核，未获准进入正式标书。,河北泰昌电力器材科技有限公司,河北泰昌电力器材科技有限公司,,enterprise_evidence,企业证明材料,False,,否,blocked,尚未通过P0-06人工批准,False,核验原始证据,True,泰昌企业资料,16605eb0d50b6037c95027d38a3f636325abe33fa58cc9df0f6841f15dd7e31f,tender_scoring_derived,,否,不适用,[],review_only,仅限人工复核,media,确认资料归属泰昌、内容真实、时效有效、中文展示合规且目标库正确,P006-G061,,needs_customer_confirmation,需要客户确认,,产品库资料,泰昌企业证明材料历史候选第259页,,不适用,internal,企业内部资料,泰昌技术补充文件,泰昌技术补充文件,mixed_historical_bid,assets/template_words/技术补充文件.docx,259,（二）专项投标文件/5.针对评审要素，需要补充的其他文件/5.3.绿色低碳生产及绿色回收/5.3.1.建立了绿色生产/5.3.1.9.创新激励机制评价报告,"[""泰昌"", ""企业证明材料"", ""历史标书候选"", ""技术标""]",product_library,产品库资料,taichang_only,不适用,泰昌企业证明材料历史候选第259页,needs_review,[]
taichang_tenant_internal,"[""专项投标文件/5.针对评审要素，需要补充的其他文件/5.3.绿色低碳生产及绿色回收/5.3.1.建立了绿色生产/5.3.1.9.创新激励机制评价报告""]","[""技术标""]",False,technical,technical-media-0262,suppressed_document_page_caption,企业证明材料,0.45,f3ba71090e791066e560da6bde407b1d78898786ab4d34177d97c5704cbc66d8,,,new,未发现重复，仍需审核,来源于泰昌技术补充文件，历史位置为“专项投标文件/5.针对评审要素，需要补充的其他文件/5.3.绿色低碳生产及绿色回收/5.3.1.建立了绿色生产/5.3.1.9.创新激励机制评价报告”。当前仅用于泰昌资料人工复核，未获准进入正式标书。,河北泰昌电力器材科技有限公司,河北泰昌电力器材科技有限公司,,enterprise_evidence,企业证明材料,False,,否,blocked,尚未通过P0-06人工批准,False,核验原始证据,True,泰昌企业资料,f3ba71090e791066e560da6bde407b1d78898786ab4d34177d97c5704cbc66d8,tender_scoring_derived,,否,不适用,[],review_only,仅限人工复核,media,确认资料归属泰昌、内容真实、时效有效、中文展示合规且目标库正确,P006-G061,,needs_customer_confirmation,需要客户确认,,产品库资料,泰昌企业证明材料历史候选第259页,,不适用,internal,企业内部资料,泰昌技术补充文件,泰昌技术补充文件,mixed_historical_bid,assets/template_words/技术补充文件.docx,259,（二）专项投标文件/5.针对评审要素，需要补充的其他文件/5.3.绿色低碳生产及绿色回收/5.3.1.建立了绿色生产/5.3.1.9.创新激励机制评价报告,"[""泰昌"", ""企业证明材料"", ""历史标书候选"", ""技术标""]",product_library,产品库资料,taichang_only,不适用,泰昌企业证明材料历史候选第259页,needs_review,[]
taichang_tenant_internal,"[""专项投标文件/5.针对评审要素，需要补充的其他文件/5.3.绿色低碳生产及绿色回收/5.3.1.建立了绿色生产/5.3.1.9.创新激励机制评价报告""]","[""技术标""]",False,technical,technical-media-0263,suppressed_document_page_caption,企业证明材料,0.45,23daa83952e37d3f085577aed2ed6289990005289c1d2b5257682a211b832bc5,,,possible_visual_duplicate,视觉疑似重复,来源于泰昌技术补充文件，历史位置为“专项投标文件/5.针对评审要素，需要补充的其他文件/5.3.绿色低碳生产及绿色回收/5.3.1.建立了绿色生产/5.3.1.9.创新激励机制评价报告”。当前仅用于泰昌资料人工复核，未获准进入正式标书。,河北泰昌电力器材科技有限公司,河北泰昌电力器材科技有限公司,taichang-visual-review-4193af8b157571f424cc,enterprise_evidence,企业证明材料,False,,否,blocked,尚未通过P0-06人工批准,False,优先核重,True,泰昌企业资料,23daa83952e37d3f085577aed2ed6289990005289c1d2b5257682a211b832bc5,tender_scoring_derived,,否,不适用,[],review_only,仅限人工复核,media,查看原件并确认是新资产、重复资产或同一证据的不同载体,P006-G061,,needs_manual_review,需要人工复核,,产品库资料,泰昌企业证明材料历史候选第259页,,不适用,internal,企业内部资料,泰昌技术补充文件,泰昌技术补充文件,mixed_historical_bid,assets/template_words/技术补充文件.docx,259,（二）专项投标文件/5.针对评审要素，需要补充的其他文件/5.3.绿色低碳生产及绿色回收/5.3.1.建立了绿色生产/5.3.1.9.创新激励机制评价报告,"[""泰昌"", ""企业证明材料"", ""历史标书候选"", ""技术标""]",product_library,产品库资料,taichang_only,不适用,泰昌企业证明材料历史候选第259页,needs_review,[]
taichang_tenant_internal,"[""专项投标文件/5.针对评审要素，需要补充的其他文件/5.3.绿色低碳生产及绿色回收/5.3.1.建立了绿色生产/5.3.1.9.创新激励机制评价报告""]","[""技术标""]",False,technical,technical-media-0264,suppressed_document_page_caption,企业证明材料,0.45,42c57dfc5205552f9f254c02ef9779564c62a64d6f082406b59fdd418bacd34a,,,new,未发现重复，仍需审核,来源于泰昌技术补充文件，历史位置为“专项投标文件/5.针对评审要素，需要补充的其他文件/5.3.绿色低碳生产及绿色回收/5.3.1.建立了绿色生产/5.3.1.9.创新激励机制评价报告”。当前仅用于泰昌资料人工复核，未获准进入正式标书。,河北泰昌电力器材科技有限公司,河北泰昌电力器材科技有限公司,,enterprise_evidence,企业证明材料,False,,否,blocked,尚未通过P0-06人工批准,False,核验原始证据,True,泰昌企业资料,42c57dfc5205552f9f254c02ef9779564c62a64d6f082406b59fdd418bacd34a,tender_scoring_derived,,否,不适用,[],review_only,仅限人工复核,media,确认资料归属泰昌、内容真实、时效有效、中文展示合规且目标库正确,P006-G061,,needs_customer_confirmation,需要客户确认,,产品库资料,泰昌企业证明材料历史候选第259页,,不适用,internal,企业内部资料,泰昌技术补充文件,泰昌技术补充文件,mixed_historical_bid,assets/template_words/技术补充文件.docx,259,（二）专项投标文件/5.针对评审要素，需要补充的其他文件/5.3.绿色低碳生产及绿色回收/5.3.1.建立了绿色生产/5.3.1.9.创新激励机制评价报告,"[""泰昌"", ""企业证明材料"", ""历史标书候选"", ""技术标""]",product_library,产品库资料,taichang_only,不适用,泰昌企业证明材料历史候选第259页,needs_review,[]
taichang_tenant_internal,"[""专项投标文件/5.针对评审要素，需要补充的其他文件/5.3.绿色低碳生产及绿色回收/5.3.1.建立了绿色生产/5.3.1.9.创新激励机制评价报告""]","[""技术标""]",False,technical,technical-media-0265,suppressed_document_page_caption,企业证明材料,0.45,b3748c3bf0aed63ad7df37e33556ac4ce372a927ef00ef5f63059e116f05d467,,,new,未发现重复，仍需审核,来源于泰昌技术补充文件，历史位置为“专项投标文件/5.针对评审要素，需要补充的其他文件/5.3.绿色低碳生产及绿色回收/5.3.1.建立了绿色生产/5.3.1.9.创新激励机制评价报告”。当前仅用于泰昌资料人工复核，未获准进入正式标书。,河北泰昌电力器材科技有限公司,河北泰昌电力器材科技有限公司,,enterprise_evidence,企业证明材料,False,,否,blocked,尚未通过P0-06人工批准,False,核验原始证据,True,泰昌企业资料,b3748c3bf0aed63ad7df37e33556ac4ce372a927ef00ef5f63059e116f05d467,tender_scoring_derived,,否,不适用,[],review_only,仅限人工复核,media,确认资料归属泰昌、内容真实、时效有效、中文展示合规且目标库正确,P006-G061,,needs_customer_confirmation,需要客户确认,,产品库资料,泰昌企业证明材料历史候选第259页,,不适用,internal,企业内部资料,泰昌技术补充文件,泰昌技术补充文件,mixed_historical_bid,assets/template_words/技术补充文件.docx,259,（二）专项投标文件/5.针对评审要素，需要补充的其他文件/5.3.绿色低碳生产及绿色回收/5.3.1.建立了绿色生产/5.3.1.9.创新激励机制评价报告,"[""泰昌"", ""企业证明材料"", ""历史标书候选"", ""技术标""]",product_library,产品库资料,taichang_only,不适用,泰昌企业证明材料历史候选第259页,needs_review,[]
taichang_tenant_internal,"[""专项投标文件/5.针对评审要素，需要补充的其他文件/5.3.绿色低碳生产及绿色回收/5.3.1.建立了绿色生产/5.3.1.9.创新激励机制评价报告""]","[""技术标""]",False,technical,technical-media-0266,suppressed_document_page_caption,企业证明材料,0.45,de7ef56a2968f641ac69669f9fca3abdc44eb8bc0155565b9405f0bb1d07565e,,,new,未发现重复，仍需审核,来源于泰昌技术补充文件，历史位置为“专项投标文件/5.针对评审要素，需要补充的其他文件/5.3.绿色低碳生产及绿色回收/5.3.1.建立了绿色生产/5.3.1.9.创新激励机制评价报告”。当前仅用于泰昌资料人工复核，未获准进入正式标书。,河北泰昌电力器材科技有限公司,河北泰昌电力器材科技有限公司,,enterprise_evidence,企业证明材料,False,,否,blocked,尚未通过P0-06人工批准,False,核验原始证据,True,泰昌企业资料,de7ef56a2968f641ac69669f9fca3abdc44eb8bc0155565b9405f0bb1d07565e,tender_scoring_derived,,否,不适用,[],review_only,仅限人工复核,media,确认资料归属泰昌、内容真实、时效有效、中文展示合规且目标库正确,P006-G061,,needs_customer_confirmation,需要客户确认,,产品库资料,泰昌企业证明材料历史候选第259页,,不适用,internal,企业内部资料,泰昌技术补充文件,泰昌技术补充文件,mixed_historical_bid,assets/template_words/技术补充文件.docx,259,（二）专项投标文件/5.针对评审要素，需要补充的其他文件/5.3.绿色低碳生产及绿色回收/5.3.1.建立了绿色生产/5.3.1.9.创新激励机制评价报告,"[""泰昌"", ""企业证明材料"", ""历史标书候选"", ""技术标""]",product_library,产品库资料,taichang_only,不适用,泰昌企业证明材料历史候选第259页,needs_review,[]
taichang_tenant_internal,"[""专项投标文件/5.针对评审要素，需要补充的其他文件/5.3.绿色低碳生产及绿色回收/5.3.1.建立了绿色生产/5.3.1.9.创新激励机制评价报告""]","[""技术标""]",False,technical,technical-media-0267,suppressed_document_page_caption,企业证明材料,0.45,3bd63813953c130818c0de3c6788cb4e118e092323f1e93e42d73563faffed4b,,,new,未发现重复，仍需审核,来源于泰昌技术补充文件，历史位置为“专项投标文件/5.针对评审要素，需要补充的其他文件/5.3.绿色低碳生产及绿色回收/5.3.1.建立了绿色生产/5.3.1.9.创新激励机制评价报告”。当前仅用于泰昌资料人工复核，未获准进入正式标书。,河北泰昌电力器材科技有限公司,河北泰昌电力器材科技有限公司,,enterprise_evidence,企业证明材料,False,,否,blocked,尚未通过P0-06人工批准,False,核验原始证据,True,泰昌企业资料,3bd63813953c130818c0de3c6788cb4e118e092323f1e93e42d73563faffed4b,tender_scoring_derived,,否,不适用,[],review_only,仅限人工复核,media,确认资料归属泰昌、内容真实、时效有效、中文展示合规且目标库正确,P006-G061,,needs_customer_confirmation,需要客户确认,,产品库资料,泰昌企业证明材料历史候选第259页,,不适用,internal,企业内部资料,泰昌技术补充文件,泰昌技术补充文件,mixed_historical_bid,assets/template_words/技术补充文件.docx,259,（二）专项投标文件/5.针对评审要素，需要补充的其他文件/5.3.绿色低碳生产及绿色回收/5.3.1.建立了绿色生产/5.3.1.9.创新激励机制评价报告,"[""泰昌"", ""企业证明材料"", ""历史标书候选"", ""技术标""]",product_library,产品库资料,taichang_only,不适用,泰昌企业证明材料历史候选第259页,needs_review,[]
taichang_tenant_internal,"[""专项投标文件/5.针对评审要素，需要补充的其他文件/5.3.绿色低碳生产及绿色回收/5.3.1.建立了绿色生产/5.3.1.9.创新激励机制评价报告""]","[""技术标""]",False,technical,technical-media-0268,suppressed_document_page_caption,企业证明材料,0.45,4cda9d5c46d9d5d75046d3ad2060d161f145c689be7095464fe22f33738df7b1,,,possible_visual_duplicate,视觉疑似重复,来源于泰昌技术补充文件，历史位置为“专项投标文件/5.针对评审要素，需要补充的其他文件/5.3.绿色低碳生产及绿色回收/5.3.1.建立了绿色生产/5.3.1.9.创新激励机制评价报告”。当前仅用于泰昌资料人工复核，未获准进入正式标书。,河北泰昌电力器材科技有限公司,河北泰昌电力器材科技有限公司,taichang-visual-review-ed945086fe3fa6382376,enterprise_evidence,企业证明材料,False,,否,blocked,尚未通过P0-06人工批准,False,优先核重,True,泰昌企业资料,4cda9d5c46d9d5d75046d3ad2060d161f145c689be7095464fe22f33738df7b1,tender_scoring_derived,,否,不适用,[],review_only,仅限人工复核,media,查看原件并确认是新资产、重复资产或同一证据的不同载体,P006-G061,,needs_manual_review,需要人工复核,,产品库资料,泰昌企业证明材料历史候选第259页,,不适用,internal,企业内部资料,泰昌技术补充文件,泰昌技术补充文件,mixed_historical_bid,assets/template_words/技术补充文件.docx,259,（二）专项投标文件/5.针对评审要素，需要补充的其他文件/5.3.绿色低碳生产及绿色回收/5.3.1.建立了绿色生产/5.3.1.9.创新激励机制评价报告,"[""泰昌"", ""企业证明材料"", ""历史标书候选"", ""技术标""]",product_library,产品库资料,taichang_only,不适用,泰昌企业证明材料历史候选第259页,needs_review,[]
taichang_tenant_internal,"[""专项投标文件/5.针对评审要素，需要补充的其他文件/5.3.绿色低碳生产及绿色回收/5.3.1.建立了绿色生产/5.3.1.9.创新激励机制评价报告""]","[""技术标""]",False,technical,technical-media-0269,suppressed_document_page_caption,企业证明材料,0.45,027b1348a928c17d48bb49a7de5f2799e7bbe13025ee2e68a590afa235a2745f,,,new,未发现重复，仍需审核,来源于泰昌技术补充文件，历史位置为“专项投标文件/5.针对评审要素，需要补充的其他文件/5.3.绿色低碳生产及绿色回收/5.3.1.建立了绿色生产/5.3.1.9.创新激励机制评价报告”。当前仅用于泰昌资料人工复核，未获准进入正式标书。,河北泰昌电力器材科技有限公司,河北泰昌电力器材科技有限公司,,enterprise_evidence,企业证明材料,False,,否,blocked,尚未通过P0-06人工批准,False,核验原始证据,True,泰昌企业资料,027b1348a928c17d48bb49a7de5f2799e7bbe13025ee2e68a590afa235a2745f,tender_scoring_derived,,否,不适用,[],review_only,仅限人工复核,media,确认资料归属泰昌、内容真实、时效有效、中文展示合规且目标库正确,P006-G061,,needs_customer_confirmation,需要客户确认,,产品库资料,泰昌企业证明材料历史候选第259页,,不适用,internal,企业内部资料,泰昌技术补充文件,泰昌技术补充文件,mixed_historical_bid,assets/template_words/技术补充文件.docx,259,（二）专项投标文件/5.针对评审要素，需要补充的其他文件/5.3.绿色低碳生产及绿色回收/5.3.1.建立了绿色生产/5.3.1.9.创新激励机制评价报告,"[""泰昌"", ""企业证明材料"", ""历史标书候选"", ""技术标""]",product_library,产品库资料,taichang_only,不适用,泰昌企业证明材料历史候选第259页,needs_review,[]
taichang_tenant_internal,"[""专项投标文件/5.针对评审要素，需要补充的其他文件/5.3.绿色低碳生产及绿色回收/5.3.1.建立了绿色生产/5.3.1.9.创新激励机制评价报告""]","[""技术标""]",False,technical,technical-media-0270,suppressed_document_page_caption,企业证明材料,0.45,20a9acbd67e2e8f9d1f60084c517e45b917bfe0a5d09a0f3c878642c354ca25b,,,possible_visual_duplicate,视觉疑似重复,来源于泰昌技术补充文件，历史位置为“专项投标文件/5.针对评审要素，需要补充的其他文件/5.3.绿色低碳生产及绿色回收/5.3.1.建立了绿色生产/5.3.1.9.创新激励机制评价报告”。当前仅用于泰昌资料人工复核，未获准进入正式标书。,河北泰昌电力器材科技有限公司,河北泰昌电力器材科技有限公司,taichang-visual-review-a9be305128238355fc5a,enterprise_evidence,企业证明材料,False,,否,blocked,尚未通过P0-06人工批准,False,优先核重,True,泰昌企业资料,20a9acbd67e2e8f9d1f60084c517e45b917bfe0a5d09a0f3c878642c354ca25b,tender_scoring_derived,,否,不适用,[],review_only,仅限人工复核,media,查看原件并确认是新资产、重复资产或同一证据的不同载体,P006-G061,,needs_manual_review,需要人工复核,,产品库资料,泰昌企业证明材料历史候选第259页,,不适用,internal,企业内部资料,泰昌技术补充文件,泰昌技术补充文件,mixed_historical_bid,assets/template_words/技术补充文件.docx,259,（二）专项投标文件/5.针对评审要素，需要补充的其他文件/5.3.绿色低碳生产及绿色回收/5.3.1.建立了绿色生产/5.3.1.9.创新激励机制评价报告,"[""泰昌"", ""企业证明材料"", ""历史标书候选"", ""技术标""]",product_library,产品库资料,taichang_only,不适用,泰昌企业证明材料历史候选第259页,needs_review,[]
taichang_tenant_internal,"[""专项投标文件/5.针对评审要素，需要补充的其他文件/5.3.绿色低碳生产及绿色回收/5.3.1.建立了绿色生产/5.3.1.9.创新激励机制评价报告""]","[""技术标""]",False,technical,technical-media-0271,suppressed_document_page_caption,企业证明材料,0.45,83614390806f61b66b096d8abd084dd805554cf0edc6f295f462d93f9ddd592f,,,new,未发现重复，仍需审核,来源于泰昌技术补充文件，历史位置为“专项投标文件/5.针对评审要素，需要补充的其他文件/5.3.绿色低碳生产及绿色回收/5.3.1.建立了绿色生产/5.3.1.9.创新激励机制评价报告”。当前仅用于泰昌资料人工复核，未获准进入正式标书。,河北泰昌电力器材科技有限公司,河北泰昌电力器材科技有限公司,,enterprise_evidence,企业证明材料,False,,否,blocked,尚未通过P0-06人工批准,False,核验原始证据,True,泰昌企业资料,83614390806f61b66b096d8abd084dd805554cf0edc6f295f462d93f9ddd592f,tender_scoring_derived,,否,不适用,[],review_only,仅限人工复核,media,确认资料归属泰昌、内容真实、时效有效、中文展示合规且目标库正确,P006-G061,,needs_customer_confirmation,需要客户确认,,产品库资料,泰昌企业证明材料历史候选第259页,,不适用,internal,企业内部资料,泰昌技术补充文件,泰昌技术补充文件,mixed_historical_bid,assets/template_words/技术补充文件.docx,259,（二）专项投标文件/5.针对评审要素，需要补充的其他文件/5.3.绿色低碳生产及绿色回收/5.3.1.建立了绿色生产/5.3.1.9.创新激励机制评价报告,"[""泰昌"", ""企业证明材料"", ""历史标书候选"", ""技术标""]",product_library,产品库资料,taichang_only,不适用,泰昌企业证明材料历史候选第259页,needs_review,[]
taichang_tenant_internal,"[""专项投标文件/5.针对评审要素，需要补充的其他文件/5.3.绿色低碳生产及绿色回收/5.3.1.建立了绿色生产/5.3.1.9.创新激励机制评价报告""]","[""技术标""]",False,technical,technical-media-0272,suppressed_document_page_caption,企业证明材料,0.45,8a3512b24ad8ed33397e57494599d8fa0044ad440ee20f0153934369de058070,,,possible_visual_duplicate,视觉疑似重复,来源于泰昌技术补充文件，历史位置为“专项投标文件/5.针对评审要素，需要补充的其他文件/5.3.绿色低碳生产及绿色回收/5.3.1.建立了绿色生产/5.3.1.9.创新激励机制评价报告”。当前仅用于泰昌资料人工复核，未获准进入正式标书。,河北泰昌电力器材科技有限公司,河北泰昌电力器材科技有限公司,taichang-visual-review-5596a96eb918595bae58,enterprise_evidence,企业证明材料,False,,否,blocked,尚未通过P0-06人工批准,False,优先核重,True,泰昌企业资料,8a3512b24ad8ed33397e57494599d8fa0044ad440ee20f0153934369de058070,tender_scoring_derived,,否,不适用,[],review_only,仅限人工复核,media,查看原件并确认是新资产、重复资产或同一证据的不同载体,P006-G061,,needs_manual_review,需要人工复核,,产品库资料,泰昌企业证明材料历史候选第259页,,不适用,internal,企业内部资料,泰昌技术补充文件,泰昌技术补充文件,mixed_historical_bid,assets/template_words/技术补充文件.docx,259,（二）专项投标文件/5.针对评审要素，需要补充的其他文件/5.3.绿色低碳生产及绿色回收/5.3.1.建立了绿色生产/5.3.1.9.创新激励机制评价报告,"[""泰昌"", ""企业证明材料"", ""历史标书候选"", ""技术标""]",product_library,产品库资料,taichang_only,不适用,泰昌企业证明材料历史候选第259页,needs_review,[]
taichang_tenant_internal,"[""专项投标文件/6.招标文件规定的其他应提交的技术文件/6.1.发明专利证书""]","[""技术标""]",False,technical,technical-media-0302,suppressed_document_page_caption,企业证明材料,0.45,2030dcde062379d9e39e5fe6ee0442044e67cee879e77cb35d2cb8682ef0e4a0,,,new,未发现重复，仍需审核,来源于泰昌技术补充文件，历史位置为“专项投标文件/6.招标文件规定的其他应提交的技术文件/6.1.发明专利证书”。当前仅用于泰昌资料人工复核，未获准进入正式标书。,河北泰昌电力器材科技有限公司,河北泰昌电力器材科技有限公司,,enterprise_evidence,企业证明材料,False,,否,blocked,尚未通过P0-06人工批准,False,核验原始证据,True,泰昌企业资料,2030dcde062379d9e39e5fe6ee0442044e67cee879e77cb35d2cb8682ef0e4a0,reference_layout_only,,否,不适用,[],review_only,仅限人工复核,media,确认资料归属泰昌、内容真实、时效有效、中文展示合规且目标库正确,P006-G062,,needs_customer_confirmation,需要客户确认,,产品库资料,泰昌企业证明材料历史候选第303页,,不适用,internal,企业内部资料,泰昌技术补充文件,泰昌技术补充文件,mixed_historical_bid,assets/template_words/技术补充文件.docx,303,（二）专项投标文件/6.招标文件规定的其他应提交的技术文件/6.1.发明专利证书,"[""泰昌"", ""企业证明材料"", ""历史标书候选"", ""技术标""]",product_library,产品库资料,taichang_only,不适用,泰昌企业证明材料历史候选第303页,needs_review,[]
taichang_tenant_internal,"[""专项投标文件/6.招标文件规定的其他应提交的技术文件/6.2.中华人民共和国国家版权局计算机软件著作权登记证书""]","[""技术标""]",False,technical,technical-media-0303,suppressed_document_page_caption,企业证明材料,0.45,b09b31bd7db402c5abf517b3981914d84593055241f8a460954c2e5aba86b083,,,new,未发现重复，仍需审核,来源于泰昌技术补充文件，历史位置为“专项投标文件/6.招标文件规定的其他应提交的技术文件/6.2.中华人民共和国国家版权局计算机软件著作权登记证书”。当前仅用于泰昌资料人工复核，未获准进入正式标书。,河北泰昌电力器材科技有限公司,河北泰昌电力器材科技有限公司,,enterprise_evidence,企业证明材料,False,,否,blocked,尚未通过P0-06人工批准,False,核验原始证据,True,泰昌企业资料,b09b31bd7db402c5abf517b3981914d84593055241f8a460954c2e5aba86b083,reference_layout_only,,否,不适用,[],review_only,仅限人工复核,media,确认资料归属泰昌、内容真实、时效有效、中文展示合规且目标库正确,P006-G063,,needs_customer_confirmation,需要客户确认,,产品库资料,泰昌企业证明材料历史候选第305页,,不适用,internal,企业内部资料,泰昌技术补充文件,泰昌技术补充文件,mixed_historical_bid,assets/template_words/技术补充文件.docx,305,（二）专项投标文件/6.招标文件规定的其他应提交的技术文件/6.2.中华人民共和国国家版权局计算机软件著作权登记证书,"[""泰昌"", ""企业证明材料"", ""历史标书候选"", ""技术标""]",product_library,产品库资料,taichang_only,不适用,泰昌企业证明材料历史候选第305页,needs_review,[]
taichang_tenant_internal,"[""专项投标文件/7.技术服务，包括培训、安装指导等/7.1.技术服务及培训方案""]","[""技术标""]",False,technical,technical-media-0304,suppressed_document_page_caption,企业证明材料,0.45,4c8dd0dc0bdac2ff1a4980e1eae6d53c5a1c5b65a2e79aa793d44c399d51cd47,,,possible_visual_duplicate,视觉疑似重复,来源于泰昌技术补充文件，历史位置为“专项投标文件/7.技术服务，包括培训、安装指导等/7.1.技术服务及培训方案”。当前仅用于泰昌资料人工复核，未获准进入正式标书。,河北泰昌电力器材科技有限公司,河北泰昌电力器材科技有限公司,taichang-visual-review-817351f1a96e400c3455,enterprise_evidence,企业证明材料,False,,否,blocked,尚未通过P0-06人工批准,False,优先核重,True,泰昌企业资料,4c8dd0dc0bdac2ff1a4980e1eae6d53c5a1c5b65a2e79aa793d44c399d51cd47,taichang_habitual_addition,,否,不适用,[],review_only,仅限人工复核,media,查看原件并确认是新资产、重复资产或同一证据的不同载体,P006-G064,,needs_manual_review,需要人工复核,,产品库资料,泰昌企业证明材料历史候选第305页,,不适用,internal,企业内部资料,泰昌技术补充文件,泰昌技术补充文件,mixed_historical_bid,assets/template_words/技术补充文件.docx,305,（二）专项投标文件/7.技术服务，包括培训、安装指导等/7.1.技术服务及培训方案,"[""泰昌"", ""企业证明材料"", ""历史标书候选"", ""技术标""]",product_library,产品库资料,taichang_only,不适用,泰昌企业证明材料历史候选第305页,needs_review,[]
taichang_tenant_internal,"[""专项投标文件/7.技术服务，包括培训、安装指导等/7.3.备品备件""]","[""技术标""]",False,technical,technical-fact-0017,suppressed_document_page_caption,产品参数表,0.85,8e3a9c538331a13f117d6299164d9054f7c0c1a6536e985a307b1070746f50b5,,,new,未发现重复，仍需审核,来源于泰昌技术补充文件，历史位置为“专项投标文件/7.技术服务，包括培训、安装指导等/7.3.备品备件”。当前仅用于泰昌资料人工复核，未获准进入正式标书。,河北泰昌电力器材科技有限公司,河北泰昌电力器材科技有限公司,,product_parameter_table,产品参数表,False,,否,blocked,尚未通过P0-06人工批准,False,优先结构化核验,True,电缆保护管,,taichang_habitual_addition,,否,否,"[""MPP电缆保护管""]",review_only,仅限人工复核,fact_candidate,核对产品族、规格型号、参数值和原始表格，批准后仍须走结构化抽取,P006-G065,,needs_customer_confirmation,需要客户确认,,产品库资料,泰昌产品参数表历史候选第310页,,不适用,internal,企业内部资料,泰昌技术补充文件,泰昌技术补充文件,mixed_historical_bid,assets/template_words/技术补充文件.docx,310,（二）专项投标文件/7.技术服务，包括培训、安装指导等/7.3.备品备件,"[""泰昌"", ""产品参数表"", ""历史标书候选"", ""技术标"", ""MPP电缆保护管""]",product_library,产品库资料,taichang_only,不适用,泰昌产品参数表历史候选第310页,coverage_unconfirmed,[]
taichang_tenant_internal,"[""专项投标文件/7.技术服务，包括培训、安装指导等/7.3.备品备件""]","[""技术标""]",False,technical,technical-fact-0018,suppressed_document_page_caption,产品参数表,0.85,ad468beef8fa30a54a786a92ce904c23f32e93e5577ef9e02dda5fac500420f4,,,new,未发现重复，仍需审核,来源于泰昌技术补充文件，历史位置为“专项投标文件/7.技术服务，包括培训、安装指导等/7.3.备品备件”。当前仅用于泰昌资料人工复核，未获准进入正式标书。,河北泰昌电力器材科技有限公司,河北泰昌电力器材科技有限公司,,product_parameter_table,产品参数表,False,,否,blocked,尚未通过P0-06人工批准,False,优先结构化核验,True,电缆保护管,,taichang_habitual_addition,,否,否,"[""MPP电缆保护管""]",review_only,仅限人工复核,fact_candidate,核对产品族、规格型号、参数值和原始表格，批准后仍须走结构化抽取,P006-G065,,needs_customer_confirmation,需要客户确认,,产品库资料,泰昌产品参数表历史候选第310页,,不适用,internal,企业内部资料,泰昌技术补充文件,泰昌技术补充文件,mixed_historical_bid,assets/template_words/技术补充文件.docx,310,（二）专项投标文件/7.技术服务，包括培训、安装指导等/7.3.备品备件,"[""泰昌"", ""产品参数表"", ""历史标书候选"", ""技术标"", ""MPP电缆保护管""]",product_library,产品库资料,taichang_only,不适用,泰昌产品参数表历史候选第310页,coverage_unconfirmed,[]
taichang_tenant_internal,"[""专项投标文件/7.技术服务，包括培训、安装指导等/7.3.备品备件""]","[""技术标""]",False,technical,technical-fact-0019,suppressed_document_page_caption,产品参数表,0.85,581a6a62e76acc9d7090c54717180228e12c245c7ed38c7a51c2d9fe6fd53a99,,,new,未发现重复，仍需审核,来源于泰昌技术补充文件，历史位置为“专项投标文件/7.技术服务，包括培训、安装指导等/7.3.备品备件”。当前仅用于泰昌资料人工复核，未获准进入正式标书。,河北泰昌电力器材科技有限公司,河北泰昌电力器材科技有限公司,,product_parameter_table,产品参数表,False,,否,blocked,尚未通过P0-06人工批准,False,优先结构化核验,True,电缆保护管,,taichang_habitual_addition,,否,否,"[""MPP电缆保护管""]",review_only,仅限人工复核,fact_candidate,核对产品族、规格型号、参数值和原始表格，批准后仍须走结构化抽取,P006-G065,,needs_customer_confirmation,需要客户确认,,产品库资料,泰昌产品参数表历史候选第310页,,不适用,internal,企业内部资料,泰昌技术补充文件,泰昌技术补充文件,mixed_historical_bid,assets/template_words/技术补充文件.docx,310,（二）专项投标文件/7.技术服务，包括培训、安装指导等/7.3.备品备件,"[""泰昌"", ""产品参数表"", ""历史标书候选"", ""技术标"", ""MPP电缆保护管""]",product_library,产品库资料,taichang_only,不适用,泰昌产品参数表历史候选第310页,coverage_unconfirmed,[]
taichang_tenant_internal,"[""专项投标文件/7.技术服务，包括培训、安装指导等/7.3.备品备件""]","[""技术标""]",False,technical,technical-fact-0020,suppressed_document_page_caption,产品参数表,0.85,076c091a5249bcfc42a0a60a9828dd2aee1af66ffbb6b05b16bca9c372eb9e9d,,,new,未发现重复，仍需审核,来源于泰昌技术补充文件，历史位置为“专项投标文件/7.技术服务，包括培训、安装指导等/7.3.备品备件”。当前仅用于泰昌资料人工复核，未获准进入正式标书。,河北泰昌电力器材科技有限公司,河北泰昌电力器材科技有限公司,,product_parameter_table,产品参数表,False,,否,blocked,尚未通过P0-06人工批准,False,优先结构化核验,True,电缆保护管,,taichang_habitual_addition,,否,否,"[""MPP电缆保护管""]",review_only,仅限人工复核,fact_candidate,核对产品族、规格型号、参数值和原始表格，批准后仍须走结构化抽取,P006-G065,,needs_customer_confirmation,需要客户确认,,产品库资料,泰昌产品参数表历史候选第310页,,不适用,internal,企业内部资料,泰昌技术补充文件,泰昌技术补充文件,mixed_historical_bid,assets/template_words/技术补充文件.docx,310,（二）专项投标文件/7.技术服务，包括培训、安装指导等/7.3.备品备件,"[""泰昌"", ""产品参数表"", ""历史标书候选"", ""技术标"", ""MPP电缆保护管""]",product_library,产品库资料,taichang_only,不适用,泰昌产品参数表历史候选第310页,coverage_unconfirmed,[]
taichang_tenant_internal,"[""专项投标文件/7.技术服务，包括培训、安装指导等/7.3.备品备件""]","[""技术标""]",False,technical,technical-fact-0021,suppressed_document_page_caption,产品参数表,0.85,45cf225a968fef7e66e84ffbd21a82e4588f71189b389fa18d09e5b9558d9b4c,,,new,未发现重复，仍需审核,来源于泰昌技术补充文件，历史位置为“专项投标文件/7.技术服务，包括培训、安装指导等/7.3.备品备件”。当前仅用于泰昌资料人工复核，未获准进入正式标书。,河北泰昌电力器材科技有限公司,河北泰昌电力器材科技有限公司,,product_parameter_table,产品参数表,False,,否,blocked,尚未通过P0-06人工批准,False,优先结构化核验,True,电缆保护管,,taichang_habitual_addition,,否,否,"[""MPP电缆保护管""]",review_only,仅限人工复核,fact_candidate,核对产品族、规格型号、参数值和原始表格，批准后仍须走结构化抽取,P006-G065,,needs_customer_confirmation,需要客户确认,,产品库资料,泰昌产品参数表历史候选第310页,,不适用,internal,企业内部资料,泰昌技术补充文件,泰昌技术补充文件,mixed_historical_bid,assets/template_words/技术补充文件.docx,310,（二）专项投标文件/7.技术服务，包括培训、安装指导等/7.3.备品备件,"[""泰昌"", ""产品参数表"", ""历史标书候选"", ""技术标"", ""MPP电缆保护管""]",product_library,产品库资料,taichang_only,不适用,泰昌产品参数表历史候选第310页,coverage_unconfirmed,[]
taichang_tenant_internal,"[""专项投标文件/7.技术服务，包括培训、安装指导等/7.3.备品备件""]","[""技术标""]",False,technical,technical-fact-0022,suppressed_document_page_caption,产品参数表,0.85,ec346e1bfd79174fc4ba64b571cb476bd1c6840d27ca5b5d9b9a5667c7185b33,,,new,未发现重复，仍需审核,来源于泰昌技术补充文件，历史位置为“专项投标文件/7.技术服务，包括培训、安装指导等/7.3.备品备件”。当前仅用于泰昌资料人工复核，未获准进入正式标书。,河北泰昌电力器材科技有限公司,河北泰昌电力器材科技有限公司,,product_parameter_table,产品参数表,False,,否,blocked,尚未通过P0-06人工批准,False,优先结构化核验,True,电缆保护管,,taichang_habitual_addition,,否,否,"[""MPP电缆保护管""]",review_only,仅限人工复核,fact_candidate,核对产品族、规格型号、参数值和原始表格，批准后仍须走结构化抽取,P006-G065,,needs_customer_confirmation,需要客户确认,,产品库资料,泰昌产品参数表历史候选第310页,,不适用,internal,企业内部资料,泰昌技术补充文件,泰昌技术补充文件,mixed_historical_bid,assets/template_words/技术补充文件.docx,310,（二）专项投标文件/7.技术服务，包括培训、安装指导等/7.3.备品备件,"[""泰昌"", ""产品参数表"", ""历史标书候选"", ""技术标"", ""MPP电缆保护管""]",product_library,产品库资料,taichang_only,不适用,泰昌产品参数表历史候选第310页,coverage_unconfirmed,[]
