ingestion_batch_id,province,batch_no,package_no,package_code,material_category,source_file,table_index,row_number,table_type,parameter_name,required_value,response_value,deviation_status,risk_level,decision_reason,suggested_action,row_data
customer_liaoning_taichang_20260606_p0,辽宁,2025-03,包1,2225AC,电缆保护管CPVC,rag_seed/power_grid_resources/01_tender_documents/22_国网辽宁电力2025年第三次物资协议库存招标采购/extracted/电缆保护管CPVC/包1_完整招标文件_53488484541066181/包1_技术规范书_53488481987137315/国家电网有限公司_电缆保护管 - 设备部(A171-500021527-00001)714025/国家电网有限公司_电缆保护管 - 设备部(A171-500021527-00001)/A171-500021527-00001 国家电网公司总部-配网标准化物资固化技术规范书-电缆保护管 CPVC.doc,1,4,dimension_parameter_table,公称内径 50,公称壁厚 / 氯化氯乙烯塑料电缆导管环刚度(3%)等级(80℃) / SN12: 4；公称长度: 6000,,pending_response,medium,存在项目需求值或标准值，但投标人响应值/保证值为空。,补充泰昌响应值、保证值或明确写入无偏差承诺后复核。,"{""公称内径"": ""50"", ""公称壁厚 / 氯化氯乙烯塑料电缆导管环刚度(3%)等级(80℃) / SN12"": ""4"", ""公称长度"": ""6000""}"
customer_liaoning_taichang_20260606_p0,辽宁,2025-03,包1,2225AC,电缆保护管CPVC,rag_seed/power_grid_resources/01_tender_documents/22_国网辽宁电力2025年第三次物资协议库存招标采购/extracted/电缆保护管CPVC/包1_完整招标文件_53488484541066181/包1_技术规范书_53488481987137315/国家电网有限公司_电缆保护管 - 设备部(A171-500021527-00001)714025/国家电网有限公司_电缆保护管 - 设备部(A171-500021527-00001)/A171-500021527-00001 国家电网公司总部-配网标准化物资固化技术规范书-电缆保护管 CPVC.doc,1,5,dimension_parameter_table,公称内径 100,公称壁厚 / 氯化氯乙烯塑料电缆导管环刚度(3%)等级(80℃) / SN12: 5；公称长度: 6000,,pending_response,medium,存在项目需求值或标准值，但投标人响应值/保证值为空。,补充泰昌响应值、保证值或明确写入无偏差承诺后复核。,"{""公称内径"": ""100"", ""公称壁厚 / 氯化氯乙烯塑料电缆导管环刚度(3%)等级(80℃) / SN12"": ""5"", ""公称长度"": ""6000""}"
customer_liaoning_taichang_20260606_p0,辽宁,2025-03,包1,2225AC,电缆保护管CPVC,rag_seed/power_grid_resources/01_tender_documents/22_国网辽宁电力2025年第三次物资协议库存招标采购/extracted/电缆保护管CPVC/包1_完整招标文件_53488484541066181/包1_技术规范书_53488481987137315/国家电网有限公司_电缆保护管 - 设备部(A171-500021527-00001)714025/国家电网有限公司_电缆保护管 - 设备部(A171-500021527-00001)/A171-500021527-00001 国家电网公司总部-配网标准化物资固化技术规范书-电缆保护管 CPVC.doc,1,6,dimension_parameter_table,公称内径 125,公称壁厚 / 氯化氯乙烯塑料电缆导管环刚度(3%)等级(80℃) / SN12: 6.5；公称长度: 6000,,pending_response,medium,存在项目需求值或标准值，但投标人响应值/保证值为空。,补充泰昌响应值、保证值或明确写入无偏差承诺后复核。,"{""公称内径"": ""125"", ""公称壁厚 / 氯化氯乙烯塑料电缆导管环刚度(3%)等级(80℃) / SN12"": ""6.5"", ""公称长度"": ""6000""}"
customer_liaoning_taichang_20260606_p0,辽宁,2025-03,包1,2225AC,电缆保护管CPVC,rag_seed/power_grid_resources/01_tender_documents/22_国网辽宁电力2025年第三次物资协议库存招标采购/extracted/电缆保护管CPVC/包1_完整招标文件_53488484541066181/包1_技术规范书_53488481987137315/国家电网有限公司_电缆保护管 - 设备部(A171-500021527-00001)714025/国家电网有限公司_电缆保护管 - 设备部(A171-500021527-00001)/A171-500021527-00001 国家电网公司总部-配网标准化物资固化技术规范书-电缆保护管 CPVC.doc,1,7,dimension_parameter_table,公称内径 150,公称壁厚 / 氯化氯乙烯塑料电缆导管环刚度(3%)等级(80℃) / SN12: 8；公称长度: 6000,,pending_response,medium,存在项目需求值或标准值，但投标人响应值/保证值为空。,补充泰昌响应值、保证值或明确写入无偏差承诺后复核。,"{""公称内径"": ""150"", ""公称壁厚 / 氯化氯乙烯塑料电缆导管环刚度(3%)等级(80℃) / SN12"": ""8"", ""公称长度"": ""6000""}"
customer_liaoning_taichang_20260606_p0,辽宁,2025-03,包1,2225AC,电缆保护管CPVC,rag_seed/power_grid_resources/01_tender_documents/22_国网辽宁电力2025年第三次物资协议库存招标采购/extracted/电缆保护管CPVC/包1_完整招标文件_53488484541066181/包1_技术规范书_53488481987137315/国家电网有限公司_电缆保护管 - 设备部(A171-500021527-00001)714025/国家电网有限公司_电缆保护管 - 设备部(A171-500021527-00001)/A171-500021527-00001 国家电网公司总部-配网标准化物资固化技术规范书-电缆保护管 CPVC.doc,1,8,dimension_parameter_table,公称内径 175,公称壁厚 / 氯化氯乙烯塑料电缆导管环刚度(3%)等级(80℃) / SN12: 9.5；公称长度: 6000,,pending_response,medium,存在项目需求值或标准值，但投标人响应值/保证值为空。,补充泰昌响应值、保证值或明确写入无偏差承诺后复核。,"{""公称内径"": ""175"", ""公称壁厚 / 氯化氯乙烯塑料电缆导管环刚度(3%)等级(80℃) / SN12"": ""9.5"", ""公称长度"": ""6000""}"
customer_liaoning_taichang_20260606_p0,辽宁,2025-03,包1,2225AC,电缆保护管CPVC,rag_seed/power_grid_resources/01_tender_documents/22_国网辽宁电力2025年第三次物资协议库存招标采购/extracted/电缆保护管CPVC/包1_完整招标文件_53488484541066181/包1_技术规范书_53488481987137315/国家电网有限公司_电缆保护管 - 设备部(A171-500021527-00001)714025/国家电网有限公司_电缆保护管 - 设备部(A171-500021527-00001)/A171-500021527-00001 国家电网公司总部-配网标准化物资固化技术规范书-电缆保护管 CPVC.doc,1,9,dimension_parameter_table,公称内径 200,公称壁厚 / 氯化氯乙烯塑料电缆导管环刚度(3%)等级(80℃) / SN12: 11；公称长度: 6000,,pending_response,medium,存在项目需求值或标准值，但投标人响应值/保证值为空。,补充泰昌响应值、保证值或明确写入无偏差承诺后复核。,"{""公称内径"": ""200"", ""公称壁厚 / 氯化氯乙烯塑料电缆导管环刚度(3%)等级(80℃) / SN12"": ""11"", ""公称长度"": ""6000""}"
customer_liaoning_taichang_20260606_p0,辽宁,2025-03,包1,2225AC,电缆保护管CPVC,rag_seed/power_grid_resources/01_tender_documents/22_国网辽宁电力2025年第三次物资协议库存招标采购/extracted/电缆保护管CPVC/包1_完整招标文件_53488484541066181/包1_技术规范书_53488481987137315/国家电网有限公司_电缆保护管 - 设备部(A171-500021527-00001)714025/国家电网有限公司_电缆保护管 - 设备部(A171-500021527-00001)/A171-500021527-00001 国家电网公司总部-配网标准化物资固化技术规范书-电缆保护管 CPVC.doc,1,10,dimension_parameter_table,公称内径 225,公称壁厚 / 氯化氯乙烯塑料电缆导管环刚度(3%)等级(80℃) / SN12: 12；公称长度: 6000,,pending_response,medium,存在项目需求值或标准值，但投标人响应值/保证值为空。,补充泰昌响应值、保证值或明确写入无偏差承诺后复核。,"{""公称内径"": ""225"", ""公称壁厚 / 氯化氯乙烯塑料电缆导管环刚度(3%)等级(80℃) / SN12"": ""12"", ""公称长度"": ""6000""}"
customer_liaoning_taichang_20260606_p0,辽宁,2025-03,包1,2225AC,电缆保护管CPVC,rag_seed/power_grid_resources/01_tender_documents/22_国网辽宁电力2025年第三次物资协议库存招标采购/extracted/电缆保护管CPVC/包1_完整招标文件_53488484541066181/包1_技术规范书_53488481987137315/国家电网有限公司_电缆保护管 - 设备部(A171-500021527-00001)714025/国家电网有限公司_电缆保护管 - 设备部(A171-500021527-00001)/A171-500021527-00001 国家电网公司总部-配网标准化物资固化技术规范书-电缆保护管 CPVC.doc,1,11,dimension_parameter_table,公称内径 250,公称壁厚 / 氯化氯乙烯塑料电缆导管环刚度(3%)等级(80℃) / SN12: 13；公称长度: 6000,,pending_response,medium,存在项目需求值或标准值，但投标人响应值/保证值为空。,补充泰昌响应值、保证值或明确写入无偏差承诺后复核。,"{""公称内径"": ""250"", ""公称壁厚 / 氯化氯乙烯塑料电缆导管环刚度(3%)等级(80℃) / SN12"": ""13"", ""公称长度"": ""6000""}"
customer_liaoning_taichang_20260606_p0,辽宁,2025-03,包1,2225AC,电缆保护管CPVC,rag_seed/power_grid_resources/01_tender_documents/22_国网辽宁电力2025年第三次物资协议库存招标采购/extracted/电缆保护管CPVC/包1_完整招标文件_53488484541066181/包1_技术规范书_53488481987137315/国家电网有限公司_电缆保护管 - 设备部(A171-500021527-00001)714025/国家电网有限公司_电缆保护管 - 设备部(A171-500021527-00001)/A171-500021527-00001 国家电网公司总部-配网标准化物资固化技术规范书-电缆保护管 CPVC.doc,1,12,dimension_parameter_table,公称内径 200（薄壁）,公称壁厚 / 氯化氯乙烯塑料电缆导管环刚度(3%)等级(80℃) / SN12: 5（预制化排管用）；公称长度: 6000,,pending_response,medium,存在项目需求值或标准值，但投标人响应值/保证值为空。,补充泰昌响应值、保证值或明确写入无偏差承诺后复核。,"{""公称内径"": ""200（薄壁）"", ""公称壁厚 / 氯化氯乙烯塑料电缆导管环刚度(3%)等级(80℃) / SN12"": ""5（预制化排管用）"", ""公称长度"": ""6000""}"
customer_liaoning_taichang_20260606_p0,辽宁,2025-03,包1,2225AC,电缆保护管CPVC,rag_seed/power_grid_resources/01_tender_documents/22_国网辽宁电力2025年第三次物资协议库存招标采购/extracted/电缆保护管CPVC/包1_完整招标文件_53488484541066181/包1_技术规范书_53488481987137315/国家电网有限公司_电缆保护管 - 设备部(A171-500021527-00001)714025/国家电网有限公司_电缆保护管 - 设备部(A171-500021527-00001)/A171-500021527-00001 国家电网公司总部-配网标准化物资固化技术规范书-电缆保护管 CPVC.doc,2,2,dimension_parameter_table,公称内径 50,公称内径允许偏差: +0.4；承口内径允许偏差: +0.4；承口最小深度: 60,,pending_response,medium,存在项目需求值或标准值，但投标人响应值/保证值为空。,补充泰昌响应值、保证值或明确写入无偏差承诺后复核。,"{""序号"": ""1"", ""公称内径"": ""50"", ""公称内径允许偏差"": ""+0.4"", ""承口内径允许偏差"": ""+0.4"", ""承口最小深度"": ""60""}"
customer_liaoning_taichang_20260606_p0,辽宁,2025-03,包1,2225AC,电缆保护管CPVC,rag_seed/power_grid_resources/01_tender_documents/22_国网辽宁电力2025年第三次物资协议库存招标采购/extracted/电缆保护管CPVC/包1_完整招标文件_53488484541066181/包1_技术规范书_53488481987137315/国家电网有限公司_电缆保护管 - 设备部(A171-500021527-00001)714025/国家电网有限公司_电缆保护管 - 设备部(A171-500021527-00001)/A171-500021527-00001 国家电网公司总部-配网标准化物资固化技术规范书-电缆保护管 CPVC.doc,2,3,dimension_parameter_table,公称内径 100,公称内径允许偏差: +0.6；承口内径允许偏差: +0.6；承口最小深度: 80,,pending_response,medium,存在项目需求值或标准值，但投标人响应值/保证值为空。,补充泰昌响应值、保证值或明确写入无偏差承诺后复核。,"{""序号"": ""2"", ""公称内径"": ""100"", ""公称内径允许偏差"": ""+0.6"", ""承口内径允许偏差"": ""+0.6"", ""承口最小深度"": ""80""}"
customer_liaoning_taichang_20260606_p0,辽宁,2025-03,包1,2225AC,电缆保护管CPVC,rag_seed/power_grid_resources/01_tender_documents/22_国网辽宁电力2025年第三次物资协议库存招标采购/extracted/电缆保护管CPVC/包1_完整招标文件_53488484541066181/包1_技术规范书_53488481987137315/国家电网有限公司_电缆保护管 - 设备部(A171-500021527-00001)714025/国家电网有限公司_电缆保护管 - 设备部(A171-500021527-00001)/A171-500021527-00001 国家电网公司总部-配网标准化物资固化技术规范书-电缆保护管 CPVC.doc,2,4,dimension_parameter_table,公称内径 125,公称内径允许偏差: +0.7；承口内径允许偏差: +0.7；承口最小深度: 100,,pending_response,medium,存在项目需求值或标准值，但投标人响应值/保证值为空。,补充泰昌响应值、保证值或明确写入无偏差承诺后复核。,"{""序号"": ""3"", ""公称内径"": ""125"", ""公称内径允许偏差"": ""+0.7"", ""承口内径允许偏差"": ""+0.7"", ""承口最小深度"": ""100""}"
customer_liaoning_taichang_20260606_p0,辽宁,2025-03,包1,2225AC,电缆保护管CPVC,rag_seed/power_grid_resources/01_tender_documents/22_国网辽宁电力2025年第三次物资协议库存招标采购/extracted/电缆保护管CPVC/包1_完整招标文件_53488484541066181/包1_技术规范书_53488481987137315/国家电网有限公司_电缆保护管 - 设备部(A171-500021527-00001)714025/国家电网有限公司_电缆保护管 - 设备部(A171-500021527-00001)/A171-500021527-00001 国家电网公司总部-配网标准化物资固化技术规范书-电缆保护管 CPVC.doc,2,5,dimension_parameter_table,公称内径 150,公称内径允许偏差: +0.8；承口内径允许偏差: +0.8；承口最小深度: 100,,pending_response,medium,存在项目需求值或标准值，但投标人响应值/保证值为空。,补充泰昌响应值、保证值或明确写入无偏差承诺后复核。,"{""序号"": ""4"", ""公称内径"": ""150"", ""公称内径允许偏差"": ""+0.8"", ""承口内径允许偏差"": ""+0.8"", ""承口最小深度"": ""100""}"
customer_liaoning_taichang_20260606_p0,辽宁,2025-03,包1,2225AC,电缆保护管CPVC,rag_seed/power_grid_resources/01_tender_documents/22_国网辽宁电力2025年第三次物资协议库存招标采购/extracted/电缆保护管CPVC/包1_完整招标文件_53488484541066181/包1_技术规范书_53488481987137315/国家电网有限公司_电缆保护管 - 设备部(A171-500021527-00001)714025/国家电网有限公司_电缆保护管 - 设备部(A171-500021527-00001)/A171-500021527-00001 国家电网公司总部-配网标准化物资固化技术规范书-电缆保护管 CPVC.doc,2,6,dimension_parameter_table,公称内径 175,公称内径允许偏差: +0.9；承口内径允许偏差: +0.9；承口最小深度: 100,,pending_response,medium,存在项目需求值或标准值，但投标人响应值/保证值为空。,补充泰昌响应值、保证值或明确写入无偏差承诺后复核。,"{""序号"": ""5"", ""公称内径"": ""175"", ""公称内径允许偏差"": ""+0.9"", ""承口内径允许偏差"": ""+0.9"", ""承口最小深度"": ""100""}"
customer_liaoning_taichang_20260606_p0,辽宁,2025-03,包1,2225AC,电缆保护管CPVC,rag_seed/power_grid_resources/01_tender_documents/22_国网辽宁电力2025年第三次物资协议库存招标采购/extracted/电缆保护管CPVC/包1_完整招标文件_53488484541066181/包1_技术规范书_53488481987137315/国家电网有限公司_电缆保护管 - 设备部(A171-500021527-00001)714025/国家电网有限公司_电缆保护管 - 设备部(A171-500021527-00001)/A171-500021527-00001 国家电网公司总部-配网标准化物资固化技术规范书-电缆保护管 CPVC.doc,2,7,dimension_parameter_table,公称内径 200,公称内径允许偏差: +1.0；承口内径允许偏差: +1.0；承口最小深度: 120,,pending_response,medium,存在项目需求值或标准值，但投标人响应值/保证值为空。,补充泰昌响应值、保证值或明确写入无偏差承诺后复核。,"{""序号"": ""6"", ""公称内径"": ""200"", ""公称内径允许偏差"": ""+1.0"", ""承口内径允许偏差"": ""+1.0"", ""承口最小深度"": ""120""}"
customer_liaoning_taichang_20260606_p0,辽宁,2025-03,包1,2225AC,电缆保护管CPVC,rag_seed/power_grid_resources/01_tender_documents/22_国网辽宁电力2025年第三次物资协议库存招标采购/extracted/电缆保护管CPVC/包1_完整招标文件_53488484541066181/包1_技术规范书_53488481987137315/国家电网有限公司_电缆保护管 - 设备部(A171-500021527-00001)714025/国家电网有限公司_电缆保护管 - 设备部(A171-500021527-00001)/A171-500021527-00001 国家电网公司总部-配网标准化物资固化技术规范书-电缆保护管 CPVC.doc,2,8,dimension_parameter_table,公称内径 225,公称内径允许偏差: +1.1；承口内径允许偏差: +1.1；承口最小深度: 120,,pending_response,medium,存在项目需求值或标准值，但投标人响应值/保证值为空。,补充泰昌响应值、保证值或明确写入无偏差承诺后复核。,"{""序号"": ""7"", ""公称内径"": ""225"", ""公称内径允许偏差"": ""+1.1"", ""承口内径允许偏差"": ""+1.1"", ""承口最小深度"": ""120""}"
customer_liaoning_taichang_20260606_p0,辽宁,2025-03,包1,2225AC,电缆保护管CPVC,rag_seed/power_grid_resources/01_tender_documents/22_国网辽宁电力2025年第三次物资协议库存招标采购/extracted/电缆保护管CPVC/包1_完整招标文件_53488484541066181/包1_技术规范书_53488481987137315/国家电网有限公司_电缆保护管 - 设备部(A171-500021527-00001)714025/国家电网有限公司_电缆保护管 - 设备部(A171-500021527-00001)/A171-500021527-00001 国家电网公司总部-配网标准化物资固化技术规范书-电缆保护管 CPVC.doc,2,9,dimension_parameter_table,公称内径 250,公称内径允许偏差: +1.2；承口内径允许偏差: +1.2；承口最小深度: 120,,pending_response,medium,存在项目需求值或标准值，但投标人响应值/保证值为空。,补充泰昌响应值、保证值或明确写入无偏差承诺后复核。,"{""序号"": ""8"", ""公称内径"": ""250"", ""公称内径允许偏差"": ""+1.2"", ""承口内径允许偏差"": ""+1.2"", ""承口最小深度"": ""120""}"
customer_liaoning_taichang_20260606_p0,辽宁,2025-03,包1,2225AC,电缆保护管CPVC,rag_seed/power_grid_resources/01_tender_documents/22_国网辽宁电力2025年第三次物资协议库存招标采购/extracted/电缆保护管CPVC/包1_完整招标文件_53488484541066181/包1_技术规范书_53488481987137315/国家电网有限公司_电缆保护管 - 设备部(A171-500021527-00001)714025/国家电网有限公司_电缆保护管 - 设备部(A171-500021527-00001)/A171-500021527-00001 国家电网公司总部-配网标准化物资固化技术规范书-电缆保护管 CPVC.doc,2,10,dimension_parameter_table,公称内径 注1：承口最小深度是从承口端部到承口底部的最小距离； 注2：承口内径偏差为制造与设计的差数； 注3：其他规格尺寸由供需双方协商确定，其公称内径允许偏差、承口内径允许偏差以及承口最小深度以表中最接近的一档为准。,公称内径允许偏差: 注1：承口最小深度是从承口端部到承口底部的最小距离； 注2：承口内径偏差为制造与设计的差数； 注3：其他规格尺寸由供需双方协商确定，其公称内径允许偏差、承口内径允许偏差以及承口最小深度以表中最接近的一档为准。；承口内径允许偏差: 注1：承口最小深度是从承口端部到承口底部的最小距离； 注2：承口内径偏差为制造与设计的差数； 注3：其他规格尺寸由供需双方协商确定，其公称内径允许偏差、承口内径允许偏差以及承口最小深度以表中最接近的一档为准。；承口最小深度: 注1：承口最小深度是从承口端部到承口底部的最小距离； 注2：承口内径偏差为制造与设计的差数； 注3：其他规格尺寸由供需双方协商确定，其公称内径允许偏差、承口内径允许偏差以及承口最小深度以表中最接近的一档为准。,,pending_response,medium,存在项目需求值或标准值，但投标人响应值/保证值为空。,补充泰昌响应值、保证值或明确写入无偏差承诺后复核。,"{""序号"": ""注1：承口最小深度是从承口端部到承口底部的最小距离； 注2：承口内径偏差为制造与设计的差数； 注3：其他规格尺寸由供需双方协商确定，其公称内径允许偏差、承口内径允许偏差以及承口最小深度以表中最接近的一档为准。"", ""公称内径"": ""注1：承口最小深度是从承口端部到承口底部的最小距离； 注2：承口内径偏差为制造与设计的差数； 注3：其他规格尺寸由供需双方协商确定，其公称内径允许偏差、承口内径允许偏差以及承口最小深度以表中最接近的一档为准。"", ""公称内径允许偏差"": ""注1：承口最小深度是从承口端部到承口底部的最小距离； 注2：承口内径偏差为制造与设计的差数； 注3：其他规格尺寸由供需双方协商确定，其公称内径允许偏差、承口内径允许偏差以及承口最小深度以表中最接近的一档为准。"", ""承口内径允许偏差"": ""注1：承口最小深度是从承口端部到承口底部的最小距离； 注2：承口内径偏差为制造与设计的差数； 注3：其他规格尺寸由供需双方协商确定，其公称内径允许偏差、承口内径允许偏差以及承口最小深度以表中最接近的一档为准。"", ""承口最小深度"": ""注1：承口最小深度是从承口端部到承口底部的最小距离； 注2：承口内径偏差为制造与设计的差数； 注3：其他规格尺寸由供需双方协商确定，其公称内径允许偏差、承口内径允许偏差以及承口最小深度以表中最接近的一档为准。""}"
customer_liaoning_taichang_20260606_p0,辽宁,2025-03,包1,2225AC,电缆保护管CPVC,rag_seed/power_grid_resources/01_tender_documents/22_国网辽宁电力2025年第三次物资协议库存招标采购/extracted/电缆保护管CPVC/包1_完整招标文件_53488484541066181/包1_技术规范书_53488481987137315/国家电网有限公司_电缆保护管 - 设备部(A171-500021527-00001)714025/国家电网有限公司_电缆保护管 - 设备部(A171-500021527-00001)/A171-500021527-00001 国家电网公司总部-配网标准化物资固化技术规范书-电缆保护管 CPVC.doc,3,2,dimension_parameter_table,t＜6.0,公称壁厚: t＜6.0；公称壁厚允许偏差: +0.6,,pending_response,medium,存在项目需求值或标准值，但投标人响应值/保证值为空。,补充泰昌响应值、保证值或明确写入无偏差承诺后复核。,"{""序号"": ""1"", ""公称壁厚"": ""t＜6.0"", ""公称壁厚允许偏差"": ""+0.6""}"
customer_liaoning_taichang_20260606_p0,辽宁,2025-03,包1,2225AC,电缆保护管CPVC,rag_seed/power_grid_resources/01_tender_documents/22_国网辽宁电力2025年第三次物资协议库存招标采购/extracted/电缆保护管CPVC/包1_完整招标文件_53488484541066181/包1_技术规范书_53488481987137315/国家电网有限公司_电缆保护管 - 设备部(A171-500021527-00001)714025/国家电网有限公司_电缆保护管 - 设备部(A171-500021527-00001)/A171-500021527-00001 国家电网公司总部-配网标准化物资固化技术规范书-电缆保护管 CPVC.doc,3,3,dimension_parameter_table,6.0≤t＜7.0,公称壁厚: 6.0≤t＜7.0；公称壁厚允许偏差: +0.7,,pending_response,medium,存在项目需求值或标准值，但投标人响应值/保证值为空。,补充泰昌响应值、保证值或明确写入无偏差承诺后复核。,"{""序号"": ""2"", ""公称壁厚"": ""6.0≤t＜7.0"", ""公称壁厚允许偏差"": ""+0.7""}"
customer_liaoning_taichang_20260606_p0,辽宁,2025-03,包1,2225AC,电缆保护管CPVC,rag_seed/power_grid_resources/01_tender_documents/22_国网辽宁电力2025年第三次物资协议库存招标采购/extracted/电缆保护管CPVC/包1_完整招标文件_53488484541066181/包1_技术规范书_53488481987137315/国家电网有限公司_电缆保护管 - 设备部(A171-500021527-00001)714025/国家电网有限公司_电缆保护管 - 设备部(A171-500021527-00001)/A171-500021527-00001 国家电网公司总部-配网标准化物资固化技术规范书-电缆保护管 CPVC.doc,3,4,dimension_parameter_table,7.0≤t＜8.0,公称壁厚: 7.0≤t＜8.0；公称壁厚允许偏差: +0.8,,pending_response,medium,存在项目需求值或标准值，但投标人响应值/保证值为空。,补充泰昌响应值、保证值或明确写入无偏差承诺后复核。,"{""序号"": ""3"", ""公称壁厚"": ""7.0≤t＜8.0"", ""公称壁厚允许偏差"": ""+0.8""}"
customer_liaoning_taichang_20260606_p0,辽宁,2025-03,包1,2225AC,电缆保护管CPVC,rag_seed/power_grid_resources/01_tender_documents/22_国网辽宁电力2025年第三次物资协议库存招标采购/extracted/电缆保护管CPVC/包1_完整招标文件_53488484541066181/包1_技术规范书_53488481987137315/国家电网有限公司_电缆保护管 - 设备部(A171-500021527-00001)714025/国家电网有限公司_电缆保护管 - 设备部(A171-500021527-00001)/A171-500021527-00001 国家电网公司总部-配网标准化物资固化技术规范书-电缆保护管 CPVC.doc,3,5,dimension_parameter_table,8.0≤t＜10.0,公称壁厚: 8.0≤t＜10.0；公称壁厚允许偏差: +1.0,,pending_response,medium,存在项目需求值或标准值，但投标人响应值/保证值为空。,补充泰昌响应值、保证值或明确写入无偏差承诺后复核。,"{""序号"": ""4"", ""公称壁厚"": ""8.0≤t＜10.0"", ""公称壁厚允许偏差"": ""+1.0""}"
customer_liaoning_taichang_20260606_p0,辽宁,2025-03,包1,2225AC,电缆保护管CPVC,rag_seed/power_grid_resources/01_tender_documents/22_国网辽宁电力2025年第三次物资协议库存招标采购/extracted/电缆保护管CPVC/包1_完整招标文件_53488484541066181/包1_技术规范书_53488481987137315/国家电网有限公司_电缆保护管 - 设备部(A171-500021527-00001)714025/国家电网有限公司_电缆保护管 - 设备部(A171-500021527-00001)/A171-500021527-00001 国家电网公司总部-配网标准化物资固化技术规范书-电缆保护管 CPVC.doc,3,6,dimension_parameter_table,10.0≤t＜12.0,公称壁厚: 10.0≤t＜12.0；公称壁厚允许偏差: +1.2,,pending_response,medium,存在项目需求值或标准值，但投标人响应值/保证值为空。,补充泰昌响应值、保证值或明确写入无偏差承诺后复核。,"{""序号"": ""5"", ""公称壁厚"": ""10.0≤t＜12.0"", ""公称壁厚允许偏差"": ""+1.2""}"
customer_liaoning_taichang_20260606_p0,辽宁,2025-03,包1,2225AC,电缆保护管CPVC,rag_seed/power_grid_resources/01_tender_documents/22_国网辽宁电力2025年第三次物资协议库存招标采购/extracted/电缆保护管CPVC/包1_完整招标文件_53488484541066181/包1_技术规范书_53488481987137315/国家电网有限公司_电缆保护管 - 设备部(A171-500021527-00001)714025/国家电网有限公司_电缆保护管 - 设备部(A171-500021527-00001)/A171-500021527-00001 国家电网公司总部-配网标准化物资固化技术规范书-电缆保护管 CPVC.doc,3,7,dimension_parameter_table,t≤12.0,公称壁厚: t≤12.0；公称壁厚允许偏差: +1.4,,pending_response,medium,存在项目需求值或标准值，但投标人响应值/保证值为空。,补充泰昌响应值、保证值或明确写入无偏差承诺后复核。,"{""序号"": ""6"", ""公称壁厚"": ""t≤12.0"", ""公称壁厚允许偏差"": ""+1.4""}"
customer_liaoning_taichang_20260606_p0,辽宁,2025-03,包1,2225AC,电缆保护管CPVC,rag_seed/power_grid_resources/01_tender_documents/22_国网辽宁电力2025年第三次物资协议库存招标采购/extracted/电缆保护管CPVC/包1_完整招标文件_53488484541066181/包1_技术规范书_53488481987137315/国家电网有限公司_电缆保护管 - 设备部(A171-500021527-00001)714025/国家电网有限公司_电缆保护管 - 设备部(A171-500021527-00001)/A171-500021527-00001 国家电网公司总部-配网标准化物资固化技术规范书-电缆保护管 CPVC.doc,3,8,dimension_parameter_table,注：t为公称壁厚。,公称壁厚: 注：t为公称壁厚。；公称壁厚允许偏差: 注：t为公称壁厚。,,pending_response,medium,存在项目需求值或标准值，但投标人响应值/保证值为空。,补充泰昌响应值、保证值或明确写入无偏差承诺后复核。,"{""序号"": ""注：t为公称壁厚。"", ""公称壁厚"": ""注：t为公称壁厚。"", ""公称壁厚允许偏差"": ""注：t为公称壁厚。""}"
customer_liaoning_taichang_20260606_p0,辽宁,2025-03,包1,2225AC,电缆保护管CPVC,rag_seed/power_grid_resources/01_tender_documents/22_国网辽宁电力2025年第三次物资协议库存招标采购/extracted/电缆保护管CPVC/包1_完整招标文件_53488484541066181/包1_技术规范书_53488481987137315/国家电网有限公司_电缆保护管 - 设备部(A171-500021527-00001)714025/国家电网有限公司_电缆保护管 - 设备部(A171-500021527-00001)/A171-500021527-00001 国家电网公司总部-配网标准化物资固化技术规范书-电缆保护管 CPVC.doc,4,2,performance_parameter_table,导管种类,,,informational,low,未识别到明确项目需求值或标准值，仅作为参数信息保留。,无需生成偏差判断，可在参数查询中展示。,"{""导管种类"": ""导管种类"", ""热塑性塑料实壁导管[环刚度(3%)"": ""氯化聚氯乙烯""}"
customer_liaoning_taichang_20260606_p0,辽宁,2025-03,包1,2225AC,电缆保护管CPVC,rag_seed/power_grid_resources/01_tender_documents/22_国网辽宁电力2025年第三次物资协议库存招标采购/extracted/电缆保护管CPVC/包1_完整招标文件_53488484541066181/包1_技术规范书_53488481987137315/国家电网有限公司_电缆保护管 - 设备部(A171-500021527-00001)714025/国家电网有限公司_电缆保护管 - 设备部(A171-500021527-00001)/A171-500021527-00001 国家电网公司总部-配网标准化物资固化技术规范书-电缆保护管 CPVC.doc,4,3,performance_parameter_table,环刚度等级,,,informational,low,未识别到明确项目需求值或标准值，仅作为参数信息保留。,无需生成偏差判断，可在参数查询中展示。,"{""导管种类"": ""环刚度等级"", ""热塑性塑料实壁导管[环刚度(3%)"": ""SN12""}"
customer_liaoning_taichang_20260606_p0,辽宁,2025-03,包1,2225AC,电缆保护管CPVC,rag_seed/power_grid_resources/01_tender_documents/22_国网辽宁电力2025年第三次物资协议库存招标采购/extracted/电缆保护管CPVC/包1_完整招标文件_53488484541066181/包1_技术规范书_53488481987137315/国家电网有限公司_电缆保护管 - 设备部(A171-500021527-00001)714025/国家电网有限公司_电缆保护管 - 设备部(A171-500021527-00001)/A171-500021527-00001 国家电网公司总部-配网标准化物资固化技术规范书-电缆保护管 CPVC.doc,4,4,performance_parameter_table,环刚度（80℃）kPa,,,informational,low,未识别到明确项目需求值或标准值，仅作为参数信息保留。,无需生成偏差判断，可在参数查询中展示。,"{""导管种类"": ""环刚度（80℃）kPa"", ""热塑性塑料实壁导管[环刚度(3%)"": ""≥12""}"
customer_liaoning_taichang_20260606_p0,辽宁,2025-03,包1,2225AC,电缆保护管CPVC,rag_seed/power_grid_resources/01_tender_documents/22_国网辽宁电力2025年第三次物资协议库存招标采购/extracted/电缆保护管CPVC/包1_完整招标文件_53488484541066181/包1_技术规范书_53488481987137315/国家电网有限公司_电缆保护管 - 设备部(A171-500021527-00001)714025/国家电网有限公司_电缆保护管 - 设备部(A171-500021527-00001)/A171-500021527-00001 国家电网公司总部-配网标准化物资固化技术规范书-电缆保护管 CPVC.doc,5,2,dimension_parameter_table,公称内径 50,公称内径 mm: 50；落锤质量(偏差±1.0%)kg: 2.00；冲击高度(偏差±20)mm: 1200,,pending_response,medium,存在项目需求值或标准值，但投标人响应值/保证值为空。,补充泰昌响应值、保证值或明确写入无偏差承诺后复核。,"{""公称内径 mm"": ""50"", ""落锤质量(偏差±1.0%)kg"": ""2.00"", ""冲击高度(偏差±20)mm"": ""1200""}"
customer_liaoning_taichang_20260606_p0,辽宁,2025-03,包1,2225AC,电缆保护管CPVC,rag_seed/power_grid_resources/01_tender_documents/22_国网辽宁电力2025年第三次物资协议库存招标采购/extracted/电缆保护管CPVC/包1_完整招标文件_53488484541066181/包1_技术规范书_53488481987137315/国家电网有限公司_电缆保护管 - 设备部(A171-500021527-00001)714025/国家电网有限公司_电缆保护管 - 设备部(A171-500021527-00001)/A171-500021527-00001 国家电网公司总部-配网标准化物资固化技术规范书-电缆保护管 CPVC.doc,5,3,dimension_parameter_table,公称内径 100,公称内径 mm: 100；落锤质量(偏差±1.0%)kg: 2.50；冲击高度(偏差±20)mm: 1200,,pending_response,medium,存在项目需求值或标准值，但投标人响应值/保证值为空。,补充泰昌响应值、保证值或明确写入无偏差承诺后复核。,"{""公称内径 mm"": ""100"", ""落锤质量(偏差±1.0%)kg"": ""2.50"", ""冲击高度(偏差±20)mm"": ""1200""}"
customer_liaoning_taichang_20260606_p0,辽宁,2025-03,包1,2225AC,电缆保护管CPVC,rag_seed/power_grid_resources/01_tender_documents/22_国网辽宁电力2025年第三次物资协议库存招标采购/extracted/电缆保护管CPVC/包1_完整招标文件_53488484541066181/包1_技术规范书_53488481987137315/国家电网有限公司_电缆保护管 - 设备部(A171-500021527-00001)714025/国家电网有限公司_电缆保护管 - 设备部(A171-500021527-00001)/A171-500021527-00001 国家电网公司总部-配网标准化物资固化技术规范书-电缆保护管 CPVC.doc,5,4,dimension_parameter_table,公称内径 125,公称内径 mm: 125；落锤质量(偏差±1.0%)kg: 2.50；冲击高度(偏差±20)mm: 1200,,pending_response,medium,存在项目需求值或标准值，但投标人响应值/保证值为空。,补充泰昌响应值、保证值或明确写入无偏差承诺后复核。,"{""公称内径 mm"": ""125"", ""落锤质量(偏差±1.0%)kg"": ""2.50"", ""冲击高度(偏差±20)mm"": ""1200""}"
customer_liaoning_taichang_20260606_p0,辽宁,2025-03,包1,2225AC,电缆保护管CPVC,rag_seed/power_grid_resources/01_tender_documents/22_国网辽宁电力2025年第三次物资协议库存招标采购/extracted/电缆保护管CPVC/包1_完整招标文件_53488484541066181/包1_技术规范书_53488481987137315/国家电网有限公司_电缆保护管 - 设备部(A171-500021527-00001)714025/国家电网有限公司_电缆保护管 - 设备部(A171-500021527-00001)/A171-500021527-00001 国家电网公司总部-配网标准化物资固化技术规范书-电缆保护管 CPVC.doc,5,5,dimension_parameter_table,公称内径 150,公称内径 mm: 150；落锤质量(偏差±1.0%)kg: 3.20；冲击高度(偏差±20)mm: 1200,,pending_response,medium,存在项目需求值或标准值，但投标人响应值/保证值为空。,补充泰昌响应值、保证值或明确写入无偏差承诺后复核。,"{""公称内径 mm"": ""150"", ""落锤质量(偏差±1.0%)kg"": ""3.20"", ""冲击高度(偏差±20)mm"": ""1200""}"
customer_liaoning_taichang_20260606_p0,辽宁,2025-03,包1,2225AC,电缆保护管CPVC,rag_seed/power_grid_resources/01_tender_documents/22_国网辽宁电力2025年第三次物资协议库存招标采购/extracted/电缆保护管CPVC/包1_完整招标文件_53488484541066181/包1_技术规范书_53488481987137315/国家电网有限公司_电缆保护管 - 设备部(A171-500021527-00001)714025/国家电网有限公司_电缆保护管 - 设备部(A171-500021527-00001)/A171-500021527-00001 国家电网公司总部-配网标准化物资固化技术规范书-电缆保护管 CPVC.doc,5,6,dimension_parameter_table,公称内径 175,公称内径 mm: 175；落锤质量(偏差±1.0%)kg: 4.00；冲击高度(偏差±20)mm: 1200,,pending_response,medium,存在项目需求值或标准值，但投标人响应值/保证值为空。,补充泰昌响应值、保证值或明确写入无偏差承诺后复核。,"{""公称内径 mm"": ""175"", ""落锤质量(偏差±1.0%)kg"": ""4.00"", ""冲击高度(偏差±20)mm"": ""1200""}"
customer_liaoning_taichang_20260606_p0,辽宁,2025-03,包1,2225AC,电缆保护管CPVC,rag_seed/power_grid_resources/01_tender_documents/22_国网辽宁电力2025年第三次物资协议库存招标采购/extracted/电缆保护管CPVC/包1_完整招标文件_53488484541066181/包1_技术规范书_53488481987137315/国家电网有限公司_电缆保护管 - 设备部(A171-500021527-00001)714025/国家电网有限公司_电缆保护管 - 设备部(A171-500021527-00001)/A171-500021527-00001 国家电网公司总部-配网标准化物资固化技术规范书-电缆保护管 CPVC.doc,5,7,dimension_parameter_table,公称内径 200,公称内径 mm: 200；落锤质量(偏差±1.0%)kg: 5.00；冲击高度(偏差±20)mm: 1200,,pending_response,medium,存在项目需求值或标准值，但投标人响应值/保证值为空。,补充泰昌响应值、保证值或明确写入无偏差承诺后复核。,"{""公称内径 mm"": ""200"", ""落锤质量(偏差±1.0%)kg"": ""5.00"", ""冲击高度(偏差±20)mm"": ""1200""}"
customer_liaoning_taichang_20260606_p0,辽宁,2025-03,包1,2225AC,电缆保护管CPVC,rag_seed/power_grid_resources/01_tender_documents/22_国网辽宁电力2025年第三次物资协议库存招标采购/extracted/电缆保护管CPVC/包1_完整招标文件_53488484541066181/包1_技术规范书_53488481987137315/国家电网有限公司_电缆保护管 - 设备部(A171-500021527-00001)714025/国家电网有限公司_电缆保护管 - 设备部(A171-500021527-00001)/A171-500021527-00001 国家电网公司总部-配网标准化物资固化技术规范书-电缆保护管 CPVC.doc,5,8,dimension_parameter_table,公称内径 225,公称内径 mm: 225；落锤质量(偏差±1.0%)kg: 5.00；冲击高度(偏差±20)mm: 1200,,pending_response,medium,存在项目需求值或标准值，但投标人响应值/保证值为空。,补充泰昌响应值、保证值或明确写入无偏差承诺后复核。,"{""公称内径 mm"": ""225"", ""落锤质量(偏差±1.0%)kg"": ""5.00"", ""冲击高度(偏差±20)mm"": ""1200""}"
customer_liaoning_taichang_20260606_p0,辽宁,2025-03,包1,2225AC,电缆保护管CPVC,rag_seed/power_grid_resources/01_tender_documents/22_国网辽宁电力2025年第三次物资协议库存招标采购/extracted/电缆保护管CPVC/包1_完整招标文件_53488484541066181/包1_技术规范书_53488481987137315/国家电网有限公司_电缆保护管 - 设备部(A171-500021527-00001)714025/国家电网有限公司_电缆保护管 - 设备部(A171-500021527-00001)/A171-500021527-00001 国家电网公司总部-配网标准化物资固化技术规范书-电缆保护管 CPVC.doc,5,9,dimension_parameter_table,公称内径 250,公称内径 mm: 250；落锤质量(偏差±1.0%)kg: 5.00；冲击高度(偏差±20)mm: 1200,,pending_response,medium,存在项目需求值或标准值，但投标人响应值/保证值为空。,补充泰昌响应值、保证值或明确写入无偏差承诺后复核。,"{""公称内径 mm"": ""250"", ""落锤质量(偏差±1.0%)kg"": ""5.00"", ""冲击高度(偏差±20)mm"": ""1200""}"
customer_liaoning_taichang_20260606_p0,辽宁,2025-03,包1,2225AC,电缆保护管CPVC,rag_seed/power_grid_resources/01_tender_documents/22_国网辽宁电力2025年第三次物资协议库存招标采购/extracted/电缆保护管CPVC/包1_完整招标文件_53488484541066181/包1_技术规范书_53488481987137315/国家电网有限公司_电缆保护管 - 设备部(A171-500021527-00001)714025/国家电网有限公司_电缆保护管 - 设备部(A171-500021527-00001)/A171-500021527-00001 国家电网公司总部-配网标准化物资固化技术规范书-电缆保护管 CPVC.doc,6,2,performance_parameter_table,密度,,,informational,low,未识别到明确项目需求值或标准值，仅作为参数信息保留。,无需生成偏差判断，可在参数查询中展示。,"{""项 目"": ""密度"", ""项 目_2"": ""密度"", ""单位"": ""g/cm3"", ""氯化聚氯乙烯塑料电缆导管"": ""≤1.60""}"
customer_liaoning_taichang_20260606_p0,辽宁,2025-03,包1,2225AC,电缆保护管CPVC,rag_seed/power_grid_resources/01_tender_documents/22_国网辽宁电力2025年第三次物资协议库存招标采购/extracted/电缆保护管CPVC/包1_完整招标文件_53488484541066181/包1_技术规范书_53488481987137315/国家电网有限公司_电缆保护管 - 设备部(A171-500021527-00001)714025/国家电网有限公司_电缆保护管 - 设备部(A171-500021527-00001)/A171-500021527-00001 国家电网公司总部-配网标准化物资固化技术规范书-电缆保护管 CPVC.doc,6,3,performance_parameter_table,环刚度（3%）,,,informational,low,未识别到明确项目需求值或标准值，仅作为参数信息保留。,无需生成偏差判断，可在参数查询中展示。,"{""项 目"": ""环刚度（3%）"", ""项 目_2"": ""常温"", ""单位"": ""kPa"", ""氯化聚氯乙烯塑料电缆导管"": """"}"
customer_liaoning_taichang_20260606_p0,辽宁,2025-03,包1,2225AC,电缆保护管CPVC,rag_seed/power_grid_resources/01_tender_documents/22_国网辽宁电力2025年第三次物资协议库存招标采购/extracted/电缆保护管CPVC/包1_完整招标文件_53488484541066181/包1_技术规范书_53488481987137315/国家电网有限公司_电缆保护管 - 设备部(A171-500021527-00001)714025/国家电网有限公司_电缆保护管 - 设备部(A171-500021527-00001)/A171-500021527-00001 国家电网公司总部-配网标准化物资固化技术规范书-电缆保护管 CPVC.doc,6,4,performance_parameter_table,环刚度（3%）,,,informational,low,未识别到明确项目需求值或标准值，仅作为参数信息保留。,无需生成偏差判断，可在参数查询中展示。,"{""项 目"": ""环刚度（3%）"", ""项 目_2"": ""80℃"", ""单位"": ""kPa"", ""氯化聚氯乙烯塑料电缆导管"": ""应符合表4的规定""}"
customer_liaoning_taichang_20260606_p0,辽宁,2025-03,包1,2225AC,电缆保护管CPVC,rag_seed/power_grid_resources/01_tender_documents/22_国网辽宁电力2025年第三次物资协议库存招标采购/extracted/电缆保护管CPVC/包1_完整招标文件_53488484541066181/包1_技术规范书_53488481987137315/国家电网有限公司_电缆保护管 - 设备部(A171-500021527-00001)714025/国家电网有限公司_电缆保护管 - 设备部(A171-500021527-00001)/A171-500021527-00001 国家电网公司总部-配网标准化物资固化技术规范书-电缆保护管 CPVC.doc,6,5,performance_parameter_table,压扁试验,,,informational,low,未识别到明确项目需求值或标准值，仅作为参数信息保留。,无需生成偏差判断，可在参数查询中展示。,"{""项 目"": ""压扁试验"", ""项 目_2"": ""压扁试验"", ""单位"": """", ""氯化聚氯乙烯塑料电缆导管"": ""加荷至试样垂直方向变形量为原内径30%时，试样不应出现裂缝或破裂""}"
customer_liaoning_taichang_20260606_p0,辽宁,2025-03,包1,2225AC,电缆保护管CPVC,rag_seed/power_grid_resources/01_tender_documents/22_国网辽宁电力2025年第三次物资协议库存招标采购/extracted/电缆保护管CPVC/包1_完整招标文件_53488484541066181/包1_技术规范书_53488481987137315/国家电网有限公司_电缆保护管 - 设备部(A171-500021527-00001)714025/国家电网有限公司_电缆保护管 - 设备部(A171-500021527-00001)/A171-500021527-00001 国家电网公司总部-配网标准化物资固化技术规范书-电缆保护管 CPVC.doc,6,6,performance_parameter_table,落锤冲击,,,informational,low,未识别到明确项目需求值或标准值，仅作为参数信息保留。,无需生成偏差判断，可在参数查询中展示。,"{""项 目"": ""落锤冲击"", ""项 目_2"": ""落锤冲击"", ""单位"": """", ""氯化聚氯乙烯塑料电缆导管"": ""按表5试验，试样不应出现裂缝或破裂""}"
customer_liaoning_taichang_20260606_p0,辽宁,2025-03,包1,2225AC,电缆保护管CPVC,rag_seed/power_grid_resources/01_tender_documents/22_国网辽宁电力2025年第三次物资协议库存招标采购/extracted/电缆保护管CPVC/包1_完整招标文件_53488484541066181/包1_技术规范书_53488481987137315/国家电网有限公司_电缆保护管 - 设备部(A171-500021527-00001)714025/国家电网有限公司_电缆保护管 - 设备部(A171-500021527-00001)/A171-500021527-00001 国家电网公司总部-配网标准化物资固化技术规范书-电缆保护管 CPVC.doc,6,7,performance_parameter_table,维卡软化温度,,,informational,low,未识别到明确项目需求值或标准值，仅作为参数信息保留。,无需生成偏差判断，可在参数查询中展示。,"{""项 目"": ""维卡软化温度"", ""项 目_2"": ""维卡软化温度"", ""单位"": ""℃"", ""氯化聚氯乙烯塑料电缆导管"": ""≥93""}"
customer_liaoning_taichang_20260606_p0,辽宁,2025-03,包1,2225AC,电缆保护管CPVC,rag_seed/power_grid_resources/01_tender_documents/22_国网辽宁电力2025年第三次物资协议库存招标采购/extracted/电缆保护管CPVC/包1_完整招标文件_53488484541066181/包1_技术规范书_53488481987137315/国家电网有限公司_电缆保护管 - 设备部(A171-500021527-00001)714025/国家电网有限公司_电缆保护管 - 设备部(A171-500021527-00001)/A171-500021527-00001 国家电网公司总部-配网标准化物资固化技术规范书-电缆保护管 CPVC.doc,6,8,performance_parameter_table,纵向回缩率,,,informational,low,未识别到明确项目需求值或标准值，仅作为参数信息保留。,无需生成偏差判断，可在参数查询中展示。,"{""项 目"": ""纵向回缩率"", ""项 目_2"": ""纵向回缩率"", ""单位"": ""%"", ""氯化聚氯乙烯塑料电缆导管"": ""≤5""}"
customer_liaoning_taichang_20260606_p0,辽宁,2025-03,包1,2225AC,电缆保护管CPVC,rag_seed/power_grid_resources/01_tender_documents/22_国网辽宁电力2025年第三次物资协议库存招标采购/extracted/电缆保护管CPVC/包1_完整招标文件_53488484541066181/包1_技术规范书_53488481987137315/国家电网有限公司_电缆保护管 - 设备部(A171-500021527-00001)714025/国家电网有限公司_电缆保护管 - 设备部(A171-500021527-00001)/A171-500021527-00001 国家电网公司总部-配网标准化物资固化技术规范书-电缆保护管 CPVC.doc,6,9,performance_parameter_table,使用寿命,,,informational,low,未识别到明确项目需求值或标准值，仅作为参数信息保留。,无需生成偏差判断，可在参数查询中展示。,"{""项 目"": ""使用寿命"", ""项 目_2"": ""使用寿命"", ""单位"": """", ""氯化聚氯乙烯塑料电缆导管"": ""≥30年""}"
customer_liaoning_taichang_20260606_p0,辽宁,2025-03,包1,2225AC,电缆保护管CPVC,rag_seed/power_grid_resources/01_tender_documents/22_国网辽宁电力2025年第三次物资协议库存招标采购/extracted/电缆保护管CPVC/包1_完整招标文件_53488484541066181/包1_技术规范书_53488481987137315/国网辽宁省电力有限公司_2025年辽宁公司省招采购非结构化固化ID编制（G00J-500032536-00005）/电缆保护管-CPVC（φ150）.doc,1,4,dimension_parameter_table,公称内径 70,公称壁厚e / 环刚度等级b / SN20: 3.5；公称壁厚e / 环刚度等级b / SN 30: 4.0；公称壁厚e / 环刚度等级b / SN 40: 4.5；不圆度: ≤1.6,,pending_response,medium,存在项目需求值或标准值，但投标人响应值/保证值为空。,补充泰昌响应值、保证值或明确写入无偏差承诺后复核。,"{""公称内径 DN/ID"": ""70"", ""公称壁厚e / 环刚度等级b / SN20"": ""3.5"", ""公称壁厚e / 环刚度等级b / SN 30"": ""4.0"", ""公称壁厚e / 环刚度等级b / SN 40"": ""4.5"", ""不圆度"": ""≤1.6""}"
customer_liaoning_taichang_20260606_p0,辽宁,2025-03,包1,2225AC,电缆保护管CPVC,rag_seed/power_grid_resources/01_tender_documents/22_国网辽宁电力2025年第三次物资协议库存招标采购/extracted/电缆保护管CPVC/包1_完整招标文件_53488484541066181/包1_技术规范书_53488481987137315/国网辽宁省电力有限公司_2025年辽宁公司省招采购非结构化固化ID编制（G00J-500032536-00005）/电缆保护管-CPVC（φ150）.doc,1,5,dimension_parameter_table,公称内径 90,公称壁厚e / 环刚度等级b / SN20: 4.0；公称壁厚e / 环刚度等级b / SN 30: 4.5；公称壁厚e / 环刚度等级b / SN 40: 5.0；不圆度: ≤1.8,,pending_response,medium,存在项目需求值或标准值，但投标人响应值/保证值为空。,补充泰昌响应值、保证值或明确写入无偏差承诺后复核。,"{""公称内径 DN/ID"": ""90"", ""公称壁厚e / 环刚度等级b / SN20"": ""4.0"", ""公称壁厚e / 环刚度等级b / SN 30"": ""4.5"", ""公称壁厚e / 环刚度等级b / SN 40"": ""5.0"", ""不圆度"": ""≤1.8""}"
customer_liaoning_taichang_20260606_p0,辽宁,2025-03,包1,2225AC,电缆保护管CPVC,rag_seed/power_grid_resources/01_tender_documents/22_国网辽宁电力2025年第三次物资协议库存招标采购/extracted/电缆保护管CPVC/包1_完整招标文件_53488484541066181/包1_技术规范书_53488481987137315/国网辽宁省电力有限公司_2025年辽宁公司省招采购非结构化固化ID编制（G00J-500032536-00005）/电缆保护管-CPVC（φ150）.doc,1,6,dimension_parameter_table,公称内径 100,公称壁厚e / 环刚度等级b / SN20: 4.0；公称壁厚e / 环刚度等级b / SN 30: 5.0；公称壁厚e / 环刚度等级b / SN 40: 6.0；不圆度: ≤2.0,,pending_response,medium,存在项目需求值或标准值，但投标人响应值/保证值为空。,补充泰昌响应值、保证值或明确写入无偏差承诺后复核。,"{""公称内径 DN/ID"": ""100"", ""公称壁厚e / 环刚度等级b / SN20"": ""4.0"", ""公称壁厚e / 环刚度等级b / SN 30"": ""5.0"", ""公称壁厚e / 环刚度等级b / SN 40"": ""6.0"", ""不圆度"": ""≤2.0""}"
customer_liaoning_taichang_20260606_p0,辽宁,2025-03,包1,2225AC,电缆保护管CPVC,rag_seed/power_grid_resources/01_tender_documents/22_国网辽宁电力2025年第三次物资协议库存招标采购/extracted/电缆保护管CPVC/包1_完整招标文件_53488484541066181/包1_技术规范书_53488481987137315/国网辽宁省电力有限公司_2025年辽宁公司省招采购非结构化固化ID编制（G00J-500032536-00005）/电缆保护管-CPVC（φ150）.doc,1,7,dimension_parameter_table,公称内径 125,公称壁厚e / 环刚度等级b / SN20: 5.0；公称壁厚e / 环刚度等级b / SN 30: 6.5；公称壁厚e / 环刚度等级b / SN 40: 8.0；不圆度: ≤2.3,,pending_response,medium,存在项目需求值或标准值，但投标人响应值/保证值为空。,补充泰昌响应值、保证值或明确写入无偏差承诺后复核。,"{""公称内径 DN/ID"": ""125"", ""公称壁厚e / 环刚度等级b / SN20"": ""5.0"", ""公称壁厚e / 环刚度等级b / SN 30"": ""6.5"", ""公称壁厚e / 环刚度等级b / SN 40"": ""8.0"", ""不圆度"": ""≤2.3""}"
customer_liaoning_taichang_20260606_p0,辽宁,2025-03,包1,2225AC,电缆保护管CPVC,rag_seed/power_grid_resources/01_tender_documents/22_国网辽宁电力2025年第三次物资协议库存招标采购/extracted/电缆保护管CPVC/包1_完整招标文件_53488484541066181/包1_技术规范书_53488481987137315/国网辽宁省电力有限公司_2025年辽宁公司省招采购非结构化固化ID编制（G00J-500032536-00005）/电缆保护管-CPVC（φ150）.doc,1,8,dimension_parameter_table,公称内径 150,公称壁厚e / 环刚度等级b / SN20: 6.5；公称壁厚e / 环刚度等级b / SN 30: 8.0；公称壁厚e / 环刚度等级b / SN 40: 9.5；不圆度: ≤2.5,,pending_response,medium,存在项目需求值或标准值，但投标人响应值/保证值为空。,补充泰昌响应值、保证值或明确写入无偏差承诺后复核。,"{""公称内径 DN/ID"": ""150"", ""公称壁厚e / 环刚度等级b / SN20"": ""6.5"", ""公称壁厚e / 环刚度等级b / SN 30"": ""8.0"", ""公称壁厚e / 环刚度等级b / SN 40"": ""9.5"", ""不圆度"": ""≤2.5""}"
customer_liaoning_taichang_20260606_p0,辽宁,2025-03,包1,2225AC,电缆保护管CPVC,rag_seed/power_grid_resources/01_tender_documents/22_国网辽宁电力2025年第三次物资协议库存招标采购/extracted/电缆保护管CPVC/包1_完整招标文件_53488484541066181/包1_技术规范书_53488481987137315/国网辽宁省电力有限公司_2025年辽宁公司省招采购非结构化固化ID编制（G00J-500032536-00005）/电缆保护管-CPVC（φ150）.doc,1,9,dimension_parameter_table,公称内径 175,公称壁厚e / 环刚度等级b / SN20: 8.0；公称壁厚e / 环刚度等级b / SN 30: 9.5；公称壁厚e / 环刚度等级b / SN 40: 11.0；不圆度: ≤2.8,,pending_response,medium,存在项目需求值或标准值，但投标人响应值/保证值为空。,补充泰昌响应值、保证值或明确写入无偏差承诺后复核。,"{""公称内径 DN/ID"": ""175"", ""公称壁厚e / 环刚度等级b / SN20"": ""8.0"", ""公称壁厚e / 环刚度等级b / SN 30"": ""9.5"", ""公称壁厚e / 环刚度等级b / SN 40"": ""11.0"", ""不圆度"": ""≤2.8""}"
customer_liaoning_taichang_20260606_p0,辽宁,2025-03,包1,2225AC,电缆保护管CPVC,rag_seed/power_grid_resources/01_tender_documents/22_国网辽宁电力2025年第三次物资协议库存招标采购/extracted/电缆保护管CPVC/包1_完整招标文件_53488484541066181/包1_技术规范书_53488481987137315/国网辽宁省电力有限公司_2025年辽宁公司省招采购非结构化固化ID编制（G00J-500032536-00005）/电缆保护管-CPVC（φ150）.doc,1,10,dimension_parameter_table,公称内径 200,公称壁厚e / 环刚度等级b / SN20: 9.0；公称壁厚e / 环刚度等级b / SN 30: 11.0；公称壁厚e / 环刚度等级b / SN 40: 13.0；不圆度: ≤3.2,,pending_response,medium,存在项目需求值或标准值，但投标人响应值/保证值为空。,补充泰昌响应值、保证值或明确写入无偏差承诺后复核。,"{""公称内径 DN/ID"": ""200"", ""公称壁厚e / 环刚度等级b / SN20"": ""9.0"", ""公称壁厚e / 环刚度等级b / SN 30"": ""11.0"", ""公称壁厚e / 环刚度等级b / SN 40"": ""13.0"", ""不圆度"": ""≤3.2""}"
customer_liaoning_taichang_20260606_p0,辽宁,2025-03,包1,2225AC,电缆保护管CPVC,rag_seed/power_grid_resources/01_tender_documents/22_国网辽宁电力2025年第三次物资协议库存招标采购/extracted/电缆保护管CPVC/包1_完整招标文件_53488484541066181/包1_技术规范书_53488481987137315/国网辽宁省电力有限公司_2025年辽宁公司省招采购非结构化固化ID编制（G00J-500032536-00005）/电缆保护管-CPVC（φ150）.doc,2,2,dimension_parameter_table,公称内径 50,公称内径允许偏差: +0.5；承口内径允许偏差: +0.5；承口最小深度: 60,,pending_response,medium,存在项目需求值或标准值，但投标人响应值/保证值为空。,补充泰昌响应值、保证值或明确写入无偏差承诺后复核。,"{""序号"": ""1"", ""公称内径"": ""50"", ""公称内径允许偏差"": ""+0.5"", ""承口内径允许偏差"": ""+0.5"", ""承口最小深度"": ""60""}"
customer_liaoning_taichang_20260606_p0,辽宁,2025-03,包1,2225AC,电缆保护管CPVC,rag_seed/power_grid_resources/01_tender_documents/22_国网辽宁电力2025年第三次物资协议库存招标采购/extracted/电缆保护管CPVC/包1_完整招标文件_53488484541066181/包1_技术规范书_53488481987137315/国网辽宁省电力有限公司_2025年辽宁公司省招采购非结构化固化ID编制（G00J-500032536-00005）/电缆保护管-CPVC（φ150）.doc,2,3,dimension_parameter_table,公称内径 100,公称内径允许偏差: +0.6；承口内径允许偏差: +0.6；承口最小深度: 80,,pending_response,medium,存在项目需求值或标准值，但投标人响应值/保证值为空。,补充泰昌响应值、保证值或明确写入无偏差承诺后复核。,"{""序号"": ""2"", ""公称内径"": ""100"", ""公称内径允许偏差"": ""+0.6"", ""承口内径允许偏差"": ""+0.6"", ""承口最小深度"": ""80""}"
customer_liaoning_taichang_20260606_p0,辽宁,2025-03,包1,2225AC,电缆保护管CPVC,rag_seed/power_grid_resources/01_tender_documents/22_国网辽宁电力2025年第三次物资协议库存招标采购/extracted/电缆保护管CPVC/包1_完整招标文件_53488484541066181/包1_技术规范书_53488481987137315/国网辽宁省电力有限公司_2025年辽宁公司省招采购非结构化固化ID编制（G00J-500032536-00005）/电缆保护管-CPVC（φ150）.doc,2,4,dimension_parameter_table,公称内径 125,公称内径允许偏差: +0.7；承口内径允许偏差: +0.7；承口最小深度: 100,,pending_response,medium,存在项目需求值或标准值，但投标人响应值/保证值为空。,补充泰昌响应值、保证值或明确写入无偏差承诺后复核。,"{""序号"": ""3"", ""公称内径"": ""125"", ""公称内径允许偏差"": ""+0.7"", ""承口内径允许偏差"": ""+0.7"", ""承口最小深度"": ""100""}"
customer_liaoning_taichang_20260606_p0,辽宁,2025-03,包1,2225AC,电缆保护管CPVC,rag_seed/power_grid_resources/01_tender_documents/22_国网辽宁电力2025年第三次物资协议库存招标采购/extracted/电缆保护管CPVC/包1_完整招标文件_53488484541066181/包1_技术规范书_53488481987137315/国网辽宁省电力有限公司_2025年辽宁公司省招采购非结构化固化ID编制（G00J-500032536-00005）/电缆保护管-CPVC（φ150）.doc,2,5,dimension_parameter_table,公称内径 150,公称内径允许偏差: +0.8；承口内径允许偏差: +0.8；承口最小深度: 100,,pending_response,medium,存在项目需求值或标准值，但投标人响应值/保证值为空。,补充泰昌响应值、保证值或明确写入无偏差承诺后复核。,"{""序号"": ""4"", ""公称内径"": ""150"", ""公称内径允许偏差"": ""+0.8"", ""承口内径允许偏差"": ""+0.8"", ""承口最小深度"": ""100""}"
customer_liaoning_taichang_20260606_p0,辽宁,2025-03,包1,2225AC,电缆保护管CPVC,rag_seed/power_grid_resources/01_tender_documents/22_国网辽宁电力2025年第三次物资协议库存招标采购/extracted/电缆保护管CPVC/包1_完整招标文件_53488484541066181/包1_技术规范书_53488481987137315/国网辽宁省电力有限公司_2025年辽宁公司省招采购非结构化固化ID编制（G00J-500032536-00005）/电缆保护管-CPVC（φ150）.doc,2,6,dimension_parameter_table,公称内径 175,公称内径允许偏差: +0.9；承口内径允许偏差: +0.9；承口最小深度: 100,,pending_response,medium,存在项目需求值或标准值，但投标人响应值/保证值为空。,补充泰昌响应值、保证值或明确写入无偏差承诺后复核。,"{""序号"": ""5"", ""公称内径"": ""175"", ""公称内径允许偏差"": ""+0.9"", ""承口内径允许偏差"": ""+0.9"", ""承口最小深度"": ""100""}"
customer_liaoning_taichang_20260606_p0,辽宁,2025-03,包1,2225AC,电缆保护管CPVC,rag_seed/power_grid_resources/01_tender_documents/22_国网辽宁电力2025年第三次物资协议库存招标采购/extracted/电缆保护管CPVC/包1_完整招标文件_53488484541066181/包1_技术规范书_53488481987137315/国网辽宁省电力有限公司_2025年辽宁公司省招采购非结构化固化ID编制（G00J-500032536-00005）/电缆保护管-CPVC（φ150）.doc,2,7,dimension_parameter_table,公称内径 200,公称内径允许偏差: +1.0；承口内径允许偏差: +1.0；承口最小深度: 120,,pending_response,medium,存在项目需求值或标准值，但投标人响应值/保证值为空。,补充泰昌响应值、保证值或明确写入无偏差承诺后复核。,"{""序号"": ""6"", ""公称内径"": ""200"", ""公称内径允许偏差"": ""+1.0"", ""承口内径允许偏差"": ""+1.0"", ""承口最小深度"": ""120""}"
customer_liaoning_taichang_20260606_p0,辽宁,2025-03,包1,2225AC,电缆保护管CPVC,rag_seed/power_grid_resources/01_tender_documents/22_国网辽宁电力2025年第三次物资协议库存招标采购/extracted/电缆保护管CPVC/包1_完整招标文件_53488484541066181/包1_技术规范书_53488481987137315/国网辽宁省电力有限公司_2025年辽宁公司省招采购非结构化固化ID编制（G00J-500032536-00005）/电缆保护管-CPVC（φ150）.doc,2,8,dimension_parameter_table,公称内径 225,公称内径允许偏差: +1.1；承口内径允许偏差: +1.1；承口最小深度: 120,,pending_response,medium,存在项目需求值或标准值，但投标人响应值/保证值为空。,补充泰昌响应值、保证值或明确写入无偏差承诺后复核。,"{""序号"": ""7"", ""公称内径"": ""225"", ""公称内径允许偏差"": ""+1.1"", ""承口内径允许偏差"": ""+1.1"", ""承口最小深度"": ""120""}"
customer_liaoning_taichang_20260606_p0,辽宁,2025-03,包1,2225AC,电缆保护管CPVC,rag_seed/power_grid_resources/01_tender_documents/22_国网辽宁电力2025年第三次物资协议库存招标采购/extracted/电缆保护管CPVC/包1_完整招标文件_53488484541066181/包1_技术规范书_53488481987137315/国网辽宁省电力有限公司_2025年辽宁公司省招采购非结构化固化ID编制（G00J-500032536-00005）/电缆保护管-CPVC（φ150）.doc,2,9,dimension_parameter_table,公称内径 250,公称内径允许偏差: +1.2；承口内径允许偏差: +1.2；承口最小深度: 120,,pending_response,medium,存在项目需求值或标准值，但投标人响应值/保证值为空。,补充泰昌响应值、保证值或明确写入无偏差承诺后复核。,"{""序号"": ""7"", ""公称内径"": ""250"", ""公称内径允许偏差"": ""+1.2"", ""承口内径允许偏差"": ""+1.2"", ""承口最小深度"": ""120""}"
customer_liaoning_taichang_20260606_p0,辽宁,2025-03,包1,2225AC,电缆保护管CPVC,rag_seed/power_grid_resources/01_tender_documents/22_国网辽宁电力2025年第三次物资协议库存招标采购/extracted/电缆保护管CPVC/包1_完整招标文件_53488484541066181/包1_技术规范书_53488481987137315/国网辽宁省电力有限公司_2025年辽宁公司省招采购非结构化固化ID编制（G00J-500032536-00005）/电缆保护管-CPVC（φ150）.doc,2,10,dimension_parameter_table,公称内径 注1：承口最小深度是从承口端部到承口底部的最小距离； 注2：承口内径偏差为制造与设计的差数； 注3：其他规格尺寸由供需双方协商确定，其公称内径允许偏差、承口内径允许偏差以及承口最小深度以表中最接近的一档为准。,公称内径允许偏差: 注1：承口最小深度是从承口端部到承口底部的最小距离； 注2：承口内径偏差为制造与设计的差数； 注3：其他规格尺寸由供需双方协商确定，其公称内径允许偏差、承口内径允许偏差以及承口最小深度以表中最接近的一档为准。；承口内径允许偏差: 注1：承口最小深度是从承口端部到承口底部的最小距离； 注2：承口内径偏差为制造与设计的差数； 注3：其他规格尺寸由供需双方协商确定，其公称内径允许偏差、承口内径允许偏差以及承口最小深度以表中最接近的一档为准。；承口最小深度: 注1：承口最小深度是从承口端部到承口底部的最小距离； 注2：承口内径偏差为制造与设计的差数； 注3：其他规格尺寸由供需双方协商确定，其公称内径允许偏差、承口内径允许偏差以及承口最小深度以表中最接近的一档为准。,,pending_response,medium,存在项目需求值或标准值，但投标人响应值/保证值为空。,补充泰昌响应值、保证值或明确写入无偏差承诺后复核。,"{""序号"": ""注1：承口最小深度是从承口端部到承口底部的最小距离； 注2：承口内径偏差为制造与设计的差数； 注3：其他规格尺寸由供需双方协商确定，其公称内径允许偏差、承口内径允许偏差以及承口最小深度以表中最接近的一档为准。"", ""公称内径"": ""注1：承口最小深度是从承口端部到承口底部的最小距离； 注2：承口内径偏差为制造与设计的差数； 注3：其他规格尺寸由供需双方协商确定，其公称内径允许偏差、承口内径允许偏差以及承口最小深度以表中最接近的一档为准。"", ""公称内径允许偏差"": ""注1：承口最小深度是从承口端部到承口底部的最小距离； 注2：承口内径偏差为制造与设计的差数； 注3：其他规格尺寸由供需双方协商确定，其公称内径允许偏差、承口内径允许偏差以及承口最小深度以表中最接近的一档为准。"", ""承口内径允许偏差"": ""注1：承口最小深度是从承口端部到承口底部的最小距离； 注2：承口内径偏差为制造与设计的差数； 注3：其他规格尺寸由供需双方协商确定，其公称内径允许偏差、承口内径允许偏差以及承口最小深度以表中最接近的一档为准。"", ""承口最小深度"": ""注1：承口最小深度是从承口端部到承口底部的最小距离； 注2：承口内径偏差为制造与设计的差数； 注3：其他规格尺寸由供需双方协商确定，其公称内径允许偏差、承口内径允许偏差以及承口最小深度以表中最接近的一档为准。""}"
customer_liaoning_taichang_20260606_p0,辽宁,2025-03,包1,2225AC,电缆保护管CPVC,rag_seed/power_grid_resources/01_tender_documents/22_国网辽宁电力2025年第三次物资协议库存招标采购/extracted/电缆保护管CPVC/包1_完整招标文件_53488484541066181/包1_技术规范书_53488481987137315/国网辽宁省电力有限公司_2025年辽宁公司省招采购非结构化固化ID编制（G00J-500032536-00005）/电缆保护管-CPVC（φ150）.doc,3,2,dimension_parameter_table,t＜6.0,公称壁厚: t＜6.0；公称壁厚允许偏差: +0.6,,pending_response,medium,存在项目需求值或标准值，但投标人响应值/保证值为空。,补充泰昌响应值、保证值或明确写入无偏差承诺后复核。,"{""序号"": ""1"", ""公称壁厚"": ""t＜6.0"", ""公称壁厚允许偏差"": ""+0.6""}"
customer_liaoning_taichang_20260606_p0,辽宁,2025-03,包1,2225AC,电缆保护管CPVC,rag_seed/power_grid_resources/01_tender_documents/22_国网辽宁电力2025年第三次物资协议库存招标采购/extracted/电缆保护管CPVC/包1_完整招标文件_53488484541066181/包1_技术规范书_53488481987137315/国网辽宁省电力有限公司_2025年辽宁公司省招采购非结构化固化ID编制（G00J-500032536-00005）/电缆保护管-CPVC（φ150）.doc,3,3,dimension_parameter_table,6.0≤t＜7.0,公称壁厚: 6.0≤t＜7.0；公称壁厚允许偏差: +0.7,,pending_response,medium,存在项目需求值或标准值，但投标人响应值/保证值为空。,补充泰昌响应值、保证值或明确写入无偏差承诺后复核。,"{""序号"": ""2"", ""公称壁厚"": ""6.0≤t＜7.0"", ""公称壁厚允许偏差"": ""+0.7""}"
customer_liaoning_taichang_20260606_p0,辽宁,2025-03,包1,2225AC,电缆保护管CPVC,rag_seed/power_grid_resources/01_tender_documents/22_国网辽宁电力2025年第三次物资协议库存招标采购/extracted/电缆保护管CPVC/包1_完整招标文件_53488484541066181/包1_技术规范书_53488481987137315/国网辽宁省电力有限公司_2025年辽宁公司省招采购非结构化固化ID编制（G00J-500032536-00005）/电缆保护管-CPVC（φ150）.doc,3,4,dimension_parameter_table,7.0≤t＜8.0,公称壁厚: 7.0≤t＜8.0；公称壁厚允许偏差: +0.8,,pending_response,medium,存在项目需求值或标准值，但投标人响应值/保证值为空。,补充泰昌响应值、保证值或明确写入无偏差承诺后复核。,"{""序号"": ""3"", ""公称壁厚"": ""7.0≤t＜8.0"", ""公称壁厚允许偏差"": ""+0.8""}"
customer_liaoning_taichang_20260606_p0,辽宁,2025-03,包1,2225AC,电缆保护管CPVC,rag_seed/power_grid_resources/01_tender_documents/22_国网辽宁电力2025年第三次物资协议库存招标采购/extracted/电缆保护管CPVC/包1_完整招标文件_53488484541066181/包1_技术规范书_53488481987137315/国网辽宁省电力有限公司_2025年辽宁公司省招采购非结构化固化ID编制（G00J-500032536-00005）/电缆保护管-CPVC（φ150）.doc,3,5,dimension_parameter_table,8.0≤t＜10.0,公称壁厚: 8.0≤t＜10.0；公称壁厚允许偏差: +1.0,,pending_response,medium,存在项目需求值或标准值，但投标人响应值/保证值为空。,补充泰昌响应值、保证值或明确写入无偏差承诺后复核。,"{""序号"": ""4"", ""公称壁厚"": ""8.0≤t＜10.0"", ""公称壁厚允许偏差"": ""+1.0""}"
customer_liaoning_taichang_20260606_p0,辽宁,2025-03,包1,2225AC,电缆保护管CPVC,rag_seed/power_grid_resources/01_tender_documents/22_国网辽宁电力2025年第三次物资协议库存招标采购/extracted/电缆保护管CPVC/包1_完整招标文件_53488484541066181/包1_技术规范书_53488481987137315/国网辽宁省电力有限公司_2025年辽宁公司省招采购非结构化固化ID编制（G00J-500032536-00005）/电缆保护管-CPVC（φ150）.doc,3,6,dimension_parameter_table,10.0≤t＜12.0,公称壁厚: 10.0≤t＜12.0；公称壁厚允许偏差: +1.2,,pending_response,medium,存在项目需求值或标准值，但投标人响应值/保证值为空。,补充泰昌响应值、保证值或明确写入无偏差承诺后复核。,"{""序号"": ""5"", ""公称壁厚"": ""10.0≤t＜12.0"", ""公称壁厚允许偏差"": ""+1.2""}"
customer_liaoning_taichang_20260606_p0,辽宁,2025-03,包1,2225AC,电缆保护管CPVC,rag_seed/power_grid_resources/01_tender_documents/22_国网辽宁电力2025年第三次物资协议库存招标采购/extracted/电缆保护管CPVC/包1_完整招标文件_53488484541066181/包1_技术规范书_53488481987137315/国网辽宁省电力有限公司_2025年辽宁公司省招采购非结构化固化ID编制（G00J-500032536-00005）/电缆保护管-CPVC（φ150）.doc,3,7,dimension_parameter_table,t≤12.0,公称壁厚: t≤12.0；公称壁厚允许偏差: +1.4,,pending_response,medium,存在项目需求值或标准值，但投标人响应值/保证值为空。,补充泰昌响应值、保证值或明确写入无偏差承诺后复核。,"{""序号"": ""6"", ""公称壁厚"": ""t≤12.0"", ""公称壁厚允许偏差"": ""+1.4""}"
customer_liaoning_taichang_20260606_p0,辽宁,2025-03,包1,2225AC,电缆保护管CPVC,rag_seed/power_grid_resources/01_tender_documents/22_国网辽宁电力2025年第三次物资协议库存招标采购/extracted/电缆保护管CPVC/包1_完整招标文件_53488484541066181/包1_技术规范书_53488481987137315/国网辽宁省电力有限公司_2025年辽宁公司省招采购非结构化固化ID编制（G00J-500032536-00005）/电缆保护管-CPVC（φ150）.doc,3,8,dimension_parameter_table,注：t为公称壁厚。,公称壁厚: 注：t为公称壁厚。；公称壁厚允许偏差: 注：t为公称壁厚。,,pending_response,medium,存在项目需求值或标准值，但投标人响应值/保证值为空。,补充泰昌响应值、保证值或明确写入无偏差承诺后复核。,"{""序号"": ""注：t为公称壁厚。"", ""公称壁厚"": ""注：t为公称壁厚。"", ""公称壁厚允许偏差"": ""注：t为公称壁厚。""}"
customer_liaoning_taichang_20260606_p0,辽宁,2025-03,包1,2225AC,电缆保护管CPVC,rag_seed/power_grid_resources/01_tender_documents/22_国网辽宁电力2025年第三次物资协议库存招标采购/extracted/电缆保护管CPVC/包1_完整招标文件_53488484541066181/包1_技术规范书_53488481987137315/国网辽宁省电力有限公司_2025年辽宁公司省招采购非结构化固化ID编制（G00J-500032536-00005）/电缆保护管-CPVC（φ150）.doc,4,2,bid_response_parameter_table,"电缆保护管-材质:CPVC,标称直径:φ50",参照通用部分5.技术要求,,pending_response,medium,存在项目需求值或标准值，但投标人响应值/保证值为空。,补充泰昌响应值、保证值或明确写入无偏差承诺后复核。,"{""序号"": ""1"", ""技术参数名称"": ""电缆保护管-材质:CPVC,标称直径:φ50"", ""单位"": ""米"", ""项目需求值或表述"": ""参照通用部分5.技术要求"", ""投标人响应值"": """"}"
customer_liaoning_taichang_20260606_p0,辽宁,2025-03,包1,2225AC,电缆保护管CPVC,rag_seed/power_grid_resources/01_tender_documents/22_国网辽宁电力2025年第三次物资协议库存招标采购/extracted/电缆保护管CPVC/包1_完整招标文件_53488484541066181/包1_技术规范书_53488481987137315/国网辽宁省电力有限公司_2025年辽宁公司省招采购非结构化固化ID编制（G00J-500032536-00005）/电缆保护管-CPVC（φ150）.doc,4,3,bid_response_parameter_table,"电缆保护管-材质:CPVC,标称直径:φ100",参照通用部分5.技术要求,,pending_response,medium,存在项目需求值或标准值，但投标人响应值/保证值为空。,补充泰昌响应值、保证值或明确写入无偏差承诺后复核。,"{""序号"": ""2"", ""技术参数名称"": ""电缆保护管-材质:CPVC,标称直径:φ100"", ""单位"": ""米"", ""项目需求值或表述"": ""参照通用部分5.技术要求"", ""投标人响应值"": """"}"
customer_liaoning_taichang_20260606_p0,辽宁,2025-03,包1,2225AC,电缆保护管CPVC,rag_seed/power_grid_resources/01_tender_documents/22_国网辽宁电力2025年第三次物资协议库存招标采购/extracted/电缆保护管CPVC/包1_完整招标文件_53488484541066181/包1_技术规范书_53488481987137315/国网辽宁省电力有限公司_2025年辽宁公司省招采购非结构化固化ID编制（G00J-500032536-00005）/电缆保护管-CPVC（φ150）.doc,4,4,bid_response_parameter_table,"电缆保护管-材质:CPVC,标称直径:φ125",参照通用部分5.技术要求,,pending_response,medium,存在项目需求值或标准值，但投标人响应值/保证值为空。,补充泰昌响应值、保证值或明确写入无偏差承诺后复核。,"{""序号"": ""3"", ""技术参数名称"": ""电缆保护管-材质:CPVC,标称直径:φ125"", ""单位"": ""米"", ""项目需求值或表述"": ""参照通用部分5.技术要求"", ""投标人响应值"": """"}"
customer_liaoning_taichang_20260606_p0,辽宁,2025-03,包1,2225AC,电缆保护管CPVC,rag_seed/power_grid_resources/01_tender_documents/22_国网辽宁电力2025年第三次物资协议库存招标采购/extracted/电缆保护管CPVC/包1_完整招标文件_53488484541066181/包1_技术规范书_53488481987137315/国网辽宁省电力有限公司_2025年辽宁公司省招采购非结构化固化ID编制（G00J-500032536-00005）/电缆保护管-CPVC（φ150）.doc,4,5,bid_response_parameter_table,"电缆保护管-材质:CPVC,标称直径:φ150",参照通用部分5.技术要求,,pending_response,medium,存在项目需求值或标准值，但投标人响应值/保证值为空。,补充泰昌响应值、保证值或明确写入无偏差承诺后复核。,"{""序号"": ""4"", ""技术参数名称"": ""电缆保护管-材质:CPVC,标称直径:φ150"", ""单位"": ""米"", ""项目需求值或表述"": ""参照通用部分5.技术要求"", ""投标人响应值"": """"}"
customer_liaoning_taichang_20260606_p0,辽宁,2025-03,包1,2225AC,电缆保护管CPVC,rag_seed/power_grid_resources/01_tender_documents/22_国网辽宁电力2025年第三次物资协议库存招标采购/extracted/电缆保护管CPVC/包1_完整招标文件_53488484541066181/包1_技术规范书_53488481987137315/国网辽宁省电力有限公司_2025年辽宁公司省招采购非结构化固化ID编制（G00J-500032536-00005）/电缆保护管-CPVC（φ150）.doc,4,6,bid_response_parameter_table,"电缆保护管-材质:CPVC,标称直径:φ175",参照通用部分5.技术要求,,pending_response,medium,存在项目需求值或标准值，但投标人响应值/保证值为空。,补充泰昌响应值、保证值或明确写入无偏差承诺后复核。,"{""序号"": ""5"", ""技术参数名称"": ""电缆保护管-材质:CPVC,标称直径:φ175"", ""单位"": ""米"", ""项目需求值或表述"": ""参照通用部分5.技术要求"", ""投标人响应值"": """"}"
customer_liaoning_taichang_20260606_p0,辽宁,2025-03,包1,2225AC,电缆保护管CPVC,rag_seed/power_grid_resources/01_tender_documents/22_国网辽宁电力2025年第三次物资协议库存招标采购/extracted/电缆保护管CPVC/包1_完整招标文件_53488484541066181/包1_技术规范书_53488481987137315/国网辽宁省电力有限公司_2025年辽宁公司省招采购非结构化固化ID编制（G00J-500032536-00005）/电缆保护管-CPVC（φ150）.doc,4,7,bid_response_parameter_table,"电缆保护管-材质:CPVC,标称直径:φ200",参照通用部分5.技术要求,,pending_response,medium,存在项目需求值或标准值，但投标人响应值/保证值为空。,补充泰昌响应值、保证值或明确写入无偏差承诺后复核。,"{""序号"": ""6"", ""技术参数名称"": ""电缆保护管-材质:CPVC,标称直径:φ200"", ""单位"": ""米"", ""项目需求值或表述"": ""参照通用部分5.技术要求"", ""投标人响应值"": """"}"
customer_liaoning_taichang_20260606_p0,辽宁,2025-03,包1,2225AC,电缆保护管CPVC,rag_seed/power_grid_resources/01_tender_documents/22_国网辽宁电力2025年第三次物资协议库存招标采购/extracted/电缆保护管CPVC/包1_完整招标文件_53488484541066181/包1_技术规范书_53488481987137315/国网辽宁省电力有限公司_2025年辽宁公司省招采购非结构化固化ID编制（G00J-500032536-00005）/电缆保护管-CPVC（φ150）.doc,4,8,bid_response_parameter_table,"电缆保护管-材质:CPVC,内径:φ225",参照通用部分5.技术要求,,pending_response,medium,存在项目需求值或标准值，但投标人响应值/保证值为空。,补充泰昌响应值、保证值或明确写入无偏差承诺后复核。,"{""序号"": ""7"", ""技术参数名称"": ""电缆保护管-材质:CPVC,内径:φ225"", ""单位"": ""米"", ""项目需求值或表述"": ""参照通用部分5.技术要求"", ""投标人响应值"": """"}"
customer_liaoning_taichang_20260606_p0,辽宁,2025-03,包1,2225AC,电缆保护管CPVC,rag_seed/power_grid_resources/01_tender_documents/22_国网辽宁电力2025年第三次物资协议库存招标采购/extracted/电缆保护管CPVC/包1_完整招标文件_53488484541066181/包1_技术规范书_53488481987137315/国网辽宁省电力有限公司_2025年辽宁公司省招采购非结构化固化ID编制（G00J-500032536-00005）/电缆保护管-CPVC（φ150）.doc,4,9,bid_response_parameter_table,"电缆保护管-材质:CPVC,内径:φ250",参照通用部分5.技术要求,,pending_response,medium,存在项目需求值或标准值，但投标人响应值/保证值为空。,补充泰昌响应值、保证值或明确写入无偏差承诺后复核。,"{""序号"": ""8"", ""技术参数名称"": ""电缆保护管-材质:CPVC,内径:φ250"", ""单位"": ""米"", ""项目需求值或表述"": ""参照通用部分5.技术要求"", ""投标人响应值"": """"}"
customer_liaoning_taichang_20260606_p0,辽宁,2025-03,包1,2225AC,电缆保护管CPVC,rag_seed/power_grid_resources/01_tender_documents/22_国网辽宁电力2025年第三次物资协议库存招标采购/extracted/电缆保护管CPVC/包1_完整招标文件_53488484541066181/包1_技术规范书_53488481987137315/国网辽宁省电力有限公司_2025年辽宁公司省招采购非结构化固化ID编制（G00J-500032536-00005）/电缆保护管-CPVC（φ150）.doc,5,2,bid_response_parameter_table,环境温度,+40,,pending_response,medium,存在项目需求值或标准值，但投标人响应值/保证值为空。,补充泰昌响应值、保证值或明确写入无偏差承诺后复核。,"{""序号"": ""1"", ""名称"": ""环境温度"", ""名称_2"": ""最高温度"", ""单位"": ""℃"", ""项目需求值"": ""+40"", ""投标人响应值"": """"}"
customer_liaoning_taichang_20260606_p0,辽宁,2025-03,包1,2225AC,电缆保护管CPVC,rag_seed/power_grid_resources/01_tender_documents/22_国网辽宁电力2025年第三次物资协议库存招标采购/extracted/电缆保护管CPVC/包1_完整招标文件_53488484541066181/包1_技术规范书_53488481987137315/国网辽宁省电力有限公司_2025年辽宁公司省招采购非结构化固化ID编制（G00J-500032536-00005）/电缆保护管-CPVC（φ150）.doc,5,3,bid_response_parameter_table,环境温度,-40,,pending_response,medium,存在项目需求值或标准值，但投标人响应值/保证值为空。,补充泰昌响应值、保证值或明确写入无偏差承诺后复核。,"{""序号"": ""1"", ""名称"": ""环境温度"", ""名称_2"": ""最低温度"", ""单位"": ""℃"", ""项目需求值"": ""-40"", ""投标人响应值"": """"}"
customer_liaoning_taichang_20260606_p0,辽宁,2025-03,包1,2225AC,电缆保护管CPVC,rag_seed/power_grid_resources/01_tender_documents/22_国网辽宁电力2025年第三次物资协议库存招标采购/extracted/电缆保护管CPVC/包1_完整招标文件_53488484541066181/包1_技术规范书_53488481987137315/国网辽宁省电力有限公司_2025年辽宁公司省招采购非结构化固化ID编制（G00J-500032536-00005）/电缆保护管-CPVC（φ150）.doc,5,4,bid_response_parameter_table,环境温度,25,,pending_response,medium,存在项目需求值或标准值，但投标人响应值/保证值为空。,补充泰昌响应值、保证值或明确写入无偏差承诺后复核。,"{""序号"": ""1"", ""名称"": ""环境温度"", ""名称_2"": ""最大温差"", ""单位"": ""℃"", ""项目需求值"": ""25"", ""投标人响应值"": """"}"
customer_liaoning_taichang_20260606_p0,辽宁,2025-03,包1,2225AC,电缆保护管CPVC,rag_seed/power_grid_resources/01_tender_documents/22_国网辽宁电力2025年第三次物资协议库存招标采购/extracted/电缆保护管CPVC/包1_完整招标文件_53488484541066181/包1_技术规范书_53488481987137315/国网辽宁省电力有限公司_2025年辽宁公司省招采购非结构化固化ID编制（G00J-500032536-00005）/电缆保护管-CPVC（φ150）.doc,5,5,bid_response_parameter_table,海拔,≤1000,,pending_response,medium,存在项目需求值或标准值，但投标人响应值/保证值为空。,补充泰昌响应值、保证值或明确写入无偏差承诺后复核。,"{""序号"": ""2"", ""名称"": ""海拔"", ""名称_2"": ""海拔"", ""单位"": ""m"", ""项目需求值"": ""≤1000"", ""投标人响应值"": """"}"
customer_liaoning_taichang_20260606_p0,辽宁,2025-03,包1,2225AC,电缆保护管CPVC,rag_seed/power_grid_resources/01_tender_documents/22_国网辽宁电力2025年第三次物资协议库存招标采购/extracted/电缆保护管CPVC/包1_完整招标文件_53488484541066181/包1_技术规范书_53488481987137315/国网辽宁省电力有限公司_2025年辽宁公司省招采购非结构化固化ID编制（G00J-500032536-00005）/电缆保护管-CPVC（φ150）.doc,5,6,bid_response_parameter_table,日照,0.1,,pending_response,medium,存在项目需求值或标准值，但投标人响应值/保证值为空。,补充泰昌响应值、保证值或明确写入无偏差承诺后复核。,"{""序号"": ""3"", ""名称"": ""日照"", ""名称_2"": ""日照"", ""单位"": ""W/cm²"", ""项目需求值"": ""0.1"", ""投标人响应值"": """"}"
customer_liaoning_taichang_20260606_p0,辽宁,2025-03,包1,2225AC,电缆保护管CPVC,rag_seed/power_grid_resources/01_tender_documents/22_国网辽宁电力2025年第三次物资协议库存招标采购/extracted/电缆保护管CPVC/包1_完整招标文件_53488484541066181/包1_技术规范书_53488481987137315/国网辽宁省电力有限公司_2025年辽宁公司省招采购非结构化固化ID编制（G00J-500032536-00005）/电缆保护管-CPVC（φ150）.doc,5,7,bid_response_parameter_table,覆冰厚度,20,,pending_response,medium,存在项目需求值或标准值，但投标人响应值/保证值为空。,补充泰昌响应值、保证值或明确写入无偏差承诺后复核。,"{""序号"": ""4"", ""名称"": ""覆冰厚度"", ""名称_2"": ""覆冰厚度"", ""单位"": ""mm"", ""项目需求值"": ""20"", ""投标人响应值"": """"}"
customer_liaoning_taichang_20260606_p0,辽宁,2025-03,包1,2225AC,电缆保护管CPVC,rag_seed/power_grid_resources/01_tender_documents/22_国网辽宁电力2025年第三次物资协议库存招标采购/extracted/电缆保护管CPVC/包1_完整招标文件_53488484541066181/包1_技术规范书_53488481987137315/国网辽宁省电力有限公司_2025年辽宁公司省招采购非结构化固化ID编制（G00J-500032536-00005）/电缆保护管-CPVC（φ150）.doc,5,8,bid_response_parameter_table,最大风速,35,,pending_response,medium,存在项目需求值或标准值，但投标人响应值/保证值为空。,补充泰昌响应值、保证值或明确写入无偏差承诺后复核。,"{""序号"": ""5"", ""名称"": ""最大风速"", ""名称_2"": ""最大风速"", ""单位"": ""m/s"", ""项目需求值"": ""35"", ""投标人响应值"": """"}"
customer_liaoning_taichang_20260606_p0,辽宁,2025-03,包1,2225AC,电缆保护管CPVC,rag_seed/power_grid_resources/01_tender_documents/22_国网辽宁电力2025年第三次物资协议库存招标采购/extracted/电缆保护管CPVC/包1_完整招标文件_53488484541066181/包1_技术规范书_53488481987137315/国网辽宁省电力有限公司_2025年辽宁公司省招采购非结构化固化ID编制（G00J-500032536-00005）/电缆保护管-CPVC（φ150）.doc,5,9,bid_response_parameter_table,埋深,＜8,,pending_response,medium,存在项目需求值或标准值，但投标人响应值/保证值为空。,补充泰昌响应值、保证值或明确写入无偏差承诺后复核。,"{""序号"": ""6"", ""名称"": ""埋深"", ""名称_2"": ""埋深"", ""单位"": ""m"", ""项目需求值"": ""＜8"", ""投标人响应值"": """"}"
customer_liaoning_taichang_20260606_p0,辽宁,2025-03,包1,2225AC,电缆保护管CPVC,rag_seed/power_grid_resources/01_tender_documents/22_国网辽宁电力2025年第三次物资协议库存招标采购/extracted/电缆保护管CPVC/包1_完整招标文件_53488484541066181/包1_技术规范书_53488481987137315/国网辽宁省电力有限公司_2025年辽宁公司省招采购非结构化固化ID编制（G00J-500032536-00005）/电缆保护管-CPVC（φ150）.doc,7,4,performance_parameter_table,……,,,informational,low,未识别到明确项目需求值或标准值，仅作为参数信息保留。,无需生成偏差判断，可在参数查询中展示。,"{""序号 / 1"": ""……"", ""名称"": """", ""单位"": """", ""招标人要求 / 型号和规格"": """", ""招标人要求 / 数量"": """", ""投标人响应 / 环刚度等级"": """", ""投标人响应 / 数量"": """"}"
customer_liaoning_taichang_20260606_p0,辽宁,2025-03,包1,2225AC,电缆保护管CPVC,rag_seed/power_grid_resources/01_tender_documents/22_国网辽宁电力2025年第三次物资协议库存招标采购/extracted/电缆保护管CPVC/包1_完整招标文件_53488484541066181/包1_技术规范书_53488481987137315/国网辽宁省电力有限公司_2025年辽宁公司配农网批次采购结构化技术规范编制（G00J-500038391-00004）/国网辽宁省电力有限公司_2025年辽宁公司配农网批次采购结构化技术规范编制（G00J-500038391-00004）.docx,0,2,bid_response_parameter_table,专用技术规范,电缆保护管-CPVC（φ200）.doc,,pending_response,medium,存在项目需求值或标准值，但投标人响应值/保证值为空。,补充泰昌响应值、保证值或明确写入无偏差承诺后复核。,"{""序号"": ""1"", ""名称"": ""专用技术规范"", ""项目需求值或表述"": ""电缆保护管-CPVC（φ200）.doc"", ""投标人保证值"": """"}"
customer_liaoning_taichang_20260606_p0,辽宁,2025-03,包1,2225AC,电缆保护管CPVC,rag_seed/power_grid_resources/01_tender_documents/22_国网辽宁电力2025年第三次物资协议库存招标采购/extracted/电缆保护管CPVC/包1_完整招标文件_53488484541066181/包1_技术规范书_53488481987137315/国网辽宁省电力有限公司_2025年辽宁公司配农网批次采购结构化技术规范编制（G00J-500038391-00004）/电缆保护管-CPVC（φ200）.doc,1,4,dimension_parameter_table,公称内径 70,公称壁厚e / 环刚度等级b / SN20: 3.5；公称壁厚e / 环刚度等级b / SN 30: 4.0；公称壁厚e / 环刚度等级b / SN 40: 4.5；不圆度: ≤1.6,,pending_response,medium,存在项目需求值或标准值，但投标人响应值/保证值为空。,补充泰昌响应值、保证值或明确写入无偏差承诺后复核。,"{""公称内径 DN/ID"": ""70"", ""公称壁厚e / 环刚度等级b / SN20"": ""3.5"", ""公称壁厚e / 环刚度等级b / SN 30"": ""4.0"", ""公称壁厚e / 环刚度等级b / SN 40"": ""4.5"", ""不圆度"": ""≤1.6""}"
customer_liaoning_taichang_20260606_p0,辽宁,2025-03,包1,2225AC,电缆保护管CPVC,rag_seed/power_grid_resources/01_tender_documents/22_国网辽宁电力2025年第三次物资协议库存招标采购/extracted/电缆保护管CPVC/包1_完整招标文件_53488484541066181/包1_技术规范书_53488481987137315/国网辽宁省电力有限公司_2025年辽宁公司配农网批次采购结构化技术规范编制（G00J-500038391-00004）/电缆保护管-CPVC（φ200）.doc,1,5,dimension_parameter_table,公称内径 90,公称壁厚e / 环刚度等级b / SN20: 4.0；公称壁厚e / 环刚度等级b / SN 30: 4.5；公称壁厚e / 环刚度等级b / SN 40: 5.0；不圆度: ≤1.8,,pending_response,medium,存在项目需求值或标准值，但投标人响应值/保证值为空。,补充泰昌响应值、保证值或明确写入无偏差承诺后复核。,"{""公称内径 DN/ID"": ""90"", ""公称壁厚e / 环刚度等级b / SN20"": ""4.0"", ""公称壁厚e / 环刚度等级b / SN 30"": ""4.5"", ""公称壁厚e / 环刚度等级b / SN 40"": ""5.0"", ""不圆度"": ""≤1.8""}"
customer_liaoning_taichang_20260606_p0,辽宁,2025-03,包1,2225AC,电缆保护管CPVC,rag_seed/power_grid_resources/01_tender_documents/22_国网辽宁电力2025年第三次物资协议库存招标采购/extracted/电缆保护管CPVC/包1_完整招标文件_53488484541066181/包1_技术规范书_53488481987137315/国网辽宁省电力有限公司_2025年辽宁公司配农网批次采购结构化技术规范编制（G00J-500038391-00004）/电缆保护管-CPVC（φ200）.doc,1,6,dimension_parameter_table,公称内径 100,公称壁厚e / 环刚度等级b / SN20: 4.0；公称壁厚e / 环刚度等级b / SN 30: 5.0；公称壁厚e / 环刚度等级b / SN 40: 6.0；不圆度: ≤2.0,,pending_response,medium,存在项目需求值或标准值，但投标人响应值/保证值为空。,补充泰昌响应值、保证值或明确写入无偏差承诺后复核。,"{""公称内径 DN/ID"": ""100"", ""公称壁厚e / 环刚度等级b / SN20"": ""4.0"", ""公称壁厚e / 环刚度等级b / SN 30"": ""5.0"", ""公称壁厚e / 环刚度等级b / SN 40"": ""6.0"", ""不圆度"": ""≤2.0""}"
customer_liaoning_taichang_20260606_p0,辽宁,2025-03,包1,2225AC,电缆保护管CPVC,rag_seed/power_grid_resources/01_tender_documents/22_国网辽宁电力2025年第三次物资协议库存招标采购/extracted/电缆保护管CPVC/包1_完整招标文件_53488484541066181/包1_技术规范书_53488481987137315/国网辽宁省电力有限公司_2025年辽宁公司配农网批次采购结构化技术规范编制（G00J-500038391-00004）/电缆保护管-CPVC（φ200）.doc,1,7,dimension_parameter_table,公称内径 125,公称壁厚e / 环刚度等级b / SN20: 5.0；公称壁厚e / 环刚度等级b / SN 30: 6.5；公称壁厚e / 环刚度等级b / SN 40: 8.0；不圆度: ≤2.3,,pending_response,medium,存在项目需求值或标准值，但投标人响应值/保证值为空。,补充泰昌响应值、保证值或明确写入无偏差承诺后复核。,"{""公称内径 DN/ID"": ""125"", ""公称壁厚e / 环刚度等级b / SN20"": ""5.0"", ""公称壁厚e / 环刚度等级b / SN 30"": ""6.5"", ""公称壁厚e / 环刚度等级b / SN 40"": ""8.0"", ""不圆度"": ""≤2.3""}"
customer_liaoning_taichang_20260606_p0,辽宁,2025-03,包1,2225AC,电缆保护管CPVC,rag_seed/power_grid_resources/01_tender_documents/22_国网辽宁电力2025年第三次物资协议库存招标采购/extracted/电缆保护管CPVC/包1_完整招标文件_53488484541066181/包1_技术规范书_53488481987137315/国网辽宁省电力有限公司_2025年辽宁公司配农网批次采购结构化技术规范编制（G00J-500038391-00004）/电缆保护管-CPVC（φ200）.doc,1,8,dimension_parameter_table,公称内径 150,公称壁厚e / 环刚度等级b / SN20: 6.5；公称壁厚e / 环刚度等级b / SN 30: 8.0；公称壁厚e / 环刚度等级b / SN 40: 9.5；不圆度: ≤2.5,,pending_response,medium,存在项目需求值或标准值，但投标人响应值/保证值为空。,补充泰昌响应值、保证值或明确写入无偏差承诺后复核。,"{""公称内径 DN/ID"": ""150"", ""公称壁厚e / 环刚度等级b / SN20"": ""6.5"", ""公称壁厚e / 环刚度等级b / SN 30"": ""8.0"", ""公称壁厚e / 环刚度等级b / SN 40"": ""9.5"", ""不圆度"": ""≤2.5""}"
customer_liaoning_taichang_20260606_p0,辽宁,2025-03,包1,2225AC,电缆保护管CPVC,rag_seed/power_grid_resources/01_tender_documents/22_国网辽宁电力2025年第三次物资协议库存招标采购/extracted/电缆保护管CPVC/包1_完整招标文件_53488484541066181/包1_技术规范书_53488481987137315/国网辽宁省电力有限公司_2025年辽宁公司配农网批次采购结构化技术规范编制（G00J-500038391-00004）/电缆保护管-CPVC（φ200）.doc,1,9,dimension_parameter_table,公称内径 175,公称壁厚e / 环刚度等级b / SN20: 8.0；公称壁厚e / 环刚度等级b / SN 30: 9.5；公称壁厚e / 环刚度等级b / SN 40: 11.0；不圆度: ≤2.8,,pending_response,medium,存在项目需求值或标准值，但投标人响应值/保证值为空。,补充泰昌响应值、保证值或明确写入无偏差承诺后复核。,"{""公称内径 DN/ID"": ""175"", ""公称壁厚e / 环刚度等级b / SN20"": ""8.0"", ""公称壁厚e / 环刚度等级b / SN 30"": ""9.5"", ""公称壁厚e / 环刚度等级b / SN 40"": ""11.0"", ""不圆度"": ""≤2.8""}"
customer_liaoning_taichang_20260606_p0,辽宁,2025-03,包1,2225AC,电缆保护管CPVC,rag_seed/power_grid_resources/01_tender_documents/22_国网辽宁电力2025年第三次物资协议库存招标采购/extracted/电缆保护管CPVC/包1_完整招标文件_53488484541066181/包1_技术规范书_53488481987137315/国网辽宁省电力有限公司_2025年辽宁公司配农网批次采购结构化技术规范编制（G00J-500038391-00004）/电缆保护管-CPVC（φ200）.doc,1,10,dimension_parameter_table,公称内径 200,公称壁厚e / 环刚度等级b / SN20: 9.0；公称壁厚e / 环刚度等级b / SN 30: 11.0；公称壁厚e / 环刚度等级b / SN 40: 13.0；不圆度: ≤3.2,,pending_response,medium,存在项目需求值或标准值，但投标人响应值/保证值为空。,补充泰昌响应值、保证值或明确写入无偏差承诺后复核。,"{""公称内径 DN/ID"": ""200"", ""公称壁厚e / 环刚度等级b / SN20"": ""9.0"", ""公称壁厚e / 环刚度等级b / SN 30"": ""11.0"", ""公称壁厚e / 环刚度等级b / SN 40"": ""13.0"", ""不圆度"": ""≤3.2""}"
customer_liaoning_taichang_20260606_p0,辽宁,2025-03,包1,2225AC,电缆保护管CPVC,rag_seed/power_grid_resources/01_tender_documents/22_国网辽宁电力2025年第三次物资协议库存招标采购/extracted/电缆保护管CPVC/包1_完整招标文件_53488484541066181/包1_技术规范书_53488481987137315/国网辽宁省电力有限公司_2025年辽宁公司配农网批次采购结构化技术规范编制（G00J-500038391-00004）/电缆保护管-CPVC（φ200）.doc,2,2,dimension_parameter_table,公称内径 50,公称内径允许偏差: +0.5；承口内径允许偏差: +0.5；承口最小深度: 60,,pending_response,medium,存在项目需求值或标准值，但投标人响应值/保证值为空。,补充泰昌响应值、保证值或明确写入无偏差承诺后复核。,"{""序号"": ""1"", ""公称内径"": ""50"", ""公称内径允许偏差"": ""+0.5"", ""承口内径允许偏差"": ""+0.5"", ""承口最小深度"": ""60""}"
customer_liaoning_taichang_20260606_p0,辽宁,2025-03,包1,2225AC,电缆保护管CPVC,rag_seed/power_grid_resources/01_tender_documents/22_国网辽宁电力2025年第三次物资协议库存招标采购/extracted/电缆保护管CPVC/包1_完整招标文件_53488484541066181/包1_技术规范书_53488481987137315/国网辽宁省电力有限公司_2025年辽宁公司配农网批次采购结构化技术规范编制（G00J-500038391-00004）/电缆保护管-CPVC（φ200）.doc,2,3,dimension_parameter_table,公称内径 100,公称内径允许偏差: +0.6；承口内径允许偏差: +0.6；承口最小深度: 80,,pending_response,medium,存在项目需求值或标准值，但投标人响应值/保证值为空。,补充泰昌响应值、保证值或明确写入无偏差承诺后复核。,"{""序号"": ""2"", ""公称内径"": ""100"", ""公称内径允许偏差"": ""+0.6"", ""承口内径允许偏差"": ""+0.6"", ""承口最小深度"": ""80""}"
customer_liaoning_taichang_20260606_p0,辽宁,2025-03,包1,2225AC,电缆保护管CPVC,rag_seed/power_grid_resources/01_tender_documents/22_国网辽宁电力2025年第三次物资协议库存招标采购/extracted/电缆保护管CPVC/包1_完整招标文件_53488484541066181/包1_技术规范书_53488481987137315/国网辽宁省电力有限公司_2025年辽宁公司配农网批次采购结构化技术规范编制（G00J-500038391-00004）/电缆保护管-CPVC（φ200）.doc,2,4,dimension_parameter_table,公称内径 125,公称内径允许偏差: +0.7；承口内径允许偏差: +0.7；承口最小深度: 100,,pending_response,medium,存在项目需求值或标准值，但投标人响应值/保证值为空。,补充泰昌响应值、保证值或明确写入无偏差承诺后复核。,"{""序号"": ""3"", ""公称内径"": ""125"", ""公称内径允许偏差"": ""+0.7"", ""承口内径允许偏差"": ""+0.7"", ""承口最小深度"": ""100""}"
customer_liaoning_taichang_20260606_p0,辽宁,2025-03,包1,2225AC,电缆保护管CPVC,rag_seed/power_grid_resources/01_tender_documents/22_国网辽宁电力2025年第三次物资协议库存招标采购/extracted/电缆保护管CPVC/包1_完整招标文件_53488484541066181/包1_技术规范书_53488481987137315/国网辽宁省电力有限公司_2025年辽宁公司配农网批次采购结构化技术规范编制（G00J-500038391-00004）/电缆保护管-CPVC（φ200）.doc,2,5,dimension_parameter_table,公称内径 150,公称内径允许偏差: +0.8；承口内径允许偏差: +0.8；承口最小深度: 100,,pending_response,medium,存在项目需求值或标准值，但投标人响应值/保证值为空。,补充泰昌响应值、保证值或明确写入无偏差承诺后复核。,"{""序号"": ""4"", ""公称内径"": ""150"", ""公称内径允许偏差"": ""+0.8"", ""承口内径允许偏差"": ""+0.8"", ""承口最小深度"": ""100""}"
customer_liaoning_taichang_20260606_p0,辽宁,2025-03,包1,2225AC,电缆保护管CPVC,rag_seed/power_grid_resources/01_tender_documents/22_国网辽宁电力2025年第三次物资协议库存招标采购/extracted/电缆保护管CPVC/包1_完整招标文件_53488484541066181/包1_技术规范书_53488481987137315/国网辽宁省电力有限公司_2025年辽宁公司配农网批次采购结构化技术规范编制（G00J-500038391-00004）/电缆保护管-CPVC（φ200）.doc,2,6,dimension_parameter_table,公称内径 175,公称内径允许偏差: +0.9；承口内径允许偏差: +0.9；承口最小深度: 100,,pending_response,medium,存在项目需求值或标准值，但投标人响应值/保证值为空。,补充泰昌响应值、保证值或明确写入无偏差承诺后复核。,"{""序号"": ""5"", ""公称内径"": ""175"", ""公称内径允许偏差"": ""+0.9"", ""承口内径允许偏差"": ""+0.9"", ""承口最小深度"": ""100""}"
customer_liaoning_taichang_20260606_p0,辽宁,2025-03,包1,2225AC,电缆保护管CPVC,rag_seed/power_grid_resources/01_tender_documents/22_国网辽宁电力2025年第三次物资协议库存招标采购/extracted/电缆保护管CPVC/包1_完整招标文件_53488484541066181/包1_技术规范书_53488481987137315/国网辽宁省电力有限公司_2025年辽宁公司配农网批次采购结构化技术规范编制（G00J-500038391-00004）/电缆保护管-CPVC（φ200）.doc,2,7,dimension_parameter_table,公称内径 200,公称内径允许偏差: +1.0；承口内径允许偏差: +1.0；承口最小深度: 120,,pending_response,medium,存在项目需求值或标准值，但投标人响应值/保证值为空。,补充泰昌响应值、保证值或明确写入无偏差承诺后复核。,"{""序号"": ""6"", ""公称内径"": ""200"", ""公称内径允许偏差"": ""+1.0"", ""承口内径允许偏差"": ""+1.0"", ""承口最小深度"": ""120""}"
customer_liaoning_taichang_20260606_p0,辽宁,2025-03,包1,2225AC,电缆保护管CPVC,rag_seed/power_grid_resources/01_tender_documents/22_国网辽宁电力2025年第三次物资协议库存招标采购/extracted/电缆保护管CPVC/包1_完整招标文件_53488484541066181/包1_技术规范书_53488481987137315/国网辽宁省电力有限公司_2025年辽宁公司配农网批次采购结构化技术规范编制（G00J-500038391-00004）/电缆保护管-CPVC（φ200）.doc,2,8,dimension_parameter_table,公称内径 225,公称内径允许偏差: +1.1；承口内径允许偏差: +1.1；承口最小深度: 120,,pending_response,medium,存在项目需求值或标准值，但投标人响应值/保证值为空。,补充泰昌响应值、保证值或明确写入无偏差承诺后复核。,"{""序号"": ""7"", ""公称内径"": ""225"", ""公称内径允许偏差"": ""+1.1"", ""承口内径允许偏差"": ""+1.1"", ""承口最小深度"": ""120""}"
customer_liaoning_taichang_20260606_p0,辽宁,2025-03,包1,2225AC,电缆保护管CPVC,rag_seed/power_grid_resources/01_tender_documents/22_国网辽宁电力2025年第三次物资协议库存招标采购/extracted/电缆保护管CPVC/包1_完整招标文件_53488484541066181/包1_技术规范书_53488481987137315/国网辽宁省电力有限公司_2025年辽宁公司配农网批次采购结构化技术规范编制（G00J-500038391-00004）/电缆保护管-CPVC（φ200）.doc,2,9,dimension_parameter_table,公称内径 250,公称内径允许偏差: +1.2；承口内径允许偏差: +1.2；承口最小深度: 120,,pending_response,medium,存在项目需求值或标准值，但投标人响应值/保证值为空。,补充泰昌响应值、保证值或明确写入无偏差承诺后复核。,"{""序号"": ""7"", ""公称内径"": ""250"", ""公称内径允许偏差"": ""+1.2"", ""承口内径允许偏差"": ""+1.2"", ""承口最小深度"": ""120""}"
customer_liaoning_taichang_20260606_p0,辽宁,2025-03,包1,2225AC,电缆保护管CPVC,rag_seed/power_grid_resources/01_tender_documents/22_国网辽宁电力2025年第三次物资协议库存招标采购/extracted/电缆保护管CPVC/包1_完整招标文件_53488484541066181/包1_技术规范书_53488481987137315/国网辽宁省电力有限公司_2025年辽宁公司配农网批次采购结构化技术规范编制（G00J-500038391-00004）/电缆保护管-CPVC（φ200）.doc,2,10,dimension_parameter_table,公称内径 注1：承口最小深度是从承口端部到承口底部的最小距离； 注2：承口内径偏差为制造与设计的差数； 注3：其他规格尺寸由供需双方协商确定，其公称内径允许偏差、承口内径允许偏差以及承口最小深度以表中最接近的一档为准。,公称内径允许偏差: 注1：承口最小深度是从承口端部到承口底部的最小距离； 注2：承口内径偏差为制造与设计的差数； 注3：其他规格尺寸由供需双方协商确定，其公称内径允许偏差、承口内径允许偏差以及承口最小深度以表中最接近的一档为准。；承口内径允许偏差: 注1：承口最小深度是从承口端部到承口底部的最小距离； 注2：承口内径偏差为制造与设计的差数； 注3：其他规格尺寸由供需双方协商确定，其公称内径允许偏差、承口内径允许偏差以及承口最小深度以表中最接近的一档为准。；承口最小深度: 注1：承口最小深度是从承口端部到承口底部的最小距离； 注2：承口内径偏差为制造与设计的差数； 注3：其他规格尺寸由供需双方协商确定，其公称内径允许偏差、承口内径允许偏差以及承口最小深度以表中最接近的一档为准。,,pending_response,medium,存在项目需求值或标准值，但投标人响应值/保证值为空。,补充泰昌响应值、保证值或明确写入无偏差承诺后复核。,"{""序号"": ""注1：承口最小深度是从承口端部到承口底部的最小距离； 注2：承口内径偏差为制造与设计的差数； 注3：其他规格尺寸由供需双方协商确定，其公称内径允许偏差、承口内径允许偏差以及承口最小深度以表中最接近的一档为准。"", ""公称内径"": ""注1：承口最小深度是从承口端部到承口底部的最小距离； 注2：承口内径偏差为制造与设计的差数； 注3：其他规格尺寸由供需双方协商确定，其公称内径允许偏差、承口内径允许偏差以及承口最小深度以表中最接近的一档为准。"", ""公称内径允许偏差"": ""注1：承口最小深度是从承口端部到承口底部的最小距离； 注2：承口内径偏差为制造与设计的差数； 注3：其他规格尺寸由供需双方协商确定，其公称内径允许偏差、承口内径允许偏差以及承口最小深度以表中最接近的一档为准。"", ""承口内径允许偏差"": ""注1：承口最小深度是从承口端部到承口底部的最小距离； 注2：承口内径偏差为制造与设计的差数； 注3：其他规格尺寸由供需双方协商确定，其公称内径允许偏差、承口内径允许偏差以及承口最小深度以表中最接近的一档为准。"", ""承口最小深度"": ""注1：承口最小深度是从承口端部到承口底部的最小距离； 注2：承口内径偏差为制造与设计的差数； 注3：其他规格尺寸由供需双方协商确定，其公称内径允许偏差、承口内径允许偏差以及承口最小深度以表中最接近的一档为准。""}"
customer_liaoning_taichang_20260606_p0,辽宁,2025-03,包1,2225AC,电缆保护管CPVC,rag_seed/power_grid_resources/01_tender_documents/22_国网辽宁电力2025年第三次物资协议库存招标采购/extracted/电缆保护管CPVC/包1_完整招标文件_53488484541066181/包1_技术规范书_53488481987137315/国网辽宁省电力有限公司_2025年辽宁公司配农网批次采购结构化技术规范编制（G00J-500038391-00004）/电缆保护管-CPVC（φ200）.doc,3,2,dimension_parameter_table,t＜6.0,公称壁厚: t＜6.0；公称壁厚允许偏差: +0.6,,pending_response,medium,存在项目需求值或标准值，但投标人响应值/保证值为空。,补充泰昌响应值、保证值或明确写入无偏差承诺后复核。,"{""序号"": ""1"", ""公称壁厚"": ""t＜6.0"", ""公称壁厚允许偏差"": ""+0.6""}"
customer_liaoning_taichang_20260606_p0,辽宁,2025-03,包1,2225AC,电缆保护管CPVC,rag_seed/power_grid_resources/01_tender_documents/22_国网辽宁电力2025年第三次物资协议库存招标采购/extracted/电缆保护管CPVC/包1_完整招标文件_53488484541066181/包1_技术规范书_53488481987137315/国网辽宁省电力有限公司_2025年辽宁公司配农网批次采购结构化技术规范编制（G00J-500038391-00004）/电缆保护管-CPVC（φ200）.doc,3,3,dimension_parameter_table,6.0≤t＜7.0,公称壁厚: 6.0≤t＜7.0；公称壁厚允许偏差: +0.7,,pending_response,medium,存在项目需求值或标准值，但投标人响应值/保证值为空。,补充泰昌响应值、保证值或明确写入无偏差承诺后复核。,"{""序号"": ""2"", ""公称壁厚"": ""6.0≤t＜7.0"", ""公称壁厚允许偏差"": ""+0.7""}"
customer_liaoning_taichang_20260606_p0,辽宁,2025-03,包1,2225AC,电缆保护管CPVC,rag_seed/power_grid_resources/01_tender_documents/22_国网辽宁电力2025年第三次物资协议库存招标采购/extracted/电缆保护管CPVC/包1_完整招标文件_53488484541066181/包1_技术规范书_53488481987137315/国网辽宁省电力有限公司_2025年辽宁公司配农网批次采购结构化技术规范编制（G00J-500038391-00004）/电缆保护管-CPVC（φ200）.doc,3,4,dimension_parameter_table,7.0≤t＜8.0,公称壁厚: 7.0≤t＜8.0；公称壁厚允许偏差: +0.8,,pending_response,medium,存在项目需求值或标准值，但投标人响应值/保证值为空。,补充泰昌响应值、保证值或明确写入无偏差承诺后复核。,"{""序号"": ""3"", ""公称壁厚"": ""7.0≤t＜8.0"", ""公称壁厚允许偏差"": ""+0.8""}"
customer_liaoning_taichang_20260606_p0,辽宁,2025-03,包1,2225AC,电缆保护管CPVC,rag_seed/power_grid_resources/01_tender_documents/22_国网辽宁电力2025年第三次物资协议库存招标采购/extracted/电缆保护管CPVC/包1_完整招标文件_53488484541066181/包1_技术规范书_53488481987137315/国网辽宁省电力有限公司_2025年辽宁公司配农网批次采购结构化技术规范编制（G00J-500038391-00004）/电缆保护管-CPVC（φ200）.doc,3,5,dimension_parameter_table,8.0≤t＜10.0,公称壁厚: 8.0≤t＜10.0；公称壁厚允许偏差: +1.0,,pending_response,medium,存在项目需求值或标准值，但投标人响应值/保证值为空。,补充泰昌响应值、保证值或明确写入无偏差承诺后复核。,"{""序号"": ""4"", ""公称壁厚"": ""8.0≤t＜10.0"", ""公称壁厚允许偏差"": ""+1.0""}"
customer_liaoning_taichang_20260606_p0,辽宁,2025-03,包1,2225AC,电缆保护管CPVC,rag_seed/power_grid_resources/01_tender_documents/22_国网辽宁电力2025年第三次物资协议库存招标采购/extracted/电缆保护管CPVC/包1_完整招标文件_53488484541066181/包1_技术规范书_53488481987137315/国网辽宁省电力有限公司_2025年辽宁公司配农网批次采购结构化技术规范编制（G00J-500038391-00004）/电缆保护管-CPVC（φ200）.doc,3,6,dimension_parameter_table,10.0≤t＜12.0,公称壁厚: 10.0≤t＜12.0；公称壁厚允许偏差: +1.2,,pending_response,medium,存在项目需求值或标准值，但投标人响应值/保证值为空。,补充泰昌响应值、保证值或明确写入无偏差承诺后复核。,"{""序号"": ""5"", ""公称壁厚"": ""10.0≤t＜12.0"", ""公称壁厚允许偏差"": ""+1.2""}"
customer_liaoning_taichang_20260606_p0,辽宁,2025-03,包1,2225AC,电缆保护管CPVC,rag_seed/power_grid_resources/01_tender_documents/22_国网辽宁电力2025年第三次物资协议库存招标采购/extracted/电缆保护管CPVC/包1_完整招标文件_53488484541066181/包1_技术规范书_53488481987137315/国网辽宁省电力有限公司_2025年辽宁公司配农网批次采购结构化技术规范编制（G00J-500038391-00004）/电缆保护管-CPVC（φ200）.doc,3,7,dimension_parameter_table,t≤12.0,公称壁厚: t≤12.0；公称壁厚允许偏差: +1.4,,pending_response,medium,存在项目需求值或标准值，但投标人响应值/保证值为空。,补充泰昌响应值、保证值或明确写入无偏差承诺后复核。,"{""序号"": ""6"", ""公称壁厚"": ""t≤12.0"", ""公称壁厚允许偏差"": ""+1.4""}"
customer_liaoning_taichang_20260606_p0,辽宁,2025-03,包1,2225AC,电缆保护管CPVC,rag_seed/power_grid_resources/01_tender_documents/22_国网辽宁电力2025年第三次物资协议库存招标采购/extracted/电缆保护管CPVC/包1_完整招标文件_53488484541066181/包1_技术规范书_53488481987137315/国网辽宁省电力有限公司_2025年辽宁公司配农网批次采购结构化技术规范编制（G00J-500038391-00004）/电缆保护管-CPVC（φ200）.doc,3,8,dimension_parameter_table,注：t为公称壁厚。,公称壁厚: 注：t为公称壁厚。；公称壁厚允许偏差: 注：t为公称壁厚。,,pending_response,medium,存在项目需求值或标准值，但投标人响应值/保证值为空。,补充泰昌响应值、保证值或明确写入无偏差承诺后复核。,"{""序号"": ""注：t为公称壁厚。"", ""公称壁厚"": ""注：t为公称壁厚。"", ""公称壁厚允许偏差"": ""注：t为公称壁厚。""}"
customer_liaoning_taichang_20260606_p0,辽宁,2025-03,包1,2225AC,电缆保护管CPVC,rag_seed/power_grid_resources/01_tender_documents/22_国网辽宁电力2025年第三次物资协议库存招标采购/extracted/电缆保护管CPVC/包1_完整招标文件_53488484541066181/包1_技术规范书_53488481987137315/国网辽宁省电力有限公司_2025年辽宁公司配农网批次采购结构化技术规范编制（G00J-500038391-00004）/电缆保护管-CPVC（φ200）.doc,4,2,bid_response_parameter_table,"电缆保护管-材质:CPVC,标称直径:φ50",参照通用部分5.技术要求,,pending_response,medium,存在项目需求值或标准值，但投标人响应值/保证值为空。,补充泰昌响应值、保证值或明确写入无偏差承诺后复核。,"{""序号"": ""1"", ""技术参数名称"": ""电缆保护管-材质:CPVC,标称直径:φ50"", ""单位"": ""米"", ""项目需求值或表述"": ""参照通用部分5.技术要求"", ""投标人响应值"": """"}"
customer_liaoning_taichang_20260606_p0,辽宁,2025-03,包1,2225AC,电缆保护管CPVC,rag_seed/power_grid_resources/01_tender_documents/22_国网辽宁电力2025年第三次物资协议库存招标采购/extracted/电缆保护管CPVC/包1_完整招标文件_53488484541066181/包1_技术规范书_53488481987137315/国网辽宁省电力有限公司_2025年辽宁公司配农网批次采购结构化技术规范编制（G00J-500038391-00004）/电缆保护管-CPVC（φ200）.doc,4,3,bid_response_parameter_table,"电缆保护管-材质:CPVC,标称直径:φ100",参照通用部分5.技术要求,,pending_response,medium,存在项目需求值或标准值，但投标人响应值/保证值为空。,补充泰昌响应值、保证值或明确写入无偏差承诺后复核。,"{""序号"": ""2"", ""技术参数名称"": ""电缆保护管-材质:CPVC,标称直径:φ100"", ""单位"": ""米"", ""项目需求值或表述"": ""参照通用部分5.技术要求"", ""投标人响应值"": """"}"
customer_liaoning_taichang_20260606_p0,辽宁,2025-03,包1,2225AC,电缆保护管CPVC,rag_seed/power_grid_resources/01_tender_documents/22_国网辽宁电力2025年第三次物资协议库存招标采购/extracted/电缆保护管CPVC/包1_完整招标文件_53488484541066181/包1_技术规范书_53488481987137315/国网辽宁省电力有限公司_2025年辽宁公司配农网批次采购结构化技术规范编制（G00J-500038391-00004）/电缆保护管-CPVC（φ200）.doc,4,4,bid_response_parameter_table,"电缆保护管-材质:CPVC,标称直径:φ125",参照通用部分5.技术要求,,pending_response,medium,存在项目需求值或标准值，但投标人响应值/保证值为空。,补充泰昌响应值、保证值或明确写入无偏差承诺后复核。,"{""序号"": ""3"", ""技术参数名称"": ""电缆保护管-材质:CPVC,标称直径:φ125"", ""单位"": ""米"", ""项目需求值或表述"": ""参照通用部分5.技术要求"", ""投标人响应值"": """"}"
customer_liaoning_taichang_20260606_p0,辽宁,2025-03,包1,2225AC,电缆保护管CPVC,rag_seed/power_grid_resources/01_tender_documents/22_国网辽宁电力2025年第三次物资协议库存招标采购/extracted/电缆保护管CPVC/包1_完整招标文件_53488484541066181/包1_技术规范书_53488481987137315/国网辽宁省电力有限公司_2025年辽宁公司配农网批次采购结构化技术规范编制（G00J-500038391-00004）/电缆保护管-CPVC（φ200）.doc,4,5,bid_response_parameter_table,"电缆保护管-材质:CPVC,标称直径:φ150",参照通用部分5.技术要求,,pending_response,medium,存在项目需求值或标准值，但投标人响应值/保证值为空。,补充泰昌响应值、保证值或明确写入无偏差承诺后复核。,"{""序号"": ""4"", ""技术参数名称"": ""电缆保护管-材质:CPVC,标称直径:φ150"", ""单位"": ""米"", ""项目需求值或表述"": ""参照通用部分5.技术要求"", ""投标人响应值"": """"}"
customer_liaoning_taichang_20260606_p0,辽宁,2025-03,包1,2225AC,电缆保护管CPVC,rag_seed/power_grid_resources/01_tender_documents/22_国网辽宁电力2025年第三次物资协议库存招标采购/extracted/电缆保护管CPVC/包1_完整招标文件_53488484541066181/包1_技术规范书_53488481987137315/国网辽宁省电力有限公司_2025年辽宁公司配农网批次采购结构化技术规范编制（G00J-500038391-00004）/电缆保护管-CPVC（φ200）.doc,4,6,bid_response_parameter_table,"电缆保护管-材质:CPVC,标称直径:φ175",参照通用部分5.技术要求,,pending_response,medium,存在项目需求值或标准值，但投标人响应值/保证值为空。,补充泰昌响应值、保证值或明确写入无偏差承诺后复核。,"{""序号"": ""5"", ""技术参数名称"": ""电缆保护管-材质:CPVC,标称直径:φ175"", ""单位"": ""米"", ""项目需求值或表述"": ""参照通用部分5.技术要求"", ""投标人响应值"": """"}"
customer_liaoning_taichang_20260606_p0,辽宁,2025-03,包1,2225AC,电缆保护管CPVC,rag_seed/power_grid_resources/01_tender_documents/22_国网辽宁电力2025年第三次物资协议库存招标采购/extracted/电缆保护管CPVC/包1_完整招标文件_53488484541066181/包1_技术规范书_53488481987137315/国网辽宁省电力有限公司_2025年辽宁公司配农网批次采购结构化技术规范编制（G00J-500038391-00004）/电缆保护管-CPVC（φ200）.doc,4,7,bid_response_parameter_table,"电缆保护管-材质:CPVC,标称直径:φ200",参照通用部分5.技术要求,,pending_response,medium,存在项目需求值或标准值，但投标人响应值/保证值为空。,补充泰昌响应值、保证值或明确写入无偏差承诺后复核。,"{""序号"": ""6"", ""技术参数名称"": ""电缆保护管-材质:CPVC,标称直径:φ200"", ""单位"": ""米"", ""项目需求值或表述"": ""参照通用部分5.技术要求"", ""投标人响应值"": """"}"
customer_liaoning_taichang_20260606_p0,辽宁,2025-03,包1,2225AC,电缆保护管CPVC,rag_seed/power_grid_resources/01_tender_documents/22_国网辽宁电力2025年第三次物资协议库存招标采购/extracted/电缆保护管CPVC/包1_完整招标文件_53488484541066181/包1_技术规范书_53488481987137315/国网辽宁省电力有限公司_2025年辽宁公司配农网批次采购结构化技术规范编制（G00J-500038391-00004）/电缆保护管-CPVC（φ200）.doc,4,8,bid_response_parameter_table,"电缆保护管-材质:CPVC,内径:φ225",参照通用部分5.技术要求,,pending_response,medium,存在项目需求值或标准值，但投标人响应值/保证值为空。,补充泰昌响应值、保证值或明确写入无偏差承诺后复核。,"{""序号"": ""7"", ""技术参数名称"": ""电缆保护管-材质:CPVC,内径:φ225"", ""单位"": ""米"", ""项目需求值或表述"": ""参照通用部分5.技术要求"", ""投标人响应值"": """"}"
customer_liaoning_taichang_20260606_p0,辽宁,2025-03,包1,2225AC,电缆保护管CPVC,rag_seed/power_grid_resources/01_tender_documents/22_国网辽宁电力2025年第三次物资协议库存招标采购/extracted/电缆保护管CPVC/包1_完整招标文件_53488484541066181/包1_技术规范书_53488481987137315/国网辽宁省电力有限公司_2025年辽宁公司配农网批次采购结构化技术规范编制（G00J-500038391-00004）/电缆保护管-CPVC（φ200）.doc,4,9,bid_response_parameter_table,"电缆保护管-材质:CPVC,内径:φ250",参照通用部分5.技术要求,,pending_response,medium,存在项目需求值或标准值，但投标人响应值/保证值为空。,补充泰昌响应值、保证值或明确写入无偏差承诺后复核。,"{""序号"": ""8"", ""技术参数名称"": ""电缆保护管-材质:CPVC,内径:φ250"", ""单位"": ""米"", ""项目需求值或表述"": ""参照通用部分5.技术要求"", ""投标人响应值"": """"}"
customer_liaoning_taichang_20260606_p0,辽宁,2025-03,包1,2225AC,电缆保护管CPVC,rag_seed/power_grid_resources/01_tender_documents/22_国网辽宁电力2025年第三次物资协议库存招标采购/extracted/电缆保护管CPVC/包1_完整招标文件_53488484541066181/包1_技术规范书_53488481987137315/国网辽宁省电力有限公司_2025年辽宁公司配农网批次采购结构化技术规范编制（G00J-500038391-00004）/电缆保护管-CPVC（φ200）.doc,5,2,bid_response_parameter_table,环境温度,+40,,pending_response,medium,存在项目需求值或标准值，但投标人响应值/保证值为空。,补充泰昌响应值、保证值或明确写入无偏差承诺后复核。,"{""序号"": ""1"", ""名称"": ""环境温度"", ""名称_2"": ""最高温度"", ""单位"": ""℃"", ""项目需求值"": ""+40"", ""投标人响应值"": """"}"
customer_liaoning_taichang_20260606_p0,辽宁,2025-03,包1,2225AC,电缆保护管CPVC,rag_seed/power_grid_resources/01_tender_documents/22_国网辽宁电力2025年第三次物资协议库存招标采购/extracted/电缆保护管CPVC/包1_完整招标文件_53488484541066181/包1_技术规范书_53488481987137315/国网辽宁省电力有限公司_2025年辽宁公司配农网批次采购结构化技术规范编制（G00J-500038391-00004）/电缆保护管-CPVC（φ200）.doc,5,3,bid_response_parameter_table,环境温度,-40,,pending_response,medium,存在项目需求值或标准值，但投标人响应值/保证值为空。,补充泰昌响应值、保证值或明确写入无偏差承诺后复核。,"{""序号"": ""1"", ""名称"": ""环境温度"", ""名称_2"": ""最低温度"", ""单位"": ""℃"", ""项目需求值"": ""-40"", ""投标人响应值"": """"}"
customer_liaoning_taichang_20260606_p0,辽宁,2025-03,包1,2225AC,电缆保护管CPVC,rag_seed/power_grid_resources/01_tender_documents/22_国网辽宁电力2025年第三次物资协议库存招标采购/extracted/电缆保护管CPVC/包1_完整招标文件_53488484541066181/包1_技术规范书_53488481987137315/国网辽宁省电力有限公司_2025年辽宁公司配农网批次采购结构化技术规范编制（G00J-500038391-00004）/电缆保护管-CPVC（φ200）.doc,5,4,bid_response_parameter_table,环境温度,25,,pending_response,medium,存在项目需求值或标准值，但投标人响应值/保证值为空。,补充泰昌响应值、保证值或明确写入无偏差承诺后复核。,"{""序号"": ""1"", ""名称"": ""环境温度"", ""名称_2"": ""最大温差"", ""单位"": ""℃"", ""项目需求值"": ""25"", ""投标人响应值"": """"}"
customer_liaoning_taichang_20260606_p0,辽宁,2025-03,包1,2225AC,电缆保护管CPVC,rag_seed/power_grid_resources/01_tender_documents/22_国网辽宁电力2025年第三次物资协议库存招标采购/extracted/电缆保护管CPVC/包1_完整招标文件_53488484541066181/包1_技术规范书_53488481987137315/国网辽宁省电力有限公司_2025年辽宁公司配农网批次采购结构化技术规范编制（G00J-500038391-00004）/电缆保护管-CPVC（φ200）.doc,5,5,bid_response_parameter_table,海拔,≤1000,,pending_response,medium,存在项目需求值或标准值，但投标人响应值/保证值为空。,补充泰昌响应值、保证值或明确写入无偏差承诺后复核。,"{""序号"": ""2"", ""名称"": ""海拔"", ""名称_2"": ""海拔"", ""单位"": ""m"", ""项目需求值"": ""≤1000"", ""投标人响应值"": """"}"
customer_liaoning_taichang_20260606_p0,辽宁,2025-03,包1,2225AC,电缆保护管CPVC,rag_seed/power_grid_resources/01_tender_documents/22_国网辽宁电力2025年第三次物资协议库存招标采购/extracted/电缆保护管CPVC/包1_完整招标文件_53488484541066181/包1_技术规范书_53488481987137315/国网辽宁省电力有限公司_2025年辽宁公司配农网批次采购结构化技术规范编制（G00J-500038391-00004）/电缆保护管-CPVC（φ200）.doc,5,6,bid_response_parameter_table,日照,0.1,,pending_response,medium,存在项目需求值或标准值，但投标人响应值/保证值为空。,补充泰昌响应值、保证值或明确写入无偏差承诺后复核。,"{""序号"": ""3"", ""名称"": ""日照"", ""名称_2"": ""日照"", ""单位"": ""W/cm²"", ""项目需求值"": ""0.1"", ""投标人响应值"": """"}"
customer_liaoning_taichang_20260606_p0,辽宁,2025-03,包1,2225AC,电缆保护管CPVC,rag_seed/power_grid_resources/01_tender_documents/22_国网辽宁电力2025年第三次物资协议库存招标采购/extracted/电缆保护管CPVC/包1_完整招标文件_53488484541066181/包1_技术规范书_53488481987137315/国网辽宁省电力有限公司_2025年辽宁公司配农网批次采购结构化技术规范编制（G00J-500038391-00004）/电缆保护管-CPVC（φ200）.doc,5,7,bid_response_parameter_table,覆冰厚度,20,,pending_response,medium,存在项目需求值或标准值，但投标人响应值/保证值为空。,补充泰昌响应值、保证值或明确写入无偏差承诺后复核。,"{""序号"": ""4"", ""名称"": ""覆冰厚度"", ""名称_2"": ""覆冰厚度"", ""单位"": ""mm"", ""项目需求值"": ""20"", ""投标人响应值"": """"}"
customer_liaoning_taichang_20260606_p0,辽宁,2025-03,包1,2225AC,电缆保护管CPVC,rag_seed/power_grid_resources/01_tender_documents/22_国网辽宁电力2025年第三次物资协议库存招标采购/extracted/电缆保护管CPVC/包1_完整招标文件_53488484541066181/包1_技术规范书_53488481987137315/国网辽宁省电力有限公司_2025年辽宁公司配农网批次采购结构化技术规范编制（G00J-500038391-00004）/电缆保护管-CPVC（φ200）.doc,5,8,bid_response_parameter_table,最大风速,35,,pending_response,medium,存在项目需求值或标准值，但投标人响应值/保证值为空。,补充泰昌响应值、保证值或明确写入无偏差承诺后复核。,"{""序号"": ""5"", ""名称"": ""最大风速"", ""名称_2"": ""最大风速"", ""单位"": ""m/s"", ""项目需求值"": ""35"", ""投标人响应值"": """"}"
customer_liaoning_taichang_20260606_p0,辽宁,2025-03,包1,2225AC,电缆保护管CPVC,rag_seed/power_grid_resources/01_tender_documents/22_国网辽宁电力2025年第三次物资协议库存招标采购/extracted/电缆保护管CPVC/包1_完整招标文件_53488484541066181/包1_技术规范书_53488481987137315/国网辽宁省电力有限公司_2025年辽宁公司配农网批次采购结构化技术规范编制（G00J-500038391-00004）/电缆保护管-CPVC（φ200）.doc,5,9,bid_response_parameter_table,埋深,＜8,,pending_response,medium,存在项目需求值或标准值，但投标人响应值/保证值为空。,补充泰昌响应值、保证值或明确写入无偏差承诺后复核。,"{""序号"": ""6"", ""名称"": ""埋深"", ""名称_2"": ""埋深"", ""单位"": ""m"", ""项目需求值"": ""＜8"", ""投标人响应值"": """"}"
customer_liaoning_taichang_20260606_p0,辽宁,2025-03,包1,2225AC,电缆保护管CPVC,rag_seed/power_grid_resources/01_tender_documents/22_国网辽宁电力2025年第三次物资协议库存招标采购/extracted/电缆保护管CPVC/包1_完整招标文件_53488484541066181/包1_技术规范书_53488481987137315/国网辽宁省电力有限公司_2025年辽宁公司配农网批次采购结构化技术规范编制（G00J-500038391-00004）/电缆保护管-CPVC（φ200）.doc,7,4,performance_parameter_table,……,,,informational,low,未识别到明确项目需求值或标准值，仅作为参数信息保留。,无需生成偏差判断，可在参数查询中展示。,"{""序号 / 1"": ""……"", ""名称 / 电缆保护管-氯化聚氯乙烯(CPVC)"": """", ""单位 / 米"": """", ""招标人要求 / 型号和规格 / 电缆保护管,CPVC,φ200"": """", ""招标人要求 / 数量 / 详见货物清单"": """", ""投标人响应 / 环刚度等级 / 详见货物清单"": """", ""投标人响应 / 数量"": """"}"
customer_liaoning_taichang_20260606_p0,辽宁,2025-03,包1,2225AC,电缆保护管CPVC,rag_seed/power_grid_resources/01_tender_documents/22_国网辽宁电力2025年第三次物资协议库存招标采购/extracted/电缆保护管CPVC/包1_完整招标文件_53488484541066181/包1_技术规范书_53488481987137315/国网辽宁省电力有限公司_辽宁公司二级采购非结构化固化ID编制（G00J-500021532-00004）/电缆保护管-CPVC（φ100）.doc,1,4,dimension_parameter_table,公称内径 70,公称壁厚e / 环刚度等级b / SN20: 3.5；公称壁厚e / 环刚度等级b / SN 30: 4.0；公称壁厚e / 环刚度等级b / SN 40: 4.5；不圆度: ≤1.6,,pending_response,medium,存在项目需求值或标准值，但投标人响应值/保证值为空。,补充泰昌响应值、保证值或明确写入无偏差承诺后复核。,"{""公称内径 DN/ID"": ""70"", ""公称壁厚e / 环刚度等级b / SN20"": ""3.5"", ""公称壁厚e / 环刚度等级b / SN 30"": ""4.0"", ""公称壁厚e / 环刚度等级b / SN 40"": ""4.5"", ""不圆度"": ""≤1.6""}"
customer_liaoning_taichang_20260606_p0,辽宁,2025-03,包1,2225AC,电缆保护管CPVC,rag_seed/power_grid_resources/01_tender_documents/22_国网辽宁电力2025年第三次物资协议库存招标采购/extracted/电缆保护管CPVC/包1_完整招标文件_53488484541066181/包1_技术规范书_53488481987137315/国网辽宁省电力有限公司_辽宁公司二级采购非结构化固化ID编制（G00J-500021532-00004）/电缆保护管-CPVC（φ100）.doc,1,5,dimension_parameter_table,公称内径 90,公称壁厚e / 环刚度等级b / SN20: 4.0；公称壁厚e / 环刚度等级b / SN 30: 4.5；公称壁厚e / 环刚度等级b / SN 40: 5.0；不圆度: ≤1.8,,pending_response,medium,存在项目需求值或标准值，但投标人响应值/保证值为空。,补充泰昌响应值、保证值或明确写入无偏差承诺后复核。,"{""公称内径 DN/ID"": ""90"", ""公称壁厚e / 环刚度等级b / SN20"": ""4.0"", ""公称壁厚e / 环刚度等级b / SN 30"": ""4.5"", ""公称壁厚e / 环刚度等级b / SN 40"": ""5.0"", ""不圆度"": ""≤1.8""}"
customer_liaoning_taichang_20260606_p0,辽宁,2025-03,包1,2225AC,电缆保护管CPVC,rag_seed/power_grid_resources/01_tender_documents/22_国网辽宁电力2025年第三次物资协议库存招标采购/extracted/电缆保护管CPVC/包1_完整招标文件_53488484541066181/包1_技术规范书_53488481987137315/国网辽宁省电力有限公司_辽宁公司二级采购非结构化固化ID编制（G00J-500021532-00004）/电缆保护管-CPVC（φ100）.doc,1,6,dimension_parameter_table,公称内径 100,公称壁厚e / 环刚度等级b / SN20: 4.0；公称壁厚e / 环刚度等级b / SN 30: 5.0；公称壁厚e / 环刚度等级b / SN 40: 6.0；不圆度: ≤2.0,,pending_response,medium,存在项目需求值或标准值，但投标人响应值/保证值为空。,补充泰昌响应值、保证值或明确写入无偏差承诺后复核。,"{""公称内径 DN/ID"": ""100"", ""公称壁厚e / 环刚度等级b / SN20"": ""4.0"", ""公称壁厚e / 环刚度等级b / SN 30"": ""5.0"", ""公称壁厚e / 环刚度等级b / SN 40"": ""6.0"", ""不圆度"": ""≤2.0""}"
customer_liaoning_taichang_20260606_p0,辽宁,2025-03,包1,2225AC,电缆保护管CPVC,rag_seed/power_grid_resources/01_tender_documents/22_国网辽宁电力2025年第三次物资协议库存招标采购/extracted/电缆保护管CPVC/包1_完整招标文件_53488484541066181/包1_技术规范书_53488481987137315/国网辽宁省电力有限公司_辽宁公司二级采购非结构化固化ID编制（G00J-500021532-00004）/电缆保护管-CPVC（φ100）.doc,1,7,dimension_parameter_table,公称内径 125,公称壁厚e / 环刚度等级b / SN20: 5.0；公称壁厚e / 环刚度等级b / SN 30: 6.5；公称壁厚e / 环刚度等级b / SN 40: 8.0；不圆度: ≤2.3,,pending_response,medium,存在项目需求值或标准值，但投标人响应值/保证值为空。,补充泰昌响应值、保证值或明确写入无偏差承诺后复核。,"{""公称内径 DN/ID"": ""125"", ""公称壁厚e / 环刚度等级b / SN20"": ""5.0"", ""公称壁厚e / 环刚度等级b / SN 30"": ""6.5"", ""公称壁厚e / 环刚度等级b / SN 40"": ""8.0"", ""不圆度"": ""≤2.3""}"
customer_liaoning_taichang_20260606_p0,辽宁,2025-03,包1,2225AC,电缆保护管CPVC,rag_seed/power_grid_resources/01_tender_documents/22_国网辽宁电力2025年第三次物资协议库存招标采购/extracted/电缆保护管CPVC/包1_完整招标文件_53488484541066181/包1_技术规范书_53488481987137315/国网辽宁省电力有限公司_辽宁公司二级采购非结构化固化ID编制（G00J-500021532-00004）/电缆保护管-CPVC（φ100）.doc,1,8,dimension_parameter_table,公称内径 150,公称壁厚e / 环刚度等级b / SN20: 6.5；公称壁厚e / 环刚度等级b / SN 30: 8.0；公称壁厚e / 环刚度等级b / SN 40: 9.5；不圆度: ≤2.5,,pending_response,medium,存在项目需求值或标准值，但投标人响应值/保证值为空。,补充泰昌响应值、保证值或明确写入无偏差承诺后复核。,"{""公称内径 DN/ID"": ""150"", ""公称壁厚e / 环刚度等级b / SN20"": ""6.5"", ""公称壁厚e / 环刚度等级b / SN 30"": ""8.0"", ""公称壁厚e / 环刚度等级b / SN 40"": ""9.5"", ""不圆度"": ""≤2.5""}"
customer_liaoning_taichang_20260606_p0,辽宁,2025-03,包1,2225AC,电缆保护管CPVC,rag_seed/power_grid_resources/01_tender_documents/22_国网辽宁电力2025年第三次物资协议库存招标采购/extracted/电缆保护管CPVC/包1_完整招标文件_53488484541066181/包1_技术规范书_53488481987137315/国网辽宁省电力有限公司_辽宁公司二级采购非结构化固化ID编制（G00J-500021532-00004）/电缆保护管-CPVC（φ100）.doc,1,9,dimension_parameter_table,公称内径 175,公称壁厚e / 环刚度等级b / SN20: 8.0；公称壁厚e / 环刚度等级b / SN 30: 9.5；公称壁厚e / 环刚度等级b / SN 40: 11.0；不圆度: ≤2.8,,pending_response,medium,存在项目需求值或标准值，但投标人响应值/保证值为空。,补充泰昌响应值、保证值或明确写入无偏差承诺后复核。,"{""公称内径 DN/ID"": ""175"", ""公称壁厚e / 环刚度等级b / SN20"": ""8.0"", ""公称壁厚e / 环刚度等级b / SN 30"": ""9.5"", ""公称壁厚e / 环刚度等级b / SN 40"": ""11.0"", ""不圆度"": ""≤2.8""}"
customer_liaoning_taichang_20260606_p0,辽宁,2025-03,包1,2225AC,电缆保护管CPVC,rag_seed/power_grid_resources/01_tender_documents/22_国网辽宁电力2025年第三次物资协议库存招标采购/extracted/电缆保护管CPVC/包1_完整招标文件_53488484541066181/包1_技术规范书_53488481987137315/国网辽宁省电力有限公司_辽宁公司二级采购非结构化固化ID编制（G00J-500021532-00004）/电缆保护管-CPVC（φ100）.doc,1,10,dimension_parameter_table,公称内径 200,公称壁厚e / 环刚度等级b / SN20: 9.0；公称壁厚e / 环刚度等级b / SN 30: 11.0；公称壁厚e / 环刚度等级b / SN 40: 13.0；不圆度: ≤3.2,,pending_response,medium,存在项目需求值或标准值，但投标人响应值/保证值为空。,补充泰昌响应值、保证值或明确写入无偏差承诺后复核。,"{""公称内径 DN/ID"": ""200"", ""公称壁厚e / 环刚度等级b / SN20"": ""9.0"", ""公称壁厚e / 环刚度等级b / SN 30"": ""11.0"", ""公称壁厚e / 环刚度等级b / SN 40"": ""13.0"", ""不圆度"": ""≤3.2""}"
customer_liaoning_taichang_20260606_p0,辽宁,2025-03,包1,2225AC,电缆保护管CPVC,rag_seed/power_grid_resources/01_tender_documents/22_国网辽宁电力2025年第三次物资协议库存招标采购/extracted/电缆保护管CPVC/包1_完整招标文件_53488484541066181/包1_技术规范书_53488481987137315/国网辽宁省电力有限公司_辽宁公司二级采购非结构化固化ID编制（G00J-500021532-00004）/电缆保护管-CPVC（φ100）.doc,2,2,dimension_parameter_table,公称内径 50,公称内径允许偏差: +0.5；承口内径允许偏差: +0.5；承口最小深度: 60,,pending_response,medium,存在项目需求值或标准值，但投标人响应值/保证值为空。,补充泰昌响应值、保证值或明确写入无偏差承诺后复核。,"{""序号"": ""1"", ""公称内径"": ""50"", ""公称内径允许偏差"": ""+0.5"", ""承口内径允许偏差"": ""+0.5"", ""承口最小深度"": ""60""}"
customer_liaoning_taichang_20260606_p0,辽宁,2025-03,包1,2225AC,电缆保护管CPVC,rag_seed/power_grid_resources/01_tender_documents/22_国网辽宁电力2025年第三次物资协议库存招标采购/extracted/电缆保护管CPVC/包1_完整招标文件_53488484541066181/包1_技术规范书_53488481987137315/国网辽宁省电力有限公司_辽宁公司二级采购非结构化固化ID编制（G00J-500021532-00004）/电缆保护管-CPVC（φ100）.doc,2,3,dimension_parameter_table,公称内径 100,公称内径允许偏差: +0.6；承口内径允许偏差: +0.6；承口最小深度: 80,,pending_response,medium,存在项目需求值或标准值，但投标人响应值/保证值为空。,补充泰昌响应值、保证值或明确写入无偏差承诺后复核。,"{""序号"": ""2"", ""公称内径"": ""100"", ""公称内径允许偏差"": ""+0.6"", ""承口内径允许偏差"": ""+0.6"", ""承口最小深度"": ""80""}"
customer_liaoning_taichang_20260606_p0,辽宁,2025-03,包1,2225AC,电缆保护管CPVC,rag_seed/power_grid_resources/01_tender_documents/22_国网辽宁电力2025年第三次物资协议库存招标采购/extracted/电缆保护管CPVC/包1_完整招标文件_53488484541066181/包1_技术规范书_53488481987137315/国网辽宁省电力有限公司_辽宁公司二级采购非结构化固化ID编制（G00J-500021532-00004）/电缆保护管-CPVC（φ100）.doc,2,4,dimension_parameter_table,公称内径 125,公称内径允许偏差: +0.7；承口内径允许偏差: +0.7；承口最小深度: 100,,pending_response,medium,存在项目需求值或标准值，但投标人响应值/保证值为空。,补充泰昌响应值、保证值或明确写入无偏差承诺后复核。,"{""序号"": ""3"", ""公称内径"": ""125"", ""公称内径允许偏差"": ""+0.7"", ""承口内径允许偏差"": ""+0.7"", ""承口最小深度"": ""100""}"
customer_liaoning_taichang_20260606_p0,辽宁,2025-03,包1,2225AC,电缆保护管CPVC,rag_seed/power_grid_resources/01_tender_documents/22_国网辽宁电力2025年第三次物资协议库存招标采购/extracted/电缆保护管CPVC/包1_完整招标文件_53488484541066181/包1_技术规范书_53488481987137315/国网辽宁省电力有限公司_辽宁公司二级采购非结构化固化ID编制（G00J-500021532-00004）/电缆保护管-CPVC（φ100）.doc,2,5,dimension_parameter_table,公称内径 150,公称内径允许偏差: +0.8；承口内径允许偏差: +0.8；承口最小深度: 100,,pending_response,medium,存在项目需求值或标准值，但投标人响应值/保证值为空。,补充泰昌响应值、保证值或明确写入无偏差承诺后复核。,"{""序号"": ""4"", ""公称内径"": ""150"", ""公称内径允许偏差"": ""+0.8"", ""承口内径允许偏差"": ""+0.8"", ""承口最小深度"": ""100""}"
customer_liaoning_taichang_20260606_p0,辽宁,2025-03,包1,2225AC,电缆保护管CPVC,rag_seed/power_grid_resources/01_tender_documents/22_国网辽宁电力2025年第三次物资协议库存招标采购/extracted/电缆保护管CPVC/包1_完整招标文件_53488484541066181/包1_技术规范书_53488481987137315/国网辽宁省电力有限公司_辽宁公司二级采购非结构化固化ID编制（G00J-500021532-00004）/电缆保护管-CPVC（φ100）.doc,2,6,dimension_parameter_table,公称内径 175,公称内径允许偏差: +0.9；承口内径允许偏差: +0.9；承口最小深度: 100,,pending_response,medium,存在项目需求值或标准值，但投标人响应值/保证值为空。,补充泰昌响应值、保证值或明确写入无偏差承诺后复核。,"{""序号"": ""5"", ""公称内径"": ""175"", ""公称内径允许偏差"": ""+0.9"", ""承口内径允许偏差"": ""+0.9"", ""承口最小深度"": ""100""}"
customer_liaoning_taichang_20260606_p0,辽宁,2025-03,包1,2225AC,电缆保护管CPVC,rag_seed/power_grid_resources/01_tender_documents/22_国网辽宁电力2025年第三次物资协议库存招标采购/extracted/电缆保护管CPVC/包1_完整招标文件_53488484541066181/包1_技术规范书_53488481987137315/国网辽宁省电力有限公司_辽宁公司二级采购非结构化固化ID编制（G00J-500021532-00004）/电缆保护管-CPVC（φ100）.doc,2,7,dimension_parameter_table,公称内径 200,公称内径允许偏差: +1.0；承口内径允许偏差: +1.0；承口最小深度: 120,,pending_response,medium,存在项目需求值或标准值，但投标人响应值/保证值为空。,补充泰昌响应值、保证值或明确写入无偏差承诺后复核。,"{""序号"": ""6"", ""公称内径"": ""200"", ""公称内径允许偏差"": ""+1.0"", ""承口内径允许偏差"": ""+1.0"", ""承口最小深度"": ""120""}"
customer_liaoning_taichang_20260606_p0,辽宁,2025-03,包1,2225AC,电缆保护管CPVC,rag_seed/power_grid_resources/01_tender_documents/22_国网辽宁电力2025年第三次物资协议库存招标采购/extracted/电缆保护管CPVC/包1_完整招标文件_53488484541066181/包1_技术规范书_53488481987137315/国网辽宁省电力有限公司_辽宁公司二级采购非结构化固化ID编制（G00J-500021532-00004）/电缆保护管-CPVC（φ100）.doc,2,8,dimension_parameter_table,公称内径 225,公称内径允许偏差: +1.1；承口内径允许偏差: +1.1；承口最小深度: 120,,pending_response,medium,存在项目需求值或标准值，但投标人响应值/保证值为空。,补充泰昌响应值、保证值或明确写入无偏差承诺后复核。,"{""序号"": ""7"", ""公称内径"": ""225"", ""公称内径允许偏差"": ""+1.1"", ""承口内径允许偏差"": ""+1.1"", ""承口最小深度"": ""120""}"
customer_liaoning_taichang_20260606_p0,辽宁,2025-03,包1,2225AC,电缆保护管CPVC,rag_seed/power_grid_resources/01_tender_documents/22_国网辽宁电力2025年第三次物资协议库存招标采购/extracted/电缆保护管CPVC/包1_完整招标文件_53488484541066181/包1_技术规范书_53488481987137315/国网辽宁省电力有限公司_辽宁公司二级采购非结构化固化ID编制（G00J-500021532-00004）/电缆保护管-CPVC（φ100）.doc,2,9,dimension_parameter_table,公称内径 250,公称内径允许偏差: +1.2；承口内径允许偏差: +1.2；承口最小深度: 120,,pending_response,medium,存在项目需求值或标准值，但投标人响应值/保证值为空。,补充泰昌响应值、保证值或明确写入无偏差承诺后复核。,"{""序号"": ""7"", ""公称内径"": ""250"", ""公称内径允许偏差"": ""+1.2"", ""承口内径允许偏差"": ""+1.2"", ""承口最小深度"": ""120""}"
customer_liaoning_taichang_20260606_p0,辽宁,2025-03,包1,2225AC,电缆保护管CPVC,rag_seed/power_grid_resources/01_tender_documents/22_国网辽宁电力2025年第三次物资协议库存招标采购/extracted/电缆保护管CPVC/包1_完整招标文件_53488484541066181/包1_技术规范书_53488481987137315/国网辽宁省电力有限公司_辽宁公司二级采购非结构化固化ID编制（G00J-500021532-00004）/电缆保护管-CPVC（φ100）.doc,2,10,dimension_parameter_table,公称内径 注1：承口最小深度是从承口端部到承口底部的最小距离； 注2：承口内径偏差为制造与设计的差数； 注3：其他规格尺寸由供需双方协商确定，其公称内径允许偏差、承口内径允许偏差以及承口最小深度以表中最接近的一档为准。,公称内径允许偏差: 注1：承口最小深度是从承口端部到承口底部的最小距离； 注2：承口内径偏差为制造与设计的差数； 注3：其他规格尺寸由供需双方协商确定，其公称内径允许偏差、承口内径允许偏差以及承口最小深度以表中最接近的一档为准。；承口内径允许偏差: 注1：承口最小深度是从承口端部到承口底部的最小距离； 注2：承口内径偏差为制造与设计的差数； 注3：其他规格尺寸由供需双方协商确定，其公称内径允许偏差、承口内径允许偏差以及承口最小深度以表中最接近的一档为准。；承口最小深度: 注1：承口最小深度是从承口端部到承口底部的最小距离； 注2：承口内径偏差为制造与设计的差数； 注3：其他规格尺寸由供需双方协商确定，其公称内径允许偏差、承口内径允许偏差以及承口最小深度以表中最接近的一档为准。,,pending_response,medium,存在项目需求值或标准值，但投标人响应值/保证值为空。,补充泰昌响应值、保证值或明确写入无偏差承诺后复核。,"{""序号"": ""注1：承口最小深度是从承口端部到承口底部的最小距离； 注2：承口内径偏差为制造与设计的差数； 注3：其他规格尺寸由供需双方协商确定，其公称内径允许偏差、承口内径允许偏差以及承口最小深度以表中最接近的一档为准。"", ""公称内径"": ""注1：承口最小深度是从承口端部到承口底部的最小距离； 注2：承口内径偏差为制造与设计的差数； 注3：其他规格尺寸由供需双方协商确定，其公称内径允许偏差、承口内径允许偏差以及承口最小深度以表中最接近的一档为准。"", ""公称内径允许偏差"": ""注1：承口最小深度是从承口端部到承口底部的最小距离； 注2：承口内径偏差为制造与设计的差数； 注3：其他规格尺寸由供需双方协商确定，其公称内径允许偏差、承口内径允许偏差以及承口最小深度以表中最接近的一档为准。"", ""承口内径允许偏差"": ""注1：承口最小深度是从承口端部到承口底部的最小距离； 注2：承口内径偏差为制造与设计的差数； 注3：其他规格尺寸由供需双方协商确定，其公称内径允许偏差、承口内径允许偏差以及承口最小深度以表中最接近的一档为准。"", ""承口最小深度"": ""注1：承口最小深度是从承口端部到承口底部的最小距离； 注2：承口内径偏差为制造与设计的差数； 注3：其他规格尺寸由供需双方协商确定，其公称内径允许偏差、承口内径允许偏差以及承口最小深度以表中最接近的一档为准。""}"
customer_liaoning_taichang_20260606_p0,辽宁,2025-03,包1,2225AC,电缆保护管CPVC,rag_seed/power_grid_resources/01_tender_documents/22_国网辽宁电力2025年第三次物资协议库存招标采购/extracted/电缆保护管CPVC/包1_完整招标文件_53488484541066181/包1_技术规范书_53488481987137315/国网辽宁省电力有限公司_辽宁公司二级采购非结构化固化ID编制（G00J-500021532-00004）/电缆保护管-CPVC（φ100）.doc,3,2,dimension_parameter_table,t＜6.0,公称壁厚: t＜6.0；公称壁厚允许偏差: +0.6,,pending_response,medium,存在项目需求值或标准值，但投标人响应值/保证值为空。,补充泰昌响应值、保证值或明确写入无偏差承诺后复核。,"{""序号"": ""1"", ""公称壁厚"": ""t＜6.0"", ""公称壁厚允许偏差"": ""+0.6""}"
customer_liaoning_taichang_20260606_p0,辽宁,2025-03,包1,2225AC,电缆保护管CPVC,rag_seed/power_grid_resources/01_tender_documents/22_国网辽宁电力2025年第三次物资协议库存招标采购/extracted/电缆保护管CPVC/包1_完整招标文件_53488484541066181/包1_技术规范书_53488481987137315/国网辽宁省电力有限公司_辽宁公司二级采购非结构化固化ID编制（G00J-500021532-00004）/电缆保护管-CPVC（φ100）.doc,3,3,dimension_parameter_table,6.0≤t＜7.0,公称壁厚: 6.0≤t＜7.0；公称壁厚允许偏差: +0.7,,pending_response,medium,存在项目需求值或标准值，但投标人响应值/保证值为空。,补充泰昌响应值、保证值或明确写入无偏差承诺后复核。,"{""序号"": ""2"", ""公称壁厚"": ""6.0≤t＜7.0"", ""公称壁厚允许偏差"": ""+0.7""}"
customer_liaoning_taichang_20260606_p0,辽宁,2025-03,包1,2225AC,电缆保护管CPVC,rag_seed/power_grid_resources/01_tender_documents/22_国网辽宁电力2025年第三次物资协议库存招标采购/extracted/电缆保护管CPVC/包1_完整招标文件_53488484541066181/包1_技术规范书_53488481987137315/国网辽宁省电力有限公司_辽宁公司二级采购非结构化固化ID编制（G00J-500021532-00004）/电缆保护管-CPVC（φ100）.doc,3,4,dimension_parameter_table,7.0≤t＜8.0,公称壁厚: 7.0≤t＜8.0；公称壁厚允许偏差: +0.8,,pending_response,medium,存在项目需求值或标准值，但投标人响应值/保证值为空。,补充泰昌响应值、保证值或明确写入无偏差承诺后复核。,"{""序号"": ""3"", ""公称壁厚"": ""7.0≤t＜8.0"", ""公称壁厚允许偏差"": ""+0.8""}"
customer_liaoning_taichang_20260606_p0,辽宁,2025-03,包1,2225AC,电缆保护管CPVC,rag_seed/power_grid_resources/01_tender_documents/22_国网辽宁电力2025年第三次物资协议库存招标采购/extracted/电缆保护管CPVC/包1_完整招标文件_53488484541066181/包1_技术规范书_53488481987137315/国网辽宁省电力有限公司_辽宁公司二级采购非结构化固化ID编制（G00J-500021532-00004）/电缆保护管-CPVC（φ100）.doc,3,5,dimension_parameter_table,8.0≤t＜10.0,公称壁厚: 8.0≤t＜10.0；公称壁厚允许偏差: +1.0,,pending_response,medium,存在项目需求值或标准值，但投标人响应值/保证值为空。,补充泰昌响应值、保证值或明确写入无偏差承诺后复核。,"{""序号"": ""4"", ""公称壁厚"": ""8.0≤t＜10.0"", ""公称壁厚允许偏差"": ""+1.0""}"
customer_liaoning_taichang_20260606_p0,辽宁,2025-03,包1,2225AC,电缆保护管CPVC,rag_seed/power_grid_resources/01_tender_documents/22_国网辽宁电力2025年第三次物资协议库存招标采购/extracted/电缆保护管CPVC/包1_完整招标文件_53488484541066181/包1_技术规范书_53488481987137315/国网辽宁省电力有限公司_辽宁公司二级采购非结构化固化ID编制（G00J-500021532-00004）/电缆保护管-CPVC（φ100）.doc,3,6,dimension_parameter_table,10.0≤t＜12.0,公称壁厚: 10.0≤t＜12.0；公称壁厚允许偏差: +1.2,,pending_response,medium,存在项目需求值或标准值，但投标人响应值/保证值为空。,补充泰昌响应值、保证值或明确写入无偏差承诺后复核。,"{""序号"": ""5"", ""公称壁厚"": ""10.0≤t＜12.0"", ""公称壁厚允许偏差"": ""+1.2""}"
customer_liaoning_taichang_20260606_p0,辽宁,2025-03,包1,2225AC,电缆保护管CPVC,rag_seed/power_grid_resources/01_tender_documents/22_国网辽宁电力2025年第三次物资协议库存招标采购/extracted/电缆保护管CPVC/包1_完整招标文件_53488484541066181/包1_技术规范书_53488481987137315/国网辽宁省电力有限公司_辽宁公司二级采购非结构化固化ID编制（G00J-500021532-00004）/电缆保护管-CPVC（φ100）.doc,3,7,dimension_parameter_table,t≤12.0,公称壁厚: t≤12.0；公称壁厚允许偏差: +1.4,,pending_response,medium,存在项目需求值或标准值，但投标人响应值/保证值为空。,补充泰昌响应值、保证值或明确写入无偏差承诺后复核。,"{""序号"": ""6"", ""公称壁厚"": ""t≤12.0"", ""公称壁厚允许偏差"": ""+1.4""}"
customer_liaoning_taichang_20260606_p0,辽宁,2025-03,包1,2225AC,电缆保护管CPVC,rag_seed/power_grid_resources/01_tender_documents/22_国网辽宁电力2025年第三次物资协议库存招标采购/extracted/电缆保护管CPVC/包1_完整招标文件_53488484541066181/包1_技术规范书_53488481987137315/国网辽宁省电力有限公司_辽宁公司二级采购非结构化固化ID编制（G00J-500021532-00004）/电缆保护管-CPVC（φ100）.doc,3,8,dimension_parameter_table,注：t为公称壁厚。,公称壁厚: 注：t为公称壁厚。；公称壁厚允许偏差: 注：t为公称壁厚。,,pending_response,medium,存在项目需求值或标准值，但投标人响应值/保证值为空。,补充泰昌响应值、保证值或明确写入无偏差承诺后复核。,"{""序号"": ""注：t为公称壁厚。"", ""公称壁厚"": ""注：t为公称壁厚。"", ""公称壁厚允许偏差"": ""注：t为公称壁厚。""}"
customer_liaoning_taichang_20260606_p0,辽宁,2025-03,包1,2225AC,电缆保护管CPVC,rag_seed/power_grid_resources/01_tender_documents/22_国网辽宁电力2025年第三次物资协议库存招标采购/extracted/电缆保护管CPVC/包1_完整招标文件_53488484541066181/包1_技术规范书_53488481987137315/国网辽宁省电力有限公司_辽宁公司二级采购非结构化固化ID编制（G00J-500021532-00004）/电缆保护管-CPVC（φ100）.doc,4,2,bid_response_parameter_table,"电缆保护管-材质:CPVC,标称直径:φ50",参照通用部分5.技术要求,,pending_response,medium,存在项目需求值或标准值，但投标人响应值/保证值为空。,补充泰昌响应值、保证值或明确写入无偏差承诺后复核。,"{""序号"": ""1"", ""技术参数名称"": ""电缆保护管-材质:CPVC,标称直径:φ50"", ""单位"": ""米"", ""项目需求值或表述"": ""参照通用部分5.技术要求"", ""投标人响应值"": """"}"
customer_liaoning_taichang_20260606_p0,辽宁,2025-03,包1,2225AC,电缆保护管CPVC,rag_seed/power_grid_resources/01_tender_documents/22_国网辽宁电力2025年第三次物资协议库存招标采购/extracted/电缆保护管CPVC/包1_完整招标文件_53488484541066181/包1_技术规范书_53488481987137315/国网辽宁省电力有限公司_辽宁公司二级采购非结构化固化ID编制（G00J-500021532-00004）/电缆保护管-CPVC（φ100）.doc,4,3,bid_response_parameter_table,"电缆保护管-材质:CPVC,标称直径:φ100",参照通用部分5.技术要求,,pending_response,medium,存在项目需求值或标准值，但投标人响应值/保证值为空。,补充泰昌响应值、保证值或明确写入无偏差承诺后复核。,"{""序号"": ""2"", ""技术参数名称"": ""电缆保护管-材质:CPVC,标称直径:φ100"", ""单位"": ""米"", ""项目需求值或表述"": ""参照通用部分5.技术要求"", ""投标人响应值"": """"}"
customer_liaoning_taichang_20260606_p0,辽宁,2025-03,包1,2225AC,电缆保护管CPVC,rag_seed/power_grid_resources/01_tender_documents/22_国网辽宁电力2025年第三次物资协议库存招标采购/extracted/电缆保护管CPVC/包1_完整招标文件_53488484541066181/包1_技术规范书_53488481987137315/国网辽宁省电力有限公司_辽宁公司二级采购非结构化固化ID编制（G00J-500021532-00004）/电缆保护管-CPVC（φ100）.doc,4,4,bid_response_parameter_table,"电缆保护管-材质:CPVC,标称直径:φ125",参照通用部分5.技术要求,,pending_response,medium,存在项目需求值或标准值，但投标人响应值/保证值为空。,补充泰昌响应值、保证值或明确写入无偏差承诺后复核。,"{""序号"": ""3"", ""技术参数名称"": ""电缆保护管-材质:CPVC,标称直径:φ125"", ""单位"": ""米"", ""项目需求值或表述"": ""参照通用部分5.技术要求"", ""投标人响应值"": """"}"
customer_liaoning_taichang_20260606_p0,辽宁,2025-03,包1,2225AC,电缆保护管CPVC,rag_seed/power_grid_resources/01_tender_documents/22_国网辽宁电力2025年第三次物资协议库存招标采购/extracted/电缆保护管CPVC/包1_完整招标文件_53488484541066181/包1_技术规范书_53488481987137315/国网辽宁省电力有限公司_辽宁公司二级采购非结构化固化ID编制（G00J-500021532-00004）/电缆保护管-CPVC（φ100）.doc,4,5,bid_response_parameter_table,"电缆保护管-材质:CPVC,标称直径:φ150",参照通用部分5.技术要求,,pending_response,medium,存在项目需求值或标准值，但投标人响应值/保证值为空。,补充泰昌响应值、保证值或明确写入无偏差承诺后复核。,"{""序号"": ""4"", ""技术参数名称"": ""电缆保护管-材质:CPVC,标称直径:φ150"", ""单位"": ""米"", ""项目需求值或表述"": ""参照通用部分5.技术要求"", ""投标人响应值"": """"}"
customer_liaoning_taichang_20260606_p0,辽宁,2025-03,包1,2225AC,电缆保护管CPVC,rag_seed/power_grid_resources/01_tender_documents/22_国网辽宁电力2025年第三次物资协议库存招标采购/extracted/电缆保护管CPVC/包1_完整招标文件_53488484541066181/包1_技术规范书_53488481987137315/国网辽宁省电力有限公司_辽宁公司二级采购非结构化固化ID编制（G00J-500021532-00004）/电缆保护管-CPVC（φ100）.doc,4,6,bid_response_parameter_table,"电缆保护管-材质:CPVC,标称直径:φ175",参照通用部分5.技术要求,,pending_response,medium,存在项目需求值或标准值，但投标人响应值/保证值为空。,补充泰昌响应值、保证值或明确写入无偏差承诺后复核。,"{""序号"": ""5"", ""技术参数名称"": ""电缆保护管-材质:CPVC,标称直径:φ175"", ""单位"": ""米"", ""项目需求值或表述"": ""参照通用部分5.技术要求"", ""投标人响应值"": """"}"
customer_liaoning_taichang_20260606_p0,辽宁,2025-03,包1,2225AC,电缆保护管CPVC,rag_seed/power_grid_resources/01_tender_documents/22_国网辽宁电力2025年第三次物资协议库存招标采购/extracted/电缆保护管CPVC/包1_完整招标文件_53488484541066181/包1_技术规范书_53488481987137315/国网辽宁省电力有限公司_辽宁公司二级采购非结构化固化ID编制（G00J-500021532-00004）/电缆保护管-CPVC（φ100）.doc,4,7,bid_response_parameter_table,"电缆保护管-材质:CPVC,标称直径:φ200",参照通用部分5.技术要求,,pending_response,medium,存在项目需求值或标准值，但投标人响应值/保证值为空。,补充泰昌响应值、保证值或明确写入无偏差承诺后复核。,"{""序号"": ""6"", ""技术参数名称"": ""电缆保护管-材质:CPVC,标称直径:φ200"", ""单位"": ""米"", ""项目需求值或表述"": ""参照通用部分5.技术要求"", ""投标人响应值"": """"}"
customer_liaoning_taichang_20260606_p0,辽宁,2025-03,包1,2225AC,电缆保护管CPVC,rag_seed/power_grid_resources/01_tender_documents/22_国网辽宁电力2025年第三次物资协议库存招标采购/extracted/电缆保护管CPVC/包1_完整招标文件_53488484541066181/包1_技术规范书_53488481987137315/国网辽宁省电力有限公司_辽宁公司二级采购非结构化固化ID编制（G00J-500021532-00004）/电缆保护管-CPVC（φ100）.doc,4,8,bid_response_parameter_table,"电缆保护管-材质:CPVC,内径:φ225",参照通用部分5.技术要求,,pending_response,medium,存在项目需求值或标准值，但投标人响应值/保证值为空。,补充泰昌响应值、保证值或明确写入无偏差承诺后复核。,"{""序号"": ""7"", ""技术参数名称"": ""电缆保护管-材质:CPVC,内径:φ225"", ""单位"": ""米"", ""项目需求值或表述"": ""参照通用部分5.技术要求"", ""投标人响应值"": """"}"
customer_liaoning_taichang_20260606_p0,辽宁,2025-03,包1,2225AC,电缆保护管CPVC,rag_seed/power_grid_resources/01_tender_documents/22_国网辽宁电力2025年第三次物资协议库存招标采购/extracted/电缆保护管CPVC/包1_完整招标文件_53488484541066181/包1_技术规范书_53488481987137315/国网辽宁省电力有限公司_辽宁公司二级采购非结构化固化ID编制（G00J-500021532-00004）/电缆保护管-CPVC（φ100）.doc,4,9,bid_response_parameter_table,"电缆保护管-材质:CPVC,内径:φ250",参照通用部分5.技术要求,,pending_response,medium,存在项目需求值或标准值，但投标人响应值/保证值为空。,补充泰昌响应值、保证值或明确写入无偏差承诺后复核。,"{""序号"": ""8"", ""技术参数名称"": ""电缆保护管-材质:CPVC,内径:φ250"", ""单位"": ""米"", ""项目需求值或表述"": ""参照通用部分5.技术要求"", ""投标人响应值"": """"}"
customer_liaoning_taichang_20260606_p0,辽宁,2025-03,包1,2225AC,电缆保护管CPVC,rag_seed/power_grid_resources/01_tender_documents/22_国网辽宁电力2025年第三次物资协议库存招标采购/extracted/电缆保护管CPVC/包1_完整招标文件_53488484541066181/包1_技术规范书_53488481987137315/国网辽宁省电力有限公司_辽宁公司二级采购非结构化固化ID编制（G00J-500021532-00004）/电缆保护管-CPVC（φ100）.doc,5,2,bid_response_parameter_table,环境温度,+40,,pending_response,medium,存在项目需求值或标准值，但投标人响应值/保证值为空。,补充泰昌响应值、保证值或明确写入无偏差承诺后复核。,"{""序号"": ""1"", ""名称"": ""环境温度"", ""名称_2"": ""最高温度"", ""单位"": ""℃"", ""项目需求值"": ""+40"", ""投标人响应值"": """"}"
customer_liaoning_taichang_20260606_p0,辽宁,2025-03,包1,2225AC,电缆保护管CPVC,rag_seed/power_grid_resources/01_tender_documents/22_国网辽宁电力2025年第三次物资协议库存招标采购/extracted/电缆保护管CPVC/包1_完整招标文件_53488484541066181/包1_技术规范书_53488481987137315/国网辽宁省电力有限公司_辽宁公司二级采购非结构化固化ID编制（G00J-500021532-00004）/电缆保护管-CPVC（φ100）.doc,5,3,bid_response_parameter_table,环境温度,-40,,pending_response,medium,存在项目需求值或标准值，但投标人响应值/保证值为空。,补充泰昌响应值、保证值或明确写入无偏差承诺后复核。,"{""序号"": ""1"", ""名称"": ""环境温度"", ""名称_2"": ""最低温度"", ""单位"": ""℃"", ""项目需求值"": ""-40"", ""投标人响应值"": """"}"
customer_liaoning_taichang_20260606_p0,辽宁,2025-03,包1,2225AC,电缆保护管CPVC,rag_seed/power_grid_resources/01_tender_documents/22_国网辽宁电力2025年第三次物资协议库存招标采购/extracted/电缆保护管CPVC/包1_完整招标文件_53488484541066181/包1_技术规范书_53488481987137315/国网辽宁省电力有限公司_辽宁公司二级采购非结构化固化ID编制（G00J-500021532-00004）/电缆保护管-CPVC（φ100）.doc,5,4,bid_response_parameter_table,环境温度,25,,pending_response,medium,存在项目需求值或标准值，但投标人响应值/保证值为空。,补充泰昌响应值、保证值或明确写入无偏差承诺后复核。,"{""序号"": ""1"", ""名称"": ""环境温度"", ""名称_2"": ""最大温差"", ""单位"": ""℃"", ""项目需求值"": ""25"", ""投标人响应值"": """"}"
customer_liaoning_taichang_20260606_p0,辽宁,2025-03,包1,2225AC,电缆保护管CPVC,rag_seed/power_grid_resources/01_tender_documents/22_国网辽宁电力2025年第三次物资协议库存招标采购/extracted/电缆保护管CPVC/包1_完整招标文件_53488484541066181/包1_技术规范书_53488481987137315/国网辽宁省电力有限公司_辽宁公司二级采购非结构化固化ID编制（G00J-500021532-00004）/电缆保护管-CPVC（φ100）.doc,5,5,bid_response_parameter_table,海拔,≤1000,,pending_response,medium,存在项目需求值或标准值，但投标人响应值/保证值为空。,补充泰昌响应值、保证值或明确写入无偏差承诺后复核。,"{""序号"": ""2"", ""名称"": ""海拔"", ""名称_2"": ""海拔"", ""单位"": ""m"", ""项目需求值"": ""≤1000"", ""投标人响应值"": """"}"
customer_liaoning_taichang_20260606_p0,辽宁,2025-03,包1,2225AC,电缆保护管CPVC,rag_seed/power_grid_resources/01_tender_documents/22_国网辽宁电力2025年第三次物资协议库存招标采购/extracted/电缆保护管CPVC/包1_完整招标文件_53488484541066181/包1_技术规范书_53488481987137315/国网辽宁省电力有限公司_辽宁公司二级采购非结构化固化ID编制（G00J-500021532-00004）/电缆保护管-CPVC（φ100）.doc,5,6,bid_response_parameter_table,日照,0.1,,pending_response,medium,存在项目需求值或标准值，但投标人响应值/保证值为空。,补充泰昌响应值、保证值或明确写入无偏差承诺后复核。,"{""序号"": ""3"", ""名称"": ""日照"", ""名称_2"": ""日照"", ""单位"": ""W/cm²"", ""项目需求值"": ""0.1"", ""投标人响应值"": """"}"
customer_liaoning_taichang_20260606_p0,辽宁,2025-03,包1,2225AC,电缆保护管CPVC,rag_seed/power_grid_resources/01_tender_documents/22_国网辽宁电力2025年第三次物资协议库存招标采购/extracted/电缆保护管CPVC/包1_完整招标文件_53488484541066181/包1_技术规范书_53488481987137315/国网辽宁省电力有限公司_辽宁公司二级采购非结构化固化ID编制（G00J-500021532-00004）/电缆保护管-CPVC（φ100）.doc,5,7,bid_response_parameter_table,覆冰厚度,20,,pending_response,medium,存在项目需求值或标准值，但投标人响应值/保证值为空。,补充泰昌响应值、保证值或明确写入无偏差承诺后复核。,"{""序号"": ""4"", ""名称"": ""覆冰厚度"", ""名称_2"": ""覆冰厚度"", ""单位"": ""mm"", ""项目需求值"": ""20"", ""投标人响应值"": """"}"
customer_liaoning_taichang_20260606_p0,辽宁,2025-03,包1,2225AC,电缆保护管CPVC,rag_seed/power_grid_resources/01_tender_documents/22_国网辽宁电力2025年第三次物资协议库存招标采购/extracted/电缆保护管CPVC/包1_完整招标文件_53488484541066181/包1_技术规范书_53488481987137315/国网辽宁省电力有限公司_辽宁公司二级采购非结构化固化ID编制（G00J-500021532-00004）/电缆保护管-CPVC（φ100）.doc,5,8,bid_response_parameter_table,最大风速,35,,pending_response,medium,存在项目需求值或标准值，但投标人响应值/保证值为空。,补充泰昌响应值、保证值或明确写入无偏差承诺后复核。,"{""序号"": ""5"", ""名称"": ""最大风速"", ""名称_2"": ""最大风速"", ""单位"": ""m/s"", ""项目需求值"": ""35"", ""投标人响应值"": """"}"
customer_liaoning_taichang_20260606_p0,辽宁,2025-03,包1,2225AC,电缆保护管CPVC,rag_seed/power_grid_resources/01_tender_documents/22_国网辽宁电力2025年第三次物资协议库存招标采购/extracted/电缆保护管CPVC/包1_完整招标文件_53488484541066181/包1_技术规范书_53488481987137315/国网辽宁省电力有限公司_辽宁公司二级采购非结构化固化ID编制（G00J-500021532-00004）/电缆保护管-CPVC（φ100）.doc,5,9,bid_response_parameter_table,埋深,＜8,,pending_response,medium,存在项目需求值或标准值，但投标人响应值/保证值为空。,补充泰昌响应值、保证值或明确写入无偏差承诺后复核。,"{""序号"": ""6"", ""名称"": ""埋深"", ""名称_2"": ""埋深"", ""单位"": ""m"", ""项目需求值"": ""＜8"", ""投标人响应值"": """"}"
customer_liaoning_taichang_20260606_p0,辽宁,2025-03,包1,2225AC,电缆保护管CPVC,rag_seed/power_grid_resources/01_tender_documents/22_国网辽宁电力2025年第三次物资协议库存招标采购/extracted/电缆保护管CPVC/包1_完整招标文件_53488484541066181/包1_技术规范书_53488481987137315/国网辽宁省电力有限公司_辽宁公司二级采购非结构化固化ID编制（G00J-500021532-00004）/电缆保护管-CPVC（φ100）.doc,7,4,performance_parameter_table,……,,,informational,low,未识别到明确项目需求值或标准值，仅作为参数信息保留。,无需生成偏差判断，可在参数查询中展示。,"{""序号 / 1"": ""……"", ""名称 / 电缆保护管-氯化聚氯乙烯(CPVC)"": """", ""单位 / 米"": """", ""招标人要求 / 型号和规格 / 电缆保护管,CPVC,φ100"": """", ""招标人要求 / 数量 / 详见货物清单"": """", ""投标人响应 / 环刚度等级 / 详见货物清单"": """", ""投标人响应 / 数量"": """"}"
customer_liaoning_taichang_20260606_p0,辽宁,2025-03,包1,2225AC,电缆保护管CPVC,rag_seed/power_grid_resources/01_tender_documents/22_国网辽宁电力2025年第三次物资协议库存招标采购/extracted/电缆保护管CPVC/包1_完整招标文件_53488484541066181/包1_技术规范书_53488481987137315/国网辽宁省电力有限公司_辽宁公司二级采购非结构化固化ID编制（G00J-500038391-00003）/电缆保护管-CPVC（φ200）.doc,1,4,dimension_parameter_table,公称内径 70,公称壁厚e / 环刚度等级b / SN20: 3.5；公称壁厚e / 环刚度等级b / SN 30: 4.0；公称壁厚e / 环刚度等级b / SN 40: 4.5；不圆度: ≤1.6,,pending_response,medium,存在项目需求值或标准值，但投标人响应值/保证值为空。,补充泰昌响应值、保证值或明确写入无偏差承诺后复核。,"{""公称内径 DN/ID"": ""70"", ""公称壁厚e / 环刚度等级b / SN20"": ""3.5"", ""公称壁厚e / 环刚度等级b / SN 30"": ""4.0"", ""公称壁厚e / 环刚度等级b / SN 40"": ""4.5"", ""不圆度"": ""≤1.6""}"
customer_liaoning_taichang_20260606_p0,辽宁,2025-03,包1,2225AC,电缆保护管CPVC,rag_seed/power_grid_resources/01_tender_documents/22_国网辽宁电力2025年第三次物资协议库存招标采购/extracted/电缆保护管CPVC/包1_完整招标文件_53488484541066181/包1_技术规范书_53488481987137315/国网辽宁省电力有限公司_辽宁公司二级采购非结构化固化ID编制（G00J-500038391-00003）/电缆保护管-CPVC（φ200）.doc,1,5,dimension_parameter_table,公称内径 90,公称壁厚e / 环刚度等级b / SN20: 4.0；公称壁厚e / 环刚度等级b / SN 30: 4.5；公称壁厚e / 环刚度等级b / SN 40: 5.0；不圆度: ≤1.8,,pending_response,medium,存在项目需求值或标准值，但投标人响应值/保证值为空。,补充泰昌响应值、保证值或明确写入无偏差承诺后复核。,"{""公称内径 DN/ID"": ""90"", ""公称壁厚e / 环刚度等级b / SN20"": ""4.0"", ""公称壁厚e / 环刚度等级b / SN 30"": ""4.5"", ""公称壁厚e / 环刚度等级b / SN 40"": ""5.0"", ""不圆度"": ""≤1.8""}"
customer_liaoning_taichang_20260606_p0,辽宁,2025-03,包1,2225AC,电缆保护管CPVC,rag_seed/power_grid_resources/01_tender_documents/22_国网辽宁电力2025年第三次物资协议库存招标采购/extracted/电缆保护管CPVC/包1_完整招标文件_53488484541066181/包1_技术规范书_53488481987137315/国网辽宁省电力有限公司_辽宁公司二级采购非结构化固化ID编制（G00J-500038391-00003）/电缆保护管-CPVC（φ200）.doc,1,6,dimension_parameter_table,公称内径 100,公称壁厚e / 环刚度等级b / SN20: 4.0；公称壁厚e / 环刚度等级b / SN 30: 5.0；公称壁厚e / 环刚度等级b / SN 40: 6.0；不圆度: ≤2.0,,pending_response,medium,存在项目需求值或标准值，但投标人响应值/保证值为空。,补充泰昌响应值、保证值或明确写入无偏差承诺后复核。,"{""公称内径 DN/ID"": ""100"", ""公称壁厚e / 环刚度等级b / SN20"": ""4.0"", ""公称壁厚e / 环刚度等级b / SN 30"": ""5.0"", ""公称壁厚e / 环刚度等级b / SN 40"": ""6.0"", ""不圆度"": ""≤2.0""}"
customer_liaoning_taichang_20260606_p0,辽宁,2025-03,包1,2225AC,电缆保护管CPVC,rag_seed/power_grid_resources/01_tender_documents/22_国网辽宁电力2025年第三次物资协议库存招标采购/extracted/电缆保护管CPVC/包1_完整招标文件_53488484541066181/包1_技术规范书_53488481987137315/国网辽宁省电力有限公司_辽宁公司二级采购非结构化固化ID编制（G00J-500038391-00003）/电缆保护管-CPVC（φ200）.doc,1,7,dimension_parameter_table,公称内径 125,公称壁厚e / 环刚度等级b / SN20: 5.0；公称壁厚e / 环刚度等级b / SN 30: 6.5；公称壁厚e / 环刚度等级b / SN 40: 8.0；不圆度: ≤2.3,,pending_response,medium,存在项目需求值或标准值，但投标人响应值/保证值为空。,补充泰昌响应值、保证值或明确写入无偏差承诺后复核。,"{""公称内径 DN/ID"": ""125"", ""公称壁厚e / 环刚度等级b / SN20"": ""5.0"", ""公称壁厚e / 环刚度等级b / SN 30"": ""6.5"", ""公称壁厚e / 环刚度等级b / SN 40"": ""8.0"", ""不圆度"": ""≤2.3""}"
customer_liaoning_taichang_20260606_p0,辽宁,2025-03,包1,2225AC,电缆保护管CPVC,rag_seed/power_grid_resources/01_tender_documents/22_国网辽宁电力2025年第三次物资协议库存招标采购/extracted/电缆保护管CPVC/包1_完整招标文件_53488484541066181/包1_技术规范书_53488481987137315/国网辽宁省电力有限公司_辽宁公司二级采购非结构化固化ID编制（G00J-500038391-00003）/电缆保护管-CPVC（φ200）.doc,1,8,dimension_parameter_table,公称内径 150,公称壁厚e / 环刚度等级b / SN20: 6.5；公称壁厚e / 环刚度等级b / SN 30: 8.0；公称壁厚e / 环刚度等级b / SN 40: 9.5；不圆度: ≤2.5,,pending_response,medium,存在项目需求值或标准值，但投标人响应值/保证值为空。,补充泰昌响应值、保证值或明确写入无偏差承诺后复核。,"{""公称内径 DN/ID"": ""150"", ""公称壁厚e / 环刚度等级b / SN20"": ""6.5"", ""公称壁厚e / 环刚度等级b / SN 30"": ""8.0"", ""公称壁厚e / 环刚度等级b / SN 40"": ""9.5"", ""不圆度"": ""≤2.5""}"
customer_liaoning_taichang_20260606_p0,辽宁,2025-03,包1,2225AC,电缆保护管CPVC,rag_seed/power_grid_resources/01_tender_documents/22_国网辽宁电力2025年第三次物资协议库存招标采购/extracted/电缆保护管CPVC/包1_完整招标文件_53488484541066181/包1_技术规范书_53488481987137315/国网辽宁省电力有限公司_辽宁公司二级采购非结构化固化ID编制（G00J-500038391-00003）/电缆保护管-CPVC（φ200）.doc,1,9,dimension_parameter_table,公称内径 175,公称壁厚e / 环刚度等级b / SN20: 8.0；公称壁厚e / 环刚度等级b / SN 30: 9.5；公称壁厚e / 环刚度等级b / SN 40: 11.0；不圆度: ≤2.8,,pending_response,medium,存在项目需求值或标准值，但投标人响应值/保证值为空。,补充泰昌响应值、保证值或明确写入无偏差承诺后复核。,"{""公称内径 DN/ID"": ""175"", ""公称壁厚e / 环刚度等级b / SN20"": ""8.0"", ""公称壁厚e / 环刚度等级b / SN 30"": ""9.5"", ""公称壁厚e / 环刚度等级b / SN 40"": ""11.0"", ""不圆度"": ""≤2.8""}"
customer_liaoning_taichang_20260606_p0,辽宁,2025-03,包1,2225AC,电缆保护管CPVC,rag_seed/power_grid_resources/01_tender_documents/22_国网辽宁电力2025年第三次物资协议库存招标采购/extracted/电缆保护管CPVC/包1_完整招标文件_53488484541066181/包1_技术规范书_53488481987137315/国网辽宁省电力有限公司_辽宁公司二级采购非结构化固化ID编制（G00J-500038391-00003）/电缆保护管-CPVC（φ200）.doc,1,10,dimension_parameter_table,公称内径 200,公称壁厚e / 环刚度等级b / SN20: 9.0；公称壁厚e / 环刚度等级b / SN 30: 11.0；公称壁厚e / 环刚度等级b / SN 40: 13.0；不圆度: ≤3.2,,pending_response,medium,存在项目需求值或标准值，但投标人响应值/保证值为空。,补充泰昌响应值、保证值或明确写入无偏差承诺后复核。,"{""公称内径 DN/ID"": ""200"", ""公称壁厚e / 环刚度等级b / SN20"": ""9.0"", ""公称壁厚e / 环刚度等级b / SN 30"": ""11.0"", ""公称壁厚e / 环刚度等级b / SN 40"": ""13.0"", ""不圆度"": ""≤3.2""}"
customer_liaoning_taichang_20260606_p0,辽宁,2025-03,包1,2225AC,电缆保护管CPVC,rag_seed/power_grid_resources/01_tender_documents/22_国网辽宁电力2025年第三次物资协议库存招标采购/extracted/电缆保护管CPVC/包1_完整招标文件_53488484541066181/包1_技术规范书_53488481987137315/国网辽宁省电力有限公司_辽宁公司二级采购非结构化固化ID编制（G00J-500038391-00003）/电缆保护管-CPVC（φ200）.doc,2,2,dimension_parameter_table,公称内径 50,公称内径允许偏差: +0.5；承口内径允许偏差: +0.5；承口最小深度: 60,,pending_response,medium,存在项目需求值或标准值，但投标人响应值/保证值为空。,补充泰昌响应值、保证值或明确写入无偏差承诺后复核。,"{""序号"": ""1"", ""公称内径"": ""50"", ""公称内径允许偏差"": ""+0.5"", ""承口内径允许偏差"": ""+0.5"", ""承口最小深度"": ""60""}"
customer_liaoning_taichang_20260606_p0,辽宁,2025-03,包1,2225AC,电缆保护管CPVC,rag_seed/power_grid_resources/01_tender_documents/22_国网辽宁电力2025年第三次物资协议库存招标采购/extracted/电缆保护管CPVC/包1_完整招标文件_53488484541066181/包1_技术规范书_53488481987137315/国网辽宁省电力有限公司_辽宁公司二级采购非结构化固化ID编制（G00J-500038391-00003）/电缆保护管-CPVC（φ200）.doc,2,3,dimension_parameter_table,公称内径 100,公称内径允许偏差: +0.6；承口内径允许偏差: +0.6；承口最小深度: 80,,pending_response,medium,存在项目需求值或标准值，但投标人响应值/保证值为空。,补充泰昌响应值、保证值或明确写入无偏差承诺后复核。,"{""序号"": ""2"", ""公称内径"": ""100"", ""公称内径允许偏差"": ""+0.6"", ""承口内径允许偏差"": ""+0.6"", ""承口最小深度"": ""80""}"
customer_liaoning_taichang_20260606_p0,辽宁,2025-03,包1,2225AC,电缆保护管CPVC,rag_seed/power_grid_resources/01_tender_documents/22_国网辽宁电力2025年第三次物资协议库存招标采购/extracted/电缆保护管CPVC/包1_完整招标文件_53488484541066181/包1_技术规范书_53488481987137315/国网辽宁省电力有限公司_辽宁公司二级采购非结构化固化ID编制（G00J-500038391-00003）/电缆保护管-CPVC（φ200）.doc,2,4,dimension_parameter_table,公称内径 125,公称内径允许偏差: +0.7；承口内径允许偏差: +0.7；承口最小深度: 100,,pending_response,medium,存在项目需求值或标准值，但投标人响应值/保证值为空。,补充泰昌响应值、保证值或明确写入无偏差承诺后复核。,"{""序号"": ""3"", ""公称内径"": ""125"", ""公称内径允许偏差"": ""+0.7"", ""承口内径允许偏差"": ""+0.7"", ""承口最小深度"": ""100""}"
customer_liaoning_taichang_20260606_p0,辽宁,2025-03,包1,2225AC,电缆保护管CPVC,rag_seed/power_grid_resources/01_tender_documents/22_国网辽宁电力2025年第三次物资协议库存招标采购/extracted/电缆保护管CPVC/包1_完整招标文件_53488484541066181/包1_技术规范书_53488481987137315/国网辽宁省电力有限公司_辽宁公司二级采购非结构化固化ID编制（G00J-500038391-00003）/电缆保护管-CPVC（φ200）.doc,2,5,dimension_parameter_table,公称内径 150,公称内径允许偏差: +0.8；承口内径允许偏差: +0.8；承口最小深度: 100,,pending_response,medium,存在项目需求值或标准值，但投标人响应值/保证值为空。,补充泰昌响应值、保证值或明确写入无偏差承诺后复核。,"{""序号"": ""4"", ""公称内径"": ""150"", ""公称内径允许偏差"": ""+0.8"", ""承口内径允许偏差"": ""+0.8"", ""承口最小深度"": ""100""}"
customer_liaoning_taichang_20260606_p0,辽宁,2025-03,包1,2225AC,电缆保护管CPVC,rag_seed/power_grid_resources/01_tender_documents/22_国网辽宁电力2025年第三次物资协议库存招标采购/extracted/电缆保护管CPVC/包1_完整招标文件_53488484541066181/包1_技术规范书_53488481987137315/国网辽宁省电力有限公司_辽宁公司二级采购非结构化固化ID编制（G00J-500038391-00003）/电缆保护管-CPVC（φ200）.doc,2,6,dimension_parameter_table,公称内径 175,公称内径允许偏差: +0.9；承口内径允许偏差: +0.9；承口最小深度: 100,,pending_response,medium,存在项目需求值或标准值，但投标人响应值/保证值为空。,补充泰昌响应值、保证值或明确写入无偏差承诺后复核。,"{""序号"": ""5"", ""公称内径"": ""175"", ""公称内径允许偏差"": ""+0.9"", ""承口内径允许偏差"": ""+0.9"", ""承口最小深度"": ""100""}"
customer_liaoning_taichang_20260606_p0,辽宁,2025-03,包1,2225AC,电缆保护管CPVC,rag_seed/power_grid_resources/01_tender_documents/22_国网辽宁电力2025年第三次物资协议库存招标采购/extracted/电缆保护管CPVC/包1_完整招标文件_53488484541066181/包1_技术规范书_53488481987137315/国网辽宁省电力有限公司_辽宁公司二级采购非结构化固化ID编制（G00J-500038391-00003）/电缆保护管-CPVC（φ200）.doc,2,7,dimension_parameter_table,公称内径 200,公称内径允许偏差: +1.0；承口内径允许偏差: +1.0；承口最小深度: 120,,pending_response,medium,存在项目需求值或标准值，但投标人响应值/保证值为空。,补充泰昌响应值、保证值或明确写入无偏差承诺后复核。,"{""序号"": ""6"", ""公称内径"": ""200"", ""公称内径允许偏差"": ""+1.0"", ""承口内径允许偏差"": ""+1.0"", ""承口最小深度"": ""120""}"
customer_liaoning_taichang_20260606_p0,辽宁,2025-03,包1,2225AC,电缆保护管CPVC,rag_seed/power_grid_resources/01_tender_documents/22_国网辽宁电力2025年第三次物资协议库存招标采购/extracted/电缆保护管CPVC/包1_完整招标文件_53488484541066181/包1_技术规范书_53488481987137315/国网辽宁省电力有限公司_辽宁公司二级采购非结构化固化ID编制（G00J-500038391-00003）/电缆保护管-CPVC（φ200）.doc,2,8,dimension_parameter_table,公称内径 225,公称内径允许偏差: +1.1；承口内径允许偏差: +1.1；承口最小深度: 120,,pending_response,medium,存在项目需求值或标准值，但投标人响应值/保证值为空。,补充泰昌响应值、保证值或明确写入无偏差承诺后复核。,"{""序号"": ""7"", ""公称内径"": ""225"", ""公称内径允许偏差"": ""+1.1"", ""承口内径允许偏差"": ""+1.1"", ""承口最小深度"": ""120""}"
customer_liaoning_taichang_20260606_p0,辽宁,2025-03,包1,2225AC,电缆保护管CPVC,rag_seed/power_grid_resources/01_tender_documents/22_国网辽宁电力2025年第三次物资协议库存招标采购/extracted/电缆保护管CPVC/包1_完整招标文件_53488484541066181/包1_技术规范书_53488481987137315/国网辽宁省电力有限公司_辽宁公司二级采购非结构化固化ID编制（G00J-500038391-00003）/电缆保护管-CPVC（φ200）.doc,2,9,dimension_parameter_table,公称内径 250,公称内径允许偏差: +1.2；承口内径允许偏差: +1.2；承口最小深度: 120,,pending_response,medium,存在项目需求值或标准值，但投标人响应值/保证值为空。,补充泰昌响应值、保证值或明确写入无偏差承诺后复核。,"{""序号"": ""7"", ""公称内径"": ""250"", ""公称内径允许偏差"": ""+1.2"", ""承口内径允许偏差"": ""+1.2"", ""承口最小深度"": ""120""}"
customer_liaoning_taichang_20260606_p0,辽宁,2025-03,包1,2225AC,电缆保护管CPVC,rag_seed/power_grid_resources/01_tender_documents/22_国网辽宁电力2025年第三次物资协议库存招标采购/extracted/电缆保护管CPVC/包1_完整招标文件_53488484541066181/包1_技术规范书_53488481987137315/国网辽宁省电力有限公司_辽宁公司二级采购非结构化固化ID编制（G00J-500038391-00003）/电缆保护管-CPVC（φ200）.doc,2,10,dimension_parameter_table,公称内径 注1：承口最小深度是从承口端部到承口底部的最小距离； 注2：承口内径偏差为制造与设计的差数； 注3：其他规格尺寸由供需双方协商确定，其公称内径允许偏差、承口内径允许偏差以及承口最小深度以表中最接近的一档为准。,公称内径允许偏差: 注1：承口最小深度是从承口端部到承口底部的最小距离； 注2：承口内径偏差为制造与设计的差数； 注3：其他规格尺寸由供需双方协商确定，其公称内径允许偏差、承口内径允许偏差以及承口最小深度以表中最接近的一档为准。；承口内径允许偏差: 注1：承口最小深度是从承口端部到承口底部的最小距离； 注2：承口内径偏差为制造与设计的差数； 注3：其他规格尺寸由供需双方协商确定，其公称内径允许偏差、承口内径允许偏差以及承口最小深度以表中最接近的一档为准。；承口最小深度: 注1：承口最小深度是从承口端部到承口底部的最小距离； 注2：承口内径偏差为制造与设计的差数； 注3：其他规格尺寸由供需双方协商确定，其公称内径允许偏差、承口内径允许偏差以及承口最小深度以表中最接近的一档为准。,,pending_response,medium,存在项目需求值或标准值，但投标人响应值/保证值为空。,补充泰昌响应值、保证值或明确写入无偏差承诺后复核。,"{""序号"": ""注1：承口最小深度是从承口端部到承口底部的最小距离； 注2：承口内径偏差为制造与设计的差数； 注3：其他规格尺寸由供需双方协商确定，其公称内径允许偏差、承口内径允许偏差以及承口最小深度以表中最接近的一档为准。"", ""公称内径"": ""注1：承口最小深度是从承口端部到承口底部的最小距离； 注2：承口内径偏差为制造与设计的差数； 注3：其他规格尺寸由供需双方协商确定，其公称内径允许偏差、承口内径允许偏差以及承口最小深度以表中最接近的一档为准。"", ""公称内径允许偏差"": ""注1：承口最小深度是从承口端部到承口底部的最小距离； 注2：承口内径偏差为制造与设计的差数； 注3：其他规格尺寸由供需双方协商确定，其公称内径允许偏差、承口内径允许偏差以及承口最小深度以表中最接近的一档为准。"", ""承口内径允许偏差"": ""注1：承口最小深度是从承口端部到承口底部的最小距离； 注2：承口内径偏差为制造与设计的差数； 注3：其他规格尺寸由供需双方协商确定，其公称内径允许偏差、承口内径允许偏差以及承口最小深度以表中最接近的一档为准。"", ""承口最小深度"": ""注1：承口最小深度是从承口端部到承口底部的最小距离； 注2：承口内径偏差为制造与设计的差数； 注3：其他规格尺寸由供需双方协商确定，其公称内径允许偏差、承口内径允许偏差以及承口最小深度以表中最接近的一档为准。""}"
customer_liaoning_taichang_20260606_p0,辽宁,2025-03,包1,2225AC,电缆保护管CPVC,rag_seed/power_grid_resources/01_tender_documents/22_国网辽宁电力2025年第三次物资协议库存招标采购/extracted/电缆保护管CPVC/包1_完整招标文件_53488484541066181/包1_技术规范书_53488481987137315/国网辽宁省电力有限公司_辽宁公司二级采购非结构化固化ID编制（G00J-500038391-00003）/电缆保护管-CPVC（φ200）.doc,3,2,dimension_parameter_table,t＜6.0,公称壁厚: t＜6.0；公称壁厚允许偏差: +0.6,,pending_response,medium,存在项目需求值或标准值，但投标人响应值/保证值为空。,补充泰昌响应值、保证值或明确写入无偏差承诺后复核。,"{""序号"": ""1"", ""公称壁厚"": ""t＜6.0"", ""公称壁厚允许偏差"": ""+0.6""}"
customer_liaoning_taichang_20260606_p0,辽宁,2025-03,包1,2225AC,电缆保护管CPVC,rag_seed/power_grid_resources/01_tender_documents/22_国网辽宁电力2025年第三次物资协议库存招标采购/extracted/电缆保护管CPVC/包1_完整招标文件_53488484541066181/包1_技术规范书_53488481987137315/国网辽宁省电力有限公司_辽宁公司二级采购非结构化固化ID编制（G00J-500038391-00003）/电缆保护管-CPVC（φ200）.doc,3,3,dimension_parameter_table,6.0≤t＜7.0,公称壁厚: 6.0≤t＜7.0；公称壁厚允许偏差: +0.7,,pending_response,medium,存在项目需求值或标准值，但投标人响应值/保证值为空。,补充泰昌响应值、保证值或明确写入无偏差承诺后复核。,"{""序号"": ""2"", ""公称壁厚"": ""6.0≤t＜7.0"", ""公称壁厚允许偏差"": ""+0.7""}"
customer_liaoning_taichang_20260606_p0,辽宁,2025-03,包1,2225AC,电缆保护管CPVC,rag_seed/power_grid_resources/01_tender_documents/22_国网辽宁电力2025年第三次物资协议库存招标采购/extracted/电缆保护管CPVC/包1_完整招标文件_53488484541066181/包1_技术规范书_53488481987137315/国网辽宁省电力有限公司_辽宁公司二级采购非结构化固化ID编制（G00J-500038391-00003）/电缆保护管-CPVC（φ200）.doc,3,4,dimension_parameter_table,7.0≤t＜8.0,公称壁厚: 7.0≤t＜8.0；公称壁厚允许偏差: +0.8,,pending_response,medium,存在项目需求值或标准值，但投标人响应值/保证值为空。,补充泰昌响应值、保证值或明确写入无偏差承诺后复核。,"{""序号"": ""3"", ""公称壁厚"": ""7.0≤t＜8.0"", ""公称壁厚允许偏差"": ""+0.8""}"
customer_liaoning_taichang_20260606_p0,辽宁,2025-03,包1,2225AC,电缆保护管CPVC,rag_seed/power_grid_resources/01_tender_documents/22_国网辽宁电力2025年第三次物资协议库存招标采购/extracted/电缆保护管CPVC/包1_完整招标文件_53488484541066181/包1_技术规范书_53488481987137315/国网辽宁省电力有限公司_辽宁公司二级采购非结构化固化ID编制（G00J-500038391-00003）/电缆保护管-CPVC（φ200）.doc,3,5,dimension_parameter_table,8.0≤t＜10.0,公称壁厚: 8.0≤t＜10.0；公称壁厚允许偏差: +1.0,,pending_response,medium,存在项目需求值或标准值，但投标人响应值/保证值为空。,补充泰昌响应值、保证值或明确写入无偏差承诺后复核。,"{""序号"": ""4"", ""公称壁厚"": ""8.0≤t＜10.0"", ""公称壁厚允许偏差"": ""+1.0""}"
customer_liaoning_taichang_20260606_p0,辽宁,2025-03,包1,2225AC,电缆保护管CPVC,rag_seed/power_grid_resources/01_tender_documents/22_国网辽宁电力2025年第三次物资协议库存招标采购/extracted/电缆保护管CPVC/包1_完整招标文件_53488484541066181/包1_技术规范书_53488481987137315/国网辽宁省电力有限公司_辽宁公司二级采购非结构化固化ID编制（G00J-500038391-00003）/电缆保护管-CPVC（φ200）.doc,3,6,dimension_parameter_table,10.0≤t＜12.0,公称壁厚: 10.0≤t＜12.0；公称壁厚允许偏差: +1.2,,pending_response,medium,存在项目需求值或标准值，但投标人响应值/保证值为空。,补充泰昌响应值、保证值或明确写入无偏差承诺后复核。,"{""序号"": ""5"", ""公称壁厚"": ""10.0≤t＜12.0"", ""公称壁厚允许偏差"": ""+1.2""}"
customer_liaoning_taichang_20260606_p0,辽宁,2025-03,包1,2225AC,电缆保护管CPVC,rag_seed/power_grid_resources/01_tender_documents/22_国网辽宁电力2025年第三次物资协议库存招标采购/extracted/电缆保护管CPVC/包1_完整招标文件_53488484541066181/包1_技术规范书_53488481987137315/国网辽宁省电力有限公司_辽宁公司二级采购非结构化固化ID编制（G00J-500038391-00003）/电缆保护管-CPVC（φ200）.doc,3,7,dimension_parameter_table,t≤12.0,公称壁厚: t≤12.0；公称壁厚允许偏差: +1.4,,pending_response,medium,存在项目需求值或标准值，但投标人响应值/保证值为空。,补充泰昌响应值、保证值或明确写入无偏差承诺后复核。,"{""序号"": ""6"", ""公称壁厚"": ""t≤12.0"", ""公称壁厚允许偏差"": ""+1.4""}"
customer_liaoning_taichang_20260606_p0,辽宁,2025-03,包1,2225AC,电缆保护管CPVC,rag_seed/power_grid_resources/01_tender_documents/22_国网辽宁电力2025年第三次物资协议库存招标采购/extracted/电缆保护管CPVC/包1_完整招标文件_53488484541066181/包1_技术规范书_53488481987137315/国网辽宁省电力有限公司_辽宁公司二级采购非结构化固化ID编制（G00J-500038391-00003）/电缆保护管-CPVC（φ200）.doc,3,8,dimension_parameter_table,注：t为公称壁厚。,公称壁厚: 注：t为公称壁厚。；公称壁厚允许偏差: 注：t为公称壁厚。,,pending_response,medium,存在项目需求值或标准值，但投标人响应值/保证值为空。,补充泰昌响应值、保证值或明确写入无偏差承诺后复核。,"{""序号"": ""注：t为公称壁厚。"", ""公称壁厚"": ""注：t为公称壁厚。"", ""公称壁厚允许偏差"": ""注：t为公称壁厚。""}"
customer_liaoning_taichang_20260606_p0,辽宁,2025-03,包1,2225AC,电缆保护管CPVC,rag_seed/power_grid_resources/01_tender_documents/22_国网辽宁电力2025年第三次物资协议库存招标采购/extracted/电缆保护管CPVC/包1_完整招标文件_53488484541066181/包1_技术规范书_53488481987137315/国网辽宁省电力有限公司_辽宁公司二级采购非结构化固化ID编制（G00J-500038391-00003）/电缆保护管-CPVC（φ200）.doc,4,2,bid_response_parameter_table,"电缆保护管-材质:CPVC,标称直径:φ50",参照通用部分5.技术要求,,pending_response,medium,存在项目需求值或标准值，但投标人响应值/保证值为空。,补充泰昌响应值、保证值或明确写入无偏差承诺后复核。,"{""序号"": ""1"", ""技术参数名称"": ""电缆保护管-材质:CPVC,标称直径:φ50"", ""单位"": ""米"", ""项目需求值或表述"": ""参照通用部分5.技术要求"", ""投标人响应值"": """"}"
customer_liaoning_taichang_20260606_p0,辽宁,2025-03,包1,2225AC,电缆保护管CPVC,rag_seed/power_grid_resources/01_tender_documents/22_国网辽宁电力2025年第三次物资协议库存招标采购/extracted/电缆保护管CPVC/包1_完整招标文件_53488484541066181/包1_技术规范书_53488481987137315/国网辽宁省电力有限公司_辽宁公司二级采购非结构化固化ID编制（G00J-500038391-00003）/电缆保护管-CPVC（φ200）.doc,4,3,bid_response_parameter_table,"电缆保护管-材质:CPVC,标称直径:φ100",参照通用部分5.技术要求,,pending_response,medium,存在项目需求值或标准值，但投标人响应值/保证值为空。,补充泰昌响应值、保证值或明确写入无偏差承诺后复核。,"{""序号"": ""2"", ""技术参数名称"": ""电缆保护管-材质:CPVC,标称直径:φ100"", ""单位"": ""米"", ""项目需求值或表述"": ""参照通用部分5.技术要求"", ""投标人响应值"": """"}"
customer_liaoning_taichang_20260606_p0,辽宁,2025-03,包1,2225AC,电缆保护管CPVC,rag_seed/power_grid_resources/01_tender_documents/22_国网辽宁电力2025年第三次物资协议库存招标采购/extracted/电缆保护管CPVC/包1_完整招标文件_53488484541066181/包1_技术规范书_53488481987137315/国网辽宁省电力有限公司_辽宁公司二级采购非结构化固化ID编制（G00J-500038391-00003）/电缆保护管-CPVC（φ200）.doc,4,4,bid_response_parameter_table,"电缆保护管-材质:CPVC,标称直径:φ125",参照通用部分5.技术要求,,pending_response,medium,存在项目需求值或标准值，但投标人响应值/保证值为空。,补充泰昌响应值、保证值或明确写入无偏差承诺后复核。,"{""序号"": ""3"", ""技术参数名称"": ""电缆保护管-材质:CPVC,标称直径:φ125"", ""单位"": ""米"", ""项目需求值或表述"": ""参照通用部分5.技术要求"", ""投标人响应值"": """"}"
customer_liaoning_taichang_20260606_p0,辽宁,2025-03,包1,2225AC,电缆保护管CPVC,rag_seed/power_grid_resources/01_tender_documents/22_国网辽宁电力2025年第三次物资协议库存招标采购/extracted/电缆保护管CPVC/包1_完整招标文件_53488484541066181/包1_技术规范书_53488481987137315/国网辽宁省电力有限公司_辽宁公司二级采购非结构化固化ID编制（G00J-500038391-00003）/电缆保护管-CPVC（φ200）.doc,4,5,bid_response_parameter_table,"电缆保护管-材质:CPVC,标称直径:φ150",参照通用部分5.技术要求,,pending_response,medium,存在项目需求值或标准值，但投标人响应值/保证值为空。,补充泰昌响应值、保证值或明确写入无偏差承诺后复核。,"{""序号"": ""4"", ""技术参数名称"": ""电缆保护管-材质:CPVC,标称直径:φ150"", ""单位"": ""米"", ""项目需求值或表述"": ""参照通用部分5.技术要求"", ""投标人响应值"": """"}"
customer_liaoning_taichang_20260606_p0,辽宁,2025-03,包1,2225AC,电缆保护管CPVC,rag_seed/power_grid_resources/01_tender_documents/22_国网辽宁电力2025年第三次物资协议库存招标采购/extracted/电缆保护管CPVC/包1_完整招标文件_53488484541066181/包1_技术规范书_53488481987137315/国网辽宁省电力有限公司_辽宁公司二级采购非结构化固化ID编制（G00J-500038391-00003）/电缆保护管-CPVC（φ200）.doc,4,6,bid_response_parameter_table,"电缆保护管-材质:CPVC,标称直径:φ175",参照通用部分5.技术要求,,pending_response,medium,存在项目需求值或标准值，但投标人响应值/保证值为空。,补充泰昌响应值、保证值或明确写入无偏差承诺后复核。,"{""序号"": ""5"", ""技术参数名称"": ""电缆保护管-材质:CPVC,标称直径:φ175"", ""单位"": ""米"", ""项目需求值或表述"": ""参照通用部分5.技术要求"", ""投标人响应值"": """"}"
customer_liaoning_taichang_20260606_p0,辽宁,2025-03,包1,2225AC,电缆保护管CPVC,rag_seed/power_grid_resources/01_tender_documents/22_国网辽宁电力2025年第三次物资协议库存招标采购/extracted/电缆保护管CPVC/包1_完整招标文件_53488484541066181/包1_技术规范书_53488481987137315/国网辽宁省电力有限公司_辽宁公司二级采购非结构化固化ID编制（G00J-500038391-00003）/电缆保护管-CPVC（φ200）.doc,4,7,bid_response_parameter_table,"电缆保护管-材质:CPVC,标称直径:φ200",参照通用部分5.技术要求,,pending_response,medium,存在项目需求值或标准值，但投标人响应值/保证值为空。,补充泰昌响应值、保证值或明确写入无偏差承诺后复核。,"{""序号"": ""6"", ""技术参数名称"": ""电缆保护管-材质:CPVC,标称直径:φ200"", ""单位"": ""米"", ""项目需求值或表述"": ""参照通用部分5.技术要求"", ""投标人响应值"": """"}"
customer_liaoning_taichang_20260606_p0,辽宁,2025-03,包1,2225AC,电缆保护管CPVC,rag_seed/power_grid_resources/01_tender_documents/22_国网辽宁电力2025年第三次物资协议库存招标采购/extracted/电缆保护管CPVC/包1_完整招标文件_53488484541066181/包1_技术规范书_53488481987137315/国网辽宁省电力有限公司_辽宁公司二级采购非结构化固化ID编制（G00J-500038391-00003）/电缆保护管-CPVC（φ200）.doc,4,8,bid_response_parameter_table,"电缆保护管-材质:CPVC,内径:φ225",参照通用部分5.技术要求,,pending_response,medium,存在项目需求值或标准值，但投标人响应值/保证值为空。,补充泰昌响应值、保证值或明确写入无偏差承诺后复核。,"{""序号"": ""7"", ""技术参数名称"": ""电缆保护管-材质:CPVC,内径:φ225"", ""单位"": ""米"", ""项目需求值或表述"": ""参照通用部分5.技术要求"", ""投标人响应值"": """"}"
customer_liaoning_taichang_20260606_p0,辽宁,2025-03,包1,2225AC,电缆保护管CPVC,rag_seed/power_grid_resources/01_tender_documents/22_国网辽宁电力2025年第三次物资协议库存招标采购/extracted/电缆保护管CPVC/包1_完整招标文件_53488484541066181/包1_技术规范书_53488481987137315/国网辽宁省电力有限公司_辽宁公司二级采购非结构化固化ID编制（G00J-500038391-00003）/电缆保护管-CPVC（φ200）.doc,4,9,bid_response_parameter_table,"电缆保护管-材质:CPVC,内径:φ250",参照通用部分5.技术要求,,pending_response,medium,存在项目需求值或标准值，但投标人响应值/保证值为空。,补充泰昌响应值、保证值或明确写入无偏差承诺后复核。,"{""序号"": ""8"", ""技术参数名称"": ""电缆保护管-材质:CPVC,内径:φ250"", ""单位"": ""米"", ""项目需求值或表述"": ""参照通用部分5.技术要求"", ""投标人响应值"": """"}"
customer_liaoning_taichang_20260606_p0,辽宁,2025-03,包1,2225AC,电缆保护管CPVC,rag_seed/power_grid_resources/01_tender_documents/22_国网辽宁电力2025年第三次物资协议库存招标采购/extracted/电缆保护管CPVC/包1_完整招标文件_53488484541066181/包1_技术规范书_53488481987137315/国网辽宁省电力有限公司_辽宁公司二级采购非结构化固化ID编制（G00J-500038391-00003）/电缆保护管-CPVC（φ200）.doc,5,2,bid_response_parameter_table,环境温度,+40,,pending_response,medium,存在项目需求值或标准值，但投标人响应值/保证值为空。,补充泰昌响应值、保证值或明确写入无偏差承诺后复核。,"{""序号"": ""1"", ""名称"": ""环境温度"", ""名称_2"": ""最高温度"", ""单位"": ""℃"", ""项目需求值"": ""+40"", ""投标人响应值"": """"}"
customer_liaoning_taichang_20260606_p0,辽宁,2025-03,包1,2225AC,电缆保护管CPVC,rag_seed/power_grid_resources/01_tender_documents/22_国网辽宁电力2025年第三次物资协议库存招标采购/extracted/电缆保护管CPVC/包1_完整招标文件_53488484541066181/包1_技术规范书_53488481987137315/国网辽宁省电力有限公司_辽宁公司二级采购非结构化固化ID编制（G00J-500038391-00003）/电缆保护管-CPVC（φ200）.doc,5,3,bid_response_parameter_table,环境温度,-40,,pending_response,medium,存在项目需求值或标准值，但投标人响应值/保证值为空。,补充泰昌响应值、保证值或明确写入无偏差承诺后复核。,"{""序号"": ""1"", ""名称"": ""环境温度"", ""名称_2"": ""最低温度"", ""单位"": ""℃"", ""项目需求值"": ""-40"", ""投标人响应值"": """"}"
customer_liaoning_taichang_20260606_p0,辽宁,2025-03,包1,2225AC,电缆保护管CPVC,rag_seed/power_grid_resources/01_tender_documents/22_国网辽宁电力2025年第三次物资协议库存招标采购/extracted/电缆保护管CPVC/包1_完整招标文件_53488484541066181/包1_技术规范书_53488481987137315/国网辽宁省电力有限公司_辽宁公司二级采购非结构化固化ID编制（G00J-500038391-00003）/电缆保护管-CPVC（φ200）.doc,5,4,bid_response_parameter_table,环境温度,25,,pending_response,medium,存在项目需求值或标准值，但投标人响应值/保证值为空。,补充泰昌响应值、保证值或明确写入无偏差承诺后复核。,"{""序号"": ""1"", ""名称"": ""环境温度"", ""名称_2"": ""最大温差"", ""单位"": ""℃"", ""项目需求值"": ""25"", ""投标人响应值"": """"}"
customer_liaoning_taichang_20260606_p0,辽宁,2025-03,包1,2225AC,电缆保护管CPVC,rag_seed/power_grid_resources/01_tender_documents/22_国网辽宁电力2025年第三次物资协议库存招标采购/extracted/电缆保护管CPVC/包1_完整招标文件_53488484541066181/包1_技术规范书_53488481987137315/国网辽宁省电力有限公司_辽宁公司二级采购非结构化固化ID编制（G00J-500038391-00003）/电缆保护管-CPVC（φ200）.doc,5,5,bid_response_parameter_table,海拔,≤1000,,pending_response,medium,存在项目需求值或标准值，但投标人响应值/保证值为空。,补充泰昌响应值、保证值或明确写入无偏差承诺后复核。,"{""序号"": ""2"", ""名称"": ""海拔"", ""名称_2"": ""海拔"", ""单位"": ""m"", ""项目需求值"": ""≤1000"", ""投标人响应值"": """"}"
customer_liaoning_taichang_20260606_p0,辽宁,2025-03,包1,2225AC,电缆保护管CPVC,rag_seed/power_grid_resources/01_tender_documents/22_国网辽宁电力2025年第三次物资协议库存招标采购/extracted/电缆保护管CPVC/包1_完整招标文件_53488484541066181/包1_技术规范书_53488481987137315/国网辽宁省电力有限公司_辽宁公司二级采购非结构化固化ID编制（G00J-500038391-00003）/电缆保护管-CPVC（φ200）.doc,5,6,bid_response_parameter_table,日照,0.1,,pending_response,medium,存在项目需求值或标准值，但投标人响应值/保证值为空。,补充泰昌响应值、保证值或明确写入无偏差承诺后复核。,"{""序号"": ""3"", ""名称"": ""日照"", ""名称_2"": ""日照"", ""单位"": ""W/cm²"", ""项目需求值"": ""0.1"", ""投标人响应值"": """"}"
customer_liaoning_taichang_20260606_p0,辽宁,2025-03,包1,2225AC,电缆保护管CPVC,rag_seed/power_grid_resources/01_tender_documents/22_国网辽宁电力2025年第三次物资协议库存招标采购/extracted/电缆保护管CPVC/包1_完整招标文件_53488484541066181/包1_技术规范书_53488481987137315/国网辽宁省电力有限公司_辽宁公司二级采购非结构化固化ID编制（G00J-500038391-00003）/电缆保护管-CPVC（φ200）.doc,5,7,bid_response_parameter_table,覆冰厚度,20,,pending_response,medium,存在项目需求值或标准值，但投标人响应值/保证值为空。,补充泰昌响应值、保证值或明确写入无偏差承诺后复核。,"{""序号"": ""4"", ""名称"": ""覆冰厚度"", ""名称_2"": ""覆冰厚度"", ""单位"": ""mm"", ""项目需求值"": ""20"", ""投标人响应值"": """"}"
customer_liaoning_taichang_20260606_p0,辽宁,2025-03,包1,2225AC,电缆保护管CPVC,rag_seed/power_grid_resources/01_tender_documents/22_国网辽宁电力2025年第三次物资协议库存招标采购/extracted/电缆保护管CPVC/包1_完整招标文件_53488484541066181/包1_技术规范书_53488481987137315/国网辽宁省电力有限公司_辽宁公司二级采购非结构化固化ID编制（G00J-500038391-00003）/电缆保护管-CPVC（φ200）.doc,5,8,bid_response_parameter_table,最大风速,35,,pending_response,medium,存在项目需求值或标准值，但投标人响应值/保证值为空。,补充泰昌响应值、保证值或明确写入无偏差承诺后复核。,"{""序号"": ""5"", ""名称"": ""最大风速"", ""名称_2"": ""最大风速"", ""单位"": ""m/s"", ""项目需求值"": ""35"", ""投标人响应值"": """"}"
customer_liaoning_taichang_20260606_p0,辽宁,2025-03,包1,2225AC,电缆保护管CPVC,rag_seed/power_grid_resources/01_tender_documents/22_国网辽宁电力2025年第三次物资协议库存招标采购/extracted/电缆保护管CPVC/包1_完整招标文件_53488484541066181/包1_技术规范书_53488481987137315/国网辽宁省电力有限公司_辽宁公司二级采购非结构化固化ID编制（G00J-500038391-00003）/电缆保护管-CPVC（φ200）.doc,5,9,bid_response_parameter_table,埋深,＜8,,pending_response,medium,存在项目需求值或标准值，但投标人响应值/保证值为空。,补充泰昌响应值、保证值或明确写入无偏差承诺后复核。,"{""序号"": ""6"", ""名称"": ""埋深"", ""名称_2"": ""埋深"", ""单位"": ""m"", ""项目需求值"": ""＜8"", ""投标人响应值"": """"}"
customer_liaoning_taichang_20260606_p0,辽宁,2025-03,包1,2225AC,电缆保护管CPVC,rag_seed/power_grid_resources/01_tender_documents/22_国网辽宁电力2025年第三次物资协议库存招标采购/extracted/电缆保护管CPVC/包1_完整招标文件_53488484541066181/包1_技术规范书_53488481987137315/国网辽宁省电力有限公司_辽宁公司二级采购非结构化固化ID编制（G00J-500038391-00003）/电缆保护管-CPVC（φ200）.doc,7,4,performance_parameter_table,……,,,informational,low,未识别到明确项目需求值或标准值，仅作为参数信息保留。,无需生成偏差判断，可在参数查询中展示。,"{""序号 / 1"": ""……"", ""名称 / 电缆保护管-氯化聚氯乙烯(CPVC)"": """", ""单位 / 米"": """", ""招标人要求 / 型号和规格 / 电缆保护管,CPVC,φ200"": """", ""招标人要求 / 数量 / 详见货物清单"": """", ""投标人响应 / 环刚度等级 / 详见货物清单"": """", ""投标人响应 / 数量"": """"}"
customer_liaoning_taichang_20260606_p0,辽宁,2025-03,包2,2225AC,电缆保护管CPVC,rag_seed/power_grid_resources/01_tender_documents/22_国网辽宁电力2025年第三次物资协议库存招标采购/extracted/电缆保护管CPVC/包2_完整招标文件_53488483999455372/包2_技术规范书_53488482466628243/国网辽宁省电力有限公司_辽宁公司二级采购非结构化固化ID编制（G00J-500021532-00004）/电缆保护管-CPVC（φ100）.doc,1,4,dimension_parameter_table,公称内径 70,公称壁厚e / 环刚度等级b / SN20: 3.5；公称壁厚e / 环刚度等级b / SN 30: 4.0；公称壁厚e / 环刚度等级b / SN 40: 4.5；不圆度: ≤1.6,,pending_response,medium,存在项目需求值或标准值，但投标人响应值/保证值为空。,补充泰昌响应值、保证值或明确写入无偏差承诺后复核。,"{""公称内径 DN/ID"": ""70"", ""公称壁厚e / 环刚度等级b / SN20"": ""3.5"", ""公称壁厚e / 环刚度等级b / SN 30"": ""4.0"", ""公称壁厚e / 环刚度等级b / SN 40"": ""4.5"", ""不圆度"": ""≤1.6""}"
customer_liaoning_taichang_20260606_p0,辽宁,2025-03,包2,2225AC,电缆保护管CPVC,rag_seed/power_grid_resources/01_tender_documents/22_国网辽宁电力2025年第三次物资协议库存招标采购/extracted/电缆保护管CPVC/包2_完整招标文件_53488483999455372/包2_技术规范书_53488482466628243/国网辽宁省电力有限公司_辽宁公司二级采购非结构化固化ID编制（G00J-500021532-00004）/电缆保护管-CPVC（φ100）.doc,1,5,dimension_parameter_table,公称内径 90,公称壁厚e / 环刚度等级b / SN20: 4.0；公称壁厚e / 环刚度等级b / SN 30: 4.5；公称壁厚e / 环刚度等级b / SN 40: 5.0；不圆度: ≤1.8,,pending_response,medium,存在项目需求值或标准值，但投标人响应值/保证值为空。,补充泰昌响应值、保证值或明确写入无偏差承诺后复核。,"{""公称内径 DN/ID"": ""90"", ""公称壁厚e / 环刚度等级b / SN20"": ""4.0"", ""公称壁厚e / 环刚度等级b / SN 30"": ""4.5"", ""公称壁厚e / 环刚度等级b / SN 40"": ""5.0"", ""不圆度"": ""≤1.8""}"
customer_liaoning_taichang_20260606_p0,辽宁,2025-03,包2,2225AC,电缆保护管CPVC,rag_seed/power_grid_resources/01_tender_documents/22_国网辽宁电力2025年第三次物资协议库存招标采购/extracted/电缆保护管CPVC/包2_完整招标文件_53488483999455372/包2_技术规范书_53488482466628243/国网辽宁省电力有限公司_辽宁公司二级采购非结构化固化ID编制（G00J-500021532-00004）/电缆保护管-CPVC（φ100）.doc,1,6,dimension_parameter_table,公称内径 100,公称壁厚e / 环刚度等级b / SN20: 4.0；公称壁厚e / 环刚度等级b / SN 30: 5.0；公称壁厚e / 环刚度等级b / SN 40: 6.0；不圆度: ≤2.0,,pending_response,medium,存在项目需求值或标准值，但投标人响应值/保证值为空。,补充泰昌响应值、保证值或明确写入无偏差承诺后复核。,"{""公称内径 DN/ID"": ""100"", ""公称壁厚e / 环刚度等级b / SN20"": ""4.0"", ""公称壁厚e / 环刚度等级b / SN 30"": ""5.0"", ""公称壁厚e / 环刚度等级b / SN 40"": ""6.0"", ""不圆度"": ""≤2.0""}"
customer_liaoning_taichang_20260606_p0,辽宁,2025-03,包2,2225AC,电缆保护管CPVC,rag_seed/power_grid_resources/01_tender_documents/22_国网辽宁电力2025年第三次物资协议库存招标采购/extracted/电缆保护管CPVC/包2_完整招标文件_53488483999455372/包2_技术规范书_53488482466628243/国网辽宁省电力有限公司_辽宁公司二级采购非结构化固化ID编制（G00J-500021532-00004）/电缆保护管-CPVC（φ100）.doc,1,7,dimension_parameter_table,公称内径 125,公称壁厚e / 环刚度等级b / SN20: 5.0；公称壁厚e / 环刚度等级b / SN 30: 6.5；公称壁厚e / 环刚度等级b / SN 40: 8.0；不圆度: ≤2.3,,pending_response,medium,存在项目需求值或标准值，但投标人响应值/保证值为空。,补充泰昌响应值、保证值或明确写入无偏差承诺后复核。,"{""公称内径 DN/ID"": ""125"", ""公称壁厚e / 环刚度等级b / SN20"": ""5.0"", ""公称壁厚e / 环刚度等级b / SN 30"": ""6.5"", ""公称壁厚e / 环刚度等级b / SN 40"": ""8.0"", ""不圆度"": ""≤2.3""}"
customer_liaoning_taichang_20260606_p0,辽宁,2025-03,包2,2225AC,电缆保护管CPVC,rag_seed/power_grid_resources/01_tender_documents/22_国网辽宁电力2025年第三次物资协议库存招标采购/extracted/电缆保护管CPVC/包2_完整招标文件_53488483999455372/包2_技术规范书_53488482466628243/国网辽宁省电力有限公司_辽宁公司二级采购非结构化固化ID编制（G00J-500021532-00004）/电缆保护管-CPVC（φ100）.doc,1,8,dimension_parameter_table,公称内径 150,公称壁厚e / 环刚度等级b / SN20: 6.5；公称壁厚e / 环刚度等级b / SN 30: 8.0；公称壁厚e / 环刚度等级b / SN 40: 9.5；不圆度: ≤2.5,,pending_response,medium,存在项目需求值或标准值，但投标人响应值/保证值为空。,补充泰昌响应值、保证值或明确写入无偏差承诺后复核。,"{""公称内径 DN/ID"": ""150"", ""公称壁厚e / 环刚度等级b / SN20"": ""6.5"", ""公称壁厚e / 环刚度等级b / SN 30"": ""8.0"", ""公称壁厚e / 环刚度等级b / SN 40"": ""9.5"", ""不圆度"": ""≤2.5""}"
customer_liaoning_taichang_20260606_p0,辽宁,2025-03,包2,2225AC,电缆保护管CPVC,rag_seed/power_grid_resources/01_tender_documents/22_国网辽宁电力2025年第三次物资协议库存招标采购/extracted/电缆保护管CPVC/包2_完整招标文件_53488483999455372/包2_技术规范书_53488482466628243/国网辽宁省电力有限公司_辽宁公司二级采购非结构化固化ID编制（G00J-500021532-00004）/电缆保护管-CPVC（φ100）.doc,1,9,dimension_parameter_table,公称内径 175,公称壁厚e / 环刚度等级b / SN20: 8.0；公称壁厚e / 环刚度等级b / SN 30: 9.5；公称壁厚e / 环刚度等级b / SN 40: 11.0；不圆度: ≤2.8,,pending_response,medium,存在项目需求值或标准值，但投标人响应值/保证值为空。,补充泰昌响应值、保证值或明确写入无偏差承诺后复核。,"{""公称内径 DN/ID"": ""175"", ""公称壁厚e / 环刚度等级b / SN20"": ""8.0"", ""公称壁厚e / 环刚度等级b / SN 30"": ""9.5"", ""公称壁厚e / 环刚度等级b / SN 40"": ""11.0"", ""不圆度"": ""≤2.8""}"
customer_liaoning_taichang_20260606_p0,辽宁,2025-03,包2,2225AC,电缆保护管CPVC,rag_seed/power_grid_resources/01_tender_documents/22_国网辽宁电力2025年第三次物资协议库存招标采购/extracted/电缆保护管CPVC/包2_完整招标文件_53488483999455372/包2_技术规范书_53488482466628243/国网辽宁省电力有限公司_辽宁公司二级采购非结构化固化ID编制（G00J-500021532-00004）/电缆保护管-CPVC（φ100）.doc,1,10,dimension_parameter_table,公称内径 200,公称壁厚e / 环刚度等级b / SN20: 9.0；公称壁厚e / 环刚度等级b / SN 30: 11.0；公称壁厚e / 环刚度等级b / SN 40: 13.0；不圆度: ≤3.2,,pending_response,medium,存在项目需求值或标准值，但投标人响应值/保证值为空。,补充泰昌响应值、保证值或明确写入无偏差承诺后复核。,"{""公称内径 DN/ID"": ""200"", ""公称壁厚e / 环刚度等级b / SN20"": ""9.0"", ""公称壁厚e / 环刚度等级b / SN 30"": ""11.0"", ""公称壁厚e / 环刚度等级b / SN 40"": ""13.0"", ""不圆度"": ""≤3.2""}"
customer_liaoning_taichang_20260606_p0,辽宁,2025-03,包2,2225AC,电缆保护管CPVC,rag_seed/power_grid_resources/01_tender_documents/22_国网辽宁电力2025年第三次物资协议库存招标采购/extracted/电缆保护管CPVC/包2_完整招标文件_53488483999455372/包2_技术规范书_53488482466628243/国网辽宁省电力有限公司_辽宁公司二级采购非结构化固化ID编制（G00J-500021532-00004）/电缆保护管-CPVC（φ100）.doc,2,2,dimension_parameter_table,公称内径 50,公称内径允许偏差: +0.5；承口内径允许偏差: +0.5；承口最小深度: 60,,pending_response,medium,存在项目需求值或标准值，但投标人响应值/保证值为空。,补充泰昌响应值、保证值或明确写入无偏差承诺后复核。,"{""序号"": ""1"", ""公称内径"": ""50"", ""公称内径允许偏差"": ""+0.5"", ""承口内径允许偏差"": ""+0.5"", ""承口最小深度"": ""60""}"
customer_liaoning_taichang_20260606_p0,辽宁,2025-03,包2,2225AC,电缆保护管CPVC,rag_seed/power_grid_resources/01_tender_documents/22_国网辽宁电力2025年第三次物资协议库存招标采购/extracted/电缆保护管CPVC/包2_完整招标文件_53488483999455372/包2_技术规范书_53488482466628243/国网辽宁省电力有限公司_辽宁公司二级采购非结构化固化ID编制（G00J-500021532-00004）/电缆保护管-CPVC（φ100）.doc,2,3,dimension_parameter_table,公称内径 100,公称内径允许偏差: +0.6；承口内径允许偏差: +0.6；承口最小深度: 80,,pending_response,medium,存在项目需求值或标准值，但投标人响应值/保证值为空。,补充泰昌响应值、保证值或明确写入无偏差承诺后复核。,"{""序号"": ""2"", ""公称内径"": ""100"", ""公称内径允许偏差"": ""+0.6"", ""承口内径允许偏差"": ""+0.6"", ""承口最小深度"": ""80""}"
customer_liaoning_taichang_20260606_p0,辽宁,2025-03,包2,2225AC,电缆保护管CPVC,rag_seed/power_grid_resources/01_tender_documents/22_国网辽宁电力2025年第三次物资协议库存招标采购/extracted/电缆保护管CPVC/包2_完整招标文件_53488483999455372/包2_技术规范书_53488482466628243/国网辽宁省电力有限公司_辽宁公司二级采购非结构化固化ID编制（G00J-500021532-00004）/电缆保护管-CPVC（φ100）.doc,2,4,dimension_parameter_table,公称内径 125,公称内径允许偏差: +0.7；承口内径允许偏差: +0.7；承口最小深度: 100,,pending_response,medium,存在项目需求值或标准值，但投标人响应值/保证值为空。,补充泰昌响应值、保证值或明确写入无偏差承诺后复核。,"{""序号"": ""3"", ""公称内径"": ""125"", ""公称内径允许偏差"": ""+0.7"", ""承口内径允许偏差"": ""+0.7"", ""承口最小深度"": ""100""}"
customer_liaoning_taichang_20260606_p0,辽宁,2025-03,包2,2225AC,电缆保护管CPVC,rag_seed/power_grid_resources/01_tender_documents/22_国网辽宁电力2025年第三次物资协议库存招标采购/extracted/电缆保护管CPVC/包2_完整招标文件_53488483999455372/包2_技术规范书_53488482466628243/国网辽宁省电力有限公司_辽宁公司二级采购非结构化固化ID编制（G00J-500021532-00004）/电缆保护管-CPVC（φ100）.doc,2,5,dimension_parameter_table,公称内径 150,公称内径允许偏差: +0.8；承口内径允许偏差: +0.8；承口最小深度: 100,,pending_response,medium,存在项目需求值或标准值，但投标人响应值/保证值为空。,补充泰昌响应值、保证值或明确写入无偏差承诺后复核。,"{""序号"": ""4"", ""公称内径"": ""150"", ""公称内径允许偏差"": ""+0.8"", ""承口内径允许偏差"": ""+0.8"", ""承口最小深度"": ""100""}"
customer_liaoning_taichang_20260606_p0,辽宁,2025-03,包2,2225AC,电缆保护管CPVC,rag_seed/power_grid_resources/01_tender_documents/22_国网辽宁电力2025年第三次物资协议库存招标采购/extracted/电缆保护管CPVC/包2_完整招标文件_53488483999455372/包2_技术规范书_53488482466628243/国网辽宁省电力有限公司_辽宁公司二级采购非结构化固化ID编制（G00J-500021532-00004）/电缆保护管-CPVC（φ100）.doc,2,6,dimension_parameter_table,公称内径 175,公称内径允许偏差: +0.9；承口内径允许偏差: +0.9；承口最小深度: 100,,pending_response,medium,存在项目需求值或标准值，但投标人响应值/保证值为空。,补充泰昌响应值、保证值或明确写入无偏差承诺后复核。,"{""序号"": ""5"", ""公称内径"": ""175"", ""公称内径允许偏差"": ""+0.9"", ""承口内径允许偏差"": ""+0.9"", ""承口最小深度"": ""100""}"
customer_liaoning_taichang_20260606_p0,辽宁,2025-03,包2,2225AC,电缆保护管CPVC,rag_seed/power_grid_resources/01_tender_documents/22_国网辽宁电力2025年第三次物资协议库存招标采购/extracted/电缆保护管CPVC/包2_完整招标文件_53488483999455372/包2_技术规范书_53488482466628243/国网辽宁省电力有限公司_辽宁公司二级采购非结构化固化ID编制（G00J-500021532-00004）/电缆保护管-CPVC（φ100）.doc,2,7,dimension_parameter_table,公称内径 200,公称内径允许偏差: +1.0；承口内径允许偏差: +1.0；承口最小深度: 120,,pending_response,medium,存在项目需求值或标准值，但投标人响应值/保证值为空。,补充泰昌响应值、保证值或明确写入无偏差承诺后复核。,"{""序号"": ""6"", ""公称内径"": ""200"", ""公称内径允许偏差"": ""+1.0"", ""承口内径允许偏差"": ""+1.0"", ""承口最小深度"": ""120""}"
customer_liaoning_taichang_20260606_p0,辽宁,2025-03,包2,2225AC,电缆保护管CPVC,rag_seed/power_grid_resources/01_tender_documents/22_国网辽宁电力2025年第三次物资协议库存招标采购/extracted/电缆保护管CPVC/包2_完整招标文件_53488483999455372/包2_技术规范书_53488482466628243/国网辽宁省电力有限公司_辽宁公司二级采购非结构化固化ID编制（G00J-500021532-00004）/电缆保护管-CPVC（φ100）.doc,2,8,dimension_parameter_table,公称内径 225,公称内径允许偏差: +1.1；承口内径允许偏差: +1.1；承口最小深度: 120,,pending_response,medium,存在项目需求值或标准值，但投标人响应值/保证值为空。,补充泰昌响应值、保证值或明确写入无偏差承诺后复核。,"{""序号"": ""7"", ""公称内径"": ""225"", ""公称内径允许偏差"": ""+1.1"", ""承口内径允许偏差"": ""+1.1"", ""承口最小深度"": ""120""}"
customer_liaoning_taichang_20260606_p0,辽宁,2025-03,包2,2225AC,电缆保护管CPVC,rag_seed/power_grid_resources/01_tender_documents/22_国网辽宁电力2025年第三次物资协议库存招标采购/extracted/电缆保护管CPVC/包2_完整招标文件_53488483999455372/包2_技术规范书_53488482466628243/国网辽宁省电力有限公司_辽宁公司二级采购非结构化固化ID编制（G00J-500021532-00004）/电缆保护管-CPVC（φ100）.doc,2,9,dimension_parameter_table,公称内径 250,公称内径允许偏差: +1.2；承口内径允许偏差: +1.2；承口最小深度: 120,,pending_response,medium,存在项目需求值或标准值，但投标人响应值/保证值为空。,补充泰昌响应值、保证值或明确写入无偏差承诺后复核。,"{""序号"": ""7"", ""公称内径"": ""250"", ""公称内径允许偏差"": ""+1.2"", ""承口内径允许偏差"": ""+1.2"", ""承口最小深度"": ""120""}"
customer_liaoning_taichang_20260606_p0,辽宁,2025-03,包2,2225AC,电缆保护管CPVC,rag_seed/power_grid_resources/01_tender_documents/22_国网辽宁电力2025年第三次物资协议库存招标采购/extracted/电缆保护管CPVC/包2_完整招标文件_53488483999455372/包2_技术规范书_53488482466628243/国网辽宁省电力有限公司_辽宁公司二级采购非结构化固化ID编制（G00J-500021532-00004）/电缆保护管-CPVC（φ100）.doc,2,10,dimension_parameter_table,公称内径 注1：承口最小深度是从承口端部到承口底部的最小距离； 注2：承口内径偏差为制造与设计的差数； 注3：其他规格尺寸由供需双方协商确定，其公称内径允许偏差、承口内径允许偏差以及承口最小深度以表中最接近的一档为准。,公称内径允许偏差: 注1：承口最小深度是从承口端部到承口底部的最小距离； 注2：承口内径偏差为制造与设计的差数； 注3：其他规格尺寸由供需双方协商确定，其公称内径允许偏差、承口内径允许偏差以及承口最小深度以表中最接近的一档为准。；承口内径允许偏差: 注1：承口最小深度是从承口端部到承口底部的最小距离； 注2：承口内径偏差为制造与设计的差数； 注3：其他规格尺寸由供需双方协商确定，其公称内径允许偏差、承口内径允许偏差以及承口最小深度以表中最接近的一档为准。；承口最小深度: 注1：承口最小深度是从承口端部到承口底部的最小距离； 注2：承口内径偏差为制造与设计的差数； 注3：其他规格尺寸由供需双方协商确定，其公称内径允许偏差、承口内径允许偏差以及承口最小深度以表中最接近的一档为准。,,pending_response,medium,存在项目需求值或标准值，但投标人响应值/保证值为空。,补充泰昌响应值、保证值或明确写入无偏差承诺后复核。,"{""序号"": ""注1：承口最小深度是从承口端部到承口底部的最小距离； 注2：承口内径偏差为制造与设计的差数； 注3：其他规格尺寸由供需双方协商确定，其公称内径允许偏差、承口内径允许偏差以及承口最小深度以表中最接近的一档为准。"", ""公称内径"": ""注1：承口最小深度是从承口端部到承口底部的最小距离； 注2：承口内径偏差为制造与设计的差数； 注3：其他规格尺寸由供需双方协商确定，其公称内径允许偏差、承口内径允许偏差以及承口最小深度以表中最接近的一档为准。"", ""公称内径允许偏差"": ""注1：承口最小深度是从承口端部到承口底部的最小距离； 注2：承口内径偏差为制造与设计的差数； 注3：其他规格尺寸由供需双方协商确定，其公称内径允许偏差、承口内径允许偏差以及承口最小深度以表中最接近的一档为准。"", ""承口内径允许偏差"": ""注1：承口最小深度是从承口端部到承口底部的最小距离； 注2：承口内径偏差为制造与设计的差数； 注3：其他规格尺寸由供需双方协商确定，其公称内径允许偏差、承口内径允许偏差以及承口最小深度以表中最接近的一档为准。"", ""承口最小深度"": ""注1：承口最小深度是从承口端部到承口底部的最小距离； 注2：承口内径偏差为制造与设计的差数； 注3：其他规格尺寸由供需双方协商确定，其公称内径允许偏差、承口内径允许偏差以及承口最小深度以表中最接近的一档为准。""}"
customer_liaoning_taichang_20260606_p0,辽宁,2025-03,包2,2225AC,电缆保护管CPVC,rag_seed/power_grid_resources/01_tender_documents/22_国网辽宁电力2025年第三次物资协议库存招标采购/extracted/电缆保护管CPVC/包2_完整招标文件_53488483999455372/包2_技术规范书_53488482466628243/国网辽宁省电力有限公司_辽宁公司二级采购非结构化固化ID编制（G00J-500021532-00004）/电缆保护管-CPVC（φ100）.doc,3,2,dimension_parameter_table,t＜6.0,公称壁厚: t＜6.0；公称壁厚允许偏差: +0.6,,pending_response,medium,存在项目需求值或标准值，但投标人响应值/保证值为空。,补充泰昌响应值、保证值或明确写入无偏差承诺后复核。,"{""序号"": ""1"", ""公称壁厚"": ""t＜6.0"", ""公称壁厚允许偏差"": ""+0.6""}"
customer_liaoning_taichang_20260606_p0,辽宁,2025-03,包2,2225AC,电缆保护管CPVC,rag_seed/power_grid_resources/01_tender_documents/22_国网辽宁电力2025年第三次物资协议库存招标采购/extracted/电缆保护管CPVC/包2_完整招标文件_53488483999455372/包2_技术规范书_53488482466628243/国网辽宁省电力有限公司_辽宁公司二级采购非结构化固化ID编制（G00J-500021532-00004）/电缆保护管-CPVC（φ100）.doc,3,3,dimension_parameter_table,6.0≤t＜7.0,公称壁厚: 6.0≤t＜7.0；公称壁厚允许偏差: +0.7,,pending_response,medium,存在项目需求值或标准值，但投标人响应值/保证值为空。,补充泰昌响应值、保证值或明确写入无偏差承诺后复核。,"{""序号"": ""2"", ""公称壁厚"": ""6.0≤t＜7.0"", ""公称壁厚允许偏差"": ""+0.7""}"
customer_liaoning_taichang_20260606_p0,辽宁,2025-03,包2,2225AC,电缆保护管CPVC,rag_seed/power_grid_resources/01_tender_documents/22_国网辽宁电力2025年第三次物资协议库存招标采购/extracted/电缆保护管CPVC/包2_完整招标文件_53488483999455372/包2_技术规范书_53488482466628243/国网辽宁省电力有限公司_辽宁公司二级采购非结构化固化ID编制（G00J-500021532-00004）/电缆保护管-CPVC（φ100）.doc,3,4,dimension_parameter_table,7.0≤t＜8.0,公称壁厚: 7.0≤t＜8.0；公称壁厚允许偏差: +0.8,,pending_response,medium,存在项目需求值或标准值，但投标人响应值/保证值为空。,补充泰昌响应值、保证值或明确写入无偏差承诺后复核。,"{""序号"": ""3"", ""公称壁厚"": ""7.0≤t＜8.0"", ""公称壁厚允许偏差"": ""+0.8""}"
customer_liaoning_taichang_20260606_p0,辽宁,2025-03,包2,2225AC,电缆保护管CPVC,rag_seed/power_grid_resources/01_tender_documents/22_国网辽宁电力2025年第三次物资协议库存招标采购/extracted/电缆保护管CPVC/包2_完整招标文件_53488483999455372/包2_技术规范书_53488482466628243/国网辽宁省电力有限公司_辽宁公司二级采购非结构化固化ID编制（G00J-500021532-00004）/电缆保护管-CPVC（φ100）.doc,3,5,dimension_parameter_table,8.0≤t＜10.0,公称壁厚: 8.0≤t＜10.0；公称壁厚允许偏差: +1.0,,pending_response,medium,存在项目需求值或标准值，但投标人响应值/保证值为空。,补充泰昌响应值、保证值或明确写入无偏差承诺后复核。,"{""序号"": ""4"", ""公称壁厚"": ""8.0≤t＜10.0"", ""公称壁厚允许偏差"": ""+1.0""}"
customer_liaoning_taichang_20260606_p0,辽宁,2025-03,包2,2225AC,电缆保护管CPVC,rag_seed/power_grid_resources/01_tender_documents/22_国网辽宁电力2025年第三次物资协议库存招标采购/extracted/电缆保护管CPVC/包2_完整招标文件_53488483999455372/包2_技术规范书_53488482466628243/国网辽宁省电力有限公司_辽宁公司二级采购非结构化固化ID编制（G00J-500021532-00004）/电缆保护管-CPVC（φ100）.doc,3,6,dimension_parameter_table,10.0≤t＜12.0,公称壁厚: 10.0≤t＜12.0；公称壁厚允许偏差: +1.2,,pending_response,medium,存在项目需求值或标准值，但投标人响应值/保证值为空。,补充泰昌响应值、保证值或明确写入无偏差承诺后复核。,"{""序号"": ""5"", ""公称壁厚"": ""10.0≤t＜12.0"", ""公称壁厚允许偏差"": ""+1.2""}"
customer_liaoning_taichang_20260606_p0,辽宁,2025-03,包2,2225AC,电缆保护管CPVC,rag_seed/power_grid_resources/01_tender_documents/22_国网辽宁电力2025年第三次物资协议库存招标采购/extracted/电缆保护管CPVC/包2_完整招标文件_53488483999455372/包2_技术规范书_53488482466628243/国网辽宁省电力有限公司_辽宁公司二级采购非结构化固化ID编制（G00J-500021532-00004）/电缆保护管-CPVC（φ100）.doc,3,7,dimension_parameter_table,t≤12.0,公称壁厚: t≤12.0；公称壁厚允许偏差: +1.4,,pending_response,medium,存在项目需求值或标准值，但投标人响应值/保证值为空。,补充泰昌响应值、保证值或明确写入无偏差承诺后复核。,"{""序号"": ""6"", ""公称壁厚"": ""t≤12.0"", ""公称壁厚允许偏差"": ""+1.4""}"
customer_liaoning_taichang_20260606_p0,辽宁,2025-03,包2,2225AC,电缆保护管CPVC,rag_seed/power_grid_resources/01_tender_documents/22_国网辽宁电力2025年第三次物资协议库存招标采购/extracted/电缆保护管CPVC/包2_完整招标文件_53488483999455372/包2_技术规范书_53488482466628243/国网辽宁省电力有限公司_辽宁公司二级采购非结构化固化ID编制（G00J-500021532-00004）/电缆保护管-CPVC（φ100）.doc,3,8,dimension_parameter_table,注：t为公称壁厚。,公称壁厚: 注：t为公称壁厚。；公称壁厚允许偏差: 注：t为公称壁厚。,,pending_response,medium,存在项目需求值或标准值，但投标人响应值/保证值为空。,补充泰昌响应值、保证值或明确写入无偏差承诺后复核。,"{""序号"": ""注：t为公称壁厚。"", ""公称壁厚"": ""注：t为公称壁厚。"", ""公称壁厚允许偏差"": ""注：t为公称壁厚。""}"
customer_liaoning_taichang_20260606_p0,辽宁,2025-03,包2,2225AC,电缆保护管CPVC,rag_seed/power_grid_resources/01_tender_documents/22_国网辽宁电力2025年第三次物资协议库存招标采购/extracted/电缆保护管CPVC/包2_完整招标文件_53488483999455372/包2_技术规范书_53488482466628243/国网辽宁省电力有限公司_辽宁公司二级采购非结构化固化ID编制（G00J-500021532-00004）/电缆保护管-CPVC（φ100）.doc,4,2,bid_response_parameter_table,"电缆保护管-材质:CPVC,标称直径:φ50",参照通用部分5.技术要求,,pending_response,medium,存在项目需求值或标准值，但投标人响应值/保证值为空。,补充泰昌响应值、保证值或明确写入无偏差承诺后复核。,"{""序号"": ""1"", ""技术参数名称"": ""电缆保护管-材质:CPVC,标称直径:φ50"", ""单位"": ""米"", ""项目需求值或表述"": ""参照通用部分5.技术要求"", ""投标人响应值"": """"}"
customer_liaoning_taichang_20260606_p0,辽宁,2025-03,包2,2225AC,电缆保护管CPVC,rag_seed/power_grid_resources/01_tender_documents/22_国网辽宁电力2025年第三次物资协议库存招标采购/extracted/电缆保护管CPVC/包2_完整招标文件_53488483999455372/包2_技术规范书_53488482466628243/国网辽宁省电力有限公司_辽宁公司二级采购非结构化固化ID编制（G00J-500021532-00004）/电缆保护管-CPVC（φ100）.doc,4,3,bid_response_parameter_table,"电缆保护管-材质:CPVC,标称直径:φ100",参照通用部分5.技术要求,,pending_response,medium,存在项目需求值或标准值，但投标人响应值/保证值为空。,补充泰昌响应值、保证值或明确写入无偏差承诺后复核。,"{""序号"": ""2"", ""技术参数名称"": ""电缆保护管-材质:CPVC,标称直径:φ100"", ""单位"": ""米"", ""项目需求值或表述"": ""参照通用部分5.技术要求"", ""投标人响应值"": """"}"
customer_liaoning_taichang_20260606_p0,辽宁,2025-03,包2,2225AC,电缆保护管CPVC,rag_seed/power_grid_resources/01_tender_documents/22_国网辽宁电力2025年第三次物资协议库存招标采购/extracted/电缆保护管CPVC/包2_完整招标文件_53488483999455372/包2_技术规范书_53488482466628243/国网辽宁省电力有限公司_辽宁公司二级采购非结构化固化ID编制（G00J-500021532-00004）/电缆保护管-CPVC（φ100）.doc,4,4,bid_response_parameter_table,"电缆保护管-材质:CPVC,标称直径:φ125",参照通用部分5.技术要求,,pending_response,medium,存在项目需求值或标准值，但投标人响应值/保证值为空。,补充泰昌响应值、保证值或明确写入无偏差承诺后复核。,"{""序号"": ""3"", ""技术参数名称"": ""电缆保护管-材质:CPVC,标称直径:φ125"", ""单位"": ""米"", ""项目需求值或表述"": ""参照通用部分5.技术要求"", ""投标人响应值"": """"}"
customer_liaoning_taichang_20260606_p0,辽宁,2025-03,包2,2225AC,电缆保护管CPVC,rag_seed/power_grid_resources/01_tender_documents/22_国网辽宁电力2025年第三次物资协议库存招标采购/extracted/电缆保护管CPVC/包2_完整招标文件_53488483999455372/包2_技术规范书_53488482466628243/国网辽宁省电力有限公司_辽宁公司二级采购非结构化固化ID编制（G00J-500021532-00004）/电缆保护管-CPVC（φ100）.doc,4,5,bid_response_parameter_table,"电缆保护管-材质:CPVC,标称直径:φ150",参照通用部分5.技术要求,,pending_response,medium,存在项目需求值或标准值，但投标人响应值/保证值为空。,补充泰昌响应值、保证值或明确写入无偏差承诺后复核。,"{""序号"": ""4"", ""技术参数名称"": ""电缆保护管-材质:CPVC,标称直径:φ150"", ""单位"": ""米"", ""项目需求值或表述"": ""参照通用部分5.技术要求"", ""投标人响应值"": """"}"
customer_liaoning_taichang_20260606_p0,辽宁,2025-03,包2,2225AC,电缆保护管CPVC,rag_seed/power_grid_resources/01_tender_documents/22_国网辽宁电力2025年第三次物资协议库存招标采购/extracted/电缆保护管CPVC/包2_完整招标文件_53488483999455372/包2_技术规范书_53488482466628243/国网辽宁省电力有限公司_辽宁公司二级采购非结构化固化ID编制（G00J-500021532-00004）/电缆保护管-CPVC（φ100）.doc,4,6,bid_response_parameter_table,"电缆保护管-材质:CPVC,标称直径:φ175",参照通用部分5.技术要求,,pending_response,medium,存在项目需求值或标准值，但投标人响应值/保证值为空。,补充泰昌响应值、保证值或明确写入无偏差承诺后复核。,"{""序号"": ""5"", ""技术参数名称"": ""电缆保护管-材质:CPVC,标称直径:φ175"", ""单位"": ""米"", ""项目需求值或表述"": ""参照通用部分5.技术要求"", ""投标人响应值"": """"}"
customer_liaoning_taichang_20260606_p0,辽宁,2025-03,包2,2225AC,电缆保护管CPVC,rag_seed/power_grid_resources/01_tender_documents/22_国网辽宁电力2025年第三次物资协议库存招标采购/extracted/电缆保护管CPVC/包2_完整招标文件_53488483999455372/包2_技术规范书_53488482466628243/国网辽宁省电力有限公司_辽宁公司二级采购非结构化固化ID编制（G00J-500021532-00004）/电缆保护管-CPVC（φ100）.doc,4,7,bid_response_parameter_table,"电缆保护管-材质:CPVC,标称直径:φ200",参照通用部分5.技术要求,,pending_response,medium,存在项目需求值或标准值，但投标人响应值/保证值为空。,补充泰昌响应值、保证值或明确写入无偏差承诺后复核。,"{""序号"": ""6"", ""技术参数名称"": ""电缆保护管-材质:CPVC,标称直径:φ200"", ""单位"": ""米"", ""项目需求值或表述"": ""参照通用部分5.技术要求"", ""投标人响应值"": """"}"
customer_liaoning_taichang_20260606_p0,辽宁,2025-03,包2,2225AC,电缆保护管CPVC,rag_seed/power_grid_resources/01_tender_documents/22_国网辽宁电力2025年第三次物资协议库存招标采购/extracted/电缆保护管CPVC/包2_完整招标文件_53488483999455372/包2_技术规范书_53488482466628243/国网辽宁省电力有限公司_辽宁公司二级采购非结构化固化ID编制（G00J-500021532-00004）/电缆保护管-CPVC（φ100）.doc,4,8,bid_response_parameter_table,"电缆保护管-材质:CPVC,内径:φ225",参照通用部分5.技术要求,,pending_response,medium,存在项目需求值或标准值，但投标人响应值/保证值为空。,补充泰昌响应值、保证值或明确写入无偏差承诺后复核。,"{""序号"": ""7"", ""技术参数名称"": ""电缆保护管-材质:CPVC,内径:φ225"", ""单位"": ""米"", ""项目需求值或表述"": ""参照通用部分5.技术要求"", ""投标人响应值"": """"}"
customer_liaoning_taichang_20260606_p0,辽宁,2025-03,包2,2225AC,电缆保护管CPVC,rag_seed/power_grid_resources/01_tender_documents/22_国网辽宁电力2025年第三次物资协议库存招标采购/extracted/电缆保护管CPVC/包2_完整招标文件_53488483999455372/包2_技术规范书_53488482466628243/国网辽宁省电力有限公司_辽宁公司二级采购非结构化固化ID编制（G00J-500021532-00004）/电缆保护管-CPVC（φ100）.doc,4,9,bid_response_parameter_table,"电缆保护管-材质:CPVC,内径:φ250",参照通用部分5.技术要求,,pending_response,medium,存在项目需求值或标准值，但投标人响应值/保证值为空。,补充泰昌响应值、保证值或明确写入无偏差承诺后复核。,"{""序号"": ""8"", ""技术参数名称"": ""电缆保护管-材质:CPVC,内径:φ250"", ""单位"": ""米"", ""项目需求值或表述"": ""参照通用部分5.技术要求"", ""投标人响应值"": """"}"
customer_liaoning_taichang_20260606_p0,辽宁,2025-03,包2,2225AC,电缆保护管CPVC,rag_seed/power_grid_resources/01_tender_documents/22_国网辽宁电力2025年第三次物资协议库存招标采购/extracted/电缆保护管CPVC/包2_完整招标文件_53488483999455372/包2_技术规范书_53488482466628243/国网辽宁省电力有限公司_辽宁公司二级采购非结构化固化ID编制（G00J-500021532-00004）/电缆保护管-CPVC（φ100）.doc,5,2,bid_response_parameter_table,环境温度,+40,,pending_response,medium,存在项目需求值或标准值，但投标人响应值/保证值为空。,补充泰昌响应值、保证值或明确写入无偏差承诺后复核。,"{""序号"": ""1"", ""名称"": ""环境温度"", ""名称_2"": ""最高温度"", ""单位"": ""℃"", ""项目需求值"": ""+40"", ""投标人响应值"": """"}"
customer_liaoning_taichang_20260606_p0,辽宁,2025-03,包2,2225AC,电缆保护管CPVC,rag_seed/power_grid_resources/01_tender_documents/22_国网辽宁电力2025年第三次物资协议库存招标采购/extracted/电缆保护管CPVC/包2_完整招标文件_53488483999455372/包2_技术规范书_53488482466628243/国网辽宁省电力有限公司_辽宁公司二级采购非结构化固化ID编制（G00J-500021532-00004）/电缆保护管-CPVC（φ100）.doc,5,3,bid_response_parameter_table,环境温度,-40,,pending_response,medium,存在项目需求值或标准值，但投标人响应值/保证值为空。,补充泰昌响应值、保证值或明确写入无偏差承诺后复核。,"{""序号"": ""1"", ""名称"": ""环境温度"", ""名称_2"": ""最低温度"", ""单位"": ""℃"", ""项目需求值"": ""-40"", ""投标人响应值"": """"}"
customer_liaoning_taichang_20260606_p0,辽宁,2025-03,包2,2225AC,电缆保护管CPVC,rag_seed/power_grid_resources/01_tender_documents/22_国网辽宁电力2025年第三次物资协议库存招标采购/extracted/电缆保护管CPVC/包2_完整招标文件_53488483999455372/包2_技术规范书_53488482466628243/国网辽宁省电力有限公司_辽宁公司二级采购非结构化固化ID编制（G00J-500021532-00004）/电缆保护管-CPVC（φ100）.doc,5,4,bid_response_parameter_table,环境温度,25,,pending_response,medium,存在项目需求值或标准值，但投标人响应值/保证值为空。,补充泰昌响应值、保证值或明确写入无偏差承诺后复核。,"{""序号"": ""1"", ""名称"": ""环境温度"", ""名称_2"": ""最大温差"", ""单位"": ""℃"", ""项目需求值"": ""25"", ""投标人响应值"": """"}"
customer_liaoning_taichang_20260606_p0,辽宁,2025-03,包2,2225AC,电缆保护管CPVC,rag_seed/power_grid_resources/01_tender_documents/22_国网辽宁电力2025年第三次物资协议库存招标采购/extracted/电缆保护管CPVC/包2_完整招标文件_53488483999455372/包2_技术规范书_53488482466628243/国网辽宁省电力有限公司_辽宁公司二级采购非结构化固化ID编制（G00J-500021532-00004）/电缆保护管-CPVC（φ100）.doc,5,5,bid_response_parameter_table,海拔,≤1000,,pending_response,medium,存在项目需求值或标准值，但投标人响应值/保证值为空。,补充泰昌响应值、保证值或明确写入无偏差承诺后复核。,"{""序号"": ""2"", ""名称"": ""海拔"", ""名称_2"": ""海拔"", ""单位"": ""m"", ""项目需求值"": ""≤1000"", ""投标人响应值"": """"}"
customer_liaoning_taichang_20260606_p0,辽宁,2025-03,包2,2225AC,电缆保护管CPVC,rag_seed/power_grid_resources/01_tender_documents/22_国网辽宁电力2025年第三次物资协议库存招标采购/extracted/电缆保护管CPVC/包2_完整招标文件_53488483999455372/包2_技术规范书_53488482466628243/国网辽宁省电力有限公司_辽宁公司二级采购非结构化固化ID编制（G00J-500021532-00004）/电缆保护管-CPVC（φ100）.doc,5,6,bid_response_parameter_table,日照,0.1,,pending_response,medium,存在项目需求值或标准值，但投标人响应值/保证值为空。,补充泰昌响应值、保证值或明确写入无偏差承诺后复核。,"{""序号"": ""3"", ""名称"": ""日照"", ""名称_2"": ""日照"", ""单位"": ""W/cm²"", ""项目需求值"": ""0.1"", ""投标人响应值"": """"}"
customer_liaoning_taichang_20260606_p0,辽宁,2025-03,包2,2225AC,电缆保护管CPVC,rag_seed/power_grid_resources/01_tender_documents/22_国网辽宁电力2025年第三次物资协议库存招标采购/extracted/电缆保护管CPVC/包2_完整招标文件_53488483999455372/包2_技术规范书_53488482466628243/国网辽宁省电力有限公司_辽宁公司二级采购非结构化固化ID编制（G00J-500021532-00004）/电缆保护管-CPVC（φ100）.doc,5,7,bid_response_parameter_table,覆冰厚度,20,,pending_response,medium,存在项目需求值或标准值，但投标人响应值/保证值为空。,补充泰昌响应值、保证值或明确写入无偏差承诺后复核。,"{""序号"": ""4"", ""名称"": ""覆冰厚度"", ""名称_2"": ""覆冰厚度"", ""单位"": ""mm"", ""项目需求值"": ""20"", ""投标人响应值"": """"}"
customer_liaoning_taichang_20260606_p0,辽宁,2025-03,包2,2225AC,电缆保护管CPVC,rag_seed/power_grid_resources/01_tender_documents/22_国网辽宁电力2025年第三次物资协议库存招标采购/extracted/电缆保护管CPVC/包2_完整招标文件_53488483999455372/包2_技术规范书_53488482466628243/国网辽宁省电力有限公司_辽宁公司二级采购非结构化固化ID编制（G00J-500021532-00004）/电缆保护管-CPVC（φ100）.doc,5,8,bid_response_parameter_table,最大风速,35,,pending_response,medium,存在项目需求值或标准值，但投标人响应值/保证值为空。,补充泰昌响应值、保证值或明确写入无偏差承诺后复核。,"{""序号"": ""5"", ""名称"": ""最大风速"", ""名称_2"": ""最大风速"", ""单位"": ""m/s"", ""项目需求值"": ""35"", ""投标人响应值"": """"}"
customer_liaoning_taichang_20260606_p0,辽宁,2025-03,包2,2225AC,电缆保护管CPVC,rag_seed/power_grid_resources/01_tender_documents/22_国网辽宁电力2025年第三次物资协议库存招标采购/extracted/电缆保护管CPVC/包2_完整招标文件_53488483999455372/包2_技术规范书_53488482466628243/国网辽宁省电力有限公司_辽宁公司二级采购非结构化固化ID编制（G00J-500021532-00004）/电缆保护管-CPVC（φ100）.doc,5,9,bid_response_parameter_table,埋深,＜8,,pending_response,medium,存在项目需求值或标准值，但投标人响应值/保证值为空。,补充泰昌响应值、保证值或明确写入无偏差承诺后复核。,"{""序号"": ""6"", ""名称"": ""埋深"", ""名称_2"": ""埋深"", ""单位"": ""m"", ""项目需求值"": ""＜8"", ""投标人响应值"": """"}"
customer_liaoning_taichang_20260606_p0,辽宁,2025-03,包2,2225AC,电缆保护管CPVC,rag_seed/power_grid_resources/01_tender_documents/22_国网辽宁电力2025年第三次物资协议库存招标采购/extracted/电缆保护管CPVC/包2_完整招标文件_53488483999455372/包2_技术规范书_53488482466628243/国网辽宁省电力有限公司_辽宁公司二级采购非结构化固化ID编制（G00J-500021532-00004）/电缆保护管-CPVC（φ100）.doc,7,4,performance_parameter_table,……,,,informational,low,未识别到明确项目需求值或标准值，仅作为参数信息保留。,无需生成偏差判断，可在参数查询中展示。,"{""序号 / 1"": ""……"", ""名称 / 电缆保护管-氯化聚氯乙烯(CPVC)"": """", ""单位 / 米"": """", ""招标人要求 / 型号和规格 / 电缆保护管,CPVC,φ100"": """", ""招标人要求 / 数量 / 详见货物清单"": """", ""投标人响应 / 环刚度等级 / 详见货物清单"": """", ""投标人响应 / 数量"": """"}"
customer_liaoning_taichang_20260606_p0,辽宁,2025-03,包2,2225AC,电缆保护管CPVC,rag_seed/power_grid_resources/01_tender_documents/22_国网辽宁电力2025年第三次物资协议库存招标采购/extracted/电缆保护管CPVC/包2_完整招标文件_53488483999455372/包2_技术规范书_53488482466628243/国网辽宁省电力有限公司_辽宁公司二级采购非结构化固化ID编制（G00J-500038391-00003）/电缆保护管-CPVC（φ200）.doc,1,4,dimension_parameter_table,公称内径 70,公称壁厚e / 环刚度等级b / SN20: 3.5；公称壁厚e / 环刚度等级b / SN 30: 4.0；公称壁厚e / 环刚度等级b / SN 40: 4.5；不圆度: ≤1.6,,pending_response,medium,存在项目需求值或标准值，但投标人响应值/保证值为空。,补充泰昌响应值、保证值或明确写入无偏差承诺后复核。,"{""公称内径 DN/ID"": ""70"", ""公称壁厚e / 环刚度等级b / SN20"": ""3.5"", ""公称壁厚e / 环刚度等级b / SN 30"": ""4.0"", ""公称壁厚e / 环刚度等级b / SN 40"": ""4.5"", ""不圆度"": ""≤1.6""}"
customer_liaoning_taichang_20260606_p0,辽宁,2025-03,包2,2225AC,电缆保护管CPVC,rag_seed/power_grid_resources/01_tender_documents/22_国网辽宁电力2025年第三次物资协议库存招标采购/extracted/电缆保护管CPVC/包2_完整招标文件_53488483999455372/包2_技术规范书_53488482466628243/国网辽宁省电力有限公司_辽宁公司二级采购非结构化固化ID编制（G00J-500038391-00003）/电缆保护管-CPVC（φ200）.doc,1,5,dimension_parameter_table,公称内径 90,公称壁厚e / 环刚度等级b / SN20: 4.0；公称壁厚e / 环刚度等级b / SN 30: 4.5；公称壁厚e / 环刚度等级b / SN 40: 5.0；不圆度: ≤1.8,,pending_response,medium,存在项目需求值或标准值，但投标人响应值/保证值为空。,补充泰昌响应值、保证值或明确写入无偏差承诺后复核。,"{""公称内径 DN/ID"": ""90"", ""公称壁厚e / 环刚度等级b / SN20"": ""4.0"", ""公称壁厚e / 环刚度等级b / SN 30"": ""4.5"", ""公称壁厚e / 环刚度等级b / SN 40"": ""5.0"", ""不圆度"": ""≤1.8""}"
customer_liaoning_taichang_20260606_p0,辽宁,2025-03,包2,2225AC,电缆保护管CPVC,rag_seed/power_grid_resources/01_tender_documents/22_国网辽宁电力2025年第三次物资协议库存招标采购/extracted/电缆保护管CPVC/包2_完整招标文件_53488483999455372/包2_技术规范书_53488482466628243/国网辽宁省电力有限公司_辽宁公司二级采购非结构化固化ID编制（G00J-500038391-00003）/电缆保护管-CPVC（φ200）.doc,1,6,dimension_parameter_table,公称内径 100,公称壁厚e / 环刚度等级b / SN20: 4.0；公称壁厚e / 环刚度等级b / SN 30: 5.0；公称壁厚e / 环刚度等级b / SN 40: 6.0；不圆度: ≤2.0,,pending_response,medium,存在项目需求值或标准值，但投标人响应值/保证值为空。,补充泰昌响应值、保证值或明确写入无偏差承诺后复核。,"{""公称内径 DN/ID"": ""100"", ""公称壁厚e / 环刚度等级b / SN20"": ""4.0"", ""公称壁厚e / 环刚度等级b / SN 30"": ""5.0"", ""公称壁厚e / 环刚度等级b / SN 40"": ""6.0"", ""不圆度"": ""≤2.0""}"
customer_liaoning_taichang_20260606_p0,辽宁,2025-03,包2,2225AC,电缆保护管CPVC,rag_seed/power_grid_resources/01_tender_documents/22_国网辽宁电力2025年第三次物资协议库存招标采购/extracted/电缆保护管CPVC/包2_完整招标文件_53488483999455372/包2_技术规范书_53488482466628243/国网辽宁省电力有限公司_辽宁公司二级采购非结构化固化ID编制（G00J-500038391-00003）/电缆保护管-CPVC（φ200）.doc,1,7,dimension_parameter_table,公称内径 125,公称壁厚e / 环刚度等级b / SN20: 5.0；公称壁厚e / 环刚度等级b / SN 30: 6.5；公称壁厚e / 环刚度等级b / SN 40: 8.0；不圆度: ≤2.3,,pending_response,medium,存在项目需求值或标准值，但投标人响应值/保证值为空。,补充泰昌响应值、保证值或明确写入无偏差承诺后复核。,"{""公称内径 DN/ID"": ""125"", ""公称壁厚e / 环刚度等级b / SN20"": ""5.0"", ""公称壁厚e / 环刚度等级b / SN 30"": ""6.5"", ""公称壁厚e / 环刚度等级b / SN 40"": ""8.0"", ""不圆度"": ""≤2.3""}"
customer_liaoning_taichang_20260606_p0,辽宁,2025-03,包2,2225AC,电缆保护管CPVC,rag_seed/power_grid_resources/01_tender_documents/22_国网辽宁电力2025年第三次物资协议库存招标采购/extracted/电缆保护管CPVC/包2_完整招标文件_53488483999455372/包2_技术规范书_53488482466628243/国网辽宁省电力有限公司_辽宁公司二级采购非结构化固化ID编制（G00J-500038391-00003）/电缆保护管-CPVC（φ200）.doc,1,8,dimension_parameter_table,公称内径 150,公称壁厚e / 环刚度等级b / SN20: 6.5；公称壁厚e / 环刚度等级b / SN 30: 8.0；公称壁厚e / 环刚度等级b / SN 40: 9.5；不圆度: ≤2.5,,pending_response,medium,存在项目需求值或标准值，但投标人响应值/保证值为空。,补充泰昌响应值、保证值或明确写入无偏差承诺后复核。,"{""公称内径 DN/ID"": ""150"", ""公称壁厚e / 环刚度等级b / SN20"": ""6.5"", ""公称壁厚e / 环刚度等级b / SN 30"": ""8.0"", ""公称壁厚e / 环刚度等级b / SN 40"": ""9.5"", ""不圆度"": ""≤2.5""}"
customer_liaoning_taichang_20260606_p0,辽宁,2025-03,包2,2225AC,电缆保护管CPVC,rag_seed/power_grid_resources/01_tender_documents/22_国网辽宁电力2025年第三次物资协议库存招标采购/extracted/电缆保护管CPVC/包2_完整招标文件_53488483999455372/包2_技术规范书_53488482466628243/国网辽宁省电力有限公司_辽宁公司二级采购非结构化固化ID编制（G00J-500038391-00003）/电缆保护管-CPVC（φ200）.doc,1,9,dimension_parameter_table,公称内径 175,公称壁厚e / 环刚度等级b / SN20: 8.0；公称壁厚e / 环刚度等级b / SN 30: 9.5；公称壁厚e / 环刚度等级b / SN 40: 11.0；不圆度: ≤2.8,,pending_response,medium,存在项目需求值或标准值，但投标人响应值/保证值为空。,补充泰昌响应值、保证值或明确写入无偏差承诺后复核。,"{""公称内径 DN/ID"": ""175"", ""公称壁厚e / 环刚度等级b / SN20"": ""8.0"", ""公称壁厚e / 环刚度等级b / SN 30"": ""9.5"", ""公称壁厚e / 环刚度等级b / SN 40"": ""11.0"", ""不圆度"": ""≤2.8""}"
customer_liaoning_taichang_20260606_p0,辽宁,2025-03,包2,2225AC,电缆保护管CPVC,rag_seed/power_grid_resources/01_tender_documents/22_国网辽宁电力2025年第三次物资协议库存招标采购/extracted/电缆保护管CPVC/包2_完整招标文件_53488483999455372/包2_技术规范书_53488482466628243/国网辽宁省电力有限公司_辽宁公司二级采购非结构化固化ID编制（G00J-500038391-00003）/电缆保护管-CPVC（φ200）.doc,1,10,dimension_parameter_table,公称内径 200,公称壁厚e / 环刚度等级b / SN20: 9.0；公称壁厚e / 环刚度等级b / SN 30: 11.0；公称壁厚e / 环刚度等级b / SN 40: 13.0；不圆度: ≤3.2,,pending_response,medium,存在项目需求值或标准值，但投标人响应值/保证值为空。,补充泰昌响应值、保证值或明确写入无偏差承诺后复核。,"{""公称内径 DN/ID"": ""200"", ""公称壁厚e / 环刚度等级b / SN20"": ""9.0"", ""公称壁厚e / 环刚度等级b / SN 30"": ""11.0"", ""公称壁厚e / 环刚度等级b / SN 40"": ""13.0"", ""不圆度"": ""≤3.2""}"
customer_liaoning_taichang_20260606_p0,辽宁,2025-03,包2,2225AC,电缆保护管CPVC,rag_seed/power_grid_resources/01_tender_documents/22_国网辽宁电力2025年第三次物资协议库存招标采购/extracted/电缆保护管CPVC/包2_完整招标文件_53488483999455372/包2_技术规范书_53488482466628243/国网辽宁省电力有限公司_辽宁公司二级采购非结构化固化ID编制（G00J-500038391-00003）/电缆保护管-CPVC（φ200）.doc,2,2,dimension_parameter_table,公称内径 50,公称内径允许偏差: +0.5；承口内径允许偏差: +0.5；承口最小深度: 60,,pending_response,medium,存在项目需求值或标准值，但投标人响应值/保证值为空。,补充泰昌响应值、保证值或明确写入无偏差承诺后复核。,"{""序号"": ""1"", ""公称内径"": ""50"", ""公称内径允许偏差"": ""+0.5"", ""承口内径允许偏差"": ""+0.5"", ""承口最小深度"": ""60""}"
customer_liaoning_taichang_20260606_p0,辽宁,2025-03,包2,2225AC,电缆保护管CPVC,rag_seed/power_grid_resources/01_tender_documents/22_国网辽宁电力2025年第三次物资协议库存招标采购/extracted/电缆保护管CPVC/包2_完整招标文件_53488483999455372/包2_技术规范书_53488482466628243/国网辽宁省电力有限公司_辽宁公司二级采购非结构化固化ID编制（G00J-500038391-00003）/电缆保护管-CPVC（φ200）.doc,2,3,dimension_parameter_table,公称内径 100,公称内径允许偏差: +0.6；承口内径允许偏差: +0.6；承口最小深度: 80,,pending_response,medium,存在项目需求值或标准值，但投标人响应值/保证值为空。,补充泰昌响应值、保证值或明确写入无偏差承诺后复核。,"{""序号"": ""2"", ""公称内径"": ""100"", ""公称内径允许偏差"": ""+0.6"", ""承口内径允许偏差"": ""+0.6"", ""承口最小深度"": ""80""}"
customer_liaoning_taichang_20260606_p0,辽宁,2025-03,包2,2225AC,电缆保护管CPVC,rag_seed/power_grid_resources/01_tender_documents/22_国网辽宁电力2025年第三次物资协议库存招标采购/extracted/电缆保护管CPVC/包2_完整招标文件_53488483999455372/包2_技术规范书_53488482466628243/国网辽宁省电力有限公司_辽宁公司二级采购非结构化固化ID编制（G00J-500038391-00003）/电缆保护管-CPVC（φ200）.doc,2,4,dimension_parameter_table,公称内径 125,公称内径允许偏差: +0.7；承口内径允许偏差: +0.7；承口最小深度: 100,,pending_response,medium,存在项目需求值或标准值，但投标人响应值/保证值为空。,补充泰昌响应值、保证值或明确写入无偏差承诺后复核。,"{""序号"": ""3"", ""公称内径"": ""125"", ""公称内径允许偏差"": ""+0.7"", ""承口内径允许偏差"": ""+0.7"", ""承口最小深度"": ""100""}"
customer_liaoning_taichang_20260606_p0,辽宁,2025-03,包2,2225AC,电缆保护管CPVC,rag_seed/power_grid_resources/01_tender_documents/22_国网辽宁电力2025年第三次物资协议库存招标采购/extracted/电缆保护管CPVC/包2_完整招标文件_53488483999455372/包2_技术规范书_53488482466628243/国网辽宁省电力有限公司_辽宁公司二级采购非结构化固化ID编制（G00J-500038391-00003）/电缆保护管-CPVC（φ200）.doc,2,5,dimension_parameter_table,公称内径 150,公称内径允许偏差: +0.8；承口内径允许偏差: +0.8；承口最小深度: 100,,pending_response,medium,存在项目需求值或标准值，但投标人响应值/保证值为空。,补充泰昌响应值、保证值或明确写入无偏差承诺后复核。,"{""序号"": ""4"", ""公称内径"": ""150"", ""公称内径允许偏差"": ""+0.8"", ""承口内径允许偏差"": ""+0.8"", ""承口最小深度"": ""100""}"
customer_liaoning_taichang_20260606_p0,辽宁,2025-03,包2,2225AC,电缆保护管CPVC,rag_seed/power_grid_resources/01_tender_documents/22_国网辽宁电力2025年第三次物资协议库存招标采购/extracted/电缆保护管CPVC/包2_完整招标文件_53488483999455372/包2_技术规范书_53488482466628243/国网辽宁省电力有限公司_辽宁公司二级采购非结构化固化ID编制（G00J-500038391-00003）/电缆保护管-CPVC（φ200）.doc,2,6,dimension_parameter_table,公称内径 175,公称内径允许偏差: +0.9；承口内径允许偏差: +0.9；承口最小深度: 100,,pending_response,medium,存在项目需求值或标准值，但投标人响应值/保证值为空。,补充泰昌响应值、保证值或明确写入无偏差承诺后复核。,"{""序号"": ""5"", ""公称内径"": ""175"", ""公称内径允许偏差"": ""+0.9"", ""承口内径允许偏差"": ""+0.9"", ""承口最小深度"": ""100""}"
customer_liaoning_taichang_20260606_p0,辽宁,2025-03,包2,2225AC,电缆保护管CPVC,rag_seed/power_grid_resources/01_tender_documents/22_国网辽宁电力2025年第三次物资协议库存招标采购/extracted/电缆保护管CPVC/包2_完整招标文件_53488483999455372/包2_技术规范书_53488482466628243/国网辽宁省电力有限公司_辽宁公司二级采购非结构化固化ID编制（G00J-500038391-00003）/电缆保护管-CPVC（φ200）.doc,2,7,dimension_parameter_table,公称内径 200,公称内径允许偏差: +1.0；承口内径允许偏差: +1.0；承口最小深度: 120,,pending_response,medium,存在项目需求值或标准值，但投标人响应值/保证值为空。,补充泰昌响应值、保证值或明确写入无偏差承诺后复核。,"{""序号"": ""6"", ""公称内径"": ""200"", ""公称内径允许偏差"": ""+1.0"", ""承口内径允许偏差"": ""+1.0"", ""承口最小深度"": ""120""}"
customer_liaoning_taichang_20260606_p0,辽宁,2025-03,包2,2225AC,电缆保护管CPVC,rag_seed/power_grid_resources/01_tender_documents/22_国网辽宁电力2025年第三次物资协议库存招标采购/extracted/电缆保护管CPVC/包2_完整招标文件_53488483999455372/包2_技术规范书_53488482466628243/国网辽宁省电力有限公司_辽宁公司二级采购非结构化固化ID编制（G00J-500038391-00003）/电缆保护管-CPVC（φ200）.doc,2,8,dimension_parameter_table,公称内径 225,公称内径允许偏差: +1.1；承口内径允许偏差: +1.1；承口最小深度: 120,,pending_response,medium,存在项目需求值或标准值，但投标人响应值/保证值为空。,补充泰昌响应值、保证值或明确写入无偏差承诺后复核。,"{""序号"": ""7"", ""公称内径"": ""225"", ""公称内径允许偏差"": ""+1.1"", ""承口内径允许偏差"": ""+1.1"", ""承口最小深度"": ""120""}"
customer_liaoning_taichang_20260606_p0,辽宁,2025-03,包2,2225AC,电缆保护管CPVC,rag_seed/power_grid_resources/01_tender_documents/22_国网辽宁电力2025年第三次物资协议库存招标采购/extracted/电缆保护管CPVC/包2_完整招标文件_53488483999455372/包2_技术规范书_53488482466628243/国网辽宁省电力有限公司_辽宁公司二级采购非结构化固化ID编制（G00J-500038391-00003）/电缆保护管-CPVC（φ200）.doc,2,9,dimension_parameter_table,公称内径 250,公称内径允许偏差: +1.2；承口内径允许偏差: +1.2；承口最小深度: 120,,pending_response,medium,存在项目需求值或标准值，但投标人响应值/保证值为空。,补充泰昌响应值、保证值或明确写入无偏差承诺后复核。,"{""序号"": ""7"", ""公称内径"": ""250"", ""公称内径允许偏差"": ""+1.2"", ""承口内径允许偏差"": ""+1.2"", ""承口最小深度"": ""120""}"
customer_liaoning_taichang_20260606_p0,辽宁,2025-03,包2,2225AC,电缆保护管CPVC,rag_seed/power_grid_resources/01_tender_documents/22_国网辽宁电力2025年第三次物资协议库存招标采购/extracted/电缆保护管CPVC/包2_完整招标文件_53488483999455372/包2_技术规范书_53488482466628243/国网辽宁省电力有限公司_辽宁公司二级采购非结构化固化ID编制（G00J-500038391-00003）/电缆保护管-CPVC（φ200）.doc,2,10,dimension_parameter_table,公称内径 注1：承口最小深度是从承口端部到承口底部的最小距离； 注2：承口内径偏差为制造与设计的差数； 注3：其他规格尺寸由供需双方协商确定，其公称内径允许偏差、承口内径允许偏差以及承口最小深度以表中最接近的一档为准。,公称内径允许偏差: 注1：承口最小深度是从承口端部到承口底部的最小距离； 注2：承口内径偏差为制造与设计的差数； 注3：其他规格尺寸由供需双方协商确定，其公称内径允许偏差、承口内径允许偏差以及承口最小深度以表中最接近的一档为准。；承口内径允许偏差: 注1：承口最小深度是从承口端部到承口底部的最小距离； 注2：承口内径偏差为制造与设计的差数； 注3：其他规格尺寸由供需双方协商确定，其公称内径允许偏差、承口内径允许偏差以及承口最小深度以表中最接近的一档为准。；承口最小深度: 注1：承口最小深度是从承口端部到承口底部的最小距离； 注2：承口内径偏差为制造与设计的差数； 注3：其他规格尺寸由供需双方协商确定，其公称内径允许偏差、承口内径允许偏差以及承口最小深度以表中最接近的一档为准。,,pending_response,medium,存在项目需求值或标准值，但投标人响应值/保证值为空。,补充泰昌响应值、保证值或明确写入无偏差承诺后复核。,"{""序号"": ""注1：承口最小深度是从承口端部到承口底部的最小距离； 注2：承口内径偏差为制造与设计的差数； 注3：其他规格尺寸由供需双方协商确定，其公称内径允许偏差、承口内径允许偏差以及承口最小深度以表中最接近的一档为准。"", ""公称内径"": ""注1：承口最小深度是从承口端部到承口底部的最小距离； 注2：承口内径偏差为制造与设计的差数； 注3：其他规格尺寸由供需双方协商确定，其公称内径允许偏差、承口内径允许偏差以及承口最小深度以表中最接近的一档为准。"", ""公称内径允许偏差"": ""注1：承口最小深度是从承口端部到承口底部的最小距离； 注2：承口内径偏差为制造与设计的差数； 注3：其他规格尺寸由供需双方协商确定，其公称内径允许偏差、承口内径允许偏差以及承口最小深度以表中最接近的一档为准。"", ""承口内径允许偏差"": ""注1：承口最小深度是从承口端部到承口底部的最小距离； 注2：承口内径偏差为制造与设计的差数； 注3：其他规格尺寸由供需双方协商确定，其公称内径允许偏差、承口内径允许偏差以及承口最小深度以表中最接近的一档为准。"", ""承口最小深度"": ""注1：承口最小深度是从承口端部到承口底部的最小距离； 注2：承口内径偏差为制造与设计的差数； 注3：其他规格尺寸由供需双方协商确定，其公称内径允许偏差、承口内径允许偏差以及承口最小深度以表中最接近的一档为准。""}"
customer_liaoning_taichang_20260606_p0,辽宁,2025-03,包2,2225AC,电缆保护管CPVC,rag_seed/power_grid_resources/01_tender_documents/22_国网辽宁电力2025年第三次物资协议库存招标采购/extracted/电缆保护管CPVC/包2_完整招标文件_53488483999455372/包2_技术规范书_53488482466628243/国网辽宁省电力有限公司_辽宁公司二级采购非结构化固化ID编制（G00J-500038391-00003）/电缆保护管-CPVC（φ200）.doc,3,2,dimension_parameter_table,t＜6.0,公称壁厚: t＜6.0；公称壁厚允许偏差: +0.6,,pending_response,medium,存在项目需求值或标准值，但投标人响应值/保证值为空。,补充泰昌响应值、保证值或明确写入无偏差承诺后复核。,"{""序号"": ""1"", ""公称壁厚"": ""t＜6.0"", ""公称壁厚允许偏差"": ""+0.6""}"
customer_liaoning_taichang_20260606_p0,辽宁,2025-03,包2,2225AC,电缆保护管CPVC,rag_seed/power_grid_resources/01_tender_documents/22_国网辽宁电力2025年第三次物资协议库存招标采购/extracted/电缆保护管CPVC/包2_完整招标文件_53488483999455372/包2_技术规范书_53488482466628243/国网辽宁省电力有限公司_辽宁公司二级采购非结构化固化ID编制（G00J-500038391-00003）/电缆保护管-CPVC（φ200）.doc,3,3,dimension_parameter_table,6.0≤t＜7.0,公称壁厚: 6.0≤t＜7.0；公称壁厚允许偏差: +0.7,,pending_response,medium,存在项目需求值或标准值，但投标人响应值/保证值为空。,补充泰昌响应值、保证值或明确写入无偏差承诺后复核。,"{""序号"": ""2"", ""公称壁厚"": ""6.0≤t＜7.0"", ""公称壁厚允许偏差"": ""+0.7""}"
customer_liaoning_taichang_20260606_p0,辽宁,2025-03,包2,2225AC,电缆保护管CPVC,rag_seed/power_grid_resources/01_tender_documents/22_国网辽宁电力2025年第三次物资协议库存招标采购/extracted/电缆保护管CPVC/包2_完整招标文件_53488483999455372/包2_技术规范书_53488482466628243/国网辽宁省电力有限公司_辽宁公司二级采购非结构化固化ID编制（G00J-500038391-00003）/电缆保护管-CPVC（φ200）.doc,3,4,dimension_parameter_table,7.0≤t＜8.0,公称壁厚: 7.0≤t＜8.0；公称壁厚允许偏差: +0.8,,pending_response,medium,存在项目需求值或标准值，但投标人响应值/保证值为空。,补充泰昌响应值、保证值或明确写入无偏差承诺后复核。,"{""序号"": ""3"", ""公称壁厚"": ""7.0≤t＜8.0"", ""公称壁厚允许偏差"": ""+0.8""}"
customer_liaoning_taichang_20260606_p0,辽宁,2025-03,包2,2225AC,电缆保护管CPVC,rag_seed/power_grid_resources/01_tender_documents/22_国网辽宁电力2025年第三次物资协议库存招标采购/extracted/电缆保护管CPVC/包2_完整招标文件_53488483999455372/包2_技术规范书_53488482466628243/国网辽宁省电力有限公司_辽宁公司二级采购非结构化固化ID编制（G00J-500038391-00003）/电缆保护管-CPVC（φ200）.doc,3,5,dimension_parameter_table,8.0≤t＜10.0,公称壁厚: 8.0≤t＜10.0；公称壁厚允许偏差: +1.0,,pending_response,medium,存在项目需求值或标准值，但投标人响应值/保证值为空。,补充泰昌响应值、保证值或明确写入无偏差承诺后复核。,"{""序号"": ""4"", ""公称壁厚"": ""8.0≤t＜10.0"", ""公称壁厚允许偏差"": ""+1.0""}"
customer_liaoning_taichang_20260606_p0,辽宁,2025-03,包2,2225AC,电缆保护管CPVC,rag_seed/power_grid_resources/01_tender_documents/22_国网辽宁电力2025年第三次物资协议库存招标采购/extracted/电缆保护管CPVC/包2_完整招标文件_53488483999455372/包2_技术规范书_53488482466628243/国网辽宁省电力有限公司_辽宁公司二级采购非结构化固化ID编制（G00J-500038391-00003）/电缆保护管-CPVC（φ200）.doc,3,6,dimension_parameter_table,10.0≤t＜12.0,公称壁厚: 10.0≤t＜12.0；公称壁厚允许偏差: +1.2,,pending_response,medium,存在项目需求值或标准值，但投标人响应值/保证值为空。,补充泰昌响应值、保证值或明确写入无偏差承诺后复核。,"{""序号"": ""5"", ""公称壁厚"": ""10.0≤t＜12.0"", ""公称壁厚允许偏差"": ""+1.2""}"
customer_liaoning_taichang_20260606_p0,辽宁,2025-03,包2,2225AC,电缆保护管CPVC,rag_seed/power_grid_resources/01_tender_documents/22_国网辽宁电力2025年第三次物资协议库存招标采购/extracted/电缆保护管CPVC/包2_完整招标文件_53488483999455372/包2_技术规范书_53488482466628243/国网辽宁省电力有限公司_辽宁公司二级采购非结构化固化ID编制（G00J-500038391-00003）/电缆保护管-CPVC（φ200）.doc,3,7,dimension_parameter_table,t≤12.0,公称壁厚: t≤12.0；公称壁厚允许偏差: +1.4,,pending_response,medium,存在项目需求值或标准值，但投标人响应值/保证值为空。,补充泰昌响应值、保证值或明确写入无偏差承诺后复核。,"{""序号"": ""6"", ""公称壁厚"": ""t≤12.0"", ""公称壁厚允许偏差"": ""+1.4""}"
customer_liaoning_taichang_20260606_p0,辽宁,2025-03,包2,2225AC,电缆保护管CPVC,rag_seed/power_grid_resources/01_tender_documents/22_国网辽宁电力2025年第三次物资协议库存招标采购/extracted/电缆保护管CPVC/包2_完整招标文件_53488483999455372/包2_技术规范书_53488482466628243/国网辽宁省电力有限公司_辽宁公司二级采购非结构化固化ID编制（G00J-500038391-00003）/电缆保护管-CPVC（φ200）.doc,3,8,dimension_parameter_table,注：t为公称壁厚。,公称壁厚: 注：t为公称壁厚。；公称壁厚允许偏差: 注：t为公称壁厚。,,pending_response,medium,存在项目需求值或标准值，但投标人响应值/保证值为空。,补充泰昌响应值、保证值或明确写入无偏差承诺后复核。,"{""序号"": ""注：t为公称壁厚。"", ""公称壁厚"": ""注：t为公称壁厚。"", ""公称壁厚允许偏差"": ""注：t为公称壁厚。""}"
customer_liaoning_taichang_20260606_p0,辽宁,2025-03,包2,2225AC,电缆保护管CPVC,rag_seed/power_grid_resources/01_tender_documents/22_国网辽宁电力2025年第三次物资协议库存招标采购/extracted/电缆保护管CPVC/包2_完整招标文件_53488483999455372/包2_技术规范书_53488482466628243/国网辽宁省电力有限公司_辽宁公司二级采购非结构化固化ID编制（G00J-500038391-00003）/电缆保护管-CPVC（φ200）.doc,4,2,bid_response_parameter_table,"电缆保护管-材质:CPVC,标称直径:φ50",参照通用部分5.技术要求,,pending_response,medium,存在项目需求值或标准值，但投标人响应值/保证值为空。,补充泰昌响应值、保证值或明确写入无偏差承诺后复核。,"{""序号"": ""1"", ""技术参数名称"": ""电缆保护管-材质:CPVC,标称直径:φ50"", ""单位"": ""米"", ""项目需求值或表述"": ""参照通用部分5.技术要求"", ""投标人响应值"": """"}"
customer_liaoning_taichang_20260606_p0,辽宁,2025-03,包2,2225AC,电缆保护管CPVC,rag_seed/power_grid_resources/01_tender_documents/22_国网辽宁电力2025年第三次物资协议库存招标采购/extracted/电缆保护管CPVC/包2_完整招标文件_53488483999455372/包2_技术规范书_53488482466628243/国网辽宁省电力有限公司_辽宁公司二级采购非结构化固化ID编制（G00J-500038391-00003）/电缆保护管-CPVC（φ200）.doc,4,3,bid_response_parameter_table,"电缆保护管-材质:CPVC,标称直径:φ100",参照通用部分5.技术要求,,pending_response,medium,存在项目需求值或标准值，但投标人响应值/保证值为空。,补充泰昌响应值、保证值或明确写入无偏差承诺后复核。,"{""序号"": ""2"", ""技术参数名称"": ""电缆保护管-材质:CPVC,标称直径:φ100"", ""单位"": ""米"", ""项目需求值或表述"": ""参照通用部分5.技术要求"", ""投标人响应值"": """"}"
customer_liaoning_taichang_20260606_p0,辽宁,2025-03,包2,2225AC,电缆保护管CPVC,rag_seed/power_grid_resources/01_tender_documents/22_国网辽宁电力2025年第三次物资协议库存招标采购/extracted/电缆保护管CPVC/包2_完整招标文件_53488483999455372/包2_技术规范书_53488482466628243/国网辽宁省电力有限公司_辽宁公司二级采购非结构化固化ID编制（G00J-500038391-00003）/电缆保护管-CPVC（φ200）.doc,4,4,bid_response_parameter_table,"电缆保护管-材质:CPVC,标称直径:φ125",参照通用部分5.技术要求,,pending_response,medium,存在项目需求值或标准值，但投标人响应值/保证值为空。,补充泰昌响应值、保证值或明确写入无偏差承诺后复核。,"{""序号"": ""3"", ""技术参数名称"": ""电缆保护管-材质:CPVC,标称直径:φ125"", ""单位"": ""米"", ""项目需求值或表述"": ""参照通用部分5.技术要求"", ""投标人响应值"": """"}"
customer_liaoning_taichang_20260606_p0,辽宁,2025-03,包2,2225AC,电缆保护管CPVC,rag_seed/power_grid_resources/01_tender_documents/22_国网辽宁电力2025年第三次物资协议库存招标采购/extracted/电缆保护管CPVC/包2_完整招标文件_53488483999455372/包2_技术规范书_53488482466628243/国网辽宁省电力有限公司_辽宁公司二级采购非结构化固化ID编制（G00J-500038391-00003）/电缆保护管-CPVC（φ200）.doc,4,5,bid_response_parameter_table,"电缆保护管-材质:CPVC,标称直径:φ150",参照通用部分5.技术要求,,pending_response,medium,存在项目需求值或标准值，但投标人响应值/保证值为空。,补充泰昌响应值、保证值或明确写入无偏差承诺后复核。,"{""序号"": ""4"", ""技术参数名称"": ""电缆保护管-材质:CPVC,标称直径:φ150"", ""单位"": ""米"", ""项目需求值或表述"": ""参照通用部分5.技术要求"", ""投标人响应值"": """"}"
customer_liaoning_taichang_20260606_p0,辽宁,2025-03,包2,2225AC,电缆保护管CPVC,rag_seed/power_grid_resources/01_tender_documents/22_国网辽宁电力2025年第三次物资协议库存招标采购/extracted/电缆保护管CPVC/包2_完整招标文件_53488483999455372/包2_技术规范书_53488482466628243/国网辽宁省电力有限公司_辽宁公司二级采购非结构化固化ID编制（G00J-500038391-00003）/电缆保护管-CPVC（φ200）.doc,4,6,bid_response_parameter_table,"电缆保护管-材质:CPVC,标称直径:φ175",参照通用部分5.技术要求,,pending_response,medium,存在项目需求值或标准值，但投标人响应值/保证值为空。,补充泰昌响应值、保证值或明确写入无偏差承诺后复核。,"{""序号"": ""5"", ""技术参数名称"": ""电缆保护管-材质:CPVC,标称直径:φ175"", ""单位"": ""米"", ""项目需求值或表述"": ""参照通用部分5.技术要求"", ""投标人响应值"": """"}"
customer_liaoning_taichang_20260606_p0,辽宁,2025-03,包2,2225AC,电缆保护管CPVC,rag_seed/power_grid_resources/01_tender_documents/22_国网辽宁电力2025年第三次物资协议库存招标采购/extracted/电缆保护管CPVC/包2_完整招标文件_53488483999455372/包2_技术规范书_53488482466628243/国网辽宁省电力有限公司_辽宁公司二级采购非结构化固化ID编制（G00J-500038391-00003）/电缆保护管-CPVC（φ200）.doc,4,7,bid_response_parameter_table,"电缆保护管-材质:CPVC,标称直径:φ200",参照通用部分5.技术要求,,pending_response,medium,存在项目需求值或标准值，但投标人响应值/保证值为空。,补充泰昌响应值、保证值或明确写入无偏差承诺后复核。,"{""序号"": ""6"", ""技术参数名称"": ""电缆保护管-材质:CPVC,标称直径:φ200"", ""单位"": ""米"", ""项目需求值或表述"": ""参照通用部分5.技术要求"", ""投标人响应值"": """"}"
customer_liaoning_taichang_20260606_p0,辽宁,2025-03,包2,2225AC,电缆保护管CPVC,rag_seed/power_grid_resources/01_tender_documents/22_国网辽宁电力2025年第三次物资协议库存招标采购/extracted/电缆保护管CPVC/包2_完整招标文件_53488483999455372/包2_技术规范书_53488482466628243/国网辽宁省电力有限公司_辽宁公司二级采购非结构化固化ID编制（G00J-500038391-00003）/电缆保护管-CPVC（φ200）.doc,4,8,bid_response_parameter_table,"电缆保护管-材质:CPVC,内径:φ225",参照通用部分5.技术要求,,pending_response,medium,存在项目需求值或标准值，但投标人响应值/保证值为空。,补充泰昌响应值、保证值或明确写入无偏差承诺后复核。,"{""序号"": ""7"", ""技术参数名称"": ""电缆保护管-材质:CPVC,内径:φ225"", ""单位"": ""米"", ""项目需求值或表述"": ""参照通用部分5.技术要求"", ""投标人响应值"": """"}"
customer_liaoning_taichang_20260606_p0,辽宁,2025-03,包2,2225AC,电缆保护管CPVC,rag_seed/power_grid_resources/01_tender_documents/22_国网辽宁电力2025年第三次物资协议库存招标采购/extracted/电缆保护管CPVC/包2_完整招标文件_53488483999455372/包2_技术规范书_53488482466628243/国网辽宁省电力有限公司_辽宁公司二级采购非结构化固化ID编制（G00J-500038391-00003）/电缆保护管-CPVC（φ200）.doc,4,9,bid_response_parameter_table,"电缆保护管-材质:CPVC,内径:φ250",参照通用部分5.技术要求,,pending_response,medium,存在项目需求值或标准值，但投标人响应值/保证值为空。,补充泰昌响应值、保证值或明确写入无偏差承诺后复核。,"{""序号"": ""8"", ""技术参数名称"": ""电缆保护管-材质:CPVC,内径:φ250"", ""单位"": ""米"", ""项目需求值或表述"": ""参照通用部分5.技术要求"", ""投标人响应值"": """"}"
customer_liaoning_taichang_20260606_p0,辽宁,2025-03,包2,2225AC,电缆保护管CPVC,rag_seed/power_grid_resources/01_tender_documents/22_国网辽宁电力2025年第三次物资协议库存招标采购/extracted/电缆保护管CPVC/包2_完整招标文件_53488483999455372/包2_技术规范书_53488482466628243/国网辽宁省电力有限公司_辽宁公司二级采购非结构化固化ID编制（G00J-500038391-00003）/电缆保护管-CPVC（φ200）.doc,5,2,bid_response_parameter_table,环境温度,+40,,pending_response,medium,存在项目需求值或标准值，但投标人响应值/保证值为空。,补充泰昌响应值、保证值或明确写入无偏差承诺后复核。,"{""序号"": ""1"", ""名称"": ""环境温度"", ""名称_2"": ""最高温度"", ""单位"": ""℃"", ""项目需求值"": ""+40"", ""投标人响应值"": """"}"
customer_liaoning_taichang_20260606_p0,辽宁,2025-03,包2,2225AC,电缆保护管CPVC,rag_seed/power_grid_resources/01_tender_documents/22_国网辽宁电力2025年第三次物资协议库存招标采购/extracted/电缆保护管CPVC/包2_完整招标文件_53488483999455372/包2_技术规范书_53488482466628243/国网辽宁省电力有限公司_辽宁公司二级采购非结构化固化ID编制（G00J-500038391-00003）/电缆保护管-CPVC（φ200）.doc,5,3,bid_response_parameter_table,环境温度,-40,,pending_response,medium,存在项目需求值或标准值，但投标人响应值/保证值为空。,补充泰昌响应值、保证值或明确写入无偏差承诺后复核。,"{""序号"": ""1"", ""名称"": ""环境温度"", ""名称_2"": ""最低温度"", ""单位"": ""℃"", ""项目需求值"": ""-40"", ""投标人响应值"": """"}"
customer_liaoning_taichang_20260606_p0,辽宁,2025-03,包2,2225AC,电缆保护管CPVC,rag_seed/power_grid_resources/01_tender_documents/22_国网辽宁电力2025年第三次物资协议库存招标采购/extracted/电缆保护管CPVC/包2_完整招标文件_53488483999455372/包2_技术规范书_53488482466628243/国网辽宁省电力有限公司_辽宁公司二级采购非结构化固化ID编制（G00J-500038391-00003）/电缆保护管-CPVC（φ200）.doc,5,4,bid_response_parameter_table,环境温度,25,,pending_response,medium,存在项目需求值或标准值，但投标人响应值/保证值为空。,补充泰昌响应值、保证值或明确写入无偏差承诺后复核。,"{""序号"": ""1"", ""名称"": ""环境温度"", ""名称_2"": ""最大温差"", ""单位"": ""℃"", ""项目需求值"": ""25"", ""投标人响应值"": """"}"
customer_liaoning_taichang_20260606_p0,辽宁,2025-03,包2,2225AC,电缆保护管CPVC,rag_seed/power_grid_resources/01_tender_documents/22_国网辽宁电力2025年第三次物资协议库存招标采购/extracted/电缆保护管CPVC/包2_完整招标文件_53488483999455372/包2_技术规范书_53488482466628243/国网辽宁省电力有限公司_辽宁公司二级采购非结构化固化ID编制（G00J-500038391-00003）/电缆保护管-CPVC（φ200）.doc,5,5,bid_response_parameter_table,海拔,≤1000,,pending_response,medium,存在项目需求值或标准值，但投标人响应值/保证值为空。,补充泰昌响应值、保证值或明确写入无偏差承诺后复核。,"{""序号"": ""2"", ""名称"": ""海拔"", ""名称_2"": ""海拔"", ""单位"": ""m"", ""项目需求值"": ""≤1000"", ""投标人响应值"": """"}"
customer_liaoning_taichang_20260606_p0,辽宁,2025-03,包2,2225AC,电缆保护管CPVC,rag_seed/power_grid_resources/01_tender_documents/22_国网辽宁电力2025年第三次物资协议库存招标采购/extracted/电缆保护管CPVC/包2_完整招标文件_53488483999455372/包2_技术规范书_53488482466628243/国网辽宁省电力有限公司_辽宁公司二级采购非结构化固化ID编制（G00J-500038391-00003）/电缆保护管-CPVC（φ200）.doc,5,6,bid_response_parameter_table,日照,0.1,,pending_response,medium,存在项目需求值或标准值，但投标人响应值/保证值为空。,补充泰昌响应值、保证值或明确写入无偏差承诺后复核。,"{""序号"": ""3"", ""名称"": ""日照"", ""名称_2"": ""日照"", ""单位"": ""W/cm²"", ""项目需求值"": ""0.1"", ""投标人响应值"": """"}"
customer_liaoning_taichang_20260606_p0,辽宁,2025-03,包2,2225AC,电缆保护管CPVC,rag_seed/power_grid_resources/01_tender_documents/22_国网辽宁电力2025年第三次物资协议库存招标采购/extracted/电缆保护管CPVC/包2_完整招标文件_53488483999455372/包2_技术规范书_53488482466628243/国网辽宁省电力有限公司_辽宁公司二级采购非结构化固化ID编制（G00J-500038391-00003）/电缆保护管-CPVC（φ200）.doc,5,7,bid_response_parameter_table,覆冰厚度,20,,pending_response,medium,存在项目需求值或标准值，但投标人响应值/保证值为空。,补充泰昌响应值、保证值或明确写入无偏差承诺后复核。,"{""序号"": ""4"", ""名称"": ""覆冰厚度"", ""名称_2"": ""覆冰厚度"", ""单位"": ""mm"", ""项目需求值"": ""20"", ""投标人响应值"": """"}"
customer_liaoning_taichang_20260606_p0,辽宁,2025-03,包2,2225AC,电缆保护管CPVC,rag_seed/power_grid_resources/01_tender_documents/22_国网辽宁电力2025年第三次物资协议库存招标采购/extracted/电缆保护管CPVC/包2_完整招标文件_53488483999455372/包2_技术规范书_53488482466628243/国网辽宁省电力有限公司_辽宁公司二级采购非结构化固化ID编制（G00J-500038391-00003）/电缆保护管-CPVC（φ200）.doc,5,8,bid_response_parameter_table,最大风速,35,,pending_response,medium,存在项目需求值或标准值，但投标人响应值/保证值为空。,补充泰昌响应值、保证值或明确写入无偏差承诺后复核。,"{""序号"": ""5"", ""名称"": ""最大风速"", ""名称_2"": ""最大风速"", ""单位"": ""m/s"", ""项目需求值"": ""35"", ""投标人响应值"": """"}"
customer_liaoning_taichang_20260606_p0,辽宁,2025-03,包2,2225AC,电缆保护管CPVC,rag_seed/power_grid_resources/01_tender_documents/22_国网辽宁电力2025年第三次物资协议库存招标采购/extracted/电缆保护管CPVC/包2_完整招标文件_53488483999455372/包2_技术规范书_53488482466628243/国网辽宁省电力有限公司_辽宁公司二级采购非结构化固化ID编制（G00J-500038391-00003）/电缆保护管-CPVC（φ200）.doc,5,9,bid_response_parameter_table,埋深,＜8,,pending_response,medium,存在项目需求值或标准值，但投标人响应值/保证值为空。,补充泰昌响应值、保证值或明确写入无偏差承诺后复核。,"{""序号"": ""6"", ""名称"": ""埋深"", ""名称_2"": ""埋深"", ""单位"": ""m"", ""项目需求值"": ""＜8"", ""投标人响应值"": """"}"
customer_liaoning_taichang_20260606_p0,辽宁,2025-03,包2,2225AC,电缆保护管CPVC,rag_seed/power_grid_resources/01_tender_documents/22_国网辽宁电力2025年第三次物资协议库存招标采购/extracted/电缆保护管CPVC/包2_完整招标文件_53488483999455372/包2_技术规范书_53488482466628243/国网辽宁省电力有限公司_辽宁公司二级采购非结构化固化ID编制（G00J-500038391-00003）/电缆保护管-CPVC（φ200）.doc,7,4,performance_parameter_table,……,,,informational,low,未识别到明确项目需求值或标准值，仅作为参数信息保留。,无需生成偏差判断，可在参数查询中展示。,"{""序号 / 1"": ""……"", ""名称 / 电缆保护管-氯化聚氯乙烯(CPVC)"": """", ""单位 / 米"": """", ""招标人要求 / 型号和规格 / 电缆保护管,CPVC,φ200"": """", ""招标人要求 / 数量 / 详见货物清单"": """", ""投标人响应 / 环刚度等级 / 详见货物清单"": """", ""投标人响应 / 数量"": """"}"
customer_liaoning_taichang_20260606_p0,辽宁,2025-03,包1,2225AC,电缆保护管MPP,rag_seed/power_grid_resources/01_tender_documents/22_国网辽宁电力2025年第三次物资协议库存招标采购/extracted/电缆保护管MPP/包1_完整招标文件_53488483495666502/包1_技术规范书_53488482948183136/国家电网有限公司_电缆保护管 - 设备部(A171-500021541-00001)713595/国家电网有限公司_电缆保护管 - 设备部(A171-500021541-00001)/A171-500021541-00001 国家电网公司总部-配网标准化物资固化技术规范书-电缆保护管 MPP 非开挖.doc,0,2,dimension_parameter_table,公称内径 100（内径）,公称内径 (mm): 100（内径）；内径允许偏差 (mm): 正公差 +0.6 负公差 0；最小壁厚 (mm): 8；壁厚允许偏差 (mm): 正公差 +1.0 负公差 0,,pending_response,medium,存在项目需求值或标准值，但投标人响应值/保证值为空。,补充泰昌响应值、保证值或明确写入无偏差承诺后复核。,"{""公称内径 (mm)"": ""100（内径）"", ""内径允许偏差 (mm)"": ""正公差 +0.6 负公差 0"", ""最小壁厚 (mm)"": ""8"", ""壁厚允许偏差 (mm)"": ""正公差 +1.0 负公差 0""}"
customer_liaoning_taichang_20260606_p0,辽宁,2025-03,包1,2225AC,电缆保护管MPP,rag_seed/power_grid_resources/01_tender_documents/22_国网辽宁电力2025年第三次物资协议库存招标采购/extracted/电缆保护管MPP/包1_完整招标文件_53488483495666502/包1_技术规范书_53488482948183136/国家电网有限公司_电缆保护管 - 设备部(A171-500021541-00001)713595/国家电网有限公司_电缆保护管 - 设备部(A171-500021541-00001)/A171-500021541-00001 国家电网公司总部-配网标准化物资固化技术规范书-电缆保护管 MPP 非开挖.doc,0,3,dimension_parameter_table,公称内径 150（内径）,公称内径 (mm): 150（内径）；内径允许偏差 (mm): 正公差 +0.8 负公差 0；最小壁厚 (mm): 12；壁厚允许偏差 (mm): 正公差 +1.4 负公差 0,,pending_response,medium,存在项目需求值或标准值，但投标人响应值/保证值为空。,补充泰昌响应值、保证值或明确写入无偏差承诺后复核。,"{""公称内径 (mm)"": ""150（内径）"", ""内径允许偏差 (mm)"": ""正公差 +0.8 负公差 0"", ""最小壁厚 (mm)"": ""12"", ""壁厚允许偏差 (mm)"": ""正公差 +1.4 负公差 0""}"
customer_liaoning_taichang_20260606_p0,辽宁,2025-03,包1,2225AC,电缆保护管MPP,rag_seed/power_grid_resources/01_tender_documents/22_国网辽宁电力2025年第三次物资协议库存招标采购/extracted/电缆保护管MPP/包1_完整招标文件_53488483495666502/包1_技术规范书_53488482948183136/国家电网有限公司_电缆保护管 - 设备部(A171-500021541-00001)713595/国家电网有限公司_电缆保护管 - 设备部(A171-500021541-00001)/A171-500021541-00001 国家电网公司总部-配网标准化物资固化技术规范书-电缆保护管 MPP 非开挖.doc,0,4,dimension_parameter_table,公称内径 175（内径）,公称内径 (mm): 175（内径）；内径允许偏差 (mm): 正公差 +0.9 负公差 0；最小壁厚 (mm): 14；壁厚允许偏差 (mm): 正公差 +1.4 负公差 0,,pending_response,medium,存在项目需求值或标准值，但投标人响应值/保证值为空。,补充泰昌响应值、保证值或明确写入无偏差承诺后复核。,"{""公称内径 (mm)"": ""175（内径）"", ""内径允许偏差 (mm)"": ""正公差 +0.9 负公差 0"", ""最小壁厚 (mm)"": ""14"", ""壁厚允许偏差 (mm)"": ""正公差 +1.4 负公差 0""}"
customer_liaoning_taichang_20260606_p0,辽宁,2025-03,包1,2225AC,电缆保护管MPP,rag_seed/power_grid_resources/01_tender_documents/22_国网辽宁电力2025年第三次物资协议库存招标采购/extracted/电缆保护管MPP/包1_完整招标文件_53488483495666502/包1_技术规范书_53488482948183136/国家电网有限公司_电缆保护管 - 设备部(A171-500021541-00001)713595/国家电网有限公司_电缆保护管 - 设备部(A171-500021541-00001)/A171-500021541-00001 国家电网公司总部-配网标准化物资固化技术规范书-电缆保护管 MPP 非开挖.doc,0,5,dimension_parameter_table,公称内径 200（内径）,公称内径 (mm): 200（内径）；内径允许偏差 (mm): 正公差 +1.0 负公差 0；最小壁厚 (mm): 16；壁厚允许偏差 (mm): 正公差 +1.4 负公差 0,,pending_response,medium,存在项目需求值或标准值，但投标人响应值/保证值为空。,补充泰昌响应值、保证值或明确写入无偏差承诺后复核。,"{""公称内径 (mm)"": ""200（内径）"", ""内径允许偏差 (mm)"": ""正公差 +1.0 负公差 0"", ""最小壁厚 (mm)"": ""16"", ""壁厚允许偏差 (mm)"": ""正公差 +1.4 负公差 0""}"
customer_liaoning_taichang_20260606_p0,辽宁,2025-03,包1,2225AC,电缆保护管MPP,rag_seed/power_grid_resources/01_tender_documents/22_国网辽宁电力2025年第三次物资协议库存招标采购/extracted/电缆保护管MPP/包1_完整招标文件_53488483495666502/包1_技术规范书_53488482948183136/国家电网有限公司_电缆保护管 - 设备部(A171-500021541-00001)713595/国家电网有限公司_电缆保护管 - 设备部(A171-500021541-00001)/A171-500021541-00001 国家电网公司总部-配网标准化物资固化技术规范书-电缆保护管 MPP 非开挖.doc,1,2,performance_parameter_table,密度g/cm３,0.90～0.94,,pending_response,medium,存在项目需求值或标准值，但投标人响应值/保证值为空。,补充泰昌响应值、保证值或明确写入无偏差承诺后复核。,"{""序号"": ""1"", ""项目"": ""密度g/cm３"", ""指标"": ""0.90～0.94""}"
customer_liaoning_taichang_20260606_p0,辽宁,2025-03,包1,2225AC,电缆保护管MPP,rag_seed/power_grid_resources/01_tender_documents/22_国网辽宁电力2025年第三次物资协议库存招标采购/extracted/电缆保护管MPP/包1_完整招标文件_53488483495666502/包1_技术规范书_53488482948183136/国家电网有限公司_电缆保护管 - 设备部(A171-500021541-00001)713595/国家电网有限公司_电缆保护管 - 设备部(A171-500021541-00001)/A171-500021541-00001 国家电网公司总部-配网标准化物资固化技术规范书-电缆保护管 MPP 非开挖.doc,1,3,performance_parameter_table,拉伸强度（23±2℃）,管材：≥25MPa 接头：≥22.5MPa,,pending_response,medium,存在项目需求值或标准值，但投标人响应值/保证值为空。,补充泰昌响应值、保证值或明确写入无偏差承诺后复核。,"{""序号"": ""2"", ""项目"": ""拉伸强度（23±2℃）"", ""指标"": ""管材：≥25MPa 接头：≥22.5MPa""}"
customer_liaoning_taichang_20260606_p0,辽宁,2025-03,包1,2225AC,电缆保护管MPP,rag_seed/power_grid_resources/01_tender_documents/22_国网辽宁电力2025年第三次物资协议库存招标采购/extracted/电缆保护管MPP/包1_完整招标文件_53488483495666502/包1_技术规范书_53488482948183136/国家电网有限公司_电缆保护管 - 设备部(A171-500021541-00001)713595/国家电网有限公司_电缆保护管 - 设备部(A171-500021541-00001)/A171-500021541-00001 国家电网公司总部-配网标准化物资固化技术规范书-电缆保护管 MPP 非开挖.doc,1,4,performance_parameter_table,断裂伸长率,≥200%,,pending_response,medium,存在项目需求值或标准值，但投标人响应值/保证值为空。,补充泰昌响应值、保证值或明确写入无偏差承诺后复核。,"{""序号"": ""3"", ""项目"": ""断裂伸长率"", ""指标"": ""≥200%""}"
customer_liaoning_taichang_20260606_p0,辽宁,2025-03,包1,2225AC,电缆保护管MPP,rag_seed/power_grid_resources/01_tender_documents/22_国网辽宁电力2025年第三次物资协议库存招标采购/extracted/电缆保护管MPP/包1_完整招标文件_53488483495666502/包1_技术规范书_53488482948183136/国家电网有限公司_电缆保护管 - 设备部(A171-500021541-00001)713595/国家电网有限公司_电缆保护管 - 设备部(A171-500021541-00001)/A171-500021541-00001 国家电网公司总部-配网标准化物资固化技术规范书-电缆保护管 MPP 非开挖.doc,1,5,performance_parameter_table,弯曲强度（23±2℃）,≥36Mpa,,pending_response,medium,存在项目需求值或标准值，但投标人响应值/保证值为空。,补充泰昌响应值、保证值或明确写入无偏差承诺后复核。,"{""序号"": ""4"", ""项目"": ""弯曲强度（23±2℃）"", ""指标"": ""≥36Mpa""}"
customer_liaoning_taichang_20260606_p0,辽宁,2025-03,包1,2225AC,电缆保护管MPP,rag_seed/power_grid_resources/01_tender_documents/22_国网辽宁电力2025年第三次物资协议库存招标采购/extracted/电缆保护管MPP/包1_完整招标文件_53488483495666502/包1_技术规范书_53488482948183136/国家电网有限公司_电缆保护管 - 设备部(A171-500021541-00001)713595/国家电网有限公司_电缆保护管 - 设备部(A171-500021541-00001)/A171-500021541-00001 国家电网公司总部-配网标准化物资固化技术规范书-电缆保护管 MPP 非开挖.doc,1,6,performance_parameter_table,扁平试验（内径的50%）,不破裂,,pending_response,medium,存在项目需求值或标准值，但投标人响应值/保证值为空。,补充泰昌响应值、保证值或明确写入无偏差承诺后复核。,"{""序号"": ""5"", ""项目"": ""扁平试验（内径的50%）"", ""指标"": ""不破裂""}"
customer_liaoning_taichang_20260606_p0,辽宁,2025-03,包1,2225AC,电缆保护管MPP,rag_seed/power_grid_resources/01_tender_documents/22_国网辽宁电力2025年第三次物资协议库存招标采购/extracted/电缆保护管MPP/包1_完整招标文件_53488483495666502/包1_技术规范书_53488482948183136/国家电网有限公司_电缆保护管 - 设备部(A171-500021541-00001)713595/国家电网有限公司_电缆保护管 - 设备部(A171-500021541-00001)/A171-500021541-00001 国家电网公司总部-配网标准化物资固化技术规范书-电缆保护管 MPP 非开挖.doc,1,7,performance_parameter_table,维卡软化温度（GB/T 1633 A50法）,≥150℃,,pending_response,medium,存在项目需求值或标准值，但投标人响应值/保证值为空。,补充泰昌响应值、保证值或明确写入无偏差承诺后复核。,"{""序号"": ""6"", ""项目"": ""维卡软化温度（GB/T 1633 A50法）"", ""指标"": ""≥150℃""}"
customer_liaoning_taichang_20260606_p0,辽宁,2025-03,包1,2225AC,电缆保护管MPP,rag_seed/power_grid_resources/01_tender_documents/22_国网辽宁电力2025年第三次物资协议库存招标采购/extracted/电缆保护管MPP/包1_完整招标文件_53488483495666502/包1_技术规范书_53488482948183136/国家电网有限公司_电缆保护管 - 设备部(A171-500021541-00001)713595/国家电网有限公司_电缆保护管 - 设备部(A171-500021541-00001)/A171-500021541-00001 国家电网公司总部-配网标准化物资固化技术规范书-电缆保护管 MPP 非开挖.doc,1,8,performance_parameter_table,落锤冲击,任何试样均不出现破裂或裂缝。,,pending_response,medium,存在项目需求值或标准值，但投标人响应值/保证值为空。,补充泰昌响应值、保证值或明确写入无偏差承诺后复核。,"{""序号"": ""7"", ""项目"": ""落锤冲击"", ""指标"": ""任何试样均不出现破裂或裂缝。""}"
customer_liaoning_taichang_20260606_p0,辽宁,2025-03,包1,2225AC,电缆保护管MPP,rag_seed/power_grid_resources/01_tender_documents/22_国网辽宁电力2025年第三次物资协议库存招标采购/extracted/电缆保护管MPP/包1_完整招标文件_53488483495666502/包1_技术规范书_53488482948183136/国家电网有限公司_电缆保护管 - 设备部(A171-500021541-00001)713595/国家电网有限公司_电缆保护管 - 设备部(A171-500021541-00001)/A171-500021541-00001 国家电网公司总部-配网标准化物资固化技术规范书-电缆保护管 MPP 非开挖.doc,1,9,performance_parameter_table,环刚度（3%、常温）,≥32kPa,,pending_response,medium,存在项目需求值或标准值，但投标人响应值/保证值为空。,补充泰昌响应值、保证值或明确写入无偏差承诺后复核。,"{""序号"": ""8"", ""项目"": ""环刚度（3%、常温）"", ""指标"": ""≥32kPa""}"
customer_liaoning_taichang_20260606_p0,辽宁,2025-03,包1,2225AC,电缆保护管MPP,rag_seed/power_grid_resources/01_tender_documents/22_国网辽宁电力2025年第三次物资协议库存招标采购/extracted/电缆保护管MPP/包1_完整招标文件_53488483495666502/包1_技术规范书_53488482948183136/国家电网有限公司_电缆保护管 - 设备部(A171-500021541-00001)713595/国家电网有限公司_电缆保护管 - 设备部(A171-500021541-00001)/A171-500021541-00001 国家电网公司总部-配网标准化物资固化技术规范书-电缆保护管 MPP 非开挖.doc,1,10,performance_parameter_table,最小允许弯曲半径,≤75D,,pending_response,medium,存在项目需求值或标准值，但投标人响应值/保证值为空。,补充泰昌响应值、保证值或明确写入无偏差承诺后复核。,"{""序号"": ""9"", ""项目"": ""最小允许弯曲半径"", ""指标"": ""≤75D""}"
customer_liaoning_taichang_20260606_p0,辽宁,2025-03,包1,2225AC,电缆保护管MPP,rag_seed/power_grid_resources/01_tender_documents/22_国网辽宁电力2025年第三次物资协议库存招标采购/extracted/电缆保护管MPP/包1_完整招标文件_53488483495666502/包1_技术规范书_53488482948183136/国家电网有限公司_电缆保护管 - 设备部(A171-500021541-00001)713595/国家电网有限公司_电缆保护管 - 设备部(A171-500021541-00001)/A171-500021541-00001 国家电网公司总部-配网标准化物资固化技术规范书-电缆保护管 MPP 非开挖.doc,1,11,performance_parameter_table,不圆度mm：,≤2,,pending_response,medium,存在项目需求值或标准值，但投标人响应值/保证值为空。,补充泰昌响应值、保证值或明确写入无偏差承诺后复核。,"{""序号"": ""10"", ""项目"": ""不圆度mm："", ""指标"": ""≤2""}"
customer_liaoning_taichang_20260606_p0,辽宁,2025-03,包1,2225AC,电缆保护管MPP,rag_seed/power_grid_resources/01_tender_documents/22_国网辽宁电力2025年第三次物资协议库存招标采购/extracted/电缆保护管MPP/包1_完整招标文件_53488483495666502/包1_技术规范书_53488482948183136/国家电网有限公司_电缆保护管 - 设备部(A171-500021541-00001)713595/国家电网有限公司_电缆保护管 - 设备部(A171-500021541-00001)/A171-500021541-00001 国家电网公司总部-配网标准化物资固化技术规范书-电缆保护管 MPP 非开挖.doc,1,12,performance_parameter_table,滑动摩擦系数,≤0.35,,pending_response,medium,存在项目需求值或标准值，但投标人响应值/保证值为空。,补充泰昌响应值、保证值或明确写入无偏差承诺后复核。,"{""序号"": ""11"", ""项目"": ""滑动摩擦系数"", ""指标"": ""≤0.35""}"
customer_liaoning_taichang_20260606_p0,辽宁,2025-03,包1,2225AC,电缆保护管MPP,rag_seed/power_grid_resources/01_tender_documents/22_国网辽宁电力2025年第三次物资协议库存招标采购/extracted/电缆保护管MPP/包1_完整招标文件_53488483495666502/包1_技术规范书_53488482948183136/国家电网有限公司_电缆保护管 - 设备部(A171-500021541-00002)713768/国家电网有限公司_电缆保护管 - 设备部(A171-500021541-00002)/A171-500021541-00002 国家电网公司总部-配网标准化物资固化技术规范书-电缆保护管 MPP埋地用.doc,0,2,dimension_parameter_table,公称内径 100（内径）,公称内径 (mm): 100（内径）；内径允许偏差 (mm): 正公差 +0.6 负公差 0；最小壁厚 (mm): 12；壁厚允许偏差 (mm): 正公差 +1.0 负公差 0,,pending_response,medium,存在项目需求值或标准值，但投标人响应值/保证值为空。,补充泰昌响应值、保证值或明确写入无偏差承诺后复核。,"{""公称内径 (mm)"": ""100（内径）"", ""内径允许偏差 (mm)"": ""正公差 +0.6 负公差 0"", ""最小壁厚 (mm)"": ""12"", ""壁厚允许偏差 (mm)"": ""正公差 +1.0 负公差 0""}"
customer_liaoning_taichang_20260606_p0,辽宁,2025-03,包1,2225AC,电缆保护管MPP,rag_seed/power_grid_resources/01_tender_documents/22_国网辽宁电力2025年第三次物资协议库存招标采购/extracted/电缆保护管MPP/包1_完整招标文件_53488483495666502/包1_技术规范书_53488482948183136/国家电网有限公司_电缆保护管 - 设备部(A171-500021541-00002)713768/国家电网有限公司_电缆保护管 - 设备部(A171-500021541-00002)/A171-500021541-00002 国家电网公司总部-配网标准化物资固化技术规范书-电缆保护管 MPP埋地用.doc,0,3,dimension_parameter_table,公称内径 150（内径）,公称内径 (mm): 150（内径）；内径允许偏差 (mm): 正公差 +0.8 负公差 0；最小壁厚 (mm): 17；壁厚允许偏差 (mm): 正公差 +1.4 负公差 0,,pending_response,medium,存在项目需求值或标准值，但投标人响应值/保证值为空。,补充泰昌响应值、保证值或明确写入无偏差承诺后复核。,"{""公称内径 (mm)"": ""150（内径）"", ""内径允许偏差 (mm)"": ""正公差 +0.8 负公差 0"", ""最小壁厚 (mm)"": ""17"", ""壁厚允许偏差 (mm)"": ""正公差 +1.4 负公差 0""}"
customer_liaoning_taichang_20260606_p0,辽宁,2025-03,包1,2225AC,电缆保护管MPP,rag_seed/power_grid_resources/01_tender_documents/22_国网辽宁电力2025年第三次物资协议库存招标采购/extracted/电缆保护管MPP/包1_完整招标文件_53488483495666502/包1_技术规范书_53488482948183136/国家电网有限公司_电缆保护管 - 设备部(A171-500021541-00002)713768/国家电网有限公司_电缆保护管 - 设备部(A171-500021541-00002)/A171-500021541-00002 国家电网公司总部-配网标准化物资固化技术规范书-电缆保护管 MPP埋地用.doc,0,4,dimension_parameter_table,公称内径 175（内径）,公称内径 (mm): 175（内径）；内径允许偏差 (mm): 正公差 +0.9 负公差 0；最小壁厚 (mm): 20；壁厚允许偏差 (mm): 正公差 +1.4 负公差 0,,pending_response,medium,存在项目需求值或标准值，但投标人响应值/保证值为空。,补充泰昌响应值、保证值或明确写入无偏差承诺后复核。,"{""公称内径 (mm)"": ""175（内径）"", ""内径允许偏差 (mm)"": ""正公差 +0.9 负公差 0"", ""最小壁厚 (mm)"": ""20"", ""壁厚允许偏差 (mm)"": ""正公差 +1.4 负公差 0""}"
customer_liaoning_taichang_20260606_p0,辽宁,2025-03,包1,2225AC,电缆保护管MPP,rag_seed/power_grid_resources/01_tender_documents/22_国网辽宁电力2025年第三次物资协议库存招标采购/extracted/电缆保护管MPP/包1_完整招标文件_53488483495666502/包1_技术规范书_53488482948183136/国家电网有限公司_电缆保护管 - 设备部(A171-500021541-00002)713768/国家电网有限公司_电缆保护管 - 设备部(A171-500021541-00002)/A171-500021541-00002 国家电网公司总部-配网标准化物资固化技术规范书-电缆保护管 MPP埋地用.doc,0,5,dimension_parameter_table,公称内径 200（内径）,公称内径 (mm): 200（内径）；内径允许偏差 (mm): 正公差 +1.0 负公差 0；最小壁厚 (mm): 27；壁厚允许偏差 (mm): 正公差 +1.4 负公差 0,,pending_response,medium,存在项目需求值或标准值，但投标人响应值/保证值为空。,补充泰昌响应值、保证值或明确写入无偏差承诺后复核。,"{""公称内径 (mm)"": ""200（内径）"", ""内径允许偏差 (mm)"": ""正公差 +1.0 负公差 0"", ""最小壁厚 (mm)"": ""27"", ""壁厚允许偏差 (mm)"": ""正公差 +1.4 负公差 0""}"
customer_liaoning_taichang_20260606_p0,辽宁,2025-03,包1,2225AC,电缆保护管MPP,rag_seed/power_grid_resources/01_tender_documents/22_国网辽宁电力2025年第三次物资协议库存招标采购/extracted/电缆保护管MPP/包1_完整招标文件_53488483495666502/包1_技术规范书_53488482948183136/国家电网有限公司_电缆保护管 - 设备部(A171-500021541-00002)713768/国家电网有限公司_电缆保护管 - 设备部(A171-500021541-00002)/A171-500021541-00002 国家电网公司总部-配网标准化物资固化技术规范书-电缆保护管 MPP埋地用.doc,1,2,performance_parameter_table,密度g/cm３,0.90～0.94,,pending_response,medium,存在项目需求值或标准值，但投标人响应值/保证值为空。,补充泰昌响应值、保证值或明确写入无偏差承诺后复核。,"{""序号"": ""1"", ""项目"": ""密度g/cm３"", ""指标"": ""0.90～0.94""}"
customer_liaoning_taichang_20260606_p0,辽宁,2025-03,包1,2225AC,电缆保护管MPP,rag_seed/power_grid_resources/01_tender_documents/22_国网辽宁电力2025年第三次物资协议库存招标采购/extracted/电缆保护管MPP/包1_完整招标文件_53488483495666502/包1_技术规范书_53488482948183136/国家电网有限公司_电缆保护管 - 设备部(A171-500021541-00002)713768/国家电网有限公司_电缆保护管 - 设备部(A171-500021541-00002)/A171-500021541-00002 国家电网公司总部-配网标准化物资固化技术规范书-电缆保护管 MPP埋地用.doc,1,3,performance_parameter_table,拉伸强度（23±2℃）,管材：≥25MPa 接头：≥22.5MPa,,pending_response,medium,存在项目需求值或标准值，但投标人响应值/保证值为空。,补充泰昌响应值、保证值或明确写入无偏差承诺后复核。,"{""序号"": ""2"", ""项目"": ""拉伸强度（23±2℃）"", ""指标"": ""管材：≥25MPa 接头：≥22.5MPa""}"
customer_liaoning_taichang_20260606_p0,辽宁,2025-03,包1,2225AC,电缆保护管MPP,rag_seed/power_grid_resources/01_tender_documents/22_国网辽宁电力2025年第三次物资协议库存招标采购/extracted/电缆保护管MPP/包1_完整招标文件_53488483495666502/包1_技术规范书_53488482948183136/国家电网有限公司_电缆保护管 - 设备部(A171-500021541-00002)713768/国家电网有限公司_电缆保护管 - 设备部(A171-500021541-00002)/A171-500021541-00002 国家电网公司总部-配网标准化物资固化技术规范书-电缆保护管 MPP埋地用.doc,1,4,performance_parameter_table,断裂伸长率,≥200%,,pending_response,medium,存在项目需求值或标准值，但投标人响应值/保证值为空。,补充泰昌响应值、保证值或明确写入无偏差承诺后复核。,"{""序号"": ""3"", ""项目"": ""断裂伸长率"", ""指标"": ""≥200%""}"
customer_liaoning_taichang_20260606_p0,辽宁,2025-03,包1,2225AC,电缆保护管MPP,rag_seed/power_grid_resources/01_tender_documents/22_国网辽宁电力2025年第三次物资协议库存招标采购/extracted/电缆保护管MPP/包1_完整招标文件_53488483495666502/包1_技术规范书_53488482948183136/国家电网有限公司_电缆保护管 - 设备部(A171-500021541-00002)713768/国家电网有限公司_电缆保护管 - 设备部(A171-500021541-00002)/A171-500021541-00002 国家电网公司总部-配网标准化物资固化技术规范书-电缆保护管 MPP埋地用.doc,1,5,performance_parameter_table,弯曲强度（23±2℃）,≥36Mpa,,pending_response,medium,存在项目需求值或标准值，但投标人响应值/保证值为空。,补充泰昌响应值、保证值或明确写入无偏差承诺后复核。,"{""序号"": ""4"", ""项目"": ""弯曲强度（23±2℃）"", ""指标"": ""≥36Mpa""}"
customer_liaoning_taichang_20260606_p0,辽宁,2025-03,包1,2225AC,电缆保护管MPP,rag_seed/power_grid_resources/01_tender_documents/22_国网辽宁电力2025年第三次物资协议库存招标采购/extracted/电缆保护管MPP/包1_完整招标文件_53488483495666502/包1_技术规范书_53488482948183136/国家电网有限公司_电缆保护管 - 设备部(A171-500021541-00002)713768/国家电网有限公司_电缆保护管 - 设备部(A171-500021541-00002)/A171-500021541-00002 国家电网公司总部-配网标准化物资固化技术规范书-电缆保护管 MPP埋地用.doc,1,6,performance_parameter_table,扁平试验（内径的50%）,不破裂,,pending_response,medium,存在项目需求值或标准值，但投标人响应值/保证值为空。,补充泰昌响应值、保证值或明确写入无偏差承诺后复核。,"{""序号"": ""5"", ""项目"": ""扁平试验（内径的50%）"", ""指标"": ""不破裂""}"
customer_liaoning_taichang_20260606_p0,辽宁,2025-03,包1,2225AC,电缆保护管MPP,rag_seed/power_grid_resources/01_tender_documents/22_国网辽宁电力2025年第三次物资协议库存招标采购/extracted/电缆保护管MPP/包1_完整招标文件_53488483495666502/包1_技术规范书_53488482948183136/国家电网有限公司_电缆保护管 - 设备部(A171-500021541-00002)713768/国家电网有限公司_电缆保护管 - 设备部(A171-500021541-00002)/A171-500021541-00002 国家电网公司总部-配网标准化物资固化技术规范书-电缆保护管 MPP埋地用.doc,1,7,performance_parameter_table,维卡软化温度（GB/T 1633 A50法）,≥150℃,,pending_response,medium,存在项目需求值或标准值，但投标人响应值/保证值为空。,补充泰昌响应值、保证值或明确写入无偏差承诺后复核。,"{""序号"": ""6"", ""项目"": ""维卡软化温度（GB/T 1633 A50法）"", ""指标"": ""≥150℃""}"
customer_liaoning_taichang_20260606_p0,辽宁,2025-03,包1,2225AC,电缆保护管MPP,rag_seed/power_grid_resources/01_tender_documents/22_国网辽宁电力2025年第三次物资协议库存招标采购/extracted/电缆保护管MPP/包1_完整招标文件_53488483495666502/包1_技术规范书_53488482948183136/国家电网有限公司_电缆保护管 - 设备部(A171-500021541-00002)713768/国家电网有限公司_电缆保护管 - 设备部(A171-500021541-00002)/A171-500021541-00002 国家电网公司总部-配网标准化物资固化技术规范书-电缆保护管 MPP埋地用.doc,1,8,performance_parameter_table,落锤冲击,任何试样均不出现破裂或裂缝。,,pending_response,medium,存在项目需求值或标准值，但投标人响应值/保证值为空。,补充泰昌响应值、保证值或明确写入无偏差承诺后复核。,"{""序号"": ""7"", ""项目"": ""落锤冲击"", ""指标"": ""任何试样均不出现破裂或裂缝。""}"
customer_liaoning_taichang_20260606_p0,辽宁,2025-03,包1,2225AC,电缆保护管MPP,rag_seed/power_grid_resources/01_tender_documents/22_国网辽宁电力2025年第三次物资协议库存招标采购/extracted/电缆保护管MPP/包1_完整招标文件_53488483495666502/包1_技术规范书_53488482948183136/国家电网有限公司_电缆保护管 - 设备部(A171-500021541-00002)713768/国家电网有限公司_电缆保护管 - 设备部(A171-500021541-00002)/A171-500021541-00002 国家电网公司总部-配网标准化物资固化技术规范书-电缆保护管 MPP埋地用.doc,1,9,performance_parameter_table,环刚度（3%、常温）,≥32kPa,,pending_response,medium,存在项目需求值或标准值，但投标人响应值/保证值为空。,补充泰昌响应值、保证值或明确写入无偏差承诺后复核。,"{""序号"": ""8"", ""项目"": ""环刚度（3%、常温）"", ""指标"": ""≥32kPa""}"
customer_liaoning_taichang_20260606_p0,辽宁,2025-03,包1,2225AC,电缆保护管MPP,rag_seed/power_grid_resources/01_tender_documents/22_国网辽宁电力2025年第三次物资协议库存招标采购/extracted/电缆保护管MPP/包1_完整招标文件_53488483495666502/包1_技术规范书_53488482948183136/国家电网有限公司_电缆保护管 - 设备部(A171-500021541-00002)713768/国家电网有限公司_电缆保护管 - 设备部(A171-500021541-00002)/A171-500021541-00002 国家电网公司总部-配网标准化物资固化技术规范书-电缆保护管 MPP埋地用.doc,1,10,performance_parameter_table,最小允许弯曲半径,≤75D,,pending_response,medium,存在项目需求值或标准值，但投标人响应值/保证值为空。,补充泰昌响应值、保证值或明确写入无偏差承诺后复核。,"{""序号"": ""9"", ""项目"": ""最小允许弯曲半径"", ""指标"": ""≤75D""}"
customer_liaoning_taichang_20260606_p0,辽宁,2025-03,包1,2225AC,电缆保护管MPP,rag_seed/power_grid_resources/01_tender_documents/22_国网辽宁电力2025年第三次物资协议库存招标采购/extracted/电缆保护管MPP/包1_完整招标文件_53488483495666502/包1_技术规范书_53488482948183136/国家电网有限公司_电缆保护管 - 设备部(A171-500021541-00002)713768/国家电网有限公司_电缆保护管 - 设备部(A171-500021541-00002)/A171-500021541-00002 国家电网公司总部-配网标准化物资固化技术规范书-电缆保护管 MPP埋地用.doc,1,11,performance_parameter_table,不圆度mm：,≤2,,pending_response,medium,存在项目需求值或标准值，但投标人响应值/保证值为空。,补充泰昌响应值、保证值或明确写入无偏差承诺后复核。,"{""序号"": ""10"", ""项目"": ""不圆度mm："", ""指标"": ""≤2""}"
customer_liaoning_taichang_20260606_p0,辽宁,2025-03,包1,2225AC,电缆保护管MPP,rag_seed/power_grid_resources/01_tender_documents/22_国网辽宁电力2025年第三次物资协议库存招标采购/extracted/电缆保护管MPP/包1_完整招标文件_53488483495666502/包1_技术规范书_53488482948183136/国家电网有限公司_电缆保护管 - 设备部(A171-500021541-00002)713768/国家电网有限公司_电缆保护管 - 设备部(A171-500021541-00002)/A171-500021541-00002 国家电网公司总部-配网标准化物资固化技术规范书-电缆保护管 MPP埋地用.doc,1,12,performance_parameter_table,滑动摩擦系数,≤0.35,,pending_response,medium,存在项目需求值或标准值，但投标人响应值/保证值为空。,补充泰昌响应值、保证值或明确写入无偏差承诺后复核。,"{""序号"": ""11"", ""项目"": ""滑动摩擦系数"", ""指标"": ""≤0.35""}"
customer_liaoning_taichang_20260606_p0,辽宁,2025-03,包1,2225AC,电缆保护管MPP,rag_seed/power_grid_resources/01_tender_documents/22_国网辽宁电力2025年第三次物资协议库存招标采购/extracted/电缆保护管MPP/包1_完整招标文件_53488483495666502/包1_技术规范书_53488482948183136/国家电网有限公司_电缆保护管 - 设备部(A171-500047131-00001)713537/国家电网有限公司_电缆保护管 - 设备部(A171-500047131-00001)/A171-500047131-00001 国家电网公司总部-配网标准化物资固化技术规范书-电缆保护管 MPP 非开挖.doc,0,2,dimension_parameter_table,公称内径 100（内径）,公称内径 (mm): 100（内径）；内径允许偏差 (mm): 正公差 +0.6 负公差 0；最小壁厚 (mm): 8；壁厚允许偏差 (mm): 正公差 +1.0 负公差 0,,pending_response,medium,存在项目需求值或标准值，但投标人响应值/保证值为空。,补充泰昌响应值、保证值或明确写入无偏差承诺后复核。,"{""公称内径 (mm)"": ""100（内径）"", ""内径允许偏差 (mm)"": ""正公差 +0.6 负公差 0"", ""最小壁厚 (mm)"": ""8"", ""壁厚允许偏差 (mm)"": ""正公差 +1.0 负公差 0""}"
customer_liaoning_taichang_20260606_p0,辽宁,2025-03,包1,2225AC,电缆保护管MPP,rag_seed/power_grid_resources/01_tender_documents/22_国网辽宁电力2025年第三次物资协议库存招标采购/extracted/电缆保护管MPP/包1_完整招标文件_53488483495666502/包1_技术规范书_53488482948183136/国家电网有限公司_电缆保护管 - 设备部(A171-500047131-00001)713537/国家电网有限公司_电缆保护管 - 设备部(A171-500047131-00001)/A171-500047131-00001 国家电网公司总部-配网标准化物资固化技术规范书-电缆保护管 MPP 非开挖.doc,0,3,dimension_parameter_table,公称内径 150（内径）,公称内径 (mm): 150（内径）；内径允许偏差 (mm): 正公差 +0.8 负公差 0；最小壁厚 (mm): 12；壁厚允许偏差 (mm): 正公差 +1.4 负公差 0,,pending_response,medium,存在项目需求值或标准值，但投标人响应值/保证值为空。,补充泰昌响应值、保证值或明确写入无偏差承诺后复核。,"{""公称内径 (mm)"": ""150（内径）"", ""内径允许偏差 (mm)"": ""正公差 +0.8 负公差 0"", ""最小壁厚 (mm)"": ""12"", ""壁厚允许偏差 (mm)"": ""正公差 +1.4 负公差 0""}"
customer_liaoning_taichang_20260606_p0,辽宁,2025-03,包1,2225AC,电缆保护管MPP,rag_seed/power_grid_resources/01_tender_documents/22_国网辽宁电力2025年第三次物资协议库存招标采购/extracted/电缆保护管MPP/包1_完整招标文件_53488483495666502/包1_技术规范书_53488482948183136/国家电网有限公司_电缆保护管 - 设备部(A171-500047131-00001)713537/国家电网有限公司_电缆保护管 - 设备部(A171-500047131-00001)/A171-500047131-00001 国家电网公司总部-配网标准化物资固化技术规范书-电缆保护管 MPP 非开挖.doc,0,4,dimension_parameter_table,公称内径 175（内径）,公称内径 (mm): 175（内径）；内径允许偏差 (mm): 正公差 +0.9 负公差 0；最小壁厚 (mm): 14；壁厚允许偏差 (mm): 正公差 +1.4 负公差 0,,pending_response,medium,存在项目需求值或标准值，但投标人响应值/保证值为空。,补充泰昌响应值、保证值或明确写入无偏差承诺后复核。,"{""公称内径 (mm)"": ""175（内径）"", ""内径允许偏差 (mm)"": ""正公差 +0.9 负公差 0"", ""最小壁厚 (mm)"": ""14"", ""壁厚允许偏差 (mm)"": ""正公差 +1.4 负公差 0""}"
customer_liaoning_taichang_20260606_p0,辽宁,2025-03,包1,2225AC,电缆保护管MPP,rag_seed/power_grid_resources/01_tender_documents/22_国网辽宁电力2025年第三次物资协议库存招标采购/extracted/电缆保护管MPP/包1_完整招标文件_53488483495666502/包1_技术规范书_53488482948183136/国家电网有限公司_电缆保护管 - 设备部(A171-500047131-00001)713537/国家电网有限公司_电缆保护管 - 设备部(A171-500047131-00001)/A171-500047131-00001 国家电网公司总部-配网标准化物资固化技术规范书-电缆保护管 MPP 非开挖.doc,0,5,dimension_parameter_table,公称内径 200（内径）,公称内径 (mm): 200（内径）；内径允许偏差 (mm): 正公差 +1.0 负公差 0；最小壁厚 (mm): 16；壁厚允许偏差 (mm): 正公差 +1.4 负公差 0,,pending_response,medium,存在项目需求值或标准值，但投标人响应值/保证值为空。,补充泰昌响应值、保证值或明确写入无偏差承诺后复核。,"{""公称内径 (mm)"": ""200（内径）"", ""内径允许偏差 (mm)"": ""正公差 +1.0 负公差 0"", ""最小壁厚 (mm)"": ""16"", ""壁厚允许偏差 (mm)"": ""正公差 +1.4 负公差 0""}"
customer_liaoning_taichang_20260606_p0,辽宁,2025-03,包1,2225AC,电缆保护管MPP,rag_seed/power_grid_resources/01_tender_documents/22_国网辽宁电力2025年第三次物资协议库存招标采购/extracted/电缆保护管MPP/包1_完整招标文件_53488483495666502/包1_技术规范书_53488482948183136/国家电网有限公司_电缆保护管 - 设备部(A171-500047131-00001)713537/国家电网有限公司_电缆保护管 - 设备部(A171-500047131-00001)/A171-500047131-00001 国家电网公司总部-配网标准化物资固化技术规范书-电缆保护管 MPP 非开挖.doc,1,2,performance_parameter_table,密度g/cm３,0.90～0.94,,pending_response,medium,存在项目需求值或标准值，但投标人响应值/保证值为空。,补充泰昌响应值、保证值或明确写入无偏差承诺后复核。,"{""序号"": ""1"", ""项目"": ""密度g/cm３"", ""指标"": ""0.90～0.94""}"
customer_liaoning_taichang_20260606_p0,辽宁,2025-03,包1,2225AC,电缆保护管MPP,rag_seed/power_grid_resources/01_tender_documents/22_国网辽宁电力2025年第三次物资协议库存招标采购/extracted/电缆保护管MPP/包1_完整招标文件_53488483495666502/包1_技术规范书_53488482948183136/国家电网有限公司_电缆保护管 - 设备部(A171-500047131-00001)713537/国家电网有限公司_电缆保护管 - 设备部(A171-500047131-00001)/A171-500047131-00001 国家电网公司总部-配网标准化物资固化技术规范书-电缆保护管 MPP 非开挖.doc,1,3,performance_parameter_table,拉伸强度（23±2℃）,管材：≥25MPa 接头：≥22.5MPa,,pending_response,medium,存在项目需求值或标准值，但投标人响应值/保证值为空。,补充泰昌响应值、保证值或明确写入无偏差承诺后复核。,"{""序号"": ""2"", ""项目"": ""拉伸强度（23±2℃）"", ""指标"": ""管材：≥25MPa 接头：≥22.5MPa""}"
customer_liaoning_taichang_20260606_p0,辽宁,2025-03,包1,2225AC,电缆保护管MPP,rag_seed/power_grid_resources/01_tender_documents/22_国网辽宁电力2025年第三次物资协议库存招标采购/extracted/电缆保护管MPP/包1_完整招标文件_53488483495666502/包1_技术规范书_53488482948183136/国家电网有限公司_电缆保护管 - 设备部(A171-500047131-00001)713537/国家电网有限公司_电缆保护管 - 设备部(A171-500047131-00001)/A171-500047131-00001 国家电网公司总部-配网标准化物资固化技术规范书-电缆保护管 MPP 非开挖.doc,1,4,performance_parameter_table,断裂伸长率,≥200%,,pending_response,medium,存在项目需求值或标准值，但投标人响应值/保证值为空。,补充泰昌响应值、保证值或明确写入无偏差承诺后复核。,"{""序号"": ""3"", ""项目"": ""断裂伸长率"", ""指标"": ""≥200%""}"
customer_liaoning_taichang_20260606_p0,辽宁,2025-03,包1,2225AC,电缆保护管MPP,rag_seed/power_grid_resources/01_tender_documents/22_国网辽宁电力2025年第三次物资协议库存招标采购/extracted/电缆保护管MPP/包1_完整招标文件_53488483495666502/包1_技术规范书_53488482948183136/国家电网有限公司_电缆保护管 - 设备部(A171-500047131-00001)713537/国家电网有限公司_电缆保护管 - 设备部(A171-500047131-00001)/A171-500047131-00001 国家电网公司总部-配网标准化物资固化技术规范书-电缆保护管 MPP 非开挖.doc,1,5,performance_parameter_table,弯曲强度（23±2℃）,≥36Mpa,,pending_response,medium,存在项目需求值或标准值，但投标人响应值/保证值为空。,补充泰昌响应值、保证值或明确写入无偏差承诺后复核。,"{""序号"": ""4"", ""项目"": ""弯曲强度（23±2℃）"", ""指标"": ""≥36Mpa""}"
customer_liaoning_taichang_20260606_p0,辽宁,2025-03,包1,2225AC,电缆保护管MPP,rag_seed/power_grid_resources/01_tender_documents/22_国网辽宁电力2025年第三次物资协议库存招标采购/extracted/电缆保护管MPP/包1_完整招标文件_53488483495666502/包1_技术规范书_53488482948183136/国家电网有限公司_电缆保护管 - 设备部(A171-500047131-00001)713537/国家电网有限公司_电缆保护管 - 设备部(A171-500047131-00001)/A171-500047131-00001 国家电网公司总部-配网标准化物资固化技术规范书-电缆保护管 MPP 非开挖.doc,1,6,performance_parameter_table,扁平试验（内径的50%）,不破裂,,pending_response,medium,存在项目需求值或标准值，但投标人响应值/保证值为空。,补充泰昌响应值、保证值或明确写入无偏差承诺后复核。,"{""序号"": ""5"", ""项目"": ""扁平试验（内径的50%）"", ""指标"": ""不破裂""}"
customer_liaoning_taichang_20260606_p0,辽宁,2025-03,包1,2225AC,电缆保护管MPP,rag_seed/power_grid_resources/01_tender_documents/22_国网辽宁电力2025年第三次物资协议库存招标采购/extracted/电缆保护管MPP/包1_完整招标文件_53488483495666502/包1_技术规范书_53488482948183136/国家电网有限公司_电缆保护管 - 设备部(A171-500047131-00001)713537/国家电网有限公司_电缆保护管 - 设备部(A171-500047131-00001)/A171-500047131-00001 国家电网公司总部-配网标准化物资固化技术规范书-电缆保护管 MPP 非开挖.doc,1,7,performance_parameter_table,维卡软化温度（GB/T 1633 A50法）,≥150℃,,pending_response,medium,存在项目需求值或标准值，但投标人响应值/保证值为空。,补充泰昌响应值、保证值或明确写入无偏差承诺后复核。,"{""序号"": ""6"", ""项目"": ""维卡软化温度（GB/T 1633 A50法）"", ""指标"": ""≥150℃""}"
customer_liaoning_taichang_20260606_p0,辽宁,2025-03,包1,2225AC,电缆保护管MPP,rag_seed/power_grid_resources/01_tender_documents/22_国网辽宁电力2025年第三次物资协议库存招标采购/extracted/电缆保护管MPP/包1_完整招标文件_53488483495666502/包1_技术规范书_53488482948183136/国家电网有限公司_电缆保护管 - 设备部(A171-500047131-00001)713537/国家电网有限公司_电缆保护管 - 设备部(A171-500047131-00001)/A171-500047131-00001 国家电网公司总部-配网标准化物资固化技术规范书-电缆保护管 MPP 非开挖.doc,1,8,performance_parameter_table,落锤冲击,任何试样均不出现破裂或裂缝。,,pending_response,medium,存在项目需求值或标准值，但投标人响应值/保证值为空。,补充泰昌响应值、保证值或明确写入无偏差承诺后复核。,"{""序号"": ""7"", ""项目"": ""落锤冲击"", ""指标"": ""任何试样均不出现破裂或裂缝。""}"
customer_liaoning_taichang_20260606_p0,辽宁,2025-03,包1,2225AC,电缆保护管MPP,rag_seed/power_grid_resources/01_tender_documents/22_国网辽宁电力2025年第三次物资协议库存招标采购/extracted/电缆保护管MPP/包1_完整招标文件_53488483495666502/包1_技术规范书_53488482948183136/国家电网有限公司_电缆保护管 - 设备部(A171-500047131-00001)713537/国家电网有限公司_电缆保护管 - 设备部(A171-500047131-00001)/A171-500047131-00001 国家电网公司总部-配网标准化物资固化技术规范书-电缆保护管 MPP 非开挖.doc,1,9,performance_parameter_table,环刚度（3%、常温）,≥32kPa,,pending_response,medium,存在项目需求值或标准值，但投标人响应值/保证值为空。,补充泰昌响应值、保证值或明确写入无偏差承诺后复核。,"{""序号"": ""8"", ""项目"": ""环刚度（3%、常温）"", ""指标"": ""≥32kPa""}"
customer_liaoning_taichang_20260606_p0,辽宁,2025-03,包1,2225AC,电缆保护管MPP,rag_seed/power_grid_resources/01_tender_documents/22_国网辽宁电力2025年第三次物资协议库存招标采购/extracted/电缆保护管MPP/包1_完整招标文件_53488483495666502/包1_技术规范书_53488482948183136/国家电网有限公司_电缆保护管 - 设备部(A171-500047131-00001)713537/国家电网有限公司_电缆保护管 - 设备部(A171-500047131-00001)/A171-500047131-00001 国家电网公司总部-配网标准化物资固化技术规范书-电缆保护管 MPP 非开挖.doc,1,10,performance_parameter_table,最小允许弯曲半径,≤75D,,pending_response,medium,存在项目需求值或标准值，但投标人响应值/保证值为空。,补充泰昌响应值、保证值或明确写入无偏差承诺后复核。,"{""序号"": ""9"", ""项目"": ""最小允许弯曲半径"", ""指标"": ""≤75D""}"
customer_liaoning_taichang_20260606_p0,辽宁,2025-03,包1,2225AC,电缆保护管MPP,rag_seed/power_grid_resources/01_tender_documents/22_国网辽宁电力2025年第三次物资协议库存招标采购/extracted/电缆保护管MPP/包1_完整招标文件_53488483495666502/包1_技术规范书_53488482948183136/国家电网有限公司_电缆保护管 - 设备部(A171-500047131-00001)713537/国家电网有限公司_电缆保护管 - 设备部(A171-500047131-00001)/A171-500047131-00001 国家电网公司总部-配网标准化物资固化技术规范书-电缆保护管 MPP 非开挖.doc,1,11,performance_parameter_table,不圆度mm：,≤2,,pending_response,medium,存在项目需求值或标准值，但投标人响应值/保证值为空。,补充泰昌响应值、保证值或明确写入无偏差承诺后复核。,"{""序号"": ""10"", ""项目"": ""不圆度mm："", ""指标"": ""≤2""}"
customer_liaoning_taichang_20260606_p0,辽宁,2025-03,包1,2225AC,电缆保护管MPP,rag_seed/power_grid_resources/01_tender_documents/22_国网辽宁电力2025年第三次物资协议库存招标采购/extracted/电缆保护管MPP/包1_完整招标文件_53488483495666502/包1_技术规范书_53488482948183136/国家电网有限公司_电缆保护管 - 设备部(A171-500047131-00001)713537/国家电网有限公司_电缆保护管 - 设备部(A171-500047131-00001)/A171-500047131-00001 国家电网公司总部-配网标准化物资固化技术规范书-电缆保护管 MPP 非开挖.doc,1,12,performance_parameter_table,滑动摩擦系数,≤0.35,,pending_response,medium,存在项目需求值或标准值，但投标人响应值/保证值为空。,补充泰昌响应值、保证值或明确写入无偏差承诺后复核。,"{""序号"": ""11"", ""项目"": ""滑动摩擦系数"", ""指标"": ""≤0.35""}"
customer_liaoning_taichang_20260606_p0,辽宁,2025-03,包1,2225AC,电缆保护管MPP,rag_seed/power_grid_resources/01_tender_documents/22_国网辽宁电力2025年第三次物资协议库存招标采购/extracted/电缆保护管MPP/包1_完整招标文件_53488483495666502/包1_技术规范书_53488482948183136/国家电网有限公司_电缆保护管 - 设备部(A171-500047131-00002)713828/国家电网有限公司_电缆保护管 - 设备部(A171-500047131-00002)/A171-500047131-00002 国家电网公司总部-配网标准化物资固化技术规范书-电缆保护管 MPP埋地用.doc,0,2,dimension_parameter_table,公称内径 100（内径）,公称内径 (mm): 100（内径）；内径允许偏差 (mm): 正公差 +0.6 负公差 0；最小壁厚 (mm): 12；壁厚允许偏差 (mm): 正公差 +1.0 负公差 0,,pending_response,medium,存在项目需求值或标准值，但投标人响应值/保证值为空。,补充泰昌响应值、保证值或明确写入无偏差承诺后复核。,"{""公称内径 (mm)"": ""100（内径）"", ""内径允许偏差 (mm)"": ""正公差 +0.6 负公差 0"", ""最小壁厚 (mm)"": ""12"", ""壁厚允许偏差 (mm)"": ""正公差 +1.0 负公差 0""}"
customer_liaoning_taichang_20260606_p0,辽宁,2025-03,包1,2225AC,电缆保护管MPP,rag_seed/power_grid_resources/01_tender_documents/22_国网辽宁电力2025年第三次物资协议库存招标采购/extracted/电缆保护管MPP/包1_完整招标文件_53488483495666502/包1_技术规范书_53488482948183136/国家电网有限公司_电缆保护管 - 设备部(A171-500047131-00002)713828/国家电网有限公司_电缆保护管 - 设备部(A171-500047131-00002)/A171-500047131-00002 国家电网公司总部-配网标准化物资固化技术规范书-电缆保护管 MPP埋地用.doc,0,3,dimension_parameter_table,公称内径 150（内径）,公称内径 (mm): 150（内径）；内径允许偏差 (mm): 正公差 +0.8 负公差 0；最小壁厚 (mm): 17；壁厚允许偏差 (mm): 正公差 +1.4 负公差 0,,pending_response,medium,存在项目需求值或标准值，但投标人响应值/保证值为空。,补充泰昌响应值、保证值或明确写入无偏差承诺后复核。,"{""公称内径 (mm)"": ""150（内径）"", ""内径允许偏差 (mm)"": ""正公差 +0.8 负公差 0"", ""最小壁厚 (mm)"": ""17"", ""壁厚允许偏差 (mm)"": ""正公差 +1.4 负公差 0""}"
customer_liaoning_taichang_20260606_p0,辽宁,2025-03,包1,2225AC,电缆保护管MPP,rag_seed/power_grid_resources/01_tender_documents/22_国网辽宁电力2025年第三次物资协议库存招标采购/extracted/电缆保护管MPP/包1_完整招标文件_53488483495666502/包1_技术规范书_53488482948183136/国家电网有限公司_电缆保护管 - 设备部(A171-500047131-00002)713828/国家电网有限公司_电缆保护管 - 设备部(A171-500047131-00002)/A171-500047131-00002 国家电网公司总部-配网标准化物资固化技术规范书-电缆保护管 MPP埋地用.doc,0,4,dimension_parameter_table,公称内径 175（内径）,公称内径 (mm): 175（内径）；内径允许偏差 (mm): 正公差 +0.9 负公差 0；最小壁厚 (mm): 20；壁厚允许偏差 (mm): 正公差 +1.4 负公差 0,,pending_response,medium,存在项目需求值或标准值，但投标人响应值/保证值为空。,补充泰昌响应值、保证值或明确写入无偏差承诺后复核。,"{""公称内径 (mm)"": ""175（内径）"", ""内径允许偏差 (mm)"": ""正公差 +0.9 负公差 0"", ""最小壁厚 (mm)"": ""20"", ""壁厚允许偏差 (mm)"": ""正公差 +1.4 负公差 0""}"
customer_liaoning_taichang_20260606_p0,辽宁,2025-03,包1,2225AC,电缆保护管MPP,rag_seed/power_grid_resources/01_tender_documents/22_国网辽宁电力2025年第三次物资协议库存招标采购/extracted/电缆保护管MPP/包1_完整招标文件_53488483495666502/包1_技术规范书_53488482948183136/国家电网有限公司_电缆保护管 - 设备部(A171-500047131-00002)713828/国家电网有限公司_电缆保护管 - 设备部(A171-500047131-00002)/A171-500047131-00002 国家电网公司总部-配网标准化物资固化技术规范书-电缆保护管 MPP埋地用.doc,0,5,dimension_parameter_table,公称内径 200（内径）,公称内径 (mm): 200（内径）；内径允许偏差 (mm): 正公差 +1.0 负公差 0；最小壁厚 (mm): 27；壁厚允许偏差 (mm): 正公差 +1.4 负公差 0,,pending_response,medium,存在项目需求值或标准值，但投标人响应值/保证值为空。,补充泰昌响应值、保证值或明确写入无偏差承诺后复核。,"{""公称内径 (mm)"": ""200（内径）"", ""内径允许偏差 (mm)"": ""正公差 +1.0 负公差 0"", ""最小壁厚 (mm)"": ""27"", ""壁厚允许偏差 (mm)"": ""正公差 +1.4 负公差 0""}"
customer_liaoning_taichang_20260606_p0,辽宁,2025-03,包1,2225AC,电缆保护管MPP,rag_seed/power_grid_resources/01_tender_documents/22_国网辽宁电力2025年第三次物资协议库存招标采购/extracted/电缆保护管MPP/包1_完整招标文件_53488483495666502/包1_技术规范书_53488482948183136/国家电网有限公司_电缆保护管 - 设备部(A171-500047131-00002)713828/国家电网有限公司_电缆保护管 - 设备部(A171-500047131-00002)/A171-500047131-00002 国家电网公司总部-配网标准化物资固化技术规范书-电缆保护管 MPP埋地用.doc,1,2,performance_parameter_table,密度g/cm３,0.90～0.94,,pending_response,medium,存在项目需求值或标准值，但投标人响应值/保证值为空。,补充泰昌响应值、保证值或明确写入无偏差承诺后复核。,"{""序号"": ""1"", ""项目"": ""密度g/cm３"", ""指标"": ""0.90～0.94""}"
customer_liaoning_taichang_20260606_p0,辽宁,2025-03,包1,2225AC,电缆保护管MPP,rag_seed/power_grid_resources/01_tender_documents/22_国网辽宁电力2025年第三次物资协议库存招标采购/extracted/电缆保护管MPP/包1_完整招标文件_53488483495666502/包1_技术规范书_53488482948183136/国家电网有限公司_电缆保护管 - 设备部(A171-500047131-00002)713828/国家电网有限公司_电缆保护管 - 设备部(A171-500047131-00002)/A171-500047131-00002 国家电网公司总部-配网标准化物资固化技术规范书-电缆保护管 MPP埋地用.doc,1,3,performance_parameter_table,拉伸强度（23±2℃）,管材：≥25MPa 接头：≥22.5MPa,,pending_response,medium,存在项目需求值或标准值，但投标人响应值/保证值为空。,补充泰昌响应值、保证值或明确写入无偏差承诺后复核。,"{""序号"": ""2"", ""项目"": ""拉伸强度（23±2℃）"", ""指标"": ""管材：≥25MPa 接头：≥22.5MPa""}"
customer_liaoning_taichang_20260606_p0,辽宁,2025-03,包1,2225AC,电缆保护管MPP,rag_seed/power_grid_resources/01_tender_documents/22_国网辽宁电力2025年第三次物资协议库存招标采购/extracted/电缆保护管MPP/包1_完整招标文件_53488483495666502/包1_技术规范书_53488482948183136/国家电网有限公司_电缆保护管 - 设备部(A171-500047131-00002)713828/国家电网有限公司_电缆保护管 - 设备部(A171-500047131-00002)/A171-500047131-00002 国家电网公司总部-配网标准化物资固化技术规范书-电缆保护管 MPP埋地用.doc,1,4,performance_parameter_table,断裂伸长率,≥200%,,pending_response,medium,存在项目需求值或标准值，但投标人响应值/保证值为空。,补充泰昌响应值、保证值或明确写入无偏差承诺后复核。,"{""序号"": ""3"", ""项目"": ""断裂伸长率"", ""指标"": ""≥200%""}"
customer_liaoning_taichang_20260606_p0,辽宁,2025-03,包1,2225AC,电缆保护管MPP,rag_seed/power_grid_resources/01_tender_documents/22_国网辽宁电力2025年第三次物资协议库存招标采购/extracted/电缆保护管MPP/包1_完整招标文件_53488483495666502/包1_技术规范书_53488482948183136/国家电网有限公司_电缆保护管 - 设备部(A171-500047131-00002)713828/国家电网有限公司_电缆保护管 - 设备部(A171-500047131-00002)/A171-500047131-00002 国家电网公司总部-配网标准化物资固化技术规范书-电缆保护管 MPP埋地用.doc,1,5,performance_parameter_table,弯曲强度（23±2℃）,≥36Mpa,,pending_response,medium,存在项目需求值或标准值，但投标人响应值/保证值为空。,补充泰昌响应值、保证值或明确写入无偏差承诺后复核。,"{""序号"": ""4"", ""项目"": ""弯曲强度（23±2℃）"", ""指标"": ""≥36Mpa""}"
customer_liaoning_taichang_20260606_p0,辽宁,2025-03,包1,2225AC,电缆保护管MPP,rag_seed/power_grid_resources/01_tender_documents/22_国网辽宁电力2025年第三次物资协议库存招标采购/extracted/电缆保护管MPP/包1_完整招标文件_53488483495666502/包1_技术规范书_53488482948183136/国家电网有限公司_电缆保护管 - 设备部(A171-500047131-00002)713828/国家电网有限公司_电缆保护管 - 设备部(A171-500047131-00002)/A171-500047131-00002 国家电网公司总部-配网标准化物资固化技术规范书-电缆保护管 MPP埋地用.doc,1,6,performance_parameter_table,扁平试验（内径的50%）,不破裂,,pending_response,medium,存在项目需求值或标准值，但投标人响应值/保证值为空。,补充泰昌响应值、保证值或明确写入无偏差承诺后复核。,"{""序号"": ""5"", ""项目"": ""扁平试验（内径的50%）"", ""指标"": ""不破裂""}"
customer_liaoning_taichang_20260606_p0,辽宁,2025-03,包1,2225AC,电缆保护管MPP,rag_seed/power_grid_resources/01_tender_documents/22_国网辽宁电力2025年第三次物资协议库存招标采购/extracted/电缆保护管MPP/包1_完整招标文件_53488483495666502/包1_技术规范书_53488482948183136/国家电网有限公司_电缆保护管 - 设备部(A171-500047131-00002)713828/国家电网有限公司_电缆保护管 - 设备部(A171-500047131-00002)/A171-500047131-00002 国家电网公司总部-配网标准化物资固化技术规范书-电缆保护管 MPP埋地用.doc,1,7,performance_parameter_table,维卡软化温度（GB/T 1633 A50法）,≥150℃,,pending_response,medium,存在项目需求值或标准值，但投标人响应值/保证值为空。,补充泰昌响应值、保证值或明确写入无偏差承诺后复核。,"{""序号"": ""6"", ""项目"": ""维卡软化温度（GB/T 1633 A50法）"", ""指标"": ""≥150℃""}"
customer_liaoning_taichang_20260606_p0,辽宁,2025-03,包1,2225AC,电缆保护管MPP,rag_seed/power_grid_resources/01_tender_documents/22_国网辽宁电力2025年第三次物资协议库存招标采购/extracted/电缆保护管MPP/包1_完整招标文件_53488483495666502/包1_技术规范书_53488482948183136/国家电网有限公司_电缆保护管 - 设备部(A171-500047131-00002)713828/国家电网有限公司_电缆保护管 - 设备部(A171-500047131-00002)/A171-500047131-00002 国家电网公司总部-配网标准化物资固化技术规范书-电缆保护管 MPP埋地用.doc,1,8,performance_parameter_table,落锤冲击,任何试样均不出现破裂或裂缝。,,pending_response,medium,存在项目需求值或标准值，但投标人响应值/保证值为空。,补充泰昌响应值、保证值或明确写入无偏差承诺后复核。,"{""序号"": ""7"", ""项目"": ""落锤冲击"", ""指标"": ""任何试样均不出现破裂或裂缝。""}"
customer_liaoning_taichang_20260606_p0,辽宁,2025-03,包1,2225AC,电缆保护管MPP,rag_seed/power_grid_resources/01_tender_documents/22_国网辽宁电力2025年第三次物资协议库存招标采购/extracted/电缆保护管MPP/包1_完整招标文件_53488483495666502/包1_技术规范书_53488482948183136/国家电网有限公司_电缆保护管 - 设备部(A171-500047131-00002)713828/国家电网有限公司_电缆保护管 - 设备部(A171-500047131-00002)/A171-500047131-00002 国家电网公司总部-配网标准化物资固化技术规范书-电缆保护管 MPP埋地用.doc,1,9,performance_parameter_table,环刚度（3%、常温）,≥32kPa,,pending_response,medium,存在项目需求值或标准值，但投标人响应值/保证值为空。,补充泰昌响应值、保证值或明确写入无偏差承诺后复核。,"{""序号"": ""8"", ""项目"": ""环刚度（3%、常温）"", ""指标"": ""≥32kPa""}"
customer_liaoning_taichang_20260606_p0,辽宁,2025-03,包1,2225AC,电缆保护管MPP,rag_seed/power_grid_resources/01_tender_documents/22_国网辽宁电力2025年第三次物资协议库存招标采购/extracted/电缆保护管MPP/包1_完整招标文件_53488483495666502/包1_技术规范书_53488482948183136/国家电网有限公司_电缆保护管 - 设备部(A171-500047131-00002)713828/国家电网有限公司_电缆保护管 - 设备部(A171-500047131-00002)/A171-500047131-00002 国家电网公司总部-配网标准化物资固化技术规范书-电缆保护管 MPP埋地用.doc,1,10,performance_parameter_table,最小允许弯曲半径,≤75D,,pending_response,medium,存在项目需求值或标准值，但投标人响应值/保证值为空。,补充泰昌响应值、保证值或明确写入无偏差承诺后复核。,"{""序号"": ""9"", ""项目"": ""最小允许弯曲半径"", ""指标"": ""≤75D""}"
customer_liaoning_taichang_20260606_p0,辽宁,2025-03,包1,2225AC,电缆保护管MPP,rag_seed/power_grid_resources/01_tender_documents/22_国网辽宁电力2025年第三次物资协议库存招标采购/extracted/电缆保护管MPP/包1_完整招标文件_53488483495666502/包1_技术规范书_53488482948183136/国家电网有限公司_电缆保护管 - 设备部(A171-500047131-00002)713828/国家电网有限公司_电缆保护管 - 设备部(A171-500047131-00002)/A171-500047131-00002 国家电网公司总部-配网标准化物资固化技术规范书-电缆保护管 MPP埋地用.doc,1,11,performance_parameter_table,不圆度mm：,≤2,,pending_response,medium,存在项目需求值或标准值，但投标人响应值/保证值为空。,补充泰昌响应值、保证值或明确写入无偏差承诺后复核。,"{""序号"": ""10"", ""项目"": ""不圆度mm："", ""指标"": ""≤2""}"
customer_liaoning_taichang_20260606_p0,辽宁,2025-03,包1,2225AC,电缆保护管MPP,rag_seed/power_grid_resources/01_tender_documents/22_国网辽宁电力2025年第三次物资协议库存招标采购/extracted/电缆保护管MPP/包1_完整招标文件_53488483495666502/包1_技术规范书_53488482948183136/国家电网有限公司_电缆保护管 - 设备部(A171-500047131-00002)713828/国家电网有限公司_电缆保护管 - 设备部(A171-500047131-00002)/A171-500047131-00002 国家电网公司总部-配网标准化物资固化技术规范书-电缆保护管 MPP埋地用.doc,1,12,performance_parameter_table,滑动摩擦系数,≤0.35,,pending_response,medium,存在项目需求值或标准值，但投标人响应值/保证值为空。,补充泰昌响应值、保证值或明确写入无偏差承诺后复核。,"{""序号"": ""11"", ""项目"": ""滑动摩擦系数"", ""指标"": ""≤0.35""}"
customer_liaoning_taichang_20260606_p0,辽宁,2025-03,包1,2225AC,电缆保护管MPP,rag_seed/power_grid_resources/01_tender_documents/22_国网辽宁电力2025年第三次物资协议库存招标采购/extracted/电缆保护管MPP/包1_完整招标文件_53488483495666502/包1_技术规范书_53488482948183136/国网辽宁省电力有限公司_辽宁公司二级采购非结构化固化ID编制（G00J-500021520-00007）/电缆保护管-MPP非开挖（φ200）.doc,0,4,dimension_parameter_table,公称内径 100,公称壁厚 / 环刚度等级b / SN 24: 6；公称壁厚 / 环刚度等级b / SN 32: 8；公称壁厚 / 环刚度等级b / SN 40: 10；不圆度: ≤2.0,,pending_response,medium,存在项目需求值或标准值，但投标人响应值/保证值为空。,补充泰昌响应值、保证值或明确写入无偏差承诺后复核。,"{""公称内径 DN/ID"": ""100"", ""公称壁厚 / 环刚度等级b / SN 24"": ""6"", ""公称壁厚 / 环刚度等级b / SN 32"": ""8"", ""公称壁厚 / 环刚度等级b / SN 40"": ""10"", ""不圆度"": ""≤2.0""}"
customer_liaoning_taichang_20260606_p0,辽宁,2025-03,包1,2225AC,电缆保护管MPP,rag_seed/power_grid_resources/01_tender_documents/22_国网辽宁电力2025年第三次物资协议库存招标采购/extracted/电缆保护管MPP/包1_完整招标文件_53488483495666502/包1_技术规范书_53488482948183136/国网辽宁省电力有限公司_辽宁公司二级采购非结构化固化ID编制（G00J-500021520-00007）/电缆保护管-MPP非开挖（φ200）.doc,0,5,dimension_parameter_table,公称内径 125,公称壁厚 / 环刚度等级b / SN 24: 8；公称壁厚 / 环刚度等级b / SN 32: 10；公称壁厚 / 环刚度等级b / SN 40: 12；不圆度: ≤2.3,,pending_response,medium,存在项目需求值或标准值，但投标人响应值/保证值为空。,补充泰昌响应值、保证值或明确写入无偏差承诺后复核。,"{""公称内径 DN/ID"": ""125"", ""公称壁厚 / 环刚度等级b / SN 24"": ""8"", ""公称壁厚 / 环刚度等级b / SN 32"": ""10"", ""公称壁厚 / 环刚度等级b / SN 40"": ""12"", ""不圆度"": ""≤2.3""}"
customer_liaoning_taichang_20260606_p0,辽宁,2025-03,包1,2225AC,电缆保护管MPP,rag_seed/power_grid_resources/01_tender_documents/22_国网辽宁电力2025年第三次物资协议库存招标采购/extracted/电缆保护管MPP/包1_完整招标文件_53488483495666502/包1_技术规范书_53488482948183136/国网辽宁省电力有限公司_辽宁公司二级采购非结构化固化ID编制（G00J-500021520-00007）/电缆保护管-MPP非开挖（φ200）.doc,0,6,dimension_parameter_table,公称内径 150,公称壁厚 / 环刚度等级b / SN 24: 10；公称壁厚 / 环刚度等级b / SN 32: 12；公称壁厚 / 环刚度等级b / SN 40: 14；不圆度: ≤2.5,,pending_response,medium,存在项目需求值或标准值，但投标人响应值/保证值为空。,补充泰昌响应值、保证值或明确写入无偏差承诺后复核。,"{""公称内径 DN/ID"": ""150"", ""公称壁厚 / 环刚度等级b / SN 24"": ""10"", ""公称壁厚 / 环刚度等级b / SN 32"": ""12"", ""公称壁厚 / 环刚度等级b / SN 40"": ""14"", ""不圆度"": ""≤2.5""}"
customer_liaoning_taichang_20260606_p0,辽宁,2025-03,包1,2225AC,电缆保护管MPP,rag_seed/power_grid_resources/01_tender_documents/22_国网辽宁电力2025年第三次物资协议库存招标采购/extracted/电缆保护管MPP/包1_完整招标文件_53488483495666502/包1_技术规范书_53488482948183136/国网辽宁省电力有限公司_辽宁公司二级采购非结构化固化ID编制（G00J-500021520-00007）/电缆保护管-MPP非开挖（φ200）.doc,0,7,dimension_parameter_table,公称内径 175,公称壁厚 / 环刚度等级b / SN 24: 12；公称壁厚 / 环刚度等级b / SN 32: 14；公称壁厚 / 环刚度等级b / SN 40: 16；不圆度: ≤2.8,,pending_response,medium,存在项目需求值或标准值，但投标人响应值/保证值为空。,补充泰昌响应值、保证值或明确写入无偏差承诺后复核。,"{""公称内径 DN/ID"": ""175"", ""公称壁厚 / 环刚度等级b / SN 24"": ""12"", ""公称壁厚 / 环刚度等级b / SN 32"": ""14"", ""公称壁厚 / 环刚度等级b / SN 40"": ""16"", ""不圆度"": ""≤2.8""}"
customer_liaoning_taichang_20260606_p0,辽宁,2025-03,包1,2225AC,电缆保护管MPP,rag_seed/power_grid_resources/01_tender_documents/22_国网辽宁电力2025年第三次物资协议库存招标采购/extracted/电缆保护管MPP/包1_完整招标文件_53488483495666502/包1_技术规范书_53488482948183136/国网辽宁省电力有限公司_辽宁公司二级采购非结构化固化ID编制（G00J-500021520-00007）/电缆保护管-MPP非开挖（φ200）.doc,0,8,dimension_parameter_table,公称内径 200,公称壁厚 / 环刚度等级b / SN 24: 14；公称壁厚 / 环刚度等级b / SN 32: 16；公称壁厚 / 环刚度等级b / SN 40: 18；不圆度: ≤3.2,,pending_response,medium,存在项目需求值或标准值，但投标人响应值/保证值为空。,补充泰昌响应值、保证值或明确写入无偏差承诺后复核。,"{""公称内径 DN/ID"": ""200"", ""公称壁厚 / 环刚度等级b / SN 24"": ""14"", ""公称壁厚 / 环刚度等级b / SN 32"": ""16"", ""公称壁厚 / 环刚度等级b / SN 40"": ""18"", ""不圆度"": ""≤3.2""}"
customer_liaoning_taichang_20260606_p0,辽宁,2025-03,包1,2225AC,电缆保护管MPP,rag_seed/power_grid_resources/01_tender_documents/22_国网辽宁电力2025年第三次物资协议库存招标采购/extracted/电缆保护管MPP/包1_完整招标文件_53488483495666502/包1_技术规范书_53488482948183136/国网辽宁省电力有限公司_辽宁公司二级采购非结构化固化ID编制（G00J-500021520-00007）/电缆保护管-MPP非开挖（φ200）.doc,0,9,dimension_parameter_table,公称内径 225,公称壁厚 / 环刚度等级b / SN 24: 16；公称壁厚 / 环刚度等级b / SN 32: 18；公称壁厚 / 环刚度等级b / SN 40: 20；不圆度: ≤3.8,,pending_response,medium,存在项目需求值或标准值，但投标人响应值/保证值为空。,补充泰昌响应值、保证值或明确写入无偏差承诺后复核。,"{""公称内径 DN/ID"": ""225"", ""公称壁厚 / 环刚度等级b / SN 24"": ""16"", ""公称壁厚 / 环刚度等级b / SN 32"": ""18"", ""公称壁厚 / 环刚度等级b / SN 40"": ""20"", ""不圆度"": ""≤3.8""}"
customer_liaoning_taichang_20260606_p0,辽宁,2025-03,包1,2225AC,电缆保护管MPP,rag_seed/power_grid_resources/01_tender_documents/22_国网辽宁电力2025年第三次物资协议库存招标采购/extracted/电缆保护管MPP/包1_完整招标文件_53488483495666502/包1_技术规范书_53488482948183136/国网辽宁省电力有限公司_辽宁公司二级采购非结构化固化ID编制（G00J-500021520-00007）/电缆保护管-MPP非开挖（φ200）.doc,0,10,dimension_parameter_table,公称内径 250,公称壁厚 / 环刚度等级b / SN 24: 18；公称壁厚 / 环刚度等级b / SN 32: 20；公称壁厚 / 环刚度等级b / SN 40: 22；不圆度: ≤4.2,,pending_response,medium,存在项目需求值或标准值，但投标人响应值/保证值为空。,补充泰昌响应值、保证值或明确写入无偏差承诺后复核。,"{""公称内径 DN/ID"": ""250"", ""公称壁厚 / 环刚度等级b / SN 24"": ""18"", ""公称壁厚 / 环刚度等级b / SN 32"": ""20"", ""公称壁厚 / 环刚度等级b / SN 40"": ""22"", ""不圆度"": ""≤4.2""}"
customer_liaoning_taichang_20260606_p0,辽宁,2025-03,包1,2225AC,电缆保护管MPP,rag_seed/power_grid_resources/01_tender_documents/22_国网辽宁电力2025年第三次物资协议库存招标采购/extracted/电缆保护管MPP/包1_完整招标文件_53488483495666502/包1_技术规范书_53488482948183136/国网辽宁省电力有限公司_辽宁公司二级采购非结构化固化ID编制（G00J-500021520-00007）/电缆保护管-MPP非开挖（φ200）.doc,0,11,dimension_parameter_table,公称内径 280,公称壁厚 / 环刚度等级b / SN 24: 20；公称壁厚 / 环刚度等级b / SN 32: 22；公称壁厚 / 环刚度等级b / SN 40: 24；不圆度: ≤4.5,,pending_response,medium,存在项目需求值或标准值，但投标人响应值/保证值为空。,补充泰昌响应值、保证值或明确写入无偏差承诺后复核。,"{""公称内径 DN/ID"": ""280"", ""公称壁厚 / 环刚度等级b / SN 24"": ""20"", ""公称壁厚 / 环刚度等级b / SN 32"": ""22"", ""公称壁厚 / 环刚度等级b / SN 40"": ""24"", ""不圆度"": ""≤4.5""}"
customer_liaoning_taichang_20260606_p0,辽宁,2025-03,包1,2225AC,电缆保护管MPP,rag_seed/power_grid_resources/01_tender_documents/22_国网辽宁电力2025年第三次物资协议库存招标采购/extracted/电缆保护管MPP/包1_完整招标文件_53488483495666502/包1_技术规范书_53488482948183136/国网辽宁省电力有限公司_辽宁公司二级采购非结构化固化ID编制（G00J-500021520-00007）/电缆保护管-MPP非开挖（φ200）.doc,0,12,dimension_parameter_table,公称内径 315,公称壁厚 / 环刚度等级b / SN 24: 22；公称壁厚 / 环刚度等级b / SN 32: 24；公称壁厚 / 环刚度等级b / SN 40: 26；不圆度: ≤4.8,,pending_response,medium,存在项目需求值或标准值，但投标人响应值/保证值为空。,补充泰昌响应值、保证值或明确写入无偏差承诺后复核。,"{""公称内径 DN/ID"": ""315"", ""公称壁厚 / 环刚度等级b / SN 24"": ""22"", ""公称壁厚 / 环刚度等级b / SN 32"": ""24"", ""公称壁厚 / 环刚度等级b / SN 40"": ""26"", ""不圆度"": ""≤4.8""}"
customer_liaoning_taichang_20260606_p0,辽宁,2025-03,包1,2225AC,电缆保护管MPP,rag_seed/power_grid_resources/01_tender_documents/22_国网辽宁电力2025年第三次物资协议库存招标采购/extracted/电缆保护管MPP/包1_完整招标文件_53488483495666502/包1_技术规范书_53488482948183136/国网辽宁省电力有限公司_辽宁公司二级采购非结构化固化ID编制（G00J-500021520-00007）/电缆保护管-MPP非开挖（φ200）.doc,0,13,dimension_parameter_table,公称内径 355,公称壁厚 / 环刚度等级b / SN 24: 24；公称壁厚 / 环刚度等级b / SN 32: 26；公称壁厚 / 环刚度等级b / SN 40: 28；不圆度: ≤5.2,,pending_response,medium,存在项目需求值或标准值，但投标人响应值/保证值为空。,补充泰昌响应值、保证值或明确写入无偏差承诺后复核。,"{""公称内径 DN/ID"": ""355"", ""公称壁厚 / 环刚度等级b / SN 24"": ""24"", ""公称壁厚 / 环刚度等级b / SN 32"": ""26"", ""公称壁厚 / 环刚度等级b / SN 40"": ""28"", ""不圆度"": ""≤5.2""}"
customer_liaoning_taichang_20260606_p0,辽宁,2025-03,包1,2225AC,电缆保护管MPP,rag_seed/power_grid_resources/01_tender_documents/22_国网辽宁电力2025年第三次物资协议库存招标采购/extracted/电缆保护管MPP/包1_完整招标文件_53488483495666502/包1_技术规范书_53488482948183136/国网辽宁省电力有限公司_辽宁公司二级采购非结构化固化ID编制（G00J-500021520-00007）/电缆保护管-MPP非开挖（φ200）.doc,1,2,performance_parameter_table,项目,PVC电缆导管,,pending_response,medium,存在项目需求值或标准值，但投标人响应值/保证值为空。,补充泰昌响应值、保证值或明确写入无偏差承诺后复核。,"{""项目"": ""项目"", ""要 求"": ""PVC电缆导管"", ""要 求_2"": ""HDPE电缆导管"", ""要 求_3"": ""MPP电缆导管""}"
customer_liaoning_taichang_20260606_p0,辽宁,2025-03,包1,2225AC,电缆保护管MPP,rag_seed/power_grid_resources/01_tender_documents/22_国网辽宁电力2025年第三次物资协议库存招标采购/extracted/电缆保护管MPP/包1_完整招标文件_53488483495666502/包1_技术规范书_53488482948183136/国网辽宁省电力有限公司_辽宁公司二级采购非结构化固化ID编制（G00J-500021520-00007）/电缆保护管-MPP非开挖（φ200）.doc,1,3,performance_parameter_table,密度/(g/cm),1.35~1.46,,pending_response,medium,存在项目需求值或标准值，但投标人响应值/保证值为空。,补充泰昌响应值、保证值或明确写入无偏差承诺后复核。,"{""项目"": ""密度/(g/cm)"", ""要 求"": ""1.35~1.46"", ""要 求_2"": ""0.94~0.98"", ""要 求_3"": ""0.89~0.93""}"
customer_liaoning_taichang_20260606_p0,辽宁,2025-03,包1,2225AC,电缆保护管MPP,rag_seed/power_grid_resources/01_tender_documents/22_国网辽宁电力2025年第三次物资协议库存招标采购/extracted/电缆保护管MPP/包1_完整招标文件_53488483495666502/包1_技术规范书_53488482948183136/国网辽宁省电力有限公司_辽宁公司二级采购非结构化固化ID编制（G00J-500021520-00007）/电缆保护管-MPP非开挖（φ200）.doc,1,4,performance_parameter_table,环刚度/(kN/m²),SN 20:≥20,,pending_response,medium,存在项目需求值或标准值，但投标人响应值/保证值为空。,补充泰昌响应值、保证值或明确写入无偏差承诺后复核。,"{""项目"": ""环刚度/(kN/m²)"", ""要 求"": ""SN 20:≥20"", ""要 求_2"": ""SN 12:≥12"", ""要 求_3"": ""SN 24:≥24""}"
customer_liaoning_taichang_20260606_p0,辽宁,2025-03,包1,2225AC,电缆保护管MPP,rag_seed/power_grid_resources/01_tender_documents/22_国网辽宁电力2025年第三次物资协议库存招标采购/extracted/电缆保护管MPP/包1_完整招标文件_53488483495666502/包1_技术规范书_53488482948183136/国网辽宁省电力有限公司_辽宁公司二级采购非结构化固化ID编制（G00J-500021520-00007）/电缆保护管-MPP非开挖（φ200）.doc,1,5,performance_parameter_table,环刚度/(kN/m²),SN 30:≥30,,pending_response,medium,存在项目需求值或标准值，但投标人响应值/保证值为空。,补充泰昌响应值、保证值或明确写入无偏差承诺后复核。,"{""项目"": ""环刚度/(kN/m²)"", ""要 求"": ""SN 30:≥30"", ""要 求_2"": ""SN 18:≥18"", ""要 求_3"": ""SN 32:≥32""}"
customer_liaoning_taichang_20260606_p0,辽宁,2025-03,包1,2225AC,电缆保护管MPP,rag_seed/power_grid_resources/01_tender_documents/22_国网辽宁电力2025年第三次物资协议库存招标采购/extracted/电缆保护管MPP/包1_完整招标文件_53488483495666502/包1_技术规范书_53488482948183136/国网辽宁省电力有限公司_辽宁公司二级采购非结构化固化ID编制（G00J-500021520-00007）/电缆保护管-MPP非开挖（φ200）.doc,1,6,performance_parameter_table,环刚度/(kN/m²),SN40:≥40,,pending_response,medium,存在项目需求值或标准值，但投标人响应值/保证值为空。,补充泰昌响应值、保证值或明确写入无偏差承诺后复核。,"{""项目"": ""环刚度/(kN/m²)"", ""要 求"": ""SN40:≥40"", ""要 求_2"": ""SN24:≥24"", ""要 求_3"": ""SN40:≥40""}"
customer_liaoning_taichang_20260606_p0,辽宁,2025-03,包1,2225AC,电缆保护管MPP,rag_seed/power_grid_resources/01_tender_documents/22_国网辽宁电力2025年第三次物资协议库存招标采购/extracted/电缆保护管MPP/包1_完整招标文件_53488483495666502/包1_技术规范书_53488482948183136/国网辽宁省电力有限公司_辽宁公司二级采购非结构化固化ID编制（G00J-500021520-00007）/电缆保护管-MPP非开挖（φ200）.doc,1,7,performance_parameter_table,压扁试验,试样不应出现破裂,,pending_response,medium,存在项目需求值或标准值，但投标人响应值/保证值为空。,补充泰昌响应值、保证值或明确写入无偏差承诺后复核。,"{""项目"": ""压扁试验"", ""要 求"": ""试样不应出现破裂"", ""要 求_2"": ""试样不应出现破裂"", ""要 求_3"": ""试样不应出现破裂""}"
customer_liaoning_taichang_20260606_p0,辽宁,2025-03,包1,2225AC,电缆保护管MPP,rag_seed/power_grid_resources/01_tender_documents/22_国网辽宁电力2025年第三次物资协议库存招标采购/extracted/电缆保护管MPP/包1_完整招标文件_53488483495666502/包1_技术规范书_53488482948183136/国网辽宁省电力有限公司_辽宁公司二级采购非结构化固化ID编制（G00J-500021520-00007）/电缆保护管-MPP非开挖（φ200）.doc,1,8,performance_parameter_table,拉伸强度/MPa,≥40,,pending_response,medium,存在项目需求值或标准值，但投标人响应值/保证值为空。,补充泰昌响应值、保证值或明确写入无偏差承诺后复核。,"{""项目"": ""拉伸强度/MPa"", ""要 求"": ""≥40"", ""要 求_2"": ""≥22"", ""要 求_3"": ""≥25""}"
customer_liaoning_taichang_20260606_p0,辽宁,2025-03,包1,2225AC,电缆保护管MPP,rag_seed/power_grid_resources/01_tender_documents/22_国网辽宁电力2025年第三次物资协议库存招标采购/extracted/电缆保护管MPP/包1_完整招标文件_53488483495666502/包1_技术规范书_53488482948183136/国网辽宁省电力有限公司_辽宁公司二级采购非结构化固化ID编制（G00J-500021520-00007）/电缆保护管-MPP非开挖（φ200）.doc,1,9,performance_parameter_table,焊接强度*/MPa,≥30,,pending_response,medium,存在项目需求值或标准值，但投标人响应值/保证值为空。,补充泰昌响应值、保证值或明确写入无偏差承诺后复核。,"{""项目"": ""焊接强度*/MPa"", ""要 求"": ""≥30"", ""要 求_2"": ""≥22"", ""要 求_3"": ""≥22.5""}"
customer_liaoning_taichang_20260606_p0,辽宁,2025-03,包1,2225AC,电缆保护管MPP,rag_seed/power_grid_resources/01_tender_documents/22_国网辽宁电力2025年第三次物资协议库存招标采购/extracted/电缆保护管MPP/包1_完整招标文件_53488483495666502/包1_技术规范书_53488482948183136/国网辽宁省电力有限公司_辽宁公司二级采购非结构化固化ID编制（G00J-500021520-00007）/电缆保护管-MPP非开挖（φ200）.doc,1,10,performance_parameter_table,断裂伸长率/%,≥80,,pending_response,medium,存在项目需求值或标准值，但投标人响应值/保证值为空。,补充泰昌响应值、保证值或明确写入无偏差承诺后复核。,"{""项目"": ""断裂伸长率/%"", ""要 求"": ""≥80"", ""要 求_2"": ""≥350"", ""要 求_3"": ""≥150""}"
customer_liaoning_taichang_20260606_p0,辽宁,2025-03,包1,2225AC,电缆保护管MPP,rag_seed/power_grid_resources/01_tender_documents/22_国网辽宁电力2025年第三次物资协议库存招标采购/extracted/电缆保护管MPP/包1_完整招标文件_53488483495666502/包1_技术规范书_53488482948183136/国网辽宁省电力有限公司_辽宁公司二级采购非结构化固化ID编制（G00J-500021520-00007）/电缆保护管-MPP非开挖（φ200）.doc,1,11,performance_parameter_table,落锤冲击,10个试样中至少有9个不破裂,,pending_response,medium,存在项目需求值或标准值，但投标人响应值/保证值为空。,补充泰昌响应值、保证值或明确写入无偏差承诺后复核。,"{""项目"": ""落锤冲击"", ""要 求"": ""10个试样中至少有9个不破裂"", ""要 求_2"": ""10个试样中至少有9个不破裂"", ""要 求_3"": ""10个试样中至少有9个不破裂""}"
customer_liaoning_taichang_20260606_p0,辽宁,2025-03,包1,2225AC,电缆保护管MPP,rag_seed/power_grid_resources/01_tender_documents/22_国网辽宁电力2025年第三次物资协议库存招标采购/extracted/电缆保护管MPP/包1_完整招标文件_53488483495666502/包1_技术规范书_53488482948183136/国网辽宁省电力有限公司_辽宁公司二级采购非结构化固化ID编制（G00J-500021520-00007）/电缆保护管-MPP非开挖（φ200）.doc,1,12,performance_parameter_table,静摩擦系数,≤0.35,,pending_response,medium,存在项目需求值或标准值，但投标人响应值/保证值为空。,补充泰昌响应值、保证值或明确写入无偏差承诺后复核。,"{""项目"": ""静摩擦系数"", ""要 求"": ""≤0.35"", ""要 求_2"": ""≤0.35"", ""要 求_3"": ""≤0.35""}"
customer_liaoning_taichang_20260606_p0,辽宁,2025-03,包1,2225AC,电缆保护管MPP,rag_seed/power_grid_resources/01_tender_documents/22_国网辽宁电力2025年第三次物资协议库存招标采购/extracted/电缆保护管MPP/包1_完整招标文件_53488483495666502/包1_技术规范书_53488482948183136/国网辽宁省电力有限公司_辽宁公司二级采购非结构化固化ID编制（G00J-500021520-00007）/电缆保护管-MPP非开挖（φ200）.doc,1,13,performance_parameter_table,维卡软化温度/℃,≥83,,pending_response,medium,存在项目需求值或标准值，但投标人响应值/保证值为空。,补充泰昌响应值、保证值或明确写入无偏差承诺后复核。,"{""项目"": ""维卡软化温度/℃"", ""要 求"": ""≥83"", ""要 求_2"": ""≥110"", ""要 求_3"": ""≥150""}"
customer_liaoning_taichang_20260606_p0,辽宁,2025-03,包1,2225AC,电缆保护管MPP,rag_seed/power_grid_resources/01_tender_documents/22_国网辽宁电力2025年第三次物资协议库存招标采购/extracted/电缆保护管MPP/包1_完整招标文件_53488483495666502/包1_技术规范书_53488482948183136/国网辽宁省电力有限公司_辽宁公司二级采购非结构化固化ID编制（G00J-500021520-00007）/电缆保护管-MPP非开挖（φ200）.doc,1,14,performance_parameter_table,纵向回缩率/%,≤5,,pending_response,medium,存在项目需求值或标准值，但投标人响应值/保证值为空。,补充泰昌响应值、保证值或明确写入无偏差承诺后复核。,"{""项目"": ""纵向回缩率/%"", ""要 求"": ""≤5"", ""要 求_2"": ""≤3"", ""要 求_3"": ""≤3""}"
customer_liaoning_taichang_20260606_p0,辽宁,2025-03,包1,2225AC,电缆保护管MPP,rag_seed/power_grid_resources/01_tender_documents/22_国网辽宁电力2025年第三次物资协议库存招标采购/extracted/电缆保护管MPP/包1_完整招标文件_53488483495666502/包1_技术规范书_53488482948183136/国网辽宁省电力有限公司_辽宁公司二级采购非结构化固化ID编制（G00J-500021520-00007）/电缆保护管-MPP非开挖（φ200）.doc,1,15,performance_parameter_table,散热性能,常温下放置规定的时间，导管内、外壁温度均≤30℃。,,pending_response,medium,存在项目需求值或标准值，但投标人响应值/保证值为空。,补充泰昌响应值、保证值或明确写入无偏差承诺后复核。,"{""项目"": ""散热性能"", ""要 求"": ""常温下放置规定的时间，导管内、外壁温度均≤30℃。"", ""要 求_2"": ""常温下放置规定的时间，导管内、外壁温度均≤30℃。"", ""要 求_3"": ""常温下放置规定的时间，导管内、外壁温度均≤30℃。""}"
customer_liaoning_taichang_20260606_p0,辽宁,2025-03,包1,2225AC,电缆保护管MPP,rag_seed/power_grid_resources/01_tender_documents/22_国网辽宁电力2025年第三次物资协议库存招标采购/extracted/电缆保护管MPP/包1_完整招标文件_53488483495666502/包1_技术规范书_53488482948183136/国网辽宁省电力有限公司_辽宁公司二级采购非结构化固化ID编制（G00J-500021520-00007）/电缆保护管-MPP非开挖（φ200）.doc,2,2,bid_response_parameter_table,"电缆保护管-材质:MPP,标称直径:φ175",参照通用部分5.技术要求,,pending_response,medium,存在项目需求值或标准值，但投标人响应值/保证值为空。,补充泰昌响应值、保证值或明确写入无偏差承诺后复核。,"{""序号"": ""1"", ""技术参数名称"": ""电缆保护管-材质:MPP,标称直径:φ175"", ""单位"": ""米"", ""项目需求值或表述"": ""参照通用部分5.技术要求"", ""投标人响应值"": """"}"
customer_liaoning_taichang_20260606_p0,辽宁,2025-03,包1,2225AC,电缆保护管MPP,rag_seed/power_grid_resources/01_tender_documents/22_国网辽宁电力2025年第三次物资协议库存招标采购/extracted/电缆保护管MPP/包1_完整招标文件_53488483495666502/包1_技术规范书_53488482948183136/国网辽宁省电力有限公司_辽宁公司二级采购非结构化固化ID编制（G00J-500021520-00007）/电缆保护管-MPP非开挖（φ200）.doc,2,3,bid_response_parameter_table,"电缆保护管-材质:MPP,标称直径:φ200",参照通用部分5.技术要求,,pending_response,medium,存在项目需求值或标准值，但投标人响应值/保证值为空。,补充泰昌响应值、保证值或明确写入无偏差承诺后复核。,"{""序号"": ""2"", ""技术参数名称"": ""电缆保护管-材质:MPP,标称直径:φ200"", ""单位"": ""米"", ""项目需求值或表述"": ""参照通用部分5.技术要求"", ""投标人响应值"": """"}"
customer_liaoning_taichang_20260606_p0,辽宁,2025-03,包1,2225AC,电缆保护管MPP,rag_seed/power_grid_resources/01_tender_documents/22_国网辽宁电力2025年第三次物资协议库存招标采购/extracted/电缆保护管MPP/包1_完整招标文件_53488483495666502/包1_技术规范书_53488482948183136/国网辽宁省电力有限公司_辽宁公司二级采购非结构化固化ID编制（G00J-500021520-00007）/电缆保护管-MPP非开挖（φ200）.doc,3,2,bid_response_parameter_table,环境温度,+45,,pending_response,medium,存在项目需求值或标准值，但投标人响应值/保证值为空。,补充泰昌响应值、保证值或明确写入无偏差承诺后复核。,"{""序号"": ""1"", ""名称"": ""环境温度"", ""名称_2"": ""最高温度"", ""单位"": ""℃"", ""项目需求值"": ""+45"", ""投标人响应值"": """"}"
customer_liaoning_taichang_20260606_p0,辽宁,2025-03,包1,2225AC,电缆保护管MPP,rag_seed/power_grid_resources/01_tender_documents/22_国网辽宁电力2025年第三次物资协议库存招标采购/extracted/电缆保护管MPP/包1_完整招标文件_53488483495666502/包1_技术规范书_53488482948183136/国网辽宁省电力有限公司_辽宁公司二级采购非结构化固化ID编制（G00J-500021520-00007）/电缆保护管-MPP非开挖（φ200）.doc,3,3,bid_response_parameter_table,环境温度,-40,,pending_response,medium,存在项目需求值或标准值，但投标人响应值/保证值为空。,补充泰昌响应值、保证值或明确写入无偏差承诺后复核。,"{""序号"": ""1"", ""名称"": ""环境温度"", ""名称_2"": ""最低温度"", ""单位"": ""℃"", ""项目需求值"": ""-40"", ""投标人响应值"": """"}"
customer_liaoning_taichang_20260606_p0,辽宁,2025-03,包1,2225AC,电缆保护管MPP,rag_seed/power_grid_resources/01_tender_documents/22_国网辽宁电力2025年第三次物资协议库存招标采购/extracted/电缆保护管MPP/包1_完整招标文件_53488483495666502/包1_技术规范书_53488482948183136/国网辽宁省电力有限公司_辽宁公司二级采购非结构化固化ID编制（G00J-500021520-00007）/电缆保护管-MPP非开挖（φ200）.doc,3,4,bid_response_parameter_table,环境温度,25,,pending_response,medium,存在项目需求值或标准值，但投标人响应值/保证值为空。,补充泰昌响应值、保证值或明确写入无偏差承诺后复核。,"{""序号"": ""1"", ""名称"": ""环境温度"", ""名称_2"": ""最大温差"", ""单位"": ""℃"", ""项目需求值"": ""25"", ""投标人响应值"": """"}"
customer_liaoning_taichang_20260606_p0,辽宁,2025-03,包1,2225AC,电缆保护管MPP,rag_seed/power_grid_resources/01_tender_documents/22_国网辽宁电力2025年第三次物资协议库存招标采购/extracted/电缆保护管MPP/包1_完整招标文件_53488483495666502/包1_技术规范书_53488482948183136/国网辽宁省电力有限公司_辽宁公司二级采购非结构化固化ID编制（G00J-500021520-00007）/电缆保护管-MPP非开挖（φ200）.doc,3,5,bid_response_parameter_table,海拔,≤1000,,pending_response,medium,存在项目需求值或标准值，但投标人响应值/保证值为空。,补充泰昌响应值、保证值或明确写入无偏差承诺后复核。,"{""序号"": ""2"", ""名称"": ""海拔"", ""名称_2"": ""海拔"", ""单位"": ""m"", ""项目需求值"": ""≤1000"", ""投标人响应值"": """"}"
customer_liaoning_taichang_20260606_p0,辽宁,2025-03,包1,2225AC,电缆保护管MPP,rag_seed/power_grid_resources/01_tender_documents/22_国网辽宁电力2025年第三次物资协议库存招标采购/extracted/电缆保护管MPP/包1_完整招标文件_53488483495666502/包1_技术规范书_53488482948183136/国网辽宁省电力有限公司_辽宁公司二级采购非结构化固化ID编制（G00J-500021520-00007）/电缆保护管-MPP非开挖（φ200）.doc,3,6,bid_response_parameter_table,日照,0.1,,pending_response,medium,存在项目需求值或标准值，但投标人响应值/保证值为空。,补充泰昌响应值、保证值或明确写入无偏差承诺后复核。,"{""序号"": ""3"", ""名称"": ""日照"", ""名称_2"": ""日照"", ""单位"": ""W/cm²"", ""项目需求值"": ""0.1"", ""投标人响应值"": """"}"
customer_liaoning_taichang_20260606_p0,辽宁,2025-03,包1,2225AC,电缆保护管MPP,rag_seed/power_grid_resources/01_tender_documents/22_国网辽宁电力2025年第三次物资协议库存招标采购/extracted/电缆保护管MPP/包1_完整招标文件_53488483495666502/包1_技术规范书_53488482948183136/国网辽宁省电力有限公司_辽宁公司二级采购非结构化固化ID编制（G00J-500021520-00007）/电缆保护管-MPP非开挖（φ200）.doc,3,7,bid_response_parameter_table,覆冰厚度,20,,pending_response,medium,存在项目需求值或标准值，但投标人响应值/保证值为空。,补充泰昌响应值、保证值或明确写入无偏差承诺后复核。,"{""序号"": ""4"", ""名称"": ""覆冰厚度"", ""名称_2"": ""覆冰厚度"", ""单位"": ""mm"", ""项目需求值"": ""20"", ""投标人响应值"": """"}"
customer_liaoning_taichang_20260606_p0,辽宁,2025-03,包1,2225AC,电缆保护管MPP,rag_seed/power_grid_resources/01_tender_documents/22_国网辽宁电力2025年第三次物资协议库存招标采购/extracted/电缆保护管MPP/包1_完整招标文件_53488483495666502/包1_技术规范书_53488482948183136/国网辽宁省电力有限公司_辽宁公司二级采购非结构化固化ID编制（G00J-500021520-00007）/电缆保护管-MPP非开挖（φ200）.doc,3,8,bid_response_parameter_table,最大风速,35,,pending_response,medium,存在项目需求值或标准值，但投标人响应值/保证值为空。,补充泰昌响应值、保证值或明确写入无偏差承诺后复核。,"{""序号"": ""5"", ""名称"": ""最大风速"", ""名称_2"": ""最大风速"", ""单位"": ""m/s"", ""项目需求值"": ""35"", ""投标人响应值"": """"}"
customer_liaoning_taichang_20260606_p0,辽宁,2025-03,包1,2225AC,电缆保护管MPP,rag_seed/power_grid_resources/01_tender_documents/22_国网辽宁电力2025年第三次物资协议库存招标采购/extracted/电缆保护管MPP/包1_完整招标文件_53488483495666502/包1_技术规范书_53488482948183136/国网辽宁省电力有限公司_辽宁公司二级采购非结构化固化ID编制（G00J-500021520-00007）/电缆保护管-MPP非开挖（φ200）.doc,3,9,bid_response_parameter_table,埋深,＜8,,pending_response,medium,存在项目需求值或标准值，但投标人响应值/保证值为空。,补充泰昌响应值、保证值或明确写入无偏差承诺后复核。,"{""序号"": ""6"", ""名称"": ""埋深"", ""名称_2"": ""埋深"", ""单位"": ""m"", ""项目需求值"": ""＜8"", ""投标人响应值"": """"}"
customer_liaoning_taichang_20260606_p0,辽宁,2025-03,包1,2225AC,电缆保护管MPP,rag_seed/power_grid_resources/01_tender_documents/22_国网辽宁电力2025年第三次物资协议库存招标采购/extracted/电缆保护管MPP/包1_完整招标文件_53488483495666502/包1_技术规范书_53488482948183136/国网辽宁省电力有限公司_辽宁公司二级采购非结构化固化ID编制（G00J-500021520-00007）/电缆保护管-MPP非开挖（φ200）.doc,5,4,performance_parameter_table,……,,,informational,low,未识别到明确项目需求值或标准值，仅作为参数信息保留。,无需生成偏差判断，可在参数查询中展示。,"{""序号 / 1"": ""……"", ""名称 / 电缆保护管(地埋用)"": """", ""单位 / 米"": """", ""招标人要求 / 型号和规格 / 电缆保护管,MPP,φ200"": """", ""招标人要求 / 数量 / 详见货物清单"": """", ""投标人响应 / 环刚度等级 / 详见货物清单"": """", ""投标人响应 / 数量"": """"}"
customer_liaoning_taichang_20260606_p0,辽宁,2025-03,包2,2225AC,电缆保护管MPP,rag_seed/power_grid_resources/01_tender_documents/22_国网辽宁电力2025年第三次物资协议库存招标采购/extracted/电缆保护管MPP/包2_完整招标文件_53488487936896812/包2_技术规范书_53488483512605679/国家电网有限公司_电缆保护管 - 设备部(A171-500021541-00001)713595/国家电网有限公司_电缆保护管 - 设备部(A171-500021541-00001)/A171-500021541-00001 国家电网公司总部-配网标准化物资固化技术规范书-电缆保护管 MPP 非开挖.doc,0,2,dimension_parameter_table,公称内径 100（内径）,公称内径 (mm): 100（内径）；内径允许偏差 (mm): 正公差 +0.6 负公差 0；最小壁厚 (mm): 8；壁厚允许偏差 (mm): 正公差 +1.0 负公差 0,,pending_response,medium,存在项目需求值或标准值，但投标人响应值/保证值为空。,补充泰昌响应值、保证值或明确写入无偏差承诺后复核。,"{""公称内径 (mm)"": ""100（内径）"", ""内径允许偏差 (mm)"": ""正公差 +0.6 负公差 0"", ""最小壁厚 (mm)"": ""8"", ""壁厚允许偏差 (mm)"": ""正公差 +1.0 负公差 0""}"
customer_liaoning_taichang_20260606_p0,辽宁,2025-03,包2,2225AC,电缆保护管MPP,rag_seed/power_grid_resources/01_tender_documents/22_国网辽宁电力2025年第三次物资协议库存招标采购/extracted/电缆保护管MPP/包2_完整招标文件_53488487936896812/包2_技术规范书_53488483512605679/国家电网有限公司_电缆保护管 - 设备部(A171-500021541-00001)713595/国家电网有限公司_电缆保护管 - 设备部(A171-500021541-00001)/A171-500021541-00001 国家电网公司总部-配网标准化物资固化技术规范书-电缆保护管 MPP 非开挖.doc,0,3,dimension_parameter_table,公称内径 150（内径）,公称内径 (mm): 150（内径）；内径允许偏差 (mm): 正公差 +0.8 负公差 0；最小壁厚 (mm): 12；壁厚允许偏差 (mm): 正公差 +1.4 负公差 0,,pending_response,medium,存在项目需求值或标准值，但投标人响应值/保证值为空。,补充泰昌响应值、保证值或明确写入无偏差承诺后复核。,"{""公称内径 (mm)"": ""150（内径）"", ""内径允许偏差 (mm)"": ""正公差 +0.8 负公差 0"", ""最小壁厚 (mm)"": ""12"", ""壁厚允许偏差 (mm)"": ""正公差 +1.4 负公差 0""}"
customer_liaoning_taichang_20260606_p0,辽宁,2025-03,包2,2225AC,电缆保护管MPP,rag_seed/power_grid_resources/01_tender_documents/22_国网辽宁电力2025年第三次物资协议库存招标采购/extracted/电缆保护管MPP/包2_完整招标文件_53488487936896812/包2_技术规范书_53488483512605679/国家电网有限公司_电缆保护管 - 设备部(A171-500021541-00001)713595/国家电网有限公司_电缆保护管 - 设备部(A171-500021541-00001)/A171-500021541-00001 国家电网公司总部-配网标准化物资固化技术规范书-电缆保护管 MPP 非开挖.doc,0,4,dimension_parameter_table,公称内径 175（内径）,公称内径 (mm): 175（内径）；内径允许偏差 (mm): 正公差 +0.9 负公差 0；最小壁厚 (mm): 14；壁厚允许偏差 (mm): 正公差 +1.4 负公差 0,,pending_response,medium,存在项目需求值或标准值，但投标人响应值/保证值为空。,补充泰昌响应值、保证值或明确写入无偏差承诺后复核。,"{""公称内径 (mm)"": ""175（内径）"", ""内径允许偏差 (mm)"": ""正公差 +0.9 负公差 0"", ""最小壁厚 (mm)"": ""14"", ""壁厚允许偏差 (mm)"": ""正公差 +1.4 负公差 0""}"
customer_liaoning_taichang_20260606_p0,辽宁,2025-03,包2,2225AC,电缆保护管MPP,rag_seed/power_grid_resources/01_tender_documents/22_国网辽宁电力2025年第三次物资协议库存招标采购/extracted/电缆保护管MPP/包2_完整招标文件_53488487936896812/包2_技术规范书_53488483512605679/国家电网有限公司_电缆保护管 - 设备部(A171-500021541-00001)713595/国家电网有限公司_电缆保护管 - 设备部(A171-500021541-00001)/A171-500021541-00001 国家电网公司总部-配网标准化物资固化技术规范书-电缆保护管 MPP 非开挖.doc,0,5,dimension_parameter_table,公称内径 200（内径）,公称内径 (mm): 200（内径）；内径允许偏差 (mm): 正公差 +1.0 负公差 0；最小壁厚 (mm): 16；壁厚允许偏差 (mm): 正公差 +1.4 负公差 0,,pending_response,medium,存在项目需求值或标准值，但投标人响应值/保证值为空。,补充泰昌响应值、保证值或明确写入无偏差承诺后复核。,"{""公称内径 (mm)"": ""200（内径）"", ""内径允许偏差 (mm)"": ""正公差 +1.0 负公差 0"", ""最小壁厚 (mm)"": ""16"", ""壁厚允许偏差 (mm)"": ""正公差 +1.4 负公差 0""}"
customer_liaoning_taichang_20260606_p0,辽宁,2025-03,包2,2225AC,电缆保护管MPP,rag_seed/power_grid_resources/01_tender_documents/22_国网辽宁电力2025年第三次物资协议库存招标采购/extracted/电缆保护管MPP/包2_完整招标文件_53488487936896812/包2_技术规范书_53488483512605679/国家电网有限公司_电缆保护管 - 设备部(A171-500021541-00001)713595/国家电网有限公司_电缆保护管 - 设备部(A171-500021541-00001)/A171-500021541-00001 国家电网公司总部-配网标准化物资固化技术规范书-电缆保护管 MPP 非开挖.doc,1,2,performance_parameter_table,密度g/cm３,0.90～0.94,,pending_response,medium,存在项目需求值或标准值，但投标人响应值/保证值为空。,补充泰昌响应值、保证值或明确写入无偏差承诺后复核。,"{""序号"": ""1"", ""项目"": ""密度g/cm３"", ""指标"": ""0.90～0.94""}"
customer_liaoning_taichang_20260606_p0,辽宁,2025-03,包2,2225AC,电缆保护管MPP,rag_seed/power_grid_resources/01_tender_documents/22_国网辽宁电力2025年第三次物资协议库存招标采购/extracted/电缆保护管MPP/包2_完整招标文件_53488487936896812/包2_技术规范书_53488483512605679/国家电网有限公司_电缆保护管 - 设备部(A171-500021541-00001)713595/国家电网有限公司_电缆保护管 - 设备部(A171-500021541-00001)/A171-500021541-00001 国家电网公司总部-配网标准化物资固化技术规范书-电缆保护管 MPP 非开挖.doc,1,3,performance_parameter_table,拉伸强度（23±2℃）,管材：≥25MPa 接头：≥22.5MPa,,pending_response,medium,存在项目需求值或标准值，但投标人响应值/保证值为空。,补充泰昌响应值、保证值或明确写入无偏差承诺后复核。,"{""序号"": ""2"", ""项目"": ""拉伸强度（23±2℃）"", ""指标"": ""管材：≥25MPa 接头：≥22.5MPa""}"
customer_liaoning_taichang_20260606_p0,辽宁,2025-03,包2,2225AC,电缆保护管MPP,rag_seed/power_grid_resources/01_tender_documents/22_国网辽宁电力2025年第三次物资协议库存招标采购/extracted/电缆保护管MPP/包2_完整招标文件_53488487936896812/包2_技术规范书_53488483512605679/国家电网有限公司_电缆保护管 - 设备部(A171-500021541-00001)713595/国家电网有限公司_电缆保护管 - 设备部(A171-500021541-00001)/A171-500021541-00001 国家电网公司总部-配网标准化物资固化技术规范书-电缆保护管 MPP 非开挖.doc,1,4,performance_parameter_table,断裂伸长率,≥200%,,pending_response,medium,存在项目需求值或标准值，但投标人响应值/保证值为空。,补充泰昌响应值、保证值或明确写入无偏差承诺后复核。,"{""序号"": ""3"", ""项目"": ""断裂伸长率"", ""指标"": ""≥200%""}"
customer_liaoning_taichang_20260606_p0,辽宁,2025-03,包2,2225AC,电缆保护管MPP,rag_seed/power_grid_resources/01_tender_documents/22_国网辽宁电力2025年第三次物资协议库存招标采购/extracted/电缆保护管MPP/包2_完整招标文件_53488487936896812/包2_技术规范书_53488483512605679/国家电网有限公司_电缆保护管 - 设备部(A171-500021541-00001)713595/国家电网有限公司_电缆保护管 - 设备部(A171-500021541-00001)/A171-500021541-00001 国家电网公司总部-配网标准化物资固化技术规范书-电缆保护管 MPP 非开挖.doc,1,5,performance_parameter_table,弯曲强度（23±2℃）,≥36Mpa,,pending_response,medium,存在项目需求值或标准值，但投标人响应值/保证值为空。,补充泰昌响应值、保证值或明确写入无偏差承诺后复核。,"{""序号"": ""4"", ""项目"": ""弯曲强度（23±2℃）"", ""指标"": ""≥36Mpa""}"
customer_liaoning_taichang_20260606_p0,辽宁,2025-03,包2,2225AC,电缆保护管MPP,rag_seed/power_grid_resources/01_tender_documents/22_国网辽宁电力2025年第三次物资协议库存招标采购/extracted/电缆保护管MPP/包2_完整招标文件_53488487936896812/包2_技术规范书_53488483512605679/国家电网有限公司_电缆保护管 - 设备部(A171-500021541-00001)713595/国家电网有限公司_电缆保护管 - 设备部(A171-500021541-00001)/A171-500021541-00001 国家电网公司总部-配网标准化物资固化技术规范书-电缆保护管 MPP 非开挖.doc,1,6,performance_parameter_table,扁平试验（内径的50%）,不破裂,,pending_response,medium,存在项目需求值或标准值，但投标人响应值/保证值为空。,补充泰昌响应值、保证值或明确写入无偏差承诺后复核。,"{""序号"": ""5"", ""项目"": ""扁平试验（内径的50%）"", ""指标"": ""不破裂""}"
customer_liaoning_taichang_20260606_p0,辽宁,2025-03,包2,2225AC,电缆保护管MPP,rag_seed/power_grid_resources/01_tender_documents/22_国网辽宁电力2025年第三次物资协议库存招标采购/extracted/电缆保护管MPP/包2_完整招标文件_53488487936896812/包2_技术规范书_53488483512605679/国家电网有限公司_电缆保护管 - 设备部(A171-500021541-00001)713595/国家电网有限公司_电缆保护管 - 设备部(A171-500021541-00001)/A171-500021541-00001 国家电网公司总部-配网标准化物资固化技术规范书-电缆保护管 MPP 非开挖.doc,1,7,performance_parameter_table,维卡软化温度（GB/T 1633 A50法）,≥150℃,,pending_response,medium,存在项目需求值或标准值，但投标人响应值/保证值为空。,补充泰昌响应值、保证值或明确写入无偏差承诺后复核。,"{""序号"": ""6"", ""项目"": ""维卡软化温度（GB/T 1633 A50法）"", ""指标"": ""≥150℃""}"
customer_liaoning_taichang_20260606_p0,辽宁,2025-03,包2,2225AC,电缆保护管MPP,rag_seed/power_grid_resources/01_tender_documents/22_国网辽宁电力2025年第三次物资协议库存招标采购/extracted/电缆保护管MPP/包2_完整招标文件_53488487936896812/包2_技术规范书_53488483512605679/国家电网有限公司_电缆保护管 - 设备部(A171-500021541-00001)713595/国家电网有限公司_电缆保护管 - 设备部(A171-500021541-00001)/A171-500021541-00001 国家电网公司总部-配网标准化物资固化技术规范书-电缆保护管 MPP 非开挖.doc,1,8,performance_parameter_table,落锤冲击,任何试样均不出现破裂或裂缝。,,pending_response,medium,存在项目需求值或标准值，但投标人响应值/保证值为空。,补充泰昌响应值、保证值或明确写入无偏差承诺后复核。,"{""序号"": ""7"", ""项目"": ""落锤冲击"", ""指标"": ""任何试样均不出现破裂或裂缝。""}"
customer_liaoning_taichang_20260606_p0,辽宁,2025-03,包2,2225AC,电缆保护管MPP,rag_seed/power_grid_resources/01_tender_documents/22_国网辽宁电力2025年第三次物资协议库存招标采购/extracted/电缆保护管MPP/包2_完整招标文件_53488487936896812/包2_技术规范书_53488483512605679/国家电网有限公司_电缆保护管 - 设备部(A171-500021541-00001)713595/国家电网有限公司_电缆保护管 - 设备部(A171-500021541-00001)/A171-500021541-00001 国家电网公司总部-配网标准化物资固化技术规范书-电缆保护管 MPP 非开挖.doc,1,9,performance_parameter_table,环刚度（3%、常温）,≥32kPa,,pending_response,medium,存在项目需求值或标准值，但投标人响应值/保证值为空。,补充泰昌响应值、保证值或明确写入无偏差承诺后复核。,"{""序号"": ""8"", ""项目"": ""环刚度（3%、常温）"", ""指标"": ""≥32kPa""}"
customer_liaoning_taichang_20260606_p0,辽宁,2025-03,包2,2225AC,电缆保护管MPP,rag_seed/power_grid_resources/01_tender_documents/22_国网辽宁电力2025年第三次物资协议库存招标采购/extracted/电缆保护管MPP/包2_完整招标文件_53488487936896812/包2_技术规范书_53488483512605679/国家电网有限公司_电缆保护管 - 设备部(A171-500021541-00001)713595/国家电网有限公司_电缆保护管 - 设备部(A171-500021541-00001)/A171-500021541-00001 国家电网公司总部-配网标准化物资固化技术规范书-电缆保护管 MPP 非开挖.doc,1,10,performance_parameter_table,最小允许弯曲半径,≤75D,,pending_response,medium,存在项目需求值或标准值，但投标人响应值/保证值为空。,补充泰昌响应值、保证值或明确写入无偏差承诺后复核。,"{""序号"": ""9"", ""项目"": ""最小允许弯曲半径"", ""指标"": ""≤75D""}"
customer_liaoning_taichang_20260606_p0,辽宁,2025-03,包2,2225AC,电缆保护管MPP,rag_seed/power_grid_resources/01_tender_documents/22_国网辽宁电力2025年第三次物资协议库存招标采购/extracted/电缆保护管MPP/包2_完整招标文件_53488487936896812/包2_技术规范书_53488483512605679/国家电网有限公司_电缆保护管 - 设备部(A171-500021541-00001)713595/国家电网有限公司_电缆保护管 - 设备部(A171-500021541-00001)/A171-500021541-00001 国家电网公司总部-配网标准化物资固化技术规范书-电缆保护管 MPP 非开挖.doc,1,11,performance_parameter_table,不圆度mm：,≤2,,pending_response,medium,存在项目需求值或标准值，但投标人响应值/保证值为空。,补充泰昌响应值、保证值或明确写入无偏差承诺后复核。,"{""序号"": ""10"", ""项目"": ""不圆度mm："", ""指标"": ""≤2""}"
customer_liaoning_taichang_20260606_p0,辽宁,2025-03,包2,2225AC,电缆保护管MPP,rag_seed/power_grid_resources/01_tender_documents/22_国网辽宁电力2025年第三次物资协议库存招标采购/extracted/电缆保护管MPP/包2_完整招标文件_53488487936896812/包2_技术规范书_53488483512605679/国家电网有限公司_电缆保护管 - 设备部(A171-500021541-00001)713595/国家电网有限公司_电缆保护管 - 设备部(A171-500021541-00001)/A171-500021541-00001 国家电网公司总部-配网标准化物资固化技术规范书-电缆保护管 MPP 非开挖.doc,1,12,performance_parameter_table,滑动摩擦系数,≤0.35,,pending_response,medium,存在项目需求值或标准值，但投标人响应值/保证值为空。,补充泰昌响应值、保证值或明确写入无偏差承诺后复核。,"{""序号"": ""11"", ""项目"": ""滑动摩擦系数"", ""指标"": ""≤0.35""}"
customer_liaoning_taichang_20260606_p0,辽宁,2025-03,包2,2225AC,电缆保护管MPP,rag_seed/power_grid_resources/01_tender_documents/22_国网辽宁电力2025年第三次物资协议库存招标采购/extracted/电缆保护管MPP/包2_完整招标文件_53488487936896812/包2_技术规范书_53488483512605679/国家电网有限公司_电缆保护管 - 设备部(A171-500021541-00002)713768/国家电网有限公司_电缆保护管 - 设备部(A171-500021541-00002)/A171-500021541-00002 国家电网公司总部-配网标准化物资固化技术规范书-电缆保护管 MPP埋地用.doc,0,2,dimension_parameter_table,公称内径 100（内径）,公称内径 (mm): 100（内径）；内径允许偏差 (mm): 正公差 +0.6 负公差 0；最小壁厚 (mm): 12；壁厚允许偏差 (mm): 正公差 +1.0 负公差 0,,pending_response,medium,存在项目需求值或标准值，但投标人响应值/保证值为空。,补充泰昌响应值、保证值或明确写入无偏差承诺后复核。,"{""公称内径 (mm)"": ""100（内径）"", ""内径允许偏差 (mm)"": ""正公差 +0.6 负公差 0"", ""最小壁厚 (mm)"": ""12"", ""壁厚允许偏差 (mm)"": ""正公差 +1.0 负公差 0""}"
customer_liaoning_taichang_20260606_p0,辽宁,2025-03,包2,2225AC,电缆保护管MPP,rag_seed/power_grid_resources/01_tender_documents/22_国网辽宁电力2025年第三次物资协议库存招标采购/extracted/电缆保护管MPP/包2_完整招标文件_53488487936896812/包2_技术规范书_53488483512605679/国家电网有限公司_电缆保护管 - 设备部(A171-500021541-00002)713768/国家电网有限公司_电缆保护管 - 设备部(A171-500021541-00002)/A171-500021541-00002 国家电网公司总部-配网标准化物资固化技术规范书-电缆保护管 MPP埋地用.doc,0,3,dimension_parameter_table,公称内径 150（内径）,公称内径 (mm): 150（内径）；内径允许偏差 (mm): 正公差 +0.8 负公差 0；最小壁厚 (mm): 17；壁厚允许偏差 (mm): 正公差 +1.4 负公差 0,,pending_response,medium,存在项目需求值或标准值，但投标人响应值/保证值为空。,补充泰昌响应值、保证值或明确写入无偏差承诺后复核。,"{""公称内径 (mm)"": ""150（内径）"", ""内径允许偏差 (mm)"": ""正公差 +0.8 负公差 0"", ""最小壁厚 (mm)"": ""17"", ""壁厚允许偏差 (mm)"": ""正公差 +1.4 负公差 0""}"
customer_liaoning_taichang_20260606_p0,辽宁,2025-03,包2,2225AC,电缆保护管MPP,rag_seed/power_grid_resources/01_tender_documents/22_国网辽宁电力2025年第三次物资协议库存招标采购/extracted/电缆保护管MPP/包2_完整招标文件_53488487936896812/包2_技术规范书_53488483512605679/国家电网有限公司_电缆保护管 - 设备部(A171-500021541-00002)713768/国家电网有限公司_电缆保护管 - 设备部(A171-500021541-00002)/A171-500021541-00002 国家电网公司总部-配网标准化物资固化技术规范书-电缆保护管 MPP埋地用.doc,0,4,dimension_parameter_table,公称内径 175（内径）,公称内径 (mm): 175（内径）；内径允许偏差 (mm): 正公差 +0.9 负公差 0；最小壁厚 (mm): 20；壁厚允许偏差 (mm): 正公差 +1.4 负公差 0,,pending_response,medium,存在项目需求值或标准值，但投标人响应值/保证值为空。,补充泰昌响应值、保证值或明确写入无偏差承诺后复核。,"{""公称内径 (mm)"": ""175（内径）"", ""内径允许偏差 (mm)"": ""正公差 +0.9 负公差 0"", ""最小壁厚 (mm)"": ""20"", ""壁厚允许偏差 (mm)"": ""正公差 +1.4 负公差 0""}"
customer_liaoning_taichang_20260606_p0,辽宁,2025-03,包2,2225AC,电缆保护管MPP,rag_seed/power_grid_resources/01_tender_documents/22_国网辽宁电力2025年第三次物资协议库存招标采购/extracted/电缆保护管MPP/包2_完整招标文件_53488487936896812/包2_技术规范书_53488483512605679/国家电网有限公司_电缆保护管 - 设备部(A171-500021541-00002)713768/国家电网有限公司_电缆保护管 - 设备部(A171-500021541-00002)/A171-500021541-00002 国家电网公司总部-配网标准化物资固化技术规范书-电缆保护管 MPP埋地用.doc,0,5,dimension_parameter_table,公称内径 200（内径）,公称内径 (mm): 200（内径）；内径允许偏差 (mm): 正公差 +1.0 负公差 0；最小壁厚 (mm): 27；壁厚允许偏差 (mm): 正公差 +1.4 负公差 0,,pending_response,medium,存在项目需求值或标准值，但投标人响应值/保证值为空。,补充泰昌响应值、保证值或明确写入无偏差承诺后复核。,"{""公称内径 (mm)"": ""200（内径）"", ""内径允许偏差 (mm)"": ""正公差 +1.0 负公差 0"", ""最小壁厚 (mm)"": ""27"", ""壁厚允许偏差 (mm)"": ""正公差 +1.4 负公差 0""}"
customer_liaoning_taichang_20260606_p0,辽宁,2025-03,包2,2225AC,电缆保护管MPP,rag_seed/power_grid_resources/01_tender_documents/22_国网辽宁电力2025年第三次物资协议库存招标采购/extracted/电缆保护管MPP/包2_完整招标文件_53488487936896812/包2_技术规范书_53488483512605679/国家电网有限公司_电缆保护管 - 设备部(A171-500021541-00002)713768/国家电网有限公司_电缆保护管 - 设备部(A171-500021541-00002)/A171-500021541-00002 国家电网公司总部-配网标准化物资固化技术规范书-电缆保护管 MPP埋地用.doc,1,2,performance_parameter_table,密度g/cm３,0.90～0.94,,pending_response,medium,存在项目需求值或标准值，但投标人响应值/保证值为空。,补充泰昌响应值、保证值或明确写入无偏差承诺后复核。,"{""序号"": ""1"", ""项目"": ""密度g/cm３"", ""指标"": ""0.90～0.94""}"
customer_liaoning_taichang_20260606_p0,辽宁,2025-03,包2,2225AC,电缆保护管MPP,rag_seed/power_grid_resources/01_tender_documents/22_国网辽宁电力2025年第三次物资协议库存招标采购/extracted/电缆保护管MPP/包2_完整招标文件_53488487936896812/包2_技术规范书_53488483512605679/国家电网有限公司_电缆保护管 - 设备部(A171-500021541-00002)713768/国家电网有限公司_电缆保护管 - 设备部(A171-500021541-00002)/A171-500021541-00002 国家电网公司总部-配网标准化物资固化技术规范书-电缆保护管 MPP埋地用.doc,1,3,performance_parameter_table,拉伸强度（23±2℃）,管材：≥25MPa 接头：≥22.5MPa,,pending_response,medium,存在项目需求值或标准值，但投标人响应值/保证值为空。,补充泰昌响应值、保证值或明确写入无偏差承诺后复核。,"{""序号"": ""2"", ""项目"": ""拉伸强度（23±2℃）"", ""指标"": ""管材：≥25MPa 接头：≥22.5MPa""}"
customer_liaoning_taichang_20260606_p0,辽宁,2025-03,包2,2225AC,电缆保护管MPP,rag_seed/power_grid_resources/01_tender_documents/22_国网辽宁电力2025年第三次物资协议库存招标采购/extracted/电缆保护管MPP/包2_完整招标文件_53488487936896812/包2_技术规范书_53488483512605679/国家电网有限公司_电缆保护管 - 设备部(A171-500021541-00002)713768/国家电网有限公司_电缆保护管 - 设备部(A171-500021541-00002)/A171-500021541-00002 国家电网公司总部-配网标准化物资固化技术规范书-电缆保护管 MPP埋地用.doc,1,4,performance_parameter_table,断裂伸长率,≥200%,,pending_response,medium,存在项目需求值或标准值，但投标人响应值/保证值为空。,补充泰昌响应值、保证值或明确写入无偏差承诺后复核。,"{""序号"": ""3"", ""项目"": ""断裂伸长率"", ""指标"": ""≥200%""}"
customer_liaoning_taichang_20260606_p0,辽宁,2025-03,包2,2225AC,电缆保护管MPP,rag_seed/power_grid_resources/01_tender_documents/22_国网辽宁电力2025年第三次物资协议库存招标采购/extracted/电缆保护管MPP/包2_完整招标文件_53488487936896812/包2_技术规范书_53488483512605679/国家电网有限公司_电缆保护管 - 设备部(A171-500021541-00002)713768/国家电网有限公司_电缆保护管 - 设备部(A171-500021541-00002)/A171-500021541-00002 国家电网公司总部-配网标准化物资固化技术规范书-电缆保护管 MPP埋地用.doc,1,5,performance_parameter_table,弯曲强度（23±2℃）,≥36Mpa,,pending_response,medium,存在项目需求值或标准值，但投标人响应值/保证值为空。,补充泰昌响应值、保证值或明确写入无偏差承诺后复核。,"{""序号"": ""4"", ""项目"": ""弯曲强度（23±2℃）"", ""指标"": ""≥36Mpa""}"
customer_liaoning_taichang_20260606_p0,辽宁,2025-03,包2,2225AC,电缆保护管MPP,rag_seed/power_grid_resources/01_tender_documents/22_国网辽宁电力2025年第三次物资协议库存招标采购/extracted/电缆保护管MPP/包2_完整招标文件_53488487936896812/包2_技术规范书_53488483512605679/国家电网有限公司_电缆保护管 - 设备部(A171-500021541-00002)713768/国家电网有限公司_电缆保护管 - 设备部(A171-500021541-00002)/A171-500021541-00002 国家电网公司总部-配网标准化物资固化技术规范书-电缆保护管 MPP埋地用.doc,1,6,performance_parameter_table,扁平试验（内径的50%）,不破裂,,pending_response,medium,存在项目需求值或标准值，但投标人响应值/保证值为空。,补充泰昌响应值、保证值或明确写入无偏差承诺后复核。,"{""序号"": ""5"", ""项目"": ""扁平试验（内径的50%）"", ""指标"": ""不破裂""}"
customer_liaoning_taichang_20260606_p0,辽宁,2025-03,包2,2225AC,电缆保护管MPP,rag_seed/power_grid_resources/01_tender_documents/22_国网辽宁电力2025年第三次物资协议库存招标采购/extracted/电缆保护管MPP/包2_完整招标文件_53488487936896812/包2_技术规范书_53488483512605679/国家电网有限公司_电缆保护管 - 设备部(A171-500021541-00002)713768/国家电网有限公司_电缆保护管 - 设备部(A171-500021541-00002)/A171-500021541-00002 国家电网公司总部-配网标准化物资固化技术规范书-电缆保护管 MPP埋地用.doc,1,7,performance_parameter_table,维卡软化温度（GB/T 1633 A50法）,≥150℃,,pending_response,medium,存在项目需求值或标准值，但投标人响应值/保证值为空。,补充泰昌响应值、保证值或明确写入无偏差承诺后复核。,"{""序号"": ""6"", ""项目"": ""维卡软化温度（GB/T 1633 A50法）"", ""指标"": ""≥150℃""}"
customer_liaoning_taichang_20260606_p0,辽宁,2025-03,包2,2225AC,电缆保护管MPP,rag_seed/power_grid_resources/01_tender_documents/22_国网辽宁电力2025年第三次物资协议库存招标采购/extracted/电缆保护管MPP/包2_完整招标文件_53488487936896812/包2_技术规范书_53488483512605679/国家电网有限公司_电缆保护管 - 设备部(A171-500021541-00002)713768/国家电网有限公司_电缆保护管 - 设备部(A171-500021541-00002)/A171-500021541-00002 国家电网公司总部-配网标准化物资固化技术规范书-电缆保护管 MPP埋地用.doc,1,8,performance_parameter_table,落锤冲击,任何试样均不出现破裂或裂缝。,,pending_response,medium,存在项目需求值或标准值，但投标人响应值/保证值为空。,补充泰昌响应值、保证值或明确写入无偏差承诺后复核。,"{""序号"": ""7"", ""项目"": ""落锤冲击"", ""指标"": ""任何试样均不出现破裂或裂缝。""}"
customer_liaoning_taichang_20260606_p0,辽宁,2025-03,包2,2225AC,电缆保护管MPP,rag_seed/power_grid_resources/01_tender_documents/22_国网辽宁电力2025年第三次物资协议库存招标采购/extracted/电缆保护管MPP/包2_完整招标文件_53488487936896812/包2_技术规范书_53488483512605679/国家电网有限公司_电缆保护管 - 设备部(A171-500021541-00002)713768/国家电网有限公司_电缆保护管 - 设备部(A171-500021541-00002)/A171-500021541-00002 国家电网公司总部-配网标准化物资固化技术规范书-电缆保护管 MPP埋地用.doc,1,9,performance_parameter_table,环刚度（3%、常温）,≥32kPa,,pending_response,medium,存在项目需求值或标准值，但投标人响应值/保证值为空。,补充泰昌响应值、保证值或明确写入无偏差承诺后复核。,"{""序号"": ""8"", ""项目"": ""环刚度（3%、常温）"", ""指标"": ""≥32kPa""}"
customer_liaoning_taichang_20260606_p0,辽宁,2025-03,包2,2225AC,电缆保护管MPP,rag_seed/power_grid_resources/01_tender_documents/22_国网辽宁电力2025年第三次物资协议库存招标采购/extracted/电缆保护管MPP/包2_完整招标文件_53488487936896812/包2_技术规范书_53488483512605679/国家电网有限公司_电缆保护管 - 设备部(A171-500021541-00002)713768/国家电网有限公司_电缆保护管 - 设备部(A171-500021541-00002)/A171-500021541-00002 国家电网公司总部-配网标准化物资固化技术规范书-电缆保护管 MPP埋地用.doc,1,10,performance_parameter_table,最小允许弯曲半径,≤75D,,pending_response,medium,存在项目需求值或标准值，但投标人响应值/保证值为空。,补充泰昌响应值、保证值或明确写入无偏差承诺后复核。,"{""序号"": ""9"", ""项目"": ""最小允许弯曲半径"", ""指标"": ""≤75D""}"
customer_liaoning_taichang_20260606_p0,辽宁,2025-03,包2,2225AC,电缆保护管MPP,rag_seed/power_grid_resources/01_tender_documents/22_国网辽宁电力2025年第三次物资协议库存招标采购/extracted/电缆保护管MPP/包2_完整招标文件_53488487936896812/包2_技术规范书_53488483512605679/国家电网有限公司_电缆保护管 - 设备部(A171-500021541-00002)713768/国家电网有限公司_电缆保护管 - 设备部(A171-500021541-00002)/A171-500021541-00002 国家电网公司总部-配网标准化物资固化技术规范书-电缆保护管 MPP埋地用.doc,1,11,performance_parameter_table,不圆度mm：,≤2,,pending_response,medium,存在项目需求值或标准值，但投标人响应值/保证值为空。,补充泰昌响应值、保证值或明确写入无偏差承诺后复核。,"{""序号"": ""10"", ""项目"": ""不圆度mm："", ""指标"": ""≤2""}"
customer_liaoning_taichang_20260606_p0,辽宁,2025-03,包2,2225AC,电缆保护管MPP,rag_seed/power_grid_resources/01_tender_documents/22_国网辽宁电力2025年第三次物资协议库存招标采购/extracted/电缆保护管MPP/包2_完整招标文件_53488487936896812/包2_技术规范书_53488483512605679/国家电网有限公司_电缆保护管 - 设备部(A171-500021541-00002)713768/国家电网有限公司_电缆保护管 - 设备部(A171-500021541-00002)/A171-500021541-00002 国家电网公司总部-配网标准化物资固化技术规范书-电缆保护管 MPP埋地用.doc,1,12,performance_parameter_table,滑动摩擦系数,≤0.35,,pending_response,medium,存在项目需求值或标准值，但投标人响应值/保证值为空。,补充泰昌响应值、保证值或明确写入无偏差承诺后复核。,"{""序号"": ""11"", ""项目"": ""滑动摩擦系数"", ""指标"": ""≤0.35""}"
customer_liaoning_taichang_20260606_p0,辽宁,2025-03,包2,2225AC,电缆保护管MPP,rag_seed/power_grid_resources/01_tender_documents/22_国网辽宁电力2025年第三次物资协议库存招标采购/extracted/电缆保护管MPP/包2_完整招标文件_53488487936896812/包2_技术规范书_53488483512605679/国家电网有限公司_电缆保护管 - 设备部(A171-500047131-00001)713537/国家电网有限公司_电缆保护管 - 设备部(A171-500047131-00001)/A171-500047131-00001 国家电网公司总部-配网标准化物资固化技术规范书-电缆保护管 MPP 非开挖.doc,0,2,dimension_parameter_table,公称内径 100（内径）,公称内径 (mm): 100（内径）；内径允许偏差 (mm): 正公差 +0.6 负公差 0；最小壁厚 (mm): 8；壁厚允许偏差 (mm): 正公差 +1.0 负公差 0,,pending_response,medium,存在项目需求值或标准值，但投标人响应值/保证值为空。,补充泰昌响应值、保证值或明确写入无偏差承诺后复核。,"{""公称内径 (mm)"": ""100（内径）"", ""内径允许偏差 (mm)"": ""正公差 +0.6 负公差 0"", ""最小壁厚 (mm)"": ""8"", ""壁厚允许偏差 (mm)"": ""正公差 +1.0 负公差 0""}"
customer_liaoning_taichang_20260606_p0,辽宁,2025-03,包2,2225AC,电缆保护管MPP,rag_seed/power_grid_resources/01_tender_documents/22_国网辽宁电力2025年第三次物资协议库存招标采购/extracted/电缆保护管MPP/包2_完整招标文件_53488487936896812/包2_技术规范书_53488483512605679/国家电网有限公司_电缆保护管 - 设备部(A171-500047131-00001)713537/国家电网有限公司_电缆保护管 - 设备部(A171-500047131-00001)/A171-500047131-00001 国家电网公司总部-配网标准化物资固化技术规范书-电缆保护管 MPP 非开挖.doc,0,3,dimension_parameter_table,公称内径 150（内径）,公称内径 (mm): 150（内径）；内径允许偏差 (mm): 正公差 +0.8 负公差 0；最小壁厚 (mm): 12；壁厚允许偏差 (mm): 正公差 +1.4 负公差 0,,pending_response,medium,存在项目需求值或标准值，但投标人响应值/保证值为空。,补充泰昌响应值、保证值或明确写入无偏差承诺后复核。,"{""公称内径 (mm)"": ""150（内径）"", ""内径允许偏差 (mm)"": ""正公差 +0.8 负公差 0"", ""最小壁厚 (mm)"": ""12"", ""壁厚允许偏差 (mm)"": ""正公差 +1.4 负公差 0""}"
customer_liaoning_taichang_20260606_p0,辽宁,2025-03,包2,2225AC,电缆保护管MPP,rag_seed/power_grid_resources/01_tender_documents/22_国网辽宁电力2025年第三次物资协议库存招标采购/extracted/电缆保护管MPP/包2_完整招标文件_53488487936896812/包2_技术规范书_53488483512605679/国家电网有限公司_电缆保护管 - 设备部(A171-500047131-00001)713537/国家电网有限公司_电缆保护管 - 设备部(A171-500047131-00001)/A171-500047131-00001 国家电网公司总部-配网标准化物资固化技术规范书-电缆保护管 MPP 非开挖.doc,0,4,dimension_parameter_table,公称内径 175（内径）,公称内径 (mm): 175（内径）；内径允许偏差 (mm): 正公差 +0.9 负公差 0；最小壁厚 (mm): 14；壁厚允许偏差 (mm): 正公差 +1.4 负公差 0,,pending_response,medium,存在项目需求值或标准值，但投标人响应值/保证值为空。,补充泰昌响应值、保证值或明确写入无偏差承诺后复核。,"{""公称内径 (mm)"": ""175（内径）"", ""内径允许偏差 (mm)"": ""正公差 +0.9 负公差 0"", ""最小壁厚 (mm)"": ""14"", ""壁厚允许偏差 (mm)"": ""正公差 +1.4 负公差 0""}"
customer_liaoning_taichang_20260606_p0,辽宁,2025-03,包2,2225AC,电缆保护管MPP,rag_seed/power_grid_resources/01_tender_documents/22_国网辽宁电力2025年第三次物资协议库存招标采购/extracted/电缆保护管MPP/包2_完整招标文件_53488487936896812/包2_技术规范书_53488483512605679/国家电网有限公司_电缆保护管 - 设备部(A171-500047131-00001)713537/国家电网有限公司_电缆保护管 - 设备部(A171-500047131-00001)/A171-500047131-00001 国家电网公司总部-配网标准化物资固化技术规范书-电缆保护管 MPP 非开挖.doc,0,5,dimension_parameter_table,公称内径 200（内径）,公称内径 (mm): 200（内径）；内径允许偏差 (mm): 正公差 +1.0 负公差 0；最小壁厚 (mm): 16；壁厚允许偏差 (mm): 正公差 +1.4 负公差 0,,pending_response,medium,存在项目需求值或标准值，但投标人响应值/保证值为空。,补充泰昌响应值、保证值或明确写入无偏差承诺后复核。,"{""公称内径 (mm)"": ""200（内径）"", ""内径允许偏差 (mm)"": ""正公差 +1.0 负公差 0"", ""最小壁厚 (mm)"": ""16"", ""壁厚允许偏差 (mm)"": ""正公差 +1.4 负公差 0""}"
customer_liaoning_taichang_20260606_p0,辽宁,2025-03,包2,2225AC,电缆保护管MPP,rag_seed/power_grid_resources/01_tender_documents/22_国网辽宁电力2025年第三次物资协议库存招标采购/extracted/电缆保护管MPP/包2_完整招标文件_53488487936896812/包2_技术规范书_53488483512605679/国家电网有限公司_电缆保护管 - 设备部(A171-500047131-00001)713537/国家电网有限公司_电缆保护管 - 设备部(A171-500047131-00001)/A171-500047131-00001 国家电网公司总部-配网标准化物资固化技术规范书-电缆保护管 MPP 非开挖.doc,1,2,performance_parameter_table,密度g/cm３,0.90～0.94,,pending_response,medium,存在项目需求值或标准值，但投标人响应值/保证值为空。,补充泰昌响应值、保证值或明确写入无偏差承诺后复核。,"{""序号"": ""1"", ""项目"": ""密度g/cm３"", ""指标"": ""0.90～0.94""}"
customer_liaoning_taichang_20260606_p0,辽宁,2025-03,包2,2225AC,电缆保护管MPP,rag_seed/power_grid_resources/01_tender_documents/22_国网辽宁电力2025年第三次物资协议库存招标采购/extracted/电缆保护管MPP/包2_完整招标文件_53488487936896812/包2_技术规范书_53488483512605679/国家电网有限公司_电缆保护管 - 设备部(A171-500047131-00001)713537/国家电网有限公司_电缆保护管 - 设备部(A171-500047131-00001)/A171-500047131-00001 国家电网公司总部-配网标准化物资固化技术规范书-电缆保护管 MPP 非开挖.doc,1,3,performance_parameter_table,拉伸强度（23±2℃）,管材：≥25MPa 接头：≥22.5MPa,,pending_response,medium,存在项目需求值或标准值，但投标人响应值/保证值为空。,补充泰昌响应值、保证值或明确写入无偏差承诺后复核。,"{""序号"": ""2"", ""项目"": ""拉伸强度（23±2℃）"", ""指标"": ""管材：≥25MPa 接头：≥22.5MPa""}"
customer_liaoning_taichang_20260606_p0,辽宁,2025-03,包2,2225AC,电缆保护管MPP,rag_seed/power_grid_resources/01_tender_documents/22_国网辽宁电力2025年第三次物资协议库存招标采购/extracted/电缆保护管MPP/包2_完整招标文件_53488487936896812/包2_技术规范书_53488483512605679/国家电网有限公司_电缆保护管 - 设备部(A171-500047131-00001)713537/国家电网有限公司_电缆保护管 - 设备部(A171-500047131-00001)/A171-500047131-00001 国家电网公司总部-配网标准化物资固化技术规范书-电缆保护管 MPP 非开挖.doc,1,4,performance_parameter_table,断裂伸长率,≥200%,,pending_response,medium,存在项目需求值或标准值，但投标人响应值/保证值为空。,补充泰昌响应值、保证值或明确写入无偏差承诺后复核。,"{""序号"": ""3"", ""项目"": ""断裂伸长率"", ""指标"": ""≥200%""}"
customer_liaoning_taichang_20260606_p0,辽宁,2025-03,包2,2225AC,电缆保护管MPP,rag_seed/power_grid_resources/01_tender_documents/22_国网辽宁电力2025年第三次物资协议库存招标采购/extracted/电缆保护管MPP/包2_完整招标文件_53488487936896812/包2_技术规范书_53488483512605679/国家电网有限公司_电缆保护管 - 设备部(A171-500047131-00001)713537/国家电网有限公司_电缆保护管 - 设备部(A171-500047131-00001)/A171-500047131-00001 国家电网公司总部-配网标准化物资固化技术规范书-电缆保护管 MPP 非开挖.doc,1,5,performance_parameter_table,弯曲强度（23±2℃）,≥36Mpa,,pending_response,medium,存在项目需求值或标准值，但投标人响应值/保证值为空。,补充泰昌响应值、保证值或明确写入无偏差承诺后复核。,"{""序号"": ""4"", ""项目"": ""弯曲强度（23±2℃）"", ""指标"": ""≥36Mpa""}"
customer_liaoning_taichang_20260606_p0,辽宁,2025-03,包2,2225AC,电缆保护管MPP,rag_seed/power_grid_resources/01_tender_documents/22_国网辽宁电力2025年第三次物资协议库存招标采购/extracted/电缆保护管MPP/包2_完整招标文件_53488487936896812/包2_技术规范书_53488483512605679/国家电网有限公司_电缆保护管 - 设备部(A171-500047131-00001)713537/国家电网有限公司_电缆保护管 - 设备部(A171-500047131-00001)/A171-500047131-00001 国家电网公司总部-配网标准化物资固化技术规范书-电缆保护管 MPP 非开挖.doc,1,6,performance_parameter_table,扁平试验（内径的50%）,不破裂,,pending_response,medium,存在项目需求值或标准值，但投标人响应值/保证值为空。,补充泰昌响应值、保证值或明确写入无偏差承诺后复核。,"{""序号"": ""5"", ""项目"": ""扁平试验（内径的50%）"", ""指标"": ""不破裂""}"
customer_liaoning_taichang_20260606_p0,辽宁,2025-03,包2,2225AC,电缆保护管MPP,rag_seed/power_grid_resources/01_tender_documents/22_国网辽宁电力2025年第三次物资协议库存招标采购/extracted/电缆保护管MPP/包2_完整招标文件_53488487936896812/包2_技术规范书_53488483512605679/国家电网有限公司_电缆保护管 - 设备部(A171-500047131-00001)713537/国家电网有限公司_电缆保护管 - 设备部(A171-500047131-00001)/A171-500047131-00001 国家电网公司总部-配网标准化物资固化技术规范书-电缆保护管 MPP 非开挖.doc,1,7,performance_parameter_table,维卡软化温度（GB/T 1633 A50法）,≥150℃,,pending_response,medium,存在项目需求值或标准值，但投标人响应值/保证值为空。,补充泰昌响应值、保证值或明确写入无偏差承诺后复核。,"{""序号"": ""6"", ""项目"": ""维卡软化温度（GB/T 1633 A50法）"", ""指标"": ""≥150℃""}"
customer_liaoning_taichang_20260606_p0,辽宁,2025-03,包2,2225AC,电缆保护管MPP,rag_seed/power_grid_resources/01_tender_documents/22_国网辽宁电力2025年第三次物资协议库存招标采购/extracted/电缆保护管MPP/包2_完整招标文件_53488487936896812/包2_技术规范书_53488483512605679/国家电网有限公司_电缆保护管 - 设备部(A171-500047131-00001)713537/国家电网有限公司_电缆保护管 - 设备部(A171-500047131-00001)/A171-500047131-00001 国家电网公司总部-配网标准化物资固化技术规范书-电缆保护管 MPP 非开挖.doc,1,8,performance_parameter_table,落锤冲击,任何试样均不出现破裂或裂缝。,,pending_response,medium,存在项目需求值或标准值，但投标人响应值/保证值为空。,补充泰昌响应值、保证值或明确写入无偏差承诺后复核。,"{""序号"": ""7"", ""项目"": ""落锤冲击"", ""指标"": ""任何试样均不出现破裂或裂缝。""}"
customer_liaoning_taichang_20260606_p0,辽宁,2025-03,包2,2225AC,电缆保护管MPP,rag_seed/power_grid_resources/01_tender_documents/22_国网辽宁电力2025年第三次物资协议库存招标采购/extracted/电缆保护管MPP/包2_完整招标文件_53488487936896812/包2_技术规范书_53488483512605679/国家电网有限公司_电缆保护管 - 设备部(A171-500047131-00001)713537/国家电网有限公司_电缆保护管 - 设备部(A171-500047131-00001)/A171-500047131-00001 国家电网公司总部-配网标准化物资固化技术规范书-电缆保护管 MPP 非开挖.doc,1,9,performance_parameter_table,环刚度（3%、常温）,≥32kPa,,pending_response,medium,存在项目需求值或标准值，但投标人响应值/保证值为空。,补充泰昌响应值、保证值或明确写入无偏差承诺后复核。,"{""序号"": ""8"", ""项目"": ""环刚度（3%、常温）"", ""指标"": ""≥32kPa""}"
customer_liaoning_taichang_20260606_p0,辽宁,2025-03,包2,2225AC,电缆保护管MPP,rag_seed/power_grid_resources/01_tender_documents/22_国网辽宁电力2025年第三次物资协议库存招标采购/extracted/电缆保护管MPP/包2_完整招标文件_53488487936896812/包2_技术规范书_53488483512605679/国家电网有限公司_电缆保护管 - 设备部(A171-500047131-00001)713537/国家电网有限公司_电缆保护管 - 设备部(A171-500047131-00001)/A171-500047131-00001 国家电网公司总部-配网标准化物资固化技术规范书-电缆保护管 MPP 非开挖.doc,1,10,performance_parameter_table,最小允许弯曲半径,≤75D,,pending_response,medium,存在项目需求值或标准值，但投标人响应值/保证值为空。,补充泰昌响应值、保证值或明确写入无偏差承诺后复核。,"{""序号"": ""9"", ""项目"": ""最小允许弯曲半径"", ""指标"": ""≤75D""}"
customer_liaoning_taichang_20260606_p0,辽宁,2025-03,包2,2225AC,电缆保护管MPP,rag_seed/power_grid_resources/01_tender_documents/22_国网辽宁电力2025年第三次物资协议库存招标采购/extracted/电缆保护管MPP/包2_完整招标文件_53488487936896812/包2_技术规范书_53488483512605679/国家电网有限公司_电缆保护管 - 设备部(A171-500047131-00001)713537/国家电网有限公司_电缆保护管 - 设备部(A171-500047131-00001)/A171-500047131-00001 国家电网公司总部-配网标准化物资固化技术规范书-电缆保护管 MPP 非开挖.doc,1,11,performance_parameter_table,不圆度mm：,≤2,,pending_response,medium,存在项目需求值或标准值，但投标人响应值/保证值为空。,补充泰昌响应值、保证值或明确写入无偏差承诺后复核。,"{""序号"": ""10"", ""项目"": ""不圆度mm："", ""指标"": ""≤2""}"
customer_liaoning_taichang_20260606_p0,辽宁,2025-03,包2,2225AC,电缆保护管MPP,rag_seed/power_grid_resources/01_tender_documents/22_国网辽宁电力2025年第三次物资协议库存招标采购/extracted/电缆保护管MPP/包2_完整招标文件_53488487936896812/包2_技术规范书_53488483512605679/国家电网有限公司_电缆保护管 - 设备部(A171-500047131-00001)713537/国家电网有限公司_电缆保护管 - 设备部(A171-500047131-00001)/A171-500047131-00001 国家电网公司总部-配网标准化物资固化技术规范书-电缆保护管 MPP 非开挖.doc,1,12,performance_parameter_table,滑动摩擦系数,≤0.35,,pending_response,medium,存在项目需求值或标准值，但投标人响应值/保证值为空。,补充泰昌响应值、保证值或明确写入无偏差承诺后复核。,"{""序号"": ""11"", ""项目"": ""滑动摩擦系数"", ""指标"": ""≤0.35""}"
customer_liaoning_taichang_20260606_p0,辽宁,2025-03,包2,2225AC,电缆保护管MPP,rag_seed/power_grid_resources/01_tender_documents/22_国网辽宁电力2025年第三次物资协议库存招标采购/extracted/电缆保护管MPP/包2_完整招标文件_53488487936896812/包2_技术规范书_53488483512605679/国家电网有限公司_电缆保护管 - 设备部(A171-500047131-00002)713828/国家电网有限公司_电缆保护管 - 设备部(A171-500047131-00002)/A171-500047131-00002 国家电网公司总部-配网标准化物资固化技术规范书-电缆保护管 MPP埋地用.doc,0,2,dimension_parameter_table,公称内径 100（内径）,公称内径 (mm): 100（内径）；内径允许偏差 (mm): 正公差 +0.6 负公差 0；最小壁厚 (mm): 12；壁厚允许偏差 (mm): 正公差 +1.0 负公差 0,,pending_response,medium,存在项目需求值或标准值，但投标人响应值/保证值为空。,补充泰昌响应值、保证值或明确写入无偏差承诺后复核。,"{""公称内径 (mm)"": ""100（内径）"", ""内径允许偏差 (mm)"": ""正公差 +0.6 负公差 0"", ""最小壁厚 (mm)"": ""12"", ""壁厚允许偏差 (mm)"": ""正公差 +1.0 负公差 0""}"
customer_liaoning_taichang_20260606_p0,辽宁,2025-03,包2,2225AC,电缆保护管MPP,rag_seed/power_grid_resources/01_tender_documents/22_国网辽宁电力2025年第三次物资协议库存招标采购/extracted/电缆保护管MPP/包2_完整招标文件_53488487936896812/包2_技术规范书_53488483512605679/国家电网有限公司_电缆保护管 - 设备部(A171-500047131-00002)713828/国家电网有限公司_电缆保护管 - 设备部(A171-500047131-00002)/A171-500047131-00002 国家电网公司总部-配网标准化物资固化技术规范书-电缆保护管 MPP埋地用.doc,0,3,dimension_parameter_table,公称内径 150（内径）,公称内径 (mm): 150（内径）；内径允许偏差 (mm): 正公差 +0.8 负公差 0；最小壁厚 (mm): 17；壁厚允许偏差 (mm): 正公差 +1.4 负公差 0,,pending_response,medium,存在项目需求值或标准值，但投标人响应值/保证值为空。,补充泰昌响应值、保证值或明确写入无偏差承诺后复核。,"{""公称内径 (mm)"": ""150（内径）"", ""内径允许偏差 (mm)"": ""正公差 +0.8 负公差 0"", ""最小壁厚 (mm)"": ""17"", ""壁厚允许偏差 (mm)"": ""正公差 +1.4 负公差 0""}"
customer_liaoning_taichang_20260606_p0,辽宁,2025-03,包2,2225AC,电缆保护管MPP,rag_seed/power_grid_resources/01_tender_documents/22_国网辽宁电力2025年第三次物资协议库存招标采购/extracted/电缆保护管MPP/包2_完整招标文件_53488487936896812/包2_技术规范书_53488483512605679/国家电网有限公司_电缆保护管 - 设备部(A171-500047131-00002)713828/国家电网有限公司_电缆保护管 - 设备部(A171-500047131-00002)/A171-500047131-00002 国家电网公司总部-配网标准化物资固化技术规范书-电缆保护管 MPP埋地用.doc,0,4,dimension_parameter_table,公称内径 175（内径）,公称内径 (mm): 175（内径）；内径允许偏差 (mm): 正公差 +0.9 负公差 0；最小壁厚 (mm): 20；壁厚允许偏差 (mm): 正公差 +1.4 负公差 0,,pending_response,medium,存在项目需求值或标准值，但投标人响应值/保证值为空。,补充泰昌响应值、保证值或明确写入无偏差承诺后复核。,"{""公称内径 (mm)"": ""175（内径）"", ""内径允许偏差 (mm)"": ""正公差 +0.9 负公差 0"", ""最小壁厚 (mm)"": ""20"", ""壁厚允许偏差 (mm)"": ""正公差 +1.4 负公差 0""}"
customer_liaoning_taichang_20260606_p0,辽宁,2025-03,包2,2225AC,电缆保护管MPP,rag_seed/power_grid_resources/01_tender_documents/22_国网辽宁电力2025年第三次物资协议库存招标采购/extracted/电缆保护管MPP/包2_完整招标文件_53488487936896812/包2_技术规范书_53488483512605679/国家电网有限公司_电缆保护管 - 设备部(A171-500047131-00002)713828/国家电网有限公司_电缆保护管 - 设备部(A171-500047131-00002)/A171-500047131-00002 国家电网公司总部-配网标准化物资固化技术规范书-电缆保护管 MPP埋地用.doc,0,5,dimension_parameter_table,公称内径 200（内径）,公称内径 (mm): 200（内径）；内径允许偏差 (mm): 正公差 +1.0 负公差 0；最小壁厚 (mm): 27；壁厚允许偏差 (mm): 正公差 +1.4 负公差 0,,pending_response,medium,存在项目需求值或标准值，但投标人响应值/保证值为空。,补充泰昌响应值、保证值或明确写入无偏差承诺后复核。,"{""公称内径 (mm)"": ""200（内径）"", ""内径允许偏差 (mm)"": ""正公差 +1.0 负公差 0"", ""最小壁厚 (mm)"": ""27"", ""壁厚允许偏差 (mm)"": ""正公差 +1.4 负公差 0""}"
customer_liaoning_taichang_20260606_p0,辽宁,2025-03,包2,2225AC,电缆保护管MPP,rag_seed/power_grid_resources/01_tender_documents/22_国网辽宁电力2025年第三次物资协议库存招标采购/extracted/电缆保护管MPP/包2_完整招标文件_53488487936896812/包2_技术规范书_53488483512605679/国家电网有限公司_电缆保护管 - 设备部(A171-500047131-00002)713828/国家电网有限公司_电缆保护管 - 设备部(A171-500047131-00002)/A171-500047131-00002 国家电网公司总部-配网标准化物资固化技术规范书-电缆保护管 MPP埋地用.doc,1,2,performance_parameter_table,密度g/cm３,0.90～0.94,,pending_response,medium,存在项目需求值或标准值，但投标人响应值/保证值为空。,补充泰昌响应值、保证值或明确写入无偏差承诺后复核。,"{""序号"": ""1"", ""项目"": ""密度g/cm３"", ""指标"": ""0.90～0.94""}"
customer_liaoning_taichang_20260606_p0,辽宁,2025-03,包2,2225AC,电缆保护管MPP,rag_seed/power_grid_resources/01_tender_documents/22_国网辽宁电力2025年第三次物资协议库存招标采购/extracted/电缆保护管MPP/包2_完整招标文件_53488487936896812/包2_技术规范书_53488483512605679/国家电网有限公司_电缆保护管 - 设备部(A171-500047131-00002)713828/国家电网有限公司_电缆保护管 - 设备部(A171-500047131-00002)/A171-500047131-00002 国家电网公司总部-配网标准化物资固化技术规范书-电缆保护管 MPP埋地用.doc,1,3,performance_parameter_table,拉伸强度（23±2℃）,管材：≥25MPa 接头：≥22.5MPa,,pending_response,medium,存在项目需求值或标准值，但投标人响应值/保证值为空。,补充泰昌响应值、保证值或明确写入无偏差承诺后复核。,"{""序号"": ""2"", ""项目"": ""拉伸强度（23±2℃）"", ""指标"": ""管材：≥25MPa 接头：≥22.5MPa""}"
customer_liaoning_taichang_20260606_p0,辽宁,2025-03,包2,2225AC,电缆保护管MPP,rag_seed/power_grid_resources/01_tender_documents/22_国网辽宁电力2025年第三次物资协议库存招标采购/extracted/电缆保护管MPP/包2_完整招标文件_53488487936896812/包2_技术规范书_53488483512605679/国家电网有限公司_电缆保护管 - 设备部(A171-500047131-00002)713828/国家电网有限公司_电缆保护管 - 设备部(A171-500047131-00002)/A171-500047131-00002 国家电网公司总部-配网标准化物资固化技术规范书-电缆保护管 MPP埋地用.doc,1,4,performance_parameter_table,断裂伸长率,≥200%,,pending_response,medium,存在项目需求值或标准值，但投标人响应值/保证值为空。,补充泰昌响应值、保证值或明确写入无偏差承诺后复核。,"{""序号"": ""3"", ""项目"": ""断裂伸长率"", ""指标"": ""≥200%""}"
customer_liaoning_taichang_20260606_p0,辽宁,2025-03,包2,2225AC,电缆保护管MPP,rag_seed/power_grid_resources/01_tender_documents/22_国网辽宁电力2025年第三次物资协议库存招标采购/extracted/电缆保护管MPP/包2_完整招标文件_53488487936896812/包2_技术规范书_53488483512605679/国家电网有限公司_电缆保护管 - 设备部(A171-500047131-00002)713828/国家电网有限公司_电缆保护管 - 设备部(A171-500047131-00002)/A171-500047131-00002 国家电网公司总部-配网标准化物资固化技术规范书-电缆保护管 MPP埋地用.doc,1,5,performance_parameter_table,弯曲强度（23±2℃）,≥36Mpa,,pending_response,medium,存在项目需求值或标准值，但投标人响应值/保证值为空。,补充泰昌响应值、保证值或明确写入无偏差承诺后复核。,"{""序号"": ""4"", ""项目"": ""弯曲强度（23±2℃）"", ""指标"": ""≥36Mpa""}"
customer_liaoning_taichang_20260606_p0,辽宁,2025-03,包2,2225AC,电缆保护管MPP,rag_seed/power_grid_resources/01_tender_documents/22_国网辽宁电力2025年第三次物资协议库存招标采购/extracted/电缆保护管MPP/包2_完整招标文件_53488487936896812/包2_技术规范书_53488483512605679/国家电网有限公司_电缆保护管 - 设备部(A171-500047131-00002)713828/国家电网有限公司_电缆保护管 - 设备部(A171-500047131-00002)/A171-500047131-00002 国家电网公司总部-配网标准化物资固化技术规范书-电缆保护管 MPP埋地用.doc,1,6,performance_parameter_table,扁平试验（内径的50%）,不破裂,,pending_response,medium,存在项目需求值或标准值，但投标人响应值/保证值为空。,补充泰昌响应值、保证值或明确写入无偏差承诺后复核。,"{""序号"": ""5"", ""项目"": ""扁平试验（内径的50%）"", ""指标"": ""不破裂""}"
customer_liaoning_taichang_20260606_p0,辽宁,2025-03,包2,2225AC,电缆保护管MPP,rag_seed/power_grid_resources/01_tender_documents/22_国网辽宁电力2025年第三次物资协议库存招标采购/extracted/电缆保护管MPP/包2_完整招标文件_53488487936896812/包2_技术规范书_53488483512605679/国家电网有限公司_电缆保护管 - 设备部(A171-500047131-00002)713828/国家电网有限公司_电缆保护管 - 设备部(A171-500047131-00002)/A171-500047131-00002 国家电网公司总部-配网标准化物资固化技术规范书-电缆保护管 MPP埋地用.doc,1,7,performance_parameter_table,维卡软化温度（GB/T 1633 A50法）,≥150℃,,pending_response,medium,存在项目需求值或标准值，但投标人响应值/保证值为空。,补充泰昌响应值、保证值或明确写入无偏差承诺后复核。,"{""序号"": ""6"", ""项目"": ""维卡软化温度（GB/T 1633 A50法）"", ""指标"": ""≥150℃""}"
customer_liaoning_taichang_20260606_p0,辽宁,2025-03,包2,2225AC,电缆保护管MPP,rag_seed/power_grid_resources/01_tender_documents/22_国网辽宁电力2025年第三次物资协议库存招标采购/extracted/电缆保护管MPP/包2_完整招标文件_53488487936896812/包2_技术规范书_53488483512605679/国家电网有限公司_电缆保护管 - 设备部(A171-500047131-00002)713828/国家电网有限公司_电缆保护管 - 设备部(A171-500047131-00002)/A171-500047131-00002 国家电网公司总部-配网标准化物资固化技术规范书-电缆保护管 MPP埋地用.doc,1,8,performance_parameter_table,落锤冲击,任何试样均不出现破裂或裂缝。,,pending_response,medium,存在项目需求值或标准值，但投标人响应值/保证值为空。,补充泰昌响应值、保证值或明确写入无偏差承诺后复核。,"{""序号"": ""7"", ""项目"": ""落锤冲击"", ""指标"": ""任何试样均不出现破裂或裂缝。""}"
customer_liaoning_taichang_20260606_p0,辽宁,2025-03,包2,2225AC,电缆保护管MPP,rag_seed/power_grid_resources/01_tender_documents/22_国网辽宁电力2025年第三次物资协议库存招标采购/extracted/电缆保护管MPP/包2_完整招标文件_53488487936896812/包2_技术规范书_53488483512605679/国家电网有限公司_电缆保护管 - 设备部(A171-500047131-00002)713828/国家电网有限公司_电缆保护管 - 设备部(A171-500047131-00002)/A171-500047131-00002 国家电网公司总部-配网标准化物资固化技术规范书-电缆保护管 MPP埋地用.doc,1,9,performance_parameter_table,环刚度（3%、常温）,≥32kPa,,pending_response,medium,存在项目需求值或标准值，但投标人响应值/保证值为空。,补充泰昌响应值、保证值或明确写入无偏差承诺后复核。,"{""序号"": ""8"", ""项目"": ""环刚度（3%、常温）"", ""指标"": ""≥32kPa""}"
customer_liaoning_taichang_20260606_p0,辽宁,2025-03,包2,2225AC,电缆保护管MPP,rag_seed/power_grid_resources/01_tender_documents/22_国网辽宁电力2025年第三次物资协议库存招标采购/extracted/电缆保护管MPP/包2_完整招标文件_53488487936896812/包2_技术规范书_53488483512605679/国家电网有限公司_电缆保护管 - 设备部(A171-500047131-00002)713828/国家电网有限公司_电缆保护管 - 设备部(A171-500047131-00002)/A171-500047131-00002 国家电网公司总部-配网标准化物资固化技术规范书-电缆保护管 MPP埋地用.doc,1,10,performance_parameter_table,最小允许弯曲半径,≤75D,,pending_response,medium,存在项目需求值或标准值，但投标人响应值/保证值为空。,补充泰昌响应值、保证值或明确写入无偏差承诺后复核。,"{""序号"": ""9"", ""项目"": ""最小允许弯曲半径"", ""指标"": ""≤75D""}"
customer_liaoning_taichang_20260606_p0,辽宁,2025-03,包2,2225AC,电缆保护管MPP,rag_seed/power_grid_resources/01_tender_documents/22_国网辽宁电力2025年第三次物资协议库存招标采购/extracted/电缆保护管MPP/包2_完整招标文件_53488487936896812/包2_技术规范书_53488483512605679/国家电网有限公司_电缆保护管 - 设备部(A171-500047131-00002)713828/国家电网有限公司_电缆保护管 - 设备部(A171-500047131-00002)/A171-500047131-00002 国家电网公司总部-配网标准化物资固化技术规范书-电缆保护管 MPP埋地用.doc,1,11,performance_parameter_table,不圆度mm：,≤2,,pending_response,medium,存在项目需求值或标准值，但投标人响应值/保证值为空。,补充泰昌响应值、保证值或明确写入无偏差承诺后复核。,"{""序号"": ""10"", ""项目"": ""不圆度mm："", ""指标"": ""≤2""}"
customer_liaoning_taichang_20260606_p0,辽宁,2025-03,包2,2225AC,电缆保护管MPP,rag_seed/power_grid_resources/01_tender_documents/22_国网辽宁电力2025年第三次物资协议库存招标采购/extracted/电缆保护管MPP/包2_完整招标文件_53488487936896812/包2_技术规范书_53488483512605679/国家电网有限公司_电缆保护管 - 设备部(A171-500047131-00002)713828/国家电网有限公司_电缆保护管 - 设备部(A171-500047131-00002)/A171-500047131-00002 国家电网公司总部-配网标准化物资固化技术规范书-电缆保护管 MPP埋地用.doc,1,12,performance_parameter_table,滑动摩擦系数,≤0.35,,pending_response,medium,存在项目需求值或标准值，但投标人响应值/保证值为空。,补充泰昌响应值、保证值或明确写入无偏差承诺后复核。,"{""序号"": ""11"", ""项目"": ""滑动摩擦系数"", ""指标"": ""≤0.35""}"
customer_liaoning_taichang_20260606_p0,辽宁,2025-03,包2,2225AC,电缆保护管MPP,rag_seed/power_grid_resources/01_tender_documents/22_国网辽宁电力2025年第三次物资协议库存招标采购/extracted/电缆保护管MPP/包2_完整招标文件_53488487936896812/包2_技术规范书_53488483512605679/国网辽宁省电力有限公司_辽宁公司二级采购非结构化固化ID编制（G00J-500021520-00007）/电缆保护管-MPP非开挖（φ200）.doc,0,4,dimension_parameter_table,公称内径 100,公称壁厚 / 环刚度等级b / SN 24: 6；公称壁厚 / 环刚度等级b / SN 32: 8；公称壁厚 / 环刚度等级b / SN 40: 10；不圆度: ≤2.0,,pending_response,medium,存在项目需求值或标准值，但投标人响应值/保证值为空。,补充泰昌响应值、保证值或明确写入无偏差承诺后复核。,"{""公称内径 DN/ID"": ""100"", ""公称壁厚 / 环刚度等级b / SN 24"": ""6"", ""公称壁厚 / 环刚度等级b / SN 32"": ""8"", ""公称壁厚 / 环刚度等级b / SN 40"": ""10"", ""不圆度"": ""≤2.0""}"
customer_liaoning_taichang_20260606_p0,辽宁,2025-03,包2,2225AC,电缆保护管MPP,rag_seed/power_grid_resources/01_tender_documents/22_国网辽宁电力2025年第三次物资协议库存招标采购/extracted/电缆保护管MPP/包2_完整招标文件_53488487936896812/包2_技术规范书_53488483512605679/国网辽宁省电力有限公司_辽宁公司二级采购非结构化固化ID编制（G00J-500021520-00007）/电缆保护管-MPP非开挖（φ200）.doc,0,5,dimension_parameter_table,公称内径 125,公称壁厚 / 环刚度等级b / SN 24: 8；公称壁厚 / 环刚度等级b / SN 32: 10；公称壁厚 / 环刚度等级b / SN 40: 12；不圆度: ≤2.3,,pending_response,medium,存在项目需求值或标准值，但投标人响应值/保证值为空。,补充泰昌响应值、保证值或明确写入无偏差承诺后复核。,"{""公称内径 DN/ID"": ""125"", ""公称壁厚 / 环刚度等级b / SN 24"": ""8"", ""公称壁厚 / 环刚度等级b / SN 32"": ""10"", ""公称壁厚 / 环刚度等级b / SN 40"": ""12"", ""不圆度"": ""≤2.3""}"
customer_liaoning_taichang_20260606_p0,辽宁,2025-03,包2,2225AC,电缆保护管MPP,rag_seed/power_grid_resources/01_tender_documents/22_国网辽宁电力2025年第三次物资协议库存招标采购/extracted/电缆保护管MPP/包2_完整招标文件_53488487936896812/包2_技术规范书_53488483512605679/国网辽宁省电力有限公司_辽宁公司二级采购非结构化固化ID编制（G00J-500021520-00007）/电缆保护管-MPP非开挖（φ200）.doc,0,6,dimension_parameter_table,公称内径 150,公称壁厚 / 环刚度等级b / SN 24: 10；公称壁厚 / 环刚度等级b / SN 32: 12；公称壁厚 / 环刚度等级b / SN 40: 14；不圆度: ≤2.5,,pending_response,medium,存在项目需求值或标准值，但投标人响应值/保证值为空。,补充泰昌响应值、保证值或明确写入无偏差承诺后复核。,"{""公称内径 DN/ID"": ""150"", ""公称壁厚 / 环刚度等级b / SN 24"": ""10"", ""公称壁厚 / 环刚度等级b / SN 32"": ""12"", ""公称壁厚 / 环刚度等级b / SN 40"": ""14"", ""不圆度"": ""≤2.5""}"
customer_liaoning_taichang_20260606_p0,辽宁,2025-03,包2,2225AC,电缆保护管MPP,rag_seed/power_grid_resources/01_tender_documents/22_国网辽宁电力2025年第三次物资协议库存招标采购/extracted/电缆保护管MPP/包2_完整招标文件_53488487936896812/包2_技术规范书_53488483512605679/国网辽宁省电力有限公司_辽宁公司二级采购非结构化固化ID编制（G00J-500021520-00007）/电缆保护管-MPP非开挖（φ200）.doc,0,7,dimension_parameter_table,公称内径 175,公称壁厚 / 环刚度等级b / SN 24: 12；公称壁厚 / 环刚度等级b / SN 32: 14；公称壁厚 / 环刚度等级b / SN 40: 16；不圆度: ≤2.8,,pending_response,medium,存在项目需求值或标准值，但投标人响应值/保证值为空。,补充泰昌响应值、保证值或明确写入无偏差承诺后复核。,"{""公称内径 DN/ID"": ""175"", ""公称壁厚 / 环刚度等级b / SN 24"": ""12"", ""公称壁厚 / 环刚度等级b / SN 32"": ""14"", ""公称壁厚 / 环刚度等级b / SN 40"": ""16"", ""不圆度"": ""≤2.8""}"
customer_liaoning_taichang_20260606_p0,辽宁,2025-03,包2,2225AC,电缆保护管MPP,rag_seed/power_grid_resources/01_tender_documents/22_国网辽宁电力2025年第三次物资协议库存招标采购/extracted/电缆保护管MPP/包2_完整招标文件_53488487936896812/包2_技术规范书_53488483512605679/国网辽宁省电力有限公司_辽宁公司二级采购非结构化固化ID编制（G00J-500021520-00007）/电缆保护管-MPP非开挖（φ200）.doc,0,8,dimension_parameter_table,公称内径 200,公称壁厚 / 环刚度等级b / SN 24: 14；公称壁厚 / 环刚度等级b / SN 32: 16；公称壁厚 / 环刚度等级b / SN 40: 18；不圆度: ≤3.2,,pending_response,medium,存在项目需求值或标准值，但投标人响应值/保证值为空。,补充泰昌响应值、保证值或明确写入无偏差承诺后复核。,"{""公称内径 DN/ID"": ""200"", ""公称壁厚 / 环刚度等级b / SN 24"": ""14"", ""公称壁厚 / 环刚度等级b / SN 32"": ""16"", ""公称壁厚 / 环刚度等级b / SN 40"": ""18"", ""不圆度"": ""≤3.2""}"
customer_liaoning_taichang_20260606_p0,辽宁,2025-03,包2,2225AC,电缆保护管MPP,rag_seed/power_grid_resources/01_tender_documents/22_国网辽宁电力2025年第三次物资协议库存招标采购/extracted/电缆保护管MPP/包2_完整招标文件_53488487936896812/包2_技术规范书_53488483512605679/国网辽宁省电力有限公司_辽宁公司二级采购非结构化固化ID编制（G00J-500021520-00007）/电缆保护管-MPP非开挖（φ200）.doc,0,9,dimension_parameter_table,公称内径 225,公称壁厚 / 环刚度等级b / SN 24: 16；公称壁厚 / 环刚度等级b / SN 32: 18；公称壁厚 / 环刚度等级b / SN 40: 20；不圆度: ≤3.8,,pending_response,medium,存在项目需求值或标准值，但投标人响应值/保证值为空。,补充泰昌响应值、保证值或明确写入无偏差承诺后复核。,"{""公称内径 DN/ID"": ""225"", ""公称壁厚 / 环刚度等级b / SN 24"": ""16"", ""公称壁厚 / 环刚度等级b / SN 32"": ""18"", ""公称壁厚 / 环刚度等级b / SN 40"": ""20"", ""不圆度"": ""≤3.8""}"
customer_liaoning_taichang_20260606_p0,辽宁,2025-03,包2,2225AC,电缆保护管MPP,rag_seed/power_grid_resources/01_tender_documents/22_国网辽宁电力2025年第三次物资协议库存招标采购/extracted/电缆保护管MPP/包2_完整招标文件_53488487936896812/包2_技术规范书_53488483512605679/国网辽宁省电力有限公司_辽宁公司二级采购非结构化固化ID编制（G00J-500021520-00007）/电缆保护管-MPP非开挖（φ200）.doc,0,10,dimension_parameter_table,公称内径 250,公称壁厚 / 环刚度等级b / SN 24: 18；公称壁厚 / 环刚度等级b / SN 32: 20；公称壁厚 / 环刚度等级b / SN 40: 22；不圆度: ≤4.2,,pending_response,medium,存在项目需求值或标准值，但投标人响应值/保证值为空。,补充泰昌响应值、保证值或明确写入无偏差承诺后复核。,"{""公称内径 DN/ID"": ""250"", ""公称壁厚 / 环刚度等级b / SN 24"": ""18"", ""公称壁厚 / 环刚度等级b / SN 32"": ""20"", ""公称壁厚 / 环刚度等级b / SN 40"": ""22"", ""不圆度"": ""≤4.2""}"
customer_liaoning_taichang_20260606_p0,辽宁,2025-03,包2,2225AC,电缆保护管MPP,rag_seed/power_grid_resources/01_tender_documents/22_国网辽宁电力2025年第三次物资协议库存招标采购/extracted/电缆保护管MPP/包2_完整招标文件_53488487936896812/包2_技术规范书_53488483512605679/国网辽宁省电力有限公司_辽宁公司二级采购非结构化固化ID编制（G00J-500021520-00007）/电缆保护管-MPP非开挖（φ200）.doc,0,11,dimension_parameter_table,公称内径 280,公称壁厚 / 环刚度等级b / SN 24: 20；公称壁厚 / 环刚度等级b / SN 32: 22；公称壁厚 / 环刚度等级b / SN 40: 24；不圆度: ≤4.5,,pending_response,medium,存在项目需求值或标准值，但投标人响应值/保证值为空。,补充泰昌响应值、保证值或明确写入无偏差承诺后复核。,"{""公称内径 DN/ID"": ""280"", ""公称壁厚 / 环刚度等级b / SN 24"": ""20"", ""公称壁厚 / 环刚度等级b / SN 32"": ""22"", ""公称壁厚 / 环刚度等级b / SN 40"": ""24"", ""不圆度"": ""≤4.5""}"
customer_liaoning_taichang_20260606_p0,辽宁,2025-03,包2,2225AC,电缆保护管MPP,rag_seed/power_grid_resources/01_tender_documents/22_国网辽宁电力2025年第三次物资协议库存招标采购/extracted/电缆保护管MPP/包2_完整招标文件_53488487936896812/包2_技术规范书_53488483512605679/国网辽宁省电力有限公司_辽宁公司二级采购非结构化固化ID编制（G00J-500021520-00007）/电缆保护管-MPP非开挖（φ200）.doc,0,12,dimension_parameter_table,公称内径 315,公称壁厚 / 环刚度等级b / SN 24: 22；公称壁厚 / 环刚度等级b / SN 32: 24；公称壁厚 / 环刚度等级b / SN 40: 26；不圆度: ≤4.8,,pending_response,medium,存在项目需求值或标准值，但投标人响应值/保证值为空。,补充泰昌响应值、保证值或明确写入无偏差承诺后复核。,"{""公称内径 DN/ID"": ""315"", ""公称壁厚 / 环刚度等级b / SN 24"": ""22"", ""公称壁厚 / 环刚度等级b / SN 32"": ""24"", ""公称壁厚 / 环刚度等级b / SN 40"": ""26"", ""不圆度"": ""≤4.8""}"
customer_liaoning_taichang_20260606_p0,辽宁,2025-03,包2,2225AC,电缆保护管MPP,rag_seed/power_grid_resources/01_tender_documents/22_国网辽宁电力2025年第三次物资协议库存招标采购/extracted/电缆保护管MPP/包2_完整招标文件_53488487936896812/包2_技术规范书_53488483512605679/国网辽宁省电力有限公司_辽宁公司二级采购非结构化固化ID编制（G00J-500021520-00007）/电缆保护管-MPP非开挖（φ200）.doc,0,13,dimension_parameter_table,公称内径 355,公称壁厚 / 环刚度等级b / SN 24: 24；公称壁厚 / 环刚度等级b / SN 32: 26；公称壁厚 / 环刚度等级b / SN 40: 28；不圆度: ≤5.2,,pending_response,medium,存在项目需求值或标准值，但投标人响应值/保证值为空。,补充泰昌响应值、保证值或明确写入无偏差承诺后复核。,"{""公称内径 DN/ID"": ""355"", ""公称壁厚 / 环刚度等级b / SN 24"": ""24"", ""公称壁厚 / 环刚度等级b / SN 32"": ""26"", ""公称壁厚 / 环刚度等级b / SN 40"": ""28"", ""不圆度"": ""≤5.2""}"
customer_liaoning_taichang_20260606_p0,辽宁,2025-03,包2,2225AC,电缆保护管MPP,rag_seed/power_grid_resources/01_tender_documents/22_国网辽宁电力2025年第三次物资协议库存招标采购/extracted/电缆保护管MPP/包2_完整招标文件_53488487936896812/包2_技术规范书_53488483512605679/国网辽宁省电力有限公司_辽宁公司二级采购非结构化固化ID编制（G00J-500021520-00007）/电缆保护管-MPP非开挖（φ200）.doc,1,2,performance_parameter_table,项目,PVC电缆导管,,pending_response,medium,存在项目需求值或标准值，但投标人响应值/保证值为空。,补充泰昌响应值、保证值或明确写入无偏差承诺后复核。,"{""项目"": ""项目"", ""要 求"": ""PVC电缆导管"", ""要 求_2"": ""HDPE电缆导管"", ""要 求_3"": ""MPP电缆导管""}"
customer_liaoning_taichang_20260606_p0,辽宁,2025-03,包2,2225AC,电缆保护管MPP,rag_seed/power_grid_resources/01_tender_documents/22_国网辽宁电力2025年第三次物资协议库存招标采购/extracted/电缆保护管MPP/包2_完整招标文件_53488487936896812/包2_技术规范书_53488483512605679/国网辽宁省电力有限公司_辽宁公司二级采购非结构化固化ID编制（G00J-500021520-00007）/电缆保护管-MPP非开挖（φ200）.doc,1,3,performance_parameter_table,密度/(g/cm),1.35~1.46,,pending_response,medium,存在项目需求值或标准值，但投标人响应值/保证值为空。,补充泰昌响应值、保证值或明确写入无偏差承诺后复核。,"{""项目"": ""密度/(g/cm)"", ""要 求"": ""1.35~1.46"", ""要 求_2"": ""0.94~0.98"", ""要 求_3"": ""0.89~0.93""}"
customer_liaoning_taichang_20260606_p0,辽宁,2025-03,包2,2225AC,电缆保护管MPP,rag_seed/power_grid_resources/01_tender_documents/22_国网辽宁电力2025年第三次物资协议库存招标采购/extracted/电缆保护管MPP/包2_完整招标文件_53488487936896812/包2_技术规范书_53488483512605679/国网辽宁省电力有限公司_辽宁公司二级采购非结构化固化ID编制（G00J-500021520-00007）/电缆保护管-MPP非开挖（φ200）.doc,1,4,performance_parameter_table,环刚度/(kN/m²),SN 20:≥20,,pending_response,medium,存在项目需求值或标准值，但投标人响应值/保证值为空。,补充泰昌响应值、保证值或明确写入无偏差承诺后复核。,"{""项目"": ""环刚度/(kN/m²)"", ""要 求"": ""SN 20:≥20"", ""要 求_2"": ""SN 12:≥12"", ""要 求_3"": ""SN 24:≥24""}"
customer_liaoning_taichang_20260606_p0,辽宁,2025-03,包2,2225AC,电缆保护管MPP,rag_seed/power_grid_resources/01_tender_documents/22_国网辽宁电力2025年第三次物资协议库存招标采购/extracted/电缆保护管MPP/包2_完整招标文件_53488487936896812/包2_技术规范书_53488483512605679/国网辽宁省电力有限公司_辽宁公司二级采购非结构化固化ID编制（G00J-500021520-00007）/电缆保护管-MPP非开挖（φ200）.doc,1,5,performance_parameter_table,环刚度/(kN/m²),SN 30:≥30,,pending_response,medium,存在项目需求值或标准值，但投标人响应值/保证值为空。,补充泰昌响应值、保证值或明确写入无偏差承诺后复核。,"{""项目"": ""环刚度/(kN/m²)"", ""要 求"": ""SN 30:≥30"", ""要 求_2"": ""SN 18:≥18"", ""要 求_3"": ""SN 32:≥32""}"
customer_liaoning_taichang_20260606_p0,辽宁,2025-03,包2,2225AC,电缆保护管MPP,rag_seed/power_grid_resources/01_tender_documents/22_国网辽宁电力2025年第三次物资协议库存招标采购/extracted/电缆保护管MPP/包2_完整招标文件_53488487936896812/包2_技术规范书_53488483512605679/国网辽宁省电力有限公司_辽宁公司二级采购非结构化固化ID编制（G00J-500021520-00007）/电缆保护管-MPP非开挖（φ200）.doc,1,6,performance_parameter_table,环刚度/(kN/m²),SN40:≥40,,pending_response,medium,存在项目需求值或标准值，但投标人响应值/保证值为空。,补充泰昌响应值、保证值或明确写入无偏差承诺后复核。,"{""项目"": ""环刚度/(kN/m²)"", ""要 求"": ""SN40:≥40"", ""要 求_2"": ""SN24:≥24"", ""要 求_3"": ""SN40:≥40""}"
customer_liaoning_taichang_20260606_p0,辽宁,2025-03,包2,2225AC,电缆保护管MPP,rag_seed/power_grid_resources/01_tender_documents/22_国网辽宁电力2025年第三次物资协议库存招标采购/extracted/电缆保护管MPP/包2_完整招标文件_53488487936896812/包2_技术规范书_53488483512605679/国网辽宁省电力有限公司_辽宁公司二级采购非结构化固化ID编制（G00J-500021520-00007）/电缆保护管-MPP非开挖（φ200）.doc,1,7,performance_parameter_table,压扁试验,试样不应出现破裂,,pending_response,medium,存在项目需求值或标准值，但投标人响应值/保证值为空。,补充泰昌响应值、保证值或明确写入无偏差承诺后复核。,"{""项目"": ""压扁试验"", ""要 求"": ""试样不应出现破裂"", ""要 求_2"": ""试样不应出现破裂"", ""要 求_3"": ""试样不应出现破裂""}"
customer_liaoning_taichang_20260606_p0,辽宁,2025-03,包2,2225AC,电缆保护管MPP,rag_seed/power_grid_resources/01_tender_documents/22_国网辽宁电力2025年第三次物资协议库存招标采购/extracted/电缆保护管MPP/包2_完整招标文件_53488487936896812/包2_技术规范书_53488483512605679/国网辽宁省电力有限公司_辽宁公司二级采购非结构化固化ID编制（G00J-500021520-00007）/电缆保护管-MPP非开挖（φ200）.doc,1,8,performance_parameter_table,拉伸强度/MPa,≥40,,pending_response,medium,存在项目需求值或标准值，但投标人响应值/保证值为空。,补充泰昌响应值、保证值或明确写入无偏差承诺后复核。,"{""项目"": ""拉伸强度/MPa"", ""要 求"": ""≥40"", ""要 求_2"": ""≥22"", ""要 求_3"": ""≥25""}"
customer_liaoning_taichang_20260606_p0,辽宁,2025-03,包2,2225AC,电缆保护管MPP,rag_seed/power_grid_resources/01_tender_documents/22_国网辽宁电力2025年第三次物资协议库存招标采购/extracted/电缆保护管MPP/包2_完整招标文件_53488487936896812/包2_技术规范书_53488483512605679/国网辽宁省电力有限公司_辽宁公司二级采购非结构化固化ID编制（G00J-500021520-00007）/电缆保护管-MPP非开挖（φ200）.doc,1,9,performance_parameter_table,焊接强度*/MPa,≥30,,pending_response,medium,存在项目需求值或标准值，但投标人响应值/保证值为空。,补充泰昌响应值、保证值或明确写入无偏差承诺后复核。,"{""项目"": ""焊接强度*/MPa"", ""要 求"": ""≥30"", ""要 求_2"": ""≥22"", ""要 求_3"": ""≥22.5""}"
customer_liaoning_taichang_20260606_p0,辽宁,2025-03,包2,2225AC,电缆保护管MPP,rag_seed/power_grid_resources/01_tender_documents/22_国网辽宁电力2025年第三次物资协议库存招标采购/extracted/电缆保护管MPP/包2_完整招标文件_53488487936896812/包2_技术规范书_53488483512605679/国网辽宁省电力有限公司_辽宁公司二级采购非结构化固化ID编制（G00J-500021520-00007）/电缆保护管-MPP非开挖（φ200）.doc,1,10,performance_parameter_table,断裂伸长率/%,≥80,,pending_response,medium,存在项目需求值或标准值，但投标人响应值/保证值为空。,补充泰昌响应值、保证值或明确写入无偏差承诺后复核。,"{""项目"": ""断裂伸长率/%"", ""要 求"": ""≥80"", ""要 求_2"": ""≥350"", ""要 求_3"": ""≥150""}"
customer_liaoning_taichang_20260606_p0,辽宁,2025-03,包2,2225AC,电缆保护管MPP,rag_seed/power_grid_resources/01_tender_documents/22_国网辽宁电力2025年第三次物资协议库存招标采购/extracted/电缆保护管MPP/包2_完整招标文件_53488487936896812/包2_技术规范书_53488483512605679/国网辽宁省电力有限公司_辽宁公司二级采购非结构化固化ID编制（G00J-500021520-00007）/电缆保护管-MPP非开挖（φ200）.doc,1,11,performance_parameter_table,落锤冲击,10个试样中至少有9个不破裂,,pending_response,medium,存在项目需求值或标准值，但投标人响应值/保证值为空。,补充泰昌响应值、保证值或明确写入无偏差承诺后复核。,"{""项目"": ""落锤冲击"", ""要 求"": ""10个试样中至少有9个不破裂"", ""要 求_2"": ""10个试样中至少有9个不破裂"", ""要 求_3"": ""10个试样中至少有9个不破裂""}"
customer_liaoning_taichang_20260606_p0,辽宁,2025-03,包2,2225AC,电缆保护管MPP,rag_seed/power_grid_resources/01_tender_documents/22_国网辽宁电力2025年第三次物资协议库存招标采购/extracted/电缆保护管MPP/包2_完整招标文件_53488487936896812/包2_技术规范书_53488483512605679/国网辽宁省电力有限公司_辽宁公司二级采购非结构化固化ID编制（G00J-500021520-00007）/电缆保护管-MPP非开挖（φ200）.doc,1,12,performance_parameter_table,静摩擦系数,≤0.35,,pending_response,medium,存在项目需求值或标准值，但投标人响应值/保证值为空。,补充泰昌响应值、保证值或明确写入无偏差承诺后复核。,"{""项目"": ""静摩擦系数"", ""要 求"": ""≤0.35"", ""要 求_2"": ""≤0.35"", ""要 求_3"": ""≤0.35""}"
customer_liaoning_taichang_20260606_p0,辽宁,2025-03,包2,2225AC,电缆保护管MPP,rag_seed/power_grid_resources/01_tender_documents/22_国网辽宁电力2025年第三次物资协议库存招标采购/extracted/电缆保护管MPP/包2_完整招标文件_53488487936896812/包2_技术规范书_53488483512605679/国网辽宁省电力有限公司_辽宁公司二级采购非结构化固化ID编制（G00J-500021520-00007）/电缆保护管-MPP非开挖（φ200）.doc,1,13,performance_parameter_table,维卡软化温度/℃,≥83,,pending_response,medium,存在项目需求值或标准值，但投标人响应值/保证值为空。,补充泰昌响应值、保证值或明确写入无偏差承诺后复核。,"{""项目"": ""维卡软化温度/℃"", ""要 求"": ""≥83"", ""要 求_2"": ""≥110"", ""要 求_3"": ""≥150""}"
customer_liaoning_taichang_20260606_p0,辽宁,2025-03,包2,2225AC,电缆保护管MPP,rag_seed/power_grid_resources/01_tender_documents/22_国网辽宁电力2025年第三次物资协议库存招标采购/extracted/电缆保护管MPP/包2_完整招标文件_53488487936896812/包2_技术规范书_53488483512605679/国网辽宁省电力有限公司_辽宁公司二级采购非结构化固化ID编制（G00J-500021520-00007）/电缆保护管-MPP非开挖（φ200）.doc,1,14,performance_parameter_table,纵向回缩率/%,≤5,,pending_response,medium,存在项目需求值或标准值，但投标人响应值/保证值为空。,补充泰昌响应值、保证值或明确写入无偏差承诺后复核。,"{""项目"": ""纵向回缩率/%"", ""要 求"": ""≤5"", ""要 求_2"": ""≤3"", ""要 求_3"": ""≤3""}"
customer_liaoning_taichang_20260606_p0,辽宁,2025-03,包2,2225AC,电缆保护管MPP,rag_seed/power_grid_resources/01_tender_documents/22_国网辽宁电力2025年第三次物资协议库存招标采购/extracted/电缆保护管MPP/包2_完整招标文件_53488487936896812/包2_技术规范书_53488483512605679/国网辽宁省电力有限公司_辽宁公司二级采购非结构化固化ID编制（G00J-500021520-00007）/电缆保护管-MPP非开挖（φ200）.doc,1,15,performance_parameter_table,散热性能,常温下放置规定的时间，导管内、外壁温度均≤30℃。,,pending_response,medium,存在项目需求值或标准值，但投标人响应值/保证值为空。,补充泰昌响应值、保证值或明确写入无偏差承诺后复核。,"{""项目"": ""散热性能"", ""要 求"": ""常温下放置规定的时间，导管内、外壁温度均≤30℃。"", ""要 求_2"": ""常温下放置规定的时间，导管内、外壁温度均≤30℃。"", ""要 求_3"": ""常温下放置规定的时间，导管内、外壁温度均≤30℃。""}"
customer_liaoning_taichang_20260606_p0,辽宁,2025-03,包2,2225AC,电缆保护管MPP,rag_seed/power_grid_resources/01_tender_documents/22_国网辽宁电力2025年第三次物资协议库存招标采购/extracted/电缆保护管MPP/包2_完整招标文件_53488487936896812/包2_技术规范书_53488483512605679/国网辽宁省电力有限公司_辽宁公司二级采购非结构化固化ID编制（G00J-500021520-00007）/电缆保护管-MPP非开挖（φ200）.doc,2,2,bid_response_parameter_table,"电缆保护管-材质:MPP,标称直径:φ175",参照通用部分5.技术要求,,pending_response,medium,存在项目需求值或标准值，但投标人响应值/保证值为空。,补充泰昌响应值、保证值或明确写入无偏差承诺后复核。,"{""序号"": ""1"", ""技术参数名称"": ""电缆保护管-材质:MPP,标称直径:φ175"", ""单位"": ""米"", ""项目需求值或表述"": ""参照通用部分5.技术要求"", ""投标人响应值"": """"}"
customer_liaoning_taichang_20260606_p0,辽宁,2025-03,包2,2225AC,电缆保护管MPP,rag_seed/power_grid_resources/01_tender_documents/22_国网辽宁电力2025年第三次物资协议库存招标采购/extracted/电缆保护管MPP/包2_完整招标文件_53488487936896812/包2_技术规范书_53488483512605679/国网辽宁省电力有限公司_辽宁公司二级采购非结构化固化ID编制（G00J-500021520-00007）/电缆保护管-MPP非开挖（φ200）.doc,2,3,bid_response_parameter_table,"电缆保护管-材质:MPP,标称直径:φ200",参照通用部分5.技术要求,,pending_response,medium,存在项目需求值或标准值，但投标人响应值/保证值为空。,补充泰昌响应值、保证值或明确写入无偏差承诺后复核。,"{""序号"": ""2"", ""技术参数名称"": ""电缆保护管-材质:MPP,标称直径:φ200"", ""单位"": ""米"", ""项目需求值或表述"": ""参照通用部分5.技术要求"", ""投标人响应值"": """"}"
customer_liaoning_taichang_20260606_p0,辽宁,2025-03,包2,2225AC,电缆保护管MPP,rag_seed/power_grid_resources/01_tender_documents/22_国网辽宁电力2025年第三次物资协议库存招标采购/extracted/电缆保护管MPP/包2_完整招标文件_53488487936896812/包2_技术规范书_53488483512605679/国网辽宁省电力有限公司_辽宁公司二级采购非结构化固化ID编制（G00J-500021520-00007）/电缆保护管-MPP非开挖（φ200）.doc,3,2,bid_response_parameter_table,环境温度,+45,,pending_response,medium,存在项目需求值或标准值，但投标人响应值/保证值为空。,补充泰昌响应值、保证值或明确写入无偏差承诺后复核。,"{""序号"": ""1"", ""名称"": ""环境温度"", ""名称_2"": ""最高温度"", ""单位"": ""℃"", ""项目需求值"": ""+45"", ""投标人响应值"": """"}"
customer_liaoning_taichang_20260606_p0,辽宁,2025-03,包2,2225AC,电缆保护管MPP,rag_seed/power_grid_resources/01_tender_documents/22_国网辽宁电力2025年第三次物资协议库存招标采购/extracted/电缆保护管MPP/包2_完整招标文件_53488487936896812/包2_技术规范书_53488483512605679/国网辽宁省电力有限公司_辽宁公司二级采购非结构化固化ID编制（G00J-500021520-00007）/电缆保护管-MPP非开挖（φ200）.doc,3,3,bid_response_parameter_table,环境温度,-40,,pending_response,medium,存在项目需求值或标准值，但投标人响应值/保证值为空。,补充泰昌响应值、保证值或明确写入无偏差承诺后复核。,"{""序号"": ""1"", ""名称"": ""环境温度"", ""名称_2"": ""最低温度"", ""单位"": ""℃"", ""项目需求值"": ""-40"", ""投标人响应值"": """"}"
customer_liaoning_taichang_20260606_p0,辽宁,2025-03,包2,2225AC,电缆保护管MPP,rag_seed/power_grid_resources/01_tender_documents/22_国网辽宁电力2025年第三次物资协议库存招标采购/extracted/电缆保护管MPP/包2_完整招标文件_53488487936896812/包2_技术规范书_53488483512605679/国网辽宁省电力有限公司_辽宁公司二级采购非结构化固化ID编制（G00J-500021520-00007）/电缆保护管-MPP非开挖（φ200）.doc,3,4,bid_response_parameter_table,环境温度,25,,pending_response,medium,存在项目需求值或标准值，但投标人响应值/保证值为空。,补充泰昌响应值、保证值或明确写入无偏差承诺后复核。,"{""序号"": ""1"", ""名称"": ""环境温度"", ""名称_2"": ""最大温差"", ""单位"": ""℃"", ""项目需求值"": ""25"", ""投标人响应值"": """"}"
customer_liaoning_taichang_20260606_p0,辽宁,2025-03,包2,2225AC,电缆保护管MPP,rag_seed/power_grid_resources/01_tender_documents/22_国网辽宁电力2025年第三次物资协议库存招标采购/extracted/电缆保护管MPP/包2_完整招标文件_53488487936896812/包2_技术规范书_53488483512605679/国网辽宁省电力有限公司_辽宁公司二级采购非结构化固化ID编制（G00J-500021520-00007）/电缆保护管-MPP非开挖（φ200）.doc,3,5,bid_response_parameter_table,海拔,≤1000,,pending_response,medium,存在项目需求值或标准值，但投标人响应值/保证值为空。,补充泰昌响应值、保证值或明确写入无偏差承诺后复核。,"{""序号"": ""2"", ""名称"": ""海拔"", ""名称_2"": ""海拔"", ""单位"": ""m"", ""项目需求值"": ""≤1000"", ""投标人响应值"": """"}"
customer_liaoning_taichang_20260606_p0,辽宁,2025-03,包2,2225AC,电缆保护管MPP,rag_seed/power_grid_resources/01_tender_documents/22_国网辽宁电力2025年第三次物资协议库存招标采购/extracted/电缆保护管MPP/包2_完整招标文件_53488487936896812/包2_技术规范书_53488483512605679/国网辽宁省电力有限公司_辽宁公司二级采购非结构化固化ID编制（G00J-500021520-00007）/电缆保护管-MPP非开挖（φ200）.doc,3,6,bid_response_parameter_table,日照,0.1,,pending_response,medium,存在项目需求值或标准值，但投标人响应值/保证值为空。,补充泰昌响应值、保证值或明确写入无偏差承诺后复核。,"{""序号"": ""3"", ""名称"": ""日照"", ""名称_2"": ""日照"", ""单位"": ""W/cm²"", ""项目需求值"": ""0.1"", ""投标人响应值"": """"}"
customer_liaoning_taichang_20260606_p0,辽宁,2025-03,包2,2225AC,电缆保护管MPP,rag_seed/power_grid_resources/01_tender_documents/22_国网辽宁电力2025年第三次物资协议库存招标采购/extracted/电缆保护管MPP/包2_完整招标文件_53488487936896812/包2_技术规范书_53488483512605679/国网辽宁省电力有限公司_辽宁公司二级采购非结构化固化ID编制（G00J-500021520-00007）/电缆保护管-MPP非开挖（φ200）.doc,3,7,bid_response_parameter_table,覆冰厚度,20,,pending_response,medium,存在项目需求值或标准值，但投标人响应值/保证值为空。,补充泰昌响应值、保证值或明确写入无偏差承诺后复核。,"{""序号"": ""4"", ""名称"": ""覆冰厚度"", ""名称_2"": ""覆冰厚度"", ""单位"": ""mm"", ""项目需求值"": ""20"", ""投标人响应值"": """"}"
customer_liaoning_taichang_20260606_p0,辽宁,2025-03,包2,2225AC,电缆保护管MPP,rag_seed/power_grid_resources/01_tender_documents/22_国网辽宁电力2025年第三次物资协议库存招标采购/extracted/电缆保护管MPP/包2_完整招标文件_53488487936896812/包2_技术规范书_53488483512605679/国网辽宁省电力有限公司_辽宁公司二级采购非结构化固化ID编制（G00J-500021520-00007）/电缆保护管-MPP非开挖（φ200）.doc,3,8,bid_response_parameter_table,最大风速,35,,pending_response,medium,存在项目需求值或标准值，但投标人响应值/保证值为空。,补充泰昌响应值、保证值或明确写入无偏差承诺后复核。,"{""序号"": ""5"", ""名称"": ""最大风速"", ""名称_2"": ""最大风速"", ""单位"": ""m/s"", ""项目需求值"": ""35"", ""投标人响应值"": """"}"
customer_liaoning_taichang_20260606_p0,辽宁,2025-03,包2,2225AC,电缆保护管MPP,rag_seed/power_grid_resources/01_tender_documents/22_国网辽宁电力2025年第三次物资协议库存招标采购/extracted/电缆保护管MPP/包2_完整招标文件_53488487936896812/包2_技术规范书_53488483512605679/国网辽宁省电力有限公司_辽宁公司二级采购非结构化固化ID编制（G00J-500021520-00007）/电缆保护管-MPP非开挖（φ200）.doc,3,9,bid_response_parameter_table,埋深,＜8,,pending_response,medium,存在项目需求值或标准值，但投标人响应值/保证值为空。,补充泰昌响应值、保证值或明确写入无偏差承诺后复核。,"{""序号"": ""6"", ""名称"": ""埋深"", ""名称_2"": ""埋深"", ""单位"": ""m"", ""项目需求值"": ""＜8"", ""投标人响应值"": """"}"
customer_liaoning_taichang_20260606_p0,辽宁,2025-03,包2,2225AC,电缆保护管MPP,rag_seed/power_grid_resources/01_tender_documents/22_国网辽宁电力2025年第三次物资协议库存招标采购/extracted/电缆保护管MPP/包2_完整招标文件_53488487936896812/包2_技术规范书_53488483512605679/国网辽宁省电力有限公司_辽宁公司二级采购非结构化固化ID编制（G00J-500021520-00007）/电缆保护管-MPP非开挖（φ200）.doc,5,4,performance_parameter_table,……,,,informational,low,未识别到明确项目需求值或标准值，仅作为参数信息保留。,无需生成偏差判断，可在参数查询中展示。,"{""序号 / 1"": ""……"", ""名称 / 电缆保护管(地埋用)"": """", ""单位 / 米"": """", ""招标人要求 / 型号和规格 / 电缆保护管,MPP,φ200"": """", ""招标人要求 / 数量 / 详见货物清单"": """", ""投标人响应 / 环刚度等级 / 详见货物清单"": """", ""投标人响应 / 数量"": """"}"
customer_liaoning_taichang_20260606_p0,辽宁,2025-03,包3,2225AC,电缆保护管MPP,rag_seed/power_grid_resources/01_tender_documents/22_国网辽宁电力2025年第三次物资协议库存招标采购/extracted/电缆保护管MPP/包3_完整招标文件_53488487342213219/包3_技术规范书_53488484020778719/国家电网有限公司_电缆保护管 - 设备部(A171-500021541-00002)713768/国家电网有限公司_电缆保护管 - 设备部(A171-500021541-00002)/A171-500021541-00002 国家电网公司总部-配网标准化物资固化技术规范书-电缆保护管 MPP埋地用.doc,0,2,dimension_parameter_table,公称内径 100（内径）,公称内径 (mm): 100（内径）；内径允许偏差 (mm): 正公差 +0.6 负公差 0；最小壁厚 (mm): 12；壁厚允许偏差 (mm): 正公差 +1.0 负公差 0,,pending_response,medium,存在项目需求值或标准值，但投标人响应值/保证值为空。,补充泰昌响应值、保证值或明确写入无偏差承诺后复核。,"{""公称内径 (mm)"": ""100（内径）"", ""内径允许偏差 (mm)"": ""正公差 +0.6 负公差 0"", ""最小壁厚 (mm)"": ""12"", ""壁厚允许偏差 (mm)"": ""正公差 +1.0 负公差 0""}"
customer_liaoning_taichang_20260606_p0,辽宁,2025-03,包3,2225AC,电缆保护管MPP,rag_seed/power_grid_resources/01_tender_documents/22_国网辽宁电力2025年第三次物资协议库存招标采购/extracted/电缆保护管MPP/包3_完整招标文件_53488487342213219/包3_技术规范书_53488484020778719/国家电网有限公司_电缆保护管 - 设备部(A171-500021541-00002)713768/国家电网有限公司_电缆保护管 - 设备部(A171-500021541-00002)/A171-500021541-00002 国家电网公司总部-配网标准化物资固化技术规范书-电缆保护管 MPP埋地用.doc,0,3,dimension_parameter_table,公称内径 150（内径）,公称内径 (mm): 150（内径）；内径允许偏差 (mm): 正公差 +0.8 负公差 0；最小壁厚 (mm): 17；壁厚允许偏差 (mm): 正公差 +1.4 负公差 0,,pending_response,medium,存在项目需求值或标准值，但投标人响应值/保证值为空。,补充泰昌响应值、保证值或明确写入无偏差承诺后复核。,"{""公称内径 (mm)"": ""150（内径）"", ""内径允许偏差 (mm)"": ""正公差 +0.8 负公差 0"", ""最小壁厚 (mm)"": ""17"", ""壁厚允许偏差 (mm)"": ""正公差 +1.4 负公差 0""}"
customer_liaoning_taichang_20260606_p0,辽宁,2025-03,包3,2225AC,电缆保护管MPP,rag_seed/power_grid_resources/01_tender_documents/22_国网辽宁电力2025年第三次物资协议库存招标采购/extracted/电缆保护管MPP/包3_完整招标文件_53488487342213219/包3_技术规范书_53488484020778719/国家电网有限公司_电缆保护管 - 设备部(A171-500021541-00002)713768/国家电网有限公司_电缆保护管 - 设备部(A171-500021541-00002)/A171-500021541-00002 国家电网公司总部-配网标准化物资固化技术规范书-电缆保护管 MPP埋地用.doc,0,4,dimension_parameter_table,公称内径 175（内径）,公称内径 (mm): 175（内径）；内径允许偏差 (mm): 正公差 +0.9 负公差 0；最小壁厚 (mm): 20；壁厚允许偏差 (mm): 正公差 +1.4 负公差 0,,pending_response,medium,存在项目需求值或标准值，但投标人响应值/保证值为空。,补充泰昌响应值、保证值或明确写入无偏差承诺后复核。,"{""公称内径 (mm)"": ""175（内径）"", ""内径允许偏差 (mm)"": ""正公差 +0.9 负公差 0"", ""最小壁厚 (mm)"": ""20"", ""壁厚允许偏差 (mm)"": ""正公差 +1.4 负公差 0""}"
customer_liaoning_taichang_20260606_p0,辽宁,2025-03,包3,2225AC,电缆保护管MPP,rag_seed/power_grid_resources/01_tender_documents/22_国网辽宁电力2025年第三次物资协议库存招标采购/extracted/电缆保护管MPP/包3_完整招标文件_53488487342213219/包3_技术规范书_53488484020778719/国家电网有限公司_电缆保护管 - 设备部(A171-500021541-00002)713768/国家电网有限公司_电缆保护管 - 设备部(A171-500021541-00002)/A171-500021541-00002 国家电网公司总部-配网标准化物资固化技术规范书-电缆保护管 MPP埋地用.doc,0,5,dimension_parameter_table,公称内径 200（内径）,公称内径 (mm): 200（内径）；内径允许偏差 (mm): 正公差 +1.0 负公差 0；最小壁厚 (mm): 27；壁厚允许偏差 (mm): 正公差 +1.4 负公差 0,,pending_response,medium,存在项目需求值或标准值，但投标人响应值/保证值为空。,补充泰昌响应值、保证值或明确写入无偏差承诺后复核。,"{""公称内径 (mm)"": ""200（内径）"", ""内径允许偏差 (mm)"": ""正公差 +1.0 负公差 0"", ""最小壁厚 (mm)"": ""27"", ""壁厚允许偏差 (mm)"": ""正公差 +1.4 负公差 0""}"
customer_liaoning_taichang_20260606_p0,辽宁,2025-03,包3,2225AC,电缆保护管MPP,rag_seed/power_grid_resources/01_tender_documents/22_国网辽宁电力2025年第三次物资协议库存招标采购/extracted/电缆保护管MPP/包3_完整招标文件_53488487342213219/包3_技术规范书_53488484020778719/国家电网有限公司_电缆保护管 - 设备部(A171-500021541-00002)713768/国家电网有限公司_电缆保护管 - 设备部(A171-500021541-00002)/A171-500021541-00002 国家电网公司总部-配网标准化物资固化技术规范书-电缆保护管 MPP埋地用.doc,1,2,performance_parameter_table,密度g/cm３,0.90～0.94,,pending_response,medium,存在项目需求值或标准值，但投标人响应值/保证值为空。,补充泰昌响应值、保证值或明确写入无偏差承诺后复核。,"{""序号"": ""1"", ""项目"": ""密度g/cm３"", ""指标"": ""0.90～0.94""}"
customer_liaoning_taichang_20260606_p0,辽宁,2025-03,包3,2225AC,电缆保护管MPP,rag_seed/power_grid_resources/01_tender_documents/22_国网辽宁电力2025年第三次物资协议库存招标采购/extracted/电缆保护管MPP/包3_完整招标文件_53488487342213219/包3_技术规范书_53488484020778719/国家电网有限公司_电缆保护管 - 设备部(A171-500021541-00002)713768/国家电网有限公司_电缆保护管 - 设备部(A171-500021541-00002)/A171-500021541-00002 国家电网公司总部-配网标准化物资固化技术规范书-电缆保护管 MPP埋地用.doc,1,3,performance_parameter_table,拉伸强度（23±2℃）,管材：≥25MPa 接头：≥22.5MPa,,pending_response,medium,存在项目需求值或标准值，但投标人响应值/保证值为空。,补充泰昌响应值、保证值或明确写入无偏差承诺后复核。,"{""序号"": ""2"", ""项目"": ""拉伸强度（23±2℃）"", ""指标"": ""管材：≥25MPa 接头：≥22.5MPa""}"
customer_liaoning_taichang_20260606_p0,辽宁,2025-03,包3,2225AC,电缆保护管MPP,rag_seed/power_grid_resources/01_tender_documents/22_国网辽宁电力2025年第三次物资协议库存招标采购/extracted/电缆保护管MPP/包3_完整招标文件_53488487342213219/包3_技术规范书_53488484020778719/国家电网有限公司_电缆保护管 - 设备部(A171-500021541-00002)713768/国家电网有限公司_电缆保护管 - 设备部(A171-500021541-00002)/A171-500021541-00002 国家电网公司总部-配网标准化物资固化技术规范书-电缆保护管 MPP埋地用.doc,1,4,performance_parameter_table,断裂伸长率,≥200%,,pending_response,medium,存在项目需求值或标准值，但投标人响应值/保证值为空。,补充泰昌响应值、保证值或明确写入无偏差承诺后复核。,"{""序号"": ""3"", ""项目"": ""断裂伸长率"", ""指标"": ""≥200%""}"
customer_liaoning_taichang_20260606_p0,辽宁,2025-03,包3,2225AC,电缆保护管MPP,rag_seed/power_grid_resources/01_tender_documents/22_国网辽宁电力2025年第三次物资协议库存招标采购/extracted/电缆保护管MPP/包3_完整招标文件_53488487342213219/包3_技术规范书_53488484020778719/国家电网有限公司_电缆保护管 - 设备部(A171-500021541-00002)713768/国家电网有限公司_电缆保护管 - 设备部(A171-500021541-00002)/A171-500021541-00002 国家电网公司总部-配网标准化物资固化技术规范书-电缆保护管 MPP埋地用.doc,1,5,performance_parameter_table,弯曲强度（23±2℃）,≥36Mpa,,pending_response,medium,存在项目需求值或标准值，但投标人响应值/保证值为空。,补充泰昌响应值、保证值或明确写入无偏差承诺后复核。,"{""序号"": ""4"", ""项目"": ""弯曲强度（23±2℃）"", ""指标"": ""≥36Mpa""}"
customer_liaoning_taichang_20260606_p0,辽宁,2025-03,包3,2225AC,电缆保护管MPP,rag_seed/power_grid_resources/01_tender_documents/22_国网辽宁电力2025年第三次物资协议库存招标采购/extracted/电缆保护管MPP/包3_完整招标文件_53488487342213219/包3_技术规范书_53488484020778719/国家电网有限公司_电缆保护管 - 设备部(A171-500021541-00002)713768/国家电网有限公司_电缆保护管 - 设备部(A171-500021541-00002)/A171-500021541-00002 国家电网公司总部-配网标准化物资固化技术规范书-电缆保护管 MPP埋地用.doc,1,6,performance_parameter_table,扁平试验（内径的50%）,不破裂,,pending_response,medium,存在项目需求值或标准值，但投标人响应值/保证值为空。,补充泰昌响应值、保证值或明确写入无偏差承诺后复核。,"{""序号"": ""5"", ""项目"": ""扁平试验（内径的50%）"", ""指标"": ""不破裂""}"
customer_liaoning_taichang_20260606_p0,辽宁,2025-03,包3,2225AC,电缆保护管MPP,rag_seed/power_grid_resources/01_tender_documents/22_国网辽宁电力2025年第三次物资协议库存招标采购/extracted/电缆保护管MPP/包3_完整招标文件_53488487342213219/包3_技术规范书_53488484020778719/国家电网有限公司_电缆保护管 - 设备部(A171-500021541-00002)713768/国家电网有限公司_电缆保护管 - 设备部(A171-500021541-00002)/A171-500021541-00002 国家电网公司总部-配网标准化物资固化技术规范书-电缆保护管 MPP埋地用.doc,1,7,performance_parameter_table,维卡软化温度（GB/T 1633 A50法）,≥150℃,,pending_response,medium,存在项目需求值或标准值，但投标人响应值/保证值为空。,补充泰昌响应值、保证值或明确写入无偏差承诺后复核。,"{""序号"": ""6"", ""项目"": ""维卡软化温度（GB/T 1633 A50法）"", ""指标"": ""≥150℃""}"
customer_liaoning_taichang_20260606_p0,辽宁,2025-03,包3,2225AC,电缆保护管MPP,rag_seed/power_grid_resources/01_tender_documents/22_国网辽宁电力2025年第三次物资协议库存招标采购/extracted/电缆保护管MPP/包3_完整招标文件_53488487342213219/包3_技术规范书_53488484020778719/国家电网有限公司_电缆保护管 - 设备部(A171-500021541-00002)713768/国家电网有限公司_电缆保护管 - 设备部(A171-500021541-00002)/A171-500021541-00002 国家电网公司总部-配网标准化物资固化技术规范书-电缆保护管 MPP埋地用.doc,1,8,performance_parameter_table,落锤冲击,任何试样均不出现破裂或裂缝。,,pending_response,medium,存在项目需求值或标准值，但投标人响应值/保证值为空。,补充泰昌响应值、保证值或明确写入无偏差承诺后复核。,"{""序号"": ""7"", ""项目"": ""落锤冲击"", ""指标"": ""任何试样均不出现破裂或裂缝。""}"
customer_liaoning_taichang_20260606_p0,辽宁,2025-03,包3,2225AC,电缆保护管MPP,rag_seed/power_grid_resources/01_tender_documents/22_国网辽宁电力2025年第三次物资协议库存招标采购/extracted/电缆保护管MPP/包3_完整招标文件_53488487342213219/包3_技术规范书_53488484020778719/国家电网有限公司_电缆保护管 - 设备部(A171-500021541-00002)713768/国家电网有限公司_电缆保护管 - 设备部(A171-500021541-00002)/A171-500021541-00002 国家电网公司总部-配网标准化物资固化技术规范书-电缆保护管 MPP埋地用.doc,1,9,performance_parameter_table,环刚度（3%、常温）,≥32kPa,,pending_response,medium,存在项目需求值或标准值，但投标人响应值/保证值为空。,补充泰昌响应值、保证值或明确写入无偏差承诺后复核。,"{""序号"": ""8"", ""项目"": ""环刚度（3%、常温）"", ""指标"": ""≥32kPa""}"
customer_liaoning_taichang_20260606_p0,辽宁,2025-03,包3,2225AC,电缆保护管MPP,rag_seed/power_grid_resources/01_tender_documents/22_国网辽宁电力2025年第三次物资协议库存招标采购/extracted/电缆保护管MPP/包3_完整招标文件_53488487342213219/包3_技术规范书_53488484020778719/国家电网有限公司_电缆保护管 - 设备部(A171-500021541-00002)713768/国家电网有限公司_电缆保护管 - 设备部(A171-500021541-00002)/A171-500021541-00002 国家电网公司总部-配网标准化物资固化技术规范书-电缆保护管 MPP埋地用.doc,1,10,performance_parameter_table,最小允许弯曲半径,≤75D,,pending_response,medium,存在项目需求值或标准值，但投标人响应值/保证值为空。,补充泰昌响应值、保证值或明确写入无偏差承诺后复核。,"{""序号"": ""9"", ""项目"": ""最小允许弯曲半径"", ""指标"": ""≤75D""}"
customer_liaoning_taichang_20260606_p0,辽宁,2025-03,包3,2225AC,电缆保护管MPP,rag_seed/power_grid_resources/01_tender_documents/22_国网辽宁电力2025年第三次物资协议库存招标采购/extracted/电缆保护管MPP/包3_完整招标文件_53488487342213219/包3_技术规范书_53488484020778719/国家电网有限公司_电缆保护管 - 设备部(A171-500021541-00002)713768/国家电网有限公司_电缆保护管 - 设备部(A171-500021541-00002)/A171-500021541-00002 国家电网公司总部-配网标准化物资固化技术规范书-电缆保护管 MPP埋地用.doc,1,11,performance_parameter_table,不圆度mm：,≤2,,pending_response,medium,存在项目需求值或标准值，但投标人响应值/保证值为空。,补充泰昌响应值、保证值或明确写入无偏差承诺后复核。,"{""序号"": ""10"", ""项目"": ""不圆度mm："", ""指标"": ""≤2""}"
customer_liaoning_taichang_20260606_p0,辽宁,2025-03,包3,2225AC,电缆保护管MPP,rag_seed/power_grid_resources/01_tender_documents/22_国网辽宁电力2025年第三次物资协议库存招标采购/extracted/电缆保护管MPP/包3_完整招标文件_53488487342213219/包3_技术规范书_53488484020778719/国家电网有限公司_电缆保护管 - 设备部(A171-500021541-00002)713768/国家电网有限公司_电缆保护管 - 设备部(A171-500021541-00002)/A171-500021541-00002 国家电网公司总部-配网标准化物资固化技术规范书-电缆保护管 MPP埋地用.doc,1,12,performance_parameter_table,滑动摩擦系数,≤0.35,,pending_response,medium,存在项目需求值或标准值，但投标人响应值/保证值为空。,补充泰昌响应值、保证值或明确写入无偏差承诺后复核。,"{""序号"": ""11"", ""项目"": ""滑动摩擦系数"", ""指标"": ""≤0.35""}"
customer_liaoning_taichang_20260606_p0,辽宁,2025-03,包3,2225AC,电缆保护管MPP,rag_seed/power_grid_resources/01_tender_documents/22_国网辽宁电力2025年第三次物资协议库存招标采购/extracted/电缆保护管MPP/包3_完整招标文件_53488487342213219/包3_技术规范书_53488484020778719/国家电网有限公司_电缆保护管 - 设备部(A171-500047131-00001)713537/国家电网有限公司_电缆保护管 - 设备部(A171-500047131-00001)/A171-500047131-00001 国家电网公司总部-配网标准化物资固化技术规范书-电缆保护管 MPP 非开挖.doc,0,2,dimension_parameter_table,公称内径 100（内径）,公称内径 (mm): 100（内径）；内径允许偏差 (mm): 正公差 +0.6 负公差 0；最小壁厚 (mm): 8；壁厚允许偏差 (mm): 正公差 +1.0 负公差 0,,pending_response,medium,存在项目需求值或标准值，但投标人响应值/保证值为空。,补充泰昌响应值、保证值或明确写入无偏差承诺后复核。,"{""公称内径 (mm)"": ""100（内径）"", ""内径允许偏差 (mm)"": ""正公差 +0.6 负公差 0"", ""最小壁厚 (mm)"": ""8"", ""壁厚允许偏差 (mm)"": ""正公差 +1.0 负公差 0""}"
customer_liaoning_taichang_20260606_p0,辽宁,2025-03,包3,2225AC,电缆保护管MPP,rag_seed/power_grid_resources/01_tender_documents/22_国网辽宁电力2025年第三次物资协议库存招标采购/extracted/电缆保护管MPP/包3_完整招标文件_53488487342213219/包3_技术规范书_53488484020778719/国家电网有限公司_电缆保护管 - 设备部(A171-500047131-00001)713537/国家电网有限公司_电缆保护管 - 设备部(A171-500047131-00001)/A171-500047131-00001 国家电网公司总部-配网标准化物资固化技术规范书-电缆保护管 MPP 非开挖.doc,0,3,dimension_parameter_table,公称内径 150（内径）,公称内径 (mm): 150（内径）；内径允许偏差 (mm): 正公差 +0.8 负公差 0；最小壁厚 (mm): 12；壁厚允许偏差 (mm): 正公差 +1.4 负公差 0,,pending_response,medium,存在项目需求值或标准值，但投标人响应值/保证值为空。,补充泰昌响应值、保证值或明确写入无偏差承诺后复核。,"{""公称内径 (mm)"": ""150（内径）"", ""内径允许偏差 (mm)"": ""正公差 +0.8 负公差 0"", ""最小壁厚 (mm)"": ""12"", ""壁厚允许偏差 (mm)"": ""正公差 +1.4 负公差 0""}"
customer_liaoning_taichang_20260606_p0,辽宁,2025-03,包3,2225AC,电缆保护管MPP,rag_seed/power_grid_resources/01_tender_documents/22_国网辽宁电力2025年第三次物资协议库存招标采购/extracted/电缆保护管MPP/包3_完整招标文件_53488487342213219/包3_技术规范书_53488484020778719/国家电网有限公司_电缆保护管 - 设备部(A171-500047131-00001)713537/国家电网有限公司_电缆保护管 - 设备部(A171-500047131-00001)/A171-500047131-00001 国家电网公司总部-配网标准化物资固化技术规范书-电缆保护管 MPP 非开挖.doc,0,4,dimension_parameter_table,公称内径 175（内径）,公称内径 (mm): 175（内径）；内径允许偏差 (mm): 正公差 +0.9 负公差 0；最小壁厚 (mm): 14；壁厚允许偏差 (mm): 正公差 +1.4 负公差 0,,pending_response,medium,存在项目需求值或标准值，但投标人响应值/保证值为空。,补充泰昌响应值、保证值或明确写入无偏差承诺后复核。,"{""公称内径 (mm)"": ""175（内径）"", ""内径允许偏差 (mm)"": ""正公差 +0.9 负公差 0"", ""最小壁厚 (mm)"": ""14"", ""壁厚允许偏差 (mm)"": ""正公差 +1.4 负公差 0""}"
customer_liaoning_taichang_20260606_p0,辽宁,2025-03,包3,2225AC,电缆保护管MPP,rag_seed/power_grid_resources/01_tender_documents/22_国网辽宁电力2025年第三次物资协议库存招标采购/extracted/电缆保护管MPP/包3_完整招标文件_53488487342213219/包3_技术规范书_53488484020778719/国家电网有限公司_电缆保护管 - 设备部(A171-500047131-00001)713537/国家电网有限公司_电缆保护管 - 设备部(A171-500047131-00001)/A171-500047131-00001 国家电网公司总部-配网标准化物资固化技术规范书-电缆保护管 MPP 非开挖.doc,0,5,dimension_parameter_table,公称内径 200（内径）,公称内径 (mm): 200（内径）；内径允许偏差 (mm): 正公差 +1.0 负公差 0；最小壁厚 (mm): 16；壁厚允许偏差 (mm): 正公差 +1.4 负公差 0,,pending_response,medium,存在项目需求值或标准值，但投标人响应值/保证值为空。,补充泰昌响应值、保证值或明确写入无偏差承诺后复核。,"{""公称内径 (mm)"": ""200（内径）"", ""内径允许偏差 (mm)"": ""正公差 +1.0 负公差 0"", ""最小壁厚 (mm)"": ""16"", ""壁厚允许偏差 (mm)"": ""正公差 +1.4 负公差 0""}"
customer_liaoning_taichang_20260606_p0,辽宁,2025-03,包3,2225AC,电缆保护管MPP,rag_seed/power_grid_resources/01_tender_documents/22_国网辽宁电力2025年第三次物资协议库存招标采购/extracted/电缆保护管MPP/包3_完整招标文件_53488487342213219/包3_技术规范书_53488484020778719/国家电网有限公司_电缆保护管 - 设备部(A171-500047131-00001)713537/国家电网有限公司_电缆保护管 - 设备部(A171-500047131-00001)/A171-500047131-00001 国家电网公司总部-配网标准化物资固化技术规范书-电缆保护管 MPP 非开挖.doc,1,2,performance_parameter_table,密度g/cm３,0.90～0.94,,pending_response,medium,存在项目需求值或标准值，但投标人响应值/保证值为空。,补充泰昌响应值、保证值或明确写入无偏差承诺后复核。,"{""序号"": ""1"", ""项目"": ""密度g/cm３"", ""指标"": ""0.90～0.94""}"
customer_liaoning_taichang_20260606_p0,辽宁,2025-03,包3,2225AC,电缆保护管MPP,rag_seed/power_grid_resources/01_tender_documents/22_国网辽宁电力2025年第三次物资协议库存招标采购/extracted/电缆保护管MPP/包3_完整招标文件_53488487342213219/包3_技术规范书_53488484020778719/国家电网有限公司_电缆保护管 - 设备部(A171-500047131-00001)713537/国家电网有限公司_电缆保护管 - 设备部(A171-500047131-00001)/A171-500047131-00001 国家电网公司总部-配网标准化物资固化技术规范书-电缆保护管 MPP 非开挖.doc,1,3,performance_parameter_table,拉伸强度（23±2℃）,管材：≥25MPa 接头：≥22.5MPa,,pending_response,medium,存在项目需求值或标准值，但投标人响应值/保证值为空。,补充泰昌响应值、保证值或明确写入无偏差承诺后复核。,"{""序号"": ""2"", ""项目"": ""拉伸强度（23±2℃）"", ""指标"": ""管材：≥25MPa 接头：≥22.5MPa""}"
customer_liaoning_taichang_20260606_p0,辽宁,2025-03,包3,2225AC,电缆保护管MPP,rag_seed/power_grid_resources/01_tender_documents/22_国网辽宁电力2025年第三次物资协议库存招标采购/extracted/电缆保护管MPP/包3_完整招标文件_53488487342213219/包3_技术规范书_53488484020778719/国家电网有限公司_电缆保护管 - 设备部(A171-500047131-00001)713537/国家电网有限公司_电缆保护管 - 设备部(A171-500047131-00001)/A171-500047131-00001 国家电网公司总部-配网标准化物资固化技术规范书-电缆保护管 MPP 非开挖.doc,1,4,performance_parameter_table,断裂伸长率,≥200%,,pending_response,medium,存在项目需求值或标准值，但投标人响应值/保证值为空。,补充泰昌响应值、保证值或明确写入无偏差承诺后复核。,"{""序号"": ""3"", ""项目"": ""断裂伸长率"", ""指标"": ""≥200%""}"
customer_liaoning_taichang_20260606_p0,辽宁,2025-03,包3,2225AC,电缆保护管MPP,rag_seed/power_grid_resources/01_tender_documents/22_国网辽宁电力2025年第三次物资协议库存招标采购/extracted/电缆保护管MPP/包3_完整招标文件_53488487342213219/包3_技术规范书_53488484020778719/国家电网有限公司_电缆保护管 - 设备部(A171-500047131-00001)713537/国家电网有限公司_电缆保护管 - 设备部(A171-500047131-00001)/A171-500047131-00001 国家电网公司总部-配网标准化物资固化技术规范书-电缆保护管 MPP 非开挖.doc,1,5,performance_parameter_table,弯曲强度（23±2℃）,≥36Mpa,,pending_response,medium,存在项目需求值或标准值，但投标人响应值/保证值为空。,补充泰昌响应值、保证值或明确写入无偏差承诺后复核。,"{""序号"": ""4"", ""项目"": ""弯曲强度（23±2℃）"", ""指标"": ""≥36Mpa""}"
customer_liaoning_taichang_20260606_p0,辽宁,2025-03,包3,2225AC,电缆保护管MPP,rag_seed/power_grid_resources/01_tender_documents/22_国网辽宁电力2025年第三次物资协议库存招标采购/extracted/电缆保护管MPP/包3_完整招标文件_53488487342213219/包3_技术规范书_53488484020778719/国家电网有限公司_电缆保护管 - 设备部(A171-500047131-00001)713537/国家电网有限公司_电缆保护管 - 设备部(A171-500047131-00001)/A171-500047131-00001 国家电网公司总部-配网标准化物资固化技术规范书-电缆保护管 MPP 非开挖.doc,1,6,performance_parameter_table,扁平试验（内径的50%）,不破裂,,pending_response,medium,存在项目需求值或标准值，但投标人响应值/保证值为空。,补充泰昌响应值、保证值或明确写入无偏差承诺后复核。,"{""序号"": ""5"", ""项目"": ""扁平试验（内径的50%）"", ""指标"": ""不破裂""}"
customer_liaoning_taichang_20260606_p0,辽宁,2025-03,包3,2225AC,电缆保护管MPP,rag_seed/power_grid_resources/01_tender_documents/22_国网辽宁电力2025年第三次物资协议库存招标采购/extracted/电缆保护管MPP/包3_完整招标文件_53488487342213219/包3_技术规范书_53488484020778719/国家电网有限公司_电缆保护管 - 设备部(A171-500047131-00001)713537/国家电网有限公司_电缆保护管 - 设备部(A171-500047131-00001)/A171-500047131-00001 国家电网公司总部-配网标准化物资固化技术规范书-电缆保护管 MPP 非开挖.doc,1,7,performance_parameter_table,维卡软化温度（GB/T 1633 A50法）,≥150℃,,pending_response,medium,存在项目需求值或标准值，但投标人响应值/保证值为空。,补充泰昌响应值、保证值或明确写入无偏差承诺后复核。,"{""序号"": ""6"", ""项目"": ""维卡软化温度（GB/T 1633 A50法）"", ""指标"": ""≥150℃""}"
customer_liaoning_taichang_20260606_p0,辽宁,2025-03,包3,2225AC,电缆保护管MPP,rag_seed/power_grid_resources/01_tender_documents/22_国网辽宁电力2025年第三次物资协议库存招标采购/extracted/电缆保护管MPP/包3_完整招标文件_53488487342213219/包3_技术规范书_53488484020778719/国家电网有限公司_电缆保护管 - 设备部(A171-500047131-00001)713537/国家电网有限公司_电缆保护管 - 设备部(A171-500047131-00001)/A171-500047131-00001 国家电网公司总部-配网标准化物资固化技术规范书-电缆保护管 MPP 非开挖.doc,1,8,performance_parameter_table,落锤冲击,任何试样均不出现破裂或裂缝。,,pending_response,medium,存在项目需求值或标准值，但投标人响应值/保证值为空。,补充泰昌响应值、保证值或明确写入无偏差承诺后复核。,"{""序号"": ""7"", ""项目"": ""落锤冲击"", ""指标"": ""任何试样均不出现破裂或裂缝。""}"
customer_liaoning_taichang_20260606_p0,辽宁,2025-03,包3,2225AC,电缆保护管MPP,rag_seed/power_grid_resources/01_tender_documents/22_国网辽宁电力2025年第三次物资协议库存招标采购/extracted/电缆保护管MPP/包3_完整招标文件_53488487342213219/包3_技术规范书_53488484020778719/国家电网有限公司_电缆保护管 - 设备部(A171-500047131-00001)713537/国家电网有限公司_电缆保护管 - 设备部(A171-500047131-00001)/A171-500047131-00001 国家电网公司总部-配网标准化物资固化技术规范书-电缆保护管 MPP 非开挖.doc,1,9,performance_parameter_table,环刚度（3%、常温）,≥32kPa,,pending_response,medium,存在项目需求值或标准值，但投标人响应值/保证值为空。,补充泰昌响应值、保证值或明确写入无偏差承诺后复核。,"{""序号"": ""8"", ""项目"": ""环刚度（3%、常温）"", ""指标"": ""≥32kPa""}"
customer_liaoning_taichang_20260606_p0,辽宁,2025-03,包3,2225AC,电缆保护管MPP,rag_seed/power_grid_resources/01_tender_documents/22_国网辽宁电力2025年第三次物资协议库存招标采购/extracted/电缆保护管MPP/包3_完整招标文件_53488487342213219/包3_技术规范书_53488484020778719/国家电网有限公司_电缆保护管 - 设备部(A171-500047131-00001)713537/国家电网有限公司_电缆保护管 - 设备部(A171-500047131-00001)/A171-500047131-00001 国家电网公司总部-配网标准化物资固化技术规范书-电缆保护管 MPP 非开挖.doc,1,10,performance_parameter_table,最小允许弯曲半径,≤75D,,pending_response,medium,存在项目需求值或标准值，但投标人响应值/保证值为空。,补充泰昌响应值、保证值或明确写入无偏差承诺后复核。,"{""序号"": ""9"", ""项目"": ""最小允许弯曲半径"", ""指标"": ""≤75D""}"
customer_liaoning_taichang_20260606_p0,辽宁,2025-03,包3,2225AC,电缆保护管MPP,rag_seed/power_grid_resources/01_tender_documents/22_国网辽宁电力2025年第三次物资协议库存招标采购/extracted/电缆保护管MPP/包3_完整招标文件_53488487342213219/包3_技术规范书_53488484020778719/国家电网有限公司_电缆保护管 - 设备部(A171-500047131-00001)713537/国家电网有限公司_电缆保护管 - 设备部(A171-500047131-00001)/A171-500047131-00001 国家电网公司总部-配网标准化物资固化技术规范书-电缆保护管 MPP 非开挖.doc,1,11,performance_parameter_table,不圆度mm：,≤2,,pending_response,medium,存在项目需求值或标准值，但投标人响应值/保证值为空。,补充泰昌响应值、保证值或明确写入无偏差承诺后复核。,"{""序号"": ""10"", ""项目"": ""不圆度mm："", ""指标"": ""≤2""}"
customer_liaoning_taichang_20260606_p0,辽宁,2025-03,包3,2225AC,电缆保护管MPP,rag_seed/power_grid_resources/01_tender_documents/22_国网辽宁电力2025年第三次物资协议库存招标采购/extracted/电缆保护管MPP/包3_完整招标文件_53488487342213219/包3_技术规范书_53488484020778719/国家电网有限公司_电缆保护管 - 设备部(A171-500047131-00001)713537/国家电网有限公司_电缆保护管 - 设备部(A171-500047131-00001)/A171-500047131-00001 国家电网公司总部-配网标准化物资固化技术规范书-电缆保护管 MPP 非开挖.doc,1,12,performance_parameter_table,滑动摩擦系数,≤0.35,,pending_response,medium,存在项目需求值或标准值，但投标人响应值/保证值为空。,补充泰昌响应值、保证值或明确写入无偏差承诺后复核。,"{""序号"": ""11"", ""项目"": ""滑动摩擦系数"", ""指标"": ""≤0.35""}"
customer_liaoning_taichang_20260606_p0,辽宁,2025-03,包3,2225AC,电缆保护管MPP,rag_seed/power_grid_resources/01_tender_documents/22_国网辽宁电力2025年第三次物资协议库存招标采购/extracted/电缆保护管MPP/包3_完整招标文件_53488487342213219/包3_技术规范书_53488484020778719/国家电网有限公司_电缆保护管 - 设备部(A171-500047131-00002)713828/国家电网有限公司_电缆保护管 - 设备部(A171-500047131-00002)/A171-500047131-00002 国家电网公司总部-配网标准化物资固化技术规范书-电缆保护管 MPP埋地用.doc,0,2,dimension_parameter_table,公称内径 100（内径）,公称内径 (mm): 100（内径）；内径允许偏差 (mm): 正公差 +0.6 负公差 0；最小壁厚 (mm): 12；壁厚允许偏差 (mm): 正公差 +1.0 负公差 0,,pending_response,medium,存在项目需求值或标准值，但投标人响应值/保证值为空。,补充泰昌响应值、保证值或明确写入无偏差承诺后复核。,"{""公称内径 (mm)"": ""100（内径）"", ""内径允许偏差 (mm)"": ""正公差 +0.6 负公差 0"", ""最小壁厚 (mm)"": ""12"", ""壁厚允许偏差 (mm)"": ""正公差 +1.0 负公差 0""}"
customer_liaoning_taichang_20260606_p0,辽宁,2025-03,包3,2225AC,电缆保护管MPP,rag_seed/power_grid_resources/01_tender_documents/22_国网辽宁电力2025年第三次物资协议库存招标采购/extracted/电缆保护管MPP/包3_完整招标文件_53488487342213219/包3_技术规范书_53488484020778719/国家电网有限公司_电缆保护管 - 设备部(A171-500047131-00002)713828/国家电网有限公司_电缆保护管 - 设备部(A171-500047131-00002)/A171-500047131-00002 国家电网公司总部-配网标准化物资固化技术规范书-电缆保护管 MPP埋地用.doc,0,3,dimension_parameter_table,公称内径 150（内径）,公称内径 (mm): 150（内径）；内径允许偏差 (mm): 正公差 +0.8 负公差 0；最小壁厚 (mm): 17；壁厚允许偏差 (mm): 正公差 +1.4 负公差 0,,pending_response,medium,存在项目需求值或标准值，但投标人响应值/保证值为空。,补充泰昌响应值、保证值或明确写入无偏差承诺后复核。,"{""公称内径 (mm)"": ""150（内径）"", ""内径允许偏差 (mm)"": ""正公差 +0.8 负公差 0"", ""最小壁厚 (mm)"": ""17"", ""壁厚允许偏差 (mm)"": ""正公差 +1.4 负公差 0""}"
customer_liaoning_taichang_20260606_p0,辽宁,2025-03,包3,2225AC,电缆保护管MPP,rag_seed/power_grid_resources/01_tender_documents/22_国网辽宁电力2025年第三次物资协议库存招标采购/extracted/电缆保护管MPP/包3_完整招标文件_53488487342213219/包3_技术规范书_53488484020778719/国家电网有限公司_电缆保护管 - 设备部(A171-500047131-00002)713828/国家电网有限公司_电缆保护管 - 设备部(A171-500047131-00002)/A171-500047131-00002 国家电网公司总部-配网标准化物资固化技术规范书-电缆保护管 MPP埋地用.doc,0,4,dimension_parameter_table,公称内径 175（内径）,公称内径 (mm): 175（内径）；内径允许偏差 (mm): 正公差 +0.9 负公差 0；最小壁厚 (mm): 20；壁厚允许偏差 (mm): 正公差 +1.4 负公差 0,,pending_response,medium,存在项目需求值或标准值，但投标人响应值/保证值为空。,补充泰昌响应值、保证值或明确写入无偏差承诺后复核。,"{""公称内径 (mm)"": ""175（内径）"", ""内径允许偏差 (mm)"": ""正公差 +0.9 负公差 0"", ""最小壁厚 (mm)"": ""20"", ""壁厚允许偏差 (mm)"": ""正公差 +1.4 负公差 0""}"
customer_liaoning_taichang_20260606_p0,辽宁,2025-03,包3,2225AC,电缆保护管MPP,rag_seed/power_grid_resources/01_tender_documents/22_国网辽宁电力2025年第三次物资协议库存招标采购/extracted/电缆保护管MPP/包3_完整招标文件_53488487342213219/包3_技术规范书_53488484020778719/国家电网有限公司_电缆保护管 - 设备部(A171-500047131-00002)713828/国家电网有限公司_电缆保护管 - 设备部(A171-500047131-00002)/A171-500047131-00002 国家电网公司总部-配网标准化物资固化技术规范书-电缆保护管 MPP埋地用.doc,0,5,dimension_parameter_table,公称内径 200（内径）,公称内径 (mm): 200（内径）；内径允许偏差 (mm): 正公差 +1.0 负公差 0；最小壁厚 (mm): 27；壁厚允许偏差 (mm): 正公差 +1.4 负公差 0,,pending_response,medium,存在项目需求值或标准值，但投标人响应值/保证值为空。,补充泰昌响应值、保证值或明确写入无偏差承诺后复核。,"{""公称内径 (mm)"": ""200（内径）"", ""内径允许偏差 (mm)"": ""正公差 +1.0 负公差 0"", ""最小壁厚 (mm)"": ""27"", ""壁厚允许偏差 (mm)"": ""正公差 +1.4 负公差 0""}"
customer_liaoning_taichang_20260606_p0,辽宁,2025-03,包3,2225AC,电缆保护管MPP,rag_seed/power_grid_resources/01_tender_documents/22_国网辽宁电力2025年第三次物资协议库存招标采购/extracted/电缆保护管MPP/包3_完整招标文件_53488487342213219/包3_技术规范书_53488484020778719/国家电网有限公司_电缆保护管 - 设备部(A171-500047131-00002)713828/国家电网有限公司_电缆保护管 - 设备部(A171-500047131-00002)/A171-500047131-00002 国家电网公司总部-配网标准化物资固化技术规范书-电缆保护管 MPP埋地用.doc,1,2,performance_parameter_table,密度g/cm３,0.90～0.94,,pending_response,medium,存在项目需求值或标准值，但投标人响应值/保证值为空。,补充泰昌响应值、保证值或明确写入无偏差承诺后复核。,"{""序号"": ""1"", ""项目"": ""密度g/cm３"", ""指标"": ""0.90～0.94""}"
customer_liaoning_taichang_20260606_p0,辽宁,2025-03,包3,2225AC,电缆保护管MPP,rag_seed/power_grid_resources/01_tender_documents/22_国网辽宁电力2025年第三次物资协议库存招标采购/extracted/电缆保护管MPP/包3_完整招标文件_53488487342213219/包3_技术规范书_53488484020778719/国家电网有限公司_电缆保护管 - 设备部(A171-500047131-00002)713828/国家电网有限公司_电缆保护管 - 设备部(A171-500047131-00002)/A171-500047131-00002 国家电网公司总部-配网标准化物资固化技术规范书-电缆保护管 MPP埋地用.doc,1,3,performance_parameter_table,拉伸强度（23±2℃）,管材：≥25MPa 接头：≥22.5MPa,,pending_response,medium,存在项目需求值或标准值，但投标人响应值/保证值为空。,补充泰昌响应值、保证值或明确写入无偏差承诺后复核。,"{""序号"": ""2"", ""项目"": ""拉伸强度（23±2℃）"", ""指标"": ""管材：≥25MPa 接头：≥22.5MPa""}"
customer_liaoning_taichang_20260606_p0,辽宁,2025-03,包3,2225AC,电缆保护管MPP,rag_seed/power_grid_resources/01_tender_documents/22_国网辽宁电力2025年第三次物资协议库存招标采购/extracted/电缆保护管MPP/包3_完整招标文件_53488487342213219/包3_技术规范书_53488484020778719/国家电网有限公司_电缆保护管 - 设备部(A171-500047131-00002)713828/国家电网有限公司_电缆保护管 - 设备部(A171-500047131-00002)/A171-500047131-00002 国家电网公司总部-配网标准化物资固化技术规范书-电缆保护管 MPP埋地用.doc,1,4,performance_parameter_table,断裂伸长率,≥200%,,pending_response,medium,存在项目需求值或标准值，但投标人响应值/保证值为空。,补充泰昌响应值、保证值或明确写入无偏差承诺后复核。,"{""序号"": ""3"", ""项目"": ""断裂伸长率"", ""指标"": ""≥200%""}"
customer_liaoning_taichang_20260606_p0,辽宁,2025-03,包3,2225AC,电缆保护管MPP,rag_seed/power_grid_resources/01_tender_documents/22_国网辽宁电力2025年第三次物资协议库存招标采购/extracted/电缆保护管MPP/包3_完整招标文件_53488487342213219/包3_技术规范书_53488484020778719/国家电网有限公司_电缆保护管 - 设备部(A171-500047131-00002)713828/国家电网有限公司_电缆保护管 - 设备部(A171-500047131-00002)/A171-500047131-00002 国家电网公司总部-配网标准化物资固化技术规范书-电缆保护管 MPP埋地用.doc,1,5,performance_parameter_table,弯曲强度（23±2℃）,≥36Mpa,,pending_response,medium,存在项目需求值或标准值，但投标人响应值/保证值为空。,补充泰昌响应值、保证值或明确写入无偏差承诺后复核。,"{""序号"": ""4"", ""项目"": ""弯曲强度（23±2℃）"", ""指标"": ""≥36Mpa""}"
customer_liaoning_taichang_20260606_p0,辽宁,2025-03,包3,2225AC,电缆保护管MPP,rag_seed/power_grid_resources/01_tender_documents/22_国网辽宁电力2025年第三次物资协议库存招标采购/extracted/电缆保护管MPP/包3_完整招标文件_53488487342213219/包3_技术规范书_53488484020778719/国家电网有限公司_电缆保护管 - 设备部(A171-500047131-00002)713828/国家电网有限公司_电缆保护管 - 设备部(A171-500047131-00002)/A171-500047131-00002 国家电网公司总部-配网标准化物资固化技术规范书-电缆保护管 MPP埋地用.doc,1,6,performance_parameter_table,扁平试验（内径的50%）,不破裂,,pending_response,medium,存在项目需求值或标准值，但投标人响应值/保证值为空。,补充泰昌响应值、保证值或明确写入无偏差承诺后复核。,"{""序号"": ""5"", ""项目"": ""扁平试验（内径的50%）"", ""指标"": ""不破裂""}"
customer_liaoning_taichang_20260606_p0,辽宁,2025-03,包3,2225AC,电缆保护管MPP,rag_seed/power_grid_resources/01_tender_documents/22_国网辽宁电力2025年第三次物资协议库存招标采购/extracted/电缆保护管MPP/包3_完整招标文件_53488487342213219/包3_技术规范书_53488484020778719/国家电网有限公司_电缆保护管 - 设备部(A171-500047131-00002)713828/国家电网有限公司_电缆保护管 - 设备部(A171-500047131-00002)/A171-500047131-00002 国家电网公司总部-配网标准化物资固化技术规范书-电缆保护管 MPP埋地用.doc,1,7,performance_parameter_table,维卡软化温度（GB/T 1633 A50法）,≥150℃,,pending_response,medium,存在项目需求值或标准值，但投标人响应值/保证值为空。,补充泰昌响应值、保证值或明确写入无偏差承诺后复核。,"{""序号"": ""6"", ""项目"": ""维卡软化温度（GB/T 1633 A50法）"", ""指标"": ""≥150℃""}"
customer_liaoning_taichang_20260606_p0,辽宁,2025-03,包3,2225AC,电缆保护管MPP,rag_seed/power_grid_resources/01_tender_documents/22_国网辽宁电力2025年第三次物资协议库存招标采购/extracted/电缆保护管MPP/包3_完整招标文件_53488487342213219/包3_技术规范书_53488484020778719/国家电网有限公司_电缆保护管 - 设备部(A171-500047131-00002)713828/国家电网有限公司_电缆保护管 - 设备部(A171-500047131-00002)/A171-500047131-00002 国家电网公司总部-配网标准化物资固化技术规范书-电缆保护管 MPP埋地用.doc,1,8,performance_parameter_table,落锤冲击,任何试样均不出现破裂或裂缝。,,pending_response,medium,存在项目需求值或标准值，但投标人响应值/保证值为空。,补充泰昌响应值、保证值或明确写入无偏差承诺后复核。,"{""序号"": ""7"", ""项目"": ""落锤冲击"", ""指标"": ""任何试样均不出现破裂或裂缝。""}"
customer_liaoning_taichang_20260606_p0,辽宁,2025-03,包3,2225AC,电缆保护管MPP,rag_seed/power_grid_resources/01_tender_documents/22_国网辽宁电力2025年第三次物资协议库存招标采购/extracted/电缆保护管MPP/包3_完整招标文件_53488487342213219/包3_技术规范书_53488484020778719/国家电网有限公司_电缆保护管 - 设备部(A171-500047131-00002)713828/国家电网有限公司_电缆保护管 - 设备部(A171-500047131-00002)/A171-500047131-00002 国家电网公司总部-配网标准化物资固化技术规范书-电缆保护管 MPP埋地用.doc,1,9,performance_parameter_table,环刚度（3%、常温）,≥32kPa,,pending_response,medium,存在项目需求值或标准值，但投标人响应值/保证值为空。,补充泰昌响应值、保证值或明确写入无偏差承诺后复核。,"{""序号"": ""8"", ""项目"": ""环刚度（3%、常温）"", ""指标"": ""≥32kPa""}"
customer_liaoning_taichang_20260606_p0,辽宁,2025-03,包3,2225AC,电缆保护管MPP,rag_seed/power_grid_resources/01_tender_documents/22_国网辽宁电力2025年第三次物资协议库存招标采购/extracted/电缆保护管MPP/包3_完整招标文件_53488487342213219/包3_技术规范书_53488484020778719/国家电网有限公司_电缆保护管 - 设备部(A171-500047131-00002)713828/国家电网有限公司_电缆保护管 - 设备部(A171-500047131-00002)/A171-500047131-00002 国家电网公司总部-配网标准化物资固化技术规范书-电缆保护管 MPP埋地用.doc,1,10,performance_parameter_table,最小允许弯曲半径,≤75D,,pending_response,medium,存在项目需求值或标准值，但投标人响应值/保证值为空。,补充泰昌响应值、保证值或明确写入无偏差承诺后复核。,"{""序号"": ""9"", ""项目"": ""最小允许弯曲半径"", ""指标"": ""≤75D""}"
customer_liaoning_taichang_20260606_p0,辽宁,2025-03,包3,2225AC,电缆保护管MPP,rag_seed/power_grid_resources/01_tender_documents/22_国网辽宁电力2025年第三次物资协议库存招标采购/extracted/电缆保护管MPP/包3_完整招标文件_53488487342213219/包3_技术规范书_53488484020778719/国家电网有限公司_电缆保护管 - 设备部(A171-500047131-00002)713828/国家电网有限公司_电缆保护管 - 设备部(A171-500047131-00002)/A171-500047131-00002 国家电网公司总部-配网标准化物资固化技术规范书-电缆保护管 MPP埋地用.doc,1,11,performance_parameter_table,不圆度mm：,≤2,,pending_response,medium,存在项目需求值或标准值，但投标人响应值/保证值为空。,补充泰昌响应值、保证值或明确写入无偏差承诺后复核。,"{""序号"": ""10"", ""项目"": ""不圆度mm："", ""指标"": ""≤2""}"
customer_liaoning_taichang_20260606_p0,辽宁,2025-03,包3,2225AC,电缆保护管MPP,rag_seed/power_grid_resources/01_tender_documents/22_国网辽宁电力2025年第三次物资协议库存招标采购/extracted/电缆保护管MPP/包3_完整招标文件_53488487342213219/包3_技术规范书_53488484020778719/国家电网有限公司_电缆保护管 - 设备部(A171-500047131-00002)713828/国家电网有限公司_电缆保护管 - 设备部(A171-500047131-00002)/A171-500047131-00002 国家电网公司总部-配网标准化物资固化技术规范书-电缆保护管 MPP埋地用.doc,1,12,performance_parameter_table,滑动摩擦系数,≤0.35,,pending_response,medium,存在项目需求值或标准值，但投标人响应值/保证值为空。,补充泰昌响应值、保证值或明确写入无偏差承诺后复核。,"{""序号"": ""11"", ""项目"": ""滑动摩擦系数"", ""指标"": ""≤0.35""}"
customer_liaoning_taichang_20260606_p0,辽宁,2025-03,包3,2225AC,电缆保护管MPP,rag_seed/power_grid_resources/01_tender_documents/22_国网辽宁电力2025年第三次物资协议库存招标采购/extracted/电缆保护管MPP/包3_完整招标文件_53488487342213219/包3_技术规范书_53488484020778719/国网辽宁省电力有限公司_2025年辽宁公司配农网批次采购结构化技术规范编制（G00J-500021546-00006）/国网辽宁省电力有限公司_2025年辽宁公司配农网批次采购结构化技术规范编制（G00J-500021546-00006）.docx,0,2,bid_response_parameter_table,专用技术规范,电缆保护管-MPP地埋用（φ175）.doc,,pending_response,medium,存在项目需求值或标准值，但投标人响应值/保证值为空。,补充泰昌响应值、保证值或明确写入无偏差承诺后复核。,"{""序号"": ""1"", ""名称"": ""专用技术规范"", ""项目需求值或表述"": ""电缆保护管-MPP地埋用（φ175）.doc"", ""投标人保证值"": """"}"
customer_liaoning_taichang_20260606_p0,辽宁,2025-03,包3,2225AC,电缆保护管MPP,rag_seed/power_grid_resources/01_tender_documents/22_国网辽宁电力2025年第三次物资协议库存招标采购/extracted/电缆保护管MPP/包3_完整招标文件_53488487342213219/包3_技术规范书_53488484020778719/国网辽宁省电力有限公司_2025年辽宁公司配农网批次采购结构化技术规范编制（G00J-500021546-00006）/电缆保护管-MPP地埋用（φ175）.doc,0,4,dimension_parameter_table,公称内径 100,公称壁厚 / 环刚度等级b / SN 24: 6；公称壁厚 / 环刚度等级b / SN 32: 8；公称壁厚 / 环刚度等级b / SN 40: 10；不圆度: ≤2.0,,pending_response,medium,存在项目需求值或标准值，但投标人响应值/保证值为空。,补充泰昌响应值、保证值或明确写入无偏差承诺后复核。,"{""公称内径 DN/ID"": ""100"", ""公称壁厚 / 环刚度等级b / SN 24"": ""6"", ""公称壁厚 / 环刚度等级b / SN 32"": ""8"", ""公称壁厚 / 环刚度等级b / SN 40"": ""10"", ""不圆度"": ""≤2.0""}"
customer_liaoning_taichang_20260606_p0,辽宁,2025-03,包3,2225AC,电缆保护管MPP,rag_seed/power_grid_resources/01_tender_documents/22_国网辽宁电力2025年第三次物资协议库存招标采购/extracted/电缆保护管MPP/包3_完整招标文件_53488487342213219/包3_技术规范书_53488484020778719/国网辽宁省电力有限公司_2025年辽宁公司配农网批次采购结构化技术规范编制（G00J-500021546-00006）/电缆保护管-MPP地埋用（φ175）.doc,0,5,dimension_parameter_table,公称内径 125,公称壁厚 / 环刚度等级b / SN 24: 8；公称壁厚 / 环刚度等级b / SN 32: 10；公称壁厚 / 环刚度等级b / SN 40: 12；不圆度: ≤2.3,,pending_response,medium,存在项目需求值或标准值，但投标人响应值/保证值为空。,补充泰昌响应值、保证值或明确写入无偏差承诺后复核。,"{""公称内径 DN/ID"": ""125"", ""公称壁厚 / 环刚度等级b / SN 24"": ""8"", ""公称壁厚 / 环刚度等级b / SN 32"": ""10"", ""公称壁厚 / 环刚度等级b / SN 40"": ""12"", ""不圆度"": ""≤2.3""}"
customer_liaoning_taichang_20260606_p0,辽宁,2025-03,包3,2225AC,电缆保护管MPP,rag_seed/power_grid_resources/01_tender_documents/22_国网辽宁电力2025年第三次物资协议库存招标采购/extracted/电缆保护管MPP/包3_完整招标文件_53488487342213219/包3_技术规范书_53488484020778719/国网辽宁省电力有限公司_2025年辽宁公司配农网批次采购结构化技术规范编制（G00J-500021546-00006）/电缆保护管-MPP地埋用（φ175）.doc,0,6,dimension_parameter_table,公称内径 150,公称壁厚 / 环刚度等级b / SN 24: 10；公称壁厚 / 环刚度等级b / SN 32: 12；公称壁厚 / 环刚度等级b / SN 40: 14；不圆度: ≤2.5,,pending_response,medium,存在项目需求值或标准值，但投标人响应值/保证值为空。,补充泰昌响应值、保证值或明确写入无偏差承诺后复核。,"{""公称内径 DN/ID"": ""150"", ""公称壁厚 / 环刚度等级b / SN 24"": ""10"", ""公称壁厚 / 环刚度等级b / SN 32"": ""12"", ""公称壁厚 / 环刚度等级b / SN 40"": ""14"", ""不圆度"": ""≤2.5""}"
customer_liaoning_taichang_20260606_p0,辽宁,2025-03,包3,2225AC,电缆保护管MPP,rag_seed/power_grid_resources/01_tender_documents/22_国网辽宁电力2025年第三次物资协议库存招标采购/extracted/电缆保护管MPP/包3_完整招标文件_53488487342213219/包3_技术规范书_53488484020778719/国网辽宁省电力有限公司_2025年辽宁公司配农网批次采购结构化技术规范编制（G00J-500021546-00006）/电缆保护管-MPP地埋用（φ175）.doc,0,7,dimension_parameter_table,公称内径 175,公称壁厚 / 环刚度等级b / SN 24: 12；公称壁厚 / 环刚度等级b / SN 32: 14；公称壁厚 / 环刚度等级b / SN 40: 16；不圆度: ≤2.8,,pending_response,medium,存在项目需求值或标准值，但投标人响应值/保证值为空。,补充泰昌响应值、保证值或明确写入无偏差承诺后复核。,"{""公称内径 DN/ID"": ""175"", ""公称壁厚 / 环刚度等级b / SN 24"": ""12"", ""公称壁厚 / 环刚度等级b / SN 32"": ""14"", ""公称壁厚 / 环刚度等级b / SN 40"": ""16"", ""不圆度"": ""≤2.8""}"
customer_liaoning_taichang_20260606_p0,辽宁,2025-03,包3,2225AC,电缆保护管MPP,rag_seed/power_grid_resources/01_tender_documents/22_国网辽宁电力2025年第三次物资协议库存招标采购/extracted/电缆保护管MPP/包3_完整招标文件_53488487342213219/包3_技术规范书_53488484020778719/国网辽宁省电力有限公司_2025年辽宁公司配农网批次采购结构化技术规范编制（G00J-500021546-00006）/电缆保护管-MPP地埋用（φ175）.doc,0,8,dimension_parameter_table,公称内径 200,公称壁厚 / 环刚度等级b / SN 24: 14；公称壁厚 / 环刚度等级b / SN 32: 16；公称壁厚 / 环刚度等级b / SN 40: 18；不圆度: ≤3.2,,pending_response,medium,存在项目需求值或标准值，但投标人响应值/保证值为空。,补充泰昌响应值、保证值或明确写入无偏差承诺后复核。,"{""公称内径 DN/ID"": ""200"", ""公称壁厚 / 环刚度等级b / SN 24"": ""14"", ""公称壁厚 / 环刚度等级b / SN 32"": ""16"", ""公称壁厚 / 环刚度等级b / SN 40"": ""18"", ""不圆度"": ""≤3.2""}"
customer_liaoning_taichang_20260606_p0,辽宁,2025-03,包3,2225AC,电缆保护管MPP,rag_seed/power_grid_resources/01_tender_documents/22_国网辽宁电力2025年第三次物资协议库存招标采购/extracted/电缆保护管MPP/包3_完整招标文件_53488487342213219/包3_技术规范书_53488484020778719/国网辽宁省电力有限公司_2025年辽宁公司配农网批次采购结构化技术规范编制（G00J-500021546-00006）/电缆保护管-MPP地埋用（φ175）.doc,0,9,dimension_parameter_table,公称内径 225,公称壁厚 / 环刚度等级b / SN 24: 16；公称壁厚 / 环刚度等级b / SN 32: 18；公称壁厚 / 环刚度等级b / SN 40: 20；不圆度: ≤3.8,,pending_response,medium,存在项目需求值或标准值，但投标人响应值/保证值为空。,补充泰昌响应值、保证值或明确写入无偏差承诺后复核。,"{""公称内径 DN/ID"": ""225"", ""公称壁厚 / 环刚度等级b / SN 24"": ""16"", ""公称壁厚 / 环刚度等级b / SN 32"": ""18"", ""公称壁厚 / 环刚度等级b / SN 40"": ""20"", ""不圆度"": ""≤3.8""}"
customer_liaoning_taichang_20260606_p0,辽宁,2025-03,包3,2225AC,电缆保护管MPP,rag_seed/power_grid_resources/01_tender_documents/22_国网辽宁电力2025年第三次物资协议库存招标采购/extracted/电缆保护管MPP/包3_完整招标文件_53488487342213219/包3_技术规范书_53488484020778719/国网辽宁省电力有限公司_2025年辽宁公司配农网批次采购结构化技术规范编制（G00J-500021546-00006）/电缆保护管-MPP地埋用（φ175）.doc,0,10,dimension_parameter_table,公称内径 250,公称壁厚 / 环刚度等级b / SN 24: 18；公称壁厚 / 环刚度等级b / SN 32: 20；公称壁厚 / 环刚度等级b / SN 40: 22；不圆度: ≤4.2,,pending_response,medium,存在项目需求值或标准值，但投标人响应值/保证值为空。,补充泰昌响应值、保证值或明确写入无偏差承诺后复核。,"{""公称内径 DN/ID"": ""250"", ""公称壁厚 / 环刚度等级b / SN 24"": ""18"", ""公称壁厚 / 环刚度等级b / SN 32"": ""20"", ""公称壁厚 / 环刚度等级b / SN 40"": ""22"", ""不圆度"": ""≤4.2""}"
customer_liaoning_taichang_20260606_p0,辽宁,2025-03,包3,2225AC,电缆保护管MPP,rag_seed/power_grid_resources/01_tender_documents/22_国网辽宁电力2025年第三次物资协议库存招标采购/extracted/电缆保护管MPP/包3_完整招标文件_53488487342213219/包3_技术规范书_53488484020778719/国网辽宁省电力有限公司_2025年辽宁公司配农网批次采购结构化技术规范编制（G00J-500021546-00006）/电缆保护管-MPP地埋用（φ175）.doc,0,11,dimension_parameter_table,公称内径 280,公称壁厚 / 环刚度等级b / SN 24: 20；公称壁厚 / 环刚度等级b / SN 32: 22；公称壁厚 / 环刚度等级b / SN 40: 24；不圆度: ≤4.5,,pending_response,medium,存在项目需求值或标准值，但投标人响应值/保证值为空。,补充泰昌响应值、保证值或明确写入无偏差承诺后复核。,"{""公称内径 DN/ID"": ""280"", ""公称壁厚 / 环刚度等级b / SN 24"": ""20"", ""公称壁厚 / 环刚度等级b / SN 32"": ""22"", ""公称壁厚 / 环刚度等级b / SN 40"": ""24"", ""不圆度"": ""≤4.5""}"
customer_liaoning_taichang_20260606_p0,辽宁,2025-03,包3,2225AC,电缆保护管MPP,rag_seed/power_grid_resources/01_tender_documents/22_国网辽宁电力2025年第三次物资协议库存招标采购/extracted/电缆保护管MPP/包3_完整招标文件_53488487342213219/包3_技术规范书_53488484020778719/国网辽宁省电力有限公司_2025年辽宁公司配农网批次采购结构化技术规范编制（G00J-500021546-00006）/电缆保护管-MPP地埋用（φ175）.doc,0,12,dimension_parameter_table,公称内径 315,公称壁厚 / 环刚度等级b / SN 24: 22；公称壁厚 / 环刚度等级b / SN 32: 24；公称壁厚 / 环刚度等级b / SN 40: 26；不圆度: ≤4.8,,pending_response,medium,存在项目需求值或标准值，但投标人响应值/保证值为空。,补充泰昌响应值、保证值或明确写入无偏差承诺后复核。,"{""公称内径 DN/ID"": ""315"", ""公称壁厚 / 环刚度等级b / SN 24"": ""22"", ""公称壁厚 / 环刚度等级b / SN 32"": ""24"", ""公称壁厚 / 环刚度等级b / SN 40"": ""26"", ""不圆度"": ""≤4.8""}"
customer_liaoning_taichang_20260606_p0,辽宁,2025-03,包3,2225AC,电缆保护管MPP,rag_seed/power_grid_resources/01_tender_documents/22_国网辽宁电力2025年第三次物资协议库存招标采购/extracted/电缆保护管MPP/包3_完整招标文件_53488487342213219/包3_技术规范书_53488484020778719/国网辽宁省电力有限公司_2025年辽宁公司配农网批次采购结构化技术规范编制（G00J-500021546-00006）/电缆保护管-MPP地埋用（φ175）.doc,0,13,dimension_parameter_table,公称内径 355,公称壁厚 / 环刚度等级b / SN 24: 24；公称壁厚 / 环刚度等级b / SN 32: 26；公称壁厚 / 环刚度等级b / SN 40: 28；不圆度: ≤5.2,,pending_response,medium,存在项目需求值或标准值，但投标人响应值/保证值为空。,补充泰昌响应值、保证值或明确写入无偏差承诺后复核。,"{""公称内径 DN/ID"": ""355"", ""公称壁厚 / 环刚度等级b / SN 24"": ""24"", ""公称壁厚 / 环刚度等级b / SN 32"": ""26"", ""公称壁厚 / 环刚度等级b / SN 40"": ""28"", ""不圆度"": ""≤5.2""}"
customer_liaoning_taichang_20260606_p0,辽宁,2025-03,包3,2225AC,电缆保护管MPP,rag_seed/power_grid_resources/01_tender_documents/22_国网辽宁电力2025年第三次物资协议库存招标采购/extracted/电缆保护管MPP/包3_完整招标文件_53488487342213219/包3_技术规范书_53488484020778719/国网辽宁省电力有限公司_2025年辽宁公司配农网批次采购结构化技术规范编制（G00J-500021546-00006）/电缆保护管-MPP地埋用（φ175）.doc,1,2,performance_parameter_table,项目,PVC电缆导管,,pending_response,medium,存在项目需求值或标准值，但投标人响应值/保证值为空。,补充泰昌响应值、保证值或明确写入无偏差承诺后复核。,"{""项目"": ""项目"", ""要 求"": ""PVC电缆导管"", ""要 求_2"": ""HDPE电缆导管"", ""要 求_3"": ""MPP电缆导管""}"
customer_liaoning_taichang_20260606_p0,辽宁,2025-03,包3,2225AC,电缆保护管MPP,rag_seed/power_grid_resources/01_tender_documents/22_国网辽宁电力2025年第三次物资协议库存招标采购/extracted/电缆保护管MPP/包3_完整招标文件_53488487342213219/包3_技术规范书_53488484020778719/国网辽宁省电力有限公司_2025年辽宁公司配农网批次采购结构化技术规范编制（G00J-500021546-00006）/电缆保护管-MPP地埋用（φ175）.doc,1,3,performance_parameter_table,密度/(g/cm),1.35~1.46,,pending_response,medium,存在项目需求值或标准值，但投标人响应值/保证值为空。,补充泰昌响应值、保证值或明确写入无偏差承诺后复核。,"{""项目"": ""密度/(g/cm)"", ""要 求"": ""1.35~1.46"", ""要 求_2"": ""0.94~0.98"", ""要 求_3"": ""0.89~0.93""}"
customer_liaoning_taichang_20260606_p0,辽宁,2025-03,包3,2225AC,电缆保护管MPP,rag_seed/power_grid_resources/01_tender_documents/22_国网辽宁电力2025年第三次物资协议库存招标采购/extracted/电缆保护管MPP/包3_完整招标文件_53488487342213219/包3_技术规范书_53488484020778719/国网辽宁省电力有限公司_2025年辽宁公司配农网批次采购结构化技术规范编制（G00J-500021546-00006）/电缆保护管-MPP地埋用（φ175）.doc,1,4,performance_parameter_table,环刚度/(kN/m²),SN 20:≥20,,pending_response,medium,存在项目需求值或标准值，但投标人响应值/保证值为空。,补充泰昌响应值、保证值或明确写入无偏差承诺后复核。,"{""项目"": ""环刚度/(kN/m²)"", ""要 求"": ""SN 20:≥20"", ""要 求_2"": ""SN 12:≥12"", ""要 求_3"": ""SN 24:≥24""}"
customer_liaoning_taichang_20260606_p0,辽宁,2025-03,包3,2225AC,电缆保护管MPP,rag_seed/power_grid_resources/01_tender_documents/22_国网辽宁电力2025年第三次物资协议库存招标采购/extracted/电缆保护管MPP/包3_完整招标文件_53488487342213219/包3_技术规范书_53488484020778719/国网辽宁省电力有限公司_2025年辽宁公司配农网批次采购结构化技术规范编制（G00J-500021546-00006）/电缆保护管-MPP地埋用（φ175）.doc,1,5,performance_parameter_table,环刚度/(kN/m²),SN 30:≥30,,pending_response,medium,存在项目需求值或标准值，但投标人响应值/保证值为空。,补充泰昌响应值、保证值或明确写入无偏差承诺后复核。,"{""项目"": ""环刚度/(kN/m²)"", ""要 求"": ""SN 30:≥30"", ""要 求_2"": ""SN 18:≥18"", ""要 求_3"": ""SN 32:≥32""}"
customer_liaoning_taichang_20260606_p0,辽宁,2025-03,包3,2225AC,电缆保护管MPP,rag_seed/power_grid_resources/01_tender_documents/22_国网辽宁电力2025年第三次物资协议库存招标采购/extracted/电缆保护管MPP/包3_完整招标文件_53488487342213219/包3_技术规范书_53488484020778719/国网辽宁省电力有限公司_2025年辽宁公司配农网批次采购结构化技术规范编制（G00J-500021546-00006）/电缆保护管-MPP地埋用（φ175）.doc,1,6,performance_parameter_table,环刚度/(kN/m²),SN40:≥40,,pending_response,medium,存在项目需求值或标准值，但投标人响应值/保证值为空。,补充泰昌响应值、保证值或明确写入无偏差承诺后复核。,"{""项目"": ""环刚度/(kN/m²)"", ""要 求"": ""SN40:≥40"", ""要 求_2"": ""SN24:≥24"", ""要 求_3"": ""SN40:≥40""}"
customer_liaoning_taichang_20260606_p0,辽宁,2025-03,包3,2225AC,电缆保护管MPP,rag_seed/power_grid_resources/01_tender_documents/22_国网辽宁电力2025年第三次物资协议库存招标采购/extracted/电缆保护管MPP/包3_完整招标文件_53488487342213219/包3_技术规范书_53488484020778719/国网辽宁省电力有限公司_2025年辽宁公司配农网批次采购结构化技术规范编制（G00J-500021546-00006）/电缆保护管-MPP地埋用（φ175）.doc,1,7,performance_parameter_table,压扁试验,试样不应出现破裂,,pending_response,medium,存在项目需求值或标准值，但投标人响应值/保证值为空。,补充泰昌响应值、保证值或明确写入无偏差承诺后复核。,"{""项目"": ""压扁试验"", ""要 求"": ""试样不应出现破裂"", ""要 求_2"": ""试样不应出现破裂"", ""要 求_3"": ""试样不应出现破裂""}"
customer_liaoning_taichang_20260606_p0,辽宁,2025-03,包3,2225AC,电缆保护管MPP,rag_seed/power_grid_resources/01_tender_documents/22_国网辽宁电力2025年第三次物资协议库存招标采购/extracted/电缆保护管MPP/包3_完整招标文件_53488487342213219/包3_技术规范书_53488484020778719/国网辽宁省电力有限公司_2025年辽宁公司配农网批次采购结构化技术规范编制（G00J-500021546-00006）/电缆保护管-MPP地埋用（φ175）.doc,1,8,performance_parameter_table,拉伸强度/MPa,≥40,,pending_response,medium,存在项目需求值或标准值，但投标人响应值/保证值为空。,补充泰昌响应值、保证值或明确写入无偏差承诺后复核。,"{""项目"": ""拉伸强度/MPa"", ""要 求"": ""≥40"", ""要 求_2"": ""≥22"", ""要 求_3"": ""≥25""}"
customer_liaoning_taichang_20260606_p0,辽宁,2025-03,包3,2225AC,电缆保护管MPP,rag_seed/power_grid_resources/01_tender_documents/22_国网辽宁电力2025年第三次物资协议库存招标采购/extracted/电缆保护管MPP/包3_完整招标文件_53488487342213219/包3_技术规范书_53488484020778719/国网辽宁省电力有限公司_2025年辽宁公司配农网批次采购结构化技术规范编制（G00J-500021546-00006）/电缆保护管-MPP地埋用（φ175）.doc,1,9,performance_parameter_table,焊接强度*/MPa,≥30,,pending_response,medium,存在项目需求值或标准值，但投标人响应值/保证值为空。,补充泰昌响应值、保证值或明确写入无偏差承诺后复核。,"{""项目"": ""焊接强度*/MPa"", ""要 求"": ""≥30"", ""要 求_2"": ""≥22"", ""要 求_3"": ""≥22.5""}"
customer_liaoning_taichang_20260606_p0,辽宁,2025-03,包3,2225AC,电缆保护管MPP,rag_seed/power_grid_resources/01_tender_documents/22_国网辽宁电力2025年第三次物资协议库存招标采购/extracted/电缆保护管MPP/包3_完整招标文件_53488487342213219/包3_技术规范书_53488484020778719/国网辽宁省电力有限公司_2025年辽宁公司配农网批次采购结构化技术规范编制（G00J-500021546-00006）/电缆保护管-MPP地埋用（φ175）.doc,1,10,performance_parameter_table,断裂伸长率/%,≥80,,pending_response,medium,存在项目需求值或标准值，但投标人响应值/保证值为空。,补充泰昌响应值、保证值或明确写入无偏差承诺后复核。,"{""项目"": ""断裂伸长率/%"", ""要 求"": ""≥80"", ""要 求_2"": ""≥350"", ""要 求_3"": ""≥150""}"
customer_liaoning_taichang_20260606_p0,辽宁,2025-03,包3,2225AC,电缆保护管MPP,rag_seed/power_grid_resources/01_tender_documents/22_国网辽宁电力2025年第三次物资协议库存招标采购/extracted/电缆保护管MPP/包3_完整招标文件_53488487342213219/包3_技术规范书_53488484020778719/国网辽宁省电力有限公司_2025年辽宁公司配农网批次采购结构化技术规范编制（G00J-500021546-00006）/电缆保护管-MPP地埋用（φ175）.doc,1,11,performance_parameter_table,落锤冲击,10个试样中至少有9个不破裂,,pending_response,medium,存在项目需求值或标准值，但投标人响应值/保证值为空。,补充泰昌响应值、保证值或明确写入无偏差承诺后复核。,"{""项目"": ""落锤冲击"", ""要 求"": ""10个试样中至少有9个不破裂"", ""要 求_2"": ""10个试样中至少有9个不破裂"", ""要 求_3"": ""10个试样中至少有9个不破裂""}"
customer_liaoning_taichang_20260606_p0,辽宁,2025-03,包3,2225AC,电缆保护管MPP,rag_seed/power_grid_resources/01_tender_documents/22_国网辽宁电力2025年第三次物资协议库存招标采购/extracted/电缆保护管MPP/包3_完整招标文件_53488487342213219/包3_技术规范书_53488484020778719/国网辽宁省电力有限公司_2025年辽宁公司配农网批次采购结构化技术规范编制（G00J-500021546-00006）/电缆保护管-MPP地埋用（φ175）.doc,1,12,performance_parameter_table,静摩擦系数,≤0.35,,pending_response,medium,存在项目需求值或标准值，但投标人响应值/保证值为空。,补充泰昌响应值、保证值或明确写入无偏差承诺后复核。,"{""项目"": ""静摩擦系数"", ""要 求"": ""≤0.35"", ""要 求_2"": ""≤0.35"", ""要 求_3"": ""≤0.35""}"
customer_liaoning_taichang_20260606_p0,辽宁,2025-03,包3,2225AC,电缆保护管MPP,rag_seed/power_grid_resources/01_tender_documents/22_国网辽宁电力2025年第三次物资协议库存招标采购/extracted/电缆保护管MPP/包3_完整招标文件_53488487342213219/包3_技术规范书_53488484020778719/国网辽宁省电力有限公司_2025年辽宁公司配农网批次采购结构化技术规范编制（G00J-500021546-00006）/电缆保护管-MPP地埋用（φ175）.doc,1,13,performance_parameter_table,维卡软化温度/℃,≥83,,pending_response,medium,存在项目需求值或标准值，但投标人响应值/保证值为空。,补充泰昌响应值、保证值或明确写入无偏差承诺后复核。,"{""项目"": ""维卡软化温度/℃"", ""要 求"": ""≥83"", ""要 求_2"": ""≥110"", ""要 求_3"": ""≥150""}"
customer_liaoning_taichang_20260606_p0,辽宁,2025-03,包3,2225AC,电缆保护管MPP,rag_seed/power_grid_resources/01_tender_documents/22_国网辽宁电力2025年第三次物资协议库存招标采购/extracted/电缆保护管MPP/包3_完整招标文件_53488487342213219/包3_技术规范书_53488484020778719/国网辽宁省电力有限公司_2025年辽宁公司配农网批次采购结构化技术规范编制（G00J-500021546-00006）/电缆保护管-MPP地埋用（φ175）.doc,1,14,performance_parameter_table,纵向回缩率/%,≤5,,pending_response,medium,存在项目需求值或标准值，但投标人响应值/保证值为空。,补充泰昌响应值、保证值或明确写入无偏差承诺后复核。,"{""项目"": ""纵向回缩率/%"", ""要 求"": ""≤5"", ""要 求_2"": ""≤3"", ""要 求_3"": ""≤3""}"
customer_liaoning_taichang_20260606_p0,辽宁,2025-03,包3,2225AC,电缆保护管MPP,rag_seed/power_grid_resources/01_tender_documents/22_国网辽宁电力2025年第三次物资协议库存招标采购/extracted/电缆保护管MPP/包3_完整招标文件_53488487342213219/包3_技术规范书_53488484020778719/国网辽宁省电力有限公司_2025年辽宁公司配农网批次采购结构化技术规范编制（G00J-500021546-00006）/电缆保护管-MPP地埋用（φ175）.doc,1,15,performance_parameter_table,散热性能,常温下放置规定的时间，导管内、外壁温度均≤30℃。,,pending_response,medium,存在项目需求值或标准值，但投标人响应值/保证值为空。,补充泰昌响应值、保证值或明确写入无偏差承诺后复核。,"{""项目"": ""散热性能"", ""要 求"": ""常温下放置规定的时间，导管内、外壁温度均≤30℃。"", ""要 求_2"": ""常温下放置规定的时间，导管内、外壁温度均≤30℃。"", ""要 求_3"": ""常温下放置规定的时间，导管内、外壁温度均≤30℃。""}"
customer_liaoning_taichang_20260606_p0,辽宁,2025-03,包3,2225AC,电缆保护管MPP,rag_seed/power_grid_resources/01_tender_documents/22_国网辽宁电力2025年第三次物资协议库存招标采购/extracted/电缆保护管MPP/包3_完整招标文件_53488487342213219/包3_技术规范书_53488484020778719/国网辽宁省电力有限公司_2025年辽宁公司配农网批次采购结构化技术规范编制（G00J-500021546-00006）/电缆保护管-MPP地埋用（φ175）.doc,2,2,bid_response_parameter_table,"电缆保护管-材质:MPP,标称直径:φ175",参照通用部分5.技术要求,,pending_response,medium,存在项目需求值或标准值，但投标人响应值/保证值为空。,补充泰昌响应值、保证值或明确写入无偏差承诺后复核。,"{""序号"": ""1"", ""技术参数名称"": ""电缆保护管-材质:MPP,标称直径:φ175"", ""单位"": ""米"", ""项目需求值或表述"": ""参照通用部分5.技术要求"", ""投标人响应值"": """"}"
customer_liaoning_taichang_20260606_p0,辽宁,2025-03,包3,2225AC,电缆保护管MPP,rag_seed/power_grid_resources/01_tender_documents/22_国网辽宁电力2025年第三次物资协议库存招标采购/extracted/电缆保护管MPP/包3_完整招标文件_53488487342213219/包3_技术规范书_53488484020778719/国网辽宁省电力有限公司_2025年辽宁公司配农网批次采购结构化技术规范编制（G00J-500021546-00006）/电缆保护管-MPP地埋用（φ175）.doc,2,3,bid_response_parameter_table,"电缆保护管-材质:MPP,标称直径:φ200",参照通用部分5.技术要求,,pending_response,medium,存在项目需求值或标准值，但投标人响应值/保证值为空。,补充泰昌响应值、保证值或明确写入无偏差承诺后复核。,"{""序号"": ""2"", ""技术参数名称"": ""电缆保护管-材质:MPP,标称直径:φ200"", ""单位"": ""米"", ""项目需求值或表述"": ""参照通用部分5.技术要求"", ""投标人响应值"": """"}"
customer_liaoning_taichang_20260606_p0,辽宁,2025-03,包3,2225AC,电缆保护管MPP,rag_seed/power_grid_resources/01_tender_documents/22_国网辽宁电力2025年第三次物资协议库存招标采购/extracted/电缆保护管MPP/包3_完整招标文件_53488487342213219/包3_技术规范书_53488484020778719/国网辽宁省电力有限公司_2025年辽宁公司配农网批次采购结构化技术规范编制（G00J-500021546-00006）/电缆保护管-MPP地埋用（φ175）.doc,3,2,bid_response_parameter_table,环境温度,+45,,pending_response,medium,存在项目需求值或标准值，但投标人响应值/保证值为空。,补充泰昌响应值、保证值或明确写入无偏差承诺后复核。,"{""序号"": ""1"", ""名称"": ""环境温度"", ""名称_2"": ""最高温度"", ""单位"": ""℃"", ""项目需求值"": ""+45"", ""投标人响应值"": """"}"
customer_liaoning_taichang_20260606_p0,辽宁,2025-03,包3,2225AC,电缆保护管MPP,rag_seed/power_grid_resources/01_tender_documents/22_国网辽宁电力2025年第三次物资协议库存招标采购/extracted/电缆保护管MPP/包3_完整招标文件_53488487342213219/包3_技术规范书_53488484020778719/国网辽宁省电力有限公司_2025年辽宁公司配农网批次采购结构化技术规范编制（G00J-500021546-00006）/电缆保护管-MPP地埋用（φ175）.doc,3,3,bid_response_parameter_table,环境温度,-40,,pending_response,medium,存在项目需求值或标准值，但投标人响应值/保证值为空。,补充泰昌响应值、保证值或明确写入无偏差承诺后复核。,"{""序号"": ""1"", ""名称"": ""环境温度"", ""名称_2"": ""最低温度"", ""单位"": ""℃"", ""项目需求值"": ""-40"", ""投标人响应值"": """"}"
customer_liaoning_taichang_20260606_p0,辽宁,2025-03,包3,2225AC,电缆保护管MPP,rag_seed/power_grid_resources/01_tender_documents/22_国网辽宁电力2025年第三次物资协议库存招标采购/extracted/电缆保护管MPP/包3_完整招标文件_53488487342213219/包3_技术规范书_53488484020778719/国网辽宁省电力有限公司_2025年辽宁公司配农网批次采购结构化技术规范编制（G00J-500021546-00006）/电缆保护管-MPP地埋用（φ175）.doc,3,4,bid_response_parameter_table,环境温度,25,,pending_response,medium,存在项目需求值或标准值，但投标人响应值/保证值为空。,补充泰昌响应值、保证值或明确写入无偏差承诺后复核。,"{""序号"": ""1"", ""名称"": ""环境温度"", ""名称_2"": ""最大温差"", ""单位"": ""℃"", ""项目需求值"": ""25"", ""投标人响应值"": """"}"
customer_liaoning_taichang_20260606_p0,辽宁,2025-03,包3,2225AC,电缆保护管MPP,rag_seed/power_grid_resources/01_tender_documents/22_国网辽宁电力2025年第三次物资协议库存招标采购/extracted/电缆保护管MPP/包3_完整招标文件_53488487342213219/包3_技术规范书_53488484020778719/国网辽宁省电力有限公司_2025年辽宁公司配农网批次采购结构化技术规范编制（G00J-500021546-00006）/电缆保护管-MPP地埋用（φ175）.doc,3,5,bid_response_parameter_table,海拔,≤1000,,pending_response,medium,存在项目需求值或标准值，但投标人响应值/保证值为空。,补充泰昌响应值、保证值或明确写入无偏差承诺后复核。,"{""序号"": ""2"", ""名称"": ""海拔"", ""名称_2"": ""海拔"", ""单位"": ""m"", ""项目需求值"": ""≤1000"", ""投标人响应值"": """"}"
customer_liaoning_taichang_20260606_p0,辽宁,2025-03,包3,2225AC,电缆保护管MPP,rag_seed/power_grid_resources/01_tender_documents/22_国网辽宁电力2025年第三次物资协议库存招标采购/extracted/电缆保护管MPP/包3_完整招标文件_53488487342213219/包3_技术规范书_53488484020778719/国网辽宁省电力有限公司_2025年辽宁公司配农网批次采购结构化技术规范编制（G00J-500021546-00006）/电缆保护管-MPP地埋用（φ175）.doc,3,6,bid_response_parameter_table,日照,0.1,,pending_response,medium,存在项目需求值或标准值，但投标人响应值/保证值为空。,补充泰昌响应值、保证值或明确写入无偏差承诺后复核。,"{""序号"": ""3"", ""名称"": ""日照"", ""名称_2"": ""日照"", ""单位"": ""W/cm²"", ""项目需求值"": ""0.1"", ""投标人响应值"": """"}"
customer_liaoning_taichang_20260606_p0,辽宁,2025-03,包3,2225AC,电缆保护管MPP,rag_seed/power_grid_resources/01_tender_documents/22_国网辽宁电力2025年第三次物资协议库存招标采购/extracted/电缆保护管MPP/包3_完整招标文件_53488487342213219/包3_技术规范书_53488484020778719/国网辽宁省电力有限公司_2025年辽宁公司配农网批次采购结构化技术规范编制（G00J-500021546-00006）/电缆保护管-MPP地埋用（φ175）.doc,3,7,bid_response_parameter_table,覆冰厚度,20,,pending_response,medium,存在项目需求值或标准值，但投标人响应值/保证值为空。,补充泰昌响应值、保证值或明确写入无偏差承诺后复核。,"{""序号"": ""4"", ""名称"": ""覆冰厚度"", ""名称_2"": ""覆冰厚度"", ""单位"": ""mm"", ""项目需求值"": ""20"", ""投标人响应值"": """"}"
customer_liaoning_taichang_20260606_p0,辽宁,2025-03,包3,2225AC,电缆保护管MPP,rag_seed/power_grid_resources/01_tender_documents/22_国网辽宁电力2025年第三次物资协议库存招标采购/extracted/电缆保护管MPP/包3_完整招标文件_53488487342213219/包3_技术规范书_53488484020778719/国网辽宁省电力有限公司_2025年辽宁公司配农网批次采购结构化技术规范编制（G00J-500021546-00006）/电缆保护管-MPP地埋用（φ175）.doc,3,8,bid_response_parameter_table,最大风速,35,,pending_response,medium,存在项目需求值或标准值，但投标人响应值/保证值为空。,补充泰昌响应值、保证值或明确写入无偏差承诺后复核。,"{""序号"": ""5"", ""名称"": ""最大风速"", ""名称_2"": ""最大风速"", ""单位"": ""m/s"", ""项目需求值"": ""35"", ""投标人响应值"": """"}"
customer_liaoning_taichang_20260606_p0,辽宁,2025-03,包3,2225AC,电缆保护管MPP,rag_seed/power_grid_resources/01_tender_documents/22_国网辽宁电力2025年第三次物资协议库存招标采购/extracted/电缆保护管MPP/包3_完整招标文件_53488487342213219/包3_技术规范书_53488484020778719/国网辽宁省电力有限公司_2025年辽宁公司配农网批次采购结构化技术规范编制（G00J-500021546-00006）/电缆保护管-MPP地埋用（φ175）.doc,3,9,bid_response_parameter_table,埋深,＜8,,pending_response,medium,存在项目需求值或标准值，但投标人响应值/保证值为空。,补充泰昌响应值、保证值或明确写入无偏差承诺后复核。,"{""序号"": ""6"", ""名称"": ""埋深"", ""名称_2"": ""埋深"", ""单位"": ""m"", ""项目需求值"": ""＜8"", ""投标人响应值"": """"}"
customer_liaoning_taichang_20260606_p0,辽宁,2025-03,包3,2225AC,电缆保护管MPP,rag_seed/power_grid_resources/01_tender_documents/22_国网辽宁电力2025年第三次物资协议库存招标采购/extracted/电缆保护管MPP/包3_完整招标文件_53488487342213219/包3_技术规范书_53488484020778719/国网辽宁省电力有限公司_2025年辽宁公司配农网批次采购结构化技术规范编制（G00J-500021546-00006）/电缆保护管-MPP地埋用（φ175）.doc,5,4,performance_parameter_table,……,,,informational,low,未识别到明确项目需求值或标准值，仅作为参数信息保留。,无需生成偏差判断，可在参数查询中展示。,"{""序号 / 1"": ""……"", ""名称 / 电缆保护管(地埋用)"": """", ""单位 / 米"": """", ""招标人要求 / 型号和规格 / 电缆保护管,MPP,φ175"": """", ""招标人要求 / 数量 / 详见货物清单"": """", ""投标人响应 / 环刚度等级 / 详见货物清单"": """", ""投标人响应 / 数量"": """"}"
customer_liaoning_taichang_20260606_p0,辽宁,2025-03,包3,2225AC,电缆保护管MPP,rag_seed/power_grid_resources/01_tender_documents/22_国网辽宁电力2025年第三次物资协议库存招标采购/extracted/电缆保护管MPP/包3_完整招标文件_53488487342213219/包3_技术规范书_53488484020778719/国网辽宁省电力有限公司_2025年辽宁公司配农网批次采购结构化技术规范编制（G00J-500021546-00007）/国网辽宁省电力有限公司_2025年辽宁公司配农网批次采购结构化技术规范编制（G00J-500021546-00007）.docx,0,2,bid_response_parameter_table,专用技术规范,电缆保护管-MPP非开挖（φ175）.doc,,pending_response,medium,存在项目需求值或标准值，但投标人响应值/保证值为空。,补充泰昌响应值、保证值或明确写入无偏差承诺后复核。,"{""序号"": ""1"", ""名称"": ""专用技术规范"", ""项目需求值或表述"": ""电缆保护管-MPP非开挖（φ175）.doc"", ""投标人保证值"": """"}"
customer_liaoning_taichang_20260606_p0,辽宁,2025-03,包3,2225AC,电缆保护管MPP,rag_seed/power_grid_resources/01_tender_documents/22_国网辽宁电力2025年第三次物资协议库存招标采购/extracted/电缆保护管MPP/包3_完整招标文件_53488487342213219/包3_技术规范书_53488484020778719/国网辽宁省电力有限公司_2025年辽宁公司配农网批次采购结构化技术规范编制（G00J-500021546-00007）/电缆保护管-MPP非开挖（φ175）.doc,0,4,dimension_parameter_table,公称内径 100,公称壁厚 / 环刚度等级b / SN 24: 6；公称壁厚 / 环刚度等级b / SN 32: 8；公称壁厚 / 环刚度等级b / SN 40: 10；不圆度: ≤2.0,,pending_response,medium,存在项目需求值或标准值，但投标人响应值/保证值为空。,补充泰昌响应值、保证值或明确写入无偏差承诺后复核。,"{""公称内径 DN/ID"": ""100"", ""公称壁厚 / 环刚度等级b / SN 24"": ""6"", ""公称壁厚 / 环刚度等级b / SN 32"": ""8"", ""公称壁厚 / 环刚度等级b / SN 40"": ""10"", ""不圆度"": ""≤2.0""}"
customer_liaoning_taichang_20260606_p0,辽宁,2025-03,包3,2225AC,电缆保护管MPP,rag_seed/power_grid_resources/01_tender_documents/22_国网辽宁电力2025年第三次物资协议库存招标采购/extracted/电缆保护管MPP/包3_完整招标文件_53488487342213219/包3_技术规范书_53488484020778719/国网辽宁省电力有限公司_2025年辽宁公司配农网批次采购结构化技术规范编制（G00J-500021546-00007）/电缆保护管-MPP非开挖（φ175）.doc,0,5,dimension_parameter_table,公称内径 125,公称壁厚 / 环刚度等级b / SN 24: 8；公称壁厚 / 环刚度等级b / SN 32: 10；公称壁厚 / 环刚度等级b / SN 40: 12；不圆度: ≤2.3,,pending_response,medium,存在项目需求值或标准值，但投标人响应值/保证值为空。,补充泰昌响应值、保证值或明确写入无偏差承诺后复核。,"{""公称内径 DN/ID"": ""125"", ""公称壁厚 / 环刚度等级b / SN 24"": ""8"", ""公称壁厚 / 环刚度等级b / SN 32"": ""10"", ""公称壁厚 / 环刚度等级b / SN 40"": ""12"", ""不圆度"": ""≤2.3""}"
customer_liaoning_taichang_20260606_p0,辽宁,2025-03,包3,2225AC,电缆保护管MPP,rag_seed/power_grid_resources/01_tender_documents/22_国网辽宁电力2025年第三次物资协议库存招标采购/extracted/电缆保护管MPP/包3_完整招标文件_53488487342213219/包3_技术规范书_53488484020778719/国网辽宁省电力有限公司_2025年辽宁公司配农网批次采购结构化技术规范编制（G00J-500021546-00007）/电缆保护管-MPP非开挖（φ175）.doc,0,6,dimension_parameter_table,公称内径 150,公称壁厚 / 环刚度等级b / SN 24: 10；公称壁厚 / 环刚度等级b / SN 32: 12；公称壁厚 / 环刚度等级b / SN 40: 14；不圆度: ≤2.5,,pending_response,medium,存在项目需求值或标准值，但投标人响应值/保证值为空。,补充泰昌响应值、保证值或明确写入无偏差承诺后复核。,"{""公称内径 DN/ID"": ""150"", ""公称壁厚 / 环刚度等级b / SN 24"": ""10"", ""公称壁厚 / 环刚度等级b / SN 32"": ""12"", ""公称壁厚 / 环刚度等级b / SN 40"": ""14"", ""不圆度"": ""≤2.5""}"
customer_liaoning_taichang_20260606_p0,辽宁,2025-03,包3,2225AC,电缆保护管MPP,rag_seed/power_grid_resources/01_tender_documents/22_国网辽宁电力2025年第三次物资协议库存招标采购/extracted/电缆保护管MPP/包3_完整招标文件_53488487342213219/包3_技术规范书_53488484020778719/国网辽宁省电力有限公司_2025年辽宁公司配农网批次采购结构化技术规范编制（G00J-500021546-00007）/电缆保护管-MPP非开挖（φ175）.doc,0,7,dimension_parameter_table,公称内径 175,公称壁厚 / 环刚度等级b / SN 24: 12；公称壁厚 / 环刚度等级b / SN 32: 14；公称壁厚 / 环刚度等级b / SN 40: 16；不圆度: ≤2.8,,pending_response,medium,存在项目需求值或标准值，但投标人响应值/保证值为空。,补充泰昌响应值、保证值或明确写入无偏差承诺后复核。,"{""公称内径 DN/ID"": ""175"", ""公称壁厚 / 环刚度等级b / SN 24"": ""12"", ""公称壁厚 / 环刚度等级b / SN 32"": ""14"", ""公称壁厚 / 环刚度等级b / SN 40"": ""16"", ""不圆度"": ""≤2.8""}"
customer_liaoning_taichang_20260606_p0,辽宁,2025-03,包3,2225AC,电缆保护管MPP,rag_seed/power_grid_resources/01_tender_documents/22_国网辽宁电力2025年第三次物资协议库存招标采购/extracted/电缆保护管MPP/包3_完整招标文件_53488487342213219/包3_技术规范书_53488484020778719/国网辽宁省电力有限公司_2025年辽宁公司配农网批次采购结构化技术规范编制（G00J-500021546-00007）/电缆保护管-MPP非开挖（φ175）.doc,0,8,dimension_parameter_table,公称内径 200,公称壁厚 / 环刚度等级b / SN 24: 14；公称壁厚 / 环刚度等级b / SN 32: 16；公称壁厚 / 环刚度等级b / SN 40: 18；不圆度: ≤3.2,,pending_response,medium,存在项目需求值或标准值，但投标人响应值/保证值为空。,补充泰昌响应值、保证值或明确写入无偏差承诺后复核。,"{""公称内径 DN/ID"": ""200"", ""公称壁厚 / 环刚度等级b / SN 24"": ""14"", ""公称壁厚 / 环刚度等级b / SN 32"": ""16"", ""公称壁厚 / 环刚度等级b / SN 40"": ""18"", ""不圆度"": ""≤3.2""}"
customer_liaoning_taichang_20260606_p0,辽宁,2025-03,包3,2225AC,电缆保护管MPP,rag_seed/power_grid_resources/01_tender_documents/22_国网辽宁电力2025年第三次物资协议库存招标采购/extracted/电缆保护管MPP/包3_完整招标文件_53488487342213219/包3_技术规范书_53488484020778719/国网辽宁省电力有限公司_2025年辽宁公司配农网批次采购结构化技术规范编制（G00J-500021546-00007）/电缆保护管-MPP非开挖（φ175）.doc,0,9,dimension_parameter_table,公称内径 225,公称壁厚 / 环刚度等级b / SN 24: 16；公称壁厚 / 环刚度等级b / SN 32: 18；公称壁厚 / 环刚度等级b / SN 40: 20；不圆度: ≤3.8,,pending_response,medium,存在项目需求值或标准值，但投标人响应值/保证值为空。,补充泰昌响应值、保证值或明确写入无偏差承诺后复核。,"{""公称内径 DN/ID"": ""225"", ""公称壁厚 / 环刚度等级b / SN 24"": ""16"", ""公称壁厚 / 环刚度等级b / SN 32"": ""18"", ""公称壁厚 / 环刚度等级b / SN 40"": ""20"", ""不圆度"": ""≤3.8""}"
customer_liaoning_taichang_20260606_p0,辽宁,2025-03,包3,2225AC,电缆保护管MPP,rag_seed/power_grid_resources/01_tender_documents/22_国网辽宁电力2025年第三次物资协议库存招标采购/extracted/电缆保护管MPP/包3_完整招标文件_53488487342213219/包3_技术规范书_53488484020778719/国网辽宁省电力有限公司_2025年辽宁公司配农网批次采购结构化技术规范编制（G00J-500021546-00007）/电缆保护管-MPP非开挖（φ175）.doc,0,10,dimension_parameter_table,公称内径 250,公称壁厚 / 环刚度等级b / SN 24: 18；公称壁厚 / 环刚度等级b / SN 32: 20；公称壁厚 / 环刚度等级b / SN 40: 22；不圆度: ≤4.2,,pending_response,medium,存在项目需求值或标准值，但投标人响应值/保证值为空。,补充泰昌响应值、保证值或明确写入无偏差承诺后复核。,"{""公称内径 DN/ID"": ""250"", ""公称壁厚 / 环刚度等级b / SN 24"": ""18"", ""公称壁厚 / 环刚度等级b / SN 32"": ""20"", ""公称壁厚 / 环刚度等级b / SN 40"": ""22"", ""不圆度"": ""≤4.2""}"
customer_liaoning_taichang_20260606_p0,辽宁,2025-03,包3,2225AC,电缆保护管MPP,rag_seed/power_grid_resources/01_tender_documents/22_国网辽宁电力2025年第三次物资协议库存招标采购/extracted/电缆保护管MPP/包3_完整招标文件_53488487342213219/包3_技术规范书_53488484020778719/国网辽宁省电力有限公司_2025年辽宁公司配农网批次采购结构化技术规范编制（G00J-500021546-00007）/电缆保护管-MPP非开挖（φ175）.doc,0,11,dimension_parameter_table,公称内径 280,公称壁厚 / 环刚度等级b / SN 24: 20；公称壁厚 / 环刚度等级b / SN 32: 22；公称壁厚 / 环刚度等级b / SN 40: 24；不圆度: ≤4.5,,pending_response,medium,存在项目需求值或标准值，但投标人响应值/保证值为空。,补充泰昌响应值、保证值或明确写入无偏差承诺后复核。,"{""公称内径 DN/ID"": ""280"", ""公称壁厚 / 环刚度等级b / SN 24"": ""20"", ""公称壁厚 / 环刚度等级b / SN 32"": ""22"", ""公称壁厚 / 环刚度等级b / SN 40"": ""24"", ""不圆度"": ""≤4.5""}"
customer_liaoning_taichang_20260606_p0,辽宁,2025-03,包3,2225AC,电缆保护管MPP,rag_seed/power_grid_resources/01_tender_documents/22_国网辽宁电力2025年第三次物资协议库存招标采购/extracted/电缆保护管MPP/包3_完整招标文件_53488487342213219/包3_技术规范书_53488484020778719/国网辽宁省电力有限公司_2025年辽宁公司配农网批次采购结构化技术规范编制（G00J-500021546-00007）/电缆保护管-MPP非开挖（φ175）.doc,0,12,dimension_parameter_table,公称内径 315,公称壁厚 / 环刚度等级b / SN 24: 22；公称壁厚 / 环刚度等级b / SN 32: 24；公称壁厚 / 环刚度等级b / SN 40: 26；不圆度: ≤4.8,,pending_response,medium,存在项目需求值或标准值，但投标人响应值/保证值为空。,补充泰昌响应值、保证值或明确写入无偏差承诺后复核。,"{""公称内径 DN/ID"": ""315"", ""公称壁厚 / 环刚度等级b / SN 24"": ""22"", ""公称壁厚 / 环刚度等级b / SN 32"": ""24"", ""公称壁厚 / 环刚度等级b / SN 40"": ""26"", ""不圆度"": ""≤4.8""}"
customer_liaoning_taichang_20260606_p0,辽宁,2025-03,包3,2225AC,电缆保护管MPP,rag_seed/power_grid_resources/01_tender_documents/22_国网辽宁电力2025年第三次物资协议库存招标采购/extracted/电缆保护管MPP/包3_完整招标文件_53488487342213219/包3_技术规范书_53488484020778719/国网辽宁省电力有限公司_2025年辽宁公司配农网批次采购结构化技术规范编制（G00J-500021546-00007）/电缆保护管-MPP非开挖（φ175）.doc,0,13,dimension_parameter_table,公称内径 355,公称壁厚 / 环刚度等级b / SN 24: 24；公称壁厚 / 环刚度等级b / SN 32: 26；公称壁厚 / 环刚度等级b / SN 40: 28；不圆度: ≤5.2,,pending_response,medium,存在项目需求值或标准值，但投标人响应值/保证值为空。,补充泰昌响应值、保证值或明确写入无偏差承诺后复核。,"{""公称内径 DN/ID"": ""355"", ""公称壁厚 / 环刚度等级b / SN 24"": ""24"", ""公称壁厚 / 环刚度等级b / SN 32"": ""26"", ""公称壁厚 / 环刚度等级b / SN 40"": ""28"", ""不圆度"": ""≤5.2""}"
customer_liaoning_taichang_20260606_p0,辽宁,2025-03,包3,2225AC,电缆保护管MPP,rag_seed/power_grid_resources/01_tender_documents/22_国网辽宁电力2025年第三次物资协议库存招标采购/extracted/电缆保护管MPP/包3_完整招标文件_53488487342213219/包3_技术规范书_53488484020778719/国网辽宁省电力有限公司_2025年辽宁公司配农网批次采购结构化技术规范编制（G00J-500021546-00007）/电缆保护管-MPP非开挖（φ175）.doc,1,2,performance_parameter_table,项目,PVC电缆导管,,pending_response,medium,存在项目需求值或标准值，但投标人响应值/保证值为空。,补充泰昌响应值、保证值或明确写入无偏差承诺后复核。,"{""项目"": ""项目"", ""要 求"": ""PVC电缆导管"", ""要 求_2"": ""HDPE电缆导管"", ""要 求_3"": ""MPP电缆导管""}"
customer_liaoning_taichang_20260606_p0,辽宁,2025-03,包3,2225AC,电缆保护管MPP,rag_seed/power_grid_resources/01_tender_documents/22_国网辽宁电力2025年第三次物资协议库存招标采购/extracted/电缆保护管MPP/包3_完整招标文件_53488487342213219/包3_技术规范书_53488484020778719/国网辽宁省电力有限公司_2025年辽宁公司配农网批次采购结构化技术规范编制（G00J-500021546-00007）/电缆保护管-MPP非开挖（φ175）.doc,1,3,performance_parameter_table,密度/(g/cm),1.35~1.46,,pending_response,medium,存在项目需求值或标准值，但投标人响应值/保证值为空。,补充泰昌响应值、保证值或明确写入无偏差承诺后复核。,"{""项目"": ""密度/(g/cm)"", ""要 求"": ""1.35~1.46"", ""要 求_2"": ""0.94~0.98"", ""要 求_3"": ""0.89~0.93""}"
customer_liaoning_taichang_20260606_p0,辽宁,2025-03,包3,2225AC,电缆保护管MPP,rag_seed/power_grid_resources/01_tender_documents/22_国网辽宁电力2025年第三次物资协议库存招标采购/extracted/电缆保护管MPP/包3_完整招标文件_53488487342213219/包3_技术规范书_53488484020778719/国网辽宁省电力有限公司_2025年辽宁公司配农网批次采购结构化技术规范编制（G00J-500021546-00007）/电缆保护管-MPP非开挖（φ175）.doc,1,4,performance_parameter_table,环刚度/(kN/m²),SN 20:≥20,,pending_response,medium,存在项目需求值或标准值，但投标人响应值/保证值为空。,补充泰昌响应值、保证值或明确写入无偏差承诺后复核。,"{""项目"": ""环刚度/(kN/m²)"", ""要 求"": ""SN 20:≥20"", ""要 求_2"": ""SN 12:≥12"", ""要 求_3"": ""SN 24:≥24""}"
customer_liaoning_taichang_20260606_p0,辽宁,2025-03,包3,2225AC,电缆保护管MPP,rag_seed/power_grid_resources/01_tender_documents/22_国网辽宁电力2025年第三次物资协议库存招标采购/extracted/电缆保护管MPP/包3_完整招标文件_53488487342213219/包3_技术规范书_53488484020778719/国网辽宁省电力有限公司_2025年辽宁公司配农网批次采购结构化技术规范编制（G00J-500021546-00007）/电缆保护管-MPP非开挖（φ175）.doc,1,5,performance_parameter_table,环刚度/(kN/m²),SN 30:≥30,,pending_response,medium,存在项目需求值或标准值，但投标人响应值/保证值为空。,补充泰昌响应值、保证值或明确写入无偏差承诺后复核。,"{""项目"": ""环刚度/(kN/m²)"", ""要 求"": ""SN 30:≥30"", ""要 求_2"": ""SN 18:≥18"", ""要 求_3"": ""SN 32:≥32""}"
customer_liaoning_taichang_20260606_p0,辽宁,2025-03,包3,2225AC,电缆保护管MPP,rag_seed/power_grid_resources/01_tender_documents/22_国网辽宁电力2025年第三次物资协议库存招标采购/extracted/电缆保护管MPP/包3_完整招标文件_53488487342213219/包3_技术规范书_53488484020778719/国网辽宁省电力有限公司_2025年辽宁公司配农网批次采购结构化技术规范编制（G00J-500021546-00007）/电缆保护管-MPP非开挖（φ175）.doc,1,6,performance_parameter_table,环刚度/(kN/m²),SN40:≥40,,pending_response,medium,存在项目需求值或标准值，但投标人响应值/保证值为空。,补充泰昌响应值、保证值或明确写入无偏差承诺后复核。,"{""项目"": ""环刚度/(kN/m²)"", ""要 求"": ""SN40:≥40"", ""要 求_2"": ""SN24:≥24"", ""要 求_3"": ""SN40:≥40""}"
customer_liaoning_taichang_20260606_p0,辽宁,2025-03,包3,2225AC,电缆保护管MPP,rag_seed/power_grid_resources/01_tender_documents/22_国网辽宁电力2025年第三次物资协议库存招标采购/extracted/电缆保护管MPP/包3_完整招标文件_53488487342213219/包3_技术规范书_53488484020778719/国网辽宁省电力有限公司_2025年辽宁公司配农网批次采购结构化技术规范编制（G00J-500021546-00007）/电缆保护管-MPP非开挖（φ175）.doc,1,7,performance_parameter_table,压扁试验,试样不应出现破裂,,pending_response,medium,存在项目需求值或标准值，但投标人响应值/保证值为空。,补充泰昌响应值、保证值或明确写入无偏差承诺后复核。,"{""项目"": ""压扁试验"", ""要 求"": ""试样不应出现破裂"", ""要 求_2"": ""试样不应出现破裂"", ""要 求_3"": ""试样不应出现破裂""}"
customer_liaoning_taichang_20260606_p0,辽宁,2025-03,包3,2225AC,电缆保护管MPP,rag_seed/power_grid_resources/01_tender_documents/22_国网辽宁电力2025年第三次物资协议库存招标采购/extracted/电缆保护管MPP/包3_完整招标文件_53488487342213219/包3_技术规范书_53488484020778719/国网辽宁省电力有限公司_2025年辽宁公司配农网批次采购结构化技术规范编制（G00J-500021546-00007）/电缆保护管-MPP非开挖（φ175）.doc,1,8,performance_parameter_table,拉伸强度/MPa,≥40,,pending_response,medium,存在项目需求值或标准值，但投标人响应值/保证值为空。,补充泰昌响应值、保证值或明确写入无偏差承诺后复核。,"{""项目"": ""拉伸强度/MPa"", ""要 求"": ""≥40"", ""要 求_2"": ""≥22"", ""要 求_3"": ""≥25""}"
customer_liaoning_taichang_20260606_p0,辽宁,2025-03,包3,2225AC,电缆保护管MPP,rag_seed/power_grid_resources/01_tender_documents/22_国网辽宁电力2025年第三次物资协议库存招标采购/extracted/电缆保护管MPP/包3_完整招标文件_53488487342213219/包3_技术规范书_53488484020778719/国网辽宁省电力有限公司_2025年辽宁公司配农网批次采购结构化技术规范编制（G00J-500021546-00007）/电缆保护管-MPP非开挖（φ175）.doc,1,9,performance_parameter_table,焊接强度*/MPa,≥30,,pending_response,medium,存在项目需求值或标准值，但投标人响应值/保证值为空。,补充泰昌响应值、保证值或明确写入无偏差承诺后复核。,"{""项目"": ""焊接强度*/MPa"", ""要 求"": ""≥30"", ""要 求_2"": ""≥22"", ""要 求_3"": ""≥22.5""}"
customer_liaoning_taichang_20260606_p0,辽宁,2025-03,包3,2225AC,电缆保护管MPP,rag_seed/power_grid_resources/01_tender_documents/22_国网辽宁电力2025年第三次物资协议库存招标采购/extracted/电缆保护管MPP/包3_完整招标文件_53488487342213219/包3_技术规范书_53488484020778719/国网辽宁省电力有限公司_2025年辽宁公司配农网批次采购结构化技术规范编制（G00J-500021546-00007）/电缆保护管-MPP非开挖（φ175）.doc,1,10,performance_parameter_table,断裂伸长率/%,≥80,,pending_response,medium,存在项目需求值或标准值，但投标人响应值/保证值为空。,补充泰昌响应值、保证值或明确写入无偏差承诺后复核。,"{""项目"": ""断裂伸长率/%"", ""要 求"": ""≥80"", ""要 求_2"": ""≥350"", ""要 求_3"": ""≥150""}"
customer_liaoning_taichang_20260606_p0,辽宁,2025-03,包3,2225AC,电缆保护管MPP,rag_seed/power_grid_resources/01_tender_documents/22_国网辽宁电力2025年第三次物资协议库存招标采购/extracted/电缆保护管MPP/包3_完整招标文件_53488487342213219/包3_技术规范书_53488484020778719/国网辽宁省电力有限公司_2025年辽宁公司配农网批次采购结构化技术规范编制（G00J-500021546-00007）/电缆保护管-MPP非开挖（φ175）.doc,1,11,performance_parameter_table,落锤冲击,10个试样中至少有9个不破裂,,pending_response,medium,存在项目需求值或标准值，但投标人响应值/保证值为空。,补充泰昌响应值、保证值或明确写入无偏差承诺后复核。,"{""项目"": ""落锤冲击"", ""要 求"": ""10个试样中至少有9个不破裂"", ""要 求_2"": ""10个试样中至少有9个不破裂"", ""要 求_3"": ""10个试样中至少有9个不破裂""}"
customer_liaoning_taichang_20260606_p0,辽宁,2025-03,包3,2225AC,电缆保护管MPP,rag_seed/power_grid_resources/01_tender_documents/22_国网辽宁电力2025年第三次物资协议库存招标采购/extracted/电缆保护管MPP/包3_完整招标文件_53488487342213219/包3_技术规范书_53488484020778719/国网辽宁省电力有限公司_2025年辽宁公司配农网批次采购结构化技术规范编制（G00J-500021546-00007）/电缆保护管-MPP非开挖（φ175）.doc,1,12,performance_parameter_table,静摩擦系数,≤0.35,,pending_response,medium,存在项目需求值或标准值，但投标人响应值/保证值为空。,补充泰昌响应值、保证值或明确写入无偏差承诺后复核。,"{""项目"": ""静摩擦系数"", ""要 求"": ""≤0.35"", ""要 求_2"": ""≤0.35"", ""要 求_3"": ""≤0.35""}"
customer_liaoning_taichang_20260606_p0,辽宁,2025-03,包3,2225AC,电缆保护管MPP,rag_seed/power_grid_resources/01_tender_documents/22_国网辽宁电力2025年第三次物资协议库存招标采购/extracted/电缆保护管MPP/包3_完整招标文件_53488487342213219/包3_技术规范书_53488484020778719/国网辽宁省电力有限公司_2025年辽宁公司配农网批次采购结构化技术规范编制（G00J-500021546-00007）/电缆保护管-MPP非开挖（φ175）.doc,1,13,performance_parameter_table,维卡软化温度/℃,≥83,,pending_response,medium,存在项目需求值或标准值，但投标人响应值/保证值为空。,补充泰昌响应值、保证值或明确写入无偏差承诺后复核。,"{""项目"": ""维卡软化温度/℃"", ""要 求"": ""≥83"", ""要 求_2"": ""≥110"", ""要 求_3"": ""≥150""}"
customer_liaoning_taichang_20260606_p0,辽宁,2025-03,包3,2225AC,电缆保护管MPP,rag_seed/power_grid_resources/01_tender_documents/22_国网辽宁电力2025年第三次物资协议库存招标采购/extracted/电缆保护管MPP/包3_完整招标文件_53488487342213219/包3_技术规范书_53488484020778719/国网辽宁省电力有限公司_2025年辽宁公司配农网批次采购结构化技术规范编制（G00J-500021546-00007）/电缆保护管-MPP非开挖（φ175）.doc,1,14,performance_parameter_table,纵向回缩率/%,≤5,,pending_response,medium,存在项目需求值或标准值，但投标人响应值/保证值为空。,补充泰昌响应值、保证值或明确写入无偏差承诺后复核。,"{""项目"": ""纵向回缩率/%"", ""要 求"": ""≤5"", ""要 求_2"": ""≤3"", ""要 求_3"": ""≤3""}"
customer_liaoning_taichang_20260606_p0,辽宁,2025-03,包3,2225AC,电缆保护管MPP,rag_seed/power_grid_resources/01_tender_documents/22_国网辽宁电力2025年第三次物资协议库存招标采购/extracted/电缆保护管MPP/包3_完整招标文件_53488487342213219/包3_技术规范书_53488484020778719/国网辽宁省电力有限公司_2025年辽宁公司配农网批次采购结构化技术规范编制（G00J-500021546-00007）/电缆保护管-MPP非开挖（φ175）.doc,1,15,performance_parameter_table,散热性能,常温下放置规定的时间，导管内、外壁温度均≤30℃。,,pending_response,medium,存在项目需求值或标准值，但投标人响应值/保证值为空。,补充泰昌响应值、保证值或明确写入无偏差承诺后复核。,"{""项目"": ""散热性能"", ""要 求"": ""常温下放置规定的时间，导管内、外壁温度均≤30℃。"", ""要 求_2"": ""常温下放置规定的时间，导管内、外壁温度均≤30℃。"", ""要 求_3"": ""常温下放置规定的时间，导管内、外壁温度均≤30℃。""}"
customer_liaoning_taichang_20260606_p0,辽宁,2025-03,包3,2225AC,电缆保护管MPP,rag_seed/power_grid_resources/01_tender_documents/22_国网辽宁电力2025年第三次物资协议库存招标采购/extracted/电缆保护管MPP/包3_完整招标文件_53488487342213219/包3_技术规范书_53488484020778719/国网辽宁省电力有限公司_2025年辽宁公司配农网批次采购结构化技术规范编制（G00J-500021546-00007）/电缆保护管-MPP非开挖（φ175）.doc,2,2,bid_response_parameter_table,"电缆保护管-材质:MPP,标称直径:φ175",参照通用部分5.技术要求,,pending_response,medium,存在项目需求值或标准值，但投标人响应值/保证值为空。,补充泰昌响应值、保证值或明确写入无偏差承诺后复核。,"{""序号"": ""1"", ""技术参数名称"": ""电缆保护管-材质:MPP,标称直径:φ175"", ""单位"": ""米"", ""项目需求值或表述"": ""参照通用部分5.技术要求"", ""投标人响应值"": """"}"
customer_liaoning_taichang_20260606_p0,辽宁,2025-03,包3,2225AC,电缆保护管MPP,rag_seed/power_grid_resources/01_tender_documents/22_国网辽宁电力2025年第三次物资协议库存招标采购/extracted/电缆保护管MPP/包3_完整招标文件_53488487342213219/包3_技术规范书_53488484020778719/国网辽宁省电力有限公司_2025年辽宁公司配农网批次采购结构化技术规范编制（G00J-500021546-00007）/电缆保护管-MPP非开挖（φ175）.doc,2,3,bid_response_parameter_table,"电缆保护管-材质:MPP,标称直径:φ200",参照通用部分5.技术要求,,pending_response,medium,存在项目需求值或标准值，但投标人响应值/保证值为空。,补充泰昌响应值、保证值或明确写入无偏差承诺后复核。,"{""序号"": ""2"", ""技术参数名称"": ""电缆保护管-材质:MPP,标称直径:φ200"", ""单位"": ""米"", ""项目需求值或表述"": ""参照通用部分5.技术要求"", ""投标人响应值"": """"}"
customer_liaoning_taichang_20260606_p0,辽宁,2025-03,包3,2225AC,电缆保护管MPP,rag_seed/power_grid_resources/01_tender_documents/22_国网辽宁电力2025年第三次物资协议库存招标采购/extracted/电缆保护管MPP/包3_完整招标文件_53488487342213219/包3_技术规范书_53488484020778719/国网辽宁省电力有限公司_2025年辽宁公司配农网批次采购结构化技术规范编制（G00J-500021546-00007）/电缆保护管-MPP非开挖（φ175）.doc,3,2,bid_response_parameter_table,环境温度,+45,,pending_response,medium,存在项目需求值或标准值，但投标人响应值/保证值为空。,补充泰昌响应值、保证值或明确写入无偏差承诺后复核。,"{""序号"": ""1"", ""名称"": ""环境温度"", ""名称_2"": ""最高温度"", ""单位"": ""℃"", ""项目需求值"": ""+45"", ""投标人响应值"": """"}"
customer_liaoning_taichang_20260606_p0,辽宁,2025-03,包3,2225AC,电缆保护管MPP,rag_seed/power_grid_resources/01_tender_documents/22_国网辽宁电力2025年第三次物资协议库存招标采购/extracted/电缆保护管MPP/包3_完整招标文件_53488487342213219/包3_技术规范书_53488484020778719/国网辽宁省电力有限公司_2025年辽宁公司配农网批次采购结构化技术规范编制（G00J-500021546-00007）/电缆保护管-MPP非开挖（φ175）.doc,3,3,bid_response_parameter_table,环境温度,-40,,pending_response,medium,存在项目需求值或标准值，但投标人响应值/保证值为空。,补充泰昌响应值、保证值或明确写入无偏差承诺后复核。,"{""序号"": ""1"", ""名称"": ""环境温度"", ""名称_2"": ""最低温度"", ""单位"": ""℃"", ""项目需求值"": ""-40"", ""投标人响应值"": """"}"
customer_liaoning_taichang_20260606_p0,辽宁,2025-03,包3,2225AC,电缆保护管MPP,rag_seed/power_grid_resources/01_tender_documents/22_国网辽宁电力2025年第三次物资协议库存招标采购/extracted/电缆保护管MPP/包3_完整招标文件_53488487342213219/包3_技术规范书_53488484020778719/国网辽宁省电力有限公司_2025年辽宁公司配农网批次采购结构化技术规范编制（G00J-500021546-00007）/电缆保护管-MPP非开挖（φ175）.doc,3,4,bid_response_parameter_table,环境温度,25,,pending_response,medium,存在项目需求值或标准值，但投标人响应值/保证值为空。,补充泰昌响应值、保证值或明确写入无偏差承诺后复核。,"{""序号"": ""1"", ""名称"": ""环境温度"", ""名称_2"": ""最大温差"", ""单位"": ""℃"", ""项目需求值"": ""25"", ""投标人响应值"": """"}"
customer_liaoning_taichang_20260606_p0,辽宁,2025-03,包3,2225AC,电缆保护管MPP,rag_seed/power_grid_resources/01_tender_documents/22_国网辽宁电力2025年第三次物资协议库存招标采购/extracted/电缆保护管MPP/包3_完整招标文件_53488487342213219/包3_技术规范书_53488484020778719/国网辽宁省电力有限公司_2025年辽宁公司配农网批次采购结构化技术规范编制（G00J-500021546-00007）/电缆保护管-MPP非开挖（φ175）.doc,3,5,bid_response_parameter_table,海拔,≤1000,,pending_response,medium,存在项目需求值或标准值，但投标人响应值/保证值为空。,补充泰昌响应值、保证值或明确写入无偏差承诺后复核。,"{""序号"": ""2"", ""名称"": ""海拔"", ""名称_2"": ""海拔"", ""单位"": ""m"", ""项目需求值"": ""≤1000"", ""投标人响应值"": """"}"
customer_liaoning_taichang_20260606_p0,辽宁,2025-03,包3,2225AC,电缆保护管MPP,rag_seed/power_grid_resources/01_tender_documents/22_国网辽宁电力2025年第三次物资协议库存招标采购/extracted/电缆保护管MPP/包3_完整招标文件_53488487342213219/包3_技术规范书_53488484020778719/国网辽宁省电力有限公司_2025年辽宁公司配农网批次采购结构化技术规范编制（G00J-500021546-00007）/电缆保护管-MPP非开挖（φ175）.doc,3,6,bid_response_parameter_table,日照,0.1,,pending_response,medium,存在项目需求值或标准值，但投标人响应值/保证值为空。,补充泰昌响应值、保证值或明确写入无偏差承诺后复核。,"{""序号"": ""3"", ""名称"": ""日照"", ""名称_2"": ""日照"", ""单位"": ""W/cm²"", ""项目需求值"": ""0.1"", ""投标人响应值"": """"}"
customer_liaoning_taichang_20260606_p0,辽宁,2025-03,包3,2225AC,电缆保护管MPP,rag_seed/power_grid_resources/01_tender_documents/22_国网辽宁电力2025年第三次物资协议库存招标采购/extracted/电缆保护管MPP/包3_完整招标文件_53488487342213219/包3_技术规范书_53488484020778719/国网辽宁省电力有限公司_2025年辽宁公司配农网批次采购结构化技术规范编制（G00J-500021546-00007）/电缆保护管-MPP非开挖（φ175）.doc,3,7,bid_response_parameter_table,覆冰厚度,20,,pending_response,medium,存在项目需求值或标准值，但投标人响应值/保证值为空。,补充泰昌响应值、保证值或明确写入无偏差承诺后复核。,"{""序号"": ""4"", ""名称"": ""覆冰厚度"", ""名称_2"": ""覆冰厚度"", ""单位"": ""mm"", ""项目需求值"": ""20"", ""投标人响应值"": """"}"
customer_liaoning_taichang_20260606_p0,辽宁,2025-03,包3,2225AC,电缆保护管MPP,rag_seed/power_grid_resources/01_tender_documents/22_国网辽宁电力2025年第三次物资协议库存招标采购/extracted/电缆保护管MPP/包3_完整招标文件_53488487342213219/包3_技术规范书_53488484020778719/国网辽宁省电力有限公司_2025年辽宁公司配农网批次采购结构化技术规范编制（G00J-500021546-00007）/电缆保护管-MPP非开挖（φ175）.doc,3,8,bid_response_parameter_table,最大风速,35,,pending_response,medium,存在项目需求值或标准值，但投标人响应值/保证值为空。,补充泰昌响应值、保证值或明确写入无偏差承诺后复核。,"{""序号"": ""5"", ""名称"": ""最大风速"", ""名称_2"": ""最大风速"", ""单位"": ""m/s"", ""项目需求值"": ""35"", ""投标人响应值"": """"}"
customer_liaoning_taichang_20260606_p0,辽宁,2025-03,包3,2225AC,电缆保护管MPP,rag_seed/power_grid_resources/01_tender_documents/22_国网辽宁电力2025年第三次物资协议库存招标采购/extracted/电缆保护管MPP/包3_完整招标文件_53488487342213219/包3_技术规范书_53488484020778719/国网辽宁省电力有限公司_2025年辽宁公司配农网批次采购结构化技术规范编制（G00J-500021546-00007）/电缆保护管-MPP非开挖（φ175）.doc,3,9,bid_response_parameter_table,埋深,＜8,,pending_response,medium,存在项目需求值或标准值，但投标人响应值/保证值为空。,补充泰昌响应值、保证值或明确写入无偏差承诺后复核。,"{""序号"": ""6"", ""名称"": ""埋深"", ""名称_2"": ""埋深"", ""单位"": ""m"", ""项目需求值"": ""＜8"", ""投标人响应值"": """"}"
customer_liaoning_taichang_20260606_p0,辽宁,2025-03,包3,2225AC,电缆保护管MPP,rag_seed/power_grid_resources/01_tender_documents/22_国网辽宁电力2025年第三次物资协议库存招标采购/extracted/电缆保护管MPP/包3_完整招标文件_53488487342213219/包3_技术规范书_53488484020778719/国网辽宁省电力有限公司_2025年辽宁公司配农网批次采购结构化技术规范编制（G00J-500021546-00007）/电缆保护管-MPP非开挖（φ175）.doc,5,4,performance_parameter_table,……,,,informational,low,未识别到明确项目需求值或标准值，仅作为参数信息保留。,无需生成偏差判断，可在参数查询中展示。,"{""序号 / 1"": ""……"", ""名称 / 电缆保护管(地埋用)"": """", ""单位 / 米"": """", ""招标人要求 / 型号和规格 / 电缆保护管,MPP,φ175"": """", ""招标人要求 / 数量 / 详见货物清单"": """", ""投标人响应 / 环刚度等级 / 详见货物清单"": """", ""投标人响应 / 数量"": """"}"
customer_liaoning_taichang_20260606_p0,辽宁,2025-03,包3,2225AC,电缆保护管MPP,rag_seed/power_grid_resources/01_tender_documents/22_国网辽宁电力2025年第三次物资协议库存招标采购/extracted/电缆保护管MPP/包3_完整招标文件_53488487342213219/包3_技术规范书_53488484020778719/国网辽宁省电力有限公司_辽宁公司二级采购非结构化固化ID编制（G00J-500021520-00006）/电缆保护管-MPP地埋用（φ200）.doc,0,4,dimension_parameter_table,公称内径 100,公称壁厚 / 环刚度等级b / SN 24: 6；公称壁厚 / 环刚度等级b / SN 32: 8；公称壁厚 / 环刚度等级b / SN 40: 10；不圆度: ≤2.0,,pending_response,medium,存在项目需求值或标准值，但投标人响应值/保证值为空。,补充泰昌响应值、保证值或明确写入无偏差承诺后复核。,"{""公称内径 DN/ID"": ""100"", ""公称壁厚 / 环刚度等级b / SN 24"": ""6"", ""公称壁厚 / 环刚度等级b / SN 32"": ""8"", ""公称壁厚 / 环刚度等级b / SN 40"": ""10"", ""不圆度"": ""≤2.0""}"
customer_liaoning_taichang_20260606_p0,辽宁,2025-03,包3,2225AC,电缆保护管MPP,rag_seed/power_grid_resources/01_tender_documents/22_国网辽宁电力2025年第三次物资协议库存招标采购/extracted/电缆保护管MPP/包3_完整招标文件_53488487342213219/包3_技术规范书_53488484020778719/国网辽宁省电力有限公司_辽宁公司二级采购非结构化固化ID编制（G00J-500021520-00006）/电缆保护管-MPP地埋用（φ200）.doc,0,5,dimension_parameter_table,公称内径 125,公称壁厚 / 环刚度等级b / SN 24: 8；公称壁厚 / 环刚度等级b / SN 32: 10；公称壁厚 / 环刚度等级b / SN 40: 12；不圆度: ≤2.3,,pending_response,medium,存在项目需求值或标准值，但投标人响应值/保证值为空。,补充泰昌响应值、保证值或明确写入无偏差承诺后复核。,"{""公称内径 DN/ID"": ""125"", ""公称壁厚 / 环刚度等级b / SN 24"": ""8"", ""公称壁厚 / 环刚度等级b / SN 32"": ""10"", ""公称壁厚 / 环刚度等级b / SN 40"": ""12"", ""不圆度"": ""≤2.3""}"
customer_liaoning_taichang_20260606_p0,辽宁,2025-03,包3,2225AC,电缆保护管MPP,rag_seed/power_grid_resources/01_tender_documents/22_国网辽宁电力2025年第三次物资协议库存招标采购/extracted/电缆保护管MPP/包3_完整招标文件_53488487342213219/包3_技术规范书_53488484020778719/国网辽宁省电力有限公司_辽宁公司二级采购非结构化固化ID编制（G00J-500021520-00006）/电缆保护管-MPP地埋用（φ200）.doc,0,6,dimension_parameter_table,公称内径 150,公称壁厚 / 环刚度等级b / SN 24: 10；公称壁厚 / 环刚度等级b / SN 32: 12；公称壁厚 / 环刚度等级b / SN 40: 14；不圆度: ≤2.5,,pending_response,medium,存在项目需求值或标准值，但投标人响应值/保证值为空。,补充泰昌响应值、保证值或明确写入无偏差承诺后复核。,"{""公称内径 DN/ID"": ""150"", ""公称壁厚 / 环刚度等级b / SN 24"": ""10"", ""公称壁厚 / 环刚度等级b / SN 32"": ""12"", ""公称壁厚 / 环刚度等级b / SN 40"": ""14"", ""不圆度"": ""≤2.5""}"
customer_liaoning_taichang_20260606_p0,辽宁,2025-03,包3,2225AC,电缆保护管MPP,rag_seed/power_grid_resources/01_tender_documents/22_国网辽宁电力2025年第三次物资协议库存招标采购/extracted/电缆保护管MPP/包3_完整招标文件_53488487342213219/包3_技术规范书_53488484020778719/国网辽宁省电力有限公司_辽宁公司二级采购非结构化固化ID编制（G00J-500021520-00006）/电缆保护管-MPP地埋用（φ200）.doc,0,7,dimension_parameter_table,公称内径 175,公称壁厚 / 环刚度等级b / SN 24: 12；公称壁厚 / 环刚度等级b / SN 32: 14；公称壁厚 / 环刚度等级b / SN 40: 16；不圆度: ≤2.8,,pending_response,medium,存在项目需求值或标准值，但投标人响应值/保证值为空。,补充泰昌响应值、保证值或明确写入无偏差承诺后复核。,"{""公称内径 DN/ID"": ""175"", ""公称壁厚 / 环刚度等级b / SN 24"": ""12"", ""公称壁厚 / 环刚度等级b / SN 32"": ""14"", ""公称壁厚 / 环刚度等级b / SN 40"": ""16"", ""不圆度"": ""≤2.8""}"
customer_liaoning_taichang_20260606_p0,辽宁,2025-03,包3,2225AC,电缆保护管MPP,rag_seed/power_grid_resources/01_tender_documents/22_国网辽宁电力2025年第三次物资协议库存招标采购/extracted/电缆保护管MPP/包3_完整招标文件_53488487342213219/包3_技术规范书_53488484020778719/国网辽宁省电力有限公司_辽宁公司二级采购非结构化固化ID编制（G00J-500021520-00006）/电缆保护管-MPP地埋用（φ200）.doc,0,8,dimension_parameter_table,公称内径 200,公称壁厚 / 环刚度等级b / SN 24: 14；公称壁厚 / 环刚度等级b / SN 32: 16；公称壁厚 / 环刚度等级b / SN 40: 18；不圆度: ≤3.2,,pending_response,medium,存在项目需求值或标准值，但投标人响应值/保证值为空。,补充泰昌响应值、保证值或明确写入无偏差承诺后复核。,"{""公称内径 DN/ID"": ""200"", ""公称壁厚 / 环刚度等级b / SN 24"": ""14"", ""公称壁厚 / 环刚度等级b / SN 32"": ""16"", ""公称壁厚 / 环刚度等级b / SN 40"": ""18"", ""不圆度"": ""≤3.2""}"
customer_liaoning_taichang_20260606_p0,辽宁,2025-03,包3,2225AC,电缆保护管MPP,rag_seed/power_grid_resources/01_tender_documents/22_国网辽宁电力2025年第三次物资协议库存招标采购/extracted/电缆保护管MPP/包3_完整招标文件_53488487342213219/包3_技术规范书_53488484020778719/国网辽宁省电力有限公司_辽宁公司二级采购非结构化固化ID编制（G00J-500021520-00006）/电缆保护管-MPP地埋用（φ200）.doc,0,9,dimension_parameter_table,公称内径 225,公称壁厚 / 环刚度等级b / SN 24: 16；公称壁厚 / 环刚度等级b / SN 32: 18；公称壁厚 / 环刚度等级b / SN 40: 20；不圆度: ≤3.8,,pending_response,medium,存在项目需求值或标准值，但投标人响应值/保证值为空。,补充泰昌响应值、保证值或明确写入无偏差承诺后复核。,"{""公称内径 DN/ID"": ""225"", ""公称壁厚 / 环刚度等级b / SN 24"": ""16"", ""公称壁厚 / 环刚度等级b / SN 32"": ""18"", ""公称壁厚 / 环刚度等级b / SN 40"": ""20"", ""不圆度"": ""≤3.8""}"
customer_liaoning_taichang_20260606_p0,辽宁,2025-03,包3,2225AC,电缆保护管MPP,rag_seed/power_grid_resources/01_tender_documents/22_国网辽宁电力2025年第三次物资协议库存招标采购/extracted/电缆保护管MPP/包3_完整招标文件_53488487342213219/包3_技术规范书_53488484020778719/国网辽宁省电力有限公司_辽宁公司二级采购非结构化固化ID编制（G00J-500021520-00006）/电缆保护管-MPP地埋用（φ200）.doc,0,10,dimension_parameter_table,公称内径 250,公称壁厚 / 环刚度等级b / SN 24: 18；公称壁厚 / 环刚度等级b / SN 32: 20；公称壁厚 / 环刚度等级b / SN 40: 22；不圆度: ≤4.2,,pending_response,medium,存在项目需求值或标准值，但投标人响应值/保证值为空。,补充泰昌响应值、保证值或明确写入无偏差承诺后复核。,"{""公称内径 DN/ID"": ""250"", ""公称壁厚 / 环刚度等级b / SN 24"": ""18"", ""公称壁厚 / 环刚度等级b / SN 32"": ""20"", ""公称壁厚 / 环刚度等级b / SN 40"": ""22"", ""不圆度"": ""≤4.2""}"
customer_liaoning_taichang_20260606_p0,辽宁,2025-03,包3,2225AC,电缆保护管MPP,rag_seed/power_grid_resources/01_tender_documents/22_国网辽宁电力2025年第三次物资协议库存招标采购/extracted/电缆保护管MPP/包3_完整招标文件_53488487342213219/包3_技术规范书_53488484020778719/国网辽宁省电力有限公司_辽宁公司二级采购非结构化固化ID编制（G00J-500021520-00006）/电缆保护管-MPP地埋用（φ200）.doc,0,11,dimension_parameter_table,公称内径 280,公称壁厚 / 环刚度等级b / SN 24: 20；公称壁厚 / 环刚度等级b / SN 32: 22；公称壁厚 / 环刚度等级b / SN 40: 24；不圆度: ≤4.5,,pending_response,medium,存在项目需求值或标准值，但投标人响应值/保证值为空。,补充泰昌响应值、保证值或明确写入无偏差承诺后复核。,"{""公称内径 DN/ID"": ""280"", ""公称壁厚 / 环刚度等级b / SN 24"": ""20"", ""公称壁厚 / 环刚度等级b / SN 32"": ""22"", ""公称壁厚 / 环刚度等级b / SN 40"": ""24"", ""不圆度"": ""≤4.5""}"
customer_liaoning_taichang_20260606_p0,辽宁,2025-03,包3,2225AC,电缆保护管MPP,rag_seed/power_grid_resources/01_tender_documents/22_国网辽宁电力2025年第三次物资协议库存招标采购/extracted/电缆保护管MPP/包3_完整招标文件_53488487342213219/包3_技术规范书_53488484020778719/国网辽宁省电力有限公司_辽宁公司二级采购非结构化固化ID编制（G00J-500021520-00006）/电缆保护管-MPP地埋用（φ200）.doc,0,12,dimension_parameter_table,公称内径 315,公称壁厚 / 环刚度等级b / SN 24: 22；公称壁厚 / 环刚度等级b / SN 32: 24；公称壁厚 / 环刚度等级b / SN 40: 26；不圆度: ≤4.8,,pending_response,medium,存在项目需求值或标准值，但投标人响应值/保证值为空。,补充泰昌响应值、保证值或明确写入无偏差承诺后复核。,"{""公称内径 DN/ID"": ""315"", ""公称壁厚 / 环刚度等级b / SN 24"": ""22"", ""公称壁厚 / 环刚度等级b / SN 32"": ""24"", ""公称壁厚 / 环刚度等级b / SN 40"": ""26"", ""不圆度"": ""≤4.8""}"
customer_liaoning_taichang_20260606_p0,辽宁,2025-03,包3,2225AC,电缆保护管MPP,rag_seed/power_grid_resources/01_tender_documents/22_国网辽宁电力2025年第三次物资协议库存招标采购/extracted/电缆保护管MPP/包3_完整招标文件_53488487342213219/包3_技术规范书_53488484020778719/国网辽宁省电力有限公司_辽宁公司二级采购非结构化固化ID编制（G00J-500021520-00006）/电缆保护管-MPP地埋用（φ200）.doc,0,13,dimension_parameter_table,公称内径 355,公称壁厚 / 环刚度等级b / SN 24: 24；公称壁厚 / 环刚度等级b / SN 32: 26；公称壁厚 / 环刚度等级b / SN 40: 28；不圆度: ≤5.2,,pending_response,medium,存在项目需求值或标准值，但投标人响应值/保证值为空。,补充泰昌响应值、保证值或明确写入无偏差承诺后复核。,"{""公称内径 DN/ID"": ""355"", ""公称壁厚 / 环刚度等级b / SN 24"": ""24"", ""公称壁厚 / 环刚度等级b / SN 32"": ""26"", ""公称壁厚 / 环刚度等级b / SN 40"": ""28"", ""不圆度"": ""≤5.2""}"
customer_liaoning_taichang_20260606_p0,辽宁,2025-03,包3,2225AC,电缆保护管MPP,rag_seed/power_grid_resources/01_tender_documents/22_国网辽宁电力2025年第三次物资协议库存招标采购/extracted/电缆保护管MPP/包3_完整招标文件_53488487342213219/包3_技术规范书_53488484020778719/国网辽宁省电力有限公司_辽宁公司二级采购非结构化固化ID编制（G00J-500021520-00006）/电缆保护管-MPP地埋用（φ200）.doc,1,2,performance_parameter_table,项目,PVC电缆导管,,pending_response,medium,存在项目需求值或标准值，但投标人响应值/保证值为空。,补充泰昌响应值、保证值或明确写入无偏差承诺后复核。,"{""项目"": ""项目"", ""要 求"": ""PVC电缆导管"", ""要 求_2"": ""HDPE电缆导管"", ""要 求_3"": ""MPP电缆导管""}"
customer_liaoning_taichang_20260606_p0,辽宁,2025-03,包3,2225AC,电缆保护管MPP,rag_seed/power_grid_resources/01_tender_documents/22_国网辽宁电力2025年第三次物资协议库存招标采购/extracted/电缆保护管MPP/包3_完整招标文件_53488487342213219/包3_技术规范书_53488484020778719/国网辽宁省电力有限公司_辽宁公司二级采购非结构化固化ID编制（G00J-500021520-00006）/电缆保护管-MPP地埋用（φ200）.doc,1,3,performance_parameter_table,密度/(g/cm),1.35~1.46,,pending_response,medium,存在项目需求值或标准值，但投标人响应值/保证值为空。,补充泰昌响应值、保证值或明确写入无偏差承诺后复核。,"{""项目"": ""密度/(g/cm)"", ""要 求"": ""1.35~1.46"", ""要 求_2"": ""0.94~0.98"", ""要 求_3"": ""0.89~0.93""}"
customer_liaoning_taichang_20260606_p0,辽宁,2025-03,包3,2225AC,电缆保护管MPP,rag_seed/power_grid_resources/01_tender_documents/22_国网辽宁电力2025年第三次物资协议库存招标采购/extracted/电缆保护管MPP/包3_完整招标文件_53488487342213219/包3_技术规范书_53488484020778719/国网辽宁省电力有限公司_辽宁公司二级采购非结构化固化ID编制（G00J-500021520-00006）/电缆保护管-MPP地埋用（φ200）.doc,1,4,performance_parameter_table,环刚度/(kN/m²),SN 20:≥20,,pending_response,medium,存在项目需求值或标准值，但投标人响应值/保证值为空。,补充泰昌响应值、保证值或明确写入无偏差承诺后复核。,"{""项目"": ""环刚度/(kN/m²)"", ""要 求"": ""SN 20:≥20"", ""要 求_2"": ""SN 12:≥12"", ""要 求_3"": ""SN 24:≥24""}"
customer_liaoning_taichang_20260606_p0,辽宁,2025-03,包3,2225AC,电缆保护管MPP,rag_seed/power_grid_resources/01_tender_documents/22_国网辽宁电力2025年第三次物资协议库存招标采购/extracted/电缆保护管MPP/包3_完整招标文件_53488487342213219/包3_技术规范书_53488484020778719/国网辽宁省电力有限公司_辽宁公司二级采购非结构化固化ID编制（G00J-500021520-00006）/电缆保护管-MPP地埋用（φ200）.doc,1,5,performance_parameter_table,环刚度/(kN/m²),SN 30:≥30,,pending_response,medium,存在项目需求值或标准值，但投标人响应值/保证值为空。,补充泰昌响应值、保证值或明确写入无偏差承诺后复核。,"{""项目"": ""环刚度/(kN/m²)"", ""要 求"": ""SN 30:≥30"", ""要 求_2"": ""SN 18:≥18"", ""要 求_3"": ""SN 32:≥32""}"
customer_liaoning_taichang_20260606_p0,辽宁,2025-03,包3,2225AC,电缆保护管MPP,rag_seed/power_grid_resources/01_tender_documents/22_国网辽宁电力2025年第三次物资协议库存招标采购/extracted/电缆保护管MPP/包3_完整招标文件_53488487342213219/包3_技术规范书_53488484020778719/国网辽宁省电力有限公司_辽宁公司二级采购非结构化固化ID编制（G00J-500021520-00006）/电缆保护管-MPP地埋用（φ200）.doc,1,6,performance_parameter_table,环刚度/(kN/m²),SN40:≥40,,pending_response,medium,存在项目需求值或标准值，但投标人响应值/保证值为空。,补充泰昌响应值、保证值或明确写入无偏差承诺后复核。,"{""项目"": ""环刚度/(kN/m²)"", ""要 求"": ""SN40:≥40"", ""要 求_2"": ""SN24:≥24"", ""要 求_3"": ""SN40:≥40""}"
customer_liaoning_taichang_20260606_p0,辽宁,2025-03,包3,2225AC,电缆保护管MPP,rag_seed/power_grid_resources/01_tender_documents/22_国网辽宁电力2025年第三次物资协议库存招标采购/extracted/电缆保护管MPP/包3_完整招标文件_53488487342213219/包3_技术规范书_53488484020778719/国网辽宁省电力有限公司_辽宁公司二级采购非结构化固化ID编制（G00J-500021520-00006）/电缆保护管-MPP地埋用（φ200）.doc,1,7,performance_parameter_table,压扁试验,试样不应出现破裂,,pending_response,medium,存在项目需求值或标准值，但投标人响应值/保证值为空。,补充泰昌响应值、保证值或明确写入无偏差承诺后复核。,"{""项目"": ""压扁试验"", ""要 求"": ""试样不应出现破裂"", ""要 求_2"": ""试样不应出现破裂"", ""要 求_3"": ""试样不应出现破裂""}"
customer_liaoning_taichang_20260606_p0,辽宁,2025-03,包3,2225AC,电缆保护管MPP,rag_seed/power_grid_resources/01_tender_documents/22_国网辽宁电力2025年第三次物资协议库存招标采购/extracted/电缆保护管MPP/包3_完整招标文件_53488487342213219/包3_技术规范书_53488484020778719/国网辽宁省电力有限公司_辽宁公司二级采购非结构化固化ID编制（G00J-500021520-00006）/电缆保护管-MPP地埋用（φ200）.doc,1,8,performance_parameter_table,拉伸强度/MPa,≥40,,pending_response,medium,存在项目需求值或标准值，但投标人响应值/保证值为空。,补充泰昌响应值、保证值或明确写入无偏差承诺后复核。,"{""项目"": ""拉伸强度/MPa"", ""要 求"": ""≥40"", ""要 求_2"": ""≥22"", ""要 求_3"": ""≥25""}"
customer_liaoning_taichang_20260606_p0,辽宁,2025-03,包3,2225AC,电缆保护管MPP,rag_seed/power_grid_resources/01_tender_documents/22_国网辽宁电力2025年第三次物资协议库存招标采购/extracted/电缆保护管MPP/包3_完整招标文件_53488487342213219/包3_技术规范书_53488484020778719/国网辽宁省电力有限公司_辽宁公司二级采购非结构化固化ID编制（G00J-500021520-00006）/电缆保护管-MPP地埋用（φ200）.doc,1,9,performance_parameter_table,焊接强度*/MPa,≥30,,pending_response,medium,存在项目需求值或标准值，但投标人响应值/保证值为空。,补充泰昌响应值、保证值或明确写入无偏差承诺后复核。,"{""项目"": ""焊接强度*/MPa"", ""要 求"": ""≥30"", ""要 求_2"": ""≥22"", ""要 求_3"": ""≥22.5""}"
customer_liaoning_taichang_20260606_p0,辽宁,2025-03,包3,2225AC,电缆保护管MPP,rag_seed/power_grid_resources/01_tender_documents/22_国网辽宁电力2025年第三次物资协议库存招标采购/extracted/电缆保护管MPP/包3_完整招标文件_53488487342213219/包3_技术规范书_53488484020778719/国网辽宁省电力有限公司_辽宁公司二级采购非结构化固化ID编制（G00J-500021520-00006）/电缆保护管-MPP地埋用（φ200）.doc,1,10,performance_parameter_table,断裂伸长率/%,≥80,,pending_response,medium,存在项目需求值或标准值，但投标人响应值/保证值为空。,补充泰昌响应值、保证值或明确写入无偏差承诺后复核。,"{""项目"": ""断裂伸长率/%"", ""要 求"": ""≥80"", ""要 求_2"": ""≥350"", ""要 求_3"": ""≥150""}"
customer_liaoning_taichang_20260606_p0,辽宁,2025-03,包3,2225AC,电缆保护管MPP,rag_seed/power_grid_resources/01_tender_documents/22_国网辽宁电力2025年第三次物资协议库存招标采购/extracted/电缆保护管MPP/包3_完整招标文件_53488487342213219/包3_技术规范书_53488484020778719/国网辽宁省电力有限公司_辽宁公司二级采购非结构化固化ID编制（G00J-500021520-00006）/电缆保护管-MPP地埋用（φ200）.doc,1,11,performance_parameter_table,落锤冲击,10个试样中至少有9个不破裂,,pending_response,medium,存在项目需求值或标准值，但投标人响应值/保证值为空。,补充泰昌响应值、保证值或明确写入无偏差承诺后复核。,"{""项目"": ""落锤冲击"", ""要 求"": ""10个试样中至少有9个不破裂"", ""要 求_2"": ""10个试样中至少有9个不破裂"", ""要 求_3"": ""10个试样中至少有9个不破裂""}"
customer_liaoning_taichang_20260606_p0,辽宁,2025-03,包3,2225AC,电缆保护管MPP,rag_seed/power_grid_resources/01_tender_documents/22_国网辽宁电力2025年第三次物资协议库存招标采购/extracted/电缆保护管MPP/包3_完整招标文件_53488487342213219/包3_技术规范书_53488484020778719/国网辽宁省电力有限公司_辽宁公司二级采购非结构化固化ID编制（G00J-500021520-00006）/电缆保护管-MPP地埋用（φ200）.doc,1,12,performance_parameter_table,静摩擦系数,≤0.35,,pending_response,medium,存在项目需求值或标准值，但投标人响应值/保证值为空。,补充泰昌响应值、保证值或明确写入无偏差承诺后复核。,"{""项目"": ""静摩擦系数"", ""要 求"": ""≤0.35"", ""要 求_2"": ""≤0.35"", ""要 求_3"": ""≤0.35""}"
customer_liaoning_taichang_20260606_p0,辽宁,2025-03,包3,2225AC,电缆保护管MPP,rag_seed/power_grid_resources/01_tender_documents/22_国网辽宁电力2025年第三次物资协议库存招标采购/extracted/电缆保护管MPP/包3_完整招标文件_53488487342213219/包3_技术规范书_53488484020778719/国网辽宁省电力有限公司_辽宁公司二级采购非结构化固化ID编制（G00J-500021520-00006）/电缆保护管-MPP地埋用（φ200）.doc,1,13,performance_parameter_table,维卡软化温度/℃,≥83,,pending_response,medium,存在项目需求值或标准值，但投标人响应值/保证值为空。,补充泰昌响应值、保证值或明确写入无偏差承诺后复核。,"{""项目"": ""维卡软化温度/℃"", ""要 求"": ""≥83"", ""要 求_2"": ""≥110"", ""要 求_3"": ""≥150""}"
customer_liaoning_taichang_20260606_p0,辽宁,2025-03,包3,2225AC,电缆保护管MPP,rag_seed/power_grid_resources/01_tender_documents/22_国网辽宁电力2025年第三次物资协议库存招标采购/extracted/电缆保护管MPP/包3_完整招标文件_53488487342213219/包3_技术规范书_53488484020778719/国网辽宁省电力有限公司_辽宁公司二级采购非结构化固化ID编制（G00J-500021520-00006）/电缆保护管-MPP地埋用（φ200）.doc,1,14,performance_parameter_table,纵向回缩率/%,≤5,,pending_response,medium,存在项目需求值或标准值，但投标人响应值/保证值为空。,补充泰昌响应值、保证值或明确写入无偏差承诺后复核。,"{""项目"": ""纵向回缩率/%"", ""要 求"": ""≤5"", ""要 求_2"": ""≤3"", ""要 求_3"": ""≤3""}"
customer_liaoning_taichang_20260606_p0,辽宁,2025-03,包3,2225AC,电缆保护管MPP,rag_seed/power_grid_resources/01_tender_documents/22_国网辽宁电力2025年第三次物资协议库存招标采购/extracted/电缆保护管MPP/包3_完整招标文件_53488487342213219/包3_技术规范书_53488484020778719/国网辽宁省电力有限公司_辽宁公司二级采购非结构化固化ID编制（G00J-500021520-00006）/电缆保护管-MPP地埋用（φ200）.doc,1,15,performance_parameter_table,散热性能,常温下放置规定的时间，导管内、外壁温度均≤30℃。,,pending_response,medium,存在项目需求值或标准值，但投标人响应值/保证值为空。,补充泰昌响应值、保证值或明确写入无偏差承诺后复核。,"{""项目"": ""散热性能"", ""要 求"": ""常温下放置规定的时间，导管内、外壁温度均≤30℃。"", ""要 求_2"": ""常温下放置规定的时间，导管内、外壁温度均≤30℃。"", ""要 求_3"": ""常温下放置规定的时间，导管内、外壁温度均≤30℃。""}"
customer_liaoning_taichang_20260606_p0,辽宁,2025-03,包3,2225AC,电缆保护管MPP,rag_seed/power_grid_resources/01_tender_documents/22_国网辽宁电力2025年第三次物资协议库存招标采购/extracted/电缆保护管MPP/包3_完整招标文件_53488487342213219/包3_技术规范书_53488484020778719/国网辽宁省电力有限公司_辽宁公司二级采购非结构化固化ID编制（G00J-500021520-00006）/电缆保护管-MPP地埋用（φ200）.doc,2,2,bid_response_parameter_table,"电缆保护管-材质:MPP,标称直径:φ175",参照通用部分5.技术要求,,pending_response,medium,存在项目需求值或标准值，但投标人响应值/保证值为空。,补充泰昌响应值、保证值或明确写入无偏差承诺后复核。,"{""序号"": ""1"", ""技术参数名称"": ""电缆保护管-材质:MPP,标称直径:φ175"", ""单位"": ""米"", ""项目需求值或表述"": ""参照通用部分5.技术要求"", ""投标人响应值"": """"}"
customer_liaoning_taichang_20260606_p0,辽宁,2025-03,包3,2225AC,电缆保护管MPP,rag_seed/power_grid_resources/01_tender_documents/22_国网辽宁电力2025年第三次物资协议库存招标采购/extracted/电缆保护管MPP/包3_完整招标文件_53488487342213219/包3_技术规范书_53488484020778719/国网辽宁省电力有限公司_辽宁公司二级采购非结构化固化ID编制（G00J-500021520-00006）/电缆保护管-MPP地埋用（φ200）.doc,2,3,bid_response_parameter_table,"电缆保护管-材质:MPP,标称直径:φ200",参照通用部分5.技术要求,,pending_response,medium,存在项目需求值或标准值，但投标人响应值/保证值为空。,补充泰昌响应值、保证值或明确写入无偏差承诺后复核。,"{""序号"": ""2"", ""技术参数名称"": ""电缆保护管-材质:MPP,标称直径:φ200"", ""单位"": ""米"", ""项目需求值或表述"": ""参照通用部分5.技术要求"", ""投标人响应值"": """"}"
customer_liaoning_taichang_20260606_p0,辽宁,2025-03,包3,2225AC,电缆保护管MPP,rag_seed/power_grid_resources/01_tender_documents/22_国网辽宁电力2025年第三次物资协议库存招标采购/extracted/电缆保护管MPP/包3_完整招标文件_53488487342213219/包3_技术规范书_53488484020778719/国网辽宁省电力有限公司_辽宁公司二级采购非结构化固化ID编制（G00J-500021520-00006）/电缆保护管-MPP地埋用（φ200）.doc,3,2,bid_response_parameter_table,环境温度,+45,,pending_response,medium,存在项目需求值或标准值，但投标人响应值/保证值为空。,补充泰昌响应值、保证值或明确写入无偏差承诺后复核。,"{""序号"": ""1"", ""名称"": ""环境温度"", ""名称_2"": ""最高温度"", ""单位"": ""℃"", ""项目需求值"": ""+45"", ""投标人响应值"": """"}"
customer_liaoning_taichang_20260606_p0,辽宁,2025-03,包3,2225AC,电缆保护管MPP,rag_seed/power_grid_resources/01_tender_documents/22_国网辽宁电力2025年第三次物资协议库存招标采购/extracted/电缆保护管MPP/包3_完整招标文件_53488487342213219/包3_技术规范书_53488484020778719/国网辽宁省电力有限公司_辽宁公司二级采购非结构化固化ID编制（G00J-500021520-00006）/电缆保护管-MPP地埋用（φ200）.doc,3,3,bid_response_parameter_table,环境温度,-40,,pending_response,medium,存在项目需求值或标准值，但投标人响应值/保证值为空。,补充泰昌响应值、保证值或明确写入无偏差承诺后复核。,"{""序号"": ""1"", ""名称"": ""环境温度"", ""名称_2"": ""最低温度"", ""单位"": ""℃"", ""项目需求值"": ""-40"", ""投标人响应值"": """"}"
customer_liaoning_taichang_20260606_p0,辽宁,2025-03,包3,2225AC,电缆保护管MPP,rag_seed/power_grid_resources/01_tender_documents/22_国网辽宁电力2025年第三次物资协议库存招标采购/extracted/电缆保护管MPP/包3_完整招标文件_53488487342213219/包3_技术规范书_53488484020778719/国网辽宁省电力有限公司_辽宁公司二级采购非结构化固化ID编制（G00J-500021520-00006）/电缆保护管-MPP地埋用（φ200）.doc,3,4,bid_response_parameter_table,环境温度,25,,pending_response,medium,存在项目需求值或标准值，但投标人响应值/保证值为空。,补充泰昌响应值、保证值或明确写入无偏差承诺后复核。,"{""序号"": ""1"", ""名称"": ""环境温度"", ""名称_2"": ""最大温差"", ""单位"": ""℃"", ""项目需求值"": ""25"", ""投标人响应值"": """"}"
customer_liaoning_taichang_20260606_p0,辽宁,2025-03,包3,2225AC,电缆保护管MPP,rag_seed/power_grid_resources/01_tender_documents/22_国网辽宁电力2025年第三次物资协议库存招标采购/extracted/电缆保护管MPP/包3_完整招标文件_53488487342213219/包3_技术规范书_53488484020778719/国网辽宁省电力有限公司_辽宁公司二级采购非结构化固化ID编制（G00J-500021520-00006）/电缆保护管-MPP地埋用（φ200）.doc,3,5,bid_response_parameter_table,海拔,≤1000,,pending_response,medium,存在项目需求值或标准值，但投标人响应值/保证值为空。,补充泰昌响应值、保证值或明确写入无偏差承诺后复核。,"{""序号"": ""2"", ""名称"": ""海拔"", ""名称_2"": ""海拔"", ""单位"": ""m"", ""项目需求值"": ""≤1000"", ""投标人响应值"": """"}"
customer_liaoning_taichang_20260606_p0,辽宁,2025-03,包3,2225AC,电缆保护管MPP,rag_seed/power_grid_resources/01_tender_documents/22_国网辽宁电力2025年第三次物资协议库存招标采购/extracted/电缆保护管MPP/包3_完整招标文件_53488487342213219/包3_技术规范书_53488484020778719/国网辽宁省电力有限公司_辽宁公司二级采购非结构化固化ID编制（G00J-500021520-00006）/电缆保护管-MPP地埋用（φ200）.doc,3,6,bid_response_parameter_table,日照,0.1,,pending_response,medium,存在项目需求值或标准值，但投标人响应值/保证值为空。,补充泰昌响应值、保证值或明确写入无偏差承诺后复核。,"{""序号"": ""3"", ""名称"": ""日照"", ""名称_2"": ""日照"", ""单位"": ""W/cm²"", ""项目需求值"": ""0.1"", ""投标人响应值"": """"}"
customer_liaoning_taichang_20260606_p0,辽宁,2025-03,包3,2225AC,电缆保护管MPP,rag_seed/power_grid_resources/01_tender_documents/22_国网辽宁电力2025年第三次物资协议库存招标采购/extracted/电缆保护管MPP/包3_完整招标文件_53488487342213219/包3_技术规范书_53488484020778719/国网辽宁省电力有限公司_辽宁公司二级采购非结构化固化ID编制（G00J-500021520-00006）/电缆保护管-MPP地埋用（φ200）.doc,3,7,bid_response_parameter_table,覆冰厚度,20,,pending_response,medium,存在项目需求值或标准值，但投标人响应值/保证值为空。,补充泰昌响应值、保证值或明确写入无偏差承诺后复核。,"{""序号"": ""4"", ""名称"": ""覆冰厚度"", ""名称_2"": ""覆冰厚度"", ""单位"": ""mm"", ""项目需求值"": ""20"", ""投标人响应值"": """"}"
customer_liaoning_taichang_20260606_p0,辽宁,2025-03,包3,2225AC,电缆保护管MPP,rag_seed/power_grid_resources/01_tender_documents/22_国网辽宁电力2025年第三次物资协议库存招标采购/extracted/电缆保护管MPP/包3_完整招标文件_53488487342213219/包3_技术规范书_53488484020778719/国网辽宁省电力有限公司_辽宁公司二级采购非结构化固化ID编制（G00J-500021520-00006）/电缆保护管-MPP地埋用（φ200）.doc,3,8,bid_response_parameter_table,最大风速,35,,pending_response,medium,存在项目需求值或标准值，但投标人响应值/保证值为空。,补充泰昌响应值、保证值或明确写入无偏差承诺后复核。,"{""序号"": ""5"", ""名称"": ""最大风速"", ""名称_2"": ""最大风速"", ""单位"": ""m/s"", ""项目需求值"": ""35"", ""投标人响应值"": """"}"
customer_liaoning_taichang_20260606_p0,辽宁,2025-03,包3,2225AC,电缆保护管MPP,rag_seed/power_grid_resources/01_tender_documents/22_国网辽宁电力2025年第三次物资协议库存招标采购/extracted/电缆保护管MPP/包3_完整招标文件_53488487342213219/包3_技术规范书_53488484020778719/国网辽宁省电力有限公司_辽宁公司二级采购非结构化固化ID编制（G00J-500021520-00006）/电缆保护管-MPP地埋用（φ200）.doc,3,9,bid_response_parameter_table,埋深,＜8,,pending_response,medium,存在项目需求值或标准值，但投标人响应值/保证值为空。,补充泰昌响应值、保证值或明确写入无偏差承诺后复核。,"{""序号"": ""6"", ""名称"": ""埋深"", ""名称_2"": ""埋深"", ""单位"": ""m"", ""项目需求值"": ""＜8"", ""投标人响应值"": """"}"
customer_liaoning_taichang_20260606_p0,辽宁,2025-03,包3,2225AC,电缆保护管MPP,rag_seed/power_grid_resources/01_tender_documents/22_国网辽宁电力2025年第三次物资协议库存招标采购/extracted/电缆保护管MPP/包3_完整招标文件_53488487342213219/包3_技术规范书_53488484020778719/国网辽宁省电力有限公司_辽宁公司二级采购非结构化固化ID编制（G00J-500021520-00006）/电缆保护管-MPP地埋用（φ200）.doc,5,4,performance_parameter_table,……,,,informational,low,未识别到明确项目需求值或标准值，仅作为参数信息保留。,无需生成偏差判断，可在参数查询中展示。,"{""序号 / 1"": ""……"", ""名称 / 电缆保护管(地埋用)"": """", ""单位 / 米"": """", ""招标人要求 / 型号和规格 / 电缆保护管,MPP,φ200"": """", ""招标人要求 / 数量 / 详见货物清单"": """", ""投标人响应 / 环刚度等级 / 详见货物清单"": """", ""投标人响应 / 数量"": """"}"
customer_liaoning_taichang_20260606_p0,辽宁,2025-03,包3,2225AC,电缆保护管MPP,rag_seed/power_grid_resources/01_tender_documents/22_国网辽宁电力2025年第三次物资协议库存招标采购/extracted/电缆保护管MPP/包3_完整招标文件_53488487342213219/包3_技术规范书_53488484020778719/国网辽宁省电力有限公司_辽宁公司二级采购非结构化固化ID编制（G00J-500021520-00007）/电缆保护管-MPP非开挖（φ200）.doc,0,4,dimension_parameter_table,公称内径 100,公称壁厚 / 环刚度等级b / SN 24: 6；公称壁厚 / 环刚度等级b / SN 32: 8；公称壁厚 / 环刚度等级b / SN 40: 10；不圆度: ≤2.0,,pending_response,medium,存在项目需求值或标准值，但投标人响应值/保证值为空。,补充泰昌响应值、保证值或明确写入无偏差承诺后复核。,"{""公称内径 DN/ID"": ""100"", ""公称壁厚 / 环刚度等级b / SN 24"": ""6"", ""公称壁厚 / 环刚度等级b / SN 32"": ""8"", ""公称壁厚 / 环刚度等级b / SN 40"": ""10"", ""不圆度"": ""≤2.0""}"
customer_liaoning_taichang_20260606_p0,辽宁,2025-03,包3,2225AC,电缆保护管MPP,rag_seed/power_grid_resources/01_tender_documents/22_国网辽宁电力2025年第三次物资协议库存招标采购/extracted/电缆保护管MPP/包3_完整招标文件_53488487342213219/包3_技术规范书_53488484020778719/国网辽宁省电力有限公司_辽宁公司二级采购非结构化固化ID编制（G00J-500021520-00007）/电缆保护管-MPP非开挖（φ200）.doc,0,5,dimension_parameter_table,公称内径 125,公称壁厚 / 环刚度等级b / SN 24: 8；公称壁厚 / 环刚度等级b / SN 32: 10；公称壁厚 / 环刚度等级b / SN 40: 12；不圆度: ≤2.3,,pending_response,medium,存在项目需求值或标准值，但投标人响应值/保证值为空。,补充泰昌响应值、保证值或明确写入无偏差承诺后复核。,"{""公称内径 DN/ID"": ""125"", ""公称壁厚 / 环刚度等级b / SN 24"": ""8"", ""公称壁厚 / 环刚度等级b / SN 32"": ""10"", ""公称壁厚 / 环刚度等级b / SN 40"": ""12"", ""不圆度"": ""≤2.3""}"
customer_liaoning_taichang_20260606_p0,辽宁,2025-03,包3,2225AC,电缆保护管MPP,rag_seed/power_grid_resources/01_tender_documents/22_国网辽宁电力2025年第三次物资协议库存招标采购/extracted/电缆保护管MPP/包3_完整招标文件_53488487342213219/包3_技术规范书_53488484020778719/国网辽宁省电力有限公司_辽宁公司二级采购非结构化固化ID编制（G00J-500021520-00007）/电缆保护管-MPP非开挖（φ200）.doc,0,6,dimension_parameter_table,公称内径 150,公称壁厚 / 环刚度等级b / SN 24: 10；公称壁厚 / 环刚度等级b / SN 32: 12；公称壁厚 / 环刚度等级b / SN 40: 14；不圆度: ≤2.5,,pending_response,medium,存在项目需求值或标准值，但投标人响应值/保证值为空。,补充泰昌响应值、保证值或明确写入无偏差承诺后复核。,"{""公称内径 DN/ID"": ""150"", ""公称壁厚 / 环刚度等级b / SN 24"": ""10"", ""公称壁厚 / 环刚度等级b / SN 32"": ""12"", ""公称壁厚 / 环刚度等级b / SN 40"": ""14"", ""不圆度"": ""≤2.5""}"
customer_liaoning_taichang_20260606_p0,辽宁,2025-03,包3,2225AC,电缆保护管MPP,rag_seed/power_grid_resources/01_tender_documents/22_国网辽宁电力2025年第三次物资协议库存招标采购/extracted/电缆保护管MPP/包3_完整招标文件_53488487342213219/包3_技术规范书_53488484020778719/国网辽宁省电力有限公司_辽宁公司二级采购非结构化固化ID编制（G00J-500021520-00007）/电缆保护管-MPP非开挖（φ200）.doc,0,7,dimension_parameter_table,公称内径 175,公称壁厚 / 环刚度等级b / SN 24: 12；公称壁厚 / 环刚度等级b / SN 32: 14；公称壁厚 / 环刚度等级b / SN 40: 16；不圆度: ≤2.8,,pending_response,medium,存在项目需求值或标准值，但投标人响应值/保证值为空。,补充泰昌响应值、保证值或明确写入无偏差承诺后复核。,"{""公称内径 DN/ID"": ""175"", ""公称壁厚 / 环刚度等级b / SN 24"": ""12"", ""公称壁厚 / 环刚度等级b / SN 32"": ""14"", ""公称壁厚 / 环刚度等级b / SN 40"": ""16"", ""不圆度"": ""≤2.8""}"
customer_liaoning_taichang_20260606_p0,辽宁,2025-03,包3,2225AC,电缆保护管MPP,rag_seed/power_grid_resources/01_tender_documents/22_国网辽宁电力2025年第三次物资协议库存招标采购/extracted/电缆保护管MPP/包3_完整招标文件_53488487342213219/包3_技术规范书_53488484020778719/国网辽宁省电力有限公司_辽宁公司二级采购非结构化固化ID编制（G00J-500021520-00007）/电缆保护管-MPP非开挖（φ200）.doc,0,8,dimension_parameter_table,公称内径 200,公称壁厚 / 环刚度等级b / SN 24: 14；公称壁厚 / 环刚度等级b / SN 32: 16；公称壁厚 / 环刚度等级b / SN 40: 18；不圆度: ≤3.2,,pending_response,medium,存在项目需求值或标准值，但投标人响应值/保证值为空。,补充泰昌响应值、保证值或明确写入无偏差承诺后复核。,"{""公称内径 DN/ID"": ""200"", ""公称壁厚 / 环刚度等级b / SN 24"": ""14"", ""公称壁厚 / 环刚度等级b / SN 32"": ""16"", ""公称壁厚 / 环刚度等级b / SN 40"": ""18"", ""不圆度"": ""≤3.2""}"
customer_liaoning_taichang_20260606_p0,辽宁,2025-03,包3,2225AC,电缆保护管MPP,rag_seed/power_grid_resources/01_tender_documents/22_国网辽宁电力2025年第三次物资协议库存招标采购/extracted/电缆保护管MPP/包3_完整招标文件_53488487342213219/包3_技术规范书_53488484020778719/国网辽宁省电力有限公司_辽宁公司二级采购非结构化固化ID编制（G00J-500021520-00007）/电缆保护管-MPP非开挖（φ200）.doc,0,9,dimension_parameter_table,公称内径 225,公称壁厚 / 环刚度等级b / SN 24: 16；公称壁厚 / 环刚度等级b / SN 32: 18；公称壁厚 / 环刚度等级b / SN 40: 20；不圆度: ≤3.8,,pending_response,medium,存在项目需求值或标准值，但投标人响应值/保证值为空。,补充泰昌响应值、保证值或明确写入无偏差承诺后复核。,"{""公称内径 DN/ID"": ""225"", ""公称壁厚 / 环刚度等级b / SN 24"": ""16"", ""公称壁厚 / 环刚度等级b / SN 32"": ""18"", ""公称壁厚 / 环刚度等级b / SN 40"": ""20"", ""不圆度"": ""≤3.8""}"
customer_liaoning_taichang_20260606_p0,辽宁,2025-03,包3,2225AC,电缆保护管MPP,rag_seed/power_grid_resources/01_tender_documents/22_国网辽宁电力2025年第三次物资协议库存招标采购/extracted/电缆保护管MPP/包3_完整招标文件_53488487342213219/包3_技术规范书_53488484020778719/国网辽宁省电力有限公司_辽宁公司二级采购非结构化固化ID编制（G00J-500021520-00007）/电缆保护管-MPP非开挖（φ200）.doc,0,10,dimension_parameter_table,公称内径 250,公称壁厚 / 环刚度等级b / SN 24: 18；公称壁厚 / 环刚度等级b / SN 32: 20；公称壁厚 / 环刚度等级b / SN 40: 22；不圆度: ≤4.2,,pending_response,medium,存在项目需求值或标准值，但投标人响应值/保证值为空。,补充泰昌响应值、保证值或明确写入无偏差承诺后复核。,"{""公称内径 DN/ID"": ""250"", ""公称壁厚 / 环刚度等级b / SN 24"": ""18"", ""公称壁厚 / 环刚度等级b / SN 32"": ""20"", ""公称壁厚 / 环刚度等级b / SN 40"": ""22"", ""不圆度"": ""≤4.2""}"
customer_liaoning_taichang_20260606_p0,辽宁,2025-03,包3,2225AC,电缆保护管MPP,rag_seed/power_grid_resources/01_tender_documents/22_国网辽宁电力2025年第三次物资协议库存招标采购/extracted/电缆保护管MPP/包3_完整招标文件_53488487342213219/包3_技术规范书_53488484020778719/国网辽宁省电力有限公司_辽宁公司二级采购非结构化固化ID编制（G00J-500021520-00007）/电缆保护管-MPP非开挖（φ200）.doc,0,11,dimension_parameter_table,公称内径 280,公称壁厚 / 环刚度等级b / SN 24: 20；公称壁厚 / 环刚度等级b / SN 32: 22；公称壁厚 / 环刚度等级b / SN 40: 24；不圆度: ≤4.5,,pending_response,medium,存在项目需求值或标准值，但投标人响应值/保证值为空。,补充泰昌响应值、保证值或明确写入无偏差承诺后复核。,"{""公称内径 DN/ID"": ""280"", ""公称壁厚 / 环刚度等级b / SN 24"": ""20"", ""公称壁厚 / 环刚度等级b / SN 32"": ""22"", ""公称壁厚 / 环刚度等级b / SN 40"": ""24"", ""不圆度"": ""≤4.5""}"
customer_liaoning_taichang_20260606_p0,辽宁,2025-03,包3,2225AC,电缆保护管MPP,rag_seed/power_grid_resources/01_tender_documents/22_国网辽宁电力2025年第三次物资协议库存招标采购/extracted/电缆保护管MPP/包3_完整招标文件_53488487342213219/包3_技术规范书_53488484020778719/国网辽宁省电力有限公司_辽宁公司二级采购非结构化固化ID编制（G00J-500021520-00007）/电缆保护管-MPP非开挖（φ200）.doc,0,12,dimension_parameter_table,公称内径 315,公称壁厚 / 环刚度等级b / SN 24: 22；公称壁厚 / 环刚度等级b / SN 32: 24；公称壁厚 / 环刚度等级b / SN 40: 26；不圆度: ≤4.8,,pending_response,medium,存在项目需求值或标准值，但投标人响应值/保证值为空。,补充泰昌响应值、保证值或明确写入无偏差承诺后复核。,"{""公称内径 DN/ID"": ""315"", ""公称壁厚 / 环刚度等级b / SN 24"": ""22"", ""公称壁厚 / 环刚度等级b / SN 32"": ""24"", ""公称壁厚 / 环刚度等级b / SN 40"": ""26"", ""不圆度"": ""≤4.8""}"
customer_liaoning_taichang_20260606_p0,辽宁,2025-03,包3,2225AC,电缆保护管MPP,rag_seed/power_grid_resources/01_tender_documents/22_国网辽宁电力2025年第三次物资协议库存招标采购/extracted/电缆保护管MPP/包3_完整招标文件_53488487342213219/包3_技术规范书_53488484020778719/国网辽宁省电力有限公司_辽宁公司二级采购非结构化固化ID编制（G00J-500021520-00007）/电缆保护管-MPP非开挖（φ200）.doc,0,13,dimension_parameter_table,公称内径 355,公称壁厚 / 环刚度等级b / SN 24: 24；公称壁厚 / 环刚度等级b / SN 32: 26；公称壁厚 / 环刚度等级b / SN 40: 28；不圆度: ≤5.2,,pending_response,medium,存在项目需求值或标准值，但投标人响应值/保证值为空。,补充泰昌响应值、保证值或明确写入无偏差承诺后复核。,"{""公称内径 DN/ID"": ""355"", ""公称壁厚 / 环刚度等级b / SN 24"": ""24"", ""公称壁厚 / 环刚度等级b / SN 32"": ""26"", ""公称壁厚 / 环刚度等级b / SN 40"": ""28"", ""不圆度"": ""≤5.2""}"
customer_liaoning_taichang_20260606_p0,辽宁,2025-03,包3,2225AC,电缆保护管MPP,rag_seed/power_grid_resources/01_tender_documents/22_国网辽宁电力2025年第三次物资协议库存招标采购/extracted/电缆保护管MPP/包3_完整招标文件_53488487342213219/包3_技术规范书_53488484020778719/国网辽宁省电力有限公司_辽宁公司二级采购非结构化固化ID编制（G00J-500021520-00007）/电缆保护管-MPP非开挖（φ200）.doc,1,2,performance_parameter_table,项目,PVC电缆导管,,pending_response,medium,存在项目需求值或标准值，但投标人响应值/保证值为空。,补充泰昌响应值、保证值或明确写入无偏差承诺后复核。,"{""项目"": ""项目"", ""要 求"": ""PVC电缆导管"", ""要 求_2"": ""HDPE电缆导管"", ""要 求_3"": ""MPP电缆导管""}"
customer_liaoning_taichang_20260606_p0,辽宁,2025-03,包3,2225AC,电缆保护管MPP,rag_seed/power_grid_resources/01_tender_documents/22_国网辽宁电力2025年第三次物资协议库存招标采购/extracted/电缆保护管MPP/包3_完整招标文件_53488487342213219/包3_技术规范书_53488484020778719/国网辽宁省电力有限公司_辽宁公司二级采购非结构化固化ID编制（G00J-500021520-00007）/电缆保护管-MPP非开挖（φ200）.doc,1,3,performance_parameter_table,密度/(g/cm),1.35~1.46,,pending_response,medium,存在项目需求值或标准值，但投标人响应值/保证值为空。,补充泰昌响应值、保证值或明确写入无偏差承诺后复核。,"{""项目"": ""密度/(g/cm)"", ""要 求"": ""1.35~1.46"", ""要 求_2"": ""0.94~0.98"", ""要 求_3"": ""0.89~0.93""}"
customer_liaoning_taichang_20260606_p0,辽宁,2025-03,包3,2225AC,电缆保护管MPP,rag_seed/power_grid_resources/01_tender_documents/22_国网辽宁电力2025年第三次物资协议库存招标采购/extracted/电缆保护管MPP/包3_完整招标文件_53488487342213219/包3_技术规范书_53488484020778719/国网辽宁省电力有限公司_辽宁公司二级采购非结构化固化ID编制（G00J-500021520-00007）/电缆保护管-MPP非开挖（φ200）.doc,1,4,performance_parameter_table,环刚度/(kN/m²),SN 20:≥20,,pending_response,medium,存在项目需求值或标准值，但投标人响应值/保证值为空。,补充泰昌响应值、保证值或明确写入无偏差承诺后复核。,"{""项目"": ""环刚度/(kN/m²)"", ""要 求"": ""SN 20:≥20"", ""要 求_2"": ""SN 12:≥12"", ""要 求_3"": ""SN 24:≥24""}"
customer_liaoning_taichang_20260606_p0,辽宁,2025-03,包3,2225AC,电缆保护管MPP,rag_seed/power_grid_resources/01_tender_documents/22_国网辽宁电力2025年第三次物资协议库存招标采购/extracted/电缆保护管MPP/包3_完整招标文件_53488487342213219/包3_技术规范书_53488484020778719/国网辽宁省电力有限公司_辽宁公司二级采购非结构化固化ID编制（G00J-500021520-00007）/电缆保护管-MPP非开挖（φ200）.doc,1,5,performance_parameter_table,环刚度/(kN/m²),SN 30:≥30,,pending_response,medium,存在项目需求值或标准值，但投标人响应值/保证值为空。,补充泰昌响应值、保证值或明确写入无偏差承诺后复核。,"{""项目"": ""环刚度/(kN/m²)"", ""要 求"": ""SN 30:≥30"", ""要 求_2"": ""SN 18:≥18"", ""要 求_3"": ""SN 32:≥32""}"
customer_liaoning_taichang_20260606_p0,辽宁,2025-03,包3,2225AC,电缆保护管MPP,rag_seed/power_grid_resources/01_tender_documents/22_国网辽宁电力2025年第三次物资协议库存招标采购/extracted/电缆保护管MPP/包3_完整招标文件_53488487342213219/包3_技术规范书_53488484020778719/国网辽宁省电力有限公司_辽宁公司二级采购非结构化固化ID编制（G00J-500021520-00007）/电缆保护管-MPP非开挖（φ200）.doc,1,6,performance_parameter_table,环刚度/(kN/m²),SN40:≥40,,pending_response,medium,存在项目需求值或标准值，但投标人响应值/保证值为空。,补充泰昌响应值、保证值或明确写入无偏差承诺后复核。,"{""项目"": ""环刚度/(kN/m²)"", ""要 求"": ""SN40:≥40"", ""要 求_2"": ""SN24:≥24"", ""要 求_3"": ""SN40:≥40""}"
customer_liaoning_taichang_20260606_p0,辽宁,2025-03,包3,2225AC,电缆保护管MPP,rag_seed/power_grid_resources/01_tender_documents/22_国网辽宁电力2025年第三次物资协议库存招标采购/extracted/电缆保护管MPP/包3_完整招标文件_53488487342213219/包3_技术规范书_53488484020778719/国网辽宁省电力有限公司_辽宁公司二级采购非结构化固化ID编制（G00J-500021520-00007）/电缆保护管-MPP非开挖（φ200）.doc,1,7,performance_parameter_table,压扁试验,试样不应出现破裂,,pending_response,medium,存在项目需求值或标准值，但投标人响应值/保证值为空。,补充泰昌响应值、保证值或明确写入无偏差承诺后复核。,"{""项目"": ""压扁试验"", ""要 求"": ""试样不应出现破裂"", ""要 求_2"": ""试样不应出现破裂"", ""要 求_3"": ""试样不应出现破裂""}"
customer_liaoning_taichang_20260606_p0,辽宁,2025-03,包3,2225AC,电缆保护管MPP,rag_seed/power_grid_resources/01_tender_documents/22_国网辽宁电力2025年第三次物资协议库存招标采购/extracted/电缆保护管MPP/包3_完整招标文件_53488487342213219/包3_技术规范书_53488484020778719/国网辽宁省电力有限公司_辽宁公司二级采购非结构化固化ID编制（G00J-500021520-00007）/电缆保护管-MPP非开挖（φ200）.doc,1,8,performance_parameter_table,拉伸强度/MPa,≥40,,pending_response,medium,存在项目需求值或标准值，但投标人响应值/保证值为空。,补充泰昌响应值、保证值或明确写入无偏差承诺后复核。,"{""项目"": ""拉伸强度/MPa"", ""要 求"": ""≥40"", ""要 求_2"": ""≥22"", ""要 求_3"": ""≥25""}"
customer_liaoning_taichang_20260606_p0,辽宁,2025-03,包3,2225AC,电缆保护管MPP,rag_seed/power_grid_resources/01_tender_documents/22_国网辽宁电力2025年第三次物资协议库存招标采购/extracted/电缆保护管MPP/包3_完整招标文件_53488487342213219/包3_技术规范书_53488484020778719/国网辽宁省电力有限公司_辽宁公司二级采购非结构化固化ID编制（G00J-500021520-00007）/电缆保护管-MPP非开挖（φ200）.doc,1,9,performance_parameter_table,焊接强度*/MPa,≥30,,pending_response,medium,存在项目需求值或标准值，但投标人响应值/保证值为空。,补充泰昌响应值、保证值或明确写入无偏差承诺后复核。,"{""项目"": ""焊接强度*/MPa"", ""要 求"": ""≥30"", ""要 求_2"": ""≥22"", ""要 求_3"": ""≥22.5""}"
customer_liaoning_taichang_20260606_p0,辽宁,2025-03,包3,2225AC,电缆保护管MPP,rag_seed/power_grid_resources/01_tender_documents/22_国网辽宁电力2025年第三次物资协议库存招标采购/extracted/电缆保护管MPP/包3_完整招标文件_53488487342213219/包3_技术规范书_53488484020778719/国网辽宁省电力有限公司_辽宁公司二级采购非结构化固化ID编制（G00J-500021520-00007）/电缆保护管-MPP非开挖（φ200）.doc,1,10,performance_parameter_table,断裂伸长率/%,≥80,,pending_response,medium,存在项目需求值或标准值，但投标人响应值/保证值为空。,补充泰昌响应值、保证值或明确写入无偏差承诺后复核。,"{""项目"": ""断裂伸长率/%"", ""要 求"": ""≥80"", ""要 求_2"": ""≥350"", ""要 求_3"": ""≥150""}"
customer_liaoning_taichang_20260606_p0,辽宁,2025-03,包3,2225AC,电缆保护管MPP,rag_seed/power_grid_resources/01_tender_documents/22_国网辽宁电力2025年第三次物资协议库存招标采购/extracted/电缆保护管MPP/包3_完整招标文件_53488487342213219/包3_技术规范书_53488484020778719/国网辽宁省电力有限公司_辽宁公司二级采购非结构化固化ID编制（G00J-500021520-00007）/电缆保护管-MPP非开挖（φ200）.doc,1,11,performance_parameter_table,落锤冲击,10个试样中至少有9个不破裂,,pending_response,medium,存在项目需求值或标准值，但投标人响应值/保证值为空。,补充泰昌响应值、保证值或明确写入无偏差承诺后复核。,"{""项目"": ""落锤冲击"", ""要 求"": ""10个试样中至少有9个不破裂"", ""要 求_2"": ""10个试样中至少有9个不破裂"", ""要 求_3"": ""10个试样中至少有9个不破裂""}"
customer_liaoning_taichang_20260606_p0,辽宁,2025-03,包3,2225AC,电缆保护管MPP,rag_seed/power_grid_resources/01_tender_documents/22_国网辽宁电力2025年第三次物资协议库存招标采购/extracted/电缆保护管MPP/包3_完整招标文件_53488487342213219/包3_技术规范书_53488484020778719/国网辽宁省电力有限公司_辽宁公司二级采购非结构化固化ID编制（G00J-500021520-00007）/电缆保护管-MPP非开挖（φ200）.doc,1,12,performance_parameter_table,静摩擦系数,≤0.35,,pending_response,medium,存在项目需求值或标准值，但投标人响应值/保证值为空。,补充泰昌响应值、保证值或明确写入无偏差承诺后复核。,"{""项目"": ""静摩擦系数"", ""要 求"": ""≤0.35"", ""要 求_2"": ""≤0.35"", ""要 求_3"": ""≤0.35""}"
customer_liaoning_taichang_20260606_p0,辽宁,2025-03,包3,2225AC,电缆保护管MPP,rag_seed/power_grid_resources/01_tender_documents/22_国网辽宁电力2025年第三次物资协议库存招标采购/extracted/电缆保护管MPP/包3_完整招标文件_53488487342213219/包3_技术规范书_53488484020778719/国网辽宁省电力有限公司_辽宁公司二级采购非结构化固化ID编制（G00J-500021520-00007）/电缆保护管-MPP非开挖（φ200）.doc,1,13,performance_parameter_table,维卡软化温度/℃,≥83,,pending_response,medium,存在项目需求值或标准值，但投标人响应值/保证值为空。,补充泰昌响应值、保证值或明确写入无偏差承诺后复核。,"{""项目"": ""维卡软化温度/℃"", ""要 求"": ""≥83"", ""要 求_2"": ""≥110"", ""要 求_3"": ""≥150""}"
customer_liaoning_taichang_20260606_p0,辽宁,2025-03,包3,2225AC,电缆保护管MPP,rag_seed/power_grid_resources/01_tender_documents/22_国网辽宁电力2025年第三次物资协议库存招标采购/extracted/电缆保护管MPP/包3_完整招标文件_53488487342213219/包3_技术规范书_53488484020778719/国网辽宁省电力有限公司_辽宁公司二级采购非结构化固化ID编制（G00J-500021520-00007）/电缆保护管-MPP非开挖（φ200）.doc,1,14,performance_parameter_table,纵向回缩率/%,≤5,,pending_response,medium,存在项目需求值或标准值，但投标人响应值/保证值为空。,补充泰昌响应值、保证值或明确写入无偏差承诺后复核。,"{""项目"": ""纵向回缩率/%"", ""要 求"": ""≤5"", ""要 求_2"": ""≤3"", ""要 求_3"": ""≤3""}"
customer_liaoning_taichang_20260606_p0,辽宁,2025-03,包3,2225AC,电缆保护管MPP,rag_seed/power_grid_resources/01_tender_documents/22_国网辽宁电力2025年第三次物资协议库存招标采购/extracted/电缆保护管MPP/包3_完整招标文件_53488487342213219/包3_技术规范书_53488484020778719/国网辽宁省电力有限公司_辽宁公司二级采购非结构化固化ID编制（G00J-500021520-00007）/电缆保护管-MPP非开挖（φ200）.doc,1,15,performance_parameter_table,散热性能,常温下放置规定的时间，导管内、外壁温度均≤30℃。,,pending_response,medium,存在项目需求值或标准值，但投标人响应值/保证值为空。,补充泰昌响应值、保证值或明确写入无偏差承诺后复核。,"{""项目"": ""散热性能"", ""要 求"": ""常温下放置规定的时间，导管内、外壁温度均≤30℃。"", ""要 求_2"": ""常温下放置规定的时间，导管内、外壁温度均≤30℃。"", ""要 求_3"": ""常温下放置规定的时间，导管内、外壁温度均≤30℃。""}"
customer_liaoning_taichang_20260606_p0,辽宁,2025-03,包3,2225AC,电缆保护管MPP,rag_seed/power_grid_resources/01_tender_documents/22_国网辽宁电力2025年第三次物资协议库存招标采购/extracted/电缆保护管MPP/包3_完整招标文件_53488487342213219/包3_技术规范书_53488484020778719/国网辽宁省电力有限公司_辽宁公司二级采购非结构化固化ID编制（G00J-500021520-00007）/电缆保护管-MPP非开挖（φ200）.doc,2,2,bid_response_parameter_table,"电缆保护管-材质:MPP,标称直径:φ175",参照通用部分5.技术要求,,pending_response,medium,存在项目需求值或标准值，但投标人响应值/保证值为空。,补充泰昌响应值、保证值或明确写入无偏差承诺后复核。,"{""序号"": ""1"", ""技术参数名称"": ""电缆保护管-材质:MPP,标称直径:φ175"", ""单位"": ""米"", ""项目需求值或表述"": ""参照通用部分5.技术要求"", ""投标人响应值"": """"}"
customer_liaoning_taichang_20260606_p0,辽宁,2025-03,包3,2225AC,电缆保护管MPP,rag_seed/power_grid_resources/01_tender_documents/22_国网辽宁电力2025年第三次物资协议库存招标采购/extracted/电缆保护管MPP/包3_完整招标文件_53488487342213219/包3_技术规范书_53488484020778719/国网辽宁省电力有限公司_辽宁公司二级采购非结构化固化ID编制（G00J-500021520-00007）/电缆保护管-MPP非开挖（φ200）.doc,2,3,bid_response_parameter_table,"电缆保护管-材质:MPP,标称直径:φ200",参照通用部分5.技术要求,,pending_response,medium,存在项目需求值或标准值，但投标人响应值/保证值为空。,补充泰昌响应值、保证值或明确写入无偏差承诺后复核。,"{""序号"": ""2"", ""技术参数名称"": ""电缆保护管-材质:MPP,标称直径:φ200"", ""单位"": ""米"", ""项目需求值或表述"": ""参照通用部分5.技术要求"", ""投标人响应值"": """"}"
customer_liaoning_taichang_20260606_p0,辽宁,2025-03,包3,2225AC,电缆保护管MPP,rag_seed/power_grid_resources/01_tender_documents/22_国网辽宁电力2025年第三次物资协议库存招标采购/extracted/电缆保护管MPP/包3_完整招标文件_53488487342213219/包3_技术规范书_53488484020778719/国网辽宁省电力有限公司_辽宁公司二级采购非结构化固化ID编制（G00J-500021520-00007）/电缆保护管-MPP非开挖（φ200）.doc,3,2,bid_response_parameter_table,环境温度,+45,,pending_response,medium,存在项目需求值或标准值，但投标人响应值/保证值为空。,补充泰昌响应值、保证值或明确写入无偏差承诺后复核。,"{""序号"": ""1"", ""名称"": ""环境温度"", ""名称_2"": ""最高温度"", ""单位"": ""℃"", ""项目需求值"": ""+45"", ""投标人响应值"": """"}"
customer_liaoning_taichang_20260606_p0,辽宁,2025-03,包3,2225AC,电缆保护管MPP,rag_seed/power_grid_resources/01_tender_documents/22_国网辽宁电力2025年第三次物资协议库存招标采购/extracted/电缆保护管MPP/包3_完整招标文件_53488487342213219/包3_技术规范书_53488484020778719/国网辽宁省电力有限公司_辽宁公司二级采购非结构化固化ID编制（G00J-500021520-00007）/电缆保护管-MPP非开挖（φ200）.doc,3,3,bid_response_parameter_table,环境温度,-40,,pending_response,medium,存在项目需求值或标准值，但投标人响应值/保证值为空。,补充泰昌响应值、保证值或明确写入无偏差承诺后复核。,"{""序号"": ""1"", ""名称"": ""环境温度"", ""名称_2"": ""最低温度"", ""单位"": ""℃"", ""项目需求值"": ""-40"", ""投标人响应值"": """"}"
customer_liaoning_taichang_20260606_p0,辽宁,2025-03,包3,2225AC,电缆保护管MPP,rag_seed/power_grid_resources/01_tender_documents/22_国网辽宁电力2025年第三次物资协议库存招标采购/extracted/电缆保护管MPP/包3_完整招标文件_53488487342213219/包3_技术规范书_53488484020778719/国网辽宁省电力有限公司_辽宁公司二级采购非结构化固化ID编制（G00J-500021520-00007）/电缆保护管-MPP非开挖（φ200）.doc,3,4,bid_response_parameter_table,环境温度,25,,pending_response,medium,存在项目需求值或标准值，但投标人响应值/保证值为空。,补充泰昌响应值、保证值或明确写入无偏差承诺后复核。,"{""序号"": ""1"", ""名称"": ""环境温度"", ""名称_2"": ""最大温差"", ""单位"": ""℃"", ""项目需求值"": ""25"", ""投标人响应值"": """"}"
customer_liaoning_taichang_20260606_p0,辽宁,2025-03,包3,2225AC,电缆保护管MPP,rag_seed/power_grid_resources/01_tender_documents/22_国网辽宁电力2025年第三次物资协议库存招标采购/extracted/电缆保护管MPP/包3_完整招标文件_53488487342213219/包3_技术规范书_53488484020778719/国网辽宁省电力有限公司_辽宁公司二级采购非结构化固化ID编制（G00J-500021520-00007）/电缆保护管-MPP非开挖（φ200）.doc,3,5,bid_response_parameter_table,海拔,≤1000,,pending_response,medium,存在项目需求值或标准值，但投标人响应值/保证值为空。,补充泰昌响应值、保证值或明确写入无偏差承诺后复核。,"{""序号"": ""2"", ""名称"": ""海拔"", ""名称_2"": ""海拔"", ""单位"": ""m"", ""项目需求值"": ""≤1000"", ""投标人响应值"": """"}"
customer_liaoning_taichang_20260606_p0,辽宁,2025-03,包3,2225AC,电缆保护管MPP,rag_seed/power_grid_resources/01_tender_documents/22_国网辽宁电力2025年第三次物资协议库存招标采购/extracted/电缆保护管MPP/包3_完整招标文件_53488487342213219/包3_技术规范书_53488484020778719/国网辽宁省电力有限公司_辽宁公司二级采购非结构化固化ID编制（G00J-500021520-00007）/电缆保护管-MPP非开挖（φ200）.doc,3,6,bid_response_parameter_table,日照,0.1,,pending_response,medium,存在项目需求值或标准值，但投标人响应值/保证值为空。,补充泰昌响应值、保证值或明确写入无偏差承诺后复核。,"{""序号"": ""3"", ""名称"": ""日照"", ""名称_2"": ""日照"", ""单位"": ""W/cm²"", ""项目需求值"": ""0.1"", ""投标人响应值"": """"}"
customer_liaoning_taichang_20260606_p0,辽宁,2025-03,包3,2225AC,电缆保护管MPP,rag_seed/power_grid_resources/01_tender_documents/22_国网辽宁电力2025年第三次物资协议库存招标采购/extracted/电缆保护管MPP/包3_完整招标文件_53488487342213219/包3_技术规范书_53488484020778719/国网辽宁省电力有限公司_辽宁公司二级采购非结构化固化ID编制（G00J-500021520-00007）/电缆保护管-MPP非开挖（φ200）.doc,3,7,bid_response_parameter_table,覆冰厚度,20,,pending_response,medium,存在项目需求值或标准值，但投标人响应值/保证值为空。,补充泰昌响应值、保证值或明确写入无偏差承诺后复核。,"{""序号"": ""4"", ""名称"": ""覆冰厚度"", ""名称_2"": ""覆冰厚度"", ""单位"": ""mm"", ""项目需求值"": ""20"", ""投标人响应值"": """"}"
customer_liaoning_taichang_20260606_p0,辽宁,2025-03,包3,2225AC,电缆保护管MPP,rag_seed/power_grid_resources/01_tender_documents/22_国网辽宁电力2025年第三次物资协议库存招标采购/extracted/电缆保护管MPP/包3_完整招标文件_53488487342213219/包3_技术规范书_53488484020778719/国网辽宁省电力有限公司_辽宁公司二级采购非结构化固化ID编制（G00J-500021520-00007）/电缆保护管-MPP非开挖（φ200）.doc,3,8,bid_response_parameter_table,最大风速,35,,pending_response,medium,存在项目需求值或标准值，但投标人响应值/保证值为空。,补充泰昌响应值、保证值或明确写入无偏差承诺后复核。,"{""序号"": ""5"", ""名称"": ""最大风速"", ""名称_2"": ""最大风速"", ""单位"": ""m/s"", ""项目需求值"": ""35"", ""投标人响应值"": """"}"
customer_liaoning_taichang_20260606_p0,辽宁,2025-03,包3,2225AC,电缆保护管MPP,rag_seed/power_grid_resources/01_tender_documents/22_国网辽宁电力2025年第三次物资协议库存招标采购/extracted/电缆保护管MPP/包3_完整招标文件_53488487342213219/包3_技术规范书_53488484020778719/国网辽宁省电力有限公司_辽宁公司二级采购非结构化固化ID编制（G00J-500021520-00007）/电缆保护管-MPP非开挖（φ200）.doc,3,9,bid_response_parameter_table,埋深,＜8,,pending_response,medium,存在项目需求值或标准值，但投标人响应值/保证值为空。,补充泰昌响应值、保证值或明确写入无偏差承诺后复核。,"{""序号"": ""6"", ""名称"": ""埋深"", ""名称_2"": ""埋深"", ""单位"": ""m"", ""项目需求值"": ""＜8"", ""投标人响应值"": """"}"
customer_liaoning_taichang_20260606_p0,辽宁,2025-03,包3,2225AC,电缆保护管MPP,rag_seed/power_grid_resources/01_tender_documents/22_国网辽宁电力2025年第三次物资协议库存招标采购/extracted/电缆保护管MPP/包3_完整招标文件_53488487342213219/包3_技术规范书_53488484020778719/国网辽宁省电力有限公司_辽宁公司二级采购非结构化固化ID编制（G00J-500021520-00007）/电缆保护管-MPP非开挖（φ200）.doc,5,4,performance_parameter_table,……,,,informational,low,未识别到明确项目需求值或标准值，仅作为参数信息保留。,无需生成偏差判断，可在参数查询中展示。,"{""序号 / 1"": ""……"", ""名称 / 电缆保护管(地埋用)"": """", ""单位 / 米"": """", ""招标人要求 / 型号和规格 / 电缆保护管,MPP,φ200"": """", ""招标人要求 / 数量 / 详见货物清单"": """", ""投标人响应 / 环刚度等级 / 详见货物清单"": """", ""投标人响应 / 数量"": """"}"
customer_liaoning_taichang_20260606_p0,辽宁,2025-03,包4,2225AC,电缆保护管MPP,rag_seed/power_grid_resources/01_tender_documents/22_国网辽宁电力2025年第三次物资协议库存招标采购/extracted/电缆保护管MPP/包4_完整招标文件_53488486837695864/包4_技术规范书_53488484565315667/国家电网有限公司_电缆保护管 - 设备部(A171-500021520-00002)713962/国家电网有限公司_电缆保护管 - 设备部(A171-500021520-00002)/A171-500021520-00002 国家电网公司总部-配网标准化物资固化技术规范书-电缆保护管 MPP埋地用.doc,0,2,dimension_parameter_table,公称内径 100（内径）,公称内径 (mm): 100（内径）；内径允许偏差 (mm): 正公差 +0.6 负公差 0；最小壁厚 (mm): 12；壁厚允许偏差 (mm): 正公差 +1.0 负公差 0,,pending_response,medium,存在项目需求值或标准值，但投标人响应值/保证值为空。,补充泰昌响应值、保证值或明确写入无偏差承诺后复核。,"{""公称内径 (mm)"": ""100（内径）"", ""内径允许偏差 (mm)"": ""正公差 +0.6 负公差 0"", ""最小壁厚 (mm)"": ""12"", ""壁厚允许偏差 (mm)"": ""正公差 +1.0 负公差 0""}"
customer_liaoning_taichang_20260606_p0,辽宁,2025-03,包4,2225AC,电缆保护管MPP,rag_seed/power_grid_resources/01_tender_documents/22_国网辽宁电力2025年第三次物资协议库存招标采购/extracted/电缆保护管MPP/包4_完整招标文件_53488486837695864/包4_技术规范书_53488484565315667/国家电网有限公司_电缆保护管 - 设备部(A171-500021520-00002)713962/国家电网有限公司_电缆保护管 - 设备部(A171-500021520-00002)/A171-500021520-00002 国家电网公司总部-配网标准化物资固化技术规范书-电缆保护管 MPP埋地用.doc,0,3,dimension_parameter_table,公称内径 150（内径）,公称内径 (mm): 150（内径）；内径允许偏差 (mm): 正公差 +0.8 负公差 0；最小壁厚 (mm): 17；壁厚允许偏差 (mm): 正公差 +1.4 负公差 0,,pending_response,medium,存在项目需求值或标准值，但投标人响应值/保证值为空。,补充泰昌响应值、保证值或明确写入无偏差承诺后复核。,"{""公称内径 (mm)"": ""150（内径）"", ""内径允许偏差 (mm)"": ""正公差 +0.8 负公差 0"", ""最小壁厚 (mm)"": ""17"", ""壁厚允许偏差 (mm)"": ""正公差 +1.4 负公差 0""}"
customer_liaoning_taichang_20260606_p0,辽宁,2025-03,包4,2225AC,电缆保护管MPP,rag_seed/power_grid_resources/01_tender_documents/22_国网辽宁电力2025年第三次物资协议库存招标采购/extracted/电缆保护管MPP/包4_完整招标文件_53488486837695864/包4_技术规范书_53488484565315667/国家电网有限公司_电缆保护管 - 设备部(A171-500021520-00002)713962/国家电网有限公司_电缆保护管 - 设备部(A171-500021520-00002)/A171-500021520-00002 国家电网公司总部-配网标准化物资固化技术规范书-电缆保护管 MPP埋地用.doc,0,4,dimension_parameter_table,公称内径 175（内径）,公称内径 (mm): 175（内径）；内径允许偏差 (mm): 正公差 +0.9 负公差 0；最小壁厚 (mm): 20；壁厚允许偏差 (mm): 正公差 +1.4 负公差 0,,pending_response,medium,存在项目需求值或标准值，但投标人响应值/保证值为空。,补充泰昌响应值、保证值或明确写入无偏差承诺后复核。,"{""公称内径 (mm)"": ""175（内径）"", ""内径允许偏差 (mm)"": ""正公差 +0.9 负公差 0"", ""最小壁厚 (mm)"": ""20"", ""壁厚允许偏差 (mm)"": ""正公差 +1.4 负公差 0""}"
customer_liaoning_taichang_20260606_p0,辽宁,2025-03,包4,2225AC,电缆保护管MPP,rag_seed/power_grid_resources/01_tender_documents/22_国网辽宁电力2025年第三次物资协议库存招标采购/extracted/电缆保护管MPP/包4_完整招标文件_53488486837695864/包4_技术规范书_53488484565315667/国家电网有限公司_电缆保护管 - 设备部(A171-500021520-00002)713962/国家电网有限公司_电缆保护管 - 设备部(A171-500021520-00002)/A171-500021520-00002 国家电网公司总部-配网标准化物资固化技术规范书-电缆保护管 MPP埋地用.doc,0,5,dimension_parameter_table,公称内径 200（内径）,公称内径 (mm): 200（内径）；内径允许偏差 (mm): 正公差 +1.0 负公差 0；最小壁厚 (mm): 27；壁厚允许偏差 (mm): 正公差 +1.4 负公差 0,,pending_response,medium,存在项目需求值或标准值，但投标人响应值/保证值为空。,补充泰昌响应值、保证值或明确写入无偏差承诺后复核。,"{""公称内径 (mm)"": ""200（内径）"", ""内径允许偏差 (mm)"": ""正公差 +1.0 负公差 0"", ""最小壁厚 (mm)"": ""27"", ""壁厚允许偏差 (mm)"": ""正公差 +1.4 负公差 0""}"
customer_liaoning_taichang_20260606_p0,辽宁,2025-03,包4,2225AC,电缆保护管MPP,rag_seed/power_grid_resources/01_tender_documents/22_国网辽宁电力2025年第三次物资协议库存招标采购/extracted/电缆保护管MPP/包4_完整招标文件_53488486837695864/包4_技术规范书_53488484565315667/国家电网有限公司_电缆保护管 - 设备部(A171-500021520-00002)713962/国家电网有限公司_电缆保护管 - 设备部(A171-500021520-00002)/A171-500021520-00002 国家电网公司总部-配网标准化物资固化技术规范书-电缆保护管 MPP埋地用.doc,1,2,performance_parameter_table,密度g/cm３,0.90～0.94,,pending_response,medium,存在项目需求值或标准值，但投标人响应值/保证值为空。,补充泰昌响应值、保证值或明确写入无偏差承诺后复核。,"{""序号"": ""1"", ""项目"": ""密度g/cm３"", ""指标"": ""0.90～0.94""}"
customer_liaoning_taichang_20260606_p0,辽宁,2025-03,包4,2225AC,电缆保护管MPP,rag_seed/power_grid_resources/01_tender_documents/22_国网辽宁电力2025年第三次物资协议库存招标采购/extracted/电缆保护管MPP/包4_完整招标文件_53488486837695864/包4_技术规范书_53488484565315667/国家电网有限公司_电缆保护管 - 设备部(A171-500021520-00002)713962/国家电网有限公司_电缆保护管 - 设备部(A171-500021520-00002)/A171-500021520-00002 国家电网公司总部-配网标准化物资固化技术规范书-电缆保护管 MPP埋地用.doc,1,3,performance_parameter_table,拉伸强度（23±2℃）,管材：≥25MPa 接头：≥22.5MPa,,pending_response,medium,存在项目需求值或标准值，但投标人响应值/保证值为空。,补充泰昌响应值、保证值或明确写入无偏差承诺后复核。,"{""序号"": ""2"", ""项目"": ""拉伸强度（23±2℃）"", ""指标"": ""管材：≥25MPa 接头：≥22.5MPa""}"
customer_liaoning_taichang_20260606_p0,辽宁,2025-03,包4,2225AC,电缆保护管MPP,rag_seed/power_grid_resources/01_tender_documents/22_国网辽宁电力2025年第三次物资协议库存招标采购/extracted/电缆保护管MPP/包4_完整招标文件_53488486837695864/包4_技术规范书_53488484565315667/国家电网有限公司_电缆保护管 - 设备部(A171-500021520-00002)713962/国家电网有限公司_电缆保护管 - 设备部(A171-500021520-00002)/A171-500021520-00002 国家电网公司总部-配网标准化物资固化技术规范书-电缆保护管 MPP埋地用.doc,1,4,performance_parameter_table,断裂伸长率,≥200%,,pending_response,medium,存在项目需求值或标准值，但投标人响应值/保证值为空。,补充泰昌响应值、保证值或明确写入无偏差承诺后复核。,"{""序号"": ""3"", ""项目"": ""断裂伸长率"", ""指标"": ""≥200%""}"
customer_liaoning_taichang_20260606_p0,辽宁,2025-03,包4,2225AC,电缆保护管MPP,rag_seed/power_grid_resources/01_tender_documents/22_国网辽宁电力2025年第三次物资协议库存招标采购/extracted/电缆保护管MPP/包4_完整招标文件_53488486837695864/包4_技术规范书_53488484565315667/国家电网有限公司_电缆保护管 - 设备部(A171-500021520-00002)713962/国家电网有限公司_电缆保护管 - 设备部(A171-500021520-00002)/A171-500021520-00002 国家电网公司总部-配网标准化物资固化技术规范书-电缆保护管 MPP埋地用.doc,1,5,performance_parameter_table,弯曲强度（23±2℃）,≥36Mpa,,pending_response,medium,存在项目需求值或标准值，但投标人响应值/保证值为空。,补充泰昌响应值、保证值或明确写入无偏差承诺后复核。,"{""序号"": ""4"", ""项目"": ""弯曲强度（23±2℃）"", ""指标"": ""≥36Mpa""}"
customer_liaoning_taichang_20260606_p0,辽宁,2025-03,包4,2225AC,电缆保护管MPP,rag_seed/power_grid_resources/01_tender_documents/22_国网辽宁电力2025年第三次物资协议库存招标采购/extracted/电缆保护管MPP/包4_完整招标文件_53488486837695864/包4_技术规范书_53488484565315667/国家电网有限公司_电缆保护管 - 设备部(A171-500021520-00002)713962/国家电网有限公司_电缆保护管 - 设备部(A171-500021520-00002)/A171-500021520-00002 国家电网公司总部-配网标准化物资固化技术规范书-电缆保护管 MPP埋地用.doc,1,6,performance_parameter_table,扁平试验（内径的50%）,不破裂,,pending_response,medium,存在项目需求值或标准值，但投标人响应值/保证值为空。,补充泰昌响应值、保证值或明确写入无偏差承诺后复核。,"{""序号"": ""5"", ""项目"": ""扁平试验（内径的50%）"", ""指标"": ""不破裂""}"
customer_liaoning_taichang_20260606_p0,辽宁,2025-03,包4,2225AC,电缆保护管MPP,rag_seed/power_grid_resources/01_tender_documents/22_国网辽宁电力2025年第三次物资协议库存招标采购/extracted/电缆保护管MPP/包4_完整招标文件_53488486837695864/包4_技术规范书_53488484565315667/国家电网有限公司_电缆保护管 - 设备部(A171-500021520-00002)713962/国家电网有限公司_电缆保护管 - 设备部(A171-500021520-00002)/A171-500021520-00002 国家电网公司总部-配网标准化物资固化技术规范书-电缆保护管 MPP埋地用.doc,1,7,performance_parameter_table,维卡软化温度（GB/T 1633 A50法）,≥150℃,,pending_response,medium,存在项目需求值或标准值，但投标人响应值/保证值为空。,补充泰昌响应值、保证值或明确写入无偏差承诺后复核。,"{""序号"": ""6"", ""项目"": ""维卡软化温度（GB/T 1633 A50法）"", ""指标"": ""≥150℃""}"
customer_liaoning_taichang_20260606_p0,辽宁,2025-03,包4,2225AC,电缆保护管MPP,rag_seed/power_grid_resources/01_tender_documents/22_国网辽宁电力2025年第三次物资协议库存招标采购/extracted/电缆保护管MPP/包4_完整招标文件_53488486837695864/包4_技术规范书_53488484565315667/国家电网有限公司_电缆保护管 - 设备部(A171-500021520-00002)713962/国家电网有限公司_电缆保护管 - 设备部(A171-500021520-00002)/A171-500021520-00002 国家电网公司总部-配网标准化物资固化技术规范书-电缆保护管 MPP埋地用.doc,1,8,performance_parameter_table,落锤冲击,任何试样均不出现破裂或裂缝。,,pending_response,medium,存在项目需求值或标准值，但投标人响应值/保证值为空。,补充泰昌响应值、保证值或明确写入无偏差承诺后复核。,"{""序号"": ""7"", ""项目"": ""落锤冲击"", ""指标"": ""任何试样均不出现破裂或裂缝。""}"
customer_liaoning_taichang_20260606_p0,辽宁,2025-03,包4,2225AC,电缆保护管MPP,rag_seed/power_grid_resources/01_tender_documents/22_国网辽宁电力2025年第三次物资协议库存招标采购/extracted/电缆保护管MPP/包4_完整招标文件_53488486837695864/包4_技术规范书_53488484565315667/国家电网有限公司_电缆保护管 - 设备部(A171-500021520-00002)713962/国家电网有限公司_电缆保护管 - 设备部(A171-500021520-00002)/A171-500021520-00002 国家电网公司总部-配网标准化物资固化技术规范书-电缆保护管 MPP埋地用.doc,1,9,performance_parameter_table,环刚度（3%、常温）,≥32kPa,,pending_response,medium,存在项目需求值或标准值，但投标人响应值/保证值为空。,补充泰昌响应值、保证值或明确写入无偏差承诺后复核。,"{""序号"": ""8"", ""项目"": ""环刚度（3%、常温）"", ""指标"": ""≥32kPa""}"
customer_liaoning_taichang_20260606_p0,辽宁,2025-03,包4,2225AC,电缆保护管MPP,rag_seed/power_grid_resources/01_tender_documents/22_国网辽宁电力2025年第三次物资协议库存招标采购/extracted/电缆保护管MPP/包4_完整招标文件_53488486837695864/包4_技术规范书_53488484565315667/国家电网有限公司_电缆保护管 - 设备部(A171-500021520-00002)713962/国家电网有限公司_电缆保护管 - 设备部(A171-500021520-00002)/A171-500021520-00002 国家电网公司总部-配网标准化物资固化技术规范书-电缆保护管 MPP埋地用.doc,1,10,performance_parameter_table,最小允许弯曲半径,≤75D,,pending_response,medium,存在项目需求值或标准值，但投标人响应值/保证值为空。,补充泰昌响应值、保证值或明确写入无偏差承诺后复核。,"{""序号"": ""9"", ""项目"": ""最小允许弯曲半径"", ""指标"": ""≤75D""}"
customer_liaoning_taichang_20260606_p0,辽宁,2025-03,包4,2225AC,电缆保护管MPP,rag_seed/power_grid_resources/01_tender_documents/22_国网辽宁电力2025年第三次物资协议库存招标采购/extracted/电缆保护管MPP/包4_完整招标文件_53488486837695864/包4_技术规范书_53488484565315667/国家电网有限公司_电缆保护管 - 设备部(A171-500021520-00002)713962/国家电网有限公司_电缆保护管 - 设备部(A171-500021520-00002)/A171-500021520-00002 国家电网公司总部-配网标准化物资固化技术规范书-电缆保护管 MPP埋地用.doc,1,11,performance_parameter_table,不圆度mm：,≤2,,pending_response,medium,存在项目需求值或标准值，但投标人响应值/保证值为空。,补充泰昌响应值、保证值或明确写入无偏差承诺后复核。,"{""序号"": ""10"", ""项目"": ""不圆度mm："", ""指标"": ""≤2""}"
customer_liaoning_taichang_20260606_p0,辽宁,2025-03,包4,2225AC,电缆保护管MPP,rag_seed/power_grid_resources/01_tender_documents/22_国网辽宁电力2025年第三次物资协议库存招标采购/extracted/电缆保护管MPP/包4_完整招标文件_53488486837695864/包4_技术规范书_53488484565315667/国家电网有限公司_电缆保护管 - 设备部(A171-500021520-00002)713962/国家电网有限公司_电缆保护管 - 设备部(A171-500021520-00002)/A171-500021520-00002 国家电网公司总部-配网标准化物资固化技术规范书-电缆保护管 MPP埋地用.doc,1,12,performance_parameter_table,滑动摩擦系数,≤0.35,,pending_response,medium,存在项目需求值或标准值，但投标人响应值/保证值为空。,补充泰昌响应值、保证值或明确写入无偏差承诺后复核。,"{""序号"": ""11"", ""项目"": ""滑动摩擦系数"", ""指标"": ""≤0.35""}"
customer_liaoning_taichang_20260606_p0,辽宁,2025-03,包4,2225AC,电缆保护管MPP,rag_seed/power_grid_resources/01_tender_documents/22_国网辽宁电力2025年第三次物资协议库存招标采购/extracted/电缆保护管MPP/包4_完整招标文件_53488486837695864/包4_技术规范书_53488484565315667/国家电网有限公司_电缆保护管 - 设备部(A171-500021541-00001)713595/国家电网有限公司_电缆保护管 - 设备部(A171-500021541-00001)/A171-500021541-00001 国家电网公司总部-配网标准化物资固化技术规范书-电缆保护管 MPP 非开挖.doc,0,2,dimension_parameter_table,公称内径 100（内径）,公称内径 (mm): 100（内径）；内径允许偏差 (mm): 正公差 +0.6 负公差 0；最小壁厚 (mm): 8；壁厚允许偏差 (mm): 正公差 +1.0 负公差 0,,pending_response,medium,存在项目需求值或标准值，但投标人响应值/保证值为空。,补充泰昌响应值、保证值或明确写入无偏差承诺后复核。,"{""公称内径 (mm)"": ""100（内径）"", ""内径允许偏差 (mm)"": ""正公差 +0.6 负公差 0"", ""最小壁厚 (mm)"": ""8"", ""壁厚允许偏差 (mm)"": ""正公差 +1.0 负公差 0""}"
customer_liaoning_taichang_20260606_p0,辽宁,2025-03,包4,2225AC,电缆保护管MPP,rag_seed/power_grid_resources/01_tender_documents/22_国网辽宁电力2025年第三次物资协议库存招标采购/extracted/电缆保护管MPP/包4_完整招标文件_53488486837695864/包4_技术规范书_53488484565315667/国家电网有限公司_电缆保护管 - 设备部(A171-500021541-00001)713595/国家电网有限公司_电缆保护管 - 设备部(A171-500021541-00001)/A171-500021541-00001 国家电网公司总部-配网标准化物资固化技术规范书-电缆保护管 MPP 非开挖.doc,0,3,dimension_parameter_table,公称内径 150（内径）,公称内径 (mm): 150（内径）；内径允许偏差 (mm): 正公差 +0.8 负公差 0；最小壁厚 (mm): 12；壁厚允许偏差 (mm): 正公差 +1.4 负公差 0,,pending_response,medium,存在项目需求值或标准值，但投标人响应值/保证值为空。,补充泰昌响应值、保证值或明确写入无偏差承诺后复核。,"{""公称内径 (mm)"": ""150（内径）"", ""内径允许偏差 (mm)"": ""正公差 +0.8 负公差 0"", ""最小壁厚 (mm)"": ""12"", ""壁厚允许偏差 (mm)"": ""正公差 +1.4 负公差 0""}"
customer_liaoning_taichang_20260606_p0,辽宁,2025-03,包4,2225AC,电缆保护管MPP,rag_seed/power_grid_resources/01_tender_documents/22_国网辽宁电力2025年第三次物资协议库存招标采购/extracted/电缆保护管MPP/包4_完整招标文件_53488486837695864/包4_技术规范书_53488484565315667/国家电网有限公司_电缆保护管 - 设备部(A171-500021541-00001)713595/国家电网有限公司_电缆保护管 - 设备部(A171-500021541-00001)/A171-500021541-00001 国家电网公司总部-配网标准化物资固化技术规范书-电缆保护管 MPP 非开挖.doc,0,4,dimension_parameter_table,公称内径 175（内径）,公称内径 (mm): 175（内径）；内径允许偏差 (mm): 正公差 +0.9 负公差 0；最小壁厚 (mm): 14；壁厚允许偏差 (mm): 正公差 +1.4 负公差 0,,pending_response,medium,存在项目需求值或标准值，但投标人响应值/保证值为空。,补充泰昌响应值、保证值或明确写入无偏差承诺后复核。,"{""公称内径 (mm)"": ""175（内径）"", ""内径允许偏差 (mm)"": ""正公差 +0.9 负公差 0"", ""最小壁厚 (mm)"": ""14"", ""壁厚允许偏差 (mm)"": ""正公差 +1.4 负公差 0""}"
customer_liaoning_taichang_20260606_p0,辽宁,2025-03,包4,2225AC,电缆保护管MPP,rag_seed/power_grid_resources/01_tender_documents/22_国网辽宁电力2025年第三次物资协议库存招标采购/extracted/电缆保护管MPP/包4_完整招标文件_53488486837695864/包4_技术规范书_53488484565315667/国家电网有限公司_电缆保护管 - 设备部(A171-500021541-00001)713595/国家电网有限公司_电缆保护管 - 设备部(A171-500021541-00001)/A171-500021541-00001 国家电网公司总部-配网标准化物资固化技术规范书-电缆保护管 MPP 非开挖.doc,0,5,dimension_parameter_table,公称内径 200（内径）,公称内径 (mm): 200（内径）；内径允许偏差 (mm): 正公差 +1.0 负公差 0；最小壁厚 (mm): 16；壁厚允许偏差 (mm): 正公差 +1.4 负公差 0,,pending_response,medium,存在项目需求值或标准值，但投标人响应值/保证值为空。,补充泰昌响应值、保证值或明确写入无偏差承诺后复核。,"{""公称内径 (mm)"": ""200（内径）"", ""内径允许偏差 (mm)"": ""正公差 +1.0 负公差 0"", ""最小壁厚 (mm)"": ""16"", ""壁厚允许偏差 (mm)"": ""正公差 +1.4 负公差 0""}"
customer_liaoning_taichang_20260606_p0,辽宁,2025-03,包4,2225AC,电缆保护管MPP,rag_seed/power_grid_resources/01_tender_documents/22_国网辽宁电力2025年第三次物资协议库存招标采购/extracted/电缆保护管MPP/包4_完整招标文件_53488486837695864/包4_技术规范书_53488484565315667/国家电网有限公司_电缆保护管 - 设备部(A171-500021541-00001)713595/国家电网有限公司_电缆保护管 - 设备部(A171-500021541-00001)/A171-500021541-00001 国家电网公司总部-配网标准化物资固化技术规范书-电缆保护管 MPP 非开挖.doc,1,2,performance_parameter_table,密度g/cm３,0.90～0.94,,pending_response,medium,存在项目需求值或标准值，但投标人响应值/保证值为空。,补充泰昌响应值、保证值或明确写入无偏差承诺后复核。,"{""序号"": ""1"", ""项目"": ""密度g/cm３"", ""指标"": ""0.90～0.94""}"
customer_liaoning_taichang_20260606_p0,辽宁,2025-03,包4,2225AC,电缆保护管MPP,rag_seed/power_grid_resources/01_tender_documents/22_国网辽宁电力2025年第三次物资协议库存招标采购/extracted/电缆保护管MPP/包4_完整招标文件_53488486837695864/包4_技术规范书_53488484565315667/国家电网有限公司_电缆保护管 - 设备部(A171-500021541-00001)713595/国家电网有限公司_电缆保护管 - 设备部(A171-500021541-00001)/A171-500021541-00001 国家电网公司总部-配网标准化物资固化技术规范书-电缆保护管 MPP 非开挖.doc,1,3,performance_parameter_table,拉伸强度（23±2℃）,管材：≥25MPa 接头：≥22.5MPa,,pending_response,medium,存在项目需求值或标准值，但投标人响应值/保证值为空。,补充泰昌响应值、保证值或明确写入无偏差承诺后复核。,"{""序号"": ""2"", ""项目"": ""拉伸强度（23±2℃）"", ""指标"": ""管材：≥25MPa 接头：≥22.5MPa""}"
customer_liaoning_taichang_20260606_p0,辽宁,2025-03,包4,2225AC,电缆保护管MPP,rag_seed/power_grid_resources/01_tender_documents/22_国网辽宁电力2025年第三次物资协议库存招标采购/extracted/电缆保护管MPP/包4_完整招标文件_53488486837695864/包4_技术规范书_53488484565315667/国家电网有限公司_电缆保护管 - 设备部(A171-500021541-00001)713595/国家电网有限公司_电缆保护管 - 设备部(A171-500021541-00001)/A171-500021541-00001 国家电网公司总部-配网标准化物资固化技术规范书-电缆保护管 MPP 非开挖.doc,1,4,performance_parameter_table,断裂伸长率,≥200%,,pending_response,medium,存在项目需求值或标准值，但投标人响应值/保证值为空。,补充泰昌响应值、保证值或明确写入无偏差承诺后复核。,"{""序号"": ""3"", ""项目"": ""断裂伸长率"", ""指标"": ""≥200%""}"
customer_liaoning_taichang_20260606_p0,辽宁,2025-03,包4,2225AC,电缆保护管MPP,rag_seed/power_grid_resources/01_tender_documents/22_国网辽宁电力2025年第三次物资协议库存招标采购/extracted/电缆保护管MPP/包4_完整招标文件_53488486837695864/包4_技术规范书_53488484565315667/国家电网有限公司_电缆保护管 - 设备部(A171-500021541-00001)713595/国家电网有限公司_电缆保护管 - 设备部(A171-500021541-00001)/A171-500021541-00001 国家电网公司总部-配网标准化物资固化技术规范书-电缆保护管 MPP 非开挖.doc,1,5,performance_parameter_table,弯曲强度（23±2℃）,≥36Mpa,,pending_response,medium,存在项目需求值或标准值，但投标人响应值/保证值为空。,补充泰昌响应值、保证值或明确写入无偏差承诺后复核。,"{""序号"": ""4"", ""项目"": ""弯曲强度（23±2℃）"", ""指标"": ""≥36Mpa""}"
customer_liaoning_taichang_20260606_p0,辽宁,2025-03,包4,2225AC,电缆保护管MPP,rag_seed/power_grid_resources/01_tender_documents/22_国网辽宁电力2025年第三次物资协议库存招标采购/extracted/电缆保护管MPP/包4_完整招标文件_53488486837695864/包4_技术规范书_53488484565315667/国家电网有限公司_电缆保护管 - 设备部(A171-500021541-00001)713595/国家电网有限公司_电缆保护管 - 设备部(A171-500021541-00001)/A171-500021541-00001 国家电网公司总部-配网标准化物资固化技术规范书-电缆保护管 MPP 非开挖.doc,1,6,performance_parameter_table,扁平试验（内径的50%）,不破裂,,pending_response,medium,存在项目需求值或标准值，但投标人响应值/保证值为空。,补充泰昌响应值、保证值或明确写入无偏差承诺后复核。,"{""序号"": ""5"", ""项目"": ""扁平试验（内径的50%）"", ""指标"": ""不破裂""}"
customer_liaoning_taichang_20260606_p0,辽宁,2025-03,包4,2225AC,电缆保护管MPP,rag_seed/power_grid_resources/01_tender_documents/22_国网辽宁电力2025年第三次物资协议库存招标采购/extracted/电缆保护管MPP/包4_完整招标文件_53488486837695864/包4_技术规范书_53488484565315667/国家电网有限公司_电缆保护管 - 设备部(A171-500021541-00001)713595/国家电网有限公司_电缆保护管 - 设备部(A171-500021541-00001)/A171-500021541-00001 国家电网公司总部-配网标准化物资固化技术规范书-电缆保护管 MPP 非开挖.doc,1,7,performance_parameter_table,维卡软化温度（GB/T 1633 A50法）,≥150℃,,pending_response,medium,存在项目需求值或标准值，但投标人响应值/保证值为空。,补充泰昌响应值、保证值或明确写入无偏差承诺后复核。,"{""序号"": ""6"", ""项目"": ""维卡软化温度（GB/T 1633 A50法）"", ""指标"": ""≥150℃""}"
customer_liaoning_taichang_20260606_p0,辽宁,2025-03,包4,2225AC,电缆保护管MPP,rag_seed/power_grid_resources/01_tender_documents/22_国网辽宁电力2025年第三次物资协议库存招标采购/extracted/电缆保护管MPP/包4_完整招标文件_53488486837695864/包4_技术规范书_53488484565315667/国家电网有限公司_电缆保护管 - 设备部(A171-500021541-00001)713595/国家电网有限公司_电缆保护管 - 设备部(A171-500021541-00001)/A171-500021541-00001 国家电网公司总部-配网标准化物资固化技术规范书-电缆保护管 MPP 非开挖.doc,1,8,performance_parameter_table,落锤冲击,任何试样均不出现破裂或裂缝。,,pending_response,medium,存在项目需求值或标准值，但投标人响应值/保证值为空。,补充泰昌响应值、保证值或明确写入无偏差承诺后复核。,"{""序号"": ""7"", ""项目"": ""落锤冲击"", ""指标"": ""任何试样均不出现破裂或裂缝。""}"
customer_liaoning_taichang_20260606_p0,辽宁,2025-03,包4,2225AC,电缆保护管MPP,rag_seed/power_grid_resources/01_tender_documents/22_国网辽宁电力2025年第三次物资协议库存招标采购/extracted/电缆保护管MPP/包4_完整招标文件_53488486837695864/包4_技术规范书_53488484565315667/国家电网有限公司_电缆保护管 - 设备部(A171-500021541-00001)713595/国家电网有限公司_电缆保护管 - 设备部(A171-500021541-00001)/A171-500021541-00001 国家电网公司总部-配网标准化物资固化技术规范书-电缆保护管 MPP 非开挖.doc,1,9,performance_parameter_table,环刚度（3%、常温）,≥32kPa,,pending_response,medium,存在项目需求值或标准值，但投标人响应值/保证值为空。,补充泰昌响应值、保证值或明确写入无偏差承诺后复核。,"{""序号"": ""8"", ""项目"": ""环刚度（3%、常温）"", ""指标"": ""≥32kPa""}"
customer_liaoning_taichang_20260606_p0,辽宁,2025-03,包4,2225AC,电缆保护管MPP,rag_seed/power_grid_resources/01_tender_documents/22_国网辽宁电力2025年第三次物资协议库存招标采购/extracted/电缆保护管MPP/包4_完整招标文件_53488486837695864/包4_技术规范书_53488484565315667/国家电网有限公司_电缆保护管 - 设备部(A171-500021541-00001)713595/国家电网有限公司_电缆保护管 - 设备部(A171-500021541-00001)/A171-500021541-00001 国家电网公司总部-配网标准化物资固化技术规范书-电缆保护管 MPP 非开挖.doc,1,10,performance_parameter_table,最小允许弯曲半径,≤75D,,pending_response,medium,存在项目需求值或标准值，但投标人响应值/保证值为空。,补充泰昌响应值、保证值或明确写入无偏差承诺后复核。,"{""序号"": ""9"", ""项目"": ""最小允许弯曲半径"", ""指标"": ""≤75D""}"
customer_liaoning_taichang_20260606_p0,辽宁,2025-03,包4,2225AC,电缆保护管MPP,rag_seed/power_grid_resources/01_tender_documents/22_国网辽宁电力2025年第三次物资协议库存招标采购/extracted/电缆保护管MPP/包4_完整招标文件_53488486837695864/包4_技术规范书_53488484565315667/国家电网有限公司_电缆保护管 - 设备部(A171-500021541-00001)713595/国家电网有限公司_电缆保护管 - 设备部(A171-500021541-00001)/A171-500021541-00001 国家电网公司总部-配网标准化物资固化技术规范书-电缆保护管 MPP 非开挖.doc,1,11,performance_parameter_table,不圆度mm：,≤2,,pending_response,medium,存在项目需求值或标准值，但投标人响应值/保证值为空。,补充泰昌响应值、保证值或明确写入无偏差承诺后复核。,"{""序号"": ""10"", ""项目"": ""不圆度mm："", ""指标"": ""≤2""}"
customer_liaoning_taichang_20260606_p0,辽宁,2025-03,包4,2225AC,电缆保护管MPP,rag_seed/power_grid_resources/01_tender_documents/22_国网辽宁电力2025年第三次物资协议库存招标采购/extracted/电缆保护管MPP/包4_完整招标文件_53488486837695864/包4_技术规范书_53488484565315667/国家电网有限公司_电缆保护管 - 设备部(A171-500021541-00001)713595/国家电网有限公司_电缆保护管 - 设备部(A171-500021541-00001)/A171-500021541-00001 国家电网公司总部-配网标准化物资固化技术规范书-电缆保护管 MPP 非开挖.doc,1,12,performance_parameter_table,滑动摩擦系数,≤0.35,,pending_response,medium,存在项目需求值或标准值，但投标人响应值/保证值为空。,补充泰昌响应值、保证值或明确写入无偏差承诺后复核。,"{""序号"": ""11"", ""项目"": ""滑动摩擦系数"", ""指标"": ""≤0.35""}"
customer_liaoning_taichang_20260606_p0,辽宁,2025-03,包4,2225AC,电缆保护管MPP,rag_seed/power_grid_resources/01_tender_documents/22_国网辽宁电力2025年第三次物资协议库存招标采购/extracted/电缆保护管MPP/包4_完整招标文件_53488486837695864/包4_技术规范书_53488484565315667/国家电网有限公司_电缆保护管 - 设备部(A171-500021541-00002)713768/国家电网有限公司_电缆保护管 - 设备部(A171-500021541-00002)/A171-500021541-00002 国家电网公司总部-配网标准化物资固化技术规范书-电缆保护管 MPP埋地用.doc,0,2,dimension_parameter_table,公称内径 100（内径）,公称内径 (mm): 100（内径）；内径允许偏差 (mm): 正公差 +0.6 负公差 0；最小壁厚 (mm): 12；壁厚允许偏差 (mm): 正公差 +1.0 负公差 0,,pending_response,medium,存在项目需求值或标准值，但投标人响应值/保证值为空。,补充泰昌响应值、保证值或明确写入无偏差承诺后复核。,"{""公称内径 (mm)"": ""100（内径）"", ""内径允许偏差 (mm)"": ""正公差 +0.6 负公差 0"", ""最小壁厚 (mm)"": ""12"", ""壁厚允许偏差 (mm)"": ""正公差 +1.0 负公差 0""}"
customer_liaoning_taichang_20260606_p0,辽宁,2025-03,包4,2225AC,电缆保护管MPP,rag_seed/power_grid_resources/01_tender_documents/22_国网辽宁电力2025年第三次物资协议库存招标采购/extracted/电缆保护管MPP/包4_完整招标文件_53488486837695864/包4_技术规范书_53488484565315667/国家电网有限公司_电缆保护管 - 设备部(A171-500021541-00002)713768/国家电网有限公司_电缆保护管 - 设备部(A171-500021541-00002)/A171-500021541-00002 国家电网公司总部-配网标准化物资固化技术规范书-电缆保护管 MPP埋地用.doc,0,3,dimension_parameter_table,公称内径 150（内径）,公称内径 (mm): 150（内径）；内径允许偏差 (mm): 正公差 +0.8 负公差 0；最小壁厚 (mm): 17；壁厚允许偏差 (mm): 正公差 +1.4 负公差 0,,pending_response,medium,存在项目需求值或标准值，但投标人响应值/保证值为空。,补充泰昌响应值、保证值或明确写入无偏差承诺后复核。,"{""公称内径 (mm)"": ""150（内径）"", ""内径允许偏差 (mm)"": ""正公差 +0.8 负公差 0"", ""最小壁厚 (mm)"": ""17"", ""壁厚允许偏差 (mm)"": ""正公差 +1.4 负公差 0""}"
customer_liaoning_taichang_20260606_p0,辽宁,2025-03,包4,2225AC,电缆保护管MPP,rag_seed/power_grid_resources/01_tender_documents/22_国网辽宁电力2025年第三次物资协议库存招标采购/extracted/电缆保护管MPP/包4_完整招标文件_53488486837695864/包4_技术规范书_53488484565315667/国家电网有限公司_电缆保护管 - 设备部(A171-500021541-00002)713768/国家电网有限公司_电缆保护管 - 设备部(A171-500021541-00002)/A171-500021541-00002 国家电网公司总部-配网标准化物资固化技术规范书-电缆保护管 MPP埋地用.doc,0,4,dimension_parameter_table,公称内径 175（内径）,公称内径 (mm): 175（内径）；内径允许偏差 (mm): 正公差 +0.9 负公差 0；最小壁厚 (mm): 20；壁厚允许偏差 (mm): 正公差 +1.4 负公差 0,,pending_response,medium,存在项目需求值或标准值，但投标人响应值/保证值为空。,补充泰昌响应值、保证值或明确写入无偏差承诺后复核。,"{""公称内径 (mm)"": ""175（内径）"", ""内径允许偏差 (mm)"": ""正公差 +0.9 负公差 0"", ""最小壁厚 (mm)"": ""20"", ""壁厚允许偏差 (mm)"": ""正公差 +1.4 负公差 0""}"
customer_liaoning_taichang_20260606_p0,辽宁,2025-03,包4,2225AC,电缆保护管MPP,rag_seed/power_grid_resources/01_tender_documents/22_国网辽宁电力2025年第三次物资协议库存招标采购/extracted/电缆保护管MPP/包4_完整招标文件_53488486837695864/包4_技术规范书_53488484565315667/国家电网有限公司_电缆保护管 - 设备部(A171-500021541-00002)713768/国家电网有限公司_电缆保护管 - 设备部(A171-500021541-00002)/A171-500021541-00002 国家电网公司总部-配网标准化物资固化技术规范书-电缆保护管 MPP埋地用.doc,0,5,dimension_parameter_table,公称内径 200（内径）,公称内径 (mm): 200（内径）；内径允许偏差 (mm): 正公差 +1.0 负公差 0；最小壁厚 (mm): 27；壁厚允许偏差 (mm): 正公差 +1.4 负公差 0,,pending_response,medium,存在项目需求值或标准值，但投标人响应值/保证值为空。,补充泰昌响应值、保证值或明确写入无偏差承诺后复核。,"{""公称内径 (mm)"": ""200（内径）"", ""内径允许偏差 (mm)"": ""正公差 +1.0 负公差 0"", ""最小壁厚 (mm)"": ""27"", ""壁厚允许偏差 (mm)"": ""正公差 +1.4 负公差 0""}"
customer_liaoning_taichang_20260606_p0,辽宁,2025-03,包4,2225AC,电缆保护管MPP,rag_seed/power_grid_resources/01_tender_documents/22_国网辽宁电力2025年第三次物资协议库存招标采购/extracted/电缆保护管MPP/包4_完整招标文件_53488486837695864/包4_技术规范书_53488484565315667/国家电网有限公司_电缆保护管 - 设备部(A171-500021541-00002)713768/国家电网有限公司_电缆保护管 - 设备部(A171-500021541-00002)/A171-500021541-00002 国家电网公司总部-配网标准化物资固化技术规范书-电缆保护管 MPP埋地用.doc,1,2,performance_parameter_table,密度g/cm３,0.90～0.94,,pending_response,medium,存在项目需求值或标准值，但投标人响应值/保证值为空。,补充泰昌响应值、保证值或明确写入无偏差承诺后复核。,"{""序号"": ""1"", ""项目"": ""密度g/cm３"", ""指标"": ""0.90～0.94""}"
customer_liaoning_taichang_20260606_p0,辽宁,2025-03,包4,2225AC,电缆保护管MPP,rag_seed/power_grid_resources/01_tender_documents/22_国网辽宁电力2025年第三次物资协议库存招标采购/extracted/电缆保护管MPP/包4_完整招标文件_53488486837695864/包4_技术规范书_53488484565315667/国家电网有限公司_电缆保护管 - 设备部(A171-500021541-00002)713768/国家电网有限公司_电缆保护管 - 设备部(A171-500021541-00002)/A171-500021541-00002 国家电网公司总部-配网标准化物资固化技术规范书-电缆保护管 MPP埋地用.doc,1,3,performance_parameter_table,拉伸强度（23±2℃）,管材：≥25MPa 接头：≥22.5MPa,,pending_response,medium,存在项目需求值或标准值，但投标人响应值/保证值为空。,补充泰昌响应值、保证值或明确写入无偏差承诺后复核。,"{""序号"": ""2"", ""项目"": ""拉伸强度（23±2℃）"", ""指标"": ""管材：≥25MPa 接头：≥22.5MPa""}"
customer_liaoning_taichang_20260606_p0,辽宁,2025-03,包4,2225AC,电缆保护管MPP,rag_seed/power_grid_resources/01_tender_documents/22_国网辽宁电力2025年第三次物资协议库存招标采购/extracted/电缆保护管MPP/包4_完整招标文件_53488486837695864/包4_技术规范书_53488484565315667/国家电网有限公司_电缆保护管 - 设备部(A171-500021541-00002)713768/国家电网有限公司_电缆保护管 - 设备部(A171-500021541-00002)/A171-500021541-00002 国家电网公司总部-配网标准化物资固化技术规范书-电缆保护管 MPP埋地用.doc,1,4,performance_parameter_table,断裂伸长率,≥200%,,pending_response,medium,存在项目需求值或标准值，但投标人响应值/保证值为空。,补充泰昌响应值、保证值或明确写入无偏差承诺后复核。,"{""序号"": ""3"", ""项目"": ""断裂伸长率"", ""指标"": ""≥200%""}"
customer_liaoning_taichang_20260606_p0,辽宁,2025-03,包4,2225AC,电缆保护管MPP,rag_seed/power_grid_resources/01_tender_documents/22_国网辽宁电力2025年第三次物资协议库存招标采购/extracted/电缆保护管MPP/包4_完整招标文件_53488486837695864/包4_技术规范书_53488484565315667/国家电网有限公司_电缆保护管 - 设备部(A171-500021541-00002)713768/国家电网有限公司_电缆保护管 - 设备部(A171-500021541-00002)/A171-500021541-00002 国家电网公司总部-配网标准化物资固化技术规范书-电缆保护管 MPP埋地用.doc,1,5,performance_parameter_table,弯曲强度（23±2℃）,≥36Mpa,,pending_response,medium,存在项目需求值或标准值，但投标人响应值/保证值为空。,补充泰昌响应值、保证值或明确写入无偏差承诺后复核。,"{""序号"": ""4"", ""项目"": ""弯曲强度（23±2℃）"", ""指标"": ""≥36Mpa""}"
customer_liaoning_taichang_20260606_p0,辽宁,2025-03,包4,2225AC,电缆保护管MPP,rag_seed/power_grid_resources/01_tender_documents/22_国网辽宁电力2025年第三次物资协议库存招标采购/extracted/电缆保护管MPP/包4_完整招标文件_53488486837695864/包4_技术规范书_53488484565315667/国家电网有限公司_电缆保护管 - 设备部(A171-500021541-00002)713768/国家电网有限公司_电缆保护管 - 设备部(A171-500021541-00002)/A171-500021541-00002 国家电网公司总部-配网标准化物资固化技术规范书-电缆保护管 MPP埋地用.doc,1,6,performance_parameter_table,扁平试验（内径的50%）,不破裂,,pending_response,medium,存在项目需求值或标准值，但投标人响应值/保证值为空。,补充泰昌响应值、保证值或明确写入无偏差承诺后复核。,"{""序号"": ""5"", ""项目"": ""扁平试验（内径的50%）"", ""指标"": ""不破裂""}"
customer_liaoning_taichang_20260606_p0,辽宁,2025-03,包4,2225AC,电缆保护管MPP,rag_seed/power_grid_resources/01_tender_documents/22_国网辽宁电力2025年第三次物资协议库存招标采购/extracted/电缆保护管MPP/包4_完整招标文件_53488486837695864/包4_技术规范书_53488484565315667/国家电网有限公司_电缆保护管 - 设备部(A171-500021541-00002)713768/国家电网有限公司_电缆保护管 - 设备部(A171-500021541-00002)/A171-500021541-00002 国家电网公司总部-配网标准化物资固化技术规范书-电缆保护管 MPP埋地用.doc,1,7,performance_parameter_table,维卡软化温度（GB/T 1633 A50法）,≥150℃,,pending_response,medium,存在项目需求值或标准值，但投标人响应值/保证值为空。,补充泰昌响应值、保证值或明确写入无偏差承诺后复核。,"{""序号"": ""6"", ""项目"": ""维卡软化温度（GB/T 1633 A50法）"", ""指标"": ""≥150℃""}"
customer_liaoning_taichang_20260606_p0,辽宁,2025-03,包4,2225AC,电缆保护管MPP,rag_seed/power_grid_resources/01_tender_documents/22_国网辽宁电力2025年第三次物资协议库存招标采购/extracted/电缆保护管MPP/包4_完整招标文件_53488486837695864/包4_技术规范书_53488484565315667/国家电网有限公司_电缆保护管 - 设备部(A171-500021541-00002)713768/国家电网有限公司_电缆保护管 - 设备部(A171-500021541-00002)/A171-500021541-00002 国家电网公司总部-配网标准化物资固化技术规范书-电缆保护管 MPP埋地用.doc,1,8,performance_parameter_table,落锤冲击,任何试样均不出现破裂或裂缝。,,pending_response,medium,存在项目需求值或标准值，但投标人响应值/保证值为空。,补充泰昌响应值、保证值或明确写入无偏差承诺后复核。,"{""序号"": ""7"", ""项目"": ""落锤冲击"", ""指标"": ""任何试样均不出现破裂或裂缝。""}"
customer_liaoning_taichang_20260606_p0,辽宁,2025-03,包4,2225AC,电缆保护管MPP,rag_seed/power_grid_resources/01_tender_documents/22_国网辽宁电力2025年第三次物资协议库存招标采购/extracted/电缆保护管MPP/包4_完整招标文件_53488486837695864/包4_技术规范书_53488484565315667/国家电网有限公司_电缆保护管 - 设备部(A171-500021541-00002)713768/国家电网有限公司_电缆保护管 - 设备部(A171-500021541-00002)/A171-500021541-00002 国家电网公司总部-配网标准化物资固化技术规范书-电缆保护管 MPP埋地用.doc,1,9,performance_parameter_table,环刚度（3%、常温）,≥32kPa,,pending_response,medium,存在项目需求值或标准值，但投标人响应值/保证值为空。,补充泰昌响应值、保证值或明确写入无偏差承诺后复核。,"{""序号"": ""8"", ""项目"": ""环刚度（3%、常温）"", ""指标"": ""≥32kPa""}"
customer_liaoning_taichang_20260606_p0,辽宁,2025-03,包4,2225AC,电缆保护管MPP,rag_seed/power_grid_resources/01_tender_documents/22_国网辽宁电力2025年第三次物资协议库存招标采购/extracted/电缆保护管MPP/包4_完整招标文件_53488486837695864/包4_技术规范书_53488484565315667/国家电网有限公司_电缆保护管 - 设备部(A171-500021541-00002)713768/国家电网有限公司_电缆保护管 - 设备部(A171-500021541-00002)/A171-500021541-00002 国家电网公司总部-配网标准化物资固化技术规范书-电缆保护管 MPP埋地用.doc,1,10,performance_parameter_table,最小允许弯曲半径,≤75D,,pending_response,medium,存在项目需求值或标准值，但投标人响应值/保证值为空。,补充泰昌响应值、保证值或明确写入无偏差承诺后复核。,"{""序号"": ""9"", ""项目"": ""最小允许弯曲半径"", ""指标"": ""≤75D""}"
customer_liaoning_taichang_20260606_p0,辽宁,2025-03,包4,2225AC,电缆保护管MPP,rag_seed/power_grid_resources/01_tender_documents/22_国网辽宁电力2025年第三次物资协议库存招标采购/extracted/电缆保护管MPP/包4_完整招标文件_53488486837695864/包4_技术规范书_53488484565315667/国家电网有限公司_电缆保护管 - 设备部(A171-500021541-00002)713768/国家电网有限公司_电缆保护管 - 设备部(A171-500021541-00002)/A171-500021541-00002 国家电网公司总部-配网标准化物资固化技术规范书-电缆保护管 MPP埋地用.doc,1,11,performance_parameter_table,不圆度mm：,≤2,,pending_response,medium,存在项目需求值或标准值，但投标人响应值/保证值为空。,补充泰昌响应值、保证值或明确写入无偏差承诺后复核。,"{""序号"": ""10"", ""项目"": ""不圆度mm："", ""指标"": ""≤2""}"
customer_liaoning_taichang_20260606_p0,辽宁,2025-03,包4,2225AC,电缆保护管MPP,rag_seed/power_grid_resources/01_tender_documents/22_国网辽宁电力2025年第三次物资协议库存招标采购/extracted/电缆保护管MPP/包4_完整招标文件_53488486837695864/包4_技术规范书_53488484565315667/国家电网有限公司_电缆保护管 - 设备部(A171-500021541-00002)713768/国家电网有限公司_电缆保护管 - 设备部(A171-500021541-00002)/A171-500021541-00002 国家电网公司总部-配网标准化物资固化技术规范书-电缆保护管 MPP埋地用.doc,1,12,performance_parameter_table,滑动摩擦系数,≤0.35,,pending_response,medium,存在项目需求值或标准值，但投标人响应值/保证值为空。,补充泰昌响应值、保证值或明确写入无偏差承诺后复核。,"{""序号"": ""11"", ""项目"": ""滑动摩擦系数"", ""指标"": ""≤0.35""}"
customer_liaoning_taichang_20260606_p0,辽宁,2025-03,包4,2225AC,电缆保护管MPP,rag_seed/power_grid_resources/01_tender_documents/22_国网辽宁电力2025年第三次物资协议库存招标采购/extracted/电缆保护管MPP/包4_完整招标文件_53488486837695864/包4_技术规范书_53488484565315667/国家电网有限公司_电缆保护管 - 设备部(A171-500021546-00002)713903/国家电网有限公司_电缆保护管 - 设备部(A171-500021546-00002)/A171-500021546-00002 国家电网公司总部-配网标准化物资固化技术规范书-电缆保护管 MPP埋地用.doc,0,2,dimension_parameter_table,公称内径 100（内径）,公称内径 (mm): 100（内径）；内径允许偏差 (mm): 正公差 +0.6 负公差 0；最小壁厚 (mm): 12；壁厚允许偏差 (mm): 正公差 +1.0 负公差 0,,pending_response,medium,存在项目需求值或标准值，但投标人响应值/保证值为空。,补充泰昌响应值、保证值或明确写入无偏差承诺后复核。,"{""公称内径 (mm)"": ""100（内径）"", ""内径允许偏差 (mm)"": ""正公差 +0.6 负公差 0"", ""最小壁厚 (mm)"": ""12"", ""壁厚允许偏差 (mm)"": ""正公差 +1.0 负公差 0""}"
customer_liaoning_taichang_20260606_p0,辽宁,2025-03,包4,2225AC,电缆保护管MPP,rag_seed/power_grid_resources/01_tender_documents/22_国网辽宁电力2025年第三次物资协议库存招标采购/extracted/电缆保护管MPP/包4_完整招标文件_53488486837695864/包4_技术规范书_53488484565315667/国家电网有限公司_电缆保护管 - 设备部(A171-500021546-00002)713903/国家电网有限公司_电缆保护管 - 设备部(A171-500021546-00002)/A171-500021546-00002 国家电网公司总部-配网标准化物资固化技术规范书-电缆保护管 MPP埋地用.doc,0,3,dimension_parameter_table,公称内径 150（内径）,公称内径 (mm): 150（内径）；内径允许偏差 (mm): 正公差 +0.8 负公差 0；最小壁厚 (mm): 17；壁厚允许偏差 (mm): 正公差 +1.4 负公差 0,,pending_response,medium,存在项目需求值或标准值，但投标人响应值/保证值为空。,补充泰昌响应值、保证值或明确写入无偏差承诺后复核。,"{""公称内径 (mm)"": ""150（内径）"", ""内径允许偏差 (mm)"": ""正公差 +0.8 负公差 0"", ""最小壁厚 (mm)"": ""17"", ""壁厚允许偏差 (mm)"": ""正公差 +1.4 负公差 0""}"
customer_liaoning_taichang_20260606_p0,辽宁,2025-03,包4,2225AC,电缆保护管MPP,rag_seed/power_grid_resources/01_tender_documents/22_国网辽宁电力2025年第三次物资协议库存招标采购/extracted/电缆保护管MPP/包4_完整招标文件_53488486837695864/包4_技术规范书_53488484565315667/国家电网有限公司_电缆保护管 - 设备部(A171-500021546-00002)713903/国家电网有限公司_电缆保护管 - 设备部(A171-500021546-00002)/A171-500021546-00002 国家电网公司总部-配网标准化物资固化技术规范书-电缆保护管 MPP埋地用.doc,0,4,dimension_parameter_table,公称内径 175（内径）,公称内径 (mm): 175（内径）；内径允许偏差 (mm): 正公差 +0.9 负公差 0；最小壁厚 (mm): 20；壁厚允许偏差 (mm): 正公差 +1.4 负公差 0,,pending_response,medium,存在项目需求值或标准值，但投标人响应值/保证值为空。,补充泰昌响应值、保证值或明确写入无偏差承诺后复核。,"{""公称内径 (mm)"": ""175（内径）"", ""内径允许偏差 (mm)"": ""正公差 +0.9 负公差 0"", ""最小壁厚 (mm)"": ""20"", ""壁厚允许偏差 (mm)"": ""正公差 +1.4 负公差 0""}"
customer_liaoning_taichang_20260606_p0,辽宁,2025-03,包4,2225AC,电缆保护管MPP,rag_seed/power_grid_resources/01_tender_documents/22_国网辽宁电力2025年第三次物资协议库存招标采购/extracted/电缆保护管MPP/包4_完整招标文件_53488486837695864/包4_技术规范书_53488484565315667/国家电网有限公司_电缆保护管 - 设备部(A171-500021546-00002)713903/国家电网有限公司_电缆保护管 - 设备部(A171-500021546-00002)/A171-500021546-00002 国家电网公司总部-配网标准化物资固化技术规范书-电缆保护管 MPP埋地用.doc,0,5,dimension_parameter_table,公称内径 200（内径）,公称内径 (mm): 200（内径）；内径允许偏差 (mm): 正公差 +1.0 负公差 0；最小壁厚 (mm): 27；壁厚允许偏差 (mm): 正公差 +1.4 负公差 0,,pending_response,medium,存在项目需求值或标准值，但投标人响应值/保证值为空。,补充泰昌响应值、保证值或明确写入无偏差承诺后复核。,"{""公称内径 (mm)"": ""200（内径）"", ""内径允许偏差 (mm)"": ""正公差 +1.0 负公差 0"", ""最小壁厚 (mm)"": ""27"", ""壁厚允许偏差 (mm)"": ""正公差 +1.4 负公差 0""}"
customer_liaoning_taichang_20260606_p0,辽宁,2025-03,包4,2225AC,电缆保护管MPP,rag_seed/power_grid_resources/01_tender_documents/22_国网辽宁电力2025年第三次物资协议库存招标采购/extracted/电缆保护管MPP/包4_完整招标文件_53488486837695864/包4_技术规范书_53488484565315667/国家电网有限公司_电缆保护管 - 设备部(A171-500021546-00002)713903/国家电网有限公司_电缆保护管 - 设备部(A171-500021546-00002)/A171-500021546-00002 国家电网公司总部-配网标准化物资固化技术规范书-电缆保护管 MPP埋地用.doc,1,2,performance_parameter_table,密度g/cm３,0.90～0.94,,pending_response,medium,存在项目需求值或标准值，但投标人响应值/保证值为空。,补充泰昌响应值、保证值或明确写入无偏差承诺后复核。,"{""序号"": ""1"", ""项目"": ""密度g/cm３"", ""指标"": ""0.90～0.94""}"
customer_liaoning_taichang_20260606_p0,辽宁,2025-03,包4,2225AC,电缆保护管MPP,rag_seed/power_grid_resources/01_tender_documents/22_国网辽宁电力2025年第三次物资协议库存招标采购/extracted/电缆保护管MPP/包4_完整招标文件_53488486837695864/包4_技术规范书_53488484565315667/国家电网有限公司_电缆保护管 - 设备部(A171-500021546-00002)713903/国家电网有限公司_电缆保护管 - 设备部(A171-500021546-00002)/A171-500021546-00002 国家电网公司总部-配网标准化物资固化技术规范书-电缆保护管 MPP埋地用.doc,1,3,performance_parameter_table,拉伸强度（23±2℃）,管材：≥25MPa 接头：≥22.5MPa,,pending_response,medium,存在项目需求值或标准值，但投标人响应值/保证值为空。,补充泰昌响应值、保证值或明确写入无偏差承诺后复核。,"{""序号"": ""2"", ""项目"": ""拉伸强度（23±2℃）"", ""指标"": ""管材：≥25MPa 接头：≥22.5MPa""}"
customer_liaoning_taichang_20260606_p0,辽宁,2025-03,包4,2225AC,电缆保护管MPP,rag_seed/power_grid_resources/01_tender_documents/22_国网辽宁电力2025年第三次物资协议库存招标采购/extracted/电缆保护管MPP/包4_完整招标文件_53488486837695864/包4_技术规范书_53488484565315667/国家电网有限公司_电缆保护管 - 设备部(A171-500021546-00002)713903/国家电网有限公司_电缆保护管 - 设备部(A171-500021546-00002)/A171-500021546-00002 国家电网公司总部-配网标准化物资固化技术规范书-电缆保护管 MPP埋地用.doc,1,4,performance_parameter_table,断裂伸长率,≥200%,,pending_response,medium,存在项目需求值或标准值，但投标人响应值/保证值为空。,补充泰昌响应值、保证值或明确写入无偏差承诺后复核。,"{""序号"": ""3"", ""项目"": ""断裂伸长率"", ""指标"": ""≥200%""}"
customer_liaoning_taichang_20260606_p0,辽宁,2025-03,包4,2225AC,电缆保护管MPP,rag_seed/power_grid_resources/01_tender_documents/22_国网辽宁电力2025年第三次物资协议库存招标采购/extracted/电缆保护管MPP/包4_完整招标文件_53488486837695864/包4_技术规范书_53488484565315667/国家电网有限公司_电缆保护管 - 设备部(A171-500021546-00002)713903/国家电网有限公司_电缆保护管 - 设备部(A171-500021546-00002)/A171-500021546-00002 国家电网公司总部-配网标准化物资固化技术规范书-电缆保护管 MPP埋地用.doc,1,5,performance_parameter_table,弯曲强度（23±2℃）,≥36Mpa,,pending_response,medium,存在项目需求值或标准值，但投标人响应值/保证值为空。,补充泰昌响应值、保证值或明确写入无偏差承诺后复核。,"{""序号"": ""4"", ""项目"": ""弯曲强度（23±2℃）"", ""指标"": ""≥36Mpa""}"
customer_liaoning_taichang_20260606_p0,辽宁,2025-03,包4,2225AC,电缆保护管MPP,rag_seed/power_grid_resources/01_tender_documents/22_国网辽宁电力2025年第三次物资协议库存招标采购/extracted/电缆保护管MPP/包4_完整招标文件_53488486837695864/包4_技术规范书_53488484565315667/国家电网有限公司_电缆保护管 - 设备部(A171-500021546-00002)713903/国家电网有限公司_电缆保护管 - 设备部(A171-500021546-00002)/A171-500021546-00002 国家电网公司总部-配网标准化物资固化技术规范书-电缆保护管 MPP埋地用.doc,1,6,performance_parameter_table,扁平试验（内径的50%）,不破裂,,pending_response,medium,存在项目需求值或标准值，但投标人响应值/保证值为空。,补充泰昌响应值、保证值或明确写入无偏差承诺后复核。,"{""序号"": ""5"", ""项目"": ""扁平试验（内径的50%）"", ""指标"": ""不破裂""}"
customer_liaoning_taichang_20260606_p0,辽宁,2025-03,包4,2225AC,电缆保护管MPP,rag_seed/power_grid_resources/01_tender_documents/22_国网辽宁电力2025年第三次物资协议库存招标采购/extracted/电缆保护管MPP/包4_完整招标文件_53488486837695864/包4_技术规范书_53488484565315667/国家电网有限公司_电缆保护管 - 设备部(A171-500021546-00002)713903/国家电网有限公司_电缆保护管 - 设备部(A171-500021546-00002)/A171-500021546-00002 国家电网公司总部-配网标准化物资固化技术规范书-电缆保护管 MPP埋地用.doc,1,7,performance_parameter_table,维卡软化温度（GB/T 1633 A50法）,≥150℃,,pending_response,medium,存在项目需求值或标准值，但投标人响应值/保证值为空。,补充泰昌响应值、保证值或明确写入无偏差承诺后复核。,"{""序号"": ""6"", ""项目"": ""维卡软化温度（GB/T 1633 A50法）"", ""指标"": ""≥150℃""}"
customer_liaoning_taichang_20260606_p0,辽宁,2025-03,包4,2225AC,电缆保护管MPP,rag_seed/power_grid_resources/01_tender_documents/22_国网辽宁电力2025年第三次物资协议库存招标采购/extracted/电缆保护管MPP/包4_完整招标文件_53488486837695864/包4_技术规范书_53488484565315667/国家电网有限公司_电缆保护管 - 设备部(A171-500021546-00002)713903/国家电网有限公司_电缆保护管 - 设备部(A171-500021546-00002)/A171-500021546-00002 国家电网公司总部-配网标准化物资固化技术规范书-电缆保护管 MPP埋地用.doc,1,8,performance_parameter_table,落锤冲击,任何试样均不出现破裂或裂缝。,,pending_response,medium,存在项目需求值或标准值，但投标人响应值/保证值为空。,补充泰昌响应值、保证值或明确写入无偏差承诺后复核。,"{""序号"": ""7"", ""项目"": ""落锤冲击"", ""指标"": ""任何试样均不出现破裂或裂缝。""}"
customer_liaoning_taichang_20260606_p0,辽宁,2025-03,包4,2225AC,电缆保护管MPP,rag_seed/power_grid_resources/01_tender_documents/22_国网辽宁电力2025年第三次物资协议库存招标采购/extracted/电缆保护管MPP/包4_完整招标文件_53488486837695864/包4_技术规范书_53488484565315667/国家电网有限公司_电缆保护管 - 设备部(A171-500021546-00002)713903/国家电网有限公司_电缆保护管 - 设备部(A171-500021546-00002)/A171-500021546-00002 国家电网公司总部-配网标准化物资固化技术规范书-电缆保护管 MPP埋地用.doc,1,9,performance_parameter_table,环刚度（3%、常温）,≥32kPa,,pending_response,medium,存在项目需求值或标准值，但投标人响应值/保证值为空。,补充泰昌响应值、保证值或明确写入无偏差承诺后复核。,"{""序号"": ""8"", ""项目"": ""环刚度（3%、常温）"", ""指标"": ""≥32kPa""}"
customer_liaoning_taichang_20260606_p0,辽宁,2025-03,包4,2225AC,电缆保护管MPP,rag_seed/power_grid_resources/01_tender_documents/22_国网辽宁电力2025年第三次物资协议库存招标采购/extracted/电缆保护管MPP/包4_完整招标文件_53488486837695864/包4_技术规范书_53488484565315667/国家电网有限公司_电缆保护管 - 设备部(A171-500021546-00002)713903/国家电网有限公司_电缆保护管 - 设备部(A171-500021546-00002)/A171-500021546-00002 国家电网公司总部-配网标准化物资固化技术规范书-电缆保护管 MPP埋地用.doc,1,10,performance_parameter_table,最小允许弯曲半径,≤75D,,pending_response,medium,存在项目需求值或标准值，但投标人响应值/保证值为空。,补充泰昌响应值、保证值或明确写入无偏差承诺后复核。,"{""序号"": ""9"", ""项目"": ""最小允许弯曲半径"", ""指标"": ""≤75D""}"
customer_liaoning_taichang_20260606_p0,辽宁,2025-03,包4,2225AC,电缆保护管MPP,rag_seed/power_grid_resources/01_tender_documents/22_国网辽宁电力2025年第三次物资协议库存招标采购/extracted/电缆保护管MPP/包4_完整招标文件_53488486837695864/包4_技术规范书_53488484565315667/国家电网有限公司_电缆保护管 - 设备部(A171-500021546-00002)713903/国家电网有限公司_电缆保护管 - 设备部(A171-500021546-00002)/A171-500021546-00002 国家电网公司总部-配网标准化物资固化技术规范书-电缆保护管 MPP埋地用.doc,1,11,performance_parameter_table,不圆度mm：,≤2,,pending_response,medium,存在项目需求值或标准值，但投标人响应值/保证值为空。,补充泰昌响应值、保证值或明确写入无偏差承诺后复核。,"{""序号"": ""10"", ""项目"": ""不圆度mm："", ""指标"": ""≤2""}"
customer_liaoning_taichang_20260606_p0,辽宁,2025-03,包4,2225AC,电缆保护管MPP,rag_seed/power_grid_resources/01_tender_documents/22_国网辽宁电力2025年第三次物资协议库存招标采购/extracted/电缆保护管MPP/包4_完整招标文件_53488486837695864/包4_技术规范书_53488484565315667/国家电网有限公司_电缆保护管 - 设备部(A171-500021546-00002)713903/国家电网有限公司_电缆保护管 - 设备部(A171-500021546-00002)/A171-500021546-00002 国家电网公司总部-配网标准化物资固化技术规范书-电缆保护管 MPP埋地用.doc,1,12,performance_parameter_table,滑动摩擦系数,≤0.35,,pending_response,medium,存在项目需求值或标准值，但投标人响应值/保证值为空。,补充泰昌响应值、保证值或明确写入无偏差承诺后复核。,"{""序号"": ""11"", ""项目"": ""滑动摩擦系数"", ""指标"": ""≤0.35""}"
customer_liaoning_taichang_20260606_p0,辽宁,2025-03,包4,2225AC,电缆保护管MPP,rag_seed/power_grid_resources/01_tender_documents/22_国网辽宁电力2025年第三次物资协议库存招标采购/extracted/电缆保护管MPP/包4_完整招标文件_53488486837695864/包4_技术规范书_53488484565315667/国家电网有限公司_电缆保护管 - 设备部(A171-500047131-00001)713537/国家电网有限公司_电缆保护管 - 设备部(A171-500047131-00001)/A171-500047131-00001 国家电网公司总部-配网标准化物资固化技术规范书-电缆保护管 MPP 非开挖.doc,0,2,dimension_parameter_table,公称内径 100（内径）,公称内径 (mm): 100（内径）；内径允许偏差 (mm): 正公差 +0.6 负公差 0；最小壁厚 (mm): 8；壁厚允许偏差 (mm): 正公差 +1.0 负公差 0,,pending_response,medium,存在项目需求值或标准值，但投标人响应值/保证值为空。,补充泰昌响应值、保证值或明确写入无偏差承诺后复核。,"{""公称内径 (mm)"": ""100（内径）"", ""内径允许偏差 (mm)"": ""正公差 +0.6 负公差 0"", ""最小壁厚 (mm)"": ""8"", ""壁厚允许偏差 (mm)"": ""正公差 +1.0 负公差 0""}"
customer_liaoning_taichang_20260606_p0,辽宁,2025-03,包4,2225AC,电缆保护管MPP,rag_seed/power_grid_resources/01_tender_documents/22_国网辽宁电力2025年第三次物资协议库存招标采购/extracted/电缆保护管MPP/包4_完整招标文件_53488486837695864/包4_技术规范书_53488484565315667/国家电网有限公司_电缆保护管 - 设备部(A171-500047131-00001)713537/国家电网有限公司_电缆保护管 - 设备部(A171-500047131-00001)/A171-500047131-00001 国家电网公司总部-配网标准化物资固化技术规范书-电缆保护管 MPP 非开挖.doc,0,3,dimension_parameter_table,公称内径 150（内径）,公称内径 (mm): 150（内径）；内径允许偏差 (mm): 正公差 +0.8 负公差 0；最小壁厚 (mm): 12；壁厚允许偏差 (mm): 正公差 +1.4 负公差 0,,pending_response,medium,存在项目需求值或标准值，但投标人响应值/保证值为空。,补充泰昌响应值、保证值或明确写入无偏差承诺后复核。,"{""公称内径 (mm)"": ""150（内径）"", ""内径允许偏差 (mm)"": ""正公差 +0.8 负公差 0"", ""最小壁厚 (mm)"": ""12"", ""壁厚允许偏差 (mm)"": ""正公差 +1.4 负公差 0""}"
customer_liaoning_taichang_20260606_p0,辽宁,2025-03,包4,2225AC,电缆保护管MPP,rag_seed/power_grid_resources/01_tender_documents/22_国网辽宁电力2025年第三次物资协议库存招标采购/extracted/电缆保护管MPP/包4_完整招标文件_53488486837695864/包4_技术规范书_53488484565315667/国家电网有限公司_电缆保护管 - 设备部(A171-500047131-00001)713537/国家电网有限公司_电缆保护管 - 设备部(A171-500047131-00001)/A171-500047131-00001 国家电网公司总部-配网标准化物资固化技术规范书-电缆保护管 MPP 非开挖.doc,0,4,dimension_parameter_table,公称内径 175（内径）,公称内径 (mm): 175（内径）；内径允许偏差 (mm): 正公差 +0.9 负公差 0；最小壁厚 (mm): 14；壁厚允许偏差 (mm): 正公差 +1.4 负公差 0,,pending_response,medium,存在项目需求值或标准值，但投标人响应值/保证值为空。,补充泰昌响应值、保证值或明确写入无偏差承诺后复核。,"{""公称内径 (mm)"": ""175（内径）"", ""内径允许偏差 (mm)"": ""正公差 +0.9 负公差 0"", ""最小壁厚 (mm)"": ""14"", ""壁厚允许偏差 (mm)"": ""正公差 +1.4 负公差 0""}"
customer_liaoning_taichang_20260606_p0,辽宁,2025-03,包4,2225AC,电缆保护管MPP,rag_seed/power_grid_resources/01_tender_documents/22_国网辽宁电力2025年第三次物资协议库存招标采购/extracted/电缆保护管MPP/包4_完整招标文件_53488486837695864/包4_技术规范书_53488484565315667/国家电网有限公司_电缆保护管 - 设备部(A171-500047131-00001)713537/国家电网有限公司_电缆保护管 - 设备部(A171-500047131-00001)/A171-500047131-00001 国家电网公司总部-配网标准化物资固化技术规范书-电缆保护管 MPP 非开挖.doc,0,5,dimension_parameter_table,公称内径 200（内径）,公称内径 (mm): 200（内径）；内径允许偏差 (mm): 正公差 +1.0 负公差 0；最小壁厚 (mm): 16；壁厚允许偏差 (mm): 正公差 +1.4 负公差 0,,pending_response,medium,存在项目需求值或标准值，但投标人响应值/保证值为空。,补充泰昌响应值、保证值或明确写入无偏差承诺后复核。,"{""公称内径 (mm)"": ""200（内径）"", ""内径允许偏差 (mm)"": ""正公差 +1.0 负公差 0"", ""最小壁厚 (mm)"": ""16"", ""壁厚允许偏差 (mm)"": ""正公差 +1.4 负公差 0""}"
customer_liaoning_taichang_20260606_p0,辽宁,2025-03,包4,2225AC,电缆保护管MPP,rag_seed/power_grid_resources/01_tender_documents/22_国网辽宁电力2025年第三次物资协议库存招标采购/extracted/电缆保护管MPP/包4_完整招标文件_53488486837695864/包4_技术规范书_53488484565315667/国家电网有限公司_电缆保护管 - 设备部(A171-500047131-00001)713537/国家电网有限公司_电缆保护管 - 设备部(A171-500047131-00001)/A171-500047131-00001 国家电网公司总部-配网标准化物资固化技术规范书-电缆保护管 MPP 非开挖.doc,1,2,performance_parameter_table,密度g/cm３,0.90～0.94,,pending_response,medium,存在项目需求值或标准值，但投标人响应值/保证值为空。,补充泰昌响应值、保证值或明确写入无偏差承诺后复核。,"{""序号"": ""1"", ""项目"": ""密度g/cm３"", ""指标"": ""0.90～0.94""}"
customer_liaoning_taichang_20260606_p0,辽宁,2025-03,包4,2225AC,电缆保护管MPP,rag_seed/power_grid_resources/01_tender_documents/22_国网辽宁电力2025年第三次物资协议库存招标采购/extracted/电缆保护管MPP/包4_完整招标文件_53488486837695864/包4_技术规范书_53488484565315667/国家电网有限公司_电缆保护管 - 设备部(A171-500047131-00001)713537/国家电网有限公司_电缆保护管 - 设备部(A171-500047131-00001)/A171-500047131-00001 国家电网公司总部-配网标准化物资固化技术规范书-电缆保护管 MPP 非开挖.doc,1,3,performance_parameter_table,拉伸强度（23±2℃）,管材：≥25MPa 接头：≥22.5MPa,,pending_response,medium,存在项目需求值或标准值，但投标人响应值/保证值为空。,补充泰昌响应值、保证值或明确写入无偏差承诺后复核。,"{""序号"": ""2"", ""项目"": ""拉伸强度（23±2℃）"", ""指标"": ""管材：≥25MPa 接头：≥22.5MPa""}"
customer_liaoning_taichang_20260606_p0,辽宁,2025-03,包4,2225AC,电缆保护管MPP,rag_seed/power_grid_resources/01_tender_documents/22_国网辽宁电力2025年第三次物资协议库存招标采购/extracted/电缆保护管MPP/包4_完整招标文件_53488486837695864/包4_技术规范书_53488484565315667/国家电网有限公司_电缆保护管 - 设备部(A171-500047131-00001)713537/国家电网有限公司_电缆保护管 - 设备部(A171-500047131-00001)/A171-500047131-00001 国家电网公司总部-配网标准化物资固化技术规范书-电缆保护管 MPP 非开挖.doc,1,4,performance_parameter_table,断裂伸长率,≥200%,,pending_response,medium,存在项目需求值或标准值，但投标人响应值/保证值为空。,补充泰昌响应值、保证值或明确写入无偏差承诺后复核。,"{""序号"": ""3"", ""项目"": ""断裂伸长率"", ""指标"": ""≥200%""}"
customer_liaoning_taichang_20260606_p0,辽宁,2025-03,包4,2225AC,电缆保护管MPP,rag_seed/power_grid_resources/01_tender_documents/22_国网辽宁电力2025年第三次物资协议库存招标采购/extracted/电缆保护管MPP/包4_完整招标文件_53488486837695864/包4_技术规范书_53488484565315667/国家电网有限公司_电缆保护管 - 设备部(A171-500047131-00001)713537/国家电网有限公司_电缆保护管 - 设备部(A171-500047131-00001)/A171-500047131-00001 国家电网公司总部-配网标准化物资固化技术规范书-电缆保护管 MPP 非开挖.doc,1,5,performance_parameter_table,弯曲强度（23±2℃）,≥36Mpa,,pending_response,medium,存在项目需求值或标准值，但投标人响应值/保证值为空。,补充泰昌响应值、保证值或明确写入无偏差承诺后复核。,"{""序号"": ""4"", ""项目"": ""弯曲强度（23±2℃）"", ""指标"": ""≥36Mpa""}"
customer_liaoning_taichang_20260606_p0,辽宁,2025-03,包4,2225AC,电缆保护管MPP,rag_seed/power_grid_resources/01_tender_documents/22_国网辽宁电力2025年第三次物资协议库存招标采购/extracted/电缆保护管MPP/包4_完整招标文件_53488486837695864/包4_技术规范书_53488484565315667/国家电网有限公司_电缆保护管 - 设备部(A171-500047131-00001)713537/国家电网有限公司_电缆保护管 - 设备部(A171-500047131-00001)/A171-500047131-00001 国家电网公司总部-配网标准化物资固化技术规范书-电缆保护管 MPP 非开挖.doc,1,6,performance_parameter_table,扁平试验（内径的50%）,不破裂,,pending_response,medium,存在项目需求值或标准值，但投标人响应值/保证值为空。,补充泰昌响应值、保证值或明确写入无偏差承诺后复核。,"{""序号"": ""5"", ""项目"": ""扁平试验（内径的50%）"", ""指标"": ""不破裂""}"
customer_liaoning_taichang_20260606_p0,辽宁,2025-03,包4,2225AC,电缆保护管MPP,rag_seed/power_grid_resources/01_tender_documents/22_国网辽宁电力2025年第三次物资协议库存招标采购/extracted/电缆保护管MPP/包4_完整招标文件_53488486837695864/包4_技术规范书_53488484565315667/国家电网有限公司_电缆保护管 - 设备部(A171-500047131-00001)713537/国家电网有限公司_电缆保护管 - 设备部(A171-500047131-00001)/A171-500047131-00001 国家电网公司总部-配网标准化物资固化技术规范书-电缆保护管 MPP 非开挖.doc,1,7,performance_parameter_table,维卡软化温度（GB/T 1633 A50法）,≥150℃,,pending_response,medium,存在项目需求值或标准值，但投标人响应值/保证值为空。,补充泰昌响应值、保证值或明确写入无偏差承诺后复核。,"{""序号"": ""6"", ""项目"": ""维卡软化温度（GB/T 1633 A50法）"", ""指标"": ""≥150℃""}"
customer_liaoning_taichang_20260606_p0,辽宁,2025-03,包4,2225AC,电缆保护管MPP,rag_seed/power_grid_resources/01_tender_documents/22_国网辽宁电力2025年第三次物资协议库存招标采购/extracted/电缆保护管MPP/包4_完整招标文件_53488486837695864/包4_技术规范书_53488484565315667/国家电网有限公司_电缆保护管 - 设备部(A171-500047131-00001)713537/国家电网有限公司_电缆保护管 - 设备部(A171-500047131-00001)/A171-500047131-00001 国家电网公司总部-配网标准化物资固化技术规范书-电缆保护管 MPP 非开挖.doc,1,8,performance_parameter_table,落锤冲击,任何试样均不出现破裂或裂缝。,,pending_response,medium,存在项目需求值或标准值，但投标人响应值/保证值为空。,补充泰昌响应值、保证值或明确写入无偏差承诺后复核。,"{""序号"": ""7"", ""项目"": ""落锤冲击"", ""指标"": ""任何试样均不出现破裂或裂缝。""}"
customer_liaoning_taichang_20260606_p0,辽宁,2025-03,包4,2225AC,电缆保护管MPP,rag_seed/power_grid_resources/01_tender_documents/22_国网辽宁电力2025年第三次物资协议库存招标采购/extracted/电缆保护管MPP/包4_完整招标文件_53488486837695864/包4_技术规范书_53488484565315667/国家电网有限公司_电缆保护管 - 设备部(A171-500047131-00001)713537/国家电网有限公司_电缆保护管 - 设备部(A171-500047131-00001)/A171-500047131-00001 国家电网公司总部-配网标准化物资固化技术规范书-电缆保护管 MPP 非开挖.doc,1,9,performance_parameter_table,环刚度（3%、常温）,≥32kPa,,pending_response,medium,存在项目需求值或标准值，但投标人响应值/保证值为空。,补充泰昌响应值、保证值或明确写入无偏差承诺后复核。,"{""序号"": ""8"", ""项目"": ""环刚度（3%、常温）"", ""指标"": ""≥32kPa""}"
customer_liaoning_taichang_20260606_p0,辽宁,2025-03,包4,2225AC,电缆保护管MPP,rag_seed/power_grid_resources/01_tender_documents/22_国网辽宁电力2025年第三次物资协议库存招标采购/extracted/电缆保护管MPP/包4_完整招标文件_53488486837695864/包4_技术规范书_53488484565315667/国家电网有限公司_电缆保护管 - 设备部(A171-500047131-00001)713537/国家电网有限公司_电缆保护管 - 设备部(A171-500047131-00001)/A171-500047131-00001 国家电网公司总部-配网标准化物资固化技术规范书-电缆保护管 MPP 非开挖.doc,1,10,performance_parameter_table,最小允许弯曲半径,≤75D,,pending_response,medium,存在项目需求值或标准值，但投标人响应值/保证值为空。,补充泰昌响应值、保证值或明确写入无偏差承诺后复核。,"{""序号"": ""9"", ""项目"": ""最小允许弯曲半径"", ""指标"": ""≤75D""}"
customer_liaoning_taichang_20260606_p0,辽宁,2025-03,包4,2225AC,电缆保护管MPP,rag_seed/power_grid_resources/01_tender_documents/22_国网辽宁电力2025年第三次物资协议库存招标采购/extracted/电缆保护管MPP/包4_完整招标文件_53488486837695864/包4_技术规范书_53488484565315667/国家电网有限公司_电缆保护管 - 设备部(A171-500047131-00001)713537/国家电网有限公司_电缆保护管 - 设备部(A171-500047131-00001)/A171-500047131-00001 国家电网公司总部-配网标准化物资固化技术规范书-电缆保护管 MPP 非开挖.doc,1,11,performance_parameter_table,不圆度mm：,≤2,,pending_response,medium,存在项目需求值或标准值，但投标人响应值/保证值为空。,补充泰昌响应值、保证值或明确写入无偏差承诺后复核。,"{""序号"": ""10"", ""项目"": ""不圆度mm："", ""指标"": ""≤2""}"
customer_liaoning_taichang_20260606_p0,辽宁,2025-03,包4,2225AC,电缆保护管MPP,rag_seed/power_grid_resources/01_tender_documents/22_国网辽宁电力2025年第三次物资协议库存招标采购/extracted/电缆保护管MPP/包4_完整招标文件_53488486837695864/包4_技术规范书_53488484565315667/国家电网有限公司_电缆保护管 - 设备部(A171-500047131-00001)713537/国家电网有限公司_电缆保护管 - 设备部(A171-500047131-00001)/A171-500047131-00001 国家电网公司总部-配网标准化物资固化技术规范书-电缆保护管 MPP 非开挖.doc,1,12,performance_parameter_table,滑动摩擦系数,≤0.35,,pending_response,medium,存在项目需求值或标准值，但投标人响应值/保证值为空。,补充泰昌响应值、保证值或明确写入无偏差承诺后复核。,"{""序号"": ""11"", ""项目"": ""滑动摩擦系数"", ""指标"": ""≤0.35""}"
customer_liaoning_taichang_20260606_p0,辽宁,2025-03,包4,2225AC,电缆保护管MPP,rag_seed/power_grid_resources/01_tender_documents/22_国网辽宁电力2025年第三次物资协议库存招标采购/extracted/电缆保护管MPP/包4_完整招标文件_53488486837695864/包4_技术规范书_53488484565315667/国家电网有限公司_电缆保护管 - 设备部(A171-500047131-00002)713828/国家电网有限公司_电缆保护管 - 设备部(A171-500047131-00002)/A171-500047131-00002 国家电网公司总部-配网标准化物资固化技术规范书-电缆保护管 MPP埋地用.doc,0,2,dimension_parameter_table,公称内径 100（内径）,公称内径 (mm): 100（内径）；内径允许偏差 (mm): 正公差 +0.6 负公差 0；最小壁厚 (mm): 12；壁厚允许偏差 (mm): 正公差 +1.0 负公差 0,,pending_response,medium,存在项目需求值或标准值，但投标人响应值/保证值为空。,补充泰昌响应值、保证值或明确写入无偏差承诺后复核。,"{""公称内径 (mm)"": ""100（内径）"", ""内径允许偏差 (mm)"": ""正公差 +0.6 负公差 0"", ""最小壁厚 (mm)"": ""12"", ""壁厚允许偏差 (mm)"": ""正公差 +1.0 负公差 0""}"
customer_liaoning_taichang_20260606_p0,辽宁,2025-03,包4,2225AC,电缆保护管MPP,rag_seed/power_grid_resources/01_tender_documents/22_国网辽宁电力2025年第三次物资协议库存招标采购/extracted/电缆保护管MPP/包4_完整招标文件_53488486837695864/包4_技术规范书_53488484565315667/国家电网有限公司_电缆保护管 - 设备部(A171-500047131-00002)713828/国家电网有限公司_电缆保护管 - 设备部(A171-500047131-00002)/A171-500047131-00002 国家电网公司总部-配网标准化物资固化技术规范书-电缆保护管 MPP埋地用.doc,0,3,dimension_parameter_table,公称内径 150（内径）,公称内径 (mm): 150（内径）；内径允许偏差 (mm): 正公差 +0.8 负公差 0；最小壁厚 (mm): 17；壁厚允许偏差 (mm): 正公差 +1.4 负公差 0,,pending_response,medium,存在项目需求值或标准值，但投标人响应值/保证值为空。,补充泰昌响应值、保证值或明确写入无偏差承诺后复核。,"{""公称内径 (mm)"": ""150（内径）"", ""内径允许偏差 (mm)"": ""正公差 +0.8 负公差 0"", ""最小壁厚 (mm)"": ""17"", ""壁厚允许偏差 (mm)"": ""正公差 +1.4 负公差 0""}"
customer_liaoning_taichang_20260606_p0,辽宁,2025-03,包4,2225AC,电缆保护管MPP,rag_seed/power_grid_resources/01_tender_documents/22_国网辽宁电力2025年第三次物资协议库存招标采购/extracted/电缆保护管MPP/包4_完整招标文件_53488486837695864/包4_技术规范书_53488484565315667/国家电网有限公司_电缆保护管 - 设备部(A171-500047131-00002)713828/国家电网有限公司_电缆保护管 - 设备部(A171-500047131-00002)/A171-500047131-00002 国家电网公司总部-配网标准化物资固化技术规范书-电缆保护管 MPP埋地用.doc,0,4,dimension_parameter_table,公称内径 175（内径）,公称内径 (mm): 175（内径）；内径允许偏差 (mm): 正公差 +0.9 负公差 0；最小壁厚 (mm): 20；壁厚允许偏差 (mm): 正公差 +1.4 负公差 0,,pending_response,medium,存在项目需求值或标准值，但投标人响应值/保证值为空。,补充泰昌响应值、保证值或明确写入无偏差承诺后复核。,"{""公称内径 (mm)"": ""175（内径）"", ""内径允许偏差 (mm)"": ""正公差 +0.9 负公差 0"", ""最小壁厚 (mm)"": ""20"", ""壁厚允许偏差 (mm)"": ""正公差 +1.4 负公差 0""}"
customer_liaoning_taichang_20260606_p0,辽宁,2025-03,包4,2225AC,电缆保护管MPP,rag_seed/power_grid_resources/01_tender_documents/22_国网辽宁电力2025年第三次物资协议库存招标采购/extracted/电缆保护管MPP/包4_完整招标文件_53488486837695864/包4_技术规范书_53488484565315667/国家电网有限公司_电缆保护管 - 设备部(A171-500047131-00002)713828/国家电网有限公司_电缆保护管 - 设备部(A171-500047131-00002)/A171-500047131-00002 国家电网公司总部-配网标准化物资固化技术规范书-电缆保护管 MPP埋地用.doc,0,5,dimension_parameter_table,公称内径 200（内径）,公称内径 (mm): 200（内径）；内径允许偏差 (mm): 正公差 +1.0 负公差 0；最小壁厚 (mm): 27；壁厚允许偏差 (mm): 正公差 +1.4 负公差 0,,pending_response,medium,存在项目需求值或标准值，但投标人响应值/保证值为空。,补充泰昌响应值、保证值或明确写入无偏差承诺后复核。,"{""公称内径 (mm)"": ""200（内径）"", ""内径允许偏差 (mm)"": ""正公差 +1.0 负公差 0"", ""最小壁厚 (mm)"": ""27"", ""壁厚允许偏差 (mm)"": ""正公差 +1.4 负公差 0""}"
customer_liaoning_taichang_20260606_p0,辽宁,2025-03,包4,2225AC,电缆保护管MPP,rag_seed/power_grid_resources/01_tender_documents/22_国网辽宁电力2025年第三次物资协议库存招标采购/extracted/电缆保护管MPP/包4_完整招标文件_53488486837695864/包4_技术规范书_53488484565315667/国家电网有限公司_电缆保护管 - 设备部(A171-500047131-00002)713828/国家电网有限公司_电缆保护管 - 设备部(A171-500047131-00002)/A171-500047131-00002 国家电网公司总部-配网标准化物资固化技术规范书-电缆保护管 MPP埋地用.doc,1,2,performance_parameter_table,密度g/cm３,0.90～0.94,,pending_response,medium,存在项目需求值或标准值，但投标人响应值/保证值为空。,补充泰昌响应值、保证值或明确写入无偏差承诺后复核。,"{""序号"": ""1"", ""项目"": ""密度g/cm３"", ""指标"": ""0.90～0.94""}"
customer_liaoning_taichang_20260606_p0,辽宁,2025-03,包4,2225AC,电缆保护管MPP,rag_seed/power_grid_resources/01_tender_documents/22_国网辽宁电力2025年第三次物资协议库存招标采购/extracted/电缆保护管MPP/包4_完整招标文件_53488486837695864/包4_技术规范书_53488484565315667/国家电网有限公司_电缆保护管 - 设备部(A171-500047131-00002)713828/国家电网有限公司_电缆保护管 - 设备部(A171-500047131-00002)/A171-500047131-00002 国家电网公司总部-配网标准化物资固化技术规范书-电缆保护管 MPP埋地用.doc,1,3,performance_parameter_table,拉伸强度（23±2℃）,管材：≥25MPa 接头：≥22.5MPa,,pending_response,medium,存在项目需求值或标准值，但投标人响应值/保证值为空。,补充泰昌响应值、保证值或明确写入无偏差承诺后复核。,"{""序号"": ""2"", ""项目"": ""拉伸强度（23±2℃）"", ""指标"": ""管材：≥25MPa 接头：≥22.5MPa""}"
customer_liaoning_taichang_20260606_p0,辽宁,2025-03,包4,2225AC,电缆保护管MPP,rag_seed/power_grid_resources/01_tender_documents/22_国网辽宁电力2025年第三次物资协议库存招标采购/extracted/电缆保护管MPP/包4_完整招标文件_53488486837695864/包4_技术规范书_53488484565315667/国家电网有限公司_电缆保护管 - 设备部(A171-500047131-00002)713828/国家电网有限公司_电缆保护管 - 设备部(A171-500047131-00002)/A171-500047131-00002 国家电网公司总部-配网标准化物资固化技术规范书-电缆保护管 MPP埋地用.doc,1,4,performance_parameter_table,断裂伸长率,≥200%,,pending_response,medium,存在项目需求值或标准值，但投标人响应值/保证值为空。,补充泰昌响应值、保证值或明确写入无偏差承诺后复核。,"{""序号"": ""3"", ""项目"": ""断裂伸长率"", ""指标"": ""≥200%""}"
customer_liaoning_taichang_20260606_p0,辽宁,2025-03,包4,2225AC,电缆保护管MPP,rag_seed/power_grid_resources/01_tender_documents/22_国网辽宁电力2025年第三次物资协议库存招标采购/extracted/电缆保护管MPP/包4_完整招标文件_53488486837695864/包4_技术规范书_53488484565315667/国家电网有限公司_电缆保护管 - 设备部(A171-500047131-00002)713828/国家电网有限公司_电缆保护管 - 设备部(A171-500047131-00002)/A171-500047131-00002 国家电网公司总部-配网标准化物资固化技术规范书-电缆保护管 MPP埋地用.doc,1,5,performance_parameter_table,弯曲强度（23±2℃）,≥36Mpa,,pending_response,medium,存在项目需求值或标准值，但投标人响应值/保证值为空。,补充泰昌响应值、保证值或明确写入无偏差承诺后复核。,"{""序号"": ""4"", ""项目"": ""弯曲强度（23±2℃）"", ""指标"": ""≥36Mpa""}"
customer_liaoning_taichang_20260606_p0,辽宁,2025-03,包4,2225AC,电缆保护管MPP,rag_seed/power_grid_resources/01_tender_documents/22_国网辽宁电力2025年第三次物资协议库存招标采购/extracted/电缆保护管MPP/包4_完整招标文件_53488486837695864/包4_技术规范书_53488484565315667/国家电网有限公司_电缆保护管 - 设备部(A171-500047131-00002)713828/国家电网有限公司_电缆保护管 - 设备部(A171-500047131-00002)/A171-500047131-00002 国家电网公司总部-配网标准化物资固化技术规范书-电缆保护管 MPP埋地用.doc,1,6,performance_parameter_table,扁平试验（内径的50%）,不破裂,,pending_response,medium,存在项目需求值或标准值，但投标人响应值/保证值为空。,补充泰昌响应值、保证值或明确写入无偏差承诺后复核。,"{""序号"": ""5"", ""项目"": ""扁平试验（内径的50%）"", ""指标"": ""不破裂""}"
customer_liaoning_taichang_20260606_p0,辽宁,2025-03,包4,2225AC,电缆保护管MPP,rag_seed/power_grid_resources/01_tender_documents/22_国网辽宁电力2025年第三次物资协议库存招标采购/extracted/电缆保护管MPP/包4_完整招标文件_53488486837695864/包4_技术规范书_53488484565315667/国家电网有限公司_电缆保护管 - 设备部(A171-500047131-00002)713828/国家电网有限公司_电缆保护管 - 设备部(A171-500047131-00002)/A171-500047131-00002 国家电网公司总部-配网标准化物资固化技术规范书-电缆保护管 MPP埋地用.doc,1,7,performance_parameter_table,维卡软化温度（GB/T 1633 A50法）,≥150℃,,pending_response,medium,存在项目需求值或标准值，但投标人响应值/保证值为空。,补充泰昌响应值、保证值或明确写入无偏差承诺后复核。,"{""序号"": ""6"", ""项目"": ""维卡软化温度（GB/T 1633 A50法）"", ""指标"": ""≥150℃""}"
customer_liaoning_taichang_20260606_p0,辽宁,2025-03,包4,2225AC,电缆保护管MPP,rag_seed/power_grid_resources/01_tender_documents/22_国网辽宁电力2025年第三次物资协议库存招标采购/extracted/电缆保护管MPP/包4_完整招标文件_53488486837695864/包4_技术规范书_53488484565315667/国家电网有限公司_电缆保护管 - 设备部(A171-500047131-00002)713828/国家电网有限公司_电缆保护管 - 设备部(A171-500047131-00002)/A171-500047131-00002 国家电网公司总部-配网标准化物资固化技术规范书-电缆保护管 MPP埋地用.doc,1,8,performance_parameter_table,落锤冲击,任何试样均不出现破裂或裂缝。,,pending_response,medium,存在项目需求值或标准值，但投标人响应值/保证值为空。,补充泰昌响应值、保证值或明确写入无偏差承诺后复核。,"{""序号"": ""7"", ""项目"": ""落锤冲击"", ""指标"": ""任何试样均不出现破裂或裂缝。""}"
customer_liaoning_taichang_20260606_p0,辽宁,2025-03,包4,2225AC,电缆保护管MPP,rag_seed/power_grid_resources/01_tender_documents/22_国网辽宁电力2025年第三次物资协议库存招标采购/extracted/电缆保护管MPP/包4_完整招标文件_53488486837695864/包4_技术规范书_53488484565315667/国家电网有限公司_电缆保护管 - 设备部(A171-500047131-00002)713828/国家电网有限公司_电缆保护管 - 设备部(A171-500047131-00002)/A171-500047131-00002 国家电网公司总部-配网标准化物资固化技术规范书-电缆保护管 MPP埋地用.doc,1,9,performance_parameter_table,环刚度（3%、常温）,≥32kPa,,pending_response,medium,存在项目需求值或标准值，但投标人响应值/保证值为空。,补充泰昌响应值、保证值或明确写入无偏差承诺后复核。,"{""序号"": ""8"", ""项目"": ""环刚度（3%、常温）"", ""指标"": ""≥32kPa""}"
customer_liaoning_taichang_20260606_p0,辽宁,2025-03,包4,2225AC,电缆保护管MPP,rag_seed/power_grid_resources/01_tender_documents/22_国网辽宁电力2025年第三次物资协议库存招标采购/extracted/电缆保护管MPP/包4_完整招标文件_53488486837695864/包4_技术规范书_53488484565315667/国家电网有限公司_电缆保护管 - 设备部(A171-500047131-00002)713828/国家电网有限公司_电缆保护管 - 设备部(A171-500047131-00002)/A171-500047131-00002 国家电网公司总部-配网标准化物资固化技术规范书-电缆保护管 MPP埋地用.doc,1,10,performance_parameter_table,最小允许弯曲半径,≤75D,,pending_response,medium,存在项目需求值或标准值，但投标人响应值/保证值为空。,补充泰昌响应值、保证值或明确写入无偏差承诺后复核。,"{""序号"": ""9"", ""项目"": ""最小允许弯曲半径"", ""指标"": ""≤75D""}"
customer_liaoning_taichang_20260606_p0,辽宁,2025-03,包4,2225AC,电缆保护管MPP,rag_seed/power_grid_resources/01_tender_documents/22_国网辽宁电力2025年第三次物资协议库存招标采购/extracted/电缆保护管MPP/包4_完整招标文件_53488486837695864/包4_技术规范书_53488484565315667/国家电网有限公司_电缆保护管 - 设备部(A171-500047131-00002)713828/国家电网有限公司_电缆保护管 - 设备部(A171-500047131-00002)/A171-500047131-00002 国家电网公司总部-配网标准化物资固化技术规范书-电缆保护管 MPP埋地用.doc,1,11,performance_parameter_table,不圆度mm：,≤2,,pending_response,medium,存在项目需求值或标准值，但投标人响应值/保证值为空。,补充泰昌响应值、保证值或明确写入无偏差承诺后复核。,"{""序号"": ""10"", ""项目"": ""不圆度mm："", ""指标"": ""≤2""}"
customer_liaoning_taichang_20260606_p0,辽宁,2025-03,包4,2225AC,电缆保护管MPP,rag_seed/power_grid_resources/01_tender_documents/22_国网辽宁电力2025年第三次物资协议库存招标采购/extracted/电缆保护管MPP/包4_完整招标文件_53488486837695864/包4_技术规范书_53488484565315667/国家电网有限公司_电缆保护管 - 设备部(A171-500047131-00002)713828/国家电网有限公司_电缆保护管 - 设备部(A171-500047131-00002)/A171-500047131-00002 国家电网公司总部-配网标准化物资固化技术规范书-电缆保护管 MPP埋地用.doc,1,12,performance_parameter_table,滑动摩擦系数,≤0.35,,pending_response,medium,存在项目需求值或标准值，但投标人响应值/保证值为空。,补充泰昌响应值、保证值或明确写入无偏差承诺后复核。,"{""序号"": ""11"", ""项目"": ""滑动摩擦系数"", ""指标"": ""≤0.35""}"
customer_liaoning_taichang_20260606_p0,辽宁,2025-03,包4,2225AC,电缆保护管MPP,rag_seed/power_grid_resources/01_tender_documents/22_国网辽宁电力2025年第三次物资协议库存招标采购/extracted/电缆保护管MPP/包4_完整招标文件_53488486837695864/包4_技术规范书_53488484565315667/国网辽宁省电力有限公司_2025年辽宁公司配农网批次采购结构化技术规范编制（G00J-500021520-00008）/国网辽宁省电力有限公司_2025年辽宁公司配农网批次采购结构化技术规范编制（G00J-500021520-00008）.docx,0,2,bid_response_parameter_table,专用技术规范,电缆保护管-MPP非开挖（φ200）.doc,,pending_response,medium,存在项目需求值或标准值，但投标人响应值/保证值为空。,补充泰昌响应值、保证值或明确写入无偏差承诺后复核。,"{""序号"": ""1"", ""名称"": ""专用技术规范"", ""项目需求值或表述"": ""电缆保护管-MPP非开挖（φ200）.doc"", ""投标人保证值"": """"}"
customer_liaoning_taichang_20260606_p0,辽宁,2025-03,包4,2225AC,电缆保护管MPP,rag_seed/power_grid_resources/01_tender_documents/22_国网辽宁电力2025年第三次物资协议库存招标采购/extracted/电缆保护管MPP/包4_完整招标文件_53488486837695864/包4_技术规范书_53488484565315667/国网辽宁省电力有限公司_2025年辽宁公司配农网批次采购结构化技术规范编制（G00J-500021520-00008）/电缆保护管-MPP非开挖（φ200）.doc,0,4,dimension_parameter_table,公称内径 100,公称壁厚 / 环刚度等级b / SN 24: 6；公称壁厚 / 环刚度等级b / SN 32: 8；公称壁厚 / 环刚度等级b / SN 40: 10；不圆度: ≤2.0,,pending_response,medium,存在项目需求值或标准值，但投标人响应值/保证值为空。,补充泰昌响应值、保证值或明确写入无偏差承诺后复核。,"{""公称内径 DN/ID"": ""100"", ""公称壁厚 / 环刚度等级b / SN 24"": ""6"", ""公称壁厚 / 环刚度等级b / SN 32"": ""8"", ""公称壁厚 / 环刚度等级b / SN 40"": ""10"", ""不圆度"": ""≤2.0""}"
customer_liaoning_taichang_20260606_p0,辽宁,2025-03,包4,2225AC,电缆保护管MPP,rag_seed/power_grid_resources/01_tender_documents/22_国网辽宁电力2025年第三次物资协议库存招标采购/extracted/电缆保护管MPP/包4_完整招标文件_53488486837695864/包4_技术规范书_53488484565315667/国网辽宁省电力有限公司_2025年辽宁公司配农网批次采购结构化技术规范编制（G00J-500021520-00008）/电缆保护管-MPP非开挖（φ200）.doc,0,5,dimension_parameter_table,公称内径 125,公称壁厚 / 环刚度等级b / SN 24: 8；公称壁厚 / 环刚度等级b / SN 32: 10；公称壁厚 / 环刚度等级b / SN 40: 12；不圆度: ≤2.3,,pending_response,medium,存在项目需求值或标准值，但投标人响应值/保证值为空。,补充泰昌响应值、保证值或明确写入无偏差承诺后复核。,"{""公称内径 DN/ID"": ""125"", ""公称壁厚 / 环刚度等级b / SN 24"": ""8"", ""公称壁厚 / 环刚度等级b / SN 32"": ""10"", ""公称壁厚 / 环刚度等级b / SN 40"": ""12"", ""不圆度"": ""≤2.3""}"
customer_liaoning_taichang_20260606_p0,辽宁,2025-03,包4,2225AC,电缆保护管MPP,rag_seed/power_grid_resources/01_tender_documents/22_国网辽宁电力2025年第三次物资协议库存招标采购/extracted/电缆保护管MPP/包4_完整招标文件_53488486837695864/包4_技术规范书_53488484565315667/国网辽宁省电力有限公司_2025年辽宁公司配农网批次采购结构化技术规范编制（G00J-500021520-00008）/电缆保护管-MPP非开挖（φ200）.doc,0,6,dimension_parameter_table,公称内径 150,公称壁厚 / 环刚度等级b / SN 24: 10；公称壁厚 / 环刚度等级b / SN 32: 12；公称壁厚 / 环刚度等级b / SN 40: 14；不圆度: ≤2.5,,pending_response,medium,存在项目需求值或标准值，但投标人响应值/保证值为空。,补充泰昌响应值、保证值或明确写入无偏差承诺后复核。,"{""公称内径 DN/ID"": ""150"", ""公称壁厚 / 环刚度等级b / SN 24"": ""10"", ""公称壁厚 / 环刚度等级b / SN 32"": ""12"", ""公称壁厚 / 环刚度等级b / SN 40"": ""14"", ""不圆度"": ""≤2.5""}"
customer_liaoning_taichang_20260606_p0,辽宁,2025-03,包4,2225AC,电缆保护管MPP,rag_seed/power_grid_resources/01_tender_documents/22_国网辽宁电力2025年第三次物资协议库存招标采购/extracted/电缆保护管MPP/包4_完整招标文件_53488486837695864/包4_技术规范书_53488484565315667/国网辽宁省电力有限公司_2025年辽宁公司配农网批次采购结构化技术规范编制（G00J-500021520-00008）/电缆保护管-MPP非开挖（φ200）.doc,0,7,dimension_parameter_table,公称内径 175,公称壁厚 / 环刚度等级b / SN 24: 12；公称壁厚 / 环刚度等级b / SN 32: 14；公称壁厚 / 环刚度等级b / SN 40: 16；不圆度: ≤2.8,,pending_response,medium,存在项目需求值或标准值，但投标人响应值/保证值为空。,补充泰昌响应值、保证值或明确写入无偏差承诺后复核。,"{""公称内径 DN/ID"": ""175"", ""公称壁厚 / 环刚度等级b / SN 24"": ""12"", ""公称壁厚 / 环刚度等级b / SN 32"": ""14"", ""公称壁厚 / 环刚度等级b / SN 40"": ""16"", ""不圆度"": ""≤2.8""}"
customer_liaoning_taichang_20260606_p0,辽宁,2025-03,包4,2225AC,电缆保护管MPP,rag_seed/power_grid_resources/01_tender_documents/22_国网辽宁电力2025年第三次物资协议库存招标采购/extracted/电缆保护管MPP/包4_完整招标文件_53488486837695864/包4_技术规范书_53488484565315667/国网辽宁省电力有限公司_2025年辽宁公司配农网批次采购结构化技术规范编制（G00J-500021520-00008）/电缆保护管-MPP非开挖（φ200）.doc,0,8,dimension_parameter_table,公称内径 200,公称壁厚 / 环刚度等级b / SN 24: 14；公称壁厚 / 环刚度等级b / SN 32: 16；公称壁厚 / 环刚度等级b / SN 40: 18；不圆度: ≤3.2,,pending_response,medium,存在项目需求值或标准值，但投标人响应值/保证值为空。,补充泰昌响应值、保证值或明确写入无偏差承诺后复核。,"{""公称内径 DN/ID"": ""200"", ""公称壁厚 / 环刚度等级b / SN 24"": ""14"", ""公称壁厚 / 环刚度等级b / SN 32"": ""16"", ""公称壁厚 / 环刚度等级b / SN 40"": ""18"", ""不圆度"": ""≤3.2""}"
customer_liaoning_taichang_20260606_p0,辽宁,2025-03,包4,2225AC,电缆保护管MPP,rag_seed/power_grid_resources/01_tender_documents/22_国网辽宁电力2025年第三次物资协议库存招标采购/extracted/电缆保护管MPP/包4_完整招标文件_53488486837695864/包4_技术规范书_53488484565315667/国网辽宁省电力有限公司_2025年辽宁公司配农网批次采购结构化技术规范编制（G00J-500021520-00008）/电缆保护管-MPP非开挖（φ200）.doc,0,9,dimension_parameter_table,公称内径 225,公称壁厚 / 环刚度等级b / SN 24: 16；公称壁厚 / 环刚度等级b / SN 32: 18；公称壁厚 / 环刚度等级b / SN 40: 20；不圆度: ≤3.8,,pending_response,medium,存在项目需求值或标准值，但投标人响应值/保证值为空。,补充泰昌响应值、保证值或明确写入无偏差承诺后复核。,"{""公称内径 DN/ID"": ""225"", ""公称壁厚 / 环刚度等级b / SN 24"": ""16"", ""公称壁厚 / 环刚度等级b / SN 32"": ""18"", ""公称壁厚 / 环刚度等级b / SN 40"": ""20"", ""不圆度"": ""≤3.8""}"
customer_liaoning_taichang_20260606_p0,辽宁,2025-03,包4,2225AC,电缆保护管MPP,rag_seed/power_grid_resources/01_tender_documents/22_国网辽宁电力2025年第三次物资协议库存招标采购/extracted/电缆保护管MPP/包4_完整招标文件_53488486837695864/包4_技术规范书_53488484565315667/国网辽宁省电力有限公司_2025年辽宁公司配农网批次采购结构化技术规范编制（G00J-500021520-00008）/电缆保护管-MPP非开挖（φ200）.doc,0,10,dimension_parameter_table,公称内径 250,公称壁厚 / 环刚度等级b / SN 24: 18；公称壁厚 / 环刚度等级b / SN 32: 20；公称壁厚 / 环刚度等级b / SN 40: 22；不圆度: ≤4.2,,pending_response,medium,存在项目需求值或标准值，但投标人响应值/保证值为空。,补充泰昌响应值、保证值或明确写入无偏差承诺后复核。,"{""公称内径 DN/ID"": ""250"", ""公称壁厚 / 环刚度等级b / SN 24"": ""18"", ""公称壁厚 / 环刚度等级b / SN 32"": ""20"", ""公称壁厚 / 环刚度等级b / SN 40"": ""22"", ""不圆度"": ""≤4.2""}"
customer_liaoning_taichang_20260606_p0,辽宁,2025-03,包4,2225AC,电缆保护管MPP,rag_seed/power_grid_resources/01_tender_documents/22_国网辽宁电力2025年第三次物资协议库存招标采购/extracted/电缆保护管MPP/包4_完整招标文件_53488486837695864/包4_技术规范书_53488484565315667/国网辽宁省电力有限公司_2025年辽宁公司配农网批次采购结构化技术规范编制（G00J-500021520-00008）/电缆保护管-MPP非开挖（φ200）.doc,0,11,dimension_parameter_table,公称内径 280,公称壁厚 / 环刚度等级b / SN 24: 20；公称壁厚 / 环刚度等级b / SN 32: 22；公称壁厚 / 环刚度等级b / SN 40: 24；不圆度: ≤4.5,,pending_response,medium,存在项目需求值或标准值，但投标人响应值/保证值为空。,补充泰昌响应值、保证值或明确写入无偏差承诺后复核。,"{""公称内径 DN/ID"": ""280"", ""公称壁厚 / 环刚度等级b / SN 24"": ""20"", ""公称壁厚 / 环刚度等级b / SN 32"": ""22"", ""公称壁厚 / 环刚度等级b / SN 40"": ""24"", ""不圆度"": ""≤4.5""}"
customer_liaoning_taichang_20260606_p0,辽宁,2025-03,包4,2225AC,电缆保护管MPP,rag_seed/power_grid_resources/01_tender_documents/22_国网辽宁电力2025年第三次物资协议库存招标采购/extracted/电缆保护管MPP/包4_完整招标文件_53488486837695864/包4_技术规范书_53488484565315667/国网辽宁省电力有限公司_2025年辽宁公司配农网批次采购结构化技术规范编制（G00J-500021520-00008）/电缆保护管-MPP非开挖（φ200）.doc,0,12,dimension_parameter_table,公称内径 315,公称壁厚 / 环刚度等级b / SN 24: 22；公称壁厚 / 环刚度等级b / SN 32: 24；公称壁厚 / 环刚度等级b / SN 40: 26；不圆度: ≤4.8,,pending_response,medium,存在项目需求值或标准值，但投标人响应值/保证值为空。,补充泰昌响应值、保证值或明确写入无偏差承诺后复核。,"{""公称内径 DN/ID"": ""315"", ""公称壁厚 / 环刚度等级b / SN 24"": ""22"", ""公称壁厚 / 环刚度等级b / SN 32"": ""24"", ""公称壁厚 / 环刚度等级b / SN 40"": ""26"", ""不圆度"": ""≤4.8""}"
customer_liaoning_taichang_20260606_p0,辽宁,2025-03,包4,2225AC,电缆保护管MPP,rag_seed/power_grid_resources/01_tender_documents/22_国网辽宁电力2025年第三次物资协议库存招标采购/extracted/电缆保护管MPP/包4_完整招标文件_53488486837695864/包4_技术规范书_53488484565315667/国网辽宁省电力有限公司_2025年辽宁公司配农网批次采购结构化技术规范编制（G00J-500021520-00008）/电缆保护管-MPP非开挖（φ200）.doc,0,13,dimension_parameter_table,公称内径 355,公称壁厚 / 环刚度等级b / SN 24: 24；公称壁厚 / 环刚度等级b / SN 32: 26；公称壁厚 / 环刚度等级b / SN 40: 28；不圆度: ≤5.2,,pending_response,medium,存在项目需求值或标准值，但投标人响应值/保证值为空。,补充泰昌响应值、保证值或明确写入无偏差承诺后复核。,"{""公称内径 DN/ID"": ""355"", ""公称壁厚 / 环刚度等级b / SN 24"": ""24"", ""公称壁厚 / 环刚度等级b / SN 32"": ""26"", ""公称壁厚 / 环刚度等级b / SN 40"": ""28"", ""不圆度"": ""≤5.2""}"
customer_liaoning_taichang_20260606_p0,辽宁,2025-03,包4,2225AC,电缆保护管MPP,rag_seed/power_grid_resources/01_tender_documents/22_国网辽宁电力2025年第三次物资协议库存招标采购/extracted/电缆保护管MPP/包4_完整招标文件_53488486837695864/包4_技术规范书_53488484565315667/国网辽宁省电力有限公司_2025年辽宁公司配农网批次采购结构化技术规范编制（G00J-500021520-00008）/电缆保护管-MPP非开挖（φ200）.doc,1,2,performance_parameter_table,项目,PVC电缆导管,,pending_response,medium,存在项目需求值或标准值，但投标人响应值/保证值为空。,补充泰昌响应值、保证值或明确写入无偏差承诺后复核。,"{""项目"": ""项目"", ""要 求"": ""PVC电缆导管"", ""要 求_2"": ""HDPE电缆导管"", ""要 求_3"": ""MPP电缆导管""}"
customer_liaoning_taichang_20260606_p0,辽宁,2025-03,包4,2225AC,电缆保护管MPP,rag_seed/power_grid_resources/01_tender_documents/22_国网辽宁电力2025年第三次物资协议库存招标采购/extracted/电缆保护管MPP/包4_完整招标文件_53488486837695864/包4_技术规范书_53488484565315667/国网辽宁省电力有限公司_2025年辽宁公司配农网批次采购结构化技术规范编制（G00J-500021520-00008）/电缆保护管-MPP非开挖（φ200）.doc,1,3,performance_parameter_table,密度/(g/cm),1.35~1.46,,pending_response,medium,存在项目需求值或标准值，但投标人响应值/保证值为空。,补充泰昌响应值、保证值或明确写入无偏差承诺后复核。,"{""项目"": ""密度/(g/cm)"", ""要 求"": ""1.35~1.46"", ""要 求_2"": ""0.94~0.98"", ""要 求_3"": ""0.89~0.93""}"
customer_liaoning_taichang_20260606_p0,辽宁,2025-03,包4,2225AC,电缆保护管MPP,rag_seed/power_grid_resources/01_tender_documents/22_国网辽宁电力2025年第三次物资协议库存招标采购/extracted/电缆保护管MPP/包4_完整招标文件_53488486837695864/包4_技术规范书_53488484565315667/国网辽宁省电力有限公司_2025年辽宁公司配农网批次采购结构化技术规范编制（G00J-500021520-00008）/电缆保护管-MPP非开挖（φ200）.doc,1,4,performance_parameter_table,环刚度/(kN/m²),SN 20:≥20,,pending_response,medium,存在项目需求值或标准值，但投标人响应值/保证值为空。,补充泰昌响应值、保证值或明确写入无偏差承诺后复核。,"{""项目"": ""环刚度/(kN/m²)"", ""要 求"": ""SN 20:≥20"", ""要 求_2"": ""SN 12:≥12"", ""要 求_3"": ""SN 24:≥24""}"
customer_liaoning_taichang_20260606_p0,辽宁,2025-03,包4,2225AC,电缆保护管MPP,rag_seed/power_grid_resources/01_tender_documents/22_国网辽宁电力2025年第三次物资协议库存招标采购/extracted/电缆保护管MPP/包4_完整招标文件_53488486837695864/包4_技术规范书_53488484565315667/国网辽宁省电力有限公司_2025年辽宁公司配农网批次采购结构化技术规范编制（G00J-500021520-00008）/电缆保护管-MPP非开挖（φ200）.doc,1,5,performance_parameter_table,环刚度/(kN/m²),SN 30:≥30,,pending_response,medium,存在项目需求值或标准值，但投标人响应值/保证值为空。,补充泰昌响应值、保证值或明确写入无偏差承诺后复核。,"{""项目"": ""环刚度/(kN/m²)"", ""要 求"": ""SN 30:≥30"", ""要 求_2"": ""SN 18:≥18"", ""要 求_3"": ""SN 32:≥32""}"
customer_liaoning_taichang_20260606_p0,辽宁,2025-03,包4,2225AC,电缆保护管MPP,rag_seed/power_grid_resources/01_tender_documents/22_国网辽宁电力2025年第三次物资协议库存招标采购/extracted/电缆保护管MPP/包4_完整招标文件_53488486837695864/包4_技术规范书_53488484565315667/国网辽宁省电力有限公司_2025年辽宁公司配农网批次采购结构化技术规范编制（G00J-500021520-00008）/电缆保护管-MPP非开挖（φ200）.doc,1,6,performance_parameter_table,环刚度/(kN/m²),SN40:≥40,,pending_response,medium,存在项目需求值或标准值，但投标人响应值/保证值为空。,补充泰昌响应值、保证值或明确写入无偏差承诺后复核。,"{""项目"": ""环刚度/(kN/m²)"", ""要 求"": ""SN40:≥40"", ""要 求_2"": ""SN24:≥24"", ""要 求_3"": ""SN40:≥40""}"
customer_liaoning_taichang_20260606_p0,辽宁,2025-03,包4,2225AC,电缆保护管MPP,rag_seed/power_grid_resources/01_tender_documents/22_国网辽宁电力2025年第三次物资协议库存招标采购/extracted/电缆保护管MPP/包4_完整招标文件_53488486837695864/包4_技术规范书_53488484565315667/国网辽宁省电力有限公司_2025年辽宁公司配农网批次采购结构化技术规范编制（G00J-500021520-00008）/电缆保护管-MPP非开挖（φ200）.doc,1,7,performance_parameter_table,压扁试验,试样不应出现破裂,,pending_response,medium,存在项目需求值或标准值，但投标人响应值/保证值为空。,补充泰昌响应值、保证值或明确写入无偏差承诺后复核。,"{""项目"": ""压扁试验"", ""要 求"": ""试样不应出现破裂"", ""要 求_2"": ""试样不应出现破裂"", ""要 求_3"": ""试样不应出现破裂""}"
customer_liaoning_taichang_20260606_p0,辽宁,2025-03,包4,2225AC,电缆保护管MPP,rag_seed/power_grid_resources/01_tender_documents/22_国网辽宁电力2025年第三次物资协议库存招标采购/extracted/电缆保护管MPP/包4_完整招标文件_53488486837695864/包4_技术规范书_53488484565315667/国网辽宁省电力有限公司_2025年辽宁公司配农网批次采购结构化技术规范编制（G00J-500021520-00008）/电缆保护管-MPP非开挖（φ200）.doc,1,8,performance_parameter_table,拉伸强度/MPa,≥40,,pending_response,medium,存在项目需求值或标准值，但投标人响应值/保证值为空。,补充泰昌响应值、保证值或明确写入无偏差承诺后复核。,"{""项目"": ""拉伸强度/MPa"", ""要 求"": ""≥40"", ""要 求_2"": ""≥22"", ""要 求_3"": ""≥25""}"
customer_liaoning_taichang_20260606_p0,辽宁,2025-03,包4,2225AC,电缆保护管MPP,rag_seed/power_grid_resources/01_tender_documents/22_国网辽宁电力2025年第三次物资协议库存招标采购/extracted/电缆保护管MPP/包4_完整招标文件_53488486837695864/包4_技术规范书_53488484565315667/国网辽宁省电力有限公司_2025年辽宁公司配农网批次采购结构化技术规范编制（G00J-500021520-00008）/电缆保护管-MPP非开挖（φ200）.doc,1,9,performance_parameter_table,焊接强度*/MPa,≥30,,pending_response,medium,存在项目需求值或标准值，但投标人响应值/保证值为空。,补充泰昌响应值、保证值或明确写入无偏差承诺后复核。,"{""项目"": ""焊接强度*/MPa"", ""要 求"": ""≥30"", ""要 求_2"": ""≥22"", ""要 求_3"": ""≥22.5""}"
customer_liaoning_taichang_20260606_p0,辽宁,2025-03,包4,2225AC,电缆保护管MPP,rag_seed/power_grid_resources/01_tender_documents/22_国网辽宁电力2025年第三次物资协议库存招标采购/extracted/电缆保护管MPP/包4_完整招标文件_53488486837695864/包4_技术规范书_53488484565315667/国网辽宁省电力有限公司_2025年辽宁公司配农网批次采购结构化技术规范编制（G00J-500021520-00008）/电缆保护管-MPP非开挖（φ200）.doc,1,10,performance_parameter_table,断裂伸长率/%,≥80,,pending_response,medium,存在项目需求值或标准值，但投标人响应值/保证值为空。,补充泰昌响应值、保证值或明确写入无偏差承诺后复核。,"{""项目"": ""断裂伸长率/%"", ""要 求"": ""≥80"", ""要 求_2"": ""≥350"", ""要 求_3"": ""≥150""}"
customer_liaoning_taichang_20260606_p0,辽宁,2025-03,包4,2225AC,电缆保护管MPP,rag_seed/power_grid_resources/01_tender_documents/22_国网辽宁电力2025年第三次物资协议库存招标采购/extracted/电缆保护管MPP/包4_完整招标文件_53488486837695864/包4_技术规范书_53488484565315667/国网辽宁省电力有限公司_2025年辽宁公司配农网批次采购结构化技术规范编制（G00J-500021520-00008）/电缆保护管-MPP非开挖（φ200）.doc,1,11,performance_parameter_table,落锤冲击,10个试样中至少有9个不破裂,,pending_response,medium,存在项目需求值或标准值，但投标人响应值/保证值为空。,补充泰昌响应值、保证值或明确写入无偏差承诺后复核。,"{""项目"": ""落锤冲击"", ""要 求"": ""10个试样中至少有9个不破裂"", ""要 求_2"": ""10个试样中至少有9个不破裂"", ""要 求_3"": ""10个试样中至少有9个不破裂""}"
customer_liaoning_taichang_20260606_p0,辽宁,2025-03,包4,2225AC,电缆保护管MPP,rag_seed/power_grid_resources/01_tender_documents/22_国网辽宁电力2025年第三次物资协议库存招标采购/extracted/电缆保护管MPP/包4_完整招标文件_53488486837695864/包4_技术规范书_53488484565315667/国网辽宁省电力有限公司_2025年辽宁公司配农网批次采购结构化技术规范编制（G00J-500021520-00008）/电缆保护管-MPP非开挖（φ200）.doc,1,12,performance_parameter_table,静摩擦系数,≤0.35,,pending_response,medium,存在项目需求值或标准值，但投标人响应值/保证值为空。,补充泰昌响应值、保证值或明确写入无偏差承诺后复核。,"{""项目"": ""静摩擦系数"", ""要 求"": ""≤0.35"", ""要 求_2"": ""≤0.35"", ""要 求_3"": ""≤0.35""}"
customer_liaoning_taichang_20260606_p0,辽宁,2025-03,包4,2225AC,电缆保护管MPP,rag_seed/power_grid_resources/01_tender_documents/22_国网辽宁电力2025年第三次物资协议库存招标采购/extracted/电缆保护管MPP/包4_完整招标文件_53488486837695864/包4_技术规范书_53488484565315667/国网辽宁省电力有限公司_2025年辽宁公司配农网批次采购结构化技术规范编制（G00J-500021520-00008）/电缆保护管-MPP非开挖（φ200）.doc,1,13,performance_parameter_table,维卡软化温度/℃,≥83,,pending_response,medium,存在项目需求值或标准值，但投标人响应值/保证值为空。,补充泰昌响应值、保证值或明确写入无偏差承诺后复核。,"{""项目"": ""维卡软化温度/℃"", ""要 求"": ""≥83"", ""要 求_2"": ""≥110"", ""要 求_3"": ""≥150""}"
customer_liaoning_taichang_20260606_p0,辽宁,2025-03,包4,2225AC,电缆保护管MPP,rag_seed/power_grid_resources/01_tender_documents/22_国网辽宁电力2025年第三次物资协议库存招标采购/extracted/电缆保护管MPP/包4_完整招标文件_53488486837695864/包4_技术规范书_53488484565315667/国网辽宁省电力有限公司_2025年辽宁公司配农网批次采购结构化技术规范编制（G00J-500021520-00008）/电缆保护管-MPP非开挖（φ200）.doc,1,14,performance_parameter_table,纵向回缩率/%,≤5,,pending_response,medium,存在项目需求值或标准值，但投标人响应值/保证值为空。,补充泰昌响应值、保证值或明确写入无偏差承诺后复核。,"{""项目"": ""纵向回缩率/%"", ""要 求"": ""≤5"", ""要 求_2"": ""≤3"", ""要 求_3"": ""≤3""}"
customer_liaoning_taichang_20260606_p0,辽宁,2025-03,包4,2225AC,电缆保护管MPP,rag_seed/power_grid_resources/01_tender_documents/22_国网辽宁电力2025年第三次物资协议库存招标采购/extracted/电缆保护管MPP/包4_完整招标文件_53488486837695864/包4_技术规范书_53488484565315667/国网辽宁省电力有限公司_2025年辽宁公司配农网批次采购结构化技术规范编制（G00J-500021520-00008）/电缆保护管-MPP非开挖（φ200）.doc,1,15,performance_parameter_table,散热性能,常温下放置规定的时间，导管内、外壁温度均≤30℃。,,pending_response,medium,存在项目需求值或标准值，但投标人响应值/保证值为空。,补充泰昌响应值、保证值或明确写入无偏差承诺后复核。,"{""项目"": ""散热性能"", ""要 求"": ""常温下放置规定的时间，导管内、外壁温度均≤30℃。"", ""要 求_2"": ""常温下放置规定的时间，导管内、外壁温度均≤30℃。"", ""要 求_3"": ""常温下放置规定的时间，导管内、外壁温度均≤30℃。""}"
customer_liaoning_taichang_20260606_p0,辽宁,2025-03,包4,2225AC,电缆保护管MPP,rag_seed/power_grid_resources/01_tender_documents/22_国网辽宁电力2025年第三次物资协议库存招标采购/extracted/电缆保护管MPP/包4_完整招标文件_53488486837695864/包4_技术规范书_53488484565315667/国网辽宁省电力有限公司_2025年辽宁公司配农网批次采购结构化技术规范编制（G00J-500021520-00008）/电缆保护管-MPP非开挖（φ200）.doc,2,2,bid_response_parameter_table,"电缆保护管-材质:MPP,标称直径:φ175",参照通用部分5.技术要求,,pending_response,medium,存在项目需求值或标准值，但投标人响应值/保证值为空。,补充泰昌响应值、保证值或明确写入无偏差承诺后复核。,"{""序号"": ""1"", ""技术参数名称"": ""电缆保护管-材质:MPP,标称直径:φ175"", ""单位"": ""米"", ""项目需求值或表述"": ""参照通用部分5.技术要求"", ""投标人响应值"": """"}"
customer_liaoning_taichang_20260606_p0,辽宁,2025-03,包4,2225AC,电缆保护管MPP,rag_seed/power_grid_resources/01_tender_documents/22_国网辽宁电力2025年第三次物资协议库存招标采购/extracted/电缆保护管MPP/包4_完整招标文件_53488486837695864/包4_技术规范书_53488484565315667/国网辽宁省电力有限公司_2025年辽宁公司配农网批次采购结构化技术规范编制（G00J-500021520-00008）/电缆保护管-MPP非开挖（φ200）.doc,2,3,bid_response_parameter_table,"电缆保护管-材质:MPP,标称直径:φ200",参照通用部分5.技术要求,,pending_response,medium,存在项目需求值或标准值，但投标人响应值/保证值为空。,补充泰昌响应值、保证值或明确写入无偏差承诺后复核。,"{""序号"": ""2"", ""技术参数名称"": ""电缆保护管-材质:MPP,标称直径:φ200"", ""单位"": ""米"", ""项目需求值或表述"": ""参照通用部分5.技术要求"", ""投标人响应值"": """"}"
customer_liaoning_taichang_20260606_p0,辽宁,2025-03,包4,2225AC,电缆保护管MPP,rag_seed/power_grid_resources/01_tender_documents/22_国网辽宁电力2025年第三次物资协议库存招标采购/extracted/电缆保护管MPP/包4_完整招标文件_53488486837695864/包4_技术规范书_53488484565315667/国网辽宁省电力有限公司_2025年辽宁公司配农网批次采购结构化技术规范编制（G00J-500021520-00008）/电缆保护管-MPP非开挖（φ200）.doc,3,2,bid_response_parameter_table,环境温度,+45,,pending_response,medium,存在项目需求值或标准值，但投标人响应值/保证值为空。,补充泰昌响应值、保证值或明确写入无偏差承诺后复核。,"{""序号"": ""1"", ""名称"": ""环境温度"", ""名称_2"": ""最高温度"", ""单位"": ""℃"", ""项目需求值"": ""+45"", ""投标人响应值"": """"}"
customer_liaoning_taichang_20260606_p0,辽宁,2025-03,包4,2225AC,电缆保护管MPP,rag_seed/power_grid_resources/01_tender_documents/22_国网辽宁电力2025年第三次物资协议库存招标采购/extracted/电缆保护管MPP/包4_完整招标文件_53488486837695864/包4_技术规范书_53488484565315667/国网辽宁省电力有限公司_2025年辽宁公司配农网批次采购结构化技术规范编制（G00J-500021520-00008）/电缆保护管-MPP非开挖（φ200）.doc,3,3,bid_response_parameter_table,环境温度,-40,,pending_response,medium,存在项目需求值或标准值，但投标人响应值/保证值为空。,补充泰昌响应值、保证值或明确写入无偏差承诺后复核。,"{""序号"": ""1"", ""名称"": ""环境温度"", ""名称_2"": ""最低温度"", ""单位"": ""℃"", ""项目需求值"": ""-40"", ""投标人响应值"": """"}"
customer_liaoning_taichang_20260606_p0,辽宁,2025-03,包4,2225AC,电缆保护管MPP,rag_seed/power_grid_resources/01_tender_documents/22_国网辽宁电力2025年第三次物资协议库存招标采购/extracted/电缆保护管MPP/包4_完整招标文件_53488486837695864/包4_技术规范书_53488484565315667/国网辽宁省电力有限公司_2025年辽宁公司配农网批次采购结构化技术规范编制（G00J-500021520-00008）/电缆保护管-MPP非开挖（φ200）.doc,3,4,bid_response_parameter_table,环境温度,25,,pending_response,medium,存在项目需求值或标准值，但投标人响应值/保证值为空。,补充泰昌响应值、保证值或明确写入无偏差承诺后复核。,"{""序号"": ""1"", ""名称"": ""环境温度"", ""名称_2"": ""最大温差"", ""单位"": ""℃"", ""项目需求值"": ""25"", ""投标人响应值"": """"}"
customer_liaoning_taichang_20260606_p0,辽宁,2025-03,包4,2225AC,电缆保护管MPP,rag_seed/power_grid_resources/01_tender_documents/22_国网辽宁电力2025年第三次物资协议库存招标采购/extracted/电缆保护管MPP/包4_完整招标文件_53488486837695864/包4_技术规范书_53488484565315667/国网辽宁省电力有限公司_2025年辽宁公司配农网批次采购结构化技术规范编制（G00J-500021520-00008）/电缆保护管-MPP非开挖（φ200）.doc,3,5,bid_response_parameter_table,海拔,≤1000,,pending_response,medium,存在项目需求值或标准值，但投标人响应值/保证值为空。,补充泰昌响应值、保证值或明确写入无偏差承诺后复核。,"{""序号"": ""2"", ""名称"": ""海拔"", ""名称_2"": ""海拔"", ""单位"": ""m"", ""项目需求值"": ""≤1000"", ""投标人响应值"": """"}"
customer_liaoning_taichang_20260606_p0,辽宁,2025-03,包4,2225AC,电缆保护管MPP,rag_seed/power_grid_resources/01_tender_documents/22_国网辽宁电力2025年第三次物资协议库存招标采购/extracted/电缆保护管MPP/包4_完整招标文件_53488486837695864/包4_技术规范书_53488484565315667/国网辽宁省电力有限公司_2025年辽宁公司配农网批次采购结构化技术规范编制（G00J-500021520-00008）/电缆保护管-MPP非开挖（φ200）.doc,3,6,bid_response_parameter_table,日照,0.1,,pending_response,medium,存在项目需求值或标准值，但投标人响应值/保证值为空。,补充泰昌响应值、保证值或明确写入无偏差承诺后复核。,"{""序号"": ""3"", ""名称"": ""日照"", ""名称_2"": ""日照"", ""单位"": ""W/cm²"", ""项目需求值"": ""0.1"", ""投标人响应值"": """"}"
customer_liaoning_taichang_20260606_p0,辽宁,2025-03,包4,2225AC,电缆保护管MPP,rag_seed/power_grid_resources/01_tender_documents/22_国网辽宁电力2025年第三次物资协议库存招标采购/extracted/电缆保护管MPP/包4_完整招标文件_53488486837695864/包4_技术规范书_53488484565315667/国网辽宁省电力有限公司_2025年辽宁公司配农网批次采购结构化技术规范编制（G00J-500021520-00008）/电缆保护管-MPP非开挖（φ200）.doc,3,7,bid_response_parameter_table,覆冰厚度,20,,pending_response,medium,存在项目需求值或标准值，但投标人响应值/保证值为空。,补充泰昌响应值、保证值或明确写入无偏差承诺后复核。,"{""序号"": ""4"", ""名称"": ""覆冰厚度"", ""名称_2"": ""覆冰厚度"", ""单位"": ""mm"", ""项目需求值"": ""20"", ""投标人响应值"": """"}"
customer_liaoning_taichang_20260606_p0,辽宁,2025-03,包4,2225AC,电缆保护管MPP,rag_seed/power_grid_resources/01_tender_documents/22_国网辽宁电力2025年第三次物资协议库存招标采购/extracted/电缆保护管MPP/包4_完整招标文件_53488486837695864/包4_技术规范书_53488484565315667/国网辽宁省电力有限公司_2025年辽宁公司配农网批次采购结构化技术规范编制（G00J-500021520-00008）/电缆保护管-MPP非开挖（φ200）.doc,3,8,bid_response_parameter_table,最大风速,35,,pending_response,medium,存在项目需求值或标准值，但投标人响应值/保证值为空。,补充泰昌响应值、保证值或明确写入无偏差承诺后复核。,"{""序号"": ""5"", ""名称"": ""最大风速"", ""名称_2"": ""最大风速"", ""单位"": ""m/s"", ""项目需求值"": ""35"", ""投标人响应值"": """"}"
customer_liaoning_taichang_20260606_p0,辽宁,2025-03,包4,2225AC,电缆保护管MPP,rag_seed/power_grid_resources/01_tender_documents/22_国网辽宁电力2025年第三次物资协议库存招标采购/extracted/电缆保护管MPP/包4_完整招标文件_53488486837695864/包4_技术规范书_53488484565315667/国网辽宁省电力有限公司_2025年辽宁公司配农网批次采购结构化技术规范编制（G00J-500021520-00008）/电缆保护管-MPP非开挖（φ200）.doc,3,9,bid_response_parameter_table,埋深,＜8,,pending_response,medium,存在项目需求值或标准值，但投标人响应值/保证值为空。,补充泰昌响应值、保证值或明确写入无偏差承诺后复核。,"{""序号"": ""6"", ""名称"": ""埋深"", ""名称_2"": ""埋深"", ""单位"": ""m"", ""项目需求值"": ""＜8"", ""投标人响应值"": """"}"
customer_liaoning_taichang_20260606_p0,辽宁,2025-03,包4,2225AC,电缆保护管MPP,rag_seed/power_grid_resources/01_tender_documents/22_国网辽宁电力2025年第三次物资协议库存招标采购/extracted/电缆保护管MPP/包4_完整招标文件_53488486837695864/包4_技术规范书_53488484565315667/国网辽宁省电力有限公司_2025年辽宁公司配农网批次采购结构化技术规范编制（G00J-500021520-00008）/电缆保护管-MPP非开挖（φ200）.doc,5,4,performance_parameter_table,……,,,informational,low,未识别到明确项目需求值或标准值，仅作为参数信息保留。,无需生成偏差判断，可在参数查询中展示。,"{""序号 / 1"": ""……"", ""名称 / 电缆保护管(地埋用)"": """", ""单位 / 米"": """", ""招标人要求 / 型号和规格 / 电缆保护管,MPP,φ200"": """", ""招标人要求 / 数量 / 详见货物清单"": """", ""投标人响应 / 环刚度等级 / 详见货物清单"": """", ""投标人响应 / 数量"": """"}"
customer_liaoning_taichang_20260606_p0,辽宁,2025-03,包4,2225AC,电缆保护管MPP,rag_seed/power_grid_resources/01_tender_documents/22_国网辽宁电力2025年第三次物资协议库存招标采购/extracted/电缆保护管MPP/包4_完整招标文件_53488486837695864/包4_技术规范书_53488484565315667/国网辽宁省电力有限公司_辽宁公司二级采购非结构化固化ID编制（G00J-500021520-00006）/电缆保护管-MPP地埋用（φ200）.doc,0,4,dimension_parameter_table,公称内径 100,公称壁厚 / 环刚度等级b / SN 24: 6；公称壁厚 / 环刚度等级b / SN 32: 8；公称壁厚 / 环刚度等级b / SN 40: 10；不圆度: ≤2.0,,pending_response,medium,存在项目需求值或标准值，但投标人响应值/保证值为空。,补充泰昌响应值、保证值或明确写入无偏差承诺后复核。,"{""公称内径 DN/ID"": ""100"", ""公称壁厚 / 环刚度等级b / SN 24"": ""6"", ""公称壁厚 / 环刚度等级b / SN 32"": ""8"", ""公称壁厚 / 环刚度等级b / SN 40"": ""10"", ""不圆度"": ""≤2.0""}"
customer_liaoning_taichang_20260606_p0,辽宁,2025-03,包4,2225AC,电缆保护管MPP,rag_seed/power_grid_resources/01_tender_documents/22_国网辽宁电力2025年第三次物资协议库存招标采购/extracted/电缆保护管MPP/包4_完整招标文件_53488486837695864/包4_技术规范书_53488484565315667/国网辽宁省电力有限公司_辽宁公司二级采购非结构化固化ID编制（G00J-500021520-00006）/电缆保护管-MPP地埋用（φ200）.doc,0,5,dimension_parameter_table,公称内径 125,公称壁厚 / 环刚度等级b / SN 24: 8；公称壁厚 / 环刚度等级b / SN 32: 10；公称壁厚 / 环刚度等级b / SN 40: 12；不圆度: ≤2.3,,pending_response,medium,存在项目需求值或标准值，但投标人响应值/保证值为空。,补充泰昌响应值、保证值或明确写入无偏差承诺后复核。,"{""公称内径 DN/ID"": ""125"", ""公称壁厚 / 环刚度等级b / SN 24"": ""8"", ""公称壁厚 / 环刚度等级b / SN 32"": ""10"", ""公称壁厚 / 环刚度等级b / SN 40"": ""12"", ""不圆度"": ""≤2.3""}"
customer_liaoning_taichang_20260606_p0,辽宁,2025-03,包4,2225AC,电缆保护管MPP,rag_seed/power_grid_resources/01_tender_documents/22_国网辽宁电力2025年第三次物资协议库存招标采购/extracted/电缆保护管MPP/包4_完整招标文件_53488486837695864/包4_技术规范书_53488484565315667/国网辽宁省电力有限公司_辽宁公司二级采购非结构化固化ID编制（G00J-500021520-00006）/电缆保护管-MPP地埋用（φ200）.doc,0,6,dimension_parameter_table,公称内径 150,公称壁厚 / 环刚度等级b / SN 24: 10；公称壁厚 / 环刚度等级b / SN 32: 12；公称壁厚 / 环刚度等级b / SN 40: 14；不圆度: ≤2.5,,pending_response,medium,存在项目需求值或标准值，但投标人响应值/保证值为空。,补充泰昌响应值、保证值或明确写入无偏差承诺后复核。,"{""公称内径 DN/ID"": ""150"", ""公称壁厚 / 环刚度等级b / SN 24"": ""10"", ""公称壁厚 / 环刚度等级b / SN 32"": ""12"", ""公称壁厚 / 环刚度等级b / SN 40"": ""14"", ""不圆度"": ""≤2.5""}"
customer_liaoning_taichang_20260606_p0,辽宁,2025-03,包4,2225AC,电缆保护管MPP,rag_seed/power_grid_resources/01_tender_documents/22_国网辽宁电力2025年第三次物资协议库存招标采购/extracted/电缆保护管MPP/包4_完整招标文件_53488486837695864/包4_技术规范书_53488484565315667/国网辽宁省电力有限公司_辽宁公司二级采购非结构化固化ID编制（G00J-500021520-00006）/电缆保护管-MPP地埋用（φ200）.doc,0,7,dimension_parameter_table,公称内径 175,公称壁厚 / 环刚度等级b / SN 24: 12；公称壁厚 / 环刚度等级b / SN 32: 14；公称壁厚 / 环刚度等级b / SN 40: 16；不圆度: ≤2.8,,pending_response,medium,存在项目需求值或标准值，但投标人响应值/保证值为空。,补充泰昌响应值、保证值或明确写入无偏差承诺后复核。,"{""公称内径 DN/ID"": ""175"", ""公称壁厚 / 环刚度等级b / SN 24"": ""12"", ""公称壁厚 / 环刚度等级b / SN 32"": ""14"", ""公称壁厚 / 环刚度等级b / SN 40"": ""16"", ""不圆度"": ""≤2.8""}"
customer_liaoning_taichang_20260606_p0,辽宁,2025-03,包4,2225AC,电缆保护管MPP,rag_seed/power_grid_resources/01_tender_documents/22_国网辽宁电力2025年第三次物资协议库存招标采购/extracted/电缆保护管MPP/包4_完整招标文件_53488486837695864/包4_技术规范书_53488484565315667/国网辽宁省电力有限公司_辽宁公司二级采购非结构化固化ID编制（G00J-500021520-00006）/电缆保护管-MPP地埋用（φ200）.doc,0,8,dimension_parameter_table,公称内径 200,公称壁厚 / 环刚度等级b / SN 24: 14；公称壁厚 / 环刚度等级b / SN 32: 16；公称壁厚 / 环刚度等级b / SN 40: 18；不圆度: ≤3.2,,pending_response,medium,存在项目需求值或标准值，但投标人响应值/保证值为空。,补充泰昌响应值、保证值或明确写入无偏差承诺后复核。,"{""公称内径 DN/ID"": ""200"", ""公称壁厚 / 环刚度等级b / SN 24"": ""14"", ""公称壁厚 / 环刚度等级b / SN 32"": ""16"", ""公称壁厚 / 环刚度等级b / SN 40"": ""18"", ""不圆度"": ""≤3.2""}"
customer_liaoning_taichang_20260606_p0,辽宁,2025-03,包4,2225AC,电缆保护管MPP,rag_seed/power_grid_resources/01_tender_documents/22_国网辽宁电力2025年第三次物资协议库存招标采购/extracted/电缆保护管MPP/包4_完整招标文件_53488486837695864/包4_技术规范书_53488484565315667/国网辽宁省电力有限公司_辽宁公司二级采购非结构化固化ID编制（G00J-500021520-00006）/电缆保护管-MPP地埋用（φ200）.doc,0,9,dimension_parameter_table,公称内径 225,公称壁厚 / 环刚度等级b / SN 24: 16；公称壁厚 / 环刚度等级b / SN 32: 18；公称壁厚 / 环刚度等级b / SN 40: 20；不圆度: ≤3.8,,pending_response,medium,存在项目需求值或标准值，但投标人响应值/保证值为空。,补充泰昌响应值、保证值或明确写入无偏差承诺后复核。,"{""公称内径 DN/ID"": ""225"", ""公称壁厚 / 环刚度等级b / SN 24"": ""16"", ""公称壁厚 / 环刚度等级b / SN 32"": ""18"", ""公称壁厚 / 环刚度等级b / SN 40"": ""20"", ""不圆度"": ""≤3.8""}"
customer_liaoning_taichang_20260606_p0,辽宁,2025-03,包4,2225AC,电缆保护管MPP,rag_seed/power_grid_resources/01_tender_documents/22_国网辽宁电力2025年第三次物资协议库存招标采购/extracted/电缆保护管MPP/包4_完整招标文件_53488486837695864/包4_技术规范书_53488484565315667/国网辽宁省电力有限公司_辽宁公司二级采购非结构化固化ID编制（G00J-500021520-00006）/电缆保护管-MPP地埋用（φ200）.doc,0,10,dimension_parameter_table,公称内径 250,公称壁厚 / 环刚度等级b / SN 24: 18；公称壁厚 / 环刚度等级b / SN 32: 20；公称壁厚 / 环刚度等级b / SN 40: 22；不圆度: ≤4.2,,pending_response,medium,存在项目需求值或标准值，但投标人响应值/保证值为空。,补充泰昌响应值、保证值或明确写入无偏差承诺后复核。,"{""公称内径 DN/ID"": ""250"", ""公称壁厚 / 环刚度等级b / SN 24"": ""18"", ""公称壁厚 / 环刚度等级b / SN 32"": ""20"", ""公称壁厚 / 环刚度等级b / SN 40"": ""22"", ""不圆度"": ""≤4.2""}"
customer_liaoning_taichang_20260606_p0,辽宁,2025-03,包4,2225AC,电缆保护管MPP,rag_seed/power_grid_resources/01_tender_documents/22_国网辽宁电力2025年第三次物资协议库存招标采购/extracted/电缆保护管MPP/包4_完整招标文件_53488486837695864/包4_技术规范书_53488484565315667/国网辽宁省电力有限公司_辽宁公司二级采购非结构化固化ID编制（G00J-500021520-00006）/电缆保护管-MPP地埋用（φ200）.doc,0,11,dimension_parameter_table,公称内径 280,公称壁厚 / 环刚度等级b / SN 24: 20；公称壁厚 / 环刚度等级b / SN 32: 22；公称壁厚 / 环刚度等级b / SN 40: 24；不圆度: ≤4.5,,pending_response,medium,存在项目需求值或标准值，但投标人响应值/保证值为空。,补充泰昌响应值、保证值或明确写入无偏差承诺后复核。,"{""公称内径 DN/ID"": ""280"", ""公称壁厚 / 环刚度等级b / SN 24"": ""20"", ""公称壁厚 / 环刚度等级b / SN 32"": ""22"", ""公称壁厚 / 环刚度等级b / SN 40"": ""24"", ""不圆度"": ""≤4.5""}"
customer_liaoning_taichang_20260606_p0,辽宁,2025-03,包4,2225AC,电缆保护管MPP,rag_seed/power_grid_resources/01_tender_documents/22_国网辽宁电力2025年第三次物资协议库存招标采购/extracted/电缆保护管MPP/包4_完整招标文件_53488486837695864/包4_技术规范书_53488484565315667/国网辽宁省电力有限公司_辽宁公司二级采购非结构化固化ID编制（G00J-500021520-00006）/电缆保护管-MPP地埋用（φ200）.doc,0,12,dimension_parameter_table,公称内径 315,公称壁厚 / 环刚度等级b / SN 24: 22；公称壁厚 / 环刚度等级b / SN 32: 24；公称壁厚 / 环刚度等级b / SN 40: 26；不圆度: ≤4.8,,pending_response,medium,存在项目需求值或标准值，但投标人响应值/保证值为空。,补充泰昌响应值、保证值或明确写入无偏差承诺后复核。,"{""公称内径 DN/ID"": ""315"", ""公称壁厚 / 环刚度等级b / SN 24"": ""22"", ""公称壁厚 / 环刚度等级b / SN 32"": ""24"", ""公称壁厚 / 环刚度等级b / SN 40"": ""26"", ""不圆度"": ""≤4.8""}"
customer_liaoning_taichang_20260606_p0,辽宁,2025-03,包4,2225AC,电缆保护管MPP,rag_seed/power_grid_resources/01_tender_documents/22_国网辽宁电力2025年第三次物资协议库存招标采购/extracted/电缆保护管MPP/包4_完整招标文件_53488486837695864/包4_技术规范书_53488484565315667/国网辽宁省电力有限公司_辽宁公司二级采购非结构化固化ID编制（G00J-500021520-00006）/电缆保护管-MPP地埋用（φ200）.doc,0,13,dimension_parameter_table,公称内径 355,公称壁厚 / 环刚度等级b / SN 24: 24；公称壁厚 / 环刚度等级b / SN 32: 26；公称壁厚 / 环刚度等级b / SN 40: 28；不圆度: ≤5.2,,pending_response,medium,存在项目需求值或标准值，但投标人响应值/保证值为空。,补充泰昌响应值、保证值或明确写入无偏差承诺后复核。,"{""公称内径 DN/ID"": ""355"", ""公称壁厚 / 环刚度等级b / SN 24"": ""24"", ""公称壁厚 / 环刚度等级b / SN 32"": ""26"", ""公称壁厚 / 环刚度等级b / SN 40"": ""28"", ""不圆度"": ""≤5.2""}"
customer_liaoning_taichang_20260606_p0,辽宁,2025-03,包4,2225AC,电缆保护管MPP,rag_seed/power_grid_resources/01_tender_documents/22_国网辽宁电力2025年第三次物资协议库存招标采购/extracted/电缆保护管MPP/包4_完整招标文件_53488486837695864/包4_技术规范书_53488484565315667/国网辽宁省电力有限公司_辽宁公司二级采购非结构化固化ID编制（G00J-500021520-00006）/电缆保护管-MPP地埋用（φ200）.doc,1,2,performance_parameter_table,项目,PVC电缆导管,,pending_response,medium,存在项目需求值或标准值，但投标人响应值/保证值为空。,补充泰昌响应值、保证值或明确写入无偏差承诺后复核。,"{""项目"": ""项目"", ""要 求"": ""PVC电缆导管"", ""要 求_2"": ""HDPE电缆导管"", ""要 求_3"": ""MPP电缆导管""}"
customer_liaoning_taichang_20260606_p0,辽宁,2025-03,包4,2225AC,电缆保护管MPP,rag_seed/power_grid_resources/01_tender_documents/22_国网辽宁电力2025年第三次物资协议库存招标采购/extracted/电缆保护管MPP/包4_完整招标文件_53488486837695864/包4_技术规范书_53488484565315667/国网辽宁省电力有限公司_辽宁公司二级采购非结构化固化ID编制（G00J-500021520-00006）/电缆保护管-MPP地埋用（φ200）.doc,1,3,performance_parameter_table,密度/(g/cm),1.35~1.46,,pending_response,medium,存在项目需求值或标准值，但投标人响应值/保证值为空。,补充泰昌响应值、保证值或明确写入无偏差承诺后复核。,"{""项目"": ""密度/(g/cm)"", ""要 求"": ""1.35~1.46"", ""要 求_2"": ""0.94~0.98"", ""要 求_3"": ""0.89~0.93""}"
customer_liaoning_taichang_20260606_p0,辽宁,2025-03,包4,2225AC,电缆保护管MPP,rag_seed/power_grid_resources/01_tender_documents/22_国网辽宁电力2025年第三次物资协议库存招标采购/extracted/电缆保护管MPP/包4_完整招标文件_53488486837695864/包4_技术规范书_53488484565315667/国网辽宁省电力有限公司_辽宁公司二级采购非结构化固化ID编制（G00J-500021520-00006）/电缆保护管-MPP地埋用（φ200）.doc,1,4,performance_parameter_table,环刚度/(kN/m²),SN 20:≥20,,pending_response,medium,存在项目需求值或标准值，但投标人响应值/保证值为空。,补充泰昌响应值、保证值或明确写入无偏差承诺后复核。,"{""项目"": ""环刚度/(kN/m²)"", ""要 求"": ""SN 20:≥20"", ""要 求_2"": ""SN 12:≥12"", ""要 求_3"": ""SN 24:≥24""}"
customer_liaoning_taichang_20260606_p0,辽宁,2025-03,包4,2225AC,电缆保护管MPP,rag_seed/power_grid_resources/01_tender_documents/22_国网辽宁电力2025年第三次物资协议库存招标采购/extracted/电缆保护管MPP/包4_完整招标文件_53488486837695864/包4_技术规范书_53488484565315667/国网辽宁省电力有限公司_辽宁公司二级采购非结构化固化ID编制（G00J-500021520-00006）/电缆保护管-MPP地埋用（φ200）.doc,1,5,performance_parameter_table,环刚度/(kN/m²),SN 30:≥30,,pending_response,medium,存在项目需求值或标准值，但投标人响应值/保证值为空。,补充泰昌响应值、保证值或明确写入无偏差承诺后复核。,"{""项目"": ""环刚度/(kN/m²)"", ""要 求"": ""SN 30:≥30"", ""要 求_2"": ""SN 18:≥18"", ""要 求_3"": ""SN 32:≥32""}"
customer_liaoning_taichang_20260606_p0,辽宁,2025-03,包4,2225AC,电缆保护管MPP,rag_seed/power_grid_resources/01_tender_documents/22_国网辽宁电力2025年第三次物资协议库存招标采购/extracted/电缆保护管MPP/包4_完整招标文件_53488486837695864/包4_技术规范书_53488484565315667/国网辽宁省电力有限公司_辽宁公司二级采购非结构化固化ID编制（G00J-500021520-00006）/电缆保护管-MPP地埋用（φ200）.doc,1,6,performance_parameter_table,环刚度/(kN/m²),SN40:≥40,,pending_response,medium,存在项目需求值或标准值，但投标人响应值/保证值为空。,补充泰昌响应值、保证值或明确写入无偏差承诺后复核。,"{""项目"": ""环刚度/(kN/m²)"", ""要 求"": ""SN40:≥40"", ""要 求_2"": ""SN24:≥24"", ""要 求_3"": ""SN40:≥40""}"
customer_liaoning_taichang_20260606_p0,辽宁,2025-03,包4,2225AC,电缆保护管MPP,rag_seed/power_grid_resources/01_tender_documents/22_国网辽宁电力2025年第三次物资协议库存招标采购/extracted/电缆保护管MPP/包4_完整招标文件_53488486837695864/包4_技术规范书_53488484565315667/国网辽宁省电力有限公司_辽宁公司二级采购非结构化固化ID编制（G00J-500021520-00006）/电缆保护管-MPP地埋用（φ200）.doc,1,7,performance_parameter_table,压扁试验,试样不应出现破裂,,pending_response,medium,存在项目需求值或标准值，但投标人响应值/保证值为空。,补充泰昌响应值、保证值或明确写入无偏差承诺后复核。,"{""项目"": ""压扁试验"", ""要 求"": ""试样不应出现破裂"", ""要 求_2"": ""试样不应出现破裂"", ""要 求_3"": ""试样不应出现破裂""}"
customer_liaoning_taichang_20260606_p0,辽宁,2025-03,包4,2225AC,电缆保护管MPP,rag_seed/power_grid_resources/01_tender_documents/22_国网辽宁电力2025年第三次物资协议库存招标采购/extracted/电缆保护管MPP/包4_完整招标文件_53488486837695864/包4_技术规范书_53488484565315667/国网辽宁省电力有限公司_辽宁公司二级采购非结构化固化ID编制（G00J-500021520-00006）/电缆保护管-MPP地埋用（φ200）.doc,1,8,performance_parameter_table,拉伸强度/MPa,≥40,,pending_response,medium,存在项目需求值或标准值，但投标人响应值/保证值为空。,补充泰昌响应值、保证值或明确写入无偏差承诺后复核。,"{""项目"": ""拉伸强度/MPa"", ""要 求"": ""≥40"", ""要 求_2"": ""≥22"", ""要 求_3"": ""≥25""}"
customer_liaoning_taichang_20260606_p0,辽宁,2025-03,包4,2225AC,电缆保护管MPP,rag_seed/power_grid_resources/01_tender_documents/22_国网辽宁电力2025年第三次物资协议库存招标采购/extracted/电缆保护管MPP/包4_完整招标文件_53488486837695864/包4_技术规范书_53488484565315667/国网辽宁省电力有限公司_辽宁公司二级采购非结构化固化ID编制（G00J-500021520-00006）/电缆保护管-MPP地埋用（φ200）.doc,1,9,performance_parameter_table,焊接强度*/MPa,≥30,,pending_response,medium,存在项目需求值或标准值，但投标人响应值/保证值为空。,补充泰昌响应值、保证值或明确写入无偏差承诺后复核。,"{""项目"": ""焊接强度*/MPa"", ""要 求"": ""≥30"", ""要 求_2"": ""≥22"", ""要 求_3"": ""≥22.5""}"
customer_liaoning_taichang_20260606_p0,辽宁,2025-03,包4,2225AC,电缆保护管MPP,rag_seed/power_grid_resources/01_tender_documents/22_国网辽宁电力2025年第三次物资协议库存招标采购/extracted/电缆保护管MPP/包4_完整招标文件_53488486837695864/包4_技术规范书_53488484565315667/国网辽宁省电力有限公司_辽宁公司二级采购非结构化固化ID编制（G00J-500021520-00006）/电缆保护管-MPP地埋用（φ200）.doc,1,10,performance_parameter_table,断裂伸长率/%,≥80,,pending_response,medium,存在项目需求值或标准值，但投标人响应值/保证值为空。,补充泰昌响应值、保证值或明确写入无偏差承诺后复核。,"{""项目"": ""断裂伸长率/%"", ""要 求"": ""≥80"", ""要 求_2"": ""≥350"", ""要 求_3"": ""≥150""}"
customer_liaoning_taichang_20260606_p0,辽宁,2025-03,包4,2225AC,电缆保护管MPP,rag_seed/power_grid_resources/01_tender_documents/22_国网辽宁电力2025年第三次物资协议库存招标采购/extracted/电缆保护管MPP/包4_完整招标文件_53488486837695864/包4_技术规范书_53488484565315667/国网辽宁省电力有限公司_辽宁公司二级采购非结构化固化ID编制（G00J-500021520-00006）/电缆保护管-MPP地埋用（φ200）.doc,1,11,performance_parameter_table,落锤冲击,10个试样中至少有9个不破裂,,pending_response,medium,存在项目需求值或标准值，但投标人响应值/保证值为空。,补充泰昌响应值、保证值或明确写入无偏差承诺后复核。,"{""项目"": ""落锤冲击"", ""要 求"": ""10个试样中至少有9个不破裂"", ""要 求_2"": ""10个试样中至少有9个不破裂"", ""要 求_3"": ""10个试样中至少有9个不破裂""}"
customer_liaoning_taichang_20260606_p0,辽宁,2025-03,包4,2225AC,电缆保护管MPP,rag_seed/power_grid_resources/01_tender_documents/22_国网辽宁电力2025年第三次物资协议库存招标采购/extracted/电缆保护管MPP/包4_完整招标文件_53488486837695864/包4_技术规范书_53488484565315667/国网辽宁省电力有限公司_辽宁公司二级采购非结构化固化ID编制（G00J-500021520-00006）/电缆保护管-MPP地埋用（φ200）.doc,1,12,performance_parameter_table,静摩擦系数,≤0.35,,pending_response,medium,存在项目需求值或标准值，但投标人响应值/保证值为空。,补充泰昌响应值、保证值或明确写入无偏差承诺后复核。,"{""项目"": ""静摩擦系数"", ""要 求"": ""≤0.35"", ""要 求_2"": ""≤0.35"", ""要 求_3"": ""≤0.35""}"
customer_liaoning_taichang_20260606_p0,辽宁,2025-03,包4,2225AC,电缆保护管MPP,rag_seed/power_grid_resources/01_tender_documents/22_国网辽宁电力2025年第三次物资协议库存招标采购/extracted/电缆保护管MPP/包4_完整招标文件_53488486837695864/包4_技术规范书_53488484565315667/国网辽宁省电力有限公司_辽宁公司二级采购非结构化固化ID编制（G00J-500021520-00006）/电缆保护管-MPP地埋用（φ200）.doc,1,13,performance_parameter_table,维卡软化温度/℃,≥83,,pending_response,medium,存在项目需求值或标准值，但投标人响应值/保证值为空。,补充泰昌响应值、保证值或明确写入无偏差承诺后复核。,"{""项目"": ""维卡软化温度/℃"", ""要 求"": ""≥83"", ""要 求_2"": ""≥110"", ""要 求_3"": ""≥150""}"
customer_liaoning_taichang_20260606_p0,辽宁,2025-03,包4,2225AC,电缆保护管MPP,rag_seed/power_grid_resources/01_tender_documents/22_国网辽宁电力2025年第三次物资协议库存招标采购/extracted/电缆保护管MPP/包4_完整招标文件_53488486837695864/包4_技术规范书_53488484565315667/国网辽宁省电力有限公司_辽宁公司二级采购非结构化固化ID编制（G00J-500021520-00006）/电缆保护管-MPP地埋用（φ200）.doc,1,14,performance_parameter_table,纵向回缩率/%,≤5,,pending_response,medium,存在项目需求值或标准值，但投标人响应值/保证值为空。,补充泰昌响应值、保证值或明确写入无偏差承诺后复核。,"{""项目"": ""纵向回缩率/%"", ""要 求"": ""≤5"", ""要 求_2"": ""≤3"", ""要 求_3"": ""≤3""}"
customer_liaoning_taichang_20260606_p0,辽宁,2025-03,包4,2225AC,电缆保护管MPP,rag_seed/power_grid_resources/01_tender_documents/22_国网辽宁电力2025年第三次物资协议库存招标采购/extracted/电缆保护管MPP/包4_完整招标文件_53488486837695864/包4_技术规范书_53488484565315667/国网辽宁省电力有限公司_辽宁公司二级采购非结构化固化ID编制（G00J-500021520-00006）/电缆保护管-MPP地埋用（φ200）.doc,1,15,performance_parameter_table,散热性能,常温下放置规定的时间，导管内、外壁温度均≤30℃。,,pending_response,medium,存在项目需求值或标准值，但投标人响应值/保证值为空。,补充泰昌响应值、保证值或明确写入无偏差承诺后复核。,"{""项目"": ""散热性能"", ""要 求"": ""常温下放置规定的时间，导管内、外壁温度均≤30℃。"", ""要 求_2"": ""常温下放置规定的时间，导管内、外壁温度均≤30℃。"", ""要 求_3"": ""常温下放置规定的时间，导管内、外壁温度均≤30℃。""}"
customer_liaoning_taichang_20260606_p0,辽宁,2025-03,包4,2225AC,电缆保护管MPP,rag_seed/power_grid_resources/01_tender_documents/22_国网辽宁电力2025年第三次物资协议库存招标采购/extracted/电缆保护管MPP/包4_完整招标文件_53488486837695864/包4_技术规范书_53488484565315667/国网辽宁省电力有限公司_辽宁公司二级采购非结构化固化ID编制（G00J-500021520-00006）/电缆保护管-MPP地埋用（φ200）.doc,2,2,bid_response_parameter_table,"电缆保护管-材质:MPP,标称直径:φ175",参照通用部分5.技术要求,,pending_response,medium,存在项目需求值或标准值，但投标人响应值/保证值为空。,补充泰昌响应值、保证值或明确写入无偏差承诺后复核。,"{""序号"": ""1"", ""技术参数名称"": ""电缆保护管-材质:MPP,标称直径:φ175"", ""单位"": ""米"", ""项目需求值或表述"": ""参照通用部分5.技术要求"", ""投标人响应值"": """"}"
customer_liaoning_taichang_20260606_p0,辽宁,2025-03,包4,2225AC,电缆保护管MPP,rag_seed/power_grid_resources/01_tender_documents/22_国网辽宁电力2025年第三次物资协议库存招标采购/extracted/电缆保护管MPP/包4_完整招标文件_53488486837695864/包4_技术规范书_53488484565315667/国网辽宁省电力有限公司_辽宁公司二级采购非结构化固化ID编制（G00J-500021520-00006）/电缆保护管-MPP地埋用（φ200）.doc,2,3,bid_response_parameter_table,"电缆保护管-材质:MPP,标称直径:φ200",参照通用部分5.技术要求,,pending_response,medium,存在项目需求值或标准值，但投标人响应值/保证值为空。,补充泰昌响应值、保证值或明确写入无偏差承诺后复核。,"{""序号"": ""2"", ""技术参数名称"": ""电缆保护管-材质:MPP,标称直径:φ200"", ""单位"": ""米"", ""项目需求值或表述"": ""参照通用部分5.技术要求"", ""投标人响应值"": """"}"
customer_liaoning_taichang_20260606_p0,辽宁,2025-03,包4,2225AC,电缆保护管MPP,rag_seed/power_grid_resources/01_tender_documents/22_国网辽宁电力2025年第三次物资协议库存招标采购/extracted/电缆保护管MPP/包4_完整招标文件_53488486837695864/包4_技术规范书_53488484565315667/国网辽宁省电力有限公司_辽宁公司二级采购非结构化固化ID编制（G00J-500021520-00006）/电缆保护管-MPP地埋用（φ200）.doc,3,2,bid_response_parameter_table,环境温度,+45,,pending_response,medium,存在项目需求值或标准值，但投标人响应值/保证值为空。,补充泰昌响应值、保证值或明确写入无偏差承诺后复核。,"{""序号"": ""1"", ""名称"": ""环境温度"", ""名称_2"": ""最高温度"", ""单位"": ""℃"", ""项目需求值"": ""+45"", ""投标人响应值"": """"}"
customer_liaoning_taichang_20260606_p0,辽宁,2025-03,包4,2225AC,电缆保护管MPP,rag_seed/power_grid_resources/01_tender_documents/22_国网辽宁电力2025年第三次物资协议库存招标采购/extracted/电缆保护管MPP/包4_完整招标文件_53488486837695864/包4_技术规范书_53488484565315667/国网辽宁省电力有限公司_辽宁公司二级采购非结构化固化ID编制（G00J-500021520-00006）/电缆保护管-MPP地埋用（φ200）.doc,3,3,bid_response_parameter_table,环境温度,-40,,pending_response,medium,存在项目需求值或标准值，但投标人响应值/保证值为空。,补充泰昌响应值、保证值或明确写入无偏差承诺后复核。,"{""序号"": ""1"", ""名称"": ""环境温度"", ""名称_2"": ""最低温度"", ""单位"": ""℃"", ""项目需求值"": ""-40"", ""投标人响应值"": """"}"
customer_liaoning_taichang_20260606_p0,辽宁,2025-03,包4,2225AC,电缆保护管MPP,rag_seed/power_grid_resources/01_tender_documents/22_国网辽宁电力2025年第三次物资协议库存招标采购/extracted/电缆保护管MPP/包4_完整招标文件_53488486837695864/包4_技术规范书_53488484565315667/国网辽宁省电力有限公司_辽宁公司二级采购非结构化固化ID编制（G00J-500021520-00006）/电缆保护管-MPP地埋用（φ200）.doc,3,4,bid_response_parameter_table,环境温度,25,,pending_response,medium,存在项目需求值或标准值，但投标人响应值/保证值为空。,补充泰昌响应值、保证值或明确写入无偏差承诺后复核。,"{""序号"": ""1"", ""名称"": ""环境温度"", ""名称_2"": ""最大温差"", ""单位"": ""℃"", ""项目需求值"": ""25"", ""投标人响应值"": """"}"
customer_liaoning_taichang_20260606_p0,辽宁,2025-03,包4,2225AC,电缆保护管MPP,rag_seed/power_grid_resources/01_tender_documents/22_国网辽宁电力2025年第三次物资协议库存招标采购/extracted/电缆保护管MPP/包4_完整招标文件_53488486837695864/包4_技术规范书_53488484565315667/国网辽宁省电力有限公司_辽宁公司二级采购非结构化固化ID编制（G00J-500021520-00006）/电缆保护管-MPP地埋用（φ200）.doc,3,5,bid_response_parameter_table,海拔,≤1000,,pending_response,medium,存在项目需求值或标准值，但投标人响应值/保证值为空。,补充泰昌响应值、保证值或明确写入无偏差承诺后复核。,"{""序号"": ""2"", ""名称"": ""海拔"", ""名称_2"": ""海拔"", ""单位"": ""m"", ""项目需求值"": ""≤1000"", ""投标人响应值"": """"}"
customer_liaoning_taichang_20260606_p0,辽宁,2025-03,包4,2225AC,电缆保护管MPP,rag_seed/power_grid_resources/01_tender_documents/22_国网辽宁电力2025年第三次物资协议库存招标采购/extracted/电缆保护管MPP/包4_完整招标文件_53488486837695864/包4_技术规范书_53488484565315667/国网辽宁省电力有限公司_辽宁公司二级采购非结构化固化ID编制（G00J-500021520-00006）/电缆保护管-MPP地埋用（φ200）.doc,3,6,bid_response_parameter_table,日照,0.1,,pending_response,medium,存在项目需求值或标准值，但投标人响应值/保证值为空。,补充泰昌响应值、保证值或明确写入无偏差承诺后复核。,"{""序号"": ""3"", ""名称"": ""日照"", ""名称_2"": ""日照"", ""单位"": ""W/cm²"", ""项目需求值"": ""0.1"", ""投标人响应值"": """"}"
customer_liaoning_taichang_20260606_p0,辽宁,2025-03,包4,2225AC,电缆保护管MPP,rag_seed/power_grid_resources/01_tender_documents/22_国网辽宁电力2025年第三次物资协议库存招标采购/extracted/电缆保护管MPP/包4_完整招标文件_53488486837695864/包4_技术规范书_53488484565315667/国网辽宁省电力有限公司_辽宁公司二级采购非结构化固化ID编制（G00J-500021520-00006）/电缆保护管-MPP地埋用（φ200）.doc,3,7,bid_response_parameter_table,覆冰厚度,20,,pending_response,medium,存在项目需求值或标准值，但投标人响应值/保证值为空。,补充泰昌响应值、保证值或明确写入无偏差承诺后复核。,"{""序号"": ""4"", ""名称"": ""覆冰厚度"", ""名称_2"": ""覆冰厚度"", ""单位"": ""mm"", ""项目需求值"": ""20"", ""投标人响应值"": """"}"
customer_liaoning_taichang_20260606_p0,辽宁,2025-03,包4,2225AC,电缆保护管MPP,rag_seed/power_grid_resources/01_tender_documents/22_国网辽宁电力2025年第三次物资协议库存招标采购/extracted/电缆保护管MPP/包4_完整招标文件_53488486837695864/包4_技术规范书_53488484565315667/国网辽宁省电力有限公司_辽宁公司二级采购非结构化固化ID编制（G00J-500021520-00006）/电缆保护管-MPP地埋用（φ200）.doc,3,8,bid_response_parameter_table,最大风速,35,,pending_response,medium,存在项目需求值或标准值，但投标人响应值/保证值为空。,补充泰昌响应值、保证值或明确写入无偏差承诺后复核。,"{""序号"": ""5"", ""名称"": ""最大风速"", ""名称_2"": ""最大风速"", ""单位"": ""m/s"", ""项目需求值"": ""35"", ""投标人响应值"": """"}"
customer_liaoning_taichang_20260606_p0,辽宁,2025-03,包4,2225AC,电缆保护管MPP,rag_seed/power_grid_resources/01_tender_documents/22_国网辽宁电力2025年第三次物资协议库存招标采购/extracted/电缆保护管MPP/包4_完整招标文件_53488486837695864/包4_技术规范书_53488484565315667/国网辽宁省电力有限公司_辽宁公司二级采购非结构化固化ID编制（G00J-500021520-00006）/电缆保护管-MPP地埋用（φ200）.doc,3,9,bid_response_parameter_table,埋深,＜8,,pending_response,medium,存在项目需求值或标准值，但投标人响应值/保证值为空。,补充泰昌响应值、保证值或明确写入无偏差承诺后复核。,"{""序号"": ""6"", ""名称"": ""埋深"", ""名称_2"": ""埋深"", ""单位"": ""m"", ""项目需求值"": ""＜8"", ""投标人响应值"": """"}"
customer_liaoning_taichang_20260606_p0,辽宁,2025-03,包4,2225AC,电缆保护管MPP,rag_seed/power_grid_resources/01_tender_documents/22_国网辽宁电力2025年第三次物资协议库存招标采购/extracted/电缆保护管MPP/包4_完整招标文件_53488486837695864/包4_技术规范书_53488484565315667/国网辽宁省电力有限公司_辽宁公司二级采购非结构化固化ID编制（G00J-500021520-00006）/电缆保护管-MPP地埋用（φ200）.doc,5,4,performance_parameter_table,……,,,informational,low,未识别到明确项目需求值或标准值，仅作为参数信息保留。,无需生成偏差判断，可在参数查询中展示。,"{""序号 / 1"": ""……"", ""名称 / 电缆保护管(地埋用)"": """", ""单位 / 米"": """", ""招标人要求 / 型号和规格 / 电缆保护管,MPP,φ200"": """", ""招标人要求 / 数量 / 详见货物清单"": """", ""投标人响应 / 环刚度等级 / 详见货物清单"": """", ""投标人响应 / 数量"": """"}"
customer_liaoning_taichang_20260606_p0,辽宁,2025-03,包4,2225AC,电缆保护管MPP,rag_seed/power_grid_resources/01_tender_documents/22_国网辽宁电力2025年第三次物资协议库存招标采购/extracted/电缆保护管MPP/包4_完整招标文件_53488486837695864/包4_技术规范书_53488484565315667/国网辽宁省电力有限公司_辽宁公司二级采购非结构化固化ID编制（G00J-500021520-00007）/电缆保护管-MPP非开挖（φ200）.doc,0,4,dimension_parameter_table,公称内径 100,公称壁厚 / 环刚度等级b / SN 24: 6；公称壁厚 / 环刚度等级b / SN 32: 8；公称壁厚 / 环刚度等级b / SN 40: 10；不圆度: ≤2.0,,pending_response,medium,存在项目需求值或标准值，但投标人响应值/保证值为空。,补充泰昌响应值、保证值或明确写入无偏差承诺后复核。,"{""公称内径 DN/ID"": ""100"", ""公称壁厚 / 环刚度等级b / SN 24"": ""6"", ""公称壁厚 / 环刚度等级b / SN 32"": ""8"", ""公称壁厚 / 环刚度等级b / SN 40"": ""10"", ""不圆度"": ""≤2.0""}"
customer_liaoning_taichang_20260606_p0,辽宁,2025-03,包4,2225AC,电缆保护管MPP,rag_seed/power_grid_resources/01_tender_documents/22_国网辽宁电力2025年第三次物资协议库存招标采购/extracted/电缆保护管MPP/包4_完整招标文件_53488486837695864/包4_技术规范书_53488484565315667/国网辽宁省电力有限公司_辽宁公司二级采购非结构化固化ID编制（G00J-500021520-00007）/电缆保护管-MPP非开挖（φ200）.doc,0,5,dimension_parameter_table,公称内径 125,公称壁厚 / 环刚度等级b / SN 24: 8；公称壁厚 / 环刚度等级b / SN 32: 10；公称壁厚 / 环刚度等级b / SN 40: 12；不圆度: ≤2.3,,pending_response,medium,存在项目需求值或标准值，但投标人响应值/保证值为空。,补充泰昌响应值、保证值或明确写入无偏差承诺后复核。,"{""公称内径 DN/ID"": ""125"", ""公称壁厚 / 环刚度等级b / SN 24"": ""8"", ""公称壁厚 / 环刚度等级b / SN 32"": ""10"", ""公称壁厚 / 环刚度等级b / SN 40"": ""12"", ""不圆度"": ""≤2.3""}"
customer_liaoning_taichang_20260606_p0,辽宁,2025-03,包4,2225AC,电缆保护管MPP,rag_seed/power_grid_resources/01_tender_documents/22_国网辽宁电力2025年第三次物资协议库存招标采购/extracted/电缆保护管MPP/包4_完整招标文件_53488486837695864/包4_技术规范书_53488484565315667/国网辽宁省电力有限公司_辽宁公司二级采购非结构化固化ID编制（G00J-500021520-00007）/电缆保护管-MPP非开挖（φ200）.doc,0,6,dimension_parameter_table,公称内径 150,公称壁厚 / 环刚度等级b / SN 24: 10；公称壁厚 / 环刚度等级b / SN 32: 12；公称壁厚 / 环刚度等级b / SN 40: 14；不圆度: ≤2.5,,pending_response,medium,存在项目需求值或标准值，但投标人响应值/保证值为空。,补充泰昌响应值、保证值或明确写入无偏差承诺后复核。,"{""公称内径 DN/ID"": ""150"", ""公称壁厚 / 环刚度等级b / SN 24"": ""10"", ""公称壁厚 / 环刚度等级b / SN 32"": ""12"", ""公称壁厚 / 环刚度等级b / SN 40"": ""14"", ""不圆度"": ""≤2.5""}"
customer_liaoning_taichang_20260606_p0,辽宁,2025-03,包4,2225AC,电缆保护管MPP,rag_seed/power_grid_resources/01_tender_documents/22_国网辽宁电力2025年第三次物资协议库存招标采购/extracted/电缆保护管MPP/包4_完整招标文件_53488486837695864/包4_技术规范书_53488484565315667/国网辽宁省电力有限公司_辽宁公司二级采购非结构化固化ID编制（G00J-500021520-00007）/电缆保护管-MPP非开挖（φ200）.doc,0,7,dimension_parameter_table,公称内径 175,公称壁厚 / 环刚度等级b / SN 24: 12；公称壁厚 / 环刚度等级b / SN 32: 14；公称壁厚 / 环刚度等级b / SN 40: 16；不圆度: ≤2.8,,pending_response,medium,存在项目需求值或标准值，但投标人响应值/保证值为空。,补充泰昌响应值、保证值或明确写入无偏差承诺后复核。,"{""公称内径 DN/ID"": ""175"", ""公称壁厚 / 环刚度等级b / SN 24"": ""12"", ""公称壁厚 / 环刚度等级b / SN 32"": ""14"", ""公称壁厚 / 环刚度等级b / SN 40"": ""16"", ""不圆度"": ""≤2.8""}"
customer_liaoning_taichang_20260606_p0,辽宁,2025-03,包4,2225AC,电缆保护管MPP,rag_seed/power_grid_resources/01_tender_documents/22_国网辽宁电力2025年第三次物资协议库存招标采购/extracted/电缆保护管MPP/包4_完整招标文件_53488486837695864/包4_技术规范书_53488484565315667/国网辽宁省电力有限公司_辽宁公司二级采购非结构化固化ID编制（G00J-500021520-00007）/电缆保护管-MPP非开挖（φ200）.doc,0,8,dimension_parameter_table,公称内径 200,公称壁厚 / 环刚度等级b / SN 24: 14；公称壁厚 / 环刚度等级b / SN 32: 16；公称壁厚 / 环刚度等级b / SN 40: 18；不圆度: ≤3.2,,pending_response,medium,存在项目需求值或标准值，但投标人响应值/保证值为空。,补充泰昌响应值、保证值或明确写入无偏差承诺后复核。,"{""公称内径 DN/ID"": ""200"", ""公称壁厚 / 环刚度等级b / SN 24"": ""14"", ""公称壁厚 / 环刚度等级b / SN 32"": ""16"", ""公称壁厚 / 环刚度等级b / SN 40"": ""18"", ""不圆度"": ""≤3.2""}"
customer_liaoning_taichang_20260606_p0,辽宁,2025-03,包4,2225AC,电缆保护管MPP,rag_seed/power_grid_resources/01_tender_documents/22_国网辽宁电力2025年第三次物资协议库存招标采购/extracted/电缆保护管MPP/包4_完整招标文件_53488486837695864/包4_技术规范书_53488484565315667/国网辽宁省电力有限公司_辽宁公司二级采购非结构化固化ID编制（G00J-500021520-00007）/电缆保护管-MPP非开挖（φ200）.doc,0,9,dimension_parameter_table,公称内径 225,公称壁厚 / 环刚度等级b / SN 24: 16；公称壁厚 / 环刚度等级b / SN 32: 18；公称壁厚 / 环刚度等级b / SN 40: 20；不圆度: ≤3.8,,pending_response,medium,存在项目需求值或标准值，但投标人响应值/保证值为空。,补充泰昌响应值、保证值或明确写入无偏差承诺后复核。,"{""公称内径 DN/ID"": ""225"", ""公称壁厚 / 环刚度等级b / SN 24"": ""16"", ""公称壁厚 / 环刚度等级b / SN 32"": ""18"", ""公称壁厚 / 环刚度等级b / SN 40"": ""20"", ""不圆度"": ""≤3.8""}"
customer_liaoning_taichang_20260606_p0,辽宁,2025-03,包4,2225AC,电缆保护管MPP,rag_seed/power_grid_resources/01_tender_documents/22_国网辽宁电力2025年第三次物资协议库存招标采购/extracted/电缆保护管MPP/包4_完整招标文件_53488486837695864/包4_技术规范书_53488484565315667/国网辽宁省电力有限公司_辽宁公司二级采购非结构化固化ID编制（G00J-500021520-00007）/电缆保护管-MPP非开挖（φ200）.doc,0,10,dimension_parameter_table,公称内径 250,公称壁厚 / 环刚度等级b / SN 24: 18；公称壁厚 / 环刚度等级b / SN 32: 20；公称壁厚 / 环刚度等级b / SN 40: 22；不圆度: ≤4.2,,pending_response,medium,存在项目需求值或标准值，但投标人响应值/保证值为空。,补充泰昌响应值、保证值或明确写入无偏差承诺后复核。,"{""公称内径 DN/ID"": ""250"", ""公称壁厚 / 环刚度等级b / SN 24"": ""18"", ""公称壁厚 / 环刚度等级b / SN 32"": ""20"", ""公称壁厚 / 环刚度等级b / SN 40"": ""22"", ""不圆度"": ""≤4.2""}"
customer_liaoning_taichang_20260606_p0,辽宁,2025-03,包4,2225AC,电缆保护管MPP,rag_seed/power_grid_resources/01_tender_documents/22_国网辽宁电力2025年第三次物资协议库存招标采购/extracted/电缆保护管MPP/包4_完整招标文件_53488486837695864/包4_技术规范书_53488484565315667/国网辽宁省电力有限公司_辽宁公司二级采购非结构化固化ID编制（G00J-500021520-00007）/电缆保护管-MPP非开挖（φ200）.doc,0,11,dimension_parameter_table,公称内径 280,公称壁厚 / 环刚度等级b / SN 24: 20；公称壁厚 / 环刚度等级b / SN 32: 22；公称壁厚 / 环刚度等级b / SN 40: 24；不圆度: ≤4.5,,pending_response,medium,存在项目需求值或标准值，但投标人响应值/保证值为空。,补充泰昌响应值、保证值或明确写入无偏差承诺后复核。,"{""公称内径 DN/ID"": ""280"", ""公称壁厚 / 环刚度等级b / SN 24"": ""20"", ""公称壁厚 / 环刚度等级b / SN 32"": ""22"", ""公称壁厚 / 环刚度等级b / SN 40"": ""24"", ""不圆度"": ""≤4.5""}"
customer_liaoning_taichang_20260606_p0,辽宁,2025-03,包4,2225AC,电缆保护管MPP,rag_seed/power_grid_resources/01_tender_documents/22_国网辽宁电力2025年第三次物资协议库存招标采购/extracted/电缆保护管MPP/包4_完整招标文件_53488486837695864/包4_技术规范书_53488484565315667/国网辽宁省电力有限公司_辽宁公司二级采购非结构化固化ID编制（G00J-500021520-00007）/电缆保护管-MPP非开挖（φ200）.doc,0,12,dimension_parameter_table,公称内径 315,公称壁厚 / 环刚度等级b / SN 24: 22；公称壁厚 / 环刚度等级b / SN 32: 24；公称壁厚 / 环刚度等级b / SN 40: 26；不圆度: ≤4.8,,pending_response,medium,存在项目需求值或标准值，但投标人响应值/保证值为空。,补充泰昌响应值、保证值或明确写入无偏差承诺后复核。,"{""公称内径 DN/ID"": ""315"", ""公称壁厚 / 环刚度等级b / SN 24"": ""22"", ""公称壁厚 / 环刚度等级b / SN 32"": ""24"", ""公称壁厚 / 环刚度等级b / SN 40"": ""26"", ""不圆度"": ""≤4.8""}"
customer_liaoning_taichang_20260606_p0,辽宁,2025-03,包4,2225AC,电缆保护管MPP,rag_seed/power_grid_resources/01_tender_documents/22_国网辽宁电力2025年第三次物资协议库存招标采购/extracted/电缆保护管MPP/包4_完整招标文件_53488486837695864/包4_技术规范书_53488484565315667/国网辽宁省电力有限公司_辽宁公司二级采购非结构化固化ID编制（G00J-500021520-00007）/电缆保护管-MPP非开挖（φ200）.doc,0,13,dimension_parameter_table,公称内径 355,公称壁厚 / 环刚度等级b / SN 24: 24；公称壁厚 / 环刚度等级b / SN 32: 26；公称壁厚 / 环刚度等级b / SN 40: 28；不圆度: ≤5.2,,pending_response,medium,存在项目需求值或标准值，但投标人响应值/保证值为空。,补充泰昌响应值、保证值或明确写入无偏差承诺后复核。,"{""公称内径 DN/ID"": ""355"", ""公称壁厚 / 环刚度等级b / SN 24"": ""24"", ""公称壁厚 / 环刚度等级b / SN 32"": ""26"", ""公称壁厚 / 环刚度等级b / SN 40"": ""28"", ""不圆度"": ""≤5.2""}"
customer_liaoning_taichang_20260606_p0,辽宁,2025-03,包4,2225AC,电缆保护管MPP,rag_seed/power_grid_resources/01_tender_documents/22_国网辽宁电力2025年第三次物资协议库存招标采购/extracted/电缆保护管MPP/包4_完整招标文件_53488486837695864/包4_技术规范书_53488484565315667/国网辽宁省电力有限公司_辽宁公司二级采购非结构化固化ID编制（G00J-500021520-00007）/电缆保护管-MPP非开挖（φ200）.doc,1,2,performance_parameter_table,项目,PVC电缆导管,,pending_response,medium,存在项目需求值或标准值，但投标人响应值/保证值为空。,补充泰昌响应值、保证值或明确写入无偏差承诺后复核。,"{""项目"": ""项目"", ""要 求"": ""PVC电缆导管"", ""要 求_2"": ""HDPE电缆导管"", ""要 求_3"": ""MPP电缆导管""}"
customer_liaoning_taichang_20260606_p0,辽宁,2025-03,包4,2225AC,电缆保护管MPP,rag_seed/power_grid_resources/01_tender_documents/22_国网辽宁电力2025年第三次物资协议库存招标采购/extracted/电缆保护管MPP/包4_完整招标文件_53488486837695864/包4_技术规范书_53488484565315667/国网辽宁省电力有限公司_辽宁公司二级采购非结构化固化ID编制（G00J-500021520-00007）/电缆保护管-MPP非开挖（φ200）.doc,1,3,performance_parameter_table,密度/(g/cm),1.35~1.46,,pending_response,medium,存在项目需求值或标准值，但投标人响应值/保证值为空。,补充泰昌响应值、保证值或明确写入无偏差承诺后复核。,"{""项目"": ""密度/(g/cm)"", ""要 求"": ""1.35~1.46"", ""要 求_2"": ""0.94~0.98"", ""要 求_3"": ""0.89~0.93""}"
customer_liaoning_taichang_20260606_p0,辽宁,2025-03,包4,2225AC,电缆保护管MPP,rag_seed/power_grid_resources/01_tender_documents/22_国网辽宁电力2025年第三次物资协议库存招标采购/extracted/电缆保护管MPP/包4_完整招标文件_53488486837695864/包4_技术规范书_53488484565315667/国网辽宁省电力有限公司_辽宁公司二级采购非结构化固化ID编制（G00J-500021520-00007）/电缆保护管-MPP非开挖（φ200）.doc,1,4,performance_parameter_table,环刚度/(kN/m²),SN 20:≥20,,pending_response,medium,存在项目需求值或标准值，但投标人响应值/保证值为空。,补充泰昌响应值、保证值或明确写入无偏差承诺后复核。,"{""项目"": ""环刚度/(kN/m²)"", ""要 求"": ""SN 20:≥20"", ""要 求_2"": ""SN 12:≥12"", ""要 求_3"": ""SN 24:≥24""}"
customer_liaoning_taichang_20260606_p0,辽宁,2025-03,包4,2225AC,电缆保护管MPP,rag_seed/power_grid_resources/01_tender_documents/22_国网辽宁电力2025年第三次物资协议库存招标采购/extracted/电缆保护管MPP/包4_完整招标文件_53488486837695864/包4_技术规范书_53488484565315667/国网辽宁省电力有限公司_辽宁公司二级采购非结构化固化ID编制（G00J-500021520-00007）/电缆保护管-MPP非开挖（φ200）.doc,1,5,performance_parameter_table,环刚度/(kN/m²),SN 30:≥30,,pending_response,medium,存在项目需求值或标准值，但投标人响应值/保证值为空。,补充泰昌响应值、保证值或明确写入无偏差承诺后复核。,"{""项目"": ""环刚度/(kN/m²)"", ""要 求"": ""SN 30:≥30"", ""要 求_2"": ""SN 18:≥18"", ""要 求_3"": ""SN 32:≥32""}"
customer_liaoning_taichang_20260606_p0,辽宁,2025-03,包4,2225AC,电缆保护管MPP,rag_seed/power_grid_resources/01_tender_documents/22_国网辽宁电力2025年第三次物资协议库存招标采购/extracted/电缆保护管MPP/包4_完整招标文件_53488486837695864/包4_技术规范书_53488484565315667/国网辽宁省电力有限公司_辽宁公司二级采购非结构化固化ID编制（G00J-500021520-00007）/电缆保护管-MPP非开挖（φ200）.doc,1,6,performance_parameter_table,环刚度/(kN/m²),SN40:≥40,,pending_response,medium,存在项目需求值或标准值，但投标人响应值/保证值为空。,补充泰昌响应值、保证值或明确写入无偏差承诺后复核。,"{""项目"": ""环刚度/(kN/m²)"", ""要 求"": ""SN40:≥40"", ""要 求_2"": ""SN24:≥24"", ""要 求_3"": ""SN40:≥40""}"
customer_liaoning_taichang_20260606_p0,辽宁,2025-03,包4,2225AC,电缆保护管MPP,rag_seed/power_grid_resources/01_tender_documents/22_国网辽宁电力2025年第三次物资协议库存招标采购/extracted/电缆保护管MPP/包4_完整招标文件_53488486837695864/包4_技术规范书_53488484565315667/国网辽宁省电力有限公司_辽宁公司二级采购非结构化固化ID编制（G00J-500021520-00007）/电缆保护管-MPP非开挖（φ200）.doc,1,7,performance_parameter_table,压扁试验,试样不应出现破裂,,pending_response,medium,存在项目需求值或标准值，但投标人响应值/保证值为空。,补充泰昌响应值、保证值或明确写入无偏差承诺后复核。,"{""项目"": ""压扁试验"", ""要 求"": ""试样不应出现破裂"", ""要 求_2"": ""试样不应出现破裂"", ""要 求_3"": ""试样不应出现破裂""}"
customer_liaoning_taichang_20260606_p0,辽宁,2025-03,包4,2225AC,电缆保护管MPP,rag_seed/power_grid_resources/01_tender_documents/22_国网辽宁电力2025年第三次物资协议库存招标采购/extracted/电缆保护管MPP/包4_完整招标文件_53488486837695864/包4_技术规范书_53488484565315667/国网辽宁省电力有限公司_辽宁公司二级采购非结构化固化ID编制（G00J-500021520-00007）/电缆保护管-MPP非开挖（φ200）.doc,1,8,performance_parameter_table,拉伸强度/MPa,≥40,,pending_response,medium,存在项目需求值或标准值，但投标人响应值/保证值为空。,补充泰昌响应值、保证值或明确写入无偏差承诺后复核。,"{""项目"": ""拉伸强度/MPa"", ""要 求"": ""≥40"", ""要 求_2"": ""≥22"", ""要 求_3"": ""≥25""}"
customer_liaoning_taichang_20260606_p0,辽宁,2025-03,包4,2225AC,电缆保护管MPP,rag_seed/power_grid_resources/01_tender_documents/22_国网辽宁电力2025年第三次物资协议库存招标采购/extracted/电缆保护管MPP/包4_完整招标文件_53488486837695864/包4_技术规范书_53488484565315667/国网辽宁省电力有限公司_辽宁公司二级采购非结构化固化ID编制（G00J-500021520-00007）/电缆保护管-MPP非开挖（φ200）.doc,1,9,performance_parameter_table,焊接强度*/MPa,≥30,,pending_response,medium,存在项目需求值或标准值，但投标人响应值/保证值为空。,补充泰昌响应值、保证值或明确写入无偏差承诺后复核。,"{""项目"": ""焊接强度*/MPa"", ""要 求"": ""≥30"", ""要 求_2"": ""≥22"", ""要 求_3"": ""≥22.5""}"
customer_liaoning_taichang_20260606_p0,辽宁,2025-03,包4,2225AC,电缆保护管MPP,rag_seed/power_grid_resources/01_tender_documents/22_国网辽宁电力2025年第三次物资协议库存招标采购/extracted/电缆保护管MPP/包4_完整招标文件_53488486837695864/包4_技术规范书_53488484565315667/国网辽宁省电力有限公司_辽宁公司二级采购非结构化固化ID编制（G00J-500021520-00007）/电缆保护管-MPP非开挖（φ200）.doc,1,10,performance_parameter_table,断裂伸长率/%,≥80,,pending_response,medium,存在项目需求值或标准值，但投标人响应值/保证值为空。,补充泰昌响应值、保证值或明确写入无偏差承诺后复核。,"{""项目"": ""断裂伸长率/%"", ""要 求"": ""≥80"", ""要 求_2"": ""≥350"", ""要 求_3"": ""≥150""}"
customer_liaoning_taichang_20260606_p0,辽宁,2025-03,包4,2225AC,电缆保护管MPP,rag_seed/power_grid_resources/01_tender_documents/22_国网辽宁电力2025年第三次物资协议库存招标采购/extracted/电缆保护管MPP/包4_完整招标文件_53488486837695864/包4_技术规范书_53488484565315667/国网辽宁省电力有限公司_辽宁公司二级采购非结构化固化ID编制（G00J-500021520-00007）/电缆保护管-MPP非开挖（φ200）.doc,1,11,performance_parameter_table,落锤冲击,10个试样中至少有9个不破裂,,pending_response,medium,存在项目需求值或标准值，但投标人响应值/保证值为空。,补充泰昌响应值、保证值或明确写入无偏差承诺后复核。,"{""项目"": ""落锤冲击"", ""要 求"": ""10个试样中至少有9个不破裂"", ""要 求_2"": ""10个试样中至少有9个不破裂"", ""要 求_3"": ""10个试样中至少有9个不破裂""}"
customer_liaoning_taichang_20260606_p0,辽宁,2025-03,包4,2225AC,电缆保护管MPP,rag_seed/power_grid_resources/01_tender_documents/22_国网辽宁电力2025年第三次物资协议库存招标采购/extracted/电缆保护管MPP/包4_完整招标文件_53488486837695864/包4_技术规范书_53488484565315667/国网辽宁省电力有限公司_辽宁公司二级采购非结构化固化ID编制（G00J-500021520-00007）/电缆保护管-MPP非开挖（φ200）.doc,1,12,performance_parameter_table,静摩擦系数,≤0.35,,pending_response,medium,存在项目需求值或标准值，但投标人响应值/保证值为空。,补充泰昌响应值、保证值或明确写入无偏差承诺后复核。,"{""项目"": ""静摩擦系数"", ""要 求"": ""≤0.35"", ""要 求_2"": ""≤0.35"", ""要 求_3"": ""≤0.35""}"
customer_liaoning_taichang_20260606_p0,辽宁,2025-03,包4,2225AC,电缆保护管MPP,rag_seed/power_grid_resources/01_tender_documents/22_国网辽宁电力2025年第三次物资协议库存招标采购/extracted/电缆保护管MPP/包4_完整招标文件_53488486837695864/包4_技术规范书_53488484565315667/国网辽宁省电力有限公司_辽宁公司二级采购非结构化固化ID编制（G00J-500021520-00007）/电缆保护管-MPP非开挖（φ200）.doc,1,13,performance_parameter_table,维卡软化温度/℃,≥83,,pending_response,medium,存在项目需求值或标准值，但投标人响应值/保证值为空。,补充泰昌响应值、保证值或明确写入无偏差承诺后复核。,"{""项目"": ""维卡软化温度/℃"", ""要 求"": ""≥83"", ""要 求_2"": ""≥110"", ""要 求_3"": ""≥150""}"
customer_liaoning_taichang_20260606_p0,辽宁,2025-03,包4,2225AC,电缆保护管MPP,rag_seed/power_grid_resources/01_tender_documents/22_国网辽宁电力2025年第三次物资协议库存招标采购/extracted/电缆保护管MPP/包4_完整招标文件_53488486837695864/包4_技术规范书_53488484565315667/国网辽宁省电力有限公司_辽宁公司二级采购非结构化固化ID编制（G00J-500021520-00007）/电缆保护管-MPP非开挖（φ200）.doc,1,14,performance_parameter_table,纵向回缩率/%,≤5,,pending_response,medium,存在项目需求值或标准值，但投标人响应值/保证值为空。,补充泰昌响应值、保证值或明确写入无偏差承诺后复核。,"{""项目"": ""纵向回缩率/%"", ""要 求"": ""≤5"", ""要 求_2"": ""≤3"", ""要 求_3"": ""≤3""}"
customer_liaoning_taichang_20260606_p0,辽宁,2025-03,包4,2225AC,电缆保护管MPP,rag_seed/power_grid_resources/01_tender_documents/22_国网辽宁电力2025年第三次物资协议库存招标采购/extracted/电缆保护管MPP/包4_完整招标文件_53488486837695864/包4_技术规范书_53488484565315667/国网辽宁省电力有限公司_辽宁公司二级采购非结构化固化ID编制（G00J-500021520-00007）/电缆保护管-MPP非开挖（φ200）.doc,1,15,performance_parameter_table,散热性能,常温下放置规定的时间，导管内、外壁温度均≤30℃。,,pending_response,medium,存在项目需求值或标准值，但投标人响应值/保证值为空。,补充泰昌响应值、保证值或明确写入无偏差承诺后复核。,"{""项目"": ""散热性能"", ""要 求"": ""常温下放置规定的时间，导管内、外壁温度均≤30℃。"", ""要 求_2"": ""常温下放置规定的时间，导管内、外壁温度均≤30℃。"", ""要 求_3"": ""常温下放置规定的时间，导管内、外壁温度均≤30℃。""}"
customer_liaoning_taichang_20260606_p0,辽宁,2025-03,包4,2225AC,电缆保护管MPP,rag_seed/power_grid_resources/01_tender_documents/22_国网辽宁电力2025年第三次物资协议库存招标采购/extracted/电缆保护管MPP/包4_完整招标文件_53488486837695864/包4_技术规范书_53488484565315667/国网辽宁省电力有限公司_辽宁公司二级采购非结构化固化ID编制（G00J-500021520-00007）/电缆保护管-MPP非开挖（φ200）.doc,2,2,bid_response_parameter_table,"电缆保护管-材质:MPP,标称直径:φ175",参照通用部分5.技术要求,,pending_response,medium,存在项目需求值或标准值，但投标人响应值/保证值为空。,补充泰昌响应值、保证值或明确写入无偏差承诺后复核。,"{""序号"": ""1"", ""技术参数名称"": ""电缆保护管-材质:MPP,标称直径:φ175"", ""单位"": ""米"", ""项目需求值或表述"": ""参照通用部分5.技术要求"", ""投标人响应值"": """"}"
customer_liaoning_taichang_20260606_p0,辽宁,2025-03,包4,2225AC,电缆保护管MPP,rag_seed/power_grid_resources/01_tender_documents/22_国网辽宁电力2025年第三次物资协议库存招标采购/extracted/电缆保护管MPP/包4_完整招标文件_53488486837695864/包4_技术规范书_53488484565315667/国网辽宁省电力有限公司_辽宁公司二级采购非结构化固化ID编制（G00J-500021520-00007）/电缆保护管-MPP非开挖（φ200）.doc,2,3,bid_response_parameter_table,"电缆保护管-材质:MPP,标称直径:φ200",参照通用部分5.技术要求,,pending_response,medium,存在项目需求值或标准值，但投标人响应值/保证值为空。,补充泰昌响应值、保证值或明确写入无偏差承诺后复核。,"{""序号"": ""2"", ""技术参数名称"": ""电缆保护管-材质:MPP,标称直径:φ200"", ""单位"": ""米"", ""项目需求值或表述"": ""参照通用部分5.技术要求"", ""投标人响应值"": """"}"
customer_liaoning_taichang_20260606_p0,辽宁,2025-03,包4,2225AC,电缆保护管MPP,rag_seed/power_grid_resources/01_tender_documents/22_国网辽宁电力2025年第三次物资协议库存招标采购/extracted/电缆保护管MPP/包4_完整招标文件_53488486837695864/包4_技术规范书_53488484565315667/国网辽宁省电力有限公司_辽宁公司二级采购非结构化固化ID编制（G00J-500021520-00007）/电缆保护管-MPP非开挖（φ200）.doc,3,2,bid_response_parameter_table,环境温度,+45,,pending_response,medium,存在项目需求值或标准值，但投标人响应值/保证值为空。,补充泰昌响应值、保证值或明确写入无偏差承诺后复核。,"{""序号"": ""1"", ""名称"": ""环境温度"", ""名称_2"": ""最高温度"", ""单位"": ""℃"", ""项目需求值"": ""+45"", ""投标人响应值"": """"}"
customer_liaoning_taichang_20260606_p0,辽宁,2025-03,包4,2225AC,电缆保护管MPP,rag_seed/power_grid_resources/01_tender_documents/22_国网辽宁电力2025年第三次物资协议库存招标采购/extracted/电缆保护管MPP/包4_完整招标文件_53488486837695864/包4_技术规范书_53488484565315667/国网辽宁省电力有限公司_辽宁公司二级采购非结构化固化ID编制（G00J-500021520-00007）/电缆保护管-MPP非开挖（φ200）.doc,3,3,bid_response_parameter_table,环境温度,-40,,pending_response,medium,存在项目需求值或标准值，但投标人响应值/保证值为空。,补充泰昌响应值、保证值或明确写入无偏差承诺后复核。,"{""序号"": ""1"", ""名称"": ""环境温度"", ""名称_2"": ""最低温度"", ""单位"": ""℃"", ""项目需求值"": ""-40"", ""投标人响应值"": """"}"
customer_liaoning_taichang_20260606_p0,辽宁,2025-03,包4,2225AC,电缆保护管MPP,rag_seed/power_grid_resources/01_tender_documents/22_国网辽宁电力2025年第三次物资协议库存招标采购/extracted/电缆保护管MPP/包4_完整招标文件_53488486837695864/包4_技术规范书_53488484565315667/国网辽宁省电力有限公司_辽宁公司二级采购非结构化固化ID编制（G00J-500021520-00007）/电缆保护管-MPP非开挖（φ200）.doc,3,4,bid_response_parameter_table,环境温度,25,,pending_response,medium,存在项目需求值或标准值，但投标人响应值/保证值为空。,补充泰昌响应值、保证值或明确写入无偏差承诺后复核。,"{""序号"": ""1"", ""名称"": ""环境温度"", ""名称_2"": ""最大温差"", ""单位"": ""℃"", ""项目需求值"": ""25"", ""投标人响应值"": """"}"
customer_liaoning_taichang_20260606_p0,辽宁,2025-03,包4,2225AC,电缆保护管MPP,rag_seed/power_grid_resources/01_tender_documents/22_国网辽宁电力2025年第三次物资协议库存招标采购/extracted/电缆保护管MPP/包4_完整招标文件_53488486837695864/包4_技术规范书_53488484565315667/国网辽宁省电力有限公司_辽宁公司二级采购非结构化固化ID编制（G00J-500021520-00007）/电缆保护管-MPP非开挖（φ200）.doc,3,5,bid_response_parameter_table,海拔,≤1000,,pending_response,medium,存在项目需求值或标准值，但投标人响应值/保证值为空。,补充泰昌响应值、保证值或明确写入无偏差承诺后复核。,"{""序号"": ""2"", ""名称"": ""海拔"", ""名称_2"": ""海拔"", ""单位"": ""m"", ""项目需求值"": ""≤1000"", ""投标人响应值"": """"}"
customer_liaoning_taichang_20260606_p0,辽宁,2025-03,包4,2225AC,电缆保护管MPP,rag_seed/power_grid_resources/01_tender_documents/22_国网辽宁电力2025年第三次物资协议库存招标采购/extracted/电缆保护管MPP/包4_完整招标文件_53488486837695864/包4_技术规范书_53488484565315667/国网辽宁省电力有限公司_辽宁公司二级采购非结构化固化ID编制（G00J-500021520-00007）/电缆保护管-MPP非开挖（φ200）.doc,3,6,bid_response_parameter_table,日照,0.1,,pending_response,medium,存在项目需求值或标准值，但投标人响应值/保证值为空。,补充泰昌响应值、保证值或明确写入无偏差承诺后复核。,"{""序号"": ""3"", ""名称"": ""日照"", ""名称_2"": ""日照"", ""单位"": ""W/cm²"", ""项目需求值"": ""0.1"", ""投标人响应值"": """"}"
customer_liaoning_taichang_20260606_p0,辽宁,2025-03,包4,2225AC,电缆保护管MPP,rag_seed/power_grid_resources/01_tender_documents/22_国网辽宁电力2025年第三次物资协议库存招标采购/extracted/电缆保护管MPP/包4_完整招标文件_53488486837695864/包4_技术规范书_53488484565315667/国网辽宁省电力有限公司_辽宁公司二级采购非结构化固化ID编制（G00J-500021520-00007）/电缆保护管-MPP非开挖（φ200）.doc,3,7,bid_response_parameter_table,覆冰厚度,20,,pending_response,medium,存在项目需求值或标准值，但投标人响应值/保证值为空。,补充泰昌响应值、保证值或明确写入无偏差承诺后复核。,"{""序号"": ""4"", ""名称"": ""覆冰厚度"", ""名称_2"": ""覆冰厚度"", ""单位"": ""mm"", ""项目需求值"": ""20"", ""投标人响应值"": """"}"
customer_liaoning_taichang_20260606_p0,辽宁,2025-03,包4,2225AC,电缆保护管MPP,rag_seed/power_grid_resources/01_tender_documents/22_国网辽宁电力2025年第三次物资协议库存招标采购/extracted/电缆保护管MPP/包4_完整招标文件_53488486837695864/包4_技术规范书_53488484565315667/国网辽宁省电力有限公司_辽宁公司二级采购非结构化固化ID编制（G00J-500021520-00007）/电缆保护管-MPP非开挖（φ200）.doc,3,8,bid_response_parameter_table,最大风速,35,,pending_response,medium,存在项目需求值或标准值，但投标人响应值/保证值为空。,补充泰昌响应值、保证值或明确写入无偏差承诺后复核。,"{""序号"": ""5"", ""名称"": ""最大风速"", ""名称_2"": ""最大风速"", ""单位"": ""m/s"", ""项目需求值"": ""35"", ""投标人响应值"": """"}"
customer_liaoning_taichang_20260606_p0,辽宁,2025-03,包4,2225AC,电缆保护管MPP,rag_seed/power_grid_resources/01_tender_documents/22_国网辽宁电力2025年第三次物资协议库存招标采购/extracted/电缆保护管MPP/包4_完整招标文件_53488486837695864/包4_技术规范书_53488484565315667/国网辽宁省电力有限公司_辽宁公司二级采购非结构化固化ID编制（G00J-500021520-00007）/电缆保护管-MPP非开挖（φ200）.doc,3,9,bid_response_parameter_table,埋深,＜8,,pending_response,medium,存在项目需求值或标准值，但投标人响应值/保证值为空。,补充泰昌响应值、保证值或明确写入无偏差承诺后复核。,"{""序号"": ""6"", ""名称"": ""埋深"", ""名称_2"": ""埋深"", ""单位"": ""m"", ""项目需求值"": ""＜8"", ""投标人响应值"": """"}"
customer_liaoning_taichang_20260606_p0,辽宁,2025-03,包4,2225AC,电缆保护管MPP,rag_seed/power_grid_resources/01_tender_documents/22_国网辽宁电力2025年第三次物资协议库存招标采购/extracted/电缆保护管MPP/包4_完整招标文件_53488486837695864/包4_技术规范书_53488484565315667/国网辽宁省电力有限公司_辽宁公司二级采购非结构化固化ID编制（G00J-500021520-00007）/电缆保护管-MPP非开挖（φ200）.doc,5,4,performance_parameter_table,……,,,informational,low,未识别到明确项目需求值或标准值，仅作为参数信息保留。,无需生成偏差判断，可在参数查询中展示。,"{""序号 / 1"": ""……"", ""名称 / 电缆保护管(地埋用)"": """", ""单位 / 米"": """", ""招标人要求 / 型号和规格 / 电缆保护管,MPP,φ200"": """", ""招标人要求 / 数量 / 详见货物清单"": """", ""投标人响应 / 环刚度等级 / 详见货物清单"": """", ""投标人响应 / 数量"": """"}"
customer_liaoning_taichang_20260606_p0,辽宁,2025-03,包4,2225AC,电缆保护管MPP,rag_seed/power_grid_resources/01_tender_documents/22_国网辽宁电力2025年第三次物资协议库存招标采购/extracted/电缆保护管MPP/包4_完整招标文件_53488486837695864/包4_技术规范书_53488484565315667/国网辽宁省电力有限公司_辽宁公司二级采购非结构化固化ID编制（G00J-500021546-00004）/电缆保护管-MPP地埋用（φ175）.doc,0,4,dimension_parameter_table,公称内径 100,公称壁厚 / 环刚度等级b / SN 24: 6；公称壁厚 / 环刚度等级b / SN 32: 8；公称壁厚 / 环刚度等级b / SN 40: 10；不圆度: ≤2.0,,pending_response,medium,存在项目需求值或标准值，但投标人响应值/保证值为空。,补充泰昌响应值、保证值或明确写入无偏差承诺后复核。,"{""公称内径 DN/ID"": ""100"", ""公称壁厚 / 环刚度等级b / SN 24"": ""6"", ""公称壁厚 / 环刚度等级b / SN 32"": ""8"", ""公称壁厚 / 环刚度等级b / SN 40"": ""10"", ""不圆度"": ""≤2.0""}"
customer_liaoning_taichang_20260606_p0,辽宁,2025-03,包4,2225AC,电缆保护管MPP,rag_seed/power_grid_resources/01_tender_documents/22_国网辽宁电力2025年第三次物资协议库存招标采购/extracted/电缆保护管MPP/包4_完整招标文件_53488486837695864/包4_技术规范书_53488484565315667/国网辽宁省电力有限公司_辽宁公司二级采购非结构化固化ID编制（G00J-500021546-00004）/电缆保护管-MPP地埋用（φ175）.doc,0,5,dimension_parameter_table,公称内径 125,公称壁厚 / 环刚度等级b / SN 24: 8；公称壁厚 / 环刚度等级b / SN 32: 10；公称壁厚 / 环刚度等级b / SN 40: 12；不圆度: ≤2.3,,pending_response,medium,存在项目需求值或标准值，但投标人响应值/保证值为空。,补充泰昌响应值、保证值或明确写入无偏差承诺后复核。,"{""公称内径 DN/ID"": ""125"", ""公称壁厚 / 环刚度等级b / SN 24"": ""8"", ""公称壁厚 / 环刚度等级b / SN 32"": ""10"", ""公称壁厚 / 环刚度等级b / SN 40"": ""12"", ""不圆度"": ""≤2.3""}"
customer_liaoning_taichang_20260606_p0,辽宁,2025-03,包4,2225AC,电缆保护管MPP,rag_seed/power_grid_resources/01_tender_documents/22_国网辽宁电力2025年第三次物资协议库存招标采购/extracted/电缆保护管MPP/包4_完整招标文件_53488486837695864/包4_技术规范书_53488484565315667/国网辽宁省电力有限公司_辽宁公司二级采购非结构化固化ID编制（G00J-500021546-00004）/电缆保护管-MPP地埋用（φ175）.doc,0,6,dimension_parameter_table,公称内径 150,公称壁厚 / 环刚度等级b / SN 24: 10；公称壁厚 / 环刚度等级b / SN 32: 12；公称壁厚 / 环刚度等级b / SN 40: 14；不圆度: ≤2.5,,pending_response,medium,存在项目需求值或标准值，但投标人响应值/保证值为空。,补充泰昌响应值、保证值或明确写入无偏差承诺后复核。,"{""公称内径 DN/ID"": ""150"", ""公称壁厚 / 环刚度等级b / SN 24"": ""10"", ""公称壁厚 / 环刚度等级b / SN 32"": ""12"", ""公称壁厚 / 环刚度等级b / SN 40"": ""14"", ""不圆度"": ""≤2.5""}"
customer_liaoning_taichang_20260606_p0,辽宁,2025-03,包4,2225AC,电缆保护管MPP,rag_seed/power_grid_resources/01_tender_documents/22_国网辽宁电力2025年第三次物资协议库存招标采购/extracted/电缆保护管MPP/包4_完整招标文件_53488486837695864/包4_技术规范书_53488484565315667/国网辽宁省电力有限公司_辽宁公司二级采购非结构化固化ID编制（G00J-500021546-00004）/电缆保护管-MPP地埋用（φ175）.doc,0,7,dimension_parameter_table,公称内径 175,公称壁厚 / 环刚度等级b / SN 24: 12；公称壁厚 / 环刚度等级b / SN 32: 14；公称壁厚 / 环刚度等级b / SN 40: 16；不圆度: ≤2.8,,pending_response,medium,存在项目需求值或标准值，但投标人响应值/保证值为空。,补充泰昌响应值、保证值或明确写入无偏差承诺后复核。,"{""公称内径 DN/ID"": ""175"", ""公称壁厚 / 环刚度等级b / SN 24"": ""12"", ""公称壁厚 / 环刚度等级b / SN 32"": ""14"", ""公称壁厚 / 环刚度等级b / SN 40"": ""16"", ""不圆度"": ""≤2.8""}"
customer_liaoning_taichang_20260606_p0,辽宁,2025-03,包4,2225AC,电缆保护管MPP,rag_seed/power_grid_resources/01_tender_documents/22_国网辽宁电力2025年第三次物资协议库存招标采购/extracted/电缆保护管MPP/包4_完整招标文件_53488486837695864/包4_技术规范书_53488484565315667/国网辽宁省电力有限公司_辽宁公司二级采购非结构化固化ID编制（G00J-500021546-00004）/电缆保护管-MPP地埋用（φ175）.doc,0,8,dimension_parameter_table,公称内径 200,公称壁厚 / 环刚度等级b / SN 24: 14；公称壁厚 / 环刚度等级b / SN 32: 16；公称壁厚 / 环刚度等级b / SN 40: 18；不圆度: ≤3.2,,pending_response,medium,存在项目需求值或标准值，但投标人响应值/保证值为空。,补充泰昌响应值、保证值或明确写入无偏差承诺后复核。,"{""公称内径 DN/ID"": ""200"", ""公称壁厚 / 环刚度等级b / SN 24"": ""14"", ""公称壁厚 / 环刚度等级b / SN 32"": ""16"", ""公称壁厚 / 环刚度等级b / SN 40"": ""18"", ""不圆度"": ""≤3.2""}"
customer_liaoning_taichang_20260606_p0,辽宁,2025-03,包4,2225AC,电缆保护管MPP,rag_seed/power_grid_resources/01_tender_documents/22_国网辽宁电力2025年第三次物资协议库存招标采购/extracted/电缆保护管MPP/包4_完整招标文件_53488486837695864/包4_技术规范书_53488484565315667/国网辽宁省电力有限公司_辽宁公司二级采购非结构化固化ID编制（G00J-500021546-00004）/电缆保护管-MPP地埋用（φ175）.doc,0,9,dimension_parameter_table,公称内径 225,公称壁厚 / 环刚度等级b / SN 24: 16；公称壁厚 / 环刚度等级b / SN 32: 18；公称壁厚 / 环刚度等级b / SN 40: 20；不圆度: ≤3.8,,pending_response,medium,存在项目需求值或标准值，但投标人响应值/保证值为空。,补充泰昌响应值、保证值或明确写入无偏差承诺后复核。,"{""公称内径 DN/ID"": ""225"", ""公称壁厚 / 环刚度等级b / SN 24"": ""16"", ""公称壁厚 / 环刚度等级b / SN 32"": ""18"", ""公称壁厚 / 环刚度等级b / SN 40"": ""20"", ""不圆度"": ""≤3.8""}"
customer_liaoning_taichang_20260606_p0,辽宁,2025-03,包4,2225AC,电缆保护管MPP,rag_seed/power_grid_resources/01_tender_documents/22_国网辽宁电力2025年第三次物资协议库存招标采购/extracted/电缆保护管MPP/包4_完整招标文件_53488486837695864/包4_技术规范书_53488484565315667/国网辽宁省电力有限公司_辽宁公司二级采购非结构化固化ID编制（G00J-500021546-00004）/电缆保护管-MPP地埋用（φ175）.doc,0,10,dimension_parameter_table,公称内径 250,公称壁厚 / 环刚度等级b / SN 24: 18；公称壁厚 / 环刚度等级b / SN 32: 20；公称壁厚 / 环刚度等级b / SN 40: 22；不圆度: ≤4.2,,pending_response,medium,存在项目需求值或标准值，但投标人响应值/保证值为空。,补充泰昌响应值、保证值或明确写入无偏差承诺后复核。,"{""公称内径 DN/ID"": ""250"", ""公称壁厚 / 环刚度等级b / SN 24"": ""18"", ""公称壁厚 / 环刚度等级b / SN 32"": ""20"", ""公称壁厚 / 环刚度等级b / SN 40"": ""22"", ""不圆度"": ""≤4.2""}"
customer_liaoning_taichang_20260606_p0,辽宁,2025-03,包4,2225AC,电缆保护管MPP,rag_seed/power_grid_resources/01_tender_documents/22_国网辽宁电力2025年第三次物资协议库存招标采购/extracted/电缆保护管MPP/包4_完整招标文件_53488486837695864/包4_技术规范书_53488484565315667/国网辽宁省电力有限公司_辽宁公司二级采购非结构化固化ID编制（G00J-500021546-00004）/电缆保护管-MPP地埋用（φ175）.doc,0,11,dimension_parameter_table,公称内径 280,公称壁厚 / 环刚度等级b / SN 24: 20；公称壁厚 / 环刚度等级b / SN 32: 22；公称壁厚 / 环刚度等级b / SN 40: 24；不圆度: ≤4.5,,pending_response,medium,存在项目需求值或标准值，但投标人响应值/保证值为空。,补充泰昌响应值、保证值或明确写入无偏差承诺后复核。,"{""公称内径 DN/ID"": ""280"", ""公称壁厚 / 环刚度等级b / SN 24"": ""20"", ""公称壁厚 / 环刚度等级b / SN 32"": ""22"", ""公称壁厚 / 环刚度等级b / SN 40"": ""24"", ""不圆度"": ""≤4.5""}"
customer_liaoning_taichang_20260606_p0,辽宁,2025-03,包4,2225AC,电缆保护管MPP,rag_seed/power_grid_resources/01_tender_documents/22_国网辽宁电力2025年第三次物资协议库存招标采购/extracted/电缆保护管MPP/包4_完整招标文件_53488486837695864/包4_技术规范书_53488484565315667/国网辽宁省电力有限公司_辽宁公司二级采购非结构化固化ID编制（G00J-500021546-00004）/电缆保护管-MPP地埋用（φ175）.doc,0,12,dimension_parameter_table,公称内径 315,公称壁厚 / 环刚度等级b / SN 24: 22；公称壁厚 / 环刚度等级b / SN 32: 24；公称壁厚 / 环刚度等级b / SN 40: 26；不圆度: ≤4.8,,pending_response,medium,存在项目需求值或标准值，但投标人响应值/保证值为空。,补充泰昌响应值、保证值或明确写入无偏差承诺后复核。,"{""公称内径 DN/ID"": ""315"", ""公称壁厚 / 环刚度等级b / SN 24"": ""22"", ""公称壁厚 / 环刚度等级b / SN 32"": ""24"", ""公称壁厚 / 环刚度等级b / SN 40"": ""26"", ""不圆度"": ""≤4.8""}"
customer_liaoning_taichang_20260606_p0,辽宁,2025-03,包4,2225AC,电缆保护管MPP,rag_seed/power_grid_resources/01_tender_documents/22_国网辽宁电力2025年第三次物资协议库存招标采购/extracted/电缆保护管MPP/包4_完整招标文件_53488486837695864/包4_技术规范书_53488484565315667/国网辽宁省电力有限公司_辽宁公司二级采购非结构化固化ID编制（G00J-500021546-00004）/电缆保护管-MPP地埋用（φ175）.doc,0,13,dimension_parameter_table,公称内径 355,公称壁厚 / 环刚度等级b / SN 24: 24；公称壁厚 / 环刚度等级b / SN 32: 26；公称壁厚 / 环刚度等级b / SN 40: 28；不圆度: ≤5.2,,pending_response,medium,存在项目需求值或标准值，但投标人响应值/保证值为空。,补充泰昌响应值、保证值或明确写入无偏差承诺后复核。,"{""公称内径 DN/ID"": ""355"", ""公称壁厚 / 环刚度等级b / SN 24"": ""24"", ""公称壁厚 / 环刚度等级b / SN 32"": ""26"", ""公称壁厚 / 环刚度等级b / SN 40"": ""28"", ""不圆度"": ""≤5.2""}"
customer_liaoning_taichang_20260606_p0,辽宁,2025-03,包4,2225AC,电缆保护管MPP,rag_seed/power_grid_resources/01_tender_documents/22_国网辽宁电力2025年第三次物资协议库存招标采购/extracted/电缆保护管MPP/包4_完整招标文件_53488486837695864/包4_技术规范书_53488484565315667/国网辽宁省电力有限公司_辽宁公司二级采购非结构化固化ID编制（G00J-500021546-00004）/电缆保护管-MPP地埋用（φ175）.doc,1,2,performance_parameter_table,项目,PVC电缆导管,,pending_response,medium,存在项目需求值或标准值，但投标人响应值/保证值为空。,补充泰昌响应值、保证值或明确写入无偏差承诺后复核。,"{""项目"": ""项目"", ""要 求"": ""PVC电缆导管"", ""要 求_2"": ""HDPE电缆导管"", ""要 求_3"": ""MPP电缆导管""}"
customer_liaoning_taichang_20260606_p0,辽宁,2025-03,包4,2225AC,电缆保护管MPP,rag_seed/power_grid_resources/01_tender_documents/22_国网辽宁电力2025年第三次物资协议库存招标采购/extracted/电缆保护管MPP/包4_完整招标文件_53488486837695864/包4_技术规范书_53488484565315667/国网辽宁省电力有限公司_辽宁公司二级采购非结构化固化ID编制（G00J-500021546-00004）/电缆保护管-MPP地埋用（φ175）.doc,1,3,performance_parameter_table,密度/(g/cm),1.35~1.46,,pending_response,medium,存在项目需求值或标准值，但投标人响应值/保证值为空。,补充泰昌响应值、保证值或明确写入无偏差承诺后复核。,"{""项目"": ""密度/(g/cm)"", ""要 求"": ""1.35~1.46"", ""要 求_2"": ""0.94~0.98"", ""要 求_3"": ""0.89~0.93""}"
customer_liaoning_taichang_20260606_p0,辽宁,2025-03,包4,2225AC,电缆保护管MPP,rag_seed/power_grid_resources/01_tender_documents/22_国网辽宁电力2025年第三次物资协议库存招标采购/extracted/电缆保护管MPP/包4_完整招标文件_53488486837695864/包4_技术规范书_53488484565315667/国网辽宁省电力有限公司_辽宁公司二级采购非结构化固化ID编制（G00J-500021546-00004）/电缆保护管-MPP地埋用（φ175）.doc,1,4,performance_parameter_table,环刚度/(kN/m²),SN 20:≥20,,pending_response,medium,存在项目需求值或标准值，但投标人响应值/保证值为空。,补充泰昌响应值、保证值或明确写入无偏差承诺后复核。,"{""项目"": ""环刚度/(kN/m²)"", ""要 求"": ""SN 20:≥20"", ""要 求_2"": ""SN 12:≥12"", ""要 求_3"": ""SN 24:≥24""}"
customer_liaoning_taichang_20260606_p0,辽宁,2025-03,包4,2225AC,电缆保护管MPP,rag_seed/power_grid_resources/01_tender_documents/22_国网辽宁电力2025年第三次物资协议库存招标采购/extracted/电缆保护管MPP/包4_完整招标文件_53488486837695864/包4_技术规范书_53488484565315667/国网辽宁省电力有限公司_辽宁公司二级采购非结构化固化ID编制（G00J-500021546-00004）/电缆保护管-MPP地埋用（φ175）.doc,1,5,performance_parameter_table,环刚度/(kN/m²),SN 30:≥30,,pending_response,medium,存在项目需求值或标准值，但投标人响应值/保证值为空。,补充泰昌响应值、保证值或明确写入无偏差承诺后复核。,"{""项目"": ""环刚度/(kN/m²)"", ""要 求"": ""SN 30:≥30"", ""要 求_2"": ""SN 18:≥18"", ""要 求_3"": ""SN 32:≥32""}"
customer_liaoning_taichang_20260606_p0,辽宁,2025-03,包4,2225AC,电缆保护管MPP,rag_seed/power_grid_resources/01_tender_documents/22_国网辽宁电力2025年第三次物资协议库存招标采购/extracted/电缆保护管MPP/包4_完整招标文件_53488486837695864/包4_技术规范书_53488484565315667/国网辽宁省电力有限公司_辽宁公司二级采购非结构化固化ID编制（G00J-500021546-00004）/电缆保护管-MPP地埋用（φ175）.doc,1,6,performance_parameter_table,环刚度/(kN/m²),SN40:≥40,,pending_response,medium,存在项目需求值或标准值，但投标人响应值/保证值为空。,补充泰昌响应值、保证值或明确写入无偏差承诺后复核。,"{""项目"": ""环刚度/(kN/m²)"", ""要 求"": ""SN40:≥40"", ""要 求_2"": ""SN24:≥24"", ""要 求_3"": ""SN40:≥40""}"
customer_liaoning_taichang_20260606_p0,辽宁,2025-03,包4,2225AC,电缆保护管MPP,rag_seed/power_grid_resources/01_tender_documents/22_国网辽宁电力2025年第三次物资协议库存招标采购/extracted/电缆保护管MPP/包4_完整招标文件_53488486837695864/包4_技术规范书_53488484565315667/国网辽宁省电力有限公司_辽宁公司二级采购非结构化固化ID编制（G00J-500021546-00004）/电缆保护管-MPP地埋用（φ175）.doc,1,7,performance_parameter_table,压扁试验,试样不应出现破裂,,pending_response,medium,存在项目需求值或标准值，但投标人响应值/保证值为空。,补充泰昌响应值、保证值或明确写入无偏差承诺后复核。,"{""项目"": ""压扁试验"", ""要 求"": ""试样不应出现破裂"", ""要 求_2"": ""试样不应出现破裂"", ""要 求_3"": ""试样不应出现破裂""}"
customer_liaoning_taichang_20260606_p0,辽宁,2025-03,包4,2225AC,电缆保护管MPP,rag_seed/power_grid_resources/01_tender_documents/22_国网辽宁电力2025年第三次物资协议库存招标采购/extracted/电缆保护管MPP/包4_完整招标文件_53488486837695864/包4_技术规范书_53488484565315667/国网辽宁省电力有限公司_辽宁公司二级采购非结构化固化ID编制（G00J-500021546-00004）/电缆保护管-MPP地埋用（φ175）.doc,1,8,performance_parameter_table,拉伸强度/MPa,≥40,,pending_response,medium,存在项目需求值或标准值，但投标人响应值/保证值为空。,补充泰昌响应值、保证值或明确写入无偏差承诺后复核。,"{""项目"": ""拉伸强度/MPa"", ""要 求"": ""≥40"", ""要 求_2"": ""≥22"", ""要 求_3"": ""≥25""}"
customer_liaoning_taichang_20260606_p0,辽宁,2025-03,包4,2225AC,电缆保护管MPP,rag_seed/power_grid_resources/01_tender_documents/22_国网辽宁电力2025年第三次物资协议库存招标采购/extracted/电缆保护管MPP/包4_完整招标文件_53488486837695864/包4_技术规范书_53488484565315667/国网辽宁省电力有限公司_辽宁公司二级采购非结构化固化ID编制（G00J-500021546-00004）/电缆保护管-MPP地埋用（φ175）.doc,1,9,performance_parameter_table,焊接强度*/MPa,≥30,,pending_response,medium,存在项目需求值或标准值，但投标人响应值/保证值为空。,补充泰昌响应值、保证值或明确写入无偏差承诺后复核。,"{""项目"": ""焊接强度*/MPa"", ""要 求"": ""≥30"", ""要 求_2"": ""≥22"", ""要 求_3"": ""≥22.5""}"
customer_liaoning_taichang_20260606_p0,辽宁,2025-03,包4,2225AC,电缆保护管MPP,rag_seed/power_grid_resources/01_tender_documents/22_国网辽宁电力2025年第三次物资协议库存招标采购/extracted/电缆保护管MPP/包4_完整招标文件_53488486837695864/包4_技术规范书_53488484565315667/国网辽宁省电力有限公司_辽宁公司二级采购非结构化固化ID编制（G00J-500021546-00004）/电缆保护管-MPP地埋用（φ175）.doc,1,10,performance_parameter_table,断裂伸长率/%,≥80,,pending_response,medium,存在项目需求值或标准值，但投标人响应值/保证值为空。,补充泰昌响应值、保证值或明确写入无偏差承诺后复核。,"{""项目"": ""断裂伸长率/%"", ""要 求"": ""≥80"", ""要 求_2"": ""≥350"", ""要 求_3"": ""≥150""}"
customer_liaoning_taichang_20260606_p0,辽宁,2025-03,包4,2225AC,电缆保护管MPP,rag_seed/power_grid_resources/01_tender_documents/22_国网辽宁电力2025年第三次物资协议库存招标采购/extracted/电缆保护管MPP/包4_完整招标文件_53488486837695864/包4_技术规范书_53488484565315667/国网辽宁省电力有限公司_辽宁公司二级采购非结构化固化ID编制（G00J-500021546-00004）/电缆保护管-MPP地埋用（φ175）.doc,1,11,performance_parameter_table,落锤冲击,10个试样中至少有9个不破裂,,pending_response,medium,存在项目需求值或标准值，但投标人响应值/保证值为空。,补充泰昌响应值、保证值或明确写入无偏差承诺后复核。,"{""项目"": ""落锤冲击"", ""要 求"": ""10个试样中至少有9个不破裂"", ""要 求_2"": ""10个试样中至少有9个不破裂"", ""要 求_3"": ""10个试样中至少有9个不破裂""}"
customer_liaoning_taichang_20260606_p0,辽宁,2025-03,包4,2225AC,电缆保护管MPP,rag_seed/power_grid_resources/01_tender_documents/22_国网辽宁电力2025年第三次物资协议库存招标采购/extracted/电缆保护管MPP/包4_完整招标文件_53488486837695864/包4_技术规范书_53488484565315667/国网辽宁省电力有限公司_辽宁公司二级采购非结构化固化ID编制（G00J-500021546-00004）/电缆保护管-MPP地埋用（φ175）.doc,1,12,performance_parameter_table,静摩擦系数,≤0.35,,pending_response,medium,存在项目需求值或标准值，但投标人响应值/保证值为空。,补充泰昌响应值、保证值或明确写入无偏差承诺后复核。,"{""项目"": ""静摩擦系数"", ""要 求"": ""≤0.35"", ""要 求_2"": ""≤0.35"", ""要 求_3"": ""≤0.35""}"
customer_liaoning_taichang_20260606_p0,辽宁,2025-03,包4,2225AC,电缆保护管MPP,rag_seed/power_grid_resources/01_tender_documents/22_国网辽宁电力2025年第三次物资协议库存招标采购/extracted/电缆保护管MPP/包4_完整招标文件_53488486837695864/包4_技术规范书_53488484565315667/国网辽宁省电力有限公司_辽宁公司二级采购非结构化固化ID编制（G00J-500021546-00004）/电缆保护管-MPP地埋用（φ175）.doc,1,13,performance_parameter_table,维卡软化温度/℃,≥83,,pending_response,medium,存在项目需求值或标准值，但投标人响应值/保证值为空。,补充泰昌响应值、保证值或明确写入无偏差承诺后复核。,"{""项目"": ""维卡软化温度/℃"", ""要 求"": ""≥83"", ""要 求_2"": ""≥110"", ""要 求_3"": ""≥150""}"
customer_liaoning_taichang_20260606_p0,辽宁,2025-03,包4,2225AC,电缆保护管MPP,rag_seed/power_grid_resources/01_tender_documents/22_国网辽宁电力2025年第三次物资协议库存招标采购/extracted/电缆保护管MPP/包4_完整招标文件_53488486837695864/包4_技术规范书_53488484565315667/国网辽宁省电力有限公司_辽宁公司二级采购非结构化固化ID编制（G00J-500021546-00004）/电缆保护管-MPP地埋用（φ175）.doc,1,14,performance_parameter_table,纵向回缩率/%,≤5,,pending_response,medium,存在项目需求值或标准值，但投标人响应值/保证值为空。,补充泰昌响应值、保证值或明确写入无偏差承诺后复核。,"{""项目"": ""纵向回缩率/%"", ""要 求"": ""≤5"", ""要 求_2"": ""≤3"", ""要 求_3"": ""≤3""}"
customer_liaoning_taichang_20260606_p0,辽宁,2025-03,包4,2225AC,电缆保护管MPP,rag_seed/power_grid_resources/01_tender_documents/22_国网辽宁电力2025年第三次物资协议库存招标采购/extracted/电缆保护管MPP/包4_完整招标文件_53488486837695864/包4_技术规范书_53488484565315667/国网辽宁省电力有限公司_辽宁公司二级采购非结构化固化ID编制（G00J-500021546-00004）/电缆保护管-MPP地埋用（φ175）.doc,1,15,performance_parameter_table,散热性能,常温下放置规定的时间，导管内、外壁温度均≤30℃。,,pending_response,medium,存在项目需求值或标准值，但投标人响应值/保证值为空。,补充泰昌响应值、保证值或明确写入无偏差承诺后复核。,"{""项目"": ""散热性能"", ""要 求"": ""常温下放置规定的时间，导管内、外壁温度均≤30℃。"", ""要 求_2"": ""常温下放置规定的时间，导管内、外壁温度均≤30℃。"", ""要 求_3"": ""常温下放置规定的时间，导管内、外壁温度均≤30℃。""}"
customer_liaoning_taichang_20260606_p0,辽宁,2025-03,包4,2225AC,电缆保护管MPP,rag_seed/power_grid_resources/01_tender_documents/22_国网辽宁电力2025年第三次物资协议库存招标采购/extracted/电缆保护管MPP/包4_完整招标文件_53488486837695864/包4_技术规范书_53488484565315667/国网辽宁省电力有限公司_辽宁公司二级采购非结构化固化ID编制（G00J-500021546-00004）/电缆保护管-MPP地埋用（φ175）.doc,2,2,bid_response_parameter_table,"电缆保护管-材质:MPP,标称直径:φ175",参照通用部分5.技术要求,,pending_response,medium,存在项目需求值或标准值，但投标人响应值/保证值为空。,补充泰昌响应值、保证值或明确写入无偏差承诺后复核。,"{""序号"": ""1"", ""技术参数名称"": ""电缆保护管-材质:MPP,标称直径:φ175"", ""单位"": ""米"", ""项目需求值或表述"": ""参照通用部分5.技术要求"", ""投标人响应值"": """"}"
customer_liaoning_taichang_20260606_p0,辽宁,2025-03,包4,2225AC,电缆保护管MPP,rag_seed/power_grid_resources/01_tender_documents/22_国网辽宁电力2025年第三次物资协议库存招标采购/extracted/电缆保护管MPP/包4_完整招标文件_53488486837695864/包4_技术规范书_53488484565315667/国网辽宁省电力有限公司_辽宁公司二级采购非结构化固化ID编制（G00J-500021546-00004）/电缆保护管-MPP地埋用（φ175）.doc,2,3,bid_response_parameter_table,"电缆保护管-材质:MPP,标称直径:φ200",参照通用部分5.技术要求,,pending_response,medium,存在项目需求值或标准值，但投标人响应值/保证值为空。,补充泰昌响应值、保证值或明确写入无偏差承诺后复核。,"{""序号"": ""2"", ""技术参数名称"": ""电缆保护管-材质:MPP,标称直径:φ200"", ""单位"": ""米"", ""项目需求值或表述"": ""参照通用部分5.技术要求"", ""投标人响应值"": """"}"
customer_liaoning_taichang_20260606_p0,辽宁,2025-03,包4,2225AC,电缆保护管MPP,rag_seed/power_grid_resources/01_tender_documents/22_国网辽宁电力2025年第三次物资协议库存招标采购/extracted/电缆保护管MPP/包4_完整招标文件_53488486837695864/包4_技术规范书_53488484565315667/国网辽宁省电力有限公司_辽宁公司二级采购非结构化固化ID编制（G00J-500021546-00004）/电缆保护管-MPP地埋用（φ175）.doc,3,2,bid_response_parameter_table,环境温度,+45,,pending_response,medium,存在项目需求值或标准值，但投标人响应值/保证值为空。,补充泰昌响应值、保证值或明确写入无偏差承诺后复核。,"{""序号"": ""1"", ""名称"": ""环境温度"", ""名称_2"": ""最高温度"", ""单位"": ""℃"", ""项目需求值"": ""+45"", ""投标人响应值"": """"}"
customer_liaoning_taichang_20260606_p0,辽宁,2025-03,包4,2225AC,电缆保护管MPP,rag_seed/power_grid_resources/01_tender_documents/22_国网辽宁电力2025年第三次物资协议库存招标采购/extracted/电缆保护管MPP/包4_完整招标文件_53488486837695864/包4_技术规范书_53488484565315667/国网辽宁省电力有限公司_辽宁公司二级采购非结构化固化ID编制（G00J-500021546-00004）/电缆保护管-MPP地埋用（φ175）.doc,3,3,bid_response_parameter_table,环境温度,-40,,pending_response,medium,存在项目需求值或标准值，但投标人响应值/保证值为空。,补充泰昌响应值、保证值或明确写入无偏差承诺后复核。,"{""序号"": ""1"", ""名称"": ""环境温度"", ""名称_2"": ""最低温度"", ""单位"": ""℃"", ""项目需求值"": ""-40"", ""投标人响应值"": """"}"
customer_liaoning_taichang_20260606_p0,辽宁,2025-03,包4,2225AC,电缆保护管MPP,rag_seed/power_grid_resources/01_tender_documents/22_国网辽宁电力2025年第三次物资协议库存招标采购/extracted/电缆保护管MPP/包4_完整招标文件_53488486837695864/包4_技术规范书_53488484565315667/国网辽宁省电力有限公司_辽宁公司二级采购非结构化固化ID编制（G00J-500021546-00004）/电缆保护管-MPP地埋用（φ175）.doc,3,4,bid_response_parameter_table,环境温度,25,,pending_response,medium,存在项目需求值或标准值，但投标人响应值/保证值为空。,补充泰昌响应值、保证值或明确写入无偏差承诺后复核。,"{""序号"": ""1"", ""名称"": ""环境温度"", ""名称_2"": ""最大温差"", ""单位"": ""℃"", ""项目需求值"": ""25"", ""投标人响应值"": """"}"
customer_liaoning_taichang_20260606_p0,辽宁,2025-03,包4,2225AC,电缆保护管MPP,rag_seed/power_grid_resources/01_tender_documents/22_国网辽宁电力2025年第三次物资协议库存招标采购/extracted/电缆保护管MPP/包4_完整招标文件_53488486837695864/包4_技术规范书_53488484565315667/国网辽宁省电力有限公司_辽宁公司二级采购非结构化固化ID编制（G00J-500021546-00004）/电缆保护管-MPP地埋用（φ175）.doc,3,5,bid_response_parameter_table,海拔,≤1000,,pending_response,medium,存在项目需求值或标准值，但投标人响应值/保证值为空。,补充泰昌响应值、保证值或明确写入无偏差承诺后复核。,"{""序号"": ""2"", ""名称"": ""海拔"", ""名称_2"": ""海拔"", ""单位"": ""m"", ""项目需求值"": ""≤1000"", ""投标人响应值"": """"}"
customer_liaoning_taichang_20260606_p0,辽宁,2025-03,包4,2225AC,电缆保护管MPP,rag_seed/power_grid_resources/01_tender_documents/22_国网辽宁电力2025年第三次物资协议库存招标采购/extracted/电缆保护管MPP/包4_完整招标文件_53488486837695864/包4_技术规范书_53488484565315667/国网辽宁省电力有限公司_辽宁公司二级采购非结构化固化ID编制（G00J-500021546-00004）/电缆保护管-MPP地埋用（φ175）.doc,3,6,bid_response_parameter_table,日照,0.1,,pending_response,medium,存在项目需求值或标准值，但投标人响应值/保证值为空。,补充泰昌响应值、保证值或明确写入无偏差承诺后复核。,"{""序号"": ""3"", ""名称"": ""日照"", ""名称_2"": ""日照"", ""单位"": ""W/cm²"", ""项目需求值"": ""0.1"", ""投标人响应值"": """"}"
customer_liaoning_taichang_20260606_p0,辽宁,2025-03,包4,2225AC,电缆保护管MPP,rag_seed/power_grid_resources/01_tender_documents/22_国网辽宁电力2025年第三次物资协议库存招标采购/extracted/电缆保护管MPP/包4_完整招标文件_53488486837695864/包4_技术规范书_53488484565315667/国网辽宁省电力有限公司_辽宁公司二级采购非结构化固化ID编制（G00J-500021546-00004）/电缆保护管-MPP地埋用（φ175）.doc,3,7,bid_response_parameter_table,覆冰厚度,20,,pending_response,medium,存在项目需求值或标准值，但投标人响应值/保证值为空。,补充泰昌响应值、保证值或明确写入无偏差承诺后复核。,"{""序号"": ""4"", ""名称"": ""覆冰厚度"", ""名称_2"": ""覆冰厚度"", ""单位"": ""mm"", ""项目需求值"": ""20"", ""投标人响应值"": """"}"
customer_liaoning_taichang_20260606_p0,辽宁,2025-03,包4,2225AC,电缆保护管MPP,rag_seed/power_grid_resources/01_tender_documents/22_国网辽宁电力2025年第三次物资协议库存招标采购/extracted/电缆保护管MPP/包4_完整招标文件_53488486837695864/包4_技术规范书_53488484565315667/国网辽宁省电力有限公司_辽宁公司二级采购非结构化固化ID编制（G00J-500021546-00004）/电缆保护管-MPP地埋用（φ175）.doc,3,8,bid_response_parameter_table,最大风速,35,,pending_response,medium,存在项目需求值或标准值，但投标人响应值/保证值为空。,补充泰昌响应值、保证值或明确写入无偏差承诺后复核。,"{""序号"": ""5"", ""名称"": ""最大风速"", ""名称_2"": ""最大风速"", ""单位"": ""m/s"", ""项目需求值"": ""35"", ""投标人响应值"": """"}"
customer_liaoning_taichang_20260606_p0,辽宁,2025-03,包4,2225AC,电缆保护管MPP,rag_seed/power_grid_resources/01_tender_documents/22_国网辽宁电力2025年第三次物资协议库存招标采购/extracted/电缆保护管MPP/包4_完整招标文件_53488486837695864/包4_技术规范书_53488484565315667/国网辽宁省电力有限公司_辽宁公司二级采购非结构化固化ID编制（G00J-500021546-00004）/电缆保护管-MPP地埋用（φ175）.doc,3,9,bid_response_parameter_table,埋深,＜8,,pending_response,medium,存在项目需求值或标准值，但投标人响应值/保证值为空。,补充泰昌响应值、保证值或明确写入无偏差承诺后复核。,"{""序号"": ""6"", ""名称"": ""埋深"", ""名称_2"": ""埋深"", ""单位"": ""m"", ""项目需求值"": ""＜8"", ""投标人响应值"": """"}"
customer_liaoning_taichang_20260606_p0,辽宁,2025-03,包4,2225AC,电缆保护管MPP,rag_seed/power_grid_resources/01_tender_documents/22_国网辽宁电力2025年第三次物资协议库存招标采购/extracted/电缆保护管MPP/包4_完整招标文件_53488486837695864/包4_技术规范书_53488484565315667/国网辽宁省电力有限公司_辽宁公司二级采购非结构化固化ID编制（G00J-500021546-00004）/电缆保护管-MPP地埋用（φ175）.doc,5,4,performance_parameter_table,……,,,informational,low,未识别到明确项目需求值或标准值，仅作为参数信息保留。,无需生成偏差判断，可在参数查询中展示。,"{""序号 / 1"": ""……"", ""名称 / 电缆保护管(地埋用)"": """", ""单位 / 米"": """", ""招标人要求 / 型号和规格 / 电缆保护管,MPP,φ175"": """", ""招标人要求 / 数量 / 详见货物清单"": """", ""投标人响应 / 环刚度等级 / 详见货物清单"": """", ""投标人响应 / 数量"": """"}"
customer_liaoning_taichang_20260606_p0,辽宁,2025-03,包4,2225AC,电缆保护管MPP,rag_seed/power_grid_resources/01_tender_documents/22_国网辽宁电力2025年第三次物资协议库存招标采购/extracted/电缆保护管MPP/包4_完整招标文件_53488486837695864/包4_技术规范书_53488484565315667/国网辽宁省电力有限公司_辽宁公司二级采购非结构化固化ID编制（G00J-500021546-00005）/电缆保护管-MPP非开挖（φ175）.doc,0,4,dimension_parameter_table,公称内径 100,公称壁厚 / 环刚度等级b / SN 24: 6；公称壁厚 / 环刚度等级b / SN 32: 8；公称壁厚 / 环刚度等级b / SN 40: 10；不圆度: ≤2.0,,pending_response,medium,存在项目需求值或标准值，但投标人响应值/保证值为空。,补充泰昌响应值、保证值或明确写入无偏差承诺后复核。,"{""公称内径 DN/ID"": ""100"", ""公称壁厚 / 环刚度等级b / SN 24"": ""6"", ""公称壁厚 / 环刚度等级b / SN 32"": ""8"", ""公称壁厚 / 环刚度等级b / SN 40"": ""10"", ""不圆度"": ""≤2.0""}"
customer_liaoning_taichang_20260606_p0,辽宁,2025-03,包4,2225AC,电缆保护管MPP,rag_seed/power_grid_resources/01_tender_documents/22_国网辽宁电力2025年第三次物资协议库存招标采购/extracted/电缆保护管MPP/包4_完整招标文件_53488486837695864/包4_技术规范书_53488484565315667/国网辽宁省电力有限公司_辽宁公司二级采购非结构化固化ID编制（G00J-500021546-00005）/电缆保护管-MPP非开挖（φ175）.doc,0,5,dimension_parameter_table,公称内径 125,公称壁厚 / 环刚度等级b / SN 24: 8；公称壁厚 / 环刚度等级b / SN 32: 10；公称壁厚 / 环刚度等级b / SN 40: 12；不圆度: ≤2.3,,pending_response,medium,存在项目需求值或标准值，但投标人响应值/保证值为空。,补充泰昌响应值、保证值或明确写入无偏差承诺后复核。,"{""公称内径 DN/ID"": ""125"", ""公称壁厚 / 环刚度等级b / SN 24"": ""8"", ""公称壁厚 / 环刚度等级b / SN 32"": ""10"", ""公称壁厚 / 环刚度等级b / SN 40"": ""12"", ""不圆度"": ""≤2.3""}"
customer_liaoning_taichang_20260606_p0,辽宁,2025-03,包4,2225AC,电缆保护管MPP,rag_seed/power_grid_resources/01_tender_documents/22_国网辽宁电力2025年第三次物资协议库存招标采购/extracted/电缆保护管MPP/包4_完整招标文件_53488486837695864/包4_技术规范书_53488484565315667/国网辽宁省电力有限公司_辽宁公司二级采购非结构化固化ID编制（G00J-500021546-00005）/电缆保护管-MPP非开挖（φ175）.doc,0,6,dimension_parameter_table,公称内径 150,公称壁厚 / 环刚度等级b / SN 24: 10；公称壁厚 / 环刚度等级b / SN 32: 12；公称壁厚 / 环刚度等级b / SN 40: 14；不圆度: ≤2.5,,pending_response,medium,存在项目需求值或标准值，但投标人响应值/保证值为空。,补充泰昌响应值、保证值或明确写入无偏差承诺后复核。,"{""公称内径 DN/ID"": ""150"", ""公称壁厚 / 环刚度等级b / SN 24"": ""10"", ""公称壁厚 / 环刚度等级b / SN 32"": ""12"", ""公称壁厚 / 环刚度等级b / SN 40"": ""14"", ""不圆度"": ""≤2.5""}"
customer_liaoning_taichang_20260606_p0,辽宁,2025-03,包4,2225AC,电缆保护管MPP,rag_seed/power_grid_resources/01_tender_documents/22_国网辽宁电力2025年第三次物资协议库存招标采购/extracted/电缆保护管MPP/包4_完整招标文件_53488486837695864/包4_技术规范书_53488484565315667/国网辽宁省电力有限公司_辽宁公司二级采购非结构化固化ID编制（G00J-500021546-00005）/电缆保护管-MPP非开挖（φ175）.doc,0,7,dimension_parameter_table,公称内径 175,公称壁厚 / 环刚度等级b / SN 24: 12；公称壁厚 / 环刚度等级b / SN 32: 14；公称壁厚 / 环刚度等级b / SN 40: 16；不圆度: ≤2.8,,pending_response,medium,存在项目需求值或标准值，但投标人响应值/保证值为空。,补充泰昌响应值、保证值或明确写入无偏差承诺后复核。,"{""公称内径 DN/ID"": ""175"", ""公称壁厚 / 环刚度等级b / SN 24"": ""12"", ""公称壁厚 / 环刚度等级b / SN 32"": ""14"", ""公称壁厚 / 环刚度等级b / SN 40"": ""16"", ""不圆度"": ""≤2.8""}"
customer_liaoning_taichang_20260606_p0,辽宁,2025-03,包4,2225AC,电缆保护管MPP,rag_seed/power_grid_resources/01_tender_documents/22_国网辽宁电力2025年第三次物资协议库存招标采购/extracted/电缆保护管MPP/包4_完整招标文件_53488486837695864/包4_技术规范书_53488484565315667/国网辽宁省电力有限公司_辽宁公司二级采购非结构化固化ID编制（G00J-500021546-00005）/电缆保护管-MPP非开挖（φ175）.doc,0,8,dimension_parameter_table,公称内径 200,公称壁厚 / 环刚度等级b / SN 24: 14；公称壁厚 / 环刚度等级b / SN 32: 16；公称壁厚 / 环刚度等级b / SN 40: 18；不圆度: ≤3.2,,pending_response,medium,存在项目需求值或标准值，但投标人响应值/保证值为空。,补充泰昌响应值、保证值或明确写入无偏差承诺后复核。,"{""公称内径 DN/ID"": ""200"", ""公称壁厚 / 环刚度等级b / SN 24"": ""14"", ""公称壁厚 / 环刚度等级b / SN 32"": ""16"", ""公称壁厚 / 环刚度等级b / SN 40"": ""18"", ""不圆度"": ""≤3.2""}"
customer_liaoning_taichang_20260606_p0,辽宁,2025-03,包4,2225AC,电缆保护管MPP,rag_seed/power_grid_resources/01_tender_documents/22_国网辽宁电力2025年第三次物资协议库存招标采购/extracted/电缆保护管MPP/包4_完整招标文件_53488486837695864/包4_技术规范书_53488484565315667/国网辽宁省电力有限公司_辽宁公司二级采购非结构化固化ID编制（G00J-500021546-00005）/电缆保护管-MPP非开挖（φ175）.doc,0,9,dimension_parameter_table,公称内径 225,公称壁厚 / 环刚度等级b / SN 24: 16；公称壁厚 / 环刚度等级b / SN 32: 18；公称壁厚 / 环刚度等级b / SN 40: 20；不圆度: ≤3.8,,pending_response,medium,存在项目需求值或标准值，但投标人响应值/保证值为空。,补充泰昌响应值、保证值或明确写入无偏差承诺后复核。,"{""公称内径 DN/ID"": ""225"", ""公称壁厚 / 环刚度等级b / SN 24"": ""16"", ""公称壁厚 / 环刚度等级b / SN 32"": ""18"", ""公称壁厚 / 环刚度等级b / SN 40"": ""20"", ""不圆度"": ""≤3.8""}"
customer_liaoning_taichang_20260606_p0,辽宁,2025-03,包4,2225AC,电缆保护管MPP,rag_seed/power_grid_resources/01_tender_documents/22_国网辽宁电力2025年第三次物资协议库存招标采购/extracted/电缆保护管MPP/包4_完整招标文件_53488486837695864/包4_技术规范书_53488484565315667/国网辽宁省电力有限公司_辽宁公司二级采购非结构化固化ID编制（G00J-500021546-00005）/电缆保护管-MPP非开挖（φ175）.doc,0,10,dimension_parameter_table,公称内径 250,公称壁厚 / 环刚度等级b / SN 24: 18；公称壁厚 / 环刚度等级b / SN 32: 20；公称壁厚 / 环刚度等级b / SN 40: 22；不圆度: ≤4.2,,pending_response,medium,存在项目需求值或标准值，但投标人响应值/保证值为空。,补充泰昌响应值、保证值或明确写入无偏差承诺后复核。,"{""公称内径 DN/ID"": ""250"", ""公称壁厚 / 环刚度等级b / SN 24"": ""18"", ""公称壁厚 / 环刚度等级b / SN 32"": ""20"", ""公称壁厚 / 环刚度等级b / SN 40"": ""22"", ""不圆度"": ""≤4.2""}"
customer_liaoning_taichang_20260606_p0,辽宁,2025-03,包4,2225AC,电缆保护管MPP,rag_seed/power_grid_resources/01_tender_documents/22_国网辽宁电力2025年第三次物资协议库存招标采购/extracted/电缆保护管MPP/包4_完整招标文件_53488486837695864/包4_技术规范书_53488484565315667/国网辽宁省电力有限公司_辽宁公司二级采购非结构化固化ID编制（G00J-500021546-00005）/电缆保护管-MPP非开挖（φ175）.doc,0,11,dimension_parameter_table,公称内径 280,公称壁厚 / 环刚度等级b / SN 24: 20；公称壁厚 / 环刚度等级b / SN 32: 22；公称壁厚 / 环刚度等级b / SN 40: 24；不圆度: ≤4.5,,pending_response,medium,存在项目需求值或标准值，但投标人响应值/保证值为空。,补充泰昌响应值、保证值或明确写入无偏差承诺后复核。,"{""公称内径 DN/ID"": ""280"", ""公称壁厚 / 环刚度等级b / SN 24"": ""20"", ""公称壁厚 / 环刚度等级b / SN 32"": ""22"", ""公称壁厚 / 环刚度等级b / SN 40"": ""24"", ""不圆度"": ""≤4.5""}"
customer_liaoning_taichang_20260606_p0,辽宁,2025-03,包4,2225AC,电缆保护管MPP,rag_seed/power_grid_resources/01_tender_documents/22_国网辽宁电力2025年第三次物资协议库存招标采购/extracted/电缆保护管MPP/包4_完整招标文件_53488486837695864/包4_技术规范书_53488484565315667/国网辽宁省电力有限公司_辽宁公司二级采购非结构化固化ID编制（G00J-500021546-00005）/电缆保护管-MPP非开挖（φ175）.doc,0,12,dimension_parameter_table,公称内径 315,公称壁厚 / 环刚度等级b / SN 24: 22；公称壁厚 / 环刚度等级b / SN 32: 24；公称壁厚 / 环刚度等级b / SN 40: 26；不圆度: ≤4.8,,pending_response,medium,存在项目需求值或标准值，但投标人响应值/保证值为空。,补充泰昌响应值、保证值或明确写入无偏差承诺后复核。,"{""公称内径 DN/ID"": ""315"", ""公称壁厚 / 环刚度等级b / SN 24"": ""22"", ""公称壁厚 / 环刚度等级b / SN 32"": ""24"", ""公称壁厚 / 环刚度等级b / SN 40"": ""26"", ""不圆度"": ""≤4.8""}"
customer_liaoning_taichang_20260606_p0,辽宁,2025-03,包4,2225AC,电缆保护管MPP,rag_seed/power_grid_resources/01_tender_documents/22_国网辽宁电力2025年第三次物资协议库存招标采购/extracted/电缆保护管MPP/包4_完整招标文件_53488486837695864/包4_技术规范书_53488484565315667/国网辽宁省电力有限公司_辽宁公司二级采购非结构化固化ID编制（G00J-500021546-00005）/电缆保护管-MPP非开挖（φ175）.doc,0,13,dimension_parameter_table,公称内径 355,公称壁厚 / 环刚度等级b / SN 24: 24；公称壁厚 / 环刚度等级b / SN 32: 26；公称壁厚 / 环刚度等级b / SN 40: 28；不圆度: ≤5.2,,pending_response,medium,存在项目需求值或标准值，但投标人响应值/保证值为空。,补充泰昌响应值、保证值或明确写入无偏差承诺后复核。,"{""公称内径 DN/ID"": ""355"", ""公称壁厚 / 环刚度等级b / SN 24"": ""24"", ""公称壁厚 / 环刚度等级b / SN 32"": ""26"", ""公称壁厚 / 环刚度等级b / SN 40"": ""28"", ""不圆度"": ""≤5.2""}"
customer_liaoning_taichang_20260606_p0,辽宁,2025-03,包4,2225AC,电缆保护管MPP,rag_seed/power_grid_resources/01_tender_documents/22_国网辽宁电力2025年第三次物资协议库存招标采购/extracted/电缆保护管MPP/包4_完整招标文件_53488486837695864/包4_技术规范书_53488484565315667/国网辽宁省电力有限公司_辽宁公司二级采购非结构化固化ID编制（G00J-500021546-00005）/电缆保护管-MPP非开挖（φ175）.doc,1,2,performance_parameter_table,项目,PVC电缆导管,,pending_response,medium,存在项目需求值或标准值，但投标人响应值/保证值为空。,补充泰昌响应值、保证值或明确写入无偏差承诺后复核。,"{""项目"": ""项目"", ""要 求"": ""PVC电缆导管"", ""要 求_2"": ""HDPE电缆导管"", ""要 求_3"": ""MPP电缆导管""}"
customer_liaoning_taichang_20260606_p0,辽宁,2025-03,包4,2225AC,电缆保护管MPP,rag_seed/power_grid_resources/01_tender_documents/22_国网辽宁电力2025年第三次物资协议库存招标采购/extracted/电缆保护管MPP/包4_完整招标文件_53488486837695864/包4_技术规范书_53488484565315667/国网辽宁省电力有限公司_辽宁公司二级采购非结构化固化ID编制（G00J-500021546-00005）/电缆保护管-MPP非开挖（φ175）.doc,1,3,performance_parameter_table,密度/(g/cm),1.35~1.46,,pending_response,medium,存在项目需求值或标准值，但投标人响应值/保证值为空。,补充泰昌响应值、保证值或明确写入无偏差承诺后复核。,"{""项目"": ""密度/(g/cm)"", ""要 求"": ""1.35~1.46"", ""要 求_2"": ""0.94~0.98"", ""要 求_3"": ""0.89~0.93""}"
customer_liaoning_taichang_20260606_p0,辽宁,2025-03,包4,2225AC,电缆保护管MPP,rag_seed/power_grid_resources/01_tender_documents/22_国网辽宁电力2025年第三次物资协议库存招标采购/extracted/电缆保护管MPP/包4_完整招标文件_53488486837695864/包4_技术规范书_53488484565315667/国网辽宁省电力有限公司_辽宁公司二级采购非结构化固化ID编制（G00J-500021546-00005）/电缆保护管-MPP非开挖（φ175）.doc,1,4,performance_parameter_table,环刚度/(kN/m²),SN 20:≥20,,pending_response,medium,存在项目需求值或标准值，但投标人响应值/保证值为空。,补充泰昌响应值、保证值或明确写入无偏差承诺后复核。,"{""项目"": ""环刚度/(kN/m²)"", ""要 求"": ""SN 20:≥20"", ""要 求_2"": ""SN 12:≥12"", ""要 求_3"": ""SN 24:≥24""}"
customer_liaoning_taichang_20260606_p0,辽宁,2025-03,包4,2225AC,电缆保护管MPP,rag_seed/power_grid_resources/01_tender_documents/22_国网辽宁电力2025年第三次物资协议库存招标采购/extracted/电缆保护管MPP/包4_完整招标文件_53488486837695864/包4_技术规范书_53488484565315667/国网辽宁省电力有限公司_辽宁公司二级采购非结构化固化ID编制（G00J-500021546-00005）/电缆保护管-MPP非开挖（φ175）.doc,1,5,performance_parameter_table,环刚度/(kN/m²),SN 30:≥30,,pending_response,medium,存在项目需求值或标准值，但投标人响应值/保证值为空。,补充泰昌响应值、保证值或明确写入无偏差承诺后复核。,"{""项目"": ""环刚度/(kN/m²)"", ""要 求"": ""SN 30:≥30"", ""要 求_2"": ""SN 18:≥18"", ""要 求_3"": ""SN 32:≥32""}"
customer_liaoning_taichang_20260606_p0,辽宁,2025-03,包4,2225AC,电缆保护管MPP,rag_seed/power_grid_resources/01_tender_documents/22_国网辽宁电力2025年第三次物资协议库存招标采购/extracted/电缆保护管MPP/包4_完整招标文件_53488486837695864/包4_技术规范书_53488484565315667/国网辽宁省电力有限公司_辽宁公司二级采购非结构化固化ID编制（G00J-500021546-00005）/电缆保护管-MPP非开挖（φ175）.doc,1,6,performance_parameter_table,环刚度/(kN/m²),SN40:≥40,,pending_response,medium,存在项目需求值或标准值，但投标人响应值/保证值为空。,补充泰昌响应值、保证值或明确写入无偏差承诺后复核。,"{""项目"": ""环刚度/(kN/m²)"", ""要 求"": ""SN40:≥40"", ""要 求_2"": ""SN24:≥24"", ""要 求_3"": ""SN40:≥40""}"
customer_liaoning_taichang_20260606_p0,辽宁,2025-03,包4,2225AC,电缆保护管MPP,rag_seed/power_grid_resources/01_tender_documents/22_国网辽宁电力2025年第三次物资协议库存招标采购/extracted/电缆保护管MPP/包4_完整招标文件_53488486837695864/包4_技术规范书_53488484565315667/国网辽宁省电力有限公司_辽宁公司二级采购非结构化固化ID编制（G00J-500021546-00005）/电缆保护管-MPP非开挖（φ175）.doc,1,7,performance_parameter_table,压扁试验,试样不应出现破裂,,pending_response,medium,存在项目需求值或标准值，但投标人响应值/保证值为空。,补充泰昌响应值、保证值或明确写入无偏差承诺后复核。,"{""项目"": ""压扁试验"", ""要 求"": ""试样不应出现破裂"", ""要 求_2"": ""试样不应出现破裂"", ""要 求_3"": ""试样不应出现破裂""}"
customer_liaoning_taichang_20260606_p0,辽宁,2025-03,包4,2225AC,电缆保护管MPP,rag_seed/power_grid_resources/01_tender_documents/22_国网辽宁电力2025年第三次物资协议库存招标采购/extracted/电缆保护管MPP/包4_完整招标文件_53488486837695864/包4_技术规范书_53488484565315667/国网辽宁省电力有限公司_辽宁公司二级采购非结构化固化ID编制（G00J-500021546-00005）/电缆保护管-MPP非开挖（φ175）.doc,1,8,performance_parameter_table,拉伸强度/MPa,≥40,,pending_response,medium,存在项目需求值或标准值，但投标人响应值/保证值为空。,补充泰昌响应值、保证值或明确写入无偏差承诺后复核。,"{""项目"": ""拉伸强度/MPa"", ""要 求"": ""≥40"", ""要 求_2"": ""≥22"", ""要 求_3"": ""≥25""}"
customer_liaoning_taichang_20260606_p0,辽宁,2025-03,包4,2225AC,电缆保护管MPP,rag_seed/power_grid_resources/01_tender_documents/22_国网辽宁电力2025年第三次物资协议库存招标采购/extracted/电缆保护管MPP/包4_完整招标文件_53488486837695864/包4_技术规范书_53488484565315667/国网辽宁省电力有限公司_辽宁公司二级采购非结构化固化ID编制（G00J-500021546-00005）/电缆保护管-MPP非开挖（φ175）.doc,1,9,performance_parameter_table,焊接强度*/MPa,≥30,,pending_response,medium,存在项目需求值或标准值，但投标人响应值/保证值为空。,补充泰昌响应值、保证值或明确写入无偏差承诺后复核。,"{""项目"": ""焊接强度*/MPa"", ""要 求"": ""≥30"", ""要 求_2"": ""≥22"", ""要 求_3"": ""≥22.5""}"
customer_liaoning_taichang_20260606_p0,辽宁,2025-03,包4,2225AC,电缆保护管MPP,rag_seed/power_grid_resources/01_tender_documents/22_国网辽宁电力2025年第三次物资协议库存招标采购/extracted/电缆保护管MPP/包4_完整招标文件_53488486837695864/包4_技术规范书_53488484565315667/国网辽宁省电力有限公司_辽宁公司二级采购非结构化固化ID编制（G00J-500021546-00005）/电缆保护管-MPP非开挖（φ175）.doc,1,10,performance_parameter_table,断裂伸长率/%,≥80,,pending_response,medium,存在项目需求值或标准值，但投标人响应值/保证值为空。,补充泰昌响应值、保证值或明确写入无偏差承诺后复核。,"{""项目"": ""断裂伸长率/%"", ""要 求"": ""≥80"", ""要 求_2"": ""≥350"", ""要 求_3"": ""≥150""}"
customer_liaoning_taichang_20260606_p0,辽宁,2025-03,包4,2225AC,电缆保护管MPP,rag_seed/power_grid_resources/01_tender_documents/22_国网辽宁电力2025年第三次物资协议库存招标采购/extracted/电缆保护管MPP/包4_完整招标文件_53488486837695864/包4_技术规范书_53488484565315667/国网辽宁省电力有限公司_辽宁公司二级采购非结构化固化ID编制（G00J-500021546-00005）/电缆保护管-MPP非开挖（φ175）.doc,1,11,performance_parameter_table,落锤冲击,10个试样中至少有9个不破裂,,pending_response,medium,存在项目需求值或标准值，但投标人响应值/保证值为空。,补充泰昌响应值、保证值或明确写入无偏差承诺后复核。,"{""项目"": ""落锤冲击"", ""要 求"": ""10个试样中至少有9个不破裂"", ""要 求_2"": ""10个试样中至少有9个不破裂"", ""要 求_3"": ""10个试样中至少有9个不破裂""}"
customer_liaoning_taichang_20260606_p0,辽宁,2025-03,包4,2225AC,电缆保护管MPP,rag_seed/power_grid_resources/01_tender_documents/22_国网辽宁电力2025年第三次物资协议库存招标采购/extracted/电缆保护管MPP/包4_完整招标文件_53488486837695864/包4_技术规范书_53488484565315667/国网辽宁省电力有限公司_辽宁公司二级采购非结构化固化ID编制（G00J-500021546-00005）/电缆保护管-MPP非开挖（φ175）.doc,1,12,performance_parameter_table,静摩擦系数,≤0.35,,pending_response,medium,存在项目需求值或标准值，但投标人响应值/保证值为空。,补充泰昌响应值、保证值或明确写入无偏差承诺后复核。,"{""项目"": ""静摩擦系数"", ""要 求"": ""≤0.35"", ""要 求_2"": ""≤0.35"", ""要 求_3"": ""≤0.35""}"
customer_liaoning_taichang_20260606_p0,辽宁,2025-03,包4,2225AC,电缆保护管MPP,rag_seed/power_grid_resources/01_tender_documents/22_国网辽宁电力2025年第三次物资协议库存招标采购/extracted/电缆保护管MPP/包4_完整招标文件_53488486837695864/包4_技术规范书_53488484565315667/国网辽宁省电力有限公司_辽宁公司二级采购非结构化固化ID编制（G00J-500021546-00005）/电缆保护管-MPP非开挖（φ175）.doc,1,13,performance_parameter_table,维卡软化温度/℃,≥83,,pending_response,medium,存在项目需求值或标准值，但投标人响应值/保证值为空。,补充泰昌响应值、保证值或明确写入无偏差承诺后复核。,"{""项目"": ""维卡软化温度/℃"", ""要 求"": ""≥83"", ""要 求_2"": ""≥110"", ""要 求_3"": ""≥150""}"
customer_liaoning_taichang_20260606_p0,辽宁,2025-03,包4,2225AC,电缆保护管MPP,rag_seed/power_grid_resources/01_tender_documents/22_国网辽宁电力2025年第三次物资协议库存招标采购/extracted/电缆保护管MPP/包4_完整招标文件_53488486837695864/包4_技术规范书_53488484565315667/国网辽宁省电力有限公司_辽宁公司二级采购非结构化固化ID编制（G00J-500021546-00005）/电缆保护管-MPP非开挖（φ175）.doc,1,14,performance_parameter_table,纵向回缩率/%,≤5,,pending_response,medium,存在项目需求值或标准值，但投标人响应值/保证值为空。,补充泰昌响应值、保证值或明确写入无偏差承诺后复核。,"{""项目"": ""纵向回缩率/%"", ""要 求"": ""≤5"", ""要 求_2"": ""≤3"", ""要 求_3"": ""≤3""}"
customer_liaoning_taichang_20260606_p0,辽宁,2025-03,包4,2225AC,电缆保护管MPP,rag_seed/power_grid_resources/01_tender_documents/22_国网辽宁电力2025年第三次物资协议库存招标采购/extracted/电缆保护管MPP/包4_完整招标文件_53488486837695864/包4_技术规范书_53488484565315667/国网辽宁省电力有限公司_辽宁公司二级采购非结构化固化ID编制（G00J-500021546-00005）/电缆保护管-MPP非开挖（φ175）.doc,1,15,performance_parameter_table,散热性能,常温下放置规定的时间，导管内、外壁温度均≤30℃。,,pending_response,medium,存在项目需求值或标准值，但投标人响应值/保证值为空。,补充泰昌响应值、保证值或明确写入无偏差承诺后复核。,"{""项目"": ""散热性能"", ""要 求"": ""常温下放置规定的时间，导管内、外壁温度均≤30℃。"", ""要 求_2"": ""常温下放置规定的时间，导管内、外壁温度均≤30℃。"", ""要 求_3"": ""常温下放置规定的时间，导管内、外壁温度均≤30℃。""}"
customer_liaoning_taichang_20260606_p0,辽宁,2025-03,包4,2225AC,电缆保护管MPP,rag_seed/power_grid_resources/01_tender_documents/22_国网辽宁电力2025年第三次物资协议库存招标采购/extracted/电缆保护管MPP/包4_完整招标文件_53488486837695864/包4_技术规范书_53488484565315667/国网辽宁省电力有限公司_辽宁公司二级采购非结构化固化ID编制（G00J-500021546-00005）/电缆保护管-MPP非开挖（φ175）.doc,2,2,bid_response_parameter_table,"电缆保护管-材质:MPP,标称直径:φ175",参照通用部分5.技术要求,,pending_response,medium,存在项目需求值或标准值，但投标人响应值/保证值为空。,补充泰昌响应值、保证值或明确写入无偏差承诺后复核。,"{""序号"": ""1"", ""技术参数名称"": ""电缆保护管-材质:MPP,标称直径:φ175"", ""单位"": ""米"", ""项目需求值或表述"": ""参照通用部分5.技术要求"", ""投标人响应值"": """"}"
customer_liaoning_taichang_20260606_p0,辽宁,2025-03,包4,2225AC,电缆保护管MPP,rag_seed/power_grid_resources/01_tender_documents/22_国网辽宁电力2025年第三次物资协议库存招标采购/extracted/电缆保护管MPP/包4_完整招标文件_53488486837695864/包4_技术规范书_53488484565315667/国网辽宁省电力有限公司_辽宁公司二级采购非结构化固化ID编制（G00J-500021546-00005）/电缆保护管-MPP非开挖（φ175）.doc,2,3,bid_response_parameter_table,"电缆保护管-材质:MPP,标称直径:φ200",参照通用部分5.技术要求,,pending_response,medium,存在项目需求值或标准值，但投标人响应值/保证值为空。,补充泰昌响应值、保证值或明确写入无偏差承诺后复核。,"{""序号"": ""2"", ""技术参数名称"": ""电缆保护管-材质:MPP,标称直径:φ200"", ""单位"": ""米"", ""项目需求值或表述"": ""参照通用部分5.技术要求"", ""投标人响应值"": """"}"
customer_liaoning_taichang_20260606_p0,辽宁,2025-03,包4,2225AC,电缆保护管MPP,rag_seed/power_grid_resources/01_tender_documents/22_国网辽宁电力2025年第三次物资协议库存招标采购/extracted/电缆保护管MPP/包4_完整招标文件_53488486837695864/包4_技术规范书_53488484565315667/国网辽宁省电力有限公司_辽宁公司二级采购非结构化固化ID编制（G00J-500021546-00005）/电缆保护管-MPP非开挖（φ175）.doc,3,2,bid_response_parameter_table,环境温度,+45,,pending_response,medium,存在项目需求值或标准值，但投标人响应值/保证值为空。,补充泰昌响应值、保证值或明确写入无偏差承诺后复核。,"{""序号"": ""1"", ""名称"": ""环境温度"", ""名称_2"": ""最高温度"", ""单位"": ""℃"", ""项目需求值"": ""+45"", ""投标人响应值"": """"}"
customer_liaoning_taichang_20260606_p0,辽宁,2025-03,包4,2225AC,电缆保护管MPP,rag_seed/power_grid_resources/01_tender_documents/22_国网辽宁电力2025年第三次物资协议库存招标采购/extracted/电缆保护管MPP/包4_完整招标文件_53488486837695864/包4_技术规范书_53488484565315667/国网辽宁省电力有限公司_辽宁公司二级采购非结构化固化ID编制（G00J-500021546-00005）/电缆保护管-MPP非开挖（φ175）.doc,3,3,bid_response_parameter_table,环境温度,-40,,pending_response,medium,存在项目需求值或标准值，但投标人响应值/保证值为空。,补充泰昌响应值、保证值或明确写入无偏差承诺后复核。,"{""序号"": ""1"", ""名称"": ""环境温度"", ""名称_2"": ""最低温度"", ""单位"": ""℃"", ""项目需求值"": ""-40"", ""投标人响应值"": """"}"
customer_liaoning_taichang_20260606_p0,辽宁,2025-03,包4,2225AC,电缆保护管MPP,rag_seed/power_grid_resources/01_tender_documents/22_国网辽宁电力2025年第三次物资协议库存招标采购/extracted/电缆保护管MPP/包4_完整招标文件_53488486837695864/包4_技术规范书_53488484565315667/国网辽宁省电力有限公司_辽宁公司二级采购非结构化固化ID编制（G00J-500021546-00005）/电缆保护管-MPP非开挖（φ175）.doc,3,4,bid_response_parameter_table,环境温度,25,,pending_response,medium,存在项目需求值或标准值，但投标人响应值/保证值为空。,补充泰昌响应值、保证值或明确写入无偏差承诺后复核。,"{""序号"": ""1"", ""名称"": ""环境温度"", ""名称_2"": ""最大温差"", ""单位"": ""℃"", ""项目需求值"": ""25"", ""投标人响应值"": """"}"
customer_liaoning_taichang_20260606_p0,辽宁,2025-03,包4,2225AC,电缆保护管MPP,rag_seed/power_grid_resources/01_tender_documents/22_国网辽宁电力2025年第三次物资协议库存招标采购/extracted/电缆保护管MPP/包4_完整招标文件_53488486837695864/包4_技术规范书_53488484565315667/国网辽宁省电力有限公司_辽宁公司二级采购非结构化固化ID编制（G00J-500021546-00005）/电缆保护管-MPP非开挖（φ175）.doc,3,5,bid_response_parameter_table,海拔,≤1000,,pending_response,medium,存在项目需求值或标准值，但投标人响应值/保证值为空。,补充泰昌响应值、保证值或明确写入无偏差承诺后复核。,"{""序号"": ""2"", ""名称"": ""海拔"", ""名称_2"": ""海拔"", ""单位"": ""m"", ""项目需求值"": ""≤1000"", ""投标人响应值"": """"}"
customer_liaoning_taichang_20260606_p0,辽宁,2025-03,包4,2225AC,电缆保护管MPP,rag_seed/power_grid_resources/01_tender_documents/22_国网辽宁电力2025年第三次物资协议库存招标采购/extracted/电缆保护管MPP/包4_完整招标文件_53488486837695864/包4_技术规范书_53488484565315667/国网辽宁省电力有限公司_辽宁公司二级采购非结构化固化ID编制（G00J-500021546-00005）/电缆保护管-MPP非开挖（φ175）.doc,3,6,bid_response_parameter_table,日照,0.1,,pending_response,medium,存在项目需求值或标准值，但投标人响应值/保证值为空。,补充泰昌响应值、保证值或明确写入无偏差承诺后复核。,"{""序号"": ""3"", ""名称"": ""日照"", ""名称_2"": ""日照"", ""单位"": ""W/cm²"", ""项目需求值"": ""0.1"", ""投标人响应值"": """"}"
customer_liaoning_taichang_20260606_p0,辽宁,2025-03,包4,2225AC,电缆保护管MPP,rag_seed/power_grid_resources/01_tender_documents/22_国网辽宁电力2025年第三次物资协议库存招标采购/extracted/电缆保护管MPP/包4_完整招标文件_53488486837695864/包4_技术规范书_53488484565315667/国网辽宁省电力有限公司_辽宁公司二级采购非结构化固化ID编制（G00J-500021546-00005）/电缆保护管-MPP非开挖（φ175）.doc,3,7,bid_response_parameter_table,覆冰厚度,20,,pending_response,medium,存在项目需求值或标准值，但投标人响应值/保证值为空。,补充泰昌响应值、保证值或明确写入无偏差承诺后复核。,"{""序号"": ""4"", ""名称"": ""覆冰厚度"", ""名称_2"": ""覆冰厚度"", ""单位"": ""mm"", ""项目需求值"": ""20"", ""投标人响应值"": """"}"
customer_liaoning_taichang_20260606_p0,辽宁,2025-03,包4,2225AC,电缆保护管MPP,rag_seed/power_grid_resources/01_tender_documents/22_国网辽宁电力2025年第三次物资协议库存招标采购/extracted/电缆保护管MPP/包4_完整招标文件_53488486837695864/包4_技术规范书_53488484565315667/国网辽宁省电力有限公司_辽宁公司二级采购非结构化固化ID编制（G00J-500021546-00005）/电缆保护管-MPP非开挖（φ175）.doc,3,8,bid_response_parameter_table,最大风速,35,,pending_response,medium,存在项目需求值或标准值，但投标人响应值/保证值为空。,补充泰昌响应值、保证值或明确写入无偏差承诺后复核。,"{""序号"": ""5"", ""名称"": ""最大风速"", ""名称_2"": ""最大风速"", ""单位"": ""m/s"", ""项目需求值"": ""35"", ""投标人响应值"": """"}"
customer_liaoning_taichang_20260606_p0,辽宁,2025-03,包4,2225AC,电缆保护管MPP,rag_seed/power_grid_resources/01_tender_documents/22_国网辽宁电力2025年第三次物资协议库存招标采购/extracted/电缆保护管MPP/包4_完整招标文件_53488486837695864/包4_技术规范书_53488484565315667/国网辽宁省电力有限公司_辽宁公司二级采购非结构化固化ID编制（G00J-500021546-00005）/电缆保护管-MPP非开挖（φ175）.doc,3,9,bid_response_parameter_table,埋深,＜8,,pending_response,medium,存在项目需求值或标准值，但投标人响应值/保证值为空。,补充泰昌响应值、保证值或明确写入无偏差承诺后复核。,"{""序号"": ""6"", ""名称"": ""埋深"", ""名称_2"": ""埋深"", ""单位"": ""m"", ""项目需求值"": ""＜8"", ""投标人响应值"": """"}"
customer_liaoning_taichang_20260606_p0,辽宁,2025-03,包4,2225AC,电缆保护管MPP,rag_seed/power_grid_resources/01_tender_documents/22_国网辽宁电力2025年第三次物资协议库存招标采购/extracted/电缆保护管MPP/包4_完整招标文件_53488486837695864/包4_技术规范书_53488484565315667/国网辽宁省电力有限公司_辽宁公司二级采购非结构化固化ID编制（G00J-500021546-00005）/电缆保护管-MPP非开挖（φ175）.doc,5,4,performance_parameter_table,……,,,informational,low,未识别到明确项目需求值或标准值，仅作为参数信息保留。,无需生成偏差判断，可在参数查询中展示。,"{""序号 / 1"": ""……"", ""名称 / 电缆保护管(地埋用)"": """", ""单位 / 米"": """", ""招标人要求 / 型号和规格 / 电缆保护管,MPP,φ175"": """", ""招标人要求 / 数量 / 详见货物清单"": """", ""投标人响应 / 环刚度等级 / 详见货物清单"": """", ""投标人响应 / 数量"": """"}"
