序号,章节,行号,占位内容,分类,优先级,责任方,处理动作,上下文
1,1. 投标函及投标函附录,19,具体天数,D-投标承诺期限/日期/响应时限,P0,商务+履约负责人,按招标文件要求和公司承诺口径确认后填写,规定的供货范围、技术标准、质量要求和交货期限，完成本项目所采购物资的生产、检验、包装、运输、交付及售后服务工作。  【（二）交货期承诺】  我方承诺在合同签订后【待补充：具体天数】日内具备交货条件，并严格按照招标文件及合同约定的交货进度完成供货。具体交货时间以招标人书面通知为准，我方保证按时足量交付。  【（三）质量目标承诺】  1. 我方承诺所提供的电缆保护管（MPP/CPV
2,1. 投标函及投标函附录,29,具体月数或年数,D-投标承诺期限/日期/响应时限,P0,商务+履约负责人,按招标文件要求和公司承诺口径确认后填写,质量稳定可靠。 3. 我方承诺产品一次检验合格率不低于98%，交付产品完好率100%。  【（四）质量保证期承诺】  我方承诺对所提供的产品提供自验收合格之日起【待补充：具体月数或年数】的质量保证期。在质保期内，因产品设计、材料、制造工艺等原因出现的任何质量问题，我方负责免费更换或维修，并承担由此产生的一切费用。  【（五）投标有效期】  本投标函及投标文件自提交之日起【待补充：具体
3,1. 投标函及投标函附录,33,具体天数，根据招标文件要求填写,D-投标承诺期限/日期/响应时限,P0,商务+履约负责人,按招标文件要求和公司承诺口径确认后填写,因产品设计、材料、制造工艺等原因出现的任何质量问题，我方负责免费更换或维修，并承担由此产生的一切费用。  【（五）投标有效期】  本投标函及投标文件自提交之日起【待补充：具体天数，根据招标文件要求填写】日内有效。  【（六）其他承诺】  1. 我方承诺已具备履行合同所需的财务、技术和生产供货能力，并严格按照招标文件及合同约定履行义务。 2. 我方承诺投标文件中提供的所有资质证书、业绩证明、人员资料、
4,1. 投标函及投标函附录,44,具体金额,A-最终报价/价格清单/商务金额,P0,商务报价负责人,依据最终报价表、分项价格表、税率和投标策略填写,. 我方理解并同意，招标人有权对违反本“投标函”承诺的投标人加大不良行为处理力度。  【（七）投标保证金】  我方已按照招标文件要求提交投标保证金，金额为人民币【待补充：具体金额】元（大写：【待补充：大写金额】元整），形式为【待补充：保证金形式，如银行保函、电汇等】。  【（八）法定代表人及授权代表】  法定代表人：晁坤琳   授权代表：【待补充：授权代理人姓名】  投标人全称
5,1. 投标函及投标函附录,44,大写金额,A-最终报价/价格清单/商务金额,P0,商务报价负责人,依据最终报价表、分项价格表、税率和投标策略填写,对违反本“投标函”承诺的投标人加大不良行为处理力度。  【（七）投标保证金】  我方已按照招标文件要求提交投标保证金，金额为人民币【待补充：具体金额】元（大写：【待补充：大写金额】元整），形式为【待补充：保证金形式，如银行保函、电汇等】。  【（八）法定代表人及授权代表】  法定代表人：晁坤琳   授权代表：【待补充：授权代理人姓名】  投标人全称：河北泰昌电力器材科技有限公司
6,1. 投标函及投标函附录,44,保证金形式，如银行保函、电汇等,B-保证金/银行账户资料,P0,财务/商务负责人,补充基本账户开户信息、保证金金额、形式、缴纳凭证或保函信息,不良行为处理力度。  【（七）投标保证金】  我方已按照招标文件要求提交投标保证金，金额为人民币【待补充：具体金额】元（大写：【待补充：大写金额】元整），形式为【待补充：保证金形式，如银行保函、电汇等】。  【（八）法定代表人及授权代表】  法定代表人：晁坤琳   授权代表：【待补充：授权代理人姓名】  投标人全称：河北泰昌电力器材科技有限公司（盖章）   法定代表人或其授权代表：（签字）  投标日
7,1. 投标函及投标函附录,49,授权代理人姓名,E-授权签章/联系人/人员姓名,P0,法务/授权经办人,补充最终授权代表、联系人、签字盖章和身份证明信息,元（大写：【待补充：大写金额】元整），形式为【待补充：保证金形式，如银行保函、电汇等】。  【（八）法定代表人及授权代表】  法定代表人：晁坤琳   授权代表：【待补充：授权代理人姓名】  投标人全称：河北泰昌电力器材科技有限公司（盖章）   法定代表人或其授权代表：（签字）  投标日期：【待补充：具体投标日期】  ---  【二、投标函附录】  【投标函附录表（响应性承诺一览表）】
8,1. 投标函及投标函附录,54,具体投标日期,D-投标承诺期限/日期/响应时限,P0,商务+履约负责人,按招标文件要求和公司承诺口径确认后填写,代表人：晁坤琳   授权代表：【待补充：授权代理人姓名】  投标人全称：河北泰昌电力器材科技有限公司（盖章）   法定代表人或其授权代表：（签字）  投标日期：【待补充：具体投标日期】  ---  【二、投标函附录】  【投标函附录表（响应性承诺一览表）】  | 序号 | 条款名称 | 招标文件要求 | 投标人承诺内容 | 备注 | |------|----------|-----
9,1. 投标函及投标函附录,64,最终投标总价、分项单价、数量和税率,A-最终报价/价格清单/商务金额,P0,商务报价负责人,依据最终报价表、分项价格表、税率和投标策略填写,------|--------------|----------------|------| | 1 | 投标报价 | 按招标文件规定的分项报价表格式填写 | 【待补充：最终投标总价、分项单价、数量和税率】 | 详见报价文件 | | 2 | 交货期 | 符合招标文件及合同约定 | 合同签订后【待补充：天数】日内具备交货条件 | 具体以招标人书面通知为准 | | 3 | 质量目标 | 符合国家标准、行业标
10,1. 投标函及投标函附录,65,天数,A-最终报价/价格清单/商务金额,P0,商务报价负责人,依据最终报价表、分项价格表、税率和投标策略填写,定的分项报价表格式填写 | 【待补充：最终投标总价、分项单价、数量和税率】 | 详见报价文件 | | 2 | 交货期 | 符合招标文件及合同约定 | 合同签订后【待补充：天数】日内具备交货条件 | 具体以招标人书面通知为准 | | 3 | 质量目标 | 符合国家标准、行业标准及技术规范 | 产品符合GB/T 19001-2016/ISO 9001:2015体系要求，一次检验
11,1. 投标函及投标函附录,67,具体质保期月数或年数,D-投标承诺期限/日期/响应时限,P0,商务+履约负责人,按招标文件要求和公司承诺口径确认后填写,016/ISO 9001:2015体系要求，一次检验合格率≥98% | 详见技术文件及质量管理体系认证证书 | | 4 | 质量保证期 | 按招标文件要求 | 【待补充：具体质保期月数或年数】 | 自验收合格之日起计算 | | 5 | 投标有效期 | 按招标文件要求 | 【待补充：具体天数】日 | 自投标文件提交之日起 | | 6 | 投标保证金 | 按招标文件要求提供 | 已提交，金额【
12,1. 投标函及投标函附录,68,具体天数,D-投标承诺期限/日期/响应时限,P0,商务+履约负责人,按招标文件要求和公司承诺口径确认后填写,| 4 | 质量保证期 | 按招标文件要求 | 【待补充：具体质保期月数或年数】 | 自验收合格之日起计算 | | 5 | 投标有效期 | 按招标文件要求 | 【待补充：具体天数】日 | 自投标文件提交之日起 | | 6 | 投标保证金 | 按招标文件要求提供 | 已提交，金额【待补充：金额】元 | 形式：【待补充：保证金形式】 | | 7 | 项目经理 | 具备相应资格 | 
13,1. 投标函及投标函附录,69,金额,B-保证金/银行账户资料,P0,财务/商务负责人,补充基本账户开户信息、保证金金额、形式、缴纳凭证或保函信息, | 投标有效期 | 按招标文件要求 | 【待补充：具体天数】日 | 自投标文件提交之日起 | | 6 | 投标保证金 | 按招标文件要求提供 | 已提交，金额【待补充：金额】元 | 形式：【待补充：保证金形式】 | | 7 | 项目经理 | 具备相应资格 | 晁猛（项目经理/厂长） | 详见项目管理机构配置 | | 8 | 质量、环境、职业健康安全认证 | 质量管理体系认
14,1. 投标函及投标函附录,69,保证金形式,B-保证金/银行账户资料,P0,财务/商务负责人,补充基本账户开户信息、保证金金额、形式、缴纳凭证或保函信息,件要求 | 【待补充：具体天数】日 | 自投标文件提交之日起 | | 6 | 投标保证金 | 按招标文件要求提供 | 已提交，金额【待补充：金额】元 | 形式：【待补充：保证金形式】 | | 7 | 项目经理 | 具备相应资格 | 晁猛（项目经理/厂长） | 详见项目管理机构配置 | | 8 | 质量、环境、职业健康安全认证 | 质量管理体系认证证书编号：06925Q10172R
15,1. 投标函及投标函附录,74,金额或比例,A-最终报价/价格清单/商务金额,P0,商务报价负责人,依据最终报价表、分项价格表、税率和投标策略填写,10 | 法定代表人 | 法定代表人证明 | 晁坤琳 | 详见法定代表人身份证明 | | 11 | 履约保证金 | 按招标文件要求 | 我方承诺中标后按规定提交【待补充：金额或比例】的履约保证金 | 按合同约定执行 | | 12 | 售后服务响应时间 | 按招标文件要求 | 接到通知后【待补充：小时数】小时内响应，【待补充：天数】内到达现场 | 详见售后服务承诺 |  **说明：
16,1. 投标函及投标函附录,75,小时数,B-保证金/银行账户资料,P0,财务/商务负责人,补充基本账户开户信息、保证金金额、形式、缴纳凭证或保函信息,要求 | 我方承诺中标后按规定提交【待补充：金额或比例】的履约保证金 | 按合同约定执行 | | 12 | 售后服务响应时间 | 按招标文件要求 | 接到通知后【待补充：小时数】小时内响应，【待补充：天数】内到达现场 | 详见售后服务承诺 |  **说明：** 1. 本投标函附录中凡标注“【待补充】”的内容，需在正式投标前根据招标文件具体要求、企业实际情况及最终报价方案进行填
17,1. 投标函及投标函附录,75,天数,B-保证金/银行账户资料,P0,财务/商务负责人,补充基本账户开户信息、保证金金额、形式、缴纳凭证或保函信息,提交【待补充：金额或比例】的履约保证金 | 按合同约定执行 | | 12 | 售后服务响应时间 | 按招标文件要求 | 接到通知后【待补充：小时数】小时内响应，【待补充：天数】内到达现场 | 详见售后服务承诺 |  **说明：** 1. 本投标函附录中凡标注“【待补充】”的内容，需在正式投标前根据招标文件具体要求、企业实际情况及最终报价方案进行填写确认。 2. 投标人承诺严
18,1. 投标函及投标函附录,78,未说明,A-最终报价/价格清单/商务金额,P0,商务报价负责人,依据最终报价表、分项价格表、税率和投标策略填写,按招标文件要求 | 接到通知后【待补充：小时数】小时内响应，【待补充：天数】内到达现场 | 详见售后服务承诺 |  **说明：** 1. 本投标函附录中凡标注“【待补充】”的内容，需在正式投标前根据招标文件具体要求、企业实际情况及最终报价方案进行填写确认。 2. 投标人承诺严格履行本投标函及投标函附录所列全部承诺事项，如有违反，愿意接受招标人依据招标文件及相关规定做出
19,1. 投标函及投标函附录,89,未说明,E-授权签章/联系人/人员姓名,P0,法务/授权经办人,补充最终授权代表、联系人、签字盖章和身份证明信息,|----------|--------------| | 1 | 营业执照副本复印件（统一社会信用代码：91130607056539515C） | 资格文件第【待补充】页 | | 2 | 法定代表人身份证明及授权委托书 | 资格文件第【待补充】页 | | 3 | 质量管理体系认证证书（编号：06925Q10172R4） | 资格文件第【待补充】页 | | 4 | 环
20,1. 投标函及投标函附录,90,未说明,E-授权签章/联系人/人员姓名,P0,法务/授权经办人,补充最终授权代表、联系人、签字盖章和身份证明信息,副本复印件（统一社会信用代码：91130607056539515C） | 资格文件第【待补充】页 | | 2 | 法定代表人身份证明及授权委托书 | 资格文件第【待补充】页 | | 3 | 质量管理体系认证证书（编号：06925Q10172R4） | 资格文件第【待补充】页 | | 4 | 环境管理体系认证证书（编号：17424E20980R0M） | 资格文件第【待
21,1. 投标函及投标函附录,91,未说明,E-授权签章/联系人/人员姓名,P0,法务/授权经办人,补充最终授权代表、联系人、签字盖章和身份证明信息,| 2 | 法定代表人身份证明及授权委托书 | 资格文件第【待补充】页 | | 3 | 质量管理体系认证证书（编号：06925Q10172R4） | 资格文件第【待补充】页 | | 4 | 环境管理体系认证证书（编号：17424E20980R0M） | 资格文件第【待补充】页 | | 5 | 职业健康安全管理体系认证证书（编号：626023S10219R0） | 资格
22,1. 投标函及投标函附录,92,未说明,J-证书监督审核/有效期复核,P1,资质资料负责人,核对证书原件、监督审核页、有效期和认证机构信息,证书（编号：06925Q10172R4） | 资格文件第【待补充】页 | | 4 | 环境管理体系认证证书（编号：17424E20980R0M） | 资格文件第【待补充】页 | | 5 | 职业健康安全管理体系认证证书（编号：626023S10219R0） | 资格文件第【待补充】页 | | 6 | 电缆保护管MPP检验报告（编号：202410031200550171
23,1. 投标函及投标函附录,93,未说明,J-证书监督审核/有效期复核,P1,资质资料负责人,核对证书原件、监督审核页、有效期和认证机构信息,：17424E20980R0M） | 资格文件第【待补充】页 | | 5 | 职业健康安全管理体系认证证书（编号：626023S10219R0） | 资格文件第【待补充】页 | | 6 | 电缆保护管MPP检验报告（编号：2024100312005501712） | 资格文件第【待补充】页 | | 7 | 电缆保护管CPVC检验报告（编号：20241003120055
24,1. 投标函及投标函附录,94,未说明,I-业绩附件/合同验收发票复核,P1,商务资料负责人,补齐或复核合同、中标通知书、验收/评价、发票等附件关键页,6023S10219R0） | 资格文件第【待补充】页 | | 6 | 电缆保护管MPP检验报告（编号：2024100312005501712） | 资格文件第【待补充】页 | | 7 | 电缆保护管CPVC检验报告（编号：2024100312005501713） | 资格文件第【待补充】页 | | 8 | 主要业绩证明材料（合同编号：SGTJWZ00HTMM2210
25,1. 投标函及投标函附录,95,未说明,F-项目人员最终指派及证明,P1,项目管理/人事,确认本项目实际投入人员，并匹配社保、劳动合同或任命证明,12005501712） | 资格文件第【待补充】页 | | 7 | 电缆保护管CPVC检验报告（编号：2024100312005501713） | 资格文件第【待补充】页 | | 8 | 主要业绩证明材料（合同编号：SGTJWZ00HTMM2210273等） | 资格文件第【待补充】页 | | 9 | 人员证明材料 | 资格文件第【待补充】页 | | 10 | 生产
26,1. 投标函及投标函附录,96,未说明,F-项目人员最终指派及证明,P1,项目管理/人事,确认本项目实际投入人员，并匹配社保、劳动合同或任命证明,0312005501713） | 资格文件第【待补充】页 | | 8 | 主要业绩证明材料（合同编号：SGTJWZ00HTMM2210273等） | 资格文件第【待补充】页 | | 9 | 人员证明材料 | 资格文件第【待补充】页 | | 10 | 生产设备及检测设备清单 | 资格文件第【待补充】页 |  ---  【四、特别声明】  本投标函及投标函附录内容均依据招
27,1. 投标函及投标函附录,97,未说明,F-项目人员最终指派及证明,P1,项目管理/人事,确认本项目实际投入人员，并匹配社保、劳动合同或任命证明,| | 8 | 主要业绩证明材料（合同编号：SGTJWZ00HTMM2210273等） | 资格文件第【待补充】页 | | 9 | 人员证明材料 | 资格文件第【待补充】页 | | 10 | 生产设备及检测设备清单 | 资格文件第【待补充】页 |  ---  【四、特别声明】  本投标函及投标函附录内容均依据招标文件要求及本公司实际情况如实填写。对于需进一步确认的具体
28,1. 投标函及投标函附录,98,未说明,A-最终报价/价格清单/商务金额,P0,商务报价负责人,依据最终报价表、分项价格表、税率和投标策略填写,210273等） | 资格文件第【待补充】页 | | 9 | 人员证明材料 | 资格文件第【待补充】页 | | 10 | 生产设备及检测设备清单 | 资格文件第【待补充】页 |  ---  【四、特别声明】  本投标函及投标函附录内容均依据招标文件要求及本公司实际情况如实填写。对于需进一步确认的具体参数、金额、人员、日期等信息，已在相应位置予以标注，承诺在正式投标前完
29,1. 投标函及投标函附录,108,具体日期,D-投标承诺期限/日期/响应时限,P0,商务+履约负责人,按招标文件要求和公司承诺口径确认后填写,前完成全部补充、核实工作，并确保所提供资料的真实性、准确性和完整性。  投标人：河北泰昌电力器材科技有限公司（盖章）   法定代表人：晁坤琳（签字）   日期：【待补充：具体日期】  ## 1.1 编制依据  【1 编制依据总则】  本投标函及投标函附录的编制，严格遵循《中华人民共和国招标投标法》《中华人民共和国招标投标法实施条例》等法律法规，并完全响应国网辽宁省电力有限公司发
30,1.2 项目概况,165,分标名称、包号、包名称,C-目标分标包件/货物清单/规格数量,P0,投标项目负责人,从最终投标包件、货物清单和技术规范书确认后填写,投标函及投标函附录，承诺按照招标文件规定的供货范围、技术标准、交货期限、质量要求和合同条款履行全部义务。  【2. 项目范围与供货内容】  本次投标范围为本项目【待补充：分标名称、包号、包名称】项下的电缆保护管物资供货。具体包括：  - 物资类别：电缆保护管（MPP/CPVC），型号规格详见招标文件技术规范及报价清单。 - 供货数量：【待补充：最终投标报价数量】 - 交货时间：【待补充：响应
31,1.2 项目概况,168,最终投标报价数量,A-最终报价/价格清单/商务金额,P0,商务报价负责人,依据最终报价表、分项价格表、税率和投标策略填写,称、包号、包名称】项下的电缆保护管物资供货。具体包括：  - 物资类别：电缆保护管（MPP/CPVC），型号规格详见招标文件技术规范及报价清单。 - 供货数量：【待补充：最终投标报价数量】 - 交货时间：【待补充：响应招标文件要求的交货期】 - 交货地点：国网辽宁省电力有限公司指定施工现场或仓库（具体地点按招标人书面通知）。 - 质保期：【待补充：按招标文件约定响应】 - 投标有效期：
32,1.2 项目概况,169,响应招标文件要求的交货期,D-投标承诺期限/日期/响应时限,P0,商务+履约负责人,按招标文件要求和公司承诺口径确认后填写,具体包括：  - 物资类别：电缆保护管（MPP/CPVC），型号规格详见招标文件技术规范及报价清单。 - 供货数量：【待补充：最终投标报价数量】 - 交货时间：【待补充：响应招标文件要求的交货期】 - 交货地点：国网辽宁省电力有限公司指定施工现场或仓库（具体地点按招标人书面通知）。 - 质保期：【待补充：按招标文件约定响应】 - 投标有效期：【待补充：响应招标文件要求】  我方承诺所供产品全部
33,1.2 项目概况,171,按招标文件约定响应,Z-其他人工复核,P2,投标编制负责人,人工核实后填写,价数量】 - 交货时间：【待补充：响应招标文件要求的交货期】 - 交货地点：国网辽宁省电力有限公司指定施工现场或仓库（具体地点按招标人书面通知）。 - 质保期：【待补充：按招标文件约定响应】 - 投标有效期：【待补充：响应招标文件要求】  我方承诺所供产品全部为原厂生产、全新合格品，并严格按照国家及行业标准、招标文件技术规范进行生产、检验、包装、运输和交付。  【3. 投标人基本情况】 
34,1.2 项目概况,172,响应招标文件要求,Z-其他人工复核,P2,投标编制负责人,人工核实后填写,求的交货期】 - 交货地点：国网辽宁省电力有限公司指定施工现场或仓库（具体地点按招标人书面通知）。 - 质保期：【待补充：按招标文件约定响应】 - 投标有效期：【待补充：响应招标文件要求】  我方承诺所供产品全部为原厂生产、全新合格品，并严格按照国家及行业标准、招标文件技术规范进行生产、检验、包装、运输和交付。  【3. 投标人基本情况】  | 项目 | 内容 | |------|--
35,1.3 总体部署,229,按招标文件要求填写，如90天,Z-其他人工复核,P2,投标编制负责人,人工核实后填写,、业绩、人员、设备等资料真实、完整、有效。投标函附录中关键承诺如下：  | 承诺事项 | 内容 | |----------|------| | 投标有效期 | 【待补充：按招标文件要求填写，如90天】 | | 交货期 | 【待补充：按分标包号要求填写】 | | 质保期 | 【待补充：按招标文件要求，如投运后24个月】 | | 投标保证金 | 【待补充：金额及形式】 | | 履约保证金 | 【待补充
36,1.3 总体部署,230,按分标包号要求填写,C-目标分标包件/货物清单/规格数量,P0,投标项目负责人,从最终投标包件、货物清单和技术规范书确认后填写,如下：  | 承诺事项 | 内容 | |----------|------| | 投标有效期 | 【待补充：按招标文件要求填写，如90天】 | | 交货期 | 【待补充：按分标包号要求填写】 | | 质保期 | 【待补充：按招标文件要求，如投运后24个月】 | | 投标保证金 | 【待补充：金额及形式】 | | 履约保证金 | 【待补充：按合同约定】 |  上述承诺以最终签署版投标函附录
37,1.3 总体部署,231,按招标文件要求，如投运后24个月,Z-其他人工复核,P2,投标编制负责人,人工核实后填写,----|------| | 投标有效期 | 【待补充：按招标文件要求填写，如90天】 | | 交货期 | 【待补充：按分标包号要求填写】 | | 质保期 | 【待补充：按招标文件要求，如投运后24个月】 | | 投标保证金 | 【待补充：金额及形式】 | | 履约保证金 | 【待补充：按合同约定】 |  上述承诺以最终签署版投标函附录为准，如中标，我方将严格履行。  【二、总体组织思路】  本次投标
38,1.3 总体部署,232,金额及形式,A-最终报价/价格清单/商务金额,P0,商务报价负责人,依据最终报价表、分项价格表、税率和投标策略填写,填写，如90天】 | | 交货期 | 【待补充：按分标包号要求填写】 | | 质保期 | 【待补充：按招标文件要求，如投运后24个月】 | | 投标保证金 | 【待补充：金额及形式】 | | 履约保证金 | 【待补充：按合同约定】 |  上述承诺以最终签署版投标函附录为准，如中标，我方将严格履行。  【二、总体组织思路】  本次投标由公司董事长晁坤琳担任项目总指挥，总经理杨贺担任
39,1.3 总体部署,233,按合同约定,I-业绩附件/合同验收发票复核,P1,商务资料负责人,补齐或复核合同、中标通知书、验收/评价、发票等附件关键页,按分标包号要求填写】 | | 质保期 | 【待补充：按招标文件要求，如投运后24个月】 | | 投标保证金 | 【待补充：金额及形式】 | | 履约保证金 | 【待补充：按合同约定】 |  上述承诺以最终签署版投标函附录为准，如中标，我方将严格履行。  【二、总体组织思路】  本次投标由公司董事长晁坤琳担任项目总指挥，总经理杨贺担任项目协调负责人，统筹生产、质检、物流、售后全链条
40,1.3 总体部署,243,X,G-生产设备/检测设备/产能量化,P1,生产/质量负责人,依据设备台账、计量检定证书和产能统计表补充量化数据,01质量管理体系（证书编号06925Q10172R4）保障产品品质，确保按期交付。  【三、阶段安排与关键节点】  1. **生产备货阶段**：收到中标通知书后【待补充：X】日内完成原材料采购与排产，利用现有CPVC生产线【待补充：X】条、MPP生产线【待补充：X】条，日产能不少于【待补充：X】米。 2. **检验阶段**：每批次产品按照GB/T 19001、检验报告（C
41,1.3 总体部署,243,X,G-生产设备/检测设备/产能量化,P1,生产/质量负责人,依据设备台账、计量检定证书和产能统计表补充量化数据,品质，确保按期交付。  【三、阶段安排与关键节点】  1. **生产备货阶段**：收到中标通知书后【待补充：X】日内完成原材料采购与排产，利用现有CPVC生产线【待补充：X】条、MPP生产线【待补充：X】条，日产能不少于【待补充：X】米。 2. **检验阶段**：每批次产品按照GB/T 19001、检验报告（CPVC报告编号2024100312005501713，MPP报
42,1.3 总体部署,243,X,G-生产设备/检测设备/产能量化,P1,生产/质量负责人,依据设备台账、计量检定证书和产能统计表补充量化数据,阶段安排与关键节点】  1. **生产备货阶段**：收到中标通知书后【待补充：X】日内完成原材料采购与排产，利用现有CPVC生产线【待补充：X】条、MPP生产线【待补充：X】条，日产能不少于【待补充：X】米。 2. **检验阶段**：每批次产品按照GB/T 19001、检验报告（CPVC报告编号2024100312005501713，MPP报告编号202410031200
43,1.3 总体部署,243,X,G-生产设备/检测设备/产能量化,P1,生产/质量负责人,依据设备台账、计量检定证书和产能统计表补充量化数据,**生产备货阶段**：收到中标通知书后【待补充：X】日内完成原材料采购与排产，利用现有CPVC生产线【待补充：X】条、MPP生产线【待补充：X】条，日产能不少于【待补充：X】米。 2. **检验阶段**：每批次产品按照GB/T 19001、检验报告（CPVC报告编号2024100312005501713，MPP报告编号2024100312005501712）标准逐批检验，
44,1.3 总体部署,247,X,D-投标承诺期限/日期/响应时限,P0,商务+履约负责人,按招标文件要求和公司承诺口径确认后填写,合格证、出厂检验报告、型式试验报告（如需），配合招标方抽样验收。 5. **售后服务阶段**：技术售后人员王强、陈国华、黄文清、林乌金提供7×24小时电话响应，【待补充：X】小时内到场处理质量问题。  【四、资源投入与协同机制】  **人员投入**：拟投入以下核心人员： - 项目总指挥：晁坤琳（董事长/试验员） - 生产负责人：晁猛（厂长/项目经理） - 技术负责人：赵称
45,1.3 总体部署,260,姓名、电话,E-授权签章/联系人/人员姓名,P0,法务/授权经办人,补充最终授权代表、联系人、签字盖章和身份证明信息,锤击试验装置、熔体流动速率仪、电子拉力试验机等检测设备，设备检定均在有效期内（具体型号、精度、检定周期详见设备台账待补充）。  **协同机制**：设立项目联络人【待补充：姓名、电话】，与招标人、监理单位、物流公司建立每日进度通报机制；利用ERP系统管控生产、质检、库存、发运全流程。  【五、质量安全管理】  我方已取得质量管理体系认证（06925Q10172R4）、环境管理体系认
46,2. 资格审查资料,322,经人工复核监督审核页后填写,J-证书监督审核/有效期复核,P1,资质资料负责人,核对证书原件、监督审核页、有效期和认证机构信息, 环境管理体系认证证书 | 17424E20980R0M | GB/T 24001-2016/ISO 14001:2015 | 华信创认证（北京）有限公司 | 【待补充：经人工复核监督审核页后填写】 | 附件2-2 | | 3 | 职业健康安全管理体系认证证书 | 626023S10219R0 | GB/T 45001-2020/ISO 45001:2018 | 凯新认证（北京）有限公司 | 2
47,2. 资格审查资料,324,证书编号,J-证书监督审核/有效期复核,P1,资质资料负责人,核对证书原件、监督审核页、有效期和认证机构信息,5001-2020/ISO 45001:2018 | 凯新认证（北京）有限公司 | 2026年6月18日 | 附件2-3 | | 4 | 绿色电力认证证书 | 【待补充：证书编号】 | — | 【待补充】 | 【待补充】 | 附件2-4 |  【3 人员证书】  【3.1 主要管理及技术人员】  我公司拥有经验丰富的技术、生产、质检及售后团队，关键岗位人员长期从事电缆保护管产品
48,2. 资格审查资料,324,未说明,F-项目人员最终指派及证明,P1,项目管理/人事,确认本项目实际投入人员，并匹配社保、劳动合同或任命证明,01:2018 | 凯新认证（北京）有限公司 | 2026年6月18日 | 附件2-3 | | 4 | 绿色电力认证证书 | 【待补充：证书编号】 | — | 【待补充】 | 【待补充】 | 附件2-4 |  【3 人员证书】  【3.1 主要管理及技术人员】  我公司拥有经验丰富的技术、生产、质检及售后团队，关键岗位人员长期从事电缆保护管产品相关工作。以下为本次投标
49,2. 资格审查资料,324,未说明,F-项目人员最终指派及证明,P1,项目管理/人事,确认本项目实际投入人员，并匹配社保、劳动合同或任命证明,| 凯新认证（北京）有限公司 | 2026年6月18日 | 附件2-3 | | 4 | 绿色电力认证证书 | 【待补充：证书编号】 | — | 【待补充】 | 【待补充】 | 附件2-4 |  【3 人员证书】  【3.1 主要管理及技术人员】  我公司拥有经验丰富的技术、生产、质检及售后团队，关键岗位人员长期从事电缆保护管产品相关工作。以下为本次投标涉及的主要人员信
50,2. 资格审查资料,374,如有其他同类项目供货业绩，可在此处按相同格式列出，并附相关证明材料于附件4-2、附件4-3等。,I-业绩附件/合同验收发票复核,P1,商务资料负责人,补齐或复核合同、中标通知书、验收/评价、发票等附件关键页,应的中标通知书、采购合同关键页、用户评价证明（如有）见附件4-1。经复核，合同标的物与本项目投标产品同类型，数量与金额真实可查。  【4.2 其他相关业绩】  【待补充：如有其他同类项目供货业绩，可在此处按相同格式列出，并附相关证明材料于附件4-2、附件4-3等。】  我公司承诺上述业绩均为我公司直接与买方签订并履行完毕的合同，无转包、分包情况。业绩证明材料真实、完整，可接受招标人及评标委员会的核查。  【5 信誉声明】  【5.1 无
51,2. 资格审查资料,437,未说明,A-最终报价/价格清单/商务金额,P0,商务报价负责人,依据最终报价表、分项价格表、税率和投标策略填写,** 1. 以上所有附件均随本投标文件一同递交，纸质版与电子版内容一致。 2. 附件中涉及证书编号、合同金额等关键信息均来自企业真实资料，已按核验事实填写；部分【待补充】项需人工复核后替换。 3. 我公司承诺对资格审查资料的真实性、有效性负责，如有虚假，自愿接受招标人依据招标文件和国家相关规定作出的处理。  ## 2.1 企业基本资格资料  本章节汇总河北泰昌电力器材
52,2.1 企业基本资格资料,450,开户银行全称,B-保证金/银行账户资料,P0,财务/商务负责人,补充基本账户开户信息、保证金金额、形式、缴纳凭证或保函信息,提交的投标保证金应从投标人基本账户转出。我公司已取得银行出具的基本账户开户许可证（或由基本账户开户银行通过账户管理系统打印的《基本存款账户信息》），开户行名称：【待补充：开户银行全称】，账号：【待补充：基本账户账号】**。上述资料扫描件见附件1-2，并已按照第六章投标文件格式要求上传至招标人招投标交易平台信息系统。  【3. 管理体系认证证书】  我公司已通过质量管理体系、环境管理
53,2.1 企业基本资格资料,450,基本账户账号,B-保证金/银行账户资料,P0,财务/商务负责人,补充基本账户开户信息、保证金金额、形式、缴纳凭证或保函信息,户转出。我公司已取得银行出具的基本账户开户许可证（或由基本账户开户银行通过账户管理系统打印的《基本存款账户信息》），开户行名称：【待补充：开户银行全称】，账号：【待补充：基本账户账号】**。上述资料扫描件见附件1-2，并已按照第六章投标文件格式要求上传至招标人招投标交易平台信息系统。  【3. 管理体系认证证书】  我公司已通过质量管理体系、环境管理体系、职业健康安全管理体系认证，
54,2.1 企业基本资格资料,459,需结合监督审核页确认,J-证书监督审核/有效期复核,P1,资质资料负责人,核对证书原件、监督审核页、有效期和认证机构信息,月15日 | | 环境管理体系认证证书 | GB/T 24001-2016/ISO 14001:2015 | 17424E20980R0M | 华信创认证 | 【待补充：需结合监督审核页确认】 | | 职业健康安全管理体系认证证书 | GB/T 45001-2020/ISO 45001:2018 | 626023S10219R0 | 凯新认证（北京）有限公司 | 2026年6月18日 | 
55,2.1.1 响应要求,530,本次投标最终确定的项目履约负责人姓名、岗位,F-项目人员最终指派及证明,P1,项目管理/人事,确认本项目实际投入人员，并匹配社保、劳动合同或任命证明,时间节点要求的，如证书有效期、人员注册有效期、业绩合同签署日期等，均已在附件材料中予以标注，并经我公司内部复核确认。对于因投标时间节点原因尚未最终落定的信息，如【待补充：本次投标最终确定的项目履约负责人姓名、岗位】，我公司承诺在签署合同前按要求提供全部最终有效文件。  **3.4 资料索引**  本章节所有资料原件扫描件或清晰复印件，见本投标文件“资格文件”分册之“附件”部分。附件1-营业执照，附件2-体系认证
56,2.1.2 资料清单,548,授权代理人姓名、身份证号,E-授权签章/联系人/人员姓名,P0,法务/授权经办人,补充最终授权代表、联系人、签字盖章和身份证明信息,附件2：法定代表人身份证明” | | 3 | 法定代表人授权委托书 | 原件扫描件并加盖电子签章 | 已按招标文件第六章格式提供，授权代理人及签署人信息已填写。【待补充：授权代理人姓名、身份证号】 | 详见本分册“附件3：法定代表人授权委托书” | | 4 | 质量管理体系认证证书 | 原件扫描件并加盖电子签章 | 证书编号：06925Q10172R4，认证标准：GB/T 19001-2016
57,2.1.2 资料清单,553,业绩合同签署页签章及中标通知书关键页的清晰扫描件,E-授权签章/联系人/人员姓名,P0,法务/授权经办人,补充最终授权代表、联系人、签字盖章和身份证明信息, 业绩证明材料 | 合同及中标通知书扫描件 | 已提供真实业绩：国网天津市电力公司2022年第二次配网物资协议库存招标采购项目（招标编号：0322AB，包2）。【待补充：业绩合同签署页签章及中标通知书关键页的清晰扫描件】 | 详见本分册“附件8：业绩证明材料” | | 9 | 主要人员资料 | 社保缴纳证明、劳动合同、学历/职称证书扫描件 | 已归集公司核心管理及技术团队人员资料，具体岗位由招标文件和项目实际需求进行
58,2.1.2 资料清单,554,拟投入本项目的履约负责人、项目经理等岗位的最终指派及对应社保/劳动合同资料,F-项目人员最终指派及证明,P1,项目管理/人事,确认本项目实际投入人员，并匹配社保、劳动合同或任命证明,| 9 | 主要人员资料 | 社保缴纳证明、劳动合同、学历/职称证书扫描件 | 已归集公司核心管理及技术团队人员资料，具体岗位由招标文件和项目实际需求进行指派。【待补充：拟投入本项目的履约负责人、项目经理等岗位的最终指派及对应社保/劳动合同资料】 | 详见本分册“附件9：主要人员资料” | | 10 | 信誉声明与无行贿犯罪记录承诺函 | 原件并加盖电子签章 | 已按招标文件要求格式提供，声明在经营活动中无重大违法记录、无行贿犯罪行为。
59,2.1.3 有效性说明,597,开户许可证样张，需人工替换为正式原件,B-保证金/银行账户资料,P0,财务/商务负责人,补充基本账户开户信息、保证金金额、形式、缴纳凭证或保函信息,要点：营业执照在有效期内，无年检异常、吊销、注销等情形；印章清晰完整。  2. **基本账户开户许可证**    - 已提供企业基本账户开户许可证扫描件（见附件【待补充：开户许可证样张，需人工替换为正式原件】）。    - 以银行汇款形式提交的投标保证金，将从我公司基本账户转出，符合招标文件要求。    - 复核要点：开户许可证中账户名称、账号、开户行信息与营业执照一致，且与投标保证金汇款账户一致。  【
60,2.1.3 有效性说明,606,监督审核日期,D-投标承诺期限/日期/响应时限,P0,商务+履约负责人,按招标文件要求和公司承诺口径确认后填写, | 环境管理体系认证证书 | 17424E20980R0M | GB/T 24001-2016/ISO 14001:2015 | 需结合证书监督审核页人工确认【待补充：监督审核日期】 | 华信创认证 | 证书正本已提供，监督审核状态待复核 | | 职业健康安全管理体系认证证书 | 626023S10219R0 | GB/T 45001-2020/ISO 45001:2018 | 
61,2.2 信誉与合规承诺,649,法定代表人姓名,E-授权签章/联系人/人员姓名,P0,法务/授权经办人,补充最终授权代表、联系人、签字盖章和身份证明信息,示系统（www.gsxt.gov.cn）列入严重违法失信企业名单。  3. 我公司不存在因行贿犯罪记录被禁止参加招标投标活动的情形。经自查，我公司及其法定代表人【待补充：法定代表人姓名】、拟派项目负责人【待补充：本项目负责人姓名】在近三年内无行贿犯罪记录。  4. 我公司未被国家电网公司及其所属单位列入供应商不良行为处理名单或处于暂停中标资格、取消中标资格的状态。  【二、禁止投标情
62,2.2 信誉与合规承诺,649,本项目负责人姓名,Z-其他人工复核,P2,投标编制负责人,人工核实后填写,入严重违法失信企业名单。  3. 我公司不存在因行贿犯罪记录被禁止参加招标投标活动的情形。经自查，我公司及其法定代表人【待补充：法定代表人姓名】、拟派项目负责人【待补充：本项目负责人姓名】在近三年内无行贿犯罪记录。  4. 我公司未被国家电网公司及其所属单位列入供应商不良行为处理名单或处于暂停中标资格、取消中标资格的状态。  【二、禁止投标情形自查承诺】  经逐项自查，我公司不存在以下
63,2.2 信誉与合规承诺,681,信用查询截图索引,Z-其他人工复核,P2,投标编制负责人,人工核实后填写,诺依据】  本承诺函的出具依据如下：  1. 我公司已自行查询“信用中国”“国家企业信用信息公示系统”等网站，查询结果均显示无不良记录（附相关查询截图，详见附件【待补充：信用查询截图索引】）。  2. 我公司法定代表人【待补充：法定代表人姓名】出具无行贿犯罪记录个人声明（详见附件【待补充：无行贿犯罪记录声明索引】）。  3. 我公司营业执照、管理体系认证证书等基础证照均在有效期内，不存
64,2.2 信誉与合规承诺,683,法定代表人姓名,E-授权签章/联系人/人员姓名,P0,法务/授权经办人,补充最终授权代表、联系人、签字盖章和身份证明信息,查询“信用中国”“国家企业信用信息公示系统”等网站，查询结果均显示无不良记录（附相关查询截图，详见附件【待补充：信用查询截图索引】）。  2. 我公司法定代表人【待补充：法定代表人姓名】出具无行贿犯罪记录个人声明（详见附件【待补充：无行贿犯罪记录声明索引】）。  3. 我公司营业执照、管理体系认证证书等基础证照均在有效期内，不存在吊销、注销、撤销等异常情形。  【五、其他说明】  1
65,2.2 信誉与合规承诺,683,无行贿犯罪记录声明索引,Z-其他人工复核,P2,投标编制负责人,人工核实后填写,显示无不良记录（附相关查询截图，详见附件【待补充：信用查询截图索引】）。  2. 我公司法定代表人【待补充：法定代表人姓名】出具无行贿犯罪记录个人声明（详见附件【待补充：无行贿犯罪记录声明索引】）。  3. 我公司营业执照、管理体系认证证书等基础证照均在有效期内，不存在吊销、注销、撤销等异常情形。  【五、其他说明】  1. 本项目投标保证金【待补充：投标保证金金额及提交方式】、履约保证金【
66,2.2 信誉与合规承诺,689,投标保证金金额及提交方式,B-保证金/银行账户资料,P0,财务/商务负责人,补充基本账户开户信息、保证金金额、形式、缴纳凭证或保函信息,声明索引】）。  3. 我公司营业执照、管理体系认证证书等基础证照均在有效期内，不存在吊销、注销、撤销等异常情形。  【五、其他说明】  1. 本项目投标保证金【待补充：投标保证金金额及提交方式】、履约保证金【待补充：履约保证金承诺】等信息待后续补充。  2. 本承诺函作为资格文件组成部分，与投标文件其他章节具有同等效力。  3. 本承诺函的签署和生效信息如下（由授权代理人填写）：      
67,2.2 信誉与合规承诺,689,履约保证金承诺,B-保证金/银行账户资料,P0,财务/商务负责人,补充基本账户开户信息、保证金金额、形式、缴纳凭证或保函信息,认证证书等基础证照均在有效期内，不存在吊销、注销、撤销等异常情形。  【五、其他说明】  1. 本项目投标保证金【待补充：投标保证金金额及提交方式】、履约保证金【待补充：履约保证金承诺】等信息待后续补充。  2. 本承诺函作为资格文件组成部分，与投标文件其他章节具有同等效力。  3. 本承诺函的签署和生效信息如下（由授权代理人填写）：      授权代理人：【待补充：授权代理人姓名】
68,2.2 信誉与合规承诺,694,授权代理人姓名,E-授权签章/联系人/人员姓名,P0,法务/授权经办人,补充最终授权代表、联系人、签字盖章和身份证明信息,充。  2. 本承诺函作为资格文件组成部分，与投标文件其他章节具有同等效力。  3. 本承诺函的签署和生效信息如下（由授权代理人填写）：      授权代理人：【待补充：授权代理人姓名】      签署日期：【待补充：签署日期】      投标单位名称（盖章）：河北泰昌电力器材科技有限公司  ---  **附件索引：**   - 附件1：信用中国查询截图（样张，需人工替换为正式截图）
69,2.2 信誉与合规承诺,695,签署日期,D-投标承诺期限/日期/响应时限,P0,商务+履约负责人,按招标文件要求和公司承诺口径确认后填写,标文件其他章节具有同等效力。  3. 本承诺函的签署和生效信息如下（由授权代理人填写）：      授权代理人：【待补充：授权代理人姓名】      签署日期：【待补充：签署日期】      投标单位名称（盖章）：河北泰昌电力器材科技有限公司  ---  **附件索引：**   - 附件1：信用中国查询截图（样张，需人工替换为正式截图）   - 附件2：国家企业信用信息公示系统
70,2.2.1 条款响应,739,本项目履约保证金具体要求,B-保证金/银行账户资料,P0,财务/商务负责人,补充基本账户开户信息、保证金金额、形式、缴纳凭证或保函信息,到货款、投运款和质保金的比例及支付节点均以合同约定为准； （3）同意按招标文件要求提交履约保证金，具体形式（银行保函或保险保函或电汇）及金额以中标后合同签订为准【待补充：本项目履约保证金具体要求】； （4）接受招标人关于质保期的约定，质保期自合同货物通过验收并投入运行之日起计算，质保期内免费提供维修、更换及技术支持服务。  【5. 售后服务与交付承诺】  （1）针对本批电缆保护管（MPP/CP
71,2.2.2 承诺事项,764,具体响应时间,D-投标承诺期限/日期/响应时限,P0,商务+履约负责人,按招标文件要求和公司承诺口径确认后填写,承诺或检验报告参数不符，自愿接受招标人依法依规处理。  【三、服务承诺】 1. 售后响应：我公司承诺在质保期内提供7×24小时电话技术支持，接到招标人质量反馈后【待补充：具体响应时间】小时内响应，【待补充：到场时间】小时内派员抵达现场处理。 2. 技术配合：根据项目需要，我公司可派驻技术售后人员（包括但不限于王强、陈国华、黄文清、林乌金）提供现场技术指导及安装配合服务。 3. 备件
72,2.2.2 承诺事项,764,到场时间,D-投标承诺期限/日期/响应时限,P0,商务+履约负责人,按招标文件要求和公司承诺口径确认后填写,人依法依规处理。  【三、服务承诺】 1. 售后响应：我公司承诺在质保期内提供7×24小时电话技术支持，接到招标人质量反馈后【待补充：具体响应时间】小时内响应，【待补充：到场时间】小时内派员抵达现场处理。 2. 技术配合：根据项目需要，我公司可派驻技术售后人员（包括但不限于王强、陈国华、黄文清、林乌金）提供现场技术指导及安装配合服务。 3. 备件保障：我公司承诺在华北地区设有仓
73,2.2.3 偏离说明,811,本项目实际投标的分标编号、包号、包名称,C-目标分标包件/货物清单/规格数量,P0,投标项目负责人,从最终投标包件、货物清单和技术规范书确认后填写,容不构成对招标文件条款的实质性偏离。  【四、人工复核点说明】  本“偏离说明”章节部分信息需在投标文件最终装订前由授权代理人人工复核并补充，具体如下：  - 【待补充：本项目实际投标的分标编号、包号、包名称】 - 【待补充：授权代理人签字及签署日期】 - 【待补充：我公司法定代表人或授权代表签章】 - 【待补充：投标文件页码索引（本说明所在页码）】  上述待补充信息不影响本偏离说明的实质性内容。我公司确认
74,2.2.3 偏离说明,812,授权代理人签字及签署日期,E-授权签章/联系人/人员姓名,P0,法务/授权经办人,补充最终授权代表、联系人、签字盖章和身份证明信息,说明】  本“偏离说明”章节部分信息需在投标文件最终装订前由授权代理人人工复核并补充，具体如下：  - 【待补充：本项目实际投标的分标编号、包号、包名称】 - 【待补充：授权代理人签字及签署日期】 - 【待补充：我公司法定代表人或授权代表签章】 - 【待补充：投标文件页码索引（本说明所在页码）】  上述待补充信息不影响本偏离说明的实质性内容。我公司确认，在补充完善上述信息后，本说明具有完全法律
75,2.2.3 偏离说明,813,我公司法定代表人或授权代表签章,E-授权签章/联系人/人员姓名,P0,法务/授权经办人,补充最终授权代表、联系人、签字盖章和身份证明信息,标文件最终装订前由授权代理人人工复核并补充，具体如下：  - 【待补充：本项目实际投标的分标编号、包号、包名称】 - 【待补充：授权代理人签字及签署日期】 - 【待补充：我公司法定代表人或授权代表签章】 - 【待补充：投标文件页码索引（本说明所在页码）】  上述待补充信息不影响本偏离说明的实质性内容。我公司确认，在补充完善上述信息后，本说明具有完全法律效力。  特此说明。  河北泰昌电力器材科技有限
76,2.2.3 偏离说明,814,投标文件页码索引（本说明所在页码）,H-最终排版页码/附件索引,P1,排版/标书装订负责人,DOCX/PDF定稿后按目录和附件顺序回填，不需要客户新增资料,如下：  - 【待补充：本项目实际投标的分标编号、包号、包名称】 - 【待补充：授权代理人签字及签署日期】 - 【待补充：我公司法定代表人或授权代表签章】 - 【待补充：投标文件页码索引（本说明所在页码）】  上述待补充信息不影响本偏离说明的实质性内容。我公司确认，在补充完善上述信息后，本说明具有完全法律效力。  特此说明。  河北泰昌电力器材科技有限公司（公章）  法定代表人或授权代表签字：_____
77,2.3 类似项目业绩,840,验收证明或业主评价材料，需人工复核后替换,I-业绩附件/合同验收发票复核,P1,商务资料负责人,补齐或复核合同、中标通知书、验收/评价、发票等附件关键页,缆保护管生产、质量控制及交付保障方面的综合能力。 - 合同签署日期原件中未载明具体日期，以中标日期作为履约起始参考。如需补充合同履行完毕的验收证明，我公司可提供【待补充：验收证明或业主评价材料，需人工复核后替换】。 - 本表仅列示与本次招标物资直接相关的代表性业绩。我公司具备连续供货能力，如评标需要，可进一步提供其他同类项目证明文件【待补充：经人工复核后的其他业绩材料清单】。  【3. 业绩证明材料组成及有效
78,2.3 类似项目业绩,841,经人工复核后的其他业绩材料清单,I-业绩附件/合同验收发票复核,P1,商务资料负责人,补齐或复核合同、中标通知书、验收/评价、发票等附件关键页,证明或业主评价材料，需人工复核后替换】。 - 本表仅列示与本次招标物资直接相关的代表性业绩。我公司具备连续供货能力，如评标需要，可进一步提供其他同类项目证明文件【待补充：经人工复核后的其他业绩材料清单】。  【3. 业绩证明材料组成及有效性说明】  **3.1 证明材料清单** - 中标通知书（详见本节附件1）：国网天津市电力公司2022年第二次配网物资协议库存招标采购中标通知书（第1页、第2页），
79,2.3 类似项目业绩,847,合同关键页扫描件，需人工复核并脱敏,I-业绩附件/合同验收发票复核,P1,商务资料负责人,补齐或复核合同、中标通知书、验收/评价、发票等附件关键页,品、中标金额、中标日期及买方单位。 - 合同文件（未单独提供）：已依据中标通知书及业绩核验信息汇总。合同原件保存于公司档案，如需应评标要求提供，我公司可随时补充【待补充：合同关键页扫描件，需人工复核并脱敏】。 - 验收或结算证明：暂未纳入本投标文件附件。如需进一步证明合同履约完毕，可提供【待补充：对应项目的到货签收单、验收单或业主单位出具的产品质量评价证明】。  **3.2 有效性复核要点** - 中标
80,2.3 类似项目业绩,848,对应项目的到货签收单、验收单或业主单位出具的产品质量评价证明,C-目标分标包件/货物清单/规格数量,P0,投标项目负责人,从最终投标包件、货物清单和技术规范书确认后填写,应评标要求提供，我公司可随时补充【待补充：合同关键页扫描件，需人工复核并脱敏】。 - 验收或结算证明：暂未纳入本投标文件附件。如需进一步证明合同履约完毕，可提供【待补充：对应项目的到货签收单、验收单或业主单位出具的产品质量评价证明】。  **3.2 有效性复核要点** - 中标通知书加盖了招标代理机构或买方单位印章，格式规范，信息完整。 - 中标产品“电缆保护管MPP和CPVC”与本次投标产品（电缆保护管MPP/CPVC）属于同
81,2.3 类似项目业绩,857,实际排版页码,H-最终排版页码/附件索引,P1,排版/标书装订负责人,DOCX/PDF定稿后按目录和附件顺序回填，不需要客户新增资料,，属于本次招标目标客户范畴，业绩信誉可靠。  **3.3 附件索引** - 附件1：中标通知书（脱敏样张，共2页）——置于本分册“资格证明文件”部分，对应页码为【待补充：实际排版页码】。 - 附件2（如需）：合同关键页及验收证明——因本次投标文件编制时间所限，暂以中标通知书作为主要业绩支撑。若评标委员会要求，我公司承诺在澄清阶段提供完整合同及验收材料原件扫描件。  【4. 响应情况
82,2.3 类似项目业绩,864,经人工筛选的其他类似业绩清单及证明材料,I-业绩附件/合同验收发票复核,P1,商务资料负责人,补齐或复核合同、中标通知书、验收/评价、发票等附件关键页,项关联**：若招标文件对业绩设定了年限（如近三年）、最低合同金额或数量要求，本业绩均在有效范围内。如招标文件另有具体要求（如要求提供多个业绩），我公司可按需补充【待补充：经人工筛选的其他类似业绩清单及证明材料】。 - **风险控制**：本业绩真实有效，未编造任何证书编号、人员姓名、合同金额或日期。所有证明材料均已脱敏处理（隐藏敏感信息），不影响评标有效性。  【5. 联合体业绩说明（如适用）】  本项目不涉
83,2.3 类似项目业绩,869,联合体协议及业绩分配证明,I-业绩附件/合同验收发票复核,P1,商务资料负责人,补齐或复核合同、中标通知书、验收/评价、发票等附件关键页,评标有效性。  【5. 联合体业绩说明（如适用）】  本项目不涉及联合体投标，故无联合体业绩需要说明。若招标文件接受联合体业绩，我公司可依据实际参与情况另行提供【待补充：联合体协议及业绩分配证明】。  ---  **附件索引：**   - 附件1：国网天津市电力公司2022年第二次配网物资协议库存招标采购中标通知书（脱敏样张，第1页、第2页）   - 附件2：【待补充：如需，此处预留合同关键页
84,2.3 类似项目业绩,875,如需，此处预留合同关键页或验收证明,I-业绩附件/合同验收发票复核,P1,商务资料负责人,补齐或复核合同、中标通知书、验收/评价、发票等附件关键页,---  **附件索引：**   - 附件1：国网天津市电力公司2022年第二次配网物资协议库存招标采购中标通知书（脱敏样张，第1页、第2页）   - 附件2：【待补充：如需，此处预留合同关键页或验收证明】  ---  *（以上内容为正式投标文件中“类似项目业绩”章节的正文草稿，依据已核验企业事实编写，缺失信息以“【待补充：…】”标明，待人工复核后替换为完整材料。）*    ![泰昌157-保护管（CP
85,2.3 类似项目业绩,879,…,I-业绩附件/合同验收发票复核,P1,商务资料负责人,补齐或复核合同、中标通知书、验收/评价、发票等附件关键页,2：【待补充：如需，此处预留合同关键页或验收证明】  ---  *（以上内容为正式投标文件中“类似项目业绩”章节的正文草稿，依据已核验企业事实编写，缺失信息以“【待补充：…】”标明，待人工复核后替换为完整材料。）*    ![泰昌157-保护管（CPVC和MPP）_包2_电缆保护管MPP和CPVC_河北泰昌电力器材科技有限公司_中标通知书第2页](/api/bidding
86,2.3.1 响应要求,906,发票代码、号码、开票日期，需人工复核后替换,D-投标承诺期限/日期/响应时限,P0,商务+履约负责人,按招标文件要求和公司承诺口径确认后填写,电力用户，并处于有效期内。 | 业绩买方为国网天津市电力公司，属国家电网系统单位。合同已履行完毕，根据发票开票时间复核，业绩有效。 | 同上述附件 | 发票信息【待补充：发票代码、号码、开票日期，需人工复核后替换】 | | 投标人须提供业绩汇总表及对应的证明材料。 | 已提供《类似项目业绩汇总表》，列明项目名称、招标编号、包号、物资类别、数量、金额、买方及合同编号。 | 见附件《类似项目业绩汇总表》 | 每项业
87,2.3.2 资料清单,935,页码,H-最终排版页码/附件索引,P1,排版/标书装订负责人,DOCX/PDF定稿后按目录和附件顺序回填，不需要客户新增资料,合同原件扫描件或复印件，合同内容须体现供货产品名称、规格型号、数量、金额、买方及卖方信息、合同签署日期 | 每页加盖投标人公章 | 见本投标文件“资格文件”册第【待补充：页码】页 | | 2 | 中标通知书 | 招标人发出的中标通知书原件扫描件或复印件，须显示项目名称、招标编号、中标包号、中标金额、中标日期 | 每页加盖投标人公章 | 见本投标文件“资格文件”册第【待补充：
88,2.3.2 资料清单,936,页码,H-最终排版页码/附件索引,P1,排版/标书装订负责人,DOCX/PDF定稿后按目录和附件顺序回填，不需要客户新增资料, | 招标人发出的中标通知书原件扫描件或复印件，须显示项目名称、招标编号、中标包号、中标金额、中标日期 | 每页加盖投标人公章 | 见本投标文件“资格文件”册第【待补充：页码】页 | | 3 | 销售发票（至少提供一张） | 与合同对应的增值税专用发票复印件或扫描件，发票内容须与合同供货范围一致，显示买方名称、产品名称、金额、税率、发票号码 | 每页加盖投标人公章 | 见本
89,2.3.2 资料清单,937,页码,H-最终排版页码/附件索引,P1,排版/标书装订负责人,DOCX/PDF定稿后按目录和附件顺序回填，不需要客户新增资料,值税专用发票复印件或扫描件，发票内容须与合同供货范围一致，显示买方名称、产品名称、金额、税率、发票号码 | 每页加盖投标人公章 | 见本投标文件“资格文件”册第【待补充：页码】页 | | 4 | 用户证明材料（如有） | 用户出具的项目履约评价证明或运行证明，须加盖用户单位公章 | 每页加盖投标人公章 | 见本投标文件“资格文件”册第【待补充：页码】页 | | 5 | 业绩
90,2.3.2 资料清单,938,页码,H-最终排版页码/附件索引,P1,排版/标书装订负责人,DOCX/PDF定稿后按目录和附件顺序回填，不需要客户新增资料,页 | | 4 | 用户证明材料（如有） | 用户出具的项目履约评价证明或运行证明，须加盖用户单位公章 | 每页加盖投标人公章 | 见本投标文件“资格文件”册第【待补充：页码】页 | | 5 | 业绩汇总表 | 按招标文件格式要求填写已完类似项目信息，包括项目名称、招标编号、包号、产品名称、数量、合同金额、买方名称、合同签订日期、供货完成日期 | 加盖投标人公章 | 见本投
91,2.3.2 资料清单,939,页码,H-最终排版页码/附件索引,P1,排版/标书装订负责人,DOCX/PDF定稿后按目录和附件顺序回填，不需要客户新增资料,类似项目信息，包括项目名称、招标编号、包号、产品名称、数量、合同金额、买方名称、合同签订日期、供货完成日期 | 加盖投标人公章 | 见本投标文件“资格文件”册第【待补充：页码】页 |  【二、本次投标提供的典型业绩】  | 序号 | 项目名称 | 招标编号 | 包号 | 产品名称 | 数量（米） | 含税合同金额（元） | 买方名称 | 合同编号 | 中标日期 | |---
92,2.3.2 资料清单,960,天数,H-最终排版页码/附件索引,P1,排版/标书装订负责人,DOCX/PDF定稿后按目录和附件顺序回填，不需要客户新增资料,单“备注/索引”栏中注明对应页码。 - 所有复印件或扫描件均须加盖投标人公章（鲜章），多页资料加盖骑缝章。 - 如招标人要求提供原件核查，投标人承诺在接到通知后【待补充：天数】日内送达指定地点。  【五、重要说明】  1. 本投标人提供的业绩资料均真实、合法、有效，如有虚假，自愿接受招标人依据《中华人民共和国招标投标法》及招标文件相关规定作出的处理决定。 2. 若招标文件要
93,2.3.2 资料清单,965,说明,I-业绩附件/合同验收发票复核,P1,商务资料负责人,补齐或复核合同、中标通知书、验收/评价、发票等附件关键页,投标法》及招标文件相关规定作出的处理决定。 2. 若招标文件要求提供业绩证明材料中须包含验收报告、运行报告等，本投标人可另行提供，具体资料见本投标文件其他章节或【待补充：说明】。 3. 本次投标暂未提供除上述典型业绩外的其他类似项目业绩。如评审需要，本投标人可补充提供其他符合招标文件要求的同类项目业绩资料。  ---  （以下无正文）    ![泰昌TJ2022000236
94,2.3.3 有效性说明,999,需结合监督审核页人工确认,J-证书监督审核/有效期复核,P1,资质资料负责人,核对证书原件、监督审核页、有效期和认证机构信息,月15日 | | 环境管理体系认证证书 | 17424E20980R0M | GB/T 24001-2016/ISO 14001:2015 | 华信创认证 | 【待补充：需结合监督审核页人工确认】 | | 职业健康安全管理体系认证证书 | 626023S10219R0 | GB/T 45001-2020/ISO 45001:2018 | 凯新认证（北京）有限公司 | 2026年6月18日 | 
95,2.3.3 有效性说明,1025,具体复核人员姓名及岗位,F-项目人员最终指派及证明,P1,项目管理/人事,确认本项目实际投入人员，并匹配社保、劳动合同或任命证明,金额、中标通知书金额三者逻辑一致； 5. **签章合规性**：检查合同签署页是否加盖双方公章或合同专用章，签字人是否为法定代表人或授权代表。  以上复核工作已由【待补充：具体复核人员姓名及岗位】完成，复核记录留存备查。若评标过程中需要进一步核实，本企业承诺在接到通知后2小时内提供原件或加盖公章的复印件以供核验。  ---  **附件索引**   - 附件1：企业营业执照（统一社会信用代码91
96,2.4 项目管理机构,1070,未说明,F-项目人员最终指派及证明,P1,项目管理/人事,确认本项目实际投入人员，并匹配社保、劳动合同或任命证明,| 技术负责人（拟任） | 赵称心 | 技术总监 | 具备多年电力管材技术研发及质量管理经验 | 拟任岗位，合同前确认 | | 3 | 质量负责人（拟任） | 【待补充】 | 质检主管 | 持质量管理体系内审员资质，负责产品质量全程监控 | 拟任岗位，合同前确认 | | 4 | 安全负责人（拟任） | 【待补充】 | 安全管理员 | 持安全生产管理人员培训合格证书，负
97,2.4 项目管理机构,1071,未说明,F-项目人员最终指派及证明,P1,项目管理/人事,确认本项目实际投入人员，并匹配社保、劳动合同或任命证明,人（拟任） | 【待补充】 | 质检主管 | 持质量管理体系内审员资质，负责产品质量全程监控 | 拟任岗位，合同前确认 | | 4 | 安全负责人（拟任） | 【待补充】 | 安全管理员 | 持安全生产管理人员培训合格证书，负责生产及运输安全管理 | 拟任岗位，合同前确认 | | 5 | 生产负责人（拟任） | 杨贺 | 总经理 | 统筹公司生产运营，具备生产调度与供
98,2.4 项目管理机构,1079,未说明,H-最终排版页码/附件索引,P1,排版/标书装订负责人,DOCX/PDF定稿后按目录和附件顺序回填，不需要客户新增资料,已依法缴纳社会保险。  【三、人员资历与证书资料】  本项目管理机构主要成员的职称证书、岗位培训证书、社保证明等材料，详见本资格文件附件“人员资料”部分（页码：【待补充】）。其中： - 项目负责人晁猛、技术负责人赵称心、生产负责人杨贺、售后服务负责人王强的身份证明及在职证明已备查。 - 质量负责人、安全负责人的任命文件及资质证书将在合同签订前向招标人报备。  我公司将
99,2.4.1 编制依据,1130,需结合监督审核页人工确认,J-证书监督审核/有效期复核,P1,资质资料负责人,核对证书原件、监督审核页、有效期和认证机构信息,172R4 | 凯新认证（北京）有限公司 | 2028年2月15日 | | 2 | 环境管理体系认证证书 | 17424E20980R0M | 华信创认证 | 【待补充：需结合监督审核页人工确认】 | | 3 | 职业健康安全管理体系认证证书 | 626023S10219R0 | 凯新认证（北京）有限公司 | 2026年6月18日 | | 4 | 营业执照（统一社会信用代码：911306070
100,2.4.2 项目概况,1164,分标名称,C-目标分标包件/货物清单/规格数量,P0,投标项目负责人,从最终投标包件、货物清单和技术规范书确认后填写,） | 交货期 | |----------|------|----------|----------|----------------|--------| | 【待补充：分标名称】 | 【待补充：包号】 | 电缆保护管（MPP） | 详见技术规范 | 【待补充】 | 按合同约定 | | 【待补充：分标名称】 | 【待补充：包号】 | 电缆保护管（CPVC） | 详见技术规范 |
101,2.4.2 项目概况,1164,包号,C-目标分标包件/货物清单/规格数量,P0,投标项目负责人,从最终投标包件、货物清单和技术规范书确认后填写,--------|------|----------|----------|----------------|--------| | 【待补充：分标名称】 | 【待补充：包号】 | 电缆保护管（MPP） | 详见技术规范 | 【待补充】 | 按合同约定 | | 【待补充：分标名称】 | 【待补充：包号】 | 电缆保护管（CPVC） | 详见技术规范 | 【待补充】 | 按合
102,2.4.2 项目概况,1164,未说明,C-目标分标包件/货物清单/规格数量,P0,投标项目负责人,从最终投标包件、货物清单和技术规范书确认后填写,----|----------------|--------| | 【待补充：分标名称】 | 【待补充：包号】 | 电缆保护管（MPP） | 详见技术规范 | 【待补充】 | 按合同约定 | | 【待补充：分标名称】 | 【待补充：包号】 | 电缆保护管（CPVC） | 详见技术规范 | 【待补充】 | 按合同约定 |  以上数据以招标文件货物清单为准，最终数量、规格
103,2.4.2 项目概况,1165,分标名称,C-目标分标包件/货物清单/规格数量,P0,投标项目负责人,从最终投标包件、货物清单和技术规范书确认后填写,---|--------| | 【待补充：分标名称】 | 【待补充：包号】 | 电缆保护管（MPP） | 详见技术规范 | 【待补充】 | 按合同约定 | | 【待补充：分标名称】 | 【待补充：包号】 | 电缆保护管（CPVC） | 详见技术规范 | 【待补充】 | 按合同约定 |  以上数据以招标文件货物清单为准，最终数量、规格及交货时间以合同签订内容为准。  【2.2 项
104,2.4.2 项目概况,1165,包号,C-目标分标包件/货物清单/规格数量,P0,投标项目负责人,从最终投标包件、货物清单和技术规范书确认后填写, | 【待补充：分标名称】 | 【待补充：包号】 | 电缆保护管（MPP） | 详见技术规范 | 【待补充】 | 按合同约定 | | 【待补充：分标名称】 | 【待补充：包号】 | 电缆保护管（CPVC） | 详见技术规范 | 【待补充】 | 按合同约定 |  以上数据以招标文件货物清单为准，最终数量、规格及交货时间以合同签订内容为准。  【2.2 项目建设条件与工作界面】
105,2.4.2 项目概况,1165,未说明,C-目标分标包件/货物清单/规格数量,P0,投标项目负责人,从最终投标包件、货物清单和技术规范书确认后填写,PP） | 详见技术规范 | 【待补充】 | 按合同约定 | | 【待补充：分标名称】 | 【待补充：包号】 | 电缆保护管（CPVC） | 详见技术规范 | 【待补充】 | 按合同约定 |  以上数据以招标文件货物清单为准，最终数量、规格及交货时间以合同签订内容为准。  【2.2 项目建设条件与工作界面】  （1）**项目建设单位**：国网辽宁省电力有限公司，受托招
106,2.4.2 项目概况,1186,未说明,D-投标承诺期限/日期/响应时限,P0,商务+履约负责人,按招标文件要求和公司承诺口径确认后填写,。  【2.3 实施特点与保障措施】  （1）**生产周期**：我公司自有MPP、CPVC生产线各一条，设计产能可满足本次投标物资需求。正常交货周期为收到订单后【待补充】天，紧急订单可缩短至【待补充】天。  （2）**质量控制**：公司已通过质量管理体系认证（编号：06925Q10172R4，有效期至2028年2月15日）、环境管理体系认证（编号：17424E2098
107,2.4.2 项目概况,1186,未说明,D-投标承诺期限/日期/响应时限,P0,商务+履约负责人,按招标文件要求和公司承诺口径确认后填写,措施】  （1）**生产周期**：我公司自有MPP、CPVC生产线各一条，设计产能可满足本次投标物资需求。正常交货周期为收到订单后【待补充】天，紧急订单可缩短至【待补充】天。  （2）**质量控制**：公司已通过质量管理体系认证（编号：06925Q10172R4，有效期至2028年2月15日）、环境管理体系认证（编号：17424E20980R0M）及职业健康安全管理体
108,2.4.2 项目概况,1190,未说明,D-投标承诺期限/日期/响应时限,P0,商务+履约负责人,按招标文件要求和公司承诺口径确认后填写,219R0，有效期至2026年6月18日）。产品按批次进行100%尺寸外观检验、环刚度/维卡软化点等物理性能测试。  （3）**售后服务**：设售后专线（电话：【待补充】），接到通知后2小时内响应，48小时内人员到场。辽宁省内设有常驻技术服务人员，具体信息见《售后服务方案》章节。  【2.4 企业基本信息】  | 项目 | 内容 | |------|------| |
109,2.4.2 项目概况,1202,未说明,E-授权签章/联系人/人员姓名,P0,法务/授权经办人,补充最终授权代表、联系人、签字盖章和身份证明信息,| 注册资本 | 10000万元人民币 | | 成立日期 | 2012年11月14日 | | 注册地址 | 河北省保定市满城区陉阳驿村 | | 投标联系人 | 【待补充】 | | 联系电话 | 【待补充】 |  以上信息仅供招标人了解项目背景，详细资质、业绩、人员等证明材料见本资格文件其他章节。  【2.5 附件索引】  - 企业营业执照副本样张（见附件1） - 质量
110,2.4.2 项目概况,1203,未说明,E-授权签章/联系人/人员姓名,P0,法务/授权经办人,补充最终授权代表、联系人、签字盖章和身份证明信息,民币 | | 成立日期 | 2012年11月14日 | | 注册地址 | 河北省保定市满城区陉阳驿村 | | 投标联系人 | 【待补充】 | | 联系电话 | 【待补充】 |  以上信息仅供招标人了解项目背景，详细资质、业绩、人员等证明材料见本资格文件其他章节。  【2.5 附件索引】  - 企业营业执照副本样张（见附件1） - 质量管理体系认证证书（见附件2） - 
111,2.4.2 项目概况,1219,未说明,C-目标分标包件/货物清单/规格数量,P0,投标项目负责人,从最终投标包件、货物清单和技术规范书确认后填写, CPVC电缆保护管检验报告（见附件5） - MPP电缆保护管检验报告（见附件6） - 同类项目业绩证明材料（见附件7）  ---  **说明**：本节中所有“【待补充】”内容需在正式装订前依据招标文件最终分标方案、企业实际开具的票据及项目负责人任命文件补充完整。    ![泰昌2.晁坤琳第2页](/api/bidding/knowledge/assets/9b527
112,2.4.4 供货部署与资源配置,1285,本次实际投标的分标、包号、包名称和物资范围,C-目标分标包件/货物清单/规格数量,P0,投标项目负责人,从最终投标包件、货物清单和技术规范书确认后填写,MPP/CPVC）物资供货任务。  【1.1 供货范围与响应承诺】  本次投标产品为电缆保护管（MPP/CPVC），具体分标、包号、包名称及物资范围详见投标文件【待补充：本次实际投标的分标、包号、包名称和物资范围】。我公司拥有成熟的生产线和完善的质量保证体系，可按照招标文件规定的技术标准、交货期、质保期等要求完成供货。供货全过程包括原材料采购、生产制造、出厂检验、包装、运输、现场交付及售后服务，各环节均配置专职
113,2.4.4 供货部署与资源配置,1289,备货周期,G-生产设备/检测设备/产能量化,P1,生产/质量负责人,依据设备台账、计量检定证书和产能统计表补充量化数据,001:2015质量管理体系及本工程相关技术规范要求。  【1.2 供货计划与交付保障】  我公司将根据协议库存采购模式，建立动态库存管理机制，确保在接到订单后【待补充：备货周期】内完成生产、检验并具备发货条件。运输方面，我公司位于河北省保定市满城区，地处华北地区核心位置，毗邻高速公路干线，物流辐射辽宁全省，承诺【待补充：到场时间】内将货物安全送达指定地点。每批次供货将随货提供
114,2.4.4 供货部署与资源配置,1289,到场时间,D-投标承诺期限/日期/响应时限,P0,商务+履约负责人,按招标文件要求和公司承诺口径确认后填写,订单后【待补充：备货周期】内完成生产、检验并具备发货条件。运输方面，我公司位于河北省保定市满城区，地处华北地区核心位置，毗邻高速公路干线，物流辐射辽宁全省，承诺【待补充：到场时间】内将货物安全送达指定地点。每批次供货将随货提供出厂检验报告、合格证及质量证明文件，配合招标人进行到货验收及抽样检测。  【二、项目组织与人员配置】  【2.1 项目组织架构】  针对本次供货任务，我公
115,2.4.4 供货部署与资源配置,1295,本项目履约负责人及最终指派,F-项目人员最终指派及证明,P1,项目管理/人事,确认本项目实际投入人员，并匹配社保、劳动合同或任命证明,务，我公司设立专项工作组，由公司总经理统筹协调，下设生产制造组、质量检验组、物流交付组及售后技术组，各组职责明确、衔接紧密，确保供货全过程高效受控。项目负责人为【待补充：本项目履约负责人及最终指派】，负责与招标人、项目单位及监理单位的日常沟通与协调。  【2.2 拟投入本项目的管理及技术人员】  我公司拥有经验丰富的技术和管理团队，以下为可投入本项目的核心人员（具体岗位职责将根据合同签订后实际需
116,2.4.4 供货部署与资源配置,1319,人员社保资料及证书彩色扫描件,F-项目人员最终指派及证明,P1,项目管理/人事,确认本项目实际投入人员，并匹配社保、劳动合同或任命证明, | 质检员 | 过程检验及出厂检验 | 负责日常质量监控 |  以上人员均为我公司在职员工，其社会保险缴纳记录、劳动合同及资格证书副本附于投标文件资格证明部分【待补充：人员社保资料及证书彩色扫描件】。最终项目岗位指派将在合同签订前正式确认并提交招标人备案。  【2.3 人员资质与培训】  我公司定期组织生产、检验、售后人员参加专业培训，确保所有操作人员熟悉GB/T 19001、GB/T 2400
117,2.4.4 供货部署与资源配置,1333,未说明,G-生产设备/检测设备/产能量化,P1,生产/质量负责人,依据设备台账、计量检定证书和产能统计表补充量化数据, | 检定/校准状态 | |----------|-----------|------|------|---------------| | CPVC生产线 | 【待补充】 | 【待补充】 | CPVC电缆保护管生产 | 定期维护、运行正常 | | MPP生产线 | 【待补充】 | 【待补充】 | MPP电缆保护管生产 | 定期维护、运行正常 |  我公司可依据订单需求
118,2.4.4 供货部署与资源配置,1333,未说明,G-生产设备/检测设备/产能量化,P1,生产/质量负责人,依据设备台账、计量检定证书和产能统计表补充量化数据,状态 | |----------|-----------|------|------|---------------| | CPVC生产线 | 【待补充】 | 【待补充】 | CPVC电缆保护管生产 | 定期维护、运行正常 | | MPP生产线 | 【待补充】 | 【待补充】 | MPP电缆保护管生产 | 定期维护、运行正常 |  我公司可依据订单需求灵活调整生产班次
119,2.4.4 供货部署与资源配置,1334,未说明,G-生产设备/检测设备/产能量化,P1,生产/质量负责人,依据设备台账、计量检定证书和产能统计表补充量化数据,-------------| | CPVC生产线 | 【待补充】 | 【待补充】 | CPVC电缆保护管生产 | 定期维护、运行正常 | | MPP生产线 | 【待补充】 | 【待补充】 | MPP电缆保护管生产 | 定期维护、运行正常 |  我公司可依据订单需求灵活调整生产班次，日产能【待补充：量化产能承诺】，完全满足协议库存分批次供货的产能需求。  【3.2 检验
120,2.4.4 供货部署与资源配置,1334,未说明,G-生产设备/检测设备/产能量化,P1,生产/质量负责人,依据设备台账、计量检定证书和产能统计表补充量化数据,-----| | CPVC生产线 | 【待补充】 | 【待补充】 | CPVC电缆保护管生产 | 定期维护、运行正常 | | MPP生产线 | 【待补充】 | 【待补充】 | MPP电缆保护管生产 | 定期维护、运行正常 |  我公司可依据订单需求灵活调整生产班次，日产能【待补充：量化产能承诺】，完全满足协议库存分批次供货的产能需求。  【3.2 检验试验设备】  为
121,2.4.4 供货部署与资源配置,1336,量化产能承诺,G-生产设备/检测设备/产能量化,P1,生产/质量负责人,依据设备台账、计量检定证书和产能统计表补充量化数据,正常 | | MPP生产线 | 【待补充】 | 【待补充】 | MPP电缆保护管生产 | 定期维护、运行正常 |  我公司可依据订单需求灵活调整生产班次，日产能【待补充：量化产能承诺】，完全满足协议库存分批次供货的产能需求。  【3.2 检验试验设备】  为保障产品质量，我公司配备完整的检验试验设备，所有设备均按计量管理要求定期检定/校准，确保检测数据准确可靠。主要设备如下：  |
122,2.4.4 供货部署与资源配置,1344,未说明,G-生产设备/检测设备/产能量化,P1,生产/质量负责人,依据设备台账、计量检定证书和产能统计表补充量化数据,| 备注 | |----------|-----------|------|-----------------|------| | 微机控制电子万能试验机 | 【待补充】 | 【待补充】 | 【待补充】 | 用于力学性能检测 | | 热变形/维卡软化点温度测定仪 | 【待补充】 | 【待补充】 | 【待补充】 | 用于热性能检测 | | 电子天平 | 【待补充】 | 
123,2.4.4 供货部署与资源配置,1344,未说明,G-生产设备/检测设备/产能量化,P1,生产/质量负责人,依据设备台账、计量检定证书和产能统计表补充量化数据,----------|-----------|------|-----------------|------| | 微机控制电子万能试验机 | 【待补充】 | 【待补充】 | 【待补充】 | 用于力学性能检测 | | 热变形/维卡软化点温度测定仪 | 【待补充】 | 【待补充】 | 【待补充】 | 用于热性能检测 | | 电子天平 | 【待补充】 | 【待补充】 | 
124,2.4.4 供货部署与资源配置,1344,未说明,G-生产设备/检测设备/产能量化,P1,生产/质量负责人,依据设备台账、计量检定证书和产能统计表补充量化数据,--|-----------|------|-----------------|------| | 微机控制电子万能试验机 | 【待补充】 | 【待补充】 | 【待补充】 | 用于力学性能检测 | | 热变形/维卡软化点温度测定仪 | 【待补充】 | 【待补充】 | 【待补充】 | 用于热性能检测 | | 电子天平 | 【待补充】 | 【待补充】 | 【待补充】 | 
125,2.4.4 供货部署与资源配置,1345,未说明,G-生产设备/检测设备/产能量化,P1,生产/质量负责人,依据设备台账、计量检定证书和产能统计表补充量化数据,-|------| | 微机控制电子万能试验机 | 【待补充】 | 【待补充】 | 【待补充】 | 用于力学性能检测 | | 热变形/维卡软化点温度测定仪 | 【待补充】 | 【待补充】 | 【待补充】 | 用于热性能检测 | | 电子天平 | 【待补充】 | 【待补充】 | 【待补充】 | 用于称重计量 | | 锤击试验装置 | 【待补充】 | 【待补充】 | 【待
126,2.4.4 供货部署与资源配置,1345,未说明,G-生产设备/检测设备/产能量化,P1,生产/质量负责人,依据设备台账、计量检定证书和产能统计表补充量化数据,| | 微机控制电子万能试验机 | 【待补充】 | 【待补充】 | 【待补充】 | 用于力学性能检测 | | 热变形/维卡软化点温度测定仪 | 【待补充】 | 【待补充】 | 【待补充】 | 用于热性能检测 | | 电子天平 | 【待补充】 | 【待补充】 | 【待补充】 | 用于称重计量 | | 锤击试验装置 | 【待补充】 | 【待补充】 | 【待补充】 | 用于
127,2.4.4 供货部署与资源配置,1345,未说明,G-生产设备/检测设备/产能量化,P1,生产/质量负责人,依据设备台账、计量检定证书和产能统计表补充量化数据,电子万能试验机 | 【待补充】 | 【待补充】 | 【待补充】 | 用于力学性能检测 | | 热变形/维卡软化点温度测定仪 | 【待补充】 | 【待补充】 | 【待补充】 | 用于热性能检测 | | 电子天平 | 【待补充】 | 【待补充】 | 【待补充】 | 用于称重计量 | | 锤击试验装置 | 【待补充】 | 【待补充】 | 【待补充】 | 用于冲击性能检测 |
128,2.4.4 供货部署与资源配置,1346,未说明,G-生产设备/检测设备/产能量化,P1,生产/质量负责人,依据设备台账、计量检定证书和产能统计表补充量化数据,待补充】 | 用于力学性能检测 | | 热变形/维卡软化点温度测定仪 | 【待补充】 | 【待补充】 | 【待补充】 | 用于热性能检测 | | 电子天平 | 【待补充】 | 【待补充】 | 【待补充】 | 用于称重计量 | | 锤击试验装置 | 【待补充】 | 【待补充】 | 【待补充】 | 用于冲击性能检测 | | 熔体流动速率仪 | 【待补充】 | 【待补充】 
129,2.4.4 供货部署与资源配置,1346,未说明,G-生产设备/检测设备/产能量化,P1,生产/质量负责人,依据设备台账、计量检定证书和产能统计表补充量化数据,于力学性能检测 | | 热变形/维卡软化点温度测定仪 | 【待补充】 | 【待补充】 | 【待补充】 | 用于热性能检测 | | 电子天平 | 【待补充】 | 【待补充】 | 【待补充】 | 用于称重计量 | | 锤击试验装置 | 【待补充】 | 【待补充】 | 【待补充】 | 用于冲击性能检测 | | 熔体流动速率仪 | 【待补充】 | 【待补充】 | 【待补充】 
130,2.4.4 供货部署与资源配置,1346,未说明,G-生产设备/检测设备/产能量化,P1,生产/质量负责人,依据设备台账、计量检定证书和产能统计表补充量化数据,| | 热变形/维卡软化点温度测定仪 | 【待补充】 | 【待补充】 | 【待补充】 | 用于热性能检测 | | 电子天平 | 【待补充】 | 【待补充】 | 【待补充】 | 用于称重计量 | | 锤击试验装置 | 【待补充】 | 【待补充】 | 【待补充】 | 用于冲击性能检测 | | 熔体流动速率仪 | 【待补充】 | 【待补充】 | 【待补充】 | 用于熔体流动
131,2.4.4 供货部署与资源配置,1347,未说明,Z-其他人工复核,P2,投标编制负责人,人工核实后填写, 【待补充】 | 【待补充】 | 用于热性能检测 | | 电子天平 | 【待补充】 | 【待补充】 | 【待补充】 | 用于称重计量 | | 锤击试验装置 | 【待补充】 | 【待补充】 | 【待补充】 | 用于冲击性能检测 | | 熔体流动速率仪 | 【待补充】 | 【待补充】 | 【待补充】 | 用于熔体流动速率检测 | | 电子拉力试验机 | 【待补充】 | 【
132,2.4.4 供货部署与资源配置,1347,未说明,Z-其他人工复核,P2,投标编制负责人,人工核实后填写, 【待补充】 | 用于热性能检测 | | 电子天平 | 【待补充】 | 【待补充】 | 【待补充】 | 用于称重计量 | | 锤击试验装置 | 【待补充】 | 【待补充】 | 【待补充】 | 用于冲击性能检测 | | 熔体流动速率仪 | 【待补充】 | 【待补充】 | 【待补充】 | 用于熔体流动速率检测 | | 电子拉力试验机 | 【待补充】 | 【待补充】 | 【
133,2.4.4 供货部署与资源配置,1347,未说明,Z-其他人工复核,P2,投标编制负责人,人工核实后填写, 用于热性能检测 | | 电子天平 | 【待补充】 | 【待补充】 | 【待补充】 | 用于称重计量 | | 锤击试验装置 | 【待补充】 | 【待补充】 | 【待补充】 | 用于冲击性能检测 | | 熔体流动速率仪 | 【待补充】 | 【待补充】 | 【待补充】 | 用于熔体流动速率检测 | | 电子拉力试验机 | 【待补充】 | 【待补充】 | 【待补充】 | 用
134,2.4.4 供货部署与资源配置,1348,未说明,G-生产设备/检测设备/产能量化,P1,生产/质量负责人,依据设备台账、计量检定证书和产能统计表补充量化数据,充】 | 【待补充】 | 用于称重计量 | | 锤击试验装置 | 【待补充】 | 【待补充】 | 【待补充】 | 用于冲击性能检测 | | 熔体流动速率仪 | 【待补充】 | 【待补充】 | 【待补充】 | 用于熔体流动速率检测 | | 电子拉力试验机 | 【待补充】 | 【待补充】 | 【待补充】 | 用于拉伸性能检测 |  所有设备台账、检定证书及操作规程文件随投
135,2.4.4 供货部署与资源配置,1348,未说明,G-生产设备/检测设备/产能量化,P1,生产/质量负责人,依据设备台账、计量检定证书和产能统计表补充量化数据,充】 | 用于称重计量 | | 锤击试验装置 | 【待补充】 | 【待补充】 | 【待补充】 | 用于冲击性能检测 | | 熔体流动速率仪 | 【待补充】 | 【待补充】 | 【待补充】 | 用于熔体流动速率检测 | | 电子拉力试验机 | 【待补充】 | 【待补充】 | 【待补充】 | 用于拉伸性能检测 |  所有设备台账、检定证书及操作规程文件随投标文件一并提供（
136,2.4.4 供货部署与资源配置,1348,未说明,G-生产设备/检测设备/产能量化,P1,生产/质量负责人,依据设备台账、计量检定证书和产能统计表补充量化数据,重计量 | | 锤击试验装置 | 【待补充】 | 【待补充】 | 【待补充】 | 用于冲击性能检测 | | 熔体流动速率仪 | 【待补充】 | 【待补充】 | 【待补充】 | 用于熔体流动速率检测 | | 电子拉力试验机 | 【待补充】 | 【待补充】 | 【待补充】 | 用于拉伸性能检测 |  所有设备台账、检定证书及操作规程文件随投标文件一并提供（详见资格文件附件
137,2.4.4 供货部署与资源配置,1349,未说明,G-生产设备/检测设备/产能量化,P1,生产/质量负责人,依据设备台账、计量检定证书和产能统计表补充量化数据,【待补充】 | 用于冲击性能检测 | | 熔体流动速率仪 | 【待补充】 | 【待补充】 | 【待补充】 | 用于熔体流动速率检测 | | 电子拉力试验机 | 【待补充】 | 【待补充】 | 【待补充】 | 用于拉伸性能检测 |  所有设备台账、检定证书及操作规程文件随投标文件一并提供（详见资格文件附件【待补充：设备及计量器具    ![泰昌碳足迹报告第10页](/a
138,2.4.4 供货部署与资源配置,1349,未说明,G-生产设备/检测设备/产能量化,P1,生产/质量负责人,依据设备台账、计量检定证书和产能统计表补充量化数据,用于冲击性能检测 | | 熔体流动速率仪 | 【待补充】 | 【待补充】 | 【待补充】 | 用于熔体流动速率检测 | | 电子拉力试验机 | 【待补充】 | 【待补充】 | 【待补充】 | 用于拉伸性能检测 |  所有设备台账、检定证书及操作规程文件随投标文件一并提供（详见资格文件附件【待补充：设备及计量器具    ![泰昌碳足迹报告第10页](/api/biddi
139,2.4.4 供货部署与资源配置,1349,未说明,G-生产设备/检测设备/产能量化,P1,生产/质量负责人,依据设备台账、计量检定证书和产能统计表补充量化数据, | | 熔体流动速率仪 | 【待补充】 | 【待补充】 | 【待补充】 | 用于熔体流动速率检测 | | 电子拉力试验机 | 【待补充】 | 【待补充】 | 【待补充】 | 用于拉伸性能检测 |  所有设备台账、检定证书及操作规程文件随投标文件一并提供（详见资格文件附件【待补充：设备及计量器具    ![泰昌碳足迹报告第10页](/api/bidding/knowl
140,2.4.4 供货部署与资源配置,1351,设备及计量器具 ![泰昌碳足迹报告第10页](/api/bidding/knowledge/assets/b9c4ac84-e14b-4b7b-b8f0-...,G-生产设备/检测设备/产能量化,P1,生产/质量负责人,依据设备台账、计量检定证书和产能统计表补充量化数据,拉力试验机 | 【待补充】 | 【待补充】 | 【待补充】 | 用于拉伸性能检测 |  所有设备台账、检定证书及操作规程文件随投标文件一并提供（详见资格文件附件【待补充：设备及计量器具    ![泰昌碳足迹报告第10页](/api/bidding/knowledge/assets/b9c4ac84-e14b-4b7b-b8f0-2a2727eb12e0/file?variant=original)  图示：泰昌碳足迹报告第10页    
141,3. 投标函及格式文件,1373,2225AC,Z-其他人工复核,P2,投标编制负责人,人工核实后填写,、投标人须知、合同条款、技术规范及供货要求等。经慎重考虑，我方郑重承诺如下：  一、我方愿意按照招标文件规定的各项要求，以投标报价表中所列明的价格，提供招标编号【待补充：2225AC】下第【待补充：分标编号】分标【待补充：包号】包（产品名称：电缆保护管，具体型号详见投标报价表）的供货、包装、运输、交付及售后服务。  二、我方投标总价为人民币【待补充：投标总价（小写及大写）】元（含税
142,3. 投标函及格式文件,1373,分标编号,C-目标分标包件/货物清单/规格数量,P0,投标项目负责人,从最终投标包件、货物清单和技术规范书确认后填写,规范及供货要求等。经慎重考虑，我方郑重承诺如下：  一、我方愿意按照招标文件规定的各项要求，以投标报价表中所列明的价格，提供招标编号【待补充：2225AC】下第【待补充：分标编号】分标【待补充：包号】包（产品名称：电缆保护管，具体型号详见投标报价表）的供货、包装、运输、交付及售后服务。  二、我方投标总价为人民币【待补充：投标总价（小写及大写）】元（含税），包含所供货物本体、备
143,3. 投标函及格式文件,1373,包号,A-最终报价/价格清单/商务金额,P0,商务报价负责人,依据最终报价表、分项价格表、税率和投标策略填写,考虑，我方郑重承诺如下：  一、我方愿意按照招标文件规定的各项要求，以投标报价表中所列明的价格，提供招标编号【待补充：2225AC】下第【待补充：分标编号】分标【待补充：包号】包（产品名称：电缆保护管，具体型号详见投标报价表）的供货、包装、运输、交付及售后服务。  二、我方投标总价为人民币【待补充：投标总价（小写及大写）】元（含税），包含所供货物本体、备品备件、专用工具、技
144,3. 投标函及格式文件,1375,投标总价（小写及大写）,A-最终报价/价格清单/商务金额,P0,商务报价负责人,依据最终报价表、分项价格表、税率和投标策略填写,】下第【待补充：分标编号】分标【待补充：包号】包（产品名称：电缆保护管，具体型号详见投标报价表）的供货、包装、运输、交付及售后服务。  二、我方投标总价为人民币【待补充：投标总价（小写及大写）】元（含税），包含所供货物本体、备品备件、专用工具、技术资料、包装、运输、保险、税费及售后服务等全部费用。分项报价详见《投标报价表》。  三、交货期限：我方承诺在收到中标通知书及买方发出的供货通知后，按
145,3. 投标函及格式文件,1377,具体天数,D-投标承诺期限/日期/响应时限,P0,商务+履约负责人,按招标文件要求和公司承诺口径确认后填写,技术资料、包装、运输、保险、税费及售后服务等全部费用。分项报价详见《投标报价表》。  三、交货期限：我方承诺在收到中标通知书及买方发出的供货通知后，按照合同约定【待补充：具体天数】日历天内完成首批供货，全部货物在【待补充：合同约定总供货周期】内分批交付至买方指定地点。  四、质量承诺：我方承诺所供产品均为全新、未使用过的合格产品，完全符合招标文件技术规范、国家标准（GB/T 1
146,3. 投标函及格式文件,1377,合同约定总供货周期,I-业绩附件/合同验收发票复核,P1,商务资料负责人,补齐或复核合同、中标通知书、验收/评价、发票等附件关键页,。分项报价详见《投标报价表》。  三、交货期限：我方承诺在收到中标通知书及买方发出的供货通知后，按照合同约定【待补充：具体天数】日历天内完成首批供货，全部货物在【待补充：合同约定总供货周期】内分批交付至买方指定地点。  四、质量承诺：我方承诺所供产品均为全新、未使用过的合格产品，完全符合招标文件技术规范、国家标准（GB/T 19001-2016/ISO 9001:2015质量管理体系认证
147,3. 投标函及格式文件,1379,质保期月数,D-投标承诺期限/日期/响应时限,P0,商务+履约负责人,按招标文件要求和公司承诺口径确认后填写,缆保护管报告编号2024100312005501713，MPP电缆保护管报告编号2024100312005501712）所示数据。质保期自货物交付验收合格之日起【待补充：质保期月数】个月。  五、投标有效期：本投标函自开标之日起【待补充：投标有效期天数】日历天内有效。  六、投标保证金：我方已按招标文件要求递交投标保证金，金额为人民币【待补充：投标保证金金额（小写及大写）】元，形
148,3. 投标函及格式文件,1381,投标有效期天数,D-投标承诺期限/日期/响应时限,P0,商务+履约负责人,按招标文件要求和公司承诺口径确认后填写,护管报告编号2024100312005501712）所示数据。质保期自货物交付验收合格之日起【待补充：质保期月数】个月。  五、投标有效期：本投标函自开标之日起【待补充：投标有效期天数】日历天内有效。  六、投标保证金：我方已按招标文件要求递交投标保证金，金额为人民币【待补充：投标保证金金额（小写及大写）】元，形式为【待补充：电汇/保函等】。保证金递交凭证随投标文件一并提交。  七、
149,3. 投标函及格式文件,1383,投标保证金金额（小写及大写）,B-保证金/银行账户资料,P0,财务/商务负责人,补充基本账户开户信息、保证金金额、形式、缴纳凭证或保函信息,月数】个月。  五、投标有效期：本投标函自开标之日起【待补充：投标有效期天数】日历天内有效。  六、投标保证金：我方已按招标文件要求递交投标保证金，金额为人民币【待补充：投标保证金金额（小写及大写）】元，形式为【待补充：电汇/保函等】。保证金递交凭证随投标文件一并提交。  七、履约能力：我方具备电缆保护管MPP/CPVC产品规模化生产能力，现有CPVC生产线【待补充：条数】条、MPP生产线【待补充
150,3. 投标函及格式文件,1383,电汇/保函等,B-保证金/银行账户资料,P0,财务/商务负责人,补充基本账户开户信息、保证金金额、形式、缴纳凭证或保函信息,起【待补充：投标有效期天数】日历天内有效。  六、投标保证金：我方已按招标文件要求递交投标保证金，金额为人民币【待补充：投标保证金金额（小写及大写）】元，形式为【待补充：电汇/保函等】。保证金递交凭证随投标文件一并提交。  七、履约能力：我方具备电缆保护管MPP/CPVC产品规模化生产能力，现有CPVC生产线【待补充：条数】条、MPP生产线【待补充：条数】条，年产能【待补充：年产能
151,3. 投标函及格式文件,1385,条数,B-保证金/银行账户资料,P0,财务/商务负责人,补充基本账户开户信息、保证金金额、形式、缴纳凭证或保函信息,元，形式为【待补充：电汇/保函等】。保证金递交凭证随投标文件一并提交。  七、履约能力：我方具备电缆保护管MPP/CPVC产品规模化生产能力，现有CPVC生产线【待补充：条数】条、MPP生产线【待补充：条数】条，年产能【待补充：年产能米数】米。我方拥有完善的检测设备（微机控制电子万能试验机、热变形/维卡软化点温度测定仪等），能够严格执行出厂检验制度。我方已完成为国网天津市电
152,3. 投标函及格式文件,1385,条数,B-保证金/银行账户资料,P0,财务/商务负责人,补充基本账户开户信息、保证金金额、形式、缴纳凭证或保函信息,】。保证金递交凭证随投标文件一并提交。  七、履约能力：我方具备电缆保护管MPP/CPVC产品规模化生产能力，现有CPVC生产线【待补充：条数】条、MPP生产线【待补充：条数】条，年产能【待补充：年产能米数】米。我方拥有完善的检测设备（微机控制电子万能试验机、热变形/维卡软化点温度测定仪等），能够严格执行出厂检验制度。我方已完成为国网天津市电力公司2022年第二次配网物资协
153,3. 投标函及格式文件,1385,年产能米数,G-生产设备/检测设备/产能量化,P1,生产/质量负责人,依据设备台账、计量检定证书和产能统计表补充量化数据,件一并提交。  七、履约能力：我方具备电缆保护管MPP/CPVC产品规模化生产能力，现有CPVC生产线【待补充：条数】条、MPP生产线【待补充：条数】条，年产能【待补充：年产能米数】米。我方拥有完善的检测设备（微机控制电子万能试验机、热变形/维卡软化点温度测定仪等），能够严格执行出厂检验制度。我方已完成为国网天津市电力公司2022年第二次配网物资协议库存招标采购项目（合同编号SG
154,3. 投标函及格式文件,1394,投标日期，格式为XXXX年XX月XX日,D-投标承诺期限/日期/响应时限,P0,商务+履约负责人,按招标文件要求和公司承诺口径确认后填写,度，并承担相应法律责任。  法定代表人或授权代表签字：____________________   投标人名称：河北泰昌电力器材科技有限公司（盖章）   日期：【待补充：投标日期，格式为XXXX年XX月XX日】  【4.2 合同条款响应承诺】  我方已逐条阅读并完全理解招标文件第四章“合同条款”的全部内容，现就关键商务条款承诺响应如下：  | 序号 | 条款类别 | 招标文件要求 | 我方响应承诺 | 偏离
155,3. 投标函及格式文件,1403,保证金形式，如银行保函或电汇,B-保证金/银行账户资料,P0,财务/商务负责人,补充基本账户开户信息、保证金金额、形式、缴纳凭证或保函信息,定的预付款、到货款、验收款及质保金比例及支付条件 | 无偏离 | | 2 | 履约保证金 | 中标后按招标文件要求提交 | 中标后及时足额提交履约保证金，形式为【待补充：保证金形式，如银行保函或电汇】 | 无偏离 | | 3 | 税费 | 投标报价含增值税，按国家税法开具发票 | 根据现行增值税法规，开具税率为13%的增值税专用发票 | 无偏离 | | 4 | 廉洁要求 | 遵守廉洁从业规定，禁止
156,3. 投标函及格式文件,1439,承诺函签署日期,D-投标承诺期限/日期/响应时限,P0,商务+履约负责人,按招标文件要求和公司承诺口径确认后填写,，并承担由此产生的一切法律责任。  承诺人：河北泰昌电力器材科技有限公司（盖章）   法定代表人或授权代表：____________________   日期：【待补充：承诺函签署日期】  【4.4.2 质量保证承诺书】  致：国网辽宁省电力有限公司  我方承诺在本次投标及后续履约过程中，严格遵循以下质量保证措施：  一、产品严格按照经认证的质量管理体系（GB/T 19001-201
157,3.1 法定代表人身份证明及授权委托书,1463,人工复核后填写,E-授权签章/联系人/人员姓名,P0,法务/授权经办人,补充最终授权代表、联系人、签字盖章和身份证明信息,第15页  ## 3.1 法定代表人身份证明及授权委托书  【法定代表人身份证明】  致：国网辽宁省电力有限公司（招标人）  兹证明**晁坤琳**（身份证号码：【待补充：人工复核后填写】）系**河北泰昌电力器材科技有限公司**（统一社会信用代码：91130607056539515C）的法定代表人，现任公司**董事长**职务。  特此证明。  **附：法定代表人身份证复印件（加盖单位公
158,3.1 法定代表人身份证明及授权委托书,1473,人工签署,Z-其他人工复核,P2,投标编制负责人,人工核实后填写, **附：法定代表人身份证复印件（加盖单位公章）**  &emsp;  投标人名称（盖章）：河北泰昌电力器材科技有限公司  法定代表人或其授权代表（签字）：**【待补充：人工签署】**  日　　期：**【待补充：填至投标截止日前】**  ---  【法定代表人授权委托书】  致：国网辽宁省电力有限公司  本授权委托书声明：我**晁坤琳**（法定代表人）系**河北泰昌电力器材科技
159,3.1 法定代表人身份证明及授权委托书,1475,填至投标截止日前,Z-其他人工复核,P2,投标编制负责人,人工核实后填写,公章）**  &emsp;  投标人名称（盖章）：河北泰昌电力器材科技有限公司  法定代表人或其授权代表（签字）：**【待补充：人工签署】**  日　　期：**【待补充：填至投标截止日前】**  ---  【法定代表人授权委托书】  致：国网辽宁省电力有限公司  本授权委托书声明：我**晁坤琳**（法定代表人）系**河北泰昌电力器材科技有限公司**的法定代表人，现授权委托**【待补充：
160,3.1 法定代表人身份证明及授权委托书,1483,被授权代理人姓名,E-授权签章/联系人/人员姓名,P0,法务/授权经办人,补充最终授权代表、联系人、签字盖章和身份证明信息,授权委托书】  致：国网辽宁省电力有限公司  本授权委托书声明：我**晁坤琳**（法定代表人）系**河北泰昌电力器材科技有限公司**的法定代表人，现授权委托**【待补充：被授权代理人姓名】**（身份证号码：【待补充：人工复核后填写】）为我公司唯一合法代理人，以我公司名义参加**国网辽宁电力2025年第三次物资协议库存招标采购**（招标编号：**2225AC**）的投标活动。  代理人在
161,3.1 法定代表人身份证明及授权委托书,1483,人工复核后填写,E-授权签章/联系人/人员姓名,P0,法务/授权经办人,补充最终授权代表、联系人、签字盖章和身份证明信息,本授权委托书声明：我**晁坤琳**（法定代表人）系**河北泰昌电力器材科技有限公司**的法定代表人，现授权委托**【待补充：被授权代理人姓名】**（身份证号码：【待补充：人工复核后填写】）为我公司唯一合法代理人，以我公司名义参加**国网辽宁电力2025年第三次物资协议库存招标采购**（招标编号：**2225AC**）的投标活动。  代理人在投标、开标、评标、合同谈判、合同签订及合同履
162,3.1 法定代表人身份证明及授权委托书,1497,晁坤琳签名,Z-其他人工复核,P2,投标编制负责人,人工核实后填写,行贿犯罪记录**。如有虚假，自愿承担由此产生的一切法律后果。  **附：被授权代理人身份证复印件（加盖单位公章）**  &emsp;  法定代表人（签字）：**【待补充：晁坤琳签名】**  投标人名称（盖章）：河北泰昌电力器材科技有限公司  统一社会信用代码：91130607056539515C  授权代理人（签字）：**【待补充：代理人签名】**  签署日期：**【待补充：填至
163,3.1 法定代表人身份证明及授权委托书,1503,代理人签名,Z-其他人工复核,P2,投标编制负责人,人工核实后填写,补充：晁坤琳签名】**  投标人名称（盖章）：河北泰昌电力器材科技有限公司  统一社会信用代码：91130607056539515C  授权代理人（签字）：**【待补充：代理人签名】**  签署日期：**【待补充：填至投标截止日前】**  ---  【被授权人身份证明】  （此处附被授权代理人身份证正反面复印件，并加盖投标人单位公章。具体身份信息以实际签署人为准，需确保复印件清晰
164,3.1 法定代表人身份证明及授权委托书,1505,填至投标截止日前,Z-其他人工复核,P2,投标编制负责人,人工核实后填写,：河北泰昌电力器材科技有限公司  统一社会信用代码：91130607056539515C  授权代理人（签字）：**【待补充：代理人签名】**  签署日期：**【待补充：填至投标截止日前】**  ---  【被授权人身份证明】  （此处附被授权代理人身份证正反面复印件，并加盖投标人单位公章。具体身份信息以实际签署人为准，需确保复印件清晰、有效。）  ---  【响应说明】  1. 本章
165,3.1.1 编制依据,1547,具体条款号,Z-其他人工复核,P2,投标编制负责人,人工核实后填写,. **响应要点**：根据招标文件规定，投标人应提交法定代表人身份证明及授权委托书，并确保授权代理人在授权范围内从事投标活动。同时，依据招标文件“投标人须知”第【待补充：具体条款号】项要求，投标人及其法定代表人（单位负责人）在投标截止日前三年内不得有行贿犯罪记录，本节编制的授权文件亦须符合该合规性要求。  【二、法律法规及规范性文件依据】  1. 《中华人民共和国民法典》第一编 
166,3.1.1 编制依据,1568,页码,H-最终排版页码/附件索引,P1,排版/标书装订负责人,DOCX/PDF定稿后按目录和附件顺序回填，不需要客户新增资料,限公司现行有效的《公司章程》中关于法定代表人职权及对外授权程序的规定；    - 由法定代表人晁坤琳出具的《法定代表人身份证明》（原件扫描件见投标文件商务分册第【待补充：页码】页）；    - 法定代表人签署的《授权委托书》（原件扫描件见投标文件商务分册第【待补充：页码】页），授权范围明确为：“代表我公司参加国网辽宁电力2025年第三次物资协议库存招标采购（招标编号：222
167,3.1.1 编制依据,1569,页码,H-最终排版页码/附件索引,P1,排版/标书装订负责人,DOCX/PDF定稿后按目录和附件顺序回填，不需要客户新增资料,坤琳出具的《法定代表人身份证明》（原件扫描件见投标文件商务分册第【待补充：页码】页）；    - 法定代表人签署的《授权委托书》（原件扫描件见投标文件商务分册第【待补充：页码】页），授权范围明确为：“代表我公司参加国网辽宁电力2025年第三次物资协议库存招标采购（招标编号：2225AC）的投标活动，包括但不限于提交投标文件、澄清说明、签署合同、办理履约手续等”。  3. *
168,3.1.2 项目概况,1611,本次投标拟承诺的交货周期,D-投标承诺期限/日期/响应时限,P0,商务+履约负责人,按招标文件要求和公司承诺口径确认后填写,服务**：在产品质保期内提供技术支持、质量追溯及问题处理服务。  【4.5 关键约束与实施特点】 - **交货期**：具体交货期限以招标文件规定及合同约定为准，【待补充：本次投标拟承诺的交货周期】。 - **质量保证期**：自产品到货验收合格之日起计算，不少于招标文件要求的年限，【待补充：投标承诺的质保期】。 - **价格约束**：投标报价包含货物本体、备品备件、专用工具、包装、运输、保险、交
169,3.1.2 项目概况,1612,投标承诺的质保期,D-投标承诺期限/日期/响应时限,P0,商务+履约负责人,按招标文件要求和公司承诺口径确认后填写,体交货期限以招标文件规定及合同约定为准，【待补充：本次投标拟承诺的交货周期】。 - **质量保证期**：自产品到货验收合格之日起计算，不少于招标文件要求的年限，【待补充：投标承诺的质保期】。 - **价格约束**：投标报价包含货物本体、备品备件、专用工具、包装、运输、保险、交货、技术服务、指导安装、调试、售后服务、税费等全部费用。 - **履约要求**：中标后按照合同约定提交履约保证金
170,3.2 投标保证金,1636,投标保证金提交方式，如：银行汇款/银行保函/投标保证保险,B-保证金/银行账户资料,P0,财务/商务负责人,补充基本账户开户信息、保证金金额、形式、缴纳凭证或保函信息,金额及本章要求提交投标保证金。  【5.2 投标保证金提交方式】  根据招标文件要求，投标保证金可以银行汇款、银行保函、投标保证保险或现金等方式提交。我公司选用【待补充：投标保证金提交方式，如：银行汇款/银行保函/投标保证保险】形式提交本项目投标保证金，具体提交情况如下：  【5.2.1 投标保证金金额】  我公司所投分标编号及包号如下： - 分标编号：【待补充：人工复核并填入实际所投分标编号】 - 包号：【待补充：人工复核
171,3.2 投标保证金,1641,人工复核并填入实际所投分标编号,C-目标分标包件/货物清单/规格数量,P0,投标项目负责人,从最终投标包件、货物清单和技术规范书确认后填写,行汇款/银行保函/投标保证保险】形式提交本项目投标保证金，具体提交情况如下：  【5.2.1 投标保证金金额】  我公司所投分标编号及包号如下： - 分标编号：【待补充：人工复核并填入实际所投分标编号】 - 包号：【待补充：人工复核并填入实际所投包号】 - 包名称：【待补充：人工复核并填入实际所投包名称】  根据招标文件投标人须知前附表之附表一规定，本次投标保证金金额为人民币【待补充：人工复核并填入
172,3.2 投标保证金,1642,人工复核并填入实际所投包号,C-目标分标包件/货物清单/规格数量,P0,投标项目负责人,从最终投标包件、货物清单和技术规范书确认后填写,金，具体提交情况如下：  【5.2.1 投标保证金金额】  我公司所投分标编号及包号如下： - 分标编号：【待补充：人工复核并填入实际所投分标编号】 - 包号：【待补充：人工复核并填入实际所投包号】 - 包名称：【待补充：人工复核并填入实际所投包名称】  根据招标文件投标人须知前附表之附表一规定，本次投标保证金金额为人民币【待补充：人工复核并填入实际应缴保证金金额】元（大写：【待补充：人工复核并
173,3.2 投标保证金,1643,人工复核并填入实际所投包名称,C-目标分标包件/货物清单/规格数量,P0,投标项目负责人,从最终投标包件、货物清单和技术规范书确认后填写,额】  我公司所投分标编号及包号如下： - 分标编号：【待补充：人工复核并填入实际所投分标编号】 - 包号：【待补充：人工复核并填入实际所投包号】 - 包名称：【待补充：人工复核并填入实际所投包名称】  根据招标文件投标人须知前附表之附表一规定，本次投标保证金金额为人民币【待补充：人工复核并填入实际应缴保证金金额】元（大写：【待补充：人工复核并填入大写金额】）。  【5.2.2 银行汇款方式（如选
174,3.2 投标保证金,1645,人工复核并填入实际应缴保证金金额,B-保证金/银行账户资料,P0,财务/商务负责人,补充基本账户开户信息、保证金金额、形式、缴纳凭证或保函信息,补充：人工复核并填入实际所投包号】 - 包名称：【待补充：人工复核并填入实际所投包名称】  根据招标文件投标人须知前附表之附表一规定，本次投标保证金金额为人民币【待补充：人工复核并填入实际应缴保证金金额】元（大写：【待补充：人工复核并填入大写金额】）。  【5.2.2 银行汇款方式（如选用）】  如以银行汇款形式提交投标保证金，我公司承诺：  1. 投标保证金从我公司基本账户转出，我公司基本账户信息如
175,3.2 投标保证金,1645,人工复核并填入大写金额,A-最终报价/价格清单/商务金额,P0,商务报价负责人,依据最终报价表、分项价格表、税率和投标策略填写,充：人工复核并填入实际所投包名称】  根据招标文件投标人须知前附表之附表一规定，本次投标保证金金额为人民币【待补充：人工复核并填入实际应缴保证金金额】元（大写：【待补充：人工复核并填入大写金额】）。  【5.2.2 银行汇款方式（如选用）】  如以银行汇款形式提交投标保证金，我公司承诺：  1. 投标保证金从我公司基本账户转出，我公司基本账户信息如下：    - 开户名称：河北泰昌电力器材科
176,3.2 投标保证金,1653,人工复核并填入基本账户开户银行全称,B-保证金/银行账户资料,P0,财务/商务负责人,补充基本账户开户信息、保证金金额、形式、缴纳凭证或保函信息,标保证金，我公司承诺：  1. 投标保证金从我公司基本账户转出，我公司基本账户信息如下：    - 开户名称：河北泰昌电力器材科技有限公司    - 开户银行：【待补充：人工复核并填入基本账户开户银行全称】    - 银行账号：【待补充：人工复核并填入基本账户账号】  2. 汇款摘要已按照招标文件要求注明所投的分标编号和包号，格式为：2225AC-【待补充：物资类别编码】包【待补充：包号】。  3. 投
177,3.2 投标保证金,1654,人工复核并填入基本账户账号,B-保证金/银行账户资料,P0,财务/商务负责人,补充基本账户开户信息、保证金金额、形式、缴纳凭证或保函信息,司基本账户信息如下：    - 开户名称：河北泰昌电力器材科技有限公司    - 开户银行：【待补充：人工复核并填入基本账户开户银行全称】    - 银行账号：【待补充：人工复核并填入基本账户账号】  2. 汇款摘要已按照招标文件要求注明所投的分标编号和包号，格式为：2225AC-【待补充：物资类别编码】包【待补充：包号】。  3. 投标保证金汇款时间为【待补充：人工复核并填入实际汇款日期】，确
178,3.2 投标保证金,1656,物资类别编码,C-目标分标包件/货物清单/规格数量,P0,投标项目负责人,从最终投标包件、货物清单和技术规范书确认后填写,户开户银行全称】    - 银行账号：【待补充：人工复核并填入基本账户账号】  2. 汇款摘要已按照招标文件要求注明所投的分标编号和包号，格式为：2225AC-【待补充：物资类别编码】包【待补充：包号】。  3. 投标保证金汇款时间为【待补充：人工复核并填入实际汇款日期】，确保在招标文件规定的投标保证金截止时间（2026年1月19日上午10:00）前到账。  4. 已随本投标文件提
179,3.2 投标保证金,1656,包号,B-保证金/银行账户资料,P0,财务/商务负责人,补充基本账户开户信息、保证金金额、形式、缴纳凭证或保函信息, 银行账号：【待补充：人工复核并填入基本账户账号】  2. 汇款摘要已按照招标文件要求注明所投的分标编号和包号，格式为：2225AC-【待补充：物资类别编码】包【待补充：包号】。  3. 投标保证金汇款时间为【待补充：人工复核并填入实际汇款日期】，确保在招标文件规定的投标保证金截止时间（2026年1月19日上午10:00）前到账。  4. 已随本投标文件提交以下证明材料： 
180,3.2 投标保证金,1658,人工复核并填入实际汇款日期,B-保证金/银行账户资料,P0,财务/商务负责人,补充基本账户开户信息、保证金金额、形式、缴纳凭证或保函信息,】  2. 汇款摘要已按照招标文件要求注明所投的分标编号和包号，格式为：2225AC-【待补充：物资类别编码】包【待补充：包号】。  3. 投标保证金汇款时间为【待补充：人工复核并填入实际汇款日期】，确保在招标文件规定的投标保证金截止时间（2026年1月19日上午10:00）前到账。  4. 已随本投标文件提交以下证明材料：    - 企业基本账户开户许可证扫描件（或由基本账户开户银行通过账户管
181,3.2 投标保证金,1671,人工复核并填入实际保函金额,A-最终报价/价格清单/商务金额,P0,商务报价负责人,依据最终报价表、分项价格表、税率和投标策略填写,.2.3 银行保函方式（如选用）】  如以银行保函形式提交投标保证金，我公司承诺：  1. 银行保函抬头为：国网辽宁招标有限公司。  2. 银行保函金额为人民币【待补充：人工复核并填入实际保函金额】元。  3. 银行保函有效期自开立之日起至投标有效期届满后30日。  4. 已随本投标文件提交以下证明材料：    - 银行保函原件彩色扫描件；    - 银行保函真实性查询途径说明；    - 按照
182,3.2 投标保证金,1703,人工复核并填入实际分标编号,C-目标分标包件/货物清单/规格数量,P0,投标项目负责人,从最终投标包件、货物清单和技术规范书确认后填写,口。  【5.3 中标数量限制与投标保证金提交说明】  根据招标文件要求，如同一分标编号分多个包，且有中标数量限制要求时，我公司确认：  1. 本次所投分标编号【待补充：人工复核并填入实际分标编号】下的多个包中，存在中标数量限制要求【待补充：请根据招标文件第三章评标办法前附表之一3.4.3款确认是否存在限包要求】。  2. 如存在中标数量限制，我公司已按照招标文件规定，仅就该分标编号提交一份投标
183,3.2 投标保证金,1703,请根据招标文件第三章评标办法前附表之一3.4.3款确认是否存在限包要求,Z-其他人工复核,P2,投标编制负责人,人工核实后填写,，如同一分标编号分多个包，且有中标数量限制要求时，我公司确认：  1. 本次所投分标编号【待补充：人工复核并填入实际分标编号】下的多个包中，存在中标数量限制要求【待补充：请根据招标文件第三章评标办法前附表之一3.4.3款确认是否存在限包要求】。  2. 如存在中标数量限制，我公司已按照招标文件规定，仅就该分标编号提交一份投标保证金，金额按所投各包中最高报价对应的保证金金额提交。  3. 如不存在中标数量限制，我公司已按照所投各包为单位分
184,3.2 投标保证金,1740,人工复核并填入实际页码,H-最终排版页码/附件索引,P1,排版/标书装订负责人,DOCX/PDF定稿后按目录和附件顺序回填，不需要客户新增资料,| 格式 | 页码/位置 | |------|----------|------|-----------| | 1 | 投标保证金明细表 | PDF扫描件 | 【待补充：人工复核并填入实际页码】 | | 2 | 【待补充：银行汇款回单/银行保函/投标保证保险保单及保费支付凭证】 | PDF扫描件 | 【待补充：人工复核并填入实际页码】 | | 3 | 【待补充：基本账户开户许可证或《基本存款
185,3.2 投标保证金,1741,银行汇款回单/银行保函/投标保证保险保单及保费支付凭证,B-保证金/银行账户资料,P0,财务/商务负责人,补充基本账户开户信息、保证金金额、形式、缴纳凭证或保函信息,-------|------|-----------| | 1 | 投标保证金明细表 | PDF扫描件 | 【待补充：人工复核并填入实际页码】 | | 2 | 【待补充：银行汇款回单/银行保函/投标保证保险保单及保费支付凭证】 | PDF扫描件 | 【待补充：人工复核并填入实际页码】 | | 3 | 【待补充：基本账户开户许可证或《基本存款账户信息》扫描件（如适用）】 | PDF扫描件 | 【待补充：人工复核并填入实际页码
186,3.2 投标保证金,1741,人工复核并填入实际页码,H-最终排版页码/附件索引,P1,排版/标书装订负责人,DOCX/PDF定稿后按目录和附件顺序回填，不需要客户新增资料,PDF扫描件 | 【待补充：人工复核并填入实际页码】 | | 2 | 【待补充：银行汇款回单/银行保函/投标保证保险保单及保费支付凭证】 | PDF扫描件 | 【待补充：人工复核并填入实际页码】 | | 3 | 【待补充：基本账户开户许可证或《基本存款账户信息》扫描件（如适用）】 | PDF扫描件 | 【待补充：人工复核并填入实际页码】 | | 4 | 【待补充：保单查询路径说明（如适用）】
187,3.2 投标保证金,1742,基本账户开户许可证或《基本存款账户信息》扫描件（如适用）,B-保证金/银行账户资料,P0,财务/商务负责人,补充基本账户开户信息、保证金金额、形式、缴纳凭证或保函信息, | | 2 | 【待补充：银行汇款回单/银行保函/投标保证保险保单及保费支付凭证】 | PDF扫描件 | 【待补充：人工复核并填入实际页码】 | | 3 | 【待补充：基本账户开户许可证或《基本存款账户信息》扫描件（如适用）】 | PDF扫描件 | 【待补充：人工复核并填入实际页码】 | | 4 | 【待补充：保单查询路径说明（如适用）】 | PDF扫描件 | 【待补充：人工复核并填入实际页码】 |  ---  **投标人
188,3.2 投标保证金,1742,人工复核并填入实际页码,H-最终排版页码/附件索引,P1,排版/标书装订负责人,DOCX/PDF定稿后按目录和附件顺序回填，不需要客户新增资料,DF扫描件 | 【待补充：人工复核并填入实际页码】 | | 3 | 【待补充：基本账户开户许可证或《基本存款账户信息》扫描件（如适用）】 | PDF扫描件 | 【待补充：人工复核并填入实际页码】 | | 4 | 【待补充：保单查询路径说明（如适用）】 | PDF扫描件 | 【待补充：人工复核并填入实际页码】 |  ---  **投标人：河北泰昌电力器材科技有限公司（盖章）**  **法定代表
189,3.2 投标保证金,1743,保单查询路径说明（如适用）,Z-其他人工复核,P2,投标编制负责人,人工核实后填写,| | 3 | 【待补充：基本账户开户许可证或《基本存款账户信息》扫描件（如适用）】 | PDF扫描件 | 【待补充：人工复核并填入实际页码】 | | 4 | 【待补充：保单查询路径说明（如适用）】 | PDF扫描件 | 【待补充：人工复核并填入实际页码】 |  ---  **投标人：河北泰昌电力器材科技有限公司（盖章）**  **法定代表人或授权代理人：（签字或盖章）**  **日期：【待补充
190,3.2 投标保证金,1743,人工复核并填入实际页码,H-最终排版页码/附件索引,P1,排版/标书装订负责人,DOCX/PDF定稿后按目录和附件顺序回填，不需要客户新增资料,息》扫描件（如适用）】 | PDF扫描件 | 【待补充：人工复核并填入实际页码】 | | 4 | 【待补充：保单查询路径说明（如适用）】 | PDF扫描件 | 【待补充：人工复核并填入实际页码】 |  ---  **投标人：河北泰昌电力器材科技有限公司（盖章）**  **法定代表人或授权代理人：（签字或盖章）**  **日期：【待补充：人工复核并填入实际投标日期】**    ![泰昌3.职业
191,3.2 投标保证金,1751,人工复核并填入实际投标日期,D-投标承诺期限/日期/响应时限,P0,商务+履约负责人,按招标文件要求和公司承诺口径确认后填写,：人工复核并填入实际页码】 |  ---  **投标人：河北泰昌电力器材科技有限公司（盖章）**  **法定代表人或授权代理人：（签字或盖章）**  **日期：【待补充：人工复核并填入实际投标日期】**    ![泰昌3.职业健康安全管理体系认证证书第3页](/api/bidding/knowledge/assets/e6ddb1a5-df93-408d-9ff3-7b8199f38c18/fi
192,4. 商务响应文件,1765,授权代理人姓名,E-授权签章/联系人/人员姓名,P0,法务/授权经办人,补充最终授权代表、联系人、签字盖章和身份证明信息,（招标编号：2225AC）的招标文件后，我方（河北泰昌电力器材科技有限公司，统一社会信用代码：91130607056539515C，法定代表人：晁坤琳）正式授权【待补充：授权代理人姓名】作为我方全权代表，提交投标文件正本一份、副本【待补充：份数】。  我方郑重声明并承诺如下：  1. 我方完全同意并接受招标文件中的全部条款、条件和规定，包括但不限于投标邀请书、投标人须知、合同通用条款
193,4. 商务响应文件,1765,份数,E-授权签章/联系人/人员姓名,P0,法务/授权经办人,补充最终授权代表、联系人、签字盖章和身份证明信息,公司，统一社会信用代码：91130607056539515C，法定代表人：晁坤琳）正式授权【待补充：授权代理人姓名】作为我方全权代表，提交投标文件正本一份、副本【待补充：份数】。  我方郑重声明并承诺如下：  1. 我方完全同意并接受招标文件中的全部条款、条件和规定，包括但不限于投标邀请书、投标人须知、合同通用条款、专用条款、技术规范以及所有补充文件。 2. 我方愿意以投标
194,4. 商务响应文件,1771,人工复核,A-最终报价/价格清单/商务金额,P0,商务报价负责人,依据最终报价表、分项价格表、税率和投标策略填写,列明的分项单价和总价，按照合同要求提供本次招标物资（电缆保护管MPP/CPVC）的生产、检验、包装、运输、交付及售后服务。 3. 本次投标有效期自投标截止之日起【待补充：人工复核】日，在此期间内我方投标文件保持有效。 4. 我方理解招标人有权接受或拒绝任何投标，且不承担任何责任。 5. 我方承诺提交的投标文件及所有证明材料均真实、准确、完整，若有虚假，愿承担由此产生的一切法律后
195,4. 商务响应文件,1781,人工复核,E-授权签章/联系人/人员姓名,P0,法务/授权经办人,补充最终授权代表、联系人、签字盖章和身份证明信息,货期和售后服务。  本投标函连同中标通知书构成具有法律约束力的合同文件。  投标人：河北泰昌电力器材科技有限公司（盖章） 法定代表人或授权代表：（签字） 日期：【待补充：人工复核】  【二、法定代表人身份证明】  兹证明晁坤琳（身份证号码：【待补充：人工复核】）系河北泰昌电力器材科技有限公司的法定代表人，任期至【待补充：工商登记有效期】。  特此证明。  （附法定代表人身份证复
196,4. 商务响应文件,1785,人工复核,E-授权签章/联系人/人员姓名,P0,法务/授权经办人,补充最终授权代表、联系人、签字盖章和身份证明信息,人：河北泰昌电力器材科技有限公司（盖章） 法定代表人或授权代表：（签字） 日期：【待补充：人工复核】  【二、法定代表人身份证明】  兹证明晁坤琳（身份证号码：【待补充：人工复核】）系河北泰昌电力器材科技有限公司的法定代表人，任期至【待补充：工商登记有效期】。  特此证明。  （附法定代表人身份证复印件）  投标人：河北泰昌电力器材科技有限公司（盖章） 日期：【待补充：人工复核
197,4. 商务响应文件,1785,工商登记有效期,D-投标承诺期限/日期/响应时限,P0,商务+履约负责人,按招标文件要求和公司承诺口径确认后填写, 日期：【待补充：人工复核】  【二、法定代表人身份证明】  兹证明晁坤琳（身份证号码：【待补充：人工复核】）系河北泰昌电力器材科技有限公司的法定代表人，任期至【待补充：工商登记有效期】。  特此证明。  （附法定代表人身份证复印件）  投标人：河北泰昌电力器材科技有限公司（盖章） 日期：【待补充：人工复核】  【三、授权委托书】  本人晁坤琳作为河北泰昌电力器材科技有限公司的法定代
198,4. 商务响应文件,1792,人工复核,E-授权签章/联系人/人员姓名,P0,法务/授权经办人,补充最终授权代表、联系人、签字盖章和身份证明信息,技有限公司的法定代表人，任期至【待补充：工商登记有效期】。  特此证明。  （附法定代表人身份证复印件）  投标人：河北泰昌电力器材科技有限公司（盖章） 日期：【待补充：人工复核】  【三、授权委托书】  本人晁坤琳作为河北泰昌电力器材科技有限公司的法定代表人，现授权【待补充：授权代理人姓名】（身份证号码：【待补充：人工复核】）为我方代理人，全权代表我方参与国网辽宁电力2025
199,4. 商务响应文件,1796,授权代理人姓名,E-授权签章/联系人/人员姓名,P0,法务/授权经办人,补充最终授权代表、联系人、签字盖章和身份证明信息,投标人：河北泰昌电力器材科技有限公司（盖章） 日期：【待补充：人工复核】  【三、授权委托书】  本人晁坤琳作为河北泰昌电力器材科技有限公司的法定代表人，现授权【待补充：授权代理人姓名】（身份证号码：【待补充：人工复核】）为我方代理人，全权代表我方参与国网辽宁电力2025年第三次物资协议库存招标采购（招标编号：2225AC）的投标活动。  代理人权限包括：提交投标文件、澄清、签署相关
200,4. 商务响应文件,1796,人工复核,E-授权签章/联系人/人员姓名,P0,法务/授权经办人,补充最终授权代表、联系人、签字盖章和身份证明信息,章） 日期：【待补充：人工复核】  【三、授权委托书】  本人晁坤琳作为河北泰昌电力器材科技有限公司的法定代表人，现授权【待补充：授权代理人姓名】（身份证号码：【待补充：人工复核】）为我方代理人，全权代表我方参与国网辽宁电力2025年第三次物资协议库存招标采购（招标编号：2225AC）的投标活动。  代理人权限包括：提交投标文件、澄清、签署相关文件、办理投标保证金事宜、签订合同
201,4. 商务响应文件,1807,人工复核,E-授权签章/联系人/人员姓名,P0,法务/授权经办人,补充最终授权代表、联系人、签字盖章和身份证明信息,律责任。  本授权有效期自签署之日起至投标有效期结束之日止。  法定代表人：（签字） 授权代理人：（签字） 投标人：河北泰昌电力器材科技有限公司（盖章） 日期：【待补充：人工复核】  【四、商务条款偏离表】  我方逐项对照招标文件合同条款及商务要求，作出如下响应：  | 序号 | 招标文件商务条款 | 投标人响应 | 偏离说明 | |------|---------------
202,4. 商务响应文件,1829,人工复核,D-投标承诺期限/日期/响应时限,P0,商务+履约负责人,按招标文件要求和公司承诺口径确认后填写,条款外，我方对招标文件其余所有商务条款均无偏离。若投标文件与招标文件存在任何不一致之处，以招标文件为准。  投标人：河北泰昌电力器材科技有限公司（盖章） 日期：【待补充：人工复核】  【五、合同条款响应承诺书】  致：国网辽宁省电力有限公司  我方（河北泰昌电力器材科技有限公司）在充分阅读并理解招标文件所附合同模板（包括通用条款、专用条款）后，郑重承诺如下：  1. 我方完全接
203,4. 商务响应文件,1847,人工复核,E-授权签章/联系人/人员姓名,P0,法务/授权经办人,补充最终授权代表、联系人、签字盖章和身份证明信息,因我方原因导致合同无法正常履行，我方愿承担相应的违约责任。  特此承诺。  投标人：河北泰昌电力器材科技有限公司（盖章） 法定代表人或授权代表：（签字） 日期：【待补充：人工复核】  【六、廉洁自律承诺书】  为维护国网辽宁省电力有限公司招标采购活动的公平、公正，杜绝商业贿赂和不正当竞争行为，我方（河北泰昌电力器材科技有限公司）郑重承诺：  1. 严格遵守国家有关法律法规及国网
204,4. 商务响应文件,1863,人工复核,E-授权签章/联系人/人员姓名,P0,法务/授权经办人,补充最终授权代表、联系人、签字盖章和身份证明信息,，包括但不限于取消中标资格、没收投标保证金、列入黑名单等。  特此承诺。  投标人：河北泰昌电力器材科技有限公司（盖章） 法定代表人或授权代表：（签字） 日期：【待补充：人工复核】  【七、保密承诺书】  我方（河北泰昌电力器材科技有限公司）在此承诺，在参与国网    ![泰昌2025年审计报告_页面_06原图](/api/bidding/knowledge/assets/db
205,4.1 商务条款响应,1885,人工复核招标文件要求的日历天数,D-投标承诺期限/日期/响应时限,P0,商务+履约负责人,按招标文件要求和公司承诺口径确认后填写,责任。  ---  【一、投标函及投标有效期响应】  我方完全接受招标文件第一章“投标邀请书”及“投标人须知”中关于投标函的全部要求。投标有效期自投标截止之日起【待补充：人工复核招标文件要求的日历天数】日。在有效期内，我方承诺不撤销、修改或撤回投标文件，并接受招标人按招标文件规定对投标文件进行的评审及后续合同授予。  【二、合同条款响应】  1. **对合同范本的响应**：我方已详细审阅招标文件所附
206,4.1 商务条款响应,1893,人工复核招标文件要求的天数,D-投标承诺期限/日期/响应时限,P0,商务+履约负责人,按招标文件要求和公司承诺口径确认后填写,款节点及比例以合同专用条款为准。我方承诺在合同签订后，按招标人要求提交履约保证金、发票及其他结算所需文件。  3. **履约担保**：我方同意在收到中标通知书后【待补充：人工复核招标文件要求的天数】日内，按招标文件规定的方式和金额提交履约保证金。履约保证金形式为【待补充：银行保函/保证金/保险等】，金额为【待补充：人工复核后填写】。履约担保有效期覆盖合同履约全过程。  4. **交货期与备货周期
207,4.1 商务条款响应,1893,银行保函/保证金/保险等,B-保证金/银行账户资料,P0,财务/商务负责人,补充基本账户开户信息、保证金金额、形式、缴纳凭证或保函信息,件。  3. **履约担保**：我方同意在收到中标通知书后【待补充：人工复核招标文件要求的天数】日内，按招标文件规定的方式和金额提交履约保证金。履约保证金形式为【待补充：银行保函/保证金/保险等】，金额为【待补充：人工复核后填写】。履约担保有效期覆盖合同履约全过程。  4. **交货期与备货周期**：我方承诺自合同生效之日起【待补充：人工复核本次投标实际承诺的交货天数】日内完成全部合同物资的生
208,4.1 商务条款响应,1893,人工复核后填写,B-保证金/银行账户资料,P0,财务/商务负责人,补充基本账户开户信息、保证金金额、形式、缴纳凭证或保函信息,到中标通知书后【待补充：人工复核招标文件要求的天数】日内，按招标文件规定的方式和金额提交履约保证金。履约保证金形式为【待补充：银行保函/保证金/保险等】，金额为【待补充：人工复核后填写】。履约担保有效期覆盖合同履约全过程。  4. **交货期与备货周期**：我方承诺自合同生效之日起【待补充：人工复核本次投标实际承诺的交货天数】日内完成全部合同物资的生产、检验、包装及交付至招标人指定地
209,4.1 商务条款响应,1895,人工复核本次投标实际承诺的交货天数,D-投标承诺期限/日期/响应时限,P0,商务+履约负责人,按招标文件要求和公司承诺口径确认后填写,充：银行保函/保证金/保险等】，金额为【待补充：人工复核后填写】。履约担保有效期覆盖合同履约全过程。  4. **交货期与备货周期**：我方承诺自合同生效之日起【待补充：人工复核本次投标实际承诺的交货天数】日内完成全部合同物资的生产、检验、包装及交付至招标人指定地点。具体备货计划及产能安排详见技术响应部分及履约保障措施。  5. **质量保证期**：我方承诺所供电缆保护管（MPP/CPVC）产品的质保期
210,4.1 商务条款响应,1897,人工复核招标文件要求或我方承诺,Z-其他人工复核,P2,投标编制负责人,人工核实后填写,备货计划及产能安排详见技术响应部分及履约保障措施。  5. **质量保证期**：我方承诺所供电缆保护管（MPP/CPVC）产品的质保期为自合同货物通过验收之日起【待补充：人工复核招标文件要求或我方承诺】个月。质保期内出现任何非人为损坏的质量问题，我方负责免费维修或更换，并承担由此产生的全部费用。  6. **违约责任**：我方完全接受招标文件合同条款中关于逾期交货、质量不合格、服务不到位等违约情形所
211,4.1 商务条款响应,1915,人工复核承诺的响应时间,D-投标承诺期限/日期/响应时限,P0,商务+履约负责人,按招标文件要求和公司承诺口径确认后填写,采购的供货需求。我方已制定专项生产计划，确保按时、足量交货。  3. **售后服务承诺**：我方承诺在质保期内提供7×24小时电话技术支持，接到招标人故障通知后【待补充：人工复核承诺的响应时间】小时内响应，需现场服务的，【待补充：人工复核承诺的到场时间】小时内派员到达现场。质保期外，仍按优惠价格提供备件及技术服务。  4. **不转包、不违法分包承诺**：我方承诺，中标后不将合同标的物生产、
212,4.1 商务条款响应,1915,人工复核承诺的到场时间,D-投标承诺期限/日期/响应时限,P0,商务+履约负责人,按招标文件要求和公司承诺口径确认后填写,  3. **售后服务承诺**：我方承诺在质保期内提供7×24小时电话技术支持，接到招标人故障通知后【待补充：人工复核承诺的响应时间】小时内响应，需现场服务的，【待补充：人工复核承诺的到场时间】小时内派员到达现场。质保期外，仍按优惠价格提供备件及技术服务。  4. **不转包、不违法分包承诺**：我方承诺，中标后不将合同标的物生产、检验、运输、交付等核心环节转包或违法分包。如违反，自愿接受招
213,4.1 商务条款响应,1921,人工复核最终指派人员，可参考晁猛（项目经理/厂长）或杨贺（总经理）,F-项目人员最终指派及证明,P1,项目管理/人事,确认本项目实际投入人员，并匹配社保、劳动合同或任命证明,等核心环节转包或违法分包。如违反，自愿接受招标人取消中标资格、没收履约保证金等处理。  【五、履约安排】  1. **项目负责人及团队**：本次投标履约负责人为【待补充：人工复核最终指派人员，可参考晁猛（项目经理/厂长）或杨贺（总经理）】。我方配备包括生产、质检、技术售后、仓储物流在内的专职团队，人员清单详见投标文件“项目管理机构”章节。  2. **生产与交付计划**：我方将根据合同签订日期倒排工期，制定详细的生产排程表、原材料采购
214,4.2 偏离表及承诺函,1939,具体天数,D-投标承诺期限/日期/响应时限,P0,商务+履约负责人,按招标文件要求和公司承诺口径确认后填写,--------------------|----------------|----------| | 1 | 第二章 投标人须知前附表 | 交货期：合同签订后【待补充：具体天数】日内 | 我方承诺完全响应招标文件要求的交货期 | 无偏离 | | 2 | 第二章 投标人须知前附表 | 质保期：投运后【待补充：具体年限】年 | 我方承诺完全响应招标文件要求的质保期 | 无偏离 |
215,4.2 偏离表及承诺函,1940,具体年限,Z-其他人工复核,P2,投标编制负责人,人工核实后填写, 交货期：合同签订后【待补充：具体天数】日内 | 我方承诺完全响应招标文件要求的交货期 | 无偏离 | | 2 | 第二章 投标人须知前附表 | 质保期：投运后【待补充：具体年限】年 | 我方承诺完全响应招标文件要求的质保期 | 无偏离 | | 3 | 第四章 合同条款 | 付款方式：按合同约定执行 | 我方接受合同约定的付款条件和进度安排 | 无偏离 | | 4 | 第四章 
216,4.2 偏离表及承诺函,1942,具体比例,Z-其他人工复核,P2,投标编制负责人,人工核实后填写, 合同条款 | 付款方式：按合同约定执行 | 我方接受合同约定的付款条件和进度安排 | 无偏离 | | 4 | 第四章 合同条款 | 履约保证金：中标合同金额的【待补充：具体比例】% | 我方承诺按招标文件要求提交履约保证金 | 无偏离 | | 5 | 第四章 合同条款 | 投标保证金：【待补充：具体金额】 | 我方已按招标文件要求提交投标保证金，详见投标保证金证明材料 | 无
217,4.2 偏离表及承诺函,1943,具体金额,A-最终报价/价格清单/商务金额,P0,商务报价负责人,依据最终报价表、分项价格表、税率和投标策略填写, | 履约保证金：中标合同金额的【待补充：具体比例】% | 我方承诺按招标文件要求提交履约保证金 | 无偏离 | | 5 | 第四章 合同条款 | 投标保证金：【待补充：具体金额】 | 我方已按招标文件要求提交投标保证金，详见投标保证金证明材料 | 无偏离 | | 6 | 第五章 技术规范书 | 技术参数及性能要求 | 我方承诺所供产品完全满足技术规范书要求（详见技术偏离表） 
218,4.2 偏离表及承诺函,1945,具体天数,D-投标承诺期限/日期/响应时限,P0,商务+履约负责人,按招标文件要求和公司承诺口径确认后填写, 技术参数及性能要求 | 我方承诺所供产品完全满足技术规范书要求（详见技术偏离表） | 无偏离 | | 7 | 第一章 投标邀请书 | 投标有效期：投标截止日后【待补充：具体天数】日 | 我方承诺投标有效期为【待补充：具体天数】日 | 无偏离 | | 8 | 其他商务条款 | 招标文件中其他全部商务条款 | 我方承诺全部响应，无任何保留或修改 | 无偏离 |  **投标人名称：
219,4.2 偏离表及承诺函,1945,具体天数,D-投标承诺期限/日期/响应时限,P0,商务+履约负责人,按招标文件要求和公司承诺口径确认后填写,足技术规范书要求（详见技术偏离表） | 无偏离 | | 7 | 第一章 投标邀请书 | 投标有效期：投标截止日后【待补充：具体天数】日 | 我方承诺投标有效期为【待补充：具体天数】日 | 无偏离 | | 8 | 其他商务条款 | 招标文件中其他全部商务条款 | 我方承诺全部响应，无任何保留或修改 | 无偏离 |  **投标人名称：** 河北泰昌电力器材科技有限公司   **法定
220,4.2 偏离表及承诺函,1949,人工复核,E-授权签章/联系人/人员姓名,P0,法务/授权经办人,补充最终授权代表、联系人、签字盖章和身份证明信息,款 | 我方承诺全部响应，无任何保留或修改 | 无偏离 |  **投标人名称：** 河北泰昌电力器材科技有限公司   **法定代表人（或授权代理人）签字：** 【待补充：人工复核】   **日期：** 【待补充：投标日期】  【6.2 技术条款偏离表】  | 序号 | 招标文件技术规范书章节 | 招标文件技术要求 | 投标产品/服务响应情况 | 偏离说明 | |------|-
221,4.2 偏离表及承诺函,1950,投标日期,D-投标承诺期限/日期/响应时限,P0,商务+履约负责人,按招标文件要求和公司承诺口径确认后填写, | 无偏离 |  **投标人名称：** 河北泰昌电力器材科技有限公司   **法定代表人（或授权代理人）签字：** 【待补充：人工复核】   **日期：** 【待补充：投标日期】  【6.2 技术条款偏离表】  | 序号 | 招标文件技术规范书章节 | 招标文件技术要求 | 投标产品/服务响应情况 | 偏离说明 | |------|----------------------
222,4.2 偏离表及承诺函,1961,人工复核,E-授权签章/联系人/人员姓名,P0,法务/授权经办人,补充最终授权代表、联系人、签字盖章和身份证明信息,承诺所供产品全面满足技术规范书所有条款要求 | 无偏离 |  **投标人名称：** 河北泰昌电力器材科技有限公司   **法定代表人（或授权代理人）签字：** 【待补充：人工复核】   **日期：** 【待补充：投标日期】  【6.3 投标承诺函】  **致：国网辽宁省电力有限公司、国网辽宁招标有限公司**  我方河北泰昌电力器材科技有限公司（统一社会信用代码：91130607
223,4.2 偏离表及承诺函,1962,投标日期,D-投标承诺期限/日期/响应时限,P0,商务+履约负责人,按招标文件要求和公司承诺口径确认后填写, | 无偏离 |  **投标人名称：** 河北泰昌电力器材科技有限公司   **法定代表人（或授权代理人）签字：** 【待补充：人工复核】   **日期：** 【待补充：投标日期】  【6.3 投标承诺函】  **致：国网辽宁省电力有限公司、国网辽宁招标有限公司**  我方河北泰昌电力器材科技有限公司（统一社会信用代码：91130607056539515C，法定代表人：晁坤琳）
224,4.2 偏离表及承诺函,1974,具体天数,D-投标承诺期限/日期/响应时限,P0,商务+履约负责人,按招标文件要求和公司承诺口径确认后填写,标人须知、合同条款、技术规范、供货要求、质量标准、交货期、质保期、付款条件等，不存在任何实质性偏离。  三、我方承诺按照招标文件规定的投标有效期（自投标截止日起【待补充：具体天数】日）内保持投标有效，在此期间不撤销或修改投标文件。  四、我方承诺如中标，将严格按照投标文件中所承诺的供货方案、质量保证措施、售后服务计划等履行合同义务，保证按时、按质、按量交付合格产品。  五、我方
225,4.2 偏离表及承诺函,1984,具体天数,D-投标承诺期限/日期/响应时限,P0,商务+履约负责人,按招标文件要求和公司承诺口径确认后填写,、延期交货等违约行为。如因我方原因导致质量问题或工期延误，愿意承担由此产生的全部责任和损失。  八、我方承诺按照招标文件要求提交履约保证金，并在收到中标通知书后【待补充：具体天数】日内与贵方签订合同。  九、我方承诺投标文件中填报的业绩真实有效。我方具有真实业绩：国网天津市电力公司2022年第二次配网物资协议库存招标采购（招标编号0322AB，包2），产品为电缆保护管MPP和C
226,4.2 偏离表及承诺函,1990,授权代理人姓名,E-授权签章/联系人/人员姓名,P0,法务/授权经办人,补充最终授权代表、联系人、签字盖章和身份证明信息,  十、我方承诺积极响应国家电网公司关于质量提升行动的号召，以先进标准引领产品质量提升，确保所供产品本质安全，维护良好的电工装备质量生态环境。  十一、我方授权【待补充：授权代理人姓名】作为本项目的合法代理人，全权处理投标事宜，其签署的文件我方均予承认。  本承诺函自我方法定代表人（或授权代理人）签字并加盖公章之日起生效。  **投标人名称：** 河北泰昌电力器材科技有限公司（盖章）
227,4.2 偏离表及承诺函,1996,晁坤琳签章,E-授权签章/联系人/人员姓名,P0,法务/授权经办人,补充最终授权代表、联系人、签字盖章和身份证明信息,投标人名称：** 河北泰昌电力器材科技有限公司（盖章）   **统一社会信用代码：** 91130607056539515C   **法定代表人（签字）：** 【待补充：晁坤琳签章】   **授权代理人（签字）：** 【待补充：人工复核】   **地址：** 河北省保定市满城区陉阳驿村   **电话：** 【待补充：企业联系电话】   **日期：** 【待补充：投标日期】  【6
228,4.2 偏离表及承诺函,1997,人工复核,E-授权签章/联系人/人员姓名,P0,法务/授权经办人,补充最终授权代表、联系人、签字盖章和身份证明信息, **统一社会信用代码：** 91130607056539515C   **法定代表人（签字）：** 【待补充：晁坤琳签章】   **授权代理人（签字）：** 【待补充：人工复核】   **地址：** 河北省保定市满城区陉阳驿村   **电话：** 【待补充：企业联系电话】   **日期：** 【待补充：投标日期】  【6.4 廉政承诺书】  **致：国网辽宁省电力有限公司、国
229,4.2 偏离表及承诺函,1999,企业联系电话,Z-其他人工复核,P2,投标编制负责人,人工核实后填写,字）：** 【待补充：晁坤琳签章】   **授权代理人（签字）：** 【待补充：人工复核】   **地址：** 河北省保定市满城区陉阳驿村   **电话：** 【待补充：企业联系电话】   **日期：** 【待补充：投标日期】  【6.4 廉政承诺书】  **致：国网辽宁省电力有限公司、国网辽宁招标有限公司**  为维护公平竞争的市场秩序，确保国网辽宁电力2025年第三次物资协议库
230,4.2 偏离表及承诺函,2000,投标日期,D-投标承诺期限/日期/响应时限,P0,商务+履约负责人,按招标文件要求和公司承诺口径确认后填写,权代理人（签字）：** 【待补充：人工复核】   **地址：** 河北省保定市满城区陉阳驿村   **电话：** 【待补充：企业联系电话】   **日期：** 【待补充：投标日期】  【6.4 廉政承诺书】  **致：国网辽宁省电力有限公司、国网辽宁招标有限公司**  为维护公平竞争的市场秩序，确保国网辽宁电力2025年第三次物资协议库存招标采购（招标编号：2225AC）的廉洁
231,4.2 偏离表及承诺函,2023,晁坤琳签章,E-授权签章/联系人/人员姓名,P0,法务/授权经办人,补充最终授权代表、联系人、签字盖章和身份证明信息,没收投标保证金、列入黑名单、承担由此造成的一切损失及法律责任。  **投标人名称：** 河北泰昌电力器材科技有限公司（盖章）   **法定代表人（签字）：** 【待补充：晁坤琳签章】   **日期：** 【待补充：投标日期】  【6.5 保密承诺书】  **致：国网辽宁省电力有限公司、国网辽宁招标有限公司**  我方河北泰昌电力器材科技有限公司自愿参加国网辽宁电力2025年第三次
232,4.2 偏离表及承诺函,2024,投标日期,D-投标承诺期限/日期/响应时限,P0,商务+履约负责人,按招标文件要求和公司承诺口径确认后填写,切损失及法律责任。  **投标人名称：** 河北泰昌电力器材科技有限公司（盖章）   **法定代表人（签字）：** 【待补充：晁坤琳签章】   **日期：** 【待补充：投标日期】  【6.5 保密承诺书】  **致：国网辽宁省电力有限公司、国网辽宁招标有限公司**  我方河北泰昌电力器材科技有限公司自愿参加国网辽宁电力2025年第三次物资协议库存招标采购（招标编号：2225A
233,4.2 偏离表及承诺函,2038,具体天数,D-投标承诺期限/日期/响应时限,P0,商务+履约负责人,按招标文件要求和公司承诺口径确认后填写,其他任何用途。  三、我方保证仅向参与本次投标工作直接相关的内部人员披露必要的保密信息，并确保该等人员同样遵守本承诺。  四、如我方未能中标，应在中标结果公示后【待补充：具体天数】日内将招标人提供的所有保密文件及复印件全部归还或销毁，不自行保留任何副本。  五、本保密义务不因投标结束或合同终止而失效。如违反保密义务，我方愿意承担相应的法律责任和赔偿招标人因此遭受的一切损失。  
234,4.2 偏离表及承诺函,2043,晁坤琳签章,E-授权签章/联系人/人员姓名,P0,法务/授权经办人,补充最终授权代表、联系人、签字盖章和身份证明信息,务，我方愿意承担相应的法律责任和赔偿招标人因此遭受的一切损失。  **投标人名称：** 河北泰昌电力器材科技有限公司（盖章）   **法定代表人（签字）：** 【待补充：晁坤琳签章】   **日期：** 【待补充：投标日期】  【6.6 质量保证承诺书】  **致：国网辽宁省电力有限公司**  我方河北泰昌电力器材科技有限公司就本次投标产品（电缆保护管MPP/CPVC）的质量保证
235,4.2 偏离表及承诺函,2044,投标日期,D-投标承诺期限/日期/响应时限,P0,商务+履约负责人,按招标文件要求和公司承诺口径确认后填写,此遭受的一切损失。  **投标人名称：** 河北泰昌电力器材科技有限公司（盖章）   **法定代表人（签字）：** 【待补充：晁坤琳签章】   **日期：** 【待补充：投标日期】  【6.6 质量保证承诺书】  **致：国网辽宁省电力有限公司**  我方河北泰昌电力器材科技有限公司就本次投标产品（电缆保护管MPP/CPVC）的质量保证郑重承诺：  一、我方已建立健全的质量管理
236,4.2 偏离表及承诺函,2063,具体年限,Z-其他人工复核,P2,投标编制负责人,人工核实后填写,技术规范书要求（报告编号2024100312005501713）； - 其他性能指标（如维卡软化温度、落锤冲击、压扁试验等）均符合相关标准。  五、我方承诺提供【待补充：具体年限】年的质量保证期，质保期内因产品质量问题导致的任何损坏、失效，我方负责免费更换或维修，并承担由此造成的直接损失。  六、我方承诺建立完善的产品追溯体系，每批次产品均可追溯到原材料批次、生产日期、检验记录
237,4.2 偏离表及承诺函,2070,晁坤琳签章,E-授权签章/联系人/人员姓名,P0,法务/授权经办人,补充最终授权代表、联系人、签字盖章和身份证明信息,退货、换货或降价处理，并承担相应的违约责任和不良行为处理后果。  **投标人名称：** 河北泰昌电力器材科技有限公司（盖章）   **法定代表人（签字）：** 【待补充：晁坤琳签章】   **日期：** 【待补充：投标日期】  【6.7 售后服务承诺书】  **致：国网辽宁省电力有限公司**  为确保国网辽宁电力2025年第三次物资协议库存招标采购项目中标产品的顺利交付和长期稳定
238,4.2 偏离表及承诺函,2071,投标日期,D-投标承诺期限/日期/响应时限,P0,商务+履约负责人,按招标文件要求和公司承诺口径确认后填写,不良行为处理后果。  **投标人名称：** 河北泰昌电力器材科技有限公司（盖章）   **法定代表人（签字）：** 【待补充：晁坤琳签章】   **日期：** 【待补充：投标日期】  【6.7 售后服务承诺书】  **致：国网辽宁省电力有限公司**  为确保国网辽宁电力2025年第三次物资协议库存招标采购项目中标产品的顺利交付和长期稳定运行，我方河北泰昌电力器材科技有限公司就售
239,4.2 偏离表及承诺函,2079,具体服务网点数量,C-目标分标包件/货物清单/规格数量,P0,投标项目负责人,从最终投标包件、货物清单和技术规范书确认后填写,电力2025年第三次物资协议库存招标采购项目中标产品的顺利交付和长期稳定运行，我方河北泰昌电力器材科技有限公司就售后服务事项承诺如下：  一、我方在华北地区设有【待补充：具体服务网点数量】个售后服务网点，能够覆盖辽宁省及周边省份，确保接到服务请求后【待补充：具体小时数】小时内响应，【待补充：具体天数】日内到达现场。  二、我方指定技术售后团队负责本项目，主要人员包括：技术总监赵称心、项
240,4.2 偏离表及承诺函,2079,具体小时数,D-投标承诺期限/日期/响应时限,P0,商务+履约负责人,按招标文件要求和公司承诺口径确认后填写,昌电力器材科技有限公司就售后服务事项承诺如下：  一、我方在华北地区设有【待补充：具体服务网点数量】个售后服务网点，能够覆盖辽宁省及周边省份，确保接到服务请求后【待补充：具体小时数】小时内响应，【待补充：具体天数】日内到达现场。  二、我方指定技术售后团队负责本项目，主要人员包括：技术总监赵称心、项目经理晁猛、技术售后人员王强、陈国华、黄文清、林乌金等，具备丰富的电缆保护管安装指
241,4.2 偏离表及承诺函,2079,具体天数,D-投标承诺期限/日期/响应时限,P0,商务+履约负责人,按招标文件要求和公司承诺口径确认后填写,项承诺如下：  一、我方在华北地区设有【待补充：具体服务网点数量】个售后服务网点，能够覆盖辽宁省及周边省份，确保接到服务请求后【待补充：具体小时数】小时内响应，【待补充：具体天数】日内到达现场。  二、我方指定技术售后团队负责本项目，主要人员包括：技术总监赵称心、项目经理晁猛、技术售后人员王强、陈国华、黄文清、林乌金等，具备丰富的电缆保护管安装指导和技术支持经验。  三、售后服
242,4.2 偏离表及承诺函,2090,具体数量,C-目标分标包件/货物清单/规格数量,P0,投标项目负责人,从最终投标包件、货物清单和技术规范书确认后填写,技术咨询和现场指导； - 质保期内免费维修、更换故障产品； - 质保期后提供有偿维修和备件供应服务； - 协助招标人进行产品技术培训和操作指导。  四、我方建立【待补充：具体数量】条以上的应急供货通道，能够在合同约定交货期之外，为紧急抢修或临时增补提供快速供货服务，应急响应时间不超过【待补充：具体天数】日。  五、我方对每批次产品建立完整的质量档案，包括原材料检验记录、生产过程
243,4.2 偏离表及承诺函,2090,具体天数,D-投标承诺期限/日期/响应时限,P0,商务+履约负责人,按招标文件要求和公司承诺口径确认后填写,技术培训和操作指导。  四、我方建立【待补充：具体数量】条以上的应急供货通道，能够在合同约定交货期之外，为紧急抢修或临时增补提供快速供货服务，应急响应时间不超过【待补充：具体天数】日。  五、我方对每批次产品建立完整的质量档案，包括原材料检验记录、生产过程记录、成品检验报告、出厂合格证等，可随时提供查阅。  六、我方承诺提供不少于【待补充：具体年限】年的备品备件供应保障，确保产
244,4.2 偏离表及承诺函,2094,具体年限,Z-其他人工复核,P2,投标编制负责人,人工核实后填写,体天数】日。  五、我方对每批次产品建立完整的质量档案，包括原材料检验记录、生产过程记录、成品检验报告、出厂合格证等，可随时提供查阅。  六、我方承诺提供不少于【待补充：具体年限】年的备品备件供应保障，确保产品全生命周期内均可获得原厂配件。  **投标人名称：** 河北泰昌电力器材科技有限公司（盖章）   **法定代表人（签字）：** 【待补充：晁坤琳签章】   **日期：**
245,4.2 偏离表及承诺函,2097,晁坤琳签章,E-授权签章/联系人/人员姓名,P0,法务/授权经办人,补充最终授权代表、联系人、签字盖章和身份证明信息,】年的备品备件供应保障，确保产品全生命周期内均可获得原厂配件。  **投标人名称：** 河北泰昌电力器材科技有限公司（盖章）   **法定代表人（签字）：** 【待补充：晁坤琳签章】   **日期：** 【待补充：投标日期】  【6.8 履约能力承诺书】  **致：国网辽宁省电力有限公司、国网辽宁招标有限公司**  我方河北泰昌电力器材科技有限公司就履行国网辽宁电力2025年第三
246,4.2 偏离表及承诺函,2098,投标日期,D-投标承诺期限/日期/响应时限,P0,商务+履约负责人,按招标文件要求和公司承诺口径确认后填写,均可获得原厂配件。  **投标人名称：** 河北泰昌电力器材科技有限公司（盖章）   **法定代表人（签字）：** 【待补充：晁坤琳签章】   **日期：** 【待补充：投标日期】  【6.8 履约能力承诺书】  **致：国网辽宁省电力有限公司、国网辽宁招标有限公司**  我方河北泰昌电力器材科技有限公司就履行国网辽宁电力2025年第三次物资协议库存招标采购（招标编号：2225
247,4.2 偏离表及承诺函,2106,具体产能数值,G-生产设备/检测设备/产能量化,P1,生产/质量负责人,依据设备台账、计量检定证书和产能统计表补充量化数据,编号：2225AC）合同的能力，郑重承诺如下：  一、**生产能力方面**：我方拥有2条CPVC电缆保护管生产线和2条MPP电缆保护管生产线，年综合生产能力超过【待补充：具体产能数值】米，完全能够满足本次招标物资的供货需求。如中标，我方将优先调配产能，确保合同订单按期交付。  二、**资金保障方面**：我方注册资本10000万元人民币，财务状况良好，现金流充裕，具备足够的流动资金用
248,4.2 偏离表及承诺函,2121,晁坤琳签章,E-授权签章/联系人/人员姓名,P0,法务/授权经办人,补充最终授权代表、联系人、签字盖章和身份证明信息,，未被列入失信被执行人名单或政府采购严重违法失信行为记录名单。  **投标人名称：** 河北泰昌电力器材科技有限公司（盖章）   **法定代表人（签字）：** 【待补充：晁坤琳签章】   **日期：** 【待补充：投标日期】  ---  **本章结束**    ![泰昌碳足迹报告第13页](/api/bidding/knowledge/assets/249419dd-3919-4
249,4.2 偏离表及承诺函,2122,投标日期,D-投标承诺期限/日期/响应时限,P0,商务+履约负责人,按招标文件要求和公司承诺口径确认后填写,失信行为记录名单。  **投标人名称：** 河北泰昌电力器材科技有限公司（盖章）   **法定代表人（签字）：** 【待补充：晁坤琳签章】   **日期：** 【待补充：投标日期】  ---  **本章结束**    ![泰昌碳足迹报告第13页](/api/bidding/knowledge/assets/249419dd-3919-439e-af36-1c6ecb972bc7
250,4.2.1 条款响应,2151,人工复核,D-投标承诺期限/日期/响应时限,P0,商务+履约负责人,按招标文件要求和公司承诺口径确认后填写,-----------------|--------------|----------| | 1 | 投标有效期 | 按招标文件规定 | 完全响应，投标有效期至【待补充：人工复核】 | 无偏离 | | 2 | 交货期 | 按合同约定执行 | 完全响应，交货期【待补充：人工复核】 | 无偏离 | | 3 | 付款方式 | 按合同约定执行 | 完全响应，接受招标文件规定的付款条件 
251,4.2.1 条款响应,2152,人工复核,B-保证金/银行账户资料,P0,财务/商务负责人,补充基本账户开户信息、保证金金额、形式、缴纳凭证或保函信息,| 投标有效期 | 按招标文件规定 | 完全响应，投标有效期至【待补充：人工复核】 | 无偏离 | | 2 | 交货期 | 按合同约定执行 | 完全响应，交货期【待补充：人工复核】 | 无偏离 | | 3 | 付款方式 | 按合同约定执行 | 完全响应，接受招标文件规定的付款条件 | 无偏离 | | 4 | 履约保证金 | 按招标文件规定提交 | 完全响应，具体金额及形式【待补
252,4.2.1 条款响应,2154,人工复核,B-保证金/银行账户资料,P0,财务/商务负责人,补充基本账户开户信息、保证金金额、形式、缴纳凭证或保函信息,方式 | 按合同约定执行 | 完全响应，接受招标文件规定的付款条件 | 无偏离 | | 4 | 履约保证金 | 按招标文件规定提交 | 完全响应，具体金额及形式【待补充：人工复核】 | 无偏离 | | 5 | 质量保证期 | 按合同约定执行 | 完全响应，质保期【待补充：人工复核】 | 无偏离 | | 6 | 售后服务要求 | 按招标文件规定 | 完全响应，详见售后服务承诺 |
253,4.2.1 条款响应,2155,人工复核,A-最终报价/价格清单/商务金额,P0,商务报价负责人,依据最终报价表、分项价格表、税率和投标策略填写,证金 | 按招标文件规定提交 | 完全响应，具体金额及形式【待补充：人工复核】 | 无偏离 | | 5 | 质量保证期 | 按合同约定执行 | 完全响应，质保期【待补充：人工复核】 | 无偏离 | | 6 | 售后服务要求 | 按招标文件规定 | 完全响应，详见售后服务承诺 | 无偏离 | | 7 | 合同条款 | 按通用合同条款及专用合同条款 | 完全响应，无修改建议 | 无
254,4.2.1 条款响应,2177,人工复核,B-保证金/银行账户资料,P0,财务/商务负责人,补充基本账户开户信息、保证金金额、形式、缴纳凭证或保函信息,款及履约承诺】  1. 我公司完全接受招标文件规定的付款方式、付款条件和付款比例。 2. 在收到中标通知书后，将按招标文件要求及时提交履约保证金，具体金额及形式【待补充：人工复核】。 3. 承诺不因付款周期变化而影响产品交付进度和服务质量。  【五、售后服务承诺】  1. 设立专项服务团队，由技术售后人员王强、陈国华、黄文清、林乌金等成员组成，确保售后响应及时。 2. 质保期内
255,4.2.1 条款响应,2183,人工复核,D-投标承诺期限/日期/响应时限,P0,商务+履约负责人,按招标文件要求和公司承诺口径确认后填写,后服务承诺】  1. 设立专项服务团队，由技术售后人员王强、陈国华、黄文清、林乌金等成员组成，确保售后响应及时。 2. 质保期内提供免费技术支持，接到故障通知后【待补充：人工复核】小时内响应    ![泰昌3.职业健康安全管理体系认证证书第1页](/api/bidding/knowledge/assets/254fbb2b-02c0-40b3-bf8d-b7b231868810
256,4.2.2 承诺事项,2199,最终交货期,D-投标承诺期限/日期/响应时限,P0,商务+履约负责人,按招标文件要求和公司承诺口径确认后填写,。  【二、工期承诺】  1. 我公司承诺严格按照招标文件及中标合同约定的交货期限组织生产、检验和交付。具体交货时间以合同签订后买方书面通知为准，我公司将确保在【待补充：最终交货期】内完成全部合同物资的供货。 2. 我公司具备成熟的供应链协同能力和生产组织体系，现有CPVC生产线、MPP生产线可保障产能充足。如遇紧急供货需求，我公司可启动应急生产预案，通过调整生产线排期、延长作业
257,4.2.2 承诺事项,2207,质保期年数/月数,D-投标承诺期限/日期/响应时限,P0,商务+履约负责人,按招标文件要求和公司承诺口径确认后填写,2005501712（MPP）和2024100312005501713（CPVC），环刚度、尺寸偏差等关键指标均满足或优于招标技术要求。 3. 我公司承诺质保期【待补充：质保期年数/月数】内，对因产品设计、材料或制造工艺缺陷引起的任何质量问题，免费提供维修、更换或退货服务。质保期外仍提供有偿技术支持，仅收取成本费用。  【四、服务承诺】  1. 售后服务：我公司在华北地区设有售后技术服
258,4.2.2 承诺事项,2211,响应时间，如2小时,D-投标承诺期限/日期/响应时限,P0,商务+履约负责人,按招标文件要求和公司承诺口径确认后填写,. 售后服务：我公司在华北地区设有售后技术服务团队，成员包括王强、陈国华、黄文清、林乌金等具有丰富经验的技术人员，可提供7×24小时电话响应。接到买方服务通知后【待补充：响应时间，如2小时】内响应，【待补充：到场时间，如24小时】内派员抵达现场处理。 2. 技术支持：我公司承诺在合同执行期间，提供产品的安装指导、使用培训、技术交底等伴随服务，确保物资正确使用。 3. 备品备件：我公司常备
259,4.2.2 承诺事项,2211,到场时间，如24小时,D-投标承诺期限/日期/响应时限,P0,商务+履约负责人,按招标文件要求和公司承诺口径确认后填写,技术服务团队，成员包括王强、陈国华、黄文清、林乌金等具有丰富经验的技术人员，可提供7×24小时电话响应。接到买方服务通知后【待补充：响应时间，如2小时】内响应，【待补充：到场时间，如24小时】内派员抵达现场处理。 2. 技术支持：我公司承诺在合同执行期间，提供产品的安装指导、使用培训、技术交底等伴随服务，确保物资正确使用。 3. 备品备件：我公司常备一定数量的易损备件，确保在质保期内能够及
260,4.3 质量、安全、进度保障措施,2292,人工复核交货期,D-投标承诺期限/日期/响应时限,P0,商务+履约负责人,按招标文件要求和公司承诺口径确认后填写,场技术指导时，须接受项目单位的安全教育和交底，确保所有操作符合现场安全要求。  【3 进度保障措施】  【3.1 生产排产计划】  我方根据招标文件要求的交货期【待补充：人工复核交货期】，提前安排生产计划：  | 阶段 | 时间节点 | 工作内容 | |-----|---------|---------| | 原材料备料 | 中标后3日内 | 下达采购订单，确保原材料库存充足 | |
261,4.3 质量、安全、进度保障措施,2305,设备台账人工复核,G-生产设备/检测设备/产能量化,P1,生产/质量负责人,依据设备台账、计量检定证书和产能统计表补充量化数据,产完成后1-2日 | 完成出厂检验并包装 | | 发货运输 | 符合交货期要求 | 按项目单位通知安排发运 |  【3.2 产能保障】  我方现有CPVC生产线【待补充：设备台账人工复核】条、MPP生产线【待补充：设备台账人工复核】条，日产能可满足本项目【待补充：人工复核本项目预估日需求量】的需求。项目经理晁猛将统筹协调生产资源，确保连续生产。  【3.3 应急保供措施】  1. 如出
262,4.3 质量、安全、进度保障措施,2305,设备台账人工复核,G-生产设备/检测设备/产能量化,P1,生产/质量负责人,依据设备台账、计量检定证书和产能统计表补充量化数据, | 发货运输 | 符合交货期要求 | 按项目单位通知安排发运 |  【3.2 产能保障】  我方现有CPVC生产线【待补充：设备台账人工复核】条、MPP生产线【待补充：设备台账人工复核】条，日产能可满足本项目【待补充：人工复核本项目预估日需求量】的需求。项目经理晁猛将统筹协调生产资源，确保连续生产。  【3.3 应急保供措施】  1. 如出现设备故障，立即启用备用生产线或协调外部协作
263,4.3 质量、安全、进度保障措施,2305,人工复核本项目预估日需求量,Z-其他人工复核,P2,投标编制负责人,人工核实后填写,通知安排发运 |  【3.2 产能保障】  我方现有CPVC生产线【待补充：设备台账人工复核】条、MPP生产线【待补充：设备台账人工复核】条，日产能可满足本项目【待补充：人工复核本项目预估日需求量】的需求。项目经理晁猛将统筹协调生产资源，确保连续生产。  【3.3 应急保供措施】  1. 如出现设备故障，立即启用备用生产线或协调外部协作资源。 2. 原材料库存低于安全库存时，启动紧急采购程序，由
264,4.3 质量、安全、进度保障措施,2310,采购负责人姓名,Z-其他人工复核,P2,投标编制负责人,人工核实后填写,续生产。  【3.3 应急保供措施】  1. 如出现设备故障，立即启用备用生产线或协调外部协作资源。 2. 原材料库存低于安全库存时，启动紧急采购程序，由采购部【待补充：采购负责人姓名】负责。 3. 建立与项目单位的每日沟通机制，实时掌握现场需求变化，动态调整排产计划。  【3.4 交付保障】  1. 按协议库存要求分批次交付，每批次随货提交合格证、检测报告、发货清单。 2. 交货地
265,4.3 质量、安全、进度保障措施,2316,买方指定交货地点,D-投标承诺期限/日期/响应时限,P0,商务+履约负责人,按招标文件要求和公司承诺口径确认后填写,化，动态调整排产计划。  【3.4 交付保障】  1. 按协议库存要求分批次交付，每批次随货提交合格证、检测报告、发货清单。 2. 交货地点：按项目单位指定地点【待补充：买方指定交货地点】交货。 3. 运输方式：公路运输，【待补充：交货期】前完成首批交付。  【4 售后服务承诺】  1. **响应时效**：接到项目单位通知后2小时内响应，【待补充：人工复核到场时间】内到达现场。 2. 
266,4.3 质量、安全、进度保障措施,2317,交货期,C-目标分标包件/货物清单/规格数量,P0,投标项目负责人,从最终投标包件、货物清单和技术规范书确认后填写,库存要求分批次交付，每批次随货提交合格证、检测报告、发货清单。 2. 交货地点：按项目单位指定地点【待补充：买方指定交货地点】交货。 3. 运输方式：公路运输，【待补充：交货期】前完成首批交付。  【4 售后服务承诺】  1. **响应时效**：接到项目单位通知后2小时内响应，【待补充：人工复核到场时间】内到达现场。 2. **服务范围**：提供产品技术咨询、安装指导、质量异
267,4.3 质量、安全、进度保障措施,2321,人工复核到场时间,D-投标承诺期限/日期/响应时限,P0,商务+履约负责人,按招标文件要求和公司承诺口径确认后填写,货地点】交货。 3. 运输方式：公路运输，【待补充：交货期】前完成首批交付。  【4 售后服务承诺】  1. **响应时效**：接到项目单位通知后2小时内响应，【待补充：人工复核到场时间】内到达现场。 2. **服务范围**：提供产品技术咨询、安装指导、质量异议处理等全过程服务。 3. **质保期**：产品质保期为【待补充：人工复核质保期】，质保期内免费维修或更换。 4. **备品备件
268,4.3 质量、安全、进度保障措施,2323,人工复核质保期,D-投标承诺期限/日期/响应时限,P0,商务+履约负责人,按招标文件要求和公司承诺口径确认后填写,应，【待补充：人工复核到场时间】内到达现场。 2. **服务范围**：提供产品技术咨询、安装指导、质量异议处理等全过程服务。 3. **质保期**：产品质保期为【待补充：人工复核质保期】，质保期内免费维修或更换。 4. **备品备件**：长期储备常用规格备品备件，确保快速供应。  以上措施由公司法定代表人晁坤琳统筹负责，总经理杨贺组织实施，确保质量、安全、进度全面受控，满足国网辽宁省
269,4.3 质量、安全、进度保障措施,2331,投标日期,D-投标承诺期限/日期/响应时限,P0,商务+履约负责人,按招标文件要求和公司承诺口径确认后填写,负责，总经理杨贺组织实施，确保质量、安全、进度全面受控，满足国网辽宁省电力有限公司本批次协议库存采购的各项要求。  ---  河北泰昌电力器材科技有限公司   【待补充：投标日期】  # 5. 报价文件及货物清单  【1. 报价文件编写说明】  本章节为河北泰昌电力器材科技有限公司（以下简称“我公司”）针对“国网辽宁电力2025年第三次物资协议库存招标采购”项目（招标编号：22
270,5. 报价文件及货物清单,2345,人工复核,B-保证金/银行账户资料,P0,财务/商务负责人,补充基本账户开户信息、保证金金额、形式、缴纳凭证或保函信息,30607056539515C）愿意遵照招标文件的要求，以本投标函价格部分所列的投标总价，提供招标文件要求的全部物资及相关服务。  投标有效期为自投标截止之日起【待补充：人工复核】日。投标保证金提交形式为【待补充：人工复核】，投标保证金金额为【待补充：人工复核】。  本投标函与投标文件中的商务、技术文件构成一个整体，不可分割。  投标人（盖章）：河北泰昌电力器材科技有限公司 法
271,5. 报价文件及货物清单,2345,人工复核,E-授权签章/联系人/人员姓名,P0,法务/授权经办人,补充最终授权代表、联系人、签字盖章和身份证明信息,文件的要求，以本投标函价格部分所列的投标总价，提供招标文件要求的全部物资及相关服务。  投标有效期为自投标截止之日起【待补充：人工复核】日。投标保证金提交形式为【待补充：人工复核】，投标保证金金额为【待补充：人工复核】。  本投标函与投标文件中的商务、技术文件构成一个整体，不可分割。  投标人（盖章）：河北泰昌电力器材科技有限公司 法定代表人或授权代表（签字）：【待补充：人工复
272,5. 报价文件及货物清单,2345,人工复核,E-授权签章/联系人/人员姓名,P0,法务/授权经办人,补充最终授权代表、联系人、签字盖章和身份证明信息,标总价，提供招标文件要求的全部物资及相关服务。  投标有效期为自投标截止之日起【待补充：人工复核】日。投标保证金提交形式为【待补充：人工复核】，投标保证金金额为【待补充：人工复核】。  本投标函与投标文件中的商务、技术文件构成一个整体，不可分割。  投标人（盖章）：河北泰昌电力器材科技有限公司 法定代表人或授权代表（签字）：【待补充：人工复核】 日期：【待补充：人工复核】  【
273,5. 报价文件及货物清单,2350,人工复核,E-授权签章/联系人/人员姓名,P0,法务/授权经办人,补充最终授权代表、联系人、签字盖章和身份证明信息,充：人工复核】。  本投标函与投标文件中的商务、技术文件构成一个整体，不可分割。  投标人（盖章）：河北泰昌电力器材科技有限公司 法定代表人或授权代表（签字）：【待补充：人工复核】 日期：【待补充：人工复核】  【3. 开标文件（价格汇总表）】  | 序号 | 分标编号 | 包号 | 物资名称 | 投标总价（小写/元） | 投标总价（大写） | 交货期 | 备注 | | :--
274,5. 报价文件及货物清单,2351,人工复核,E-授权签章/联系人/人员姓名,P0,法务/授权经办人,补充最终授权代表、联系人、签字盖章和身份证明信息,与投标文件中的商务、技术文件构成一个整体，不可分割。  投标人（盖章）：河北泰昌电力器材科技有限公司 法定代表人或授权代表（签字）：【待补充：人工复核】 日期：【待补充：人工复核】  【3. 开标文件（价格汇总表）】  | 序号 | 分标编号 | 包号 | 物资名称 | 投标总价（小写/元） | 投标总价（大写） | 交货期 | 备注 | | :--- | :--- | :--
275,5. 报价文件及货物清单,2357,人工复核,A-最终报价/价格清单/商务金额,P0,商务报价负责人,依据最终报价表、分项价格表、税率和投标策略填写,写） | 交货期 | 备注 | | :--- | :--- | :--- | :--- | :--- | :--- | :--- | :--- | | 1 | 【待补充：人工复核】 | 【待补充：人工复核】 | 电缆保护管（MPP/CPVC） | 【待补充：人工复核】 | 【待补充：人工复核】 | 【待补充：人工复核】 | 响应招标文件要求 | | **合计** | | | |
276,5. 报价文件及货物清单,2357,人工复核,A-最终报价/价格清单/商务金额,P0,商务报价负责人,依据最终报价表、分项价格表、税率和投标策略填写, | | :--- | :--- | :--- | :--- | :--- | :--- | :--- | :--- | | 1 | 【待补充：人工复核】 | 【待补充：人工复核】 | 电缆保护管（MPP/CPVC） | 【待补充：人工复核】 | 【待补充：人工复核】 | 【待补充：人工复核】 | 响应招标文件要求 | | **合计** | | | | **【待补充：人工复核】
277,5. 报价文件及货物清单,2357,人工复核,A-最终报价/价格清单/商务金额,P0,商务报价负责人,依据最终报价表、分项价格表、税率和投标策略填写,| :--- | :--- | :--- | :--- | | 1 | 【待补充：人工复核】 | 【待补充：人工复核】 | 电缆保护管（MPP/CPVC） | 【待补充：人工复核】 | 【待补充：人工复核】 | 【待补充：人工复核】 | 响应招标文件要求 | | **合计** | | | | **【待补充：人工复核】** | **【待补充：人工复核】** | | |  【4. 
278,5. 报价文件及货物清单,2357,人工复核,A-最终报价/价格清单/商务金额,P0,商务报价负责人,依据最终报价表、分项价格表、税率和投标策略填写, | :--- | :--- | | 1 | 【待补充：人工复核】 | 【待补充：人工复核】 | 电缆保护管（MPP/CPVC） | 【待补充：人工复核】 | 【待补充：人工复核】 | 【待补充：人工复核】 | 响应招标文件要求 | | **合计** | | | | **【待补充：人工复核】** | **【待补充：人工复核】** | | |  【4. 分项报价表】  以下为我公
279,5. 报价文件及货物清单,2357,人工复核,A-最终报价/价格清单/商务金额,P0,商务报价负责人,依据最终报价表、分项价格表、税率和投标策略填写,- | | 1 | 【待补充：人工复核】 | 【待补充：人工复核】 | 电缆保护管（MPP/CPVC） | 【待补充：人工复核】 | 【待补充：人工复核】 | 【待补充：人工复核】 | 响应招标文件要求 | | **合计** | | | | **【待补充：人工复核】** | **【待补充：人工复核】** | | |  【4. 分项报价表】  以下为我公司针对本次招标物资进行的详
280,5. 报价文件及货物清单,2358,人工复核,A-最终报价/价格清单/商务金额,P0,商务报价负责人,依据最终报价表、分项价格表、税率和投标策略填写,PP/CPVC） | 【待补充：人工复核】 | 【待补充：人工复核】 | 【待补充：人工复核】 | 响应招标文件要求 | | **合计** | | | | **【待补充：人工复核】** | **【待补充：人工复核】** | | |  【4. 分项报价表】  以下为我公司针对本次招标物资进行的详细分项报价，所有单价均为含税价，税率【待补充：人工复核】%。  | 序号 | 物资名称
281,5. 报价文件及货物清单,2358,人工复核,A-最终报价/价格清单/商务金额,P0,商务报价负责人,依据最终报价表、分项价格表、税率和投标策略填写,工复核】 | 【待补充：人工复核】 | 【待补充：人工复核】 | 响应招标文件要求 | | **合计** | | | | **【待补充：人工复核】** | **【待补充：人工复核】** | | |  【4. 分项报价表】  以下为我公司针对本次招标物资进行的详细分项报价，所有单价均为含税价，税率【待补充：人工复核】%。  | 序号 | 物资名称 | 规格型号 | 单位 | 数量
282,5. 报价文件及货物清单,2362,人工复核,A-最终报价/价格清单/商务金额,P0,商务报价负责人,依据最终报价表、分项价格表、税率和投标策略填写,人工复核】** | **【待补充：人工复核】** | | |  【4. 分项报价表】  以下为我公司针对本次招标物资进行的详细分项报价，所有单价均为含税价，税率【待补充：人工复核】%。  | 序号 | 物资名称 | 规格型号 | 单位 | 数量 | 含税单价（元） | 含税总价（元） | 备注 | | :--- | :--- | :--- | :--- | :--- | :--
283,5. 报价文件及货物清单,2366,人工复核,A-最终报价/价格清单/商务金额,P0,商务报价负责人,依据最终报价表、分项价格表、税率和投标策略填写,:--- | :--- | :--- | :--- | :--- | | 1 | 电缆保护管（MPP） | DF 250×22×9000 SN40 | 米 | 【待补充：人工复核】 | 【待补充：人工复核】 | 【待补充：人工复核】 | | | 2 | 电缆保护管（CPVC） | DS 250×15×6000 SN16 | 米 | 【待补充：人工复核】 | 【待补充：人工复核】
284,5. 报价文件及货物清单,2366,人工复核,A-最终报价/价格清单/商务金额,P0,商务报价负责人,依据最终报价表、分项价格表、税率和投标策略填写, :--- | :--- | :--- | | 1 | 电缆保护管（MPP） | DF 250×22×9000 SN40 | 米 | 【待补充：人工复核】 | 【待补充：人工复核】 | 【待补充：人工复核】 | | | 2 | 电缆保护管（CPVC） | DS 250×15×6000 SN16 | 米 | 【待补充：人工复核】 | 【待补充：人工复核】 | 【待补充：人工复核】
285,5. 报价文件及货物清单,2366,人工复核,A-最终报价/价格清单/商务金额,P0,商务报价负责人,依据最终报价表、分项价格表、税率和投标策略填写,| :--- | | 1 | 电缆保护管（MPP） | DF 250×22×9000 SN40 | 米 | 【待补充：人工复核】 | 【待补充：人工复核】 | 【待补充：人工复核】 | | | 2 | 电缆保护管（CPVC） | DS 250×15×6000 SN16 | 米 | 【待补充：人工复核】 | 【待补充：人工复核】 | 【待补充：人工复核】 | | | 3 | 管枕
286,5. 报价文件及货物清单,2367,人工复核,A-最终报价/价格清单/商务金额,P0,商务报价负责人,依据最终报价表、分项价格表、税率和投标策略填写,复核】 | 【待补充：人工复核】 | 【待补充：人工复核】 | | | 2 | 电缆保护管（CPVC） | DS 250×15×6000 SN16 | 米 | 【待补充：人工复核】 | 【待补充：人工复核】 | 【待补充：人工复核】 | | | 3 | 管枕/管卡 | 配套 | 套 | 【待补充：人工复核】 | 【待补充：人工复核】 | 【待补充：人工复核】 | 如有此项 | 
287,5. 报价文件及货物清单,2367,人工复核,A-最终报价/价格清单/商务金额,P0,商务报价负责人,依据最终报价表、分项价格表、税率和投标策略填写,复核】 | 【待补充：人工复核】 | | | 2 | 电缆保护管（CPVC） | DS 250×15×6000 SN16 | 米 | 【待补充：人工复核】 | 【待补充：人工复核】 | 【待补充：人工复核】 | | | 3 | 管枕/管卡 | 配套 | 套 | 【待补充：人工复核】 | 【待补充：人工复核】 | 【待补充：人工复核】 | 如有此项 | | ... | 其他附件 
288,5. 报价文件及货物清单,2367,人工复核,A-最终报价/价格清单/商务金额,P0,商务报价负责人,依据最终报价表、分项价格表、税率和投标策略填写,复核】 | | | 2 | 电缆保护管（CPVC） | DS 250×15×6000 SN16 | 米 | 【待补充：人工复核】 | 【待补充：人工复核】 | 【待补充：人工复核】 | | | 3 | 管枕/管卡 | 配套 | 套 | 【待补充：人工复核】 | 【待补充：人工复核】 | 【待补充：人工复核】 | 如有此项 | | ... | 其他附件 | 详见技术规范 | 批 
289,5. 报价文件及货物清单,2368,人工复核,A-最终报价/价格清单/商务金额,P0,商务报价负责人,依据最终报价表、分项价格表、税率和投标策略填写,6000 SN16 | 米 | 【待补充：人工复核】 | 【待补充：人工复核】 | 【待补充：人工复核】 | | | 3 | 管枕/管卡 | 配套 | 套 | 【待补充：人工复核】 | 【待补充：人工复核】 | 【待补充：人工复核】 | 如有此项 | | ... | 其他附件 | 详见技术规范 | 批 | 【待补充：人工复核】 | 【待补充：人工复核】 | 【待补充：人工复核】
290,5. 报价文件及货物清单,2368,人工复核,A-最终报价/价格清单/商务金额,P0,商务报价负责人,依据最终报价表、分项价格表、税率和投标策略填写, | 【待补充：人工复核】 | 【待补充：人工复核】 | 【待补充：人工复核】 | | | 3 | 管枕/管卡 | 配套 | 套 | 【待补充：人工复核】 | 【待补充：人工复核】 | 【待补充：人工复核】 | 如有此项 | | ... | 其他附件 | 详见技术规范 | 批 | 【待补充：人工复核】 | 【待补充：人工复核】 | 【待补充：人工复核】 | 如有此项 | | *
291,5. 报价文件及货物清单,2368,人工复核,A-最终报价/价格清单/商务金额,P0,商务报价负责人,依据最终报价表、分项价格表、税率和投标策略填写, | 【待补充：人工复核】 | 【待补充：人工复核】 | | | 3 | 管枕/管卡 | 配套 | 套 | 【待补充：人工复核】 | 【待补充：人工复核】 | 【待补充：人工复核】 | 如有此项 | | ... | 其他附件 | 详见技术规范 | 批 | 【待补充：人工复核】 | 【待补充：人工复核】 | 【待补充：人工复核】 | 如有此项 | | **合计** | | | |
292,5. 报价文件及货物清单,2369,人工复核,A-最终报价/价格清单/商务金额,P0,商务报价负责人,依据最终报价表、分项价格表、税率和投标策略填写,| 套 | 【待补充：人工复核】 | 【待补充：人工复核】 | 【待补充：人工复核】 | 如有此项 | | ... | 其他附件 | 详见技术规范 | 批 | 【待补充：人工复核】 | 【待补充：人工复核】 | 【待补充：人工复核】 | 如有此项 | | **合计** | | | | | | **【待补充：人工复核】** | |  【5. 货物清单（含技术参数响应）】  | 序
293,5. 报价文件及货物清单,2369,人工复核,A-最终报价/价格清单/商务金额,P0,商务报价负责人,依据最终报价表、分项价格表、税率和投标策略填写,复核】 | 【待补充：人工复核】 | 【待补充：人工复核】 | 如有此项 | | ... | 其他附件 | 详见技术规范 | 批 | 【待补充：人工复核】 | 【待补充：人工复核】 | 【待补充：人工复核】 | 如有此项 | | **合计** | | | | | | **【待补充：人工复核】** | |  【5. 货物清单（含技术参数响应）】  | 序号 | 物资名称 | 规格
294,5. 报价文件及货物清单,2369,人工复核,A-最终报价/价格清单/商务金额,P0,商务报价负责人,依据最终报价表、分项价格表、税率和投标策略填写,复核】 | 【待补充：人工复核】 | 如有此项 | | ... | 其他附件 | 详见技术规范 | 批 | 【待补充：人工复核】 | 【待补充：人工复核】 | 【待补充：人工复核】 | 如有此项 | | **合计** | | | | | | **【待补充：人工复核】** | |  【5. 货物清单（含技术参数响应）】  | 序号 | 物资名称 | 规格型号 | 单位 | 需求数
295,5. 报价文件及货物清单,2370,人工复核,A-最终报价/价格清单/商务金额,P0,商务报价负责人,依据最终报价表、分项价格表、税率和投标策略填写,技术规范 | 批 | 【待补充：人工复核】 | 【待补充：人工复核】 | 【待补充：人工复核】 | 如有此项 | | **合计** | | | | | | **【待补充：人工复核】** | |  【5. 货物清单（含技术参数响应）】  | 序号 | 物资名称 | 规格型号 | 单位 | 需求数量 | 投标数量 | 技术参数响应情况 | 备注 | | :--- | :--- | 
296,5. 报价文件及货物清单,2376,人工复核,A-最终报价/价格清单/商务金额,P0,商务报价负责人,依据最终报价表、分项价格表、税率和投标策略填写,:--- | :--- | :--- | :--- | :--- | | 1 | 电缆保护管（MPP） | DF 250×22×9000 SN40 | 米 | 【待补充：人工复核】 | 【待补充：人工复核】 | 满足招标文件要求（环刚度66.40kN/m2≥40kN/m2） | 基于我方真实检测数据 | | 2 | 电缆保护管（CPVC） | DS 250×15×6000 SN
297,5. 报价文件及货物清单,2376,人工复核,A-最终报价/价格清单/商务金额,P0,商务报价负责人,依据最终报价表、分项价格表、税率和投标策略填写, :--- | :--- | :--- | | 1 | 电缆保护管（MPP） | DF 250×22×9000 SN40 | 米 | 【待补充：人工复核】 | 【待补充：人工复核】 | 满足招标文件要求（环刚度66.40kN/m2≥40kN/m2） | 基于我方真实检测数据 | | 2 | 电缆保护管（CPVC） | DS 250×15×6000 SN16 | 米 | 【待补充
298,5. 报价文件及货物清单,2377,人工复核,A-最终报价/价格清单/商务金额,P0,商务报价负责人,依据最终报价表、分项价格表、税率和投标策略填写,6.40kN/m2≥40kN/m2） | 基于我方真实检测数据 | | 2 | 电缆保护管（CPVC） | DS 250×15×6000 SN16 | 米 | 【待补充：人工复核】 | 【待补充：人工复核】 | 满足招标文件要求（平均内径250.2~250.4mm，壁厚15.2~15.3mm） | 基于我方真实检测数据 |  【6. 单价分析表（以MPP管为例）】  | 序号 
299,5. 报价文件及货物清单,2377,人工复核,A-最终报价/价格清单/商务金额,P0,商务报价负责人,依据最终报价表、分项价格表、税率和投标策略填写,N/m2） | 基于我方真实检测数据 | | 2 | 电缆保护管（CPVC） | DS 250×15×6000 SN16 | 米 | 【待补充：人工复核】 | 【待补充：人工复核】 | 满足招标文件要求（平均内径250.2~250.4mm，壁厚15.2~15.3mm） | 基于我方真实检测数据 |  【6. 单价分析表（以MPP管为例）】  | 序号 | 费用构成项目 | 单位
300,5. 报价文件及货物清单,2383,人工复核,A-最终报价/价格清单/商务金额,P0,商务报价负责人,依据最终报价表、分项价格表、税率和投标策略填写, | 单价（元） | 备注/计算方法 | | :--- | :--- | :--- | :--- | :--- | | 1 | 主要原材料费用 | 元/米 | 【待补充：人工复核】 | 聚丙烯、改性剂等 | | 2 | 辅助材料费用 | 元/米 | 【待补充：人工复核】 | 色母、稳定剂等 | | 3 | 直接人工费用 | 元/米 | 【待补充：人工复核】 | 含生产、质检、包
301,5. 报价文件及货物清单,2384,人工复核,A-最终报价/价格清单/商务金额,P0,商务报价负责人,依据最终报价表、分项价格表、税率和投标策略填写,--- | :--- | | 1 | 主要原材料费用 | 元/米 | 【待补充：人工复核】 | 聚丙烯、改性剂等 | | 2 | 辅助材料费用 | 元/米 | 【待补充：人工复核】 | 色母、稳定剂等 | | 3 | 直接人工费用 | 元/米 | 【待补充：人工复核】 | 含生产、质检、包装等 | | 4 | 制造费用 | 元/米 | 【待补充：人工复核】 | 包含设备折旧、水
302,5. 报价文件及货物清单,2385,人工复核,A-最终报价/价格清单/商务金额,P0,商务报价负责人,依据最终报价表、分项价格表、税率和投标策略填写,】 | 聚丙烯、改性剂等 | | 2 | 辅助材料费用 | 元/米 | 【待补充：人工复核】 | 色母、稳定剂等 | | 3 | 直接人工费用 | 元/米 | 【待补充：人工复核】 | 含生产、质检、包装等 | | 4 | 制造费用 | 元/米 | 【待补充：人工复核】 | 包含设备折旧、水电、维修等 | | 5 | 管理费用 | 元/米 | 【待补充：人工复核】 | 按比例分
303,5. 报价文件及货物清单,2386,人工复核,A-最终报价/价格清单/商务金额,P0,商务报价负责人,依据最终报价表、分项价格表、税率和投标策略填写,】 | 色母、稳定剂等 | | 3 | 直接人工费用 | 元/米 | 【待补充：人工复核】 | 含生产、质检、包装等 | | 4 | 制造费用 | 元/米 | 【待补充：人工复核】 | 包含设备折旧、水电、维修等 | | 5 | 管理费用 | 元/米 | 【待补充：人工复核】 | 按比例分摊 | | 6 | 销售费用 | 元/米 | 【待补充：人工复核】 | 按比例分摊 | |
304,5. 报价文件及货物清单,2387,人工复核,A-最终报价/价格清单/商务金额,P0,商务报价负责人,依据最终报价表、分项价格表、税率和投标策略填写,含生产、质检、包装等 | | 4 | 制造费用 | 元/米 | 【待补充：人工复核】 | 包含设备折旧、水电、维修等 | | 5 | 管理费用 | 元/米 | 【待补充：人工复核】 | 按比例分摊 | | 6 | 销售费用 | 元/米 | 【待补充：人工复核】 | 按比例分摊 | | 7 | 利润 | 元/米 | 【待补充：人工复核】 | | | 8 | 税金 | 元/米 | 
305,5. 报价文件及货物清单,2388,人工复核,A-最终报价/价格清单/商务金额,P0,商务报价负责人,依据最终报价表、分项价格表、税率和投标策略填写,核】 | 包含设备折旧、水电、维修等 | | 5 | 管理费用 | 元/米 | 【待补充：人工复核】 | 按比例分摊 | | 6 | 销售费用 | 元/米 | 【待补充：人工复核】 | 按比例分摊 | | 7 | 利润 | 元/米 | 【待补充：人工复核】 | | | 8 | 税金 | 元/米 | 【待补充：人工复核】 | 税率13% | | **合计** | **含税单价**
306,5. 报价文件及货物清单,2389,人工复核,A-最终报价/价格清单/商务金额,P0,商务报价负责人,依据最终报价表、分项价格表、税率和投标策略填写,| 【待补充：人工复核】 | 按比例分摊 | | 6 | 销售费用 | 元/米 | 【待补充：人工复核】 | 按比例分摊 | | 7 | 利润 | 元/米 | 【待补充：人工复核】 | | | 8 | 税金 | 元/米 | 【待补充：人工复核】 | 税率13% | | **合计** | **含税单价** | **元/米** | **【待补充：人工复核】** | |  【7. 运
307,5. 报价文件及货物清单,2390,人工复核,A-最终报价/价格清单/商务金额,P0,商务报价负责人,依据最终报价表、分项价格表、税率和投标策略填写,用 | 元/米 | 【待补充：人工复核】 | 按比例分摊 | | 7 | 利润 | 元/米 | 【待补充：人工复核】 | | | 8 | 税金 | 元/米 | 【待补充：人工复核】 | 税率13% | | **合计** | **含税单价** | **元/米** | **【待补充：人工复核】** | |  【7. 运输及包装费报价】  | 序号 | 项目 | 详细说明 | 金额（
308,5. 报价文件及货物清单,2391,人工复核,A-最终报价/价格清单/商务金额,P0,商务报价负责人,依据最终报价表、分项价格表、税率和投标策略填写,复核】 | | | 8 | 税金 | 元/米 | 【待补充：人工复核】 | 税率13% | | **合计** | **含税单价** | **元/米** | **【待补充：人工复核】** | |  【7. 运输及包装费报价】  | 序号 | 项目 | 详细说明 | 金额（元） | 备注 | | :--- | :--- | :--- | :--- | :--- | | 1 | 包装
309,5. 报价文件及货物清单,2397,人工复核,A-最终报价/价格清单/商务金额,P0,商务报价负责人,依据最终报价表、分项价格表、税率和投标策略填写, | :--- | :--- | :--- | :--- | :--- | | 1 | 包装费 | 采用高强度编织袋或托盘打包，满足长途运输和现场装卸要求 | 【待补充：人工复核】 | 已含在单价内 | | 2 | 运输费 | 从河北省保定市满城区至辽宁省内指定项目现场（具体地点以订单为准） | 【待补充：人工复核】 | 已含在单价内 | | 3 | 保险费 | 全程购买货物运
310,5. 报价文件及货物清单,2398,人工复核,A-最终报价/价格清单/商务金额,P0,商务报价负责人,依据最终报价表、分项价格表、税率和投标策略填写,输和现场装卸要求 | 【待补充：人工复核】 | 已含在单价内 | | 2 | 运输费 | 从河北省保定市满城区至辽宁省内指定项目现场（具体地点以订单为准） | 【待补充：人工复核】 | 已含在单价内 | | 3 | 保险费 | 全程购买货物运输险 | 【待补充：人工复核】 | 已含在单价内 | | **合计** | | | **【待补充：人工复核】** | |  【8. 投标保
311,5. 报价文件及货物清单,2399,人工复核,B-保证金/银行账户资料,P0,财务/商务负责人,补充基本账户开户信息、保证金金额、形式、缴纳凭证或保函信息,河北省保定市满城区至辽宁省内指定项目现场（具体地点以订单为准） | 【待补充：人工复核】 | 已含在单价内 | | 3 | 保险费 | 全程购买货物运输险 | 【待补充：人工复核】 | 已含在单价内 | | **合计** | | | **【待补充：人工复核】** | |  【8. 投标保证金承诺】  我公司承诺，将按照招标文件规定的金额和形式提交投标保证金。具体保证金信息如下：
312,5. 报价文件及货物清单,2400,人工复核,B-保证金/银行账户资料,P0,财务/商务负责人,补充基本账户开户信息、保证金金额、形式、缴纳凭证或保函信息,人工复核】 | 已含在单价内 | | 3 | 保险费 | 全程购买货物运输险 | 【待补充：人工复核】 | 已含在单价内 | | **合计** | | | **【待补充：人工复核】** | |  【8. 投标保证金承诺】  我公司承诺，将按照招标文件规定的金额和形式提交投标保证金。具体保证金信息如下： - 投标保证金金额：人民币【待补充：人工复核】元。 - 投标保证金形式：【待
313,5. 报价文件及货物清单,2405,人工复核,B-保证金/银行账户资料,P0,财务/商务负责人,补充基本账户开户信息、保证金金额、形式、缴纳凭证或保函信息,人工复核】** | |  【8. 投标保证金承诺】  我公司承诺，将按照招标文件规定的金额和形式提交投标保证金。具体保证金信息如下： - 投标保证金金额：人民币【待补充：人工复核】元。 - 投标保证金形式：【待补充：人工复核】。 - 投标保证金有效期：与投标有效期一致。  【9. 增值税发票及其他税费承诺】  我公司承诺，所提供的报价均为含增值税价格。我公司为增值税一般纳税人，
314,5. 报价文件及货物清单,2406,人工复核,B-保证金/银行账户资料,P0,财务/商务负责人,补充基本账户开户信息、保证金金额、形式、缴纳凭证或保函信息,诺】  我公司承诺，将按照招标文件规定的金额和形式提交投标保证金。具体保证金信息如下： - 投标保证金金额：人民币【待补充：人工复核】元。 - 投标保证金形式：【待补充：人工复核】。 - 投标保证金有效期：与投标有效期一致。  【9. 增值税发票及其他税费承诺】  我公司承诺，所提供的报价均为含增值税价格。我公司为增值税一般纳税人，可开具税率为【待补充：人工复核】%的增值税专用
315,5. 报价文件及货物清单,2411,人工复核,B-保证金/银行账户资料,P0,财务/商务负责人,补充基本账户开户信息、保证金金额、形式、缴纳凭证或保函信息, 投标保证金有效期：与投标有效期一致。  【9. 增值税发票及其他税费承诺】  我公司承诺，所提供的报价均为含增值税价格。我公司为增值税一般纳税人，可开具税率为【待补充：人工复核】%的增值税专用发票。所有税费由我公司依法自行承担，不包含在投标报价之外另行向招标人收取。  【10. 其他说明】  - **质保期承诺**：我公司承诺所供货物质保期为投运后【待补充：人工复核】个月，或
316,5. 报价文件及货物清单,2415,人工复核,A-最终报价/价格清单/商务金额,P0,商务报价负责人,依据最终报价表、分项价格表、税率和投标策略填写,用发票。所有税费由我公司依法自行承担，不包含在投标报价之外另行向招标人收取。  【10. 其他说明】  - **质保期承诺**：我公司承诺所供货物质保期为投运后【待补充：人工复核】个月，或从到货验收合格之日起【待补充：人工复核】个月，以先到为准。质保期内因产品质量问题导致的任何损失，由我公司无偿负责维修或更换。 - **交货期承诺**：我公司承诺在接到供货通知后【待补充：人工复
317,5. 报价文件及货物清单,2415,人工复核,A-最终报价/价格清单/商务金额,P0,商务报价负责人,依据最终报价表、分项价格表、税率和投标策略填写,标报价之外另行向招标人收取。  【10. 其他说明】  - **质保期承诺**：我公司承诺所供货物质保期为投运后【待补充：人工复核】个月，或从到货验收合格之日起【待补充：人工复核】个月，以先到为准。质保期内因产品质量问题导致的任何损失，由我公司无偿负责维修或更换。 - **交货期承诺**：我公司承诺在接到供货通知后【待补充：人工复核】日内完成首批货物的交付，并确保在合同约定的最
318,5. 报价文件及货物清单,2416,人工复核,A-最终报价/价格清单/商务金额,P0,商务报价负责人,依据最终报价表、分项价格表、税率和投标策略填写,日起【待补充：人工复核】个月，以先到为准。质保期内因产品质量问题导致的任何损失，由我公司无偿负责维修或更换。 - **交货期承诺**：我公司承诺在接到供货通知后【待补充：人工复核】日内完成首批货物的交付，并确保在合同约定的最终交货期内完成全部货物交付。 - **备货及产能保障**：我公司现有MPP和CPVC生产线共【待补充：人工复核】条，月均产能可达【待补充：人工复核】米，具备
319,5. 报价文件及货物清单,2417,人工复核,A-最终报价/价格清单/商务金额,P0,商务报价负责人,依据最终报价表、分项价格表、税率和投标策略填写,知后【待补充：人工复核】日内完成首批货物的交付，并确保在合同约定的最终交货期内完成全部货物交付。 - **备货及产能保障**：我公司现有MPP和CPVC生产线共【待补充：人工复核】条，月均产能可达【待补充：人工复核】米，具备充足的备货产能，可完全满足本项目的供货需求。 - **售后服务承诺**：我公司设立专项售后服务小组，由技术总监赵称心同志牵头，王强、陈国华、黄文清、林乌金等
320,5. 报价文件及货物清单,2417,人工复核,A-最终报价/价格清单/商务金额,P0,商务报价负责人,依据最终报价表、分项价格表、税率和投标策略填写,货物的交付，并确保在合同约定的最终交货期内完成全部货物交付。 - **备货及产能保障**：我公司现有MPP和CPVC生产线共【待补充：人工复核】条，月均产能可达【待补充：人工复核】米，具备充足的备货产能，可完全满足本项目的供货需求。 - **售后服务承诺**：我公司设立专项售后服务小组，由技术总监赵称心同志牵头，王强、陈国华、黄文清、林乌金等同志为成员，提供7*24小时技术支持
321,5. 报价文件及货物清单,2418,人工复核,A-最终报价/价格清单/商务金额,P0,商务报价负责人,依据最终报价表、分项价格表、税率和投标策略填写,承诺**：我公司设立专项售后服务小组，由技术总监赵称心同志牵头，王强、陈国华、黄文清、林乌金等同志为成员，提供7*24小时技术支持和现场服务。接到招标人通知后，【待补充：人工复核】小时内响应，【待补充：人工复核】小时内派技术人员抵达现场。  【11. 附件】  - 投标函（价格部分） - 开标文件（价格汇总表） - 分项报价表（加盖公章） - 货物清单（加盖公章） - 单价分析
322,5. 报价文件及货物清单,2418,人工复核,A-最终报价/价格清单/商务金额,P0,商务报价负责人,依据最终报价表、分项价格表、税率和投标策略填写,小组，由技术总监赵称心同志牵头，王强、陈国华、黄文清、林乌金等同志为成员，提供7*24小时技术支持和现场服务。接到招标人通知后，【待补充：人工复核】小时内响应，【待补充：人工复核】小时内派技术人员抵达现场。  【11. 附件】  - 投标函（价格部分） - 开标文件（价格汇总表） - 分项报价表（加盖公章） - 货物清单（加盖公章） - 单价分析表（加盖公章） - 其他需提供的
323,5. 报价文件及货物清单,2430,人工复核,E-授权签章/联系人/人员姓名,P0,法务/授权经办人,补充最终授权代表、联系人、签字盖章和身份证明信息,） - 单价分析表（加盖公章） - 其他需提供的价格证明文件  **投标人（盖章）：** 河北泰昌电力器材科技有限公司 **法定代表人或授权代表（签字）：** 【待补充：人工复核】 **日期：** 【待补充：人工复核】年【待补充：人工复核】月【待补充：人工复核】日  ## 5.1 报价说明及风险提示  【一、报价口径说明】  1. **报价范围**      本投标报价系依据《
324,5. 报价文件及货物清单,2431,人工复核,E-授权签章/联系人/人员姓名,P0,法务/授权经办人,补充最终授权代表、联系人、签字盖章和身份证明信息,他需提供的价格证明文件  **投标人（盖章）：** 河北泰昌电力器材科技有限公司 **法定代表人或授权代表（签字）：** 【待补充：人工复核】 **日期：** 【待补充：人工复核】年【待补充：人工复核】月【待补充：人工复核】日  ## 5.1 报价说明及风险提示  【一、报价口径说明】  1. **报价范围**      本投标报价系依据《国网辽宁电力2025年第三次物资协议库
325,5. 报价文件及货物清单,2431,人工复核,E-授权签章/联系人/人员姓名,P0,法务/授权经办人,补充最终授权代表、联系人、签字盖章和身份证明信息,  **投标人（盖章）：** 河北泰昌电力器材科技有限公司 **法定代表人或授权代表（签字）：** 【待补充：人工复核】 **日期：** 【待补充：人工复核】年【待补充：人工复核】月【待补充：人工复核】日  ## 5.1 报价说明及风险提示  【一、报价口径说明】  1. **报价范围**      本投标报价系依据《国网辽宁电力2025年第三次物资协议库存招标采购》（招标编号
326,5. 报价文件及货物清单,2431,人工复核,E-授权签章/联系人/人员姓名,P0,法务/授权经办人,补充最终授权代表、联系人、签字盖章和身份证明信息,：** 河北泰昌电力器材科技有限公司 **法定代表人或授权代表（签字）：** 【待补充：人工复核】 **日期：** 【待补充：人工复核】年【待补充：人工复核】月【待补充：人工复核】日  ## 5.1 报价说明及风险提示  【一、报价口径说明】  1. **报价范围**      本投标报价系依据《国网辽宁电力2025年第三次物资协议库存招标采购》（招标编号：2225AC）招标文
327,5.1 报价说明及风险提示,2438,本次投标所涉分标、包号、包名称及物资范围,C-目标分标包件/货物清单/规格数量,P0,投标项目负责人,从最终投标包件、货物清单和技术规范书确认后填写,. **报价范围**      本投标报价系依据《国网辽宁电力2025年第三次物资协议库存招标采购》（招标编号：2225AC）招标文件及澄清补充文件的要求，针对【待补充：本次投标所涉分标、包号、包名称及物资范围】所提交的完整报价。报价范围包括招标文件所规定的电缆保护管（MPP/CPVC）产品的生产、检验、包装、运输、交付及合同约定的售后服务，以及为完成本招标项目合同全部义务所需的一切费用。  2. **报价构
328,6. 其他响应资料,2510,履约保证金形式及金额，需人工复核招标文件要求,B-保证金/银行账户资料,P0,财务/商务负责人,补充基本账户开户信息、保证金金额、形式、缴纳凭证或保函信息,规定的预付款、到货款、验收款及质保金支付条件执行，具体支付比例及时间以合同约定为准。 2. **履约担保**：承诺在中标后按照招标文件要求提交履约保证金，形式为【待补充：履约保证金形式及金额，需人工复核招标文件要求】。 3. **税费**：承诺依法开具增值税专用发票，税率为13%，并承担相关税费。 4. **廉政与保密**：严格遵守《廉洁从业协议》及保密条款，不向招标人及相关人员行贿，不泄露招标及合同履行过程中的
329,6. 其他响应资料,2518,商务偏离表页码,H-最终排版页码/附件索引,P1,排版/标书装订负责人,DOCX/PDF定稿后按目录和附件顺序回填，不需要客户新增资料,、交货期、质保期、售后服务、合同变更等）无任何偏离。若有因理解偏差导致实际存在未列明的偏离，以招标文件规定为准，并视为我公司无条件接受。商务偏离表详见本投标文件【待补充：商务偏离表页码】。  【四、承诺函汇编】  【（一）质量保证承诺函】  我公司承诺：所投电缆保护管（MPP/CPVC）产品全部按照国家标准（GB/T 19001-2016/ISO 9001:2015 质量管理体系认证
330,6. 其他响应资料,2529,质保期年限，需人工复核招标文件要求,D-投标承诺期限/日期/响应时限,P0,商务+履约负责人,按招标文件要求和公司承诺口径确认后填写,理管理细则》作出的处理。  【（二）售后服务承诺函】  我公司针对本项目中标的电缆保护管产品，提供以下售后服务： - **质保期**：自货物验收合格之日起不少于【待补充：质保期年限，需人工复核招标文件要求】。 - **响应时间**：接到招标人书面或电话通知后，2小时内响应，24小时内派技术人员（包括王强、陈国华、黄文清、林乌金等售后技术人员）到达现场处理。 - **服务内容**：免费提供产品安装指导、技
331,6. 其他响应资料,2532,备品备件比例,Z-其他人工复核,P2,投标编制负责人,人工核实后填写,质量异议处理及备品备件更换服务。质保期内因产品制造原因导致的损坏，无条件免费更换；质保期外，按成本价提供配件及维修服务。 - **备品备件**：承诺按合同金额的【待补充：备品备件比例】提供备品备件，并长期供应。  【（三）履约能力承诺函】  我公司注册资本10000万元，成立于2012年，注册地址位于河北省保定市满城区陉阳驿村。公司拥有CPVC/MPP生产线、微机控制电子万能试验机
332,6. 其他响应资料,2536,产能数据,G-生产设备/检测设备/产能量化,P1,生产/质量负责人,依据设备台账、计量检定证书和产能统计表补充量化数据,"于河北省保定市满城区陉阳驿村。公司拥有CPVC/MPP生产线、微机控制电子万能试验机、热变形/维卡软化点温度测定仪、熔体流动速率仪等专业生产及检测设备，具备年产【待补充：产能数据】米电缆保护管的生产能力。公司近三年具有类似项目业绩：国网天津市电力公司2022年第二次配网物资协议库存招标采购（招标编号0322AB，包2），供应电缆保护管MPP和CPVC共54,678米，含税金额6"
333,6. 其他响应资料,2548,法定代表人授权委托书页码,H-最终排版页码/附件索引,P1,排版/标书装订负责人,DOCX/PDF定稿后按目录和附件顺序回填，不需要客户新增资料,严格保密，未经招标人书面同意，不向任何第三方泄露。保密义务不因合同终止而解除。  【五、其他补充证明资料】  1. **法定代表人授权委托书**：详见本投标文件【待补充：法定代表人授权委托书页码】。授权委托期限自签署之日起至投标有效期结束。 2. **投标保证金**：我方已按招标文件要求提交投标保证金，具体形式    ![泰昌碳足迹报告第14页](/api/bidding/knowledge/
334,7. 技术响应文件,2594,设备型号、数量、精度和检定周期以设备台账为准,C-目标分标包件/货物清单/规格数量,P0,投标项目负责人,从最终投标包件、货物清单和技术规范书确认后填写,CPVC生产线和MPP生产线，配套配备微机控制电子万能试验机、热变形/维卡软化点温度测定仪、电子天平、锤击试验装置、熔体流动速率仪、电子拉力试验机等精密检测设备【待补充：设备型号、数量、精度和检定周期以设备台账为准】，可对产品关键性能指标实施全批次检验。  **5. 专业技术团队** 公司组建了一支由董事长晁坤琳（兼任试验员）统筹领导，总经理杨贺负责运营管理，项目经理晁猛（厂长）组织生产，技术总监赵称心负责技术研
335,7. 技术响应文件,2683,具体日产能和月产能数据以企业实际产能评估为准，可在后续补充说明中提供产能核算表。,G-生产设备/检测设备/产能量化,P1,生产/质量负责人,依据设备台账、计量检定证书和产能统计表补充量化数据,  我公司具备规模化生产能力，两条MPP/CPVC生产线可满足本次招标预估需求的产量要求。若遇紧急补货或订单高峰期，可通过调整班次、提升生产节拍等方式保障供货。【待补充：具体日产能和月产能数据以企业实际产能评估为准，可在后续补充说明中提供产能核算表。】  **3.1.3 原材料供应保障**  公司与主要原材料供应商建立了长期稳定的合作关系，签订年度供货框架协议，确保关键原料（MPP树脂、CPVC树脂、助剂等）的稳定供应。针对本次招标项目
336,7. 技术响应文件,2775,具体设备型号、出厂编号、计量检定有效期等以企业设备台账为准，可在后续附件中提供设备清单与检定证书。,C-目标分标包件/货物清单/规格数量,P0,投标项目负责人,从最终投标包件、货物清单和技术规范书确认后填写,检测尺寸及称量辅助材料 - 锤击试验装置：用于落锤冲击性能测试 - 熔体流动速率仪：用于检测原材料的熔体流动速率 - 电子拉力试验机：用于管材的拉伸性能测试  【待补充：具体设备型号、出厂编号、计量检定有效期等以企业设备台账为准，可在后续附件中提供设备清单与检定证书。】  【4.3 不合格品控制与纠正预防】  **4.3.1 不合格品处理流程**  发现不合格品时，按以下流程处理： 1. 标识与隔离：在不合格品上粘贴“不合格”标签，移入
337,7. 技术响应文件,2798,具体响应时间和到场时间以投标商务文件的售后服务承诺为准,D-投标承诺期限/日期/响应时限,P0,商务+履约负责人,按招标文件要求和公司承诺口径确认后填写, - 质保期自产品验收合格之日起计算，质保期内因产品自身质量问题导致无法正常使用的，公司免费更换或维修，并承担相关费用 - 质保期内提供7×24小时技术服务响应【待补充：具体响应时间和到场时间以投标商务文件的售后服务承诺为准】 - 建立产品使用档案，定期回访客户，主动了解产品运行情况  **4.4.2 售后技术团队**  公司组建专门的技术售后服务团队，成员包括：  - 技术售后人员：王强、陈国华、黄文清、林乌金 - 技术
338,7. 技术响应文件,2844,按本次项目实际指派,F-项目人员最终指派及证明,P1,项目管理/人事,确认本项目实际投入人员，并匹配社保、劳动合同或任命证明,/厂长） | 全面负责项目执行，含生产计划、质量控制、发货安排 | | 技术总监 | 赵称心 | 技术方案审核，工艺支持，技术问题决策 | | 质量负责人 | 【待补充：按本次项目实际指派】 | 质量体系运行监督，质量记录审核 | | 质检专员 | 赵伟、刘合钦、杨华、巩超、于诗兰、莫文清 | 原材料、过程、成品检验，检测报告出具 | | 生产调度 | 【待补充：按本次项目实际指派】 |
339,7. 技术响应文件,2846,按本次项目实际指派,F-项目人员最终指派及证明,P1,项目管理/人事,确认本项目实际投入人员，并匹配社保、劳动合同或任命证明,质量体系运行监督，质量记录审核 | | 质检专员 | 赵伟、刘合钦、杨华、巩超、于诗兰、莫文清 | 原材料、过程、成品检验，检测报告出具 | | 生产调度 | 【待补充：按本次项目实际指派】 | 生产排产，现场管理，设备协调 | | 售后联络人 | 王强、陈国华、黄文清、林乌金 | 客户对接，交货安排，售后技术服务 |  【6.2 质量控制职责】  质量相关人员在各环节的具体职责： - 
340,7. 技术响应文件,2877,合作物流企业名称，以企业实际合作为准,Z-其他人工复核,P2,投标编制负责人,人工核实后填写,提下适度提速 3. 调配备用模具和辅助设备扩大产能 4. 必要时与其他具备资质和能力的合规生产企业协商外协产能补充  **7.1.3 物流保障**  我公司已与【待补充：合作物流企业名称，以企业实际合作为准】等多家专业物流公司建立了合作关系，具备充足的运力资源。可根据交货地点、交货时间和货物数量灵活调配车辆，确保准时交付。  【7.2 风险识别与应对】  | 风险类别 | 识别 | 应对措施 | |---
341,7.1 招标人要求响应,3009,本次投标产品原材料供应商名录及资质文件，详见技术文件附件部分。,K-附件资料清单/图片替换确认,P2,资料整理/排版负责人,确认附件是否采用现有入库资产或替换为客户正式原件,P管材：采用改性聚丙烯专用料，熔体流动速率、拉伸屈服强度等指标按批检测。 - CPVC管材：采用氯化聚氯乙烯专用料，维卡软化温度≥110℃，氯含量≥65%。  【待补充：本次投标产品原材料供应商名录及资质文件，详见技术文件附件部分。】  【4.4 生产制造能力响应】  【4.4.1 生产线配置】  本公司设有专业MPP/CPVC电缆保护管生产线，具备生产多种规格管材的能力： - MPP生产线：可生产公称内径100mm~300mm、
342,7.1 招标人要求响应,3025,本次投标承诺的量化产能,G-生产设备/检测设备/产能量化,P1,生产/质量负责人,依据设备台账、计量检定证书和产能统计表补充量化数据,线实拍、CPVC生产线实拍】。  【4.4.2 生产保障能力】  | 保障要素 | 具体情况 | |----------|---------| | 日产能 | 【待补充：本次投标承诺的量化产能】 | | 库存能力 | 厂区成品仓储面积【待补充：平方米】，可满足批量供货周转 | | 原材料储备 | 主要原材料按月度计划备料，保障供应连续性 | | 应急扩产 | 可根据交货计划合理调整生产线运行
343,7.1 招标人要求响应,3026,平方米,D-投标承诺期限/日期/响应时限,P0,商务+履约负责人,按招标文件要求和公司承诺口径确认后填写,要素 | 具体情况 | |----------|---------| | 日产能 | 【待补充：本次投标承诺的量化产能】 | | 库存能力 | 厂区成品仓储面积【待补充：平方米】，可满足批量供货周转 | | 原材料储备 | 主要原材料按月度计划备料，保障供应连续性 | | 应急扩产 | 可根据交货计划合理调整生产线运行班次 |  【4.5 试验检测能力响应】  【4.5.1 
344,7.1 招标人要求响应,3038,设备型号,C-目标分标包件/货物清单/规格数量,P0,投标项目负责人,从最终投标包件、货物清单和技术规范书确认后填写,| 型号规格 | 用途 | 检定有效期 | |----------|---------|------|-----------| | 微机控制电子万能试验机 | 【待补充：设备型号】 | 拉伸强度、环刚度试验 | 【待补充：检定周期及有效期】 | | 热变形/维卡软化点温度测定仪 | 【待补充：设备型号】 | 维卡软化温度测定 | 【待补充：检定周期及有效期】 | | 熔体流动速
345,7.1 招标人要求响应,3038,检定周期及有效期,D-投标承诺期限/日期/响应时限,P0,商务+履约负责人,按招标文件要求和公司承诺口径确认后填写,-------|---------|------|-----------| | 微机控制电子万能试验机 | 【待补充：设备型号】 | 拉伸强度、环刚度试验 | 【待补充：检定周期及有效期】 | | 热变形/维卡软化点温度测定仪 | 【待补充：设备型号】 | 维卡软化温度测定 | 【待补充：检定周期及有效期】 | | 熔体流动速率仪 | 【待补充：设备型号】 | MPP原料熔融指数测试 
346,7.1 招标人要求响应,3039,设备型号,C-目标分标包件/货物清单/规格数量,P0,投标项目负责人,从最终投标包件、货物清单和技术规范书确认后填写,| | 微机控制电子万能试验机 | 【待补充：设备型号】 | 拉伸强度、环刚度试验 | 【待补充：检定周期及有效期】 | | 热变形/维卡软化点温度测定仪 | 【待补充：设备型号】 | 维卡软化温度测定 | 【待补充：检定周期及有效期】 | | 熔体流动速率仪 | 【待补充：设备型号】 | MPP原料熔融指数测试 | 【待补充：检定周期及有效期】 | | 电子天平 | 【待补充
347,7.1 招标人要求响应,3039,检定周期及有效期,D-投标承诺期限/日期/响应时限,P0,商务+履约负责人,按招标文件要求和公司承诺口径确认后填写,备型号】 | 拉伸强度、环刚度试验 | 【待补充：检定周期及有效期】 | | 热变形/维卡软化点温度测定仪 | 【待补充：设备型号】 | 维卡软化温度测定 | 【待补充：检定周期及有效期】 | | 熔体流动速率仪 | 【待补充：设备型号】 | MPP原料熔融指数测试 | 【待补充：检定周期及有效期】 | | 电子天平 | 【待补充：设备型号】 | 质量称量 | 【待补充：检定周期及有效
348,7.1 招标人要求响应,3040,设备型号,C-目标分标包件/货物清单/规格数量,P0,投标项目负责人,从最终投标包件、货物清单和技术规范书确认后填写,及有效期】 | | 热变形/维卡软化点温度测定仪 | 【待补充：设备型号】 | 维卡软化温度测定 | 【待补充：检定周期及有效期】 | | 熔体流动速率仪 | 【待补充：设备型号】 | MPP原料熔融指数测试 | 【待补充：检定周期及有效期】 | | 电子天平 | 【待补充：设备型号】 | 质量称量 | 【待补充：检定周期及有效期】 | | 锤击试验装置 | 【待补充：设备型号
349,7.1 招标人要求响应,3040,检定周期及有效期,D-投标承诺期限/日期/响应时限,P0,商务+履约负责人,按招标文件要求和公司承诺口径确认后填写,【待补充：设备型号】 | 维卡软化温度测定 | 【待补充：检定周期及有效期】 | | 熔体流动速率仪 | 【待补充：设备型号】 | MPP原料熔融指数测试 | 【待补充：检定周期及有效期】 | | 电子天平 | 【待补充：设备型号】 | 质量称量 | 【待补充：检定周期及有效期】 | | 锤击试验装置 | 【待补充：设备型号】 | 落锤冲击试验 | 【待补充：检定周期及有效期】 | |
350,7.1 招标人要求响应,3041,设备型号,C-目标分标包件/货物清单/规格数量,P0,投标项目负责人,从最终投标包件、货物清单和技术规范书确认后填写,补充：检定周期及有效期】 | | 熔体流动速率仪 | 【待补充：设备型号】 | MPP原料熔融指数测试 | 【待补充：检定周期及有效期】 | | 电子天平 | 【待补充：设备型号】 | 质量称量 | 【待补充：检定周期及有效期】 | | 锤击试验装置 | 【待补充：设备型号】 | 落锤冲击试验 | 【待补充：检定周期及有效期】 | | 电子拉力试验机 | 【待补充：设备型号】 
351,7.1 招标人要求响应,3041,检定周期及有效期,D-投标承诺期限/日期/响应时限,P0,商务+履约负责人,按招标文件要求和公司承诺口径确认后填写,动速率仪 | 【待补充：设备型号】 | MPP原料熔融指数测试 | 【待补充：检定周期及有效期】 | | 电子天平 | 【待补充：设备型号】 | 质量称量 | 【待补充：检定周期及有效期】 | | 锤击试验装置 | 【待补充：设备型号】 | 落锤冲击试验 | 【待补充：检定周期及有效期】 | | 电子拉力试验机 | 【待补充：设备型号】 | 管材力学性能试验 | 【待补充：检定周期及有
352,7.1 招标人要求响应,3042,设备型号,C-目标分标包件/货物清单/规格数量,P0,投标项目负责人,从最终投标包件、货物清单和技术规范书确认后填写,数测试 | 【待补充：检定周期及有效期】 | | 电子天平 | 【待补充：设备型号】 | 质量称量 | 【待补充：检定周期及有效期】 | | 锤击试验装置 | 【待补充：设备型号】 | 落锤冲击试验 | 【待补充：检定周期及有效期】 | | 电子拉力试验机 | 【待补充：设备型号】 | 管材力学性能试验 | 【待补充：检定周期及有效期】 |  【注：以上设备台账图片详见技术文件
353,7.1 招标人要求响应,3042,检定周期及有效期,D-投标承诺期限/日期/响应时限,P0,商务+履约负责人,按招标文件要求和公司承诺口径确认后填写, | 电子天平 | 【待补充：设备型号】 | 质量称量 | 【待补充：检定周期及有效期】 | | 锤击试验装置 | 【待补充：设备型号】 | 落锤冲击试验 | 【待补充：检定周期及有效期】 | | 电子拉力试验机 | 【待补充：设备型号】 | 管材力学性能试验 | 【待补充：检定周期及有效期】 |  【注：以上设备台账图片详见技术文件附件《试验设备台账.jpg》，设备型号、数量、精度及
354,7.1 招标人要求响应,3043,设备型号,C-目标分标包件/货物清单/规格数量,P0,投标项目负责人,从最终投标包件、货物清单和技术规范书确认后填写, 【待补充：检定周期及有效期】 | | 锤击试验装置 | 【待补充：设备型号】 | 落锤冲击试验 | 【待补充：检定周期及有效期】 | | 电子拉力试验机 | 【待补充：设备型号】 | 管材力学性能试验 | 【待补充：检定周期及有效期】 |  【注：以上设备台账图片详见技术文件附件《试验设备台账.jpg》，设备型号、数量、精度及检定周期以设备台账实际记录为准。】  【4.5.2
355,7.1 招标人要求响应,3043,检定周期及有效期,D-投标承诺期限/日期/响应时限,P0,商务+履约负责人,按招标文件要求和公司承诺口径确认后填写,装置 | 【待补充：设备型号】 | 落锤冲击试验 | 【待补充：检定周期及有效期】 | | 电子拉力试验机 | 【待补充：设备型号】 | 管材力学性能试验 | 【待补充：检定周期及有效期】 |  【注：以上设备台账图片详见技术文件附件《试验设备台账.jpg》，设备型号、数量、精度及检定周期以设备台账实际记录为准。】  【4.5.2 检验试验计划】  本公司严格执行三级检验制度：  **
356,7.1 招标人要求响应,3075,本次项目履约负责人,F-项目人员最终指派及证明,P1,项目管理/人事,确认本项目实际投入人员，并匹配社保、劳动合同或任命证明,交付方案响应】  【4.6.1 供货组织架构】  | 岗位 | 拟任人员 | 职责 | |------|---------|------| | 项目负责人 | 【待补充：本次项目履约负责人】 | 全面负责合同执行与客户对接 | | 生产负责人 | 晁猛（厂长） | 生产计划编制与执行 | | 技术负责人 | 赵称心（技术总监） | 技术方案制定与质量控制 | | 质量负责人 | 【待补充
357,7.1 招标人要求响应,3078,本次项目质量负责人,F-项目人员最终指派及证明,P1,项目管理/人事,确认本项目实际投入人员，并匹配社保、劳动合同或任命证明, | | 生产负责人 | 晁猛（厂长） | 生产计划编制与执行 | | 技术负责人 | 赵称心（技术总监） | 技术方案制定与质量控制 | | 质量负责人 | 【待补充：本次项目质量负责人】 | 检验检测和质量监督 | | 交付协调人 | 【待补充：本次项目交付协调人员】 | 物流运输及现场交付协调 | | 售后服务员 | 王强、陈国华、黄文清、林乌金 | 现场技术支持及质量问题处置 |
358,7.1 招标人要求响应,3079,本次项目交付协调人员,F-项目人员最终指派及证明,P1,项目管理/人事,确认本项目实际投入人员，并匹配社保、劳动合同或任命证明,人 | 赵称心（技术总监） | 技术方案制定与质量控制 | | 质量负责人 | 【待补充：本次项目质量负责人】 | 检验检测和质量监督 | | 交付协调人 | 【待补充：本次项目交付协调人员】 | 物流运输及现场交付协调 | | 售后服务员 | 王强、陈国华、黄文清、林乌金 | 现场技术支持及质量问题处置 |  【4.6.2 交货期保障措施】  - 根据招标文件交货期要求，编制生产排产计划
359,7.1 招标人要求响应,3085,交货期起始日,D-投标承诺期限/日期/响应时限,P0,商务+履约负责人,按招标文件要求和公司承诺口径确认后填写, - 根据招标文件交货期要求，编制生产排产计划，预留原材料采购、检验、生产、养护、检验、包装、运输各环节时间。 - 采用“批量生产+滚动交货”模式，首批产品可在【待补充：交货期起始日】起组织供货，后续批次按计划连续供给。 - 制定应急供货预案，对可能影响交货进度的天气、交通、原材料供应等因素提前预判，确保按期或提前交付。  【4.6.3 包装与运输】  - 管材两端封堵，防止异物进
360,7.1 招标人要求响应,3099,本次投标承诺的质保期,D-投标承诺期限/日期/响应时限,P0,商务+履约负责人,按招标文件要求和公司承诺口径确认后填写,，防止挤压变形。 - 运输过程随车携带发货清单、合格证及第三方检验报告复印件。  【4.7 售后服务与技术支持响应】  【4.7.1 服务承诺】  - 质保期：【待补充：本次投标承诺的质保期】 - 质保期内因产品质量原因导致的损坏、变形、开裂等，本公司负责免费更换或维修，并承担因此产生的费用。 - 接到客户质量反馈后，24小时内响应，【待补充：到场时间】小时内派技术人员到达现场处理。  【
361,7.1 招标人要求响应,3101,到场时间,D-投标承诺期限/日期/响应时限,P0,商务+履约负责人,按招标文件要求和公司承诺口径确认后填写,标承诺的质保期】 - 质保期内因产品质量原因导致的损坏、变形、开裂等，本公司负责免费更换或维修，并承担因此产生的费用。 - 接到客户质量反馈后，24小时内响应，【待补充：到场时间】小时内派技术人员到达现场处理。  【4.7.2 技术资料交付】  按招标文件要求随货及通过指定渠道提交以下资料： - 产品出厂合格证 - 第三方型式试验报告（复印件） - 出厂检验报告 - 产品使用说
362,7.1 招标人要求响应,3128,本次投标具体包号、包名称、物资清单、数量、单价、总价、交货期、质保期等信息，详见商务文件和报价文件。,A-最终报价/价格清单/商务金额,P0,商务报价负责人,依据最终报价表、分项价格表、税率和投标策略填写,经验和履约记录。现有生产场地、设备、人员和检测手段可满足本项目供货要求。公司将抽调核心技术人员、质检人员和售后服务人员组建项目团队，确保合同履约全过程受控。  【待补充：本次投标具体包号、包名称、物资清单、数量、单价、总价、交货期、质保期等信息，详见商务文件和报价文件。】  ---  *注：本章节正文由河北泰昌电力器材科技有限公司根据招标文件要求和本公司真实能力编制，所涉及的证书编号、检验报告编号、人员姓名、业绩信息均来自企业已提供的真
363,7.1 招标人要求响应,3132,未说明,F-项目人员最终指派及证明,P1,项目管理/人事,确认本项目实际投入人员，并匹配社保、劳动合同或任命证明,材科技有限公司根据招标文件要求和本公司真实能力编制，所涉及的证书编号、检验报告编号、人员姓名、业绩信息均来自企业已提供的真实证明材料，未编造任何虚假数据。标记为【待补充】的项目将在后续正式投标文件中完成填写。*    ![泰昌MPP电缆保护管检验报告内径250第5页](/api/bidding/knowledge/assets/f4f3d2de-1bfd-41af-9
364,7.1.1 编制依据,3167,具体包号及物资名称,C-目标分标包件/货物清单/规格数量,P0,投标项目负责人,从最终投标包件、货物清单和技术规范书确认后填写,项目概况、资金来源、招标条件及投标人资格要求。 | | 2 | 国网辽宁电力2025年第三次物资协议库存招标采购技术规范书 | 招标编号：2225AC | 针对【待补充：具体包号及物资名称】的技术参数、性能指标、试验要求及供货范围。 | | 3 | 国网辽宁电力2025年第三次物资协议库存招标采购商务文件 | 招标编号：2225AC | 包括投标人须知、合同通用条款、专用条款、格式要求等
365,7.1.1 编制依据,3192,需结合证书监督审核页人工确认有效期,D-投标承诺期限/日期/响应时限,P0,商务+履约负责人,按招标文件要求和公司承诺口径确认后填写,产品一致性及稳定性。 | | 2 | 环境管理体系 | GB/T 24001-2016/ISO 14001:2015 认证，编号：17424E20980R0M，【待补充：需结合证书监督审核页人工确认有效期】。 | 确保生产活动符合国家及行业环保要求，履行企业责任。 | | 3 | 职业健康安全管理体系 | GB/T 45001-2020/ISO 45001:2018 认证，编号：626023S10219
366,7.1.2 项目概况,3219,本次实际投标的分标、包号、包名称和物资范围,C-目标分标包件/货物清单/规格数量,P0,投标项目负责人,从最终投标包件、货物清单和技术规范书确认后填写,陉阳驿村 |  【1.2 项目范围与工作界面】  本次投标范围为电缆保护管（MPP/CPVC）的物资供货，具体分标、包号、包名称及物资规格型号以招标文件约定为准【待补充：本次实际投标的分标、包号、包名称和物资范围】。  工作界面涵盖从原材料采购、生产制造、出厂检验、包装仓储、运输交付至招标人指定现场，以及到货验收、售后技术服务和质保期内的质量保障。我方作为物资供货方，承担产品全过程质量控制与交付责任，不涉及现场
367,7.1.2 项目概况,3229,量化产能承诺,G-生产设备/检测设备/产能量化,P1,生产/质量负责人,依据设备台账、计量检定证书和产能统计表补充量化数据,次采购为协议库存模式，合同签订后需按招标人实际订单要求分批次供货。我方具备稳定的MPP和CPVC生产线（详见本投标文件第三章“生产制造能力”），月产能经实测可达【待补充：量化产能承诺】，可满足集中供货和急单响应要求。具体交货期以合同签订为准【待补充：最终投标交货期】。  4. **检测验收要求**：所有产品出厂前须经逐根检验，关键指标包括尺寸精度、环刚度、维卡软化温度、落锤冲击等。
368,7.1.2 项目概况,3229,最终投标交货期,D-投标承诺期限/日期/响应时限,P0,商务+履约负责人,按招标文件要求和公司承诺口径确认后填写,MPP和CPVC生产线（详见本投标文件第三章“生产制造能力”），月产能经实测可达【待补充：量化产能承诺】，可满足集中供货和急单响应要求。具体交货期以合同签订为准【待补充：最终投标交货期】。  4. **检测验收要求**：所有产品出厂前须经逐根检验，关键指标包括尺寸精度、环刚度、维卡软化温度、落锤冲击等。我方已配备微机控制电子万能试验机、热变形/维卡软化点温度测定仪、熔体流动速率仪、锤
369,7.1.3 总体部署,3257,天数,D-投标承诺期限/日期/响应时限,P0,商务+履约负责人,按招标文件要求和公司承诺口径确认后填写,----------|----------|----------| | 备料与生产准备 | 原材料采购、设备调试、模具检查、人员培训 | 生产部 | 接到订单后【待补充：天数】 | | 批量生产 | MPP/CPVC管材挤出、在线检测、定尺切割 | 生产部（项目经理晁猛总调度） | 按订单批次 | | 出厂检验 | 外观、尺寸、环刚度、维卡软化温度等全项检测（参照检验报告编
370,7.1.3 总体部署,3270,数量,C-目标分标包件/货物清单/规格数量,P0,投标项目负责人,从最终投标包件、货物清单和技术规范书确认后填写,，确保不合格品不流入下一环节。  【3. 资源投入】  【3.1 生产资源】  我公司拥有自主生产基地（河北省保定市满城区陉阳驿村），具备MPP电缆保护管生产线【待补充：数量】条、CPVC电缆保护管生产线【待补充：数量】条，日产能【待补充：米/天】。生产线配备温度压力自动控制系统，可稳定生产符合招标技术标准的管材。生产线实景见附图：MPP生产线、CPVC生产线。  【3.2
371,7.1.3 总体部署,3270,数量,C-目标分标包件/货物清单/规格数量,P0,投标项目负责人,从最终投标包件、货物清单和技术规范书确认后填写,源投入】  【3.1 生产资源】  我公司拥有自主生产基地（河北省保定市满城区陉阳驿村），具备MPP电缆保护管生产线【待补充：数量】条、CPVC电缆保护管生产线【待补充：数量】条，日产能【待补充：米/天】。生产线配备温度压力自动控制系统，可稳定生产符合招标技术标准的管材。生产线实景见附图：MPP生产线、CPVC生产线。  【3.2 检测资源】  公司试验室配备微机控制电子万
372,7.1.3 总体部署,3270,米/天,C-目标分标包件/货物清单/规格数量,P0,投标项目负责人,从最终投标包件、货物清单和技术规范书确认后填写,资源】  我公司拥有自主生产基地（河北省保定市满城区陉阳驿村），具备MPP电缆保护管生产线【待补充：数量】条、CPVC电缆保护管生产线【待补充：数量】条，日产能【待补充：米/天】。生产线配备温度压力自动控制系统，可稳定生产符合招标技术标准的管材。生产线实景见附图：MPP生产线、CPVC生产线。  【3.2 检测资源】  公司试验室配备微机控制电子万能试验机、热变形/维卡软化点
373,7.1.3 总体部署,3286,未说明,F-项目人员最终指派及证明,P1,项目管理/人事,确认本项目实际投入人员，并匹配社保、劳动合同或任命证明, 统筹协调与对外沟通 | | 项目经理（厂长） | 晁猛 | 生产计划与现场管理 | | 技术总监 | 赵称心 | 技术方案与质量控制 | | 质检负责人 | 【待补充】 | 出厂检验与质量记录 | | 售后负责人 | 【待补充】 | 售后服务与技术支持 | | 试验员 | 晁坤琳、陈仙瑞 | 原材料及成品试验 | | 质检员 | 赵伟、刘合钦、杨华、巩超、于诗兰、莫
374,7.1.3 总体部署,3287,未说明,Z-其他人工复核,P2,投标编制负责人,人工核实后填写, 生产计划与现场管理 | | 技术总监 | 赵称心 | 技术方案与质量控制 | | 质检负责人 | 【待补充】 | 出厂检验与质量记录 | | 售后负责人 | 【待补充】 | 售后服务与技术支持 | | 试验员 | 晁坤琳、陈仙瑞 | 原材料及成品试验 | | 质检员 | 赵伟、刘合钦、杨华、巩超、于诗兰、莫文清 | 过程检验与成品检验 | | 技术售后 | 王强、陈
375,7.1.3 总体部署,3300,小时,D-投标承诺期限/日期/响应时限,P0,商务+履约负责人,按招标文件要求和公司承诺口径确认后填写,**质量协同**：交货前提供产品出厂检验报告、合格证及原材料质量证明文件，配合招标人抽检和现场验收。 - **应急响应**：设立24小时服务专线，质保期内接报后【待补充：小时】内响应，【待补充：天内】到达现场处理。 - **档案管理**：按国网档案管理  ### 7.1.4 组织机构  【3.2.1 概述】  为确保国网辽宁电力2025年第三次物资协议库存招标采购项目（招标
376,7.1.3 总体部署,3300,天内,D-投标承诺期限/日期/响应时限,P0,商务+履约负责人,按招标文件要求和公司承诺口径确认后填写,提供产品出厂检验报告、合格证及原材料质量证明文件，配合招标人抽检和现场验收。 - **应急响应**：设立24小时服务专线，质保期内接报后【待补充：小时】内响应，【待补充：天内】到达现场处理。 - **档案管理**：按国网档案管理  ### 7.1.4 组织机构  【3.2.1 概述】  为确保国网辽宁电力2025年第三次物资协议库存招标采购项目（招标编号：2225AC）电缆
377,7.1.4 组织机构,3322,│ │ 本项目履约 │ │ 负责人,Z-其他人工复核,P2,投标编制负责人,人工核实后填写,┌────────▼────────┐                       │ 项目经理（厂长）│                       │   【待补充：    │                       │   本项目履约    │                       │   负责人】      │                       └────────┬────────┘             
378,7.1.6 进度安排,3437,交货期前15天,D-投标承诺期限/日期/响应时限,P0,商务+履约负责人,按招标文件要求和公司承诺口径确认后填写,| T+11~T+18 | 生产线调试、首批样品试制，委托或自检型式试验（环刚度、维卡软化点等） | 生产部、试验中心 | | 批量生产阶段 | T+19~T+【待补充：交货期前15天】 | 按订单分批连续生产，每批次完成出厂检验 | 生产部、质检部 | | 包装及入库 | 生产完成后2日内 | 产品标识、打包、防护处理、入库登记 | 仓储物流部 | | 出厂检验报告及合格证准备 |
379,7.1.6 进度安排,3443,不少于5天,Z-其他人工复核,P2,投标编制负责人,人工核实后填写,后1~2个工作日 | 配合买方逐件清点、外观检查、资料移交 | 售后技术服务组 |  注：具体各批次交货期以招标文件约定及合同签署后的供货通知为准。我公司将预留【待补充：不少于5天】的应急缓冲时间。  【2. 工期控制措施】  为确保各里程碑按时达成，采取以下控制措施： - **计划先行**：项目中标后2日内，由项目经理牵头编制《项目生产进度总计划》《周滚动排产表》，经技术总监、
380,7.1.6 进度安排,3449,数量,C-目标分标包件/货物清单/规格数量,P0,投标项目负责人,从最终投标包件、货物清单和技术规范书确认后填写,：项目中标后2日内，由项目经理牵头编制《项目生产进度总计划》《周滚动排产表》，经技术总监、生产厂长审核后下达执行。 - **资源保障**：公司现有CPVC生产线【待补充：数量】条、MPP生产线【待补充：数量】条，日综合产能【待补充：米/日】。针对本项目，至少启用【待补充：生产线数量】条专线，避免任务交叉挤占。 - **关键路径监控**：将原材料采购周期、模具切换时间、第三方
381,7.1.6 进度安排,3449,数量,C-目标分标包件/货物清单/规格数量,P0,投标项目负责人,从最终投标包件、货物清单和技术规范书确认后填写,头编制《项目生产进度总计划》《周滚动排产表》，经技术总监、生产厂长审核后下达执行。 - **资源保障**：公司现有CPVC生产线【待补充：数量】条、MPP生产线【待补充：数量】条，日综合产能【待补充：米/日】。针对本项目，至少启用【待补充：生产线数量】条专线，避免任务交叉挤占。 - **关键路径监控**：将原材料采购周期、模具切换时间、第三方检测周期作为关键路径，每日站会通
382,7.1.6 进度安排,3449,米/日,C-目标分标包件/货物清单/规格数量,P0,投标项目负责人,从最终投标包件、货物清单和技术规范书确认后填写,周滚动排产表》，经技术总监、生产厂长审核后下达执行。 - **资源保障**：公司现有CPVC生产线【待补充：数量】条、MPP生产线【待补充：数量】条，日综合产能【待补充：米/日】。针对本项目，至少启用【待补充：生产线数量】条专线，避免任务交叉挤占。 - **关键路径监控**：将原材料采购周期、模具切换时间、第三方检测周期作为关键路径，每日站会通报进度偏差，偏差超过半日即启动纠
383,7.1.6 进度安排,3449,生产线数量,C-目标分标包件/货物清单/规格数量,P0,投标项目负责人,从最终投标包件、货物清单和技术规范书确认后填写,后下达执行。 - **资源保障**：公司现有CPVC生产线【待补充：数量】条、MPP生产线【待补充：数量】条，日综合产能【待补充：米/日】。针对本项目，至少启用【待补充：生产线数量】条专线，避免任务交叉挤占。 - **关键路径监控**：将原材料采购周期、模具切换时间、第三方检测周期作为关键路径，每日站会通报进度偏差，偏差超过半日即启动纠偏预案。 - **检测同步**：利用自有检测
384,7.2 投标人建议书,3500,生产线型号,C-目标分标包件/货物清单/规格数量,P0,投标项目负责人,从最终投标包件、货物清单和技术规范书确认后填写,定/校准状态 | |----------|-----------|------|----------|---------------| | CPVC生产线 | 【待补充：生产线型号】 | 【待补充：生产线数量】 | 【待补充：日产量/小时产量】 | 运行正常，定期维护 | | MPP生产线 | 【待补充：生产线型号】 | 【待补充：生产线数量】 | 【待补充：日产量/小时产量】 
385,7.2 投标人建议书,3500,生产线数量,C-目标分标包件/货物清单/规格数量,P0,投标项目负责人,从最终投标包件、货物清单和技术规范书确认后填写,------|-----------|------|----------|---------------| | CPVC生产线 | 【待补充：生产线型号】 | 【待补充：生产线数量】 | 【待补充：日产量/小时产量】 | 运行正常，定期维护 | | MPP生产线 | 【待补充：生产线型号】 | 【待补充：生产线数量】 | 【待补充：日产量/小时产量】 | 运行正常，定期维护 | 
386,7.2 投标人建议书,3500,日产量/小时产量,D-投标承诺期限/日期/响应时限,P0,商务+履约负责人,按招标文件要求和公司承诺口径确认后填写,----|------|----------|---------------| | CPVC生产线 | 【待补充：生产线型号】 | 【待补充：生产线数量】 | 【待补充：日产量/小时产量】 | 运行正常，定期维护 | | MPP生产线 | 【待补充：生产线型号】 | 【待补充：生产线数量】 | 【待补充：日产量/小时产量】 | 运行正常，定期维护 | | 原料干燥系统 | 【待补充：型
387,7.2 投标人建议书,3501,生产线型号,C-目标分标包件/货物清单/规格数量,P0,投标项目负责人,从最终投标包件、货物清单和技术规范书确认后填写,| CPVC生产线 | 【待补充：生产线型号】 | 【待补充：生产线数量】 | 【待补充：日产量/小时产量】 | 运行正常，定期维护 | | MPP生产线 | 【待补充：生产线型号】 | 【待补充：生产线数量】 | 【待补充：日产量/小时产量】 | 运行正常，定期维护 | | 原料干燥系统 | 【待补充：型号】 | 【待补充：数量】 | 除湿效率达标 | 检定有效期内 | | 在
388,7.2 投标人建议书,3501,生产线数量,C-目标分标包件/货物清单/规格数量,P0,投标项目负责人,从最终投标包件、货物清单和技术规范书确认后填写,补充：生产线型号】 | 【待补充：生产线数量】 | 【待补充：日产量/小时产量】 | 运行正常，定期维护 | | MPP生产线 | 【待补充：生产线型号】 | 【待补充：生产线数量】 | 【待补充：日产量/小时产量】 | 运行正常，定期维护 | | 原料干燥系统 | 【待补充：型号】 | 【待补充：数量】 | 除湿效率达标 | 检定有效期内 | | 在线壁厚检测仪 | 【待补充：
389,7.2 投标人建议书,3501,日产量/小时产量,D-投标承诺期限/日期/响应时限,P0,商务+履约负责人,按招标文件要求和公司承诺口径确认后填写,补充：生产线数量】 | 【待补充：日产量/小时产量】 | 运行正常，定期维护 | | MPP生产线 | 【待补充：生产线型号】 | 【待补充：生产线数量】 | 【待补充：日产量/小时产量】 | 运行正常，定期维护 | | 原料干燥系统 | 【待补充：型号】 | 【待补充：数量】 | 除湿效率达标 | 检定有效期内 | | 在线壁厚检测仪 | 【待补充：型号】 | 【待补充：数量】 | 
390,7.2 投标人建议书,3502,型号,C-目标分标包件/货物清单/规格数量,P0,投标项目负责人,从最终投标包件、货物清单和技术规范书确认后填写, | MPP生产线 | 【待补充：生产线型号】 | 【待补充：生产线数量】 | 【待补充：日产量/小时产量】 | 运行正常，定期维护 | | 原料干燥系统 | 【待补充：型号】 | 【待补充：数量】 | 除湿效率达标 | 检定有效期内 | | 在线壁厚检测仪 | 【待补充：型号】 | 【待补充：数量】 | 精度±0.1mm | 检定有效期内 | | 切割定长系统 | 伺服驱
391,7.2 投标人建议书,3502,数量,C-目标分标包件/货物清单/规格数量,P0,投标项目负责人,从最终投标包件、货物清单和技术规范书确认后填写, 【待补充：生产线型号】 | 【待补充：生产线数量】 | 【待补充：日产量/小时产量】 | 运行正常，定期维护 | | 原料干燥系统 | 【待补充：型号】 | 【待补充：数量】 | 除湿效率达标 | 检定有效期内 | | 在线壁厚检测仪 | 【待补充：型号】 | 【待补充：数量】 | 精度±0.1mm | 检定有效期内 | | 切割定长系统 | 伺服驱动 | 【待补充：数量
392,7.2 投标人建议书,3503,型号,C-目标分标包件/货物清单/规格数量,P0,投标项目负责人,从最终投标包件、货物清单和技术规范书确认后填写,量】 | 运行正常，定期维护 | | 原料干燥系统 | 【待补充：型号】 | 【待补充：数量】 | 除湿效率达标 | 检定有效期内 | | 在线壁厚检测仪 | 【待补充：型号】 | 【待补充：数量】 | 精度±0.1mm | 检定有效期内 | | 切割定长系统 | 伺服驱动 | 【待补充：数量】 | 定长精度±3mm | 运行正常 |  我公司MPP生产线现场资料（见附件《
393,7.2 投标人建议书,3503,数量,C-目标分标包件/货物清单/规格数量,P0,投标项目负责人,从最终投标包件、货物清单和技术规范书确认后填写,期维护 | | 原料干燥系统 | 【待补充：型号】 | 【待补充：数量】 | 除湿效率达标 | 检定有效期内 | | 在线壁厚检测仪 | 【待补充：型号】 | 【待补充：数量】 | 精度±0.1mm | 检定有效期内 | | 切割定长系统 | 伺服驱动 | 【待补充：数量】 | 定长精度±3mm | 运行正常 |  我公司MPP生产线现场资料（见附件《3.MPP生产线_页面
394,7.2 投标人建议书,3504,数量,C-目标分标包件/货物清单/规格数量,P0,投标项目负责人,从最终投标包件、货物清单和技术规范书确认后填写,定有效期内 | | 在线壁厚检测仪 | 【待补充：型号】 | 【待补充：数量】 | 精度±0.1mm | 检定有效期内 | | 切割定长系统 | 伺服驱动 | 【待补充：数量】 | 定长精度±3mm | 运行正常 |  我公司MPP生产线现场资料（见附件《3.MPP生产线_页面_5》《3.MPP生产线_页面_6》《3.MPP生产线_页面_7》《3.MPP生产线_页面_8》）
395,7.2 投标人建议书,3514,型号,C-目标分标包件/货物清单/规格数量,P0,投标项目负责人,从最终投标包件、货物清单和技术规范书确认后填写,近检定日期 | |----------|------|----------|----------|-------------| | 微机控制电子万能试验机 | 【待补充：型号】 | 拉伸强度、断裂伸长率、环刚度检测 | 1年 | 【待补充：日期】 | | 热变形/维卡软化点温度测定仪 | 【待补充：型号】 | 维卡软化温度、热变形温度检测 | 1年 | 【待补充：日期】 |
396,7.2 投标人建议书,3514,日期,C-目标分标包件/货物清单/规格数量,P0,投标项目负责人,从最终投标包件、货物清单和技术规范书确认后填写,--|----------|-------------| | 微机控制电子万能试验机 | 【待补充：型号】 | 拉伸强度、断裂伸长率、环刚度检测 | 1年 | 【待补充：日期】 | | 热变形/维卡软化点温度测定仪 | 【待补充：型号】 | 维卡软化温度、热变形温度检测 | 1年 | 【待补充：日期】 | | 熔体流动速率仪 | 【待补充：型号】 | 熔体流动速率检测 | 
397,7.2 投标人建议书,3515,型号,C-目标分标包件/货物清单/规格数量,P0,投标项目负责人,从最终投标包件、货物清单和技术规范书确认后填写, 微机控制电子万能试验机 | 【待补充：型号】 | 拉伸强度、断裂伸长率、环刚度检测 | 1年 | 【待补充：日期】 | | 热变形/维卡软化点温度测定仪 | 【待补充：型号】 | 维卡软化温度、热变形温度检测 | 1年 | 【待补充：日期】 | | 熔体流动速率仪 | 【待补充：型号】 | 熔体流动速率检测 | 1年 | 【待补充：日期】 | | 电子拉力试验机 | 【待
398,7.2 投标人建议书,3515,日期,C-目标分标包件/货物清单/规格数量,P0,投标项目负责人,从最终投标包件、货物清单和技术规范书确认后填写,伸长率、环刚度检测 | 1年 | 【待补充：日期】 | | 热变形/维卡软化点温度测定仪 | 【待补充：型号】 | 维卡软化温度、热变形温度检测 | 1年 | 【待补充：日期】 | | 熔体流动速率仪 | 【待补充：型号】 | 熔体流动速率检测 | 1年 | 【待补充：日期】 | | 电子拉力试验机 | 【待补充：型号】 | 管材力学性能检测 | 1年 | 【待补充：日期】
399,7.2 投标人建议书,3516,型号,C-目标分标包件/货物清单/规格数量,P0,投标项目负责人,从最终投标包件、货物清单和技术规范书确认后填写,期】 | | 热变形/维卡软化点温度测定仪 | 【待补充：型号】 | 维卡软化温度、热变形温度检测 | 1年 | 【待补充：日期】 | | 熔体流动速率仪 | 【待补充：型号】 | 熔体流动速率检测 | 1年 | 【待补充：日期】 | | 电子拉力试验机 | 【待补充：型号】 | 管材力学性能检测 | 1年 | 【待补充：日期】 | | 锤击试验装置 | 【待补充：型号】 
400,7.2 投标人建议书,3516,日期,C-目标分标包件/货物清单/规格数量,P0,投标项目负责人,从最终投标包件、货物清单和技术规范书确认后填写,充：型号】 | 维卡软化温度、热变形温度检测 | 1年 | 【待补充：日期】 | | 熔体流动速率仪 | 【待补充：型号】 | 熔体流动速率检测 | 1年 | 【待补充：日期】 | | 电子拉力试验机 | 【待补充：型号】 | 管材力学性能检测 | 1年 | 【待补充：日期】 | | 锤击试验装置 | 【待补充：型号】 | 抗冲击性能检测 | 1年 | 【待补充：日期】 |
401,7.2 投标人建议书,3517,型号,C-目标分标包件/货物清单/规格数量,P0,投标项目负责人,从最终投标包件、货物清单和技术规范书确认后填写,| 1年 | 【待补充：日期】 | | 熔体流动速率仪 | 【待补充：型号】 | 熔体流动速率检测 | 1年 | 【待补充：日期】 | | 电子拉力试验机 | 【待补充：型号】 | 管材力学性能检测 | 1年 | 【待补充：日期】 | | 锤击试验装置 | 【待补充：型号】 | 抗冲击性能检测 | 1年 | 【待补充：日期】 | | 电子天平 | 【待补充：型号】 | 密度
402,7.2 投标人建议书,3517,日期,C-目标分标包件/货物清单/规格数量,P0,投标项目负责人,从最终投标包件、货物清单和技术规范书确认后填写, | 【待补充：型号】 | 熔体流动速率检测 | 1年 | 【待补充：日期】 | | 电子拉力试验机 | 【待补充：型号】 | 管材力学性能检测 | 1年 | 【待补充：日期】 | | 锤击试验装置 | 【待补充：型号】 | 抗冲击性能检测 | 1年 | 【待补充：日期】 | | 电子天平 | 【待补充：型号】 | 密度、质量检测 | 1年 | 【待补充：日期】 | | 测
403,7.2 投标人建议书,3518,型号,C-目标分标包件/货物清单/规格数量,P0,投标项目负责人,从最终投标包件、货物清单和技术规范书确认后填写, | 1年 | 【待补充：日期】 | | 电子拉力试验机 | 【待补充：型号】 | 管材力学性能检测 | 1年 | 【待补充：日期】 | | 锤击试验装置 | 【待补充：型号】 | 抗冲击性能检测 | 1年 | 【待补充：日期】 | | 电子天平 | 【待补充：型号】 | 密度、质量检测 | 1年 | 【待补充：日期】 | | 测厚仪 | 【待补充：型号】 | 壁厚检测 |
404,7.2 投标人建议书,3518,日期,C-目标分标包件/货物清单/规格数量,P0,投标项目负责人,从最终投标包件、货物清单和技术规范书确认后填写,验机 | 【待补充：型号】 | 管材力学性能检测 | 1年 | 【待补充：日期】 | | 锤击试验装置 | 【待补充：型号】 | 抗冲击性能检测 | 1年 | 【待补充：日期】 | | 电子天平 | 【待补充：型号】 | 密度、质量检测 | 1年 | 【待补充：日期】 | | 测厚仪 | 【待补充：型号】 | 壁厚检测 | 1年 | 【待补充：日期】 |  上述设备详细台账
405,7.2 投标人建议书,3519,型号,C-目标分标包件/货物清单/规格数量,P0,投标项目负责人,从最终投标包件、货物清单和技术规范书确认后填写,性能检测 | 1年 | 【待补充：日期】 | | 锤击试验装置 | 【待补充：型号】 | 抗冲击性能检测 | 1年 | 【待补充：日期】 | | 电子天平 | 【待补充：型号】 | 密度、质量检测 | 1年 | 【待补充：日期】 | | 测厚仪 | 【待补充：型号】 | 壁厚检测 | 1年 | 【待补充：日期】 |  上述设备详细台账见《泰昌试验设备台账原图》（见附件），我
406,7.2 投标人建议书,3519,日期,C-目标分标包件/货物清单/规格数量,P0,投标项目负责人,从最终投标包件、货物清单和技术规范书确认后填写,击试验装置 | 【待补充：型号】 | 抗冲击性能检测 | 1年 | 【待补充：日期】 | | 电子天平 | 【待补充：型号】 | 密度、质量检测 | 1年 | 【待补充：日期】 | | 测厚仪 | 【待补充：型号】 | 壁厚检测 | 1年 | 【待补充：日期】 |  上述设备详细台账见《泰昌试验设备台账原图》（见附件），我公司承诺在供货期间确保所有检测设备均在有效检定期内，
407,7.2 投标人建议书,3520,型号,C-目标分标包件/货物清单/规格数量,P0,投标项目负责人,从最终投标包件、货物清单和技术规范书确认后填写,抗冲击性能检测 | 1年 | 【待补充：日期】 | | 电子天平 | 【待补充：型号】 | 密度、质量检测 | 1年 | 【待补充：日期】 | | 测厚仪 | 【待补充：型号】 | 壁厚检测 | 1年 | 【待补充：日期】 |  上述设备详细台账见《泰昌试验设备台账原图》（见附件），我公司承诺在供货期间确保所有检测设备均在有效检定期内，并按要求提供检定证书复印件。  【3 
408,7.2 投标人建议书,3520,日期,C-目标分标包件/货物清单/规格数量,P0,投标项目负责人,从最终投标包件、货物清单和技术规范书确认后填写, | | 电子天平 | 【待补充：型号】 | 密度、质量检测 | 1年 | 【待补充：日期】 | | 测厚仪 | 【待补充：型号】 | 壁厚检测 | 1年 | 【待补充：日期】 |  上述设备详细台账见《泰昌试验设备台账原图》（见附件），我公司承诺在供货期间确保所有检测设备均在有效检定期内，并按要求提供检定证书复印件。  【3 供货组织建议】  【3.1 供货总体方案】  
409,7.2 投标人建议书,3530,交货期,D-投标承诺期限/日期/响应时限,P0,商务+履约负责人,按招标文件要求和公司承诺口径确认后填写,涉及电缆保护管MPP、CPVC的批量供货，我公司建议采用“分批生产、集中检验、准时交付”的供货组织模式：  （1）**分批生产计划**：根据招标文件要求的交货期【待补充：交货期】，结合我公司生产线产能，制定分批次生产计划。每批次生产前进行原料复检，生产过程中实施首件检验和过程巡检，确保每批产品合格。  （2）**集中检验安排**：产品完成后，由质检部门按照GB/T 19183
410,7.2 投标人建议书,3534,距离,C-目标分标包件/货物清单/规格数量,P0,投标项目负责人,从最终投标包件、货物清单和技术规范书确认后填写,、落锤冲击、压扁试验、密度等。检验合格后粘贴合格标志，出具产品合格证。  （3）**准时交付保障**：我公司位于河北省保定市满城区，物流运输至辽宁省各地市距离约【待补充：距离】，采用专车配送方式，每批次送货前与买方确认到货时间、卸货地点和数量。对于紧急补货需求，可安排24小时内专车发运。  【3.2 供货进度计划】  | 阶段 | 时间节点 | 主要工作内容 | 责任部门 
411,7.2 投标人建议书,3552,具体产能数据,G-生产设备/检测设备/产能量化,P1,生产/质量负责人,依据设备台账、计量检定证书和产能统计表补充量化数据,当日 | 配合买方进行数量、外观、型号验收 | 售后技术部 |  【3.3 产能保障措施】  我公司MPP生产线、CPVC生产线均具备稳定产能，单班日产量可满足【待补充：具体产能数据】。为应对本项目供货高峰，建议采取以下产能保障措施：  （1）根据项目需求量（【待补充：本项目需求量】），提前评估所需产能，若现有产能不足，可启用备用生产线或实行两班/三班倒作业。  （2）建立关键设备
412,7.2 投标人建议书,3554,本项目需求量,Z-其他人工复核,P2,投标编制负责人,人工核实后填写,MPP生产线、CPVC生产线均具备稳定产能，单班日产量可满足【待补充：具体产能数据】。为应对本项目供货高峰，建议采取以下产能保障措施：  （1）根据项目需求量（【待补充：本项目需求量】），提前评估所需产能，若现有产能不足，可启用备用生产线或实行两班/三班倒作业。  （2）建立关键设备易损件备件库，包括挤出螺杆、模具、加热圈等，确保设备出现故障时2小时内可更换修复。  （3）与原材料
413,7.2 投标人建议书,3576,本项目实际指派人员,F-项目人员最终指派及证明,P1,项目管理/人事,确认本项目实际投入人员，并匹配社保、劳动合同或任命证明, | | 赵伟、刘合钦、杨华、巩超、于诗兰、莫文清 | 质检员 | 过程检验和出厂检验 | 负责各环节质量控制和检测操作 |  针对本项目，我公司拟指定项目经理【待补充：本项目实际指派人员】，负责项目全过程对接、生产组织、质量控制和发货协调。项目团队将配备专职技术支持人员，配合买方进行到货验收和安装指导。  【4.2 技术保障】  （1）**标准执行**：严格按照GB/T 19183《电
414,7.2 投标人建议书,3584,响应时间,D-投标承诺期限/日期/响应时限,P0,商务+履约负责人,按招标文件要求和公司承诺口径确认后填写,能和韧性。  （3）**技术服务**：我公司承诺提供全程技术服务，包括：售前技术交流、产品选型建议、施工安装指导、运行维护咨询等。技术服务团队可在接到买方通知后【待补充：响应时间】内到达现场。  【4.3 质量保障】  （1）**质量管理体系**：我公司已通过GB/T 19001-2016/ISO 9001:2015质量管理体系认证（证书编号06925Q10172R4，有效期至
415,7.2 投标人建议书,3594,具体质保期,D-投标承诺期限/日期/响应时限,P0,商务+履约负责人,按招标文件要求和公司承诺口径确认后填写,4100312005501713、2024100312005501712），可作为质量证明文件。  （4）**质量承诺**：我公司承诺对产品质量负全责，质保期为【待补充：具体质保期】。质保期内出现任何产品质量问题，我公司将免费更换或维修，并承担由此产生的全部损失。  【4.4 售后服务保障】  （1）**服务网点**：我公司在华北地区设有售后服务中心，可就近响应辽宁地区项目需求。
416,7.2 投标人建议书,3598,服务电话,Z-其他人工复核,P2,投标编制负责人,人工核实后填写,维修，并承担由此产生的全部损失。  【4.4 售后服务保障】  （1）**服务网点**：我公司在华北地区设有售后服务中心，可就近响应辽宁地区项目需求。服务热线：【待补充：服务电话】。  （2）**响应时间**：接到买方质量反馈后，1小时内电话响应，【待补充：到场时间】内售后服务人员到达现场处理。  （3）**备品备件**：我公司按合同总额的一定比例储备备品备件，确保质保期内快速
417,7.2 投标人建议书,3600,到场时间,D-投标承诺期限/日期/响应时限,P0,商务+履约负责人,按招标文件要求和公司承诺口径确认后填写,我公司在华北地区设有售后服务中心，可就近响应辽宁地区项目需求。服务热线：【待补充：服务电话】。  （2）**响应时间**：接到买方质量反馈后，1小时内电话响应，【待补充：到场时间】内售后服务人员到达现场处理。  （3）**备品备件**：我公司按合同总额的一定比例储备备品备件，确保质保期内快速更换。  （4）**培训服务**：可提供施工安装人员培训，包括管材连接方法、回填要求、注
418,7.2 投标人建议书,3622,时长,D-投标承诺期限/日期/响应时限,P0,商务+履约负责人,按招标文件要求和公司承诺口径确认后填写,或交通管制 | 提前发货，预留缓冲时间，备用物流渠道 |  【5.2 应急供货保障】  我公司建立了应急供货响应机制，对于买方因工程需要提出的临时补货要求，可在【待补充：时长】小时内启动应急生产，在【待补充：时长】小时内完成生产并发货。应急供货由项目经理直接协调，优先保障本项目需求。  【6 业绩与信誉】  我公司在电力电缆保护管供货领域积累了丰富业绩，代表性项目如下：  
419,7.2 投标人建议书,3622,时长,D-投标承诺期限/日期/响应时限,P0,商务+履约负责人,按招标文件要求和公司承诺口径确认后填写,，备用物流渠道 |  【5.2 应急供货保障】  我公司建立了应急供货响应机制，对于买方因工程需要提出的临时补货要求，可在【待补充：时长】小时内启动应急生产，在【待补充：时长】小时内完成生产并发货。应急供货由项目经理直接协调，优先保障本项目需求。  【6 业绩与信誉】  我公司在电力电缆保护管供货领域积累了丰富业绩，代表性项目如下：  | 项目名称 | 招标编号 | 产品类
420,7.2.1 编制依据,3699,...,Z-其他人工复核,P2,投标编制负责人,人工核实后填写,工程施工、安装总承包、水利工程或其他无关业务范畴。 2. 对于招标文件未明确要求、且我公司未提供材料证明的内容，本节不予编造或臆测；确需引用但信息缺失处，已使用【待补充：...】占位，待后续人工复核补充。  【5 章节索引】  本节内容对应的招标文件章节为：第六章 投标人建议书 — 编制依据。全文编制遵循“合法、合规、真实、完整”原则，确保响应招标文件全部技术及商务边界要求，
421,7.2.2 项目概况,3725,指定仓库或施工现场,Z-其他人工复核,P2,投标编制负责人,人工核实后填写,312005501712），环刚度、尺寸等指标均满足或优于标准要求 | | 包装运输 | 我司负责至项目现场 | 采用专用托盘缠绕包装，防止运输损伤；交货地点为【待补充：指定仓库或施工现场】 | | 现场交付 | 与买方或施工方对接 | 提供随货资料（合格证、检测报告、供货清单），配合数量清点、外观验收 | | 售后服务 | 我司技术售后团队支持 | 质保期内提供免费更换、技术指导，响应
422,7.2.2 项目概况,3727,具体承诺,Z-其他人工复核,P2,投标编制负责人,人工核实后填写,| 提供随货资料（合格证、检测报告、供货清单），配合数量清点、外观验收 | | 售后服务 | 我司技术售后团队支持 | 质保期内提供免费更换、技术指导，响应时间【待补充：具体承诺】 |  关键约束包括： - 交货期：按协议库存采购订单分批次供货，每批次交货时间以买方通知为准。 - 质量标准：产品须通过国家认可第三方检测机构全项试验，我司已取得有效期内的质量、环境、职业健康安全管
423,7.2.3 总体部署,3777,未说明,D-投标承诺期限/日期/响应时限,P0,商务+履约负责人,按招标文件要求和公司承诺口径确认后填写,挤出生产，过程检验、首件确认 | 工序质量巡检、设备运行参数记录 | | 出厂检验阶段 | 外观尺寸、环刚度、维卡软化温度、落锤冲击等全项检测 | 检验报告编号【待补充】出具 | | 交付及售后阶段 | 包装、运输、现场交接、质保期服务 | 到货验收合格率100% |  我公司拥有CPVC生产线及MPP生产线（详见附件：生产线现场图片），具备日产【待补充：产能数据】米
424,7.2.3 总体部署,3780,产能数据,G-生产设备/检测设备/产能量化,P1,生产/质量负责人,依据设备台账、计量检定证书和产能统计表补充量化数据,及售后阶段 | 包装、运输、现场交接、质保期服务 | 到货验收合格率100% |  我公司拥有CPVC生产线及MPP生产线（详见附件：生产线现场图片），具备日产【待补充：产能数据】米的生产能力。生产周期及交货计划将依据招标文件要求的交货期倒排，确保按期交付。  【3 资源投入】  **生产设备：** 配备MPP挤出生产线【待补充：具体型号及数量】、CPVC挤出生产线【待补充：具
425,7.2.3 总体部署,3784,具体型号及数量,C-目标分标包件/货物清单/规格数量,P0,投标项目负责人,从最终投标包件、货物清单和技术规范书确认后填写,待补充：产能数据】米的生产能力。生产周期及交货计划将依据招标文件要求的交货期倒排，确保按期交付。  【3 资源投入】  **生产设备：** 配备MPP挤出生产线【待补充：具体型号及数量】、CPVC挤出生产线【待补充：具体型号及数量】，均处于良好运行状态。  **检测设备：** 拥有微机控制电子万能试验机、热变形/维卡软化点温度测定仪、电子天平、锤击试验装置、熔体流动速率仪、电子拉力试
426,7.2.3 总体部署,3784,具体型号及数量,C-目标分标包件/货物清单/规格数量,P0,投标项目负责人,从最终投标包件、货物清单和技术规范书确认后填写,计划将依据招标文件要求的交货期倒排，确保按期交付。  【3 资源投入】  **生产设备：** 配备MPP挤出生产线【待补充：具体型号及数量】、CPVC挤出生产线【待补充：具体型号及数量】，均处于良好运行状态。  **检测设备：** 拥有微机控制电子万能试验机、热变形/维卡软化点温度测定仪、电子天平、锤击试验装置、熔体流动速率仪、电子拉力试验机等全套检测设备（详见附件：试验设备台账原图
427,7.2.3 总体部署,3797,小时,C-目标分标包件/货物清单/规格数量,P0,投标项目负责人,从最终投标包件、货物清单和技术规范书确认后填写,，确保产品在运输途中不受损坏。到达现场后配合收货单位进行数量清点、外观检查及抽样送检。 - **售后服务协同：** 质保期内实行24小时响应机制，接到故障通知后【待补充：小时】内给出处理方案，必要时派员到现场处理。  我公司具备丰富的国家电网项目供货经验，曾中标国网天津市电力公司2022年第二次配网物资协议库存招标采购（招标编号：0322AB，包2），提供电缆保护管MPP和
428,7.2.4 组织机构,3835,生产调度员,F-项目人员最终指派及证明,P1,项目管理/人事,确认本项目实际投入人员，并匹配社保、劳动合同或任命证明,------| | 生产管理组 | 负责原材料采购计划、生产线排产、工艺控制、设备维护、产能保障及生产进度报表编制。 | 赵称心（技术总监，负责工艺技术指导）、【待补充：生产调度员】 | | 质量控制组 | 负责来料检验、过程检验、成品出厂检验、型式试验报告管理、计量器具校准及质量问题处置。 | 陈仙瑞（高压试验员）、赵伟、刘合钦、杨华、巩超、于诗兰、莫文清（质检员） | | 物
429,7.2.4 组织机构,3837,物流主管,F-项目人员最终指派及证明,P1,项目管理/人事,确认本项目实际投入人员，并匹配社保、劳动合同或任命证明,、赵伟、刘合钦、杨华、巩超、于诗兰、莫文清（质检员） | | 物流交付组 | 负责产品包装、仓储管理、运输调度、交货计划协调、现场验收交接及交付资料整理。 | 【待补充：物流主管】 | | 售后服务组 | 负责技术咨询、现场技术服务、产品使用指导、质量异议响应、售后问题闭环处理及客户满意度回访。 | 王强、陈国华、黄文清、林乌金（技术售后人员） |  **说明**：上述各小组人
430,7.2.5 实施方法,3881,具体执行标准号,G-生产设备/检测设备/产能量化,P1,生产/质量负责人,依据设备台账、计量检定证书和产能统计表补充量化数据,自动行星切割锯 | | **成品检验** | 外观、尺寸、环刚度、压扁试验、维卡软化温度、落锤冲击等 | 逐根进行外观检查；按批次抽样进行全项性能检测，依据标准【待补充：具体执行标准号】执行。 | 微机控制电子万能试验机、电子天平、锤击试验装置 |  【3. 生产组织与资源配置】  我公司将立即启动“国网辽宁2025年第三次协议库存专项”生产保障计划。  - **产能调配**：依托我
431,7.2.5 实施方法,3887,具体型号数量,C-目标分标包件/货物清单/规格数量,P0,投标项目负责人,从最终投标包件、货物清单和技术规范书确认后填写,资源配置】  我公司将立即启动“国网辽宁2025年第三次协议库存专项”生产保障计划。  - **产能调配**：依托我公司位于河北省保定市满城区的生产基地，配备有【待补充：具体型号数量】条MPP生产线和【待补充：具体型号数量】条CPVC生产线。针对本项目，将优先排产，确保产能充足。 - **原材料储备**：已与上游优质原料供应商建立战略合作关系，具备【待补充：按合同量百分比描述】的原
432,7.2.5 实施方法,3887,具体型号数量,C-目标分标包件/货物清单/规格数量,P0,投标项目负责人,从最终投标包件、货物清单和技术规范书确认后填写,2025年第三次协议库存专项”生产保障计划。  - **产能调配**：依托我公司位于河北省保定市满城区的生产基地，配备有【待补充：具体型号数量】条MPP生产线和【待补充：具体型号数量】条CPVC生产线。针对本项目，将优先排产，确保产能充足。 - **原材料储备**：已与上游优质原料供应商建立战略合作关系，具备【待补充：按合同量百分比描述】的原料安全库存，可应对生产波动与紧急订单。 
433,7.2.5 实施方法,3888,按合同量百分比描述,I-业绩附件/合同验收发票复核,P1,商务资料负责人,补齐或复核合同、中标通知书、验收/评价、发票等附件关键页,P生产线和【待补充：具体型号数量】条CPVC生产线。针对本项目，将优先排产，确保产能充足。 - **原材料储备**：已与上游优质原料供应商建立战略合作关系，具备【待补充：按合同量百分比描述】的原料安全库存，可应对生产波动与紧急订单。 - **人员保障**：由董事长晁坤琳总体督导，厂长晁猛负责生产组织，技术总监赵称心牵头工艺技术支持，质检员赵伟、刘合钦、杨华等全程驻线实施首件检验与过程巡检
434,7.2.6 进度安排,3901,条数/产能,C-目标分标包件/货物清单/规格数量,P0,投标项目负责人,从最终投标包件、货物清单和技术规范书确认后填写,划。总体原则为：**以合同订单为驱动、以产能核定为基础、以质量控制为前提、以准时交付为目标**。我公司将充分发挥自有MPP/CPVC生产线产能优势（MPP生产线【待补充：条数/产能】、CPVC生产线【待补充：条数/产能】），结合原材料库存、检验设备和物流资源，确保在接到买方供货通知后，按约定批次和数量完成生产、检验、包装、运输及交付全流程。  【2. 关键里程碑节点】  根据物资
435,7.2.6 进度安排,3901,条数/产能,C-目标分标包件/货物清单/规格数量,P0,投标项目负责人,从最终投标包件、货物清单和技术规范书确认后填写,以产能核定为基础、以质量控制为前提、以准时交付为目标**。我公司将充分发挥自有MPP/CPVC生产线产能优势（MPP生产线【待补充：条数/产能】、CPVC生产线【待补充：条数/产能】），结合原材料库存、检验设备和物流资源，确保在接到买方供货通知后，按约定批次和数量完成生产、检验、包装、运输及交付全流程。  【2. 关键里程碑节点】  根据物资协议库存采购特点，我公司按“订单接收—
436,7.2.6 进度安排,3917,批次规模,Z-其他人工复核,P2,投标编制负责人,人工核实后填写,交接 | 2~5（视运距） | 物流部/售后 | | 验收配合与资料移交 | 提供质检报告、合格证、送货清单 | 1 | 技术部 |  以上用时为单批次批量（如【待补充：批次规模】）正常生产周期，实际执行中可根据紧急程度启动“绿色通道”压缩至最短【待补充：最短天数】。  【3. 工期控制措施】  （1）**产能弹性储备**：我公司现有MPP生产线【待补充：条数】、CPVC生产线
437,7.2.6 进度安排,3917,最短天数,D-投标承诺期限/日期/响应时限,P0,商务+履约负责人,按招标文件要求和公司承诺口径确认后填写,报告、合格证、送货清单 | 1 | 技术部 |  以上用时为单批次批量（如【待补充：批次规模】）正常生产周期，实际执行中可根据紧急程度启动“绿色通道”压缩至最短【待补充：最短天数】。  【3. 工期控制措施】  （1）**产能弹性储备**：我公司现有MPP生产线【待补充：条数】、CPVC生产线【待补充：条数】，日常产能利用率控制在【待补充：%】以内，预留20%以上弹性产能应对集
438,7.2.6 进度安排,3921,条数,C-目标分标包件/货物清单/规格数量,P0,投标项目负责人,从最终投标包件、货物清单和技术规范书确认后填写,产周期，实际执行中可根据紧急程度启动“绿色通道”压缩至最短【待补充：最短天数】。  【3. 工期控制措施】  （1）**产能弹性储备**：我公司现有MPP生产线【待补充：条数】、CPVC生产线【待补充：条数】，日常产能利用率控制在【待补充：%】以内，预留20%以上弹性产能应对集中供货需求。关键设备均配备备用模具和易损件，可进行24小时不间断生产。  （2）**原材料保供机制
439,7.2.6 进度安排,3921,条数,C-目标分标包件/货物清单/规格数量,P0,投标项目负责人,从最终投标包件、货物清单和技术规范书确认后填写,启动“绿色通道”压缩至最短【待补充：最短天数】。  【3. 工期控制措施】  （1）**产能弹性储备**：我公司现有MPP生产线【待补充：条数】、CPVC生产线【待补充：条数】，日常产能利用率控制在【待补充：%】以内，预留20%以上弹性产能应对集中供货需求。关键设备均配备备用模具和易损件，可进行24小时不间断生产。  （2）**原材料保供机制**：与上游树脂、改性剂供应商签
440,7.2.6 进度安排,3921,%,C-目标分标包件/货物清单/规格数量,P0,投标项目负责人,从最终投标包件、货物清单和技术规范书确认后填写,短天数】。  【3. 工期控制措施】  （1）**产能弹性储备**：我公司现有MPP生产线【待补充：条数】、CPVC生产线【待补充：条数】，日常产能利用率控制在【待补充：%】以内，预留20%以上弹性产能应对集中供货需求。关键设备均配备备用模具和易损件，可进行24小时不间断生产。  （2）**原材料保供机制**：与上游树脂、改性剂供应商签订长期框架协议，建立安全库存（不低于
441,7.2.6 进度安排,3923,吨,A-最终报价/价格清单/商务金额,P0,商务报价负责人,依据最终报价表、分项价格表、税率和投标策略填写,需求。关键设备均配备备用模具和易损件，可进行24小时不间断生产。  （2）**原材料保供机制**：与上游树脂、改性剂供应商签订长期框架协议，建立安全库存（不低于【待补充：吨】），确保原材料供应不因市场价格波动或物流中断影响生产进度。  （3）**质量与进度并行控制**：实施“首件检验+过程巡检+成品全检”三级把关，避免因质量问题返工导致工期延误。检验设备（微机控制电子万能
442,7.2.6 进度安排,3927,排产软件名称,Z-其他人工复核,P2,投标编制负责人,人工核实后填写,检验设备（微机控制电子万能试验机、热变形/维卡软化点温度测定仪、熔体流动速率仪等）均处于检定有效期内，数据实时记录可追溯。  （4）**信息化排产系统**：采用【待补充：排产软件名称】进行生产计划编排，实时跟踪每批次订单的完成状态，每日召开生产调度会，对滞后工序即时调整资源。  【4. 交叉作业协调】  因本采购为协议库存，可能同时接到多个包或不同交货地点的订单。我公司将建立**订
443,7.3 供货组织设计/实施方案,3949,本次投标的具体分标名称、包号、包名称及物资规格型号、数量清单,C-目标分标包件/货物清单/规格数量,P0,投标项目负责人,从最终投标包件、货物清单和技术规范书确认后填写,的供应商，将严格按照招标文件要求，全面统筹生产、检验、包装、运输、交付及售后服务等各环节，确保物资按期、按质、按量交付至指定现场。  我公司本项目供货范围涵盖：【待补充：本次投标的具体分标名称、包号、包名称及物资规格型号、数量清单】。所有供货产品均符合国家、行业及国网公司现行技术标准，并满足招标文件技术规范书全部要求。  【5.1.2 供货组织原则与目标】  | 序号 | 组织原则 | 具体目标 | |------|------
444,7.3 供货组织设计/实施方案,3957,备货周期,G-生产设备/检测设备/产能量化,P1,生产/质量负责人,依据设备台账、计量检定证书和产能统计表补充量化数据,故、零伤害、零污染” | | 2 | 质量为本 | 产品一次交验合格率100%，出厂合格率100%，客户满意率≥98% | | 3 | 进度可控 | 合同签订后【待补充：备货周期】日内具备首批交货条件，整体交货进度满足项目里程碑要求 | | 4 | 服务优质 | 提供7×24小时技术支持，售后问题2小时内响应，48小时内到达现场 |  【5.1.3 供货组织管理体系】  我公司
445,7.3 供货组织设计/实施方案,3975,实际产能数据，需人工复核,G-生产设备/检测设备/产能量化,P1,生产/质量负责人,依据设备台账、计量检定证书和产能统计表补充量化数据, 【5.2 生产制造能力与工艺方案】  【5.2.1 生产制造能力】  我公司位于河北省保定市满城区陉阳驿村，注册资本10000万元，成立于2012年，具备年产【待补充：实际产能数据，需人工复核】米电缆保护管的生产能力。公司拥有多条全自动CPVC生产线和MPP生产线，可满足大规模、连续化生产需求。  **MPP生产线实景图**  （此处插入泰昌3.MPP生产线_页面_5~8原图，展示生产线全貌
446,7.3 供货组织设计/实施方案,3983,CPVC生产线实景图,G-生产设备/检测设备/产能量化,P1,生产/质量负责人,依据设备台账、计量检定证书和产能统计表补充量化数据,，展示生产线全貌、挤出设备、冷却水槽、切割平台等工序）  **CPVC生产线示意图**  （此处可插入CPVC生产线相关原图，如客户已提供则可直接使用，否则使用【待补充：CPVC生产线实景图】标识）  【5.2.2 关键原材料控制】  | 原材料类别 | 主要品种 | 控制方式 | 执行标准 | |------------|----------|----------|----------|
447,7.3 供货组织设计/实施方案,4003,具体温度范围，需人工复核,G-生产设备/检测设备/产能量化,P1,生产/质量负责人,依据设备台账、计量检定证书和产能统计表补充量化数据,口加工（如需）→ 在线检测 → 定长堆放 → 质量终检 → 包装入库  **关键工序控制要点**  1. **挤出塑化工序**：控制挤出温度（MPP挤出温度区间【待补充：具体温度范围，需人工复核】）、螺杆转速、牵引速度，确保塑化均匀、出料稳定。 2. **真空定径与冷却工序**：通过真空定径套保证管材外径和圆度，采用多段冷却水槽逐步降温，消除内应力，防止变形。 3. **扩口加工**（若需）：
448,7.3 供货组织设计/实施方案,4011,型号,C-目标分标包件/货物清单/规格数量,P0,投标项目负责人,从最终投标包件、货物清单和技术规范书确认后填写,/维保状态 | |----------|-----------|------|----------|---------------| | MPP挤出生产线 | 【待补充：型号】 | 【待补充：数量】 | MPP管材连续挤出生产 | 正常运行，定期保养 | | CPVC挤出生产线 | 【待补充：型号】 | 【待补充：数量】 | CPVC管材连续挤出生产 | 正常运行，定期保养
449,7.3 供货组织设计/实施方案,4011,数量,C-目标分标包件/货物清单/规格数量,P0,投标项目负责人,从最终投标包件、货物清单和技术规范书确认后填写,--------|-----------|------|----------|---------------| | MPP挤出生产线 | 【待补充：型号】 | 【待补充：数量】 | MPP管材连续挤出生产 | 正常运行，定期保养 | | CPVC挤出生产线 | 【待补充：型号】 | 【待补充：数量】 | CPVC管材连续挤出生产 | 正常运行，定期保养 | | 扩口机 | 
450,7.3 供货组织设计/实施方案,4012,型号,C-目标分标包件/货物清单/规格数量,P0,投标项目负责人,从最终投标包件、货物清单和技术规范书确认后填写,---| | MPP挤出生产线 | 【待补充：型号】 | 【待补充：数量】 | MPP管材连续挤出生产 | 正常运行，定期保养 | | CPVC挤出生产线 | 【待补充：型号】 | 【待补充：数量】 | CPVC管材连续挤出生产 | 正常运行，定期保养 | | 扩口机 | 【待补充：型号】 | 【待补充：数量】 | 管端扩口加工 | 正常 | | 切割机 | 【待补充：型号
451,7.3 供货组织设计/实施方案,4012,数量,C-目标分标包件/货物清单/规格数量,P0,投标项目负责人,从最终投标包件、货物清单和技术规范书确认后填写,出生产线 | 【待补充：型号】 | 【待补充：数量】 | MPP管材连续挤出生产 | 正常运行，定期保养 | | CPVC挤出生产线 | 【待补充：型号】 | 【待补充：数量】 | CPVC管材连续挤出生产 | 正常运行，定期保养 | | 扩口机 | 【待补充：型号】 | 【待补充：数量】 | 管端扩口加工 | 正常 | | 切割机 | 【待补充：型号】 | 【待补充：数量
452,7.3 供货组织设计/实施方案,4013,型号,C-目标分标包件/货物清单/规格数量,P0,投标项目负责人,从最终投标包件、货物清单和技术规范书确认后填写,行，定期保养 | | CPVC挤出生产线 | 【待补充：型号】 | 【待补充：数量】 | CPVC管材连续挤出生产 | 正常运行，定期保养 | | 扩口机 | 【待补充：型号】 | 【待补充：数量】 | 管端扩口加工 | 正常 | | 切割机 | 【待补充：型号】 | 【待补充：数量】 | 定长切割 | 正常 |  （注：完整设备台账及检定有效期需人工复核后补充）  【5.
453,7.3 供货组织设计/实施方案,4013,数量,C-目标分标包件/货物清单/规格数量,P0,投标项目负责人,从最终投标包件、货物清单和技术规范书确认后填写,CPVC挤出生产线 | 【待补充：型号】 | 【待补充：数量】 | CPVC管材连续挤出生产 | 正常运行，定期保养 | | 扩口机 | 【待补充：型号】 | 【待补充：数量】 | 管端扩口加工 | 正常 | | 切割机 | 【待补充：型号】 | 【待补充：数量】 | 定长切割 | 正常 |  （注：完整设备台账及检定有效期需人工复核后补充）  【5.3 质量保证措施与检验
454,7.3 供货组织设计/实施方案,4014,型号,C-目标分标包件/货物清单/规格数量,P0,投标项目负责人,从最终投标包件、货物清单和技术规范书确认后填写, CPVC管材连续挤出生产 | 正常运行，定期保养 | | 扩口机 | 【待补充：型号】 | 【待补充：数量】 | 管端扩口加工 | 正常 | | 切割机 | 【待补充：型号】 | 【待补充：数量】 | 定长切割 | 正常 |  （注：完整设备台账及检定有效期需人工复核后补充）  【5.3 质量保证措施与检验试验能力】  【5.3.1 质量管理体系】  我公司已通过GB/T
455,7.3 供货组织设计/实施方案,4014,数量,C-目标分标包件/货物清单/规格数量,P0,投标项目负责人,从最终投标包件、货物清单和技术规范书确认后填写,生产 | 正常运行，定期保养 | | 扩口机 | 【待补充：型号】 | 【待补充：数量】 | 管端扩口加工 | 正常 | | 切割机 | 【待补充：型号】 | 【待补充：数量】 | 定长切割 | 正常 |  （注：完整设备台账及检定有效期需人工复核后补充）  【5.3 质量保证措施与检验试验能力】  【5.3.1 质量管理体系】  我公司已通过GB/T 19001-2016
456,7.3 供货组织设计/实施方案,4042,型号,C-目标分标包件/货物清单/规格数量,P0,投标项目负责人,从最终投标包件、货物清单和技术规范书确认后填写,/精度 | 用途 | 检定有效期 | |----------|-----------|------|------------| | 微机控制电子万能试验机 | 【待补充：型号】 | 环刚度、扁平、拉伸测试 | 【待补充：日期】 | | 热变形/维卡软化点温度测定仪 | 【待补充：型号】 | 维卡软化温度测定 | 【待补充：日期】 | | 熔体流动速率仪 | 【待补充：型号】
457,7.3 供货组织设计/实施方案,4042,日期,C-目标分标包件/货物清单/规格数量,P0,投标项目负责人,从最终投标包件、货物清单和技术规范书确认后填写,-----|-----------|------|------------| | 微机控制电子万能试验机 | 【待补充：型号】 | 环刚度、扁平、拉伸测试 | 【待补充：日期】 | | 热变形/维卡软化点温度测定仪 | 【待补充：型号】 | 维卡软化温度测定 | 【待补充：日期】 | | 熔体流动速率仪 | 【待补充：型号】 | 熔融指数测定 | 【待补充：日期】 | | 
458,7.3 供货组织设计/实施方案,4043,型号,C-目标分标包件/货物清单/规格数量,P0,投标项目负责人,从最终投标包件、货物清单和技术规范书确认后填写,-------| | 微机控制电子万能试验机 | 【待补充：型号】 | 环刚度、扁平、拉伸测试 | 【待补充：日期】 | | 热变形/维卡软化点温度测定仪 | 【待补充：型号】 | 维卡软化温度测定 | 【待补充：日期】 | | 熔体流动速率仪 | 【待补充：型号】 | 熔融指数测定 | 【待补充：日期】 | | 电子拉力试验机 | 【待补充：型号】 | 拉伸性能测试 | 
459,7.3 供货组织设计/实施方案,4043,日期,C-目标分标包件/货物清单/规格数量,P0,投标项目负责人,从最终投标包件、货物清单和技术规范书确认后填写, | 【待补充：型号】 | 环刚度、扁平、拉伸测试 | 【待补充：日期】 | | 热变形/维卡软化点温度测定仪 | 【待补充：型号】 | 维卡软化温度测定 | 【待补充：日期】 | | 熔体流动速率仪 | 【待补充：型号】 | 熔融指数测定 | 【待补充：日期】 | | 电子拉力试验机 | 【待补充：型号】 | 拉伸性能测试 | 【待补充：日期】 | | 锤击试验装置 | 
460,7.3 供货组织设计/实施方案,4044,型号,C-目标分标包件/货物清单/规格数量,P0,投标项目负责人,从最终投标包件、货物清单和技术规范书确认后填写,测试 | 【待补充：日期】 | | 热变形/维卡软化点温度测定仪 | 【待补充：型号】 | 维卡软化温度测定 | 【待补充：日期】 | | 熔体流动速率仪 | 【待补充：型号】 | 熔融指数测定 | 【待补充：日期】 | | 电子拉力试验机 | 【待补充：型号】 | 拉伸性能测试 | 【待补充：日期】 | | 锤击试验装置 | 【待补充：型号】 | 落锤冲击试验 | 【待补
461,7.3 供货组织设计/实施方案,4044,日期,C-目标分标包件/货物清单/规格数量,P0,投标项目负责人,从最终投标包件、货物清单和技术规范书确认后填写,形/维卡软化点温度测定仪 | 【待补充：型号】 | 维卡软化温度测定 | 【待补充：日期】 | | 熔体流动速率仪 | 【待补充：型号】 | 熔融指数测定 | 【待补充：日期】 | | 电子拉力试验机 | 【待补充：型号】 | 拉伸性能测试 | 【待补充：日期】 | | 锤击试验装置 | 【待补充：型号】 | 落锤冲击试验 | 【待补充：日期】 | | 电子天平 | 【待补
462,7.3 供货组织设计/实施方案,4045,型号,C-目标分标包件/货物清单/规格数量,P0,投标项目负责人,从最终投标包件、货物清单和技术规范书确认后填写, | 维卡软化温度测定 | 【待补充：日期】 | | 熔体流动速率仪 | 【待补充：型号】 | 熔融指数测定 | 【待补充：日期】 | | 电子拉力试验机 | 【待补充：型号】 | 拉伸性能测试 | 【待补充：日期】 | | 锤击试验装置 | 【待补充：型号】 | 落锤冲击试验 | 【待补充：日期】 | | 电子天平 | 【待补充：精度】 | 称重、密度测定 | 【待补充：
463,7.3 供货组织设计/实施方案,4045,日期,C-目标分标包件/货物清单/规格数量,P0,投标项目负责人,从最终投标包件、货物清单和技术规范书确认后填写,期】 | | 熔体流动速率仪 | 【待补充：型号】 | 熔融指数测定 | 【待补充：日期】 | | 电子拉力试验机 | 【待补充：型号】 | 拉伸性能测试 | 【待补充：日期】 | | 锤击试验装置 | 【待补充：型号】 | 落锤冲击试验 | 【待补充：日期】 | | 电子天平 | 【待补充：精度】 | 称重、密度测定 | 【待补充：日期】 |  （注：设备型号、精度、检定
464,7.3 供货组织设计/实施方案,4046,型号,C-目标分标包件/货物清单/规格数量,P0,投标项目负责人,从最终投标包件、货物清单和技术规范书确认后填写,型号】 | 熔融指数测定 | 【待补充：日期】 | | 电子拉力试验机 | 【待补充：型号】 | 拉伸性能测试 | 【待补充：日期】 | | 锤击试验装置 | 【待补充：型号】 | 落锤冲击试验 | 【待补充：日期】 | | 电子天平 | 【待补充：精度】 | 称重、密度测定 | 【待补充：日期】 |  （注：设备型号、精度、检定周期须按设备台账人工复核后补充完整）  【5
465,7.3 供货组织设计/实施方案,4046,日期,C-目标分标包件/货物清单/规格数量,P0,投标项目负责人,从最终投标包件、货物清单和技术规范书确认后填写,日期】 | | 电子拉力试验机 | 【待补充：型号】 | 拉伸性能测试 | 【待补充：日期】 | | 锤击试验装置 | 【待补充：型号】 | 落锤冲击试验 | 【待补充：日期】 | | 电子天平 | 【待补充：精度】 | 称重、密度测定 | 【待补充：日期】 |  （注：设备型号、精度、检定周期须按设备台账人工复核后补充完整）  【5.3.4 型式检验与出厂检验】  已取得
466,7.3 供货组织设计/实施方案,4047,精度,C-目标分标包件/货物清单/规格数量,P0,投标项目负责人,从最终投标包件、货物清单和技术规范书确认后填写,补充：型号】 | 拉伸性能测试 | 【待补充：日期】 | | 锤击试验装置 | 【待补充：型号】 | 落锤冲击试验 | 【待补充：日期】 | | 电子天平 | 【待补充：精度】 | 称重、密度测定 | 【待补充：日期】 |  （注：设备型号、精度、检定周期须按设备台账人工复核后补充完整）  【5.3.4 型式检验与出厂检验】  已取得的检验报告： - **CPVC电缆保护管
467,7.3 供货组织设计/实施方案,4047,日期,C-目标分标包件/货物清单/规格数量,P0,投标项目负责人,从最终投标包件、货物清单和技术规范书确认后填写,充：日期】 | | 锤击试验装置 | 【待补充：型号】 | 落锤冲击试验 | 【待补充：日期】 | | 电子天平 | 【待补充：精度】 | 称重、密度测定 | 【待补充：日期】 |  （注：设备型号、精度、检定周期须按设备台账人工复核后补充完整）  【5.3.4 型式检验与出厂检验】  已取得的检验报告： - **CPVC电缆保护管**：报告编号20241003120055
468,7.3 供货组织设计/实施方案,4072,天数,D-投标承诺期限/日期/响应时限,P0,商务+履约负责人,按招标文件要求和公司承诺口径确认后填写,--------| | 合同签订与备料 | T日（合同签订日） | 原材料采购、设备调试、人员调配 | 采购订单、生产指令单 | | 试生产与首件检验 | T+【待补充：天数】日 | 首批试生产，完成首件检验 | 首件检验报告 | | 首批交货 | T+【待补充：天数】日 | 按招标人通知完成首批交货 | 交货清单、出厂检验报告 | | 批量交货 | 协议库存期内 | 按订
469,7.3 供货组织设计/实施方案,4073,天数,D-投标承诺期限/日期/响应时限,P0,商务+履约负责人,按招标文件要求和公司承诺口径确认后填写,调配 | 采购订单、生产指令单 | | 试生产与首件检验 | T+【待补充：天数】日 | 首批试生产，完成首件检验 | 首件检验报告 | | 首批交货 | T+【待补充：天数】日 | 按招标人通知完成首批交货 | 交货清单、出厂检验报告 | | 批量交货 | 协议库存期内 | 按订单分批供货 | 每批次发货单、质检报告 | | 全部交付完成 | 协议有效期截止日前 | 最后
470,7.3 供货组织设计/实施方案,4081,比例或绝对数值,Z-其他人工复核,P2,投标编制负责人,人工核实后填写,处留待补充）  【5.4.2 进度保障措施】  1. **产能保障**：我公司现有生产线及场地可满足本项目供货需求，若遇紧急订单可启动两班倒生产模式，产能可提升【待补充：比例或绝对数值】。 2. **原材料储备**：对主要原材料建立安全库存，提前与长期合作供应商锁定资源，确保采购周期。 3. **物流保障**：与【待补充：物流合作单位名称】签订运输服务协议，配备专用运输车辆，确保货物
471,7.3 供货组织设计/实施方案,4083,物流合作单位名称,C-目标分标包件/货物清单/规格数量,P0,投标项目负责人,从最终投标包件、货物清单和技术规范书确认后填写,可提升【待补充：比例或绝对数值】。 2. **原材料储备**：对主要原材料建立安全库存，提前与长期合作供应商锁定资源，确保采购周期。 3. **物流保障**：与【待补充：物流合作单位名称】签订运输服务协议，配备专用运输车辆，确保货物安全、准时送达指定地点。 4. **应急响应**：设立应急调度小组，如遇突发情况（设备故障、交通管制、天气异常等），启动应急预案，调配备用设备或调整运输路线
472,7.3 供货组织设计/实施方案,4128,天数,C-目标分标包件/货物清单/规格数量,P0,投标项目负责人,从最终投标包件、货物清单和技术规范书确认后填写,司承诺： - 配合招标人及监理单位进行到货验收，提供必要的技术支持和检测仪器。 - 如发现产品存在质量缺陷或与合同不符，无条件接受退货或换货要求，换货周期不超过【待补充：天数】日。 - 验收合格后出具验收单，质保期自验收合格之日起计算，质保期【待补充：质保期年限】年。  【5.7 售后服务与技术支持】  【5.7.1 售后服务团队】  我公司设有专职技术服务团队，成员包括：
473,7.3 供货组织设计/实施方案,4129,质保期年限,D-投标承诺期限/日期/响应时限,P0,商务+履约负责人,按招标文件要求和公司承诺口径确认后填写, 如发现产品存在质量缺陷或与合同不符，无条件接受退货或换货要求，换货周期不超过【待补充：天数】日。 - 验收合格后出具验收单，质保期自验收合格之日起计算，质保期【待补充：质保期年限】年。  【5.7 售后服务与技术支持】  【5.7.1 售后服务团队】  我公司设有专职技术服务团队，成员包括：王强、陈国华、黄文清、林乌金等，具有丰富的电缆保护管安装指导和技术支持经验。售后负责人：
474,7.3 供货组织设计/实施方案,4148,年限,D-投标承诺期限/日期/响应时限,P0,商务+履约负责人,按招标文件要求和公司承诺口径确认后填写,或维修 | 48小时内到场，7日内完成处理 | | 定期回访 | 供货后半年内每季度回访一次 | - |  【5.7.3 质量保证承诺】  我公司对所供产品提供【待补充：年限】年质量保证期。质保期内，因产品自身制造质量问题导致的损坏，由我公司免费更换，并承担由此产生的运输、安装等直接费用。质保期外提供有偿维修服务，仅收取成本费。  为保障电网设备本质安全，我公司郑重承诺：严
475,7.3 供货组织设计/实施方案,4188,天数或数量,C-目标分标包件/货物清单/规格数量,P0,投标项目负责人,从最终投标包件、货物清单和技术规范书确认后填写,检测设备配置。所有生产设备、检测设备均处于良好状态，并按周期检定/校准，确保精度满足要求。  【5.9.3 物资储备计划】  根据本项目供货计划，提前储备不少于【待补充：天数或数量】用量的主要原材料（CPVC树脂、MPP树脂、助剂等），与主要供应商签订长期供货协议，确保原材料质量稳定、供应及时。  【5.10 风险控制与应急预案】  【5.10.1 风险识别与控制措施】  | 风
476,7.3 供货组织设计/实施方案,4207,需企业提供,Z-其他人工复核,P2,投标编制负责人,人工核实后填写,发现质量问题，启动“换货绿色通道”，优先从库存中调配合格品发出，不合格品返厂分析整改，责任落实到工序。 4. **售后应急**：设立24小时应急服务热线（电话：【待补充：需企业提供】），重大质量问题由技术总监亲自带队前往现场处理。  【5.11 履约保障核心承诺】  为体现我公司对本次项目的高度重视和履约诚意，特作出以下承诺：  1. 严格按照招标文件要求的交货期完成全部供货，如
477,7.3.1 供货进度计划与节点控制,4249,具体天数,D-投标承诺期限/日期/响应时限,P0,商务+履约负责人,按招标文件要求和公司承诺口径确认后填写,----|----------|----------|----------| | 合同签订与备料期 | 签订合同、确认技术参数、原材料采购与检验 | 合同签订后【待补充：具体天数】日内 | 项目管理部、采购部 | | 生产制造期 | 按订单组织MPP/CPVC管材生产，实施过程检验 | 备料完成后【待补充：具体天数】日内 | 生产车间、质量管理部 | | 成品检验与入库 | 成
478,7.3.1 供货进度计划与节点控制,4250,具体天数,D-投标承诺期限/日期/响应时限,P0,商务+履约负责人,按招标文件要求和公司承诺口径确认后填写,与检验 | 合同签订后【待补充：具体天数】日内 | 项目管理部、采购部 | | 生产制造期 | 按订单组织MPP/CPVC管材生产，实施过程检验 | 备料完成后【待补充：具体天数】日内 | 生产车间、质量管理部 | | 成品检验与入库 | 成品出厂检验、第三方检测（如需）、入库 | 生产完成后【待补充：具体天数】日内 | 质量管理部、仓储部 | | 包装与发运 | 按合同要求进
479,7.3.1 供货进度计划与节点控制,4251,具体天数,D-投标承诺期限/日期/响应时限,P0,商务+履约负责人,按招标文件要求和公司承诺口径确认后填写,施过程检验 | 备料完成后【待补充：具体天数】日内 | 生产车间、质量管理部 | | 成品检验与入库 | 成品出厂检验、第三方检测（如需）、入库 | 生产完成后【待补充：具体天数】日内 | 质量管理部、仓储部 | | 包装与发运 | 按合同要求进行包装、标识、装车、发运 | 检验合格后【待补充：具体天数】日内 | 物流部、仓储部 | | 现场交付与验收 | 运输至指定地点、配合
480,7.3.1 供货进度计划与节点控制,4252,具体天数,D-投标承诺期限/日期/响应时限,P0,商务+履约负责人,按招标文件要求和公司承诺口径确认后填写,检测（如需）、入库 | 生产完成后【待补充：具体天数】日内 | 质量管理部、仓储部 | | 包装与发运 | 按合同要求进行包装、标识、装车、发运 | 检验合格后【待补充：具体天数】日内 | 物流部、仓储部 | | 现场交付与验收 | 运输至指定地点、配合现场验收、提交质量证明文件 | 发运后【待补充：具体天数】日内 | 项目部、物流部 |  【5.2 供货关键里程碑节点控制】 
481,7.3.1 供货进度计划与节点控制,4253,具体天数,D-投标承诺期限/日期/响应时限,P0,商务+履约负责人,按招标文件要求和公司承诺口径确认后填写,、装车、发运 | 检验合格后【待补充：具体天数】日内 | 物流部、仓储部 | | 现场交付与验收 | 运输至指定地点、配合现场验收、提交质量证明文件 | 发运后【待补充：具体天数】日内 | 项目部、物流部 |  【5.2 供货关键里程碑节点控制】  为保证供货进度满足项目需求，我方设置了以下关键里程碑节点并明确控制措施：  【5.2.1 关键里程碑节点表】  | 序号 | 里程
482,7.3.1 供货进度计划与节点控制,4263,项目经理姓名,F-项目人员最终指派及证明,P1,项目管理/人事,确认本项目实际投入人员，并匹配社保、劳动合同或任命证明,---|----------|----------|--------| | 1 | 合同签订生效 | 收到合同并完成内部确认 | 指定项目经理对接合同评审 | 【待补充：项目经理姓名】 | | 2 | 原材料采购到位 | 原材料检验合格入库 | 按合同规格提前锁定上游供应商，实施来料检验 | 采购部负责人 | | 3 | 生产启动 | 首件产品下线并通过自检 | 落实生产排程，确保
483,7.3.1 供货进度计划与节点控制,4276,具体日产能,G-生产设备/检测设备/产能量化,P1,生产/质量负责人,依据设备台账、计量检定证书和产能统计表补充量化数据,不得投入生产。  （2）**生产过程控制**：依托我公司位于河北省保定市满城区陉阳驿村的自有生产基地，配备多条MPP/CPVC生产线（生产设备实景见下图），具备【待补充：具体日产能】的产能，可满足本项目供货要求。生产过程中实行首件检验、过程巡检和完工检验三检制。  **图5-1：MPP生产线实景图（厂区设备）**  （3）**成品检验控制**：我公司具备完善的试验检测能力，配备微
484,7.3.1 供货进度计划与节点控制,4292,数量,C-目标分标包件/货物清单/规格数量,P0,投标项目负责人,从最终投标包件、货物清单和技术规范书确认后填写,数量 | 单日最大产能 | 备注 | |----------|------------|--------------|------| | MPP电缆保护管 | 【待补充：数量】条 | 【待补充：米/日】 | 可根据订单要求调整排产 | | CPVC电缆保护管 | 【待补充：数量】条 | 【待补充：米/日】 | 可根据订单要求调整排产 |  若本项目供货量超过常规产能，我方可
485,7.3.1 供货进度计划与节点控制,4292,米/日,C-目标分标包件/货物清单/规格数量,P0,投标项目负责人,从最终投标包件、货物清单和技术规范书确认后填写,| 备注 | |----------|------------|--------------|------| | MPP电缆保护管 | 【待补充：数量】条 | 【待补充：米/日】 | 可根据订单要求调整排产 | | CPVC电缆保护管 | 【待补充：数量】条 | 【待补充：米/日】 | 可根据订单要求调整排产 |  若本项目供货量超过常规产能，我方可通过增加班次、优化工艺等方
486,7.3.1 供货进度计划与节点控制,4293,数量,C-目标分标包件/货物清单/规格数量,P0,投标项目负责人,从最终投标包件、货物清单和技术规范书确认后填写,------|------| | MPP电缆保护管 | 【待补充：数量】条 | 【待补充：米/日】 | 可根据订单要求调整排产 | | CPVC电缆保护管 | 【待补充：数量】条 | 【待补充：米/日】 | 可根据订单要求调整排产 |  若本项目供货量超过常规产能，我方可通过增加班次、优化工艺等方式，在【待补充：具体天数】内将产能提升至【待补充：倍】倍，确保按期交付。  【
487,7.3.1 供货进度计划与节点控制,4293,米/日,C-目标分标包件/货物清单/规格数量,P0,投标项目负责人,从最终投标包件、货物清单和技术规范书确认后填写,-| | MPP电缆保护管 | 【待补充：数量】条 | 【待补充：米/日】 | 可根据订单要求调整排产 | | CPVC电缆保护管 | 【待补充：数量】条 | 【待补充：米/日】 | 可根据订单要求调整排产 |  若本项目供货量超过常规产能，我方可通过增加班次、优化工艺等方式，在【待补充：具体天数】内将产能提升至【待补充：倍】倍，确保按期交付。  【5.3.2 设备资源保障】
488,7.3.1 供货进度计划与节点控制,4295,具体天数,D-投标承诺期限/日期/响应时限,P0,商务+履约负责人,按招标文件要求和公司承诺口径确认后填写,电缆保护管 | 【待补充：数量】条 | 【待补充：米/日】 | 可根据订单要求调整排产 |  若本项目供货量超过常规产能，我方可通过增加班次、优化工艺等方式，在【待补充：具体天数】内将产能提升至【待补充：倍】倍，确保按期交付。  【5.3.2 设备资源保障】  | 序号 | 设备名称 | 型号/规格 | 数量 | 检定有效期 | 用途 | |------|----------|
489,7.3.1 供货进度计划与节点控制,4295,倍,C-目标分标包件/货物清单/规格数量,P0,投标项目负责人,从最终投标包件、货物清单和技术规范书确认后填写, | 【待补充：米/日】 | 可根据订单要求调整排产 |  若本项目供货量超过常规产能，我方可通过增加班次、优化工艺等方式，在【待补充：具体天数】内将产能提升至【待补充：倍】倍，确保按期交付。  【5.3.2 设备资源保障】  | 序号 | 设备名称 | 型号/规格 | 数量 | 检定有效期 | 用途 | |------|----------|------------|-
490,7.3.1 供货进度计划与节点控制,4301,型号,C-目标分标包件/货物清单/规格数量,P0,投标项目负责人,从最终投标包件、货物清单和技术规范书确认后填写,|------|----------|------------|------|------------|------| | 1 | 微机控制电子万能试验机 | 【待补充：型号】 | 【待补充：台】 | 【待补充：日期】 | 环刚度、环柔度测试 | | 2 | 热变形/维卡软化点温度测定仪 | 【待补充：型号】 | 【待补充：台】 | 【待补充：日期】 | 软化温度测试 | 
491,7.3.1 供货进度计划与节点控制,4301,台,C-目标分标包件/货物清单/规格数量,P0,投标项目负责人,从最终投标包件、货物清单和技术规范书确认后填写,-------|------------|------|------------|------| | 1 | 微机控制电子万能试验机 | 【待补充：型号】 | 【待补充：台】 | 【待补充：日期】 | 环刚度、环柔度测试 | | 2 | 热变形/维卡软化点温度测定仪 | 【待补充：型号】 | 【待补充：台】 | 【待补充：日期】 | 软化温度测试 | | 3 | 熔体流动
492,7.3.1 供货进度计划与节点控制,4301,日期,C-目标分标包件/货物清单/规格数量,P0,投标项目负责人,从最终投标包件、货物清单和技术规范书确认后填写,----------|------|------------|------| | 1 | 微机控制电子万能试验机 | 【待补充：型号】 | 【待补充：台】 | 【待补充：日期】 | 环刚度、环柔度测试 | | 2 | 热变形/维卡软化点温度测定仪 | 【待补充：型号】 | 【待补充：台】 | 【待补充：日期】 | 软化温度测试 | | 3 | 熔体流动速率仪 | 【待补充：
493,7.3.1 供货进度计划与节点控制,4302,型号,C-目标分标包件/货物清单/规格数量,P0,投标项目负责人,从最终投标包件、货物清单和技术规范书确认后填写,机控制电子万能试验机 | 【待补充：型号】 | 【待补充：台】 | 【待补充：日期】 | 环刚度、环柔度测试 | | 2 | 热变形/维卡软化点温度测定仪 | 【待补充：型号】 | 【待补充：台】 | 【待补充：日期】 | 软化温度测试 | | 3 | 熔体流动速率仪 | 【待补充：型号】 | 【待补充：台】 | 【待补充：日期】 | 熔融指数测试 | | 4 | 电子拉力
494,7.3.1 供货进度计划与节点控制,4302,台,C-目标分标包件/货物清单/规格数量,P0,投标项目负责人,从最终投标包件、货物清单和技术规范书确认后填写,| 【待补充：型号】 | 【待补充：台】 | 【待补充：日期】 | 环刚度、环柔度测试 | | 2 | 热变形/维卡软化点温度测定仪 | 【待补充：型号】 | 【待补充：台】 | 【待补充：日期】 | 软化温度测试 | | 3 | 熔体流动速率仪 | 【待补充：型号】 | 【待补充：台】 | 【待补充：日期】 | 熔融指数测试 | | 4 | 电子拉力试验机 | 【待补充
495,7.3.1 供货进度计划与节点控制,4302,日期,C-目标分标包件/货物清单/规格数量,P0,投标项目负责人,从最终投标包件、货物清单和技术规范书确认后填写, | 【待补充：台】 | 【待补充：日期】 | 环刚度、环柔度测试 | | 2 | 热变形/维卡软化点温度测定仪 | 【待补充：型号】 | 【待补充：台】 | 【待补充：日期】 | 软化温度测试 | | 3 | 熔体流动速率仪 | 【待补充：型号】 | 【待补充：台】 | 【待补充：日期】 | 熔融指数测试 | | 4 | 电子拉力试验机 | 【待补充：型号】 | 【待补充
496,7.3.1 供货进度计划与节点控制,4303,型号,C-目标分标包件/货物清单/规格数量,P0,投标项目负责人,从最终投标包件、货物清单和技术规范书确认后填写,| 2 | 热变形/维卡软化点温度测定仪 | 【待补充：型号】 | 【待补充：台】 | 【待补充：日期】 | 软化温度测试 | | 3 | 熔体流动速率仪 | 【待补充：型号】 | 【待补充：台】 | 【待补充：日期】 | 熔融指数测试 | | 4 | 电子拉力试验机 | 【待补充：型号】 | 【待补充：台】 | 【待补充：日期】 | 拉伸性能测试 | | 5 | 电子天平
497,7.3.1 供货进度计划与节点控制,4303,台,C-目标分标包件/货物清单/规格数量,P0,投标项目负责人,从最终投标包件、货物清单和技术规范书确认后填写,卡软化点温度测定仪 | 【待补充：型号】 | 【待补充：台】 | 【待补充：日期】 | 软化温度测试 | | 3 | 熔体流动速率仪 | 【待补充：型号】 | 【待补充：台】 | 【待补充：日期】 | 熔融指数测试 | | 4 | 电子拉力试验机 | 【待补充：型号】 | 【待补充：台】 | 【待补充：日期】 | 拉伸性能测试 | | 5 | 电子天平 | 【待补充：型号
498,7.3.1 供货进度计划与节点控制,4303,日期,C-目标分标包件/货物清单/规格数量,P0,投标项目负责人,从最终投标包件、货物清单和技术规范书确认后填写,| 【待补充：型号】 | 【待补充：台】 | 【待补充：日期】 | 软化温度测试 | | 3 | 熔体流动速率仪 | 【待补充：型号】 | 【待补充：台】 | 【待补充：日期】 | 熔融指数测试 | | 4 | 电子拉力试验机 | 【待补充：型号】 | 【待补充：台】 | 【待补充：日期】 | 拉伸性能测试 | | 5 | 电子天平 | 【待补充：型号】 | 【待补充：台】
499,7.3.1 供货进度计划与节点控制,4304,型号,C-目标分标包件/货物清单/规格数量,P0,投标项目负责人,从最终投标包件、货物清单和技术规范书确认后填写,温度测试 | | 3 | 熔体流动速率仪 | 【待补充：型号】 | 【待补充：台】 | 【待补充：日期】 | 熔融指数测试 | | 4 | 电子拉力试验机 | 【待补充：型号】 | 【待补充：台】 | 【待补充：日期】 | 拉伸性能测试 | | 5 | 电子天平 | 【待补充：型号】 | 【待补充：台】 | 【待补充：日期】 | 质量称量 | | 6 | 锤击试验装置 | 
500,7.3.1 供货进度计划与节点控制,4304,台,C-目标分标包件/货物清单/规格数量,P0,投标项目负责人,从最终投标包件、货物清单和技术规范书确认后填写,| 熔体流动速率仪 | 【待补充：型号】 | 【待补充：台】 | 【待补充：日期】 | 熔融指数测试 | | 4 | 电子拉力试验机 | 【待补充：型号】 | 【待补充：台】 | 【待补充：日期】 | 拉伸性能测试 | | 5 | 电子天平 | 【待补充：型号】 | 【待补充：台】 | 【待补充：日期】 | 质量称量 | | 6 | 锤击试验装置 | 【待补充：型号】 |
501,7.3.1 供货进度计划与节点控制,4304,日期,C-目标分标包件/货物清单/规格数量,P0,投标项目负责人,从最终投标包件、货物清单和技术规范书确认后填写,| 【待补充：型号】 | 【待补充：台】 | 【待补充：日期】 | 熔融指数测试 | | 4 | 电子拉力试验机 | 【待补充：型号】 | 【待补充：台】 | 【待补充：日期】 | 拉伸性能测试 | | 5 | 电子天平 | 【待补充：型号】 | 【待补充：台】 | 【待补充：日期】 | 质量称量 | | 6 | 锤击试验装置 | 【待补充：型号】 | 【待补充：台】 | 
502,7.3.1 供货进度计划与节点控制,4305,型号,C-目标分标包件/货物清单/规格数量,P0,投标项目负责人,从最终投标包件、货物清单和技术规范书确认后填写, 熔融指数测试 | | 4 | 电子拉力试验机 | 【待补充：型号】 | 【待补充：台】 | 【待补充：日期】 | 拉伸性能测试 | | 5 | 电子天平 | 【待补充：型号】 | 【待补充：台】 | 【待补充：日期】 | 质量称量 | | 6 | 锤击试验装置 | 【待补充：型号】 | 【待补充：台】 | 【待补充：日期】 | 冲击性能测试 |  所有试验设备均按规定周期
503,7.3.1 供货进度计划与节点控制,4305,台,C-目标分标包件/货物清单/规格数量,P0,投标项目负责人,从最终投标包件、货物清单和技术规范书确认后填写, 4 | 电子拉力试验机 | 【待补充：型号】 | 【待补充：台】 | 【待补充：日期】 | 拉伸性能测试 | | 5 | 电子天平 | 【待补充：型号】 | 【待补充：台】 | 【待补充：日期】 | 质量称量 | | 6 | 锤击试验装置 | 【待补充：型号】 | 【待补充：台】 | 【待补充：日期】 | 冲击性能测试 |  所有试验设备均按规定周期检定/校准，并在有效
504,7.3.1 供货进度计划与节点控制,4305,日期,C-目标分标包件/货物清单/规格数量,P0,投标项目负责人,从最终投标包件、货物清单和技术规范书确认后填写,验机 | 【待补充：型号】 | 【待补充：台】 | 【待补充：日期】 | 拉伸性能测试 | | 5 | 电子天平 | 【待补充：型号】 | 【待补充：台】 | 【待补充：日期】 | 质量称量 | | 6 | 锤击试验装置 | 【待补充：型号】 | 【待补充：台】 | 【待补充：日期】 | 冲击性能测试 |  所有试验设备均按规定周期检定/校准，并在有效期内使用。  【5.3
505,7.3.1 供货进度计划与节点控制,4306,型号,C-目标分标包件/货物清单/规格数量,P0,投标项目负责人,从最终投标包件、货物清单和技术规范书确认后填写,】 | 拉伸性能测试 | | 5 | 电子天平 | 【待补充：型号】 | 【待补充：台】 | 【待补充：日期】 | 质量称量 | | 6 | 锤击试验装置 | 【待补充：型号】 | 【待补充：台】 | 【待补充：日期】 | 冲击性能测试 |  所有试验设备均按规定周期检定/校准，并在有效期内使用。  【5.3.3 人员资源保障】  | 岗位名称 | 人员 | 主要职责 | 
506,7.3.1 供货进度计划与节点控制,4306,台,C-目标分标包件/货物清单/规格数量,P0,投标项目负责人,从最终投标包件、货物清单和技术规范书确认后填写,| | 5 | 电子天平 | 【待补充：型号】 | 【待补充：台】 | 【待补充：日期】 | 质量称量 | | 6 | 锤击试验装置 | 【待补充：型号】 | 【待补充：台】 | 【待补充：日期】 | 冲击性能测试 |  所有试验设备均按规定周期检定/校准，并在有效期内使用。  【5.3.3 人员资源保障】  | 岗位名称 | 人员 | 主要职责 | |---------
507,7.3.1 供货进度计划与节点控制,4306,日期,C-目标分标包件/货物清单/规格数量,P0,投标项目负责人,从最终投标包件、货物清单和技术规范书确认后填写,天平 | 【待补充：型号】 | 【待补充：台】 | 【待补充：日期】 | 质量称量 | | 6 | 锤击试验装置 | 【待补充：型号】 | 【待补充：台】 | 【待补充：日期】 | 冲击性能测试 |  所有试验设备均按规定周期检定/校准，并在有效期内使用。  【5.3.3 人员资源保障】  | 岗位名称 | 人员 | 主要职责 | |----------|------|--
508,7.3.1 供货进度计划与节点控制,4317,姓名,F-项目人员最终指派及证明,P1,项目管理/人事,确认本项目实际投入人员，并匹配社保、劳动合同或任命证明, | 生产负责人 | 晁猛（厂长） | 生产计划执行、现场管理 | | 技术负责人 | 赵称心（技术总监） | 技术方案审核、工艺指导 | | 质量负责人 | 【待补充：姓名】 | 质量控制、检验监督 | | 质检员 | 赵伟、刘合钦、杨华、巩超、于诗兰、莫文清 | 过程检验、出厂检验 | | 试验员 | 晁坤琳、陈仙瑞 | 原材料及成品试验检测 | | 售后技术人员 | 
509,7.3.1 供货进度计划与节点控制,4331,天数,A-最终报价/价格清单/商务金额,P0,商务报价负责人,依据最终报价表、分项价格表、税率和投标策略填写,| 多个订单并行，生产线超负荷 | 启用备用生产线；安排加班/轮班生产；必要时将非核心工序外协 | | 原材料供应风险 | 原材料短缺或价格波动 | 提前备货至【待补充：天数】天用量；签订长期供货协议锁定价格 | | 设备故障风险 | 关键设备突发故障停机 | 关键设备备件库存储备；24小时维修响应；与设备厂家签订维保协议 | | 物流运输风险 | 天气、道路管制、交通拥堵
510,7.3.1 供货进度计划与节点控制,4341,数量,C-目标分标包件/货物清单/规格数量,P0,投标项目负责人,从最终投标包件、货物清单和技术规范书确认后填写,备用设备 |  【5.4.2 赶工保障措施】  当出现进度滞后风险时，我方将立即启动以下赶工保障措施：  （1）**增加生产资源**：增加生产线开机数量，从常规【待补充：数量】条增加至【待补充：数量】条，必要时实行三班倒作业。  （2）**调整生产工艺**：在不降低产品质量的前提下，优化工艺参数，缩短单件产品生产周期。  （3）**优先排产**：将本项目列为优先级最高的生产
511,7.3.1 供货进度计划与节点控制,4341,数量,C-目标分标包件/货物清单/规格数量,P0,投标项目负责人,从最终投标包件、货物清单和技术规范书确认后填写,.2 赶工保障措施】  当出现进度滞后风险时，我方将立即启动以下赶工保障措施：  （1）**增加生产资源**：增加生产线开机数量，从常规【待补充：数量】条增加至【待补充：数量】条，必要时实行三班倒作业。  （2）**调整生产工艺**：在不降低产品质量的前提下，优化工艺参数，缩短单件产品生产周期。  （3）**优先排产**：将本项目列为优先级最高的生产任务，暂停或推迟其他非紧
512,7.3.1 供货进度计划与节点控制,4353,层级,D-投标承诺期限/日期/响应时限,P0,商务+履约负责人,按招标文件要求和公司承诺口径确认后填写, （5）**现场协调**：派遣专人提前抵达交货地点，对接收货方，确保到货后可立即开展验收工作，减少现场等待时间。  【5.4.3 应急联络机制】  我公司已建立【待补充：层级】应急联络体系，确保在供货异常时【待补充：具体时限】内响应：  - **一级响应**（轻微延误）：项目经理直接协调生产、质检、物流部门； - **二级响应**（中等延误）：总经理杨贺召集专项会议，调配全
513,7.3.1 供货进度计划与节点控制,4353,具体时限,D-投标承诺期限/日期/响应时限,P0,商务+履约负责人,按招标文件要求和公司承诺口径确认后填写,地点，对接收货方，确保到货后可立即开展验收工作，减少现场等待时间。  【5.4.3 应急联络机制】  我公司已建立【待补充：层级】应急联络体系，确保在供货异常时【待补充：具体时限】内响应：  - **一级响应**（轻微延误）：项目经理直接协调生产、质检、物流部门； - **二级响应**（中等延误）：总经理杨贺召集专项会议，调配全公司资源； - **三级响应**（严重延误）：董事
514,7.3.1 供货进度计划与节点控制,4371,具体天数,D-投标承诺期限/日期/响应时限,P0,商务+履约负责人,按招标文件要求和公司承诺口径确认后填写,周完成情况，制定下周计划；如遇偏差，及时调整资源配置。  （3）**进度预警机制**：设定出厂检验完成日、发运完成日、到货完成日等关键监控点，当关键节点滞后超过【待补充：具体天数】天时，自动预警并启动赶工措施。  【5.5.3 信息沟通与报告】  （1）**内部报告**：每日以日报形式汇报生产进度、质量状态和存在风险；每周编制《供货进度周报》交项目管理部备案。  （2）**对外
515,7.3.1 供货进度计划与节点控制,4387,未说明,D-投标承诺期限/日期/响应时限,P0,商务+履约负责人,按招标文件要求和公司承诺口径确认后填写,我方原因造成交货延误，自愿按照招标文件及合同约定承担相应违约责任，并无条件执行招标人要求的赶工措施，直至满足项目整体进度需求为止。  ---  *说明：本章节中【待补充】部分将在完成最终投标文件编制时，依据招标文件具体要求和公司实际数据进行填充。本方案所有内容基于河北泰昌电力器材科技有限公司的现有生产能力、人员配置和设备条件，符合国家电网物资协议库存采购相关要求。* 
516,7.3.1.1 编制依据,4397,本次投标包号对应的专用条款编号,C-目标分标包件/货物清单/规格数量,P0,投标项目负责人,从最终投标包件、货物清单和技术规范书确认后填写,有效 | 包含项目资金来源100%企业自有资金，响应质量提升行动指导意见等要求。 | | 3 | 招标文件 | 投标人须知前附表及专用条款（含技术规范书） | 【待补充：本次投标包号对应的专用条款编号】 | 现行有效 | 规定了供货范围、技术参数、性能保证、验收标准及违约责任。 | | 4 | 技术标准 | 电力电缆用导管技术条件 第1部分：总则 | DL/T 802.1-2021 | 现行有效 |
517,7.3.1.1 编制依据,4407,本次投标分标、包号对应的技术规范书编号,C-目标分标包件/货物清单/规格数量,P0,投标项目负责人,从最终投标包件、货物清单和技术规范书确认后填写, | 用于MPP管熔融质量流动速率指标的检测依据。 | | 13 | 技术规范 | 国网辽宁省电力有限公司物资采购技术规范书（电缆保护管MPP/CPVC） | 【待补充：本次投标分标、包号对应的技术规范书编号】 | 经招标人确认 | 细化了对产品结构尺寸、材料性能、标志、包装、运输和储存的具体要求。 | | 14 | 合同文件 | 国网辽宁省电力有限公司协议库存采购合同（示范文本） | 【待补充：本次投标包
518,7.3.1.1 编制依据,4408,本次投标包号对应的合同编号,C-目标分标包件/货物清单/规格数量,P0,投标项目负责人,从最终投标包件、货物清单和技术规范书确认后填写,| 细化了对产品结构尺寸、材料性能、标志、包装、运输和储存的具体要求。 | | 14 | 合同文件 | 国网辽宁省电力有限公司协议库存采购合同（示范文本） | 【待补充：本次投标包号对应的合同编号】 | 现行有效 | 约定供货范围、合同价款、交货进度、付款条件、履约担保等核心条款。 | | 15 | 响应边界 | 我方（河北泰昌电力器材科技有限公司）投标承诺函及技术响应偏差表 | 【待补充：本次
519,7.3.1.1 编制依据,4409,本次投标文件编号页码,H-最终排版页码/附件索引,P1,排版/标书装订负责人,DOCX/PDF定稿后按目录和附件顺序回填，不需要客户新增资料,货范围、合同价款、交货进度、付款条件、履约担保等核心条款。 | | 15 | 响应边界 | 我方（河北泰昌电力器材科技有限公司）投标承诺函及技术响应偏差表 | 【待补充：本次投标文件编号页码】 | 随投标文件提交 | 明确了我方完全响应招标文件全部技术条款，无负偏离，并承诺按合同约定时间完成供应。 | | 16 | 环境合规 | 河北泰昌电力器材科技有限公司碳足迹核查报告 | 【待补充：报
520,7.3.1.1 编制依据,4410,报告全文，引用第17页数据,Z-其他人工复核,P2,投标编制负责人,人工核实后填写,确了我方完全响应招标文件全部技术条款，无负偏离，并承诺按合同约定时间完成供应。 | | 16 | 环境合规 | 河北泰昌电力器材科技有限公司碳足迹核查报告 | 【待补充：报告全文，引用第17页数据】 | 2025年出具 | 用于指导生产过程中的碳排放控制与绿色供应链管理，满足招标人对环保低碳的倡导要求。 |  上述编制依据构成了我方  #### 7.3.1.2 项目概况  【1.1 项目概述】 
521,7.3.1.2 项目概况,4420,本次投标所投的分标及包号,C-目标分标包件/货物清单/规格数量,P0,投标项目负责人,从最终投标包件、货物清单和技术规范书确认后填写,"用代码：91130607056539515C）作为电缆保护管专业制造商，针对本次招标的电缆保护管MPP/CPVC物资协议库存采购分标（具体分标、包号、物资范围见【待补充：本次投标所投的分标及包号】），结合企业已有真实业绩（如国网天津市电力公司2022年第二次配网物资协议库存招标采购项目，中标含税金额6,372,409.05元，合同编号SGTJWZ00HTMM2210273），编制本供货进度计划"
522,7.3.1.2 项目概况,4431,响应交货期,D-投标承诺期限/日期/响应时限,P0,商务+履约负责人,按招标文件要求和公司承诺口径确认后填写, **交货地点** | 国网辽宁省电力有限公司指定仓库或施工现场（按协议库存分批次执行） | | **交货期要求** | 协议库存内各批次供货通知下达后，承诺在【待补充：响应交货期】日历天内完成交货 | | **质量标准** | 符合现行国家标准及国网企业标准，通过第三方抽样检测及到货验收 | | **包装与运输** | 管材采用捆扎或托盘包装，防碰撞、防雨淋；运输选用专车或防倾
523,7.3.1.2 项目概况,4443,备料水平,Z-其他人工复核,P2,投标编制负责人,人工核实后填写,式**：本项目采用协议库存采购模式，各批次订单数量及交付时间以项目单位实际通知为准。我方已建立严格的原材料安全库存制度（MPP专用料及CPVC专用料备料量不少于【待补充：备料水平】），可有效应对紧急加单需求。 2. **交付节点控制难度大**：因订单下达时间不确定，且可能涉及辽宁省内多个地市（如沈阳、大连、鞍山等）多点交付，需精准调度运输资源。我方拥有自有或长期合作的物流车队，
524,7.3.1.3 总体部署,4467,质检部负责人,Z-其他人工复核,P2,投标编制负责人,人工核实后填写,生产、质检、物流环节，对接项目单位。 | | **技术总监** | 赵称心 | 提供技术支撑，解决生产及交付过程中的技术问题。 | | **质检负责人** | 【待补充：质检部负责人】 | 负责原材料、生产过程及成品出厂的全流程质量检验与控制。 | | **生产负责人** | 【待补充：生产车间主任】 | 根据供货计划组织生产，确保产能和交付进度。 | | **物流交付专员** |
525,7.3.1.3 总体部署,4468,生产车间主任,F-项目人员最终指派及证明,P1,项目管理/人事,确认本项目实际投入人员，并匹配社保、劳动合同或任命证明,术问题。 | | **质检负责人** | 【待补充：质检部负责人】 | 负责原材料、生产过程及成品出厂的全流程质量检验与控制。 | | **生产负责人** | 【待补充：生产车间主任】 | 根据供货计划组织生产，确保产能和交付进度。 | | **物流交付专员** | 【待补充：物流主管】 | 负责运输车辆调度、路线规划、货物运输及现场交付协调。 |  【5.1.2 阶段划分与关键节
526,7.3.1.3 总体部署,4469,物流主管,F-项目人员最终指派及证明,P1,项目管理/人事,确认本项目实际投入人员，并匹配社保、劳动合同或任命证明,程质量检验与控制。 | | **生产负责人** | 【待补充：生产车间主任】 | 根据供货计划组织生产，确保产能和交付进度。 | | **物流交付专员** | 【待补充：物流主管】 | 负责运输车辆调度、路线规划、货物运输及现场交付协调。 |  【5.1.2 阶段划分与关键节点控制】  根据本协议库存项目的执行特点，将供货工作划分为以下四个阶段，并对关键节点实施重点控制：  1
527,7.3.1.3 总体部署,4481,生产线数量及日产能,C-目标分标包件/货物清单/规格数量,P0,投标项目负责人,从最终投标包件、货物清单和技术规范书确认后填写,.  **生产与质量控制阶段（交货期内持续执行）**     -   **主要工作**：根据确认的订单，生产线按计划排产。我公司配备有MPP及CPVC专用生产线【待补充：生产线数量及日产能】，具备充足的产能保障。生产过程中，质检员赵伟、刘合钦、杨华等将依据《微机控制电子万能试验机》、《热变形/维卡软化点温度测定仪》、《熔体流动速率仪》等设备台账【待补充：设备具体信息】执行过程巡检与成品抽
528,7.3.1.3 总体部署,4481,设备具体信息,G-生产设备/检测设备/产能量化,P1,生产/质量负责人,依据设备台账、计量检定证书和产能统计表补充量化数据,能】，具备充足的产能保障。生产过程中，质检员赵伟、刘合钦、杨华等将依据《微机控制电子万能试验机》、《热变形/维卡软化点温度测定仪》、《熔体流动速率仪》等设备台账【待补充：设备具体信息】执行过程巡检与成品抽检，确保环刚度（如MPP管≥40kN/m²）、壁厚（如CPVC管15.2~15.3mm）及外观尺寸等关键指标满足国标及招标要求。     -   **关键节点**：产品出厂检验合格
529,7.3.1.3 总体部署,4485,X,C-目标分标包件/货物清单/规格数量,P0,投标项目负责人,从最终投标包件、货物清单和技术规范书确认后填写,-   **关键节点**：产品出厂检验合格并出具检验报告。     -   **责任部门**：生产部、质检部。  3.  **物流发运与交付阶段（收到交货通知后【待补充：X】日内）**     -   **主要工作**：产品检验合格后，物流交付专员立即组织装车。根据项目单位指定的交货地点（辽宁省内各区县仓库或施工现场），合理规划运输路线，确保货物安全、准时送达。随车附带发
530,7.3.2 质量安全环保措施,4543,未说明,G-生产设备/检测设备/产能量化,P1,生产/质量负责人,依据设备台账、计量检定证书和产能统计表补充量化数据,| 检定周期 | |------|----------|------------|------|----------| | 1 | 微机控制电子万能试验机 | 【待补充】 | 拉伸、环刚度、压扁试验 | 【待补充】 | | 2 | 热变形/维卡软化点温度测定仪 | 【待补充】 | 维卡软化温度测定 | 【待补充】 | | 3 | 熔体流动速率仪 | 【待补充】 | 熔
531,7.3.2 质量安全环保措施,4543,未说明,G-生产设备/检测设备/产能量化,P1,生产/质量负责人,依据设备台账、计量检定证书和产能统计表补充量化数据,-----|------------|------|----------| | 1 | 微机控制电子万能试验机 | 【待补充】 | 拉伸、环刚度、压扁试验 | 【待补充】 | | 2 | 热变形/维卡软化点温度测定仪 | 【待补充】 | 维卡软化温度测定 | 【待补充】 | | 3 | 熔体流动速率仪 | 【待补充】 | 熔体流动速率测定 | 【待补充】 | | 4 
532,7.3.2 质量安全环保措施,4544,未说明,G-生产设备/检测设备/产能量化,P1,生产/质量负责人,依据设备台账、计量检定证书和产能统计表补充量化数据,-----| | 1 | 微机控制电子万能试验机 | 【待补充】 | 拉伸、环刚度、压扁试验 | 【待补充】 | | 2 | 热变形/维卡软化点温度测定仪 | 【待补充】 | 维卡软化温度测定 | 【待补充】 | | 3 | 熔体流动速率仪 | 【待补充】 | 熔体流动速率测定 | 【待补充】 | | 4 | 电子拉力试验机 | 【待补充】 | 拉伸性能检测 | 【待
533,7.3.2 质量安全环保措施,4544,未说明,G-生产设备/检测设备/产能量化,P1,生产/质量负责人,依据设备台账、计量检定证书和产能统计表补充量化数据,万能试验机 | 【待补充】 | 拉伸、环刚度、压扁试验 | 【待补充】 | | 2 | 热变形/维卡软化点温度测定仪 | 【待补充】 | 维卡软化温度测定 | 【待补充】 | | 3 | 熔体流动速率仪 | 【待补充】 | 熔体流动速率测定 | 【待补充】 | | 4 | 电子拉力试验机 | 【待补充】 | 拉伸性能检测 | 【待补充】 | | 5 | 锤击试验装置 
534,7.3.2 质量安全环保措施,4545,未说明,G-生产设备/检测设备/产能量化,P1,生产/质量负责人,依据设备台账、计量检定证书和产能统计表补充量化数据,扁试验 | 【待补充】 | | 2 | 热变形/维卡软化点温度测定仪 | 【待补充】 | 维卡软化温度测定 | 【待补充】 | | 3 | 熔体流动速率仪 | 【待补充】 | 熔体流动速率测定 | 【待补充】 | | 4 | 电子拉力试验机 | 【待补充】 | 拉伸性能检测 | 【待补充】 | | 5 | 锤击试验装置 | 【待补充】 | 落锤冲击试验 | 【待补充】
535,7.3.2 质量安全环保措施,4545,未说明,G-生产设备/检测设备/产能量化,P1,生产/质量负责人,依据设备台账、计量检定证书和产能统计表补充量化数据, 热变形/维卡软化点温度测定仪 | 【待补充】 | 维卡软化温度测定 | 【待补充】 | | 3 | 熔体流动速率仪 | 【待补充】 | 熔体流动速率测定 | 【待补充】 | | 4 | 电子拉力试验机 | 【待补充】 | 拉伸性能检测 | 【待补充】 | | 5 | 锤击试验装置 | 【待补充】 | 落锤冲击试验 | 【待补充】 | | 6 | 电子天平 | 【待补
536,7.3.2 质量安全环保措施,4546,未说明,G-生产设备/检测设备/产能量化,P1,生产/质量负责人,依据设备台账、计量检定证书和产能统计表补充量化数据,| 维卡软化温度测定 | 【待补充】 | | 3 | 熔体流动速率仪 | 【待补充】 | 熔体流动速率测定 | 【待补充】 | | 4 | 电子拉力试验机 | 【待补充】 | 拉伸性能检测 | 【待补充】 | | 5 | 锤击试验装置 | 【待补充】 | 落锤冲击试验 | 【待补充】 | | 6 | 电子天平 | 【待补充】 | 密度、质量测量 | 【待补充】 |  
537,7.3.2 质量安全环保措施,4546,未说明,G-生产设备/检测设备/产能量化,P1,生产/质量负责人,依据设备台账、计量检定证书和产能统计表补充量化数据,】 | | 3 | 熔体流动速率仪 | 【待补充】 | 熔体流动速率测定 | 【待补充】 | | 4 | 电子拉力试验机 | 【待补充】 | 拉伸性能检测 | 【待补充】 | | 5 | 锤击试验装置 | 【待补充】 | 落锤冲击试验 | 【待补充】 | | 6 | 电子天平 | 【待补充】 | 密度、质量测量 | 【待补充】 |  （插入图片：试验设备台账原图，来源
538,7.3.2 质量安全环保措施,4547,未说明,G-生产设备/检测设备/产能量化,P1,生产/质量负责人,依据设备台账、计量检定证书和产能统计表补充量化数据,充】 | 熔体流动速率测定 | 【待补充】 | | 4 | 电子拉力试验机 | 【待补充】 | 拉伸性能检测 | 【待补充】 | | 5 | 锤击试验装置 | 【待补充】 | 落锤冲击试验 | 【待补充】 | | 6 | 电子天平 | 【待补充】 | 密度、质量测量 | 【待补充】 |  （插入图片：试验设备台账原图，来源于《泰昌试验设备台账原图》）  【6.2.3 
539,7.3.2 质量安全环保措施,4547,未说明,G-生产设备/检测设备/产能量化,P1,生产/质量负责人,依据设备台账、计量检定证书和产能统计表补充量化数据,待补充】 | | 4 | 电子拉力试验机 | 【待补充】 | 拉伸性能检测 | 【待补充】 | | 5 | 锤击试验装置 | 【待补充】 | 落锤冲击试验 | 【待补充】 | | 6 | 电子天平 | 【待补充】 | 密度、质量测量 | 【待补充】 |  （插入图片：试验设备台账原图，来源于《泰昌试验设备台账原图》）  【6.2.3 包装、运输及交付质量控制】  包装
540,7.3.2 质量安全环保措施,4548,未说明,G-生产设备/检测设备/产能量化,P1,生产/质量负责人,依据设备台账、计量检定证书和产能统计表补充量化数据,| 【待补充】 | 拉伸性能检测 | 【待补充】 | | 5 | 锤击试验装置 | 【待补充】 | 落锤冲击试验 | 【待补充】 | | 6 | 电子天平 | 【待补充】 | 密度、质量测量 | 【待补充】 |  （插入图片：试验设备台账原图，来源于《泰昌试验设备台账原图》）  【6.2.3 包装、运输及交付质量控制】  包装按国家标准及招标文件要求执行，采用保护性包
541,7.3.2 质量安全环保措施,4548,未说明,G-生产设备/检测设备/产能量化,P1,生产/质量负责人,依据设备台账、计量检定证书和产能统计表补充量化数据, 【待补充】 | | 5 | 锤击试验装置 | 【待补充】 | 落锤冲击试验 | 【待补充】 | | 6 | 电子天平 | 【待补充】 | 密度、质量测量 | 【待补充】 |  （插入图片：试验设备台账原图，来源于《泰昌试验设备台账原图》）  【6.2.3 包装、运输及交付质量控制】  包装按国家标准及招标文件要求执行，采用保护性包装材料，确保产品在运输过程中不受损坏
542,7.3.2.1 质量控制措施,4650,具体人数,Z-其他人工复核,P2,投标编制负责人,人工核实后填写,制措施章节。  【2 质量管理组织机构】  【2.1 质量管理架构】  本企业设立以总经理杨贺为第一责任人的质量管理委员会，下设质量管理部，配备专职质量管理人员【待补充：具体人数】。针对本项目，成立专项质量控制小组，由厂长（项目经理）晁猛担任组长，技术总监赵称心担任技术负责人，质检组赵伟、刘合钦、杨华、巩超、于诗兰、莫文清等全体质检员参与全过程质量监控。  【2.2 岗位质量职
543,7.3.2.1 质量控制措施,4659,指定人员,F-项目人员最终指派及证明,P1,项目管理/人事,确认本项目实际投入人员，并匹配社保、劳动合同或任命证明,量全过程管控，组织质量检查与整改 | | 技术负责人 | 赵称心（技术总监） | 负责工艺技术文件编制、工艺纪律检查、质量问题技术分析 | | 质检负责人 | 【待补充：指定人员】 | 组织实施原材料检验、过程检验、成品出厂检验 | | 质检员 | 赵伟、刘合钦、杨华、巩超、于诗兰、莫文清 | 执行各工序检验与试验，记录质量数据 | | 试验员 | 晁坤琳（董事长/试验员）、陈
544,7.3.2.1 质量控制措施,4696,温度范围,G-生产设备/检测设备/产能量化,P1,生产/质量负责人,依据设备台账、计量检定证书和产能统计表补充量化数据,工序**：严格控制配方比例，电子称量装置精度±0.1%，每班次首件配方须经技术员复核确认。  （2）**挤出塑化工序**：设定各区温度参数，MPP挤出温度控制在【待补充：温度范围】℃，CPVC挤出温度控制在【待补充：温度范围】℃，每2小时记录一次温度曲线。  （3）**真空定径与冷却工序**：控制真空度在【待补充：MPa范围】，冷却水温控制在【待补充：温度范围】℃，确保管材圆度
545,7.3.2.1 质量控制措施,4696,温度范围,G-生产设备/检测设备/产能量化,P1,生产/质量负责人,依据设备台账、计量检定证书和产能统计表补充量化数据,0.1%，每班次首件配方须经技术员复核确认。  （2）**挤出塑化工序**：设定各区温度参数，MPP挤出温度控制在【待补充：温度范围】℃，CPVC挤出温度控制在【待补充：温度范围】℃，每2小时记录一次温度曲线。  （3）**真空定径与冷却工序**：控制真空度在【待补充：MPa范围】，冷却水温控制在【待补充：温度范围】℃，确保管材圆度与尺寸稳定性。  （4）**牵引切割工序**：
546,7.3.2.1 质量控制措施,4698,MPa范围,Z-其他人工复核,P2,投标编制负责人,人工核实后填写,挤出温度控制在【待补充：温度范围】℃，CPVC挤出温度控制在【待补充：温度范围】℃，每2小时记录一次温度曲线。  （3）**真空定径与冷却工序**：控制真空度在【待补充：MPa范围】，冷却水温控制在【待补充：温度范围】℃，确保管材圆度与尺寸稳定性。  （4）**牵引切割工序**：牵引速度与挤出速度匹配，切割长度偏差控制在±【待补充：mm】以内。  （5）**扩口加工工序**：扩口
547,7.3.2.1 质量控制措施,4698,温度范围,G-生产设备/检测设备/产能量化,P1,生产/质量负责人,依据设备台账、计量检定证书和产能统计表补充量化数据,CPVC挤出温度控制在【待补充：温度范围】℃，每2小时记录一次温度曲线。  （3）**真空定径与冷却工序**：控制真空度在【待补充：MPa范围】，冷却水温控制在【待补充：温度范围】℃，确保管材圆度与尺寸稳定性。  （4）**牵引切割工序**：牵引速度与挤出速度匹配，切割长度偏差控制在±【待补充：mm】以内。  （5）**扩口加工工序**：扩口温度与压力按工艺参数执行，扩口端部应
548,7.3.2.1 质量控制措施,4700,mm,G-生产设备/检测设备/产能量化,P1,生产/质量负责人,依据设备台账、计量检定证书和产能统计表补充量化数据,补充：MPa范围】，冷却水温控制在【待补充：温度范围】℃，确保管材圆度与尺寸稳定性。  （4）**牵引切割工序**：牵引速度与挤出速度匹配，切割长度偏差控制在±【待补充：mm】以内。  （5）**扩口加工工序**：扩口温度与压力按工艺参数执行，扩口端部应光滑无裂纹。  【4.2 过程检验】  本企业执行“首件检验+巡回检验+完工检验”三级过程检验制度：  （1）**首件检验
549,7.3.2.1 质量控制措施,4737,温度值,G-生产设备/检测设备/产能量化,P1,生产/质量负责人,依据设备台账、计量检定证书和产能统计表补充量化数据,| 5 | 落锤冲击试验 | 锤击试验装置 | 0℃条件下冲击无裂纹 | 每批抽检 | | 6 | 维卡软化温度 | 热变形/维卡软化点温度测定仪 | MPP≥【待补充：温度值】℃，CPVC≥【待补充：温度值】℃ | 每批抽检 | | 7 | 密度 | 电子天平 | 满足标准要求 | 每批抽检 | | 8 | 熔体流动速率 | 熔体流动速率仪 | MPP满足标准要求 | 每批
550,7.3.2.1 质量控制措施,4737,温度值,G-生产设备/检测设备/产能量化,P1,生产/质量负责人,依据设备台账、计量检定证书和产能统计表补充量化数据,击试验装置 | 0℃条件下冲击无裂纹 | 每批抽检 | | 6 | 维卡软化温度 | 热变形/维卡软化点温度测定仪 | MPP≥【待补充：温度值】℃，CPVC≥【待补充：温度值】℃ | 每批抽检 | | 7 | 密度 | 电子天平 | 满足标准要求 | 每批抽检 | | 8 | 熔体流动速率 | 熔体流动速率仪 | MPP满足标准要求 | 每批抽检 | | 9 | 拉伸强度/
551,7.3.2.1 质量控制措施,4751,第三方检测机构名称,Z-其他人工复核,P2,投标编制负责人,人工核实后填写,0 SN40 MPP），环刚度实测66.40kN/m²（标准要求≥40kN/m²），远优于标准要求。  在本项目中，本企业承诺按照招标文件要求的比例和频次，委托【待补充：第三方检测机构名称】进行第三方抽样检验，检验费用由本企业承担。  【6 不合格品控制与质量改进】  【6.1 不合格品处置】  本企业建立不合格品控制程序，对检验中发现的不合格品实施隔离、标识、评审与处置：  （1）**
552,7.3.2.1 质量控制措施,4788,捆扎数量,C-目标分标包件/货物清单/规格数量,P0,投标项目负责人,从最终投标包件、货物清单和技术规范书确认后填写,力。  【7 包装运输质量控制】  【7.1 包装要求】  （1）管材端部采用塑料护套保护，防止运输过程中端部损伤。  （2）管材按规格、批次分别捆扎，每捆数量【待补充：捆扎数量】，便于装卸和数量清点。  （3）每捆管材附有合格证和产品标签，标签内容包括：产品名称、规格型号、生产日期、批次号、检验员编号、数量等信息。  （4）采用编织袋或彩条布对管材进行整体包裹防护，防止运输途
553,7.3.2.1 质量控制措施,4800,车速限制,Z-其他人工复核,P2,投标编制负责人,人工核实后填写,度的平板运输车，管材伸出长度不得超过车厢长度的1/3，并设置警示标志。  （2）装车时管材分层码放，层间加垫木条，防止滚动和挤压。  （3）运输过程中车速控制在【待补充：车速限制】km/h以内，避免急刹车造成管材损伤。  （4）随车携带产品合格证、检验报告、发货清单等相关质量文件。  【8 现场交付质量保证】  【8.1 交付检验】  产品运抵项目现场后，本企业安排质检人员协同
554,7.3.2.1 质量控制措施,4824,质保期年数,D-投标承诺期限/日期/响应时限,P0,商务+履约负责人,按招标文件要求和公司承诺口径确认后填写,《到货验收单》，作为交付凭证。  【8.2 质量承诺】  本企业郑重承诺：  （1）提供的产品完全符合招标文件技术规范及相关国家标准要求。  （2）产品质保期为【待补充：质保期年数】年，自到货验收合格之日起计算。  （3）质保期内出现质量问题，本企业接到通知后【待补充：响应时间】小时内响应，【待补充：到场时间】小时内派技术人员到达现场处理。  （4）因产品质量问题造成的一切损失，
555,7.3.2.1 质量控制措施,4826,响应时间,D-投标承诺期限/日期/响应时限,P0,商务+履约负责人,按招标文件要求和公司承诺口径确认后填写,合招标文件技术规范及相关国家标准要求。  （2）产品质保期为【待补充：质保期年数】年，自到货验收合格之日起计算。  （3）质保期内出现质量问题，本企业接到通知后【待补充：响应时间】小时内响应，【待补充：到场时间】小时内派技术人员到达现场处理。  （4）因产品质量问题造成的一切损失，由本企业承担相应责任。  【9 质量记录与资料管理】  本企业按照质量管理体系要求，建立完整的质量
556,7.3.2.1 质量控制措施,4826,到场时间,D-投标承诺期限/日期/响应时限,P0,商务+履约负责人,按招标文件要求和公司承诺口径确认后填写,要求。  （2）产品质保期为【待补充：质保期年数】年，自到货验收合格之日起计算。  （3）质保期内出现质量问题，本企业接到通知后【待补充：响应时间】小时内响应，【待补充：到场时间】小时内派技术人员到达现场处理。  （4）因产品质量问题造成的一切损失，由本企业承担相应责任。  【9 质量记录与资料管理】  本企业按照质量管理体系要求，建立完整的质量记录档案，包括但不限于：  - 
557,7.3.2.1 质量控制措施,4843,保存年限,Z-其他人工复核,P2,投标编制负责人,人工核实后填写,程检验记录 - 成品检验报告与型式试验报告 - 不合格品处理记录 - 设备维护保养记录 - 人员培训考核记录 - 客户满意度调查记录  上述质量记录保存期不少于【待补充：保存年限】年，并在合同约定的资料交付节点，向招标人提供完整的质量证明文件。  ---  **质量控制措施章节结束**  ##### 7.3.2.1.1 编制依据  【1. 编制依据概述】  为确保本项目电缆保护
558,7.3.2.1.2 项目概况,4902,投标货物分项报价表,A-最终报价/价格清单/商务金额,P0,商务报价负责人,依据最终报价表、分项价格表、税率和投标策略填写,MPP/CPVC）的供货要求，结合我公司在华北地区多年的电力物资生产、检验及交付经验，编制本技术投标文件。本次投标涉及的具体分标、包号及物资规格型号、数量等详见【待补充：投标货物分项报价表】。  【1.2 项目建设条件与物资特点】 本次供货物资主要应用于辽宁省内输变电、配网及用户工程的地下电缆保护敷设。项目现场存在以下特点： - **气候条件**：辽宁地区冬季严寒、夏季多雨，对电缆保护管
559,7.3.2.1.3 总体部署,4970,具体型号与数量,C-目标分标包件/货物清单/规格数量,P0,投标项目负责人,从最终投标包件、货物清单和技术规范书确认后填写,进行分析改进，并定期向招标人报告质量状况。  【7.1.4 资源投入与试验检测保障】  我公司将为本项目配备充足的生产与检测资源。公司拥有MPP、CPVC生产线【待补充：具体型号与数量】，具备充足产能。试验检测方面，配备有微机控制电子万能试验机、热变形/维卡软化点温度测定仪、熔体流动速率仪、电子拉力试验机等专业设备【待补充：具体型号、精度及检定周期，需按设备台账人工复核】。所有检测设
560,7.3.2.1.3 总体部署,4970,具体型号、精度及检定周期，需按设备台账人工复核,C-目标分标包件/货物清单/规格数量,P0,投标项目负责人,从最终投标包件、货物清单和技术规范书确认后填写,产线【待补充：具体型号与数量】，具备充足产能。试验检测方面，配备有微机控制电子万能试验机、热变形/维卡软化点温度测定仪、熔体流动速率仪、电子拉力试验机等专业设备【待补充：具体型号、精度及检定周期，需按设备台账人工复核】。所有检测设备均经检定/校准合格并在有效期内。上述设备及能力确保我们对产品从原材料到成品的全性能指标实施有效监控，检测数据真实可靠。  【7.1.5 协同机制与交付保障】  我们建立内部高效的“生产-
561,7.3.2.2 安全生产措施,5246,联系方式,E-授权签章/联系人/人员姓名,P0,法务/授权经办人,补充最终授权代表、联系人、签字盖章和身份证明信息,-----|------|-------------|----------| | 安全生产第一责任人 | 晁坤琳（法定代表人） | 全面负责本项目安全生产 | 【待补充：联系方式】 | | 安全生产直接负责人 | 杨贺（总经理） | 组织实施安全生产计划 | 【待补充：联系方式】 | | 项目安全生产负责人 | 晁猛（项目经理/厂长） | 落实安全管理措施，组织隐患排查 | 【
562,7.3.2.2 安全生产措施,5247,联系方式,E-授权签章/联系人/人员姓名,P0,法务/授权经办人,补充最终授权代表、联系人、签字盖章和身份证明信息, | 晁坤琳（法定代表人） | 全面负责本项目安全生产 | 【待补充：联系方式】 | | 安全生产直接负责人 | 杨贺（总经理） | 组织实施安全生产计划 | 【待补充：联系方式】 | | 项目安全生产负责人 | 晁猛（项目经理/厂长） | 落实安全管理措施，组织隐患排查 | 【待补充：联系方式】 | | 安全技术负责人 | 赵称心（技术总监） | 安全技术交底与培训 | 【待
563,7.3.2.2 安全生产措施,5248,联系方式,E-授权签章/联系人/人员姓名,P0,法务/授权经办人,补充最终授权代表、联系人、签字盖章和身份证明信息,（总经理） | 组织实施安全生产计划 | 【待补充：联系方式】 | | 项目安全生产负责人 | 晁猛（项目经理/厂长） | 落实安全管理措施，组织隐患排查 | 【待补充：联系方式】 | | 安全技术负责人 | 赵称心（技术总监） | 安全技术交底与培训 | 【待补充：联系方式】 | | 专职安全员 | 【待补充：姓名】 | 日常安全检查与监督 | 【待补充：联系方式】 |  #
564,7.3.2.2 安全生产措施,5249,联系方式,E-授权签章/联系人/人员姓名,P0,法务/授权经办人,补充最终授权代表、联系人、签字盖章和身份证明信息,猛（项目经理/厂长） | 落实安全管理措施，组织隐患排查 | 【待补充：联系方式】 | | 安全技术负责人 | 赵称心（技术总监） | 安全技术交底与培训 | 【待补充：联系方式】 | | 专职安全员 | 【待补充：姓名】 | 日常安全检查与监督 | 【待补充：联系方式】 |  ##### 7.3.2.2.1 编制依据  【1. 编制目的与范围】  本节编制依据的确定，旨在为本
565,7.3.2.2 安全生产措施,5250,姓名,E-授权签章/联系人/人员姓名,P0,法务/授权经办人,补充最终授权代表、联系人、签字盖章和身份证明信息,织隐患排查 | 【待补充：联系方式】 | | 安全技术负责人 | 赵称心（技术总监） | 安全技术交底与培训 | 【待补充：联系方式】 | | 专职安全员 | 【待补充：姓名】 | 日常安全检查与监督 | 【待补充：联系方式】 |  ##### 7.3.2.2.1 编制依据  【1. 编制目的与范围】  本节编制依据的确定，旨在为本项目（国网辽宁电力2025年第三次物资协议
566,7.3.2.2 安全生产措施,5250,联系方式,E-授权签章/联系人/人员姓名,P0,法务/授权经办人,补充最终授权代表、联系人、签字盖章和身份证明信息,安全技术负责人 | 赵称心（技术总监） | 安全技术交底与培训 | 【待补充：联系方式】 | | 专职安全员 | 【待补充：姓名】 | 日常安全检查与监督 | 【待补充：联系方式】 |  ##### 7.3.2.2.1 编制依据  【1. 编制目的与范围】  本节编制依据的确定，旨在为本项目（国网辽宁电力2025年第三次物资协议库存招标采购，招标编号：2225AC）的安全生产管
567,7.3.2.2.1 编制依据,5294,内部文件版本号,Z-其他人工复核,P2,投标编制负责人,人工核实后填写,管采购标准》及《国网辽宁电力物资质量监督实施细则》。  **2.4 企业内部管理体系文件** - 《河北泰昌电力器材科技有限公司安全生产管理制度汇编》（版本号：【待补充：内部文件版本号】）。 - 《安全生产责任制及考核办法》。 - 《危险源辨识与风险评估控制程序》。 - 《生产安全事故应急预案》。 - 《劳动防护用品管理制度》。 - 《设备设施安全管理规程》。 - 《消防安全管理制度
568,7.3.2.2.2 项目概况,5321,本次实际投标的分标、包号、包名称及物资规格型号、数量,C-目标分标包件/货物清单/规格数量,P0,投标项目负责人,从最终投标包件、货物清单和技术规范书确认后填写,司河北泰昌电力器材科技有限公司（统一社会信用代码：91130607056539515C，法定代表人：晁坤琳）参与本次招标采购的电缆保护管物资供货。本次投标范围为【待补充：本次实际投标的分标、包号、包名称及物资规格型号、数量】，交货期及质保期以投标文件承诺为准。  【2 供货范围与关键约束】  本次物资供货涵盖电缆保护管MPP/CPVC产品的生产制造、出厂检验、包装运输、现场交付及售后服务全流程。项目关键约束如下：  - 
569,7.3.2.2.3 总体部署,5367,具体岗位指派人员,F-项目人员最终指派及证明,P1,项目管理/人事,确认本项目实际投入人员，并匹配社保、劳动合同或任命证明,检验、储运全过程安全管理，组织隐患排查与整改 | | 技术总监 | 赵称心 | 负责工艺安全审查、技术交底及新材料/新工艺安全评估 | | 质检安全负责人 | 【待补充：具体岗位指派人员】 | 负责原材料及成品检验环节安全控制，监督试验设备安全操作 |  以上人员均已接受安全生产教育培训，具备相应岗位安全管理能力。  【5.1.3 阶段安全管控要点】  根据本项目物资供货流程，将安全生
570,7.3.2.2.3 总体部署,5397,比例或金额,A-最终报价/价格清单/商务金额,P0,商务报价负责人,依据最终报价表、分项价格表、税率和投标策略填写,查，确保固定绑扎牢固；运输过程中执行限速、防雨、防倾倒措施。  【5.1.4 资源投入与协同机制】  **资源投入：** - 安全保障专项经费：不低于合同总额的【待补充：比例或金额】%，用于安全培训、劳保用品更新、设备安全改造及应急物资储备。 - 专职安全管理人员：不少于2人，持有安全生产管理人员资格证书。 - 安全防护设施：包括但不限于灭火器材、应急照明、通风系统、烟雾报警器等
571,7.3.2.3 环保与文明生产措施,5531,...,C-目标分标包件/货物清单/规格数量,P0,投标项目负责人,从最终投标包件、货物清单和技术规范书确认后填写,电力器材科技有限公司已提供的企业资质、设备台账、生产现场资料及管理体系认证信息编写。对于未明确的投标分标、包号、具体人员岗位指派及最终交货期等信息，已在正文中以【待补充：...】或留白方式处理，待最终投标文件编制时补充完善。  ##### 7.3.2.3.1 编制依据  本节编制依据涵盖本项目招标文件、国家及行业现行法律法规、技术标准、规范规程以及本企业的管理文件体系。我方承
572,7.3.2.3.2 项目概况,5588,本次实际投标的分标、包号、包名称、物资规格型号及数量,C-目标分标包件/货物清单/规格数量,P0,投标项目负责人,从最终投标包件、货物清单和技术规范书确认后填写,保护管MPP/CPVC，供货范围涵盖产品的生产制造、出厂检验、包装、运输、交付及售后服务全过程。具体分标、包号、物资清单、数量及交货期以招标文件及中标通知书为准【待补充：本次实际投标的分标、包号、包名称、物资规格型号及数量】。  项目整体执行周期为协议库存有效期，供货地点分布于辽宁省内各项目单位指定现场。我公司将严格按照招标文件技术规范及国家、行业标准组织生产与交付，确保产品满足《GB/T 2479-2005 电力电缆用
573,7.3.2.3.3 总体部署,5633,质检员姓名,Z-其他人工复核,P2,投标编制负责人,人工核实后填写, | 统筹环保文明生产全面工作，审批专项方案 | | 技术工艺 | 技术总监 赵称心 | 生产工艺环保优化，绿色技术应用 | | 质量检验 | 质检团队（已配备【待补充：质检员姓名】） | 原辅材料、产成品环保指标检测 | | 生产现场 | 生产车间 | 现场定置管理、废弃物分类、设备清洁 | | 环境监测 | 试验检测班组 | 厂界噪声、废气、废水定期监测并记录 |  公司已建
574,7.4 价格清单,5673,分标名称、包号、包名称,C-目标分标包件/货物清单/规格数量,P0,投标项目负责人,从最终投标包件、货物清单和技术规范书确认后填写,价总则】  本章内容系河北泰昌电力器材科技有限公司（以下简称“我公司”）就“国网辽宁电力2025年第三次物资协议库存招标采购”项目（招标编号：2225AC）所投【待补充：分标名称、包号、包名称】的报价文件组成部分。本价格清单依据招标文件第四章“合同条款”、第五章“供货要求”及第六章“投标文件格式”相关规定编制，报价口径完整、分项清晰、税费合规，所有数据均经我公司造价人员与商务人员双重复核。 
575,7.4 价格清单,5687,具体物资名称，如MPP电缆保护管、CPVC电缆保护管,Z-其他人工复核,P2,投标编制负责人,人工核实后填写,值税税率13%）及地方性收费规定； （5）我公司同类产品供货历史成本数据及本次投标拟投入的生产与质检资源配置方案。  【3.2.2 报价范围】  本次报价范围为【待补充：具体物资名称，如MPP电缆保护管、CPVC电缆保护管】的制造、检验、包装、运输、保险、交付验收、售后技术服务及质保期内的全部责任。报价包含上述工作所需的人工费、材料费、设备折旧费、检验试验费、包装费、运输费、保险费、管理费、利润及税金等全部费用。招标文件
576,7.4 价格清单,5691,交货期，按招标文件要求,D-投标承诺期限/日期/响应时限,P0,商务+履约负责人,按招标文件要求和公司承诺口径确认后填写,招标人承担的费用（如暂估价项目、招标人自行采购的附件等）已在报价中单独列示或扣除。  【3.2.3 报价风险边界说明】  （1）本次报价基于招标文件规定的交货期【待补充：交货期，按招标文件要求】及投标有效期【待补充：投标有效期，按招标文件要求】。若交货期调整超出±15天，我公司保留重新核算报价的权利。 （2）原材料价格波动风险：本次报价未考虑合同履行期间主要原材料（聚氯乙烯树脂、聚丙烯树脂等
577,7.4 价格清单,5691,投标有效期，按招标文件要求,D-投标承诺期限/日期/响应时限,P0,商务+履约负责人,按招标文件要求和公司承诺口径确认后填写,的附件等）已在报价中单独列示或扣除。  【3.2.3 报价风险边界说明】  （1）本次报价基于招标文件规定的交货期【待补充：交货期，按招标文件要求】及投标有效期【待补充：投标有效期，按招标文件要求】。若交货期调整超出±15天，我公司保留重新核算报价的权利。 （2）原材料价格波动风险：本次报价未考虑合同履行期间主要原材料（聚氯乙烯树脂、聚丙烯树脂等）价格涨跌超过±5%的情形。若超出该范围，双方可按
578,7.4 价格清单,5701,物资名称,Z-其他人工复核,P2,投标编制负责人,人工核实后填写,----------|------|------|----------------|----------------|------|------| | 1 | 【待补充：物资名称】 | 【待补充：规格型号】 | 【待补充：单位】 | 【待补充：数量】 | 【待补充：造价人员复核】 | 【待补充：造价人员复核】 | 13% | 含包装、运输、保险 | | 2 | ... | ..
579,7.4 价格清单,5701,规格型号,C-目标分标包件/货物清单/规格数量,P0,投标项目负责人,从最终投标包件、货物清单和技术规范书确认后填写,----|------|----------------|----------------|------|------| | 1 | 【待补充：物资名称】 | 【待补充：规格型号】 | 【待补充：单位】 | 【待补充：数量】 | 【待补充：造价人员复核】 | 【待补充：造价人员复核】 | 13% | 含包装、运输、保险 | | 2 | ... | ... | ... | ...
580,7.4 价格清单,5701,单位,A-最终报价/价格清单/商务金额,P0,商务报价负责人,依据最终报价表、分项价格表、税率和投标策略填写,---------------|----------------|------|------| | 1 | 【待补充：物资名称】 | 【待补充：规格型号】 | 【待补充：单位】 | 【待补充：数量】 | 【待补充：造价人员复核】 | 【待补充：造价人员复核】 | 13% | 含包装、运输、保险 | | 2 | ... | ... | ... | ... | ... | ..
581,7.4 价格清单,5701,数量,A-最终报价/价格清单/商务金额,P0,商务报价负责人,依据最终报价表、分项价格表、税率和投标策略填写,----|----------------|------|------| | 1 | 【待补充：物资名称】 | 【待补充：规格型号】 | 【待补充：单位】 | 【待补充：数量】 | 【待补充：造价人员复核】 | 【待补充：造价人员复核】 | 13% | 含包装、运输、保险 | | 2 | ... | ... | ... | ... | ... | ... | ... | .
582,7.4 价格清单,5701,造价人员复核,A-最终报价/价格清单/商务金额,P0,商务报价负责人,依据最终报价表、分项价格表、税率和投标策略填写,----------|------|------| | 1 | 【待补充：物资名称】 | 【待补充：规格型号】 | 【待补充：单位】 | 【待补充：数量】 | 【待补充：造价人员复核】 | 【待补充：造价人员复核】 | 13% | 含包装、运输、保险 | | 2 | ... | ... | ... | ... | ... | ... | ... | ... | | 合计 | — |
583,7.4 价格清单,5701,造价人员复核,A-最终报价/价格清单/商务金额,P0,商务报价负责人,依据最终报价表、分项价格表、税率和投标策略填写,--|------| | 1 | 【待补充：物资名称】 | 【待补充：规格型号】 | 【待补充：单位】 | 【待补充：数量】 | 【待补充：造价人员复核】 | 【待补充：造价人员复核】 | 13% | 含包装、运输、保险 | | 2 | ... | ... | ... | ... | ... | ... | ... | ... | | 合计 | — | — | — | — | — 
584,7.4 价格清单,5703,造价人员复核,A-最终报价/价格清单/商务金额,P0,商务报价负责人,依据最终报价表、分项价格表、税率和投标策略填写, 2 | ... | ... | ... | ... | ... | ... | ... | ... | | 合计 | — | — | — | — | — | 【待补充：造价人员复核】 | — | — |  **说明：** 上表数量及规格以招标文件物资需求一览表为准。单价包含制造、检验、包装、运输、保险及售后等全部费用。合价为单价与数量乘积。最终报价汇总以投标函中填报的总价为准。 
585,7.4 价格清单,5711,备品备件名称,Z-其他人工复核,P2,投标编制负责人,人工核实后填写,------|----------|------|------|----------------|----------------|------| | 1 | 【待补充：备品备件名称】 | 【待补充：规格】 | 【待补充：单位】 | 【待补充：数量】 | 【待补充：造价人员复核】 | 【待补充：造价人员复核】 | 随货交付 | | 2 | ... | ... | ... | ...
586,7.4 价格清单,5711,规格,A-最终报价/价格清单/商务金额,P0,商务报价负责人,依据最终报价表、分项价格表、税率和投标策略填写,--|------|------|----------------|----------------|------| | 1 | 【待补充：备品备件名称】 | 【待补充：规格】 | 【待补充：单位】 | 【待补充：数量】 | 【待补充：造价人员复核】 | 【待补充：造价人员复核】 | 随货交付 | | 2 | ... | ... | ... | ... | ... | ..
587,7.4 价格清单,5711,单位,A-最终报价/价格清单/商务金额,P0,商务报价负责人,依据最终报价表、分项价格表、税率和投标策略填写,-----|----------------|----------------|------| | 1 | 【待补充：备品备件名称】 | 【待补充：规格】 | 【待补充：单位】 | 【待补充：数量】 | 【待补充：造价人员复核】 | 【待补充：造价人员复核】 | 随货交付 | | 2 | ... | ... | ... | ... | ... | ... | ... |  
588,7.4 价格清单,5711,数量,A-最终报价/价格清单/商务金额,P0,商务报价负责人,依据最终报价表、分项价格表、税率和投标策略填写,-----------|----------------|------| | 1 | 【待补充：备品备件名称】 | 【待补充：规格】 | 【待补充：单位】 | 【待补充：数量】 | 【待补充：造价人员复核】 | 【待补充：造价人员复核】 | 随货交付 | | 2 | ... | ... | ... | ... | ... | ... | ... |  【3.3.3 运输及保
589,7.4 价格清单,5711,造价人员复核,A-最终报价/价格清单/商务金额,P0,商务报价负责人,依据最终报价表、分项价格表、税率和投标策略填写,|----------------|------| | 1 | 【待补充：备品备件名称】 | 【待补充：规格】 | 【待补充：单位】 | 【待补充：数量】 | 【待补充：造价人员复核】 | 【待补充：造价人员复核】 | 随货交付 | | 2 | ... | ... | ... | ... | ... | ... | ... |  【3.3.3 运输及保险费报价表】  | 运输起点 
590,7.4 价格清单,5711,造价人员复核,A-最终报价/价格清单/商务金额,P0,商务报价负责人,依据最终报价表、分项价格表、税率和投标策略填写,--|------| | 1 | 【待补充：备品备件名称】 | 【待补充：规格】 | 【待补充：单位】 | 【待补充：数量】 | 【待补充：造价人员复核】 | 【待补充：造价人员复核】 | 随货交付 | | 2 | ... | ... | ... | ... | ... | ... | ... |  【3.3.3 运输及保险费报价表】  | 运输起点 | 运输终点 | 运输方式 |
591,7.4 价格清单,5718,距离,A-最终报价/价格清单/商务金额,P0,商务报价负责人,依据最终报价表、分项价格表、税率和投标策略填写,--------------|----------|--------------| | 河北省保定市满城区陉阳驿村 | 辽宁省内指定交货地点 | 汽车运输 | 【待补充：距离】 | 【待补充：造价人员复核】 | 【待补充：造价人员复核】 | 0.1% | 【待补充：造价人员复核】 |  【3.4 税费口径说明】  （1）本次所有报价均采用含税价格，增值税税率13%（货物类）
592,7.4 价格清单,5718,造价人员复核,A-最终报价/价格清单/商务金额,P0,商务报价负责人,依据最终报价表、分项价格表、税率和投标策略填写,---|----------|--------------| | 河北省保定市满城区陉阳驿村 | 辽宁省内指定交货地点 | 汽车运输 | 【待补充：距离】 | 【待补充：造价人员复核】 | 【待补充：造价人员复核】 | 0.1% | 【待补充：造价人员复核】 |  【3.4 税费口径说明】  （1）本次所有报价均采用含税价格，增值税税率13%（货物类）。 （2）我公司为增值税一般纳
593,7.4 价格清单,5718,造价人员复核,A-最终报价/价格清单/商务金额,P0,商务报价负责人,依据最终报价表、分项价格表、税率和投标策略填写,--------------| | 河北省保定市满城区陉阳驿村 | 辽宁省内指定交货地点 | 汽车运输 | 【待补充：距离】 | 【待补充：造价人员复核】 | 【待补充：造价人员复核】 | 0.1% | 【待补充：造价人员复核】 |  【3.4 税费口径说明】  （1）本次所有报价均采用含税价格，增值税税率13%（货物类）。 （2）我公司为增值税一般纳税人，可开具增值税专用发票，税
594,7.4 价格清单,5718,造价人员复核,A-最终报价/价格清单/商务金额,P0,商务报价负责人,依据最终报价表、分项价格表、税率和投标策略填写,定市满城区陉阳驿村 | 辽宁省内指定交货地点 | 汽车运输 | 【待补充：距离】 | 【待补充：造价人员复核】 | 【待补充：造价人员复核】 | 0.1% | 【待补充：造价人员复核】 |  【3.4 税费口径说明】  （1）本次所有报价均采用含税价格，增值税税率13%（货物类）。 （2）我公司为增值税一般纳税人，可开具增值税专用发票，税率为13%。 （3）报价中不含招标文件规定由
595,7.4 价格清单,5733,比例，人工复核,Z-其他人工复核,P2,投标编制负责人,人工核实后填写, | 费用项目 | 占含税单价比例（%） | 说明 | |----------|---------------------|------| | 直接材料费 | 【待补充：比例，人工复核】 | 按当前原材料采购价及消耗定额计算 | | 直接人工费 | 【待补充：比例】 | 按生产工时定额及当地工资水平 | | 制造费用 | 【待补充：比例】 | 设备折旧、水电、检验等 | | 管理费用
596,7.4 价格清单,5734,比例,A-最终报价/价格清单/商务金额,P0,商务报价负责人,依据最终报价表、分项价格表、税率和投标策略填写,----------------|------| | 直接材料费 | 【待补充：比例，人工复核】 | 按当前原材料采购价及消耗定额计算 | | 直接人工费 | 【待补充：比例】 | 按生产工时定额及当地工资水平 | | 制造费用 | 【待补充：比例】 | 设备折旧、水电、检验等 | | 管理费用 | 【待补充：比例】 | 含质量成本、售后准备金 | | 利润 | 【待补充：
597,7.4 价格清单,5735,比例,A-最终报价/价格清单/商务金额,P0,商务报价负责人,依据最终报价表、分项价格表、税率和投标策略填写,补充：比例，人工复核】 | 按当前原材料采购价及消耗定额计算 | | 直接人工费 | 【待补充：比例】 | 按生产工时定额及当地工资水平 | | 制造费用 | 【待补充：比例】 | 设备折旧、水电、检验等 | | 管理费用 | 【待补充：比例】 | 含质量成本、售后准备金 | | 利润 | 【待补充：比例】 | 按公司经营目标设定 | | 税金 | 约10.6% | 增值税
598,7.4 价格清单,5736,比例,A-最终报价/价格清单/商务金额,P0,商务报价负责人,依据最终报价表、分项价格表、税率和投标策略填写, 直接人工费 | 【待补充：比例】 | 按生产工时定额及当地工资水平 | | 制造费用 | 【待补充：比例】 | 设备折旧、水电、检验等 | | 管理费用 | 【待补充：比例】 | 含质量成本、售后准备金 | | 利润 | 【待补充：比例】 | 按公司经营目标设定 | | 税金 | 约10.6% | 增值税13%折合占含税价比例 | | **合计** | **100%** 
599,7.4 价格清单,5737,比例,A-最终报价/价格清单/商务金额,P0,商务报价负责人,依据最终报价表、分项价格表、税率和投标策略填写,水平 | | 制造费用 | 【待补充：比例】 | 设备折旧、水电、检验等 | | 管理费用 | 【待补充：比例】 | 含质量成本、售后准备金 | | 利润 | 【待补充：比例】 | 按公司经营目标设定 | | 税金 | 约10.6% | 增值税13%折合占含税价比例 | | **合计** | **100%** | — |  【3.5.2 报价合理性说明】  （1）我公司长期
600,7.5 页码索引及附件清单,5760,实际页码,H-最终排版页码/附件索引,P1,排版/标书装订负责人,DOCX/PDF定稿后按目录和附件顺序回填，不需要客户新增资料, | 序号 | 文件内容 | 页码范围 | 备注 | |------|----------|----------|------| | 1 | 报价文件封面 | 【待补充：实际页码】 | 含投标人名称、项目名称、招标编号 | | 2 | 法定代表人身份证明及授权委托书 | 【待补充：实际页码】 | 法定代表人晁坤琳签署 | | 3 | 投标函及投标函附录 | 【待补充：实际页码】
601,7.5 页码索引及附件清单,5761,实际页码,H-最终排版页码/附件索引,P1,排版/标书装订负责人,DOCX/PDF定稿后按目录和附件顺序回填，不需要客户新增资料,|------| | 1 | 报价文件封面 | 【待补充：实际页码】 | 含投标人名称、项目名称、招标编号 | | 2 | 法定代表人身份证明及授权委托书 | 【待补充：实际页码】 | 法定代表人晁坤琳签署 | | 3 | 投标函及投标函附录 | 【待补充：实际页码】 | 含投标报价总价、投标有效期等承诺 | | 4 | 投标报价汇总表 | 【待补充：实际页码】 | 按分标、包
602,7.5 页码索引及附件清单,5762,实际页码,H-最终排版页码/附件索引,P1,排版/标书装订负责人,DOCX/PDF定稿后按目录和附件顺序回填，不需要客户新增资料,项目名称、招标编号 | | 2 | 法定代表人身份证明及授权委托书 | 【待补充：实际页码】 | 法定代表人晁坤琳签署 | | 3 | 投标函及投标函附录 | 【待补充：实际页码】 | 含投标报价总价、投标有效期等承诺 | | 4 | 投标报价汇总表 | 【待补充：实际页码】 | 按分标、包号汇总 | | 5 | 分项报价明细表 | 【待补充：实际页码】 | 各物资规格型号、数
603,7.5 页码索引及附件清单,5763,实际页码,H-最终排版页码/附件索引,P1,排版/标书装订负责人,DOCX/PDF定稿后按目录和附件顺序回填，不需要客户新增资料, 法定代表人晁坤琳签署 | | 3 | 投标函及投标函附录 | 【待补充：实际页码】 | 含投标报价总价、投标有效期等承诺 | | 4 | 投标报价汇总表 | 【待补充：实际页码】 | 按分标、包号汇总 | | 5 | 分项报价明细表 | 【待补充：实际页码】 | 各物资规格型号、数量、单价、合价 | | 6 | 报价说明及编制依据 | 【待补充：实际页码】 | 详见本章第二节
604,7.5 页码索引及附件清单,5764,实际页码,H-最终排版页码/附件索引,P1,排版/标书装订负责人,DOCX/PDF定稿后按目录和附件顺序回填，不需要客户新增资料,码】 | 含投标报价总价、投标有效期等承诺 | | 4 | 投标报价汇总表 | 【待补充：实际页码】 | 按分标、包号汇总 | | 5 | 分项报价明细表 | 【待补充：实际页码】 | 各物资规格型号、数量、单价、合价 | | 6 | 报价说明及编制依据 | 【待补充：实际页码】 | 详见本章第二节 | | 7 | 单价分析表 | 【待补充：实际页码】 | 原材料、人工、制造费
605,7.5 页码索引及附件清单,5765,实际页码,H-最终排版页码/附件索引,P1,排版/标书装订负责人,DOCX/PDF定稿后按目录和附件顺序回填，不需要客户新增资料, | 按分标、包号汇总 | | 5 | 分项报价明细表 | 【待补充：实际页码】 | 各物资规格型号、数量、单价、合价 | | 6 | 报价说明及编制依据 | 【待补充：实际页码】 | 详见本章第二节 | | 7 | 单价分析表 | 【待补充：实际页码】 | 原材料、人工、制造费用、管理费、利润等 | | 8 | 商务偏差表（报价部分） | 【待补充：实际页码】 | 如无偏差则
606,7.5 页码索引及附件清单,5766,实际页码,H-最终排版页码/附件索引,P1,排版/标书装订负责人,DOCX/PDF定稿后按目录和附件顺序回填，不需要客户新增资料,页码】 | 各物资规格型号、数量、单价、合价 | | 6 | 报价说明及编制依据 | 【待补充：实际页码】 | 详见本章第二节 | | 7 | 单价分析表 | 【待补充：实际页码】 | 原材料、人工、制造费用、管理费、利润等 | | 8 | 商务偏差表（报价部分） | 【待补充：实际页码】 | 如无偏差则注明“无偏离” | | 9 | 投标保证金提交证明 | 【待补充：实际页码
607,7.5 页码索引及附件清单,5767,实际页码,H-最终排版页码/附件索引,P1,排版/标书装订负责人,DOCX/PDF定稿后按目录和附件顺序回填，不需要客户新增资料, 详见本章第二节 | | 7 | 单价分析表 | 【待补充：实际页码】 | 原材料、人工、制造费用、管理费、利润等 | | 8 | 商务偏差表（报价部分） | 【待补充：实际页码】 | 如无偏差则注明“无偏离” | | 9 | 投标保证金提交证明 | 【待补充：实际页码】 | 【待补充：投标保证金信息】 | | 10 | 履约保证金承诺函 | 【待补充：实际页码】 | 按招标文
608,7.5 页码索引及附件清单,5768,实际页码,H-最终排版页码/附件索引,P1,排版/标书装订负责人,DOCX/PDF定稿后按目录和附件顺序回填，不需要客户新增资料,造费用、管理费、利润等 | | 8 | 商务偏差表（报价部分） | 【待补充：实际页码】 | 如无偏差则注明“无偏离” | | 9 | 投标保证金提交证明 | 【待补充：实际页码】 | 【待补充：投标保证金信息】 | | 10 | 履约保证金承诺函 | 【待补充：实际页码】 | 按招标文件要求格式 | | 11 | 供货范围及交货进度表 | 【待补充：实际页码】 | 含备货周期
609,7.5 页码索引及附件清单,5768,投标保证金信息,B-保证金/银行账户资料,P0,财务/商务负责人,补充基本账户开户信息、保证金金额、形式、缴纳凭证或保函信息, | 8 | 商务偏差表（报价部分） | 【待补充：实际页码】 | 如无偏差则注明“无偏离” | | 9 | 投标保证金提交证明 | 【待补充：实际页码】 | 【待补充：投标保证金信息】 | | 10 | 履约保证金承诺函 | 【待补充：实际页码】 | 按招标文件要求格式 | | 11 | 供货范围及交货进度表 | 【待补充：实际页码】 | 含备货周期、交货批次、交货地点 | | 1
610,7.5 页码索引及附件清单,5769,实际页码,H-最终排版页码/附件索引,P1,排版/标书装订负责人,DOCX/PDF定稿后按目录和附件顺序回填，不需要客户新增资料,如无偏差则注明“无偏离” | | 9 | 投标保证金提交证明 | 【待补充：实际页码】 | 【待补充：投标保证金信息】 | | 10 | 履约保证金承诺函 | 【待补充：实际页码】 | 按招标文件要求格式 | | 11 | 供货范围及交货进度表 | 【待补充：实际页码】 | 含备货周期、交货批次、交货地点 | | 12 | 企业资质证明文件索引 | 【待补充：实际页码】 | 详
611,7.5 页码索引及附件清单,5770,实际页码,H-最终排版页码/附件索引,P1,排版/标书装订负责人,DOCX/PDF定稿后按目录和附件顺序回填，不需要客户新增资料, 【待补充：投标保证金信息】 | | 10 | 履约保证金承诺函 | 【待补充：实际页码】 | 按招标文件要求格式 | | 11 | 供货范围及交货进度表 | 【待补充：实际页码】 | 含备货周期、交货批次、交货地点 | | 12 | 企业资质证明文件索引 | 【待补充：实际页码】 | 详见商务文件对应章节 |  【二、附件清单】  以下为本报价文件所附全部附件的编号、名称及用
612,7.5 页码索引及附件清单,5771,实际页码,H-最终排版页码/附件索引,P1,排版/标书装订负责人,DOCX/PDF定稿后按目录和附件顺序回填，不需要客户新增资料,文件要求格式 | | 11 | 供货范围及交货进度表 | 【待补充：实际页码】 | 含备货周期、交货批次、交货地点 | | 12 | 企业资质证明文件索引 | 【待补充：实际页码】 | 详见商务文件对应章节 |  【二、附件清单】  以下为本报价文件所附全部附件的编号、名称及用途说明：  | 附件编号 | 附件名称 | 版本/日期 | 页码 | 用途说明 | |--------
613,7.5 页码索引及附件清单,5779,造价人员复核,A-最终报价/价格清单/商务金额,P0,商务报价负责人,依据最终报价表、分项价格表、税率和投标策略填写, 用途说明 | |----------|----------|-----------|------|----------| | 附件1 | 投标报价汇总表 | 【待补充：造价人员复核】 | 【待补充：实际页码】 | 按招标文件格式汇总各分项报价 | | 附件2 | 电缆保护管CPVC分项报价明细表 | 【待补充：造价人员复核】 | 【待补充：实际页码】 | 含型号DS 250×15
614,7.5 页码索引及附件清单,5779,实际页码,H-最终排版页码/附件索引,P1,排版/标书装订负责人,DOCX/PDF定稿后按目录和附件顺序回填，不需要客户新增资料,----|----------|-----------|------|----------| | 附件1 | 投标报价汇总表 | 【待补充：造价人员复核】 | 【待补充：实际页码】 | 按招标文件格式汇总各分项报价 | | 附件2 | 电缆保护管CPVC分项报价明细表 | 【待补充：造价人员复核】 | 【待补充：实际页码】 | 含型号DS 250×15×6000 SN16 PV
615,7.5 页码索引及附件清单,5780,造价人员复核,A-最终报价/价格清单/商务金额,P0,商务报价负责人,依据最终报价表、分项价格表、税率和投标策略填写,报价汇总表 | 【待补充：造价人员复核】 | 【待补充：实际页码】 | 按招标文件格式汇总各分项报价 | | 附件2 | 电缆保护管CPVC分项报价明细表 | 【待补充：造价人员复核】 | 【待补充：实际页码】 | 含型号DS 250×15×6000 SN16 PVC-C等规格 | | 附件3 | 电缆保护管MPP分项报价明细表 | 【待补充：造价人员复核】 | 【待补充：实际页码
616,7.5 页码索引及附件清单,5780,实际页码,H-最终排版页码/附件索引,P1,排版/标书装订负责人,DOCX/PDF定稿后按目录和附件顺序回填，不需要客户新增资料,人员复核】 | 【待补充：实际页码】 | 按招标文件格式汇总各分项报价 | | 附件2 | 电缆保护管CPVC分项报价明细表 | 【待补充：造价人员复核】 | 【待补充：实际页码】 | 含型号DS 250×15×6000 SN16 PVC-C等规格 | | 附件3 | 电缆保护管MPP分项报价明细表 | 【待补充：造价人员复核】 | 【待补充：实际页码】 | 含型号DF 250
617,7.5 页码索引及附件清单,5781,造价人员复核,A-最终报价/价格清单/商务金额,P0,商务报价负责人,依据最终报价表、分项价格表、税率和投标策略填写,员复核】 | 【待补充：实际页码】 | 含型号DS 250×15×6000 SN16 PVC-C等规格 | | 附件3 | 电缆保护管MPP分项报价明细表 | 【待补充：造价人员复核】 | 【待补充：实际页码】 | 含型号DF 250×22×9000 SN40 MPP等规格 | | 附件4 | 原材料采购成本分析表 | 【待补充：造价人员复核】 | 【待补充：实际页码】 | PVC
618,7.5 页码索引及附件清单,5781,实际页码,H-最终排版页码/附件索引,P1,排版/标书装订负责人,DOCX/PDF定稿后按目录和附件顺序回填，不需要客户新增资料,码】 | 含型号DS 250×15×6000 SN16 PVC-C等规格 | | 附件3 | 电缆保护管MPP分项报价明细表 | 【待补充：造价人员复核】 | 【待补充：实际页码】 | 含型号DF 250×22×9000 SN40 MPP等规格 | | 附件4 | 原材料采购成本分析表 | 【待补充：造价人员复核】 | 【待补充：实际页码】 | PVC树脂、MPP专用料、助剂等
619,7.5 页码索引及附件清单,5782,造价人员复核,A-最终报价/价格清单/商务金额,P0,商务报价负责人,依据最终报价表、分项价格表、税率和投标策略填写,待补充：造价人员复核】 | 【待补充：实际页码】 | 含型号DF 250×22×9000 SN40 MPP等规格 | | 附件4 | 原材料采购成本分析表 | 【待补充：造价人员复核】 | 【待补充：实际页码】 | PVC树脂、MPP专用料、助剂等 | | 附件5 | 制造费用分摊表 | 【待补充：造价人员复核】 | 【待补充：实际页码】 | 含生产线折旧、人工、能耗、检测费用 |
620,7.5 页码索引及附件清单,5782,实际页码,H-最终排版页码/附件索引,P1,排版/标书装订负责人,DOCX/PDF定稿后按目录和附件顺序回填，不需要客户新增资料,待补充：实际页码】 | 含型号DF 250×22×9000 SN40 MPP等规格 | | 附件4 | 原材料采购成本分析表 | 【待补充：造价人员复核】 | 【待补充：实际页码】 | PVC树脂、MPP专用料、助剂等 | | 附件5 | 制造费用分摊表 | 【待补充：造价人员复核】 | 【待补充：实际页码】 | 含生产线折旧、人工、能耗、检测费用 | | 附件6 | 综合单价
621,7.5 页码索引及附件清单,5783,造价人员复核,A-最终报价/价格清单/商务金额,P0,商务报价负责人,依据最终报价表、分项价格表、税率和投标策略填写,| 原材料采购成本分析表 | 【待补充：造价人员复核】 | 【待补充：实际页码】 | PVC树脂、MPP专用料、助剂等 | | 附件5 | 制造费用分摊表 | 【待补充：造价人员复核】 | 【待补充：实际页码】 | 含生产线折旧、人工、能耗、检测费用 | | 附件6 | 综合单价分析表 | 【待补充：造价人员复核】 | 【待补充：实际页码】 | 按招标文件要求的单价分析模板 | |
622,7.5 页码索引及附件清单,5783,实际页码,H-最终排版页码/附件索引,P1,排版/标书装订负责人,DOCX/PDF定稿后按目录和附件顺序回填，不需要客户新增资料,【待补充：造价人员复核】 | 【待补充：实际页码】 | PVC树脂、MPP专用料、助剂等 | | 附件5 | 制造费用分摊表 | 【待补充：造价人员复核】 | 【待补充：实际页码】 | 含生产线折旧、人工、能耗、检测费用 | | 附件6 | 综合单价分析表 | 【待补充：造价人员复核】 | 【待补充：实际页码】 | 按招标文件要求的单价分析模板 | | 附件7 | 投标报价说明
623,7.5 页码索引及附件清单,5784,造价人员复核,A-最终报价/价格清单/商务金额,P0,商务报价负责人,依据最终报价表、分项价格表、税率和投标策略填写,5 | 制造费用分摊表 | 【待补充：造价人员复核】 | 【待补充：实际页码】 | 含生产线折旧、人工、能耗、检测费用 | | 附件6 | 综合单价分析表 | 【待补充：造价人员复核】 | 【待补充：实际页码】 | 按招标文件要求的单价分析模板 | | 附件7 | 投标报价说明及风险声明 | 见本章第三节 | 【待补充：实际页码】 | 明确报价口径、暂估价、暂列金处理 | | 附件
624,7.5 页码索引及附件清单,5784,实际页码,H-最终排版页码/附件索引,P1,排版/标书装订负责人,DOCX/PDF定稿后按目录和附件顺序回填，不需要客户新增资料,待补充：造价人员复核】 | 【待补充：实际页码】 | 含生产线折旧、人工、能耗、检测费用 | | 附件6 | 综合单价分析表 | 【待补充：造价人员复核】 | 【待补充：实际页码】 | 按招标文件要求的单价分析模板 | | 附件7 | 投标报价说明及风险声明 | 见本章第三节 | 【待补充：实际页码】 | 明确报价口径、暂估价、暂列金处理 | | 附件8 | 报价偏差表 | 【
625,7.5 页码索引及附件清单,5785,实际页码,H-最终排版页码/附件索引,P1,排版/标书装订负责人,DOCX/PDF定稿后按目录和附件顺序回填，不需要客户新增资料,表 | 【待补充：造价人员复核】 | 【待补充：实际页码】 | 按招标文件要求的单价分析模板 | | 附件7 | 投标报价说明及风险声明 | 见本章第三节 | 【待补充：实际页码】 | 明确报价口径、暂估价、暂列金处理 | | 附件8 | 报价偏差表 | 【待补充：造价人员复核】 | 【待补充：实际页码】 | 如有偏差须逐项说明 | | 附件9 | 投标保证金凭证 | 【待补充
626,7.5 页码索引及附件清单,5786,造价人员复核,A-最终报价/价格清单/商务金额,P0,商务报价负责人,依据最终报价表、分项价格表、税率和投标策略填写, | 附件7 | 投标报价说明及风险声明 | 见本章第三节 | 【待补充：实际页码】 | 明确报价口径、暂估价、暂列金处理 | | 附件8 | 报价偏差表 | 【待补充：造价人员复核】 | 【待补充：实际页码】 | 如有偏差须逐项说明 | | 附件9 | 投标保证金凭证 | 【待补充：投标保证金信息】 | 【待补充：实际页码】 | 银行保函/电汇底单复印件 | | 附件10 | 履
627,7.5 页码索引及附件清单,5786,实际页码,H-最终排版页码/附件索引,P1,排版/标书装订负责人,DOCX/PDF定稿后按目录和附件顺序回填，不需要客户新增资料,及风险声明 | 见本章第三节 | 【待补充：实际页码】 | 明确报价口径、暂估价、暂列金处理 | | 附件8 | 报价偏差表 | 【待补充：造价人员复核】 | 【待补充：实际页码】 | 如有偏差须逐项说明 | | 附件9 | 投标保证金凭证 | 【待补充：投标保证金信息】 | 【待补充：实际页码】 | 银行保函/电汇底单复印件 | | 附件10 | 履约保证金承诺函 | 【待补
628,7.5 页码索引及附件清单,5787,投标保证金信息,B-保证金/银行账户资料,P0,财务/商务负责人,补充基本账户开户信息、保证金金额、形式、缴纳凭证或保函信息,金处理 | | 附件8 | 报价偏差表 | 【待补充：造价人员复核】 | 【待补充：实际页码】 | 如有偏差须逐项说明 | | 附件9 | 投标保证金凭证 | 【待补充：投标保证金信息】 | 【待补充：实际页码】 | 银行保函/电汇底单复印件 | | 附件10 | 履约保证金承诺函 | 【待补充：造价人员复核】 | 【待补充：实际页码】 | 承诺按合同金额10%提交 | | 附件11
629,7.5 页码索引及附件清单,5787,实际页码,H-最终排版页码/附件索引,P1,排版/标书装订负责人,DOCX/PDF定稿后按目录和附件顺序回填，不需要客户新增资料,偏差表 | 【待补充：造价人员复核】 | 【待补充：实际页码】 | 如有偏差须逐项说明 | | 附件9 | 投标保证金凭证 | 【待补充：投标保证金信息】 | 【待补充：实际页码】 | 银行保函/电汇底单复印件 | | 附件10 | 履约保证金承诺函 | 【待补充：造价人员复核】 | 【待补充：实际页码】 | 承诺按合同金额10%提交 | | 附件11 | 交货期及供货计划表 
630,7.5 页码索引及附件清单,5788,造价人员复核,A-最终报价/价格清单/商务金额,P0,商务报价负责人,依据最终报价表、分项价格表、税率和投标策略填写,附件9 | 投标保证金凭证 | 【待补充：投标保证金信息】 | 【待补充：实际页码】 | 银行保函/电汇底单复印件 | | 附件10 | 履约保证金承诺函 | 【待补充：造价人员复核】 | 【待补充：实际页码】 | 承诺按合同金额10%提交 | | 附件11 | 交货期及供货计划表 | 【待补充：造价人员复核】 | 【待补充：实际页码】 | 含分批到货时间和数量 | | 附件12 
631,7.5 页码索引及附件清单,5788,实际页码,H-最终排版页码/附件索引,P1,排版/标书装订负责人,DOCX/PDF定稿后按目录和附件顺序回填，不需要客户新增资料, 【待补充：投标保证金信息】 | 【待补充：实际页码】 | 银行保函/电汇底单复印件 | | 附件10 | 履约保证金承诺函 | 【待补充：造价人员复核】 | 【待补充：实际页码】 | 承诺按合同金额10%提交 | | 附件11 | 交货期及供货计划表 | 【待补充：造价人员复核】 | 【待补充：实际页码】 | 含分批到货时间和数量 | | 附件12 | 售后服务承诺（报价相关
632,7.5 页码索引及附件清单,5789,造价人员复核,A-最终报价/价格清单/商务金额,P0,商务报价负责人,依据最终报价表、分项价格表、税率和投标策略填写,10 | 履约保证金承诺函 | 【待补充：造价人员复核】 | 【待补充：实际页码】 | 承诺按合同金额10%提交 | | 附件11 | 交货期及供货计划表 | 【待补充：造价人员复核】 | 【待补充：实际页码】 | 含分批到货时间和数量 | | 附件12 | 售后服务承诺（报价相关） | 【待补充：造价人员复核】 | 【待补充：实际页码】 | 质保期内免费更换、现场服务等 |  【
633,7.5 页码索引及附件清单,5789,实际页码,H-最终排版页码/附件索引,P1,排版/标书装订负责人,DOCX/PDF定稿后按目录和附件顺序回填，不需要客户新增资料, 【待补充：造价人员复核】 | 【待补充：实际页码】 | 承诺按合同金额10%提交 | | 附件11 | 交货期及供货计划表 | 【待补充：造价人员复核】 | 【待补充：实际页码】 | 含分批到货时间和数量 | | 附件12 | 售后服务承诺（报价相关） | 【待补充：造价人员复核】 | 【待补充：实际页码】 | 质保期内免费更换、现场服务等 |  【三、报价口径及编制依据说明
634,7.5 页码索引及附件清单,5790,造价人员复核,A-最终报价/价格清单/商务金额,P0,商务报价负责人,依据最终报价表、分项价格表、税率和投标策略填写, | 交货期及供货计划表 | 【待补充：造价人员复核】 | 【待补充：实际页码】 | 含分批到货时间和数量 | | 附件12 | 售后服务承诺（报价相关） | 【待补充：造价人员复核】 | 【待补充：实际页码】 | 质保期内免费更换、现场服务等 |  【三、报价口径及编制依据说明】  【3.1 报价口径】  1. **计价范围**：本次报价涵盖电缆保护管CPVC及MPP物资的生产制
635,7.5 页码索引及附件清单,5790,实际页码,H-最终排版页码/附件索引,P1,排版/标书装订负责人,DOCX/PDF定稿后按目录和附件顺序回填，不需要客户新增资料,【待补充：造价人员复核】 | 【待补充：实际页码】 | 含分批到货时间和数量 | | 附件12 | 售后服务承诺（报价相关） | 【待补充：造价人员复核】 | 【待补充：实际页码】 | 质保期内免费更换、现场服务等 |  【三、报价口径及编制依据说明】  【3.1 报价口径】  1. **计价范围**：本次报价涵盖电缆保护管CPVC及MPP物资的生产制造、出厂检验、包装、运输至
636,7.5 页码索引及附件清单,5800,请造价人员复核招标文件相关条款,A-最终报价/价格清单/商务金额,P0,商务报价负责人,依据最终报价表、分项价格表、税率和投标策略填写,工、制造费用、管理费用、销售费用、利润及增值税（税率13%）。  3. **暂估价/暂列金**：本次招标文件未列暂估价及暂列金。如招标文件另有规定，以其要求为准【待补充：请造价人员复核招标文件相关条款】。  4. **报价有效期**：投标有效期自开标之日起【待补充：实际天数】日。  【3.2 人工复核提示】  1. **分项报价一致性**：各分项报价明细表金额之和须与投标报价汇总表金额一致；大小写金
637,7.5 页码索引及附件清单,5802,实际天数,D-投标承诺期限/日期/响应时限,P0,商务+履约负责人,按招标文件要求和公司承诺口径确认后填写,本次招标文件未列暂估价及暂列金。如招标文件另有规定，以其要求为准【待补充：请造价人员复核招标文件相关条款】。  4. **报价有效期**：投标有效期自开标之日起【待补充：实际天数】日。  【3.2 人工复核提示】  1. **分项报价一致性**：各分项报价明细表金额之和须与投标报价汇总表金额一致；大小写金额须完全对应。  2. **单价与总价逻辑**：单价×数量=合价，合价累加
638,7.6 其他证明材料,5814,未说明,K-附件资料清单/图片替换确认,P2,资料整理/排版负责人,确认附件是否采用现有入库资产或替换为客户正式原件,他证明材料  本节汇总本项目投标文件所涉及的各类证明、声明及附件，按分册建立索引，便于评审查找。所有附件均来源于企业真实档案，未提供或需人工复核的部分已明确标记【待补充】。  【一、附件清单索引】  | 序号 | 附件名称 | 来源/文件 | 适用分册 | 当前状态 | 备注 | |:---:|:---|:---|:---|:---|:---| | 1 | 营业执照副
639,7.6 其他证明材料,5823,未说明,D-投标承诺期限/日期/响应时限,P0,商务+履约负责人,按招标文件要求和公司承诺口径确认后填写, | 4 | 环境管理体系认证证书 | 企业提供原件扫描件 | 商务/技术分册 | 已提供，编号17424E20980R0M | 有效期需结合监督审核页人工确认【待补充】 | | 5 | 职业健康安全管理体系认证证书 | 企业提供原件扫描件 | 商务/技术分册 | 已提供，编号626023S10219R0 | 有效期至2026年6月18日 | | 6 | 绿色电力认证
640,7.6 其他证明材料,5830,未说明,E-授权签章/联系人/人员姓名,P0,法务/授权经办人,补充最终授权代表、联系人、签字盖章和身份证明信息,M2210273 | 合同签署日期原件为空，已如实提供 | | 11 | 法定代表人身份证明及授权委托书 | 按招标文件格式填写 | 资格分册 | 需签章后提交【待补充】 | 授权代理人、签署日期待定 | | 12 | 投标函及报价表 | 按招标文件格式编制 | 报价分册 | 需最终定稿后提交【待补充】 | 分项单价、总价、税率、数量等未定 | | 13 | 投标保证
641,7.6 其他证明材料,5831,未说明,E-授权签章/联系人/人员姓名,P0,法务/授权经办人,补充最终授权代表、联系人、签字盖章和身份证明信息,资格分册 | 需签章后提交【待补充】 | 授权代理人、签署日期待定 | | 12 | 投标函及报价表 | 按招标文件格式编制 | 报价分册 | 需最终定稿后提交【待补充】 | 分项单价、总价、税率、数量等未定 | | 13 | 投标保证金凭证 | 按招标文件要求办理 | 资格分册 | 未提交【待补充】 | 金额、形式待确认 | | 14 | 履约保证金承诺函 | 按招
642,7.6 其他证明材料,5832,未说明,B-保证金/银行账户资料,P0,财务/商务负责人,补充基本账户开户信息、保证金金额、形式、缴纳凭证或保函信息,价分册 | 需最终定稿后提交【待补充】 | 分项单价、总价、税率、数量等未定 | | 13 | 投标保证金凭证 | 按招标文件要求办理 | 资格分册 | 未提交【待补充】 | 金额、形式待确认 | | 14 | 履约保证金承诺函 | 按招标文件格式 | 商务分册 | 未提交【待补充】 | 随中标后办理 | | 15 | 生产设备清单及检定证书 | 企业设备台账 | 技
643,7.6 其他证明材料,5833,未说明,B-保证金/银行账户资料,P0,财务/商务负责人,补充基本账户开户信息、保证金金额、形式、缴纳凭证或保函信息, 按招标文件要求办理 | 资格分册 | 未提交【待补充】 | 金额、形式待确认 | | 14 | 履约保证金承诺函 | 按招标文件格式 | 商务分册 | 未提交【待补充】 | 随中标后办理 | | 15 | 生产设备清单及检定证书 | 企业设备台账 | 技术分册 | 设备型号、数量、精度、检定周期需人工复核【待补充】 | 已提供部分设备现场照片 |  【二、补充说明】
644,7.6 其他证明材料,5834,未说明,H-最终排版页码/附件索引,P1,排版/标书装订负责人,DOCX/PDF定稿后按目录和附件顺序回填，不需要客户新增资料, | 未提交【待补充】 | 随中标后办理 | | 15 | 生产设备清单及检定证书 | 企业设备台账 | 技术分册 | 设备型号、数量、精度、检定周期需人工复核【待补充】 | 已提供部分设备现场照片 |  【二、补充说明】  1. 以上附件中序号1-10已归档至对应分册，并标注了来源文件及页码。序号11-15需在投标文件最终封装前完成签章、填写和补充。 2. 所有已提
645,7.8 中小企业及政策性文件,5879,依据《中小企业划型标准规定》（工信部联企业〔2011〕300号），“电缆保护管制造”所属行业为“工业”，我公司上一年度从业人员【待补充,F-项目人员最终指派及证明,P1,项目管理/人事,确认本项目实际投入人员，并匹配社保、劳动合同或任命证明,-|------| | 投标人名称 | 河北泰昌电力器材科技有限公司 | | 统一社会信用代码 | 91130607056539515C | | 企业类型 | 【待补充：依据《中小企业划型标准规定》（工信部联企业〔2011〕300号），“电缆保护管制造”所属行业为“工业”，我公司上一年度从业人员【待补充】人，营业收入【待补充】万元，资产总额【待补充】万元。经自查，我公司属于【待补充：中型/小型/微型】企业。】 | | 提供的货物 | 电
646,7.8 中小企业及政策性文件,5879,未说明,F-项目人员最终指派及证明,P1,项目管理/人事,确认本项目实际投入人员，并匹配社保、劳动合同或任命证明, 【待补充：依据《中小企业划型标准规定》（工信部联企业〔2011〕300号），“电缆保护管制造”所属行业为“工业”，我公司上一年度从业人员【待补充】人，营业收入【待补充】万元，资产总额【待补充】万元。经自查，我公司属于【待补充：中型/小型/微型】企业。】 | | 提供的货物 | 电缆保护管（MPP/CPVC），生产厂家为河北泰昌电力器材科技有限公司 | | 是否享受中
647,7.8 中小企业及政策性文件,5879,未说明,A-最终报价/价格清单/商务金额,P0,商务报价负责人,依据最终报价表、分项价格表、税率和投标策略填写,业划型标准规定》（工信部联企业〔2011〕300号），“电缆保护管制造”所属行业为“工业”，我公司上一年度从业人员【待补充】人，营业收入【待补充】万元，资产总额【待补充】万元。经自查，我公司属于【待补充：中型/小型/微型】企业。】 | | 提供的货物 | 电缆保护管（MPP/CPVC），生产厂家为河北泰昌电力器材科技有限公司 | | 是否享受中小企业价格扣除 | 【待
648,7.8 中小企业及政策性文件,5879,中型/小型/微型,Z-其他人工复核,P2,投标编制负责人,人工核实后填写,011〕300号），“电缆保护管制造”所属行业为“工业”，我公司上一年度从业人员【待补充】人，营业收入【待补充】万元，资产总额【待补充】万元。经自查，我公司属于【待补充：中型/小型/微型】企业。】 | | 提供的货物 | 电缆保护管（MPP/CPVC），生产厂家为河北泰昌电力器材科技有限公司 | | 是否享受中小企业价格扣除 | 【待补充：根据招标文件评分办法，本项目是否适用中小企业价
649,7.8 中小企业及政策性文件,5881,根据招标文件评分办法，本项目是否适用中小企业价格扣除政策，需在开标前确认。,A-最终报价/价格清单/商务金额,P0,商务报价负责人,依据最终报价表、分项价格表、税率和投标策略填写,型/小型/微型】企业。】 | | 提供的货物 | 电缆保护管（MPP/CPVC），生产厂家为河北泰昌电力器材科技有限公司 | | 是否享受中小企业价格扣除 | 【待补充：根据招标文件评分办法，本项目是否适用中小企业价格扣除政策，需在开标前确认。】 |  我公司承诺：以上声明信息真实、准确、完整。若本项目为专门面向中小企业采购的标包，我公司将严格按照招标文件要求提供相应证明材料；若非专门面向中小企业，我公司亦保证所投产品均为本企业生产，不
